symbol,close,open,high,low,price_down,close_gt_ema20,close_gt_ema50,close_gt_ema200,breakout20,within_15pct_52w_high,volume_ratio,turnover_cr,turnover_ratio,up_day_volume_above_avg,cmf20,cmf_rising,latest_delivery_pct,latest_delivery_above_avg20,delivery_ratio,delivery_percentile,delivery_zscore,consecutive_high_delivery_days,delivery_slope_positive,delivery_sparkline,absorption_day,failed_breakdown_reclaim,failed_breakout,resistance_touches,stock_return_20d,stock_return_50d,rs_raw_20,rs_raw_50,rs_trend,outperform_benchmark_50d,rs_percentile,ics,rating,stage,delivery_tag,regime,action_rank,action,reason,sector,sector_score
CUPID,288.0,264.0,292.25,262.0,False,True,True,True,True,True,2.0585459260947974,1067.054544,2.2048255733029025,True,0.10420423828917229,True,55.48,True,1.6005308177189261,99.0,2.31,1,True,▂▅▅▆▆▆▂▄▄▄▄▄▆▂▁▁▂▃▃█,False,False,False,0,0.04708234866387917,0.3633136094674556,0.09812520091891186,0.40743946227968453,FLAT,True,94,90.0,STRONG,BREAKOUT,DEL55% ▂▅▅▆▆▆▂▄▄▄▄▄▆▂▁▁▂▃▃█ P99 Z+2.3,NEUTRAL,A,WATCH_FOR_ENTRY,"Delivery P99, CMF positive, RS leader",Consumer Non-Durables,27.5
CENTUM,4920.7,4530.0,4995.0,4460.2,False,True,True,True,True,True,3.9208956223347005,236.25609289000002,4.3884631472838285,True,0.4129798150882865,True,47.48,True,1.343349035917894,63.0,0.38,0,False,▆▄▅▅▁▃▃▅▇▇▅▆▇▃▄▄▃█▆█,False,False,False,9,0.43875910061109313,0.3254410774410774,0.4898019528661258,0.36956693025330634,UP,True,93,82.0,BUILDING,NONE,,NEUTRAL,B,WAIT,"CMF positive, RS leader",Electronic Technology,27.1
GLENMARK,2441.5,2330.4,2441.5,2292.0,False,True,True,True,False,True,2.7521214221703545,308.84120475,2.7698001352832007,True,0.20822845176249677,True,65.75,True,1.247320395348396,96.0,1.93,0,True,▁▅▆▆▂▄▁▆▅▅▃▃█▄▆█▅▆▅█,False,True,False,0,-0.011698510362694314,0.08893448106685709,0.039344341892338375,0.133060333879086,FLAT,True,75,80.0,BUILDING,BUILDING,,NEUTRAL,B,WAIT,"Delivery P96, CMF positive",Health Technology,38.7
NAZARA,388.4,379.0,391.1,372.0,False,True,True,True,True,True,1.8616705236954538,95.30761168,1.953347150370824,True,0.1240735673227535,True,48.37,False,0.9218688952629623,65.0,0.29,0,True,▄▅▃▆▄▃▃▅▄▄▄█▅▅▄█▃▁▅▄,False,False,False,12,0.05643954848361221,0.25573876495311976,0.1074824007386449,0.2998646177653487,FLAT,True,90,78.0,BUILDING,NONE,,NEUTRAL,B,WAIT,"CMF positive, RS leader",Technology Services,23.6
KAPSTON,555.7,549.6,568.95,539.1,False,False,True,True,False,True,4.118396130029869,35.728342510000004,4.173973669958078,True,-0.33193978615896824,True,85.87,True,1.5393578688847858,99.0,1.95,1,True,▂▂▃▄▄▃▄▃▃▃▁▃▅▄▃▄▃▅▄█,False,True,False,7,-0.029005766206534833,0.2295607921230225,0.022037086048497856,0.2736866449352514,FLAT,True,88,78.0,BUILDING,SEED,DEL86% ▂▂▃▄▄▃▄▃▃▃▁▃▅▄▃▄▃▅▄█ P99 Z+1.9,NEUTRAL,B,WAIT,Delivery P99,Commercial Services,27.2
SANSERA,4362.2,4380.0,4550.0,4154.6,True,True,True,True,False,True,3.810838155302572,443.21653258000003,3.884539947111578,False,0.18835537346187406,True,52.76,True,1.095810746256257,73.0,0.34,0,True,▁▆▆▇▆▃▆▇▆▆██▅█▁▅▆▅▆▇,False,False,False,11,0.11765308736869073,0.3240052205056607,0.16869593962372342,0.36813107331788963,FLAT,True,93,76.0,BUILDING,BUILDING,,NEUTRAL,B,WAIT,"CMF positive, RS leader",Producer Manufacturing,29.0
SUNFLAG,464.3,459.4,469.0,435.15,False,True,True,True,True,True,3.7686886711645107,100.21056545,4.290462159323877,True,0.4718104927234644,True,32.93,False,0.6785004172375783,4.0,-1.74,0,False,▆▂▄▇█▇█▆▇▇▃█▆▆▅▇▃▁▁▂,False,False,False,5,0.36699543647872823,0.2895431190112485,0.4180382887337609,0.33366897182347743,UP,True,91,76.0,BUILDING,NONE,,NEUTRAL,B,WAIT,"CMF positive, RS leader",Non-Energy Minerals,34.0
DYNAMATECH,13065.0,13049.0,13149.0,12723.0,True,True,True,True,False,True,1.611295411875554,45.4675065,1.7158749906334954,False,0.15694579882851462,True,48.31,True,1.2173825393425481,92.0,1.35,0,False,▇▇▃▂▆▂▅▅▃▃▆▄▃▆█▇▇▁▂█,False,False,False,12,0.11877033738653875,0.26207496136012365,0.16981318964157144,0.30620081417235256,FLAT,True,90,76.0,BUILDING,SEED,,NEUTRAL,B,WAIT,"Delivery P92, CMF positive, RS leader",Producer Manufacturing,29.0
STYLEBAAZA,405.0,395.15,407.95,385.0,False,True,True,True,True,True,2.0401387142201832,86.990436,2.1347343572487207,True,0.09113160959392126,True,57.71,False,0.971287195368251,81.0,0.77,0,False,▇▅█▃▁▇▄▇▆▆▇▅▃▄▄▃▄▂▆▄,False,True,False,0,0.017204571141529623,0.33223684210526305,0.06824742339656231,0.37636269491749197,FLAT,True,93,74.0,BUILDING,NONE,,NEUTRAL,B,WAIT,"CMF positive, RS leader",Retail Trade,31.2
UNIMECH,1675.0,1622.0,1710.0,1591.6,False,True,True,True,False,True,1.9889137476207968,99.76635,2.0568435644901704,True,0.056243177949889755,True,49.26,True,1.1831818127229274,61.0,0.25,0,False,▅█▆▅▆▅▄▆▇▇▃▂▇▄▁▅▄▄▆▇,False,False,False,7,0.13551623618737718,0.31249020529697535,0.18655908844240987,0.35661605810920427,FLAT,True,92,74.0,BUILDING,NONE,,NEUTRAL,B,WAIT,"CMF positive, RS leader",Producer Manufacturing,29.0
APARINDS,17803.0,17337.0,18062.0,17150.0,False,True,True,True,False,True,1.6025852970870011,355.0879562,1.6063365857187042,True,0.10471901767200038,True,43.1,True,1.1465510361522706,66.0,0.34,0,False,▄▅▅▄▃█▄▄▄▄▂▆▆▁▆▄▁▃▆▆,False,False,False,3,0.023160919540229807,0.28625099342533056,0.0742037717952625,0.3303768462375595,FLAT,True,91,74.0,BUILDING,NONE,,NEUTRAL,B,WAIT,"CMF positive, RS leader",Electronic Technology,27.1
HAPPYFORGE,2074.8,1995.2,2096.5,1961.0,False,False,True,True,False,True,2.7588878607421634,40.11646548,2.6121773233704935,True,-0.18201389513469546,True,67.54,True,1.1178787778476615,94.0,1.58,0,True,▃▄▂▅▄▃▇▅██▃▁▃▆▆▇▅▄▇▇,False,True,False,0,-0.1427863163113534,0.28741623231571123,-0.09174346405632072,0.33154208512794014,FLAT,True,91,74.0,BUILDING,SEED,,NEUTRAL,B,WAIT,"Delivery P94, RS leader",Producer Manufacturing,29.0
INDOBORAX,489.5,487.8,497.5,465.55,False,True,True,True,False,True,1.9139831289462357,50.4758694,1.9423523447923987,True,0.08807048946800944,True,15.47,False,0.3947032709088126,2.0,-2.14,0,True,▄▆▅▆▅▆▆▆▆▆▆▆▇▇████▁▃,False,True,False,4,-0.05144850305202975,0.13810741687979533,-0.0004056507969970591,0.18223326969202425,FLAT,True,81,74.0,BUILDING,BUILDING,,NEUTRAL,B,WAIT,CMF positive,Process Industries,25.8
ICICIAMC,3237.0,3220.0,3265.0,3167.0,False,True,True,True,True,True,1.717578191550291,248.9968377,1.8018329575314938,True,0.11030295233683035,True,76.37,True,1.3141524774794153,97.0,2.03,0,False,▅▅▅▄▃▅▅▄▃▃▄▁▆▄▄▄▅▅▄█,False,False,False,0,0.0560829989233631,0.038365304420350244,0.10712585117839579,0.08249115723257916,UP,True,67,74.0,BUILDING,BREAKOUT,,NEUTRAL,B,WAIT,"Delivery P97, CMF positive",Finance,26.4
RPGLIFE,3089.2,2935.0,3125.0,2926.3,False,True,True,True,True,True,2.877159254418077,29.6810336,3.0813772525992116,True,0.10320430695324524,True,57.35,True,1.2749827705031014,69.0,0.43,0,False,▇▆▃▅▄▇▃▆██▂▅▃▇▃▁▄▆▃█,False,False,False,3,0.19251109824358226,0.030454651589445936,0.24355395049861495,0.07458050440167485,UP,True,66,74.0,BUILDING,NONE,,NEUTRAL,B,WAIT,CMF positive,Health Technology,38.7
KAJARIACER,1190.5,1179.6,1223.7,1167.0,False,False,False,True,False,True,16.640743434916917,351.72786775,16.08947902825752,True,-0.031948822797641795,False,92.0,True,1.6436349343885945,100.0,3.47,1,True,▂▁▂▃▃▄▄▁▄▄▃▅▄▅▄▃▄▄▄█,False,True,False,4,-0.03132628152969896,-0.0315626779467989,0.019716570725333726,0.012563174865430016,UP,True,51,73.0,BUILDING,SEED,DEL92% ▂▁▂▃▃▄▄▁▄▄▃▅▄▅▄▃▄▄▄█ P100 Z+3.5,NEUTRAL,B,WAIT,Delivery P100,Producer Manufacturing,29.0
SIGMAADV,763.65,730.95,763.65,730.95,False,True,True,True,True,True,1.7437673274959988,71.98256538,2.3807896635157135,True,0.08891886335422795,True,58.91,False,0.9522731865023237,34.0,-0.49,0,False,▃▂▂▁▁▅▂▂▂▂▂▄▄█▃▁▃█▄▃,False,False,False,13,0.7909240150093808,2.8941866394696585,0.8419668672644135,2.9383124922818875,FLAT,True,100,72.0,BUILDING,NONE,,NEUTRAL,B,WAIT,"CMF positive, RS leader",Technology Services,23.6
SALSTEEL,97.08,95.3,97.68,92.0,False,True,True,True,True,True,2.1712512617347848,11.729681292,2.54276763331732,True,0.17671361335336477,True,26.98,False,0.7053502568593875,5.0,-1.81,0,False,▆▄▂▆▁▂▂▂▂▂▃▅█▁▁█▆▆▂▂,False,False,False,10,0.17772655586558272,0.7725031951798429,0.22876940812061541,0.8166290479920718,FLAT,True,99,72.0,BUILDING,NONE,,NEUTRAL,B,WAIT,"CMF positive, RS leader",Non-Energy Minerals,34.0
AXISCADES,2067.4,2034.0,2067.4,1970.8,False,True,True,True,True,True,3.80224828494247,164.06224832,4.325755673689152,True,0.2048143704045854,True,35.67,False,0.743915410123256,0.0,-1.84,0,False,▆▃█▇▅▆▅▃▃▃▄▄▄▆▅▅▆▄▇▁,False,False,False,5,0.25738961196934684,0.3123016376793195,0.30843246422437953,0.3564274904915484,FLAT,True,92,72.0,BUILDING,NONE,,NEUTRAL,B,WAIT,"CMF positive, RS leader",Commercial Services,27.2
SBC,54.73,54.31,55.26,53.93,False,True,True,True,True,True,1.374534662590511,77.637695759,1.546134157958357,True,-0.03067735600072675,True,44.24,True,1.0794588065928972,53.0,0.07,0,True,▅▄█▅▅▅▅▇██▄▃▅▆▁▇▅▂▁▆,False,False,False,15,0.3018553758325404,0.3068290353390639,0.3528982280875731,0.35095488815129283,UP,True,92,72.0,BUILDING,NONE,,NEUTRAL,B,WAIT,RS leader,Distribution Services,33.3
3BBLACKBIO,1622.5,1575.1,1635.0,1532.9,False,True,True,True,True,True,1.5023487799158162,5.0411075,1.6515671710462012,True,0.09752338950398749,True,42.01,False,0.7928135350123139,3.0,-1.73,0,False,▃▅▆▃▄▄▄▄▅▅▃▅█▄▆▄▇▄▁▃,False,False,False,4,0.1129021194869333,0.2665886026541764,0.16394497174196598,0.3107144554664053,FLAT,True,90,72.0,BUILDING,NONE,,NEUTRAL,B,WAIT,"CMF positive, RS leader",Process Industries,25.8
DIVISLAB,9575.5,9602.0,9668.5,9530.0,True,True,True,True,False,True,0.7377878048500216,368.8769865,0.756212356089375,False,0.21706478759256614,True,73.21,True,1.152713703138039,98.0,1.85,0,True,▄▅▆▅▅▂▃▁██▆▅▇▃▄▄▄▆▄▇,False,False,False,8,0.05689845474613686,0.3088436303991251,0.10794130700116955,0.352969483211354,FLAT,True,92,70.0,BUILDING,BUILDING,,NEUTRAL,B,WAIT,"Delivery P98, CMF positive, RS leader",Health Technology,38.7
INVPRECQ,960.0,942.8,999.0,889.0,False,True,True,True,True,True,2.31796391669096,2.748,2.5249461237151496,True,0.2792263726426544,False,55.27,False,0.784695108965713,23.0,-0.74,0,True,▁▇██▄▇▅▅▆▆▅█▇▅▇▇▄▂▂▃,False,False,False,4,0.1578122173310017,0.5192277259059979,0.2088550695860344,0.5633535787182268,FLAT,True,97,69.0,WATCH,NONE,,NEUTRAL,C,WAIT,"CMF positive, RS leader",Producer Manufacturing,29.0
MENONBE,291.1,289.5,304.45,275.0,False,False,True,True,False,True,2.0435788327771185,4.705020190000001,1.95647883632717,True,0.2342331997295905,False,63.57,True,1.4958878966503124,85.0,0.85,0,False,▇██▃▂▁▃▄▇▅▄▆▅▄▃▃▆▆▇█,False,True,False,4,0.01425037455140954,0.3885046506081564,0.06529322680644223,0.43263050342038534,FLAT,True,95,69.0,WATCH,SEED,,NEUTRAL,C,WAIT,"CMF positive, RS leader",Producer Manufacturing,29.0
MARKSANS,342.75,333.0,347.4,332.95,False,True,True,True,False,True,2.004256099421994,157.443206475,2.0704413110072366,True,0.01393801423090181,True,24.8,False,0.6415811871838984,4.0,-1.81,0,True,▆▂▄▄▅▃▅▄▆▆▆▆█▅▆▆▄▃▄▁,False,False,False,7,0.06312034739454098,0.31674990395697256,0.11416319964957367,0.3608757567692015,FLAT,True,92,69.0,WATCH,NONE,,NEUTRAL,C,WAIT,"CMF positive, RS leader",Health Technology,38.7
GESHIP,1537.8,1533.4,1582.0,1526.1,False,True,True,True,True,True,2.5251706744820956,348.29524554,2.7174330357195027,True,0.13254444873465085,False,32.89,False,0.6238796627369899,6.0,-1.54,0,True,▅▇▆▅▆▆▆▆▆▆▆█▆▅▆▇▆▇▁▂,False,False,False,6,0.16007845503922757,0.09148981474909501,0.21112130729426026,0.13561566756132393,UP,True,75,69.0,WATCH,NONE,,NEUTRAL,C,WAIT,CMF positive,Transportation,30.4
JNKINDIA,451.75,422.85,464.0,413.7,False,True,True,True,True,False,7.03812672600319,32.225270025,7.544209804002829,True,0.08267513793265985,True,26.5,False,0.5010635783502718,7.0,-1.53,0,True,▅▆▆▄▆▄▆▄██▅▄▅▇▅▅▃▅▅▁,False,True,False,0,0.048752176436448025,-0.05953991880920162,0.09979502869148071,-0.015414065996972703,UP,False,44,69.0,WATCH,NONE,,NEUTRAL,C,WAIT,CMF positive,Producer Manufacturing,29.0
TBZ,665.35,650.0,665.35,636.95,False,True,True,True,True,True,0.22578976043926938,58.648539915,0.3528006242440089,False,0.48026697991830763,True,48.43,True,1.2448751397689153,70.0,0.6,0,True,▃▂▂▂▂▂▁▂▂██▃▄▃▃▃▅▃▃▄,False,False,False,15,1.3732833957553057,1.559333769281071,1.4243262480103382,1.6034596220933,FLAT,True,100,68.0,WATCH,NONE,,NEUTRAL,C,WAIT,"CMF positive, RS leader",Consumer Durables,23.7
UFBL,811.05,809.0,828.9,783.0,False,True,True,True,True,True,0.6606451474355552,8.982297645,0.7336182503286376,False,0.3020118661306201,True,62.37,True,1.0503271220834771,64.0,0.47,0,True,▁▂▃▁▃▄▂▂▃▆▅▃▃▂▂█▃▄▁▃,False,False,False,5,0.09608757348469488,0.6647167487684729,0.14713042573972757,0.7088426015807018,FLAT,True,98,68.0,WATCH,NONE,,NEUTRAL,C,WAIT,"CMF positive, RS leader",Consumer Services,24.4
DELTACORP,78.69,72.45,81.56,71.02,False,True,True,True,True,True,2.2690131468004378,98.325271761,2.5576791236916985,True,0.3295971163839298,True,28.17,False,0.6690734626986202,13.0,-1.24,0,False,▂▇▇▅▅▆▇█▆▆▆▅▆▃▄▃▁▁▃▃,False,False,False,4,0.3706671311618186,0.23999369681689253,0.4217099834168513,0.28411954962912145,UP,True,88,68.0,WATCH,NONE,,NEUTRAL,C,WAIT,CMF positive,Consumer Services,24.4
MUKANDLTD,172.49,170.4,174.2,165.41,False,True,True,True,True,True,2.126659891379634,14.167155668000001,2.3268812831277255,True,0.3793032053466846,True,40.52,False,0.7334932343757072,10.0,-1.28,0,False,▄▅▆▅▆▆█▃▅▅▃▅▇▆▄▁▂▂▂▂,False,False,False,5,0.26802911122546513,0.18241020016451892,0.3190719634804978,0.22653605297674784,UP,True,84,68.0,WATCH,NONE,,NEUTRAL,C,WAIT,CMF positive,Non-Energy Minerals,34.0
DPABHUSHAN,1665.8,1384.0,1665.8,1376.4,False,True,True,True,True,True,44.53747853410793,162.44165306,52.82141578558748,True,0.6558328171845196,True,20.4,False,0.38514910367874033,4.0,-2.11,0,True,▆▇▆▂▃▇██▆▆▆▅▇▆▆▅▇▆▇▁,False,False,False,1,0.17641242937853097,0.13165760869565224,0.22745528163356366,0.17578346150788116,UP,True,80,68.0,WATCH,NONE,,NEUTRAL,C,WAIT,CMF positive,Retail Trade,31.2
PIRAMALFIN,2127.5,2142.0,2174.4,2057.2,True,False,False,True,False,True,4.280702416040138,362.217938,4.101609605134395,False,0.18368080368422882,True,65.46,True,1.1236707263691839,86.0,1.09,0,True,▅▆▅▄▄▆▆▅███▄▇▅▅▆▁▃▃▆,False,True,False,4,-0.04429270922240691,-0.02809502055733215,0.006750143032625777,0.016030832254896765,FLAT,True,53,68.0,WATCH,SEED,,NEUTRAL,C,WAIT,CMF positive,Finance,26.4
WELCORP,2842.0,2712.3,2900.0,2680.5,False,True,True,True,True,True,1.4214565649371433,879.3918182,1.5341932581508289,True,0.21354728893579528,False,38.86,True,1.1361078220701952,20.0,-0.82,0,False,▃▅▃▆▅▇█▁▅▅▃▄█▃▃▁▆▁▅▆,False,False,False,8,0.11293859649122817,0.7447357112161581,0.16398144874626086,0.788861564028387,FLAT,True,99,67.0,WATCH,NONE,,NEUTRAL,C,WAIT,"CMF positive, RS leader",Producer Manufacturing,29.0
JGCHEM,658.65,624.95,667.2,611.05,False,True,True,True,True,True,4.783439475785942,102.66561972,5.2043789221002275,True,0.04534601692112212,True,25.47,False,0.6914149983033594,4.0,-1.96,0,True,▃▆▅██▆▄▅▅▅▅▇▇▅▄▆▃▃▃▁,False,False,False,1,0.05165256266964713,0.33505624809972634,0.10269541492467982,0.37918210091195526,FLAT,True,93,67.0,WATCH,NONE,,NEUTRAL,C,WAIT,"CMF positive, RS leader",Process Industries,25.8
ONEPOINT,71.62,69.73,74.0,68.07,False,True,True,True,True,True,2.342506629072299,53.068586528000004,2.6022117914697374,True,0.0066225753663204595,True,32.02,False,0.7607598094536643,11.0,-1.28,0,False,▁▂▃▃▄▆▄▅▅▅▃▅▆█▃▃▃▄▃▃,False,False,False,8,0.308366824990866,0.33445127631824123,0.3594096772458987,0.37857712913047015,FLAT,True,93,67.0,WATCH,NONE,,NEUTRAL,C,WAIT,"CMF positive, RS leader",Commercial Services,27.2
FERMENTA,543.0,501.0,575.1,496.4,False,True,True,True,True,True,15.576298370200064,182.4646158,17.37277026637469,True,0.23944567635360212,False,13.62,False,0.2684669590499187,2.0,-2.61,0,True,▅▆▆▆▆▇▅▇██▇▆▇▇█▅▃▅▇▁,False,True,False,0,0.09255533199195165,0.2261488088517556,0.14359818424698434,0.2702746616639845,FLAT,True,88,67.0,WATCH,NONE,,NEUTRAL,C,WAIT,CMF positive,Health Technology,38.7
AUROPHARMA,1697.7,1697.0,1713.7,1690.7,False,True,True,True,False,True,1.6349171687129893,196.50385167000002,1.6439850196007713,True,0.10670081160001324,False,64.81,True,1.3270811790361718,96.0,1.92,0,False,▂▂▄▂▄▁▄▅▄▄▄▂▆▄▇▇▃▃▇█,False,False,False,7,0.008554624844056447,0.07469772741659808,0.059597477099089136,0.118823580228827,FLAT,True,73,67.0,WATCH,SEED,,NEUTRAL,C,WAIT,"Delivery P96, CMF positive",Health Technology,38.7
JUBLPHARMA,1048.2,1058.0,1089.65,1036.2,True,True,True,True,False,True,4.015395270851881,111.11727114000001,4.208799947083874,False,0.18006863781969062,False,64.0,True,1.3970291302402233,93.0,1.3,0,False,▆▆▆▅▆▁▅▅▇▇▅▅▇▄▄▅▄▅▄█,False,False,False,10,0.15491405905685318,0.04008731891248263,0.20595691131188587,0.08421317172471154,UP,True,67,67.0,WATCH,SEED,,NEUTRAL,C,WAIT,"Delivery P93, CMF positive",Health Technology,38.7
AETHER,1749.9,1746.9,1773.7,1707.0,False,True,True,True,False,True,2.0251687404142986,91.16594022000001,2.1049185126945678,True,0.16470878454001234,True,46.77,True,1.0535326117562256,52.0,0.02,0,False,▄▇▅▇▆▆▅▅▇▇▂▅▆▅█▇▅▁▃▆,False,False,False,4,0.03931816831977186,0.20707732634338138,0.09036102057480455,0.2512031791556103,FLAT,True,86,66.0,WATCH,NONE,,NEUTRAL,C,WAIT,CMF positive,Process Industries,25.8
KRN,1443.1,1409.0,1455.0,1362.1,False,False,True,True,False,True,1.8138255574506785,55.662098719999996,1.7501565301449042,True,-0.08810697241390116,True,59.17,True,1.1378408522749126,95.0,1.82,0,True,▅▄▂▃█▁▅▆▃▃▆▄▆██▆▇▅▄▇,False,True,False,2,-0.055191829252324354,0.14951409909192281,-0.004148976997291665,0.19363995190415173,FLAT,True,82,66.0,WATCH,SEED,,NEUTRAL,C,WAIT,Delivery P95,Producer Manufacturing,29.0
AUBANK,1005.2,990.0,1005.2,984.5,False,False,False,True,False,True,1.642759079238448,187.9301816,1.5880128800682107,True,0.08840433600368508,True,60.06,True,1.0647048395674525,75.0,0.64,0,True,▃█▂▁▂▅▇▄▁▁▅▃▇▅▂▅▂▅▆▅,False,True,False,0,-0.0685693106004448,0.0018937506229443901,-0.01752645834541211,0.046019603435173306,FLAT,True,61,66.0,WATCH,NONE,,NEUTRAL,C,WAIT,CMF positive,Finance,26.4
APOLLOHOSP,8890.0,8891.0,8934.5,8821.5,False,True,True,True,False,True,1.518669927408945,386.415407,1.5270693133887687,True,-0.0003442500968394252,True,66.29,True,1.0490417939263506,77.0,0.67,0,True,▄▅▅█▄▄▁▅▅▅▅▆█▄▆▅▅▇▆▆,False,False,False,3,0.010227272727272751,0.00022502250225020504,0.06127012498230544,0.04435087531447912,UP,True,60,66.0,WATCH,NONE,,NEUTRAL,C,WAIT,No standout factor,Health Services,24.1
ELPROINTL,172.6,172.54,172.88,169.81,False,False,True,True,False,True,2.022855894242325,0.39946544,2.0126703977909934,True,-0.10679952342469887,True,99.65,True,1.2001035714070656,100.0,1.77,0,True,▂▆▇▁▂▄▅▆▅▅▇▅▄▆▄█▆█▃█,False,True,False,0,-0.006618705035971284,-0.01371428571428579,0.044424147219061405,0.030411567097943126,UP,True,56,66.0,WATCH,SEED,,NEUTRAL,C,WAIT,Delivery P100,Electronic Technology,27.1
ORIENTHOT,139.34,138.03,141.5,136.5,False,False,True,True,False,True,1.6385153014924305,14.613407906,1.6189017952991824,True,0.023148176493979763,True,57.37,True,1.100961446199313,69.0,0.45,0,True,▃▃▂▃▅▃▇▂▆▆▃▃▃▂▁▆▅▇█▅,False,True,False,0,0.004976559682654091,-0.049133342432100324,0.05601941193768678,-0.005007489619871408,UP,False,46,66.0,WATCH,NONE,,NEUTRAL,C,WAIT,CMF positive,Consumer Services,24.4
BLISSGVS,527.1,523.55,532.8,523.55,False,True,True,True,False,True,0.35569503174414324,20.72968338,0.3979034185775732,False,0.20976216365175146,False,53.68,True,1.2372084447312621,93.0,1.41,0,True,▆▄▄▆▅▄▆▇▅▄▅▇▆█▃▃▁▃▆▇,False,False,False,8,0.15541429197720302,0.9266055045871562,0.2064571442322357,0.9707313573993851,FLAT,True,99,65.0,WATCH,SEED,,NEUTRAL,C,WAIT,"Delivery P93, CMF positive, RS leader",Health Technology,38.7
DIACABS,322.85,322.0,329.0,316.5,True,True,True,True,False,True,0.3035503607574197,101.369766685,0.3698383485409561,False,0.181608737827822,False,55.18,True,1.444578250170166,91.0,1.5,0,True,▁▂▃▄▄▃▃▄▅▆▂▂▂▂▃▄▅▇█▇,False,False,False,11,0.4757507884993373,0.6422503687878327,0.52679364075437,0.6863762216000616,FLAT,True,98,65.0,WATCH,SEED,,NEUTRAL,C,WAIT,"Delivery P91, CMF positive, RS leader",Producer Manufacturing,29.0
SATIN,237.69,235.5,244.0,231.56,False,True,True,True,True,True,1.9285821327951724,9.176711751000001,2.0634961453203027,True,0.1379329340834223,True,39.34,False,0.6730941972573209,4.0,-1.53,0,True,▄▃▃▄▅▃▅▆▄▄▄▃█▆▆▆▃▄▅▁,False,False,False,0,0.09443779353531623,-0.08036059738450818,0.14548064579034892,-0.036234744572279265,UP,False,37,65.0,WATCH,NONE,,NEUTRAL,C,WAIT,CMF positive,Finance,26.4
THANGAMAYL,5204.5,5010.0,5262.0,4916.5,False,True,False,True,False,False,2.0990951205271005,92.14827475,2.1307162084324265,True,0.2095797387087522,True,55.89,True,1.074053789167219,92.0,1.55,0,True,▃▄▆▅▆▆▅▁▃▃▄▄█▄▄▃▆▄▃▅,False,False,False,0,-0.02014496846465219,-0.19347590268092363,0.030897883790380498,-0.1493500498686947,UP,False,8,65.0,WATCH,SEED,,NEUTRAL,C,WAIT,"Delivery P92, CMF positive",Consumer Durables,23.7
MOREPENLAB,118.8,120.8,122.69,117.37,True,True,True,True,False,True,0.6909934389383537,151.56639432,0.7082506326186953,False,0.12578211359132835,True,33.0,True,1.1755695278129064,36.0,-0.41,0,True,▃▂▂▅▃▃▂▃▅▅▁▁▃▃▅▅█▄▂▅,False,False,False,9,0.14616497829232977,1.0908130939809926,0.19720783054736246,1.1349389467932216,FLAT,True,100,64.0,WATCH,NONE,,NEUTRAL,C,WAIT,"CMF positive, RS leader",Health Technology,38.7
KABRAEXTRU,829.8,831.1,841.9,820.0,True,True,True,True,False,True,0.8832840110010488,26.3623311,1.0521642766795851,False,0.33304892723367335,True,60.52,True,1.4015098883794173,65.0,0.44,0,True,▇▇▅▅▃▂▃▁▂▂▄▆▄▇▆▆▆▆▇█,False,False,False,10,0.43217121159820504,1.3094906763150567,0.48321406385323773,1.3536165291272857,FLAT,True,100,64.0,WATCH,NONE,,NEUTRAL,C,WAIT,"CMF positive, RS leader",Producer Manufacturing,29.0
SHILPAMED,1055.75,1033.1,1071.1,1018.7,False,True,True,True,False,True,0.8729799968946617,92.421938625,0.9522563116325317,False,0.29906631727725574,True,38.65,True,1.0039221797968778,17.0,-0.78,0,True,▅▆▆▅▆▄██▁▁▄█▄▃▅▄▆▃▆▅,False,False,False,10,0.18663594470046085,0.649609375,0.23767879695549354,0.693735227812229,FLAT,True,98,64.0,WATCH,NONE,,NEUTRAL,C,WAIT,"CMF positive, RS leader",Health Technology,38.7
REDINGTON,405.45,404.75,411.1,401.05,False,True,True,True,False,True,0.4856530278687724,119.90036326499998,0.507726726138898,False,0.13300962286263113,True,47.59,True,1.184626490428895,86.0,0.9,0,True,▆▃▅▆▃▅▅▁▄▄▅▅▄▄▅▅▆▅█▆,False,False,False,17,0.159754004576659,0.5019448045934432,0.2107968568316917,0.5460706574056721,FLAT,True,97,64.0,WATCH,SEED,,NEUTRAL,C,WAIT,"CMF positive, RS leader",Distribution Services,33.3
SUDEEPPHRM,1195.2,1138.8,1195.7,1138.8,False,True,True,True,False,True,1.1827825209186726,37.5460128,1.166545071276031,True,0.009172642022455864,False,72.55,True,1.4313193588162763,97.0,2.07,0,True,▂▁▄▂▃▂▄▃▂▂▃▄▅▄▄▇▆▄▅█,False,False,False,6,-0.011986442919732165,0.37553228219588,0.039056409335300524,0.4196581350081089,FLAT,True,95,64.0,WATCH,SEED,,NEUTRAL,C,WAIT,"Delivery P97, CMF positive, RS leader",Health Technology,38.7
RPTECH,925.35,883.95,935.0,871.55,False,True,True,True,True,True,1.8830299329606184,51.62194524,2.087503336147656,True,0.2419250335686554,True,42.53,False,0.9436327531312056,24.0,-0.57,0,False,▂▆▅█▄▄▄▁▄▄▁▅▆▂▆▆▆▃▂▃,False,False,False,3,0.14367816091954033,0.24416806722689088,0.19472101317457302,0.2882939200391198,FLAT,True,89,64.0,WATCH,NONE,,NEUTRAL,C,WAIT,CMF positive,Distribution Services,33.3
AZAD,2914.2,2779.0,2998.0,2751.1,False,True,True,True,True,True,15.577006696743391,1551.34930788,16.50702263093956,True,0.06078458125241397,True,19.47,False,0.49401824340611233,0.0,-3.01,0,True,▇▆▆▄▅▇▆▆▄▄▆▅▆▇▅█▆▇▇▁,False,False,False,2,0.024575466722919437,0.22517447237871013,0.07561831897795213,0.26930032519093905,FLAT,True,88,64.0,WATCH,NONE,,NEUTRAL,C,WAIT,CMF positive,Producer Manufacturing,29.0
AEQUS,271.1,260.0,273.0,249.03,False,True,True,True,True,True,2.925367280060136,308.30131796000006,3.209237849274632,True,0.06550051915165477,True,34.94,False,0.7612034596196161,39.0,-0.28,0,True,▆▅▃▆▅▄▄▂▅▅▄▄▅▂▄█▄▄▁▂,False,False,False,2,0.11334702258726903,0.12770382695507498,0.16438987484230172,0.1718296797673039,FLAT,True,80,64.0,WATCH,NONE,,NEUTRAL,C,WAIT,CMF positive,Electronic Technology,27.1
SUNTV,553.25,519.6,559.95,510.45,False,True,True,True,True,False,3.6457704509413627,190.5855517,4.145643638075952,True,0.28506449197317957,True,34.6,False,0.7930232291630855,19.0,-0.87,0,False,▆▇▇▅▆▇▆▅▁▁▆▅█▆▂▇▁▃▃▄,False,False,False,4,0.1971221464892352,0.1191463537979165,0.2481649987442679,0.1632722066101454,UP,True,79,64.0,WATCH,NONE,,NEUTRAL,C,WAIT,CMF positive,Consumer Services,24.4
LGEINDIA,1740.0,1724.0,1743.9,1704.1,False,True,True,True,True,True,1.177294944867821,108.124992,1.2224015365206935,True,0.11834647678224605,True,66.26,True,1.1318756405876325,88.0,1.1,0,True,▃▂▁▃▃▅▄█▃▃▂▃▆▄▄▁▂▁▂▄,False,False,False,3,0.024855695606078587,0.10378076630296862,0.07589854786111128,0.14790661911519754,FLAT,True,77,64.0,WATCH,NONE,,NEUTRAL,C,WAIT,CMF positive,Consumer Durables,23.7
ASAHIINDIA,957.95,934.0,980.0,923.0,False,True,True,True,False,True,2.10786518174951,27.47937052,2.098815216057766,True,-0.09811415860323211,True,37.62,False,0.750329091706889,29.0,-0.52,0,True,▇▃▄▅█▇▃▃▃▃▃▄▄█▄▆▁▂█▂,False,True,False,9,0.007096299411269991,0.07171225597135988,0.05813915166630268,0.1158381087835888,FLAT,True,73,64.0,WATCH,NONE,,NEUTRAL,C,WAIT,No standout factor,Consumer Durables,23.7
VENUSREM,1710.6,1629.8,1710.6,1629.8,False,True,True,True,True,True,1.6884497224538235,7.690344420000001,1.7808850059199048,True,-0.10009185148416337,True,66.66,True,1.0209989431604098,81.0,0.78,0,True,████▅█▄▄▂▁▂▃▂▂▃▃▂▄▃▄,False,False,False,0,0.02825198364991577,0.00985890548438495,0.07929483590494846,0.053984758296613866,UP,True,62,64.0,WATCH,NONE,,NEUTRAL,C,WAIT,No standout factor,Health Technology,38.7
LLOYDSENT,79.13,76.3,80.4,75.12,False,True,True,True,False,True,1.8183010952017629,39.423610516,1.9575739893118023,True,0.22411944694144742,True,40.65,False,0.8560688224578545,25.0,-0.61,0,True,▅▄▄▆▅▄▅█▄▄▆▆▃█▄▇▂▁▄▁,False,False,False,0,0.10919540229885039,-0.028960608663639698,0.16023825455388307,0.015165244148589219,UP,True,52,64.0,WATCH,NONE,,NEUTRAL,C,WAIT,CMF positive,Distribution Services,33.3
CANHLIFE,149.62,146.55,152.49,144.55,False,False,False,True,False,True,1.8370777353820538,22.068022356,1.8006225056545473,True,0.28982283032713374,True,53.63,True,1.0797696706128694,63.0,0.18,0,False,▂▄▅▃█▂▅▂▂▂▂▄▆▆▆▃▁▁▆▅,False,True,False,2,-0.02957582046958107,-0.03408650742414465,0.021467031785451618,0.010039345388084264,UP,True,50,64.0,WATCH,NONE,,NEUTRAL,C,WAIT,CMF positive,Finance,26.4
GALAPREC,1157.7,1140.0,1190.9,1119.6,False,True,True,True,False,True,1.6827790613939237,7.006747710000001,1.7967569707078532,True,0.1116707186320386,True,38.59,False,0.7765681283078101,9.0,-1.22,0,True,█▄▄▇▇▆▇▇▇▇▇▃▆▆▇▂▄▁▃▂,False,False,False,0,0.14669175911251986,-0.036213786213786237,0.19773461136755255,0.00791206659844268,UP,True,50,64.0,WATCH,NONE,,NEUTRAL,C,WAIT,CMF positive,Producer Manufacturing,29.0
RAMBHAJO,291.53,266.7,291.53,263.21,False,True,True,True,False,True,1.7361895361547974,48.664578146,1.9008744820668615,True,0.016062530436919003,True,50.53,True,1.3574210879785091,,,0,False,▂▃▅▃▁▃▄▄▄▄▃▂▇▃▅▅▆▂█▇,False,False,False,0,0.22646192679848554,0.33741627672263497,0.2775047790535182,0.3815421295348639,FLAT,True,93,63.0,WATCH,NONE,,NEUTRAL,C,WAIT,"CMF positive, RS leader",Consumer Durables,23.7
RUBICON,1609.0,1593.6,1646.4,1583.2,False,False,False,True,False,True,2.9342101522112527,112.9144712,2.697081371346974,True,-0.09419875912994204,False,66.01,True,1.2535369072713116,98.0,1.87,0,True,▃▂▅▁▂▁▄▅▆▆▃▅▇▅▅▇▄▄▇█,False,True,False,4,-0.11700142684666892,0.0585526315789473,-0.06595857459163623,0.10267848439117622,FLAT,True,70,63.0,WATCH,SEED,,NEUTRAL,C,WAIT,Delivery P98,Health Technology,38.7
SANGAMIND,645.55,633.55,658.9,625.05,False,True,True,True,True,True,3.6855868076552207,10.190458634999999,3.9431387259281374,True,0.42316591431276307,False,35.8,False,0.6285774484671841,6.0,-1.4,0,True,▇█▅▅▆█▄▅▆▆▅▅▇▅▅▆▄▁▃▂,False,False,False,2,0.10040057956191939,0.042976007755068935,0.15144343181695208,0.08710186056729785,UP,True,68,63.0,WATCH,NONE,,NEUTRAL,C,WAIT,CMF positive,Process Industries,25.8
INDSWFTLAB,413.1,409.1,417.25,403.15,False,True,True,True,True,True,0.5678667410807925,18.39761505,0.611487410135399,False,0.10270904231731691,True,37.11,False,0.991093247159053,19.0,-0.87,0,True,▂▄▄█▆▄▅▆▂▂▁▃▆▇▂▅▄▃▃▄,False,False,False,13,0.12209697134320252,0.7386363636363638,0.1731398235982352,0.7827622164485927,FLAT,True,99,62.0,WATCH,NONE,,NEUTRAL,C,WAIT,"CMF positive, RS leader",Health Technology,38.7
KOPRAN,290.9,277.86,292.3,275.77,False,True,True,True,True,True,0.5175051095366049,34.36084619,0.5844488897867869,False,0.15663387170491297,True,44.49,True,1.2356617136508818,38.0,-0.18,0,False,▇▇▆██▆▇▇▇▇▁▃▃▅▅▆▆▆▄▇,False,False,False,12,0.33697950179244396,0.42591049458359875,0.38802235404747665,0.47003634739582767,FLAT,True,96,62.0,WATCH,NONE,,NEUTRAL,C,WAIT,"CMF positive, RS leader",Health Technology,38.7
PRECWIRE,500.15,480.0,513.7,476.55,False,True,True,True,False,True,2.5048179346822135,78.16034106999999,2.620378340815317,True,0.1122203404128673,True,26.38,False,0.8186571911803496,16.0,-0.95,0,False,▅▆▄▄█▃▇█▅▅▅▅▁▄▄▅▅▃▄▃,False,False,False,2,0.005730947114417795,0.3923997772828507,0.056773799369450484,0.4365256300950796,FLAT,True,95,62.0,WATCH,NONE,,NEUTRAL,C,WAIT,"CMF positive, RS leader",Producer Manufacturing,29.0
VENUSPIPES,2195.8,2125.1,2225.0,2101.0,False,True,True,True,False,True,0.46025913804278296,35.847972060000004,0.4904324867368925,False,0.3387224276726297,True,40.06,True,1.0040477712194695,12.0,-1.12,0,False,█▆▆▅▂▂▃▃▃▃▃▁▁▂▄▃▄▄▂▄,False,False,False,7,0.366652144146387,0.29058422475608325,0.4176949964014197,0.33471007756831217,UP,True,91,62.0,WATCH,NONE,,NEUTRAL,C,WAIT,"CMF positive, RS leader",Non-Energy Minerals,34.0
KINGFA,6524.5,6384.0,6594.5,6376.5,False,True,True,True,True,True,1.488070652630165,14.45633465,1.5994526690356141,True,-0.0032865381149554287,True,37.69,False,0.7162199397607533,8.0,-1.52,0,True,▆▅██▇▆▇▁▅▅▅▆█▄▆▇▂▆▅▁,False,False,False,12,0.08200663349917092,0.2921081295177741,0.1330494857542036,0.336233982330003,FLAT,True,91,62.0,WATCH,NONE,,NEUTRAL,C,WAIT,RS leader,Process Industries,25.8
SKYGOLD,820.85,799.65,831.85,795.0,False,True,True,True,False,True,1.8259044483476867,117.62370075,1.8908543792012957,True,-0.021215922794953487,True,62.92,True,1.3190360890118762,98.0,2.23,0,True,▅▅▇▃▂▃▂▄▃▃▂▄▅▄▇▁▅▄▆█,False,False,False,0,0.05473819466752339,0.251677340652638,0.10578104692255608,0.29580319346486694,FLAT,True,89,62.0,WATCH,SEED,,NEUTRAL,C,WAIT,Delivery P98,Consumer Durables,23.7
LLOYDSENGG,102.19,95.97,103.45,95.1,False,True,True,True,True,True,4.350535542443805,408.46056286199996,4.893092256583801,True,0.2862295384967221,True,24.9,False,0.5943217213848412,4.0,-1.64,0,False,▆▅▅▅▆▇█▆▅▅▅▅▆█▄▅▄▂▃▁,False,False,False,2,0.2126498160674024,0.1208730942195897,0.2636926683224351,0.1649989470318186,UP,True,79,62.0,WATCH,NONE,,NEUTRAL,C,WAIT,CMF positive,Industrial Services,35.2
KIRLOSENG,2402.0,2141.2,2444.0,2124.3,False,True,True,True,True,True,12.551160936480708,1272.7467792,13.878253037134,True,0.36506872077267943,True,23.95,False,0.4530236253239261,6.0,-1.84,0,False,▇▇▆▆▆▆▇▅▅▅▆▇█▇▆▇▄▆▆▁,False,False,False,0,0.12332226535097957,0.08115407120673357,0.17436511760601225,0.12527992401896249,UP,True,74,62.0,WATCH,NONE,,NEUTRAL,C,WAIT,CMF positive,Producer Manufacturing,29.0
POWERICA,602.0,564.9,605.0,557.05,False,True,True,True,True,True,4.555231355444612,45.4691804,4.972380964885997,True,0.2910869810509181,True,45.88,False,0.9073649236611028,19.0,-0.79,0,False,▇█▇▄▄▆▅▄▆▆▂▅█▄▁▄▄▄▅▄,False,False,False,2,0.1579149836507021,0.0626654898499559,0.2089578359057348,0.10679134266218482,UP,True,71,62.0,WATCH,NONE,,NEUTRAL,C,WAIT,CMF positive,Producer Manufacturing,29.0
DLF,680.9,671.2,683.6,670.6,False,True,True,True,False,True,0.972110037349674,241.23497156,0.9999683954186426,False,0.0795774533987966,True,59.71,True,1.1380703693820762,91.0,1.35,0,True,▅▃▄▅▅▅█▃▃▃▁▂▇▅█▄▅▄▃▆,False,False,False,5,0.007025068401981915,0.050609473846628505,0.058067920657014604,0.09473532665885742,FLAT,True,69,62.0,WATCH,SEED,,NEUTRAL,C,WAIT,"Delivery P91, CMF positive",Finance,26.4
MANKIND,2550.2,2436.8,2559.0,2436.8,False,True,True,True,True,True,5.026235102306456,497.1041105,5.40619548794628,True,0.3110732859041646,True,35.35,False,0.6154194340230326,1.0,-2.0,0,False,▇▄▅▅▄▆▆▅▇▇█▇▆▁▄▅▅▆▆▃,False,False,False,0,0.08219817525991924,-0.011358790463268154,0.13324102751495193,0.03276706234896076,UP,True,57,62.0,WATCH,NONE,,NEUTRAL,C,WAIT,CMF positive,Health Technology,38.7
KIRLOSBROS,1848.3,1732.3,1936.1,1714.1,False,True,True,True,False,True,16.104769601602957,84.52941288,16.588050852136746,True,-0.05655376616562392,True,40.52,False,0.8040799317365508,42.0,-0.14,0,True,▅▄▆▅▆▄▇▇██▄▇▁▇▇▅▅▃█▄,False,True,False,0,-0.02014525791231514,-0.03281004709576141,0.03089759434271755,0.011315805716467509,UP,True,51,62.0,WATCH,NONE,,NEUTRAL,C,WAIT,No standout factor,Producer Manufacturing,29.0
SPLPETRO,831.85,867.0,881.9,820.05,True,True,True,True,False,True,2.429559292931635,74.95434336,2.467812663238516,False,0.3892578249440084,False,57.36,True,1.4325674325674327,83.0,0.81,0,False,▆▆█▁▃▄▆▃▄▄▆▅▂▄▇▃▆▅▅▇,False,False,False,12,0.15775922059846903,0.14532562302079044,0.20880207285350172,0.18945147583301936,UP,True,81,61.0,WATCH,NONE,,NEUTRAL,C,WAIT,CMF positive,Process Industries,25.8
SONACOMS,815.65,808.0,827.8,797.7,False,True,True,True,False,True,2.1581049507911065,350.618000645,2.197187114691774,True,0.01868663026198894,True,57.58,True,1.1990962005018795,86.0,1.08,0,True,▄▅▇▅▅▄▅▁▅▅▆▆▆▂▃▃▅▆▆█,False,False,False,2,0.007597282273007933,0.11313544865233705,0.05864013452804062,0.15726130146456596,FLAT,True,78,61.0,WATCH,SEED,,NEUTRAL,C,WAIT,CMF positive,Producer Manufacturing,29.0
ASTRAMICRO,1652.6,1585.0,1670.0,1577.6,False,True,False,True,False,True,2.189488930104022,107.57417913999998,2.1659919863174943,True,-0.06533948789879572,True,49.1,True,1.0177853322830728,68.0,0.42,0,True,▃█▄▅▄▁▄▆▆▆▄█▆▇▆▇▆▂▆▆,False,True,False,0,-0.02004269449715379,-0.05408963425104463,0.0310001577578789,-0.009963781438815711,UP,False,45,61.0,WATCH,NONE,,NEUTRAL,C,WAIT,No standout factor,Electronic Technology,27.1
POWERINDIA,30540.0,30250.0,30930.0,29865.0,False,False,False,True,False,False,2.4013796903145104,669.546744,2.327383001570146,True,0.004166004499097006,False,69.88,True,1.6671438114323887,100.0,4.48,1,True,▁▃▂▄▄▁▃▄▁▁▃▁▄▃▃▄▄▃▃█,False,True,False,0,-0.09537914691943128,-0.05856966707768185,-0.04433629466439859,-0.014443814265452937,FLAT,False,44,61.0,WATCH,SEED,DEL70% ▁▃▂▄▄▁▃▄▁▁▃▁▄▃▃▄▄▃▃█ P100 Z+4.5,NEUTRAL,C,WAIT,"Delivery P100, CMF positive",Electronic Technology,27.1
MANAPPURAM,316.45,312.5,317.8,308.55,False,False,False,True,False,True,2.422568473694229,308.65064672,2.35741405859638,True,0.09810416962583175,True,33.62,False,0.7634922617493101,24.0,-0.7,0,True,▄▃█▃▂▁▂▅▂▂▅▃▄▄▅▇▂▂▃▁,False,True,False,0,-0.06097922848664694,-0.1003553660270079,-0.009936376231614252,-0.05622951321477898,UP,False,30,61.0,WATCH,NONE,,NEUTRAL,C,WAIT,CMF positive,Finance,26.4
NINSYS,737.15,715.8,741.45,696.6,False,True,True,True,True,False,1.9076039256363202,0.440594555,1.980568621827881,True,-0.07283102230727181,True,72.95,True,1.073401852519441,78.0,0.8,0,True,▁▄▅▄▄▃▆▆▅▅▂▆▂▅█▅▅▂▄▅,False,True,False,0,0.037727880622228316,-0.17636871508379892,0.088770732877261,-0.13224286227157,UP,False,11,61.0,WATCH,NONE,,NEUTRAL,C,WAIT,No standout factor,Technology Services,23.6
VALIANTORG,404.6,395.0,409.95,380.9,False,True,True,True,False,True,0.7420268446055551,2.38192066,0.7845163286304335,False,0.48103689513363174,True,60.5,True,1.1298379943041226,66.0,0.38,0,True,▁▅▅▅▃▅▅▄▅▆▃▃▆▇▆█▇▆▇▆,False,False,False,8,0.39205229657663865,0.5145049597604345,0.44309514883167134,0.5586308125726634,FLAT,True,97,60.0,WATCH,NONE,,NEUTRAL,C,WAIT,"CMF positive, RS leader",Process Industries,25.8
SAMBHV,162.24,154.0,163.8,152.5,False,True,True,True,True,True,1.317735719076334,140.892801504,1.4268864287070333,True,0.19322690970533601,True,27.57,False,0.7654187315204264,2.0,-2.35,0,False,▅▇▇▅█▇▅▆▆▆▆▆▂▁▄▅▇▄▆▄,False,False,False,8,0.27818482628220287,0.37247271804415893,0.32922767853723556,0.41659857085638785,FLAT,True,95,60.0,WATCH,NONE,,NEUTRAL,C,WAIT,"CMF positive, RS leader",Non-Energy Minerals,34.0
KMEW,3064.8,2965.1,3099.9,2892.7,False,True,True,True,False,True,7.505235914560122,197.52605352,7.911512334167561,True,0.20388994460629883,True,39.94,True,1.03904888264523,71.0,0.65,0,False,▅▆▅▇▇▅▅▆▅▅▅▃▇▁▂▆█▆▄▆,False,False,False,1,0.04386920980926434,0.2500203931805205,0.09491206206429703,0.2941462459927494,FLAT,True,89,60.0,WATCH,NONE,,NEUTRAL,C,WAIT,CMF positive,Producer Manufacturing,29.0
GLAND,2989.7,2896.6,3024.0,2896.6,False,True,True,True,False,True,1.4997697588317842,262.12852483999995,1.527714613656012,True,0.23758609360968375,True,46.27,False,0.8521178637200738,27.0,-0.53,0,True,▄▁▆▃▃▅▆▄▅▅▇▇▇▄▅▄█▄█▄,False,False,False,5,0.03989565217391289,0.20435868514340938,0.09093850442894558,0.2484845379556383,FLAT,True,86,60.0,WATCH,NONE,,NEUTRAL,C,WAIT,CMF positive,Health Technology,38.7
ELECTCAST,76.53,72.94,79.0,71.15,False,True,True,False,False,False,10.019449928327834,200.589851901,9.952846715045077,True,0.1057131283721296,True,17.1,False,0.34080038265306123,0.0,-3.54,0,True,▅▅▆▅▇▇▇▇▆▆▆▇█▆▇▇█▆█▁,False,True,False,1,-0.0870809972563521,0.0493624023035788,-0.03603814500131941,0.09348825511580772,FLAT,True,69,60.0,WATCH,NONE,,NEUTRAL,C,WAIT,CMF positive,Non-Energy Minerals,34.0
EMCURE,1959.1,1922.1,1987.1,1912.0,False,True,True,True,False,True,1.6660371333975963,64.80859527999999,1.6589691209270363,True,-0.028113270346208405,True,58.18,True,1.1735635545783705,78.0,0.65,0,False,▅▅█▃▄▄▄▄▃▃█▅█▁▅▄▄▅▃▆,False,False,False,4,0.06132509886776094,0.01797869576513378,0.11236795112279363,0.062104548577362695,UP,True,64,60.0,WATCH,NONE,,NEUTRAL,C,WAIT,No standout factor,Health Technology,38.7
BBOX,812.8,786.0,828.4,783.0,False,True,True,True,False,False,2.115748533482802,100.47963648,2.202938712735619,True,0.11339665831960255,True,42.67,True,1.1196536342167411,50.0,-0.02,0,False,▇▅▅█▂▄▅▆▁▁▃▃▃▄▃▄▆▂▁▅,False,False,False,0,0.12896728939509683,0.0016019716574244836,0.18001014165012952,0.0457278244696534,UP,True,61,60.0,WATCH,NONE,,NEUTRAL,C,WAIT,CMF positive,Technology Services,23.6
SAREGAMA,493.45,489.85,502.4,473.0,False,False,False,True,False,True,3.8348407660743495,64.996000375,3.8136959165846025,True,-0.05005958939374639,True,59.32,True,1.3650589101620028,88.0,1.16,0,True,▃▅▇▆▄▃▄▃▃▃▃▄▅▅▁▁▄▅▆█,False,True,False,0,-0.0006075949367089217,-0.044072065091050106,0.05043525731832377,5.37877211788107e-05,UP,True,48,60.0,WATCH,SEED,,NEUTRAL,C,WAIT,No standout factor,Consumer Services,24.4
EMIL,191.71,193.0,198.0,189.8,True,True,True,True,False,True,0.7294456937215864,47.992949794,0.7339842924010753,False,0.0881289047293814,False,42.54,True,1.0004586023212334,36.0,-0.21,0,True,▅▆▆▅▅▃▆▃▆▆▂█▁▅▄▄▆▃▃▅,False,False,False,3,0.09112122936824152,0.4371064467766117,0.1421640816232742,0.4812322995888406,FLAT,True,96,59.0,WATCH,NONE,,NEUTRAL,C,WAIT,"CMF positive, RS leader",Retail Trade,31.2
WELSPUNLIV,225.21,226.21,228.5,222.62,True,True,True,True,False,True,0.41084613338358933,41.292298542000005,0.4347515062498799,False,0.10806931965817154,False,40.96,True,1.1408676276025347,59.0,0.21,0,True,▄▆▄▃▃▅▁▄▆▆▄▃▇▅▅▂▄▅█▆,False,False,False,15,0.1350738370041833,0.3563599132739099,0.18611668925921598,0.40048576608613884,FLAT,True,94,59.0,WATCH,NONE,,NEUTRAL,C,WAIT,"CMF positive, RS leader",Consumer Non-Durables,27.5
KANSAINER,181.33,178.06,182.59,173.6,False,False,False,False,False,False,2.254663602546797,12.157922638,2.1530896645548356,True,0.05700434676027697,True,66.79,True,1.17326728325121,87.0,1.06,0,True,▁▂▃█▂▄▂▂▂▂▃▃▃▃▄▂▄▂▂▄,False,True,False,0,-0.06890885750962772,-0.10339200949367089,-0.01786600525459503,-0.05926615668144197,UP,False,29,59.0,WATCH,SEED,,NEUTRAL,C,WAIT,CMF positive,Process Industries,25.8
BIRLACABLE,368.95,353.85,368.95,344.0,False,True,True,True,False,True,0.8462100188420006,15.78692776,0.8397845245218221,False,0.255018665623075,True,40.99,False,0.8225142971806964,28.0,-0.56,0,True,▃▂▃▂▃█▁▁▂▂▂▃▂▄▂▂▃▁▂▂,False,False,False,8,0.13400952820039946,0.9895923209663502,0.18505238045543215,1.033718173778579,FLAT,True,99,58.0,WATCH,NONE,,NEUTRAL,C,WAIT,"CMF positive, RS leader",Producer Manufacturing,29.0
ROSSTECH,1481.7,1409.9,1490.0,1375.8,False,True,True,True,False,True,0.6436541209871423,46.703035830000005,0.7148658572902216,False,0.16093182426519892,True,39.33,True,1.0971935501869108,38.0,-0.13,0,False,▆▆█▆▆▅▅▆▇▇▁▂▂▄▂▄▅▅▅▅,False,False,False,14,0.3040837880654814,0.47037808871688,0.3551266403205141,0.5145039415291089,FLAT,True,97,58.0,WATCH,NONE,,NEUTRAL,C,WAIT,"CMF positive, RS leader",Electronic Technology,27.1
FINCABLES,1435.5,1408.1,1459.8,1396.4,False,True,True,True,False,True,0.620478657060265,110.47421385,0.6532634849375853,False,0.22666219432680149,True,46.52,True,1.4223254960711775,53.0,0.09,0,False,▅▆▂▇▆▄▃▄▁▁▂▂▇▅▆▄▇▅▇█,False,False,False,9,0.1499639509733237,0.42665474060822883,0.2010068032283564,0.47078059342045775,FLAT,True,96,58.0,WATCH,NONE,,NEUTRAL,C,WAIT,"CMF positive, RS leader",Producer Manufacturing,29.0
RGL,164.27,163.69,166.0,160.56,False,True,True,True,False,True,0.3029733023534259,5.723018957,0.317863625341157,False,0.24091266027535796,True,38.48,True,1.0853347247881084,38.0,-0.26,0,False,▂▃▆▃▄▄▄█▃▃▅▅▆▇█▁▅▄█▅,False,False,False,7,0.19940128504672905,0.371889093034909,0.25044413730176174,0.41601494584713794,FLAT,True,95,58.0,WATCH,NONE,,NEUTRAL,C,WAIT,"CMF positive, RS leader",Consumer Durables,23.7
YATHARTH,1108.0,1091.0,1117.5,1085.0,False,True,True,True,False,True,0.3811643300755048,34.2613544,0.38688613688796347,False,0.19788734252751405,True,45.42,True,1.1857614640577476,51.0,-0.03,0,False,█▆██▆▇▇▅██▇▃▁▅▅▇▇▇▆█,False,False,False,9,0.13664341403364788,0.29258049463369096,0.18768626628868057,0.3367063474459199,FLAT,True,91,58.0,WATCH,NONE,,NEUTRAL,C,WAIT,"CMF positive, RS leader",Health Services,24.1
GRAPHITE,801.55,791.2,805.45,778.8,False,True,True,True,False,True,0.25773511457996146,83.65023893,0.2523983587596802,False,0.07658212141147835,True,30.99,True,1.012645819037349,43.0,-0.16,0,False,▂▇▅▄█▆▁▁▃▃▂▄▇▇▆▅▇▃▆▅,False,False,False,4,0.09366898621912956,0.2607943373967754,0.14471183847416225,0.3049201902090043,FLAT,True,90,58.0,WATCH,NONE,,NEUTRAL,C,WAIT,"CMF positive, RS leader",Process Industries,25.8
ALICON,724.85,714.0,740.0,702.05,False,True,True,True,False,False,1.9798498884305904,4.66919376,1.9863822386449475,True,0.22558797627674132,True,68.23,True,1.198110556999368,90.0,1.23,0,False,▅▁█▃▅▄▂▃▅▅▅▁▃▆▆▇▅▅▆▇,False,False,False,0,0.09884029409535366,0.15670629538019631,0.14988314635038635,0.20083214819242523,FLAT,True,83,58.0,WATCH,SEED,,NEUTRAL,C,WAIT,"Delivery P90, CMF positive",Producer Manufacturing,29.0
UNIONBANK,179.97,178.78,180.72,178.34,False,False,True,True,False,True,0.8791667963745011,113.750686392,0.8654961010230146,False,0.1303932810655764,True,59.6,True,1.214059460395384,97.0,1.96,0,True,▃▅▅▅▆▄▄▃▅▅▅▁█▆▄▄▃▅▃▇,False,False,False,4,-0.02455284552845527,0.06636250518457065,0.02649000672657742,0.11048835799679957,FLAT,True,72,58.0,WATCH,SEED,,NEUTRAL,C,WAIT,"Delivery P97, CMF positive",Finance,26.4
SHRIPISTON,4749.2,4647.5,4841.1,4558.6,False,True,True,True,True,True,3.965221235784867,129.486938,4.15546971415137,True,0.09403448100422726,True,52.88,False,0.9986591376933391,67.0,0.43,0,False,▇▆▅▃▄▄▇▅▇▇▄▃█▄▅▇▁▄▄▅,False,False,False,2,0.03283893697533813,0.06120260094295338,0.08388178923037082,0.1053284537551823,FLAT,True,71,58.0,WATCH,NONE,,NEUTRAL,C,WAIT,CMF positive,Producer Manufacturing,29.0
LODHA,1162.8,1153.0,1177.0,1148.9,False,False,True,True,False,True,0.7683504487094163,142.83556128,0.7652925846494034,False,0.18887575814745547,True,78.5,True,1.6597598105548037,100.0,2.74,1,True,▄▅▃▃▃▂▅▅▂▂▃▅▆▂▁▄▃▃▄█,False,False,False,0,-0.08079051383399216,0.00034411562284919484,-0.029747661578959472,0.04446996843507811,FLAT,True,60,58.0,WATCH,SEED,DEL78% ▄▅▃▃▃▂▅▅▂▂▃▅▆▂▁▄▃▃▄█ P100 Z+2.7,NEUTRAL,C,WAIT,"Delivery P100, CMF positive",Finance,26.4
STLTECH,405.15,398.3,414.0,396.1,False,True,True,True,True,True,0.8374995805746792,255.440146935,1.1466837399167924,False,0.45204278519638547,False,47.91,False,0.9142519106548227,73.0,0.58,0,True,▂▃▃▃▄▃▂▂▁▁▁▁▃▃▃█▅▇▂▂,False,False,False,17,0.7522273159761266,1.41736276849642,0.8032701682311593,1.461488621308649,FLAT,True,100,57.0,WATCH,NONE,,NEUTRAL,C,WAIT,"CMF positive, RS leader",Technology Services,23.6
TFCILTD,138.92,139.68,141.43,138.2,True,True,True,True,False,True,1.7218522813815484,256.337378936,1.6951195494323354,False,-0.12359865081542684,False,34.35,False,0.7979742836235234,9.0,-1.26,0,True,▁▃▃▄▄▂▃▄▄▄▂▅▃▇▇▆█▄▄▂,False,True,False,2,-0.015240660664918138,0.6695108760966231,0.03580219159011455,0.713636728908852,FLAT,True,98,57.0,WATCH,DISTRIBUTION,,NEUTRAL,C,WAIT,RS leader,Finance,26.4
FILATEX,112.0,111.48,113.94,109.21,False,True,True,True,True,True,0.7123832459589308,53.268656,0.8427641339219067,False,0.3675242710248181,False,41.77,True,1.025823642815919,31.0,-0.35,0,False,▇▇▆▇▆▅█▆▁▁▄▄▄▃▃▃▆█▆▅,False,False,False,10,0.5188500135611609,0.5708274894810659,0.5698928658161936,0.6149533422932948,FLAT,True,98,57.0,WATCH,NONE,,NEUTRAL,C,WAIT,"CMF positive, RS leader",Process Industries,25.8
LAURUSLABS,2031.0,2009.5,2037.2,1999.7,False,True,True,True,True,True,0.3564816880137513,265.8394179,0.37780912706433656,False,0.3196693134650802,False,61.64,True,1.1647880270977615,88.0,1.23,0,False,▄▄▄▅▃▁▄▁▃▃▄▅█▃▅▆▄▃▃▆,False,False,False,13,0.08830779123352261,0.3013391426923815,0.1393506434885553,0.3454649955046104,FLAT,True,92,57.0,WATCH,NONE,,NEUTRAL,C,WAIT,"CMF positive, RS leader",Health Technology,38.7
SHADOWFAX,281.7,274.05,284.9,270.5,False,True,True,True,False,True,1.3358805126269029,138.83421113999998,1.4097921539227656,True,0.23160334379288505,False,50.64,False,0.9632778839843639,55.0,0.16,0,True,█▇▆▅▅▅▃▆▁▁▅▆█▁▅▆▅▅▇▄,False,False,False,6,0.09398058252427188,0.2561872909698997,0.14502343477930457,0.3003131437821286,FLAT,True,90,57.0,WATCH,NONE,,NEUTRAL,C,WAIT,"CMF positive, RS leader",Technology Services,23.6
RSYSTEMS,298.69,290.0,305.98,285.2,False,True,True,True,True,False,20.873835603044526,2009.932352365,22.771800126230875,True,0.4269828518919658,False,4.85,False,0.09542360209341674,1.0,-3.32,0,False,▇▆▇▇██▆███▆▆▆▆▆▇█▆▁▁,False,True,False,2,0.16794400563071865,0.20308535062633415,0.21898685788575134,0.24721120343856307,FLAT,True,86,57.0,WATCH,NONE,,NEUTRAL,C,WAIT,CMF positive,Technology Services,23.6
ETERNAL,328.5,333.0,333.0,323.65,True,True,True,True,False,True,0.8297324011546784,841.78279395,0.8311320699518633,False,0.0948619569519587,False,68.94,True,1.1731372999463971,96.0,1.79,0,True,▃▄▃▆▃▃█▅▄▄▁▂▄▄▂▇▅▆▅▇,False,False,False,7,0.0012191405059431837,0.14479874542603244,0.05226199276097587,0.18892459823826135,FLAT,True,81,57.0,WATCH,SEED,,NEUTRAL,C,WAIT,"Delivery P96, CMF positive",Transportation,30.4
SMARTWORKS,514.25,509.65,517.25,499.7,False,False,False,True,False,False,2.62715913393687,9.8120957,2.5132587436662464,True,0.031249647814140875,True,49.94,False,0.7934225682170235,21.0,-0.64,0,True,▆▆▅▃▃▃▃▅▅▅▃▄█▅▁▄▅▅▆▂,False,True,False,3,-0.022152500475375536,0.02849999999999997,0.028890351779657153,0.07262585281222889,FLAT,True,65,57.0,WATCH,NONE,,NEUTRAL,C,WAIT,CMF positive,Finance,26.4
ATLANTAELE,1634.2,1605.0,1657.4,1584.2,False,False,False,True,False,False,1.5165322400427141,25.78457102,1.4051712283651627,True,0.03232573219738298,True,61.76,True,1.2345086751419205,92.0,1.3,0,True,▂▂▁▃▄▇▂▄▅▅▁▂▃▆▅▄█▄▅▇,False,True,False,1,-0.10386049572274614,-0.01554216867469882,-0.05281764346771345,0.028583684137530097,FLAT,True,56,57.0,WATCH,SEED,,NEUTRAL,C,WAIT,"Delivery P92, CMF positive",Producer Manufacturing,29.0
PRIVISCL,3605.5,3607.2,3705.0,3568.7,False,True,True,True,True,True,4.94025385253944,150.95038685,5.113799882200292,True,0.162222054878925,False,53.56,False,0.9009175700793097,37.0,-0.26,0,False,▄▆▇██▇▅▃▄▄▃▄▂█▂▁▁▅▅▂,False,False,False,0,0.07758749514330976,-0.018751360766383618,0.12863034739834245,0.0253744920458453,UP,True,55,57.0,WATCH,NONE,,NEUTRAL,C,WAIT,CMF positive,Process Industries,25.8
TATAELXSI,3211.7,3190.0,3211.7,3106.1,False,False,False,False,False,False,2.5597356155458533,167.31736554,2.4473693787701127,True,-0.23833935857912547,True,63.91,True,1.7141631016401357,100.0,2.83,1,True,▂▃▂▄▅▃▅▁▄▄▃▂▆▅▂▄▃▃▃█,False,True,False,0,-0.11717976910390326,-0.07219204991911254,-0.06613691684887057,-0.028066197106883628,FLAT,False,40,57.0,WATCH,SEED,DEL64% ▂▃▂▄▅▃▅▁▄▄▃▂▆▅▂▄▃▃▃█ P100 Z+2.8,NEUTRAL,C,WAIT,Delivery P100,Technology Services,23.6
KPITTECH,519.7,510.25,519.7,495.5,False,False,False,False,False,False,2.364413725887548,169.59889800000002,2.2421413823290415,True,-0.1925689476948978,True,56.51,True,1.5452556740497676,95.0,1.96,1,True,▁▁▄▇▆▃▆▃▁▁▂▁▇▂▂▅▄▄▄█,False,True,False,0,-0.11915254237288131,-0.07928071574098683,-0.06810969011784862,-0.03515486292875791,FLAT,False,38,57.0,WATCH,SEED,DEL57% ▁▁▄▇▆▃▆▃▁▁▂▁▇▂▂▅▄▄▄█ P95 Z+2.0,NEUTRAL,C,WAIT,Delivery P95,Technology Services,23.6
AARTIPHARM,972.8,912.0,985.05,906.2,False,True,True,True,True,True,1.0360288550060233,79.05682944,1.1525322673177145,True,-0.04025488154648846,True,40.68,False,0.9609751488235849,19.0,-0.72,0,True,▄▃▃▆▆▅▅▄▅▅▃▄██▂▁▄▂▆▄,False,False,False,5,0.12436430883032812,0.38506442656795037,0.1754071610853608,0.4291902793801793,FLAT,True,95,56.0,WATCH,NONE,,NEUTRAL,C,WAIT,RS leader,Health Technology,38.7
AEROFLEX,539.6,511.3,543.65,508.1,False,True,True,True,False,True,1.0600407542136865,76.67349072,1.0867619214964008,True,0.07912701279347992,True,42.4,True,1.209148462898534,73.0,0.63,0,False,▂▄▆▄▅▁▇▄▆▆▂▄▅▅▅▅▃▅█▇,False,False,False,2,-0.022552305044832743,0.3052733430091923,0.028490547210199946,0.3493991958214212,FLAT,True,92,56.0,WATCH,NONE,,NEUTRAL,C,WAIT,"CMF positive, RS leader",Producer Manufacturing,29.0
TEGA,2060.6,2013.4,2089.9,1988.6,False,True,True,True,False,True,0.4038310949530169,70.5291865,0.4295503052975479,False,0.3271039940913948,True,34.19,False,0.8482608048429514,6.0,-1.63,0,False,██▇█▆▅▇▂▇▇▆▁▂▁▂▃▄▅▆▄,False,False,False,3,0.31206622094874237,0.26022873218763376,0.36310907320377506,0.3043545849998627,UP,True,90,56.0,WATCH,NONE,,NEUTRAL,C,WAIT,"CMF positive, RS leader",Producer Manufacturing,29.0
TATVA,1806.4,1768.0,1830.0,1727.4,False,True,True,True,True,True,1.3002637245222481,15.91546784,1.3771057316713469,True,0.05147870446428394,True,43.34,False,0.9520985050691447,50.0,0.08,0,False,█▂▅▆▆▄▅▁▇▇▁▁▃▄▂▃▃▃▂▃,False,False,False,3,0.1254828660436138,0.07204747774480724,0.1765257182986465,0.11617333055703616,UP,True,73,56.0,WATCH,NONE,,NEUTRAL,C,WAIT,CMF positive,Process Industries,25.8
DOLLAR,280.25,265.5,282.95,265.5,False,True,True,False,True,False,3.049813504131273,6.117156875,3.1710082242377315,True,0.2283611349540285,True,57.95,True,1.0684194030125924,51.0,0.13,0,False,▅▆▆▅▇▅▅▇▅▅▄▅▄▁▄▅▄▆█▆,False,False,False,0,0.051200300075018745,0.07912976511359271,0.10224315233005143,0.12325561792582163,FLAT,True,73,56.0,WATCH,NONE,,NEUTRAL,C,WAIT,CMF positive,Consumer Non-Durables,27.5
PASHUPATI,92.72,77.27,92.72,75.6,False,True,True,True,True,True,1.6712008352048744,2.037095488,1.925971539775251,True,-0.5653833079962465,True,38.96,False,0.9219665148198545,25.0,-0.8,0,False,██▆▇▃▁▇▃▁▁▆▅▅▆▆▅▄▇▄▅,False,True,False,1,0.11576413959085441,0.070917070917071,0.1668069918458871,0.11504292372929992,UP,True,73,56.0,WATCH,NONE,,NEUTRAL,C,WAIT,No standout factor,Process Industries,25.8
AGARWALEYE,495.25,501.95,501.95,488.25,True,False,False,True,False,True,2.1852319107589206,30.019925425,2.1338838548564167,False,0.05302655163249791,True,42.38,False,0.7447369345938918,30.0,-0.5,0,True,▃▄▂▃▄█▇▇▃▃▄▄▄▅▆▁▃▂▁▁,False,True,False,0,-0.026439944957735384,0.019452449567723296,0.024602907297297305,0.06357830237995221,FLAT,True,64,56.0,WATCH,NONE,,NEUTRAL,C,WAIT,CMF positive,Health Services,24.1
GRWRHITECH,7016.5,6665.5,7048.0,6555.0,False,True,True,True,False,True,1.2750532623953443,49.36177915,1.327520437095372,True,0.13426920938289386,True,50.16,True,1.0509884445748168,76.0,0.58,0,False,▆▅▆█▅▅▆▄▄▄▇▄▆▆▅▁▅▅▆▆,False,True,False,0,-0.026770233719398018,0.013798584019650395,0.02427261853563467,0.05792443683187931,FLAT,True,63,56.0,WATCH,NONE,,NEUTRAL,C,WAIT,CMF positive,Process Industries,25.8
MINDACORP,672.75,670.0,678.25,661.0,True,False,False,True,False,True,3.4954403750587315,34.28347455,3.3887447068220724,False,0.08891607925163052,True,46.54,False,0.9037244164821934,50.0,0.05,0,True,▁█▂▅▆▁▃▃▃▃▆▃▅█▆▆▇▆▇▃,False,True,False,0,-0.05565693430656926,-0.012332085443734875,-0.004614082051536572,0.03179376736849404,FLAT,True,56,56.0,WATCH,NONE,,NEUTRAL,C,WAIT,CMF positive,Producer Manufacturing,29.0
QPOWER,1614.3,1608.0,1638.0,1552.3,False,True,True,True,True,True,1.1663755871941452,61.15533405,1.2707303678719142,True,0.0876538037481529,False,39.88,False,0.7813326541407888,72.0,0.4,0,False,▄▃▅█▃▄▆▄▇▇▄▅▇▄▆█▇▅█▁,False,False,False,8,0.08487903225806459,0.43162468960624345,0.13592188451309728,0.47575054241847237,FLAT,True,96,55.0,WATCH,NONE,,NEUTRAL,C,WAIT,"CMF positive, RS leader",Producer Manufacturing,29.0
TIMEX,728.0,702.65,747.0,683.1,False,True,True,True,True,True,1.3514605930974228,71.7339168,1.4219630855658376,True,0.31735814166444654,False,38.46,False,0.9716415082422789,14.0,-0.8,0,False,▇▆▆▇▆█▆▇▆▆▆█▁▂▆▃▇▇▇▆,False,False,False,7,0.07374631268436582,0.27741709071766985,0.12478916493939851,0.32154294352989876,FLAT,True,91,55.0,WATCH,NONE,,NEUTRAL,C,WAIT,"CMF positive, RS leader",Consumer Durables,23.7
ACUTAAS,3304.1,3290.0,3340.0,3202.1,False,True,True,True,False,True,3.355766125051958,330.23620434000003,3.3521134687352103,True,0.1690069797944194,True,47.54,False,0.9560967761398146,44.0,-0.11,0,False,▄██▇▆▅▆▁▃▃▃▅▅▃▅▃▃▄▄▄,False,False,False,0,0.040890905081435225,-0.1014141963557248,0.09193375733646791,-0.05728834354349588,UP,False,30,55.0,WATCH,NONE,,NEUTRAL,C,WAIT,CMF positive,Health Technology,38.7
GOKEX,678.55,666.0,687.55,666.0,False,False,False,False,False,False,1.9633998676851279,34.345011815,1.8234514350701174,True,-0.20130477042908282,True,76.74,True,1.630597609561753,98.0,3.12,2,False,▂▃▃▄▃▁▁▄▃▃▃▄▃▅▁▁▂▃██,False,True,False,0,-0.13062139654067906,-0.1841409161957438,-0.07957854428564637,-0.14001506338351488,UP,False,9,55.0,WATCH,SEED,DEL77% ▂▃▃▄▃▁▁▄▃▃▃▄▃▅▁▁▂▃██ P98 Z+3.1 2D,NEUTRAL,C,WAIT,"Delivery P98, 2D high delivery",Consumer Non-Durables,27.5
AVANTIFEED,747.5,740.9,754.6,730.1,False,False,False,False,False,False,2.2942168548566104,47.0134145,2.15748622630144,True,-0.09536217865469444,True,49.39,True,1.1770874295451565,95.0,1.57,0,True,▃▇▄▆█▁▇▅▆▆▆▅▆▅▇▅█▃▄▇,False,True,False,0,-0.10344827586206895,-0.2545499875342807,-0.05240542360703626,-0.2104241347220518,UP,False,3,55.0,WATCH,SEED,,NEUTRAL,C,WAIT,Delivery P95,Process Industries,25.8
MTARTECH,7777.0,8122.0,8297.5,7732.0,True,True,True,True,False,True,0.5773861021911433,944.1099129,0.5949148041307928,False,0.0410156816841065,False,21.68,True,1.2187306762606107,19.0,-0.9,0,True,▄▅▆▂▄▆▅▇▃█▅▃▂▂▁▁▂▃█▆,False,False,False,4,-0.014259458774320333,0.8632900474387848,0.036783393480712356,0.9074159002510137,FLAT,True,99,54.0,IGNORE,NONE,,NEUTRAL,C,WAIT,"CMF positive, RS leader",Electronic Technology,27.1
SPECTRUM,2530.2,2440.8,2565.0,2440.8,False,True,True,True,False,True,0.2844750627151808,4.32967824,0.3125229861542668,False,0.2963370852181603,True,52.66,True,1.351157181710884,48.0,0.02,0,False,▆██▇▇▄▃▁▃▇▁▅▄▅▃▅▆▆█▇,False,False,False,11,0.2616305160807777,0.7447248655357881,0.3126733683358104,0.788850718348017,FLAT,True,99,54.0,IGNORE,NONE,,NEUTRAL,C,WAIT,"CMF positive, RS leader",Electronic Technology,27.1
YUKEN,1130.7,1121.7,1141.0,1103.1,False,True,True,True,False,True,0.577843963307628,1.7703369900000003,0.5998526328782701,False,0.2072088935286862,True,53.45,True,1.0037935697115383,13.0,-1.13,0,False,▆▇█▄▇▄▆▁▄▄▃▆▂▄▄▂▄▃▂▄,False,False,False,18,0.16321176894192702,0.5723821443471007,0.2142546211969597,0.6165079971593296,FLAT,True,98,54.0,IGNORE,NONE,,NEUTRAL,C,WAIT,"CMF positive, RS leader",Producer Manufacturing,29.0
ENTERO,1764.9,1780.0,1797.8,1745.8,True,True,True,True,False,True,0.5390854775140679,21.24215991,0.5361674623731514,False,0.027684662682525528,False,64.41,True,1.2376898761541493,88.0,1.08,0,True,▃▁▂▃▆▃▄█▂▂▂▃▃▆▅▅▅▇▆█,False,False,False,4,-0.022216066481994368,0.4494908015768728,0.02882678577303832,0.49361665438910174,FLAT,True,97,54.0,IGNORE,SEED,,NEUTRAL,C,WAIT,"CMF positive, RS leader",Distribution Services,33.3
SBCL,1111.3,1096.8,1129.3,1090.8,False,True,True,True,False,True,0.48358105588574446,17.16447302,0.4856103729740186,False,-0.02489078223092629,True,55.91,True,1.1939182984902517,60.0,0.23,0,True,▅▄▅▂▅▃▁▅▇▇▁▁▆▂▅▆▂▄█▇,False,False,False,5,0.06050195629353938,0.4743615257048093,0.11154480854857207,0.5184873785170382,FLAT,True,97,54.0,IGNORE,NONE,,NEUTRAL,C,WAIT,RS leader,Non-Energy Minerals,34.0
MVGJL,212.6,216.3,219.54,207.0,True,True,True,True,False,True,0.20511722130426469,3.6546152600000004,0.21064093596504485,False,0.06494369630170035,True,38.7,True,1.0286534474509597,12.0,-1.18,0,False,▁▄▃▂▂▁▄▅██▂▄▃▄▅▅▇▄▅▅,False,False,False,10,0.30935517644885135,0.34369864745291356,0.36039802870388404,0.3878245002651425,FLAT,True,94,54.0,IGNORE,NONE,,NEUTRAL,C,WAIT,"CMF positive, RS leader",Retail Trade,31.2
SURAKSHA,355.05,343.5,359.4,340.0,False,True,True,True,False,True,0.9590307436145313,3.140097705,0.9992578278425633,False,0.15246572170926415,True,52.6,False,0.9542382874506781,26.0,-0.67,0,True,▅▃▄▄▆▄▃▃▂▂▄█▆▁▂▂▃▃▁▃,False,False,False,9,0.04181338028169024,0.3603448275862069,0.09285623253672293,0.4044706803984358,FLAT,True,94,54.0,IGNORE,NONE,,NEUTRAL,C,WAIT,"CMF positive, RS leader",Health Services,24.1
BIL,1000.7,998.2,1008.7,990.0,True,True,True,True,False,True,0.3169879889641836,0.76113242,0.3081899464609182,False,0.2774756945298534,True,75.94,True,1.2592131990216804,72.0,0.63,0,False,▁▅▇▇▆▇▁▃▃▃▃▅▄▆▆▇▇▅██,False,False,False,6,0.1301598057484894,0.3518405943937859,0.1812026580035221,0.3959664472060148,FLAT,True,94,54.0,IGNORE,NONE,,NEUTRAL,C,WAIT,"CMF positive, RS leader",Consumer Non-Durables,27.5
SEDEMAC,3494.1,3523.9,3596.0,3450.6,True,True,True,True,False,True,1.6524249050349042,152.22431000999998,1.8017157860177704,False,0.23540424719747272,True,33.27,False,0.7958758940745879,9.0,-1.19,0,False,▆▇▄█▆▅▆█▄▄▃▂▄▇▆▆▃▁▃▃,False,False,True,4,0.14568168404485538,0.3071829405162738,0.19672453629988806,0.35130879332850273,FLAT,True,92,54.0,IGNORE,NONE,,NEUTRAL,C,WAIT,"CMF positive, RS leader",Producer Manufacturing,29.0
MAHSEAMLES,721.85,710.8,726.65,698.0,False,True,True,True,False,True,1.2395007867374106,38.54780059,1.2798935125506075,True,0.18226619210794393,True,51.5,True,1.1936216567005051,36.0,-0.35,0,False,▃▅▄▁▄▄▅▂▃▃▃▃▄▄▅▅▄▂█▆,False,False,False,9,0.11122229064039413,0.24446168433755733,0.16226514289542682,0.28858753714978624,FLAT,True,89,54.0,IGNORE,NONE,,NEUTRAL,C,WAIT,CMF positive,Non-Energy Minerals,34.0
SMSPHARMA,479.4,462.0,482.8,453.65,False,True,True,True,False,True,0.40217941477546165,29.418237180000002,0.43736819244200975,False,0.18191726872994388,True,41.69,True,1.1474890934863686,49.0,-0.02,0,False,█▆█▆▂▆▄▅▁▁▃▅▄▄▄▆▅▅▇▆,False,False,False,7,0.3018329938900204,0.2349304482225656,0.3528758461450531,0.2790563010347945,UP,True,88,54.0,IGNORE,NONE,,NEUTRAL,C,WAIT,CMF positive,Health Technology,38.7
JAYKAY,205.01,208.0,209.99,197.0,False,True,True,True,False,True,0.42996550120892235,11.735489934999999,0.4612007318120691,False,0.3840741801386757,True,41.43,True,1.0974253019707567,24.0,-0.53,0,False,▁▄▇█▆▇▅███▇▇▄▃▄▁▆▆▆▆,False,False,False,3,0.36673333333333336,0.21307692307692294,0.41777618558836604,0.25720277588915186,UP,True,87,54.0,IGNORE,NONE,,NEUTRAL,C,WAIT,CMF positive,Commercial Services,27.2
MEESHO,222.49,216.83,226.41,211.77,False,True,True,True,False,True,1.2078610875786393,690.191212776,1.2122670338950559,True,0.20603922053881707,True,47.1,True,1.0729295989612402,69.0,0.57,0,False,▆▆▄▅▇▆▇▅▇▇▆▇█▆▁▂▃▄▄▆,False,False,False,11,0.08004854368932035,0.198179761968873,0.13109139594435304,0.2423056147811019,FLAT,True,86,54.0,IGNORE,NONE,,NEUTRAL,C,WAIT,CMF positive,Retail Trade,31.2
TCPLPACK,4117.4,3999.9,4202.2,3826.0,False,True,True,True,True,True,1.6006989644536702,5.619839259999999,1.675904781458566,True,-0.009395828985090792,True,41.41,False,0.9307500393337977,13.0,-1.02,0,True,█▃▅▄▂▄▇▅▄▄▄▃▄▂▆▂▅▁▆▃,False,False,False,0,0.06662867208952905,0.2009333527781827,0.11767152434456174,0.2450592055904116,FLAT,True,86,54.0,IGNORE,NONE,,NEUTRAL,C,WAIT,No standout factor,Commercial Services,27.2
WESTLIFE,596.6,579.85,602.0,570.2,False,True,True,True,False,True,1.8776018006957234,17.1072067,1.944848312666459,True,0.35219894197602813,True,41.94,False,0.8358577806122448,34.0,-0.37,0,False,▂▃▂▄▃▄▁▄▄▄▃▂▄▄▃█▄▆▂▃,False,False,False,2,0.07708972738761521,0.16398400156082338,0.1281325796426479,0.2081098543730523,FLAT,True,83,54.0,IGNORE,NONE,,NEUTRAL,C,WAIT,CMF positive,Consumer Services,24.4
RML,1380.9,1334.8,1407.1,1298.5,False,True,True,True,False,True,0.3061602004712473,9.124849110000001,0.3176285872737063,False,0.47787635487063274,True,48.7,True,1.2834534649290412,36.0,-0.26,0,False,▆█▇▁▂▄▅▄▆▆▆▅▅▆▆▆▄▆▅▇,False,False,False,4,0.2360365198711063,0.15151767845230157,0.287079372126139,0.1956435312645305,UP,True,82,54.0,IGNORE,NONE,,NEUTRAL,C,WAIT,CMF positive,Producer Manufacturing,29.0
STAR,1172.6,1143.1,1182.5,1131.0,False,True,True,True,False,True,0.6158596470901864,26.926765579999994,0.6162383862159878,False,0.37946026257911253,True,46.95,True,1.03118822754228,64.0,0.32,0,False,▇█▇▇▁▃▆█▆▆█▆▆▄▆▆▇██▆,False,False,False,9,0.1448935754735401,0.11538095691049177,0.19593642772857278,0.1595068097227207,UP,True,78,54.0,IGNORE,NONE,,NEUTRAL,C,WAIT,CMF positive,Health Technology,38.7
GRANULES,866.75,850.0,876.95,847.0,False,True,True,True,False,True,0.779239981542925,97.982360475,0.76974445996074,False,0.13239195620179597,True,51.88,True,1.0246788003278657,58.0,0.2,0,False,▄▂▂▃▄▁▇▂██▅▃▅▃▁▅▄▃▆▅,False,False,False,4,0.035296225513616664,-0.010220395112481517,0.08633907776864935,0.0339054576997474,UP,True,57,54.0,IGNORE,NONE,,NEUTRAL,C,WAIT,CMF positive,Health Technology,38.7
TATACAP,331.0,326.0,333.3,321.55,False,False,False,False,False,True,2.4360433768584486,102.574583,2.298105561592902,True,0.02217316672297036,True,57.7,True,1.021971501695906,51.0,-0.04,0,True,▄▃▆█▅▆▅▅▅▅▄▅▆▅▅▁▄▅▄▅,False,True,False,0,-0.10029899429192712,-0.062322946175637384,-0.049256142036894435,-0.018197093363408468,FLAT,False,42,54.0,IGNORE,NONE,,NEUTRAL,C,WAIT,CMF positive,Finance,26.4
GILLETTE,6963.5,6930.0,7020.0,6870.0,False,False,False,False,False,False,1.5570532544986617,21.10706485,1.5047050007703855,True,0.06267764869356299,False,67.6,True,1.1187329852462948,89.0,1.23,0,True,▄▃▃▄▄▆▂▃▅▅▄█▆▄▃▄▃▁▅▆,False,True,False,0,-0.06145966709346995,-0.11921325575512265,-0.01041681483843726,-0.07508740294289373,UP,False,24,54.0,IGNORE,SEED,,NEUTRAL,C,WAIT,CMF positive,Consumer Non-Durables,27.5
BODALCHEM,201.93,202.5,207.7,196.0,True,True,True,True,False,True,0.20407015812655388,22.082519589,0.26103414015028753,False,0.297110621001035,False,47.26,True,1.2652771642370453,26.0,-0.52,0,False,▆▂▁▃▃▅▅▆▇▄▄▅▆▆▅▆▆▆█▇,False,False,False,12,0.6984607620489529,2.0674464529849614,0.7495036143039856,2.1115723057971905,FLAT,True,100,53.0,IGNORE,NONE,,NEUTRAL,C,WAIT,"CMF positive, RS leader",Process Industries,25.8
RATNAVEER,331.15,332.3,335.5,323.8,False,True,True,True,False,True,0.7540523424597994,161.33459113499998,0.8045267918742472,False,0.04515271497086902,True,28.86,False,0.8938028430734924,23.0,-0.77,0,True,▄▄▃▃▅▆▄▃██▅▃▂▁▂▃▆▃▆▃,False,False,False,9,0.1366054573536981,0.8750353887095859,0.1876483096087308,0.9191612415218148,FLAT,True,99,53.0,IGNORE,NONE,,NEUTRAL,C,WAIT,"CMF positive, RS leader",Non-Energy Minerals,34.0
GMMPFAUDLR,1477.1,1475.4,1505.7,1455.0,True,True,True,True,False,True,0.8348409639415927,70.69001783,0.9274832871340205,False,0.2478256536845977,False,52.1,True,1.1341496598639456,29.0,-0.47,0,False,▄▅▆▁▃▂▃▆▆▆▄█▃▃▄▆▄▅▅▅,False,False,False,15,0.36288983207233794,0.8385611152601444,0.4139326843273706,0.8826869680723733,FLAT,True,99,53.0,IGNORE,NONE,,NEUTRAL,C,WAIT,"CMF positive, RS leader",Producer Manufacturing,29.0
MODISONLTD,514.8,485.05,514.8,485.05,False,True,True,True,False,True,0.6074904851402899,8.779090319999998,0.6899321870887319,False,0.2956952711471167,False,61.28,True,1.2325515909730882,85.0,0.86,0,False,▃▅▃▂▄▅█▃▁▁▂▄▂▂▃▃▃▄▄▄,False,False,False,11,0.5938080495356035,0.6706149602466331,0.6448509017906362,0.7147408130588621,FLAT,True,98,53.0,IGNORE,SEED,,NEUTRAL,C,WAIT,"CMF positive, RS leader",Industrial Services,35.2
IOLCP,201.48,196.25,202.75,196.24,False,True,True,True,False,True,0.366038045879203,31.229339556,0.36804122347721124,False,0.010122290485940837,True,32.34,True,1.0215911424194084,19.0,-0.85,0,False,▅▇▃▃▃▄▃▄██▁▄▅▆▆▅▃▁▇▅,False,False,False,5,0.057748845023099626,0.3343046357615893,0.10879169727813232,0.3784304885738182,FLAT,True,93,53.0,IGNORE,NONE,,NEUTRAL,C,WAIT,"CMF positive, RS leader",Process Industries,25.8
GCSL,666.25,667.5,671.0,657.7,True,True,True,True,False,True,0.570862409560447,25.186048875,0.6229288544936323,False,0.28931933044289576,False,30.4,False,0.8675551496818011,31.0,-0.55,0,True,▄▄▄▄▅▅▁▂▂▂▃▄▃█▅▄▄▄▅▃,False,False,False,15,0.18360277136258674,0.29671078240560544,0.23464562361761943,0.34083663521783436,FLAT,True,91,53.0,IGNORE,NONE,,NEUTRAL,C,WAIT,"CMF positive, RS leader",Finance,26.4
ROLEXRINGS,190.58,194.0,196.81,189.15,True,True,True,True,False,True,1.2334246659300896,41.268155084,1.2921353203648658,False,0.08062552678089002,False,37.23,False,0.8499805940503641,25.0,-0.48,0,True,█▅▆▆▅█▇▃▅▅▂▄▆▅█▂▆▁▄▃,False,False,False,3,0.06659950749944032,0.2632904679835608,0.11764235975447301,0.30741632079578973,FLAT,True,90,53.0,IGNORE,NONE,,NEUTRAL,C,WAIT,"CMF positive, RS leader",Producer Manufacturing,29.0
SUPRIYA,985.05,986.0,1019.8,971.0,False,True,True,True,False,True,1.5160363157776837,53.999554454999995,1.6224658053897394,True,0.2747960016693836,False,30.58,False,0.7507795045542707,7.0,-1.54,0,False,█▁▆▇▂▅▅▄▅▅▅▆▅▆▃▁▆▄▄▂,False,False,False,1,0.2264832223121458,0.14063223714682715,0.2775260745671785,0.18475808995905607,UP,True,81,53.0,IGNORE,NONE,,NEUTRAL,C,WAIT,CMF positive,Health Technology,38.7
HFCL,226.27,230.0,238.89,225.01,True,False,True,True,False,True,0.889808176634009,385.58682013500004,0.8885470439416827,False,0.07279300009767481,False,47.67,True,1.1737765466297323,92.0,1.47,0,True,▅▃▆▄▄▅▃▃█▂▃▃▅▂▃▄▁▃█▆,False,False,False,9,0.06615464354709522,0.10499584900131853,0.1171974958021279,0.14912170181354745,FLAT,True,77,53.0,IGNORE,SEED,,NEUTRAL,C,WAIT,"Delivery P92, CMF positive",Producer Manufacturing,29.0
INDOCO,269.15,249.8,284.77,249.2,False,True,True,True,False,True,11.176585128707496,534.375066295,11.298333679240029,True,0.17033374077232252,False,5.9,False,0.1764195795831714,0.0,-2.76,0,False,▇▁▃▅▅▆█▁▂▂▃▄▅▅▇▆▆▆█▁,False,False,False,2,0.10379757217847763,0.09481776765375849,0.15484042443351032,0.1389436204659874,UP,True,76,53.0,IGNORE,NONE,,NEUTRAL,C,WAIT,CMF positive,Health Technology,38.7
MAHLOG,425.7,420.1,436.4,415.8,False,True,True,True,True,True,2.7021880165070193,19.529030069999997,2.8107819142917934,True,-0.007545553019168333,False,45.48,False,0.8660630123682481,18.0,-0.7,0,False,▃▃▅▆▅▄▃▅▃▃▃▅▅▅▄▄▁█▁▃,False,False,False,5,0.09943181818181812,0.08832928544036811,0.1504746704368508,0.13245513825259703,UP,True,74,53.0,IGNORE,NONE,,NEUTRAL,C,WAIT,No standout factor,Transportation,30.4
WINDMACHIN,300.0,298.1,304.9,290.95,True,False,False,True,False,True,1.938199031708516,4.74936,1.9268940291692183,False,0.29586174018419886,False,66.58,True,1.1501321494584464,83.0,0.89,0,True,▃▃▃▂▃▆▄▃▃▃▂▅▅▂█▄▆▁▃▅,False,True,False,0,-0.024390243902439046,0.005530417295123158,0.026652608352593643,0.049656270107352074,FLAT,True,62,53.0,IGNORE,NONE,,NEUTRAL,C,WAIT,CMF positive,Producer Manufacturing,29.0
KSB,824.8,801.25,855.0,796.55,False,True,True,False,True,False,5.254408637250579,62.26654391999999,5.350754090690875,True,0.02934960436271014,False,59.59,True,1.0947302672067754,79.0,0.77,0,True,▂▃▁▇▄▅▄▅▇▇█▁▂▃█▇▄▇▁▇,False,False,False,0,-0.004105288577638366,-0.09042787825319809,0.04693756367739432,-0.046302025440969174,UP,False,33,53.0,IGNORE,NONE,,NEUTRAL,C,WAIT,CMF positive,Producer Manufacturing,29.0
DOMS,2052.4,2040.2,2083.0,2020.0,False,False,False,False,False,False,1.770628187648336,11.51437448,1.6814964611628216,True,0.0842691764245273,True,54.95,False,0.978428282720369,82.0,0.68,0,True,▃█▁▃▂▄█▂▁▁▁▃▅▁▂▄▁▂▇▃,False,True,False,0,-0.07922835352175861,-0.09641630712336002,-0.02818550126672592,-0.05229045431113111,UP,False,31,53.0,IGNORE,NONE,,NEUTRAL,C,WAIT,CMF positive,Producer Manufacturing,29.0
INDORAMA,103.44,101.55,104.45,94.8,False,True,True,True,False,True,0.6661350884416632,19.646597112000002,0.7510723489340455,False,0.13633586009129056,True,24.44,False,0.8318300942786154,4.0,-2.21,0,False,▃█▄▇▆█▃▄▆▆▁▅▅▁▄▆▄▇▅▄,False,False,False,11,0.5209528010586677,1.0758579169175198,0.5719956533137004,1.1199837697297488,FLAT,True,100,52.0,IGNORE,NONE,,NEUTRAL,C,WAIT,"CMF positive, RS leader",Process Industries,25.8
MANINDS,959.6,950.1,970.2,900.15,False,True,True,True,False,True,0.4982819516447698,96.02208612000001,0.5331461410675962,False,0.27004488211768246,True,23.62,False,0.7020776981838719,7.0,-1.63,0,False,▅▆▅▅▆▆▆▁▂▂▄▄▅▆█▁▃▂▅▃,False,False,False,9,0.2580793182563095,0.8201820940819422,0.30912217051134216,0.8643079468941711,FLAT,True,99,52.0,IGNORE,NONE,,NEUTRAL,C,WAIT,"CMF positive, RS leader",Producer Manufacturing,29.0
DEEPINDS,782.5,768.0,794.9,760.05,False,True,True,True,False,True,0.5466900484404787,21.70475025,0.5613194267072624,False,0.29624390531274103,True,40.27,False,0.9936953276332187,33.0,-0.34,0,False,█▆▅▃▄▅▄▅▄▄▃▅▄▁▄▄▆▄▃▄,False,False,False,4,0.17669172932330834,0.6629476144936777,0.22773458157834103,0.7070734673059066,FLAT,True,98,52.0,IGNORE,NONE,,NEUTRAL,C,WAIT,"CMF positive, RS leader",Industrial Services,35.2
MACPOWER,2128.1,2190.0,2190.0,2085.3,True,True,True,True,False,True,0.8597115448660656,11.811167809999999,0.9125615898264426,False,0.1607431590461017,True,45.93,False,0.9728046765789808,29.0,-0.45,0,False,▅▆▇▇▇▅▅▇██▃▅▃▃▄▄▃▄▁▄,False,False,False,3,0.11343064929629043,0.5784750037086483,0.16447350155132312,0.6226008565208773,FLAT,True,98,52.0,IGNORE,NONE,,NEUTRAL,C,WAIT,"CMF positive, RS leader",Producer Manufacturing,29.0
CYIENTDLM,921.15,914.0,932.0,885.45,False,True,True,True,False,True,0.6435112392174879,40.03944282,0.6503182876606082,False,0.08098278387126795,True,40.56,False,0.9824629396376321,22.0,-0.63,0,False,▇▇▅▃▅▄▄▅██▄▁▅▅▅▆▅▂▄▅,False,False,False,5,0.07460335977601495,0.4785714285714284,0.12564621203104764,0.5226972813836573,FLAT,True,97,52.0,IGNORE,NONE,,NEUTRAL,C,WAIT,"CMF positive, RS leader",Electronic Technology,27.1
SHANTIGOLD,306.85,310.0,314.99,296.85,True,True,True,True,False,True,0.7949760181208068,102.38709977500001,0.8216708469232783,False,0.34572703084137757,True,27.56,False,0.7778060000564445,8.0,-1.38,0,False,█▆▇▆▆▇▆▅▇▇▆▇▅▆▇▃▄▁▃▄,False,False,False,3,0.30696822557287673,0.4404750727631208,0.3580110778279094,0.48460092557534973,FLAT,True,96,52.0,IGNORE,NONE,,NEUTRAL,C,WAIT,"CMF positive, RS leader",Consumer Durables,23.7
SOLARA,749.85,735.0,767.9,730.1,False,True,True,True,False,True,0.6900848441605039,31.764845760000004,0.7331488070949812,False,0.05712856449560085,True,34.64,False,0.8755766192733018,12.0,-1.01,0,False,▄▇█▆▃▅█▁▅▅▅▅▇██▆▅▃▄▄,False,False,False,12,0.16535861372289995,0.341893342877595,0.21640146597793264,0.3860191956898239,FLAT,True,94,52.0,IGNORE,NONE,,NEUTRAL,C,WAIT,"CMF positive, RS leader",Health Technology,38.7
NRBBEARING,541.05,541.5,549.3,531.8,True,True,True,True,False,True,0.35429039564545006,19.79507172,0.37006701383066526,False,0.4458701134623034,True,33.95,False,0.8161646272567735,6.0,-1.5,0,False,▇▇██▅▆▇▅▆▆▆▇▁▄▅▄▆▅▄▅,False,False,False,12,0.18068739770867426,0.336090875416718,0.23173024996370695,0.3802167282289469,FLAT,True,93,52.0,IGNORE,NONE,,NEUTRAL,C,WAIT,"CMF positive, RS leader",Producer Manufacturing,29.0
KPL,3637.0,3565.4,3691.4,3558.9,False,True,True,True,False,True,0.36390946089699017,6.5382349,0.36854861533275823,False,0.16474727865070943,True,29.2,False,0.7117350980463847,5.0,-1.73,0,False,▄▇▅▆█▂▄▅▄▄▃▅▄▂▃▄▃▃▄▁,False,False,False,4,0.1071537290715372,0.32495446265938077,0.15819658132656989,0.3690803154716097,FLAT,True,93,52.0,IGNORE,NONE,,NEUTRAL,C,WAIT,"CMF positive, RS leader",Health Technology,38.7
AVTNPL,92.2,86.71,93.5,85.0,False,True,True,True,False,True,0.957884021040646,5.11769008,0.9393221310659491,False,0.13786895354509499,True,37.48,False,0.7834448160535117,5.0,-1.69,0,False,▇▇▃▇█▇▅▇██▅▆█▃▁▄▆▅▆▄,False,False,False,5,0.04286845379481963,0.32795621489269755,0.09391130604985232,0.37208206770492647,FLAT,True,93,52.0,IGNORE,NONE,,NEUTRAL,C,WAIT,"CMF positive, RS leader",Consumer Non-Durables,27.5
JYOTICNC,1059.3,1044.0,1076.95,1035.25,False,True,True,True,False,True,0.5346257407852266,74.54431809,0.5401397027658361,False,0.2095222051518687,True,39.22,False,0.989691762241821,33.0,-0.26,0,False,▅▇▂▅▇▆▆▅▆▆▇▄▃▁▄▄▇█▅▅,False,False,False,5,0.07097361237488609,0.31934238385851277,0.12201646462991877,0.3634682366707417,FLAT,True,92,52.0,IGNORE,NONE,,NEUTRAL,C,WAIT,"CMF positive, RS leader",Producer Manufacturing,29.0
ELLEN,369.35,394.95,394.95,358.65,False,True,True,True,False,False,7.013395052624698,275.05871237,7.172475457764237,True,0.03964430382511051,False,41.44,False,0.9110595684338965,11.0,-1.0,0,True,▅▅▆▄▆▆▁▁▃▃▁█▃▃▄▄▇▃▄▃,False,False,False,5,0.17105263157894757,0.24822575194322427,0.22209548383398026,0.2923516047554532,FLAT,True,89,52.0,IGNORE,NONE,,NEUTRAL,C,WAIT,CMF positive,Process Industries,25.8
VIDHIING,359.4,357.0,361.15,345.0,False,True,True,True,False,True,0.9450227942402847,0.9774601799999999,0.9703212726580417,False,0.1250974550575358,True,82.52,True,1.2979944946913093,93.0,1.52,0,False,▃▅▄▄▄▅▅▄▆▆▁▆▅▅▇▆▆▅▄█,False,False,False,5,0.0142514463101453,0.19899916597164302,0.06529429856517799,0.24312501878387194,FLAT,True,86,52.0,IGNORE,SEED,,NEUTRAL,C,WAIT,"Delivery P93, CMF positive",Consumer Non-Durables,27.5
BLSE,321.1,322.55,324.0,315.65,False,True,True,True,False,True,0.8298246844422953,8.14961433,0.8298057992777218,False,-0.06260056343081288,True,63.71,True,1.320606098294053,94.0,1.49,0,True,▃▅█▃▄▃▁▄██▃▆▇▄▁▃▁▂▅█,False,False,False,4,-0.020140372291730158,0.19612590799031482,0.03090247996330253,0.24025176080254373,FLAT,True,85,52.0,IGNORE,SEED,,NEUTRAL,C,WAIT,Delivery P94,Technology Services,23.6
MANORAMA,1863.5,1865.1,1895.4,1832.5,True,False,True,True,False,True,0.7276605777744174,30.3087094,0.6843377539170675,False,0.12620390436472187,True,47.42,True,1.011313833587477,26.0,-0.42,0,True,▆▅▂▃▅▁▄▄▅▅▄▄▇▆▆▇█▇▅▅,False,False,False,4,0.016085059978189653,0.1584607733432799,0.06712791223322234,0.20258662615550882,FLAT,True,83,52.0,IGNORE,NONE,,NEUTRAL,C,WAIT,CMF positive,Consumer Non-Durables,27.5
JASH,598.4,591.05,602.8,583.0,False,True,True,True,True,True,0.5775808495497896,35.19633216,0.6066859539674825,False,0.18710197767103676,True,37.45,False,0.833973566712318,7.0,-1.51,0,False,▇██▄▅▇▇▆██▇▇▇▁▂▅▆▆▆▅,False,False,False,6,0.3074065982084335,0.15287544552547927,0.3584494504634662,0.19700129833770819,UP,True,82,52.0,IGNORE,NONE,,NEUTRAL,C,WAIT,CMF positive,Producer Manufacturing,29.0
KISSHT,354.0,345.05,362.55,340.05,False,True,True,True,False,True,1.153344947468631,74.182116,1.2133689682304216,True,0.08419236524390092,True,44.13,False,0.9555567585124236,72.0,0.59,0,False,▆▆▂▅▆▇▅▄██▄▁▄▂▃▃▇▄▁▄,False,False,False,4,0.15234375,0.12363116965561027,0.2033866022550327,0.1677570224678392,UP,True,80,52.0,IGNORE,NONE,,NEUTRAL,C,WAIT,CMF positive,Finance,26.4
DRREDDY,1245.7,1243.2,1252.8,1229.0,False,True,True,True,True,True,3.4954275746405634,608.52706597,3.682577780164944,True,-0.040861133191477786,True,45.84,False,0.8288656438445335,19.0,-0.86,0,False,▁▅▄▅▂▄▅█▁▁▅▃▅▄▅▆▆▅▃▂,False,False,False,0,0.06379163108454322,0.03343288534926159,0.11483448333957591,0.0775587381614905,UP,True,66,52.0,IGNORE,NONE,,NEUTRAL,C,WAIT,No standout factor,Health Technology,38.7
CORONA,2085.0,2053.0,2108.2,2001.1,False,False,False,True,False,True,1.2617733478569502,14.768889,1.202645983569919,True,0.24169388733894162,True,40.36,False,0.8043205324936726,35.0,-0.42,0,False,█▃▅▃▅▅▁▃▄▄▄▃▅▄▅▅█▄▅▃,False,True,False,6,0.015586945932781315,0.02155805977462033,0.066629798187814,0.06568391258684925,UP,True,64,52.0,IGNORE,NONE,,NEUTRAL,C,WAIT,CMF positive,Health Technology,38.7
VIDYAWIRES,93.5,92.9,94.9,89.41,False,True,True,True,True,False,1.498378118839247,14.1747683,1.5727654261844533,True,0.14242317786196285,True,46.09,False,0.8749549139092964,62.0,0.3,0,False,▁▆▃▃▄▂▃▂▅▅▃▂▄█▆▅▃█▃▂,False,False,False,0,0.032692732493925236,0.011904761904761862,0.08373558474895793,0.05603061471699078,UP,True,63,52.0,IGNORE,NONE,,NEUTRAL,C,WAIT,CMF positive,Non-Energy Minerals,34.0
WABAG,2093.8,1977.2,2099.8,1956.8,False,True,True,True,False,True,1.0858086448352542,147.18534604,1.0722162817894567,True,0.0999980431546643,True,36.86,False,0.9472412818338345,15.0,-0.98,0,False,▆▅█▇▂▇▃▂▁▁▆▃▆▆█▆▇▆▇▅,False,False,False,3,0.03967426386613049,-0.0030473288258259235,0.09071711612116318,0.04107852398640299,UP,True,59,52.0,IGNORE,NONE,,NEUTRAL,C,WAIT,CMF positive,Industrial Services,35.2
INDPRUD,6449.5,6100.0,6450.0,6100.0,False,True,True,False,True,True,1.4038128249566724,0.05224095,1.4595271458311827,True,-0.27109516552970303,True,97.59,True,1.0678119101676835,67.0,0.75,0,True,▇▇▇▄█▇▃███▆▁▆██▃█▆▅▇,False,True,False,0,0.009311424100156396,-0.0077692307692307505,0.060354276355189085,0.036356622042998166,UP,True,58,52.0,IGNORE,NONE,,NEUTRAL,C,WAIT,No standout factor,Finance,26.4
ABCAPITAL,390.75,390.9,392.2,384.8,False,False,False,True,False,True,1.0149116504478837,104.270582475,0.9937994312889482,True,0.29718461156053644,True,61.41,True,1.162132752992383,92.0,1.6,0,True,▁▆▃▄▇▇▃▃▁▁▃▁█▅█▆▅▄▃▇,False,False,False,0,-0.046951219512195164,-0.022391793845384034,0.004091632742837525,0.021734058966844882,FLAT,True,54,52.0,IGNORE,SEED,,NEUTRAL,C,WAIT,"Delivery P92, CMF positive",Finance,26.4
MRPL,171.65,169.5,177.49,168.06,False,True,True,True,False,False,1.5389897857940311,272.89922869000003,1.507374135047783,True,-0.050569304536716854,True,15.93,False,0.693981572240737,13.0,-1.16,0,False,▁▃▆▇▇▂▁▃▆▆▆█▅▄█▃█▄▂▂,False,True,False,1,0.001341733753354335,-0.026430718620611415,0.052384586008387024,0.0176951341916175,UP,True,53,52.0,IGNORE,NONE,,NEUTRAL,C,WAIT,No standout factor,Energy Minerals,25.5
VMM,104.3,100.81,104.3,98.0,False,True,False,False,False,False,1.5992873420235352,162.99843378,1.6007318088664182,True,0.04405397693591619,True,48.65,False,0.9192340031554384,31.0,-0.47,0,True,▁▂▁▆▅▂▄▁▅▅▅▂█▄▆▃▂▄▇▃,False,True,False,0,-0.021116846550915058,-0.0813810110974107,0.02992600570411763,-0.03725515828518178,UP,False,37,52.0,IGNORE,NONE,,NEUTRAL,C,WAIT,CMF positive,Retail Trade,31.2
SONATSOFTW,260.85,272.05,276.2,258.2,True,False,False,False,False,False,2.2044423473773556,65.73636505500001,2.0623652471841774,False,-0.12285012149289716,False,62.17,True,1.6663316313539447,99.0,2.39,1,True,▄▄▆▅▄▇▆▅▂▂▁█▆▅▅▅▅▄▅█,False,True,False,0,-0.09740484429065732,-0.13782845810609812,-0.04636199203562463,-0.0937026052938692,UP,False,20,52.0,IGNORE,DISTRIBUTION,DEL62% ▄▄▆▅▄▇▆▅▂▂▁█▆▅▅▅▅▄▅█ P99 Z+2.4,NEUTRAL,C,WAIT,Delivery P99,Technology Services,23.6
TDPOWERSYS,777.35,719.0,799.0,714.0,False,False,False,False,False,False,3.74818473798269,591.002647445,3.911886501477457,True,0.043892070734616956,True,63.82,True,1.423917893797412,99.0,2.54,0,True,▂▆▄▆▄▂▃▄▄▄▁▂▄▄▄▃▅▃▄█,False,False,False,0,0.025460062001187334,-0.311592277718739,0.07650291425622002,-0.26746642490651007,UP,False,1,52.0,IGNORE,SEED,,NEUTRAL,C,WAIT,"Delivery P99, CMF positive",Producer Manufacturing,29.0
MARINE,438.25,429.3,444.5,423.0,False,True,True,True,True,True,0.9589887304951327,85.4014269,1.0011222109816629,False,0.19511147140585122,False,31.27,False,0.8561611017564035,6.0,-1.64,0,False,▃▃▄▃█▄▄█▆▆▅▇█▃▄▁▇▆▂▃,False,False,False,5,0.013060564031437849,0.6816960859554873,0.06410341628647054,0.7258219387677162,FLAT,True,98,51.0,IGNORE,NONE,,NEUTRAL,C,WAIT,"CMF positive, RS leader",Distribution Services,33.3
SSWL,400.65,390.85,404.7,378.6,False,True,True,True,True,True,0.9604764614154531,107.976577275,1.0671895042130914,False,0.07559922912094225,False,35.44,False,0.9725309404242473,10.0,-1.32,0,False,▁▃▅▇▅▅▇▇▅▅▆█▆▇▅▆▅▅▇▅,False,False,False,14,0.12148355493351981,0.43447905477980653,0.1725264071885525,0.47860490759203544,FLAT,True,96,51.0,IGNORE,NONE,,NEUTRAL,C,WAIT,"CMF positive, RS leader",Producer Manufacturing,29.0
ANTELOPUS,1162.5,1165.0,1234.9,1112.05,False,True,True,True,False,True,0.3248924875249796,166.3665375,0.3493751471833913,False,0.2130505006532517,False,12.65,False,0.7863736673608305,8.0,-1.64,0,False,█▁▁▂▂▁▁▂▂▂▁▂▃▃▃▃▄▁▃▂,False,False,False,7,0.46659938182047567,0.33859174391156643,0.5176422340755084,0.38271759672379535,UP,True,94,51.0,IGNORE,NONE,,NEUTRAL,C,WAIT,"CMF positive, RS leader",Energy Minerals,25.5
CASTROLIND,199.83,200.2,202.8,198.1,True,True,True,True,False,True,1.7450989221379125,116.43714423000002,1.7919034390462387,False,0.30437302361300245,False,57.91,False,0.9473408693091658,38.0,-0.24,0,False,▃▄▆█▅▃█▅▆▆▅▃▃▅▅▂▅▁▁▄,False,False,False,7,0.07423932910439746,0.08144820868059321,0.12528218135943014,0.12557406149282213,FLAT,True,74,51.0,IGNORE,NONE,,NEUTRAL,C,WAIT,CMF positive,Energy Minerals,25.5
CARERATING,1637.8,1627.9,1647.6,1603.4,False,False,False,False,False,True,1.2008919618876546,11.475081920000001,1.1647194031993182,True,0.012744834150268603,True,66.66,True,1.078256931189544,73.0,0.62,0,True,▃▆▄█▂▃▂▂▄▄▃▁▃▅▆▄▅▅▇▅,False,True,False,3,-0.039413489736070395,-0.019809683404153566,0.011629362518962294,0.02431616940807535,FLAT,True,55,51.0,IGNORE,NONE,,NEUTRAL,C,WAIT,CMF positive,Commercial Services,27.2
BHEL,422.85,417.75,423.0,411.8,False,False,True,True,False,True,0.9784439745254652,285.27693648,0.9652887072661608,False,0.10985371074957918,False,45.04,True,1.0468454020383733,76.0,0.62,0,True,▆▇▄▄▅▄▅▆▃▃▇▁█▇▃█▆▅▆▆,False,False,False,3,-0.025578983753888673,-0.02882406982085428,0.025463868501144016,0.015301782991374635,UP,True,52,51.0,IGNORE,NONE,,NEUTRAL,C,WAIT,CMF positive,Producer Manufacturing,29.0
TCIEXP,531.85,499.2,583.2,495.25,False,True,True,False,False,False,194.3224041893199,294.362008985,196.36000045704947,True,-0.1745980223177344,True,6.23,False,0.11385754100607669,1.0,-3.48,0,True,▇▄█▆▅▆▅▆██▅▄▇▅▆▅▅▄▆▁,False,True,False,0,-0.018636405572469816,-0.09248357648664773,0.03240644668256287,-0.04835772367441882,UP,False,33,51.0,IGNORE,NONE,,NEUTRAL,C,WAIT,No standout factor,Transportation,30.4
FACT,757.2,760.65,781.9,740.1,True,False,False,False,False,False,4.020203123633619,53.78179584,3.8405260363873137,False,-0.16913081698714313,True,53.44,True,1.8464515237371293,99.0,2.34,1,False,▃▇▄▅▇▃▃▃▆▆▄▃▄▁▄▂▄▅▅█,False,True,False,0,-0.07120515179392817,-0.09143268538516913,-0.02016229953889548,-0.047306832572940216,UP,False,33,51.0,IGNORE,SEED,DEL53% ▃▇▄▅▇▃▃▃▆▆▄▃▄▁▄▂▄▅▅█ P99 Z+2.3,NEUTRAL,C,WAIT,Delivery P99,Process Industries,25.8
BERGEPAINT,448.2,451.95,456.4,441.1,True,False,False,False,False,False,1.689646508528755,27.3679884,1.642861431038286,False,-0.10932641023108607,True,70.37,True,1.3541155529898496,95.0,1.82,0,True,▂▂▂▃▃▃▂▃▃▃▁▄▅█▄▂▅▂▃▆,False,True,False,0,-0.0868900886217786,-0.11492890995260663,-0.035847236366745916,-0.07080305714037771,UP,False,26,51.0,IGNORE,SEED,,NEUTRAL,C,WAIT,Delivery P95,Process Industries,25.8
DOLPHIN,650.75,659.9,669.45,641.3,False,False,True,True,False,True,0.5138130960076569,2.66898605,0.48489831267309497,False,0.13897532930891537,True,44.2,True,1.0197607484397893,40.0,-0.26,0,False,▅▅▇█▁▄▆▆▂▂▇▅▅▂▄▅▅▅▆▅,False,False,False,4,0.11563517915309451,0.7351019864018131,0.1666780314081272,0.779227839214042,FLAT,True,99,50.0,IGNORE,NONE,,NEUTRAL,C,WAIT,"CMF positive, RS leader",Industrial Services,35.2
VARROC,837.4,846.0,848.85,826.95,True,False,True,True,False,True,0.9154252604340489,28.424621859999995,0.892954146360112,False,0.009891261778719322,False,39.99,True,1.0068482803766554,21.0,-0.72,0,True,▆▇▄██▇▇▁▃▃▄▄▅▇▂▇▅▇▃▅,False,False,False,4,-0.04515393386545041,0.27235432652130975,0.005888918389582276,0.31648017933353867,FLAT,True,90,50.0,IGNORE,NONE,,NEUTRAL,C,WAIT,"CMF positive, RS leader",Producer Manufacturing,29.0
PITTIENG,1131.4,1136.0,1152.2,1115.7,True,True,True,True,False,True,0.2850560294018533,5.861896540000001,0.27901918813414334,False,0.1715958185696836,True,56.03,True,1.186297135356016,60.0,0.24,0,False,▇▆▇▇▁▄▆▇▆▆▇▅▇███▆▄▇█,False,False,False,9,0.05275890946310602,0.21859012332381922,0.10380176171813871,0.26271597613604813,FLAT,True,87,50.0,IGNORE,NONE,,NEUTRAL,C,WAIT,CMF positive,Producer Manufacturing,29.0
JTLIND,88.88,88.5,90.5,85.98,False,True,True,True,False,True,0.6528272252098649,19.425461704,0.6511334762718678,False,0.061708723574012726,True,40.0,True,1.115480074737165,41.0,-0.2,0,False,▆▄█▇█▁▃▅▆▆▃▇▄▇█▃▇▅▄▆,False,False,False,4,0.010344435603046431,0.16411263916175511,0.06138728785807912,0.20823849197398403,FLAT,True,83,50.0,IGNORE,NONE,,NEUTRAL,C,WAIT,CMF positive,Non-Energy Minerals,34.0
SGMART,755.95,729.8,770.5,725.9,False,True,True,True,False,True,2.34654422195743,37.18744835,2.3414237959048068,True,-0.3063453789607265,True,42.13,False,0.8141298781607197,10.0,-1.18,0,True,▁▄▃▂▄▄█▄▇▇▂▇▇▁▆▆▇▃▆▂,False,False,False,0,-0.09472486677444458,0.14859834384258908,-0.043682014519411894,0.192724196654818,FLAT,True,82,50.0,IGNORE,NONE,,NEUTRAL,C,WAIT,No standout factor,Utilities,34.3
EDELWEISS,137.77,135.0,138.43,132.71,False,True,True,True,False,True,0.4428924159540463,63.68850847800001,0.45097398236525715,False,0.051151040099044996,True,44.39,True,1.0696256671606366,41.0,-0.14,0,False,▁▃▃▅▅▄█▆▅▅▃▆▇▃▅▅▅▅▁▆,False,False,False,7,0.06848146424693669,0.14133046143650074,0.11952431650196937,0.18545631424872966,FLAT,True,81,50.0,IGNORE,NONE,,NEUTRAL,C,WAIT,CMF positive,Finance,26.4
PRIMESECU,302.5,298.95,304.5,293.05,False,True,True,True,True,True,0.44421115419027735,0.5631945,0.46290394499892407,False,0.29265435870295087,True,69.31,True,1.1377496162906178,68.0,0.53,0,False,▄▄▄▇▅▃▄█▇▇▆▆▄▃▅▁▄▂▄▆,False,False,False,5,0.07003891050583655,0.08950117053844786,0.12108176276086924,0.13362702335067678,FLAT,True,75,50.0,IGNORE,NONE,,NEUTRAL,C,WAIT,CMF positive,Finance,26.4
HNDFDS,596.85,602.15,604.8,577.0,True,False,False,True,False,True,2.142473565343019,10.07255997,2.0627131424087195,False,-0.06943707729271274,True,69.39,True,1.189294804226547,95.0,1.57,0,True,▁▄▂▆▁█▃▄▅▅▄▄▃▄▄▂▂▃▃▆,False,False,False,0,-0.07335817419655333,0.04701341987544971,-0.02231532194152064,0.09113927268767863,FLAT,True,68,50.0,IGNORE,SEED,,NEUTRAL,C,WAIT,Delivery P95,Consumer Non-Durables,27.5
APLLTD,861.5,853.9,868.0,837.5,False,True,True,True,False,True,2.2772060368146536,39.4103513,2.352519989712005,True,-0.036480896442375906,True,48.7,False,0.9909350805261927,58.0,0.13,0,False,▅▄▆▅▅▇▅▄▄▄▅▁▄▃▅▆█▇▆▅,False,False,False,8,0.02091603958049415,0.03346928982725528,0.07195889183552684,0.0775951426394842,FLAT,True,66,50.0,IGNORE,NONE,,NEUTRAL,C,WAIT,No standout factor,Health Technology,38.7
MUFIN,132.15,129.5,133.99,127.9,False,False,False,True,False,True,3.789130423186066,27.22189566,3.7428068735121456,True,-0.09019581293338169,True,34.62,False,0.9268207798466007,33.0,-0.53,0,True,▄▄▄▄▅▄▅▅██▆▂▁▆▄▂▅▅▅▄,False,True,False,1,-0.018566654288897144,0.028804982483456643,0.032476197966135545,0.07293083529568556,FLAT,True,66,50.0,IGNORE,NONE,,NEUTRAL,C,WAIT,No standout factor,Finance,26.4
IRMENERGY,267.25,261.65,269.0,259.05,False,False,False,False,False,False,1.8143018819055914,2.5834523,1.755412708293637,True,-0.12106774799705089,True,63.74,True,1.3243161820467273,98.0,1.72,0,True,▁▃▄▅▄▄▃▂▆▆▄▃▆▄▅▆▃▆▅█,False,True,False,0,-0.046897289586305235,0.024928092042185934,0.004145562668727454,0.06905394485441485,FLAT,True,65,50.0,IGNORE,SEED,,NEUTRAL,C,WAIT,Delivery P98,Energy Minerals,25.5
ABBOTINDIA,27270.0,26735.0,27850.0,26650.0,False,True,True,False,True,True,2.6321544354142556,56.127114,2.720945651355262,True,0.05878202778821016,False,33.23,False,0.6245770994662055,0.0,-2.49,0,False,▃▅▆▃▄▆█▅▅▅▅▄█▆▇▅▃▄▄▁,False,False,False,0,0.04342835278362345,-0.05312499999999998,0.09447120503865614,-0.008999147187771062,UP,False,45,50.0,IGNORE,NONE,,NEUTRAL,C,WAIT,CMF positive,Health Technology,38.7
STALLION,254.0,255.55,257.95,244.05,True,True,True,True,False,False,0.3758244830377899,41.9856412,0.391712847302216,False,0.3306195603569056,False,33.91,True,1.2179878596314786,34.0,-0.42,0,False,▇▅▆▇▆▁▂▄▅▄▅▆▅▄▅▅▅▅█▆,False,False,False,13,0.21021536115875739,0.43746462931522356,0.2612582134137901,0.4815904821274525,FLAT,True,96,49.0,IGNORE,NONE,,NEUTRAL,C,WAIT,"CMF positive, RS leader",Distribution Services,33.3
MAXESTATES,569.25,574.9,576.95,559.4,True,True,True,True,False,True,0.41335693007003055,4.58439795,0.4039983190875029,False,0.02295194326934518,True,44.4,False,0.7413653478489551,13.0,-0.9,0,True,▅▅▆▇▇▆▇█▆▆▇▄█▅▆▄▁▃▄▄,False,False,False,11,0.1317097415506958,0.42597695390781576,0.1827525938057285,0.4701028067200447,FLAT,True,96,49.0,IGNORE,NONE,,NEUTRAL,C,WAIT,"CMF positive, RS leader",Finance,26.4
ELANTAS,13771.0,13720.0,13839.0,13403.0,True,True,True,True,False,True,0.3063907209460996,2.3190364,0.3097622397139828,False,0.28955278184873645,False,45.11,True,1.2142828301861397,44.0,-0.19,0,False,▆▃▇▇▂▄▄▅▁▁▄▇▅▅▅▄▆█▆▆,False,False,False,4,0.17902397260273983,0.4285269709543569,0.23006682485777252,0.4726528237665858,FLAT,True,96,49.0,IGNORE,NONE,,NEUTRAL,C,WAIT,"CMF positive, RS leader",Process Industries,25.8
IGPL,584.3,580.0,591.9,575.0,False,True,True,True,False,True,0.4424050534882129,2.5868713899999998,0.45547589019556023,False,0.17288674451255426,False,47.42,False,0.8981400810636767,13.0,-1.11,0,True,▄▃▄▃▅▂▆▇██▁▃▇▃█▅▆▇▅▃,False,False,False,9,0.06556031731558298,0.3780660377358489,0.11660316957061567,0.4221918905480778,FLAT,True,95,49.0,IGNORE,NONE,,NEUTRAL,C,WAIT,"CMF positive, RS leader",Process Industries,25.8
WSTCSTPAPR,703.45,724.0,724.9,694.0,True,False,True,True,False,True,0.5670428088203007,11.89083742,0.5691238027036809,False,0.1560473368279906,False,54.55,True,1.152119964095253,42.0,-0.05,0,False,▄▄▆█▃▁▃▁▁▁▃▃█▁▆▆▅▃▂▇,False,False,False,12,0.07626988984088134,0.3536996055037045,0.12731274209591403,0.3978254583159334,FLAT,True,94,49.0,IGNORE,NONE,,NEUTRAL,C,WAIT,"CMF positive, RS leader",Producer Manufacturing,29.0
ALIVUS,1356.8,1337.0,1370.0,1328.6,False,False,True,True,False,True,1.6421827619716518,33.32612864,1.589201621013845,True,-0.2001182827691767,False,45.68,False,0.8772300424404201,20.0,-0.66,0,True,▁▄▃▃▁▅▂▂▆▆▂▄▆█▄▂▃▃▅▂,False,True,False,1,-0.06019256078132584,0.18456434433385693,-0.009149708526293154,0.22869019714608585,FLAT,True,85,49.0,IGNORE,NONE,,NEUTRAL,C,WAIT,No standout factor,Health Technology,38.7
GALAXYSURF,2301.2,2191.0,2325.0,2188.9,False,True,True,True,True,True,0.9718529902842952,7.916128,1.0043986870877095,False,0.03323069285856937,True,51.85,True,1.0361089463061768,34.0,-0.38,0,True,▄▆▄▄▆▃▅▂▅▅▄▅▃█▄▆▄▁▅▅,False,False,False,0,0.03220597470171338,0.1803446860894542,0.08324882695674607,0.22447053890168311,FLAT,True,84,49.0,IGNORE,NONE,,NEUTRAL,C,WAIT,CMF positive,Consumer Non-Durables,27.5
CHENNPETRO,1436.9,1413.0,1485.0,1395.5,False,True,True,True,False,True,1.5372116860065521,420.66325175000003,1.4816030629919155,True,0.03494273679288149,True,19.18,False,0.7729663288129446,15.0,-1.09,0,False,▄▄▄▅▄▅▁▁▃▃▅▄▅█▅██▄▃▃,False,False,False,5,0.03597692862292723,0.14211906843653144,0.08701978087795992,0.18624492124876035,FLAT,True,81,49.0,IGNORE,NONE,,NEUTRAL,C,WAIT,CMF positive,Energy Minerals,25.5
KSL,964.35,953.0,976.8,934.0,False,True,True,True,False,True,0.46592715998772277,7.458572204999999,0.4672854818985486,False,0.03653667156686707,True,47.21,True,1.0104880136986303,31.0,-0.48,0,False,▅▆▆▆▆▆▅▁▅▅▄▃▆▅▇▅██▇▅,False,False,False,6,0.07150000000000012,0.07108346754040085,0.12254285225503281,0.11520932035262976,UP,True,73,49.0,IGNORE,NONE,,NEUTRAL,C,WAIT,CMF positive,Non-Energy Minerals,34.0
SENORES,1403.7,1352.5,1435.0,1352.5,False,False,True,True,False,True,2.342738674775724,71.12533863,2.3034933464324645,True,-0.17018226276740142,False,35.61,False,0.7566533864541832,8.0,-1.21,0,True,█▃▃▁▅▃▃▅▂▂▅▃▄▄▄▃▅▁▃▁,False,True,False,0,-0.03505877500515575,-0.00021367521367521292,0.015984077249876938,0.0439121775985537,FLAT,True,60,49.0,IGNORE,NONE,,NEUTRAL,C,WAIT,No standout factor,Health Technology,38.7
ADANIPORTS,1788.9,1791.8,1800.6,1775.0,False,True,True,True,False,True,0.34169070792955525,156.97007163,0.3571264145473832,False,0.06845004285425998,False,70.77,True,1.2216468151216986,97.0,2.08,0,False,▁▂▃▅▅▆▄▆▅▅▃▃█▄▁▆▆▂▄▇,False,False,False,0,0.04369894982497091,-0.02053219448094612,0.0947418020800036,0.023593658331282796,UP,True,54,49.0,IGNORE,SEED,,NEUTRAL,C,WAIT,"Delivery P97, CMF positive",Transportation,30.4
PARKHOSPS,275.0,277.75,277.75,271.7,True,False,False,True,False,True,1.567474659188281,23.8599625,1.523576749803029,False,0.021004994209162284,True,59.24,True,1.0628010656715614,85.0,1.03,0,True,█▃▁▇▂▃▅▁▄▄▅▂▂▅▃▃▅▅▄▅,False,False,False,0,-0.0393013100436681,-0.02135231316725983,0.011741542211364586,0.022773539644969087,FLAT,True,54,49.0,IGNORE,SEED,,NEUTRAL,C,WAIT,CMF positive,Health Services,24.1
DAMCAPITAL,155.76,157.95,159.23,152.23,True,True,True,False,False,False,3.1124891533723655,54.2107104,3.109453151765539,False,0.4240942911815916,False,12.0,False,0.25483117434699515,0.0,-3.35,0,False,▆▄▅▅█▄▇▅▆▆▆▇▆▇▅▅▆▅▁▁,False,True,False,0,0.10116648992576893,-0.04312569111684483,0.15220934218080162,0.001000161695384083,UP,True,48,49.0,IGNORE,NONE,,NEUTRAL,C,WAIT,CMF positive,Finance,26.4
SUVEN,324.75,321.6,331.8,320.0,False,False,False,True,False,False,2.051897389282861,34.689113025,1.8568808395884362,True,-0.34185438061501455,True,47.47,True,1.0577447998484797,57.0,0.24,0,True,▃▄▁▅▃▆▅▄▇▇▃▄▄▅▅█▇▄▇▅,False,True,False,0,-0.14897798742138368,-0.046115435453076725,-0.097935135166351,-0.001989582640847809,FLAT,False,47,49.0,IGNORE,NONE,,NEUTRAL,C,WAIT,No standout factor,Health Technology,38.7
TATACONSUM,967.7,961.7,969.0,953.9,False,False,False,False,False,False,2.2793353049495853,232.90535860999998,2.1987913411044455,True,-0.13050100968905443,True,66.93,True,1.0831411579075132,89.0,1.17,0,True,▅▇▄█▇▃█▆▄▄▁▄▇▁▃██▇▃▇,False,True,False,0,-0.06727710843373491,-0.1137466800989102,-0.016234256178702222,-0.06962082728668129,UP,False,26,49.0,IGNORE,SEED,,NEUTRAL,C,WAIT,No standout factor,Consumer Non-Durables,27.5
FUSION,173.3,170.71,176.58,168.35,False,False,False,False,False,False,2.7640897153976365,24.223302110000002,2.500652065657282,True,-0.15404278306699135,True,61.03,True,1.111849955821135,81.0,0.82,0,True,▆▁██▃▄▅█▃▃▁▃▄▃▃▄▅▃▃▆,False,True,False,0,-0.10968404829180578,-0.23914475128419022,-0.05864119603677309,-0.1950188984719613,UP,False,4,49.0,IGNORE,NONE,,NEUTRAL,C,WAIT,No standout factor,Finance,26.4
OAL,541.85,555.0,555.0,530.2,True,True,True,True,False,True,0.27424470906349124,1.000200915,0.28468018082091234,False,0.2223896223976085,True,41.75,False,0.9265937968151806,13.0,-1.15,0,False,▅▄▇▃▇▄█▇▆▆▄▆▆▇▇▇▅▁▁▄,False,False,False,9,0.21409365897378452,0.5568165493463584,0.2651365112288172,0.6009424021585873,FLAT,True,98,48.0,IGNORE,NONE,,NEUTRAL,C,WAIT,"CMF positive, RS leader",Process Industries,25.8
UFLEX,647.7,640.15,660.9,636.8,False,False,True,True,False,True,0.5741201721447338,10.50608262,0.5454891225899794,False,0.14022893414522897,True,42.37,False,0.9067756709326713,16.0,-0.88,0,True,▆▁▃▆▆▅▆▆██▆▆█▇▄▇▅▇█▅,False,False,False,1,0.004108208665994928,0.4730498066863773,0.05515106092102762,0.5171756594986062,FLAT,True,97,48.0,IGNORE,NONE,,NEUTRAL,C,WAIT,"CMF positive, RS leader",Process Industries,25.8
LUMAXTECH,2011.7,2032.0,2035.9,1972.3,True,True,True,True,False,True,0.578865133464576,15.99784308,0.5763037050089012,False,-0.03874749089589439,True,47.62,True,1.1216846469119517,80.0,0.65,0,True,▁▆▅▇▆▆▆▇▄▄▄▆▆▆▆▅▄▆█▇,False,False,False,2,-0.023446601941747525,0.3754273212088064,0.027596250313285164,0.4195531740210353,FLAT,True,95,48.0,IGNORE,NONE,,NEUTRAL,C,WAIT,RS leader,Producer Manufacturing,29.0
GKSL,174.96,175.4,178.0,172.11,False,True,True,True,False,True,0.8779977449624861,10.922455368000001,0.8951382794732115,False,-0.10621528887803815,True,43.73,True,1.0630074383781418,44.0,-0.19,0,False,▁▄▂▂▂▄▁▆▅▅▆▄▃▅▇▅█▂▄▅,False,False,False,9,0.1015551218283699,0.3776377952755907,0.1525979740834026,0.42176364808781963,FLAT,True,95,48.0,IGNORE,NONE,,NEUTRAL,C,WAIT,RS leader,Health Services,24.1
PTCIL,22535.0,21685.0,22690.0,21555.0,False,True,True,True,False,True,0.6817498326828971,44.1888815,0.6651468016223627,False,0.02838560923756415,False,37.3,True,1.1302859047590186,37.0,-0.31,0,False,▂▂▃▇▃▄█▅▄▄▄▃▅▆▅▁█▆▇▆,False,False,False,7,-0.009668204790155954,0.262252842659497,0.041374647464876735,0.3063786954717259,FLAT,True,90,48.0,IGNORE,NONE,,NEUTRAL,C,WAIT,"CMF positive, RS leader",Producer Manufacturing,29.0
SHREEJISPG,763.3,755.0,767.1,754.0,False,True,True,True,True,True,0.7943916215986728,65.98446079,0.87202953944708,False,0.3143282482269577,True,37.11,False,0.9309968515196748,46.0,-0.2,0,False,▁█▅▅▅▅▆▆▆▆▅▇▄█▅▅▄▇▆▅,False,False,False,14,0.1980850729869721,0.24691660540717142,0.24912792524200478,0.29104245821940034,FLAT,True,89,48.0,IGNORE,NONE,,NEUTRAL,C,WAIT,CMF positive,Transportation,30.4
KROSS,261.83,260.0,267.93,251.94,False,True,True,True,False,True,0.5219648366235801,22.242013389,0.5497986852151503,False,0.28920215186123,True,23.38,False,0.6006268303961362,9.0,-1.4,0,False,▇▇▆▇█▇▆▁▄▄▅▄▄▂▄▂▃▄▄▂,False,False,False,9,0.2525953212457541,0.23954930644321348,0.3036381735007868,0.2836751592554424,UP,True,88,48.0,IGNORE,NONE,,NEUTRAL,C,WAIT,CMF positive,Producer Manufacturing,29.0
ABDL,716.5,719.85,726.9,706.4,True,True,True,True,False,True,0.4769444104682525,36.5578362,0.4999142243195995,False,0.13308900084033526,True,35.18,False,0.7800789391990776,8.0,-1.43,0,False,▃▅▄▆█▆▅▅▆▆▄▃▅▄▄▅▂▁▃▃,False,False,False,4,0.16088788075178218,0.15676461091378768,0.21193073300681486,0.2008904637260166,UP,True,83,48.0,IGNORE,NONE,,NEUTRAL,C,WAIT,CMF positive,Consumer Non-Durables,27.5
NEOGEN,2435.3,2388.1,2458.5,2370.0,False,True,True,True,False,True,0.7227868555447136,38.27853246,0.7505323264095023,False,0.16000980995545033,True,40.97,False,0.9784231076934099,42.0,-0.13,0,False,▇▄▆█▆▇█▄▅▅▆▁▄▇▄▆▆▅▆▅,False,False,False,5,0.13064673383165415,0.12991230919129593,0.18168958608668684,0.17403816200352484,UP,True,80,48.0,IGNORE,NONE,,NEUTRAL,C,WAIT,CMF positive,Process Industries,25.8
RATNAMANI,2833.3,2722.5,2918.4,2722.5,False,True,True,True,False,True,1.3757302184964237,20.46095928,1.4087336301824547,True,0.2220354005050006,True,29.97,False,0.6824081242315224,6.0,-1.65,0,False,▃▄▃▃▅▃▃█▂▂▅▇▇▆▅▅▆▆▆▁,False,False,False,6,0.0875974050900159,0.11595572885895478,0.1386402573450486,0.1600815816711837,FLAT,True,79,48.0,IGNORE,NONE,,NEUTRAL,C,WAIT,CMF positive,Non-Energy Minerals,34.0
BLUESTONE,806.05,789.0,815.95,740.35,False,False,True,True,False,True,1.3809334817865155,186.745099765,1.3134845973253702,True,-0.06500878879793902,True,26.33,False,0.978974177836441,27.0,-0.61,0,True,█▃▃▃▄▂▆▅▃▃▄▁▃▅▂▁▆▂▄▄,False,True,False,3,-0.008853366123578343,0.10622383860564044,0.042189486131454346,0.15034969141786936,FLAT,True,77,48.0,IGNORE,NONE,,NEUTRAL,C,WAIT,No standout factor,Retail Trade,31.2
TEXRAIL,125.67,123.1,126.95,120.28,False,True,True,True,False,True,0.897947182722907,38.387296437,0.9510527939207006,False,0.14046624304590447,True,34.94,False,0.9254525950548941,28.0,-0.59,0,False,▃▂▇█▃▆▇▂▁▁▆▅▅▂▇▇▃▃▆▄,False,False,False,5,0.1114353940037145,0.10053419739031444,0.16247824625874718,0.14466005020254336,UP,True,76,48.0,IGNORE,NONE,,NEUTRAL,C,WAIT,CMF positive,Producer Manufacturing,29.0
IMAGICAA,51.3,51.31,54.3,50.1,False,False,True,True,False,True,1.6776991600641507,7.653693239999999,1.6123991022644095,True,-0.26718020355351396,True,22.51,False,0.4860039078945948,0.0,-2.93,0,False,▆▆▆▇▅█▆▇██▄▃▄▅▆▇▆▄▇▁,False,True,False,0,-0.06727272727272737,0.09265175718849838,-0.016229875017694684,0.1367776100007273,FLAT,True,75,48.0,IGNORE,NONE,,NEUTRAL,C,WAIT,No standout factor,Consumer Services,24.4
AEROPLANE,201.35,200.05,204.78,195.32,False,True,True,True,False,True,0.8239391799789276,14.129494629999998,0.8271544827328376,False,0.30398129237564075,True,56.89,False,0.9914863581306588,,,0,False,▂█▅▃▆▆▃▁▃▃▂▄▄▄▁▂▄▄▆▄,False,False,False,7,0.15136093321134503,0.04288599989641062,0.20240378546637772,0.08701185270863954,UP,True,68,48.0,IGNORE,NONE,,NEUTRAL,C,WAIT,CMF positive,Process Industries,25.8
CLEANMAX,1380.0,1372.0,1422.0,1345.6,False,True,True,True,False,True,1.5846918331079112,247.535292,1.6074550258443885,True,-0.1329689632230769,True,29.87,False,0.6932726787434287,6.0,-1.57,0,False,▅▆▁▅▅▄▄▇▆▆▆▄█▇▅▁▅▅█▃,False,False,False,1,0.12195121951219523,0.02678571428571419,0.17299407176722792,0.0709115670979431,UP,True,65,48.0,IGNORE,NONE,,NEUTRAL,C,WAIT,No standout factor,Utilities,34.3
JSWINFRA,350.0,347.25,353.3,342.05,False,True,True,True,False,True,0.5279301813844864,86.436875,0.5297011241652487,False,0.11786578445084751,True,46.74,False,0.82745434749896,17.0,-0.95,0,False,▄▆▆█▇▇▆▆▅▅▅▅▇▆▁▃▄▆▃▃,False,False,False,4,0.045400238948626104,0.015817733275286683,0.09644309120365879,0.0599435860875156,UP,True,63,48.0,IGNORE,NONE,,NEUTRAL,C,WAIT,CMF positive,Industrial Services,35.2
COALINDIA,425.4,424.0,426.65,421.35,False,True,True,True,False,True,0.421447424491112,199.17028061999997,0.43023552665119813,False,0.07165003860771232,True,64.85,True,1.1716244659036503,86.0,1.08,0,False,▅▁▃▆▇▅▄▇▄▄█▇▇▆▄▇▆▆▅▇,False,False,False,0,0.06349999999999989,-0.0045630045630046245,0.11454285225503258,0.03956284824922429,UP,True,59,48.0,IGNORE,SEED,,NEUTRAL,C,WAIT,CMF positive,Energy Minerals,25.5
DATAMATICS,821.4,783.0,829.9,770.0,False,True,True,True,True,False,1.6037667823250983,19.913282340000002,1.7070192510643045,True,-0.24855938707722267,True,32.19,False,0.7349315068493151,17.0,-0.88,0,False,▆▆▂▅▆▄▂▅▅▅▂▄▅▃▅▁█▂▄▂,False,False,False,0,0.06530056416574803,-0.007671398369072824,0.11634341642078072,0.03645445444315609,UP,True,58,48.0,IGNORE,NONE,,NEUTRAL,C,WAIT,No standout factor,Technology Services,23.6
UNICHEMLAB,568.4,537.0,608.0,530.0,False,True,True,True,False,True,38.86111655092418,234.60982832,39.96770254119006,True,-0.048537429606456226,True,6.88,False,0.18890719384953322,0.0,-2.62,0,False,▅▆██▃██▇▇▇█▆█▃▆▆▇▅▄▁,False,False,False,0,0.0216590275905455,-0.031686541737649065,0.07270187984557819,0.01243931107457985,UP,True,51,48.0,IGNORE,NONE,,NEUTRAL,C,WAIT,No standout factor,Health Technology,38.7
RAYMOND,1185.75,1183.4,1203.85,1162.5,False,True,True,True,False,True,0.21722343752101017,174.2179788,0.2676698595543971,False,0.22145698534890804,False,12.34,False,0.7293144208037826,4.0,-2.37,0,False,█▆▁▃▄▁▃▃▂▂▁▁▂▂▃▁▂▂▂▂,False,False,False,14,0.8664410514717458,0.9512094783610332,0.9174839037267785,0.9953353311732621,FLAT,True,99,47.0,IGNORE,NONE,,NEUTRAL,C,WAIT,"CMF positive, RS leader",Process Industries,25.8
SMLMAH,6616.5,6575.0,6660.0,6485.5,False,True,True,True,False,True,0.303670921527489,22.63438485,0.3268155222116426,False,0.3293806659794473,False,31.59,False,0.8392667375132837,10.0,-1.19,0,False,▁▂▂▂▁▆▄█▅▅▆▅▇▅▆▆▆▅█▃,False,False,False,9,0.22244803695150117,0.6203805745353022,0.27349088920653386,0.6645064273475311,FLAT,True,98,47.0,IGNORE,NONE,,NEUTRAL,C,WAIT,"CMF positive, RS leader",Consumer Durables,23.7
SETL,428.95,434.7,437.65,416.1,False,True,True,True,False,True,0.7155335861726906,30.780293834999995,0.74271934434127,False,0.22138413779912644,False,48.28,False,0.8966144817724293,27.0,-0.5,0,False,▄▂▃▃▄▂▃▇▁▁█▂▂▃▂▄▃▄▄▃,False,False,False,7,0.10825474744864994,0.48092525461764213,0.15929759970368262,0.525051107429871,FLAT,True,97,47.0,IGNORE,NONE,,NEUTRAL,C,WAIT,"CMF positive, RS leader",Health Technology,38.7
WHEELS,2204.0,2300.0,2300.0,2191.0,True,True,True,True,False,True,0.15567986462150651,30.4830832,0.15325497779791233,False,0.43055822608195643,False,33.63,False,0.9911874797370981,12.0,-1.13,0,False,█▇▆▅█▂▁▁▄▄▄▃▅▄▄█▄▇▂▅,False,False,False,3,0.42949798936308214,0.4803868887694789,0.48054084161811483,0.5245127415817078,FLAT,True,97,47.0,IGNORE,NONE,,NEUTRAL,C,WAIT,"CMF positive, RS leader",Producer Manufacturing,29.0
FCL,57.94,57.39,58.42,55.55,False,True,True,True,False,True,0.7450403065738626,110.26190583999998,0.7638172165436286,False,0.043402265961770325,True,26.38,False,0.8506796085196949,15.0,-1.18,0,False,▇▄█▆▄▂▁▁▃▃▃▃▃▅▄▅▄▃▅▃,False,False,False,6,0.1865656358795822,0.44669163545568047,0.23760848813461488,0.4908174882679094,FLAT,True,96,47.0,IGNORE,NONE,,NEUTRAL,C,WAIT,"CMF positive, RS leader",Process Industries,25.8
QUADFUTURE,542.15,535.0,554.0,521.1,False,True,True,True,False,True,0.4723975275904177,36.967419405,0.5238948933513744,False,0.015612164763077006,True,22.94,False,0.8674443667164546,25.0,-0.66,0,False,▄▅▃█▅▅▅▅▁▁▃▃▃▄▅▆▇▂▄▄,False,False,False,9,0.29345103185017307,0.37044994944388265,0.34449388410520576,0.41457580225611157,FLAT,True,95,47.0,IGNORE,NONE,,NEUTRAL,C,WAIT,"CMF positive, RS leader",Producer Manufacturing,29.0
COMSYN,261.95,281.9,282.85,258.25,True,False,False,True,False,True,1.9241213578157477,32.87949249,1.697962348660821,False,-0.3701338513631535,False,41.03,False,0.8203210908291181,37.0,-0.41,0,True,▅▃██▄▂▆▅▅▅▃▂▅▃▁▂▁▃▆▂,False,False,False,7,-0.13931329061935283,0.38980263157894735,-0.08827043836432014,0.43392848439117626,FLAT,True,95,47.0,IGNORE,DISTRIBUTION,,NEUTRAL,C,WAIT,RS leader,Process Industries,25.8
ENGINERSIN,310.2,310.1,316.8,304.75,True,True,True,True,False,True,0.5721635011576176,154.64934143999997,0.6114456169782898,False,0.31207179085952164,False,25.11,False,0.7564620112068445,5.0,-1.59,0,False,▁▃▄▆▅▅▆▅██▅▅█▃▂▃▄▂▂▃,False,False,False,9,0.10765934654525977,0.35981062598632296,0.15870219880029246,0.4039364787985519,FLAT,True,94,47.0,IGNORE,NONE,,NEUTRAL,C,WAIT,"CMF positive, RS leader",Industrial Services,35.2
EMUDHRA,627.15,650.2,651.0,621.1,True,True,True,True,False,True,0.21733189300241007,30.59225157,0.21390806557569852,False,0.09834661748870549,False,32.73,False,0.8493356861116876,9.0,-1.3,0,False,▆▇▅▇▆▇▇███▁▁▃▃▃▃▃▄▄▄,False,False,False,6,0.17642093415869442,0.35585342125175656,0.2274637864137271,0.3999792740639855,FLAT,True,94,47.0,IGNORE,NONE,,NEUTRAL,C,WAIT,"CMF positive, RS leader",Technology Services,23.6
BLUSPRING,143.11,149.0,152.5,142.0,True,True,True,True,False,True,0.6534105658056569,5.0342377140000005,0.6960801787990315,False,0.2696391429691348,False,32.95,False,0.7166392988027014,6.0,-1.63,0,False,▅▃▄▃▆█▁▅▃▃▁▄▆█▄▅▁▃▃▁,False,False,False,8,0.1781509837820039,0.3238667900092509,0.22919383603703658,0.3679926428214798,FLAT,True,93,47.0,IGNORE,NONE,,NEUTRAL,C,WAIT,"CMF positive, RS leader",Commercial Services,27.2
MOTILALOFS,996.2,1002.0,1013.8,995.5,True,False,True,True,False,True,1.1413912439675515,86.95261966,1.1115968244807077,False,0.07436206626219873,False,53.21,True,1.261483386873081,87.0,0.97,0,True,▄▅▃▃▅▆▄▃▃▃▄▄█▂▃▁▄▂▅▅,False,False,False,4,-0.01948818897637794,0.032599118942731264,0.03155466327865475,0.07672497175496018,FLAT,True,66,47.0,IGNORE,SEED,,NEUTRAL,C,WAIT,CMF positive,Finance,26.4
AJANTPHARM,3557.5,3524.9,3589.0,3500.0,False,True,True,True,False,True,1.107883195506116,30.240173,1.117522929351508,True,0.025157331479613024,True,47.5,False,0.8834250855527452,22.0,-0.64,0,True,▄▅▂▆▅▅▃▁▅▅█▆▆▄▅▄▃▇▄▄,False,False,False,0,0.01503652134215927,-0.004978603194137565,0.06607937359719196,0.03914724961809135,UP,True,59,47.0,IGNORE,NONE,,NEUTRAL,C,WAIT,CMF positive,Health Technology,38.7
TRAVELFOOD,1196.6,1213.5,1213.5,1171.0,True,False,False,False,False,False,11.664847509937177,42.64837958,11.108133549963206,False,0.05925219240802742,True,65.55,True,1.2928611579539067,80.0,0.67,0,True,▅▁▂█▃▁▄▃▅▅▃▃▃▄▄▃▄▃▃▆,False,False,False,0,-0.05816607634789461,-0.07989234909650145,-0.007123224092861924,-0.03576649628427253,UP,False,37,47.0,IGNORE,NONE,,NEUTRAL,C,WAIT,CMF positive,Consumer Services,24.4
RAMCOCEM,844.25,849.7,850.0,822.05,True,False,False,False,False,False,1.7463307212352628,28.621172525,1.6912318259711283,False,0.13599693491950438,True,64.43,True,1.1355705171137511,73.0,0.62,0,True,▂▁▂▁▃▄▃█▄▄▅▃▄▂▇▇▂▅▂▅,False,False,False,0,-0.03552864568458336,-0.08013728481150573,0.01551420657044933,-0.03601143199927681,UP,False,37,47.0,IGNORE,NONE,,NEUTRAL,C,WAIT,CMF positive,Non-Energy Minerals,34.0
NGLFINE,2870.9,2736.0,2948.0,2715.1,False,True,False,True,False,False,1.9902149453278788,6.487372730000001,2.0210880939022426,True,0.3031672390619711,True,35.55,False,0.711782961257383,9.0,-1.35,0,False,▅▄▁▄▅▄▅▆▆▆▅▆█▅▅▄▃▃▅▃,False,False,False,0,0.0802603853100543,-0.11320812998084884,0.131303237565087,-0.06908227716861992,UP,False,27,47.0,IGNORE,NONE,,NEUTRAL,C,WAIT,CMF positive,Health Technology,38.7
NITCO,86.75,84.05,87.5,82.6,False,False,False,False,False,False,3.142368765098482,13.06210365,2.9872940894950886,True,0.11540906944387738,True,48.89,False,0.9319570335210972,38.0,-0.21,0,False,▁▁▄▅▃▅▆▅▄▄▃▄▅█▄▄▄▇█▃,False,True,False,0,-0.07149737771593712,-0.18887330528284252,-0.020454525460904427,-0.1447474524706136,UP,False,9,47.0,IGNORE,NONE,,NEUTRAL,C,WAIT,CMF positive,Producer Manufacturing,29.0
ARTEMISMED,366.6,364.15,369.6,360.4,False,True,True,True,True,True,0.36705967445191917,19.1627319,0.38090127433848875,False,-0.13299665320495024,True,41.3,False,0.9605433000360495,12.0,-1.16,0,False,▆██▆▇▇▇▅▆▆▇▆▆▇▆█▇▁▃▆,False,False,False,7,0.11785333130050324,0.32322685435841914,0.16889618355553593,0.36735270717064805,FLAT,True,93,46.0,IGNORE,NONE,,NEUTRAL,C,WAIT,RS leader,Health Services,24.1
AVALON,2302.0,2300.0,2343.0,2240.0,True,True,True,True,False,True,0.3107951739753358,48.4932414,0.30077403560741306,False,0.06652101064502762,True,30.15,False,0.8741917712893966,10.0,-1.15,0,False,▆▆▅▄▁█▇▇▆▆▄▅▅▅▃▇▇▅▆▄,False,False,False,2,-0.007159492797377709,0.32071141709695916,0.04388335945765498,0.3648372699091881,FLAT,True,92,46.0,IGNORE,NONE,,NEUTRAL,C,WAIT,"CMF positive, RS leader",Electronic Technology,27.1
MANINFRA,127.9,126.95,130.0,125.11,False,True,True,True,False,True,1.02147226098689,33.89573825,1.0369368121726323,True,0.023892371962362532,False,33.32,False,0.8160866051091136,24.0,-0.78,0,False,▂▃▅▇▄▂▂▆██▂▃▁▄▅▃▄▅▂▃,False,False,False,10,0.02681438664097624,0.28323467442560446,0.07785723889600893,0.3273605272378334,FLAT,True,91,46.0,IGNORE,NONE,,NEUTRAL,C,WAIT,"CMF positive, RS leader",Finance,26.4
PAYTM,1687.9,1635.8,1691.7,1624.4,False,False,True,True,False,True,0.8802404348427779,648.40594105,0.8526721210572604,False,0.05863348756656858,True,41.68,False,0.9499931622373159,57.0,0.04,0,True,▄▆▄▄▄█▄▁▂▂▁▄▅▇▁▅▇▆▅▄,False,False,False,5,-0.017005416108554994,0.25261595547309845,0.034037436146477695,0.29674180828532737,FLAT,True,89,46.0,IGNORE,NONE,,NEUTRAL,C,WAIT,CMF positive,Finance,26.4
URBANCO,163.71,161.0,164.89,158.6,False,False,True,True,False,True,0.5984760856240584,61.333918758,0.5742833489031259,False,0.13441932802022258,True,39.1,True,1.0578002624210372,43.0,-0.11,0,False,▃▄▂▄▄▂▅▃▂▂▃▁▃▄█▇▆▃█▅,False,False,False,3,-0.023384835649943203,0.2205323193916351,0.027658016605089486,0.264658172203864,FLAT,True,87,46.0,IGNORE,NONE,,NEUTRAL,C,WAIT,CMF positive,Technology Services,23.6
MANALIPETC,80.18,82.09,82.44,78.82,True,False,True,True,False,True,0.16148676490128594,9.409331468000001,0.1502900103905494,False,0.19659440925897514,True,38.75,True,1.548080380328393,26.0,-0.54,1,False,▁▂▁▄▅▄▅▅▅▅▄▆▆▃▆▆█▄▆▇,False,False,False,2,-0.04593050928129461,0.21891152325934948,0.005112342973738082,0.2630373760715784,FLAT,True,87,46.0,IGNORE,NONE,DEL39% ▁▂▁▄▅▄▅▅▅▅▄▆▆▃▆▆█▄▆▇ P26 Z-0.5,NEUTRAL,C,WAIT,CMF positive,Process Industries,25.8
MSTCLTD,713.05,711.95,719.95,705.5,False,False,True,True,False,True,0.548968343170074,11.28587018,0.5252311824378948,False,0.06451190605508618,True,44.22,True,1.0153263302910283,41.0,-0.05,0,False,▇▇▄▇▅▃▅▇▁▁▄▂▃▂▆▅█▁▅▅,False,False,False,3,-0.022616681516003045,0.19298979421114248,0.028426170739029644,0.2371156470233714,FLAT,True,85,46.0,IGNORE,NONE,,NEUTRAL,C,WAIT,CMF positive,Retail Trade,31.2
VINCOFE,182.56,179.0,184.0,174.68,False,True,True,True,False,True,0.5957803629842384,24.7304904,0.6154859602484696,False,-0.12423182127689426,True,41.56,True,1.158967637585577,90.0,1.39,0,False,▄▂▃▅▅▄▆▅▄▄▃▃▄▄▁█▄▇▇▆,False,False,False,3,0.03228724908114233,0.16569823127514205,0.08333010133617502,0.20982408408737097,FLAT,True,84,46.0,IGNORE,SEED,,NEUTRAL,C,WAIT,Delivery P90,Distribution Services,33.3
RACLGEAR,1588.6,1606.6,1626.0,1535.3,True,False,True,True,False,True,0.3560082547317421,6.777285320000001,0.32508747788743336,False,0.15942425397970947,True,49.64,True,1.3022718925442047,64.0,0.46,0,False,▅▇▇▆▇▇▅▅▁▁▄▄▆▇▅▆▆█▇▇,False,False,False,10,0.03296703296703285,0.17067059690493736,0.08400988522206554,0.21479644971716627,FLAT,True,84,46.0,IGNORE,NONE,,NEUTRAL,C,WAIT,CMF positive,Producer Manufacturing,29.0
RISHABH,723.85,717.5,728.85,699.65,False,False,True,True,False,True,0.31156309809087757,6.03024958,0.2944043387442611,False,0.21890504016622792,True,47.52,True,1.0449008311711157,48.0,-0.01,0,False,▄▁▅▄▃▄▂▅▄▄▅▅▇▄▆▅█▃▃▅,False,False,False,9,0.040462843179531305,0.10917866993564207,0.091505695434564,0.15330452274787099,FLAT,True,78,46.0,IGNORE,NONE,,NEUTRAL,C,WAIT,CMF positive,Producer Manufacturing,29.0
GUFICBIO,436.5,421.0,445.0,416.35,False,True,True,True,False,True,1.2792777937005875,6.40018125,1.281310866080871,True,-0.0028088401249932995,True,46.32,False,0.9023083666114736,21.0,-0.64,0,False,▄▁▄▅▃▅▅▅▅▅█▇▄▄█▇▆▅▅▄,False,True,False,5,0.03669397933737084,0.1003277035543233,0.08773683159240353,0.14445355636655222,FLAT,True,76,46.0,IGNORE,NONE,,NEUTRAL,C,WAIT,No standout factor,Health Technology,38.7
GODREJAGRO,631.7,640.1,643.15,626.7,True,False,True,True,False,True,0.10981381049627982,6.1059490300000006,0.10523092742641725,False,0.12602046929433566,True,45.41,True,1.0519244356417294,33.0,-0.28,0,False,▁▃▅▆▆▇▆▇██▅▇█▇▆▇▄▆▆▆,False,False,False,9,-0.03468826405867964,0.09765421372719385,0.016354588196353048,0.14178006653942277,FLAT,True,76,46.0,IGNORE,NONE,,NEUTRAL,C,WAIT,CMF positive,Process Industries,25.8
HINDOILEXP,173.91,173.35,177.0,171.55,False,False,True,True,False,True,0.1388243058481299,6.863114676,0.13109875907048102,False,0.22074470182352593,True,38.56,True,1.0674639426404229,34.0,-0.5,0,False,▄▆▁▅▅▅▅▆▆▆▆▆▇██▆▇█▆▆,False,False,False,5,0.02905325443786988,0.0705447830101571,0.08009610669290257,0.11467063582238601,FLAT,True,73,46.0,IGNORE,NONE,,NEUTRAL,C,WAIT,CMF positive,Energy Minerals,25.5
SUPRAJIT,492.1,481.2,495.0,475.55,False,True,True,True,False,True,1.0715842513169465,4.63932196,1.0773455872837425,True,-0.00606191299187982,True,67.5,True,1.2074810157151419,96.0,1.43,0,True,▇█▆▆▆▆▇▇▅▅▁▄▆▆▅▆▆▇▇▇,False,False,False,0,-0.02833448514167236,0.006545305788504985,0.022708367113360328,0.0506711586007339,FLAT,True,62,46.0,IGNORE,SEED,,NEUTRAL,C,WAIT,Delivery P96,Producer Manufacturing,29.0
SKIPPER,541.55,533.5,544.5,529.65,False,False,False,True,False,True,0.3404917260255324,27.523358114999997,0.3196146708966339,False,0.1034701121213663,True,44.54,True,1.1981008997861495,44.0,-0.08,0,False,▇▆▆▁▅▆▇▆▆▆▇▅▆█▆▃▇▆██,False,False,False,3,0.013095126742119545,-0.007695831424645028,0.06413797899715223,0.03643002138758389,UP,True,58,46.0,IGNORE,NONE,,NEUTRAL,C,WAIT,CMF positive,Producer Manufacturing,29.0
ANANTRAJ,602.3,605.0,613.6,599.0,True,False,True,True,False,False,0.41183185409947887,71.91046413,0.4009042135936532,False,0.1542175442656016,True,37.85,True,1.0190894160092618,62.0,0.28,0,False,▆▅▁▂▄▆█▆▆▆▃▂▄▆▆▄▄▆▄▅,False,False,False,4,0.024668254508336096,-0.010757986367742611,0.07571110676336879,0.033367866444486305,UP,True,57,46.0,IGNORE,NONE,,NEUTRAL,C,WAIT,CMF positive,Consumer Durables,23.7
PRAKASH,121.62,115.66,122.8,114.4,False,True,False,False,False,False,2.2919918626406823,12.883620108,2.302890001492049,True,-0.10609331907765224,True,44.53,False,0.8110741769500479,15.0,-1.05,0,True,▃▆▄▃█▅▇▇▇▇▃▆▅▄▁▅▇▃█▃,False,True,False,0,-0.03644430359689421,-0.021088216355441003,0.014598548658138477,0.023037636456787913,FLAT,True,54,46.0,IGNORE,NONE,,NEUTRAL,C,WAIT,No standout factor,Non-Energy Minerals,34.0
ASTRAL,1375.0,1370.5,1384.2,1346.5,False,False,False,False,False,False,1.5584265384762697,128.3992875,1.4826124231364535,True,0.08466513975857572,True,58.72,False,0.9925373765033002,84.0,1.06,0,True,▁▆▆▇█▆▆▇▆▆▆▄█▅▆▆▇▆▂▆,False,True,False,0,-0.08759124087591241,-0.028337219984453377,-0.036548388620879724,0.01578863282777554,FLAT,True,52,46.0,IGNORE,NONE,,NEUTRAL,C,WAIT,CMF positive,Producer Manufacturing,29.0
AIIL,541.8,548.25,556.0,536.9,True,False,True,True,False,False,0.3101110426248869,9.02546694,0.31126539608024845,False,0.24903056834208714,True,45.97,True,1.101737567405632,61.0,0.23,0,True,▆▇▆▇▆▆▆▆▁▁█▆█▅▆▆▇▄▆▆,False,False,False,0,0.004635638791025354,-0.029988362724912676,0.05567849104605804,0.01413749008731624,UP,True,52,46.0,IGNORE,NONE,,NEUTRAL,C,WAIT,CMF positive,Finance,26.4
ASTERDM,733.95,745.0,751.95,718.5,True,False,False,True,False,False,3.9959557988462464,303.30527787000005,3.8224301868887416,False,0.05669249409035121,False,61.24,True,1.0704609414602597,81.0,0.86,0,True,▄▃▅▄▂▂█▃▁▁▂▃▅▄▄▅▄▇▂▅,False,False,False,0,-0.031472684085510516,-0.09773188272174071,0.019570168169522173,-0.0536060299095118,UP,False,31,46.0,IGNORE,NONE,,NEUTRAL,C,WAIT,CMF positive,Health Services,24.1
SHREECEM,21900.0,22170.0,22360.0,21550.0,True,False,False,False,False,False,25.902247077645974,983.89692,24.93973831948981,False,-0.10850532569375215,False,74.0,True,1.4803997079211386,95.0,1.69,0,True,▂▄▄▅▅▄▃▃▅▅▅▄▂▇▂▄▁▃▄█,False,True,False,0,-0.0676883780332056,-0.19618278583226278,-0.01664552577817291,-0.15205693302003387,UP,False,7,46.0,IGNORE,DISTRIBUTION,,NEUTRAL,C,WAIT,Delivery P95,Non-Energy Minerals,34.0
OPTIEMUS,796.2,810.9,810.9,781.15,True,True,True,True,False,True,0.5296342714324533,59.30471814,0.5609561834200555,False,0.4477990214596786,False,22.98,False,0.5468303826384923,2.0,-2.89,0,False,▇▇▆▆▇█▇▃███▇▆▅▁▂▂▃▁▂,False,False,False,2,0.36616334934797545,0.31527215660361785,0.41720620160300814,0.35939800941584676,UP,True,92,45.0,IGNORE,NONE,,NEUTRAL,C,WAIT,"CMF positive, RS leader",Distribution Services,33.3
ASKAUTOLTD,619.85,643.0,646.2,611.0,True,False,True,True,False,True,2.724287588413591,44.054041185,2.656093973023364,False,-0.17237728223068272,False,39.27,False,0.8701432512380763,12.0,-0.88,0,True,▄▄▂▆▄█▄▅▅▅▄▄▄▄▃▂▅▃▁▃,False,False,False,0,-0.02485644615747651,0.278041237113402,0.02618640609755618,0.3221670899256309,FLAT,True,91,45.0,IGNORE,DISTRIBUTION,,NEUTRAL,C,WAIT,RS leader,Producer Manufacturing,29.0
SYRMA,1692.6,1745.0,1746.4,1685.0,True,True,True,True,False,True,0.40868824907417284,188.09880726,0.41847551943975264,False,0.3515676425474379,False,36.35,True,1.2219308861099907,49.0,0.08,0,False,▆▇▅█▂▃▅▅▅▅▄▁▁▃▃▄▃▃▅▆,False,False,False,10,0.16900338421161676,0.23151920838183915,0.22004623646664945,0.27564506119406806,FLAT,True,88,45.0,IGNORE,NONE,,NEUTRAL,C,WAIT,CMF positive,Electronic Technology,27.1
APLAPOLLO,2188.6,2191.9,2217.8,2172.1,True,True,True,True,False,True,1.0629128376302397,139.95812482,1.0609227060395228,False,0.14468813382446502,False,63.43,True,1.1694537141171482,76.0,0.78,0,True,▂█▅▄▄▇▅▄▂▂▄▁█▄▇▄▅▇▇▇,False,False,False,2,-0.020322291853178243,0.20279182237854476,0.030720560401854446,0.24691767519077368,FLAT,True,86,45.0,IGNORE,NONE,,NEUTRAL,C,WAIT,CMF positive,Non-Energy Minerals,34.0
GANDHAR,273.55,261.9,274.55,258.0,False,True,True,True,False,True,0.9152018905016898,18.90421985,0.941357564290698,False,0.04987334669723548,True,52.07,True,1.1518764724750854,76.0,0.66,0,True,▁▄▅▆▇█▄▄▆▆▃▆▇▅▆▇▇▆▆█,False,False,False,0,0.044881588999236,0.2041642822555796,0.09592444125426869,0.2482901350678085,FLAT,True,86,45.0,IGNORE,NONE,,NEUTRAL,C,WAIT,CMF positive,Process Industries,25.8
ACMESOLAR,437.95,438.95,440.8,427.9,False,True,True,True,False,True,0.3804945365900786,46.74301663,0.38635718691453125,False,0.20650323999556833,False,46.09,True,1.0116774221871023,49.0,0.0,0,False,▃▃▄▁▃▄▄▄▄▄▂▁▇▁▃▄▅█▄▄,False,False,False,9,0.08484022789199908,0.17381399088716143,0.13588308014703177,0.21793984369939035,FLAT,True,84,45.0,IGNORE,NONE,,NEUTRAL,C,WAIT,CMF positive,Industrial Services,35.2
AGI,792.9,804.8,808.4,781.1,True,True,True,True,False,True,0.47886961678332335,7.97157873,0.4787997936936963,False,0.26206482975222384,False,47.39,True,1.0468648176988413,30.0,-0.4,0,False,▅█▇██▅▅▅▄▄▇▇▄▁▄▆▇▆▅▆,False,False,False,5,0.013614573346117043,0.1551573426573427,0.06465742560114973,0.19928319546957163,FLAT,True,82,45.0,IGNORE,NONE,,NEUTRAL,C,WAIT,CMF positive,Process Industries,25.8
NEULANDLAB,21375.0,21690.0,21920.0,21170.0,True,False,False,True,False,True,2.008326741429428,179.357625,1.8787562663448873,False,-0.25016679291755417,False,55.6,True,1.154365202948199,95.0,1.76,0,True,▃▄▆▆▄▁▃▁▃▃▁▂▆█▆▂█▂▃▆,False,False,False,2,-0.07166123778501632,0.13125165387668702,-0.02061838552998363,0.17537750668891594,FLAT,True,80,45.0,IGNORE,DISTRIBUTION,,NEUTRAL,C,WAIT,Delivery P95,Health Technology,38.7
SANATHAN,515.0,525.95,530.95,510.2,True,True,True,True,False,True,0.5081255293094207,4.545287,0.5328190763139417,False,0.08144674444404108,False,50.15,False,0.9309794312021981,21.0,-0.75,0,True,▇█▇▁▄▄▄▅▄▄▄▅▅▇▆▅▂▄▃▄,False,False,False,3,0.16978989210675755,0.10195784743768055,0.22083274436179023,0.14608370024990947,UP,True,76,45.0,IGNORE,NONE,,NEUTRAL,C,WAIT,CMF positive,Process Industries,25.8
THELEELA,533.6,549.45,572.15,522.15,True,False,True,True,False,True,5.492694444178809,75.08936592,5.3538849494649625,False,-0.21082285110653,False,59.17,True,1.07329106920977,57.0,0.1,0,False,▄▁▆▆▄█▅▁▃▃▄▃▄▃▅▆▇▅▃▅,False,True,False,1,-0.0725645259407317,0.09422741720496264,-0.021521673685699017,0.13835327001719155,FLAT,True,75,45.0,IGNORE,DISTRIBUTION,,NEUTRAL,C,WAIT,No standout factor,Consumer Services,24.4
MAHASTEEL,1021.4,1002.9,1040.9,1002.9,True,True,True,True,False,True,0.2324515753160124,0.36269914,0.24380660333450233,False,0.43021949857080166,False,59.7,True,1.0421303448456443,47.0,0.11,0,False,█▆▂▄▅▇▄▄▄▅█▄▃▅▄▂▇▅▁▅,False,False,False,5,0.15850961265808428,0.07335014712063881,0.20955246491311696,0.11747599993286773,UP,True,73,45.0,IGNORE,NONE,,NEUTRAL,C,WAIT,CMF positive,Non-Energy Minerals,34.0
SPORTKING,212.16,208.0,213.9,203.31,False,True,True,True,False,True,0.8410902847044289,5.244573984,0.8235938792990313,False,0.00036089411729678806,True,59.73,True,1.2060210190504073,71.0,0.55,0,True,▁▄▄▅▅▄▄▄▆▆▅▅▆▅▄▅▇█▅▇,False,False,False,2,-0.07720412335261628,0.06903154288017732,-0.026161271097583594,0.11315739569240624,FLAT,True,72,45.0,IGNORE,NONE,,NEUTRAL,C,WAIT,CMF positive,Process Industries,25.8
HCG,703.6,695.45,708.0,684.0,False,True,True,True,False,True,0.839552563624328,7.973265560000001,0.8491174884081393,False,0.014892380881619973,True,63.32,True,1.1095243518867346,74.0,0.43,0,True,▄▂▇▂▃▃▃▁▄▄▄█▂▃▄▄▂▃▄▄,False,False,False,0,-0.0011357183418511108,0.06404536862003773,0.04990713391318158,0.10817122143226665,FLAT,True,71,45.0,IGNORE,NONE,,NEUTRAL,C,WAIT,CMF positive,Health Services,24.1
CAPLIPOINT,2744.0,2852.0,2869.0,2735.0,True,True,True,True,False,True,0.27752055893189786,25.6789008,0.27516994565567027,False,0.12059079921051455,False,41.3,True,1.2609531951271638,27.0,-0.5,0,False,▁▃▅▆▆▆▇▃▇▇▆▅▄▆▇█▁▃▆▇,False,False,False,7,0.012097964001180461,0.0521472392638036,0.06314081625621315,0.09627309207603252,FLAT,True,69,45.0,IGNORE,NONE,,NEUTRAL,C,WAIT,CMF positive,Health Technology,38.7
AEGISVOPAK,294.25,298.0,298.0,288.1,True,False,True,True,False,True,0.4408640603946002,25.56638205,0.43276933351249447,False,0.21992973210828004,False,40.03,True,1.0195868673747484,41.0,-0.19,0,False,▅▃▃▆▆▆▆▆██▅▁▄▆▆▅▅▆▄▅,False,False,False,4,0.08941132913735639,0.02010747096550536,0.14045418139238908,0.06423332377773427,UP,True,64,45.0,IGNORE,NONE,,NEUTRAL,C,WAIT,CMF positive,Transportation,30.4
INDHOTEL,726.0,726.1,731.25,721.95,True,False,True,True,False,True,0.8364436999271428,110.966922,0.8360333888028407,False,0.07281779044635135,False,77.25,True,1.3296842322687252,100.0,2.24,0,False,▂▃▃▄▃▅▆▄▃▃▅▄▄▁▂▄▃▅▆█,False,False,False,2,0.010438413361169019,-0.0074509535853442,0.06148126561620171,0.036674899226884716,UP,True,58,45.0,IGNORE,SEED,,NEUTRAL,C,WAIT,"Delivery P100, CMF positive",Consumer Services,24.4
ORCHPHARMA,1014.9,1023.4,1040.9,991.6,True,False,True,True,False,True,1.2634305176478486,14.897412629999998,1.2209802709615027,False,0.04008060325909012,True,47.88,False,0.954307638646669,49.0,-0.09,0,True,▅▆▆▄▇▇▅▆▇▇▆█▇▁▁▂▁▃▄▅,False,False,False,3,0.07068256145162999,-0.007917888563049869,0.12172541370666268,0.03620796424917905,UP,True,58,45.0,IGNORE,NONE,,NEUTRAL,C,WAIT,CMF positive,Health Technology,38.7
HONASA,441.65,454.0,457.05,439.3,True,False,False,True,False,True,28.636536562790646,918.3684674449999,26.821048471742287,False,-0.5136167906253979,False,66.88,True,1.4492816434437774,96.0,1.72,0,True,▃▄▂▃▃▄▅▂▆▆▃▁▃▁▄▅▃▃▂█,False,False,False,0,-0.0672650475184795,-0.020948791842163694,-0.016222195263446815,0.023177060970065222,FLAT,True,54,45.0,IGNORE,DISTRIBUTION,,NEUTRAL,C,WAIT,Delivery P96,Retail Trade,31.2
IDFCFIRSTB,79.46,80.4,80.63,78.6,True,False,False,True,False,True,1.7263182079836115,287.39947789599995,1.5992608663778065,False,-0.14857960032708661,False,58.15,True,1.0234522814273772,79.0,0.85,0,True,▄▆▆▁▇▆▇▂▇▇█▄▇▅▄▁▄▄▄▆,False,False,False,9,-0.06407538280329816,-0.02694097477345092,-0.013032530548265475,0.017184878038777995,FLAT,True,53,45.0,IGNORE,DISTRIBUTION,,NEUTRAL,C,WAIT,No standout factor,Finance,26.4
WEWORK,667.15,645.65,679.8,641.3,False,False,False,True,False,True,1.2173210645181887,13.673706254999999,1.2164519253491253,True,-0.19766240973782756,True,58.0,True,1.0202286719437115,70.0,0.36,0,True,▆▁▇▅▆▆▇▆▆▆▃▇█▇▂▇█▆▇▇,False,True,False,0,-0.0125804780581662,-0.08358516483516487,0.03846237419686649,-0.039459312022935955,UP,False,36,45.0,IGNORE,NONE,,NEUTRAL,C,WAIT,No standout factor,Finance,26.4
VINDHYATEL,2653.3,2592.1,2691.5,2508.1,False,False,True,True,False,True,0.633526381808962,15.745743520000001,0.6111768743982381,False,-0.007348965401008868,True,36.99,True,1.0489748461560278,23.0,-0.87,0,False,▂▂▂▄▁▁▂▃▄▄▄▂▁▄▂▅█▅▆▄,False,False,False,6,0.02972794659836242,0.3714979840793964,0.08077079885339511,0.4156238368916253,FLAT,True,95,44.0,IGNORE,NONE,,NEUTRAL,C,WAIT,RS leader,Industrial Services,35.2
ASIANENE,478.25,476.25,484.5,459.8,False,False,True,True,False,True,0.5253882895388848,11.9491719,0.4908641859228954,False,0.00919042799074006,False,41.54,True,1.0497188704276958,33.0,-0.41,0,False,▆▃▅▅▆▁▅▆▂▂▃▄▆▅▆▅█▇▆▆,False,False,False,4,-0.020782145782145767,0.36350677120456165,0.030260706472886922,0.40763262401679057,FLAT,True,94,44.0,IGNORE,NONE,,NEUTRAL,C,WAIT,"CMF positive, RS leader",Energy Minerals,25.5
KIRIINDUS,543.45,542.0,560.0,538.5,False,True,True,True,False,False,0.32237007199364054,25.87984983,0.31247947333554765,False,-0.018755386361276855,True,41.77,True,1.0895337463319206,40.0,-0.12,0,False,▅▄▁▃▄▄▆▆▆▆▆▅█▅▇█▆▆█▆,False,False,False,4,0.05329973834673907,0.33214854761612966,0.10434259060177176,0.3762744004283586,FLAT,True,93,44.0,IGNORE,NONE,,NEUTRAL,C,WAIT,RS leader,Process Industries,25.8
GNA,593.75,597.0,600.0,575.4,True,True,True,True,False,True,0.5804636422560101,29.628303125,0.5804203537903724,False,0.14858892489971018,True,41.46,False,0.9448280577015109,21.0,-0.73,0,False,█▆▆▇▇▇▇█▇▇▆▇▄▄█▄▁▄▆▅,False,False,False,3,0.11512818104986366,0.1646724205570811,0.16617103330489635,0.20879827336931,FLAT,True,83,44.0,IGNORE,NONE,,NEUTRAL,C,WAIT,CMF positive,Producer Manufacturing,29.0
MOTHERSON,165.5,162.6,166.22,160.72,False,True,True,True,False,True,1.194623237221759,229.49347125,1.2095863749867946,True,-0.02006316815716295,True,57.11,True,1.0318815441183113,85.0,1.01,0,True,▁▃▃▄▄▃▄▅▅▅▄▃█▂▄▃▆▃▂▄,False,False,False,1,-0.003012048192771122,0.1521058127392969,0.04803080406226157,0.19623166555152582,FLAT,True,82,44.0,IGNORE,SEED,,NEUTRAL,C,WAIT,No standout factor,Producer Manufacturing,29.0
LALPATHLAB,1950.4,1943.6,1971.4,1930.6,False,True,True,True,False,True,1.2804844693612711,78.298808,1.305358934659367,True,-0.1187640146675692,True,58.77,True,1.1224645708392222,58.0,0.22,0,False,▅▇█▆▄▇▆███▁▆█▇█▇▅▄▆▇,False,False,False,4,0.024154589371980784,0.14722663372742795,0.07519744162701347,0.19135248653965686,FLAT,True,81,44.0,IGNORE,NONE,,NEUTRAL,C,WAIT,No standout factor,Health Services,24.1
GRAUWEIL,82.78,83.1,84.78,82.26,True,True,True,True,False,True,0.2666194115746359,2.8845353240000002,0.2632022775217072,False,0.27863206042973165,True,49.82,False,0.9906148095124473,19.0,-0.61,0,False,▇█▆▇▇▇█▅▆▆▅█▁▅▆▄▆▇▅▆,False,False,False,5,0.19537906137184113,0.09352708058124182,0.24642191362687382,0.13765293339347073,UP,True,75,44.0,IGNORE,NONE,,NEUTRAL,C,WAIT,CMF positive,Process Industries,25.8
SJS,2309.8,2262.5,2377.1,2260.0,False,False,False,True,False,True,1.8171246491364452,62.765581280000006,1.7790717991369878,True,0.008057029208559085,False,46.05,False,0.8460097001763668,18.0,-0.76,0,False,▂▃█▂▂▂▃▆▃▃▁▄▅▁▂▃▄▃▃▁,False,True,False,0,-0.061514708272387364,0.0378324946081956,-0.010471856017354675,0.08195834742042452,FLAT,True,67,44.0,IGNORE,NONE,,NEUTRAL,C,WAIT,CMF positive,Producer Manufacturing,29.0
JMFINANCIL,125.78,124.1,126.7,123.19,False,False,False,False,False,False,1.0825626421227033,32.26778987,1.0671574292868082,True,0.10041837172882145,True,54.46,True,1.093113345777885,92.0,1.4,0,True,▁▂▂▁▄▃▄▁▃▃▁▃▆▆▅▄█▆▆▅,False,False,False,1,-0.019259259259259198,0.014027732989358332,0.03178359299577349,0.05815358580158725,FLAT,True,63,44.0,IGNORE,SEED,,NEUTRAL,C,WAIT,"Delivery P92, CMF positive",Finance,26.4
KIRLFER,474.4,469.4,476.8,461.0,False,True,True,True,False,True,0.7161038934030192,4.73721608,0.723869691258597,False,0.11493545792071974,True,60.56,False,0.9628822870044282,34.0,-0.21,0,False,▃▄▄▆▇█▇▂▄▄▃▅▄▂▃▁▁▁▅▃,False,False,False,6,0.05469097376611809,0.013566926610404817,0.10573382602115078,0.05769277942263373,UP,True,63,44.0,IGNORE,NONE,,NEUTRAL,C,WAIT,CMF positive,Non-Energy Minerals,34.0
GAIL,173.0,173.9,173.98,171.59,True,False,True,True,False,True,0.8736731145268333,92.4556461,0.8702697934077223,False,0.16045897612987972,True,64.81,True,1.0355185581670314,81.0,0.85,0,False,▅▃█▁▂▇▄▃██▅▃█▅▆▅▅▃▅▆,False,False,False,0,0.0032475063790304848,0.007512666705491666,0.054290358634063174,0.05163851951772058,UP,True,62,44.0,IGNORE,NONE,,NEUTRAL,C,WAIT,CMF positive,Utilities,34.3
HLEGLAS,434.65,419.05,436.95,406.2,False,True,True,True,False,False,0.5250470659924797,11.12669228,0.5749210363264733,False,0.07329234750817193,True,55.05,True,1.2873428821981876,84.0,0.87,0,False,▅▅▄▃▃▄▅▂▃▃▁▁▃█▅▃▅▄▇▆,False,False,False,1,0.3722178374112075,-0.007421785795843849,0.4232606896662402,0.03670406701638507,UP,True,58,44.0,IGNORE,NONE,,NEUTRAL,C,WAIT,CMF positive,Producer Manufacturing,29.0
AEGISLOG,1299.8,1308.1,1342.5,1279.8,True,False,True,True,False,True,0.600150619377843,73.21721407999999,0.5758444812230201,False,0.13755887828576052,True,45.96,True,1.2876113632543285,59.0,0.37,0,False,▆▆█▆█▄▁▄▂▂▁▃█▅▄▅▄▄▅█,False,False,False,2,0.06602148773886651,-0.010430148458317468,0.1170643399938992,0.03369570435391145,UP,True,57,44.0,IGNORE,NONE,,NEUTRAL,C,WAIT,CMF positive,Distribution Services,33.3
ZOTA,1300.2,1315.6,1346.9,1291.0,True,True,True,True,False,False,0.44086991500702616,6.96114078,0.45103988280756224,False,0.08316201568672302,True,57.07,True,1.0444824714721035,57.0,0.19,0,False,▆▅▆▅▆▅▆▅▅▅▆█▇▃▁▃▃▃▆▅,False,False,False,0,0.2646629705281589,-0.023213883254451062,0.3157058227831916,0.020911969557777854,UP,True,54,44.0,IGNORE,NONE,,NEUTRAL,C,WAIT,CMF positive,Health Technology,38.7
ALKEM,5250.0,5166.5,5306.5,5152.0,False,False,False,False,False,True,1.7415508036463891,128.125725,1.7392447972530962,True,0.039147794791632565,True,51.82,False,0.8499610448189611,35.0,-0.22,0,True,▅▇▆▄▅▄▆▆██▆▅█▅▇▄▁▂▄▄,False,False,False,0,-0.009433962264150941,-0.07594825310217368,0.04160888999088175,-0.03182240028994476,UP,False,38,44.0,IGNORE,NONE,,NEUTRAL,C,WAIT,CMF positive,Health Technology,38.7
NATCOPHARM,843.1,832.45,851.0,827.75,False,True,False,False,False,False,1.5505824883139292,53.56374489,1.581150232754195,True,0.003617905997257451,True,46.17,False,0.8664646104474951,69.0,0.43,0,True,▆▆▅█▅█▁▆▇▇▅▄██▆▅▁▃▆▃,False,False,False,0,-0.007183231276495561,-0.1235055619087223,0.04385962097853713,-0.07937970909649339,UP,False,23,44.0,IGNORE,NONE,,NEUTRAL,C,WAIT,CMF positive,Health Technology,38.7
BHAGERIA,377.85,380.65,387.4,371.0,True,True,True,True,False,True,0.43073106371038655,4.245824880000001,0.488269372162214,False,0.5217514749618547,False,53.52,False,0.9775521014082449,54.0,0.33,0,False,▅▁▅▁▃▆▇▆█▇█▆▆▄▆▅▅▃▆▅,False,False,False,10,0.5073001436093825,0.7860181508791833,0.5583429958644152,0.8301440036914122,FLAT,True,99,43.0,IGNORE,NONE,,NEUTRAL,C,WAIT,"CMF positive, RS leader",Process Industries,25.8
MMP,447.55,452.25,461.65,442.7,True,True,True,True,False,True,0.7636986508861808,3.9489126700000003,0.7610566079683124,False,0.1924585967427674,False,45.75,False,0.9028476703569949,10.0,-1.26,0,False,▅▅▇█▄▁▇▅▆▆▂▆▆▂▅▄▄▂▅▄,False,False,False,4,0.16777560339204167,0.573663853727145,0.21881845564707436,0.6177897065393739,FLAT,True,98,43.0,IGNORE,NONE,,NEUTRAL,C,WAIT,"CMF positive, RS leader",Non-Energy Minerals,34.0
IRISDOREME,62.8,63.0,66.17,62.11,False,True,True,True,False,True,0.56498653709146,3.3758454,0.5637429344303622,False,0.1538151688008861,False,22.16,False,0.6058452032698144,45.0,-0.32,0,False,▄▄▃▆▄▅▅▃▆▆█▄▄▂▁▄▄▃▇▂,False,False,False,9,0.08556611927398428,0.3643276124266781,0.13660897152901696,0.408453465238907,FLAT,True,95,43.0,IGNORE,NONE,,NEUTRAL,C,WAIT,"CMF positive, RS leader",Consumer Non-Durables,27.5
SAKAR,1121.85,1087.0,1129.0,1081.65,False,True,True,True,False,True,0.21297686193455936,5.29558074,0.2224015519115783,False,-0.010420061503759225,False,47.96,True,1.04609948414819,38.0,-0.37,0,False,▁▃▅▆▄▂▄▅▅▅▆▇█▄▅▅▅▅▆▅,False,False,False,10,0.1616360341703338,0.27664295874822176,0.21267888642536648,0.3207688115604507,FLAT,True,91,43.0,IGNORE,NONE,,NEUTRAL,C,WAIT,RS leader,Health Technology,38.7
WOCKPHARMA,2194.2,2199.0,2255.0,2148.0,False,True,True,True,False,True,0.954445233351436,279.63411407999996,0.9654841755083451,False,0.2700125930445396,False,32.19,False,0.8902101769911502,25.0,-0.48,0,False,█▇█▃▁▂▃▄▅▅▅▅▄▂▄▁▄▄▅▃,False,False,False,6,0.18566951259051123,0.15709539629805414,0.23671236484554392,0.20122124911028305,UP,True,83,43.0,IGNORE,NONE,,NEUTRAL,C,WAIT,CMF positive,Health Technology,38.7
PNB,116.25,117.12,118.01,116.23,True,False,True,True,False,True,0.6134225305097937,92.892317625,0.6127910296577944,False,-0.09334724011762598,False,57.45,True,1.1864074261463957,97.0,1.94,0,True,▄▄▅▆▆▇▆▄▄▄▅▁█▄▅▆▄▅▆▇,False,False,False,3,0.007365684575389997,0.1048279794715834,0.058408536830422686,0.14895383228381232,FLAT,True,77,43.0,IGNORE,SEED,,NEUTRAL,C,WAIT,Delivery P97,Finance,26.4
SHAREINDIA,205.68,206.1,213.12,202.22,True,True,True,True,False,True,0.145978391411548,26.211406704,0.14657052580636232,False,0.10195215780163172,False,23.86,False,0.71201563688993,13.0,-1.13,0,False,▇▇▆█▇▇▁▁▂▂▃▁▁▃▄▄▄▃▄▃,False,False,False,8,0.20421545667447294,0.10652033570045205,0.25525830892950563,0.15064618851268097,UP,True,77,43.0,IGNORE,NONE,,NEUTRAL,C,WAIT,CMF positive,Finance,26.4
TRUALT,458.4,459.9,464.0,452.7,False,True,True,True,True,True,0.9908042209151867,11.83249584,1.0551898946517595,False,0.06504153606133048,False,48.07,False,0.8370772820673562,36.0,-0.36,0,True,▄▂▅▄▃▃▅▃▅▅▃▁▄▆▅▇▆█▂▂,False,False,False,0,0.07065280859511858,0.10457831325301203,0.12169566085015127,0.14870416606524095,FLAT,True,77,43.0,IGNORE,NONE,,NEUTRAL,C,WAIT,CMF positive,Process Industries,25.8
PFOCUS,317.5,316.75,321.4,310.0,False,False,True,True,False,True,1.3989659622513098,118.2836725,1.349166795903213,True,0.03847278847470226,True,12.46,False,0.4136923536638003,8.0,-1.03,0,False,▅▇▅█▅▅▅▇██▃▂▃▂▂▃▂▂▁▂,False,False,False,11,0.10820244328097739,0.09702162946582815,0.15924529553601008,0.14114748227805707,UP,True,76,43.0,IGNORE,NONE,,NEUTRAL,C,WAIT,CMF positive,Consumer Services,24.4
AJAXENGG,591.65,600.0,602.5,578.95,False,True,True,True,False,True,0.8071296390405057,5.2152764199999995,0.8109791214667524,False,0.06795652460137566,False,54.04,True,1.0327759197324413,42.0,-0.2,0,False,▇▆▆▅▆▅▇▇▆▆▆▇█▇▆▆▁▃▅▆,False,False,False,1,0.030838923251154116,0.004840353260869623,0.0818817755061868,0.04896620607309854,UP,True,61,43.0,IGNORE,NONE,,NEUTRAL,C,WAIT,CMF positive,Producer Manufacturing,29.0
RAIN,215.41,215.95,217.44,210.1,True,True,True,True,False,True,0.6387125004823762,58.256923647,0.6456713351174707,False,0.060425845212170815,False,44.16,True,1.0542902163013894,48.0,0.07,0,False,▂▂▅▂█▅▁▄▇▇▄▅▆▄▇▆▇▃▆▆,False,False,False,0,0.04289518276446369,-0.03576544315129815,0.09393803501949638,0.008360409660930768,UP,True,50,43.0,IGNORE,NONE,,NEUTRAL,C,WAIT,CMF positive,Process Industries,25.8
GOLDIAM,322.85,312.6,330.9,310.0,False,False,False,False,False,False,2.223878194334378,30.06082178,2.1764770093696795,True,-0.19005070729458273,True,43.31,False,0.9139348154088017,60.0,0.17,0,True,▅▃▄▃▄▃▄▄██▂▁▄▄▆▄▆▂▇▃,False,True,False,0,-0.05709696261682229,-0.05984274898078035,-0.0060541103617896,-0.01571689616855143,UP,False,44,43.0,IGNORE,NONE,,NEUTRAL,C,WAIT,No standout factor,Consumer Durables,23.7
NITTAGELA,1695.0,1718.2,1718.2,1674.2,True,True,True,True,False,False,0.46365818636209183,0.3584925,0.46327365015570127,False,0.10212582742914536,True,67.49,True,1.0061046056603633,77.0,0.68,0,True,▄▄▇▄▃▁▄▄▅▅▃▂▆▃▄▄▇▅█▄,False,False,False,0,0.04758961681087759,-0.09115281501340478,0.09863246906591028,-0.04702696220117586,UP,False,33,43.0,IGNORE,NONE,,NEUTRAL,C,WAIT,CMF positive,Consumer Non-Durables,27.5
FRACTAL,751.1,742.45,759.7,740.25,False,False,False,False,False,False,3.854324908013002,80.99231476,3.6914519791744564,True,-0.15147581728878168,True,55.02,False,0.9560880671451162,86.0,0.96,0,True,▂▁▂▃▅▂▁▁██▂▃▃▃▂▆▄▅▃▃,False,True,False,0,-0.11007109004739335,-0.10583333333333333,-0.05902823779236066,-0.06170748052110442,UP,False,29,43.0,IGNORE,SEED,,NEUTRAL,C,WAIT,No standout factor,Technology Services,23.6
DABUR,380.4,383.85,384.45,378.0,True,False,False,False,False,False,2.9561249319984175,235.25275007999997,2.9386892452381184,False,0.010799143320505907,False,65.92,True,1.0870891670377152,92.0,1.35,0,True,▄▄▄▂▃▅▄▅▅▅▂▃▇▆▅▁▄▃█▆,False,False,False,0,-0.009375000000000022,-0.10725181882187285,0.04166785225503267,-0.06312596600964393,UP,False,28,43.0,IGNORE,SEED,,NEUTRAL,C,WAIT,"Delivery P92, CMF positive",Consumer Non-Durables,27.5
JSLL,509.45,501.9,515.85,486.6,False,False,False,False,False,False,2.8656088567678824,60.268087835,2.861560586245002,True,-0.051950275235089036,True,47.31,False,0.9854094416846315,38.0,-0.16,0,True,▆▃▇▃▃▇▄▅██▃▅█▃▁▄▇▅▇▅,False,True,False,0,0.011917767404906243,-0.11222444889779559,0.06296061965993893,-0.06809859608556668,UP,False,27,43.0,IGNORE,NONE,,NEUTRAL,C,WAIT,No standout factor,Health Services,24.1
RALLIS,199.96,199.75,200.85,196.76,False,False,False,False,False,False,1.2817848388331592,12.574444608,1.2577220893804093,True,-0.01299124982069164,True,60.95,True,1.087780980341415,91.0,1.19,0,True,▂▄▂▄█▇▆▄▅▅▁▅▅▇▂▃▄▂█▆,False,True,False,0,-0.034802336245595256,-0.12536086081707631,0.016240516009437433,-0.0812350080048474,UP,False,22,43.0,IGNORE,SEED,,NEUTRAL,C,WAIT,Delivery P91,Process Industries,25.8
SENCO,328.3,321.75,331.5,320.9,False,False,False,False,False,False,1.9589391741575353,47.89391418,1.8718231034443564,True,-0.017743248693950813,True,28.03,False,0.6522548517708382,9.0,-1.26,0,True,▂▅▅▃▄▃▃▄▆▆▅▅▃▅▅▆▆▄█▁,False,True,False,0,-0.06931254429482636,-0.13102170460561147,-0.018269692039793672,-0.08689585179338255,UP,False,21,43.0,IGNORE,NONE,,NEUTRAL,C,WAIT,No standout factor,Consumer Durables,23.7
DELHIVERY,417.4,409.0,418.3,405.25,False,False,False,False,False,False,2.4508877978155152,234.5846436,2.362101540412323,True,-0.01105951200258364,True,37.4,False,0.6325474410580794,7.0,-1.58,0,True,▄▆▆█▅▇▅▅▄▄▇▆█▇▇█▇▆▇▁,False,True,False,0,-0.0941840277777779,-0.1389375966993296,-0.04314117552274521,-0.09481174388710067,UP,False,19,43.0,IGNORE,NONE,,NEUTRAL,C,WAIT,No standout factor,Transportation,30.4
VIKRAN,60.88,57.25,63.0,56.5,False,True,False,False,False,False,2.576941064651686,41.146454208,2.617038160070773,True,0.20269619362004787,True,14.67,False,0.3276784417963122,2.0,-2.35,0,False,▆▆▆▇▅▇▇▇██▆▆▆█▇▇▁▃▆▂,False,False,False,0,0.052558782849239316,-0.15444444444444438,0.103601635104272,-0.11031859163221547,UP,False,15,43.0,IGNORE,NONE,,NEUTRAL,C,WAIT,CMF positive,Industrial Services,35.2
TTKPRESTIG,533.75,515.35,551.5,515.35,False,False,False,False,False,False,8.76437122146223,25.855704,8.625484843143225,True,-0.2359039073848897,True,30.03,False,0.5608681035448807,12.0,-1.22,0,True,▄▄▃▃▅█▄▄▅▅▁▅▄▄▅▆▃▅▄▁,False,True,False,0,-0.07934454506252697,-0.18654271127028876,-0.028301692807494283,-0.14241685845805985,UP,False,9,43.0,IGNORE,NONE,,NEUTRAL,C,WAIT,No standout factor,Consumer Durables,23.7
INDIASHLTR,639.75,640.7,646.95,620.15,True,False,False,False,False,False,3.616148798223942,18.1942341,3.4978867498516735,False,0.22902968301971638,True,50.9,False,0.8854175726686033,14.0,-0.87,0,False,▆▄▄▇▇██▇▆▆▆█▇▄▅▁▅▄▆▅,False,True,False,0,0.017252345364922927,-0.2151751211433478,0.06829519761995562,-0.1710492683311189,UP,False,6,43.0,IGNORE,NONE,,NEUTRAL,C,WAIT,CMF positive,Finance,26.4
EUREKAFORB,362.95,358.4,365.8,350.0,False,False,False,False,False,False,3.650657134672369,20.374597495,3.373879807492516,True,-0.1985475403504617,True,45.54,False,0.8222739829911705,7.0,-1.24,0,True,▂▅▄▂▆▃▇▇▆▆▆▂▇▅▅▆█▄▆▁,False,True,False,0,-0.15158952781673685,-0.21761155421427025,-0.10054667556170416,-0.17348570140204134,UP,False,5,43.0,IGNORE,NONE,,NEUTRAL,C,WAIT,No standout factor,Producer Manufacturing,29.0
E2E,602.8,572.0,604.2,551.35,False,True,False,False,False,False,1.476683766252969,203.63036099999997,1.7777679230008192,True,0.23633150084733284,True,35.63,False,0.6499927028604788,13.0,-0.91,0,True,▂▂▂▂▃▂██▁▆▂▁▁█▄▂▁▁▃▁,False,False,False,0,0.5578240082698023,-0.8536360325361175,0.608866860524835,-0.8095101797238886,UP,False,0,43.0,IGNORE,NONE,,NEUTRAL,C,WAIT,CMF positive,Technology Services,23.6
AVADHSUGAR,793.45,805.2,812.0,785.55,True,True,True,True,False,True,0.5851796767775348,5.96595055,0.5896049458361193,False,-0.04000815131875837,True,34.71,False,0.8778674220389995,17.0,-1.0,0,True,▇▄▃▆▄▃▇▅▆▆▄█▅▆▅▃█▁▁▃,False,False,False,0,-0.036256528604396876,0.4368888084027527,0.014786323650635813,0.4810146612149816,FLAT,True,96,42.0,IGNORE,NONE,,NEUTRAL,C,WAIT,RS leader,Process Industries,25.8
RPEL,1718.1,1700.0,1722.1,1665.0,False,True,True,True,False,True,0.3375987302309304,7.24299417,0.3394094127921111,False,-0.05586135246129314,True,42.48,True,1.0091100210231252,15.0,-1.02,0,False,▅▆▅▂▃▄▆▂▄▄▃▁▆▅▅▅▄█▆▄,False,False,False,2,-0.005211047420531578,0.353794027263415,0.04583180483450111,0.39791988007564394,FLAT,True,94,42.0,IGNORE,NONE,,NEUTRAL,C,WAIT,RS leader,Process Industries,25.8
RSL,165.05,168.54,168.9,164.0,True,False,False,True,False,False,1.6466292337360324,10.40359665,1.4771640818132976,False,-0.03139510192250396,True,54.66,True,1.321550754947353,74.0,0.68,0,False,▃▁▃▄▅▅▄███▃▄▆▁▄▄▄▃▅▇,False,False,False,9,-0.05685714285714283,0.284535761537863,-0.005814290602110139,0.3286616143500919,FLAT,True,91,42.0,IGNORE,NONE,,NEUTRAL,C,WAIT,RS leader,Non-Energy Minerals,34.0
ANDHRAPAP,72.32,72.98,72.98,71.01,True,True,True,True,False,False,0.056750916442057896,1.5337408639999999,0.05708758058561056,False,0.06348398244167365,True,47.65,True,1.2827415403666513,10.0,-1.09,0,False,█▆▇▆▁▁▂▁▃▃▄▅▄▄▄▄▄▅▅▅,False,False,False,10,0.19438480594549956,0.204129204129204,0.24542765820053225,0.2482550569414329,FLAT,True,86,42.0,IGNORE,NONE,,NEUTRAL,C,WAIT,CMF positive,Process Industries,25.8
SHARDAMOTR,971.25,948.0,976.5,931.0,False,True,True,True,False,False,0.6658932745134404,4.917147375,0.6851746469062042,False,0.14767934210258254,True,55.31,True,1.0758711911222634,61.0,0.17,0,False,▂▆█▇▇▇▇▃▆▆▇▇▄▅▄▁▄▃▅▇,False,False,False,9,0.09832635983263605,0.15083831980567552,0.14936921208766873,0.19496417261790444,FLAT,True,82,42.0,IGNORE,NONE,,NEUTRAL,C,WAIT,CMF positive,Producer Manufacturing,29.0
HINDZINC,590.0,591.1,596.4,587.65,False,True,True,True,False,False,0.6825219366868512,196.460029,0.6785277314941343,False,-0.059098278155326235,True,58.48,True,1.2474801881459516,99.0,2.05,0,True,▃▃▅▃▅▁▅▃▂▂▄▇▅▅▇▄▄▅▆█,False,False,False,1,-0.03294541878380597,0.1303764728422261,0.01809743347122672,0.174502325654455,FLAT,True,80,42.0,IGNORE,SEED,,NEUTRAL,C,WAIT,Delivery P99,Non-Energy Minerals,34.0
HBLENGINE,808.3,784.0,811.6,773.65,False,True,True,True,True,False,0.8090075211225416,179.75007731999997,0.8865786476586184,False,0.12856820350965353,True,33.42,False,0.9521774434804906,34.0,-0.32,0,False,█▇█▁▇▇▅▇██▇▂▇▇█▇█▅▄▆,False,False,False,2,0.2261832524271843,0.10870310678279949,0.277226104682217,0.1528289595950284,UP,True,78,42.0,IGNORE,NONE,,NEUTRAL,C,WAIT,CMF positive,Producer Manufacturing,29.0
HAL,4795.3,4774.2,4819.5,4760.1,False,False,True,True,False,True,0.4804800125375265,180.39055446,0.4728823727623257,False,-0.15839724205703287,True,70.29,True,1.4604045251971205,100.0,2.89,0,True,▅▃▃▁▄▃▅▃▆▆▄▂▅▄▃▄▃▄▇█,False,False,False,1,-0.021167585221473773,0.08153277098651279,0.029875267033558917,0.1256586237987417,FLAT,True,74,42.0,IGNORE,SEED,,NEUTRAL,C,WAIT,Delivery P100,Electronic Technology,27.1
MEDANTA,1415.1,1440.8,1452.5,1402.0,True,False,False,True,False,True,0.8616035065639106,29.09190882,0.8322480998320354,False,0.07642288570538733,True,55.66,True,1.0874598259204626,55.0,-0.03,0,False,▅▂▇▄▄▆▇█▁▁▇▃▄▄▆▁▆▅▃▆,False,False,False,6,-0.02949043275495511,0.053999702070609334,0.02155241950007758,0.09812555488283825,FLAT,True,70,42.0,IGNORE,NONE,,NEUTRAL,C,WAIT,CMF positive,Health Services,24.1
NAVINFLUOR,8234.5,8434.5,8483.5,8211.0,True,False,True,True,False,True,1.1497260204272575,112.5722026,1.107695931386716,False,0.03251441655897889,False,57.4,True,1.0438736076380997,77.0,0.67,0,True,▆▂▄▅▆▂▁▁▄▄▂▃▅▆▄█▃▆▆▅,False,False,False,5,-0.046491431218156576,0.04472215173813754,0.004551421036876113,0.08884800455036646,FLAT,True,68,42.0,IGNORE,NONE,,NEUTRAL,C,WAIT,CMF positive,Process Industries,25.8
NRL,55.46,55.55,55.99,54.44,False,True,True,False,False,False,0.5741551846696717,0.18702221200000002,0.6235736619296179,False,0.09849236039666343,True,54.22,False,0.8340704391099353,56.0,0.16,0,True,▃▁▆█▁▁█▄▂▃▄▄█▅▃▄▇▂▃▁,False,False,False,6,0.16488132745221584,0.04582311898925129,0.21592417970724853,0.0899489718014802,UP,True,68,42.0,IGNORE,NONE,,NEUTRAL,C,WAIT,CMF positive,Non-Energy Minerals,34.0
GRASIM,3190.0,3175.0,3212.5,3161.0,False,False,False,True,False,True,0.8695377616594417,239.834089,0.8493128913274414,False,0.17207013665564933,True,65.0,True,1.060471338722703,88.0,1.0,0,True,▅▃▅▅▇▅▆█▆▆▇▄█▁▇▂▃▅▅▆,False,False,False,1,-0.020871700429711426,0.03810732532786609,0.030171151825321263,0.08223317814009501,FLAT,True,67,42.0,IGNORE,SEED,,NEUTRAL,C,WAIT,CMF positive,Non-Energy Minerals,34.0
SKFINDIA,1514.0,1512.0,1536.4,1476.2,False,False,False,False,False,False,3.3920966613514776,24.8479194,3.333203730829746,True,-0.06880484482303792,True,40.61,False,0.7010608270825961,7.0,-1.29,0,True,▄▃▃█▄▅▃▄▃▃▅▅▁▄▅▃▄▃▅▁,False,True,False,0,-0.011491250979367873,0.03812397147558966,0.039551601275664816,0.08224982428781857,FLAT,True,67,42.0,IGNORE,NONE,,NEUTRAL,C,WAIT,No standout factor,Producer Manufacturing,29.0
NATIONALUM,346.65,346.45,346.95,341.0,True,False,False,False,False,False,1.6670470755868168,254.171926275,1.5893670655756378,False,-0.10238987296355832,True,54.12,True,1.1079719936125783,91.0,1.4,0,True,▆▅▄▅▅▁▂▃▁▁▅▄█▅▄▆▃▂▂▅,False,False,False,0,-0.06814516129032266,0.010936132983377034,-0.017102309035289975,0.05506198579560595,FLAT,True,62,42.0,IGNORE,SEED,,NEUTRAL,C,WAIT,Delivery P91,Non-Energy Minerals,34.0
BEPL,124.0,126.45,126.95,123.5,True,False,True,True,False,True,0.5200933411176218,10.084858,0.4996799010128176,False,0.0039276297567314685,False,45.06,True,1.0721423812696296,26.0,-0.54,0,True,▃▃▅▆▆▅▄▆▆▆▄█▇▆▁▆▅▇▆▆,False,False,False,3,-0.024850581944007577,0.004536616979909258,0.026192270311025112,0.048662469792138174,FLAT,True,61,42.0,IGNORE,NONE,,NEUTRAL,C,WAIT,CMF positive,Process Industries,25.8
GUJALKALI,627.15,606.4,645.0,604.7,False,False,False,False,False,False,2.29503734482283,15.7577709,2.0901934981826322,True,-0.402402794374773,True,29.54,False,0.6886182178448628,26.0,-0.72,0,False,▄▃▁▄▃▅▅▃██▃▅▅▆▅▅███▂,False,True,False,4,-0.12077667180709373,0.00023923444976081676,-0.06973381955206104,0.04436508726198973,FLAT,True,60,42.0,IGNORE,NONE,,NEUTRAL,C,WAIT,No standout factor,Process Industries,25.8
CGCL,246.9,248.6,249.95,244.55,True,False,False,True,False,True,0.43069644833466375,43.08935835,0.39750615420284535,False,0.027629370775602565,False,39.23,True,1.0954122804568172,42.0,-0.23,0,True,▅▃▂▃▄▅▅▁▆▆▃▅▇▇██▄▅▃▅,False,False,False,3,-0.015942606616181743,-0.01097580515942953,0.035100245638850947,0.033150047652799386,UP,True,57,42.0,IGNORE,NONE,,NEUTRAL,C,WAIT,CMF positive,Finance,26.4
KALYANKJIL,568.85,566.0,580.0,561.45,False,False,False,True,False,True,1.3839520062881119,521.1655799,1.3320996898844146,True,-0.0954486409230334,True,19.05,False,0.6920478076070767,15.0,-1.12,0,True,▃▅▃▂▃▂▄▃▄▄▃▃█▆▁▂▄▅▄▂,False,True,False,0,-0.007242582897033167,-0.01412478336221834,0.04380026935799952,0.030001069450010576,UP,True,56,42.0,IGNORE,NONE,,NEUTRAL,C,WAIT,No standout factor,Retail Trade,31.2
BANSALWIRE,327.65,319.75,330.0,319.75,False,True,True,True,True,True,1.3276072391180058,4.127505344999999,1.3837820468338664,True,-0.15730507190057147,True,43.86,False,0.7738861932068813,25.0,-0.56,0,True,▅▅▇▇▆▆▆▆▆▆▄▅▄▅▆█▅▅▁▄,False,False,False,0,0.024706802189210286,-0.01709914504274801,0.07574965444424298,0.027026707769480907,UP,True,55,42.0,IGNORE,NONE,,NEUTRAL,C,WAIT,No standout factor,Non-Energy Minerals,34.0
TATAPOWER,367.0,363.0,367.8,362.65,False,True,False,False,False,False,0.35877151758092296,62.2206662,0.36441862571057376,False,0.08368078778117684,True,64.36,True,1.3293538092926707,98.0,2.13,0,False,▄▁▂▆▄▅▁▃▅▅▃▂▇▄▅▄▃▃▄█,False,False,False,0,0.042613636363636465,-0.02678334659241588,0.09365648861866915,0.017342506219813036,UP,True,53,42.0,IGNORE,SEED,,NEUTRAL,C,WAIT,"Delivery P98, CMF positive",Utilities,34.3
RAYMONDREL,672.55,670.1,685.15,652.0,True,True,True,True,False,True,0.4022764186720518,71.05934633,0.4046141566492273,False,0.2927949399825441,True,22.97,False,0.5998798673317489,3.0,-1.92,0,False,█▇▇▇▆▅▆▇▅▅▆▄▆▆▆▁▁▁▄▃,False,False,False,0,0.3014997581035317,-0.02782596126047987,0.3525426103585644,0.016299891551749046,UP,True,53,42.0,IGNORE,NONE,,NEUTRAL,C,WAIT,CMF positive,Finance,26.4
TVSSCS,131.3,128.3,132.62,125.74,False,True,True,True,False,True,1.089765922002116,10.99279051,1.101503423047089,True,-0.015170114758826972,True,36.94,False,0.8087044091247427,10.0,-1.17,0,True,▄▅▂▂▅▆█▇▁▁▃▄▅▅▂▅▅▅▆▂,False,False,False,0,0.050484038723098035,-0.029276948099955513,0.10152689097813072,0.014848904712273403,UP,True,52,42.0,IGNORE,NONE,,NEUTRAL,C,WAIT,No standout factor,Transportation,30.4
BAJAJFINSV,1770.0,1774.0,1778.1,1755.0,False,False,False,False,False,False,2.2417230846985423,246.83004,2.0823373200803883,True,-0.22221384017505144,True,65.41,True,1.1835165332247704,85.0,1.09,0,False,▂▅▄▄▆▄▇▃▃▃▅▃█▃▃▁▄▅▃▇,False,True,False,0,-0.11984087518647435,-0.0373109974980963,-0.06879802293144166,0.006814855314132617,FLAT,True,50,42.0,IGNORE,SEED,,NEUTRAL,C,WAIT,No standout factor,Finance,26.4
GREAVESCOT,234.99,230.7,238.3,228.87,False,True,True,True,True,True,1.3056191020715682,68.820205356,1.417337269003279,True,0.4710024035965172,False,33.28,False,0.8128770669988521,12.0,-0.98,0,False,▄▅▅▅▄▄▅▄▅▅▅█▅▆▅▆▁▁▃▃,False,False,False,0,0.18801820020222437,-0.052879771069283765,0.23906105245725706,-0.008753918257054849,UP,False,45,42.0,IGNORE,NONE,,NEUTRAL,C,WAIT,CMF positive,Producer Manufacturing,29.0
WIPRO,164.14,163.05,164.5,161.66,False,False,False,False,False,False,0.8973500149008976,156.18086781399998,0.8600194256044167,False,0.04254129942903317,True,87.58,True,1.8198630635123483,100.0,4.64,1,True,▂▃▂▂▃▃▃▂▂▂▃▂▄▁▃▄▁▃▂█,False,False,False,0,-0.06950113378684819,-0.0765162597051875,-0.0184582815318155,-0.03239040689295858,UP,False,38,42.0,IGNORE,SEED,DEL88% ▂▃▂▂▃▃▃▂▂▂▃▂▄▁▃▄▁▃▂█ P100 Z+4.6,NEUTRAL,C,WAIT,"Delivery P100, CMF positive",Technology Services,23.6
POLYCAB,8184.0,8195.0,8256.0,8109.5,True,False,False,False,False,False,2.540275785068682,826.3679424,2.460510379085585,False,-0.19176717191091913,False,72.64,True,1.4033596398867885,98.0,2.54,0,True,▄▂▂▂▃▂▁▄▂▂▁▂▅▄▄▆▂▃▃█,False,True,False,0,-0.13350979354155634,-0.07889701744513222,-0.08246694128652365,-0.034771164632903306,FLAT,False,38,42.0,IGNORE,DISTRIBUTION,,NEUTRAL,C,WAIT,Delivery P98,Producer Manufacturing,29.0
SHANTIGEAR,601.65,625.0,625.0,601.65,True,False,True,True,False,False,0.2922254546537951,4.897972485,0.26815604022263034,False,0.25489575408895176,False,47.4,True,1.231696701183624,24.0,-0.59,0,False,▆▅▃▁▃▅▂▃▄▄▅▅▄▅▄▅▇▆█▆,False,False,False,8,0.13379817205314248,0.433011789924973,0.18484102430817517,0.47713764273720194,FLAT,True,96,41.0,IGNORE,NONE,,NEUTRAL,C,WAIT,"CMF positive, RS leader",Producer Manufacturing,29.0
RAMRAT,583.8,568.2,590.0,564.6,False,True,True,True,True,True,0.9478992606884236,15.0982356,1.0041084382988388,False,-0.00283631929717144,False,46.2,True,1.0743686340170227,32.0,-0.41,0,False,▃▃▂▃▃▁▂▂▃▃▃▃▃▂█▃▄▃▁▃,False,False,False,1,0.023851280252542795,0.38752228163992863,0.07489413250757548,0.43164813445215755,FLAT,True,95,41.0,IGNORE,NONE,,NEUTRAL,C,WAIT,RS leader,Producer Manufacturing,29.0
MANYAVAR,531.7,540.0,540.0,529.05,True,False,True,True,False,False,0.3421060694096786,6.76827515,0.32524320396025236,False,-0.04079156492552687,False,45.09,True,1.035920646043215,29.0,-0.48,0,True,▃▅▁▄▄▆▄▃▄▄▄▃█▅█▄▄▄▆▅,False,False,False,4,-0.027704123617079635,0.2749070854813571,0.023338728637953055,0.31903293829358603,FLAT,True,90,41.0,IGNORE,NONE,,NEUTRAL,C,WAIT,RS leader,Retail Trade,31.2
LENSKART,674.9,655.2,682.6,648.3,False,True,True,True,False,True,0.4407888558298597,418.68717308,0.4398240010578616,False,-0.12611263366392125,False,63.32,True,1.048075411111387,83.0,0.96,0,True,▁▂▂▃▃▁▅▄▃▃▄▄▄█▁▄▃▂▃▄,False,False,False,10,0.018870772946860015,0.24785060552833493,0.0699136252018927,0.29197645834056385,FLAT,True,89,41.0,IGNORE,NONE,,NEUTRAL,C,WAIT,No standout factor,Health Technology,38.7
TI,550.85,560.0,562.0,550.0,True,False,True,True,False,True,0.8016242908685794,33.35793362,0.7875435341610844,False,0.06252186474536868,False,52.21,False,0.9492640975991127,74.0,0.55,0,True,▃▂▄▂▃▄▆▂▅▅▁▆▁▇▇▃▃█▄▄,False,False,False,3,0.009437419827744042,0.23814340301191295,0.06048027208277673,0.28226925582414186,FLAT,True,88,41.0,IGNORE,NONE,,NEUTRAL,C,WAIT,CMF positive,Consumer Non-Durables,27.5
RBLBANK,402.0,406.0,407.8,401.45,True,False,True,True,False,True,0.9860892251592981,169.3034658,0.9648705750291695,False,0.275924226888108,False,51.48,True,1.106085835526669,82.0,1.0,0,False,▆▄▁▅▃▅▆▅▅▅▄▄█▄▁▂▂▁▃▅,False,False,False,11,0.05650459921156381,0.09477124183006547,0.1075474514665965,0.13889709464229438,FLAT,True,76,41.0,IGNORE,NONE,,NEUTRAL,C,WAIT,CMF positive,Finance,26.4
ICIL,434.95,439.9,448.55,433.0,True,False,True,True,False,True,0.7248035766000517,18.24989307,0.7041999716187458,False,0.02825286361161589,True,44.18,True,1.1626162813647187,60.0,0.22,0,True,▂▃▄▃▅▄▃▂▅▅▅█▇▆▆▁▆▅█▆,False,False,False,1,0.0034606067597184875,0.09683520363132003,0.05450345901475118,0.14096105644354895,FLAT,True,76,41.0,IGNORE,NONE,,NEUTRAL,C,WAIT,CMF positive,Process Industries,25.8
CPPLUS,3817.6,3739.0,3841.9,3714.1,False,True,True,True,False,True,0.8386363962705972,85.84179008,0.8824864695819967,False,-0.08227984283629859,False,67.39,True,1.121577764833153,94.0,1.68,0,True,▃▂▂▃▃▁▂▂▁▁▄▅▅▃▁█▃▂▁▄,False,False,False,0,0.02433657999946326,0.09349220898258492,0.07537943225449595,0.13761806179481384,FLAT,True,75,41.0,IGNORE,SEED,,NEUTRAL,C,WAIT,Delivery P94,Consumer Durables,23.7
BLACKBUCK,622.4,603.75,625.0,598.4,False,True,True,True,False,False,0.8436171568091105,43.78976112,0.854364916960793,False,0.021281956929766498,True,40.35,False,0.8113814598833702,15.0,-0.88,0,True,▄█▄▇█▇▆█▄▄▃▅▅▆▁▃▇▅▅▃,False,False,False,4,0.07254868171635365,0.0830940572522405,0.12359153397138634,0.12721991006446942,FLAT,True,74,41.0,IGNORE,NONE,,NEUTRAL,C,WAIT,CMF positive,Technology Services,23.6
AARTIDRUGS,428.6,427.5,444.0,422.05,True,True,True,True,False,False,3.0704935667097932,24.43761478,3.064826741697684,False,-0.3437892960180057,False,43.32,False,0.8941268743743486,15.0,-1.0,0,False,▁▇▄▄▇▅▇▅▅▅▄▄▇█▆▂▂▅▂▃,False,False,False,4,0.003512058066026613,0.003982197235886664,0.0545549103210593,0.04810805004811558,UP,True,61,41.0,IGNORE,DISTRIBUTION,,NEUTRAL,C,WAIT,No standout factor,Health Technology,38.7
TORNTPHARM,4971.0,4911.5,4990.5,4906.5,False,True,True,True,False,True,1.1782221688663876,190.026417,1.1874716588044794,True,0.2043104414856462,False,61.63,False,0.9863482867339917,69.0,0.51,0,False,▁▅▁▆▂█▄▁▃▃▆▃▇▂▅▆▂▅▇▄,False,False,False,2,-0.005601120224044798,-0.00332825407009385,0.04544173203098789,0.040797598742135066,UP,True,59,41.0,IGNORE,NONE,,NEUTRAL,C,WAIT,CMF positive,Health Technology,38.7
STYLAMIND,3336.4,3281.3,3410.0,3252.1,False,True,False,True,False,True,2.3528576062737816,33.153139519999996,2.370432589460178,True,-0.05729761814311358,True,45.73,False,0.9518754423213021,23.0,-0.73,0,False,▅▆▄▂▃▆▃▆██▆▁▆▇▃▄▅▃▆▄,False,False,False,0,-0.0023622282689950147,-0.04964821830404187,0.048680623986037674,-0.005522365491812953,UP,False,46,41.0,IGNORE,NONE,,NEUTRAL,C,WAIT,No standout factor,Non-Energy Minerals,34.0
SCHAEFFLER,3920.0,3955.5,3955.5,3900.0,True,False,False,False,False,True,1.9491777886857025,36.035776,1.8979897539828703,False,0.011835722515812505,False,76.37,True,1.2670156199450855,94.0,1.84,0,False,▅▃█▂▃▆▇▁▃▃▂▅▄▃▄▄▇▁▂▇,False,False,False,1,-0.02004899755012246,-0.06222339178488556,0.03099385470491023,-0.018097538972656646,UP,False,43,41.0,IGNORE,SEED,,NEUTRAL,C,WAIT,"Delivery P94, CMF positive",Producer Manufacturing,29.0
JSWENERGY,501.15,495.0,501.15,489.1,False,False,False,False,False,False,0.9227650470098671,82.077595275,0.8832988559007896,False,0.15218921400172739,True,61.87,True,1.136136182090292,94.0,1.61,0,True,▄▁▃▇▆▆▂▆▅▅█▅█▇▅▆▄▅▅▆,False,False,False,0,-0.03252895752895757,-0.08865248226950351,0.01851389472607512,-0.04452662945727459,UP,False,34,41.0,IGNORE,SEED,,NEUTRAL,C,WAIT,"Delivery P94, CMF positive",Utilities,34.3
PGHL,5696.0,5403.0,5880.0,5400.5,False,True,False,False,False,False,12.065291644771413,52.3126336,12.486200092969176,True,-0.07310426274272563,True,31.6,False,0.5696670332245678,2.0,-2.81,0,False,▆▆▆▇▅▆▆▅▆▆▅▅▅▅▁▆▅▇█▁,False,True,False,0,-0.013850415512465353,-0.159820045726086,0.037192436742567336,-0.11569419291385707,UP,False,14,41.0,IGNORE,NONE,,NEUTRAL,C,WAIT,No standout factor,Health Technology,38.7
JAYBARMARU,124.6,123.5,127.9,120.61,False,True,False,True,True,False,2.0905288579385206,8.06556982,2.208734591496975,True,-0.025428252607820185,True,39.76,False,0.7025293530404361,25.0,-0.76,0,False,█▄▆▅█▇▄▄▅▅▁▃▆▇▃▇█▂▁▁,False,False,False,0,-0.0016025641025640969,-0.27440018634987196,0.04944028815246859,-0.23027433353764304,UP,False,2,41.0,IGNORE,NONE,,NEUTRAL,C,WAIT,No standout factor,Distribution Services,33.3
JLHL,262.05,263.7,264.8,254.2,True,False,False,False,False,False,15.08772128424619,38.419019475,14.210347365732561,False,0.10183820802218674,True,56.84,True,1.0384580250296886,56.0,0.04,0,False,▂▁▃█▃▂▁▃▄▄▄█▄▅▄▄▆▃▅▄,False,False,False,0,-0.10608903291830107,-0.8327802948120733,-0.055046180663268385,-0.7886544419998444,UP,False,0,41.0,IGNORE,NONE,,NEUTRAL,C,WAIT,CMF positive,Health Services,24.1
PVP,55.91,57.3,57.94,55.91,True,False,True,True,False,False,1.6002834810368975,16.687379426,1.3907528817120502,False,-0.09144120688493985,True,45.96,False,0.9001263232111556,32.0,-0.35,0,True,▁▇▂▁▃▁▁▂▃▃█▂▂▂▂▅▃▃▅▂,False,False,False,2,-0.14063940977559186,0.9213058419243985,-0.08959655752055917,0.9654316947366274,FLAT,True,99,40.0,IGNORE,NONE,,NEUTRAL,C,WAIT,RS leader,Technology Services,23.6
HERITGFOOD,401.2,400.15,406.55,397.2,True,True,True,True,False,False,0.22495151808221214,8.275432039999998,0.22811945850991913,False,0.373240122950425,True,35.03,False,0.8652266804984378,8.0,-1.44,0,False,█▁▄▄█▇▇▄▁▁▃▅▇▅▆▆▅▅▄▃,False,False,False,7,0.13429459994345483,0.2163104441412762,0.18533745219848752,0.2604362969535051,FLAT,True,87,40.0,IGNORE,NONE,,NEUTRAL,C,WAIT,CMF positive,Consumer Non-Durables,27.5
CAPILLARY,568.05,576.35,576.35,551.4,True,True,True,True,False,False,0.33366149564074604,8.12254695,0.3623632897331248,False,0.24861857663593964,True,38.87,False,0.7620223882060028,50.0,0.02,0,True,▄▅▅▅▅▄▃▅▄▄█▅▂▁▁▄▂▁▂▂,False,False,False,1,0.15363525588952065,0.18467153284671523,0.20467810814455334,0.22879738565894414,FLAT,True,85,40.0,IGNORE,NONE,,NEUTRAL,C,WAIT,CMF positive,Technology Services,23.6
AKUMS,819.55,800.0,828.0,800.0,False,True,True,True,False,True,0.5515792658441598,14.70207136,0.5774898878402394,False,-0.10753062535948167,True,49.51,False,0.9377426747731877,37.0,-0.23,0,True,▅█▆▅▅▇▅▇▄▄▅▆█▁▅▅▇▅▄▄,False,False,False,11,0.051986393684615884,0.17912380404287465,0.10302924593964857,0.22324965685510356,FLAT,True,84,40.0,IGNORE,NONE,,NEUTRAL,C,WAIT,No standout factor,Health Technology,38.7
SUNDROP,750.75,734.0,753.0,715.95,False,True,True,True,False,True,0.6171309710309705,1.768541775,0.6462821407161867,False,0.25592551424110155,True,52.08,False,0.8146728716123735,9.0,-1.35,0,False,▂▃▄▅▅▅█▅▅▅▆▆▄▁▁▂▆▂▆▃,False,False,False,6,0.14522156967431932,0.16811887350241173,0.196264421929352,0.21224472631464064,FLAT,True,84,40.0,IGNORE,NONE,,NEUTRAL,C,WAIT,CMF positive,Process Industries,25.8
TVSMOTOR,4130.0,4075.0,4177.9,4075.0,False,False,True,True,False,True,0.4477540731012368,167.247241,0.44070586769039977,False,0.13597093026933196,True,60.04,True,1.0542303538976148,64.0,0.38,0,False,▁▄▆▃▃▅▆▅▂▂▅▃█▂▇▇▆▅▆▅,False,False,False,0,-0.06344958955054658,0.15897291988213835,-0.012406737295513892,0.20309877269436727,FLAT,True,83,40.0,IGNORE,NONE,,NEUTRAL,C,WAIT,CMF positive,Consumer Durables,23.7
ACE,1205.8,1205.0,1229.7,1199.0,True,True,True,True,False,True,0.6913702430680938,28.0499225,0.7082365636591297,False,0.04653496989171629,False,49.73,True,1.1419058553386912,67.0,0.45,0,False,▇▃▃▁█▂▁▄▃▃▂▄▁▁▆▆▅▄▃▆,False,False,False,6,0.1023953190711282,0.16446161274746496,0.1534381713261609,0.20858746555969387,FLAT,True,83,40.0,IGNORE,NONE,,NEUTRAL,C,WAIT,CMF positive,Producer Manufacturing,29.0
TBOTEK,1684.7,1650.0,1698.3,1633.0,False,True,True,True,False,True,0.8110645702343687,19.04266951,0.8049432033917888,False,-0.002970754070974711,True,62.53,True,1.24114249419424,86.0,1.14,0,True,▁▂▂▂█▁▃▂▂▂▃▁▁▄▃▄▆▂▂▅,False,False,False,2,-0.021888063167673,0.1498873797010445,0.02915478908735969,0.1940132325132734,FLAT,True,82,40.0,IGNORE,SEED,,NEUTRAL,C,WAIT,No standout factor,Technology Services,23.6
KSHINTL,1026.2,988.0,1035.0,985.25,False,False,True,True,False,True,0.6924683450170527,22.145293380000002,0.6614576940969795,False,0.18154100379043642,True,35.08,False,0.8113890527240976,16.0,-0.91,0,False,▇▇▇▂▁▂▄▃▃▃▂▄▂█▆▄▅▃▅▂,False,False,False,5,0.07404887749228117,0.1434620313109365,0.12509172974731386,0.1875878841231654,FLAT,True,81,40.0,IGNORE,NONE,,NEUTRAL,C,WAIT,CMF positive,Producer Manufacturing,29.0
JINDALSTEL,1152.6,1154.4,1168.9,1137.0,True,True,True,True,False,True,0.5531683466374671,48.183175139999996,0.5557427276551276,False,-0.034293492191078946,True,54.6,True,1.2994276330663874,86.0,1.09,0,False,▃▆▅▅▃▄▄▆▂▂▃▄█▅▆▁▄▃▆▆,False,False,False,3,-0.014871794871794908,0.12120622568093387,0.03617105738323778,0.16533207849316278,FLAT,True,79,40.0,IGNORE,SEED,,NEUTRAL,C,WAIT,No standout factor,Non-Energy Minerals,34.0
GULFOILLUB,1105.8,1110.5,1118.3,1088.2,True,True,True,True,False,True,0.5509680844907141,3.31618362,0.5618983473369412,False,0.056156828427552576,True,46.19,False,0.8101092656576109,8.0,-1.43,0,True,▃▆█▃▂▂▃▁▄▄▂▃▆▂▃▆▁▅▄▁,False,False,False,0,-0.02383474576271183,0.11753410813542198,0.02720810649232086,0.1616599609476509,FLAT,True,79,40.0,IGNORE,NONE,,NEUTRAL,C,WAIT,CMF positive,Process Industries,25.8
BALRAMCHIN,672.9,680.7,681.5,670.0,True,False,True,True,False,True,0.25639996523569203,40.536909089999995,0.2501992438761237,False,0.13039063168836026,True,20.63,True,1.09084179357022,10.0,-1.44,0,False,▂▃▁▃▁▂▄▄▅▅▄▄▇█▇▅█▁▃▄,False,False,False,0,0.00605516932047534,0.08909929594561783,0.05709802157550803,0.13322514875784675,FLAT,True,75,40.0,IGNORE,NONE,,NEUTRAL,C,WAIT,CMF positive,Process Industries,25.8
RRKABEL,2523.2,2459.8,2546.5,2440.3,False,True,True,True,False,True,0.439857281448626,60.7296392,0.4456590082566502,False,-0.23267183174012526,True,47.75,True,1.033281398770882,62.0,0.32,0,True,▅▅▄▁▄▂██▅▅▄▆▇▆▇▄▅▂▃▅,False,False,False,0,-0.12077496689664802,0.07580796452630678,-0.06973211464161533,0.1199338173385357,FLAT,True,73,40.0,IGNORE,NONE,,NEUTRAL,C,WAIT,No standout factor,Producer Manufacturing,29.0
BHAGYANGR,408.1,404.05,412.5,397.15,True,False,True,True,False,True,0.45016932515584224,3.65339282,0.43758961959233483,False,0.2500634657576671,True,50.49,False,0.966824644549763,34.0,-0.16,0,False,▄▃▄▄▄▅▁▁▁▁▃█▄▁▂▃▃▄▄▃,False,False,False,4,0.07394736842105276,0.0767810026385225,0.12499022067608545,0.12090685545075142,UP,True,73,40.0,IGNORE,NONE,,NEUTRAL,C,WAIT,CMF positive,Producer Manufacturing,29.0
CMRGREEN,228.89,221.8,232.0,218.6,False,True,True,False,False,True,2.1546522801561863,24.894122177999996,2.1801056792217226,True,0.044369989364657324,False,40.93,False,0.8166563578682735,29.0,-0.4,0,False,▂▃▃▃█▁▄▁▄▄▅▃▂▄▃▅▄▄▇▂,False,False,False,0,-0.013405172413793132,0.05625288417166585,0.03763767984123956,0.10037873698389477,FLAT,True,70,40.0,IGNORE,NONE,,NEUTRAL,C,WAIT,CMF positive,Producer Manufacturing,29.0
FINEORG,5140.0,5090.0,5162.0,5070.0,False,False,True,True,False,True,0.6332755170113409,6.099124,0.6304071993548089,False,0.13485377605507912,True,52.84,False,0.951557716549613,48.0,-0.06,0,True,▄▅▁▅▅▅▂▄▅▅▅▁▇▅▆▄▆▃█▄,False,False,False,0,-0.021976976500808654,0.048765558049377766,0.029065875754224035,0.09289141086160668,FLAT,True,69,40.0,IGNORE,NONE,,NEUTRAL,C,WAIT,CMF positive,Process Industries,25.8
SKFINDUS,2789.0,2881.0,2881.0,2721.3,True,False,False,True,False,True,1.7046589566313874,53.0492901,1.6152902515061895,False,-0.6806737343115179,True,51.0,False,0.9351449474668574,23.0,-0.74,0,False,█▃▅▅▄▃▄▆▄▄▁▃▆▂▃▃▃▄▇▄,False,True,False,2,-0.08497375328083989,0.0473150582050319,-0.0339309010258072,0.09144091101726082,FLAT,True,68,40.0,IGNORE,NONE,,NEUTRAL,C,WAIT,No standout factor,Producer Manufacturing,29.0
PANAMAPET,480.5,472.45,489.8,463.35,False,True,True,True,False,True,0.7121559298919521,7.6931894,0.7118562051273251,False,0.005109107648811002,False,45.91,True,1.0939417406326324,38.0,-0.21,0,True,▁▃▄▄▅▃▁▃▅▅▂▅▆▆▅█▇█▄▅,False,False,False,0,-0.013448311261677448,0.046043322085555616,0.03759454099335524,0.09016917489778453,FLAT,True,68,40.0,IGNORE,NONE,,NEUTRAL,C,WAIT,CMF positive,Process Industries,25.8
GMRP&UI,100.72,101.8,102.0,99.4,True,True,True,False,False,False,0.8629825383208178,13.906470832,0.9039241666593708,False,0.30893598111128817,True,45.67,False,0.9598167374217141,32.0,-0.4,0,False,▇▅█▄▅▅▆▇██▁▅▅▇▅▆▇▄▃▅,False,False,False,3,0.12023134245356482,0.04178733967728587,0.1712741947085975,0.08591319248951479,UP,True,67,40.0,IGNORE,NONE,,NEUTRAL,C,WAIT,CMF positive,Industrial Services,35.2
VEDL,265.8,266.25,267.25,264.3,True,False,False,False,False,False,0.42549391666492475,94.41383454000001,0.41639511546823976,False,0.18082656053853735,True,57.17,True,1.1180209250024444,94.0,1.57,0,True,▁▃▃▂▃▃▅▅▄▄▃▂█▄▄▃▅▃▃▅,False,False,False,0,-0.05409252669039144,0.030632027917797622,-0.0030496744353587513,0.07475788073002654,FLAT,True,66,40.0,IGNORE,SEED,,NEUTRAL,C,WAIT,"Delivery P94, CMF positive",Non-Energy Minerals,34.0
LICHSGFIN,548.5,564.55,566.75,548.5,True,False,True,True,False,True,0.8462615438202161,157.37051895,0.8342414033466331,False,0.020859844689636815,False,49.84,True,1.0145134040344415,44.0,-0.2,0,False,▁▇█▄▅▅▅▅▃▃▅▅▇▃▅▆▃▄▄▅,False,False,False,12,0.025425313142643624,-0.00018228217280358283,0.07646816539767631,0.04394357063942533,UP,True,60,40.0,IGNORE,NONE,,NEUTRAL,C,WAIT,CMF positive,Finance,26.4
NYKAA,327.35,325.5,329.8,319.25,False,False,False,True,False,True,1.1886503633633816,143.62317575,1.161117009405554,True,0.13900078941108024,True,59.79,True,1.065851397604107,76.0,0.73,0,False,▃▃▄▆▅▆▄▅▅▅▁▄█▄▄▇▄▄▄▆,False,False,False,2,-0.032939438700147594,-0.0018295471870710678,0.018103413554885095,0.04229630562515785,FLAT,True,59,40.0,IGNORE,NONE,,NEUTRAL,C,WAIT,CMF positive,Retail Trade,31.2
USHAMART,498.9,506.0,509.35,495.15,True,False,False,True,False,True,0.32674647132392354,20.87088282,0.3190027795323868,False,0.12875440623862194,True,48.47,False,0.8987659815129011,48.0,-0.02,0,False,▇█▄▂▅▄▆▇██▆▇▅▁▄▆▂▁▃▄,False,False,False,5,-0.0014011208967175115,-0.00259896041583374,0.04964173135831518,0.041526892396395176,UP,True,59,40.0,IGNORE,NONE,,NEUTRAL,C,WAIT,CMF positive,Producer Manufacturing,29.0
TECHNOE,1010.15,979.9,1027.6,966.2,False,True,True,False,False,False,2.076931023795585,27.415875059999998,2.1238387429608467,True,-0.07948860189286538,True,44.11,False,0.8542324302341344,19.0,-0.78,0,False,▅▄█▆▆▇▃▂▇▇▁▃▅▂▁▄▃▄▆▁,False,False,False,0,0.03461873303630858,-0.010432993730407514,0.08566158529134127,0.0336928590818214,UP,True,57,40.0,IGNORE,NONE,,NEUTRAL,C,WAIT,No standout factor,Industrial Services,35.2
LXCHEM,176.49,177.56,178.99,172.72,True,False,True,True,False,False,0.7342192904059979,16.065919998000002,0.7262574357799999,False,0.10364425459150702,True,41.93,True,1.0029061076096966,32.0,-0.38,0,False,▇▅▃█▆▃▅▅▆▆▃▁▆▅▅▄▇▁▃▅,False,False,False,0,0.07028502122498481,-0.02776400594942985,0.1213278734800175,0.016361846862799068,UP,True,53,40.0,IGNORE,NONE,,NEUTRAL,C,WAIT,CMF positive,Process Industries,25.8
RBA,91.98,92.0,92.35,90.32,False,False,True,True,False,True,0.5428575260109032,15.135566544,0.5194128773870582,False,-0.08975061472121236,False,46.92,True,1.0163213585608613,19.0,-0.9,0,True,▄▁▂▄▄▇▃▄▁▁▃▄█▆▅▅█▃▄▄,False,False,False,0,-0.07983193277310918,0.39617486338797825,-0.028789080518076493,0.44030071620020717,FLAT,True,96,39.0,IGNORE,NONE,,NEUTRAL,C,WAIT,RS leader,Consumer Services,24.4
TNPETRO,125.67,125.61,128.28,123.0,False,False,True,True,False,True,0.3013643257744091,10.383998996999999,0.2851892527608602,False,-0.24568740890371557,False,33.9,True,1.1929268936394826,9.0,-1.3,0,False,▂▁▅▇█▂▄▆▂▂▃▆▆▅▆▇▅▁▇▆,False,False,False,4,-0.05047223271628254,0.3275934924994719,0.00057061953875015,0.3717193453117008,FLAT,True,93,39.0,IGNORE,NONE,,NEUTRAL,C,WAIT,RS leader,Process Industries,25.8
YASHO,4061.3,4100.0,4117.5,3965.0,True,False,True,True,False,False,0.6123617607815739,8.88165697,0.611451148266484,False,0.01588947117301959,True,44.81,False,0.9870370166415191,30.0,-0.45,0,True,▄▇▇▄█▅▆▆▃▃▁▂▆▅▇▂▃▄▅▄,False,False,False,0,-0.048831326994238644,0.2902846613292669,0.002211525260794045,0.3344105141414958,FLAT,True,91,39.0,IGNORE,NONE,,NEUTRAL,C,WAIT,"CMF positive, RS leader",Consumer Non-Durables,27.5
LOTUSDEV,176.54,176.54,186.3,176.54,True,False,True,True,False,False,1.1333134525205972,107.95029081199999,1.1149154892872097,False,0.3366873668543312,False,44.79,False,0.9765829408686552,41.0,-0.25,0,False,▆▅▅▅▅▁▃▁▂▃▃▃▅▅▂▃▄▃█▄,False,False,False,9,0.22206839263463918,0.27364548012408907,0.27311124488967187,0.317771332936318,FLAT,True,90,39.0,IGNORE,NONE,,NEUTRAL,C,WAIT,"CMF positive, RS leader",Finance,26.4
WINDLAS,1096.25,1090.05,1123.95,1085.0,True,True,True,True,False,True,0.5825699824827424,11.99100175,0.575199453163193,False,0.24692619029179855,False,44.66,False,0.9605024034067079,12.0,-1.09,0,False,▇▁▄▆▄▆▅▇███▆▇▆▇██▆▅▆,False,False,False,6,0.0871721128576386,0.24503123225440082,0.13821496511267128,0.28915708506662974,FLAT,True,89,39.0,IGNORE,NONE,,NEUTRAL,C,WAIT,CMF positive,Health Technology,38.7
FEDDERSHOL,59.5,62.97,64.08,59.11,True,True,True,True,False,True,0.44304813860679293,22.3790091,0.44051393363214864,False,-0.2683338433504991,False,24.31,True,1.1019945602901178,36.0,-0.59,0,False,▃▅▂▂▄█▃▃▁▁▄▅▂▂▁▁▃▃▄▃,False,False,False,5,0.3222222222222222,0.23086470831609418,0.3732650744772549,0.2749905611283231,UP,True,88,39.0,IGNORE,NONE,,NEUTRAL,C,WAIT,No standout factor,Finance,26.4
GNFC,611.5,619.0,627.55,609.85,True,True,True,True,False,True,0.46843372104938513,35.97668525,0.4826335560831764,False,0.18431725541481317,False,46.88,False,0.9987004963677808,41.0,-0.19,0,False,▆▅▆▆██▅▇██▄▁▃▅▆▅▄▇▆▆,False,False,False,3,0.06163194444444442,0.21089108910891086,0.11267479669947711,0.2550169419211398,FLAT,True,87,39.0,IGNORE,NONE,,NEUTRAL,C,WAIT,CMF positive,Process Industries,25.8
STEELCAS,371.8,368.0,380.6,363.1,False,True,True,True,False,True,0.8947679991826408,7.749501760000001,0.9573894525132595,False,0.0019584908193911845,True,46.73,False,0.9208970518682011,37.0,-0.2,0,False,▅▇▇▆▇▅▇▅▆▆▇█▇▇▁▆▆▃▆▅,False,False,False,4,0.09401206414594676,0.21146953405017932,0.14505491640097945,0.25559538686240824,FLAT,True,87,39.0,IGNORE,NONE,,NEUTRAL,C,WAIT,CMF positive,Non-Energy Minerals,34.0
SUNDRMFAST,1143.2,1169.8,1170.9,1132.8,True,False,False,True,False,True,2.998653593853809,79.61599192,2.7761396657144766,False,-0.3329306560077142,False,61.41,True,1.1193234117400457,65.0,0.27,0,False,▅▆▅▅▅▄▅▁▄▄▅▅▆▄▄█▅▅▅▅,False,False,False,4,-0.05105005395534157,0.18472459712938494,-7.201700308878678e-06,0.22885044994161385,FLAT,True,85,39.0,IGNORE,DISTRIBUTION,,NEUTRAL,C,WAIT,No standout factor,Producer Manufacturing,29.0
RUBYMILLS,491.8,510.6,510.65,485.0,True,True,True,True,False,True,0.563000901961459,1.1266154400000001,0.5932571258624272,False,0.09489569764686943,False,44.36,False,0.9774262137954589,16.0,-0.86,0,False,█▁▃▂▃▄▅▆▅▅▅▂▆▄▆▃▅▅▅▄,False,False,False,8,0.2747537584240538,0.19412407429889522,0.3257966106790865,0.23824992711112414,UP,True,85,39.0,IGNORE,NONE,,NEUTRAL,C,WAIT,CMF positive,Process Industries,25.8
BOSCHLTD,48000.0,47700.0,48445.0,47700.0,False,True,True,True,False,True,0.6296521073211468,89.3904,0.6276583748004256,False,0.057426964810737766,False,44.05,False,0.9302472916182714,57.0,0.09,0,True,▁▃▃▄▅▇██▅▅▅▄▆▁█▂▁▆▅▄,False,False,False,2,-0.01599015990159902,0.1675991243006567,0.03505269235343367,0.21172497711288563,FLAT,True,84,39.0,IGNORE,NONE,,NEUTRAL,C,WAIT,CMF positive,Producer Manufacturing,29.0
CONFIPET,87.19,86.0,88.72,84.66,False,True,True,True,False,True,0.4947932703404192,16.820363478,0.49485564077894073,False,0.04210075687230655,True,32.52,False,0.7273947324274452,9.0,-1.28,0,False,▄▄▄▅██▂▃▂▂▂▂▃▄▄▁▃▂▃▁,False,False,False,4,0.08526263380632315,0.15254461335095826,0.13630548606135584,0.19667046616318717,FLAT,True,82,39.0,IGNORE,NONE,,NEUTRAL,C,WAIT,CMF positive,Retail Trade,31.2
PROTEAN,666.65,690.0,699.4,661.35,True,True,True,True,False,False,0.4669258541394432,57.221769419999994,0.5040347093680565,False,0.3275900684676556,False,32.52,False,0.7157556482408743,6.0,-1.7,0,False,▆▇██▇█▇████▇█▂▁▂▃▃▂▄,False,False,False,4,0.30741321827809376,0.11891574353810008,0.35845607053312645,0.163041596350329,UP,True,79,39.0,IGNORE,NONE,,NEUTRAL,C,WAIT,CMF positive,Technology Services,23.6
PENIND,180.28,183.47,184.9,178.56,True,True,True,True,False,False,1.2830513756478277,13.98395904,1.3048316380298342,False,0.054337676448951926,False,32.72,False,0.6921937804104084,4.0,-1.71,0,False,▆▃▆█▃▅▂▅▄▄▅▆▅▇▅▄▅▃▃▁,False,False,False,6,0.08825304841241088,0.07354254749002553,0.13929590066744357,0.11766840030225445,UP,True,73,39.0,IGNORE,NONE,,NEUTRAL,C,WAIT,CMF positive,Non-Energy Minerals,34.0
TALBROAUTO,433.2,437.85,447.4,431.1,True,False,True,True,False,True,0.6962778668481673,11.291747879999999,0.672803389717146,False,0.12838396953797762,False,43.0,False,0.9865553159271326,25.0,-0.54,0,False,▆▇▆█▁▆█▆▆▆▅▅▂▅▄▅▅▄▅▅,False,False,False,3,0.054527750730282376,0.05056384139687142,0.10557060298531507,0.09468969420910034,UP,True,69,39.0,IGNORE,NONE,,NEUTRAL,C,WAIT,CMF positive,Producer Manufacturing,29.0
INDNIPPON,1244.8,1295.1,1311.6,1226.0,True,True,True,True,False,True,0.24987908260807606,8.916626879999999,0.23384083518077722,False,-0.17005773204767738,False,46.96,True,1.1545884811604894,38.0,-0.09,0,False,▆██▇█▅▁▁▃▃▇▅▅▆▅▆▆▅▆▆,False,False,False,4,0.1610857196157076,0.002577319587628857,0.2121285718707403,0.04670317239985777,UP,True,61,39.0,IGNORE,NONE,,NEUTRAL,C,WAIT,No standout factor,Producer Manufacturing,29.0
JSL,738.3,746.9,750.0,726.0,True,False,True,True,False,True,0.47478877097178274,45.36248094,0.4652218768391242,False,0.2780012497854541,False,56.63,False,0.992803359016839,61.0,0.35,0,False,▂▂▇▇█▅▁▃▇▇▆▅▇█▇▇▆█▇▆,False,False,False,6,0.005858310626702945,-0.0010148163182464032,0.056901162881735634,0.04311103649398251,UP,True,60,39.0,IGNORE,NONE,,NEUTRAL,C,WAIT,CMF positive,Non-Energy Minerals,34.0
EPACKPEB,243.32,241.74,249.43,238.41,False,True,True,True,False,False,0.7151655180855487,11.102934920000001,0.7270129608482332,False,0.15551409628227003,False,36.66,False,0.8877910567038395,41.0,-0.15,0,True,▄█▃▄▆▂▃▅▂▂▂▄▄▁▆▆▆▇█▃,False,False,False,0,0.08624999999999994,-0.014779122970401293,0.13729285225503263,0.029346729841827623,UP,True,56,39.0,IGNORE,NONE,,NEUTRAL,C,WAIT,CMF positive,Industrial Services,35.2
APOLLOTYRE,406.75,390.75,429.0,386.3,False,False,False,False,False,False,8.144435292068831,208.48613915,8.040421108325503,True,-0.2233175474580535,True,58.91,True,1.2026007696154983,89.0,1.16,0,False,▇▇▇▇▆▆▆▅▅▅▁███▇▇▆▇▇█,False,True,False,0,-0.08120623447029585,-0.05075845974329052,-0.030163382215263157,-0.006632606931061602,FLAT,False,46,39.0,IGNORE,SEED,,NEUTRAL,C,WAIT,No standout factor,Consumer Durables,23.7
VBL,435.0,428.3,436.6,428.3,False,True,False,False,False,False,0.8671560776521045,231.4530165,0.9098017745701695,False,0.07596541105091434,True,60.7,True,1.0396327886822183,77.0,0.72,0,True,▂▃▇▅▇█▅▂▄▄▅▁█▂▃▅▅▅▆▅,False,False,False,0,0.0388059701492538,-0.06762404886936024,0.08984882240428649,-0.023498196057131326,UP,False,41,39.0,IGNORE,NONE,,NEUTRAL,C,WAIT,CMF positive,Consumer Non-Durables,27.5
NMDC,77.0,77.4,77.86,76.02,True,False,False,False,False,False,1.6779407525872587,146.2701779,1.5718963073822287,False,-0.2387199703562963,True,60.73,True,1.1922453987730062,96.0,1.87,0,True,▁▅▄▅▃▅▅▆▅▅▅▄█▇▆▄▅▄█▇,False,False,False,0,-0.10141206675224645,-0.0825688073394496,-0.050369214497213766,-0.038442954527220685,FLAT,False,37,39.0,IGNORE,SEED,,NEUTRAL,C,WAIT,Delivery P96,Non-Energy Minerals,34.0
RICOAUTO,126.22,127.0,127.01,123.51,True,False,False,True,False,False,0.7177629277630293,7.361895098000001,0.6940997310358556,False,0.11656959709086233,True,40.55,True,1.099258576521138,86.0,1.0,0,True,▄▃▄▃▅█▇▃▃▃▅▃▃▇▃▅▁▂█▅,False,False,False,0,-0.009184394379464611,-0.08257014100886761,0.04185845787556808,-0.0384442881966387,UP,False,36,39.0,IGNORE,SEED,,NEUTRAL,C,WAIT,CMF positive,Producer Manufacturing,29.0
KPIGREEN,371.25,356.0,373.5,351.5,False,True,True,False,True,False,1.2576769925007258,132.348286125,1.4162324961651211,True,0.4335255868562151,True,28.52,False,0.6786921136547521,18.0,-0.91,0,False,▆██▅▅▇▄▆▆▆▅▅▅▁▂▂▄▅▂▃,False,False,False,0,0.20614035087719285,-0.08660351826792956,0.25718320313222554,-0.04247766545570064,UP,False,35,39.0,IGNORE,NONE,,NEUTRAL,C,WAIT,CMF positive,Utilities,34.3
FEDERALBNK,320.2,325.65,326.85,320.2,True,False,False,True,False,True,1.8710301983977744,306.38874935999996,1.7785441529661226,False,0.03960523938925669,False,62.15,True,1.0488477862814423,80.0,0.84,0,False,▄█▁▆▅▆█▆▄▄▆▃▇▅▆▇▄▁▄▆,False,False,False,0,-0.08317823908375088,-0.10068810560314567,-0.03213538682871819,-0.056562252790916756,UP,False,30,39.0,IGNORE,NONE,,NEUTRAL,C,WAIT,CMF positive,Finance,26.4
BANDHANBNK,185.31,181.2,185.31,179.3,False,True,True,True,False,True,0.7413361768599216,175.623197715,0.7702630870757632,False,0.25458091992820087,True,43.64,False,0.9723382685516304,59.0,0.17,0,False,▅▆▁▆▃▄▃▇██▅▅█▆▇▄▄▄▄▅,False,False,False,0,0.13756906077348074,-0.11262749604941824,0.18861191302851343,-0.06850164323718932,UP,False,27,39.0,IGNORE,NONE,,NEUTRAL,C,WAIT,CMF positive,Finance,26.4
TIMETECHNO,183.92,183.25,185.9,180.94,False,True,False,False,False,False,1.7497590934217102,76.52765903199999,1.7597745792463193,True,-0.028401063308531375,True,21.7,False,0.6597248612905677,24.0,-0.85,0,True,▂▄▄▂▇▅▄▅██▅▂▃▂▃▁▅▂▃▂,False,False,False,0,-0.03469269931244434,-0.11517367458866556,0.016350152942588347,-0.07104782177643665,UP,False,26,39.0,IGNORE,NONE,,NEUTRAL,C,WAIT,No standout factor,Process Industries,25.8
TRITURBINE,543.55,547.0,550.85,535.8,True,False,False,False,False,False,1.4365200226581714,34.9915748,1.39624069669882,False,-0.06440454106703389,True,66.86,True,1.2773680791716022,91.0,1.4,0,True,▂▅▄▅▃▂▅▆▆▆▃▄▂▄▂▂▂▁▃█,False,True,False,0,-0.06041486603284363,-0.12125131355589691,-0.00937201377781094,-0.077125460743668,UP,False,24,39.0,IGNORE,SEED,,NEUTRAL,C,WAIT,Delivery P91,Producer Manufacturing,29.0
GABRIEL,1303.9,1355.0,1355.1,1294.0,True,False,False,True,False,False,0.3289506544681419,28.509903890000004,0.2993131734309899,False,0.3139391853758831,True,52.35,True,1.361596982898758,92.0,1.15,0,False,▄▇▇▅▅▅▆▅▄▄██▇█▁▁▄▄▅▇,False,False,False,0,-0.08581644815256251,-0.12401746724890828,-0.03477359589752982,-0.07989161443667936,UP,False,23,39.0,IGNORE,SEED,,NEUTRAL,C,WAIT,"Delivery P92, CMF positive",Producer Manufacturing,29.0
TEAMLEASE,1148.6,1144.0,1163.9,1117.9,False,False,False,False,False,False,1.618047090244179,3.1940268799999996,1.508698841879021,True,-0.17862019010882746,True,62.68,True,1.0832951668236535,68.0,0.44,0,False,▃█▅▅▃▄▄▆▆▆▃▅▅▆▅▆▄▁▃▅,False,True,False,0,-0.09165678133649668,-0.13339369247019783,-0.040613929081463995,-0.08926783965796892,UP,False,21,39.0,IGNORE,NONE,,NEUTRAL,C,WAIT,No standout factor,Commercial Services,27.2
UGROCAP,81.07,80.53,82.19,79.2,False,False,False,False,False,False,2.6023110074918,3.5218348329999998,2.5141525537696476,True,-0.15443438883672536,True,67.13,True,1.1678133725329876,85.0,0.96,0,False,▆▆▆▁▇▇▇▆▆▆▅▅▅██▅▆██▇,False,True,False,0,-0.04533678756476689,-0.16041839270919644,0.0057060646902658,-0.11629253989696753,UP,False,14,39.0,IGNORE,SEED,,NEUTRAL,C,WAIT,No standout factor,Finance,26.4
STYRENIX,2000.8,2035.4,2035.4,1969.7,True,False,False,False,False,False,2.8174935117860285,17.08363072,2.719855788014658,False,-0.11610893281926082,True,44.18,False,0.7422029214370311,2.0,-1.76,0,True,▂▆▅▅▅▂▆▄██▄▄▄▅▄▂▄▄▅▁,False,True,False,0,-0.005418302927872043,-0.1843124464919076,0.045624549327160646,-0.14018659367967867,UP,False,9,39.0,IGNORE,NONE,,NEUTRAL,C,WAIT,No standout factor,Process Industries,25.8
NRAIL,660.5,668.45,685.0,640.0,False,True,True,True,False,True,0.3246742141806615,1.0031674,0.3475543270214877,False,-0.00995776557427876,True,37.47,False,0.6981293784468624,6.0,-1.54,0,False,▅▅█▂▃▂▄▄▃▃▁▅▄▇▃▅▄▅▂▂,False,False,False,7,0.33192175841903615,0.4881153542863579,0.38296461067406884,0.5322412070985868,FLAT,True,97,38.0,IGNORE,NONE,,NEUTRAL,C,WAIT,RS leader,Process Industries,25.8
VSSL,405.85,410.5,410.5,397.8,True,True,True,True,False,True,0.11195007867603718,2.61229411,0.11575663870099515,False,-0.03027805718649154,True,42.17,False,0.9395539513847115,16.0,-0.73,0,False,█▇▆▆▇▆▇▁▄▄▆▄█▇█▆▆▆▇▆,False,False,False,14,0.14372269973228113,0.33789352233393766,0.19476555198731382,0.3820193751461666,FLAT,True,94,38.0,IGNORE,NONE,,NEUTRAL,C,WAIT,RS leader,Non-Energy Minerals,34.0
EIMCOELECO,2278.3,2265.6,2304.2,2239.4,False,True,True,True,False,True,0.6359932824967256,3.6065489,0.6384303785521718,False,5.0110536080071115e-05,False,47.16,False,0.9637667831524738,33.0,-0.3,0,False,▃▂▄█▄▅▃▄▇▇▃▁▄▅▃▂▄▃▂▃,False,False,False,10,0.038707030181453383,0.2574787504139531,0.08974988243648607,0.301604603226182,FLAT,True,90,38.0,IGNORE,NONE,,NEUTRAL,C,WAIT,"CMF positive, RS leader",Producer Manufacturing,29.0
SHOPERSTOP,418.95,417.45,423.15,405.55,True,True,True,True,False,False,0.3121565252574555,5.0907452399999995,0.3178835591707503,False,0.09769065740456968,True,39.38,False,0.9937919547771666,24.0,-0.57,0,False,▇█▆▅▆▄▆▄▅▅▃▁▅▅▅▄▇▁▂▅,False,False,False,0,0.08437944868642422,0.08437944868642422,0.1354223009414569,0.12850530149865314,UP,True,74,38.0,IGNORE,NONE,,NEUTRAL,C,WAIT,CMF positive,Retail Trade,31.2
ELECON,480.4,477.85,487.5,468.0,True,True,True,True,False,False,0.5169963846729273,63.5276156,0.5393226587583634,False,0.43747356881450167,True,21.83,False,0.6362020225570483,6.0,-1.83,0,False,▇▇▂▅▇▇▇▆▇▇█▆▅█▇▁▃▅▂▄,False,False,False,0,0.16531231049120665,0.0682677340449187,0.21635516274623934,0.11239358685714762,UP,True,72,38.0,IGNORE,NONE,,NEUTRAL,C,WAIT,CMF positive,Producer Manufacturing,29.0
JINDALSAW,277.7,277.6,279.9,272.3,False,False,False,True,False,True,0.5042539709003471,25.130100489999997,0.46554949333297474,False,-0.024327710114199753,True,46.31,True,1.0127828017189535,66.0,0.4,0,True,▄▆▄▆▇▄▄▃▅▅▄▄█▆▆▆▆▁▅▅,False,False,False,6,-0.10347054075867634,0.05891325071496656,-0.052427688503643655,0.10303910352719547,FLAT,True,70,38.0,IGNORE,NONE,,NEUTRAL,C,WAIT,No standout factor,Non-Energy Minerals,34.0
APOLLO,402.6,411.7,411.7,399.1,True,True,True,True,False,True,0.7579576534717922,238.21483686,0.7664623710822698,False,0.009252866414359146,False,30.3,True,1.0104378564044418,50.0,-0.05,0,False,▅▃▂▄▆▃▃▂▃▃▂▁▄▁▂▄▂▁█▃,False,False,False,0,0.0608695652173914,0.030853923953399143,0.11191241747242409,0.07497977676562806,UP,True,66,38.0,IGNORE,NONE,,NEUTRAL,C,WAIT,CMF positive,Electronic Technology,27.1
SANGHVIMOV,454.0,444.0,459.6,437.4,False,True,True,True,False,True,1.0469107383392666,11.3231686,1.0931273268328074,True,-0.0587775759574105,True,50.05,False,0.9800849863904282,67.0,0.45,0,True,▇▄▆▇▆▅▅▇▇▇███▇▆▇▁▅▅▆,False,False,False,0,-0.008841829494596665,0.029711952823769705,0.042201022760436024,0.07383780563599862,FLAT,True,66,38.0,IGNORE,NONE,,NEUTRAL,C,WAIT,No standout factor,Finance,26.4
OMNI,556.0,526.0,565.75,519.05,False,True,True,True,False,False,1.0276187375176107,47.2377044,1.042662518576609,True,-0.1841451004214383,True,38.72,False,0.9545056760054726,77.0,0.68,0,True,▁▁▅▃▅▃▆▅▆▆▃▄▄▃▄▆▇█▇▄,False,False,False,0,0.025357307514983773,-0.0034949368222959576,0.07640015977001646,0.04063091598993296,UP,True,59,38.0,IGNORE,NONE,,NEUTRAL,C,WAIT,No standout factor,Producer Manufacturing,29.0
UJJIVANSFB,65.26,63.05,65.4,62.56,False,True,False,True,False,True,0.9429369285032118,81.086972668,0.958985707841885,False,0.060143384778312305,True,47.29,False,0.939029596608453,37.0,-0.32,0,False,▆▄█▆▅▁▂▃▄▄▂▅▆▅▃▅▄▇▅▃,False,False,False,0,-0.0015299877600978284,-0.005637665701660688,0.04951286449493486,0.03848818711056823,UP,True,58,38.0,IGNORE,NONE,,NEUTRAL,C,WAIT,CMF positive,Finance,26.4
SARDAEN,500.35,500.45,504.75,493.0,True,False,False,False,False,False,0.42422852247699844,13.04322387,0.4040410929896141,False,0.12014121985444363,True,53.55,True,1.1326741050182434,87.0,1.01,0,True,▅█▅▅▆▆▁▃▆▆▄▂▆▆▆▆▆▇▄▆,False,False,False,1,0.006639171109546371,-0.016220998820291044,0.05768202336457906,0.027904853991937872,UP,True,55,38.0,IGNORE,SEED,,NEUTRAL,C,WAIT,CMF positive,Non-Energy Minerals,34.0
SHRIRAMFIN,990.7,990.0,1002.0,986.4,False,False,False,True,False,True,0.6249507882564707,259.2889761,0.6009076060794564,False,-0.07158949587153877,True,73.61,True,1.1654989510351106,100.0,2.22,0,True,▂▅▆█▅▁▄▃▂▂▆▁▇▄▅▅▅▃▆█,False,False,False,0,-0.10018165304268845,-0.032897305739945426,-0.049138800787655756,0.01122854707228349,FLAT,True,51,38.0,IGNORE,SEED,,NEUTRAL,C,WAIT,Delivery P100,Finance,26.4
BHARATSE,213.61,212.45,215.23,207.91,False,False,False,True,False,False,0.5377360089488492,1.897647157,0.5238075921744114,False,0.06739641464284424,True,46.89,True,1.1297570142996542,66.0,0.49,0,True,▆▆▆▇▂▃▇▆██▆▃▆▇▁▆▅▅▆▆,False,False,False,0,-0.025724059293044443,-0.03557722696284249,0.025318792961988246,0.008548625849386426,UP,True,50,38.0,IGNORE,NONE,,NEUTRAL,C,WAIT,CMF positive,Producer Manufacturing,29.0
INDRAMEDCO,354.8,360.0,363.15,352.0,True,False,False,False,False,False,1.9888360665541809,14.3947682,1.9591832883788376,False,-0.09484563092803594,False,69.81,True,1.172174088253073,96.0,1.71,0,True,▂▂▂▆▃▃▃▁▅▅▂▂▅▃▃▅▃█▆▆,False,False,False,0,-0.008384572386808231,-0.05209724819663375,0.04265827986822446,-0.007971395384404834,UP,False,46,38.0,IGNORE,DISTRIBUTION,,NEUTRAL,C,WAIT,Delivery P96,Health Services,24.1
OBEROIRLTY,1762.9,1825.0,1826.6,1761.5,True,False,False,True,False,True,0.859008706026859,69.66998429000002,0.8325842596434904,False,0.140847985570788,False,57.3,True,1.0807854084538921,85.0,0.95,0,True,▂▄▄▂▆▃▂▃▂▂▆▅█▆▄▃▄▁▂▅,False,False,False,0,-0.06263625245919069,-0.06467529711375208,-0.011593400204158,-0.020549444301523168,UP,False,42,38.0,IGNORE,SEED,,NEUTRAL,C,WAIT,CMF positive,Finance,26.4
EIHOTEL,301.85,298.0,309.0,294.7,False,True,False,False,False,False,7.050310644520547,63.684222445,7.104859768165631,True,0.10718578175829402,False,11.53,False,0.22445225279591974,1.0,-3.03,0,False,▃▅█▆▅▇▅▆▆▆▃▅▃▄▆▅▅▅▅▁,False,False,False,0,0.025131601290541816,-0.09962714392244587,0.0761744535455745,-0.055501291110216955,UP,False,30,38.0,IGNORE,NONE,,NEUTRAL,C,WAIT,CMF positive,Consumer Services,24.4
HONAUT,33980.0,33660.0,35470.0,33505.0,False,False,False,False,False,False,9.409005307310393,93.373642,9.195751240158035,True,-0.19375298866422008,False,61.21,True,1.2727026998929192,79.0,0.68,0,False,▄▅█▅▆▇▅▄▅▅▄▂▂▃▇▃▄▁▄▇,False,True,False,0,-0.04496908375491848,-0.11911860012961761,0.006073768500114207,-0.0749927473173887,UP,False,24,38.0,IGNORE,NONE,,NEUTRAL,C,WAIT,No standout factor,Electronic Technology,27.1
DCMSHRIRAM,907.8,944.0,944.0,903.0,True,False,False,False,False,False,8.302554042859153,38.575871639999995,7.511812789424141,False,-0.45677587195630537,False,67.7,True,1.1998653031565143,97.0,1.71,0,True,▂▁▂▅▃▅▅▁▃▃▁▂█▄▂▄▄▃▂▆,False,False,False,0,-0.11898291925465854,-0.12551777285425292,-0.06794006699962585,-0.081391920042024,UP,False,22,38.0,IGNORE,DISTRIBUTION,,NEUTRAL,C,WAIT,Delivery P97,Producer Manufacturing,29.0
VESUVIUS,400.2,386.55,433.8,385.6,False,False,False,False,False,False,39.0322920847334,106.64361516,38.49750339934084,True,-0.41811955544277485,False,18.47,False,0.3052388035035531,1.0,-3.06,0,True,▇▇▇▇▇█▄▆▇▇▇▇▅▇▆▇█▇▆▁,False,True,False,0,-0.03809638264631665,-0.14193825042881647,0.012946469608716038,-0.09781239761658755,UP,False,19,38.0,IGNORE,NONE,,NEUTRAL,C,WAIT,No standout factor,Non-Energy Minerals,34.0
PGEL,493.15,504.55,509.95,493.15,True,False,False,False,False,False,2.4063762505093136,96.85554766999999,2.1903188451067117,False,-0.19819794998977783,False,44.52,True,1.192942027626308,95.0,1.7,0,True,▂█▅▄▃▅▅▅▆▆▃▁▅▆▅▄▁▂▄▆,False,False,False,0,-0.13467274960519393,-0.19175612554289934,-0.08362989735016124,-0.14763027273067042,UP,False,8,38.0,IGNORE,DISTRIBUTION,,NEUTRAL,C,WAIT,Delivery P95,Electronic Technology,27.1
VOLTAS,1090.0,1135.2,1137.9,1090.0,True,False,False,False,False,False,1.959051733381041,139.410128,1.8689325207714667,False,-0.2836013230903399,False,59.54,True,1.2759163818320136,95.0,1.63,0,True,▅▅▃▄▅▄▆▄▄▄▅▄█▃▅▁▄▅▁▆,False,False,False,0,-0.0954356846473029,-0.19805768098881693,-0.04439283239227021,-0.15393182817658801,UP,False,7,38.0,IGNORE,DISTRIBUTION,,NEUTRAL,C,WAIT,Delivery P95,Producer Manufacturing,29.0
BHARATRAS,1005.7,1049.7,1055.0,1000.0,True,False,False,False,False,False,3.7431524287544837,6.72763015,3.287541370919508,False,-0.5062421614773878,False,64.95,True,1.1678294016110473,92.0,1.34,0,True,▇█▇█▆▇▃▁██▄▃▄▄▅▅▆▇▅█,False,False,False,0,-0.18434712084347116,-0.23914359207141767,-0.13330426858843847,-0.19501773925918875,UP,False,4,38.0,IGNORE,DISTRIBUTION,,NEUTRAL,C,WAIT,Delivery P92,Process Industries,25.8
INNOVACAP,1271.2,1265.0,1314.8,1259.1,False,True,True,True,False,True,1.2715970004022843,18.80511584,1.3580349691659783,False,-0.04458789090655844,False,42.67,False,0.9889447702041856,23.0,-0.62,0,False,▃▂▂▁▄▄▅▇▇▇▄▆█▃▆▁▄▇▃▄,False,False,False,12,0.1901507349499112,0.29707667976123675,0.24119358720494388,0.34120253257346567,FLAT,True,92,37.0,IGNORE,NONE,,NEUTRAL,C,WAIT,RS leader,Health Technology,38.7
WELENT,744.3,749.5,769.5,736.05,True,False,True,True,False,True,0.5807080328813906,39.52709352,0.5596078825283431,False,-0.0355770876560584,False,64.1,True,1.258664362715259,81.0,0.81,0,True,▄▃▃▁▄▅▅▄▅▅▄▆█▆▆▇▄▅█▇,False,False,False,4,0.05492169229678967,0.19903342730567863,0.10596454455182236,0.24315928011790755,FLAT,True,86,37.0,IGNORE,NONE,,NEUTRAL,C,WAIT,No standout factor,Industrial Services,35.2
INDGN,605.15,613.0,627.0,598.35,True,True,True,True,False,True,3.8480619249774217,110.4713428,3.884895174683264,False,-0.18274502737336484,False,54.66,True,1.0553651590481248,42.0,-0.27,0,False,▆▆▇█▆▆▇▅▆▆▆▆▇▇▅▆▃▁▅▆,False,False,True,3,-0.0004129501156260318,0.1918266863613982,0.05062990213940666,0.23595253917362713,FLAT,True,85,37.0,IGNORE,DISTRIBUTION,,NEUTRAL,C,WAIT,No standout factor,Health Technology,38.7
PVRINOX,1190.1,1230.0,1230.0,1181.2,True,False,False,True,False,True,1.152372281314136,97.18713629999999,1.1135475144753622,False,0.10488881897178162,False,57.39,True,1.261180090099989,73.0,0.58,0,False,▄██▆▃▁▄▄▆▆▄▄▅▇▆▄▇▅▆▇,False,False,False,8,-0.03102100635075733,0.18879232843871718,0.02002184590427536,0.2329181812509461,FLAT,True,85,37.0,IGNORE,NONE,,NEUTRAL,C,WAIT,CMF positive,Consumer Services,24.4
INDIQUBE,196.14,199.8,199.8,193.23,True,True,True,True,False,False,1.0450270819900702,1.134905268,1.0447173002823962,False,0.1782559024432517,False,67.43,True,1.215447704024154,79.0,0.7,0,False,█▅▆▇▃▄▅▅▆▆▅▅▁▇▆▆▄▅▅█,False,False,False,9,0.03204419889502752,0.1422082459818308,0.08308705115006021,0.1863340987940597,FLAT,True,81,37.0,IGNORE,NONE,,NEUTRAL,C,WAIT,CMF positive,Finance,26.4
NOVARTIND,1924.1,1952.9,1990.0,1905.0,True,False,True,True,False,False,0.08684528184909826,4.1452810399999995,0.0745820574971867,False,0.19610379153064111,False,43.46,True,1.149142638057087,18.0,-0.73,0,False,▅▆██▄▁▂▁▁▁▄▃▄▅▄▃▅▄▃▅,False,False,False,3,0.21616838379369185,0.13055996239497025,0.26721123604872454,0.17468581520719917,UP,True,80,37.0,IGNORE,NONE,,NEUTRAL,C,WAIT,CMF positive,Health Technology,38.7
SURAJEST,209.06,217.89,217.89,207.01,True,True,True,False,False,False,0.29414044795130695,2.145666404,0.3059431648471209,False,0.15492780522188926,False,63.51,True,1.0677897710077677,78.0,0.61,0,False,▇█▅▅██▆▅▅▅▄▄▃▁▂▃▄▃▆▅,False,False,False,5,0.091640123231163,0.0690325219881367,0.14268297548619568,0.11315837480036561,UP,True,72,37.0,IGNORE,NONE,,NEUTRAL,C,WAIT,CMF positive,Industrial Services,35.2
TITAN,4871.5,4855.0,4880.0,4821.5,False,False,False,True,False,True,0.5885185093840494,173.7868653,0.5766331059900899,False,0.03311999185498479,True,62.18,True,1.0858859278404527,71.0,0.65,0,True,▁▆▂▄▆▅▇▆▄▄▇▆█▄▄▇▄▃▇▆,False,False,False,2,-0.05210826377133071,0.053115136841195065,-0.0010654115162980204,0.09724098965342398,FLAT,True,70,37.0,IGNORE,NONE,,NEUTRAL,C,WAIT,CMF positive,Consumer Durables,23.7
TMCV,430.9,430.6,434.8,426.5,True,False,False,True,False,True,0.7129842461443389,214.2710576,0.6851218063790983,False,0.05814854048500757,False,56.3,True,1.042978881067062,75.0,0.66,0,True,▁▅▅▁▂▅▄▃▅▅▃▂▅▄▁█▂▂▂▄,False,False,False,0,-0.08533220123116125,0.05264443630145332,-0.034289348976128564,0.09677028911368224,FLAT,True,69,37.0,IGNORE,NONE,,NEUTRAL,C,WAIT,CMF positive,Consumer Durables,23.7
VISHNU,673.9,688.05,696.8,669.8,True,False,True,True,False,True,0.9788615474799692,10.364110270000001,0.93839263416863,False,-0.0004524920568265821,False,66.79,True,1.3626579889624502,95.0,1.59,0,False,▄▄▅▁▃▁▃▃▄▄▄▄▃▄▃▅▆▅▅█,False,False,False,9,0.01836040800906691,0.05222890155359505,0.0694032602640996,0.09635475436582397,FLAT,True,69,37.0,IGNORE,SEED,,NEUTRAL,C,WAIT,Delivery P95,Process Industries,25.8
ZYDUSLIFE,1202.9,1185.5,1208.6,1182.4,False,True,True,True,True,True,1.452150476051075,238.20234786000003,1.5105730363386205,True,-0.02620710536191276,False,51.62,False,0.9857352913094124,49.0,0.07,0,False,▃█▇▄▂▅██▄▄▇▅▄▇▇█▆▂▁▅,False,False,False,2,0.011520349815001829,0.04246468498136746,0.06256320207003452,0.08659053779359638,FLAT,True,68,37.0,IGNORE,NONE,,NEUTRAL,C,WAIT,No standout factor,Health Technology,38.7
UDS,207.79,207.84,208.98,202.56,True,True,True,True,False,False,0.16948214960857882,1.1172868299999998,0.15881173727845024,False,0.21493799583898449,False,51.28,True,1.0502278429163894,45.0,-0.02,0,False,▃▆█▆▄▁▁▅▆▆▅▆▆▃▃▆▇▄▇▆,False,False,False,3,-0.08510919337795009,0.037912087912088,-0.0340663411229174,0.08203794072431692,FLAT,True,67,37.0,IGNORE,NONE,,NEUTRAL,C,WAIT,CMF positive,Commercial Services,27.2
PREMEXPLN,675.3,675.0,679.4,673.55,True,True,True,True,False,False,0.7327742859311295,12.02952408,0.737802002501844,False,-0.2446735855423602,False,75.19,True,1.057837054544943,95.0,2.09,0,True,▆▁▆▆▆▅█▆▆▆▆▆▆▇▇▆▅▆█▆,False,False,False,0,0.017094660742525747,0.02675992093659718,0.06813751299755844,0.0708857737488261,FLAT,True,65,37.0,IGNORE,SEED,,NEUTRAL,C,WAIT,Delivery P95,Process Industries,25.8
BELRISE,240.52,249.45,249.45,239.2,True,True,True,True,False,True,0.5622519630119424,42.887770604,0.569669075733366,False,0.05661038530083651,False,46.36,False,0.958098682510979,67.0,0.44,0,False,▅▅▄▃▅▅▄▆▄▄▄▁█▁▄▅▆▅▂▄,False,False,False,0,0.042430546526242896,0.01588106099003217,0.09347339878127559,0.060006913802261086,UP,True,64,37.0,IGNORE,NONE,,NEUTRAL,C,WAIT,CMF positive,Producer Manufacturing,29.0
JAMNAAUTO,136.27,139.4,139.4,134.91,True,True,True,True,False,True,0.5225254238937654,20.778626751,0.5376288414185617,False,0.2921891150242958,False,39.66,False,0.9397436201217924,32.0,-0.4,0,False,▆▇▇█▅▇▇▅▅▅▅▅▄▆▄▄▁▄▅▅,False,False,False,0,0.12759619362846508,0.0014698317042700637,0.17863904588349777,0.04559568451649898,UP,True,60,37.0,IGNORE,NONE,,NEUTRAL,C,WAIT,CMF positive,Producer Manufacturing,29.0
PDSL,348.95,349.5,364.9,344.15,True,False,False,True,False,True,5.5961843153799276,20.829418715,5.568093220766459,False,-0.1064665739455346,False,39.27,False,0.6332083686056356,13.0,-1.0,0,True,▅▄▇▄▄▄▅▆▆▆▄█▃▃▄▄▃▄▃▁,False,False,False,0,-0.030290398777268357,-0.043448464912280715,0.020752453477764332,0.0006773878999482008,UP,True,48,37.0,IGNORE,DISTRIBUTION,,NEUTRAL,C,WAIT,No standout factor,Consumer Non-Durables,27.5
JINDALPHOT,1043.4,1047.1,1054.9,1040.4,True,False,False,False,False,False,0.16636164531517206,0.11571306,0.15865849884807087,False,0.25589826256406356,True,81.33,True,1.1968742641864847,100.0,1.92,0,True,▁▃▄▂█▅▅█▅▅▅▄▆▄▅█▆▄▇█,False,False,False,0,0.031027667984189877,-0.04642661305063056,0.08207052023922257,-0.0023007602384016446,UP,False,47,37.0,IGNORE,SEED,,NEUTRAL,C,WAIT,"Delivery P100, CMF positive",Finance,26.4
NIACL,168.29,170.0,171.95,160.05,True,False,False,False,False,False,0.3298849227078685,71.180460099,0.2653777978217248,False,0.10335066558359057,True,43.14,True,2.3995995105128487,75.0,0.74,3,False,▆▂▄▂▃▂▂▅▃▃▄▁▄▄▄▄▅▅▆█,False,False,False,2,-0.09409484846853644,-0.05513446746392692,-0.04305199621350375,-0.011008614651698001,FLAT,False,45,37.0,IGNORE,NONE,DEL43% ▆▂▄▂▃▂▂▅▃▃▄▁▄▄▄▄▅▅▆█ P75 Z+0.7 3D,NEUTRAL,C,WAIT,"3D high delivery, CMF positive",Finance,26.4
BHARATFORG,1942.0,1950.0,1958.0,1917.0,True,False,False,True,False,True,1.2061101090274366,213.0925528,1.1826681254444953,False,0.07896054334725706,True,59.78,True,1.0929001709370458,89.0,1.17,0,False,▆█▄▄▆▆▂▃▁▁▄▂▁▅▄▄▅▅▆▅,False,False,False,0,-0.053698469934704174,-0.07541420681774902,-0.0026556176796714848,-0.0312883540055201,UP,False,39,37.0,IGNORE,SEED,,NEUTRAL,C,WAIT,CMF positive,Producer Manufacturing,29.0
VIYASH,238.05,239.5,245.9,235.8,True,False,False,False,False,False,1.5011050760434506,96.152894145,1.4071157349878078,False,-0.21938082456051725,True,65.33,True,1.2109248292416197,98.0,2.03,0,True,▄▄▃▃▆▆▃▃▃▃▇▃▅▃▁▃▄▁▄█,False,False,False,0,-0.09245139153640869,-0.10220629832170458,-0.041408539281376,-0.058080445509475664,UP,False,30,37.0,IGNORE,SEED,,NEUTRAL,C,WAIT,Delivery P98,Health Technology,38.7
SUNTECK,280.3,276.0,285.45,268.55,False,False,False,False,False,False,2.949963970455774,9.17996515,2.8655666302605076,True,-0.09898546135976846,True,45.1,False,0.8672326433289428,31.0,-0.38,0,False,▇█▆▆█▄█▃▆▆▃▆▇▃▁▃▅▃▆▂,False,True,False,0,-0.07568013190436929,-0.11015873015873012,-0.024637279649336596,-0.0660328773465012,UP,False,28,37.0,IGNORE,NONE,,NEUTRAL,C,WAIT,No standout factor,Finance,26.4
BANKINDIA,130.11,130.0,131.83,128.55,False,False,False,False,False,False,1.990983212093711,119.44790185200002,1.8602375978423418,True,-0.12057135044519489,True,45.83,False,0.9804466883450282,64.0,0.35,0,False,▁▃▃▄▄▅▅▄▂▂▄▆█▇▅▆▄▃▃▄,False,True,False,0,-0.0859852476290831,-0.1154996600951732,-0.03494239537405042,-0.07137380728294429,UP,False,26,37.0,IGNORE,NONE,,NEUTRAL,C,WAIT,No standout factor,Finance,26.4
RAILTEL,259.25,255.0,261.95,252.05,False,False,False,False,False,False,1.2917879497491158,16.507251175,1.2695273078124278,True,-0.1380786212413171,True,36.94,True,1.0511339384799248,72.0,0.58,0,True,▂▇▅▃▅█▆▄▇▇▅▁▄▇▂▅▆▄▂▅,False,True,False,0,-0.06711047139258719,-0.11864694883562799,-0.0160676191375545,-0.07452109602339907,UP,False,25,37.0,IGNORE,NONE,,NEUTRAL,C,WAIT,No standout factor,Communications,33.3
COROMANDEL,1792.9,1900.0,1900.1,1772.1,True,False,False,False,False,False,3.4448978386568703,66.93182564,3.1688188679176252,False,0.0029725468690901895,False,62.2,True,1.0283966436572562,77.0,0.64,0,True,▂▃▃▅▃▂▂▁▃▃▄▃▄▃▄▃█▁▁▃,False,False,False,0,-0.06760621977221903,-0.1272452903665483,-0.016563367517186345,-0.08311943755431939,UP,False,22,37.0,IGNORE,NONE,,NEUTRAL,C,WAIT,CMF positive,Process Industries,25.8
ACC,1202.6,1215.5,1224.5,1188.1,True,False,False,False,False,False,6.582284744899589,87.98113365999998,6.328299928200895,False,-0.1834369496176634,True,62.96,True,1.2167711886517145,91.0,1.37,0,False,▃▅▅▄▄▃▄▅▁▁▅▃▇▁▃▁▇▄█▇,False,False,False,0,-0.05478267704157824,-0.1334486237209973,-0.0037398247865455536,-0.08932277090876839,UP,False,20,37.0,IGNORE,SEED,,NEUTRAL,C,WAIT,Delivery P91,Non-Energy Minerals,34.0
ARMANFIN,1711.4,1708.5,1752.0,1685.0,False,False,False,False,False,False,1.7947581760379712,10.328299,1.6406044835007025,True,-0.20644274686936898,True,42.48,False,0.8134346935258411,5.0,-1.61,0,False,▄▇▇█▇▇▅▃▅▅▄▄▅▇▇▃▆█▁▃,False,True,False,1,-0.12339292116990208,-0.1378771850284619,-0.07235006891486939,-0.093751332216233,UP,False,20,37.0,IGNORE,NONE,,NEUTRAL,C,WAIT,No standout factor,Finance,26.4
GENESYS,277.68,282.13,282.4,275.0,True,True,True,False,False,False,0.12081016860596942,5.7952926719999995,0.11737773450846595,False,0.18892234014981438,True,39.5,True,1.333153329508252,44.0,-0.02,0,False,▆▇▆█▇▂▃▁▂▂▃▃▅▅▄▇▄▅▅▆,False,False,False,0,0.22905324658079929,-0.14190358467243513,0.280096098835832,-0.09777773186020622,UP,False,19,37.0,IGNORE,NONE,,NEUTRAL,C,WAIT,CMF positive,Technology Services,23.6
NELCAST,118.93,115.0,121.0,112.6,False,True,True,False,True,False,1.7431372426833835,2.994157894,1.8055510530635386,True,-0.06099355813438691,True,44.85,False,0.8014223683505173,39.0,-0.2,0,False,▆▃██▅▆▄▇▅▅▃▁▃▆▄▇▃▃▂▃,False,False,False,0,0.021823180685625942,-0.15908930212826133,0.07286603294065863,-0.11496344931603242,UP,False,14,37.0,IGNORE,NONE,,NEUTRAL,C,WAIT,No standout factor,Non-Energy Minerals,34.0
CENTURYPLY,665.0,679.05,683.9,655.05,True,False,False,False,False,False,7.605242349497835,34.282878,7.110495631892944,False,-0.4011639753084479,True,60.11,True,1.0184855724427726,85.0,0.83,0,True,▄▄▄▃▃▃▅▄▇▇▁▂▃█▅▅▅▃▃▄,False,False,False,0,-0.11972996227414134,-0.16125370498833325,-0.06868711001910865,-0.11712785217610433,UP,False,13,37.0,IGNORE,SEED,,NEUTRAL,C,WAIT,No standout factor,Producer Manufacturing,29.0
ADANIGREEN,1255.0,1235.0,1257.0,1223.6,False,False,False,True,False,False,1.0023877284312372,182.846472,0.9816398614482534,True,0.13386788504975275,True,41.28,True,1.105546479552211,85.0,1.05,0,False,▃▂▃▃▅▃▃▄▄▄▂▂▃▂▁▂█▅▃▄,False,False,False,0,0.03300683183801123,-0.1797385620915033,0.08404968409304392,-0.13561270927927438,UP,False,10,37.0,IGNORE,SEED,,NEUTRAL,C,WAIT,CMF positive,Utilities,34.3
NACLIND,132.45,136.86,137.96,129.75,True,False,False,False,False,False,2.1225858891952623,13.86788586,1.8902363594212923,False,-0.44196406898532525,True,65.69,True,1.3646042149215285,88.0,0.99,0,True,▅▆▅▅▆█▁▃▇▇▂▄▅▆▆▆▄▄▅█,False,False,False,0,-0.2144594033568592,-0.3738476811799746,-0.1634165511018265,-0.32972182836774566,UP,False,1,37.0,IGNORE,SEED,,NEUTRAL,C,WAIT,No standout factor,Process Industries,25.8
SAILIFE,1559.9,1576.0,1594.5,1550.0,True,False,True,True,False,True,0.40415133523691266,55.625722020000005,0.39788383406347544,False,0.007432780586897174,False,53.81,True,1.1058591421936332,53.0,0.02,0,False,▁▁▅▃▆▄▆▇▇▇▆█▇▅▆▃▁▆▆▇,False,False,False,6,0.027534418022528317,0.21044463412741532,0.078577270277561,0.25457048693964424,FLAT,True,86,36.0,IGNORE,NONE,,NEUTRAL,C,WAIT,CMF positive,Commercial Services,27.2
SEAMECLTD,1653.2,1684.2,1686.8,1644.0,True,False,True,True,False,True,0.6659465267207542,7.62356648,0.6272022858030546,False,0.012685749393650235,False,57.52,True,1.1402856661413265,73.0,0.45,0,False,▄▆▅▇▆██▇▁▁▆▄▄▄▅▄▆▇▆▇,False,False,False,9,-0.015248987371932254,0.20874460773561454,0.035793864883100435,0.25287046054784346,FLAT,True,86,36.0,IGNORE,NONE,,NEUTRAL,C,WAIT,CMF positive,Industrial Services,35.2
HARSHA,465.05,468.0,469.7,455.0,True,True,True,True,False,True,0.48337337348218845,4.13578266,0.4925270756372444,False,0.018548552692747387,False,51.31,True,1.014673311184939,28.0,-0.53,0,False,▄▆▆██▆▇▇▇▇█▅▇▁▄▅▃▅▆▆,False,False,False,11,0.025016530747189902,0.12290233007364493,0.07605938300222259,0.16702818288587384,FLAT,True,79,36.0,IGNORE,NONE,,NEUTRAL,C,WAIT,CMF positive,Producer Manufacturing,29.0
GUJTHEM,406.5,395.4,410.0,392.6,False,False,True,True,False,True,0.23967703931437037,6.74940405,0.22919203136011893,False,-0.14398902322192167,True,40.9,False,0.7362073620736208,12.0,-1.0,0,True,▄█▅▂▂▂▂▁▄▄▂▂▂▃▃█▂▂▄▁,False,False,False,3,-0.03202762233599232,0.11507337813742957,0.019015229919040366,0.1591992309496585,FLAT,True,78,36.0,IGNORE,NONE,,NEUTRAL,C,WAIT,No standout factor,Health Technology,38.7
THEMISMED,119.95,118.0,121.04,116.02,False,False,True,True,False,True,0.30892062074242116,1.27979453,0.28372804173854654,False,0.09847729913982406,True,34.95,False,0.8246230800084942,8.0,-1.16,0,False,▆█▅▇▁▆▄█▆▆▆▄▅▆▇▆▇▇▃▅,False,False,False,5,-0.02929513635995784,0.06764574988874061,0.02174771589507485,0.11177160270096953,FLAT,True,72,36.0,IGNORE,NONE,,NEUTRAL,C,WAIT,CMF positive,Health Technology,38.7
PRUDENT,3098.7,3170.0,3170.0,3060.0,True,False,False,True,False,False,3.1242957158864244,30.456502559999997,2.9198980713919784,False,-0.0848884157231128,True,52.41,False,0.9869127200828547,33.0,-0.48,0,False,▁▄▂▅▆█▆▂▅▅▄▆▅▃▃▆▂▇▂▄,False,True,False,0,-0.0756495540375266,0.06393133047210298,-0.02460670178249391,0.10805718328433189,FLAT,True,71,36.0,IGNORE,NONE,,NEUTRAL,C,WAIT,No standout factor,Finance,26.4
SHYAMMETL,1074.0,1064.0,1085.7,1056.0,False,False,True,True,False,True,0.4568166106693094,25.3718538,0.4505404610837408,False,-0.10517844776095653,True,41.97,False,0.7592051590495915,23.0,-0.59,0,True,▄▃▆▄▃▃▅▃▄▄▃▁▇▅▆▃▃██▃,False,False,False,6,-0.0037105751391465214,0.010680845057168264,0.04733227711588617,0.05480669786939718,FLAT,True,62,36.0,IGNORE,NONE,,NEUTRAL,C,WAIT,No standout factor,Producer Manufacturing,29.0
CENTENKA,549.5,558.6,560.2,541.0,True,False,False,True,False,True,0.03222047182363436,1.1020772,0.029381387366508575,False,0.1520356730383402,True,46.82,True,1.0743583565667343,13.0,-0.9,0,False,▆▁▂▄▅▆▆▅▆▆▇▇█▇▆▇█▇█▆,False,False,False,1,0.00992464620474176,0.009460824836961423,0.06096749845977445,0.05358667764919034,UP,True,62,36.0,IGNORE,NONE,,NEUTRAL,C,WAIT,CMF positive,Process Industries,25.8
CHEMPLASTS,192.35,195.15,199.25,191.09,True,True,True,False,False,False,0.12303169465318255,3.811896125,0.12612627157439824,False,0.20986078456529406,True,40.84,True,1.0527401144506885,24.0,-0.51,0,False,▇▆▇▇▁▄▆▅██▆▆▅▃▁▄▆▃▅▆,False,False,False,0,0.12914587613736428,-0.0169673429754178,0.18018872839239697,0.027158509836811118,UP,True,55,36.0,IGNORE,NONE,,NEUTRAL,C,WAIT,CMF positive,Process Industries,25.8
MAHLIFE,361.0,361.0,364.1,354.4,True,True,False,False,False,True,0.9793826961361612,3.200265,0.9830068089970035,False,0.13960587955913997,True,53.52,True,1.0563609628043307,54.0,0.04,0,False,█▄▄▃▅▆▂▅▄▄▃▁▅▃▅▃▃▆▄▅,False,False,False,0,0.011346126908530652,-0.022210184182015147,0.06238897916356334,0.02191566863021377,UP,True,54,36.0,IGNORE,NONE,,NEUTRAL,C,WAIT,CMF positive,Finance,26.4
DMART,3820.9,3789.8,3833.6,3771.6,False,True,False,False,False,False,0.6925773188544091,111.62186215,0.7028021140823572,False,0.14388435078739104,True,59.08,False,0.9662989344215374,73.0,0.62,0,True,▁▂▂▄▃█▂▃▅▅▅▃▆▄▄▃▄▃▅▃,False,False,False,0,-0.006887768363050384,-0.032903895314991494,0.044155083891982305,0.011221957497237423,UP,True,51,36.0,IGNORE,NONE,,NEUTRAL,C,WAIT,CMF positive,Retail Trade,31.2
CREST,356.9,361.9,361.9,355.0,True,False,False,False,False,True,0.21080368906455865,0.027409919999999994,0.20766122135837883,False,0.1924652749401265,False,93.75,True,1.2576043140858388,97.0,1.75,0,True,▆█▄▆▂▄▄▂███▇▁▄▃▃▇▂▇▇,False,False,False,0,-0.020716147619700975,-0.04559433079288677,0.030326704635331714,-0.0014684779806578563,UP,False,48,36.0,IGNORE,SEED,,NEUTRAL,C,WAIT,"Delivery P97, CMF positive",Finance,26.4
BAJAJELEC,309.85,313.15,313.35,304.0,True,False,False,False,False,False,3.386136488474433,10.801618880000001,3.180694799590076,False,0.00024249694605073786,True,37.8,False,0.8128507838203987,28.0,-0.43,0,True,▂▃▄▅▁▁▄▃▁▁▃▄▅▂▃▄█▇▃▁,False,False,False,0,-0.04910234770599964,-0.06993846615638588,0.0019405045490330508,-0.025812613344156965,UP,False,40,36.0,IGNORE,NONE,,NEUTRAL,C,WAIT,CMF positive,Consumer Durables,23.7
AWL,178.75,180.66,181.45,172.6,True,False,False,False,False,False,6.363972463224314,185.69104125,6.085713726533114,False,0.03427688177421112,True,55.54,True,1.1691647019198381,66.0,0.48,0,False,▇▇▅▆▆▆▆▇▆▆▅▁█▇▆▅▃▅▇▇,False,False,False,0,-0.08040950715094142,-0.0782756664775951,-0.029366654895908728,-0.03414981366536618,UP,False,38,36.0,IGNORE,NONE,,NEUTRAL,C,WAIT,CMF positive,Process Industries,25.8
RAINBOW,1367.8,1374.8,1385.7,1351.1,True,False,False,False,False,True,2.0401756518524836,31.40509834,1.9580782692171896,False,-0.03473092651316808,False,65.76,True,1.1396287887978096,73.0,0.64,0,True,▃▃▇▃▅▇▇▅▆▆▃▁▄▆▇▆▅▅█▇,False,False,False,0,-0.05434181415929218,-0.07811552200579641,-0.0032989619042594898,-0.033989669193567495,UP,False,38,36.0,IGNORE,DISTRIBUTION,,NEUTRAL,C,WAIT,No standout factor,Health Services,24.1
CHOICEIN,741.15,755.5,756.95,738.5,True,False,False,False,False,True,0.8500888726325703,23.29716087,0.829066911843014,False,-0.08720451245018931,False,69.55,True,2.2705014364063727,100.0,3.36,2,True,▃▅▃▃▄▃▇▂▃▃▄▁▂▂▅▆▃▁▆█,False,False,False,0,-0.04330708661417326,-0.09272860815277273,0.007735765640859427,-0.04860275534054381,UP,False,33,36.0,IGNORE,SEED,DEL70% ▃▅▃▃▄▃▇▂▃▃▄▁▂▂▅▆▃▁▆█ P100 Z+3.4 2D,NEUTRAL,C,WAIT,"Delivery P100, 2D high delivery",Commercial Services,27.2
RELIGARE,232.05,234.0,236.24,228.94,True,False,False,False,False,False,1.8440754635640255,35.694000615,1.6971034559779334,False,0.07116498065791832,False,62.77,True,1.1559852670349908,81.0,0.78,0,False,▁▂▄▄▃▂▄▃▆▆▃▂▄▃▂█▄▃▄▅,False,False,False,0,-0.07098246456882051,-0.09426229508196715,-0.019939612313787825,-0.050136442269738235,UP,False,32,36.0,IGNORE,NONE,,NEUTRAL,C,WAIT,CMF positive,Finance,26.4
GODIGIT,253.2,263.1,263.1,251.8,True,True,False,False,False,False,3.8540590504284333,81.98846411999999,3.89297319305323,False,0.08714444959676518,False,59.06,True,1.2043352807430745,71.0,0.44,0,True,▃▅▃█▇▁▆█▇▇▇▁█▄▅▆▆▅▃▇,False,False,True,0,-0.028954937679769976,-0.11173478337133846,0.022087914575262713,-0.06760893055910955,UP,False,27,36.0,IGNORE,NONE,,NEUTRAL,C,WAIT,CMF positive,Finance,26.4
CHOLAHLDNG,1371.8,1389.7,1402.0,1341.0,True,False,False,False,False,False,3.068263155908445,65.80195368,2.8589471577442613,False,0.05372559178774606,False,57.47,True,1.0156312129432452,55.0,0.13,0,False,▅▂▁▂▃█▃▁▁▁▂▃▄▁▅▆▅▄▆▄,False,False,False,0,-0.06996610169491524,-0.11508192491291447,-0.01892324943988255,-0.07095607210068555,UP,False,26,36.0,IGNORE,NONE,,NEUTRAL,C,WAIT,CMF positive,Finance,26.4
STARCEMENT,178.1,182.33,182.33,175.2,True,False,False,False,False,False,3.6985735171546863,11.5702665,3.458799785476636,False,0.09862147872442824,False,43.12,False,0.7091697024019998,13.0,-1.16,0,True,▁▅▄▅▅▅▅▅▆▆▅█▅▅▄▂▄▃▄▁,False,False,False,0,-0.04056456391747021,-0.14539347408829184,0.01047828833756248,-0.10126762127606292,UP,False,18,36.0,IGNORE,NONE,,NEUTRAL,C,WAIT,CMF positive,Non-Energy Minerals,34.0
APTUS,233.34,238.1,238.54,231.33,True,False,False,False,False,False,2.6740801789097013,94.221665304,2.5333681041601976,False,0.05815259903295489,False,63.21,True,1.0448192930403233,78.0,0.76,0,False,▂▁▅▄▂▅▁▅▂▂▃▃▄▅█▂▂▄▄▄,False,False,False,0,-0.07901799810546262,-0.22491280518186352,-0.027975145850429928,-0.1807869523696346,UP,False,5,36.0,IGNORE,NONE,,NEUTRAL,C,WAIT,CMF positive,Finance,26.4
KENNAMET,4039.6,4167.9,4172.9,4012.5,True,False,True,True,False,False,0.8906377173443941,12.421366039999999,0.7969161350971439,False,-0.2603876929887234,False,59.72,True,1.284867522240988,48.0,0.1,0,False,▃▅▂▆▇▆▅▂██▄▁▃▃▁▃▇▆▅▇,False,False,False,6,-0.11377298056250273,0.44772963480629313,-0.06273012830747005,0.49185548761852205,FLAT,True,97,35.0,IGNORE,NONE,,NEUTRAL,C,WAIT,RS leader,Producer Manufacturing,29.0
PRABHA,224.41,223.0,227.68,215.6,False,False,True,True,False,True,0.09308076231338132,1.957909927,0.08932953307618424,False,-0.19863429170675564,False,50.35,True,1.1032956437899903,29.0,-0.46,0,False,▇▇▃▁▃▅▅▆██▇▆▄▄▇▇▇▇█▇,False,False,False,5,0.05574896499811821,0.5388466022080503,0.1067918172531509,0.5829724550202792,FLAT,True,97,35.0,IGNORE,NONE,,NEUTRAL,C,WAIT,RS leader,Energy Minerals,25.5
EBGNG,674.8,672.05,690.95,666.1,False,True,True,True,False,True,0.5824581280796088,36.709254959999996,0.5911638905858063,False,-0.08264906934799376,False,44.9,True,1.1918350011944894,29.0,-0.46,0,False,▂▄▆▇▆▄▃▁▄▄▆▆▄▇▅▅██▅▇,False,False,False,8,0.03735588009223667,0.24410029498525065,0.08839873234726936,0.28822614779747957,FLAT,True,89,35.0,IGNORE,NONE,,NEUTRAL,C,WAIT,No standout factor,Technology Services,23.6
ASHIKAG,425.1,454.8,461.0,422.4,True,False,True,True,False,True,0.7270617154751092,14.93219013,0.6754530038038408,False,0.1048807162254723,False,0.0,False,0.0,,,0,False,,False,False,False,10,0.06447977964191809,0.21822610689210498,0.11552263189695078,0.2623519597043339,FLAT,True,87,35.0,IGNORE,NONE,,NEUTRAL,C,WAIT,CMF positive,Miscellaneous,22.2
SOMANYCERA,613.85,614.45,624.95,610.7,True,True,True,True,False,True,0.5644143373112678,4.220280135,0.596309396180315,False,0.1612780020978199,False,53.13,False,0.9852847088931541,31.0,-0.34,0,False,▅▁▃▆▄██▂▆▆▅▇▃▁▇▂▄▁▄▄,False,False,False,14,0.0900292994761609,0.1965886939571151,0.14107215173119358,0.240714546769344,FLAT,True,85,35.0,IGNORE,NONE,,NEUTRAL,C,WAIT,CMF positive,Producer Manufacturing,29.0
WHIRLPOOL,888.2,912.55,912.55,873.0,True,True,True,True,False,False,0.6396749708426811,156.49444496,0.6419226818401379,False,0.3883917073506779,False,19.71,False,0.468789021156156,3.0,-2.44,0,False,▇▅▆▇██▇▆██▇▆▇▅▇▂▂▁▂▃,False,False,False,4,0.10865630655932113,0.15395608678705996,0.15969915881435381,0.19808193959928888,FLAT,True,82,35.0,IGNORE,NONE,,NEUTRAL,C,WAIT,CMF positive,Consumer Durables,23.7
KTKBANK,324.25,322.0,326.1,317.35,False,False,True,True,False,True,0.6540971619883261,40.49292365,0.6440285896020366,False,0.04480229321764948,True,43.35,False,0.7981734991668431,29.0,-0.5,0,False,▄▁▄▃▄██▅▃▃▃▂▆▇▂▂▂▂▂▁,False,False,False,4,-0.020096705953460248,0.15268396729470313,0.03094614630157244,0.19680982010693204,FLAT,True,82,35.0,IGNORE,NONE,,NEUTRAL,C,WAIT,CMF positive,Finance,26.4
BOROLTD,276.21,281.0,282.26,272.01,True,True,True,True,False,False,1.3105897046103956,12.750461261999998,1.3758646569392852,False,0.0732458106144859,False,35.48,False,0.8040519869012951,9.0,-1.25,0,False,▃▃▄▄▆▇█▃██▅▄▇▅▁▅▆▃▁▃,False,False,False,7,0.14207153194128597,0.15583546051805652,0.19311438419631866,0.19996131333028544,FLAT,True,82,35.0,IGNORE,NONE,,NEUTRAL,C,WAIT,CMF positive,Producer Manufacturing,29.0
QUESS,342.1,339.75,343.0,335.9,False,False,True,True,False,True,0.3278413497709989,6.5180313000000005,0.3185748466678241,False,0.02770284031136118,True,50.86,True,1.246202097422327,54.0,0.1,0,False,▄▄▃▁█▃▂▅▆▆▇█▅▂▅▇▇▇▆█,False,False,False,1,-0.09855072463768111,0.14166527615551483,-0.04750787238264842,0.18579112896774375,FLAT,True,81,35.0,IGNORE,NONE,,NEUTRAL,C,WAIT,CMF positive,Commercial Services,27.2
SUDARSCHEM,1197.3,1205.0,1209.8,1166.5,True,False,True,True,False,True,0.5542266292598524,17.526556319999997,0.5347172240828172,False,0.014840453778602252,True,42.73,False,0.9106602446613528,27.0,-0.56,0,False,▁▄▄▅▆█▅█▆▆▄▃▅▇█▆▆▆▇▅,False,False,False,5,-0.034980253082937174,0.13531196662241607,0.016062599172095515,0.17943781943464499,FLAT,True,80,35.0,IGNORE,NONE,,NEUTRAL,C,WAIT,CMF positive,Process Industries,25.8
CARBORUNIV,1200.5,1241.7,1255.0,1194.0,True,True,True,True,False,True,0.4658591741024446,33.5983935,0.4633094163381593,False,-0.15085653681296407,False,61.01,True,1.4014172667654388,77.0,0.64,0,False,▆█▅▅▅▆▅▆▇▇▇▇▆▁▄▅▁▃▆█,False,False,False,5,0.0908677873693775,0.10726803172846333,0.1419106396244102,0.15139388454069225,FLAT,True,77,35.0,IGNORE,NONE,,NEUTRAL,C,WAIT,No standout factor,Process Industries,25.8
SGIL,657.35,656.7,669.45,634.8,False,True,True,True,False,True,0.7528925095296942,0.662806005,0.7868629367914289,False,0.009854376047710297,True,67.27,True,1.011396439740197,54.0,0.17,0,False,▅▆▆▇▅▇▄▇██▃▃▄▆▃▁▂▄▅▅,False,False,False,2,0.09121845949535201,0.10090437112711448,0.1422613117503847,0.1450302239393434,FLAT,True,76,35.0,IGNORE,NONE,,NEUTRAL,C,WAIT,CMF positive,Non-Energy Minerals,34.0
PAISALO,78.59,79.08,80.23,77.01,True,False,True,True,False,False,0.4310700929158775,67.03587895700001,0.40981819305411316,False,0.2970989339767875,False,35.91,False,0.8594610119190081,9.0,-1.19,0,False,█▄▆▅▃▆▃▂▅▅▃▁▁▂▂▃▂▂▂▂,False,False,False,12,0.17176084687639803,0.08880576336935442,0.22280369913143072,0.13293161618158333,UP,True,74,35.0,IGNORE,NONE,,NEUTRAL,C,WAIT,CMF positive,Finance,26.4
IPCALAB,1938.1,1919.7,1980.0,1919.7,False,False,True,True,False,True,1.1236836684687417,47.68346192,1.104706658573144,True,-0.12829991079246578,False,49.46,False,0.8886094143011138,51.0,-0.0,0,True,▅▄▄▅▄▄▆█▄▄▄▃█▆▇▄▁▅▇▄,False,False,False,12,-0.024904407325417544,0.07732073374096715,0.026138444929615146,0.12144658655319607,FLAT,True,73,35.0,IGNORE,NONE,,NEUTRAL,C,WAIT,No standout factor,Health Technology,38.7
KOTAKBANK,401.8,406.9,407.95,399.3,True,False,False,False,False,True,1.4446571921755418,701.31835452,1.3880206507672055,False,-0.28671404776145787,False,75.87,True,1.1260268483269886,94.0,1.43,0,True,▃▄▃▅▄▅▄▄▅▅▅▄█▃▁▄▄▆▄▆,False,False,False,9,-0.05280528052805278,0.06535861063237447,-0.001762428273020089,0.10948446344460339,FLAT,True,71,35.0,IGNORE,SEED,,NEUTRAL,C,WAIT,Delivery P94,Finance,26.4
TARSONS,330.35,339.9,342.0,327.55,True,True,True,True,False,True,0.28126527855803457,3.8379732650000005,0.27536904037712057,False,0.23525147413051736,False,30.19,False,0.7498758072528564,10.0,-1.25,0,True,▆▆▆▆█▇▇▄▆▆▇▇▄▁▄▇█▅▅▄,False,False,False,0,-0.03995931415286258,0.05864444800512736,0.01108353810217011,0.10277030081735627,FLAT,True,70,35.0,IGNORE,NONE,,NEUTRAL,C,WAIT,CMF positive,Process Industries,25.8
GMBREW,962.95,966.45,981.0,953.15,True,True,True,True,False,False,0.9612521888516696,3.4914641100000003,0.9839714156716324,False,0.13335537910686063,False,56.65,True,1.0453572483023326,88.0,1.2,0,False,▇█▁▇▇▆▇▅██▁▄▆▇▅▅▂▂▇▆,False,False,False,2,0.09900707601004344,0.056677274223636775,0.15004992826507613,0.10080312703586569,UP,True,70,35.0,IGNORE,SEED,,NEUTRAL,C,WAIT,CMF positive,Consumer Non-Durables,27.5
JAGSNPHARM,234.71,239.02,240.87,232.3,True,True,True,True,False,True,0.16258620346886885,2.178625162,0.15706994174074454,False,0.34663293624401115,False,43.45,False,0.9157682863857187,19.0,-0.69,0,False,▆█▆▆▇▇▆▇▇▇▆▇▆▇▇▇▁▄▇▆,False,False,False,3,-0.0205316529649876,0.05696658560749346,0.030511199290045088,0.10109243841972237,FLAT,True,70,35.0,IGNORE,NONE,,NEUTRAL,C,WAIT,CMF positive,Health Technology,38.7
BUILDPRO,1260.0,1261.3,1279.1,1229.5,False,False,True,True,False,True,0.5538103032152467,6.288408,0.5439986433138863,False,0.004597192216615351,True,54.91,False,0.8600314817570265,40.0,-0.28,0,True,▅▃▃█▄▁▅▂▂▂▃▅▄▂▃▁█▆▆▂,False,False,False,0,0.006389776357827559,0.032786885245901676,0.05743262861286025,0.07691273805813059,FLAT,True,66,35.0,IGNORE,NONE,,NEUTRAL,C,WAIT,CMF positive,Distribution Services,33.3
ASTEC,696.25,705.0,715.3,686.8,True,True,True,True,False,False,0.05382896155829353,2.105668875,0.050063866399856945,False,0.47941527670720385,False,40.68,True,1.2197535306287668,58.0,0.24,0,False,▆▇▇█▇▂▁▂▃▃▅▁▃▅▁▄▄▃▅▅,False,False,False,2,0.2379978662873401,0.026160648489314653,0.2890407185423728,0.07028650130154357,UP,True,65,35.0,IGNORE,NONE,,NEUTRAL,C,WAIT,CMF positive,Process Industries,25.8
TEXINFRA,115.54,116.0,116.8,114.71,True,False,True,True,False,True,0.1053949394968322,0.46470187999999996,0.10203095491441984,False,0.09471958663474675,False,49.44,False,0.8790427253169282,21.0,-0.82,0,False,▇▆▆▇▃█▇▂▄▄▅▄▆▅█▁▄▂▆▄,False,False,False,5,0.019500573546280764,0.013419875449522056,0.07054342580131345,0.05754572826175097,UP,True,63,35.0,IGNORE,NONE,,NEUTRAL,C,WAIT,CMF positive,Utilities,34.3
INOXINDIA,2070.4,2056.5,2092.4,2032.2,False,False,True,True,False,True,1.0886438410253982,75.23481632000001,1.050479967150243,True,-0.10732608322664872,False,52.67,True,1.3021013597033375,72.0,0.49,0,False,▂▆▄▂▆▄▅▂▆▆▇▄▆█▅▄▆▁▇▇,False,False,False,5,-0.044092525047324416,-0.011175852516954854,0.006950327207708273,0.03295000029527406,FLAT,True,57,35.0,IGNORE,NONE,,NEUTRAL,C,WAIT,No standout factor,Producer Manufacturing,29.0
CIPLA,1402.0,1402.9,1421.0,1388.4,False,True,False,False,False,False,1.2918620213208365,161.8632834,1.3063681544300096,True,0.11955287554715396,False,62.46,True,1.1197160374314294,77.0,0.69,0,False,▁▅▅▅▇█▇▆▆▆▇▆▇▄▄▅▁▂▅▇,False,False,False,0,-0.012676056338028152,-0.01923749562784194,0.03836679591700454,0.024888357184386978,UP,True,55,35.0,IGNORE,NONE,,NEUTRAL,C,WAIT,CMF positive,Health Technology,38.7
PRSMJOHNSN,109.27,115.09,115.15,108.2,True,False,False,False,False,False,3.6306897574309747,12.722513713,3.4737677409246133,False,-0.13503290220957326,False,37.8,False,0.7756153112207733,20.0,-0.75,0,True,▄▅▄▇▄▂█▂▃▃▃▃▃▅▆▄▅▁▃▂,False,False,False,5,-0.017356115107913683,-0.030864745011086492,0.033686737147119006,0.013261107801142424,UP,True,51,35.0,IGNORE,DISTRIBUTION,,NEUTRAL,C,WAIT,No standout factor,Non-Energy Minerals,34.0
AMAGI,563.3,561.0,573.95,553.05,False,False,False,True,False,False,1.327972247491106,30.335338569999998,1.3016878476379028,True,0.04844794742653311,False,44.33,False,0.9865251304647772,43.0,-0.25,0,True,▂▃▁▃▅▃▅▃▂▂▅█▅▄▂▃▆▃▃▄,False,True,False,0,-0.022048611111111227,-0.050084317032040526,0.028994241143921462,-0.00595846421981161,UP,False,46,35.0,IGNORE,NONE,,NEUTRAL,C,WAIT,CMF positive,Technology Services,23.6
INDIGO,4945.0,4890.0,4956.0,4890.0,False,False,False,False,False,False,0.6377753190378844,198.916581,0.6341130631759597,False,0.1375577633886168,True,56.59,True,1.0086804627203538,63.0,0.34,0,True,▃▃▃▅▂▅▄▆▃▃▁▂▅▁▄█▆▄▂▄,False,False,False,0,-0.0470225476970515,-0.06086791377836864,0.004020304557981191,-0.016742060966139727,UP,False,43,35.0,IGNORE,NONE,,NEUTRAL,C,WAIT,CMF positive,Transportation,30.4
KARURVYSYA,318.15,320.75,325.4,312.7,True,False,False,True,False,True,1.9916317207189644,91.25273744999998,1.8958339674876514,False,-0.22243389358995946,True,56.02,True,1.0720197487393912,69.0,0.56,0,False,▁▆▄▅▆▃▄▆▄▄▄▄▇▇▅▅██▆▆,False,False,False,1,-0.08472382048331428,-0.0650896267998825,-0.033680968228281594,-0.02096377398765359,FLAT,False,42,35.0,IGNORE,NONE,,NEUTRAL,C,WAIT,No standout factor,Finance,26.4
AXISBANK,1221.3,1191.5,1225.0,1191.5,False,False,False,False,False,True,1.4135296710424456,833.3816563799999,1.3855834642376104,True,-0.025262917715117725,True,64.63,True,1.049179795618542,60.0,0.3,0,False,▄▅▁▄▄▄▆▅▃▃▅▃█▅▂▃▂▃▄▅,False,True,False,0,-0.027627388535031883,-0.06599877638421536,0.023415463720000806,-0.021872923571986447,UP,False,41,35.0,IGNORE,NONE,,NEUTRAL,C,WAIT,No standout factor,Finance,26.4
SPARC,208.85,204.5,211.0,203.3,False,True,True,True,False,False,1.4971906504839858,30.324706725,1.5582859197525745,True,-0.037518493813743746,True,37.62,False,0.9384354420275394,47.0,-0.06,0,False,▅▁▃▇▅▅█▇▇▇█▅█▄▆▄▅▃▅▅,False,False,False,0,0.060259924865468495,-0.06979333689649037,0.11130277712050118,-0.02566748408426145,UP,False,40,35.0,IGNORE,NONE,,NEUTRAL,C,WAIT,No standout factor,Health Technology,38.7
AUTOAXLES,1699.6,1675.0,1709.0,1665.1,False,True,False,False,False,False,1.3989371658298,1.4608062,1.4068021275257172,True,-0.14084880543651376,True,73.36,True,1.1508173061839173,93.0,1.5,0,True,▄▄▁▇▆█▆▆▇▇▆█▂▅█▇▃▁▃▇,False,False,False,0,0.00514518895262861,-0.07363601678748577,0.0561880412076613,-0.029510163975256853,UP,False,39,35.0,IGNORE,SEED,,NEUTRAL,C,WAIT,Delivery P93,Producer Manufacturing,29.0
ASIANPAINT,2447.0,2401.9,2451.0,2397.0,False,False,False,False,False,False,0.7365592811362534,98.716874,0.7170198418717959,False,0.10315660527397114,True,68.42,True,1.1962270418644498,93.0,1.35,0,False,▁▂▅▅▃▆▅▇▄▄▅▆▇▅▃▅▄▂█▇,False,False,False,0,-0.06993538578487268,-0.08513104273376448,-0.018892533529839994,-0.04100518992153557,UP,False,35,35.0,IGNORE,SEED,,NEUTRAL,C,WAIT,"Delivery P93, CMF positive",Process Industries,25.8
CUMMINSIND,4956.5,4972.0,4991.5,4922.5,True,False,False,False,False,False,0.8438228754216782,157.35053595,0.8240867598840124,False,0.05262634349133392,True,65.58,True,1.0571195989457818,85.0,0.99,0,True,▆▆▂█▃▆▁▇▂▂▄▄█▆▅▃▃▅▇▆,False,False,False,0,-0.04499036608863194,-0.11364449213161665,0.00605248616640075,-0.06951863931938773,UP,False,27,35.0,IGNORE,SEED,,NEUTRAL,C,WAIT,CMF positive,Producer Manufacturing,29.0
ADFFOODS,268.3,265.0,270.25,261.5,False,False,False,True,False,False,0.6938290162421813,1.8167666199999999,0.6919030255783807,False,0.32543759016867446,True,54.54,True,1.1378501017055234,78.0,0.75,0,True,▅▃▇▅▇▁▁▃▇▇▄▆▇▅▆▆█▆▅▆,False,False,False,0,0.011880067886102408,-0.11217736598279282,0.0629229201411351,-0.0680515131705639,UP,False,27,35.0,IGNORE,NONE,,NEUTRAL,C,WAIT,CMF positive,Consumer Non-Durables,27.5
SGFIN,595.3,589.75,604.45,573.7,False,False,False,True,False,False,1.613955777300201,14.681645779999998,1.499099260120599,True,-0.2348630689533302,True,49.35,False,0.9616977326538765,40.0,-0.16,0,False,▅▂▁▅▄▅▄▅██▄▄▄▂▁▅▅▂▆▄,False,True,False,0,-0.12750989300894033,-0.12132841328413291,-0.07646704075390764,-0.07720256047190399,UP,False,24,35.0,IGNORE,NONE,,NEUTRAL,C,WAIT,No standout factor,Finance,26.4
ARVINDFASN,410.15,411.0,413.5,390.55,True,False,False,False,False,False,2.248535855442455,16.970571475,2.1133849117598213,False,0.06472203360468919,True,41.91,False,0.7891243562827741,10.0,-1.09,0,False,▄▅▁▅▃▅▅█▆▆▅▅▃▂▃▃▄▅▄▁,False,False,False,0,-0.10603748910200528,-0.12928563846725405,-0.05499463684697259,-0.08515978565502513,UP,False,21,35.0,IGNORE,NONE,,NEUTRAL,C,WAIT,CMF positive,Retail Trade,31.2
BSE,3188.0,3206.1,3209.7,3155.3,False,False,False,False,False,False,1.0571262050147863,1426.052972,1.0240010725995616,True,-0.07483531781961071,True,75.21,True,1.8847970729384638,100.0,5.54,1,False,▃▂▄▂▄▃▃▁▁▁▃▂▃▃▂▃▂▅▂█,False,False,False,0,-0.04206730769230771,-0.13487109905020356,0.00897554456272498,-0.09074524623797464,UP,False,20,35.0,IGNORE,SEED,DEL75% ▃▂▄▂▄▃▃▁▁▁▃▂▃▃▂▃▂▅▂█ P100 Z+5.5,NEUTRAL,C,WAIT,Delivery P100,Finance,26.4
IDEAFORGE,719.7,716.9,724.0,707.0,False,False,False,True,False,False,0.48629021797219957,8.431573380000001,0.469124329141236,False,-0.23690067471535894,True,52.35,True,1.0267725801706384,95.0,1.49,0,True,▃▅▄▄▇▃▄▃▄▄▁▂▄▂█▆▃▃▃▄,False,False,False,0,-0.08154670750382842,-0.15364261774563415,-0.03050385524879573,-0.10951676493340523,UP,False,15,35.0,IGNORE,SEED,,NEUTRAL,C,WAIT,Delivery P95,Electronic Technology,27.1
DHAMPURSUG,171.8,172.88,173.49,168.51,True,True,True,True,False,True,0.5573337750602084,6.56935712,0.5717326837767667,False,-0.027834781175258394,True,30.75,False,0.83044141674656,15.0,-1.03,0,True,▅▅▄█▃▄▇▆▆▆▆▇▇▆▄▆█▁▄▄,False,False,False,0,-0.005902094664969271,0.1822185521607489,0.04514075759006342,0.2263444049729778,FLAT,True,84,34.0,IGNORE,NONE,,NEUTRAL,C,WAIT,No standout factor,Process Industries,25.8
ASTAR,687.0,708.0,708.0,661.4,True,True,True,True,False,True,0.09353764890368373,0.011679,0.0862674733944684,False,-0.08341318079688344,True,72.51,True,1.093995171997586,35.0,-0.16,0,False,▄█▄▇▇█▇▇▂▂▃▅▁▂▂▃▅▄▆▅,False,False,False,2,0.1644067796610169,0.14309484193011657,0.2154496319160496,0.18722069474234548,UP,True,81,34.0,IGNORE,NONE,,NEUTRAL,C,WAIT,No standout factor,Commercial Services,27.2
JAYNECOIND,92.66,87.2,94.4,86.77,False,True,True,True,False,False,1.1433638980923424,53.81776194,1.1740379282928115,True,-0.10274323192023602,True,31.99,False,0.6803632574065803,2.0,-1.92,0,True,▃▄▃▂▄▅▅▅▆▆▆▆▇▅▄█▆▅▆▁,False,False,False,0,-0.04355904211395545,0.05140133893112453,0.007483810141077241,0.09552719174335345,FLAT,True,69,34.0,IGNORE,NONE,,NEUTRAL,C,WAIT,No standout factor,Non-Energy Minerals,34.0
HINDALCO,976.7,979.2,983.4,971.2,True,False,False,True,False,False,0.7038782907338791,235.5751565,0.689020198827794,False,-0.08361479918263671,True,64.41,True,1.1226828651856757,94.0,1.29,0,True,▁▆▃▆▅▄▄▅▅▅▆▇██▇▅▆▆▄▇,False,False,False,0,-0.046191406249999956,0.018138225789638307,0.0048514460050327335,0.06226407860186722,FLAT,True,64,34.0,IGNORE,SEED,,NEUTRAL,C,WAIT,Delivery P94,Non-Energy Minerals,34.0
LTM,4070.0,4038.0,4080.0,3996.0,False,False,False,False,False,False,0.710326986616907,121.343387,0.6595452712131052,False,0.1305032485296061,True,51.15,True,1.2799819826583085,88.0,1.32,0,True,▁▄▆▅▄▃█▃▆▆▂▂█▃▁▅▆▄▆█,False,False,False,0,-0.08826164874551967,0.0023889860355146286,-0.03721879649048698,0.046514838847743545,FLAT,True,61,34.0,IGNORE,SEED,,NEUTRAL,C,WAIT,CMF positive,Technology Services,23.6
CHALET,840.75,861.5,893.95,830.2,True,False,False,False,False,True,6.31892858473345,85.56430455,6.007252440915401,False,-0.10526013352783113,True,63.55,True,1.3611634681288554,78.0,0.79,0,False,▄▄▅▅▅▃▅▄▇▇▆▁█▅▂▁▁▅▃█,False,False,False,1,-0.0632311977715877,0.0009524376450977812,-0.01218834551655501,0.0450782904573267,FLAT,True,60,34.0,IGNORE,NONE,,NEUTRAL,C,WAIT,No standout factor,Consumer Services,24.4
BPCL,307.3,308.1,309.4,305.8,False,False,False,False,False,False,0.37962560250544547,56.27763134,0.372634664375572,False,0.31753546041457115,True,62.03,True,1.1409914467028421,90.0,1.2,0,False,▄▅▅▃▄▃▄▅▁▁▅▃█▅▅▅▄▄▅▆,False,False,False,0,-0.0336477987421383,-0.01506410256410251,0.017395053512894387,0.029061750248126406,FLAT,True,56,34.0,IGNORE,SEED,,NEUTRAL,C,WAIT,"Delivery P90, CMF positive",Energy Minerals,25.5
GPTINFRA,115.72,116.27,117.69,113.94,True,True,True,True,False,True,0.6436048329507761,2.647546308,0.6467911748969116,False,-0.22497793769212274,True,58.63,True,1.2619185983943524,80.0,0.79,0,False,█▁▂▆▆▆▃▄██▅▆▁▅▅▇▇▆▅▇,False,False,False,0,0.07426661715558858,-0.028216325159556632,0.12530946941062127,0.015909527652672284,UP,True,52,34.0,IGNORE,NONE,,NEUTRAL,C,WAIT,No standout factor,Industrial Services,35.2
PWL,125.15,128.07,128.32,124.39,True,False,False,True,False,False,0.4246919758773303,66.01551116499999,0.4097765416166037,False,0.20112920711886428,False,36.27,True,1.0508626809022297,79.0,0.8,0,True,▃▃█▁▁▂▃▆▁▁▄▂▂█▄▄▅█▄▄,False,False,False,0,0.08712647671994445,-0.0659750727666244,0.13816932897497713,-0.021849219954395482,UP,False,41,34.0,IGNORE,NONE,,NEUTRAL,C,WAIT,CMF positive,Commercial Services,27.2
ADANIENT,2914.9,2920.0,2939.9,2902.5,False,False,False,True,False,True,0.26985210930647163,163.08661457,0.26627478492262135,False,-0.27557010053308406,False,67.72,True,1.653825019842481,100.0,3.22,1,False,▄▃▄▂▄▄▃▃▅▅▁▁▆▃▁▃▄▁▄█,False,False,False,1,-0.08018302303565794,-0.07504601129656663,-0.029140170780625252,-0.030920158484337712,UP,False,39,34.0,IGNORE,SEED,DEL68% ▄▃▄▂▄▄▃▃▅▅▁▁▆▃▁▃▄▁▄█ P100 Z+3.2,NEUTRAL,C,WAIT,Delivery P100,Distribution Services,33.3
LANDMARK,487.0,484.0,537.85,475.0,False,False,False,True,False,False,237.53513640609717,816.6963215,234.7249625188898,True,-0.57506891955813,False,4.06,False,0.08306735412063179,0.0,-3.1,0,True,▅▅▅▆▆▆▇▅██▄▅▇▅▅▆▅▅▇▁,False,False,False,0,-0.0374542939025595,-0.08493047726418645,0.01358855835247319,-0.04080462445195754,UP,False,35,34.0,IGNORE,NONE,,NEUTRAL,C,WAIT,No standout factor,Retail Trade,31.2
EXICOM,152.97,156.4,157.0,150.22,True,False,False,True,False,False,0.41248401081157876,9.877517652,0.3634382531635651,False,0.055375112968702324,False,41.34,True,1.131626130873356,60.0,0.33,0,False,▅▂▄▂▃▃▁▃▃▃▃▃▄▄▄▄▆█▆▅,False,False,False,5,-0.0614185789667443,-0.13483400260166278,-0.010375726711711608,-0.09070814978943387,UP,False,20,34.0,IGNORE,NONE,,NEUTRAL,C,WAIT,CMF positive,Producer Manufacturing,29.0
ICEMAKE,634.0,648.0,648.0,632.65,True,False,False,False,False,False,1.8766706938250486,2.6639412,1.7264624412941514,False,-0.2591527056308487,False,71.47,True,1.1879493039684188,95.0,1.78,0,True,▃▅▅▇▆▅▄▁▅▅▅▅█▅▅▆█▄▇▇,False,False,False,0,-0.13559206489876618,-0.24406820078693214,-0.0845492126437335,-0.19994234797470323,UP,False,4,34.0,IGNORE,DISTRIBUTION,,NEUTRAL,C,WAIT,Delivery P95,Producer Manufacturing,29.0
BOROSCI,114.84,114.47,118.56,113.22,False,False,False,False,False,False,2.1862151876859426,2.019438432,2.0542061874541524,True,-0.3803271843999801,False,61.82,True,1.1069430144590178,67.0,0.5,0,False,▃▅▄▇▃▄▇▁██▅▅▆▇▃▆▅▆▄▆,False,True,False,0,-0.100352526439483,-0.2858208955223881,-0.049309674184450314,-0.24169504271015918,UP,False,2,34.0,IGNORE,NONE,,NEUTRAL,C,WAIT,No standout factor,Process Industries,25.8
UTTAMSUGAR,290.8,293.65,293.9,284.0,True,True,True,True,False,True,0.5156445827022859,5.28110248,0.525968638431175,False,0.04169176765348806,True,26.11,False,0.8321912350597609,10.0,-1.28,0,False,▅▅▃▅▃▃▄▅▄▄▅▅▆▆▄▇█▁▃▄,False,False,False,0,-0.018562267971650392,0.21944060049482128,0.0324805842833823,0.2635664533070502,FLAT,True,87,33.0,IGNORE,NONE,,NEUTRAL,C,WAIT,CMF positive,Process Industries,25.8
SHREEPUSHK,481.9,492.4,494.95,476.55,True,False,True,True,False,True,0.2812322875337579,1.46333754,0.2708969933700816,False,-0.04416509942389529,False,60.43,True,1.3364885935132862,93.0,1.31,0,False,▅▄▆▅▂▃▇▆▄▄▃▃▄▆▇▆▅▁▇█,False,False,False,8,0.037571320917213935,0.185631689014639,0.08861417317224662,0.22975754182686792,FLAT,True,85,33.0,IGNORE,SEED,,NEUTRAL,C,WAIT,Delivery P93,Process Industries,25.8
GANDHITUBE,966.55,948.0,988.65,937.1,False,True,True,True,False,True,1.0662715177501734,2.28821047,1.047843161174359,True,0.24279545232318672,False,48.4,False,0.7522010428241729,11.0,-1.04,0,False,▆▆▇▆▅▅▆▅██▄▅▃▅▁▄▃▃▄▃,False,False,False,2,0.07801695293330346,0.10868318421656342,0.12905980518833615,0.15280903702879234,FLAT,True,78,33.0,IGNORE,NONE,,NEUTRAL,C,WAIT,CMF positive,Non-Energy Minerals,34.0
SESHAPAPER,242.53,241.07,245.16,241.0,False,False,True,False,False,True,0.13795184971942134,0.20396773,0.13705762794622228,False,0.06679770756056153,False,56.17,False,0.9580909819707645,36.0,-0.27,0,True,▄▅▄▆▁▄▇▃▂▂▂▁▂▄▆▆▆▃█▃,False,False,False,10,0.04305006020987445,0.11472169876361638,0.09409291246490714,0.1588475515758453,FLAT,True,78,33.0,IGNORE,NONE,,NEUTRAL,C,WAIT,CMF positive,Process Industries,25.8
CEIGALL,377.55,378.75,384.8,373.0,True,True,True,True,False,True,0.7983718386199795,15.745873770000001,0.8201531367596727,False,0.09610703976352153,False,44.32,False,0.9317285962053923,41.0,-0.11,0,False,▇▅▁▂█▅▇▇▆▆▅█▇▆▅▆▆▇▆▅,False,False,False,1,0.09530026109660583,0.10378599619938611,0.14634311335163852,0.14791184901161503,FLAT,True,77,33.0,IGNORE,NONE,,NEUTRAL,C,WAIT,CMF positive,Industrial Services,35.2
SOLARINDS,19610.0,19570.0,19890.0,19455.0,False,False,False,True,False,True,0.4496569459196887,233.441362,0.43932272409854645,False,-0.212693546436162,False,52.18,True,1.2973483671262167,86.0,1.12,0,True,▇▅▄▅▃▄█▅▆▆▁▂▆▃▅▆▁▃▆█,False,False,False,9,-0.0471331389698737,0.06576086956521743,0.003909713285158989,0.10988672237744634,FLAT,True,72,33.0,IGNORE,SEED,,NEUTRAL,C,WAIT,No standout factor,Process Industries,25.8
STOVEKRAFT,813.65,796.0,820.1,795.0,False,False,True,True,False,True,0.5150409159722945,4.54797804,0.5034417512919618,False,-0.2591231897108421,False,49.99,True,1.040298833591726,54.0,0.17,0,True,▃▅▃▅▂▄▅▅▆▆▆▇▄▅▁▆█▃▄▅,False,False,False,6,-0.039487663794121164,0.04750563244287087,0.011555188460911525,0.09163148525509979,FLAT,True,69,33.0,IGNORE,NONE,,NEUTRAL,C,WAIT,No standout factor,Consumer Durables,23.7
PETRONET,282.95,284.7,288.5,281.75,True,False,False,True,False,True,1.9538955692216968,79.782704125,1.9200802069680438,False,-0.03363939821130879,False,56.79,False,0.9525087426515602,48.0,0.05,0,True,▂▄▃▅▄▂▃▅▄▄▅▅█▃▅▄▂▄▁▃,False,False,False,0,-0.03198768388641815,0.022772456172058586,0.01905516836861454,0.0668983089842875,FLAT,True,65,33.0,IGNORE,DISTRIBUTION,,NEUTRAL,C,WAIT,No standout factor,Utilities,34.3
ALGOQUANT,65.85,69.4,69.4,64.79,True,False,False,True,False,True,1.5235362540985316,14.460982664999998,1.4739254186139263,False,-0.15145755890095491,False,25.64,False,0.8564223324481856,78.0,0.45,0,True,▂▃▁▃▄▃▄▄██▇▂▂▃▃▅▂▁▂▃,False,False,False,6,0.009195402298850519,0.022198075131946382,0.06023825455388321,0.0663239279441753,FLAT,True,65,33.0,IGNORE,DISTRIBUTION,,NEUTRAL,C,WAIT,No standout factor,Finance,26.4
IIFLCAPS,344.95,343.55,347.45,343.55,False,True,True,True,False,True,0.8179119750165017,15.87073556,0.8199577319548251,False,-0.039864030270433684,False,52.69,False,0.8151614774705085,44.0,-0.22,0,False,▇▁▆▆▃▃▇▅▅▅██▆▇▄▅▃▅█▃,False,False,False,5,0.014111421431721283,0.015155974102413206,0.06515427368675397,0.05928182691464212,UP,True,63,33.0,IGNORE,NONE,,NEUTRAL,C,WAIT,No standout factor,Finance,26.4
ELGIEQUIP,594.85,598.95,605.8,591.35,True,False,False,True,False,True,0.6395492708442783,14.374431280000001,0.6139962272111438,False,-0.12141195084675727,False,51.16,True,1.0640599001663893,45.0,-0.03,0,True,▇█▃▄▃▄▅▂▄▄▄▅▆▅▆▁▁▃▅▅,False,False,False,4,-0.054142152965495294,-0.010232945091514067,-0.0030993007104626047,0.03389290772071485,FLAT,True,57,33.0,IGNORE,NONE,,NEUTRAL,C,WAIT,No standout factor,Producer Manufacturing,29.0
STYL,368.8,373.75,383.35,360.3,True,False,False,True,False,True,2.057124532190933,8.96622872,2.0228931276808093,False,-0.13210477902929874,False,45.41,False,0.9099926855906134,22.0,-0.75,0,True,▆▅█▄▇▄▃▆▇▇▆▆▇▇▅▇█▁▅▅,False,False,False,0,-0.04653567735263697,-0.010464180305875925,0.004507174902395716,0.03366167250635299,FLAT,True,57,33.0,IGNORE,DISTRIBUTION,,NEUTRAL,C,WAIT,No standout factor,Technology Services,23.6
ASHIANA,390.55,383.7,403.95,382.6,False,True,True,True,False,True,0.48739430892462027,1.67585005,0.4887528447566143,False,0.30457546656486884,False,49.11,False,0.9413726674142443,31.0,-0.32,0,False,▅▄▆█▆▆▇▆▇▇▅▇▇▁▁▁▄▄▃▅,False,False,False,1,0.07397222604152365,-0.012016190235264346,0.12501507829655634,0.03210966257696457,UP,True,57,33.0,IGNORE,NONE,,NEUTRAL,C,WAIT,CMF positive,Finance,26.4
PIXTRANS,1728.1,1714.1,1750.0,1714.1,False,False,False,True,False,True,1.1481521387781488,1.8414633599999999,1.1350732299776005,True,-0.2356798006545354,True,62.61,True,1.1273869867021995,67.0,0.46,0,True,▇▆▇▆▇█▆▇▇▇▅▄▇██▁▄▆▆█,False,False,False,0,-0.03193098425858498,-0.06351270796076525,0.019111867996447707,-0.01938685514853633,UP,False,42,33.0,IGNORE,NONE,,NEUTRAL,C,WAIT,No standout factor,Producer Manufacturing,29.0
CARYSIL,1056.5,1038.0,1072.0,1016.1,False,False,False,True,False,False,1.0759783109555177,9.80632735,1.0144839757901982,True,-0.09216080970694962,True,54.27,True,1.0291663506030493,77.0,0.69,0,True,▃▇▆▄█▂▅▁▄▄▂▇▃▃▃▁▅▃█▅,False,False,False,0,-0.05500894454382832,-0.09708571916930175,-0.003966092288795631,-0.05295986635707284,UP,False,31,33.0,IGNORE,NONE,,NEUTRAL,C,WAIT,No standout factor,Consumer Durables,23.7
RVNL,197.9,202.0,202.0,195.32,True,False,False,False,False,False,1.673926702303777,145.26342876,1.5936076528545378,False,-0.13436753921049663,True,21.44,False,0.7017084506120311,18.0,-0.95,0,False,▄▅▂▁▂▄▃▃▅▅▄▃█▃▂▄▅▃▃▂,False,True,False,0,-0.05029273442748816,-0.12145964663056019,0.0007501178275445275,-0.07733379381833128,UP,False,24,33.0,IGNORE,NONE,,NEUTRAL,C,WAIT,No standout factor,Industrial Services,35.2
SCHNEIDER,1192.7,1193.8,1214.0,1182.4,False,False,False,True,False,False,0.7271927184510292,19.01986763,0.7182924061968404,False,0.09460428797449298,True,50.82,False,0.9957872048594102,56.0,0.13,0,True,▅▃▃▄▂▂▅▂▁▁▅▅▆▅▃▄▆█▆▄,False,False,False,0,0.003702768661112632,-0.12191710226017816,0.05474562091614532,-0.07779124944794924,UP,False,24,33.0,IGNORE,NONE,,NEUTRAL,C,WAIT,CMF positive,Producer Manufacturing,29.0
ACI,490.6,484.45,497.2,480.0,False,True,False,False,False,False,1.2837813276542205,25.98943688,1.295765161738311,True,-0.023655111912350448,True,75.28,True,1.445829412103636,100.0,2.74,0,False,▅▇▄▁▂▅▃▅▃▃▃▁▃▁▂▃▁▃▄█,False,False,False,0,-0.004161169187049563,-0.16628430622822676,0.046881683067983126,-0.12215845341599785,UP,False,13,33.0,IGNORE,SEED,,NEUTRAL,C,WAIT,Delivery P100,Process Industries,25.8
RAMKY,294.05,309.05,309.05,290.15,True,False,False,False,False,False,3.0083358617716103,3.323676555,2.6940835034056803,False,-0.2590960304846567,True,69.96,True,1.1915589392468446,94.0,1.19,0,False,▂▄▁▇▅▆▄▅▅▅▁▂▆▁▅▅▆▅██,False,False,False,0,-0.14483059473607685,-0.2322454308093994,-0.09378774248104416,-0.1881195779971705,UP,False,5,33.0,IGNORE,SEED,,NEUTRAL,C,WAIT,Delivery P94,Industrial Services,35.2
SERVOTECH,71.34,72.75,74.0,69.76,True,False,False,False,False,False,2.006367973836735,5.7885561359999995,1.9217597056785076,False,-0.17185606390594002,True,38.87,False,0.7631744286499645,31.0,-0.51,0,False,▆▅▅▂▅█▅▆▇▇▁▅▅▇▆▅▆▅▄▃,False,True,False,0,-0.09213540341053694,-0.29000796178343946,-0.04109255115550425,-0.24588210897121054,UP,False,2,33.0,IGNORE,NONE,,NEUTRAL,C,WAIT,No standout factor,Producer Manufacturing,29.0
DEVYANI,130.72,131.0,133.3,126.56,True,False,False,True,False,False,1.3370894987785662,27.892602224,1.264448421634721,False,0.08889908341272122,True,43.58,False,0.9635730473716212,43.0,-0.11,0,True,▁▆▃▂▆▆▃▂██▇▇▇▃▄▄▂▃▆▄,False,False,False,0,-0.057466291729757035,0.17946404403139948,-0.006423439474724346,0.2235898968436284,FLAT,True,84,32.0,IGNORE,NONE,,NEUTRAL,C,WAIT,CMF positive,Consumer Services,24.4
OMAXE,109.48,110.1,112.09,108.46,True,False,True,True,False,False,0.09273440987595262,4.924563672,0.07911624737639211,False,0.15653100220379126,True,29.72,True,1.0723434963016418,19.0,-0.87,0,False,▁▁▃▃▄▆▆▄▅▅▆▄▅█▄▅▆▃▆▅,False,False,False,2,-0.13638873550524566,0.18050463661850347,-0.08534588325021297,0.22463048943073238,FLAT,True,84,32.0,IGNORE,NONE,,NEUTRAL,C,WAIT,CMF positive,Finance,26.4
HATSUN,1099.7,1119.4,1130.0,1093.0,True,False,True,True,False,True,0.2500652212957472,3.14646164,0.225867787334151,False,-0.024848592666794844,True,49.7,True,1.1169794358916734,36.0,-0.27,0,False,▆█▅▂▃▇▃▃▂▂▂▂▅▃▃▇▆▁▃▆,False,False,False,7,-0.06686465846414935,0.18438341410877768,-0.015821806209116662,0.2285092669210066,FLAT,True,84,32.0,IGNORE,NONE,,NEUTRAL,C,WAIT,No standout factor,Consumer Non-Durables,27.5
MBAPL,166.84,166.0,170.5,164.02,False,True,False,False,False,False,1.8844879721264112,28.383538212,1.9343544829829598,True,0.029134156529985064,False,47.66,False,0.888698278916258,47.0,0.06,0,False,▃█▄▄▄▄▆▄▅▅▃▃▆▁▄▂▃▂▃▂,False,False,False,1,0.03769125513123517,0.1606260869565217,0.08873410738626786,0.2047519397687506,FLAT,True,83,32.0,IGNORE,NONE,,NEUTRAL,C,WAIT,CMF positive,Process Industries,25.8
PINELABS,171.55,172.75,172.9,167.7,True,False,True,False,False,False,0.37519920094358356,313.549122945,0.3419366604762296,False,0.12772357971353926,True,32.43,False,0.9413779590414955,18.0,-0.81,0,False,█▄▇▆█▅▄▆▂▂▂▁▇▄▁▅▆▄▄▄,False,False,False,5,0.06951371571072329,0.1376749121294516,0.12055656796575598,0.18180076494168051,FLAT,True,81,32.0,IGNORE,NONE,,NEUTRAL,C,WAIT,CMF positive,Technology Services,23.6
GAEL,161.75,158.93,163.14,157.15,False,False,False,True,False,True,0.7454793528135292,7.311827875,0.7371166243528743,False,-0.04994367834997379,True,52.96,True,1.0940227439395975,75.0,0.57,0,True,▃▄▄▅█▁▆▃▆▆▅▆█▇▅▁▅▃▅▆,False,False,False,0,-0.05975701912457132,0.13421218708365457,-0.008714166869538631,0.17833803989588348,FLAT,True,80,32.0,IGNORE,NONE,,NEUTRAL,C,WAIT,No standout factor,Consumer Non-Durables,27.5
NITINSPIN,606.15,593.1,617.0,592.0,False,False,True,True,False,True,0.7103652498656129,4.565824875,0.6756594605084987,False,-0.024918243370548123,True,45.76,False,0.8821885061016752,26.0,-0.43,0,True,▃▅▄▆█▁▅▃▅▅▆▆▅█▅▆▆▄▅▃,False,False,False,8,-0.039001189060642094,0.10460136674259668,0.012041663194390595,0.1487272195548256,FLAT,True,77,32.0,IGNORE,NONE,,NEUTRAL,C,WAIT,No standout factor,Process Industries,25.8
PARADEEP,154.08,155.47,156.17,151.6,True,False,True,True,False,False,0.844593969811161,32.263566192,0.8343686304657716,False,-0.049380567901912836,True,40.23,True,1.0093711188890144,58.0,0.24,0,True,▅▄▆▅█▁▆▇▆▆▇▃▆▇▄▃▄▅▇▅,False,False,False,0,-0.021776395149514127,0.10183066361556081,0.029266457105518562,0.14595651642778973,FLAT,True,76,32.0,IGNORE,NONE,,NEUTRAL,C,WAIT,No standout factor,Process Industries,25.8
NPST,1653.0,1634.4,1662.6,1524.0,False,False,False,True,False,False,0.5384407214941762,20.3089233,0.4894640722392331,False,0.10228656377560585,True,32.86,False,0.7606745604592752,9.0,-1.44,0,False,▇▄▆▆▆▆▆▆██▁▂▅▅▄▆█▆▇▄,False,False,False,8,-0.0015704276395264172,0.0690725649980597,0.04947242461550627,0.11319841781028861,FLAT,True,72,32.0,IGNORE,NONE,,NEUTRAL,C,WAIT,CMF positive,Technology Services,23.6
VENKEYS,1633.0,1625.0,1640.7,1599.0,False,False,True,True,False,True,0.374469088374899,4.4092633,0.3601034137278417,False,-0.010589699309140535,True,48.14,True,1.11070093673573,58.0,0.34,0,False,▁▂▂▅▅▁▅▄▆▆▃▆█▇▆▂▅▆▃▅,False,False,False,6,-0.009702850212249814,0.06892714538194666,0.041340002042782875,0.11305299819417558,FLAT,True,72,32.0,IGNORE,NONE,,NEUTRAL,C,WAIT,No standout factor,Process Industries,25.8
APCOTEXIND,595.45,589.95,603.6,580.0,False,False,True,True,False,True,0.4748508294162591,3.4564086150000004,0.4587274404295385,False,-0.10042787851177228,True,55.8,True,1.0978524982046767,53.0,0.09,0,True,▂▄▄▄▃▅▃█▅▅▄▆▅▃▅▄▂▁█▆,False,False,False,0,-0.06844493116395489,0.06654128604692833,-0.017402078908922203,0.11066713885915724,FLAT,True,72,32.0,IGNORE,NONE,,NEUTRAL,C,WAIT,No standout factor,Process Industries,25.8
GPPL,160.54,159.6,161.46,157.66,False,False,True,True,False,False,0.7975023651818676,18.515030038,0.7853910455291022,False,-0.1604694226751118,True,57.13,True,1.0425182481751827,73.0,0.51,0,True,▄▁▂▁▅▄▂▄▃▃▃▃▃█▂▅▄▅▅▄,False,False,False,0,-0.05017157732812694,0.06458885941644543,0.0008712749269057518,0.10871471222867435,FLAT,True,71,32.0,IGNORE,NONE,,NEUTRAL,C,WAIT,No standout factor,Transportation,30.4
MANAKCOAT,127.29,125.54,128.59,125.13,False,False,True,True,False,False,0.42792203188719,2.7621675420000003,0.4282017273208787,False,-0.09625433891032206,True,61.96,True,1.220345659559801,79.0,0.78,0,False,▆█▅▅▆▆▃▂▃▃▄▁▃▄▆▆▄▅▇▆,False,False,False,5,0.05669931927610827,0.03328192223394755,0.10774217153114096,0.07740777504617646,UP,True,66,32.0,IGNORE,NONE,,NEUTRAL,C,WAIT,No standout factor,Non-Energy Minerals,34.0
KPRMILL,1081.5,1099.8,1102.9,1066.3,True,False,False,True,False,True,0.8313887506170434,17.3587239,0.7901480322206468,False,-0.036117308640868415,True,56.55,True,1.1953328119385318,88.0,1.03,0,True,▆▃▄▅▄▄█▇▆▆▅▃▇▇▁▂▇▆▅█,False,False,False,0,-0.06646525679758308,-0.01762194568080666,-0.015422404542550394,0.026503907131422255,FLAT,True,55,32.0,IGNORE,SEED,,NEUTRAL,C,WAIT,No standout factor,Consumer Non-Durables,27.5
AURUM,220.31,217.4,222.16,217.08,False,False,False,True,False,True,0.713666492625772,1.4318828140000002,0.7081443872780024,False,-0.07116605282370829,True,66.68,True,1.1015206204726231,73.0,0.63,0,True,▄▄▄▆▆▅▄▆▆▆▅▇█▁▆▄▅▄▆▆,False,False,False,0,-0.016165766087616662,-0.03512460035912934,0.03487708616741603,0.009001252453099573,UP,True,50,32.0,IGNORE,NONE,,NEUTRAL,C,WAIT,No standout factor,Technology Services,23.6
POWERGRID,269.25,268.7,269.75,266.9,False,True,False,False,False,False,0.6642474593793202,159.8878659,0.6709714726215916,False,-0.12054883847861803,True,66.78,True,1.0824215900802332,70.0,0.47,0,True,▁▃▁▁▂▃▇▄▁▁▃▆█▅▅▆▅▅▆▆,False,False,False,0,0.01642129105322776,-0.04096170970614421,0.06746414330826045,0.0031641431060847047,UP,True,49,32.0,IGNORE,NONE,,NEUTRAL,C,WAIT,No standout factor,Utilities,34.3
ITC,268.85,268.1,269.0,266.3,False,True,False,False,False,False,0.45413547468207777,161.61439197,0.46332080718518726,False,-0.22882107959726447,True,69.59,True,1.2146971548263223,92.0,1.29,0,False,▁▄█▃▅▄▅▅▅▅▂▂▇▄▆▅▄▄▆█,False,False,False,0,-0.0005576208178438291,-0.03758725613030245,0.05048523143718886,0.006538596681926467,UP,True,49,32.0,IGNORE,SEED,,NEUTRAL,C,WAIT,Delivery P92,Consumer Non-Durables,27.5
SBILIFE,1746.7,1755.0,1758.4,1732.3,True,True,False,False,False,False,1.0172461922968008,176.50281231000002,1.0232483177928309,False,-0.023504926219294835,True,73.3,True,1.2056416793453677,96.0,1.64,0,False,▃▅▄▂▃▁▅▆▂▂▇▃█▄▃▆▁▃▃█,False,False,False,0,-0.014944732686668183,-0.04138082432358259,0.036098119568364506,0.0027450284886463283,UP,True,49,32.0,IGNORE,SEED,,NEUTRAL,C,WAIT,Delivery P96,Finance,26.4
FLUOROCHEM,4406.2,4443.7,4472.3,4360.0,True,False,False,True,False,True,0.4714606027147376,25.41804594,0.45067535418332494,False,-0.1224329801444358,True,48.23,False,0.8961019657389171,37.0,-0.28,0,True,▁▅▂▁▃▅▄▃▃▃▅▄█▇▄▅▄▄▃▃,False,False,False,5,-0.07044155186599454,-0.04360660719324527,-0.019398699610961856,0.0005192456189836436,FLAT,True,48,32.0,IGNORE,NONE,,NEUTRAL,C,WAIT,No standout factor,Process Industries,25.8
MUTHOOTFIN,2820.0,2830.0,2839.6,2808.0,True,False,False,False,False,False,0.46991433275730315,87.71046,0.4595981010206957,False,0.0017497439863924055,True,62.98,True,1.320529218124253,94.0,1.71,0,True,▅▆▃▅▄▇▆▄▁▁▄▇▆▇▇▇▆█▆█,False,False,False,0,-0.08589951377633709,-0.058776409332131796,-0.0348566615213044,-0.01465055651990288,FLAT,False,44,32.0,IGNORE,SEED,,NEUTRAL,C,WAIT,"Delivery P94, CMF positive",Finance,26.4
BLUEJET,549.6,558.95,566.6,544.8,True,False,False,False,False,False,1.8812720562591008,41.9789976,1.800497877605468,False,-0.15286049965819956,False,57.49,True,1.140267364830021,88.0,1.01,0,True,▁▅▅█▆▂▅▅▅▅▃▇▆▂▄▆▅▄▅▇,False,False,False,0,-0.06267587618316706,-0.06768447837150127,-0.011633023928134367,-0.02355862555927235,UP,False,41,32.0,IGNORE,DISTRIBUTION,,NEUTRAL,C,WAIT,No standout factor,Health Technology,38.7
TRENT,2665.1,2720.0,2720.0,2646.0,True,False,False,False,False,False,1.5832788801938331,279.48210774,1.4982555211735853,False,-0.08460935849162218,False,62.13,True,1.1613735349645775,95.0,1.61,0,True,▄▆▃▁▄▄▃▅▄▄▃▅█▅▃▆▄▄▅▆,False,False,False,0,-0.07413583463609519,-0.06821201314593384,-0.0230929823810625,-0.02408616033370492,UP,False,40,32.0,IGNORE,DISTRIBUTION,,NEUTRAL,C,WAIT,Delivery P95,Retail Trade,31.2
ABB,7027.0,7111.0,7201.5,7025.0,True,False,False,True,False,True,0.4353951589595778,54.9420049,0.41835699538616006,False,0.015922349177019502,True,48.9,False,0.9944178385138638,70.0,0.4,0,True,▃▄█▆▄▅▆▅▄▄▂▄▆▃▂▃▃▁▅▄,False,False,False,1,-0.06181575433911879,-0.0835343984349527,-0.0107729020840861,-0.03940854562272378,UP,False,36,32.0,IGNORE,NONE,,NEUTRAL,C,WAIT,CMF positive,Producer Manufacturing,29.0
INDUSTOWER,367.55,359.0,373.05,358.2,False,False,False,False,False,False,2.0105811145025405,324.64044875999997,1.951090147224364,True,-0.1051348067892837,False,49.17,False,0.8961997630547709,20.0,-0.75,0,False,▁▅▆▅▄▇▅▆▂▂▇▅▇▄▅█▆▇▄▄,False,True,False,0,-0.054655349794238695,-0.08569651741293527,-0.0036124975392060055,-0.04157066460070635,UP,False,35,32.0,IGNORE,NONE,,NEUTRAL,C,WAIT,No standout factor,Finance,26.4
3MINDIA,31890.0,33200.0,33400.0,31600.0,True,False,False,False,False,False,7.831613239162072,93.530181,7.56232114135443,False,-0.339801622199436,False,64.62,True,1.454013613095573,94.0,1.58,0,False,▆█▆▇▆▆▅▃▆▆▁▅▆▆▆▅▅▅▆█,False,False,False,0,-0.04277352543899149,-0.09326130224623264,0.0082693268160412,-0.04913544943400372,UP,False,32,32.0,IGNORE,DISTRIBUTION,,NEUTRAL,C,WAIT,Delivery P94,Producer Manufacturing,29.0
SJVN,59.83,61.1,61.35,59.42,True,False,False,False,False,False,4.870627552541898,63.522193062,4.512932179623251,False,-0.3199817052304941,False,56.96,True,1.2078288343688373,95.0,1.44,0,False,▄▅▂▆▃▄▁▃▆▆▃▄█▄▅▅▅▄▅▆,False,False,False,0,-0.07840418977202712,-0.12847778587035696,-0.027361337516994433,-0.08435193305812805,UP,False,22,32.0,IGNORE,DISTRIBUTION,,NEUTRAL,C,WAIT,Delivery P95,Utilities,34.3
GODFRYPHLP,1862.0,1941.9,1944.2,1862.0,True,False,False,False,False,False,1.9499223387368874,55.3650804,1.8284755124530174,False,-0.28009418547306847,False,38.53,True,1.0892488621264806,87.0,0.97,0,True,▄█▃▂▇▅▇▅██▂▂▁▂▃▃▅▅▂▅,False,False,False,0,-0.1040754462782082,-0.12672357189757055,-0.053032594023175506,-0.08259771908534164,UP,False,22,32.0,IGNORE,DISTRIBUTION,,NEUTRAL,C,WAIT,No standout factor,Consumer Non-Durables,27.5
AMBER,6606.5,6915.5,7001.0,6606.5,True,False,False,False,False,False,2.714814653151931,189.0146076,2.4943855319327928,False,-0.19500775386020353,False,44.08,True,1.237194420275618,92.0,1.37,0,False,▆▂▆▆█▄▅▄▅▅▄▁▆▄▅▄▆▂▄▇,False,False,False,0,-0.1200719232818327,-0.13323274731041723,-0.0690290710268,-0.08910689449818832,UP,False,21,32.0,IGNORE,DISTRIBUTION,,NEUTRAL,C,WAIT,Delivery P92,Producer Manufacturing,29.0
IEX,106.39,111.35,111.4,106.35,True,False,False,False,False,False,2.170461384438722,78.278176657,1.9988075063320707,False,-0.35752093786294364,False,51.03,True,1.0550582008394152,89.0,1.12,0,True,▆█▃▂█▄▃▄▅▅▁▄▇▅▇▄▇▃▃▆,False,False,False,0,-0.1074664429530201,-0.14498111387928958,-0.056423590697987414,-0.10085526106706066,UP,False,18,32.0,IGNORE,DISTRIBUTION,,NEUTRAL,C,WAIT,No standout factor,Finance,26.4
NIVABUPA,73.28,75.25,75.69,71.98,True,False,False,False,False,False,11.757087248755502,64.58064540800001,10.841327542132836,False,-0.29170124127906316,False,61.36,True,1.129217773769979,72.0,0.61,0,True,▁▄██▅▃▅▃▆▆▂▂█▁▂▅▅▃▄▆,False,False,False,0,-0.10959902794653698,-0.14830311483031156,-0.058556175691504286,-0.10417726201808264,UP,False,17,32.0,IGNORE,DISTRIBUTION,,NEUTRAL,C,WAIT,No standout factor,Finance,26.4
BHARTIHEXA,1409.4,1429.7,1432.4,1398.0,True,False,False,False,False,False,2.203552994159743,24.16374018,2.0446874581148027,False,-0.1034871407687557,False,69.6,True,1.2495848182626101,89.0,1.26,0,True,▁▄▁▃▃▅▁█▂▂▄▆▇▇▃▆▃▇▆█,False,False,False,0,-0.0676721571740424,-0.14638725698019495,-0.016629304919009713,-0.10226140416796603,UP,False,17,32.0,IGNORE,DISTRIBUTION,,NEUTRAL,C,WAIT,No standout factor,Communications,33.3
FORTIS,822.0,833.0,838.05,815.2,True,False,False,False,False,False,2.3519869608674315,207.7226058,2.192413239896329,False,-0.23665807441889,False,62.86,True,1.1437513077811843,82.0,0.87,0,True,▃▅▅▃▃▅▁▄▂▂▄▂█▃▄▅▄▂▄▆,False,False,False,0,-0.10163934426229504,-0.15170278637770895,-0.05059649200726235,-0.10757693356548004,UP,False,16,32.0,IGNORE,DISTRIBUTION,,NEUTRAL,C,WAIT,No standout factor,Health Services,24.1
PRESTIGE,1417.5,1465.0,1465.0,1417.5,True,False,False,False,False,False,1.6172584338255729,105.746634,1.5140471911511988,False,-0.02508187937439326,False,59.87,True,1.2364086943053332,88.0,1.12,0,True,▁▄▅▁▄▆▆▃▂▂▃▆▅▂█▂▇▃▅▆,False,False,False,0,-0.09713375796178347,-0.16954713222801576,-0.046090905706750784,-0.12542127941578685,UP,False,12,32.0,IGNORE,DISTRIBUTION,,NEUTRAL,C,WAIT,No standout factor,Finance,26.4
TIINDIA,2413.0,2455.3,2455.3,2397.8,True,False,False,False,False,False,2.2243570325644613,94.6183147,2.045505291130704,False,-0.20735200611494306,False,52.77,True,1.022179176755448,55.0,0.12,0,True,▁▃▃▆▄▆▁▇▂▂▁▁█▅▂▆▂▃▇▄,False,False,False,0,-0.12673711638679785,-0.17059086378166577,-0.07569426413176517,-0.12646501096943685,UP,False,12,32.0,IGNORE,DISTRIBUTION,,NEUTRAL,C,WAIT,No standout factor,Non-Energy Minerals,34.0
INDUSINDBK,878.0,905.1,908.1,878.0,True,False,False,False,False,False,1.546445592384107,280.852445,1.4118305879179693,False,-0.005993385734778965,False,64.41,True,1.1392740908447714,93.0,1.59,0,True,▁▅▄▄▄▆▅▄▆▆▅▅█▄▅▇▃▃▄▆,False,False,False,0,-0.11545436228087858,-0.1743852555362264,-0.06441151002584589,-0.1302594027239975,UP,False,11,32.0,IGNORE,DISTRIBUTION,,NEUTRAL,C,WAIT,Delivery P93,Finance,26.4
HUDCO,165.57,168.0,169.7,164.0,True,False,False,False,False,False,2.1467226610909953,58.7127777,2.024661424978973,False,-0.1386652166156749,False,53.66,True,1.1371414645517446,95.0,1.64,0,False,▅▆▁▆▆█▆▅▆▆▅▅▆▆▇▅▄▄▅▆,False,False,False,0,-0.07285250307985225,-0.17338991512730917,-0.02180965082481956,-0.12926406231508025,UP,False,11,32.0,IGNORE,DISTRIBUTION,,NEUTRAL,C,WAIT,Delivery P95,Finance,26.4
BAYERCROP,3602.7,3648.0,3669.6,3575.0,True,False,False,False,False,False,5.643971806133968,53.58547899,5.32984128377129,False,-0.181361616892962,False,63.53,True,1.0572826521102383,78.0,0.63,0,True,▂▅▂▆▃▆▃▃▃▃▂▂▆▃▁█▁▂▂▄,False,False,False,0,-0.09652422509780323,-0.17205956703589642,-0.04548137284277054,-0.1279337142236675,UP,False,11,32.0,IGNORE,DISTRIBUTION,,NEUTRAL,C,WAIT,No standout factor,Process Industries,25.8
CROMPTON,211.37,219.0,219.0,211.37,True,False,False,False,False,False,2.5953053779817403,124.34698412200001,2.4141374098348947,False,-0.29504347365109634,False,53.34,True,1.1257795928704848,77.0,0.65,0,True,▂▃▃▂▃▁▄▄▂▂▅▅█▆▄▂▁▁▂▅,False,False,False,0,-0.08537429684119424,-0.1820046439628482,-0.03433144458616155,-0.1378787911506193,UP,False,10,32.0,IGNORE,DISTRIBUTION,,NEUTRAL,C,WAIT,No standout factor,Producer Manufacturing,29.0
RECLTD,292.45,302.2,303.15,292.2,True,False,False,False,False,False,9.019873462640646,1159.2179892,8.448512293724797,False,-0.45184892303318086,False,75.59,True,1.37837345003647,99.0,2.87,0,False,▂▃▄▄▃▄▄▁▄▄▅▃▅▆▆▃▄▄▃█,False,False,False,0,-0.06877885686992524,-0.1922386410716752,-0.017736004614892553,-0.1481127882594463,UP,False,8,32.0,IGNORE,DISTRIBUTION,,NEUTRAL,C,WAIT,Delivery P99,Finance,26.4
CREDITACC,1216.3,1255.0,1255.6,1209.1,True,False,False,False,False,False,2.1163523051185766,44.81445187,1.855001629025937,False,-0.16057875256047177,False,62.74,True,1.2092476413503328,90.0,1.24,0,False,▅█▃▆▄▃▅▅▄▄▄▂▄▂▆▄▁▅▇▇,False,False,False,0,-0.1270365319744492,-0.2074672574444517,-0.07599367971941651,-0.1633414046322228,UP,False,6,32.0,IGNORE,DISTRIBUTION,,NEUTRAL,C,WAIT,Delivery P90,Finance,26.4
MAPMYINDIA,845.2,870.1,873.9,840.0,True,False,False,False,False,False,1.76667697534722,27.8108834,1.6147489539441453,False,-0.4148006799091533,False,52.74,True,1.315343176376696,86.0,0.88,0,True,▆▆▆▆▆▆▇▆▆▆▆▆█▆▁▆█▅▇█,False,False,False,0,-0.1544617847138855,-0.2102779724363466,-0.10341893245885281,-0.1661521196241177,UP,False,6,32.0,IGNORE,DISTRIBUTION,,NEUTRAL,C,WAIT,No standout factor,Commercial Services,27.2
LATENTVIEW,235.5,241.5,244.5,234.25,True,False,False,False,False,False,2.4770993780288433,26.69262975,2.2798339534039362,False,-0.5210219767278198,False,51.55,True,1.0258910625087065,84.0,0.95,0,True,▄▆▇▅▇▇▆▆▇▇▁▅██▆▆█▇▇▆,False,False,False,0,-0.1359383599339571,-0.22888015717092336,-0.0848955076789244,-0.18475430435869444,UP,False,5,32.0,IGNORE,DISTRIBUTION,,NEUTRAL,C,WAIT,No standout factor,Commercial Services,27.2
DIVGIITTS,1212.9,1220.0,1249.0,1200.0,True,True,True,True,False,True,0.950320848034118,17.440652970000002,0.9617234519244364,False,-0.08829101270698922,False,45.05,False,0.9917337178457033,25.0,-0.55,0,False,▂▃▅▅▄▄█▆▄▄▃▇▅▆▅▆▆▅▁▅,False,False,False,0,-0.044057377049180224,0.309332325794786,0.006985475205852465,0.3534581786070149,FLAT,True,92,31.0,IGNORE,NONE,,NEUTRAL,C,WAIT,RS leader,Producer Manufacturing,29.0
KRISHANA,185.19,186.99,186.99,183.5,True,False,False,False,False,False,0.561673620297819,6.133011306,0.5657380364752611,False,0.15572812516177564,False,51.49,False,0.9868711068519407,48.0,-0.08,0,True,▁▄▇█▇▇▅▆▅▅▄▅▆▄▆▅▄█▇▅,False,False,False,0,-0.03662279560942616,0.29639481974098714,0.014420056645606527,0.34052067255321605,FLAT,True,91,31.0,IGNORE,NONE,,NEUTRAL,C,WAIT,"CMF positive, RS leader",Process Industries,25.8
ARROWGREEN,872.5,897.8,899.05,848.9,True,True,True,True,False,True,0.7575909343938994,4.025366,0.7574149541354626,False,-0.03364446690071058,False,49.52,True,1.1357146952582995,31.0,-0.2,0,False,▃▅▆▆▅▅▄▁▃▇▅▆██▅▇▇▆▇▆,False,False,False,11,0.18788291354663045,0.2452722471990294,0.23892576580166314,0.2893981000112583,FLAT,True,89,31.0,IGNORE,NONE,,NEUTRAL,C,WAIT,No standout factor,Process Industries,25.8
AYMSYNTEX,285.95,292.0,299.0,276.15,True,False,True,True,False,True,1.4269633469538732,6.13334155,1.3701746083999509,False,-0.051205518929008056,False,64.96,True,1.2340073896070591,73.0,0.66,0,False,▂▁▄▄▇▄▇███▄▅▆▅▅▄▆▄▅▇,False,False,False,4,-0.02804214819850437,0.22007936169304942,0.02300070405652832,0.26420521450527834,FLAT,True,87,31.0,IGNORE,NONE,,NEUTRAL,C,WAIT,No standout factor,Process Industries,25.8
PARAGMILK,268.55,277.0,280.5,265.1,True,True,True,True,False,False,1.0788772816838312,60.630909470000006,1.0911941741025424,False,-0.018632840991951057,False,44.88,True,1.0800794176042359,51.0,0.1,0,False,▅▃▅▇▄▅▆▁▄▄▆▆█▅▄▇▆▅▅▆,False,False,False,7,0.036472404477035925,0.18832691712022664,0.08751525673206861,0.23245276993245556,FLAT,True,85,31.0,IGNORE,NONE,,NEUTRAL,C,WAIT,No standout factor,Consumer Non-Durables,27.5
SMCGLOBAL,92.98,97.0,107.0,89.4,True,True,True,True,False,True,5.932922892135165,228.09356157000002,6.194567595508502,False,-0.12629116218839234,False,9.52,False,0.1906764808973011,0.0,-3.18,0,False,▇▆█▄▄▄▄▁▃▃▄▅▅▅▆▄▄▅▂▁,False,False,True,8,0.1673571876961708,0.17577137076378357,0.2184000399512035,0.2198972235760125,FLAT,True,84,31.0,IGNORE,DISTRIBUTION,,NEUTRAL,C,WAIT,No standout factor,Finance,26.4
SAPPHIRE,211.05,216.0,224.13,206.1,True,False,False,False,False,False,6.145220133926279,86.377847535,5.630214164356219,False,-0.0968940664486871,False,53.68,True,1.2676971035199378,69.0,0.44,0,True,▃▅▃▅▄▄█▅▅▅▄▁▃▄▅▃▃▃▃▆,False,False,False,0,-0.08223169246825535,0.15593164640157742,-0.031188840213222657,0.20005749921380633,FLAT,True,83,31.0,IGNORE,DISTRIBUTION,,NEUTRAL,C,WAIT,No standout factor,Consumer Services,24.4
MCX,3232.0,3248.0,3344.0,3232.0,True,False,True,True,False,True,1.132351384258843,676.6744672,1.1108134877425462,False,-0.09078838753814714,False,47.58,True,1.2416654705828625,88.0,1.09,0,False,▁▇▂▃▃▃▆▇▄▄▃▅█▃▃▅▂▃▅▇,False,False,False,3,-0.021495610051468383,0.15379123232900183,0.029547242203564306,0.19791708514123074,FLAT,True,82,31.0,IGNORE,SEED,,NEUTRAL,C,WAIT,No standout factor,Finance,26.4
COFORGE,1722.0,1784.0,1813.8,1722.0,True,False,False,True,False,True,0.8500290938748096,331.77774,0.7928911486000761,False,0.13837896861541815,False,47.58,False,0.9329869111230942,54.0,0.08,0,True,▆█▇▄▇▆▃▁▆▆▆▂▇▅▅▇▂▂▄▄,False,False,False,0,-0.13419478103474292,0.15261044176706817,-0.08315192877971023,0.1967362945792971,FLAT,True,82,31.0,IGNORE,NONE,,NEUTRAL,C,WAIT,CMF positive,Technology Services,23.6
VOLTAMP,10624.0,10513.0,10669.0,10443.0,False,False,True,True,False,False,0.5156849442972327,11.5886592,0.5004249383210987,False,0.04458911529548408,True,40.82,False,0.851569834150412,18.0,-0.81,0,False,▃▆▁▅▁▄▁█▁▁▅▃▃▄▂▄▅▅▆▁,False,False,False,3,-0.014654053051381899,0.11772751183587582,0.03638879920365079,0.16185336464810474,FLAT,True,79,31.0,IGNORE,NONE,,NEUTRAL,C,WAIT,CMF positive,Producer Manufacturing,29.0
LGBBROSLTD,1730.1,1730.4,1742.5,1699.8,True,True,True,True,False,True,1.0658337089718362,4.643069369999999,1.0718728373000248,False,-0.024879227694519435,False,57.85,False,0.9652928416485902,74.0,0.71,0,True,▅▅▄█▅▅▁▂██▅▅▄▄▆▃█▁▆▄,False,False,False,18,0.01597275236361484,0.12162074554294966,0.06701560461864753,0.16574659835517858,FLAT,True,79,31.0,IGNORE,NONE,,NEUTRAL,C,WAIT,No standout factor,Producer Manufacturing,29.0
VIJAYA,1475.0,1497.7,1512.9,1460.2,True,False,True,True,False,True,0.5758473934380779,11.88673,0.562915206881798,False,-0.08887134211970497,False,58.18,True,1.3735303838708155,78.0,0.6,0,False,▆▄▃▅▃▄▁▅▅▅▆▆▄▄▇▄▇▇▇█,False,False,False,11,-0.016010673782521634,0.1079396079020507,0.035032178472511055,0.15206546071427962,FLAT,True,77,31.0,IGNORE,NONE,,NEUTRAL,C,WAIT,No standout factor,Health Services,24.1
BEML,1966.6,1985.0,1990.4,1944.0,True,False,True,True,False,True,0.5008731346197903,46.28471764,0.4762528197374498,False,-0.04206550539468668,False,35.05,True,1.018037119869877,47.0,-0.13,0,False,▇▇▆▅▅▁▂████▃▂▆▅▅█▅█▆,False,False,False,7,-0.0018272256623693695,0.10093489335497963,0.04921562659266332,0.14506074616720854,FLAT,True,76,31.0,IGNORE,NONE,,NEUTRAL,C,WAIT,No standout factor,Producer Manufacturing,29.0
TNPL,151.8,146.22,152.9,143.78,False,True,True,True,False,True,0.6924458829845976,4.957029,0.6829624559526233,False,-0.03770498129723946,False,60.87,True,1.3112599900906916,73.0,0.54,0,False,▅▅▁▄▃▇▇▄▇▇▆▄▆▆▆▇▆▅▇█,False,False,False,3,0.016608625770158092,0.047113195833620836,0.06765147802519078,0.09123904864584975,FLAT,True,68,31.0,IGNORE,NONE,,NEUTRAL,C,WAIT,No standout factor,Process Industries,25.8
CLEAN,775.75,786.0,788.8,766.0,True,False,False,False,False,False,1.0678491794731357,29.901361325,0.9851219536481042,False,-0.07045775202309894,False,63.56,True,1.5165469685762687,94.0,1.41,1,False,▃▃▄▅▃▅▅▁▄▄▄▃▃▄▅▄▆▅▅█,False,False,False,3,-0.062084391246523984,0.025378362302557633,-0.011041538991491295,0.06950421511478655,FLAT,True,65,31.0,IGNORE,SEED,DEL64% ▃▃▄▅▃▅▅▁▄▄▄▃▃▄▅▄▆▅▅█ P94 Z+1.4,NEUTRAL,C,WAIT,Delivery P94,Process Industries,25.8
JSWDULUX,3034.4,3169.8,3169.8,3005.2,True,False,False,False,False,False,6.747222222222222,56.75329352000001,6.47488327849387,False,-0.26021598890208686,False,62.41,True,1.1381728323014215,73.0,0.66,0,True,▄▆▆█▂▆█▅▇▇▃▄▅▄█▂▆▁▄▆,False,False,False,2,-0.034675828720493684,0.017469738121584033,0.016367023534539005,0.06159559093381295,FLAT,True,64,31.0,IGNORE,DISTRIBUTION,,NEUTRAL,C,WAIT,No standout factor,Process Industries,25.8
ANANDRATHI,2100.6,2150.0,2168.9,2077.3,True,False,False,False,False,False,5.000062419122983,281.84863518,4.7911595557106414,False,-0.0780628885728695,False,58.07,True,1.0854509939531014,63.0,0.34,0,False,▂▅▆▇▁▄▅▆▄▄▅▆▅▅▆▇▁█▂▆,False,False,False,12,-0.043878015475648624,0.004495026778883027,0.007164836779384065,0.04862087959111194,FLAT,True,61,31.0,IGNORE,DISTRIBUTION,,NEUTRAL,C,WAIT,No standout factor,Finance,26.4
DISAQ,11825.0,11802.0,12150.0,11720.0,True,False,False,False,False,True,1.360213747874666,0.3311,1.352106528679656,False,-0.02450059136003121,False,94.66,True,2.058877905016693,100.0,2.35,1,True,▂▂▅▄▃▁▅▃▄▄▅▆▅▆▅▄▄▄▄█,False,False,False,0,-0.013102987815055922,0.0024584604950830258,0.03793986443997677,0.04658431330731194,FLAT,True,61,31.0,IGNORE,SEED,DEL95% ▂▂▅▄▃▁▅▃▄▄▅▆▅▆▅▄▄▄▄█ P100 Z+2.4,NEUTRAL,C,WAIT,Delivery P100,Producer Manufacturing,29.0
ISGEC,880.1,890.0,890.0,872.2,True,True,True,False,False,False,0.5613020276634997,4.36063147,0.5888647642119673,False,0.40967314076670386,False,52.6,True,1.012317167051578,55.0,0.05,0,False,▅▆▅▆▅█▆▁▄▄▅▅▆▂▅▅▆▁▆▅,False,False,False,0,0.13087054288467725,0.00017046423092215157,0.18191339513970994,0.04429631704315107,UP,True,60,31.0,IGNORE,NONE,,NEUTRAL,C,WAIT,CMF positive,Industrial Services,35.2
DATAPATTNS,4221.6,4287.0,4298.0,4190.0,True,False,False,True,False,True,0.612885841277292,156.10463616,0.5604572451678094,False,0.09940032918287742,False,24.82,True,1.0046752615920176,54.0,-0.0,0,False,▆▁▃▃▄▅▄▃▃▃▂▁▆▃▄▇▄▃█▄,False,False,False,2,-0.06502480510276387,-0.005254600721034675,-0.013981952847731183,0.03887125209119424,FLAT,True,59,31.0,IGNORE,NONE,,NEUTRAL,C,WAIT,CMF positive,Electronic Technology,27.1
WELSPLSOL,52.79,53.11,54.46,52.35,True,False,False,True,False,True,0.34757623252239594,1.8136374030000002,0.32557205144982637,False,0.12486623252361335,False,54.65,True,1.174283933904897,54.0,0.07,0,False,▄▅▃▁▆▇▃▃▆▆▆▄▅▆▆▇▆▃██,False,False,False,1,0.0007582938388626115,-0.0020793950850661602,0.0518011460938953,0.042046457727162756,UP,True,59,31.0,IGNORE,NONE,,NEUTRAL,C,WAIT,CMF positive,Non-Energy Minerals,34.0
GRPLTD,1899.4,1949.2,1952.0,1890.0,True,False,False,False,False,False,1.1525237929144452,0.43933122,1.0842113378416185,False,0.4327233250055413,False,89.28,True,1.1869025936905917,98.0,1.95,0,True,▆▃▁▆▆▅▄▄▇▇▂▅▇█▇▅▅▆▇█,False,False,False,0,-0.062302527646129424,-0.023996711371460755,-0.011259675391096735,0.02012914144076816,FLAT,True,54,31.0,IGNORE,SEED,,NEUTRAL,C,WAIT,"Delivery P98, CMF positive",Producer Manufacturing,29.0
NESCO,1040.5,1082.3,1082.3,1030.1,True,False,False,False,False,False,3.2762413770492427,17.9357228,3.1391667750029364,False,-0.08948403852943596,False,50.42,False,0.9205265367973271,28.0,-0.51,0,False,▃▃▄▅▃▃▅▄▆▆▂▄▅▆█▅▃▁▄▃,False,True,False,0,-0.0033524904214559115,-0.03442835931700061,0.04769036183357678,0.009697493495228304,UP,True,50,31.0,IGNORE,DISTRIBUTION,,NEUTRAL,C,WAIT,No standout factor,Finance,26.4
CGPOWER,886.1,889.5,895.9,877.5,True,False,False,True,False,True,0.3540981675262533,83.62914329,0.35053744036647205,False,-0.03452975528004616,False,52.34,True,1.107724867724868,70.0,0.44,0,True,▇▇▅▇▄▆▆▇▇▇▅▁▆▄▅▇▆▅█▇,False,False,False,0,-0.013141775253368904,-0.03888497207006891,0.037901077001663785,0.0052408807421600034,UP,True,49,31.0,IGNORE,NONE,,NEUTRAL,C,WAIT,No standout factor,Producer Manufacturing,29.0
EMMVEE,314.55,314.05,319.0,312.45,True,False,False,True,False,True,0.7064195783838669,52.523212995,0.6677570412678129,False,-0.02361585914256874,False,50.1,True,1.1612544329323413,93.0,1.18,0,False,▇▅▅▅▄▆▄▄▃▃▄▃▆▁▆▅█▄▆▆,False,False,False,0,-0.014567669172932285,-0.04115226337448563,0.036475183082100404,0.0029735894377432848,UP,True,49,31.0,IGNORE,SEED,,NEUTRAL,C,WAIT,Delivery P93,Electronic Technology,27.1
SIS,418.65,394.2,424.4,394.15,False,False,False,True,False,True,1.0098258067517665,17.310800715,1.0114069684064215,True,-0.2750876282462581,True,50.78,True,1.0170951298408661,20.0,-0.69,0,False,▃▅▆▂▃▁▄▄▅▅▃▇█▂▆▇▆▇▆▅,False,False,False,1,-0.020816278797801457,-0.051647978253482885,0.03022657345723123,-0.007522125441253968,UP,False,46,31.0,IGNORE,NONE,,NEUTRAL,C,WAIT,No standout factor,Commercial Services,27.2
IKS,1779.4,1768.0,1822.3,1750.7,False,False,False,True,False,True,0.9440724707524979,36.28712626,0.9177748147518044,False,0.06966388105661728,True,48.7,False,0.9454383086943439,33.0,-0.44,0,False,▄▅▃▂▃▅▂▃▅▅▅▅█▆▃▁▄▄▄▄,False,False,False,1,0.022173713235294157,-0.05491820692585503,0.07321656549032685,-0.010792354113626113,UP,False,45,31.0,IGNORE,NONE,,NEUTRAL,C,WAIT,CMF positive,Commercial Services,27.2
BAJAJCON,493.0,480.05,499.8,474.55,False,False,False,True,False,False,1.1951858297758255,49.109702,1.1654171435388994,True,0.15936930018691173,True,44.05,False,0.8762594364488119,38.0,-0.24,0,False,▃▄▁▃▇▆▆▄██▄▄▄▇█▆▆▅▆▃,False,False,False,0,0.04460218243457992,-0.06139933365064254,0.0956450346896126,-0.017273480838413624,UP,False,43,31.0,IGNORE,NONE,,NEUTRAL,C,WAIT,CMF positive,Consumer Non-Durables,27.5
IGL,142.02,143.5,144.79,139.2,True,False,False,False,False,False,2.490971164973753,53.980538022000005,2.338860564330338,False,-0.04659980212511816,True,47.64,False,0.9072212065813529,32.0,-0.31,0,True,▂▆▃▁▃▄▅▄██▄▅█▄▅▃█▇▆▃,False,False,False,0,-0.05225225225225216,-0.07581180451617087,-0.0012093999972194736,-0.03168595170394195,UP,False,38,31.0,IGNORE,NONE,,NEUTRAL,C,WAIT,No standout factor,Utilities,34.3
JSFB,503.7,500.0,506.65,486.95,False,False,False,True,False,True,0.7192342007108266,30.5070942,0.6891354863096572,False,0.08285404682359099,True,41.5,False,0.8839473039607229,8.0,-1.25,0,False,█▃▅▄▆▃▆▇▂▂▄▅▆▆▆██▁▅▃,False,False,False,0,-0.049263873159682836,-0.10309829059829068,0.001778979095349853,-0.05897243778606176,UP,False,30,31.0,IGNORE,NONE,,NEUTRAL,C,WAIT,CMF positive,Finance,26.4
FIVESTAR,497.25,517.05,517.5,491.0,True,False,False,False,False,False,2.3095629709807186,71.554275,2.1509104606458176,False,0.04494402948098424,False,52.13,True,1.0687742821703519,65.0,0.42,0,False,▆▅▆▆██▇▇▁▁▄▄▄▇▇▅▄█▃▆,False,False,False,0,-0.07591525738710281,-0.11897590361445776,-0.02487240513207012,-0.07485005080222884,UP,False,24,31.0,IGNORE,NONE,,NEUTRAL,C,WAIT,CMF positive,Finance,26.4
IMFA,1206.5,1202.0,1226.4,1184.1,True,False,False,False,False,False,1.0209012668435038,10.63131605,0.974079990749383,False,-0.2554547381413932,True,54.37,True,1.0296958448543616,94.0,1.47,0,True,▃▅▇▇▇█▃███▅▁▇▆▁▃▄▄▆▆,False,False,False,0,-0.07270770886173228,-0.12203463833503136,-0.02166485660669959,-0.07790878552280245,UP,False,23,31.0,IGNORE,SEED,,NEUTRAL,C,WAIT,Delivery P94,Non-Energy Minerals,34.0
GREENPLY,280.25,279.9,284.8,272.45,False,False,False,True,False,True,1.1780223520033677,6.67415375,1.1240052960749105,True,-0.11440214578216551,True,63.24,True,1.1060584860780747,89.0,1.11,0,False,▃▄▁▆▃▃▄▃▆▆▃█▆▅▇▄█▇▇▆,False,False,False,0,-0.020789657582110377,-0.13288985148514854,0.030253194672922312,-0.08876399867291962,UP,False,21,31.0,IGNORE,SEED,,NEUTRAL,C,WAIT,No standout factor,Producer Manufacturing,29.0
TARIL,272.85,272.0,275.85,266.6,False,False,False,False,False,False,1.2574289513737662,29.075223420000004,1.1900039782200573,True,-0.32354938925708526,True,42.23,False,0.9392375783995373,67.0,0.47,0,True,▁▄▃▂▅▆▄█▅▅▂▄▃▅▅▃▆▅▆▃,False,True,False,0,-0.11670443509226269,-0.1388669717531955,-0.06566158283723,-0.0947411189409666,UP,False,19,31.0,IGNORE,NONE,,NEUTRAL,C,WAIT,No standout factor,Producer Manufacturing,29.0
JKLAKSHMI,490.15,493.45,493.45,482.05,True,False,False,False,False,False,3.7049369787616704,22.092677995,3.5450434298136804,False,-0.10750400137060032,True,45.21,False,0.8089465443972266,10.0,-1.02,0,True,▃▃▂█▅▃▄▂▁▁▂▃▂▅▃▄▂▂▆▁,False,False,False,0,-0.06477771417668388,-0.1579625493901392,-0.013734861921651187,-0.11383669657791029,UP,False,14,31.0,IGNORE,NONE,,NEUTRAL,C,WAIT,No standout factor,Non-Energy Minerals,34.0
BIKAJI,531.15,552.0,554.9,523.6,True,False,False,False,False,False,2.4341451457825958,48.025786275,2.2106664150730575,False,0.02125211567296768,False,58.3,True,1.1331499820212052,64.0,0.36,0,False,▅▆▅▅▄▄▅█▅▅▄▅▄▄▇▁▃▃▄▅,False,False,False,0,-0.11223466488383749,-0.17555296856810243,-0.0611918126288048,-0.1314271157558735,UP,False,11,31.0,IGNORE,NONE,,NEUTRAL,C,WAIT,CMF positive,Consumer Non-Durables,27.5
VAIBHAVGBL,202.89,199.0,204.49,198.16,False,False,False,False,False,False,1.3593216337172687,5.443274943,1.3029269233377918,True,-0.2422378220650631,True,48.55,False,0.9353807028360049,60.0,0.26,0,True,▄▅▄▁▅▄▆▃▆▆▆▅▅▆▆▆█▆▇▄,False,True,False,0,-0.07122911421377887,-0.21393979311146416,-0.020186261958746177,-0.16981394029923524,UP,False,6,31.0,IGNORE,NONE,,NEUTRAL,C,WAIT,No standout factor,Consumer Durables,23.7
PSPPROJECT,782.65,778.0,793.5,772.1,False,False,False,False,False,False,1.3176059264024753,5.385805975,1.2376023214260843,True,-0.3677543504887142,True,53.37,True,1.0314837363019655,68.0,0.46,0,False,▁▆▆▃█▆▁▄██▄▆▄▆▄▅▄▅▂▅,False,True,False,0,-0.10503144654088048,-0.27357527380731395,-0.05398859428584779,-0.22944942099508503,UP,False,3,31.0,IGNORE,NONE,,NEUTRAL,C,WAIT,No standout factor,Industrial Services,35.2
MIDWESTLTD,877.0,895.1,901.1,869.0,True,False,False,False,False,False,1.912438480999912,5.3299675,1.6737954956974723,False,-0.35423637351935683,True,56.21,True,1.095764900823627,85.0,0.98,0,False,▃▄▁▅▄▂▃█▄▄▂▂▂▂▂▂▅▄▃▄,False,False,False,0,-0.17131248228290652,-0.31107619795758057,-0.12026963002787383,-0.26695034514535165,UP,False,2,31.0,IGNORE,SEED,,NEUTRAL,C,WAIT,No standout factor,Non-Energy Minerals,34.0
EUROPRATIK,202.05,206.4,206.45,198.55,True,False,False,False,False,False,1.3012834113700393,5.2108088850000005,1.1018156723808872,False,-0.4017105142132336,True,62.12,True,2.1468809400380158,93.0,1.61,2,False,▁▂▃▃▂▁▁▃▃▃▃▃▃▇█▄▄▃██,False,False,False,0,-0.22093695777906308,-0.35601593625498007,-0.1698941055240304,-0.31189008344275115,UP,False,1,31.0,IGNORE,SEED,DEL62% ▁▂▃▃▂▁▁▃▃▃▃▃▃▇█▄▄▃██ P93 Z+1.6 2D,NEUTRAL,C,WAIT,"Delivery P93, 2D high delivery",Producer Manufacturing,29.0
PNGSREVA,514.0,506.05,520.0,502.25,False,False,True,True,False,False,0.47144045099926746,4.1597506,0.46549136340308056,False,-0.08318401393298652,True,44.89,False,0.9516339315052521,41.0,-0.27,0,True,▄▆▆█▂▃▃▇▅▅▂▃▃▅▂▅▃▁▆▄,False,False,False,0,-0.046293719268948985,0.2685093780848964,0.004749132986083704,0.3126352308971253,FLAT,True,90,30.0,IGNORE,NONE,,NEUTRAL,C,WAIT,RS leader,Consumer Durables,23.7
CYIENT,1055.3,1075.0,1093.5,1044.0,True,False,True,True,False,True,1.0849749735701346,50.82662496,1.0415417686772348,False,-0.07829010341185079,True,44.14,True,1.083855125844076,37.0,-0.28,0,False,▁▄▂▂▃▄█▄▅▅▅▅█▄▆▄▂▂▄▅,False,False,False,0,-0.0938519663403743,0.24600035421217292,-0.042809114085341604,0.29012620702440184,FLAT,True,89,30.0,IGNORE,NONE,,NEUTRAL,C,WAIT,No standout factor,Technology Services,23.6
PRICOLLTD,749.35,752.0,758.25,741.0,True,False,True,True,False,True,1.0227555467987264,21.238302505,1.0067155162842532,False,-0.12686008701236176,True,49.51,True,1.0433151755892485,54.0,0.22,0,False,▆█▄▄▄▆▆▄▂▂▄▄▆▅▃▄▅▁▃▅,False,False,False,0,-0.05978670012547049,0.22653244946394957,-0.008743847870437804,0.2706583022761785,FLAT,True,88,30.0,IGNORE,NONE,,NEUTRAL,C,WAIT,No standout factor,Producer Manufacturing,29.0
KDDL,3931.6,4014.1,4069.9,3874.0,True,False,True,True,False,True,0.6774811329332606,9.37411388,0.6623931400244284,False,0.015856717345747753,False,45.72,False,0.8876635731759408,20.0,-0.7,0,True,▄▄▄▆▄▅▆▅▄▄▅▇▄█▁▂▂▃▁▃,False,False,False,1,0.01397843916026198,0.23783137082047734,0.06502129141529467,0.28195722363270626,FLAT,True,88,30.0,IGNORE,NONE,,NEUTRAL,C,WAIT,CMF positive,Consumer Durables,23.7
MPSLTD,2634.7,2611.0,2684.8,2601.1,False,False,True,True,False,True,1.00235208974127,3.2841535499999996,0.9969514534602412,True,-0.1161323836971156,True,39.31,False,0.6942715094356284,8.0,-1.27,0,True,▁▆▅▅▄▄▄▄▆▆▃▃▅▆█▆▅▇▆▁,False,False,False,0,-0.006748096207494614,0.23283889382808476,0.044294756047538075,0.2769647466403137,FLAT,True,88,30.0,IGNORE,NONE,,NEUTRAL,C,WAIT,No standout factor,Consumer Services,24.4
FOSECOIND,6335.0,6298.0,6400.0,6210.5,False,False,True,True,False,True,0.27813551257776953,6.3140945,0.26433067586199344,False,-0.29156325365241365,True,35.85,False,0.9002448364617992,14.0,-1.0,0,False,▆▅▃▆█▆▆▃▅▅▂▁▃▄▆▇▆█▇▅,False,False,False,3,0.004200681620036395,0.22285493678216395,0.055243533875069084,0.26698078959439286,FLAT,True,87,30.0,IGNORE,NONE,,NEUTRAL,C,WAIT,No standout factor,Process Industries,25.8
JUNIPER,213.95,216.62,216.62,212.35,True,False,True,False,False,False,0.464161734719252,1.996773955,0.45097631678577754,False,0.029003686308306274,False,65.88,True,1.1582482111148227,81.0,0.79,0,True,██▄▅▇▆▆▁▄▄▅▃▅▃▂▄▅▆▇▇,False,False,False,7,-0.0008872700102736664,0.08670255993498577,0.05015558224475902,0.13082841274721468,FLAT,True,74,30.0,IGNORE,NONE,,NEUTRAL,C,WAIT,CMF positive,Consumer Services,24.4
CARTRADE,2907.5,2872.8,2937.0,2837.8,False,False,True,True,False,True,0.7703363558127134,71.426808,0.7402038434438022,False,-0.11612862771767449,True,42.5,True,1.1925640126271482,59.0,0.2,0,False,▆▆▄▆▁▄▆▁▄▄▅▃▁▇█▄▂▃▄▆,False,False,False,2,-0.021076731423184336,0.06658107116654444,0.029966120831848353,0.11070692397877335,FLAT,True,72,30.0,IGNORE,NONE,,NEUTRAL,C,WAIT,No standout factor,Technology Services,23.6
TMB,863.55,861.75,871.65,845.1,False,False,False,True,False,True,1.194014505296708,14.641835669999999,1.1392816893367606,True,-0.08269673888817274,True,41.34,False,0.852740361806143,15.0,-0.78,0,False,▃▃▁▄▄▅▅▃██▅▄█▅▄▅▂▅▅▂,False,False,False,3,-0.04905847373637273,0.05510416030301157,0.001984378518659957,0.09923001311524049,FLAT,True,70,30.0,IGNORE,NONE,,NEUTRAL,C,WAIT,No standout factor,Finance,26.4
BAJAJHLDNG,10900.0,10925.0,11027.0,10738.0,True,False,False,False,False,False,0.9103590462450107,43.60545,0.8857137694268478,False,-0.0019455526159866008,True,66.15,True,1.1692857016598024,93.0,1.56,0,True,▆▆█▄▆▃▃▃▃▃▅▅▇▆▆▃▆▁▇█,False,False,False,1,-0.043775769804368814,0.04636651627147925,0.007267082450663875,0.09049236908370817,FLAT,True,68,30.0,IGNORE,SEED,,NEUTRAL,C,WAIT,Delivery P93,Finance,26.4
MARSONS,118.18,120.13,121.9,117.5,True,False,False,False,False,False,0.4195268428733364,17.176777556,0.38655587902816035,False,-0.21007192269538813,True,51.09,True,1.7035110533159947,96.0,2.0,2,False,▄▅▂▁▄▃▆▄▅▅▃▄▃▃▅▃▆▃█▇,False,False,False,1,-0.08635485117897168,0.0348511383537653,-0.03531199892393899,0.07897699116599421,FLAT,True,67,30.0,IGNORE,SEED,DEL51% ▄▅▂▁▄▃▆▄▅▅▃▄▃▃▅▃▆▃█▇ P96 Z+2.0 2D,NEUTRAL,C,WAIT,"Delivery P96, 2D high delivery",Producer Manufacturing,29.0
COHANCE,457.9,452.8,469.75,449.6,False,True,True,False,False,False,1.219423480259014,67.49963426999999,1.229855431333467,True,-0.054574214542063015,True,42.11,False,0.9089927902257912,40.0,-0.17,0,True,▂▄▆▅▄▇▇▇▅▅▅▆▅▁▃▄▄█▄▄,False,False,False,0,-0.004565217391304444,0.027487938965556014,0.046477634863728245,0.07161379177778493,FLAT,True,65,30.0,IGNORE,NONE,,NEUTRAL,C,WAIT,No standout factor,Health Technology,38.7
ARVIND,545.45,545.05,552.1,540.15,False,False,True,True,False,True,0.45168066982554134,15.887376695000002,0.44049696999806787,False,-0.06652317370320304,True,47.23,True,1.0808274978259873,57.0,0.06,0,False,▆▄▆▃▇▄▁▃▅▅▅▅▆▅▄█▃▆▄▆,False,False,False,1,-0.020911865015257547,0.027987184319638203,0.030130987239775142,0.07211303713186712,FLAT,True,65,30.0,IGNORE,NONE,,NEUTRAL,C,WAIT,No standout factor,Process Industries,25.8
MIDHANI,419.1,412.3,427.0,406.05,False,False,False,True,False,True,0.31020753031574194,39.26732304,0.2829749498275081,False,0.39627075089233244,True,33.92,False,0.9535455759364677,35.0,-0.41,0,False,█▆▆▇▇▁▃▃▇▇▆▇▇█▇██▇▇▆,False,False,False,1,0.0039525691699604515,0.019459985405011038,0.05499542142499314,0.06358583821723995,FLAT,True,64,30.0,IGNORE,NONE,,NEUTRAL,C,WAIT,CMF positive,Non-Energy Minerals,34.0
NELCO,922.3,922.0,933.45,894.0,False,False,False,True,False,True,0.811434681103192,24.75038165,0.7717255947285809,False,-0.08634647997343016,True,36.79,False,0.9606496592422382,44.0,-0.07,0,True,▆▁▂█▄▁▅▆▇▇▄▅▇▆▆▆▇▄▅▅,False,False,False,0,-0.0022177746524585373,-0.006677436725902042,0.04882507760257415,0.037448416086326874,UP,True,58,30.0,IGNORE,NONE,,NEUTRAL,C,WAIT,No standout factor,Electronic Technology,27.1
BRIGADE,563.05,579.05,584.85,557.55,True,False,False,False,False,False,0.5150187742083019,18.355317389999996,0.4271960586862169,False,0.009248313364616385,False,66.42,True,1.729214667864256,90.0,1.38,1,False,▄▂▃▁▃▃▅▄▄▄▃▆▇▅▄▅▆▆▆█,False,False,False,1,-0.12718958301038608,-0.009063709961281363,-0.07614673075535339,0.03506214285094755,FLAT,True,58,30.0,IGNORE,SEED,DEL66% ▄▂▃▁▃▃▅▄▄▄▃▆▇▅▄▅▆▆▆█ P90 Z+1.4,NEUTRAL,C,WAIT,"Delivery P90, CMF positive",Finance,26.4
HIKAL,218.05,208.9,219.5,207.21,False,False,False,False,False,True,0.19527352677729212,16.122704220000003,0.17895621236479825,False,0.2765374838419796,True,27.76,False,0.912092786384321,13.0,-1.15,0,False,█▆▂▃▁▃▄▅▅▅▄▄▆▅▄▅▆▄▆▄,False,False,False,2,0.09826735166717038,-0.029767731600961134,0.14931020392220307,0.014358121211267783,UP,True,52,30.0,IGNORE,NONE,,NEUTRAL,C,WAIT,CMF positive,Health Technology,38.7
COCHINSHIP,1359.3,1327.6,1359.3,1290.0,False,False,False,False,False,False,1.3771655744404272,195.576084,1.3308134054544585,True,-0.1658516041804279,True,39.93,True,1.1815182494710834,83.0,1.02,0,False,▃▃▂▃▃▄▅▃▅▅▁▂█▇▄▅▂▂▅▅,False,True,False,2,-0.07900264245545097,-0.032733224222585955,-0.027959790200418277,0.011392628589642961,FLAT,True,51,30.0,IGNORE,NONE,,NEUTRAL,C,WAIT,No standout factor,Producer Manufacturing,29.0
ONESOURCE,1583.3,1570.0,1605.0,1562.7,False,True,False,False,False,False,1.2495374470963545,73.35254737,1.2631398424384555,True,-0.3598302667601228,True,57.23,True,1.1175224314851155,78.0,0.71,0,False,▄▃▄▅█▁▂▅▂▂▂▇▅▆▆█▇▇▇▆,False,False,False,0,0.03625891746842069,-0.04112160852713187,0.08730176972345338,0.0030042442850970463,UP,True,49,30.0,IGNORE,NONE,,NEUTRAL,C,WAIT,No standout factor,Health Technology,38.7
VERANDA,223.31,239.86,239.91,220.0,True,False,False,True,False,True,7.684961331452208,46.824735019,7.407985352558956,False,-0.24064219717567292,False,51.24,False,0.8887809616318602,41.0,-0.2,0,True,▄▄▃▃▄▆▂▄▄▄▂▂▄▂█▄▁▄▂▂,False,False,False,0,-0.08080184407672675,-0.05891525138016773,-0.02975899182169406,-0.014789398567938816,FLAT,False,44,30.0,IGNORE,DISTRIBUTION,,NEUTRAL,C,WAIT,No standout factor,Commercial Services,27.2
WPIL,427.3,422.35,438.9,416.0,False,False,False,False,False,False,1.112947451842919,2.28327755,1.0840547680123125,True,0.10624270409705475,False,61.68,True,1.0970111426310127,77.0,0.58,0,True,▆▆▄▆▆█▅▁██▅▇▆▂▃▆▄▄▆▆,False,False,False,0,-0.04652460113801171,-0.06087912087912084,0.004518251117020977,-0.016753268066891924,UP,False,43,30.0,IGNORE,NONE,,NEUTRAL,C,WAIT,CMF positive,Producer Manufacturing,29.0
FSL,248.9,256.0,257.0,248.0,True,False,False,False,False,False,0.16410032428166804,10.086647610000002,0.14654808818950896,False,0.3829061294343937,False,46.42,True,1.2234785588150021,81.0,0.81,0,True,▆█▅▄▆▄▆▆▅▅▁▄▇▆▃▅▆▅▄▇,False,False,False,0,-0.06428571428571428,-0.06446156737455366,-0.01324286203068159,-0.020335714562324747,UP,False,42,30.0,IGNORE,NONE,,NEUTRAL,C,WAIT,CMF positive,Commercial Services,27.2
IONEXCHANG,410.2,420.4,424.05,406.35,True,False,True,True,False,True,0.29767848364355626,7.80442418,0.28402680033552485,False,0.17715181895754578,False,43.11,False,0.9909661402661886,32.0,-0.32,0,False,▆▇▆▃▁▅▅▆▄▄▆▅█▇█▇█▇▅▆,False,False,False,0,0.11588683351468987,-0.06282842129312316,0.16692968576972256,-0.018702568480894244,UP,False,42,30.0,IGNORE,NONE,,NEUTRAL,C,WAIT,CMF positive,Producer Manufacturing,29.0
CHOLAFIN,1660.5,1678.1,1681.9,1637.6,True,False,False,False,False,True,2.0641212066127888,476.2842039,1.9078760677086315,False,0.1375321389263756,False,57.0,False,0.947386791433629,42.0,-0.11,0,False,▁▇▆▇▆▆██▅▅▇▇██▇█▄▇▆▆,False,False,False,0,-0.11458888770395648,-0.0718797160583533,-0.06354603544892379,-0.02775386324612439,FLAT,False,40,30.0,IGNORE,NONE,,NEUTRAL,C,WAIT,CMF positive,Finance,26.4
PHOENIXLTD,1929.0,1946.3,1957.3,1916.7,True,True,True,True,False,True,0.9841831726520484,73.3303563,0.990378162286936,False,-0.05024043265157852,False,60.59,True,1.0938797616898357,73.0,0.58,0,False,▁█▇▇▇▇▇█▇▇█▅█▅▇▇▆▇▆▇,False,False,False,0,0.019232801437176317,-0.07756312165263957,0.070275653692209,-0.03343726884041065,UP,False,38,30.0,IGNORE,NONE,,NEUTRAL,C,WAIT,No standout factor,Finance,26.4
TSFINV,421.45,434.7,435.95,412.6,True,False,False,False,False,False,6.565263957119225,22.01115344,6.295497504521305,False,0.07769815004164282,False,50.94,False,0.9316190859379286,26.0,-0.52,0,False,▂▁▆▂▃▃▅▁▄▄▄▆▄▃▅▇▄█▃▃,False,False,False,0,0.04552220292731324,-0.10138592750533049,0.09656505518234593,-0.05726007469310157,UP,False,30,30.0,IGNORE,NONE,,NEUTRAL,C,WAIT,CMF positive,Finance,26.4
NH,1789.9,1820.1,1863.0,1761.0,True,False,False,False,False,True,5.585898472122415,172.8721218,5.286209941067093,False,-0.16886094358107587,False,62.14,True,1.1130216729356976,87.0,0.92,0,False,▅█▄▄▁▄▄▅▅▅▄▅▆▅▄▄▄▄▄▆,False,False,False,0,-0.07675246299066385,-0.10401962256595076,-0.02570961073563116,-0.05989376975372185,UP,False,29,30.0,IGNORE,DISTRIBUTION,,NEUTRAL,C,WAIT,No standout factor,Health Services,24.1
INOXGREEN,163.96,170.0,171.0,162.8,True,False,False,False,False,False,1.7292642745566495,33.081897676,1.6365841650287105,False,0.19686913735458517,False,43.45,False,0.898116951569896,29.0,-0.38,0,False,▃▁▂▃▃▅▆█▄▄▂▂▃▃▃▃▃▁▃▃,False,False,False,0,0.02289600099819089,-0.1600840120895446,0.07393885325322358,-0.11595815927731568,UP,False,14,30.0,IGNORE,NONE,,NEUTRAL,C,WAIT,CMF positive,Utilities,34.3
SOTL,717.0,703.5,721.0,694.1,False,True,True,True,False,True,0.16100971899235333,13.8155145,0.15417028291862842,False,-0.38800409276751546,False,38.24,True,1.26092261021532,20.0,-0.78,0,False,▁▂▄▅▄▇▆▆▅▅▆▆▆▇▇▆█▆▅▇,False,False,False,0,-0.07052113041223751,0.19152471956792683,-0.01947827815720482,0.23565057238015574,FLAT,True,85,29.0,IGNORE,NONE,,NEUTRAL,C,WAIT,No standout factor,Process Industries,25.8
PPLPHARMA,209.07,206.8,212.05,206.66,False,False,True,True,False,True,1.2593020410945268,105.82032054599999,1.2216548209771902,True,-0.09420750639689392,False,27.98,False,0.6796458457315666,12.0,-1.14,0,True,▂▅▄▄▃▁▅▇▇▇▇▇█▄▆▅▃▅▅▁,False,False,False,2,-0.0193714821763602,0.1312699529246253,0.03167137007867249,0.1753958057368542,FLAT,True,80,29.0,IGNORE,NONE,,NEUTRAL,C,WAIT,No standout factor,Health Technology,38.7
DIFFNKG,448.15,447.15,450.6,428.5,False,True,True,True,False,True,0.3723733935548188,5.7416978,0.3599330492520623,False,-0.45195438374555524,False,43.24,True,1.1373260738052027,26.0,-0.59,0,False,▁▄▆▂▅▆▄▄▆▆▇█▆▇█▆█▆▆▆,False,False,False,0,-0.06146596858638753,0.1321207528104078,-0.010423116331354843,0.17624660562263672,FLAT,True,80,29.0,IGNORE,NONE,,NEUTRAL,C,WAIT,No standout factor,Producer Manufacturing,29.0
LUMAXIND,5691.5,5651.0,5861.5,5607.0,False,False,False,True,False,False,1.5302255639097744,14.479176,1.4358322665784098,True,-0.2806558420727513,False,35.26,False,0.8033263085948624,27.0,-0.6,0,False,▂▁▂▆▄▄▄▇▅▅▅▅▁█▅▄▅▃▄▂,False,True,False,2,-0.1138186064616582,0.11107857491459239,-0.06277575420662551,0.1552044277268213,FLAT,True,78,29.0,IGNORE,NONE,,NEUTRAL,C,WAIT,No standout factor,Producer Manufacturing,29.0
SAIL,181.82,182.53,186.86,181.21,True,True,True,True,False,True,1.346671706166451,383.163158866,1.3154044763382993,False,-0.22691100376184176,False,43.97,True,1.1035123163217928,70.0,0.55,0,False,▄▂▃▃▃▄▄▅▄▄▂▅█▄▄▄▂▁▂▄,False,False,False,0,-0.05792746113989644,0.10818553056622182,-0.006884608884863752,0.15231138337845074,FLAT,True,77,29.0,IGNORE,NONE,,NEUTRAL,C,WAIT,No standout factor,Non-Energy Minerals,34.0
ATHERENERG,1407.0,1460.2,1460.2,1403.8,True,False,False,True,False,False,1.38199785678499,795.4837506,1.2110023790205722,False,-0.08858697308252031,False,47.23,True,1.6103240764418074,99.0,2.15,2,False,▂▃▃▃▂▄▄▁▂▂▄▃▇▅▅▅▃▄▇█,False,False,False,0,-0.18463143254520165,0.09205215771499531,-0.13358858029016896,0.13617801052722422,FLAT,True,75,29.0,IGNORE,SEED,DEL47% ▂▃▃▃▂▄▄▁▂▂▄▃▇▅▅▅▃▄▇█ P99 Z+2.1 2D,NEUTRAL,C,WAIT,"Delivery P99, 2D high delivery",Consumer Durables,23.7
SDBL,79.05,80.5,80.5,77.86,True,True,True,False,False,False,0.8921094320786892,17.762859104999997,0.9241854300012803,False,0.013122316051693683,True,26.84,False,0.5904091509018917,4.0,-2.15,0,False,▅▆▂█▅▆▆▆▇▇▆▅▆▅▆▇█▁▁▃,False,False,False,1,0.11181434599156126,0.09124792932081727,0.16285719824659395,0.13537378213304618,UP,True,75,29.0,IGNORE,NONE,,NEUTRAL,C,WAIT,CMF positive,Consumer Non-Durables,27.5
KRISHIVAL,403.95,414.0,415.0,400.25,True,False,False,True,False,False,0.7408591441347284,0.73018002,0.7214042735381669,False,0.21844128653410258,False,55.81,False,0.6860268584247565,19.0,-0.69,0,True,▆▆▄▃▆▇▇▆▅▅▃▅▂▅▂▅▆▆█▁,False,False,False,15,-0.017989546614805008,0.02681748856126087,0.03305330564022768,0.07094334137348979,FLAT,True,65,29.0,IGNORE,NONE,,NEUTRAL,C,WAIT,CMF positive,Process Industries,25.8
NOCIL,169.31,175.0,175.0,166.64,True,False,False,False,False,False,1.1339641964572247,42.10841286,1.004892171634002,False,0.12188972646426449,False,42.38,True,1.1045519110728854,33.0,-0.33,0,False,▆▇▅█▆▃▆▅▆▆▁▂▆▅▅▄▃▅▇▆,False,False,False,6,-0.0018276146680815675,0.016388522031456354,0.04921523758695112,0.06051437484368527,FLAT,True,64,29.0,IGNORE,NONE,,NEUTRAL,C,WAIT,CMF positive,Process Industries,25.8
ARFIN,88.16,88.29,90.48,87.35,True,False,True,True,False,True,1.0635014890418228,12.036960864,1.0438815717192738,False,-0.054477981221090654,False,16.84,False,0.6765361669646265,34.0,-0.64,0,True,▁▁▂▁▇██▅▆▆▂▅▆▂▄▄▂▂▄▂,False,False,False,0,0.03111111111111109,0.018131423951957437,0.08215396336614378,0.06225727676418635,UP,True,64,29.0,IGNORE,NONE,,NEUTRAL,C,WAIT,No standout factor,Non-Energy Minerals,34.0
PCBL,330.45,330.5,334.9,328.55,True,False,True,True,False,True,0.388489661294346,22.178217840000002,0.38600425296519886,False,-0.07477217298024161,False,43.21,True,1.0872081320450886,67.0,0.45,0,False,▄▇▆█▃▁▂▃▄▄▄▅▆▅▄▄▄▃▅▅,False,False,False,0,0.040787401574803095,-0.005567258501354311,0.09183025382983578,0.038558594310874605,UP,True,59,29.0,IGNORE,NONE,,NEUTRAL,C,WAIT,No standout factor,Process Industries,25.8
BECTORFOOD,208.7,211.47,212.94,207.39,True,False,False,False,False,False,0.3966478498920906,9.484204539999999,0.36355606837951715,False,0.03181023993365926,True,39.82,True,1.0066359097516275,17.0,-0.77,0,True,▆▅▃█▆▆▃▁▂▂▇▄▆▅▄▃█▅█▅,False,False,False,0,-0.08364434687156974,-0.01230477993374357,-0.03260149461653705,0.031821072878485346,FLAT,True,57,29.0,IGNORE,NONE,,NEUTRAL,C,WAIT,CMF positive,Consumer Non-Durables,27.5
JAGRAN,62.01,62.23,62.4,61.3,True,False,False,False,False,False,0.8958209658226768,0.9399599820000001,0.8954821554247663,False,0.031641063878789566,True,69.8,True,1.0611450636991093,64.0,0.31,0,True,▆▇▇▇▃▁▃█▅▅▄▃▆▅▂▃▂▆▄▆,False,False,False,0,0.013732221677292822,-0.015401714830104773,0.06477507393232551,0.028724137982124143,UP,True,56,29.0,IGNORE,NONE,,NEUTRAL,C,WAIT,CMF positive,Consumer Services,24.4
AFFLE,1501.0,1542.2,1548.4,1494.5,True,False,False,False,False,False,0.5196183407247167,29.0526055,0.49243976939051987,False,0.2079367601808296,False,57.03,True,1.1425194326468466,74.0,0.56,0,True,▆▇█▁▂▃▄▄▅▅▆▇▇▄▆▆▅▄▆▆,False,False,False,0,-0.04095584946648767,-0.01856937361056632,0.010087002788545019,0.025556479201662596,FLAT,True,55,29.0,IGNORE,NONE,,NEUTRAL,C,WAIT,CMF positive,Technology Services,23.6
MAHABANK,79.16,80.7,80.74,79.16,True,False,False,True,False,False,1.5456288241741845,181.613043732,1.4651011159266503,False,-0.1139151250753875,False,56.82,True,1.2290055696750122,95.0,1.62,0,False,▄▂▁▅▃▃▃▂▆▆▂▁█▄▅▃▅▄▅▇,False,False,False,0,-0.04280532043530838,-0.03168195718654443,0.008237531819724309,0.012443895625684487,FLAT,True,51,29.0,IGNORE,DISTRIBUTION,,NEUTRAL,C,WAIT,Delivery P95,Finance,26.4
BAJEL,170.2,169.01,171.6,166.62,False,False,False,False,False,False,1.0668876004950125,2.6081448,1.0170017286628725,True,0.04076302722559382,True,53.72,True,1.067641827233611,64.0,0.49,0,True,▅▂▂▄▃▄▃█▃▃▁▃▆▄▅▄▄▃▇▅,False,False,False,0,-0.08578181232207127,-0.03874392861177012,-0.03473896006703858,0.005381924200458799,FLAT,True,49,29.0,IGNORE,NONE,,NEUTRAL,C,WAIT,CMF positive,Industrial Services,35.2
ENRIN,3214.0,3189.5,3246.0,3164.1,False,False,False,True,False,False,0.9090348462261963,111.096731,0.9183248323568305,False,-0.11304068374578619,True,54.82,True,1.1119675456389453,75.0,0.61,0,True,▃▅▃▆▃▄▄▃▄▄▅▁█▅▂▅▃▂▂▅,False,False,False,0,-0.004830319544215977,-0.0531184633061309,0.04621253271081671,-0.008992610493901987,UP,False,45,29.0,IGNORE,NONE,,NEUTRAL,C,WAIT,No standout factor,Producer Manufacturing,29.0
HDFCLIFE,530.2,526.9,535.0,516.45,False,False,False,False,False,False,0.9428460371033018,223.71820812000004,0.9317762924291643,False,0.06385864775608097,True,65.61,True,1.2851854028324616,78.0,0.82,0,False,▁▆▄▇▅▃▄▄▇▇▅▂█▃▄▇▁▁▂█,False,False,False,0,-0.032481751824817384,-0.06589147286821706,0.018561100430215305,-0.021765620055988144,UP,False,41,29.0,IGNORE,NONE,,NEUTRAL,C,WAIT,CMF positive,Finance,26.4
CELLO,333.35,332.6,336.5,325.6,False,False,False,False,False,False,0.6700247043147891,7.1166558150000006,0.665624754637062,False,0.1354066303301421,True,48.04,False,0.9542159102194856,28.0,-0.5,0,True,▅▅▇▇▆▅▆▇▇▇▆▆█▅█▆▁▄▅▅,False,False,False,0,-0.045935890097309584,-0.07620895108770953,0.005106962157723105,-0.032083098275480615,UP,False,38,29.0,IGNORE,NONE,,NEUTRAL,C,WAIT,CMF positive,Consumer Durables,23.7
SIKA,1032.0,1032.0,1032.0,999.2,False,False,False,True,False,False,0.3794695999454948,2.557812,0.3699180353753585,False,0.2681690377338816,True,54.29,True,1.1976615927641738,71.0,0.57,0,False,▇▇▆▆█▅▆▅▁▁▃▅▅▅▃▇▆▄▇▆,False,False,False,0,0.042424242424242475,-0.08266666666666667,0.09346709467927516,-0.03854081385443775,UP,False,36,29.0,IGNORE,NONE,,NEUTRAL,C,WAIT,CMF positive,Electronic Technology,27.1
RAJRATAN,466.15,461.0,473.6,453.5,False,False,False,True,False,True,0.39528298168433756,2.43097225,0.3833672256886638,False,-0.03642133108143706,True,51.35,True,1.029718456725756,71.0,0.59,0,True,▅▇▅▅▆▅▄▆▆▆▅█▆▇▆▁▇▅▆▆,False,False,False,0,-0.0615059391987115,-0.08580113747793683,-0.010463086943678812,-0.04167528466570791,UP,False,35,29.0,IGNORE,NONE,,NEUTRAL,C,WAIT,No standout factor,Producer Manufacturing,29.0
IKIO,197.3,199.4,200.34,194.31,True,False,False,True,False,True,0.2728027601763742,3.0303307,0.24668717352568395,False,-0.07638848747013423,True,49.7,True,1.3771700126078947,54.0,0.31,0,False,▅▃▅▃▇▁▂▂▂▂▅▅▂▅▄▅▆▆█▆,False,False,False,3,-0.04929407796463159,-0.08868360277136256,0.0017487742904011006,-0.04455774995913364,UP,False,34,29.0,IGNORE,NONE,,NEUTRAL,C,WAIT,No standout factor,Producer Manufacturing,29.0
INOXWIND,71.5,72.0,73.04,70.57,True,False,False,False,False,False,0.6879374340514752,59.2983534,0.6577107845445729,False,0.18118119231230748,True,33.94,False,0.8567894378108196,39.0,-0.35,0,True,▅▃▁▁▄▅▅▂▃▃▂▃▆█▇▅▅▃▃▂,False,False,False,0,0.02877697841726623,-0.0951657808149835,0.07981983067229892,-0.051039928002754587,UP,False,32,29.0,IGNORE,NONE,,NEUTRAL,C,WAIT,CMF positive,Producer Manufacturing,29.0
RATEGAIN,830.0,827.0,833.0,817.0,False,False,False,True,False,False,0.6606975328906819,16.904527,0.6377904062635801,False,-0.145785128314694,True,54.44,True,1.0803087730438752,68.0,0.35,0,True,▂▄▄▅▂█▆▁▃▃▅▂▄▄▅▄▃▂▃▅,False,False,False,0,-0.08916323731138542,-0.1040587219343696,-0.038120385056352735,-0.059932869122140686,UP,False,29,29.0,IGNORE,NONE,,NEUTRAL,C,WAIT,No standout factor,Technology Services,23.6
SASKEN,1658.8,1681.0,1690.0,1611.7,False,False,False,False,False,False,1.2464873629073923,4.922489,1.167829857597941,True,-0.2822731725522186,True,60.81,True,1.015090308149434,85.0,0.91,0,True,▆▆▄▆▇▃▆█▆▆▁▃▅▇▄▃▅▆▅▅,False,True,False,0,-0.12891876279997905,-0.10412616115791751,-0.07787591054494636,-0.06000030834568859,FLAT,False,29,29.0,IGNORE,SEED,,NEUTRAL,C,WAIT,No standout factor,Technology Services,23.6
JUSTDIAL,656.5,662.6,665.0,642.4,True,False,False,False,False,False,0.6975971487041124,6.40934385,0.6684852040105994,False,0.05462675248725054,True,36.02,False,0.8635301168714415,18.0,-0.71,0,True,▁▂▂▃▃▆▆█▇▇▃▅█▃▄▂▆▅▆▂,False,False,False,0,-0.06965209381421378,-0.11689534570890503,-0.01860924155918109,-0.07276949289667611,UP,False,25,29.0,IGNORE,NONE,,NEUTRAL,C,WAIT,CMF positive,Technology Services,23.6
FDC,350.1,341.3,351.9,340.15,False,True,False,False,False,False,0.7564688959369692,3.9133477800000005,0.762413024368885,False,0.09781985967311155,True,55.78,False,0.9851033581463526,52.0,0.04,0,True,▂▃▆▃█▆▄▂██▂▁▅▂▂▆▆▅▂▄,False,False,False,0,0.049460431654676285,-0.15281306715063514,0.10050328390970897,-0.10868721433840622,UP,False,16,29.0,IGNORE,NONE,,NEUTRAL,C,WAIT,CMF positive,Health Technology,38.7
ATGL,588.4,598.1,599.4,586.0,True,False,False,False,False,False,0.22354954200985436,35.44498064,0.20278355739809212,False,0.38076282465218947,True,30.59,True,1.0361062186695569,58.0,0.18,0,False,▅▄▇▅▆▅▃▆██▄▅▁▂▄▄▅▄▅▅,False,False,False,0,-0.041147233765175595,-0.15990862364363223,0.009895618489857094,-0.11578277083140331,UP,False,14,29.0,IGNORE,NONE,,NEUTRAL,C,WAIT,CMF positive,Utilities,34.3
XPROINDIA,1160.4,1142.2,1170.0,1121.2,False,False,False,False,False,False,0.28117484463521586,5.05563072,0.2532269937898451,False,0.2599909202580355,True,60.02,True,1.1947250559840759,63.0,0.38,0,False,▇▁▃▇▇▇▅▃▆▆▇▇▇██▇▇▇▇█,False,False,False,0,0.02165874273639745,-0.16095444685466376,0.07270159499143014,-0.11682859404243484,UP,False,14,29.0,IGNORE,NONE,,NEUTRAL,C,WAIT,CMF positive,Process Industries,25.8
ALEMBICLTD,108.44,106.95,112.0,105.34,False,True,True,True,False,True,0.6918507009404116,20.813919379999998,0.6920283155020002,False,-0.06343113475334768,True,39.36,False,0.9845291844366346,9.0,-1.29,0,False,▅▆▁▃▅▄▆▆▆▆▆▄█▅▅▆▆▆▅▅,False,False,False,2,0.09701568032372276,0.19995573752351437,0.14805853257875545,0.24408159033574328,FLAT,True,86,28.0,IGNORE,NONE,,NEUTRAL,C,WAIT,No standout factor,Health Technology,38.7
WAKEFIT,143.85,139.01,145.1,136.7,False,False,True,False,False,False,0.5022588909316957,6.26052462,0.47917674442687375,False,-0.2161363197430658,True,31.5,False,0.7764453591984126,27.0,-0.57,0,True,▄▅▁▄▄▅▃▅▅▅▆▄▅▅▅▃█▁▇▃,False,False,False,6,-0.021561692286763856,0.12735109717868331,0.029481159968268833,0.17147694999091223,FLAT,True,80,28.0,IGNORE,NONE,,NEUTRAL,C,WAIT,No standout factor,Retail Trade,31.2
DALMIASUG,412.2,414.9,419.3,406.25,True,False,False,True,False,False,0.6734467735462526,7.006905359999999,0.6520966118396321,False,-0.2062606362109824,True,42.24,True,1.2382920715887604,45.0,-0.06,0,True,▆▄▂▅▄▂█▆▄▄▅▅▄▆▃▃▄▁▂▆,False,False,False,0,-0.11894838089131143,0.11270076933459316,-0.06790552863627874,0.15682662214682208,FLAT,True,78,28.0,IGNORE,NONE,,NEUTRAL,C,WAIT,No standout factor,Process Industries,25.8
UTLSOLAR,407.7,405.05,420.0,395.05,True,False,False,True,False,False,1.1265268654889642,11.25753471,1.072100472793927,False,-0.132195805969846,True,51.87,True,1.0377216937250546,45.0,-0.05,0,True,▄▃▅▆▆▁▄▃▃▃▇▃▅▅▆▃▆█▄▅,False,False,False,0,-0.07760180995475119,0.08719999999999994,-0.0265589576997185,0.13132585281222886,FLAT,True,74,28.0,IGNORE,NONE,,NEUTRAL,C,WAIT,No standout factor,Electronic Technology,27.1
TASTYBITE,9611.0,9665.0,9665.0,9491.0,True,False,False,True,False,True,0.43295293750114855,1.1321758,0.4169418257971567,False,-0.01833179431190243,True,59.76,True,1.1095638611931153,67.0,0.45,0,True,▅▁▅▄▅▇▃▂▃▃▄▄▃▅█▅▃▅▂▅,False,False,False,2,-0.03368188216368384,0.06328133643102118,0.01736097009134885,0.1074071892432501,FLAT,True,71,28.0,IGNORE,NONE,,NEUTRAL,C,WAIT,No standout factor,Consumer Non-Durables,27.5
LTFOODS,402.8,407.0,413.8,401.2,True,False,False,False,False,True,0.7880203569586365,14.1348562,0.7263441495803385,False,0.026130286385156284,False,49.2,True,1.208548268238762,78.0,0.77,0,True,▃▄▃▄▂▁▄▆▄▄▅▄▅▂▅▇▄▆█▇,False,False,False,2,-0.07826086956521738,0.06000000000000005,-0.027218017310184695,0.10412585281222897,FLAT,True,70,28.0,IGNORE,NONE,,NEUTRAL,C,WAIT,CMF positive,Process Industries,25.8
CRISIL,4464.1,4640.2,4640.2,4437.1,True,False,False,False,False,True,0.7092164172587316,16.31405345,0.677852400275733,False,0.022623126579525067,False,44.51,False,0.78399253172695,8.0,-1.21,0,True,▃▃▄█▃▅▄▄▃▃▆▃▆█▄▂▄▃▁▂,False,False,False,3,-0.07566000621182312,0.03758367422833775,-0.024617153956790427,0.08170952704056667,FLAT,True,67,28.0,IGNORE,NONE,,NEUTRAL,C,WAIT,CMF positive,Technology Services,23.6
MUNJALAU,106.48,105.71,107.9,104.12,True,False,False,True,False,True,0.41188642575006723,1.657137592,0.39756897740551317,False,-0.10662042984249133,True,46.91,True,1.2417608597824072,63.0,0.42,0,True,▂▆▄▆▁▇▇▅██▅▅█▃▆▄▃▅██,False,False,False,0,-0.0777758531093018,0.03148309599922494,-0.026733000854269107,0.07560894881145386,FLAT,True,66,28.0,IGNORE,NONE,,NEUTRAL,C,WAIT,No standout factor,Producer Manufacturing,29.0
DRAGARWQ,5126.0,5219.0,5219.0,5075.0,True,False,False,True,False,True,1.100507008648971,1.1348964,1.0695737828963454,False,-0.14760485358699452,True,76.4,True,1.1557895373816223,81.0,0.94,0,True,▅▅▄▇▃▅▃█▇▇▇▃▃█▇█▇▁▇▇,False,False,False,2,-0.023990860624524046,0.021115537848605648,0.027051991630508643,0.06524139066083456,FLAT,True,64,28.0,IGNORE,NONE,,NEUTRAL,C,WAIT,No standout factor,Health Services,24.1
INDIANB,831.6,829.85,835.8,825.3,False,False,False,False,False,False,1.0188380675235018,84.78968652,0.9822386790628959,True,-0.2378273117177968,True,53.03,True,1.059096083561343,77.0,0.73,0,True,▇▄▂▅▇▇▆▄▅▅▆▁█▆▆▇▃▇▃▆,False,False,False,2,-0.05970149253731338,0.014270032930845389,-0.008658640282280694,0.058395885743074305,FLAT,True,63,28.0,IGNORE,NONE,,NEUTRAL,C,WAIT,No standout factor,Finance,26.4
UNOMINDA,1162.0,1173.3,1179.0,1149.5,True,False,False,False,False,True,0.9197401063999031,63.3157532,0.8649276248532883,False,-0.09882388931575511,True,57.21,True,1.0646890237093833,69.0,0.56,0,True,▄▇▅▆▅▆▆▇▄▄▃▅█▂▂█▁▄▇▆,False,False,False,2,-0.08819836785938484,0.012724420428795513,-0.03715551560435215,0.05685027324102443,FLAT,True,63,28.0,IGNORE,NONE,,NEUTRAL,C,WAIT,No standout factor,Producer Manufacturing,29.0
THOMASCOOK,103.92,102.0,105.45,101.01,False,False,False,False,False,False,1.0649070439966055,7.788471456,1.0279465703037383,True,-0.004446307165965452,True,56.05,True,1.2638105975197294,77.0,0.7,0,True,▂▁▃▁▂▄▃▃▃▃▆▆█▇▃▅▆▅██,False,False,False,0,-0.016933118910225975,-0.008018327605956554,0.034109733344806714,0.03610752520627236,FLAT,True,58,28.0,IGNORE,NONE,,NEUTRAL,C,WAIT,No standout factor,Consumer Services,24.4
NIRLON,607.0,605.1,609.0,591.05,True,False,False,True,False,True,0.8528665719332262,0.3898154,0.8260869328883345,False,-0.23692528188513207,True,77.44,True,1.0490382010295312,53.0,0.16,0,True,▄▆▁▆▆▇█▇▄▄▆▂▃▄▃▅█▆▅▆,False,False,False,2,-0.06276538253686403,-0.020967741935483897,-0.011722530281831345,0.02315811087674502,FLAT,True,54,28.0,IGNORE,NONE,,NEUTRAL,C,WAIT,No standout factor,Finance,26.4
ARIHANT,888.9,913.95,914.05,870.0,True,False,False,True,False,False,0.4845457930822983,0.09831234,0.4796519024907432,False,-0.010463228058022899,True,75.86,True,1.1460772612590835,84.0,1.0,0,True,▆▅▃▃▃▅▅▄██▄▇▁▂▂▃▆▆▃▆,False,False,False,0,-0.012333333333333307,-0.02836530578783414,0.03870951892169938,0.015760547024394778,UP,True,52,28.0,IGNORE,NONE,,NEUTRAL,C,WAIT,No standout factor,Finance,26.4
RHIM,393.2,386.6,399.6,379.35,False,True,True,False,True,False,0.6952614665157121,28.1065258,0.7176701576321799,False,-0.332867802811285,True,39.4,False,0.8472025115038919,25.0,-0.43,0,False,▅█▆▇▆▇▄▆▅▅▆▆▆▆▁▂▆▄▅▄,False,False,False,0,0.06789788158609444,-0.04050756466569061,0.11894073384112713,0.0036182881465383065,UP,True,49,28.0,IGNORE,NONE,,NEUTRAL,C,WAIT,No standout factor,Producer Manufacturing,29.0
DEEDEV,653.5,653.9,663.9,645.8,True,False,True,True,False,True,0.5237231231856895,8.34499895,0.5198331792108875,False,0.04324039697637253,False,45.27,False,0.8130972052589985,49.0,0.1,0,False,▃▃▃▁▂▂▂▃▄▄▃▃█▂▃▃▄▃▂▁,False,False,False,1,0.05437237818651175,-0.03911189530951331,0.10541523044154444,0.005013957502715605,UP,True,49,28.0,IGNORE,NONE,,NEUTRAL,C,WAIT,CMF positive,Producer Manufacturing,29.0
KFINTECH,838.2,880.2,889.45,838.2,True,False,False,False,False,False,2.905220182670717,122.17988772000001,2.6761721295869147,False,-0.21813975687610948,False,43.59,True,1.051552360504668,60.0,0.28,0,True,▃▄▃▁▂▂▄▃▅▅▂▄█▅▅▅▅▅▇▅,False,False,False,0,-0.1059199999999999,-0.05698374303875797,-0.054877147744967214,-0.012857890226529056,FLAT,False,45,28.0,IGNORE,DISTRIBUTION,,NEUTRAL,C,WAIT,No standout factor,Technology Services,23.6
AKCAPIT,1720.0,1746.5,1772.0,1706.0,True,False,False,True,False,True,0.6372958936666521,0.124528,0.6332047537879435,False,0.23156002967762976,False,72.39,False,0.8638630993579799,18.0,-0.92,0,True,▁▅▃▅▆▇▆▄██▃▄▅██▅▃▇▇▃,False,False,False,0,-0.01781635449977159,-0.05753424657534245,0.0332264977552611,-0.013408393763113535,UP,False,44,28.0,IGNORE,NONE,,NEUTRAL,C,WAIT,CMF positive,Finance,26.4
GVT&D,4282.4,4292.0,4327.6,4250.0,True,False,False,True,False,False,0.35628564771877,136.21415095999998,0.3411710149282516,False,0.015103289464215955,True,55.46,True,1.152834797069064,56.0,0.14,0,False,▅▇▅▆▅▁▃▄▄▄▅▄▇▅▃█▅▅▆▆,False,False,False,0,-0.028449566677254068,-0.06581444558364802,0.02259328557777862,-0.021688592771419102,UP,False,41,28.0,IGNORE,NONE,,NEUTRAL,C,WAIT,CMF positive,Producer Manufacturing,29.0
LTTS,3081.6,3211.6,3227.3,3051.8,True,False,False,False,False,False,2.5278540260752664,35.374302719999996,2.3168426135266222,False,-0.24535962672274939,False,48.1,True,1.027119367926543,59.0,0.21,0,True,▁▁▁▄▃▂▄▂▂▂▅▃█▅▂▃▂▂▄▄,False,False,False,0,-0.141089246892246,-0.0679893539801597,-0.09004639463721331,-0.02386350116793079,FLAT,False,40,28.0,IGNORE,DISTRIBUTION,,NEUTRAL,C,WAIT,No standout factor,Commercial Services,27.2
NUVOCO,330.2,327.0,337.0,321.5,False,False,False,False,False,False,1.0993841782562437,14.572617540000001,1.081718802248288,True,0.22021918014827968,False,44.16,False,0.8903674580371993,30.0,-0.32,0,True,▃▃▁▂█▃▅▄▃▃▃▅▂▃▄▃▄▄▄▃,False,False,False,0,0.02276599039801752,-0.0868362831858408,0.07380884265305021,-0.042710430373611885,UP,False,34,28.0,IGNORE,NONE,,NEUTRAL,C,WAIT,CMF positive,Non-Energy Minerals,34.0
MASFIN,281.4,279.0,287.0,273.15,False,False,False,False,False,False,1.0620160437866217,6.3075528599999995,1.03058693378553,True,0.03851805608773943,True,57.93,False,0.8669105928303666,57.0,0.11,0,True,▂▂█▃▅▆▂▃▅▅▁█▄▂▂▆▂▂▆▂,False,False,False,0,-0.07586206896551728,-0.12322791712104697,-0.024819216710484593,-0.07910206430881805,UP,False,23,28.0,IGNORE,NONE,,NEUTRAL,C,WAIT,CMF positive,Finance,26.4
NLCINDIA,255.75,256.85,260.8,251.2,True,False,False,False,False,False,1.7520196920252125,65.08924455,1.6757435759999646,False,-0.23529556074275454,False,40.51,False,0.8096332567202958,31.0,-0.51,0,False,▂▁▄▅▂▆▁▃▆▆█▄▇▆▇▄▆▂▄▂,False,True,False,0,-0.06762668611009848,-0.13349144502795185,-0.016583833855065788,-0.08936559221572293,UP,False,20,28.0,IGNORE,DISTRIBUTION,,NEUTRAL,C,WAIT,No standout factor,Utilities,34.3
POLICYBZR,1081.0,1162.1,1162.3,1077.0,True,False,False,False,False,False,3.769283071800209,2090.6217862,3.0909640841737973,False,-0.5102546147115017,False,55.3,True,1.0759382843356615,54.0,0.1,0,False,▁▇▇▄▅▇█▆▅▅▃▄▆▆▇▆▇▃▂▆,False,False,False,3,-0.4090312705007654,-0.30816,-0.3579884182457327,-0.2640341471877711,FLAT,False,2,28.0,IGNORE,DISTRIBUTION,,NEUTRAL,C,WAIT,No standout factor,Technology Services,23.6
RKFORGE,714.65,703.0,723.45,700.0,False,True,True,True,False,True,1.455311772321459,60.25428545,1.4555476868105535,True,-0.07985500026175084,False,41.5,False,0.8687733548258789,15.0,-0.89,0,False,▂▄▂▅▂▄▄▂▅▅▃▃█▇▁▃▄▄▄▂,False,False,False,0,-0.05168524416135889,0.24006593787957664,-0.0006423919063262007,0.28419179069180556,FLAT,True,89,27.0,IGNORE,NONE,,NEUTRAL,C,WAIT,No standout factor,Producer Manufacturing,29.0
TIL,232.5,232.3,237.15,227.05,False,False,True,False,False,False,0.19242702993719493,12.5384925,0.17440533300921804,False,0.37509899246836775,False,36.92,False,0.8683279043240001,9.0,-1.5,0,False,▅▇▇▇▅▇▇█▇█▃▁▂▂▃▄▄▄▆▄,False,False,False,5,0.0817475457125576,0.25533178554073754,0.1327903979675903,0.29945763835296646,FLAT,True,89,27.0,IGNORE,NONE,,NEUTRAL,C,WAIT,CMF positive,Producer Manufacturing,29.0
ASIANHOTNR,361.35,373.5,373.5,356.0,True,False,True,True,False,True,0.221141052564082,0.29908939500000004,0.20786091866517392,False,-0.08226969033050664,False,52.13,True,1.0179453633008535,63.0,0.23,0,False,▁▄▄▄▅▃▄▄▄▄▄▅█▄▅▇▅▆▅▄,False,False,False,6,-0.0212621885157096,0.226786623663215,0.029780663739323088,0.2709124764754439,FLAT,True,88,27.0,IGNORE,NONE,,NEUTRAL,C,WAIT,No standout factor,Consumer Services,24.4
NILKAMAL,1898.9,1930.9,1969.9,1891.0,True,False,True,True,False,True,0.9741481900357014,4.38342076,0.9307319060521904,False,-0.007553826912598209,False,38.71,False,0.8616391399189779,10.0,-1.39,0,True,▁▁▂▄▁▂▃▃▅▅▂▂▃▁▆▄█▇▅▂,False,False,False,3,-0.06642084562438544,0.21958895311496462,-0.01537799336935275,0.26371480592719354,FLAT,True,87,27.0,IGNORE,NONE,,NEUTRAL,C,WAIT,No standout factor,Consumer Durables,23.7
UNIPARTS,843.55,837.1,847.5,829.55,False,False,True,True,False,True,0.317886110454455,4.0155510649999995,0.3063403759077091,False,-0.041974156037411475,False,52.57,True,1.2019571529826005,58.0,0.31,0,False,▅▆▄▄▇▃▁▃▃▃▅▇▅▅▆█▆▆▇▇,False,False,False,7,-0.06391832658269991,0.22191641920764815,-0.012875474327667225,0.26604227201987707,FLAT,True,87,27.0,IGNORE,NONE,,NEUTRAL,C,WAIT,No standout factor,Producer Manufacturing,29.0
VRLLOG,282.4,285.5,288.4,281.5,True,False,True,True,False,True,1.4076151293939054,4.697695759999999,1.3609590399591753,False,-0.10883898646591525,False,65.11,True,1.0524018878903472,81.0,0.77,0,True,▅▄▅█▅▅▅▇▇▇▄▅▅▃▁▅▅▆▆▆,False,False,False,0,-0.058195764548941264,0.15927750410509023,-0.007152912293908575,0.20340335691731914,FLAT,True,83,27.0,IGNORE,NONE,,NEUTRAL,C,WAIT,No standout factor,Transportation,30.4
63MOONS,810.8,818.8,827.4,803.95,True,False,False,True,False,True,0.3743344999795227,15.822275519999998,0.35085294162603664,False,-0.03709415324211452,False,40.71,True,1.0560859188544152,31.0,-0.44,0,True,█▆▄▅▆▆▆▃▁▁▄▄▅▅▁▄▄█▇▅,False,False,False,0,0.04545161498291539,0.10327935773574626,0.09649446723794808,0.14740521054797517,FLAT,True,77,27.0,IGNORE,NONE,,NEUTRAL,C,WAIT,No standout factor,Technology Services,23.6
THEJO,2110.3,2158.2,2169.9,2086.2,True,False,True,True,False,True,1.3524430330380521,2.0491013,1.3182483635218036,False,-0.07721171693774077,False,65.2,True,1.0590604898966929,53.0,0.02,0,False,▅▄▄▇▆▄▄▅▁▁▂▂▄▆▇▃▄▄█▅,False,False,False,4,0.016816035463043333,0.09217472311354946,0.06785888771807602,0.13630057592577838,FLAT,True,75,27.0,IGNORE,NONE,,NEUTRAL,C,WAIT,No standout factor,Distribution Services,33.3
SIEMENS,3863.0,3841.1,3881.6,3828.1,False,False,False,True,False,True,0.2763067792940803,30.5431958,0.2707868742975184,False,-0.027950512382328305,False,50.84,True,1.155362641608054,78.0,0.87,0,True,▆▆▃▆▆▇▇█▁▁▁▇█▅▅▄▆▂▇▇,False,False,False,1,-0.056654456654456675,0.056157042869641405,-0.005611604399423986,0.10028289568187032,FLAT,True,70,27.0,IGNORE,NONE,,NEUTRAL,C,WAIT,No standout factor,Producer Manufacturing,29.0
NEPHROPLUS,662.4,679.95,679.95,660.0,True,False,False,True,False,True,0.8468312846125511,39.691736639999995,0.7867168883790316,False,-0.03472220310133231,False,61.41,True,1.1848807594350543,86.0,0.87,0,False,▁▃▇▃▄▂▄▅▂▂▄▄▄▄▅▄▆█▅▆,False,False,False,5,-0.02659808963997068,0.05059476605868363,0.02444476261506201,0.09472061887091254,FLAT,True,69,27.0,IGNORE,SEED,,NEUTRAL,C,WAIT,No standout factor,Health Services,24.1
UNITDSPR,1422.2,1434.0,1442.0,1421.2,True,False,False,True,False,True,0.3640506657295136,30.474474940000004,0.35735595567604134,False,-0.024260312955109747,False,79.25,True,1.3165654669446543,100.0,2.35,0,False,▄▅▅▄▄▅▃▆▄▄▃▅█▅▄▁▃▅▅▇,False,False,False,0,-0.07559311017224568,0.03553225571574181,-0.024550257917212992,0.07965810852797073,FLAT,True,67,27.0,IGNORE,SEED,,NEUTRAL,C,WAIT,Delivery P100,Consumer Non-Durables,27.5
JSWSTEEL,1270.7,1279.0,1288.6,1266.3,True,False,False,True,False,True,0.7121668750439101,128.35645668,0.69968159769333,False,-0.12306576686617596,False,68.11,True,1.2372051624388074,97.0,1.89,0,False,▁█▄▅▃▅▅▆▅▅▇▆█▅▅▃▅▆▅█,False,False,False,2,-0.04994392523364477,0.04070434070434081,0.0010989270213879188,0.08483019351656973,FLAT,True,67,27.0,IGNORE,SEED,,NEUTRAL,C,WAIT,Delivery P97,Non-Energy Minerals,34.0
JKPAPER,391.35,398.2,403.9,388.35,True,False,False,True,False,True,0.4013322632538582,9.879943830000002,0.37922808280660697,False,-0.10706640593867615,False,52.34,True,1.198850166634218,76.0,0.67,0,False,▇▇█▄▁▄▇▅▇▇▄▂▇▆▇▆█▇▇█,False,False,False,9,-0.02418651041017328,0.04096289400186204,0.02685634184485941,0.08508874681409095,FLAT,True,67,27.0,IGNORE,NONE,,NEUTRAL,C,WAIT,No standout factor,Process Industries,25.8
OIL,459.45,466.5,467.8,459.4,True,False,False,True,False,True,0.9886953239754432,98.119912275,0.932819492892669,False,-0.20416581415572677,False,51.24,True,1.1403391641073575,70.0,0.64,0,False,▄▄▃▇█▆▄▂▃▃▇▄█▇▃▆▁▂▇▆,False,False,False,4,-0.06234693877551023,0.03212400314500741,-0.011304086520477541,0.07624985595723632,FLAT,True,66,27.0,IGNORE,NONE,,NEUTRAL,C,WAIT,No standout factor,Energy Minerals,25.5
KOVAI,6013.5,6079.5,6079.5,5974.0,True,False,True,True,False,True,0.7759842062478226,2.00911035,0.7606342216941709,False,-0.05286138691847492,False,69.53,True,1.1749100187566537,74.0,0.69,0,False,▅▇▆▄▅▇▅▃▅▅▅▂▇▁▄▃▄▄▅█,False,False,False,5,-0.00372763419483102,0.013141268637856918,0.04731521806020167,0.057267121450085834,FLAT,True,63,27.0,IGNORE,NONE,,NEUTRAL,C,WAIT,No standout factor,Health Services,24.1
KALPATARU,278.8,275.8,292.0,268.25,False,True,False,False,False,False,1.9169235830684574,3.021495,1.958366982154152,True,-0.18832628181119335,False,27.06,False,0.5877753160432686,6.0,-1.7,0,False,▆▄▄█▆█▆▅▆▆▅▄█▆▅▁▂▃▃▂,False,False,False,0,0.002517080186983156,0.008865569024787412,0.053559932442015845,0.05299142183701633,UP,True,62,27.0,IGNORE,NONE,,NEUTRAL,C,WAIT,No standout factor,Finance,26.4
PNBHOUSING,1098.2,1078.5,1123.5,1073.4,False,False,False,True,False,True,0.9713156347570658,99.63507356000001,0.9390529377140184,False,-0.12459266353568842,False,41.84,False,0.8281458755999802,22.0,-0.69,0,True,▁▅█▄▆▅▆▆▅▅▆▅█▆▄▇▃▄▆▄,False,False,False,4,-0.04670138888888886,0.003839122486288815,0.004341463366143827,0.04796497529851773,FLAT,True,61,27.0,IGNORE,NONE,,NEUTRAL,C,WAIT,No standout factor,Finance,26.4
EICHERMOT,7355.0,7340.5,7381.0,7305.0,False,False,False,True,False,True,0.45261714073161374,143.1952305,0.4322829779395953,False,-0.10414202653276038,False,68.04,True,1.1320943079150099,95.0,1.51,0,False,▁▃▅█▆█▅▄▆▆▆▆█▅▇▆▅▅▇▇,False,False,False,1,-0.09197530864197534,-0.008559681876390113,-0.04093245638694265,0.0355661709358388,FLAT,True,58,27.0,IGNORE,SEED,,NEUTRAL,C,WAIT,Delivery P95,Consumer Durables,23.7
METROPOLIS,562.3,572.85,580.85,560.2,True,False,False,True,False,True,1.2660848543257996,14.00559971,1.2116330426570645,False,-0.03790224537677644,False,60.61,True,1.1643342202072788,74.0,0.56,0,False,▁▂▃▄▄█▃▄▄▄▅▃▃▄▄▅▄▄▄▅,False,False,False,6,-0.03426363246028341,-0.011427566807313605,0.01677921979474928,0.03269828600491531,FLAT,True,57,27.0,IGNORE,NONE,,NEUTRAL,C,WAIT,No standout factor,Health Services,24.1
EXCELINDUS,924.8,942.8,942.8,917.1,True,False,False,False,False,False,2.731639807390971,2.20869984,2.5941716089087605,False,-0.19258458099936046,False,79.88,True,1.4913279689337788,97.0,1.74,0,False,▇▅▇▅▇▆▇▅▆▆▂▁▄▆▃▁▃▆▄█,False,False,False,0,-0.08931560807484007,-0.014230133773916798,-0.03827275581980738,0.02989571903831212,FLAT,True,56,27.0,IGNORE,DISTRIBUTION,,NEUTRAL,C,WAIT,Delivery P97,Process Industries,25.8
PIDILITIND,1511.7,1525.0,1530.0,1495.7,True,False,False,False,False,True,0.7302269518818941,73.81540398000001,0.6886611285392342,False,0.07528851698304413,False,63.73,True,1.0618923444776767,70.0,0.53,0,False,▅▆▆▆▄▄▅▅▅▅▆█▆▅▅▅▄▁▄▆,False,False,False,1,-0.08713768115942022,-0.030713003334188138,-0.03609482890438753,0.013412849478040778,FLAT,True,51,27.0,IGNORE,NONE,,NEUTRAL,C,WAIT,CMF positive,Process Industries,25.8
IOC,135.86,136.5,137.06,135.33,True,False,False,False,False,False,0.9961459408900027,104.083989906,0.9932606473511112,False,0.12927817525233645,False,54.73,False,0.9789646907308698,60.0,0.39,0,True,▄▃▄▆▄▂▁▄▁▁▄▆█▅▁▇▆▂▃▄,False,False,False,0,-0.012430035618230528,-0.041889985895627646,0.03861281663680216,0.00223586691660127,UP,True,49,27.0,IGNORE,NONE,,NEUTRAL,C,WAIT,CMF positive,Energy Minerals,25.5
POONAWALLA,443.0,446.0,450.05,437.4,True,False,False,False,False,False,0.8461036354393275,45.0714845,0.8070999838395921,False,0.12203516422896571,False,49.25,False,0.926012973582777,59.0,0.25,0,True,▇▃▆▇▇▆▆▆██▃▅▁▄█▇▆█▆▅,False,False,False,0,-0.038941316845644836,-0.04360967184801379,0.012101535409387854,0.0005161809642151294,UP,True,48,27.0,IGNORE,NONE,,NEUTRAL,C,WAIT,CMF positive,Finance,26.4
AJMERA,120.16,118.74,121.0,114.61,False,True,True,False,False,False,0.7584984761573301,2.854436848,0.7770592848397777,False,0.14418074224179592,True,43.41,False,0.9056580155219893,31.0,-0.36,0,False,▅▅▄▅▃▆▅▁▅▅▂▃▆▃▃▄▄▄█▃,False,False,False,0,0.038817325149131054,-0.044605231772282705,0.08986017740416374,-0.000479378960053789,UP,False,48,27.0,IGNORE,NONE,,NEUTRAL,C,WAIT,CMF positive,Finance,26.4
ULTRACEMCO,11156.0,11100.0,11184.0,11027.0,False,True,False,False,False,True,0.6962287532238541,210.2537852,0.6974410980333143,False,-0.2030967417146505,True,58.61,False,0.9495188413310437,38.0,-0.22,0,True,▂▅▁▄▆▃█▄▆▆▂▁▇▄▄▇▁▂▄▃,False,False,False,0,-0.04787914995305964,-0.05224704782941125,0.003163702301973048,-0.008121195017182337,UP,False,46,27.0,IGNORE,NONE,,NEUTRAL,C,WAIT,No standout factor,Non-Energy Minerals,34.0
ETHOSLTD,2489.8,2502.0,2516.8,2410.4,True,False,False,False,False,False,3.498389688967321,34.55045664,3.2602621087805796,False,-0.17790747057455258,True,45.18,False,0.8732206534659206,32.0,-0.41,0,True,▃▄▅█▅▄▄▆▆▆▅▅▅▆▆▁▆▅▆▄,False,False,False,0,-0.13530596652080296,-0.05417109861723135,-0.08426311426577027,-0.010045245805002434,FLAT,False,45,27.0,IGNORE,NONE,,NEUTRAL,C,WAIT,No standout factor,Retail Trade,31.2
IGIL,324.3,321.55,326.8,317.7,False,False,False,False,False,True,1.124847804905539,19.67810241,1.124631546873431,True,-0.052344543922806866,True,59.49,True,1.1076252804438693,81.0,0.8,0,False,▄▇▄▆▅▄▅▁▁▁▅█▂▅▄▅▃▆▃▆,False,False,False,0,-0.04547461368653416,-0.06108859293572655,0.005568238568498529,-0.016962740123497633,UP,False,43,27.0,IGNORE,NONE,,NEUTRAL,C,WAIT,No standout factor,Commercial Services,27.2
TRANSRAILL,451.65,451.95,459.0,437.3,False,True,False,False,False,False,0.36313939719195604,34.60713927,0.34772263786781543,False,0.4277728638728652,True,35.24,False,0.8238842260304398,18.0,-0.84,0,False,▇██▇▆▇▇█▇▇▅▆█▇▁▁▅▄▆▅,False,False,False,0,0.041988695351251604,-0.08285105086810851,0.09303154760628429,-0.038725198055879595,UP,False,36,27.0,IGNORE,NONE,,NEUTRAL,C,WAIT,CMF positive,Industrial Services,35.2
BRIGHOTEL,56.14,55.4,56.98,55.21,False,False,False,False,False,False,1.3235740540078949,0.713516944,1.3050423823661481,True,-0.37268068975273805,True,50.46,False,0.7587228316029262,17.0,-1.05,0,True,▅▅▃▁▆▄█▃▇▇█▅▅▄▅▇▅▇▃▁,False,True,False,0,-0.03737997256515779,-0.10017631030613883,0.013662879689874896,-0.05605045749390991,UP,False,30,27.0,IGNORE,NONE,,NEUTRAL,C,WAIT,No standout factor,Consumer Services,24.4
HESTERBIO,2165.0,2156.6,2192.9,2125.2,False,False,False,True,False,True,0.41229265657421393,0.727007,0.3821768629299649,False,0.09132295643994146,True,34.84,False,0.6991491411141436,7.0,-1.45,0,False,▇▆▅▁▃▅▅▅▅▅▆▄█▆▇▅▆▅▇▄,False,False,False,0,-0.016132697114292216,-0.11632653061224485,0.03491015514074047,-0.07220067780001593,UP,False,25,27.0,IGNORE,NONE,,NEUTRAL,C,WAIT,CMF positive,Health Technology,38.7
JAINREC,287.65,282.0,294.45,277.1,False,True,False,False,False,False,0.8752497401231067,49.270130249999994,0.8694265925322331,False,0.10637549458833806,True,28.64,False,0.8189994137748611,22.0,-0.7,0,False,▅▆▅▇▆▆▆▇██▆█▇▇▁▃███▅,False,False,False,0,0.02475952974706086,-0.12301829268292686,0.07580238200209355,-0.07889243987069794,UP,False,23,27.0,IGNORE,NONE,,NEUTRAL,C,WAIT,CMF positive,Non-Energy Minerals,34.0
GREENLAM,214.3,218.8,218.8,210.95,True,False,False,False,False,False,1.5252303680603274,1.48411322,1.4083990454365316,False,-0.2679453048992693,True,63.07,True,1.0232905272209558,81.0,0.74,0,True,▄▆▄▅▆▇▆▆██▆▁▃▇▅▄▇▇▅▆,False,False,False,0,-0.11668933679568028,-0.13710489228910805,-0.06564648454064759,-0.09297903947687913,UP,False,20,27.0,IGNORE,NONE,,NEUTRAL,C,WAIT,No standout factor,Non-Energy Minerals,34.0
HINDPETRO,349.2,340.7,349.35,337.2,False,False,False,False,False,False,1.1086940743750868,142.13211732,1.0938946696590734,True,0.1707041602821428,True,49.62,False,0.9048882566950242,49.0,-0.04,0,False,▂▆▄▇▃▃▆▅▁▁▅▇█▃▃▂▅▇▄▃,False,False,False,0,-0.03828146516111275,-0.1419093254699595,0.01276138709391994,-0.09778347265773057,UP,False,19,27.0,IGNORE,NONE,,NEUTRAL,C,WAIT,CMF positive,Energy Minerals,25.5
PFIZER,3912.9,3966.1,3988.0,3888.6,True,False,False,False,False,False,3.3638419441162997,68.24528019,3.1624443985376107,False,-0.5997440450604586,True,64.5,True,1.1290731972026993,83.0,0.89,0,False,▅▅▅█▄▂▁█▇▇▁▃▁▃▄▂▃▃▃▅,False,False,False,0,-0.16138365588632408,-0.1481287962902489,-0.1103408036312914,-0.10400294347801997,FLAT,False,17,27.0,IGNORE,NONE,,NEUTRAL,C,WAIT,No standout factor,Health Technology,38.7
GVPIL,683.95,656.95,683.95,645.05,False,True,False,True,False,False,0.8539656739111529,9.737874915,0.8905397722741494,False,-0.032283615602624,True,57.05,True,1.1959666261372688,89.0,1.01,0,False,▅▄█▄▃▁▂▂▂▂▃▃▆▂▃▂▄▃▆▆,False,False,False,0,0.09862661633603742,-0.1569702945889312,0.1496694685910701,-0.11284444177670228,UP,False,15,27.0,IGNORE,SEED,,NEUTRAL,C,WAIT,No standout factor,Industrial Services,35.2
CNL,1097.7,1067.2,1125.9,1049.0,False,False,True,True,False,True,0.7262156920131155,1.6070328,0.6998921073444635,False,-0.30318200482314145,True,37.55,False,0.7168766704849179,9.0,-1.25,0,True,▃▅▇█▆▄▆▆▃▃▃▂▄▄▆▆▅▄▄▁,False,False,False,0,-0.11866720192693692,0.15699604743083007,-0.06762434967190423,0.20112190024305898,FLAT,True,83,26.0,IGNORE,NONE,,NEUTRAL,C,WAIT,No standout factor,Distribution Services,33.3
ANDHRSUGAR,94.4,95.13,96.83,92.7,True,False,True,True,False,True,0.5647052933298287,2.0230014400000003,0.5483706193461994,False,-0.02326964988001241,True,30.08,False,0.701247231612076,6.0,-1.57,0,True,▅▃▂▆▄▁▅█▆▆▅▆▄█▁▄▇▁▅▁,False,False,False,1,-0.02166027567623574,0.12260673088357721,0.02938257657879695,0.16673258369580612,FLAT,True,79,26.0,IGNORE,NONE,,NEUTRAL,C,WAIT,No standout factor,Process Industries,25.8
PARAS,1325.0,1315.0,1336.9,1288.1,False,False,False,True,False,True,0.7589376257912089,92.667055,0.712112738079529,False,-0.08127337221529511,True,27.15,True,1.0331639933786176,44.0,-0.26,0,False,▇▂▂▂▇▂▅▃██▃▁▃▅▅▂▅▄▃▅,False,False,False,0,-0.03992464314180122,0.08375592998527726,0.01111820911323147,0.12788178279750617,FLAT,True,74,26.0,IGNORE,NONE,,NEUTRAL,C,WAIT,No standout factor,Electronic Technology,27.1
CONCORDBIO,1410.7,1393.0,1435.6,1393.0,False,False,False,True,False,True,0.9595744027417128,21.597817,0.9045641303047909,False,0.020077516286052432,False,37.46,False,0.7949662043865328,19.0,-0.74,0,True,▄▅▅▅▃█▆▆▄▄▄▆▃▁▄▄▄▄▆▃,False,False,False,1,-0.049585663275618086,0.061315076737887386,0.0014571889794146031,0.1054409295501163,FLAT,True,71,26.0,IGNORE,NONE,,NEUTRAL,C,WAIT,CMF positive,Commercial Services,27.2
TECHM,1550.5,1540.0,1554.7,1526.6,False,False,False,True,False,True,0.48735420626380016,141.6077852,0.478994643051218,False,-0.006084333944763027,True,65.32,True,1.1966328671008397,88.0,1.26,0,False,█▅▇▆▇▆▄▁▃▃▅█▇▅▆▆▆▆▇█,False,False,False,0,-0.021766561514195537,0.02661722836522551,0.029276290740837152,0.07074308117745443,FLAT,True,65,26.0,IGNORE,SEED,,NEUTRAL,C,WAIT,No standout factor,Technology Services,23.6
KPIL,1365.1,1378.0,1390.0,1345.1,True,False,False,True,False,True,1.2486119737105392,25.42703515,1.2080042974999192,False,-0.1724693511418534,True,47.99,False,0.9928828567881823,25.0,-0.56,0,False,▂▄▄▄▅▄▄▅▄▄▄▅▆█▆▄▃▁▂▄,False,False,False,6,-0.03074410678784445,0.01744056048296927,0.02029874546718824,0.061566413295198186,FLAT,True,64,26.0,IGNORE,NONE,,NEUTRAL,C,WAIT,No standout factor,Industrial Services,35.2
TATASTEEL,187.79,188.57,190.34,187.01,True,True,True,False,False,False,0.529823095509745,293.281802439,0.5354995041706788,False,-0.013889255285368052,True,50.77,True,1.0601820915469429,69.0,0.47,0,False,▂▆▁▄▂▆▄▆▅▅▄▅█▂▃▄▃▄▁▅,False,False,False,1,0.005299785867237672,0.01239959027440829,0.05634263812227036,0.056525443086637206,FLAT,True,63,26.0,IGNORE,NONE,,NEUTRAL,C,WAIT,No standout factor,Non-Energy Minerals,34.0
JINDRILL,599.95,620.9,620.9,596.4,True,False,False,True,False,True,0.48707131235612433,23.338654950000002,0.46254459753758287,False,0.009751623430115862,False,22.02,False,0.7577295641850621,27.0,-0.8,0,False,▆▄▆▇▆▇▅▅▄▄▆█▅█▇▆▆▅▁▄,False,False,False,6,-0.025501502477056626,0.010867733782645495,0.025541349777976063,0.05499358659487441,FLAT,True,62,26.0,IGNORE,NONE,,NEUTRAL,C,WAIT,CMF positive,Industrial Services,35.2
GOKULAGRO,215.23,216.16,217.98,212.32,True,False,False,True,False,True,0.8573292583305051,6.12480011,0.8120001685311834,False,-0.3328815268186253,True,33.51,False,0.7078430958365898,38.0,-0.33,0,True,▅▇▆▆▆▅██▇▇▅▆▆▃▇▄▁▅▆▃,False,False,False,0,-0.09024431481951145,0.00158220484899263,-0.03920146256447876,0.045708057661221546,FLAT,True,61,26.0,IGNORE,NONE,,NEUTRAL,C,WAIT,No standout factor,Process Industries,25.8
EPL,233.05,236.35,236.35,231.1,True,False,False,True,False,True,0.0675098456646599,15.264938135,0.06535095605362,False,-0.15170961457786872,True,41.25,False,0.770034908249174,8.0,-1.46,0,True,█▁▄▄▆▅▇▄▆▆▄▇▇▇▇▄▅▆▇▃,False,False,False,0,-0.03037237362180145,-0.018530216887765794,0.020670478633231237,0.025595635924463123,FLAT,True,55,26.0,IGNORE,NONE,,NEUTRAL,C,WAIT,No standout factor,Process Industries,25.8
NORTHARC,290.75,291.15,295.15,287.05,True,False,False,True,False,True,1.0114691931001827,36.09085565,0.962684352859229,False,0.02644477729397518,True,47.85,False,0.9622152064187899,20.0,-0.66,0,False,▄▄▄▄▅▃▅▃▇▇▃▁▄▆▅▅▄▇█▃,False,False,False,0,-0.029215358931552582,-0.04905968928863447,0.021827493323480107,-0.004933836476405551,UP,False,47,26.0,IGNORE,NONE,,NEUTRAL,C,WAIT,CMF positive,Finance,26.4
SIGNATURE,754.45,775.95,775.95,751.0,True,False,False,False,False,False,0.938470265411796,22.485854135000004,0.9134740311640175,False,-0.29097817846196256,False,15.31,True,1.7783714717156465,67.0,0.03,1,True,▁▂▇▅▃▄▂▄▄▄▃▃▇▄▄▁▃█▄█,False,False,False,0,-0.02927174472465255,-0.05699643772264218,0.02177110753038014,-0.012870584910413263,UP,False,45,26.0,IGNORE,NONE,DEL15% ▁▂▇▅▃▄▂▄▄▄▃▃▇▄▄▁▃█▄█ P67 Z+0.0,NEUTRAL,C,WAIT,No standout factor,Finance,26.4
CHAMBLFERT,413.55,417.0,417.8,411.7,True,False,False,False,False,False,1.3855392652596912,27.522041985,1.37652069539083,False,-0.0283021374109195,False,72.43,True,1.2491269218498047,100.0,2.53,0,True,▄▅▁▅▅▁▅▂▆▆▄▁▄▄▆▅▂▄▃█,False,False,False,0,0.0030317729808391203,-0.05850882185543538,0.05407462523587181,-0.014382969043206462,UP,False,44,26.0,IGNORE,SEED,,NEUTRAL,C,WAIT,Delivery P100,Process Industries,25.8
SPAL,935.8,950.0,953.8,930.6,True,False,False,True,False,False,0.3988022934381077,1.8664531,0.36582493647134523,False,0.0008451886570002019,True,49.76,True,1.052954557477649,50.0,0.11,0,True,▂▃▁▃▄▅▅▁██▃▃▂▆▄▅▄▆▄▄,False,False,False,0,-0.08371683148927833,-0.06270032051282048,-0.03267397923424564,-0.018574467700591568,FLAT,False,42,26.0,IGNORE,NONE,,NEUTRAL,C,WAIT,CMF positive,Consumer Non-Durables,27.5
SHILCTECH,4032.7,4061.0,4143.9,4003.0,True,False,False,False,False,False,2.8639300838521367,17.11356899,2.825854415605858,False,-0.06508438799532604,False,47.16,False,0.8571973862386739,42.0,-0.17,0,True,▃▃▇▅▃▄▅▄▄▄▁▄▅██▁▃▄▆▂,False,False,False,0,0.010195390781563063,-0.08222576240327728,0.06123824303659575,-0.038099909591048364,UP,False,37,26.0,IGNORE,DISTRIBUTION,,NEUTRAL,C,WAIT,No standout factor,Producer Manufacturing,29.0
IREDA,111.0,114.82,116.54,111.0,True,False,False,False,False,False,1.9989138993396045,96.2552928,1.9692506283648097,False,-0.11702527934863184,False,21.18,False,0.585042469442718,4.0,-1.73,0,True,▄▅▄▅▅▆▄▃▄▄▅▅█▆▅▅▄▂▁▂,False,False,False,0,-0.028021015761821366,-0.0837804374742056,0.023021836493211323,-0.03965458466197669,UP,False,36,26.0,IGNORE,DISTRIBUTION,,NEUTRAL,C,WAIT,No standout factor,Finance,26.4
AVL,585.8,597.5,597.5,584.0,True,False,False,True,False,True,0.4440113212683853,5.34068002,0.42419387118945423,False,0.08846607396481322,False,46.41,False,0.8397872032426172,31.0,-0.52,0,False,▄█▃▇▇▄▆▄▆▆▂▃▂▂▃▁▂▄▄▃,False,False,False,0,-0.030292997848038516,-0.08704122184991825,0.020749854406994173,-0.04291536903768933,UP,False,34,26.0,IGNORE,NONE,,NEUTRAL,C,WAIT,CMF positive,Retail Trade,31.2
BBTC,1355.0,1415.0,1415.0,1350.0,True,False,False,False,False,False,1.3934152174417795,32.527046,1.2574461554923768,False,0.27553248830115623,False,58.18,True,1.5014193548387096,88.0,1.08,1,False,▄▆▅▇▆▅▆▆▆▆▆█▁▅▆▆▅▅▆█,False,False,False,0,-0.11955815464587394,-0.09145769076035948,-0.06851530239084125,-0.04733183794813056,FLAT,False,33,26.0,IGNORE,SEED,DEL58% ▄▆▅▇▆▅▆▆▆▆▆█▁▅▆▆▅▅▆█ P88 Z+1.1,NEUTRAL,C,WAIT,CMF positive,Consumer Non-Durables,27.5
GPIL,221.35,225.6,225.6,220.1,True,False,False,False,False,False,0.8958104037327315,27.398703,0.8253790467104242,False,-0.05927802614731475,False,58.53,True,1.1530619280739947,95.0,1.44,0,True,▄▅▃▄▄▁▁▂▅▅▂▃█▁▄▄▇▂▄▅,False,False,False,0,-0.09062897991043917,-0.10038610038610041,-0.03958612765540648,-0.05626024757387149,UP,False,30,26.0,IGNORE,SEED,,NEUTRAL,C,WAIT,Delivery P95,Non-Energy Minerals,34.0
LTF,271.05,279.5,281.3,269.45,True,False,False,False,False,False,2.542349369100341,378.37487668500006,2.3179304089606823,False,-0.14668093055712728,False,51.39,True,1.16277491175672,85.0,1.05,0,False,▆▅▅▅▆▄▅█▄▄▃▃▅▆▅▃▄▁▅▆,False,False,False,0,-0.12295745025076843,-0.11638141809290947,-0.07191459799573574,-0.07225556528068056,UP,False,25,26.0,IGNORE,DISTRIBUTION,,NEUTRAL,C,WAIT,No standout factor,Finance,26.4
IRFC,77.89,78.7,79.35,77.07,True,False,False,False,False,False,1.9097331019980581,108.93273236200001,1.8345517439824532,False,-0.05412752087421694,False,33.26,False,0.7820821821174534,42.0,-0.21,0,True,▆▆▂▃▄▆▅▄▇▇▄▆█▆▃▃▅▃▄▁,False,False,False,0,-0.06539476841852654,-0.12206943192064923,-0.01435191616349385,-0.07794357910842031,UP,False,23,26.0,IGNORE,DISTRIBUTION,,NEUTRAL,C,WAIT,No standout factor,Finance,26.4
CAMS,666.0,685.0,689.95,665.05,True,False,False,False,False,False,2.1024610585526076,141.6574674,1.94592687531446,False,-0.22500914423659982,False,40.81,False,0.7993340515130742,26.0,-0.57,0,True,▄▄█▂█▄▅▅▄▄▆▆▆▅▆▆▅▇▄▁,False,False,False,0,-0.11436170212765961,-0.13196480938416422,-0.06331884987262693,-0.0878389565719353,UP,False,21,26.0,IGNORE,DISTRIBUTION,,NEUTRAL,C,WAIT,No standout factor,Technology Services,23.6
NEWGEN,473.0,480.0,493.4,465.4,True,False,False,False,False,False,3.7714069631346083,116.2376215,3.5047579915832974,False,-0.45698843359513847,False,22.87,False,0.6320298466215283,24.0,-0.69,0,True,▄▇▆▁▇█▇▄██▄▇▄▇▃▄▅▇▆▂,False,False,False,0,-0.11098580960436044,-0.1341753615229726,-0.05994295734932775,-0.09004950871074369,UP,False,20,26.0,IGNORE,DISTRIBUTION,,NEUTRAL,C,WAIT,No standout factor,Technology Services,23.6
HDFCAMC,2258.0,2286.1,2303.0,2252.7,True,False,False,False,False,False,1.808658145262324,254.0529992,1.6687008448132623,False,-0.16698295776571206,False,68.3,True,1.1311973632998502,87.0,1.11,0,False,▄▄▃█▅▇▁▃▄▄▅▅█▃▆▆▆▄▆▇,False,False,False,0,-0.13885816711795884,-0.14628152293092367,-0.08781531486292615,-0.10215567011869475,UP,False,18,26.0,IGNORE,DISTRIBUTION,,NEUTRAL,C,WAIT,No standout factor,Finance,26.4
VIKRAMSOLR,160.05,163.92,164.99,160.0,True,False,False,False,False,False,3.2229611519380894,74.44095153,3.1185577767733714,False,-0.5008345372830796,False,22.83,False,0.4855070922739935,2.0,-2.06,0,True,▃▅▅▅▆▅▅▇▄▄▃▄▅▄▇▅▇▇█▁,False,False,False,0,-0.05669829669358151,-0.14553414126314657,-0.005655444438548818,-0.10140828845091765,UP,False,18,26.0,IGNORE,DISTRIBUTION,,NEUTRAL,C,WAIT,No standout factor,Electronic Technology,27.1
BDL,1085.1,1112.7,1117.0,1085.1,True,False,False,False,False,False,1.0656102616417715,117.26773358999999,0.9733394607342982,False,-0.3117619641137382,False,45.37,True,1.3915470494417863,97.0,2.13,0,True,▅▃▃▃▅▂▄▄▄▄▃▂▅▅▃▆▁█▇▇,False,False,False,0,-0.13192000000000004,-0.14773798303487284,-0.08087714774496735,-0.10361213022264393,UP,False,17,26.0,IGNORE,SEED,,NEUTRAL,C,WAIT,Delivery P97,Electronic Technology,27.1
VTL,529.55,540.5,545.2,526.7,True,False,False,False,False,False,0.29910761765150695,26.53924553,0.2659288494165821,False,-0.388862577312145,False,61.5,True,1.5191749521398135,96.0,1.5,1,False,▁▄▅▅▆▇▆▆▆▆▄▅▆▆▆▅▁▅██,False,False,False,0,-0.12078698323094805,-0.152855543113102,-0.06974413097591536,-0.1087296903008731,UP,False,16,26.0,IGNORE,SEED,DEL62% ▁▄▅▅▆▇▆▆▆▆▄▅▆▆▆▅▁▅██ P96 Z+1.5,NEUTRAL,C,WAIT,Delivery P96,Process Industries,25.8
KALAMANDIR,76.19,78.99,79.5,75.37,True,False,False,False,False,False,1.775740308008088,5.634349547,1.676115007986847,False,-0.2557954144769138,False,55.12,True,1.0003811321439589,80.0,0.85,0,False,▅▇▆▅▆▄█▆▆▆▅▇▃▅▇▁▅█▁▅,False,False,False,0,-0.11013781826676017,-0.15259704148593034,-0.05909496601172748,-0.10847118867370142,UP,False,16,26.0,IGNORE,DISTRIBUTION,,NEUTRAL,C,WAIT,No standout factor,Retail Trade,31.2
PREMIERENE,870.0,906.0,917.6,853.6,True,False,False,False,False,False,2.884371083873837,265.476063,2.6936293101401136,False,-0.05716407492948536,False,36.78,False,0.7654526534859522,51.0,-0.07,0,True,▂▅▃▆▃▃▆▆▅▅▃▁█▅▆▄▄▂▁▂,False,False,False,0,-0.1410800671339717,-0.1701640595192675,-0.09003721487893901,-0.12603820670703858,UP,False,12,26.0,IGNORE,DISTRIBUTION,,NEUTRAL,C,WAIT,No standout factor,Electronic Technology,27.1
ERIS,1219.3,1231.0,1293.0,1180.1,True,False,False,False,False,False,16.85519117916608,104.83553592999999,15.773248523221566,False,-0.2788205075474522,False,58.65,True,1.1396315871288667,58.0,0.22,0,False,▇█▁▇▃▅▇▃▅▅▄▅▅▄▅█▅▆█▆,False,False,False,0,-0.062004769597661435,-0.17054421768707484,-0.010961917342628746,-0.12641836487484592,UP,False,12,26.0,IGNORE,DISTRIBUTION,,NEUTRAL,C,WAIT,No standout factor,Health Technology,38.7
CESC,133.87,136.11,136.59,132.5,True,False,False,False,False,False,2.255137534601888,54.131512556000004,2.08881526216282,False,-0.22616814851592193,False,54.09,False,0.947467988579236,68.0,0.47,0,True,▅▃▄█▅▅▁▅▆▆▃▅▇▅▅▇▇▄▆▅,False,False,False,0,-0.07771271098863242,-0.18896158972494848,-0.026669858733599727,-0.14483573691271956,UP,False,9,26.0,IGNORE,DISTRIBUTION,,NEUTRAL,C,WAIT,No standout factor,Utilities,34.3
DEEPAKFERT,1308.9,1349.0,1349.2,1296.0,True,False,False,False,False,False,0.7804285933074195,22.44410097,0.7547836919216772,False,-0.2641463648310351,False,52.63,True,1.150608862945716,93.0,1.17,0,True,▂▇▃▆▇▇▅▅▇▇▄▆▅▂▅▇▆▁██,False,False,False,0,-0.08308231173380032,-0.18534885168357496,-0.03203945947876763,-0.14122299887134604,UP,False,9,26.0,IGNORE,SEED,,NEUTRAL,C,WAIT,Delivery P93,Process Industries,25.8
NBCC,78.01,80.16,80.67,78.01,True,False,False,False,False,False,1.9899659489294115,66.94800257700001,1.864641493281145,False,-0.11173755760245786,False,39.16,False,0.9692589475768525,79.0,0.77,0,True,▄▄▃▄▄▄▆▃▄▄▁▂█▄▅▅▅▃▆▄,False,False,False,0,-0.08438967136150233,-0.1941115702479338,-0.03334681910646964,-0.14998571743570488,UP,False,8,26.0,IGNORE,DISTRIBUTION,,NEUTRAL,C,WAIT,No standout factor,Industrial Services,35.2
ANUP,1591.2,1635.0,1644.8,1580.0,True,False,False,False,False,False,3.4260622995498906,11.8814904,3.220235392190691,False,-0.3247522200437054,False,48.08,False,0.9305836470440227,48.0,-0.03,0,True,▃▁▄▅▅▇▄▄██▁▅▇▄▄▃▃▄▃▃,False,False,False,0,-0.12098110705999332,-0.25624006730859117,-0.06993825480496063,-0.21211421449636225,UP,False,3,26.0,IGNORE,DISTRIBUTION,,NEUTRAL,C,WAIT,No standout factor,Producer Manufacturing,29.0
AHLUCONT,551.55,568.05,572.1,544.1,True,False,False,False,False,False,3.711752069376337,13.179838799999999,3.4656768692374493,False,-0.23863063207585944,False,50.59,False,0.9182738122248947,35.0,-0.18,0,True,▃▃▃█▆▄▃▄▆▆▃▁▅▃▇▇▃▁▄▃,False,False,False,0,-0.09951020408163269,-0.3471235795454546,-0.0484673518266,-0.30299772673322567,UP,False,1,26.0,IGNORE,DISTRIBUTION,,NEUTRAL,C,WAIT,No standout factor,Industrial Services,35.2
MATRIMONY,519.25,524.9,530.95,511.0,True,False,True,True,False,True,0.8526769712045013,0.611416875,0.836448406019007,False,0.16388110483702686,False,61.73,False,0.984035133864167,42.0,-0.11,0,False,▁▁▄▄▅▄▇▅▅▅▄▃▅▇▆▃▅█▆▄,False,False,False,1,0.0004816955684008306,0.18590841612424347,0.05152454782343352,0.23003426893647239,FLAT,True,85,25.0,IGNORE,NONE,,NEUTRAL,C,WAIT,CMF positive,Technology Services,23.6
WENDT,8395.0,8490.5,8651.0,8340.0,True,False,True,True,False,True,0.5529603617534126,7.1449845,0.5393791879021803,False,-0.06652789616603998,False,46.15,False,0.9940764674205709,24.0,-0.71,0,False,█▇▄▆▅▅█▁▄▄▃▃▃▆▂▂▇▄▅▄,False,False,False,8,0.035780382479950745,0.11015604337476859,0.08682323473498343,0.1542818961869975,FLAT,True,78,25.0,IGNORE,NONE,,NEUTRAL,C,WAIT,No standout factor,Producer Manufacturing,29.0
JUBLFOOD,463.0,478.5,478.55,460.2,True,False,False,False,False,False,2.643512136372935,110.0007438,2.524817039471488,False,-0.054506129365376466,False,35.31,False,0.8077503774534475,13.0,-1.2,0,True,▆▄▂▃▁█▄▂▂▂▃▂▇▅▇▅▁▄▆▂,False,False,False,0,-0.044178364987613516,0.08813160987074031,0.006864487267419173,0.13225746268296923,FLAT,True,74,25.0,IGNORE,DISTRIBUTION,,NEUTRAL,C,WAIT,No standout factor,Consumer Services,24.4
RADICO,4364.0,4478.0,4478.0,4364.0,True,False,False,True,False,True,1.0414466943516947,103.1549228,1.0126469223277057,False,0.17118212169169703,False,50.47,False,0.9380517814991729,36.0,-0.36,0,False,▄▄▄▄▅▅▅▄▂▂▆▂█▄▅▁▅▁▂▃,False,False,False,0,-0.024651900855999886,0.06741023383230593,0.026390951399032803,0.11153608664453485,FLAT,True,72,25.0,IGNORE,NONE,,NEUTRAL,C,WAIT,CMF positive,Consumer Non-Durables,27.5
APOLLOPIPE,513.7,521.2,530.0,511.1,True,False,False,True,False,False,1.4971717597884584,15.677045230000001,1.4030875070923963,False,-0.19870877970097275,False,43.44,True,1.024153906001344,54.0,0.11,0,False,█▃▁▆▆▄▃▅▇▇▆▅▇▄▄▂▄▄▆▅,False,True,False,0,-0.15766172009510526,0.040721231766612576,-0.10661886784007257,0.08484708457884149,FLAT,True,67,25.0,IGNORE,NONE,,NEUTRAL,C,WAIT,No standout factor,Producer Manufacturing,29.0
LLOYDSME,1823.0,1870.0,1881.5,1816.0,True,False,False,True,False,True,0.7842696260950791,50.6013756,0.7856594297697344,False,-0.06948497131946789,False,52.7,True,1.032574087680627,59.0,0.14,0,False,▅▅▂▃▅▂▁▄▃▃▁▆█▇▃▂▅▁▅▄,False,False,False,0,-0.012298856802297253,-0.02309629709018801,0.038743995452735436,0.021029555722040905,UP,True,54,25.0,IGNORE,NONE,,NEUTRAL,C,WAIT,No standout factor,Non-Energy Minerals,34.0
MARICO,814.65,822.0,824.0,807.05,True,False,False,True,False,True,0.22743266556414912,35.499432795,0.22615374148906275,False,-0.13086177235016597,False,55.81,False,0.8762138018196233,27.0,-0.53,0,True,▂▆▅▆▄▄█▆▅▅▂▄▇▁▅▄▄▂▄▃,False,False,False,0,-0.02261547690461907,-0.02942753321022229,0.02842737535041362,0.014698319602006626,UP,True,52,25.0,IGNORE,NONE,,NEUTRAL,C,WAIT,No standout factor,Consumer Non-Durables,27.5
POLYMED,1644.7,1636.7,1668.5,1626.8,False,False,False,False,False,False,1.2045677544760403,27.682110169999998,1.1429013009587417,True,-0.26643377886655784,False,46.27,True,1.0392731601585752,52.0,0.0,0,False,▇▁▅▇▂▄▅▅▆▆▇▃▅▆▇█▂▆▅▆,False,True,False,0,-0.06359599180141196,-0.0301904593431217,-0.012553139546379266,0.013935393469107216,FLAT,True,52,25.0,IGNORE,NONE,,NEUTRAL,C,WAIT,No standout factor,Health Technology,38.7
SHRINGARMS,215.91,219.78,221.4,214.5,True,True,False,True,False,False,0.898636695065964,6.716333961,0.9041415478510991,False,-0.343574839498208,False,34.45,True,1.0565540084646998,46.0,-0.13,0,False,▃▇▂▄▃▄▇▇▆▆▇▄▄██▆▄▁▇▆,False,False,False,0,-0.00027781636338386484,-0.02922530461759809,0.050765035891648824,0.014900548194630825,UP,True,52,25.0,IGNORE,NONE,,NEUTRAL,C,WAIT,No standout factor,Consumer Durables,23.7
HINDCOPPER,474.35,475.55,479.95,470.0,True,False,False,False,False,False,1.1795580828834598,436.041494,1.0894857890616287,False,-0.1599507107256052,False,54.88,True,1.4383247500360368,100.0,2.65,0,True,▅▄▃▂▅▁▁▂▅▅▆▄▆▃▁▂▅▃▆█,False,False,False,0,-0.09930694009304086,-0.03675500050766567,-0.048264087838008174,0.007370852304563247,FLAT,True,50,25.0,IGNORE,SEED,,NEUTRAL,C,WAIT,Delivery P100,Non-Energy Minerals,34.0
NTPC,326.2,327.3,327.3,323.5,True,False,False,False,False,False,0.7032221580135899,192.86225965999998,0.6966555658783723,False,-0.04777853634754243,True,66.62,True,1.070708207102161,79.0,0.75,0,True,▃▃▄▅▅▅▄███▅▄▇▁▅▄▅▄▂▆,False,False,False,0,-0.0142036869144756,-0.04745218280040886,0.03683916534055709,-0.0033263299881799435,UP,False,47,25.0,IGNORE,NONE,,NEUTRAL,C,WAIT,No standout factor,Utilities,34.3
ONGC,235.26,238.0,238.0,234.71,True,False,False,False,False,False,0.4650301704403895,113.5729413,0.46582038682489,False,-0.012133750333534405,True,66.99,True,1.1990442012189118,92.0,1.36,0,False,▆▃▄▅▅▃▆▃▁▁▅▅█▆▅█▆▄▅▇,False,False,False,0,0.014051724137930988,-0.04656534954407299,0.06509457639296368,-0.002439496731844071,UP,False,47,25.0,IGNORE,SEED,,NEUTRAL,C,WAIT,Delivery P92,Energy Minerals,25.5
NESTLEIND,1357.0,1357.0,1362.6,1348.3,False,False,False,False,False,True,0.29557048685444764,47.1588711,0.28574472437656667,False,-0.05701187861126633,True,71.19,True,1.172739852398524,96.0,1.58,0,False,▁▃▃▄▆▅▆▇▃▃▂▆▅▂▆▅▇▂▇█,False,False,False,0,-0.06413793103448273,-0.046715841236389166,-0.013095078779450042,-0.00258998842416025,FLAT,False,47,25.0,IGNORE,SEED,,NEUTRAL,C,WAIT,Delivery P96,Consumer Non-Durables,27.5
CEATLTD,3240.0,3275.1,3282.6,3215.9,True,False,False,False,False,False,0.8452826565076644,14.830776,0.8159931211437487,False,-0.07235225330884269,True,49.46,True,1.0900515713844934,83.0,0.84,0,True,▅▇▇▇▂▅▆▇▅▅▆▆▅▄▁▂▄▆█▇,False,False,False,0,-0.04711487559555316,-0.04929577464788737,0.003927976659479526,-0.005169921835658453,UP,False,46,25.0,IGNORE,NONE,,NEUTRAL,C,WAIT,No standout factor,Consumer Durables,23.7
GHCL,404.55,410.5,410.5,396.0,True,False,False,False,False,False,6.448334468540439,24.2819001,6.141723073482928,False,-0.24115119441800156,True,49.2,False,0.81323658242285,16.0,-0.95,0,False,▄▄▅▆▇▆▆▇██▄▅▆▆▆▂▁▅█▄,False,False,False,0,-0.07128099173553726,-0.06505662121562283,-0.02023813948050457,-0.020930768403393918,UP,False,42,25.0,IGNORE,NONE,,NEUTRAL,C,WAIT,No standout factor,Process Industries,25.8
NAVA,545.95,543.9,553.55,540.2,True,False,False,False,False,False,1.176059326990238,14.409149160000002,1.1579302189273135,False,-0.17652065362301217,True,56.02,True,1.0389754907870212,82.0,0.85,0,True,▅▅▄▆▅▅▂▄▆▆▁▄▂█▇▆▃▆▆▅,False,False,False,0,-0.03131653655074518,-0.06746946793065167,0.01972631570428751,-0.023343615118422756,UP,False,41,25.0,IGNORE,NONE,,NEUTRAL,C,WAIT,No standout factor,Utilities,34.3
HINDUNILVR,1939.9,1933.5,1940.4,1915.0,False,False,False,False,False,False,0.5441591599108319,134.42575847999998,0.5391714193558247,False,-0.37174380161560655,True,66.13,True,1.087807606263982,83.0,0.83,0,True,▂▅▅▆▂▄▃▅▄▄▁▅█▂▃▅▁▂▅▅,False,False,False,0,-0.034395221503235374,-0.07553373999237512,0.016647630751797315,-0.0314078871801462,UP,False,39,25.0,IGNORE,NONE,,NEUTRAL,C,WAIT,No standout factor,Consumer Non-Durables,27.5
BRITANNIA,4925.0,4900.5,4939.5,4883.0,False,False,False,False,False,False,0.4277702065099648,51.918365,0.4153814398010197,False,-0.1740563261001277,True,59.41,True,1.0294933111526996,53.0,0.06,0,True,▁▄▂▆▂▆▂▂▃▃▅▄█▅▄▅▄▃▆▄,False,False,False,0,-0.07040392600981504,-0.07259203464833819,-0.019361073754782354,-0.028466181836109272,UP,False,39,25.0,IGNORE,NONE,,NEUTRAL,C,WAIT,No standout factor,Consumer Non-Durables,27.5
AYE,159.03,163.3,163.3,156.72,True,False,False,True,False,False,0.9044677800536528,14.811147729,0.8066367959550376,False,-0.23991547050717035,True,46.16,True,1.024105072825496,84.0,0.82,0,True,▄█▃▄▅▆▄▁▆▆▃▃▅▅▄▃▆▅▄▅,False,False,False,0,-0.11106763555058696,-0.07330575141308793,-0.060024783295554274,-0.02917989860085901,FLAT,False,39,25.0,IGNORE,NONE,,NEUTRAL,C,WAIT,No standout factor,Finance,26.4
CAPITALSFB,279.65,280.0,281.95,274.55,True,False,False,False,False,True,1.701187282264846,0.9504464549999999,1.704555908184265,False,-0.14773741899446513,True,54.06,False,0.8145860016575003,15.0,-1.06,0,False,▇▆█▃▃▆▅▅▅▅▃▃▅▃▁▆▅▄▆▃,False,False,False,0,-0.016701828410689123,-0.08326503851827582,0.034341023844343566,-0.03913918570604691,UP,False,36,25.0,IGNORE,NONE,,NEUTRAL,C,WAIT,No standout factor,Finance,26.4
TEJASNET,490.4,491.1,495.9,480.65,True,False,False,False,False,False,0.36095164062844576,59.91819991999999,0.3086279835390807,False,0.11724292979625764,True,25.76,True,1.0223439298329167,46.0,-0.05,0,False,▅▅▅▁▄▃▆▆▆▆▄▅▆▅▅▇▇▇█▆,False,False,False,0,-0.0950359844989851,-0.08737322043360951,-0.043993132243952404,-0.043247367621380595,FLAT,False,34,25.0,IGNORE,NONE,,NEUTRAL,C,WAIT,CMF positive,Electronic Technology,27.1
TATACOMM,1654.7,1642.2,1674.1,1630.0,True,False,False,False,False,False,0.9307035837402083,35.6455474,0.8830113472891863,False,0.018825248587335138,False,61.04,True,1.0965400783242913,83.0,0.91,0,True,▅█▆▂▅▆▂▃▃▃▁▂▅▃▁▆▆▃▄▅,False,False,False,0,-0.04562233244895597,-0.09022432372993172,0.005420519806076718,-0.046098470917702805,UP,False,33,25.0,IGNORE,NONE,,NEUTRAL,C,WAIT,CMF positive,Communications,33.3
EVEREADY,318.9,319.95,324.3,315.85,True,False,False,False,False,False,0.31183413308135177,1.4344122,0.2888753626583127,False,0.17529834789257645,True,57.34,True,1.0909333054289818,73.0,0.6,0,False,▅▅▆▇▅▁▅▅▂▂▃▄▆▅▂▃██▅▆,False,False,False,0,-0.019071055059981634,-0.09054612861828037,0.031971797195051055,-0.04642027580605146,UP,False,33,25.0,IGNORE,NONE,,NEUTRAL,C,WAIT,CMF positive,Producer Manufacturing,29.0
TENNIND,508.6,503.9,513.5,498.5,False,False,False,False,False,False,1.3348756754361837,45.97011616,1.3099597490386004,True,-0.07752256475848071,True,42.04,False,0.750560152825759,24.0,-0.7,0,False,▅▂▅▅▆▅▄▅▇▇▃▄█▆▆▂▃▅▆▁,False,True,False,0,-0.031238095238095176,-0.1070926966292135,0.019804757016937513,-0.06296684381698459,UP,False,28,25.0,IGNORE,NONE,,NEUTRAL,C,WAIT,No standout factor,Producer Manufacturing,29.0
REFEX,272.05,274.45,276.6,270.6,True,False,False,False,False,False,0.26892662418249336,4.2910990600000005,0.25457570493557735,False,0.27578425642811605,True,48.7,True,1.0513022547950823,77.0,0.79,0,False,▇▆▇▆█▇█▇▇▇▇▅▆▁▄▇█▅▆▇,False,False,False,0,-0.01999279538904908,-0.11036625245258336,0.03105005686598361,-0.06624039964035444,UP,False,28,25.0,IGNORE,NONE,,NEUTRAL,C,WAIT,CMF positive,Energy Minerals,25.5
BATAINDIA,620.35,624.7,628.9,613.0,True,False,False,False,False,False,0.8959330445085477,8.488187015000001,0.8619744910158755,False,-0.22702100068947187,True,47.48,True,1.001751165685592,52.0,0.05,0,True,▂▄▁▆▆▆▆▄▅▅▄▅▄▇▄▅█▄▃▅,False,False,False,0,-0.08415147265077139,-0.11239089998569174,-0.0331086203957387,-0.06826504717346282,UP,False,27,25.0,IGNORE,NONE,,NEUTRAL,C,WAIT,No standout factor,Consumer Non-Durables,27.5
RAMCOIND,310.1,310.9,313.7,305.0,True,False,False,False,False,False,0.9550711542426839,2.65005258,0.9186624000508457,False,0.25476392529286407,True,45.51,False,0.9115947399521266,29.0,-0.43,0,True,▂▃█▅▅▇▄▄▁▁▁▇▃▂▅▆▄▂▃▂,False,False,False,0,-0.042014210688909426,-0.11222444889779559,0.009028641566123263,-0.06809859608556668,UP,False,27,25.0,IGNORE,NONE,,NEUTRAL,C,WAIT,CMF positive,Non-Energy Minerals,34.0
GUJENERGY,236.61,234.99,241.02,229.4,False,False,False,False,False,False,1.3913772190713871,54.50758542900001,1.3196660053211224,True,-0.2194319511159309,True,51.45,False,0.8980781650927753,,,0,False,▂▁▃█▆▅▆▄▇▇▁▁▇▇▆▅▅▅▅▃,False,True,False,0,-0.06956350766810848,-0.11382022471910103,-0.018520655413075793,-0.06969437190687211,UP,False,26,25.0,IGNORE,NONE,,NEUTRAL,C,WAIT,No standout factor,Utilities,34.3
DALBHARAT,1637.4,1651.6,1664.3,1630.1,True,False,False,False,False,False,0.5909170481123818,8.428843980000002,0.5583632986326035,False,-0.18739484059265815,True,58.39,True,1.1161981591045946,75.0,0.76,0,True,▃▃▃▅▂▄▁▂▂▂▆▄▄▄▄▇▄██▆,False,False,False,0,-0.0936565924941879,-0.12166076601223041,-0.04261374023915521,-0.0775349132000015,UP,False,24,25.0,IGNORE,NONE,,NEUTRAL,C,WAIT,No standout factor,Non-Energy Minerals,34.0
UPL,538.0,546.0,547.55,532.6,True,False,False,False,False,False,1.517873858548492,175.9371904,1.4423919576178814,False,0.047939637798083724,False,52.71,False,0.8819321860908704,35.0,-0.28,0,True,▁▆▆▆▅▇▆▆▆▆▆▅█▇▆▇▆▆▆▅,False,False,False,0,-0.05131370128725099,-0.12966108549704758,-0.00027084903221830103,-0.08553523268481866,UP,False,21,25.0,IGNORE,NONE,,NEUTRAL,C,WAIT,CMF positive,Process Industries,25.8
SAMMAANCAP,136.48,139.08,139.2,135.68,True,False,False,False,False,False,0.8563192228413968,56.039206624,0.786398254775138,False,-0.10133424933330111,True,54.39,True,1.1242016494078253,90.0,1.19,0,False,▁▂▄▄▄▄█▁▄▄▂▅▆▃▆▃▇▂▅▆,False,False,False,0,-0.07244800869919799,-0.16490240469925976,-0.021405156444165296,-0.12077655188703085,UP,False,13,25.0,IGNORE,SEED,,NEUTRAL,C,WAIT,Delivery P90,Finance,26.4
HEMIPROP,114.94,115.9,115.95,113.11,True,False,False,False,False,False,3.0515675281078445,8.581236495999999,2.891709003486184,False,-0.2266531645214683,True,41.03,False,0.7129019086589,15.0,-1.02,0,False,▅▅▃▆█▇▅▆▅▅▃▄▅▅█▄▅▄▄▁,False,False,False,0,-0.0960283130161228,-0.16673916195447291,-0.04498546076109011,-0.122613309142244,UP,False,12,25.0,IGNORE,NONE,,NEUTRAL,C,WAIT,No standout factor,Finance,26.4
EQUITASBNK,67.07,66.08,67.79,65.5,False,False,False,False,False,False,1.4760609285852442,16.238196973999997,1.3902020718646024,True,-0.06968209661960852,True,48.79,False,0.9205052496533248,40.0,-0.22,0,False,▄▄▆▇▄▆▃▄██▇▁█▇▂▂▂▃▂▃,False,True,False,0,-0.08648869517842561,-0.17634778337222168,-0.03544584292339292,-0.13222193055999276,UP,False,11,25.0,IGNORE,NONE,,NEUTRAL,C,WAIT,No standout factor,Finance,26.4
HAPPSTMNDS,308.7,306.9,311.4,303.3,False,False,False,False,False,False,0.3042451911038164,16.773245369999998,0.2688434854006271,False,-0.28376610858461004,True,38.47,True,1.0229750571717278,50.0,0.05,0,True,▂▁▃▅▆▄▆█▃▃▃▅▆▇▆▇█▇█▅,False,False,False,0,-0.14888337468982626,-0.17964390114270534,-0.09784052243479358,-0.13551804833047643,UP,False,10,25.0,IGNORE,NONE,,NEUTRAL,C,WAIT,No standout factor,Technology Services,23.6
WAAREERTL,821.4,824.9,827.7,812.85,True,False,False,False,False,False,0.7900264959900393,7.7552481,0.7797458413411176,False,-0.11335076674249589,True,50.7,True,1.1156342831994719,91.0,1.26,0,False,▇▆█▅▇▇▇▅▆▆▆▄▆▆▄▁▅▄▇▇,False,False,False,0,-0.04908543644362118,-0.18906111165959127,0.0019574158114115114,-0.14493525884736236,UP,False,9,25.0,IGNORE,SEED,,NEUTRAL,C,WAIT,Delivery P91,Utilities,34.3
CAPACITE,182.61,185.1,186.68,180.5,True,False,False,False,False,False,1.219602727335977,6.402069207000001,1.1214350372748552,False,-0.2398170114139303,True,52.97,True,1.0391062548429177,62.0,0.29,0,True,▆▄█▂▅▅▃▆▅▅▂▂▅▃▁▅▅▁▂▄,False,False,False,0,-0.12476035276073605,-0.1898402839396628,-0.07371750050570336,-0.14571443112743387,UP,False,9,25.0,IGNORE,NONE,,NEUTRAL,C,WAIT,No standout factor,Industrial Services,35.2
JSWCEMENT,112.58,112.49,112.99,111.02,False,False,False,False,False,False,0.8862392125796811,14.480748854,0.8446260309594189,False,-0.17729323616907328,True,61.72,True,1.0749897673932542,86.0,0.91,0,True,▁▄▆▄▆▃█▄▆▆█▂▄▆▄▆▆▂▄▆,False,False,False,0,-0.09755511022044094,-0.20139036674469746,-0.046512257965408255,-0.15726451393246854,UP,False,7,25.0,IGNORE,SEED,,NEUTRAL,C,WAIT,No standout factor,Non-Energy Minerals,34.0
SUMICHEM,431.15,435.0,435.1,424.6,True,False,False,False,False,False,0.8305876610849097,9.545574769999998,0.7649569372606275,False,-0.15372034957351896,True,63.83,True,1.1744034148405733,82.0,0.83,0,True,▃▄▅▄▄▂▁▇▆▆▂▄▄▆█▆▄▃█▇,False,False,False,0,-0.16151302994943617,-0.20216506291635827,-0.11047017769440348,-0.15803921010412936,UP,False,7,25.0,IGNORE,NONE,,NEUTRAL,C,WAIT,No standout factor,Process Industries,25.8
PICCADIL,602.85,606.4,607.85,591.55,False,False,False,False,False,False,0.5436717741914796,5.110540305000001,0.5383549403261733,False,-0.23110433875452113,True,48.06,True,1.0009580539009457,41.0,-0.07,0,True,▃▇▄▆▃▇▅▁▅▅▂▅█▄▂▅▄▁█▅,False,False,False,0,-0.04913249211356463,-0.2004111678493269,0.0019103601414680593,-0.15628531503709797,UP,False,7,25.0,IGNORE,NONE,,NEUTRAL,C,WAIT,No standout factor,Process Industries,25.8
ASHAPURMIN,518.8,500.1,524.25,497.5,False,False,False,False,False,False,1.434922544427884,22.698433839999996,1.3921953401018592,True,-0.3318047011646287,True,40.52,False,0.8715852871585289,42.0,-0.1,0,False,▅▄▅▄█▃▂▇▄▄▆▃▄▃▁▄▆▇▆▂,False,True,False,0,-0.0660666066606661,-0.24450269404397862,-0.015023754405633416,-0.2003768412317497,UP,False,4,25.0,IGNORE,NONE,,NEUTRAL,C,WAIT,No standout factor,Non-Energy Minerals,34.0
WEBELSOLAR,70.62,71.99,71.99,69.5,True,False,False,False,False,False,0.9328910999564092,12.523750800000002,0.884601147686076,False,-0.079134943821378,True,62.56,True,1.2165525824517736,97.0,1.65,0,False,▆▃▃▃▅▃▄▆▃▃▂▄▄▆▄▅▁▄▅█,False,False,False,0,-0.05208053691275161,-0.29933525151304696,-0.001037684657718918,-0.25520939870081805,UP,False,2,25.0,IGNORE,SEED,,NEUTRAL,C,WAIT,Delivery P97,Electronic Technology,27.1
PAUSHAKLTD,668.3,655.0,679.45,647.35,False,False,False,True,False,False,0.6436726320664747,1.8064817299999998,0.5805466198666039,False,-0.11181619782331842,True,54.14,True,1.0140570711469483,29.0,-0.42,0,True,▁▂▄▂▅▂▁▅▇▇▅▃▄██▅▇▅▆▅,False,False,False,2,-0.12065789473684219,0.1745166959578206,-0.0696150424818095,0.21864254877004952,FLAT,True,84,24.0,IGNORE,NONE,,NEUTRAL,C,WAIT,No standout factor,Process Industries,25.8
ARIS,135.0,132.02,138.0,129.33,False,True,True,True,False,False,0.6672546810598574,17.052876,0.6808644297161227,False,-0.01252412859305666,True,31.08,False,0.7983047582354075,10.0,-1.24,0,False,▄▄▅▅▅▃▅▁▄▄▇▅▄▃▄▃▆▅█▃,False,False,False,0,0.025212636695018276,0.13502606356145952,0.07625548895005096,0.17915191637368844,FLAT,True,80,24.0,IGNORE,NONE,,NEUTRAL,C,WAIT,No standout factor,Technology Services,23.6
KOLTEPATIL,427.05,425.5,431.9,418.0,False,False,False,True,False,False,0.36769986423228335,1.7973253350000002,0.35410045985234134,False,-0.2570760605154556,True,50.85,True,1.0858771901726512,38.0,-0.05,0,True,▆▆▅▇▆▆▆▁▄▄▅▅▇▅▄█▆▇▇▆,False,False,False,0,-0.020976616231086598,0.11720078482668406,0.03006623602394609,0.16132663763891297,FLAT,True,79,24.0,IGNORE,NONE,,NEUTRAL,C,WAIT,No standout factor,Finance,26.4
TVSSRICHAK,4435.0,4445.0,4495.0,4370.0,True,False,False,True,False,False,0.42385572495977314,2.3598635,0.37119172237866904,False,-0.3242573221435002,True,47.79,True,1.1572269172094827,38.0,-0.08,0,True,▁▄▆▃▆▃█▅▅▅▅▃▆▇▃▆█▃▇▆,False,False,False,0,-0.19735770518505114,0.10661975696783688,-0.14631485293001845,0.1507456097800658,FLAT,True,77,24.0,IGNORE,NONE,,NEUTRAL,C,WAIT,No standout factor,Consumer Durables,23.7
ADOR,1612.0,1620.3,1631.0,1592.2,False,True,True,True,False,True,0.9420847729207351,4.8526036,0.9295130174763689,False,-0.142307256421133,True,45.36,False,0.9314550905581338,18.0,-0.84,0,False,▃▃▇▆▆▆▂█▇▇▅▅▇▄▄▃▃▂▁▃,False,False,False,2,-0.052210724365004624,0.06953290870488327,-0.0011678721099719347,0.11365876151711218,FLAT,True,72,24.0,IGNORE,NONE,,NEUTRAL,C,WAIT,No standout factor,Producer Manufacturing,29.0
HCLTECH,1260.0,1241.0,1266.5,1234.6,False,False,False,False,False,False,0.5901424557854897,186.241482,0.5822830432636668,False,-0.12694063912240874,True,69.92,True,1.413510426458845,97.0,1.7,0,False,▂▅▅▆▃▅▂▃▄▄▃▃▇▃▁▆▃▂▅█,False,False,False,0,-0.01716068642745705,0.061141990904497234,0.03388216582757564,0.10526784371672615,FLAT,True,71,24.0,IGNORE,SEED,,NEUTRAL,C,WAIT,Delivery P97,Technology Services,23.6
IIFL,607.5,595.05,614.05,588.75,False,False,True,True,False,True,0.9836339284993288,155.3986215,0.9605936203783587,False,-0.18249615886012832,True,47.49,False,0.9633250841819141,58.0,0.3,0,False,▅▅▆▅▁▃▆▄▆▆▆█▆▆▆▅▄▅▅▅,False,False,False,0,-0.04951889227880779,0.06243441762854163,0.0015239599762248979,0.10656027044077054,FLAT,True,71,24.0,IGNORE,NONE,,NEUTRAL,C,WAIT,No standout factor,Finance,26.4
LMW,16957.0,16967.0,17111.0,16761.0,True,False,False,True,False,False,0.5979076643165795,4.4579953,0.5646764679725822,False,-0.20911622984144623,True,54.32,True,1.047294040526732,47.0,-0.1,0,True,▂▃▁▄▆▄█▇▅▅▄▄▆▅▆▄▄▃▄▅,False,False,False,0,-0.10804271211403926,0.052380065785390784,-0.056999859859006574,0.0965059185976197,FLAT,True,69,24.0,IGNORE,NONE,,NEUTRAL,C,WAIT,No standout factor,Producer Manufacturing,29.0
FRONTSP,1399.0,1431.0,1431.0,1339.0,True,True,True,False,False,False,0.43910261653648375,7.322366,0.42441451087492404,False,-0.128456347949261,True,32.58,False,0.6318667998409665,5.0,-2.06,0,False,█▇██▇▇▆▆▆▆▆▇▆▇▇▃▁▃▂▄,False,False,False,0,0.08365608055770712,-0.0007142857142856673,0.1346989328127398,0.04341156709794325,UP,True,60,24.0,IGNORE,NONE,,NEUTRAL,C,WAIT,No standout factor,Producer Manufacturing,29.0
ASHOKLEY,153.44,155.5,155.5,152.48,True,False,False,False,False,False,1.2889688760681066,219.96977340799998,1.2092611320316193,False,-0.012998849582681861,True,52.26,True,1.046382412125702,77.0,0.61,0,True,▁▃▃▄▁▃▂▃▃▃▂▁█▄▃▃▃▅▅▄,False,False,False,0,-0.1002169706210051,-0.0032480187085877077,-0.04917411836597241,0.04087783410364121,FLAT,True,59,24.0,IGNORE,NONE,,NEUTRAL,C,WAIT,No standout factor,Producer Manufacturing,29.0
SWARAJENG,3548.2,3552.5,3561.8,3527.0,True,False,False,False,False,False,0.7348990165358483,2.1012440399999996,0.7287452727623198,False,-0.048858312021880006,True,66.6,True,1.1059907834101383,92.0,1.12,0,False,█▂▄▃▁▄▄▆▄▄▅▃▄▃▅▄▄▃▄▅,False,False,False,0,0.002968030076038186,-0.016219813125571858,0.054010882331070875,0.027906039686657058,UP,True,55,24.0,IGNORE,SEED,,NEUTRAL,C,WAIT,Delivery P92,Producer Manufacturing,29.0
ITCHOTELS,160.53,158.02,162.0,156.33,False,True,False,False,False,False,1.218402086225553,31.555414206000002,1.2357605909862315,True,-0.039665700390996705,True,49.14,False,0.9285626553037102,20.0,-0.8,0,False,▇▁▅▃██▇▆▆▆▄▃▆▃▂▄▃▁▄▃,False,False,False,0,-0.006498329001114023,-0.023361927359007106,0.044544523253918666,0.02076392545322181,UP,True,54,24.0,IGNORE,NONE,,NEUTRAL,C,WAIT,No standout factor,Consumer Services,24.4
UTIAMC,877.6,895.0,907.9,872.05,True,False,False,False,False,False,1.0523417219936362,10.44730144,1.0272958458212542,False,0.17239791956410638,False,67.81,True,1.1116302325390774,87.0,1.05,0,False,▂█▅▃▁▄▂▂▃▃▂▁▅▁▂▁▃▃▂▄,False,False,False,0,-0.0021603183627060263,-0.045152866935045166,0.04888253389232666,-0.00102701412281625,UP,False,48,24.0,IGNORE,SEED,,NEUTRAL,C,WAIT,CMF positive,Finance,26.4
POWERMECH,2397.2,2399.0,2459.5,2380.7,False,False,False,False,False,False,3.4333945938095263,36.83513548,3.444352542611867,True,-0.25751213703209747,False,17.99,False,0.4021774364821211,0.0,-2.97,0,False,▆███▅▆▂▆▆▆▆▆▆▆▅█▇▇▇▁,False,False,False,0,-0.033776702942362014,-0.052077978567756866,0.017266149312670676,-0.00795212575552795,UP,False,46,24.0,IGNORE,NONE,,NEUTRAL,C,WAIT,No standout factor,Industrial Services,35.2
AARTIIND,469.9,475.0,482.9,468.0,True,False,False,True,False,True,0.7493470836402598,18.45621531,0.7123046670441819,False,-0.166777250484442,False,46.69,True,1.008162031438936,65.0,0.34,0,True,▃▆▄▆▄▃▅▃██▃▁▅▄▄█▅▄▆▅,False,False,False,0,-0.10469657997523107,-0.059259259259259345,-0.053653727720198385,-0.015133406447030429,FLAT,False,44,24.0,IGNORE,NONE,,NEUTRAL,C,WAIT,No standout factor,Process Industries,25.8
ADANIPOWER,202.75,200.0,203.6,196.1,False,False,False,True,False,False,0.7475533452008163,323.754302075,0.7315023073320791,False,-0.23340499913310458,False,49.11,True,1.215218063717909,93.0,1.46,0,False,▂▂▃▄▅▅▄▇▄▄▄▂▆▄▆█▇▁█▇,False,False,False,0,-0.05697674418604648,-0.06381308583829703,-0.0059338919310137905,-0.01968723302606812,UP,False,42,24.0,IGNORE,SEED,,NEUTRAL,C,WAIT,Delivery P93,Utilities,34.3
V2RETAIL,209.43,211.93,211.93,207.0,True,False,False,False,False,False,0.8185259873677802,14.597375715,0.791446738108402,False,0.12723462794161644,False,52.0,False,0.954934440077864,42.0,-0.21,0,True,▃▅▃▄▅▅▆▄▂▂▄▁▆▄▂█▅▅▃▃,False,False,False,0,-0.05342372881355928,-0.06944814716075709,-0.00238087655852659,-0.025322294348528174,UP,False,40,24.0,IGNORE,NONE,,NEUTRAL,C,WAIT,CMF positive,Retail Trade,31.2
MOLDTKPAC,642.95,650.0,653.05,637.0,True,False,False,False,False,False,1.3243713713612992,3.38500316,1.2609561622059533,False,-0.26776457362003964,False,63.46,True,1.1659975562925466,81.0,0.74,0,True,█▅▃▅▆▁▇▆▃▃▄▇▇▆▆▂▁▂▆█,False,True,False,0,-0.08143438817058357,-0.07959344356166331,-0.030391535915550882,-0.0354675907494344,UP,False,37,24.0,IGNORE,NONE,,NEUTRAL,C,WAIT,No standout factor,Producer Manufacturing,29.0
ABSLAMC,955.9,984.0,999.9,950.3,True,False,False,False,False,False,0.8221377017169779,15.970030119999999,0.744353006218201,False,0.12906791078578175,False,64.7,True,1.201887353247139,88.0,1.05,0,False,▃█▅▃▄▃▂▂▆▆▁▂▅▂▃▂▃▂▃▅,False,False,False,0,-0.07113011369157507,-0.08359697056849769,-0.02008726143654238,-0.03947111775626877,UP,False,36,24.0,IGNORE,SEED,,NEUTRAL,C,WAIT,CMF positive,Technology Services,23.6
SWANCORP,284.05,288.75,289.5,282.5,True,False,False,False,False,False,0.14242865658609485,15.419824680000001,0.13651916087586427,False,0.11610966422807319,False,32.85,True,1.1064517758803618,25.0,-0.55,0,False,█▆▄▅▅▄▃▁▂▂▄▃▄▄▄▄▅▃▄▅,False,False,False,0,-0.018486523842432545,-0.08415282927615664,0.032556328412600144,-0.04002697646392772,UP,False,36,24.0,IGNORE,NONE,,NEUTRAL,C,WAIT,CMF positive,Utilities,34.3
MFSL,1392.4,1459.9,1459.9,1381.0,True,False,False,False,False,False,0.7765655422652382,132.8614156,0.7420406575076678,False,0.2983226063997451,False,44.93,False,0.7948554647418887,7.0,-1.46,0,True,▂▅▄▄█▄▅▄▆▆▄▁▆▄▄▇▃▂▂▂,False,False,False,0,-0.09272170456766793,-0.09549175003248023,-0.04167885231263524,-0.05136589722025131,UP,False,32,24.0,IGNORE,NONE,,NEUTRAL,C,WAIT,CMF positive,Finance,26.4
MAXHEALTH,982.1,993.0,1000.1,979.0,True,False,False,False,False,False,1.350252899616435,256.20347151,1.2932021121148527,False,0.0835079432460662,False,66.82,True,1.2156053012179704,87.0,1.12,0,False,▁▅▃▅▄█▁▇▆▆▅▄▇▄▁▇▃▅▆█,False,False,False,0,-0.031555073464155425,-0.098908156711625,0.019487778790877264,-0.05478230389939609,UP,False,31,24.0,IGNORE,SEED,,NEUTRAL,C,WAIT,CMF positive,Health Services,24.1
SBICARD,581.0,593.05,594.0,581.0,True,False,False,False,False,False,0.7882433689243056,80.6065456,0.70982699445719,False,0.03876195774896162,True,54.9,False,0.9976829766934715,71.0,0.62,0,False,▄▃▁▆▆▆▆▅▇▇▅▅█▆▄▅▃▄▄▅,False,False,False,6,-0.0812776723592663,-0.09929462832338576,-0.030234820104233617,-0.05516877551115684,UP,False,31,24.0,IGNORE,NONE,,NEUTRAL,C,WAIT,CMF positive,Finance,26.4
NDRAUTO,739.9,719.4,746.3,716.05,False,True,False,False,False,False,0.9918381173026474,1.48401743,1.0201771354070952,False,0.01249050806604418,True,50.99,False,0.924795734223246,55.0,0.17,0,True,▃▂▇▅▅▃▅▇▅▅▄▁▂█▄▁▃█▄▃,False,False,False,0,0.02422480620155043,-0.0966914906604811,0.07526765845658312,-0.05256563784825219,UP,False,31,24.0,IGNORE,NONE,,NEUTRAL,C,WAIT,CMF positive,Producer Manufacturing,29.0
HIRECT,1171.4,1182.0,1189.5,1150.7,True,False,False,True,False,True,0.5048185284317898,3.04997418,0.47558399201898316,False,-0.1294983090844237,False,50.44,True,1.1324270624024786,69.0,0.57,0,True,▂▄▁█▆▁▂▃▃▃▃▂▁▄▃▆▇▅█▆,False,False,False,0,-0.061528601185707354,-0.1048448723826989,-0.010485748930674665,-0.06071901957046999,UP,False,29,24.0,IGNORE,NONE,,NEUTRAL,C,WAIT,No standout factor,Producer Manufacturing,29.0
GICRE,320.25,329.2,329.75,319.0,True,False,False,False,False,False,0.7040397174314629,22.096001025,0.641216246277437,False,0.01817576862055619,True,53.46,True,1.0350736226608712,51.0,0.04,0,False,▅▅▆▁▄▅▅▅▄▄▅▃█▄█▃▃▄▅▅,False,False,False,0,-0.09725158562367864,-0.11472011057360054,-0.04620873336864595,-0.07059425776137163,UP,False,26,24.0,IGNORE,NONE,,NEUTRAL,C,WAIT,CMF positive,Finance,26.4
RUSTOMJEE,362.95,357.1,367.2,355.1,False,True,False,False,False,False,0.9011230728748554,3.424324365,0.9127734823001382,False,0.003778771026186704,True,55.67,False,0.9486805892828233,53.0,0.11,0,True,▄▃▁▄▄▃▃▃▃▃▄▄▅▆▂▄▄█▄▃,False,False,False,0,-0.034835793112618085,-0.11637248934875233,0.016207059142414604,-0.07224663653652341,UP,False,25,24.0,IGNORE,NONE,,NEUTRAL,C,WAIT,CMF positive,Finance,26.4
ZYDUSWELL,506.1,523.55,528.8,503.05,True,False,False,True,False,False,0.5407068396965048,15.59704041,0.4974695061730548,False,-0.15322389689972854,False,48.35,True,1.1353629756607295,73.0,0.65,0,True,▇██▇▁▅▆▅▇▇█▇▄▆▄▇▆▆▇▇,False,False,False,0,-0.0429273827534038,-0.14546222034613754,0.008115469501628891,-0.10133636753390862,UP,False,18,24.0,IGNORE,NONE,,NEUTRAL,C,WAIT,No standout factor,Consumer Non-Durables,27.5
CSBBANK,316.2,323.75,323.75,315.1,True,False,False,False,False,False,0.5049402522746824,14.990504459999999,0.48893001151299026,False,0.2758091858730774,False,46.03,True,1.009108945620362,43.0,-0.05,0,False,█▆█▆▆▆▆▅▆▆▁▃▅▅▅▆▄▄▆▅,False,False,False,0,-0.06711904410680036,-0.14540540540540547,-0.016076191851767674,-0.10127955259317656,UP,False,18,24.0,IGNORE,NONE,,NEUTRAL,C,WAIT,CMF positive,Finance,26.4
PIIND,2288.8,2327.5,2339.0,2288.8,True,False,False,False,False,False,0.6940037412087289,42.5384924,0.6743575585104352,False,0.14414628937811622,False,48.68,True,1.1013699249991515,45.0,-0.14,0,False,▃▄▄▃▄▄▄▇▃▃▅▄█▅▁▃▄▆▄▅,False,False,False,0,-0.045179592007008385,-0.14654336639570442,0.0058632602480243046,-0.1024175135834755,UP,False,17,24.0,IGNORE,NONE,,NEUTRAL,C,WAIT,CMF positive,Process Industries,25.8
AWFIS,247.1,250.4,251.7,244.05,True,False,False,False,False,False,0.2779330978638578,11.649232979999999,0.24043224210192005,False,0.4299544638203626,False,43.82,True,1.0328815556865056,37.0,-0.33,0,False,▃▇▇▆█▆▇▆▁▁▄▅▆▅▆▅▆▆▆▅,False,False,False,0,-0.05974124809741255,-0.1488115742335515,-0.008698395842379858,-0.1046857214213226,UP,False,17,24.0,IGNORE,NONE,,NEUTRAL,C,WAIT,CMF positive,Finance,26.4
HSCL,667.6,666.9,676.6,663.4,True,False,False,True,False,False,0.5086888351729575,112.59554672,0.510144084254867,False,-0.243596630135481,False,41.34,True,1.127751861854489,81.0,0.87,0,True,▁▁▄▅▄▃▅▄▅▅▄▄█▄▆▅▄▄▆▅,False,False,False,0,-0.019460967907762305,-0.16643775752278678,0.031581884347270384,-0.12231190471055786,UP,False,12,24.0,IGNORE,NONE,,NEUTRAL,C,WAIT,No standout factor,Process Industries,25.8
WALCHANNAG,203.24,202.15,206.23,198.95,False,False,False,False,False,False,0.7117206982954231,8.785496128,0.6876043986178548,False,0.04770698086116083,True,45.49,False,0.9749354365134646,67.0,0.41,0,True,▅▇▅▄▄▁▄▄▆▆▆▄▇▆█▁▆▁▆▅,False,False,False,0,-0.03223656016380161,-0.18785214785214777,0.01880629209123108,-0.14372629503991885,UP,False,9,24.0,IGNORE,NONE,,NEUTRAL,C,WAIT,CMF positive,Producer Manufacturing,29.0
ADANIENSOL,1338.6,1341.4,1344.0,1315.0,True,False,False,True,False,False,0.4000089790781554,203.34953706,0.3771829331512657,False,-0.5719080666551258,False,53.56,True,1.0782517665532583,91.0,1.24,0,False,▃▄▃▃▄▂▁▃▃▃▃▅▅██▅▅▃▃▆,False,False,False,0,-0.17217068645640077,-0.20769458419650788,-0.12112783420136808,-0.16356873138427896,UP,False,6,24.0,IGNORE,SEED,,NEUTRAL,C,WAIT,Delivery P91,Utilities,34.3
GHCLTEXTIL,132.27,135.6,135.65,128.16,True,True,True,True,False,True,0.8062152810311516,6.936807561,0.8001706696658442,False,-0.21052253630306894,False,44.69,False,0.8822426216563024,7.0,-1.3,0,False,▁▃▆▄▆█▅▇▅▅▄▆▅▇▂▅▃▅▅▃,False,False,False,2,-0.058241367034531755,0.12810234541577836,-0.007198514779499066,0.17222819822800728,FLAT,True,80,23.0,IGNORE,NONE,,NEUTRAL,C,WAIT,No standout factor,Process Industries,25.8
GIPCL,181.56,183.0,184.94,179.17,True,False,False,True,False,True,0.5507584582100662,4.566106908,0.5073200963717412,False,-0.11183204232682233,False,55.02,True,1.0288535258148364,53.0,0.1,0,False,▃▂▂▇▇▄▆▅▃▃▃▄▆▁▄▃█▂▂▄,False,False,False,3,-0.08672032193158963,0.11956588764876375,-0.03567746967655694,0.16369174046099266,FLAT,True,79,23.0,IGNORE,NONE,,NEUTRAL,C,WAIT,No standout factor,Utilities,34.3
TIIL,2926.4,2920.4,2980.5,2914.6,True,False,False,True,False,False,0.7285135139226556,7.04150368,0.6830077900741364,False,-0.33492612903139796,False,53.65,True,1.044455043656858,40.0,-0.15,0,True,▆▇▄▅▆▅▆▆▄▄▃▅▅▇▆▃▁█▆▅,False,False,False,0,-0.10439173680183622,0.11430964892239759,-0.05334888454680353,0.1584355017346265,FLAT,True,78,23.0,IGNORE,NONE,,NEUTRAL,C,WAIT,No standout factor,Producer Manufacturing,29.0
DECNGOLD,201.0,205.65,206.98,200.0,True,False,False,True,False,False,0.9022212974654316,21.7062915,0.8206392439655819,False,-0.13812159270707694,False,44.93,True,1.0238005719428969,63.0,0.39,0,True,▃▃█▅▅▃▃▂▁▁▃▅▅▃▅▃█▅▆▄,False,False,False,0,-0.10587188612099652,0.05290728129910938,-0.05482903386596383,0.09703313411133829,FLAT,True,69,23.0,IGNORE,NONE,,NEUTRAL,C,WAIT,No standout factor,Non-Energy Minerals,34.0
ALKYLAMINE,1781.3,1799.8,1826.0,1771.2,True,False,False,False,False,True,0.5141170992571062,5.19231137,0.4764647858522798,False,-0.3948175275888041,False,49.41,True,1.1886547344110854,73.0,0.65,0,True,▃▁▄▁▂▅▄▅▇▇▄▃█▃▄▂▅▅▅▆,False,False,False,0,-0.11422178020885132,-0.030268386956285087,-0.06317892795381863,0.013857465855943829,FLAT,True,51,23.0,IGNORE,NONE,,NEUTRAL,C,WAIT,No standout factor,Process Industries,25.8
GARFIBRES,753.85,775.45,777.4,750.0,True,False,False,True,False,True,0.5852688697638911,2.008331785,0.5511944672238523,False,-0.2232075634014394,False,52.45,True,1.0271926990002251,47.0,-0.09,0,True,▄▁▄▃▂▄▅█▄▄▃▄▄▃▄▃▂▃▄▄,False,False,False,0,-0.10543491159368701,-0.03228498074454422,-0.05439205933865432,0.011840872067684693,FLAT,True,51,23.0,IGNORE,NONE,,NEUTRAL,C,WAIT,No standout factor,Process Industries,25.8
EKC,107.74,107.35,108.96,104.81,False,True,False,False,False,False,0.15814738975261655,2.36634749,0.1511692441318758,False,0.2949892241037933,True,43.43,False,0.9049236346967265,25.0,-0.35,0,False,▇▆▆█▆▇▆▇▇▇▇▆▇█▇▁▃▃▇▆,False,False,False,0,0.01843274411570084,-0.04831728645879341,0.06947559637073353,-0.004191433646564491,UP,False,47,23.0,IGNORE,NONE,,NEUTRAL,C,WAIT,CMF positive,Producer Manufacturing,29.0
BANKBARODA,235.22,234.55,236.03,234.12,False,False,False,False,False,False,0.34774975542581243,57.670369286,0.3449738420648891,False,0.08740511108496059,True,39.78,False,0.7404649777562683,10.0,-1.48,0,False,▁▇▄█▄▇▇▃▄▄▄▁█▆▅▆▂▄▅▁,False,False,False,0,-0.023983402489626604,-0.052678211840515576,0.027059449765406085,-0.00855235902828666,UP,False,45,23.0,IGNORE,NONE,,NEUTRAL,C,WAIT,CMF positive,Finance,26.4
BAJAJHFL,81.26,82.5,82.5,81.06,True,False,False,False,False,False,0.9804826328533259,22.964051622000003,0.9527989780973619,False,0.055702249049958415,True,52.71,False,0.9910595933102067,44.0,-0.07,0,False,█▄▅▅▁▃▅▇▅▅▂▃▆▄▆▃▅▃█▄,False,False,False,0,-0.019191309595654626,-0.0569803876058953,0.03185154265937806,-0.012854534793666383,UP,False,45,23.0,IGNORE,NONE,,NEUTRAL,C,WAIT,CMF positive,Finance,26.4
ANURAS,1177.8,1187.2,1196.5,1165.0,True,False,False,False,False,True,0.3338157720574674,22.649094,0.3328237420402223,False,-0.32129025222773244,True,61.24,True,1.0761417751770432,75.0,0.79,0,False,▃▆▇▅▁▂█▅▂▂▄▂▂▄▁▃▂▄▄▅,False,False,False,0,-0.06508969677726628,-0.06996209728363878,-0.014046844522233592,-0.025836244471409864,UP,False,40,23.0,IGNORE,NONE,,NEUTRAL,C,WAIT,No standout factor,Health Technology,38.7
INDOTECH,3186.2,3225.0,3270.0,3079.9,False,False,False,True,False,False,1.1254146005057306,5.4595537,1.0409707066816423,True,-0.10528692016182885,True,42.31,False,0.6722969483661325,15.0,-1.01,0,True,▅█▄▆▆▁▇█▅▅▇▅▆▇▅▆▆▄▅▁,False,False,False,0,-0.13937658689427912,-0.06814459522695371,-0.08833373463924643,-0.024018742414724792,FLAT,False,40,23.0,IGNORE,NONE,,NEUTRAL,C,WAIT,No standout factor,Producer Manufacturing,29.0
SURYAROSNI,220.75,220.0,224.89,218.55,False,True,False,False,False,False,0.9308004574993117,8.34024405,0.9494487328813898,False,-0.1527573002494607,True,51.25,False,0.8765928333190799,41.0,-0.07,0,True,▁▄▄▅█▅▅▄▅▅▂▄▇▇▃▃▅▁▆▂,False,False,False,0,0.008820034731743087,-0.07286854262914744,0.059862886986775776,-0.02874268981691852,UP,False,39,23.0,IGNORE,NONE,,NEUTRAL,C,WAIT,No standout factor,Non-Energy Minerals,34.0
PTC,155.75,155.2,156.09,153.53,False,False,False,False,False,False,1.0624734534136093,19.830572825,1.0693700304448914,True,-0.1322791971633159,True,55.83,False,0.9190804257105464,43.0,-0.1,0,True,▁▇▆▆█▇▇▆▇▇▆▇▅▆▇▇▆▇▇▆,False,False,False,0,0.003543814432989789,-0.08387741897535439,0.05458666668802248,-0.039751566163125474,UP,False,36,23.0,IGNORE,NONE,,NEUTRAL,C,WAIT,No standout factor,Utilities,34.3
GROWW,183.95,183.39,185.39,179.35,False,False,False,True,False,False,0.6463016216562835,488.51226241999996,0.620295391615141,False,-0.09380073747768312,True,50.6,False,0.9080060653369582,85.0,1.04,0,True,▄▁▂▂▂▄▄▃▃▃█▂▅▁▃▂▂▃▄▂,False,False,False,0,-0.04222638758721242,-0.095757754510151,0.008816464667820267,-0.05163190169792209,UP,False,31,23.0,IGNORE,SEED,,NEUTRAL,C,WAIT,No standout factor,Miscellaneous,22.2
KOTIC,150.0,149.07,154.65,147.42,True,True,True,False,False,False,0.12117388304803911,0.154125,0.1257864693921646,False,-0.3089548596995808,True,56.45,True,1.1738651250805798,38.0,-0.21,0,False,█▇▇▆▆▆█▁▄▄▆▃▃▃▂▅▅▅▇▆,False,False,False,0,0.04275286757038588,-0.1071428571428571,0.09379571982541857,-0.06301700433062818,UP,False,28,23.0,IGNORE,NONE,,NEUTRAL,C,WAIT,No standout factor,Process Industries,25.8
PARACABLES,57.85,56.35,58.6,55.33,False,False,False,True,False,False,0.8432467790392151,8.9714937,0.7650423358522047,False,-0.1925894615621654,True,49.69,True,1.0479253440185583,54.0,0.1,0,False,▆▄▆▄▅▂▃▅▅▅▃▅▅▇▄▅▆▁█▅,False,False,False,0,-0.08825847123719466,-0.12135479951397332,-0.03721561898216197,-0.0772289467017444,UP,False,24,23.0,IGNORE,NONE,,NEUTRAL,C,WAIT,No standout factor,Producer Manufacturing,29.0
BIOCON,377.0,376.05,379.95,373.25,False,False,False,False,False,True,0.8896998141463128,104.4626284,0.8600513874531903,False,-0.23537010977996822,True,45.05,False,0.8648160946018583,33.0,-0.39,0,True,▃▄▅▄▄▂▁▄▂▂▁▄█▁▄▄▃▃▂▂,False,False,False,0,-0.05996758508914102,-0.1437656143538497,-0.008924732834108329,-0.0996397615416208,UP,False,18,23.0,IGNORE,NONE,,NEUTRAL,C,WAIT,No standout factor,Health Technology,38.7
INDIAGLYCO,304.5,301.5,307.7,292.6,False,False,False,False,False,False,0.6833481517382834,15.24957315,0.56349576593634,False,0.16584919153228464,True,32.17,False,0.746464330050004,5.0,-1.74,0,False,▁▅▆▄▆▅▅▇▆▇█▅▃▇▆▇▁▁▃▃,False,False,False,0,-0.7345942647956071,-0.7336424072778167,-0.6835514125405744,-0.6895165544655878,UP,False,0,23.0,IGNORE,NONE,,NEUTRAL,C,WAIT,CMF positive,Process Industries,25.8
JUBLCPL,2107.4,2124.6,2154.7,2094.2,True,False,True,True,False,False,0.751557742389235,1.40184248,0.7342704552213263,False,-0.12170980288067747,True,46.69,False,0.8419287362954414,25.0,-0.58,0,True,▃▁▆▅▅▅▅▅▇▇█▅▇▂▆▂▂▆▅▃,False,False,False,0,-0.05157515751575148,0.0915777478504094,-0.0005323052607187906,0.1357036006626383,FLAT,True,75,22.0,IGNORE,NONE,,NEUTRAL,C,WAIT,No standout factor,Process Industries,25.8
NETWEB,4613.0,4550.0,4664.0,4453.0,False,False,False,True,False,False,0.7175736478346,379.1826031,0.6754847311818449,False,-0.09268534996651157,True,19.01,False,0.8267014568384433,49.0,-0.05,0,True,▁▁▃▂▃▇█▃▄▄▃▂▅▃▄█▄▆▄▂,False,False,False,0,-0.10191764820402993,0.08355060719235197,-0.05087479594899724,0.12767646000458088,FLAT,True,74,22.0,IGNORE,NONE,,NEUTRAL,C,WAIT,No standout factor,Electronic Technology,27.1
STEL,597.95,611.8,618.45,592.75,True,False,False,True,False,True,0.3216449351859777,0.10111334500000001,0.30617125478531193,False,-0.008373361796423546,True,51.21,False,0.8283391968943346,36.0,-0.32,0,False,▂▂▂▆▁▃▁▃▄▄█▅▆█▃▁▂▃▅▂,False,False,False,3,-0.04036270261595243,0.08050234911456466,0.01068014963908026,0.12462820192679358,FLAT,True,74,22.0,IGNORE,NONE,,NEUTRAL,C,WAIT,No standout factor,Finance,26.4
TTKHLTCARE,1033.7,1016.6,1042.6,1000.0,False,False,False,True,False,True,0.2120144218639364,1.0771154,0.1932832026596123,False,-0.2698775882660273,True,45.6,False,0.8505717110294528,6.0,-1.53,0,True,▂▃▅▄█▃▁▃▃▃▃▅▅▂▅▃▅▆▃▂,False,False,False,2,-0.08416762647293341,0.005349153861116562,-0.03312477421790072,0.04947500667334548,FLAT,True,62,22.0,IGNORE,NONE,,NEUTRAL,C,WAIT,No standout factor,Health Technology,38.7
INDIGOPNTS,1078.9,1110.6,1115.5,1072.5,True,False,False,True,False,False,1.0941567686300033,6.965054730000001,1.0424043825366252,False,0.03354461720320289,False,46.39,False,0.9339077567290077,42.0,-0.15,0,False,███▇▅▆▄█▃▃▆▆█▅▅▇▆▅▁▅,False,False,False,4,-0.07975093824633228,0.001299303944315655,-0.028708085991299592,0.04542515675654457,FLAT,True,60,22.0,IGNORE,NONE,,NEUTRAL,C,WAIT,CMF positive,Process Industries,25.8
GNRL,98.01,99.12,99.12,96.9,True,False,False,False,False,False,0.14894549095688092,0.739446246,0.13917062754735915,False,0.11553812833076535,True,49.25,False,0.8517224681793027,31.0,-0.46,0,False,▄█▆█▃▁▂▃▆▆▄▅▃▇▇██▃▆▄,False,False,False,1,0.030599369085173578,-0.005983772819472488,0.08164222134020627,0.03814207999275643,UP,True,58,22.0,IGNORE,NONE,,NEUTRAL,C,WAIT,CMF positive,Energy Minerals,25.5
VOEPL,495.0,495.15,511.95,491.9,True,False,False,True,False,True,0.5732754493733717,2.2524975,0.537773548621094,False,-0.0847044084120822,True,43.45,False,0.8295625942684768,22.0,-0.34,0,True,▂▄▅█▂▅▄▆▆▆▅▄▆▇▅▄▁▄▃▂,False,False,False,0,-0.11131059245960506,-0.017857142857142905,-0.06026774020457237,0.02626870995508601,FLAT,True,55,22.0,IGNORE,NONE,,NEUTRAL,C,WAIT,No standout factor,Health Technology,38.7
SANSTAR,105.9,106.5,107.08,104.62,True,False,False,True,False,False,0.7112534554565135,1.3118256600000002,0.6783570988884347,False,-0.09911185068055545,True,50.09,True,1.0893393066852248,40.0,-0.18,0,False,█▇▅▁▆▆▄█▆▆▆▇▇▇▄▄▆▇▅▇,False,False,False,0,-0.013599105812220458,-0.01735176765333568,0.03744374644281223,0.026774085158893235,UP,True,55,22.0,IGNORE,NONE,,NEUTRAL,C,WAIT,No standout factor,Consumer Non-Durables,27.5
M&M,3030.0,2965.0,3045.0,2965.0,False,False,False,False,False,False,1.011011823926155,607.692255,0.975424269328761,True,-0.2930682847468593,True,63.22,True,1.0171427652060592,71.0,0.6,0,False,▁▅▅▆▆▅▅▄▃▃▄▄█▆▅▇▅▆▆▅,False,False,False,0,-0.09009009009009006,-0.02816088267368022,-0.03904723783505737,0.015964970138548695,FLAT,True,53,22.0,IGNORE,NONE,,NEUTRAL,C,WAIT,No standout factor,Consumer Durables,23.7
IFCI,70.97,70.06,71.65,69.53,False,False,False,True,False,False,0.3004092253327712,276.035678803,0.23681502276993652,False,-0.20301966324224127,True,14.1,False,0.8402610172521677,9.0,-1.37,0,False,█▁▃▁▂▄▃▃▃▃▂▂▂▃▂▃▄▄▅▂,False,False,False,3,-0.18668347467338997,-0.026073830108412355,-0.13564062241835728,0.01805202270381656,FLAT,True,53,22.0,IGNORE,NONE,,NEUTRAL,C,WAIT,No standout factor,Finance,26.4
THYROCARE,547.1,549.95,555.55,545.0,True,False,False,True,False,False,0.45446036977625287,5.7713579,0.44052747879467336,False,-0.2781611715727326,True,51.59,False,0.8937976437976438,68.0,0.42,0,True,▃▂▅▃▃▄▂▅▇▇▃▂▆▃▁▃▁▄█▂,False,False,False,0,-0.07357548048429419,-0.02798258861153058,-0.022532628229261498,0.016143264200698337,FLAT,True,53,22.0,IGNORE,NONE,,NEUTRAL,C,WAIT,No standout factor,Health Services,24.1
ARSSBL,500.45,497.0,506.35,495.0,True,False,False,False,False,False,0.8347850062463168,6.12140431,0.8302873179798179,False,-0.09679295570050966,True,52.75,False,0.9687342178963316,84.0,1.04,0,True,▄▄▆▁▃▃▇▆██▁▄▆▃▄▇▆▅▇▅,False,False,False,0,-0.01641116352201266,-0.038335895465026915,0.03463168873302003,0.005789957347202002,UP,True,49,22.0,IGNORE,NONE,,NEUTRAL,C,WAIT,No standout factor,Finance,26.4
MAHSCOOTER,12341.0,12804.0,12804.0,12110.0,True,False,False,False,False,False,11.251085568326948,40.7697276,10.42823240589219,False,-0.2134776848583032,False,47.71,False,0.8931613531272817,38.0,-0.27,0,True,▅▇▂█▆▆▂▆▅▅▃▅▄▁▄▅▅▇▄▄,False,False,False,1,-0.09886820007301933,-0.04474030497716541,-0.04782534781798664,-0.0006144521649364965,FLAT,False,48,22.0,IGNORE,DISTRIBUTION,,NEUTRAL,C,WAIT,No standout factor,Finance,26.4
ACCELYA,1095.4,1099.0,1108.7,1085.0,True,False,False,False,False,False,1.697763772562678,1.0091920200000002,1.6619994995583103,False,-0.12016122179578377,False,66.75,False,0.9568863563057735,69.0,0.48,0,True,▄▃▄▄▄▆▃▄▅▅▃▅▅▄▄▇▃█▁▃,False,False,False,0,-0.03258853660690619,-0.04623421854592935,0.018454315648126496,-0.0021083657337004347,UP,False,47,22.0,IGNORE,DISTRIBUTION,,NEUTRAL,C,WAIT,No standout factor,Technology Services,23.6
BLUEDART,4576.0,4747.2,4751.9,4523.0,True,False,False,False,False,False,11.050393592304754,40.3731328,10.267312068124502,False,-0.3117493938774994,False,56.7,True,1.1423505827599754,85.0,0.79,0,False,▁▂▄▆█▅▃▃▆▆▂▄▅▃▅▃▂▃▁▅,False,False,False,0,-0.10362389813907935,-0.06033101975440469,-0.05258104588404666,-0.016205166942175775,FLAT,False,43,22.0,IGNORE,DISTRIBUTION,,NEUTRAL,C,WAIT,No standout factor,Transportation,30.4
BFINVEST,436.15,436.5,439.3,432.05,False,False,False,False,False,False,0.7296348893673553,0.868331035,0.6984894214956774,False,-0.08617756645075232,False,68.58,True,1.38455947670193,92.0,1.24,0,True,▆▆▁▅▆▆▆▁▃▃▄▇▂▆▇▇▇▆▇█,False,False,False,0,-0.01856435643564358,-0.06775675964518557,0.03247849581938911,-0.023630906832956655,UP,False,41,22.0,IGNORE,SEED,,NEUTRAL,C,WAIT,Delivery P92,Finance,26.4
STARHEALTH,538.1,550.0,561.65,535.9,True,False,False,True,False,True,1.0493610530575261,33.95782289,1.0193296209204148,False,-0.007758498325754352,False,57.16,True,1.0112250223350523,55.0,0.07,0,False,▂▄▄▄▄▄▅▄▅▅▄▄▆▅▅▅█▁▃▄,False,False,False,0,-0.039793004996431014,-0.08587445850675268,0.011249847258601675,-0.041748605694523766,UP,False,35,22.0,IGNORE,NONE,,NEUTRAL,C,WAIT,No standout factor,Finance,26.4
MAYURUNIQ,727.25,717.05,739.5,708.95,False,False,False,True,False,False,0.6432934959257789,5.3860135,0.6351808318119085,False,0.0012400910099118075,True,47.93,False,0.8591376358927019,17.0,-0.83,0,False,▇█▄█▃▁▂▃▂▂▁▂▂▃▅▅▄▆▄▁,False,False,False,0,-0.02014281864726497,-0.0857950974230044,0.03090003360776772,-0.04166924461077548,UP,False,35,22.0,IGNORE,NONE,,NEUTRAL,C,WAIT,CMF positive,Process Industries,25.8
PAGEIND,36580.0,37130.0,37400.0,36580.0,True,True,False,False,False,False,1.3297986673353872,91.654848,1.3474909098581824,False,0.1268471095390659,False,45.53,False,0.9858712715855574,34.0,-0.39,0,False,▅▆█▆▅▅▅▄▅▅█▄▇▃▂▁▃▄▅▅,False,False,False,0,0.0253679046951647,-0.08766679137049505,0.07641075695019739,-0.04354093855826613,UP,False,34,22.0,IGNORE,NONE,,NEUTRAL,C,WAIT,CMF positive,Consumer Non-Durables,27.5
SUNCLAY,1231.5,1245.2,1272.0,1228.0,False,False,False,False,False,False,1.260729558185527,0.7497372,1.2284772155819417,True,-0.21982818953588143,False,58.72,False,0.8643683575234787,46.0,-0.08,0,True,▅▄▅▇▄▄▇▃▇▇▁▇▆▄▄▄▃██▂,False,True,False,0,-0.050281483766484225,-0.08946395563770793,0.000761368488548464,-0.04533810282547901,UP,False,33,22.0,IGNORE,NONE,,NEUTRAL,C,WAIT,No standout factor,Producer Manufacturing,29.0
MPHASIS,2154.4,2238.0,2238.9,2154.4,True,False,False,False,False,False,1.0569512135344676,89.8901856,0.9625679219679526,False,-0.15849192179771504,False,64.85,True,1.337292626846897,98.0,2.0,0,True,▃█▇▂▂▆▃█▄▄▃▃▅▂▆▃▃▁▄▇,False,False,False,0,-0.1401317102374775,-0.0948279484055291,-0.08908885798244481,-0.05070209559330019,FLAT,False,32,22.0,IGNORE,SEED,,NEUTRAL,C,WAIT,Delivery P98,Technology Services,23.6
SBFC,84.46,86.78,88.3,83.61,True,False,False,False,False,False,3.880501470187121,50.287179943999995,3.3719772805355177,False,-0.41136023534720406,False,61.02,True,1.16979468205433,85.0,0.82,0,False,█▁▃▂▃▃▃▄▄▄▄▄▆▆▄▄▆▅▄▅,False,False,False,2,-0.15497748874437223,-0.09658787036046634,-0.10393463648933954,-0.05246201754823743,FLAT,False,31,22.0,IGNORE,DISTRIBUTION,,NEUTRAL,C,WAIT,No standout factor,Finance,26.4
KEI,4461.0,4500.0,4521.0,4457.5,True,False,False,False,False,False,0.9771973500228589,277.2359826,0.9132517916411215,False,-0.1786115482803931,False,59.34,True,1.2700926778108348,91.0,1.45,0,True,▁▇▅▃▅▆▆█▅▅▂▁▆▅▅▇▃▁▅█,False,False,False,0,-0.16585639491398652,-0.10322645492009253,-0.11481354265895383,-0.05910060210786361,FLAT,False,29,22.0,IGNORE,SEED,,NEUTRAL,C,WAIT,Delivery P91,Producer Manufacturing,29.0
GLOBUSSPR,804.8,820.0,820.05,801.1,True,False,False,False,False,False,0.8653694975852947,5.625632479999999,0.810040797900635,False,-0.27370095559623664,False,61.95,True,1.1219675634559136,97.0,1.54,0,True,█▆▄▄▆▄▅▅▃▃▁▄▅▁█▄▂▂▄▆,False,False,False,0,-0.12038909230012573,-0.10463369861489691,-0.06934624004509304,-0.06050784580266799,FLAT,False,29,22.0,IGNORE,SEED,,NEUTRAL,C,WAIT,Delivery P97,Consumer Non-Durables,27.5
MAZDOCK,2087.1,2136.0,2137.4,2087.1,True,False,False,False,False,False,1.2727019567728826,154.14318792,1.1506386037784968,False,-0.3427564224564173,False,41.28,True,1.1897968006917423,98.0,1.92,0,True,▆▅▄▁▆▁▅▇▇▇▄▄▆▆█▇▄▆▅█,False,False,False,0,-0.15842741935483873,-0.11054762412103136,-0.10738456709980604,-0.06642177130880245,FLAT,False,28,22.0,IGNORE,SEED,,NEUTRAL,C,WAIT,Delivery P98,Producer Manufacturing,29.0
ORIENTELEC,156.62,160.78,165.0,155.0,True,False,False,False,False,False,2.5571560117436696,4.710393486,2.345590827643459,False,-0.23857853390579267,False,45.72,False,0.7922439113144282,35.0,-0.21,0,True,▄▂▆▅▆▄██▅▅▂▁▄▂▇▄▆▄▅▁,False,False,False,0,-0.11842845885399078,-0.12262618340709197,-0.06738560659895809,-0.07850033059486305,UP,False,23,22.0,IGNORE,DISTRIBUTION,,NEUTRAL,C,WAIT,No standout factor,Consumer Durables,23.7
GANESHHOU,706.65,720.65,724.95,702.35,True,False,False,False,False,False,1.278369985170802,2.03769594,1.2050218199012712,False,-0.10340538191460037,False,71.47,True,1.211561281573148,97.0,1.67,0,True,▁▄▄▄▄▃▂▄▄▄▅▄█▄▂▂▆▂▅▇,False,False,False,0,-0.08842879256965952,-0.12640623068364443,-0.03738594031462683,-0.08228037787141551,UP,False,22,22.0,IGNORE,SEED,,NEUTRAL,C,WAIT,Delivery P97,Consumer Durables,23.7
NUCLEUS,652.55,661.6,661.6,647.7,True,False,False,False,False,False,1.3799829708181748,1.454207675,1.2727024168041055,False,-0.26438697503850545,False,72.8,True,1.1809267354999877,97.0,1.44,0,True,▄▃▄█▃▅▄▄▄▄▂▆▃▄▄▁▅▅▅▆,False,False,False,0,-0.11900904549750246,-0.12941097992128614,-0.06796619324246977,-0.08528512710905722,UP,False,21,22.0,IGNORE,SEED,,NEUTRAL,C,WAIT,Delivery P97,Technology Services,23.6
KSCL,742.1,770.0,785.0,731.25,True,True,False,False,False,False,0.2445187414398815,27.876689660000004,0.23034483660933042,False,0.14408967719903482,False,15.62,False,0.3170414873751725,2.0,-3.33,0,False,▇▇▅▇▇▆▆▆▇▇▆▇▆▇█▇▁▁▂▂,False,False,False,0,-0.02560399159663862,-0.1445040059945818,0.02543886065839407,-0.10037815318235288,UP,False,18,22.0,IGNORE,NONE,,NEUTRAL,C,WAIT,CMF positive,Process Industries,25.8
HOMEFIRST,1094.4,1094.0,1109.2,1057.2,False,False,False,False,False,True,0.7314840676794602,20.894065920000003,0.6662149584391238,False,0.26046658199307504,False,54.42,False,0.9708668581521062,42.0,-0.17,0,False,▃▄▃▄▄█▄▆▄▄▁▆▄▄▃▂▃▂▃▄,False,False,False,0,-0.07473791004396335,-0.14506679165690173,-0.023695057788930662,-0.10094093884467281,UP,False,18,22.0,IGNORE,NONE,,NEUTRAL,C,WAIT,CMF positive,Finance,26.4
KERNEX,1744.1,1713.8,1763.0,1682.8,False,False,False,True,False,False,0.6844426722588967,24.24944317,0.6891290656229021,False,0.003819518371302158,True,39.92,False,0.9243736396054277,30.0,-0.45,0,False,█▃▇▁▅▇▇▄▄▄▇▅▅▅▅▆▆▅▄▅,False,False,False,0,0.06718472740622894,-0.18171155109317827,0.11822757966126163,-0.13758569828094935,UP,False,10,22.0,IGNORE,NONE,,NEUTRAL,C,WAIT,CMF positive,Electronic Technology,27.1
DBCORP,175.73,178.0,179.88,174.72,True,False,False,False,False,False,1.6613523055212387,1.7936585369999998,1.5528314589418146,False,-0.42235969723887185,False,47.41,False,0.7535144671281102,24.0,-0.59,0,True,▄▄▄▄▁▅▅▇▅▅▄▅█▅▅▄▅▄▅▁,False,False,False,0,-0.11139765372168287,-0.1890632210429165,-0.060354801466650176,-0.1449373682306876,UP,False,9,22.0,IGNORE,DISTRIBUTION,,NEUTRAL,C,WAIT,No standout factor,Consumer Services,24.4
PARKHOTELS,102.02,103.78,104.25,100.62,True,False,False,False,False,False,2.1537611861033628,3.2106204099999998,2.0321017279030804,False,-0.17560411183144523,False,56.83,False,0.9246965407270005,40.0,-0.2,0,True,▂▁█▇▅▄▄▃▆▆▄▃▄▅▂▃▄▃▂▃,False,False,False,0,-0.08845604002859186,-0.20309326667708183,-0.037413187773559176,-0.1589674138648529,UP,False,7,22.0,IGNORE,DISTRIBUTION,,NEUTRAL,C,WAIT,No standout factor,Consumer Services,24.4
CRAFTSMAN,10505.0,10566.0,10646.0,10405.0,True,False,False,True,False,True,0.4901097637049785,29.0935975,0.46199084660484874,False,-0.012423518658772384,False,44.43,False,0.9070864212653886,36.0,-0.28,0,False,▁▇▆▅▆▄▅▃▆▆▅▅█▅█▅▆▆▇▅,False,False,False,6,-0.06647116324535685,0.11713723613548144,-0.015428310990324157,0.16126308894771035,FLAT,True,79,21.0,IGNORE,NONE,,NEUTRAL,C,WAIT,No standout factor,Producer Manufacturing,29.0
ULTRAMAR,420.0,423.9,423.9,412.3,False,False,True,True,False,True,0.2318787115406846,0.770868,0.22406946132140063,False,-0.04122379646212588,False,64.85,True,1.1331172518630472,55.0,0.11,0,False,▁▇▃▄▃▄▂▃▄▄▆▃█▄▄▇▅▃▂▆,False,False,False,1,-0.054160567503659496,0.1102299762093577,-0.0031177152486268067,0.15435582902158662,FLAT,True,78,21.0,IGNORE,NONE,,NEUTRAL,C,WAIT,No standout factor,Process Industries,25.8
ANTHEM,869.75,855.0,880.0,852.05,False,False,False,True,False,True,0.736141713257751,59.97796,0.6912914505840106,False,-0.3049449215836143,False,47.64,False,0.8501753352785288,22.0,-0.7,0,False,▁▂▃▂▂▄▄▆██▆▂█▃▂▁▄▂▆▁,False,False,False,3,-0.059221200648999495,0.09879350641147133,-0.008178348393966806,0.14291935922370025,FLAT,True,76,21.0,IGNORE,NONE,,NEUTRAL,C,WAIT,No standout factor,Health Technology,38.7
PATANJALI,371.4,390.0,391.6,368.9,True,False,True,False,False,False,0.7165949122905964,138.31006566,0.7054483392968774,False,0.4031793700930988,False,24.01,False,0.6488487731056102,10.0,-1.33,0,False,▄▆█▇█▇█▇▆▆▃▅▆▁▁▂▄▅▆▃,False,False,False,1,0.07403123192596861,0.09155033063923579,0.1250740841810013,0.1356761834514647,FLAT,True,75,21.0,IGNORE,NONE,,NEUTRAL,C,WAIT,CMF positive,Process Industries,25.8
SHAILY,3040.8,3046.5,3091.0,3011.9,False,False,False,True,False,True,0.6684252103935718,33.383726880000005,0.62593722868174,False,-0.18766385637934635,False,45.37,False,0.9848698634597434,53.0,0.09,0,True,▆▆▆▆▇▅█▇▇▇▇▇▇▁▆▄▅▅▆▆,False,False,False,2,-0.06903836144873399,0.06874736398144266,-0.017995509193701298,0.11287321679367157,FLAT,True,72,21.0,IGNORE,NONE,,NEUTRAL,C,WAIT,No standout factor,Process Industries,25.8
DCBBANK,202.37,206.05,206.06,201.1,True,False,False,True,False,True,0.5988195465154009,19.775029764000003,0.5447588645751441,False,-0.07084554649176247,False,47.85,False,0.9609398533989356,46.0,-0.04,0,False,▅▇▅▅▅▃▁▆██▄▆▇▆▆▅▆█▇▅,False,False,False,8,-0.09813271536164703,0.06387340973609512,-0.04708986310661434,0.10799926254832404,FLAT,True,71,21.0,IGNORE,NONE,,NEUTRAL,C,WAIT,No standout factor,Finance,26.4
ARVSMART,609.7,612.95,621.9,606.2,True,True,False,True,False,True,0.1908771678503635,4.74438055,0.18556316134561043,False,-0.14440063540418455,False,39.65,False,0.8351236362104553,16.0,-0.81,0,True,█▇█▇▇█▇█▇▇█▇▆▇▇▁▄▅▃▅,False,False,False,0,-0.0705792682926829,0.034354058868436566,-0.019536416037650217,0.07847991168066548,FLAT,True,66,21.0,IGNORE,NONE,,NEUTRAL,C,WAIT,No standout factor,Finance,26.4
POLYPLEX,1061.3,1061.0,1078.3,1050.0,True,False,False,True,False,True,1.1950712537385146,5.46420918,1.1204315766411521,False,-0.12812507657180444,False,57.82,False,0.978283857977954,60.0,0.3,0,True,▃▄▇▇▆▇▅█▆▆▆▁▅▆▆▅▅█▆▅,False,False,False,0,-0.10642418119053643,-0.009935164886421988,-0.05538132893550374,0.03419068792580693,FLAT,True,57,21.0,IGNORE,NONE,,NEUTRAL,C,WAIT,No standout factor,Process Industries,25.8
PNGJL,585.05,585.35,592.2,572.7,True,False,False,False,False,False,0.8001026653371309,22.21376345,0.7739417003057706,False,0.025741660938759514,True,40.94,False,0.7771155233286511,10.0,-1.11,0,False,▂▅▄▁▂█▄▅▆▆▄▄█▄▃▂▆▁▅▁,False,False,False,0,-0.002727350208812762,-0.02613399916770709,0.04831550204621993,0.017991853644521827,UP,True,53,21.0,IGNORE,NONE,,NEUTRAL,C,WAIT,CMF positive,Retail Trade,31.2
NTPCGREEN,89.99,91.5,92.19,89.65,True,False,False,False,False,False,0.8636210755980059,21.741350026,0.8535846978717344,False,0.052795658587622675,False,50.43,False,0.9717699200308314,56.0,0.19,0,False,▄█▅▄█▆▄▅▇▇▂▂▅▄▁▆▄▂▁▄,False,False,False,0,0.008743414415424366,-0.02755565161011464,0.059786266670457056,0.016570201202114276,UP,True,53,21.0,IGNORE,NONE,,NEUTRAL,C,WAIT,CMF positive,Utilities,34.3
TATATECH,686.75,701.5,706.2,683.7,True,False,False,False,False,False,0.6330038729811525,40.053388925,0.5717408300044581,False,-0.28612498781173923,True,46.9,True,1.2279897885710545,77.0,0.7,0,True,▁▂▄▃▆▄▇▂▆▆▁▃▆▃▇▇▄█▆█,False,False,False,0,-0.1573102644334009,-0.0579561042524005,-0.10626741217836821,-0.013830251440171581,FLAT,False,44,21.0,IGNORE,NONE,,NEUTRAL,C,WAIT,No standout factor,Technology Services,23.6
ORKLAINDIA,540.05,550.1,550.75,530.15,True,False,False,False,False,False,2.5937746216924507,10.356052805,2.4291719542080377,False,-0.19074144966490617,True,48.49,False,0.8251229431483657,16.0,-0.8,0,False,▃▁▄▂▂▄▄▃▅▅█▅▄▇▃▆▆▅▂▂,False,False,False,0,-0.07604790419161689,-0.05873638344226584,-0.0250050519365842,-0.014610530630036922,FLAT,False,44,21.0,IGNORE,NONE,,NEUTRAL,C,WAIT,No standout factor,Consumer Non-Durables,27.5
M&MFIN,328.05,327.0,331.35,325.3,True,False,False,False,False,False,1.0420136053439324,58.700250045000004,0.9547005820357997,False,-0.07327866293071698,True,59.69,True,1.057676973509347,83.0,1.01,0,True,▆▆▄▃▂▇▄▄▆▆▃▃█▃█▃▄▃▁▆,False,False,False,0,-0.09975301866081221,-0.06231241960840361,-0.04871016640577952,-0.018186566796174697,FLAT,False,43,21.0,IGNORE,NONE,,NEUTRAL,C,WAIT,No standout factor,Finance,26.4
TCI,868.7,867.2,880.0,846.0,False,True,False,False,False,False,1.3375728520177332,37.02764254,1.3203927899913366,True,-0.4772766386208791,True,17.19,False,0.3190275135711966,2.0,-3.24,0,False,▆▆▆▇█▇▇▇▇▇▇▆▆▆▆▇▇▁▃▂,False,False,False,0,-0.016473252193603072,-0.06691729323308271,0.03456960006142962,-0.022791440420853792,UP,False,41,21.0,IGNORE,NONE,,NEUTRAL,C,WAIT,No standout factor,Transportation,30.4
RESPONIND,168.09,162.4,172.69,160.22,False,True,True,False,False,False,0.4068702124767272,22.549038174,0.42921611420186745,False,-0.2769683925950375,True,21.06,False,0.7651226158038147,23.0,-0.85,0,False,▅▇▅▁▃▅▁▂▃▃▄▅▅▅▇▆█▂▅▄,False,False,False,0,0.11933142438569622,-0.07561592608886936,0.1703742766407289,-0.03149007327664044,UP,False,38,21.0,IGNORE,NONE,,NEUTRAL,C,WAIT,No standout factor,Non-Energy Minerals,34.0
ESCORTS,2706.2,2740.7,2761.8,2701.0,True,False,False,False,False,False,0.5758029551933436,11.06619304,0.5416417744291232,False,-0.239526605740406,True,57.87,True,1.0756105720976914,83.0,0.8,0,True,▁▇▆▇▆▇▆▆██▆▇█▆▆▅▆▅▇▇,False,False,False,0,-0.10274858260667752,-0.08456802652053308,-0.05170573035164483,-0.04044217370830416,FLAT,False,35,21.0,IGNORE,NONE,,NEUTRAL,C,WAIT,No standout factor,Producer Manufacturing,29.0
TIPSMUSIC,647.2,657.35,659.0,639.2,True,False,False,True,False,True,1.1522257683518466,17.871263040000002,1.13688419550511,False,-0.06756023924555747,True,46.75,False,0.9127828650643341,40.0,-0.08,0,False,▅▇▃▄█▂▂▄▁▁▅▇█▆▆▃▅▃▅▃,False,False,False,0,0.00574980574980577,-0.09126649817467003,0.05679265800483846,-0.047140645362441114,UP,False,33,21.0,IGNORE,NONE,,NEUTRAL,C,WAIT,No standout factor,Consumer Services,24.4
IFGLEXPOR,189.61,194.1,194.1,186.91,True,False,False,False,False,False,0.46810671815590443,0.4849654970000001,0.423925928572244,False,-0.002612353207227615,True,55.15,True,1.0839336078381272,62.0,0.35,0,True,█▆▆▇▇▆▁▅██▅▅▆▆▆▆█▇▇▇,False,False,False,0,-0.08801885431196188,-0.09481071275122921,-0.03697600205692919,-0.05068485993900029,UP,False,32,21.0,IGNORE,NONE,,NEUTRAL,C,WAIT,No standout factor,Producer Manufacturing,29.0
NFL,64.79,65.44,65.44,63.7,True,False,False,False,False,False,1.7016209775080766,4.861012288,1.6158671144057892,False,-0.09710008859149487,True,40.11,False,0.9572107009044699,56.0,0.09,0,False,▃▇▃▆▇▄▆▂██▄▁█▃▆▃█▃▅▅,False,False,False,0,-0.0813838083085211,-0.09851120077918463,-0.03034095605348841,-0.05438534796695571,UP,False,31,21.0,IGNORE,NONE,,NEUTRAL,C,WAIT,No standout factor,Process Industries,25.8
HONDAPOWER,1886.0,1884.7,1910.0,1828.1,False,False,False,False,False,False,1.2748244182421653,0.6555736,1.2334476190084125,True,-0.21019632290153753,True,55.15,False,0.9571163291161208,73.0,0.59,0,False,▆▃▃▅▄▃▇▅██▆▁▇▅▅█▅▇▇▅,False,True,False,0,-0.05387779672920645,-0.10314327832992543,-0.0028349444741737617,-0.05901742551769651,UP,False,30,21.0,IGNORE,NONE,,NEUTRAL,C,WAIT,No standout factor,Producer Manufacturing,29.0
CRAMC,223.55,227.5,228.0,222.15,True,False,False,False,False,False,0.5942075352690551,5.4577497,0.559988015000971,False,-0.19470757439663097,True,59.93,True,1.0177032477181065,84.0,0.9,0,True,▃▃█▄▆▁▃▂▂▂▂▁▄▆▃▄▂▅▄▄,False,False,False,0,-0.12453495202663001,-0.11675227182931636,-0.07349209977159732,-0.07262641901708744,FLAT,False,25,21.0,IGNORE,NONE,,NEUTRAL,C,WAIT,No standout factor,Finance,26.4
CMPDI,212.63,204.58,214.65,203.02,False,False,False,True,False,False,1.2254224050016511,50.385974264999994,1.1672461591799868,True,-0.07277091163014962,True,40.41,False,0.8856695122352141,50.0,-0.11,0,False,▇▄▂▅▅▁█▆▅▅▄▅▃▇▅▄▅▄▄▄,False,False,False,0,-0.08032006920415224,-0.16658174264100656,-0.029277216949119556,-0.12245588982877764,UP,False,12,21.0,IGNORE,NONE,,NEUTRAL,C,WAIT,No standout factor,Commercial Services,27.2
DSSL,993.0,1023.9,1024.1,986.0,True,False,False,False,False,False,1.028331427352171,2.7278703,0.9926098975533888,False,-0.3292584951593352,True,64.78,True,1.110311257370081,94.0,1.32,0,False,▆▅█▃▅▃▅▃▄▄▂▁▃▄▇▃▆▄▂▆,False,False,False,0,-0.02723354231974917,-0.18244689609748055,0.023809309935283518,-0.13832104328525163,UP,False,10,21.0,IGNORE,SEED,,NEUTRAL,C,WAIT,Delivery P94,Technology Services,23.6
EMSLIMITED,337.5,340.0,342.5,334.6,True,False,False,False,False,False,0.17631402116223932,3.5781075,0.15511650562848295,False,-0.4436058477822918,True,41.5,True,1.0566249108870558,45.0,-0.01,0,True,▆▁▄▇▅▇▃▅▇▇▆▆▆▇▇██▆█▆,False,False,False,0,-0.0937164339419978,-0.19976289270895076,-0.04267358168696511,-0.15563703989672184,UP,False,7,21.0,IGNORE,NONE,,NEUTRAL,C,WAIT,No standout factor,Industrial Services,35.2
INDOSTAR,209.04,208.0,217.19,208.0,True,False,False,False,False,False,1.5254403243513492,2.914770144,1.3172314080142853,False,-0.2827810190657762,True,66.14,True,1.11144720037642,85.0,1.04,0,False,▄▆█▆▄▄█▁▅▅▅▄▇▄█▄▄▅▁▇,False,False,False,0,-0.17073944779435102,-0.2274944567627495,-0.11969659553931833,-0.18336860395052057,UP,False,5,21.0,IGNORE,SEED,,NEUTRAL,C,WAIT,No standout factor,Finance,26.4
SPMLINFRA,162.07,160.0,165.0,158.98,False,False,False,False,False,False,0.5984206209088807,1.7156081919999997,0.5617070347311237,False,-0.09702579652872667,True,53.78,True,1.0147074084206753,73.0,0.59,0,True,▆▆▆▁▄▇▆▇▆▆▂▄▆▃▆▃█▆█▅,False,False,False,0,-0.09780672456023154,-0.21882681833518103,-0.04676387230519885,-0.1747009655229521,UP,False,5,21.0,IGNORE,NONE,,NEUTRAL,C,WAIT,No standout factor,Industrial Services,35.2
CEINSYS,677.95,682.0,690.0,668.0,True,False,False,False,False,False,0.7169851146435171,3.247041525,0.6995190212400564,False,-0.1286942617694618,True,52.59,True,1.058116958240697,54.0,0.21,0,True,▇▇▇▆▄▆█▄▄▄▆▁▅▅▆█▆▇▇▆,False,False,False,0,-0.045140845070422486,-0.24839246119733915,0.005902007184610203,-0.20426660838511024,UP,False,4,21.0,IGNORE,NONE,,NEUTRAL,C,WAIT,No standout factor,Industrial Services,35.2
BNAGROCHEM,208.0,208.0,218.0,197.6,False,False,False,False,False,False,0.1959903288615016,0.0190528,0.18491716129627037,False,-0.09007458124247787,True,85.51,True,1.0151241749370816,,,0,True,█▂▂▇▁▅▅▅██▃▄▆██▇▆██▆,False,False,False,0,-0.07964601769911506,-0.261101243339254,-0.028603165444082368,-0.21697539052702508,UP,False,3,21.0,IGNORE,NONE,,NEUTRAL,C,WAIT,No standout factor,Process Industries,25.8
RAMCOSYS,553.7,563.5,563.95,550.0,True,False,False,False,False,False,0.5732609337712777,2.2192849700000004,0.5367112147249022,False,0.00661031036262731,False,53.65,True,1.0268728706503847,86.0,0.87,0,True,▄▂▄▁▅▃▅▆▅▅▄▁▇▆█▆▇▂▅▅,False,False,False,0,-0.06303409763939416,-0.30474635861376187,-0.01199124538436147,-0.26062050580153295,UP,False,2,21.0,IGNORE,SEED,,NEUTRAL,C,WAIT,CMF positive,Technology Services,23.6
UNIVCABLES,1468.4,1427.1,1479.9,1404.4,False,False,True,True,False,False,0.6682619564502336,11.933099440000001,0.6506820950114425,False,-0.2285838068155448,True,37.66,False,0.8534167261520331,26.0,-0.62,0,False,▃▂▁▅▆▁▄▃██▂▃▂▃▁▄▂▁▄▂,False,False,False,0,-0.10713851392435836,0.2235647029414216,-0.05609566166932567,0.2676905557536505,FLAT,True,88,20.0,IGNORE,NONE,,NEUTRAL,C,WAIT,No standout factor,Electronic Technology,27.1
TECHNVISN,3900.0,3966.0,3989.0,3799.5,True,False,False,False,False,False,0.3760092272202999,0.06357,0.3268496036408691,False,-0.33212743086416846,True,85.63,True,1.1430058798795992,71.0,0.62,0,True,▂▂▁▄▄▂▃▃████▅▇▅▆▄▄█▇,False,False,False,0,-0.2571428571428571,0.19999999999999996,-0.20610000488782443,0.24412585281222887,FLAT,True,86,20.0,IGNORE,NONE,,NEUTRAL,C,WAIT,No standout factor,Technology Services,23.6
MOL,57.27,56.9,57.88,56.05,False,False,False,False,False,False,0.443211241523834,3.0829758210000002,0.3977321586165188,False,-0.16248528701506942,True,41.96,True,1.0537021458257474,21.0,-0.73,0,False,▁▁▄█▄▁▇▅▃▃▂▃▂▅▄▆▇█▇▅,False,False,False,3,-0.11688511950655345,0.05275735294117645,-0.06584226725152076,0.09688320575340537,FLAT,True,69,20.0,IGNORE,NONE,,NEUTRAL,C,WAIT,No standout factor,Process Industries,25.8
GPTHEALTH,153.8,156.1,157.2,153.11,True,False,False,True,False,True,0.3905523526129812,0.7299348000000001,0.3727433012574256,False,0.03475737391456098,False,51.81,False,0.9463186542219949,25.0,-0.55,0,False,▇▇▇▂▅▁▅▅▅▅▃▇▂▄▅▁▂▂█▄,False,False,False,0,0.014311152146673,0.018340727007879254,0.06535400440170569,0.06246657982010817,UP,True,64,20.0,IGNORE,NONE,,NEUTRAL,C,WAIT,CMF positive,Health Services,24.1
KRSNAA,553.6,540.0,559.0,529.0,False,True,True,False,False,False,0.7206459683839418,8.76990976,0.733467805458071,False,-0.48767961101935275,True,43.4,False,0.8300183598531212,6.0,-1.34,0,False,▆▆▅▆▆▅█▇▆▆▅▁▄▅▄▅▆▅▇▄,False,False,False,0,-0.011340298240914426,0.0022630578437585758,0.03970255401411826,0.04638891065598749,FLAT,True,61,20.0,IGNORE,NONE,,NEUTRAL,C,WAIT,No standout factor,Health Services,24.1
VSTTILLERS,4427.4,4285.8,4488.0,4232.2,False,True,True,False,False,False,0.9367509711546408,4.01432358,0.9761523266907364,False,-0.04155793509444925,True,41.29,False,0.7508842758031224,12.0,-1.18,0,False,▂▄▄▆▆▇▆▆██▇▄▁▄▃▅▂▁▅▁,False,False,False,0,0.05201378163241044,-0.013568611723815405,0.10305663388744313,0.03055724108841351,UP,True,56,20.0,IGNORE,NONE,,NEUTRAL,C,WAIT,No standout factor,Producer Manufacturing,29.0
SHK,140.33,137.02,142.28,136.23,False,False,False,False,False,False,0.7424738684158326,3.8737956170000003,0.7327486151337421,False,-0.03043613286668669,True,53.98,True,1.0205316292963282,46.0,-0.14,0,True,▅█▆▄▄▃▄▆▆▆█▁▇▄▅▃▅▄▅▅,False,False,False,0,-0.05609739691935145,-0.017434532978574335,-0.005054544664318761,0.02669131983365458,FLAT,True,55,20.0,IGNORE,NONE,,NEUTRAL,C,WAIT,No standout factor,Process Industries,25.8
PURVA,204.84,208.8,210.88,199.5,True,False,False,False,False,False,0.21515739196809403,4.924292148,0.19376426509745265,False,0.36437746619845296,False,41.14,True,1.1960345378957467,48.0,0.09,0,False,▆▇▅▁▄▇▆▆▇▇▄▂▆▃▃▇█▇▇▆,False,False,False,0,-0.035502401356059865,-0.06585187887632249,0.015540450898972824,-0.021726026064093573,UP,False,41,20.0,IGNORE,NONE,,NEUTRAL,C,WAIT,CMF positive,Finance,26.4
360ONE,1029.2,1040.0,1052.1,1019.4,True,False,False,False,False,True,2.8090729559706538,256.098409,2.619209779577539,False,-0.14087960098506747,False,51.88,False,0.9710809546092655,45.0,-0.0,0,False,▁▆▄▅▅▆▆▇▆▆█▆▇▆▅▆▆▆▅▅,False,False,False,0,-0.11702127659574457,-0.08082522104135037,-0.06597842434071188,-0.036699368229121454,FLAT,False,37,20.0,IGNORE,DISTRIBUTION,,NEUTRAL,C,WAIT,No standout factor,Finance,26.4
DLINKINDIA,414.2,416.95,418.0,403.0,True,False,False,False,False,False,1.213247821237639,3.3994636600000003,1.1509473648696418,False,0.042769022189759046,True,47.39,False,0.9026580699231436,29.0,-0.42,0,True,▆▁▇▅▅▆█▆▇▇▅▆▇▆▅▆▆▇▇▅,False,False,False,0,-0.05021783994496687,-0.08615554329840047,0.0008250123100658202,-0.042029690486171556,UP,False,35,20.0,IGNORE,NONE,,NEUTRAL,C,WAIT,CMF positive,Electronic Technology,27.1
DIAMONDYD,1051.1,1069.3,1069.3,1037.7,True,False,False,False,False,True,2.471490862099214,3.03547169,2.322263046898431,False,-0.06351979785529442,False,53.74,False,0.935976034554828,30.0,-0.54,0,False,▁▃█▅▃▂▅▅▃▃▃▅▆▄▅▁▃▃▅▃,False,False,False,0,-0.08184835779175403,-0.08512490208025081,-0.030805505536721345,-0.04099904926802189,UP,False,35,20.0,IGNORE,DISTRIBUTION,,NEUTRAL,C,WAIT,No standout factor,Consumer Non-Durables,27.5
VENTIVE,559.85,556.0,563.4,548.8,False,False,False,False,False,False,0.6144792623097365,1.13526383,0.6013809343356954,False,0.046086074286369336,True,49.36,False,0.737486926639773,20.0,-0.83,0,True,▄▃█▂▂▅▄▆▆▆▄▅▆▄▆▂▁▄▅▂,False,False,False,0,-0.05637957188606091,-0.0974528453973883,-0.0053367196310282194,-0.05332699258515938,UP,False,31,20.0,IGNORE,NONE,,NEUTRAL,C,WAIT,CMF positive,Consumer Services,24.4
EIHAHOTELS,292.35,289.0,294.35,286.0,False,False,False,False,False,False,0.6411579923335594,0.33862900500000004,0.6326778862348139,False,0.0426886461569041,True,52.1,False,0.8676753461958017,37.0,-0.22,0,True,▇▄▆▆▄▃▆▅▃▃▃▆▃▇▇▆█▁▃▄,False,False,False,0,-0.0032390044323218348,-0.09949176035730778,0.047803847822710854,-0.05536590754507886,UP,False,30,20.0,IGNORE,NONE,,NEUTRAL,C,WAIT,CMF positive,Consumer Services,24.4
BASF,3435.6,3495.8,3520.9,3411.0,True,False,False,False,False,False,0.8394592823286261,5.588690519999999,0.7848924180850172,False,-0.15109089102279616,False,50.86,True,1.0097681067344344,50.0,0.03,0,True,▄▄▅▅▆▇▄▆▅▅▃▅▄▁▅▃▅▃█▅,False,False,False,0,-0.08647096362476081,-0.10384224117693086,-0.03542811136972812,-0.059716388364701944,UP,False,29,20.0,IGNORE,NONE,,NEUTRAL,C,WAIT,No standout factor,Process Industries,25.8
ICICIPRULI,444.55,452.05,455.45,442.95,True,False,False,False,False,False,1.8725285904304487,129.452382085,1.748589174770555,False,-0.0562923767075764,False,44.54,False,0.8854430694299489,17.0,-1.0,0,False,█▆▃▅▃▃▄█▇▇▁▂▇▄▄▇▅▃▇▄,False,False,False,0,-0.10273488747603188,-0.11178821178821174,-0.05169203522099919,-0.06766235897598283,UP,False,27,20.0,IGNORE,DISTRIBUTION,,NEUTRAL,C,WAIT,No standout factor,Finance,26.4
SEIL,188.06,188.0,195.0,185.41,True,False,False,False,False,False,0.46660774436835434,2.25324089,0.4480173764228363,False,0.06049872644974214,False,73.59,True,1.114147508345887,85.0,1.02,0,False,█▅▃▇▆▂▃▂▃▃▁▁▅▂▂▃▆▃▃▅,False,False,False,0,-0.07496310870634537,-0.11501176470588237,-0.023920256451312683,-0.07088591189365345,UP,False,26,20.0,IGNORE,SEED,,NEUTRAL,C,WAIT,CMF positive,Commercial Services,27.2
TMPV,290.2,297.0,297.7,288.0,True,False,False,False,False,False,2.5759091301905235,649.83400652,2.4434063198035556,False,-0.32528955284397537,False,40.11,False,0.8336884112945969,16.0,-0.98,0,False,▂▆▆▆▆▅▅▅▄▄▆▁█▅▆▄█▇▇▃,False,False,False,0,-0.08164556962025316,-0.12537673297166974,-0.030602717365220466,-0.08125088015944082,UP,False,22,20.0,IGNORE,DISTRIBUTION,,NEUTRAL,C,WAIT,No standout factor,Consumer Durables,23.7
MEDIASSIST,306.7,308.0,310.35,303.0,True,False,False,False,False,False,0.9666071781753425,7.70442668,0.9014971117852144,False,-0.1163546997297465,False,60.65,True,1.0011472338458747,69.0,0.3,0,True,▂▃▆█▃▄▄▄▃▃▂▁▅▅█▆▄▆▅▄,False,False,False,0,-0.09273776068628903,-0.14173779208059334,-0.04169490843125634,-0.09761193926836442,UP,False,19,20.0,IGNORE,NONE,,NEUTRAL,C,WAIT,No standout factor,Finance,26.4
HEXT,482.1,488.9,493.85,476.25,True,False,False,False,False,False,0.49498097071710995,7.33442835,0.4564216737980565,False,-0.044700141059859075,False,59.46,True,1.214944677720906,76.0,0.58,0,True,▃▃▆▂▂▁▂▂▃▃▁▂▅▄█▂▂▃▇▅,False,False,False,0,-0.12520413718018508,-0.13918400142844378,-0.0741612849251524,-0.09505814861621487,UP,False,19,20.0,IGNORE,NONE,,NEUTRAL,C,WAIT,No standout factor,Technology Services,23.6
HAWKINCOOK,7900.0,8085.0,8085.0,7851.0,True,False,False,False,False,True,1.8452005593178515,2.65835,1.7687435374799558,False,-0.38792832160217605,False,59.5,False,0.9019866445338852,23.0,-0.58,0,False,▅▄▁▃▂▄▃▆██▇▄▇▆▅▇▄▇▅▄,False,False,False,0,-0.024811751635600565,-0.14497537745549005,0.026231100619432124,-0.10084952464326113,UP,False,18,20.0,IGNORE,DISTRIBUTION,,NEUTRAL,C,WAIT,No standout factor,Producer Manufacturing,29.0
COLPAL,1785.1,1833.2,1836.0,1785.1,True,False,False,False,False,False,0.6172082586198546,46.750162409999994,0.5951829360273846,False,-0.09082801622087987,False,61.74,True,1.0488583854308238,85.0,1.0,0,True,▄▄▆▇▆▅▇▆▅▅▁▄▇█▄▅▆▅▆▆,False,False,False,0,-0.040165609205290886,-0.14706866071001967,0.010877243049741803,-0.10294280789779076,UP,False,17,20.0,IGNORE,SEED,,NEUTRAL,C,WAIT,No standout factor,Consumer Non-Durables,27.5
JKCEMENT,4824.5,4993.5,4993.5,4810.5,True,False,False,False,False,False,0.6851436623454901,14.20381045,0.6617387297049195,False,-0.18843648312240668,False,58.91,True,1.1172432104384769,67.0,0.38,0,True,▁▆▆▄▆█▅▅▄▄▄▅▅▆▃▇▄▄▄▅,False,False,False,0,-0.050014768140198895,-0.14731353835277483,0.0010280841148337938,-0.10318768554054591,UP,False,17,20.0,IGNORE,NONE,,NEUTRAL,C,WAIT,No standout factor,Non-Energy Minerals,34.0
TORNTPOWER,1220.2,1237.3,1243.9,1211.5,True,False,False,False,False,False,0.5460498538046751,27.37140438,0.521608941002662,False,-0.16822307011188714,False,71.59,True,1.4219882808620519,97.0,1.93,0,False,▆▄▁▃▆▅▃▄▆▆▆▃▆▄▅▇▅▆▇█,False,False,False,0,0.000738128434347729,-0.15021937460825963,0.05178098068938042,-0.10609352179603071,UP,False,16,20.0,IGNORE,SEED,,NEUTRAL,C,WAIT,Delivery P97,Utilities,34.3
AADHARHFC,432.5,435.1,443.95,427.3,True,False,False,False,False,False,1.1241652086974523,16.276532,1.049899942091601,False,-0.07722164014326109,False,62.66,True,1.0897391304347825,71.0,0.52,0,True,▂▄▆▂▃▁▃▆▃▃▂▅▇▃▃▆▃█▄▅,False,False,False,0,-0.09224472662398986,-0.15774099318403112,-0.04120187436895717,-0.1136151403718022,UP,False,15,20.0,IGNORE,NONE,,NEUTRAL,C,WAIT,No standout factor,Finance,26.4
SANOFICONR,3867.0,3971.1,3971.1,3813.0,True,False,False,False,False,False,9.013131499333124,16.071252,8.583987389693725,False,-0.15265998583713705,False,49.14,False,0.8674239415362618,28.0,-0.46,0,False,▅▄▄▄▅▅█▅▅▅▄▁▅▅▄▄▄▄▃▄,False,False,False,0,-0.06544540577118274,-0.15508652333508133,-0.014402553516150052,-0.11096067052285241,UP,False,15,20.0,IGNORE,DISTRIBUTION,,NEUTRAL,C,WAIT,No standout factor,Health Technology,38.7
AFCONS,245.1,253.0,253.05,244.9,True,False,False,False,False,False,0.19437880801014817,13.774325879999997,0.18071211039401056,False,-0.32789793546327795,False,49.96,True,1.0676582467837759,55.0,0.14,0,True,▆▇▅▅▅▄▆█▄▄▁▁▃▃▃▅▄▄▆▅,False,False,False,0,-0.14075372480280457,-0.1546818416968443,-0.08971087254777188,-0.11055598888461537,UP,False,15,20.0,IGNORE,NONE,,NEUTRAL,C,WAIT,No standout factor,Industrial Services,35.2
ZAGGLE,173.84,175.0,176.26,172.25,True,False,False,False,False,False,0.6073131098637247,9.794406360000002,0.5821595215659433,False,-0.04458650281788608,False,42.56,True,1.0642660665166292,42.0,-0.09,0,True,▃▄▄▅▁▆▇▁▂▂▂▂▄▂█▇█▄█▅,False,False,False,0,-0.05736904891009642,-0.1566078012808073,-0.006326196655063732,-0.1124819484685784,UP,False,15,20.0,IGNORE,NONE,,NEUTRAL,C,WAIT,No standout factor,Technology Services,23.6
SIGNPOST,257.85,262.05,265.7,255.6,True,False,False,False,False,False,0.1197508404081325,0.936124425,0.11511092413743625,False,0.09140467537970833,False,67.17,True,1.2675737389368007,78.0,0.72,0,False,███▇▁▄▂▄▇▇▃▅▆▇▇▇▆▇█▇,False,False,False,0,0.0219976218787159,-0.15625,0.07304047413374859,-0.11212414718777108,UP,False,15,20.0,IGNORE,NONE,,NEUTRAL,C,WAIT,CMF positive,Commercial Services,27.2
OLECTRA,1136.9,1179.0,1183.0,1134.0,True,False,False,False,False,False,0.965429169134351,40.91123281,0.8933427163960836,False,-0.25886221643189483,False,48.15,True,1.202082111070889,91.0,1.3,0,False,▇▅▂██▅▄▅▆▆▄▄▃▅▃▁█▆▇▇,False,False,False,0,-0.0885111841577807,-0.1612070237568245,-0.03746833190274801,-0.11708117094459558,UP,False,13,20.0,IGNORE,SEED,,NEUTRAL,C,WAIT,Delivery P91,Consumer Durables,23.7
GKENERGY,119.4,120.99,121.81,118.99,True,False,False,False,False,False,1.2222368562512769,5.30748522,1.1564142855514783,False,-0.28203794014357164,False,51.71,True,1.0566430994319342,79.0,0.72,0,True,▅▅▇▆▅▃█▄██▇▇▅▁▂▄▆▇▆▆,False,False,False,0,-0.09600242277407633,-0.16503496503496495,-0.044959570519043646,-0.12090911222273604,UP,False,13,20.0,IGNORE,NONE,,NEUTRAL,C,WAIT,No standout factor,Industrial Services,35.2
FIEMIND,1921.1,1926.0,1939.7,1901.3,True,False,False,False,False,False,0.6054689298838613,6.94612127,0.588373844491082,False,-0.2550019744838999,False,55.1,True,1.0278029080666673,75.0,0.62,0,True,▁▄▄▅▄▇▅▇▄▄▅▇▅█▇▄▆▃▅▅,False,False,False,0,-0.07891834875581338,-0.17602401887197083,-0.027875496500780694,-0.13189816605974192,UP,False,11,20.0,IGNORE,NONE,,NEUTRAL,C,WAIT,No standout factor,Producer Manufacturing,29.0
AIAENG,3835.7,3850.0,3859.5,3805.0,True,False,False,False,False,False,0.599423602906138,14.08890967,0.5712097267172047,False,-0.18888828989279435,False,66.07,True,1.1616703296703295,88.0,1.01,0,True,▃▄▂█▁▃▂▂▂▂▄▁▂▃▃▂█▃▃▄,False,False,False,0,-0.09603601055806943,-0.18066858912741646,-0.04499315830303674,-0.13654273631518754,UP,False,10,20.0,IGNORE,SEED,,NEUTRAL,C,WAIT,No standout factor,Producer Manufacturing,29.0
AWHCL,364.35,369.0,377.8,361.0,True,False,False,False,False,False,0.14548291860447518,2.36412141,0.14013738402323556,False,0.17785333046086277,False,45.0,True,1.0537654552266766,52.0,0.22,0,False,█████▇▆▆██▇▁▄▅▆▂▆▇▆▇,False,False,False,0,-0.03445077514244066,-0.18160377358490554,0.01659207711259203,-0.13747792077267662,UP,False,10,20.0,IGNORE,NONE,,NEUTRAL,C,WAIT,CMF positive,Transportation,30.4
ABLBL,76.98,77.13,84.43,75.06,True,False,False,False,False,False,52.38176941851637,250.36215407400002,49.0468122033374,False,-0.5390685298839387,False,16.84,False,0.2968891866399866,0.0,-3.34,0,False,▅▇▆▅▅█▅▇██▇█▇▇▇▇▆▆▇▁,False,False,False,0,-0.09785538497597557,-0.18874486247233635,-0.04681253272094288,-0.14461900966010743,UP,False,9,20.0,IGNORE,DISTRIBUTION,,NEUTRAL,C,WAIT,No standout factor,Retail Trade,31.2
ZSARACOM,10255.0,10058.0,10299.0,9834.0,False,False,False,False,False,False,0.5078809106830122,0.0297395,0.4882889944476305,False,0.0377773839022848,True,63.33,False,0.8228468969459946,22.0,-0.48,0,True,▄▄▁▂▃▂▅▄▅▅▃▄█▁▆█▄▂▁▁,False,False,False,0,-0.06602914389799641,-0.19537073362102786,-0.014986291642963723,-0.15124488080879894,UP,False,8,20.0,IGNORE,NONE,,NEUTRAL,C,WAIT,CMF positive,Finance,26.4
ABREL,1160.6,1192.1,1194.7,1155.6,True,False,False,False,False,False,1.0415560989726966,19.73623512,0.9578649808978611,False,-0.3004539600573211,False,50.1,True,1.0230022359030904,64.0,0.33,0,True,▆▇▄▃█▆▇▄██▅▇▆▅▇▇▁▅█▆,False,False,False,0,-0.1447310243183494,-0.19698332526119144,-0.0936881720633167,-0.15285747244896253,UP,False,7,20.0,IGNORE,NONE,,NEUTRAL,C,WAIT,No standout factor,Process Industries,25.8
ALLTIME,193.18,199.5,199.5,192.45,True,False,False,False,False,False,0.6284108610120985,1.834166828,0.5882980275333713,False,0.020493963132022272,True,59.35,True,1.1656339300619643,64.0,0.33,0,False,▁▄▄▄▄▅▅▄▁▁▃▂▃▅▄▅▂▅█▅,False,False,False,0,-0.03698903290129607,-0.19912109779859877,0.014053819353736619,-0.15499524498636985,UP,False,7,20.0,IGNORE,NONE,,NEUTRAL,C,WAIT,CMF positive,Producer Manufacturing,29.0
ZEEL,74.14,76.5,76.85,73.31,True,False,False,False,False,False,0.914894221046831,117.625134022,0.8143801220614924,False,-0.4504761632057107,False,34.91,True,1.2171608876802118,40.0,-0.27,0,True,▁█▅▅▆▃▆▇▆▆▁█▆▆▂▄▆▇▆█,False,False,False,0,-0.20629482924740383,-0.310838445807771,-0.15525197699237114,-0.26671259299554206,UP,False,2,20.0,IGNORE,NONE,,NEUTRAL,C,WAIT,No standout factor,Consumer Services,24.4
THERMAX,3291.0,3369.0,3375.9,3269.1,True,False,False,False,False,False,1.1842806466316316,54.0833067,1.0862081700545287,False,-0.28288945116936426,False,61.78,True,1.152031625860108,85.0,0.96,0,True,▄█▄▄▅▆▄▁▁▁▅▃▆▄█▅▇▃▄▇,False,False,False,0,-0.15900030665440046,-0.32018178062383806,-0.10795745439936777,-0.27605592781160915,UP,False,1,20.0,IGNORE,SEED,,NEUTRAL,C,WAIT,No standout factor,Producer Manufacturing,29.0
GLAXO,2783.8,2888.0,2899.9,2770.6,True,False,True,True,False,True,0.636982504464517,13.866664560000002,0.612240881082916,False,-0.1377012381890438,False,41.85,False,0.8235595088161209,4.0,-1.75,0,False,▆▄▆▃▅▅▄▃▄▄▆▆█▅██▅▄▁▄,False,False,False,0,-0.07085878308467664,0.11058804755445628,-0.019815930829643946,0.1547139003666852,FLAT,True,78,19.0,IGNORE,NONE,,NEUTRAL,C,WAIT,No standout factor,Health Technology,38.7
TARC,127.02,127.24,128.92,125.33,False,False,False,False,False,False,0.569954294373451,3.91513746,0.5614818709458617,False,0.1552707552768195,False,54.89,True,1.0069065460849147,68.0,0.48,0,False,▁█▅▆▃▄▃▇▃▃▆▃▅▄▅▇▃▂▇▄,False,False,False,0,0.03698261082537346,0.10069324090121312,0.08802546308040615,0.14481909371344204,FLAT,True,76,19.0,IGNORE,NONE,,NEUTRAL,C,WAIT,CMF positive,Finance,26.4
VADILALIND,7277.0,7440.0,7543.0,7224.0,True,False,True,True,False,True,0.5495117731577867,6.818549,0.5435083862616787,False,-0.17974285061261908,False,42.55,False,0.9837354202550083,25.0,-0.71,0,False,▃▆▄▅▆▅▆█▅▅▇▅▆▂▁▂▅▄▂▅,False,False,False,0,-0.06187959262601517,0.06747836291623877,-0.010836740370982478,0.11160421572846768,FLAT,True,72,19.0,IGNORE,NONE,,NEUTRAL,C,WAIT,No standout factor,Consumer Non-Durables,27.5
HEROMOTOCO,5245.0,5375.0,5384.0,5238.0,True,False,False,False,False,False,1.1213156149427863,329.6173045,1.1031835806579673,False,-0.19335979754360316,False,63.92,True,1.155020689904411,88.0,1.26,0,True,▁▁▅▆▄▆▃▇▄▄▃▅█▄▆▄▃▄▅▆,False,False,False,0,-0.03761467889908254,0.053699499768969705,0.013428173355950146,0.09782535258119862,FLAT,True,70,19.0,IGNORE,SEED,,NEUTRAL,C,WAIT,No standout factor,Consumer Durables,23.7
BALAJITELE,91.74,93.92,93.92,90.7,True,False,False,False,False,False,0.33997855202308946,0.8763004799999999,0.33197950863807,False,0.08809727737660257,False,54.23,True,1.067509178059271,69.0,0.58,0,False,▇█▇▁▅▄▆▅██▄▄▅▅▆▄▅▆▅▆,False,False,False,0,-0.005636245393453421,0.05910875086585077,0.04540660686157927,0.10323460367807968,FLAT,True,70,19.0,IGNORE,NONE,,NEUTRAL,C,WAIT,CMF positive,Consumer Services,24.4
JINDALPOLY,675.3,679.95,685.35,667.05,True,False,False,True,False,False,0.16107878016791147,0.6925201499999999,0.150220480695676,False,-0.004424703865651005,False,46.52,True,1.0057399820558,48.0,0.02,0,False,█▃▄▆▅▄▆▆▄▄▁▄▆▃▆▆▇▅▄▅,False,False,False,3,-0.027575779393764988,0.008136149884302446,0.0234670728612677,0.05226200269653136,FLAT,True,62,19.0,IGNORE,NONE,,NEUTRAL,C,WAIT,No standout factor,Process Industries,25.8
KIMS,769.9,766.0,781.75,759.35,False,False,False,True,False,True,0.9337784619890467,31.026662039999998,0.9235640498055979,False,-0.01831187749372722,False,44.97,False,0.7738305213074415,17.0,-0.88,0,False,▇▆▅▅▅█▄▄▃▃▄▆▅▄▁▆▃▄▄▃,False,False,False,0,0.01516350210970474,-0.0259978493263332,0.06620635436473743,0.018128003485895716,UP,True,53,19.0,IGNORE,NONE,,NEUTRAL,C,WAIT,No standout factor,Health Services,24.1
BEL,392.7,392.0,394.55,388.6,False,False,False,False,False,False,0.6033169385245165,232.60276809,0.5895656187116903,False,-0.13695979901152203,False,70.83,True,1.262713148582278,100.0,2.46,0,False,▅▅▂▁▃▁▅▃▅▅▃▁▄▅▅▅▂▄▆█,False,False,False,0,-0.0445255474452555,-0.03537214443625658,0.006517304809777191,0.008753708375972336,FLAT,True,50,19.0,IGNORE,SEED,,NEUTRAL,C,WAIT,Delivery P100,Electronic Technology,27.1
MONTECARLO,516.75,515.75,519.85,509.0,False,False,False,False,False,False,0.5200178260341125,1.658199075,0.4895933783946135,False,-0.03968076689019091,False,60.39,True,1.0805346311438746,74.0,0.55,0,False,▇█▄▅▅▅▇▆▆▆▄▆▇▁▅▁▇▅▅▆,False,False,False,3,-0.041369075224932716,-0.03994426381792848,0.009673777030099973,0.004181588994300434,UP,True,49,19.0,IGNORE,NONE,,NEUTRAL,C,WAIT,No standout factor,Consumer Non-Durables,27.5
MONARCH,343.05,348.05,352.05,334.75,True,False,False,True,False,True,0.9583014586243587,3.1993872150000002,0.8819523655418502,False,-0.03850683461345558,True,49.25,False,0.8547156877207291,29.0,-0.49,0,True,▃▄▁▆▄█▅▂▄▄▃▅▇▇▅▄▇▅█▃,False,False,False,0,-0.08422317138280833,-0.04695096541186272,-0.03318031912777564,-0.0028251125996338056,FLAT,False,47,19.0,IGNORE,NONE,,NEUTRAL,C,WAIT,No standout factor,Finance,26.4
AMRUTANJAN,505.25,505.05,508.0,499.15,True,True,False,False,False,False,0.41924619200616575,0.88772425,0.4232743894844136,False,-0.07180355947781783,True,49.75,False,0.8736500131706031,12.0,-0.92,0,True,▃▃█▁▂▄▄▃▄▄▃▆▂▄▄▄▂▃▃▂,False,False,False,0,0.01384569077957254,-0.06191979205347198,0.06488854303460523,-0.017793939241243062,UP,False,43,19.0,IGNORE,NONE,,NEUTRAL,C,WAIT,No standout factor,Health Technology,38.7
TIRUMALCHM,152.39,155.01,157.29,150.0,True,False,False,False,False,False,0.7659811460178703,5.4158339269999995,0.7303521722990354,False,-0.17495719859365635,True,49.34,True,1.0948143874675484,50.0,-0.06,0,False,▆▁▄▆▅▆▆▅▁▁█▄▆▆▆▄▅▆▆▆,False,False,False,0,-0.043857447609486844,-0.07333536029188203,0.007185404645545845,-0.02920950747965312,UP,False,39,19.0,IGNORE,NONE,,NEUTRAL,C,WAIT,No standout factor,Process Industries,25.8
IRCTC,452.55,454.0,456.0,448.55,True,False,False,False,False,False,1.0324283960615273,29.169970095,0.9999610019437298,False,-0.28894053272580766,True,50.96,True,1.0048903612557185,56.0,0.21,0,False,▃▇▆▄▅█▅▂▇▇▁▃▄▂▁▂▃▄▇▅,False,False,False,0,-0.0598317232782799,-0.09453781512605042,-0.008788871023247213,-0.0504119623138215,UP,False,32,19.0,IGNORE,NONE,,NEUTRAL,C,WAIT,No standout factor,Consumer Services,24.4
INDIANHUME,355.8,350.35,358.0,345.35,False,False,False,False,False,False,1.1269609312129405,2.38168962,1.081078671051106,True,-0.2327144509767396,True,55.51,True,1.058290834564606,50.0,0.15,0,False,▇▁▄▅▆▆▅▇▆▆▄▁▁▇▄▆▄█▄▅,False,False,False,0,-0.043933897621926565,-0.09867004433185556,0.007108954633106124,-0.05454419151962664,UP,False,31,19.0,IGNORE,NONE,,NEUTRAL,C,WAIT,No standout factor,Producer Manufacturing,29.0
MOIL,243.96,242.75,244.5,237.1,False,False,False,False,False,False,0.8702615008111749,11.581561872,0.8614985226227558,False,-0.12701826673728867,True,46.11,True,1.0180043934694059,73.0,0.58,0,False,▁▃▂▄█▂▃▄▇▇▃▃▃▆▃▂▃▄▅▄,False,False,False,0,-0.025835562831929115,-0.10027659966808034,0.025207289423103574,-0.05615074685585142,UP,False,30,19.0,IGNORE,NONE,,NEUTRAL,C,WAIT,No standout factor,Non-Energy Minerals,34.0
MMTC,56.76,56.1,57.68,55.72,False,False,False,False,False,False,0.9716132856693291,7.291923144,0.8919942147880243,False,-0.2900331186527386,True,30.55,False,0.7839464196358692,49.0,0.01,0,True,▄▆▅▁▆▇▆▇▆▆▄▅▆▇▇▅█▃█▄,False,False,False,0,-0.08921694480102704,-0.10374230222643299,-0.038174092545994354,-0.059616449414204076,UP,False,29,19.0,IGNORE,NONE,,NEUTRAL,C,WAIT,No standout factor,Distribution Services,33.3
CANFINHOME,731.7,737.6,743.75,730.0,True,False,False,False,False,False,0.7128428511376523,13.388207580000001,0.6695401860700975,False,-0.14932660278563215,True,57.01,False,0.92672816678181,59.0,0.2,0,True,▁▅▅▇▆▇▅▆▇▇▇█▃▃▄▃▄▅▃▄,False,False,False,0,-0.07776657423745892,-0.12108108108108107,-0.02672372198242623,-0.07695522826885215,UP,False,24,19.0,IGNORE,NONE,,NEUTRAL,C,WAIT,No standout factor,Finance,26.4
HDBFS,630.9,636.0,640.9,626.45,True,False,False,False,False,False,0.4826690250448827,14.80930497,0.4485549353590294,False,0.020497084735089165,False,51.73,False,0.7969189293279415,12.0,-1.0,0,True,█▅▂▁█▄▇▃▄▄▄▃▅▇▃▄▄▄▃▂,False,False,False,0,-0.06574855619724562,-0.12447960033305583,-0.014705703942212933,-0.08035374752082691,UP,False,23,19.0,IGNORE,NONE,,NEUTRAL,C,WAIT,CMF positive,Finance,26.4
JWL,219.82,223.71,223.71,218.45,True,False,False,False,False,False,0.9581411973666647,13.782604090000001,0.8959886462859172,False,-0.36480097238979814,True,40.32,True,1.063641759546264,74.0,0.62,0,False,▁▄▅▁▃▄▃▁▇▇▆▅▅▇▄▃█▇█▅,False,False,False,0,-0.09300214556857578,-0.12194927102057118,-0.04195929331354309,-0.07782341820834227,UP,False,23,19.0,IGNORE,NONE,,NEUTRAL,C,WAIT,No standout factor,Producer Manufacturing,29.0
TVSHLTD,12298.0,12436.0,12497.0,12050.0,True,False,False,False,False,False,1.3947830248883215,12.9018318,1.3168181902700453,False,-0.08232121185719722,True,54.07,True,1.1051948450131326,62.0,0.18,0,False,▆▅▅▄▃▃▄▃▃▃▂▁█▅▅▄▅▄▅▅,False,False,False,0,-0.07240911147986118,-0.13613374543411072,-0.021366259224828488,-0.0920078926218818,UP,False,20,19.0,IGNORE,NONE,,NEUTRAL,C,WAIT,No standout factor,Producer Manufacturing,29.0
UBL,1210.2,1213.0,1228.2,1169.5,True,False,False,False,False,False,0.8004166699656481,14.06954316,0.7697172940783473,False,-0.22695640538249884,True,47.41,False,0.8037841091152609,26.0,-0.6,0,True,▁▄▁▃▃▃▂▂██▂▃▄▃▃▂▂▅▂▂,False,False,False,0,-0.07540683016273209,-0.138279692395329,-0.024363977907699397,-0.09415383958310009,UP,False,19,19.0,IGNORE,NONE,,NEUTRAL,C,WAIT,No standout factor,Consumer Non-Durables,27.5
COCKERILL,7950.0,7860.0,7999.5,7681.0,False,False,False,True,False,False,0.5502347022544046,3.117195,0.5393891398330096,False,-0.18161357826671692,True,47.36,False,0.9737442687665768,56.0,0.09,0,True,▇▇▇█▂▅▅▇▄▄▁▄▃█▄▇▇▄▇▅,False,False,False,0,-0.02692778457772338,-0.14331896551724133,0.02411506767730931,-0.09919311270501241,UP,False,18,19.0,IGNORE,NONE,,NEUTRAL,C,WAIT,No standout factor,Non-Energy Minerals,34.0
LAXMIDENTL,192.49,193.26,194.9,191.22,True,False,False,False,False,False,0.5327122671295901,0.653599795,0.5196059699416045,False,0.09322175663493655,True,40.9,False,0.740083960625362,36.0,-0.34,0,False,▄▄▃▄▅▄▅▃▅▅▁▃▃▄▆█▄▄▄▂,False,False,False,0,-0.002384037315366516,-0.14388009251022948,0.04865881493966617,-0.09975423969800057,UP,False,18,19.0,IGNORE,NONE,,NEUTRAL,C,WAIT,CMF positive,Health Services,24.1
GMRAIRPORT,93.75,94.1,94.74,93.5,True,False,False,False,False,False,0.7120576255005989,94.238278125,0.6930542908646905,False,-0.19836649430867978,True,58.95,True,1.0083300549065222,73.0,0.55,0,False,▁▆▅▆▅▇▄▆▅▅▄▅█▁▅▇▅▅▆▅,False,False,False,0,-0.046383887702166615,-0.15189071829202105,0.004658964552866074,-0.10776486547979214,UP,False,16,19.0,IGNORE,NONE,,NEUTRAL,C,WAIT,No standout factor,Transportation,30.4
ARE&M,766.3,775.0,778.95,764.0,True,False,False,False,False,False,0.799022493871583,24.970038759999998,0.7477447355841158,False,-0.2907499722330579,True,46.54,False,0.9021740183962859,39.0,-0.16,0,True,▂▄▄▃▄▄▁▃▃▃▅▅▇▄▂█▅▇▇▂,False,False,False,0,-0.12910558017956586,-0.15325966850828732,-0.07806272792453317,-0.1091338156960584,UP,False,16,19.0,IGNORE,NONE,,NEUTRAL,C,WAIT,No standout factor,Producer Manufacturing,29.0
SFL,631.5,630.0,638.95,616.95,False,False,False,False,False,False,0.5116350258866714,9.47824665,0.48253624934879014,False,-0.08381139504605037,True,46.3,False,0.9933916924133196,27.0,-0.44,0,True,▇▆▆▇▇▁▄▆▆▆▇▅█▇▅▆▆▇▆▆,False,False,False,0,-0.020550601008142655,-0.1533717656522322,0.030492251246890034,-0.10924591284000329,UP,False,16,19.0,IGNORE,NONE,,NEUTRAL,C,WAIT,No standout factor,Process Industries,25.8
ADVAIT,1909.0,1862.0,1911.0,1838.0,False,False,False,False,False,False,0.9853786918803003,7.7192324,0.9116950002855567,False,-0.09883364445517885,True,47.73,False,0.9792878466131166,61.0,0.38,0,True,▅▄▆▅█▃▅▄▄▄▂▃▆▃▄█▇▅▁▄,False,False,False,0,-0.1162037037037037,-0.15004452359750664,-0.06516085144867101,-0.10591867078527772,UP,False,16,19.0,IGNORE,NONE,,NEUTRAL,C,WAIT,No standout factor,Producer Manufacturing,29.0
SHAKTIPUMP,458.0,463.0,463.4,455.8,True,False,False,False,False,False,0.24219178918953133,12.0578118,0.22537034394035355,False,-0.31105152004075903,True,46.6,True,1.2236591610319703,77.0,0.66,0,False,█▇▇▆█▆▆▁▄▄▆▅▇▆▆▆▇▆▄▇,False,False,False,0,-0.04174076786274716,-0.15638239086387917,0.009302084392285526,-0.11225653805165026,UP,False,15,19.0,IGNORE,NONE,,NEUTRAL,C,WAIT,No standout factor,Producer Manufacturing,29.0
PFC,338.0,340.0,340.05,336.3,True,False,False,False,False,False,0.943982256683703,285.6858472,0.9174655045011427,False,-0.1784940988079046,True,62.15,False,0.9345934931841593,80.0,0.82,0,True,▁▆▁▄▂▂▁▁▅▅▂▄█▅▂▃▂▅▁▂,False,False,False,0,-0.05016158493747369,-0.15784228229724684,0.000881267317558998,-0.11371642948501792,UP,False,14,19.0,IGNORE,NONE,,NEUTRAL,C,WAIT,No standout factor,Finance,26.4
CCL,1006.2,1030.0,1036.3,1000.0,True,False,False,False,False,False,0.9255498760756921,12.6232821,0.865734234969091,False,0.040977558920748273,False,55.87,True,1.0646670414375958,78.0,0.71,0,False,▂▃▃▄▃▂▄▄▃▃▁▅▇▅▃▄▂█▂▅,False,False,False,0,-0.08535587673847822,-0.16511782276800535,-0.03431302448344553,-0.12099196995577643,UP,False,13,19.0,IGNORE,NONE,,NEUTRAL,C,WAIT,CMF positive,Consumer Non-Durables,27.5
SOBHA,1216.5,1221.4,1227.8,1192.0,True,False,False,False,False,False,1.34236641803364,12.315846,1.3298063679865015,False,-0.05392807074280174,True,50.3,True,1.1272340187125327,85.0,0.79,0,False,▄▄▃▄▃▂▅█▃▃▄▃▅▃▁▃▃▃▁▄,False,False,False,0,-0.022813077355611,-0.1646638742017441,0.02822977489942169,-0.1205380213895152,UP,False,13,19.0,IGNORE,SEED,,NEUTRAL,C,WAIT,No standout factor,Finance,26.4
EIEL,191.48,192.68,193.35,188.6,True,False,False,False,False,False,0.28960681589923526,8.69213886,0.27132039567065686,False,-0.28714271272624864,True,45.13,True,1.1419823376097575,75.0,0.68,0,False,█▅▆▆▅█▁▂▆▆▅▇▇▆▆▆▇▇▇▇,False,False,False,0,0.0034587569437165566,-0.16551904471367562,0.054501609198749246,-0.1213931919014467,UP,False,13,19.0,IGNORE,NONE,,NEUTRAL,C,WAIT,No standout factor,Industrial Services,35.2
DBREALTY,97.82,96.07,98.99,95.2,False,False,False,False,False,False,0.9135941043275344,8.468218708,0.9020599087825069,False,-0.19877448839586564,True,60.82,True,1.0167253153235984,87.0,1.02,0,False,▄▅▅▃▅▆█▅▆▆▄▁▃▃▃▅▄▄▃▅,False,False,False,0,-0.04936831875607395,-0.16178234790059987,0.0016745334989587413,-0.11765649508837095,UP,False,13,19.0,IGNORE,SEED,,NEUTRAL,C,WAIT,No standout factor,Finance,26.4
BHARATWIRE,167.18,166.71,169.68,162.5,False,False,False,False,False,False,1.1050017546630797,2.5846696720000004,1.0736671712198704,True,-0.06992647129986322,True,40.85,False,0.8315521628498728,30.0,-0.49,0,True,▅▁▄▅▅▇█▄▆▆▂█▅▆▇▅▇▆▃▄,False,False,False,0,-0.04018831094270292,-0.16246681028004606,0.010854541312329768,-0.11834095746781714,UP,False,13,19.0,IGNORE,NONE,,NEUTRAL,C,WAIT,No standout factor,Producer Manufacturing,29.0
BETA,2064.9,2040.0,2084.8,2010.5,False,False,False,True,False,False,0.6517251948150579,2.4807708600000002,0.6316613616828847,False,-0.08533238142566314,True,50.73,False,0.9563037249283667,37.0,-0.3,0,True,▅▆▅▅▅▄▇█▃▃▅▆▅▅▁▅▆▅▅▄,False,False,False,0,-0.06430125067971726,-0.16684151065203356,-0.01325839842468457,-0.12271565783980465,UP,False,12,19.0,IGNORE,NONE,,NEUTRAL,C,WAIT,No standout factor,Health Technology,38.7
IXIGO,160.24,155.16,160.5,152.51,False,False,False,False,False,False,0.45820717062702637,10.314841088000001,0.45166452100226345,False,-0.1410760020921501,True,43.61,False,0.7978047107249028,40.0,-0.31,0,True,▄█▁▅▅▅▅▆▄▄▃▆▆▆▃▅▅▇▇▃,False,False,False,0,0.010531626411048878,-0.18002251560740956,0.06157447866608157,-0.13589666279518064,UP,False,10,19.0,IGNORE,NONE,,NEUTRAL,C,WAIT,No standout factor,Technology Services,23.6
AAVAS,1248.4,1277.1,1282.4,1233.6,True,False,False,False,False,False,0.6616319322163006,7.9157298800000016,0.6440382961359722,False,-0.006409188666489516,True,59.67,True,1.1296001817355747,59.0,0.18,0,False,▄▁▇▃▄▅▄▄▆▆▁▃▇▅█▃▃▆▂▆,False,False,False,0,0.0,-0.17960176118814475,0.05104285225503269,-0.13547590837591583,UP,False,10,19.0,IGNORE,NONE,,NEUTRAL,C,WAIT,No standout factor,Finance,26.4
GODREJCP,855.0,868.0,870.0,850.0,True,False,False,False,False,False,1.0286896696948458,116.2819665,1.0063628327607985,False,0.04102542750225269,False,53.57,False,0.9603284154670778,29.0,-0.55,0,True,▁▄▂▁█▆▇▄▄▄▅▄▇▂▄▄▃▂▅▄,False,False,False,0,-0.05524861878453036,-0.1878027928184668,-0.004205766529497668,-0.14367694000623787,UP,False,9,19.0,IGNORE,NONE,,NEUTRAL,C,WAIT,CMF positive,Consumer Non-Durables,27.5
METROBRAND,872.15,879.0,881.9,856.05,True,False,False,False,False,False,0.16969148921872992,1.5416995549999999,0.15864010041727594,False,0.10517009744051768,True,41.59,False,0.6679407702437928,12.0,-1.01,0,False,▃▄▃▄▃▄▄▃██▂▃▄▄▂▂▄▅▄▁,False,False,False,0,-0.049893785064546115,-0.188017875430593,0.0011490671904865746,-0.1438920226183641,UP,False,9,19.0,IGNORE,NONE,,NEUTRAL,C,WAIT,CMF positive,Retail Trade,31.2
MOSCHIP,198.47,199.61,201.49,195.3,True,False,False,False,False,False,0.8327399109753657,23.075690113,0.7903523577887095,False,-0.24143991340290027,True,40.93,True,1.1057081881297781,73.0,0.62,0,False,▄▄█▆▄▄▅█▅▅▅▁▅▇▅▆█▅█▆,False,False,False,0,-0.07799869924742164,-0.19084311806914545,-0.026955846992388954,-0.14671726525691653,UP,False,8,19.0,IGNORE,NONE,,NEUTRAL,C,WAIT,No standout factor,Electronic Technology,27.1
BBL,2123.7,2120.5,2169.7,2053.1,False,False,False,False,False,False,1.1442782074241826,4.538984009999999,1.092354322841165,True,-0.32433624411023537,True,42.45,False,0.7287803873094355,8.0,-1.29,0,True,▄▆██▆▄▄▂▅▅▂▄▄▅▃▄▄▆▆▁,False,False,False,0,-0.08429630907209384,-0.20430872986137139,-0.033253456817061156,-0.16018287704914247,UP,False,6,19.0,IGNORE,NONE,,NEUTRAL,C,WAIT,No standout factor,Producer Manufacturing,29.0
ASTRAZEN,6254.5,6235.0,6355.0,6195.5,True,False,False,False,False,False,1.5378913206591998,5.3200777,1.4335791642723896,False,-0.2851756863219744,True,48.79,False,0.9435038627771385,47.0,-0.06,0,False,▅▅▅▃▁▇▁▂██▅▂█▇▂▆▃▅▄▄,False,False,False,0,-0.09577851669799042,-0.22674167027260927,-0.044735664442957734,-0.18261581746038036,UP,False,5,19.0,IGNORE,NONE,,NEUTRAL,C,WAIT,No standout factor,Health Technology,38.7
SKMEGGPROD,219.1,211.5,220.7,208.3,False,False,False,False,False,False,1.1124517628968442,4.04517757,1.0139244895591342,True,-0.29635482156940796,True,46.37,False,0.8776130137310382,50.0,0.12,0,True,▅▁▁▆▇▁▃▄██▂▃▆▇█▇▆▇▇▃,False,False,False,0,-0.16437833714721584,-0.30156200191265536,-0.11333548489218315,-0.25743614910042645,UP,False,2,19.0,IGNORE,NONE,,NEUTRAL,C,WAIT,No standout factor,Process Industries,25.8
TRIVENI,239.15,242.0,243.75,236.95,True,False,False,False,False,False,1.188058760675548,18.480435825,1.1186674916055868,False,-0.25088318277996824,True,46.67,False,0.9961898459929347,44.0,-0.04,0,True,▄▃▂▄▁▃▄▄▆▆▆▄▅▅▅▄█▁▃▄,False,False,False,0,-0.13959345205972296,-0.4927889713679745,-0.08855059980469027,-0.4486631185557456,UP,False,1,19.0,IGNORE,NONE,,NEUTRAL,C,WAIT,No standout factor,Process Industries,25.8
GOODLUCK,528.6,522.75,533.0,513.6,False,False,False,False,False,False,0.554574334476015,17.36117982,0.5735152437103722,False,-0.01584062898309222,True,45.39,True,1.0212737234078457,25.0,-0.58,0,False,▅▅▃██▆▂▄▃▃▁▄▅▃▁▂▅▅▁▄,False,False,False,0,0.16714506513579175,-0.6598674473972074,0.21818791739082444,-0.6157415945849785,UP,False,1,19.0,IGNORE,NONE,,NEUTRAL,C,WAIT,No standout factor,Non-Energy Minerals,34.0
CORDELIA,101.25,103.75,104.65,101.0,True,False,False,False,False,False,0.6141362844279589,11.60655075,0.5725826929643364,False,0.04579314440981249,False,50.55,False,0.9593759785919662,70.0,0.62,0,True,▇▅▆▁▇▅▃▆▄▄▆▆█▇▄▃▆▆▅▅,False,False,False,0,-0.02644230769230771,-0.8801775147928994,0.02460054456272498,-0.8360516619806705,UP,False,0,19.0,IGNORE,NONE,,NEUTRAL,C,WAIT,CMF positive,Consumer Services,24.4
TCC,50.8,49.2,50.82,48.18,False,False,False,False,False,False,0.05028348169099599,1.6227958399999998,0.04638215548231543,False,0.14192982152654415,True,19.45,False,0.6989991195126772,7.0,-1.88,0,False,▆▆██▆▂▁▁▂▂▃▃▄▆▂▃▄▃▄▃,False,False,False,0,-0.7745228584110075,-0.8301003344481606,-0.7234800061559749,-0.7859744816359316,UP,False,0,19.0,IGNORE,NONE,,NEUTRAL,C,WAIT,CMF positive,Distribution Services,33.3
BALUFORGE,501.15,495.1,508.15,483.5,False,False,False,False,False,False,0.6795375212216385,34.43050845,0.6228495755661673,False,-0.2919366149892777,True,21.85,False,0.6427037679795277,7.0,-1.47,0,True,▄▃▃▃▂▄▄▂▅▅▆▄█▅▇▂▆▅▅▁,False,False,False,0,-0.19416304872165946,0.13562202583276672,-0.14312019646662677,0.17974787864499564,FLAT,True,81,18.0,IGNORE,NONE,,NEUTRAL,C,WAIT,No standout factor,Producer Manufacturing,29.0
SIRCA,408.05,406.0,413.0,401.0,False,False,False,False,False,False,0.7117911789432526,5.98715443,0.6908556707238654,False,-0.19049942172948403,True,35.06,False,0.8855771659509979,62.0,0.24,0,True,▂▃▁▆▄▅▆▃▆▆▅▅▇▆▄▃▂▂█▃,False,False,False,0,-0.05324825986078885,0.02576671694318744,-0.00220540760575616,0.06989256975541636,FLAT,True,65,18.0,IGNORE,NONE,,NEUTRAL,C,WAIT,No standout factor,Process Industries,25.8
SUPREMEIND,3445.8,3499.0,3499.0,3444.0,True,False,False,False,False,False,0.8277833384662766,44.4559887,0.813463577948354,False,0.002243720374256509,False,50.9,True,1.0513053536021149,52.0,0.04,0,False,▃▆▇▇▁▆▄▆▃▃▅▄▂▄█▆▃▃▆▅,False,False,False,1,-0.04416088765603321,0.01373893089347189,0.006881964598999479,0.057864783705700806,FLAT,True,63,18.0,IGNORE,NONE,,NEUTRAL,C,WAIT,CMF positive,Producer Manufacturing,29.0
CLSEL,282.25,285.5,286.45,280.8,True,False,False,False,False,True,0.32570513583230876,0.591059725,0.3074552664691074,False,-0.07191521871847638,True,43.7,False,0.9289867242057378,37.0,-0.23,0,True,▄▃▄▅▅▃▅▆▇▇▁▅▄▅▆█▄▃▅▄,False,False,False,0,-0.0666335978835978,0.012011473646468263,-0.015590745628565106,0.05613732645869718,FLAT,True,63,18.0,IGNORE,NONE,,NEUTRAL,C,WAIT,No standout factor,Process Industries,25.8
CANBK,124.86,125.79,126.7,124.8,True,False,False,False,False,False,0.6883377777919908,101.052019836,0.6870648610595694,False,-0.09474244136238827,True,48.9,True,1.0401599591593635,63.0,0.36,0,False,▂▅▅▇█▆▆▁▅▅▇▁█▃▄▆▃▅▇▅,False,False,False,0,-0.02559700327766501,-0.008260524225575883,0.02544584897736768,0.035865328586653034,FLAT,True,58,18.0,IGNORE,NONE,,NEUTRAL,C,WAIT,No standout factor,Finance,26.4
ORISSAMINE,3673.3,3667.6,3749.9,3586.2,False,False,False,False,False,False,1.0821104665689723,2.9430479600000004,1.0051060246210775,True,-0.4684778231663926,True,39.28,False,0.8173116937161881,29.0,-0.51,0,True,▃▅▂▃█▅▆▄██▄▅▁▆▅▆▇▅▅▃,False,False,False,0,-0.15068208092485547,-0.013667364803179094,-0.09963922866982278,0.030458488009049822,FLAT,True,56,18.0,IGNORE,NONE,,NEUTRAL,C,WAIT,No standout factor,Non-Energy Minerals,34.0
BLIL,64.84,65.0,65.49,64.72,True,False,False,False,False,False,1.104910927635112,0.6183790800000001,1.0303299074127312,False,-0.3252083347105243,False,83.49,True,1.1184192900200935,89.0,1.12,0,True,▆▇▄▁▁▃▅▆▃▃▅▆▆▅▅▆█▆▆▇,False,False,False,7,-0.1008181944251837,-0.06946039035591278,-0.049775342170151005,-0.025334537543683866,FLAT,False,40,18.0,IGNORE,SEED,,NEUTRAL,C,WAIT,No standout factor,Commercial Services,27.2
FINPIPE,151.15,151.0,152.2,149.65,True,False,False,False,False,False,1.1108234762565914,6.265363995,1.0815501833861916,False,0.02758740511061576,True,42.02,False,0.8643956224800461,17.0,-0.7,0,False,▇▆▆▁▅▆█▇▆▆▆▅▅▇▅▁▄▅▅▄,False,False,False,0,-0.026973091283635897,-0.08791938209027272,0.024069760971396792,-0.04379352927804381,UP,False,34,18.0,IGNORE,NONE,,NEUTRAL,C,WAIT,CMF positive,Producer Manufacturing,29.0
BAJAJHCARE,335.0,336.0,341.1,332.1,True,True,True,False,False,False,0.8814096324979233,4.285119,0.88129697661894,False,-0.1773768571655224,False,48.31,True,1.0334131941473432,68.0,0.55,0,False,▆▃▅▄▂▆█▄▄▄▃▃█▃▃▁▃▄▄▄,False,False,False,0,0.01823708206686936,-0.09300121835657238,0.06927993432190205,-0.04887536554434346,UP,False,32,18.0,IGNORE,NONE,,NEUTRAL,C,WAIT,No standout factor,Health Technology,38.7
OFSS,10406.0,10800.0,10876.0,10406.0,True,False,False,True,False,False,0.7742266096498789,188.3465188,0.6899315754555938,False,0.20183741933652932,False,43.05,False,0.9973704634702931,63.0,0.37,0,False,▅▇▇▇▅▄▇▇▇▇▆▆█▄▄▅▄▁▄▆,False,False,False,2,-0.12222690847743567,-0.10915161373170101,-0.07118405622240298,-0.0650257609194721,FLAT,False,28,18.0,IGNORE,NONE,,NEUTRAL,C,WAIT,CMF positive,Technology Services,23.6
GRMOVER,78.76,80.0,80.0,78.11,True,False,False,False,False,False,0.767606822214281,6.398391516,0.7207619629071289,False,0.03730487807048792,True,16.78,False,0.7314415239091584,12.0,-1.06,0,False,█▇▁▃▃▅▄▄▄▄▇▅▄▅▅▄▅▃▄▃,False,False,False,0,-0.07656231680150072,-0.13801028784064795,-0.02551946454646803,-0.09388443502841903,UP,False,20,18.0,IGNORE,NONE,,NEUTRAL,C,WAIT,CMF positive,Process Industries,25.8
ASIANTILES,50.1,50.0,50.6,49.22,True,False,False,False,False,False,1.0684553628065923,12.02930058,1.0635651128396408,False,0.22534030568964633,False,28.66,False,0.6657452467508334,19.0,-0.84,0,False,▅▃▅▃▄▃▃▂▄▄▂▄▅█▃▃▅██▁,False,False,False,0,-0.003183446080381902,0.11382836816362829,0.04785940617465079,0.1579542209758572,FLAT,True,78,17.0,IGNORE,NONE,,NEUTRAL,C,WAIT,CMF positive,Producer Manufacturing,29.0
SYSTMTXC,67.0,67.97,68.0,66.0,True,True,False,False,False,False,1.0726899976028712,0.4287397,1.0863407862299266,False,0.066873775041837,False,7.96,False,0.40374324769851133,4.0,-0.95,0,False,▃▄▃▃▂▂▁▂▁▁▁▁▁▂▂▂█▃▂▁,False,False,False,0,-0.014705882352941124,0.06535220225791072,0.036336969902091565,0.10947805507013963,FLAT,True,71,17.0,IGNORE,NONE,,NEUTRAL,C,WAIT,CMF positive,Finance,26.4
HYUNDAI,2064.0,2051.1,2064.0,2009.6,False,False,False,False,False,False,0.9825206125515973,129.6575904,0.9398891159258572,False,0.03164276793376429,True,49.42,False,0.9769694573490165,30.0,-0.47,0,False,▂▃▅▄▆█▆▅▄▄▄▄█▆▃▃▃▁▅▄,False,False,False,0,-0.06394557823129254,0.0464939410840135,-0.012902725976259855,0.09061979389624242,FLAT,True,68,17.0,IGNORE,NONE,,NEUTRAL,C,WAIT,CMF positive,Consumer Durables,23.7
AEROENTER,124.7,121.7,126.0,118.81,False,False,False,True,False,False,0.3675551657020615,4.76331554,0.33975243664375215,False,0.0159372281530541,True,36.77,False,0.8339475862694625,29.0,-0.57,0,False,▁▇▇█▅▃▇▃▆▆▄▄▃▇█▅▁▃█▂,False,False,False,2,-0.1303438175604993,0.04351464435146446,-0.0793009653054666,0.08764049716369338,FLAT,True,68,17.0,IGNORE,NONE,,NEUTRAL,C,WAIT,CMF positive,Producer Manufacturing,29.0
MANGLMCEM,985.8,1000.0,1023.0,981.7,True,False,False,True,False,True,0.5581824688533596,4.697337,0.5185092957176209,False,-0.1261271810905449,False,55.51,False,0.976429199648197,25.0,-0.51,0,False,▄▅▅▁▆▇▁▂▅▅▅▂█▄▄▄▆▁▅▄,False,False,False,4,-0.09059040590405909,0.005815733088460284,-0.0395475536490264,0.0499415859006892,FLAT,True,62,17.0,IGNORE,NONE,,NEUTRAL,C,WAIT,No standout factor,Non-Energy Minerals,34.0
BENGALASM,6184.5,6003.0,6220.5,5950.0,False,False,False,True,False,True,0.6915275074275177,0.41745375,0.6848299479737338,False,-0.4121181105210323,False,36.28,False,0.5294611259075486,10.0,-1.56,0,True,▇▆▆▅▆▇█▇▆▆▇▇▃▂▅▃▇▇▁▃,False,False,False,2,-0.05551313378130729,-0.004426915647134599,-0.0044702815262746,0.03969893716509432,FLAT,True,59,17.0,IGNORE,NONE,,NEUTRAL,C,WAIT,No standout factor,Consumer Durables,23.7
FORCEMOT,16905.0,17100.0,17146.0,16761.0,True,False,False,False,False,False,1.206340335253867,138.6598815,1.1586638330470274,False,-0.1944208897512511,False,30.69,False,0.772765614574022,65.0,0.25,0,True,▁▂▄▃▄▅▃▂▃▃▃▄█▅▇▄▄▂▂▂,False,False,False,0,-0.046100891547229406,-0.04361846571622541,0.0049419607078032834,0.0005073870960035087,UP,True,48,17.0,IGNORE,NONE,,NEUTRAL,C,WAIT,No standout factor,Consumer Durables,23.7
SANDHAR,582.7,579.2,585.4,568.85,False,False,False,False,False,False,0.5448112759230277,4.008218490000001,0.5215917022119552,False,-0.27712174954647606,True,54.21,True,1.0946871024413884,82.0,0.74,0,True,▁▄▄▅▆▁▁▂▅▅▆▅▅▇█▆▅▅▄▆,False,False,False,0,-0.10786190002296547,-0.04569276121847354,-0.056819047767932784,-0.001566908406244627,FLAT,False,48,17.0,IGNORE,NONE,,NEUTRAL,C,WAIT,No standout factor,Consumer Durables,23.7
EXIDEIND,407.0,411.0,414.5,403.15,True,False,False,True,False,False,1.006689330241866,82.7529494,0.9653508361941885,False,-0.11942001642027456,True,44.05,False,0.9605739456583366,54.0,0.1,0,False,▅▇▇▆▆▇▇▃▇▇▆▄▆██▆▁▇▆▆,False,False,False,0,-0.06704871060171924,-0.08219641447739312,-0.016005858346686552,-0.038070561665164204,UP,False,37,17.0,IGNORE,NONE,,NEUTRAL,C,WAIT,No standout factor,Producer Manufacturing,29.0
FIRSTCRY,184.37,184.72,190.0,178.78,True,True,False,False,False,False,0.9128941765616712,151.64100634000002,0.9510213744116448,False,-0.19497912439601808,True,18.17,False,0.5523803733203625,10.0,-1.52,0,False,▇▆▂▄▇▇▆▅██▂▅▃▆▂▆▇▅▁▃,False,False,False,0,0.03771036190690613,-0.11780467964974406,0.08875321416193882,-0.07367882683751514,UP,False,25,17.0,IGNORE,NONE,,NEUTRAL,C,WAIT,No standout factor,Retail Trade,31.2
ITDC,657.15,662.5,670.85,645.55,True,False,False,True,False,False,0.11801522752710249,6.351880469999999,0.11429200129742903,False,-0.1654049112937331,True,25.57,False,0.9705273945305829,29.0,-0.52,0,False,▄▅▆▅▆██▁▂▂▅▄▇█▂▄▆█▇▅,False,False,False,0,0.019232260566110826,-0.13236070768418273,0.07027511282114351,-0.08823485487195382,UP,False,21,17.0,IGNORE,NONE,,NEUTRAL,C,WAIT,No standout factor,Consumer Services,24.4
BIRLACORPN,849.9,836.0,853.7,828.35,False,True,False,False,False,False,1.1540204612986826,4.88021079,1.1680126218560565,True,-0.13664972962075692,True,50.29,False,0.9517861367400048,37.0,-0.24,0,False,▂▄▄▄▆▇█▅▆▆▅▅▁▅▃▂▃▅▅▄,False,False,False,0,-0.03371042010118808,-0.157931239472902,0.017332432153844612,-0.11380538666067308,UP,False,14,17.0,IGNORE,NONE,,NEUTRAL,C,WAIT,No standout factor,Non-Energy Minerals,34.0
COSMOFIRST,834.8,844.0,862.0,825.2,True,False,False,True,False,True,0.5699469226166476,3.3158256,0.5205474121027688,False,-0.29648666672674234,True,45.03,False,0.8949261680942823,20.0,-0.75,0,False,▁▂▅█▃▆▄▇▅▅▁▅▆▄▆▅▄▆█▄,False,False,False,1,-0.12093929342389309,0.006632099360906807,-0.0698964411688604,0.05075795217313572,FLAT,True,62,16.0,IGNORE,NONE,,NEUTRAL,C,WAIT,No standout factor,Process Industries,25.8
DBL,410.9,406.3,412.8,400.1,False,True,False,False,False,False,0.19827856074372993,4.2643202,0.19873890732854294,False,-0.5254720580760431,True,34.91,False,0.8150924012654828,21.0,-0.66,0,False,█▇▇▆▇▅▆▁▅▅▅▆▆▄▆█▆▆▃▅,False,False,False,0,0.040780141843971496,0.004399902224394792,0.09182299409900418,0.04852575503662371,UP,True,61,16.0,IGNORE,NONE,,NEUTRAL,C,WAIT,No standout factor,Industrial Services,35.2
KNRCON,119.33,117.39,120.9,115.64,False,False,False,False,False,False,0.5441264648047444,10.489381459,0.5329253155263997,False,-0.04215459228326049,True,37.86,False,0.8313387936145451,14.0,-0.75,0,False,▇▆▅▅▅▆▃▆▄▄▄▁▆▇▇▄▅▅█▃,False,False,False,0,0.014021074099252129,-0.03773889202483671,0.06506392635428482,0.006386960787392204,UP,True,49,16.0,IGNORE,NONE,,NEUTRAL,C,WAIT,No standout factor,Industrial Services,35.2
IMPAL,1042.6,1054.0,1054.0,1035.3,True,False,False,False,False,True,0.6012815727261416,0.20153458,0.5656035330914314,False,-0.2312397472055646,False,72.06,True,1.047284776874278,64.0,0.46,0,True,█▇▇█▄▁▆▂▆▆▇▆▆▅▅█▆▇▄▆,False,False,False,0,-0.07848683047551719,-0.04663496708119974,-0.0274439782204845,-0.0025091142689708246,FLAT,False,47,16.0,IGNORE,NONE,,NEUTRAL,C,WAIT,No standout factor,Distribution Services,33.3
SUNPHARMA,1851.8,1858.7,1858.7,1841.6,False,False,False,True,False,True,0.42248035852576044,123.03099947999999,0.41488343018358165,False,-0.18203990711586643,False,63.86,False,0.9835434362414041,46.0,-0.03,0,False,▁▁▅▆▆▇▅▆██▇▆█▂▅█▅▃▅▅,False,False,False,1,-0.032143417132702634,-0.050407671401466625,0.018899435122330055,-0.006281818589237709,UP,False,46,16.0,IGNORE,NONE,,NEUTRAL,C,WAIT,No standout factor,Health Technology,38.7
CUB,214.91,217.16,217.48,210.69,True,False,False,False,False,False,0.7014325072607639,33.447668287,0.6564655173412265,False,-0.25074541247386917,False,53.32,True,1.2659820739597554,48.0,0.04,0,False,▄▇▄▅▂▄▃▇▁▁▅▁▆▅▆▆█▇▇█,False,False,False,4,-0.08545044469977447,-0.06491754775268688,-0.034407592444741786,-0.02079169494045796,FLAT,False,42,16.0,IGNORE,NONE,,NEUTRAL,C,WAIT,No standout factor,Finance,26.4
CDSL,1261.9,1289.0,1290.0,1261.3,True,False,False,False,False,False,1.288824532203773,177.70113657000002,1.1955684116003056,False,-0.1709992882609546,False,44.99,True,1.184430491384644,91.0,1.3,0,False,▅▃▄▂▄▅▄▄▄▄▃▁▅▃▂▄▇▇█▆,False,False,False,0,-0.09281092739036656,-0.0754634039123745,-0.04176807513533387,-0.03133755110014558,FLAT,False,39,16.0,IGNORE,SEED,,NEUTRAL,C,WAIT,Delivery P91,Finance,26.4
INGERRAND,4195.0,4226.8,4238.6,4180.0,True,False,False,False,False,True,0.24885694234736194,2.4544945,0.23250910200883737,False,-0.2207175083684443,False,40.82,False,0.794225231535528,6.0,-1.41,0,True,▅▄▆▆▆▂▇▂▁▁▄▄▅▃▇█▅▄▆▁,False,False,False,3,-0.12494785148101795,-0.073644694711273,-0.07390499922598526,-0.02951884189904408,FLAT,False,39,16.0,IGNORE,NONE,,NEUTRAL,C,WAIT,No standout factor,Producer Manufacturing,29.0
NCC,128.27,133.83,137.3,126.65,True,False,False,False,False,False,14.040996142064063,365.605697794,12.793789218529731,False,-0.39605069783848734,False,12.16,False,0.25848691622558084,0.0,-3.72,0,False,▃▆▆█▆▅▆▆▆▆▆▆▇▇▇▆█▇▇▁,False,False,False,0,-0.12419773316946603,-0.07918162239770277,-0.07315488091443334,-0.03505576958547385,FLAT,False,38,16.0,IGNORE,DISTRIBUTION,,NEUTRAL,C,WAIT,No standout factor,Consumer Durables,23.7
ECLERX,1769.7,1818.0,1829.9,1762.0,True,False,False,False,False,False,1.0714367649258536,30.99346398,0.9849072636154491,False,-0.1425609933691173,False,48.18,True,1.1270702722934405,73.0,0.53,0,True,▁▂▂▃▄▁▂▃▆▆▃▁▄▃▅▃▄▄█▄,False,False,False,1,-0.10340460026345122,-0.08019750519750513,-0.05236174800841853,-0.03607165238527621,FLAT,False,37,16.0,IGNORE,NONE,,NEUTRAL,C,WAIT,No standout factor,Commercial Services,27.2
JYOTHYLAB,184.26,189.5,189.75,184.0,True,False,False,False,False,False,0.49859787548404405,8.659869906,0.4610342239844733,False,-0.1451629311593432,False,54.8,True,1.034928848641656,63.0,0.25,0,True,▃▄█▃▆▃▄▆▅▅▂▄▁▄▄▄▄▄▄▄,False,False,False,0,-0.10033689761242137,-0.08007988017973056,-0.04929404535738868,-0.03595402736750164,FLAT,False,37,16.0,IGNORE,NONE,,NEUTRAL,C,WAIT,No standout factor,Consumer Non-Durables,27.5
PRAJIND,307.75,310.65,313.75,306.4,True,False,False,False,False,False,0.8582437793284812,10.513632475,0.8127107900537776,False,-0.1992656050510066,False,47.35,True,1.1177470374392144,77.0,0.74,0,True,▃▄▄▇▁▅▇▆▃▃▁▆██▄▄█▁▆▆,False,False,False,0,-0.09565089626799883,-0.08339538346984365,-0.04460804401296614,-0.03926953065761474,FLAT,False,36,16.0,IGNORE,NONE,,NEUTRAL,C,WAIT,No standout factor,Industrial Services,35.2
DHANUKA,930.55,950.0,962.5,922.0,True,False,False,False,False,False,1.2588979604567079,2.4413909799999995,1.1912090517437393,False,-0.013737624923890725,False,59.89,True,1.0748963512034029,81.0,0.69,0,True,▃▃▄▃▂▆▄▃▃▃▁█▃▂▄▂▄▅▆▅,False,False,False,0,-0.06038269298732779,-0.08320197044334976,-0.009339840732295102,-0.039076117631120844,UP,False,36,16.0,IGNORE,NONE,,NEUTRAL,C,WAIT,No standout factor,Process Industries,25.8
EIDPARRY,696.25,708.5,708.5,690.05,True,False,False,False,False,False,0.8411471474904353,19.160451875,0.7954399886605995,False,-0.0941474813437032,False,48.71,True,1.0265001843949213,35.0,-0.4,0,True,▅▄▃▅▁▅▁▅▆▆▄▄▄▃█▃█▁▆▅,False,False,False,0,-0.12487430869783811,-0.09324737904538649,-0.07383145644280542,-0.049121526233157575,FLAT,False,32,16.0,IGNORE,NONE,,NEUTRAL,C,WAIT,No standout factor,Process Industries,25.8
CONCOR,443.5,450.0,452.05,443.3,True,False,False,False,False,False,1.5130065306425193,76.71667435,1.3739438792370362,False,-0.3161873799773212,False,47.58,True,1.0097944544075046,40.0,-0.28,0,False,▅▅▄▆▄▃▃▆▂▂▂▄█▃▄▆▄▁▄▄,False,False,False,0,-0.13715953307392992,-0.09793552323807586,-0.08611668081889723,-0.053809670425846945,FLAT,False,31,16.0,IGNORE,DISTRIBUTION,,NEUTRAL,C,WAIT,No standout factor,Transportation,30.4
BLUESTARCO,1529.5,1572.9,1578.5,1526.9,True,False,False,False,False,False,1.5864962956616013,153.0683833,1.5988137365484107,False,-0.008860958703778994,False,53.36,True,1.2127823991999636,86.0,1.02,0,False,▄▄▅▄▇▆█▆▄▄▅▄▇▅▅▁▂▅▄▇,False,False,True,0,0.02589040177074242,-0.10177354944796801,0.07693325402577511,-0.0576476966357391,UP,False,30,16.0,IGNORE,DISTRIBUTION,,NEUTRAL,C,WAIT,No standout factor,Producer Manufacturing,29.0
PUNJABCHEM,1035.8,1078.9,1078.9,1024.4,True,False,False,False,False,False,0.9597927972372965,0.40302978,0.9261531828763581,False,-0.21250254551359254,False,64.82,True,1.134595356245788,86.0,0.89,0,True,▆▆▂▆▇▅▃▅▆▆▅▁█▅▄▇▅▄▇▇,False,False,False,0,-0.0662580005408816,-0.1040567424963238,-0.015215148285848912,-0.05993088968409488,UP,False,29,16.0,IGNORE,SEED,,NEUTRAL,C,WAIT,No standout factor,Process Industries,25.8
DDEVPLSTIK,248.75,252.0,253.65,241.0,True,False,False,False,False,False,1.1253342449459356,2.39103475,1.0698558221309995,False,-0.21020457890425215,False,59.59,True,1.0180407968018588,67.0,0.45,0,True,▄▅▆▇▅█▆▆▂▂▁▁▃▄▂▄▄▅▄▄,False,False,False,0,-0.1076233183856502,-0.13191415110800908,-0.05658046613061751,-0.08778829829578016,UP,False,21,16.0,IGNORE,NONE,,NEUTRAL,C,WAIT,No standout factor,Process Industries,25.8
DCAL,161.39,164.3,166.49,160.99,True,False,False,False,False,False,1.2024673537072033,4.1972697299999995,1.139133666495768,False,-0.20092419905773237,False,61.3,True,1.1961675805413,90.0,1.05,0,False,▁▅▄▇▇▆▇█▇▇▅▄▄▅▆▇▇▅▇█,False,False,False,0,-0.11241269317494373,-0.1514275198485725,-0.061369840919911045,-0.10730166703634358,UP,False,16,16.0,IGNORE,SEED,,NEUTRAL,C,WAIT,Delivery P90,Health Technology,38.7
ROSSARI,427.7,437.0,438.1,426.0,True,False,False,False,False,False,1.1000500742237571,3.1805055099999997,1.0397109252901262,False,-0.3313120801859306,False,57.57,True,1.047308052647377,71.0,0.56,0,True,▄▃▂▅▃█▄▁▅▅▂▅▅▄▅▂▂▄▅▄,False,False,False,0,-0.10250760675689863,-0.1649746192893402,-0.05146475450186594,-0.12084876647711129,UP,False,13,16.0,IGNORE,NONE,,NEUTRAL,C,WAIT,No standout factor,Process Industries,25.8
HUBTOWN,166.41,168.0,169.6,165.55,True,False,False,False,False,False,0.6452232460035099,4.209607206,0.5901834259060064,False,-0.19286065007917236,False,63.87,True,1.1127274627827768,82.0,0.8,0,True,▅▃▁▄▄▅▃▅▅▅▃▇▃▆▆▃▅▃█▆,False,False,False,0,-0.07719181500582273,-0.1936327954644571,-0.02614896275079004,-0.1495069426522282,UP,False,8,16.0,IGNORE,NONE,,NEUTRAL,C,WAIT,No standout factor,Finance,26.4
KITEX,115.56,115.98,116.63,114.36,True,False,False,False,False,False,0.7390719110459939,3.008500596,0.7007888574623369,False,-0.15277681153799189,False,54.38,True,1.2634611586761306,92.0,1.29,0,False,█▅▆▄▆▄▃▆▆▆▅▄▇▇▁▄▆▃▅▇,False,False,False,0,-0.08285714285714285,-0.22276029055690072,-0.03181429060211016,-0.1786344377446718,UP,False,5,16.0,IGNORE,SEED,,NEUTRAL,C,WAIT,Delivery P92,Process Industries,25.8
BUTTERFLY,561.25,563.0,567.4,559.5,True,False,False,False,False,False,0.39720627751116133,0.42643775,0.3803210246069774,False,-0.4528893265395533,False,67.24,True,1.0200087984102182,81.0,0.89,0,True,▇█▆▄▂▃▄▇▇▇▅▂▁▂▅▁▁▃▂▄,False,False,False,0,-0.10106510771202049,-0.25902699848174804,-0.050022255456987796,-0.21490114566951912,UP,False,3,16.0,IGNORE,NONE,,NEUTRAL,C,WAIT,No standout factor,Consumer Durables,23.7
RELAXO,291.5,291.1,296.3,286.55,False,False,False,False,False,False,0.44601593180749105,3.37752305,0.42405295737672516,False,-0.6107584283052558,False,48.4,True,1.130392133965481,69.0,0.52,0,True,▅▃▄▄▄▅▅▁▅▅█▄▅▄▃▄▆▅▄▅,False,False,False,0,-0.18881313482677065,-0.2906679644725636,-0.13777028257173796,-0.24654211166033468,UP,False,2,16.0,IGNORE,NONE,,NEUTRAL,C,WAIT,No standout factor,Consumer Non-Durables,27.5
UEL,184.75,193.6,193.6,183.05,True,False,False,True,False,False,0.43564604090790227,0.212370125,0.3910580579367344,False,-0.02278082145898382,False,51.39,False,0.8244032340862423,29.0,-0.54,0,False,█▄▅▄▅█▅▃▅▅▇▃▁▃▃▂▃▃▃▃,False,False,False,0,-0.11484285166730546,0.4814369336861519,-0.06379999941227277,0.5255627864983808,FLAT,True,97,15.0,IGNORE,NONE,,NEUTRAL,C,WAIT,RS leader,Utilities,34.3
MMFL,612.5,604.0,617.5,596.2,False,False,True,True,False,True,0.5064937510986849,2.96480625,0.49667019525040784,False,-0.16061433660572103,False,40.25,False,0.8373031557487883,10.0,-1.04,0,False,▄▁▃▄█▃▆▃▆▆▄▅▅▇▄▆▃▃▃▂,False,False,False,0,-0.06837021826754897,0.10211426000899682,-0.017327366012516277,0.14624011282122573,FLAT,True,76,15.0,IGNORE,NONE,,NEUTRAL,C,WAIT,No standout factor,Producer Manufacturing,29.0
KRBL,386.2,382.0,390.0,379.25,False,False,False,True,False,True,0.7701651164011811,12.37720794,0.7214581246084368,False,-0.20328606504639882,False,43.42,False,0.9904987852588596,34.0,-0.26,0,False,▁▂▇▅▄▃▅▆▆▆▅█▇█▇▂▃▇▇▅,False,False,False,0,-0.08936571563310547,0.08773412195465413,-0.03832286337807278,0.13185997476688305,FLAT,True,74,15.0,IGNORE,NONE,,NEUTRAL,C,WAIT,No standout factor,Process Industries,25.8
EXPLEOSOL,858.3,868.1,869.85,855.5,True,False,False,False,False,False,0.2114776756204555,0.75513234,0.2044044654066335,False,-0.19045285698090225,False,54.61,True,1.0036296806799907,32.0,-0.26,0,True,▆▁▄▅▅▇▆▅▇▇▅▇▆▇▆█▅▇▆▆,False,False,False,0,0.004564606741572996,0.06028412600370592,0.055607458996605685,0.10440997881593483,FLAT,True,70,15.0,IGNORE,NONE,,NEUTRAL,C,WAIT,No standout factor,Technology Services,23.6
BIRLANU,1406.0,1441.0,1442.8,1390.0,True,False,False,False,False,False,0.9200658053902357,1.0694036,0.909148411371197,False,-0.13074641927332156,False,68.3,True,1.2254528164781238,83.0,0.9,0,True,▃▃▅▄▂▇▆▁▇▇▄▇▆▅█▆▅▆▅▇,False,False,False,0,-0.022049106211309732,0.04403356352565524,0.028993746043722957,0.08815941633788416,FLAT,True,68,15.0,IGNORE,NONE,,NEUTRAL,C,WAIT,No standout factor,Non-Energy Minerals,34.0
NAUKRI,1245.0,1238.1,1251.3,1232.3,True,False,False,True,False,True,0.997783718308244,154.683033,0.9704427028788123,False,-0.029040028002414845,False,54.51,False,0.9668579334320708,40.0,-0.2,0,False,▃▆▄▆▇▆▆▆▅▅▆█▇▅▃▆▄▁▅▅,False,False,False,0,-0.08185840707964598,0.030885153597747683,-0.03081555482461329,0.0750110064099766,FLAT,True,66,15.0,IGNORE,NONE,,NEUTRAL,C,WAIT,No standout factor,Technology Services,23.6
MARATHON,384.9,389.65,400.0,382.2,True,False,False,False,False,False,0.4114827330794254,2.16925791,0.3651946535462489,False,-0.18846659884285988,False,59.94,True,1.1300052786366035,51.0,0.07,0,False,▄▄▁▂▆▄▇▅▇▇▆▆▇▄▆▅▅▄█▆,False,False,False,4,-0.11415420023014966,-0.015223231418702965,-0.06311134797511697,0.02890262139352595,FLAT,True,56,15.0,IGNORE,NONE,,NEUTRAL,C,WAIT,No standout factor,Finance,26.4
TITAGARH,819.35,817.0,829.75,808.15,False,False,False,False,False,True,0.4719971988024575,25.292433215,0.4531273247860371,False,-0.13585444432834806,False,29.8,False,0.8348274316450023,33.0,-0.39,0,False,▄▆▇▂▅▅▄▄▅▅▂▁▃▄▅▂█▃▄▃,False,False,False,0,-0.017507044786857717,-0.028745851114272192,0.03353580746817497,0.015380001697956724,UP,True,52,15.0,IGNORE,NONE,,NEUTRAL,C,WAIT,No standout factor,Producer Manufacturing,29.0
INSECTICID,588.9,600.1,600.1,580.5,True,False,False,False,False,False,0.7053120749780907,0.79860729,0.6815878931267342,False,-0.0381125161424029,True,52.47,False,0.9500959692898272,29.0,-0.46,0,True,▃▄▁▇▆▅▄▆▅▅▄▅█▇▅▆▇▄▇▅,False,False,False,0,-0.015793431937829117,-0.056325614934700674,0.03524942031720357,-0.012199762122471758,UP,False,45,15.0,IGNORE,NONE,,NEUTRAL,C,WAIT,No standout factor,Process Industries,25.8
ALLDIGI,775.8,778.95,785.55,771.0,True,False,False,False,False,False,1.1675861174569289,0.45399816,1.144122992273606,False,-0.21953845376429632,True,74.18,True,1.0795628192627307,77.0,0.79,0,False,▆▇▆▄▇██▆▇▇▅▇▆▆▁▃▄▅▆▇,False,False,False,0,-0.039613765783609756,-0.05992123598909427,0.011429086471422933,-0.015795383176865352,UP,False,44,15.0,IGNORE,NONE,,NEUTRAL,C,WAIT,No standout factor,Commercial Services,27.2
SWIGGY,253.7,255.5,255.95,251.0,True,False,False,False,False,False,0.5196556145489863,345.4424866,0.4797175682054994,False,-0.15292866526797375,True,49.83,False,0.9698514957472898,72.0,0.49,0,True,▃▂▅█▃▅▃▃▃▃▃▁▇▄▅▃▃▁▃▃,False,False,False,0,-0.07745454545454544,-0.061170114347037785,-0.026411693199512754,-0.01704426153480887,FLAT,False,43,15.0,IGNORE,NONE,,NEUTRAL,C,WAIT,No standout factor,Transportation,30.4
MAITHANALL,928.2,940.0,941.45,921.55,True,False,False,False,False,False,0.23879593851071068,3.66713256,0.20973180838848443,False,-0.23965956150364068,True,48.2,True,1.0159024565027244,24.0,-0.42,0,False,█▁▅▃▁▆▃▅▆▆▅▂▆▆▆▆▇▇▇▅,False,False,False,0,-0.045797995373939804,-0.061286407766990236,0.005244856881092885,-0.01716055495476132,UP,False,43,15.0,IGNORE,NONE,,NEUTRAL,C,WAIT,No standout factor,Non-Energy Minerals,34.0
CANTABIL,232.5,231.0,234.43,228.21,False,False,False,False,False,False,0.6593138414568854,2.1544845,0.6391461984373654,False,-0.09536949780636764,True,52.92,False,0.9439633259902072,45.0,-0.1,0,True,█▆▄▂▇▇▆▆▁▁▂▃▃▆▆▃▅▂▇▄,False,False,False,0,-0.03893849206349198,-0.0735575390500478,0.012104360191540708,-0.029431686237818888,UP,False,39,15.0,IGNORE,NONE,,NEUTRAL,C,WAIT,No standout factor,Consumer Non-Durables,27.5
ELCIDIN,103000.0,103500.0,103500.0,101500.0,True,False,False,False,False,False,0.6134969325153374,0.0515,0.5960003170953144,False,-0.23285145151529416,True,50.0,False,0.6330917033332278,9.0,-1.39,0,True,▄▄█▃▅█▅▄██▁▄▃▆█▆█▆▄▂,False,False,False,0,-0.040074557315936676,-0.07290729072907287,0.010968294939096013,-0.028781437916843955,UP,False,39,15.0,IGNORE,NONE,,NEUTRAL,C,WAIT,No standout factor,Finance,26.4
INFY,998.8,999.5,1004.2,991.6,True,False,False,False,False,False,1.1281224282600624,994.16886404,1.044960010300011,False,-0.04401930786439385,True,64.13,True,1.1465093411996066,87.0,1.17,0,False,▁▄▃▆▂▅▅▅▄▄▄▂█▂▄▅▄▄▃▆,False,False,False,0,-0.1008282319049334,-0.07723577235772372,-0.04978537964990071,-0.033109919545494804,FLAT,False,38,15.0,IGNORE,SEED,,NEUTRAL,C,WAIT,No standout factor,Technology Services,23.6
SANDUMA,182.69,181.9,184.0,178.53,False,False,False,False,False,False,0.9182980719698061,8.185626409000001,0.884721281990702,False,-0.2598710887073079,True,41.79,False,0.8596465965893897,62.0,0.41,0,True,▃▅▂▆▇▅▁▇▇▇▅▄▄█▄▄▇▅▅▃,False,False,False,0,-0.08837325349301406,-0.07657703194500609,-0.03733040123798137,-0.032451179132777175,FLAT,False,38,15.0,IGNORE,NONE,,NEUTRAL,C,WAIT,No standout factor,Non-Energy Minerals,34.0
DREDGECORP,932.9,941.0,952.0,925.1,True,False,False,False,False,False,1.179811102287679,8.01808892,1.0753815932080388,False,-0.35003302966622046,True,37.52,False,0.8608861253240944,65.0,0.42,0,True,▃▄▅▁▅▆▅▇▅▅▄▅▅▄▇▆█▅▆▃,False,False,False,0,-0.13355623664902017,-0.08404516445753563,-0.08251338439398748,-0.03991931164530671,FLAT,False,36,15.0,IGNORE,NONE,,NEUTRAL,C,WAIT,No standout factor,Transportation,30.4
BANCOINDIA,595.65,592.7,599.9,583.3,False,False,False,False,False,False,0.7586060461603339,3.819963015,0.7383946145759889,False,-0.07163629427299262,True,43.94,False,0.8698578611869977,57.0,0.34,0,True,▁▁▁▄▅▄▁▆▃▃▃▃▆▅▅▄▄█▆▁,False,False,False,0,-0.03950657099088928,-0.08396770472895043,0.011536281264143411,-0.039841851916721516,UP,False,36,15.0,IGNORE,NONE,,NEUTRAL,C,WAIT,No standout factor,Producer Manufacturing,29.0
GRINFRA,816.25,799.3,820.0,789.15,False,False,False,False,False,False,0.5705869023340131,1.335956375,0.5603075775179296,False,-0.3029919929077841,True,44.86,True,1.0500076070546653,29.0,-0.45,0,False,▇▅▃▆▆▇▄▃▇▇█▂▄▁▆▅▇▅▄▅,False,False,False,0,-0.07507082152974509,-0.08655998209489701,-0.024027969274712402,-0.0424341292826681,UP,False,35,15.0,IGNORE,NONE,,NEUTRAL,C,WAIT,No standout factor,Industrial Services,35.2
JKIL,451.4,461.9,462.25,450.0,True,False,False,False,False,False,1.2938226160061475,2.4814360799999995,1.2166605932316934,False,-0.2614004334663282,True,60.57,False,0.9040433439305064,62.0,0.33,0,True,▃▄▃▂▂▁▃▂▄▄▁▆▄█▄▁█▅▃▂,False,False,False,0,-0.07205262616918495,-0.08881711748082355,-0.021009773914152263,-0.04469126466859463,UP,False,34,15.0,IGNORE,NONE,,NEUTRAL,C,WAIT,No standout factor,Industrial Services,35.2
ATULAUTO,438.75,438.6,440.7,432.6,True,False,False,False,False,False,0.5001200195342138,1.9882395,0.4786875900343251,False,-0.2382647073789081,True,48.64,False,0.9869128538094755,81.0,0.92,0,True,▁▆▇▅█▆█▆▇▇▄▆▃▃█▆▇▇█▆,False,False,False,0,-0.07835311416867974,-0.09311699049193889,-0.02731026191364705,-0.04899113767970997,UP,False,32,15.0,IGNORE,NONE,,NEUTRAL,C,WAIT,No standout factor,Consumer Durables,23.7
IGARASHI,411.55,414.9,417.95,406.3,True,False,False,False,False,False,0.07070334838089486,2.0920732699999998,0.06676345450182407,False,-0.22116450596295795,True,56.51,True,1.2488397790055248,83.0,0.8,0,False,▅▇▇▆█▆▇▇▇▇▁▂▅▆▅▅▆▅▆█,False,False,False,0,-0.022562641016506402,-0.10033883484533823,0.028480211238526287,-0.056212982033109316,UP,False,30,15.0,IGNORE,NONE,,NEUTRAL,C,WAIT,No standout factor,Producer Manufacturing,29.0
ARKADE,121.92,124.07,124.51,120.12,True,False,False,False,False,False,0.7018780765669564,1.6446154560000001,0.7002319416675743,False,-0.09510825643420073,True,35.94,False,0.8742079466815854,25.0,-0.61,0,True,▅▅▅▃▅▅▆▂▆▆▆▁▄▇▇▆▃▅█▄,False,False,False,0,0.00994035785288272,-0.11091664843579085,0.06098321010791541,-0.06679079562356194,UP,False,28,15.0,IGNORE,NONE,,NEUTRAL,C,WAIT,No standout factor,Consumer Durables,23.7
PLATIND,205.7,205.1,209.04,202.5,True,False,False,False,False,False,0.8193314344562687,0.90826835,0.7591095812958154,False,-0.15365221010124977,True,54.4,False,0.9541432442624245,63.0,0.31,0,True,▂▁▆▆▂▃▅▂▃▃▁▇▃▅█▄▄▂▂▃,False,False,False,0,-0.09697528425304014,-0.11171567992399711,-0.04593243199800745,-0.0675898271117682,UP,False,28,15.0,IGNORE,NONE,,NEUTRAL,C,WAIT,No standout factor,Process Industries,25.8
GATEWAY,51.57,51.71,52.35,51.42,True,False,False,False,False,False,1.2003565386124382,3.5515794869999997,1.1651724989165844,False,-0.28593542388127635,True,65.39,True,1.1131728575806068,82.0,0.99,0,False,▄▅▅▅▆▁▄▅▇▇▄▄█▆▇▃▅▆█▇,False,False,False,0,-0.024404086265607194,-0.11543739279588328,0.026638765989425495,-0.07131153998365436,UP,False,26,15.0,IGNORE,NONE,,NEUTRAL,C,WAIT,No standout factor,Transportation,30.4
GOCOLORS,304.3,305.7,312.7,301.0,True,False,False,False,False,False,1.0179072485163705,2.27019972,0.9751071486654268,False,-0.30203764944559147,True,44.44,False,0.9562130177514793,44.0,-0.01,0,True,▄▅▄▆▅▅▅█▃▃▃▅█▄▄▃▁▅▇▄,False,False,False,0,-0.05920544133560046,-0.11669085631349774,-0.008162589080567773,-0.07256500350126882,UP,False,25,15.0,IGNORE,NONE,,NEUTRAL,C,WAIT,No standout factor,Consumer Non-Durables,27.5
SUMMITSEC,1322.6,1352.7,1352.7,1312.1,True,False,False,False,False,False,0.5255741440307009,0.23185177999999998,0.49575075002572944,False,-0.36280455072017714,True,62.75,False,0.8968129198227812,70.0,0.43,0,True,▁▅▆▅█▅▃▃▆▆▄▃▅▆▃▅▆▃▄▃,False,False,False,0,-0.06444082903020454,-0.11850173287123444,-0.01339797677517185,-0.07437588005900553,UP,False,25,15.0,IGNORE,NONE,,NEUTRAL,C,WAIT,No standout factor,Miscellaneous,22.2
BHAGCHEM,240.25,241.45,243.1,237.9,True,False,False,False,False,False,0.9282128780696502,1.53245865,0.8827251399369291,False,-0.23331048908921043,True,56.45,False,0.8551281177334941,52.0,0.06,0,True,▆▃▂▂▅▅▁▃▄▄▄▃██▁▄▄▄▅▂,False,False,False,0,-0.10704330050176547,-0.11899523285661895,-0.05600044824673278,-0.07486938004439003,UP,False,24,15.0,IGNORE,NONE,,NEUTRAL,C,WAIT,No standout factor,Process Industries,25.8
BOMDYEING,106.7,108.0,108.0,105.01,True,False,False,False,False,False,0.7509008840249708,3.7532151800000007,0.7196475357220364,False,-0.12626669381432978,True,40.38,True,1.001599880939093,43.0,-0.21,0,False,▄▂▆▄█▁█▂██▄▄▁█▇▃▄▁▅▅,False,False,False,0,-0.05982905982905973,-0.13512199075950393,-0.008786207574027038,-0.09099613794727501,UP,False,20,15.0,IGNORE,NONE,,NEUTRAL,C,WAIT,No standout factor,Process Industries,25.8
INFOBEAN,143.78,144.0,146.38,142.25,True,False,False,False,False,False,0.6705333684536307,1.945372156,0.6199391195688763,False,-0.2387518249871736,True,42.61,False,0.8982534546182791,69.0,0.45,0,True,▅▅▆▁▅▆█▄▇▇▃▄▅▄▆▄▆▆▅▄,False,False,False,0,-0.0872270187912646,-0.14089388145315496,-0.03618416653623191,-0.09676802864092604,UP,False,19,15.0,IGNORE,NONE,,NEUTRAL,C,WAIT,No standout factor,Technology Services,23.6
ITI,243.4,245.9,247.65,240.1,True,False,False,False,False,False,1.2604020221752699,4.36102214,1.1759535845645899,False,-0.19649552337735537,True,36.48,False,0.9123307198859585,74.0,0.69,0,True,▃▄▄▁▁▄▆▅▆▆▅▆▇▆▆▂█▄▆▄,False,False,False,0,-0.09365108918264753,-0.14790827936285655,-0.04260823692761484,-0.10378242655062764,UP,False,17,15.0,IGNORE,NONE,,NEUTRAL,C,WAIT,No standout factor,Communications,33.3
APEX,343.1,338.65,348.4,334.5,False,False,False,False,False,False,0.9950194437861103,3.84604807,0.9362869240754741,False,-0.016573647447493216,True,34.17,False,0.7952337177234486,63.0,0.36,0,True,▇▅▂▅▇▁▅▅██▄▄▅▃▅▅▇▄▆▃,False,False,False,0,-0.0843341339738457,-0.14694181999005462,-0.033291281718813015,-0.1028159671778257,UP,False,17,15.0,IGNORE,NONE,,NEUTRAL,C,WAIT,No standout factor,Consumer Non-Durables,27.5
MHRIL,194.49,195.92,196.82,192.85,True,False,False,False,False,False,0.44221905780370363,1.0769105790000002,0.4301856394947506,False,-0.20857076077649883,True,57.15,False,0.9836319512572933,52.0,0.13,0,True,▆▄▇█▄▃▅▃▆▆▂▁▄▃▅▂▇▃▆▄,False,False,False,0,-0.06634343046421198,-0.14686142913541256,-0.015300578209179294,-0.10273557632318364,UP,False,17,15.0,IGNORE,NONE,,NEUTRAL,C,WAIT,No standout factor,Consumer Services,24.4
HGS,366.05,368.1,373.4,363.65,True,False,False,False,False,False,0.5640756046527011,0.296537105,0.5343986269868791,False,-0.3744389934772852,True,63.25,True,1.0198569781597426,63.0,0.28,0,False,▇▇▁█▆▆▇▇▆▆▆▆▇▇▅▇█▇▇▇,False,False,False,0,-0.07023114046228085,-0.15020313406848518,-0.01918828820724816,-0.10607728125625626,UP,False,16,15.0,IGNORE,NONE,,NEUTRAL,C,WAIT,No standout factor,Commercial Services,27.2
RELTD,149.12,147.51,151.0,145.02,False,False,False,False,False,False,0.7868567058561854,1.7092134400000003,0.7708431051789796,False,-0.09613049834682943,True,49.55,False,0.8787252719969497,37.0,-0.2,0,True,██▆▇█▇▆▅▅▅▆▅█▇▅▆▁▄▆▅,False,False,False,0,-0.031059129304743305,-0.15397707931464877,0.019983722950289384,-0.10985122650241985,UP,False,15,15.0,IGNORE,NONE,,NEUTRAL,C,WAIT,No standout factor,Utilities,34.3
NAVKARCORP,86.6,86.86,87.99,85.5,True,False,False,False,False,False,0.7300412718451058,2.74787862,0.710167813244576,False,-0.4163191830829173,True,57.53,True,1.0219561587380537,75.0,0.69,0,False,▂▅▃▃▃▇▃▂▄▄█▃▃▄▃▁▂▃▄▄,False,False,False,0,-0.09461578672242565,-0.1675478227434395,-0.043572934467392965,-0.12342196993121057,UP,False,12,15.0,IGNORE,NONE,,NEUTRAL,C,WAIT,No standout factor,Transportation,30.4
SYMPHONY,580.4,586.0,589.85,574.6,True,False,False,False,False,False,0.13398579403878305,2.43588076,0.12775969671561432,False,-0.15803595304378915,True,49.4,True,1.1013019439985732,37.0,-0.16,0,False,▇▇▇▆▆▁▄▄▇▇▆▆▇▅█▇█▆▂▇,False,False,False,0,0.010445682451253546,-0.1706794313067086,0.061488534706286235,-0.12655357849447968,UP,False,12,15.0,IGNORE,NONE,,NEUTRAL,C,WAIT,No standout factor,Producer Manufacturing,29.0
NAVNETEDUL,121.42,121.5,122.9,120.35,True,False,False,False,False,False,0.8610328076558529,1.021943572,0.8188335809716486,False,-0.13217579961036183,True,61.65,False,0.9486439699942297,55.0,0.17,0,True,▇▁▆▄▅▇▅▅██▂▁▃▇▆▇▆▇▂▄,False,False,False,0,-0.09354236655468451,-0.1694370339968534,-0.04249951429965182,-0.12531118118462448,UP,False,12,15.0,IGNORE,NONE,,NEUTRAL,C,WAIT,No standout factor,Producer Manufacturing,29.0
LAOPALA,156.71,156.0,157.99,153.01,False,False,False,False,False,False,0.5576251787361807,1.240296966,0.5407101506415724,False,-0.3602302820614854,True,48.41,False,0.8804939933249062,14.0,-0.89,0,True,▄▆▅▅▇█▇███▇▄▁█▆▅▇▃▇▄,False,False,False,0,-0.09572994806693591,-0.17394971271941384,-0.04468709581190322,-0.12982385990718492,UP,False,11,15.0,IGNORE,NONE,,NEUTRAL,C,WAIT,No standout factor,Consumer Durables,23.7
PRECAM,117.16,115.9,118.69,114.01,False,False,False,False,False,False,0.41842360719837624,0.902694368,0.4082273829506971,False,-0.24480380880310093,True,47.81,False,0.9610919580665588,75.0,0.67,0,True,▇▅▅▆▄▇▇▇▇▇▇▇▅█▅▁▅▆▇▆,False,False,False,0,-0.04863987007714177,-0.1752199929602254,0.002402982177890922,-0.13109414014799647,UP,False,11,15.0,IGNORE,NONE,,NEUTRAL,C,WAIT,No standout factor,Producer Manufacturing,29.0
HEIDELBERG,130.29,131.45,131.91,129.01,True,False,False,False,False,False,0.8480463421569238,2.5122517799999997,0.733786299998817,False,-0.35497507444976195,True,54.66,False,0.8988653182042426,24.0,-0.43,0,False,▇▆▆▅▅▅▇█▁▁▂▄▅▅▄▄▄▇▄▄,False,False,False,4,-0.17590132827324478,-0.19039333871869768,-0.1248584760182121,-0.14626748590646876,UP,False,9,15.0,IGNORE,NONE,,NEUTRAL,C,WAIT,No standout factor,Non-Energy Minerals,34.0
MBEL,251.5,250.35,254.95,245.8,True,False,False,False,False,False,0.6914783317956842,2.2685803,0.670453509891612,False,-0.16337396241543917,True,48.58,True,1.050015129901007,51.0,0.18,0,False,▅▆▂▇▇▁▇▇▆▆▅▅▆▇▆▄▅▇█▆,False,False,False,0,-0.05308734939759041,-0.19917210635249172,-0.002044497142557722,-0.1550462535402628,UP,False,7,15.0,IGNORE,NONE,,NEUTRAL,C,WAIT,No standout factor,Producer Manufacturing,29.0
SAGCEM,147.45,149.0,150.92,146.6,True,False,False,False,False,False,0.5022503739135828,0.42978725999999995,0.4890054464266629,False,-0.4401117648314317,True,45.26,False,0.6679506194703325,14.0,-1.04,0,True,▅▅▄█▄█▁▅▇▇▅▁▅▆▅▃▅▂▇▁,False,False,False,0,-0.06100745080557868,-0.20336052731103793,-0.009964598550545989,-0.15923467449880901,UP,False,7,15.0,IGNORE,NONE,,NEUTRAL,C,WAIT,No standout factor,Non-Energy Minerals,34.0
KRISHNADEF,1013.0,995.8,1030.0,986.6,False,False,False,False,False,False,0.6691219985398164,4.9994589,0.6506921515259787,False,-0.04590282994239607,True,41.77,False,0.8231352842644597,42.0,-0.15,0,True,▃▃▂▅▂▃▄▃██▂▃▄▃▃▆▅▃▃▁,False,False,False,0,0.011280822601577256,-0.2169140383426097,0.062323674856609945,-0.17278818553038078,UP,False,6,15.0,IGNORE,NONE,,NEUTRAL,C,WAIT,No standout factor,Electronic Technology,27.1
GODREJIND,1055.7,1070.9,1074.8,1051.0,True,False,False,False,False,False,0.38058220334247844,4.27843539,0.35582498917689376,False,-0.16229516591364226,True,46.98,True,1.142871043861143,64.0,0.34,0,False,▁▅▄▃▅▅▆█▄▄▁▅▇▄▅▄▅▁█▅,False,False,False,0,-0.08430913348946134,-0.23527707352408544,-0.03326628123442865,-0.19115122071185653,UP,False,5,15.0,IGNORE,NONE,,NEUTRAL,C,WAIT,No standout factor,Process Industries,25.8
INA,88.48,89.0,89.5,87.1,True,False,False,False,False,False,0.5349683705664571,2.8011440800000003,0.5233297689903864,False,-0.10478076246393905,True,47.95,False,0.9485657764589517,43.0,-0.04,0,True,▇▆▆▅▄▂▆▁▇▇▆▄▅▅▅▄▇▅█▅,False,False,False,0,-0.03300546448087427,-0.24953350296861743,0.01803738777415842,-0.2054076501563885,UP,False,4,15.0,IGNORE,NONE,,NEUTRAL,C,WAIT,No standout factor,Electronic Technology,27.1
PANACEABIO,375.25,366.45,380.0,362.05,False,False,False,False,False,False,0.6261880365179,2.413608,0.6162543196958613,False,-0.13322320134412788,True,48.15,False,0.8866750147318798,57.0,0.29,0,True,▆▄▄▇▅▅▄▅▅▅▁▂▂▅▁▄█▁▆▃,False,False,False,0,-0.04003581478639029,-0.24038461538461542,0.0110070374686424,-0.1962587625723865,UP,False,4,15.0,IGNORE,NONE,,NEUTRAL,C,WAIT,No standout factor,Health Technology,38.7
SURYODAY,144.68,145.22,146.18,143.33,True,False,False,False,False,False,0.706051118759795,2.009547328,0.6857115096876005,False,-0.07309571424400314,True,46.3,False,0.8844570522555565,33.0,-0.26,0,True,▃▁▄▁▃▅▄▅██▃▂██▅▆▆▅▅▃,False,False,False,0,-0.042234873560174746,-0.24016595767029036,0.008807978694857943,-0.19604010485806145,UP,False,4,15.0,IGNORE,NONE,,NEUTRAL,C,WAIT,No standout factor,Finance,26.4
INDIACEM,303.7,314.5,314.55,302.05,True,False,False,False,False,False,0.7760735520045567,3.9021198199999994,0.6819601538603539,False,-0.061090292060756654,True,51.04,True,1.2754579303795885,87.0,0.95,0,False,▇▆▅▆▇▇█▆▅▅▆▁▅▅▆▆▇▄▆▇,False,False,False,0,-0.15603723773794642,-0.25049358341559724,-0.10499438548291373,-0.20636773060336833,UP,False,3,15.0,IGNORE,SEED,,NEUTRAL,C,WAIT,No standout factor,Non-Energy Minerals,34.0
POKARNA,718.05,718.0,729.9,711.0,True,False,False,False,False,False,0.39926245156892215,3.9531524699999996,0.3687250812927551,False,-0.4941936871708958,True,45.7,False,0.8937826367565666,61.0,0.23,0,True,▇▅▅█▇█▇▁▄▄▄▆▃▇▄▆▆▇▇▄,False,False,False,0,-0.1471583823267416,-0.2687881873727088,-0.09611553007170892,-0.2246623345604799,UP,False,3,15.0,IGNORE,NONE,,NEUTRAL,C,WAIT,No standout factor,Producer Manufacturing,29.0
FINOPB,129.23,127.65,130.05,125.05,False,False,False,False,False,False,0.7829699469915505,2.265569899,0.7389427806980197,False,-0.24784632920768118,True,36.04,False,0.8474815407045102,40.0,-0.2,0,True,▆▁▆▆▅▃▄▁▅▅▂▄▆▆█▆▆▆▆▄,False,False,False,0,-0.05284374083846388,-0.25214120370370385,-0.0018008885834311927,-0.20801535089147494,UP,False,3,15.0,IGNORE,NONE,,NEUTRAL,C,WAIT,No standout factor,Finance,26.4
SPANDANA,226.67,228.35,231.3,225.1,True,False,False,False,False,False,1.0559960910539035,2.184849463,1.0363225579672977,False,-0.023657895788283048,True,46.62,False,0.8731726960283941,41.0,-0.13,0,True,▆▄▆▄▆▅█▄▅▅▄▄▇▂▂▁█▅▇▃,False,False,False,0,-0.04136181010784523,-0.2522843476826653,0.009681042147187457,-0.20815849487043636,UP,False,3,15.0,IGNORE,NONE,,NEUTRAL,C,WAIT,No standout factor,Finance,26.4
SILVERTUC,140.59,145.0,147.27,139.26,True,False,False,False,False,False,0.47742745841965384,3.659993529,0.4284205329717893,False,-0.1947809528947059,True,48.93,True,1.3421106768154702,80.0,0.61,0,False,▅▂▃▂▃▅▆▅▅▅▄▆▃▇▆▁▄▂▅█,False,False,False,0,-0.17841280972417017,-0.276092889140621,-0.12736995746913748,-0.2319670363283921,UP,False,2,15.0,IGNORE,NONE,,NEUTRAL,C,WAIT,No standout factor,Technology Services,23.6
MUTHOOTMF,177.64,178.96,180.55,175.44,True,False,False,False,False,False,0.6785571999062476,2.6897182959999997,0.6213770551800754,False,-0.25073667576338393,True,51.73,False,0.9818361265587336,60.0,0.35,0,True,▆▃▃▆█▅▆▆▅▅▄▄▁▅▆▆▇▆▄▅,False,False,False,0,-0.09464349421538154,-0.3014549744396383,-0.04360064196034885,-0.2573291216274094,UP,False,2,15.0,IGNORE,NONE,,NEUTRAL,C,WAIT,No standout factor,Finance,26.4
SOLARWORLD,128.98,131.03,132.53,126.2,True,False,False,False,False,False,1.072502283805062,3.9340576739999995,0.9814899447443776,False,-0.18725951886343656,True,44.18,False,0.8440076033278887,40.0,-0.13,0,True,▆▆▇▄▄█▅▅▅▅▄▃▄▁▇▆▅▄▄▄,False,False,False,0,-0.11072807501378934,-0.34855295722006174,-0.05968522275875665,-0.3044271044078328,UP,False,1,15.0,IGNORE,NONE,,NEUTRAL,C,WAIT,No standout factor,Industrial Services,35.2
TEMBO,57.99,57.75,58.51,57.0,False,False,False,False,False,False,0.35481530836158653,3.947999793,0.3556082706949781,False,-0.31047509240401683,True,40.35,False,0.9613895474202118,35.0,-0.4,0,True,▄▁▇▁▃▇█▅▂▂▄▂▇▃▄▇▄▄▅▄,False,False,False,0,0.03498126003926472,-0.8940241228070176,0.0860241122942974,-0.8498982699947887,UP,False,0,15.0,IGNORE,NONE,,NEUTRAL,C,WAIT,No standout factor,Producer Manufacturing,29.0
WONDERLA,501.45,504.0,504.95,491.25,True,False,False,False,False,False,0.9059418470709169,2.19865767,0.8741800462975908,False,-0.09408633943344615,True,58.92,False,0.9789814737891501,56.0,0.13,0,True,▄▁▄▂▂▄▆▇▂▂▂▆▆▆▅▅█▇▇▄,False,False,False,0,-0.06489510489510497,0.06171924624179548,-0.013852252640072282,0.1058450990540244,FLAT,True,71,14.0,IGNORE,NONE,,NEUTRAL,C,WAIT,No standout factor,Consumer Services,24.4
JAIBALAJI,63.35,63.55,64.36,62.05,True,False,False,False,False,False,0.5031415249742158,2.146164965,0.47619191368482855,False,-0.07955051754327215,True,42.52,False,0.6832333068202816,43.0,-0.2,0,True,▄▄▇█▅▄▆█▅▅▄▇▅█▄▂▇▆▇▁,False,False,False,0,-0.10065303804656445,0.00940089228808172,-0.04961018579153176,0.053526745100310635,FLAT,True,62,14.0,IGNORE,NONE,,NEUTRAL,C,WAIT,No standout factor,Non-Energy Minerals,34.0
JSWHL,11000.0,10920.0,11169.0,10881.0,True,False,False,False,False,False,0.2763821016969892,1.9877,0.2707291028869385,False,-0.36198492881999034,True,42.72,True,1.0275035176121128,35.0,-0.36,0,False,▇▇▁▅█▆▇▇▅▅▅▆▆▇▃▇▇▆▇▆,False,False,False,0,-0.06111300785250939,0.0017302613605318928,-0.010070155597476704,0.04585611417276081,FLAT,True,61,14.0,IGNORE,NONE,,NEUTRAL,C,WAIT,No standout factor,Finance,26.4
GOPAL,253.0,255.45,255.45,247.6,True,False,False,False,False,False,0.7337712411620971,1.9981434,0.7117300289834361,False,-0.0716159227062769,True,49.86,False,0.9881191846926742,60.0,0.21,0,True,▁▆▅▅▄▂▆▅██▅▄▆▄▅▂▇▆▅▅,False,False,False,0,-0.06400295967443581,-0.028044563964656155,-0.012960107419403122,0.01608128884757276,FLAT,True,53,14.0,IGNORE,NONE,,NEUTRAL,C,WAIT,No standout factor,Consumer Non-Durables,27.5
SIMPLEXINF,242.85,241.15,245.75,237.3,False,False,False,False,False,False,0.6836250685963842,1.6291106549999999,0.6516716282331888,False,-0.19711547317665204,True,62.51,False,0.9459602608919357,54.0,0.18,0,True,▆▅▇▆▅▅▆▆▇▇█▇▁▅▆▄█▆▃▅,False,False,False,0,-0.053585346843336046,-0.027627627627627604,-0.0025424945883033567,0.01649822518460131,FLAT,True,53,14.0,IGNORE,NONE,,NEUTRAL,C,WAIT,No standout factor,Industrial Services,35.2
GSFC,151.65,153.04,153.12,151.0,True,False,False,False,False,False,0.4847287294395517,7.4760417,0.4684358493654045,False,-0.11577535169197295,False,51.2,True,1.0031937613887965,71.0,0.4,0,False,▅▆▆▄▆▆█▇▆▆▄▁▄▅▂▃▄▆█▅,False,False,False,0,-0.044724409448818836,-0.0443029997479204,0.006318442806213853,-0.00017714693569148565,UP,False,48,14.0,IGNORE,NONE,,NEUTRAL,C,WAIT,No standout factor,Process Industries,25.8
TATAINVEST,625.45,635.0,637.0,621.1,True,False,False,False,False,False,0.21248126249750002,31.8091361,0.19091667851679375,False,-0.15912253186640712,False,37.4,True,1.1445534252444418,58.0,0.31,0,False,█▇▇▆██▇▁▄▄▁▂▃▅▅▅▅▅▄▆,False,False,False,2,-0.012940897972066545,-0.047948854555141196,0.038101954282966144,-0.00382300174291228,UP,False,47,14.0,IGNORE,NONE,,NEUTRAL,C,WAIT,No standout factor,Finance,26.4
CAMPUS,209.76,211.0,212.27,208.71,True,False,False,False,False,False,0.7310999641436826,5.113088783999999,0.7131305161182133,False,-0.001956209375560497,False,46.72,False,0.9143125532060628,60.0,0.23,0,True,▆▃▅▅▇▇▅█▅▅▁▃▇▅▂▃▅▁▂▃,False,False,False,0,-0.06323687031082526,-0.060130836096424445,-0.012194018055792566,-0.01600498328419553,UP,False,44,14.0,IGNORE,NONE,,NEUTRAL,C,WAIT,No standout factor,Consumer Non-Durables,27.5
GEOJITFSL,76.76,77.22,79.28,76.16,True,False,False,True,False,True,1.1709818566929573,2.9026333440000003,1.1084204357983933,False,-0.19775416330864304,False,50.19,False,0.9729666857292403,42.0,-0.08,0,False,▇▇▃▆▆▅▆▅▇▇▄▁▅▅▆▆█▅█▅,False,False,False,4,-0.07762557077625565,-0.06390243902439019,-0.02658271852122296,-0.019776586212161273,FLAT,False,42,14.0,IGNORE,NONE,,NEUTRAL,C,WAIT,No standout factor,Finance,26.4
KIRLOSIND,3578.6,3543.0,3640.0,3465.1,False,False,False,False,False,False,0.1868698408159983,2.6195352,0.17546878677293248,False,0.016170925467747815,True,27.23,False,0.5999911863211704,7.0,-1.56,0,False,▇█▆▇▇▆█▇▁▁▃▆▅▆▇▅▆▆▇▄,False,False,False,0,-0.04325740562506686,-0.07109669046073985,0.007785446629965831,-0.026970837648510937,UP,False,40,14.0,IGNORE,NONE,,NEUTRAL,C,WAIT,CMF positive,Non-Energy Minerals,34.0
NHPC,73.32,74.05,74.7,73.3,True,False,False,False,False,False,1.1428814296807825,82.283978556,1.1007429823872181,False,-0.12003213337861725,False,52.65,False,0.9580304422588773,66.0,0.38,0,True,▂▇▄▄▂▂▁▄▃▃▂██▅▄▄▄▃▂▃,False,False,False,0,-0.03905635648754924,-0.08703772880089666,0.011986495767483452,-0.04291187598866775,UP,False,34,14.0,IGNORE,NONE,,NEUTRAL,C,WAIT,No standout factor,Utilities,34.3
GOCLCORP,363.65,381.05,381.05,359.75,True,False,False,False,False,False,0.40154245373396796,7.994517964999999,0.34122073826681104,False,-0.1987703124636724,False,39.06,False,0.8348829753126001,18.0,-0.77,0,False,█▆▁▅█▇█▇██▇▄▇▇▄▆▆▆▇▅,False,False,False,5,-0.06118497482896612,-0.08939526730937786,-0.010142122573933432,-0.04526941449714894,UP,False,34,14.0,IGNORE,NONE,,NEUTRAL,C,WAIT,No standout factor,Process Industries,25.8
KKCL,467.1,462.05,471.35,455.0,False,False,False,False,False,False,1.155945211410287,1.59631425,1.0951215960347365,True,-0.030656686152794422,False,43.21,False,0.6956955748222925,12.0,-1.29,0,True,▁▃▁▃▂▃▆▄██▄▃▄▅▅▄▃█▄▁,False,False,False,0,-0.08447667581340645,-0.08662495111458735,-0.033433823558373765,-0.04249909830235843,UP,False,34,14.0,IGNORE,NONE,,NEUTRAL,C,WAIT,No standout factor,Consumer Non-Durables,27.5
PILANIINVS,4027.7,4024.0,4127.5,3965.0,False,False,False,False,False,False,1.0204956693251008,0.9585926,0.9992662503072753,True,-0.2652595527233522,False,58.25,False,0.8862078670916407,46.0,-0.07,0,True,▃▂▅▅▆▃▁▂▅▅█▆▆▃█▇█▂▇▃,False,False,False,0,-0.07477258108977303,-0.09232884121332308,-0.023729728834740338,-0.04820298840109416,UP,False,33,14.0,IGNORE,NONE,,NEUTRAL,C,WAIT,No standout factor,Finance,26.4
BALAMINES,2142.1,2150.0,2207.4,2132.1,True,False,False,True,False,False,0.4794377832711852,21.563878069999998,0.43652964266912725,False,-0.17046905466742604,False,30.04,False,0.9025086375244102,26.0,-0.61,0,False,▃▁▁▃▄▆▆▁▇▇▂▅▅█▄▂▃▃▃▂,False,False,False,3,-0.11105116819521099,-0.0948235791252906,-0.0600083159401783,-0.050697726313061686,FLAT,False,32,14.0,IGNORE,NONE,,NEUTRAL,C,WAIT,No standout factor,Process Industries,25.8
ZENTEC,1619.8,1642.0,1649.2,1606.0,True,False,False,False,False,False,1.0848519635081502,49.50465156,1.0141796112817976,False,-0.23027867201231575,False,36.01,False,0.9036726602005094,51.0,0.0,0,True,▆▄▄▄▁▂▇▅██▅▅█▄▃▇▇▆▅▄,False,False,False,0,-0.09035772449036905,-0.10936383130807725,-0.03931487223533636,-0.06523797849584834,UP,False,28,14.0,IGNORE,NONE,,NEUTRAL,C,WAIT,No standout factor,Technology Services,23.6
SAFARI,1430.9,1464.5,1464.5,1412.5,True,False,False,False,False,False,0.8122854372494038,4.43521764,0.7675218837796541,False,0.15224833938855453,False,42.45,False,0.7604392454722965,15.0,-0.87,0,False,▆▄▆▄▃▇▆▅▇▇▃▄▂▄▃▆▄█▂▁,False,False,False,0,-0.06532105297537394,-0.11360961407421166,-0.01427820072034125,-0.06948376126198275,UP,False,27,14.0,IGNORE,NONE,,NEUTRAL,C,WAIT,CMF positive,Consumer Durables,23.7
SAIPARENT,502.0,504.7,514.05,501.0,True,False,False,True,False,False,1.1447482774435673,3.2201794,1.1167485811386721,False,-0.20657220162958118,False,62.04,True,1.1198657027590502,71.0,0.45,0,False,▄▆▆▆▆▄▄▃▅▅▄██▅▆▅▁▇▃▆,False,False,False,0,-0.03628335573046648,-0.11541850220264316,0.014759496524566207,-0.07129264939041424,UP,False,26,14.0,IGNORE,NONE,,NEUTRAL,C,WAIT,No standout factor,Health Technology,38.7
VINATIORGA,1174.3,1195.0,1210.9,1172.4,True,False,False,False,False,False,1.1438158370824487,7.869923739999999,1.0610414326846804,False,-0.3685024522058827,False,47.31,False,0.8005753447838226,10.0,-1.15,0,True,▃▂▂▂▆▂▃▄▅▅▂▄█▄▄▁▃▃▄▁,False,False,False,0,-0.10726775125437138,-0.11898867131817847,-0.05622489899933869,-0.07486281850594956,UP,False,24,14.0,IGNORE,NONE,,NEUTRAL,C,WAIT,No standout factor,Process Industries,25.8
RITES,192.31,196.11,196.11,191.25,True,False,False,False,False,False,1.2013745623481922,7.450647098999999,1.1131769788475716,False,-0.39041318024408844,False,48.29,True,1.1656226993494816,80.0,0.86,0,False,▄▆▇▃▅█▅▄▅▅▅▃▃▅▁▃▇▆▇▆,False,False,False,0,-0.11123948608928735,-0.12371274947598654,-0.060196633834254665,-0.07958689666375762,UP,False,23,14.0,IGNORE,NONE,,NEUTRAL,C,WAIT,No standout factor,Commercial Services,27.2
ADVENZYMES,282.15,285.05,286.95,279.75,True,False,False,False,False,False,0.9866172873770578,5.777275185,0.9468210185407021,False,-0.3375835470956492,False,56.86,False,0.9506771442902524,60.0,0.29,0,True,▇▇▃▅▇▃▅▂██▃█▆▄▁▃▂▆▇▄,False,False,False,0,-0.04469273743016777,-0.12198537420258304,0.006350114824864916,-0.07785952139035413,UP,False,23,14.0,IGNORE,NONE,,NEUTRAL,C,WAIT,No standout factor,Consumer Non-Durables,27.5
RANEHOLDIN,1541.3,1565.6,1575.1,1531.0,True,False,False,True,False,False,0.6955486457983941,1.77388217,0.6533871577664124,False,-0.08501980968533858,False,63.59,True,1.100125427100904,71.0,0.52,0,False,█▇▅▁▃▅▅▅▆▆▆▇▅▄▆█▆▆▇▇,False,False,False,0,-0.012430319728327088,-0.12470895564768025,0.0386125325267056,-0.08058310283545134,UP,False,23,14.0,IGNORE,NONE,,NEUTRAL,C,WAIT,No standout factor,Producer Manufacturing,29.0
ASHOKA,108.53,109.2,109.83,107.25,True,False,False,False,False,False,0.5348208247903963,6.449156484,0.494867294981645,False,-0.21062246004828852,False,47.16,True,1.1793832995723608,60.0,0.28,0,False,▁▃▄▇▆█▆▇▆▆▆▆▆▆█▇▇▇▇▇,False,False,False,0,-0.10858316221765918,-0.12750221078864865,-0.05754030996262649,-0.08337635797641973,UP,False,22,14.0,IGNORE,NONE,,NEUTRAL,C,WAIT,No standout factor,Industrial Services,35.2
WAAREEENER,2380.0,2455.0,2460.0,2380.0,True,False,False,False,False,False,1.2726363394857247,171.933818,1.1904639627846645,False,-0.2078088685798187,False,41.42,False,0.8853927300321709,77.0,0.78,0,True,▃▆▄▂▆▄▅▆▅▅▂▃█▃▂▁▄▃▃▃,False,False,False,0,-0.08037094281298296,-0.1288752241865232,-0.02932809055795027,-0.08474937137429428,UP,False,21,14.0,IGNORE,NONE,,NEUTRAL,C,WAIT,No standout factor,Electronic Technology,27.1
ANGELONE,273.5,279.2,280.0,273.5,True,False,False,False,False,False,0.8747393917082111,119.66442765,0.8086104469638279,False,-0.1730318790085596,False,41.56,True,1.1136120042872455,88.0,1.12,0,False,▇██▁▆▅▆▆▆▆▅▄▇▇▆▇▇▅▄▇,False,False,False,0,-0.02859172438288049,-0.15035725380552956,0.0224511278721522,-0.10623140099330064,UP,False,16,14.0,IGNORE,SEED,,NEUTRAL,C,WAIT,No standout factor,Finance,26.4
AMBUJACEM,365.75,373.5,373.6,365.75,True,False,False,False,False,False,1.3957506556894665,64.16432715,1.2986371236768597,False,-0.32117200215842956,False,46.81,True,1.0029245717591353,40.0,-0.29,0,False,▂▁█▁▅▃▂▄▁▁▂▅▄▃▆▂▂▃▃▃,False,False,False,0,-0.11020557109840656,-0.1564806273062731,-0.059162718843373874,-0.11235477449404419,UP,False,15,14.0,IGNORE,NONE,,NEUTRAL,C,WAIT,No standout factor,Non-Energy Minerals,34.0
JBMA,563.15,571.05,576.35,561.0,True,False,False,False,False,False,0.821446739122182,11.881057125,0.7601209137243733,False,-0.23716695379598485,False,41.06,True,1.0916003137088093,85.0,0.98,0,False,▃▄▁▅█▆▅▆▃▃▄▄▄▇▃▂▆▅▆▅,False,False,False,0,-0.09439575460320015,-0.1555072355102347,-0.043352902348167466,-0.11138138269800579,UP,False,15,14.0,IGNORE,SEED,,NEUTRAL,C,WAIT,No standout factor,Producer Manufacturing,29.0
GRSE,2206.1,2234.0,2242.7,2191.9,True,False,False,False,False,False,1.4065365385936963,94.59403824,1.284581838868851,False,-0.39284886931779617,False,35.52,False,0.9396701101837278,83.0,0.94,0,True,▆▇▃▅▇▃█▇▆▆▅▄▇▇▁▇▆▆█▅,False,False,False,0,-0.1280926408979527,-0.15788067335954492,-0.07704978864292,-0.113754820547316,UP,False,14,14.0,IGNORE,NONE,,NEUTRAL,C,WAIT,No standout factor,Producer Manufacturing,29.0
INDIAMART,1612.9,1638.3,1638.4,1600.0,True,False,False,False,False,False,0.6345865856649417,11.20546146,0.6128831295856827,False,-0.14975482455740718,False,64.95,True,1.1329937550151763,60.0,0.14,0,False,▆▅▆▆▇▇▆▅▆▆▁▄█▅▅▅▄▆▅▆,False,False,False,0,-0.08586488324642938,-0.15907194994786233,-0.03482203099139669,-0.11494609713563342,UP,False,14,14.0,IGNORE,NONE,,NEUTRAL,C,WAIT,No standout factor,Retail Trade,31.2
CMSINFO,229.17,228.6,230.74,224.63,False,False,False,False,False,False,0.481159895169257,9.745706337,0.4734960274528709,False,-0.2515291023314446,False,61.03,True,1.0947477936428212,57.0,0.11,0,False,▇▆▇▇██▆▇▆▆▁▅▆▆▆▅█▆▇▇,False,False,False,0,-0.07469616828844838,-0.1666545454545455,-0.023653316033415694,-0.12252869264231658,UP,False,12,14.0,IGNORE,NONE,,NEUTRAL,C,WAIT,No standout factor,Finance,26.4
ICRA,4297.9,4311.0,4373.9,4274.0,True,False,False,False,False,False,0.5682806610611771,6.402151839999999,0.5224040859204486,False,-0.48132296842772576,False,49.3,False,0.7595716816886218,11.0,-1.09,0,True,▃▅▄▁▃▄▅▄▃▃▂▄▅▃█▄▅▄▄▁,False,False,False,0,-0.14246094295576528,-0.1675576215378657,-0.09141809070073259,-0.12343176872563677,UP,False,12,14.0,IGNORE,NONE,,NEUTRAL,C,WAIT,No standout factor,Commercial Services,27.2
MEDPLUS,654.0,656.0,657.55,652.0,False,False,False,False,False,False,0.9202437433719733,5.9106558,0.9090522346850428,False,-0.12299257785605912,False,61.54,True,1.0396060511356437,62.0,0.29,0,False,▄▅▆▁▆▃▃▄██▅▆▅▅▆▃▆█▇▆,False,False,False,0,-0.028303989302429167,-0.1758553336273706,0.022738862952603522,-0.1317294808151417,UP,False,11,14.0,IGNORE,NONE,,NEUTRAL,C,WAIT,No standout factor,Retail Trade,31.2
GANECOS,1010.6,1011.0,1030.0,1000.0,True,False,False,False,False,False,0.44958970929429604,4.58933672,0.4503644669941532,False,0.22190014334797417,False,36.36,False,0.8446091127655373,14.0,-0.79,0,False,█▆▂▃▅▄▅▃▆▆▁▁▅▅▄▄▆▅▃▂,False,False,False,0,-0.013663868826859105,-0.18365038975726,0.037378983428173584,-0.13952453694503109,UP,False,10,14.0,IGNORE,NONE,,NEUTRAL,C,WAIT,CMF positive,Process Industries,25.8
AGIIL,264.85,277.55,279.9,263.35,True,False,False,False,False,False,0.41248499312782105,18.69719169,0.3992130877655896,False,-0.3335963479808588,False,24.6,False,0.6962428359159415,30.0,-0.65,0,True,▄▅▄▆▃█▁▃▇▇▂▃▅▅▄▄▆▂▂▃,False,False,False,0,-0.07427472911569377,-0.19277659250228585,-0.023231876860661083,-0.14865073969005693,UP,False,8,14.0,IGNORE,NONE,,NEUTRAL,C,WAIT,No standout factor,Finance,26.4
INTELLECT,613.25,628.6,629.9,609.4,True,False,False,False,False,False,0.8155872622916941,16.045502275,0.7462825794977407,False,-0.257523223408936,False,48.28,True,1.0275182497286484,67.0,0.48,0,False,▁█▇▃▆▄█▆▆▆▇▇█▅█▂▇▄▆▆,False,False,False,0,-0.11724485389376715,-0.19240139593073025,-0.06620200163873446,-0.14827554311850133,UP,False,8,14.0,IGNORE,NONE,,NEUTRAL,C,WAIT,No standout factor,Technology Services,23.6
CIEINDIA,376.45,384.8,384.8,374.8,True,False,False,False,False,False,0.8360094553165129,7.78325433,0.8170955104197039,False,-0.19521082055681388,False,62.82,True,1.1208450050850178,87.0,0.86,0,False,▄▆▃▆▅▆▆▆▅▅▃▆▂▂▃█▁▁▄▆,False,False,False,0,-0.03684277855954976,-0.20361751639517667,0.014200073695482929,-0.15949166358294775,UP,False,7,14.0,IGNORE,SEED,,NEUTRAL,C,WAIT,No standout factor,Producer Manufacturing,29.0
KEC,378.35,390.35,390.35,375.1,True,False,False,False,False,False,1.1831188392084906,46.78153977,1.1092008744828863,False,-0.26219727012382144,False,51.27,True,1.1114844723863206,71.0,0.54,0,False,▅▇▇▆▇▄▅▁▆▆▃▄▇▇█▆▇▅█▇,False,False,False,0,-0.0926858513189448,-0.22911572942135283,-0.04164299906391211,-0.18498987660912392,UP,False,5,14.0,IGNORE,NONE,,NEUTRAL,C,WAIT,No standout factor,Industrial Services,35.2
IVALUE,224.61,218.47,228.4,215.82,False,False,False,False,False,False,0.6850692531630105,2.670275985,0.6718371669973455,False,0.036900618843791505,True,40.57,False,0.7260200429491769,11.0,-1.23,0,False,▅▃▅▆▆▇▆▇██▅▇▃▂▄▇▃▄▃▁,False,False,False,0,-0.0496720964671038,-0.22761348005502058,0.00137075578792889,-0.18348762724279166,UP,False,5,14.0,IGNORE,NONE,,NEUTRAL,C,WAIT,CMF positive,Technology Services,23.6
GODREJPROP,1634.4,1666.0,1671.3,1634.4,True,False,False,False,False,False,0.6161427197428683,67.16109168000001,0.560843853747674,False,-0.343163335933729,False,50.86,True,1.236431705745785,78.0,0.82,0,False,▃▆▆▃▃▂▅█▁▁▂▄█▄▃▅▆▄▄▇,False,False,False,0,-0.17371081900910001,-0.24483666774476742,-0.12266796675406733,-0.2007108149325385,UP,False,4,14.0,IGNORE,NONE,,NEUTRAL,C,WAIT,No standout factor,Finance,26.4
J&KBANK,138.52,142.63,143.64,138.0,True,False,False,False,False,False,1.2962851489439038,32.618675748,1.2230159016801219,False,-0.18123419099087199,False,53.71,True,1.1481034169490076,83.0,0.95,0,False,▁▇▄▆▆▅▄▄▄▄▅▃██▆▅▅▆▆▇,False,False,False,0,-0.060116705116026514,-0.2589739474669662,-0.009073852860993825,-0.2148480946547373,UP,False,3,14.0,IGNORE,NONE,,NEUTRAL,C,WAIT,No standout factor,Finance,26.4
TURTLEMINT,79.55,84.0,84.05,78.8,True,False,False,False,False,False,1.2868504273603045,20.152854935,0.9501028705073157,False,-0.5304718766314779,False,36.64,False,0.8565050200451163,32.0,-0.28,0,True,▂▂▁▃▂▄▄▂▂▂▃▂▂▃▂▃█▁▁▂,False,False,False,0,-0.4475310785471214,-0.4456832276496411,-0.3964882262920887,-0.40155737483741216,UP,False,1,14.0,IGNORE,NONE,,NEUTRAL,C,WAIT,No standout factor,Finance,26.4
PGIL,1290.4,1294.0,1333.0,1276.8,True,False,False,False,False,False,0.7652215351585505,19.76776664,0.6733595883279582,False,0.09526026764655476,False,36.75,False,0.9444630053198324,19.0,-0.7,0,False,▇▇▅█▇▅▅▄▅▅▂▄▆▇▂▁▂▁▄▄,False,False,False,0,-0.45042589437819414,-0.36986033792362527,-0.39938304212316145,-0.32573448511139635,FLAT,False,1,14.0,IGNORE,NONE,,NEUTRAL,C,WAIT,CMF positive,Consumer Non-Durables,27.5
KIRLPNU,684.4,675.3,690.0,669.6,False,False,False,False,False,False,0.9830587589438201,9.1671958,0.929904424087463,False,-0.02479659762746446,False,45.55,False,0.8467487080343532,19.0,-0.72,0,True,▁▅▃▆▆█▆▆▄▄▅▅▅▄▃▄▇▅▄▂,False,False,False,0,-0.075634792004322,-0.6021624135325234,-0.024591939749289304,-0.5580365607202945,UP,False,1,14.0,IGNORE,NONE,,NEUTRAL,C,WAIT,No standout factor,Producer Manufacturing,29.0
OSWALPUMPS,266.25,268.55,270.7,265.35,True,False,False,False,False,False,0.5293504808307158,7.229433,0.5040632513828386,False,-0.47633067145948027,False,53.33,True,1.1238014961542515,77.0,0.77,0,False,▇█▆▅▇▅▃▃▅▅▆▅▅▆▇▁▆▇█▇,False,False,False,0,-0.08615067787884001,-0.3186180422264875,-0.03510782562380732,-0.27449218941425857,UP,False,1,14.0,IGNORE,NONE,,NEUTRAL,C,WAIT,No standout factor,Producer Manufacturing,29.0
KAYNES,3511.5,3650.0,3707.2,3500.0,True,False,False,False,False,False,1.4294598177447753,517.5150378,1.418658644977684,False,-0.10816831767927573,False,23.13,False,0.8751087737883545,48.0,-0.22,0,True,▃▂▅▄▃▆▇█▄▄▆▁▃▃▃▃▅▅▅▃,False,False,False,0,-0.024718789057075363,0.07316402310442838,0.026324063197957326,0.1172898759166573,FLAT,True,73,13.0,IGNORE,NONE,,NEUTRAL,C,WAIT,No standout factor,Electronic Technology,27.1
BALKRISIND,2126.2,2151.3,2162.8,2115.8,True,False,False,False,False,False,0.555722048504108,30.299625719999998,0.5253758575435772,False,-0.07374997550810657,False,55.59,True,1.007430228343603,50.0,-0.06,0,False,▆▁▄▄▆▅▇▆▄▄▇██▄▄▅▅▅▇▅,False,False,False,0,-0.08817222746376208,0.04348252846486056,-0.03712937520872939,0.08760838127708948,FLAT,True,68,13.0,IGNORE,NONE,,NEUTRAL,C,WAIT,No standout factor,Consumer Durables,23.7
TIMKEN,3086.2,3180.6,3213.8,3065.0,True,False,False,False,False,False,1.3710689297311773,15.799492279999999,1.3248083260421781,False,-0.0776496825898223,False,57.57,True,1.1004912736795824,56.0,0.1,0,False,▅▇█▄▂▃▃▂▃▃▂▁▅▃▄▃▃▃▅▅,False,False,False,0,-0.038447158524426706,-0.002295283354346589,0.012595693730605984,0.04183056945788233,FLAT,True,59,13.0,IGNORE,NONE,,NEUTRAL,C,WAIT,No standout factor,Producer Manufacturing,29.0
AFSL,201.04,201.0,202.5,201.0,False,False,False,False,False,True,0.6721574181045727,0.090648936,0.6678908865956728,False,-0.7784256038785178,False,69.28,False,0.9411061529161658,48.0,-0.02,0,True,▅▂▃▆▃▆▄▅██▆▆▆▃▇▆▁▄▆▄,False,False,False,0,-0.0322052664516439,-0.001737921445950641,0.01883758580338879,0.042387931366278275,FLAT,True,59,13.0,IGNORE,NONE,,NEUTRAL,C,WAIT,No standout factor,Finance,26.4
PERSISTENT,5162.0,5328.0,5348.5,5162.0,True,False,False,False,False,False,0.7080426580018002,151.5361882,0.6649974949377429,False,-0.12657339011095692,False,46.99,True,1.2471303263134148,69.0,0.37,0,False,▁▇▂▂▅▅▄▂▂▂█▆▇▅▆▃▃▂▅▇,False,False,False,0,-0.10999999999999999,-0.010921632496646905,-0.0589571477449673,0.03320422031558201,FLAT,True,57,13.0,IGNORE,NONE,,NEUTRAL,C,WAIT,No standout factor,Technology Services,23.6
IDBI,83.32,83.9,84.9,82.6,True,False,False,False,False,False,0.4868235719069613,63.75123983599999,0.4846358757817509,False,-0.31090526816908765,False,39.9,True,1.1164274322169059,69.0,0.5,0,False,▃▇▄▅▃▃▂▅▁▁▇▆▄▄▆▆█▁▇▆,False,False,False,0,-0.09493808385835334,-0.038208472815421946,-0.04389523160332065,0.005917379996806971,FLAT,True,49,13.0,IGNORE,NONE,,NEUTRAL,C,WAIT,No standout factor,Finance,26.4
ZFCVINDIA,2297.8,2325.0,2331.4,2285.0,True,False,False,False,False,False,0.9288290667867535,19.71581334,0.8807280016473216,False,-0.009759704817353323,False,62.29,True,1.1280639640700125,72.0,0.48,0,False,▂▂▇▄▅▁█▄▅▅▃▂█▄▅▄▄▄▅▆,False,False,False,0,-0.09812387157547686,-0.0420245143000082,-0.04708101932044417,0.0021013385122207184,FLAT,True,48,13.0,IGNORE,NONE,,NEUTRAL,C,WAIT,No standout factor,Producer Manufacturing,29.0
DODLA,1011.1,1000.3,1020.3,993.4,False,False,False,False,False,False,1.073255142288365,2.18862706,1.0185066553529654,True,-0.17689968975563244,True,48.33,False,0.8912945255373493,28.0,-0.47,0,False,▂▅▄▄▅▅▂▁▃▃▃▆▄▁▄█▄▅▄▂,False,False,False,0,-0.05167885950103168,-0.04792843691148774,-0.0006360072459989929,-0.003802584099258821,UP,False,47,13.0,IGNORE,NONE,,NEUTRAL,C,WAIT,No standout factor,Consumer Non-Durables,27.5
FEDFINA,148.86,150.1,150.46,147.33,True,False,False,False,False,False,1.3100294887391444,16.077356352000002,1.2478225646494694,False,-7.349662334809653e-05,True,45.95,False,0.8726202345344917,25.0,-0.54,0,False,▄▅▆▃▁▅▅▄▆▆▅▅▄█▄▄▇▃▆▂,False,False,False,2,-0.047052045323602854,-0.05725142495250157,0.0039908069314298356,-0.013125572140272657,UP,False,45,13.0,IGNORE,NONE,,NEUTRAL,C,WAIT,No standout factor,Finance,26.4
LEMONTREE,104.17,103.82,104.7,102.0,False,False,False,False,False,False,0.8683746932632981,19.977691349,0.8563845988796056,False,-0.126134484557656,True,50.99,False,0.9268212883524793,49.0,0.05,0,False,▇▄▇█▅▇█▅▅▅▂▁▃▃▄▄▆▆▃▃,False,False,False,0,-0.01865284974093273,-0.06110860748084723,0.03239000251409996,-0.016982754668618316,UP,False,43,13.0,IGNORE,NONE,,NEUTRAL,C,WAIT,No standout factor,Consumer Services,24.4
CARRARO,520.8,522.2,525.0,516.8,True,False,False,False,False,True,0.37323182924553117,2.03601552,0.36410268179513966,False,-0.03086903167620218,True,52.84,False,0.9550318102949683,60.0,0.11,0,False,▃▁▄▂▆▄▃▃▄▄▄█▁▃▂▃▃▃▅▃,False,False,False,0,-0.03955739972337491,-0.06145251396648044,0.01148545253165778,-0.01732666115425152,UP,False,43,13.0,IGNORE,NONE,,NEUTRAL,C,WAIT,No standout factor,Producer Manufacturing,29.0
MOBIKWIK,194.93,198.25,199.18,192.82,True,False,False,False,False,False,0.25581353401405044,13.947280486000002,0.2443289901483099,False,-0.11862616417611159,True,31.01,False,0.9958253050738601,54.0,0.11,0,False,▅▇▅▆▇▅▄▂▁▁▁▁▅▃▄█▅▇▄▄,False,False,False,0,0.038076472467781564,-0.0658008243074858,0.08911932472281425,-0.02167497149525688,UP,False,41,13.0,IGNORE,NONE,,NEUTRAL,C,WAIT,No standout factor,Commercial Services,27.2
SAATVIKGL,414.5,420.0,422.0,404.35,True,False,False,False,False,False,1.1907489188851712,7.74737805,1.1728076962459804,False,-0.049795763666536166,True,36.13,False,0.7888818533155746,15.0,-0.89,0,False,▄▄▂▆▆▆▅▇▇▇▁▃▅▅▅▅▅█▅▄,False,False,False,0,-0.014268727705113005,-0.07786429365962177,0.036774124549919684,-0.03373844084739286,UP,False,38,13.0,IGNORE,NONE,,NEUTRAL,C,WAIT,No standout factor,Producer Manufacturing,29.0
MRF,123080.0,123550.0,124290.0,122750.0,True,False,False,False,False,False,0.8722125206694588,34.733176,0.8430864265288391,False,-0.3644970339080072,True,45.22,False,0.8944094464827873,67.0,0.38,0,False,▂▃▃█▃▆▃▂▁▁▄▂▄▃▁▇▅▄▄▂,False,False,False,0,-0.06993614689991312,-0.08149253731343287,-0.018893294644880432,-0.03736668450120395,UP,False,37,13.0,IGNORE,NONE,,NEUTRAL,C,WAIT,No standout factor,Consumer Durables,23.7
RAYMONDLSL,660.55,672.15,672.15,654.0,True,False,False,False,False,False,0.34882558988509166,9.027406575,0.34160831326694013,False,-0.3182486463496124,True,39.18,False,0.9173495668461719,27.0,-0.65,0,False,█▆▇▅▇▂▂▂▁▁▇▆▇▅▆▅▁▂▅▄,False,False,False,0,0.03672604567213367,-0.08231453181439286,0.08776889792716636,-0.03818867900216394,UP,False,37,13.0,IGNORE,NONE,,NEUTRAL,C,WAIT,No standout factor,Consumer Non-Durables,27.5
GRINDWELL,1916.7,1908.6,1930.9,1901.2,True,False,False,True,False,False,0.8731064493616323,4.0764375600000005,0.8663450369453524,False,-0.14174077035676308,True,52.08,False,0.9461006049375986,36.0,-0.41,0,False,▅▅▅▅▇▅▆▃▆▆▆▅▇▆▄▄▁▃█▄,False,False,False,0,-0.03358039630918164,-0.0852383906839117,0.017462455945851052,-0.041112537871682786,UP,False,35,13.0,IGNORE,NONE,,NEUTRAL,C,WAIT,No standout factor,Process Industries,25.8
SAMHI,149.34,149.55,150.85,145.55,True,False,False,False,False,False,0.5008472341319284,13.261899756,0.47236868268252497,False,-0.06433669671155787,True,48.54,False,0.99717528632325,23.0,-0.66,0,False,█▇▆▆▆▆▇▁▄▄▁▅▆▄▅▅▆▅▅▅,False,False,False,0,-0.024240444299248654,-0.09331552425475076,0.026802407955784036,-0.04918967144252184,UP,False,32,13.0,IGNORE,NONE,,NEUTRAL,C,WAIT,No standout factor,Consumer Services,24.4
SYNGENE,367.2,376.0,376.95,365.0,True,False,False,False,False,False,0.942405871155967,21.3295464,0.9025198606198087,False,0.012599280912698246,False,48.2,False,0.8902104553555762,37.0,-0.26,0,False,▇▆▃▆▅▇▃▄▅▅▄▅█▂▃▁▃▄▆▃,False,False,False,0,-0.08668076109936584,-0.1114337568058077,-0.035637908844333155,-0.06730790399357878,UP,False,28,13.0,IGNORE,NONE,,NEUTRAL,C,WAIT,CMF positive,Commercial Services,27.2
REDTAPE,117.48,119.91,119.91,115.33,True,False,False,False,False,False,0.5698728223676102,14.493907032,0.5559618766828059,False,-0.23308786458972433,True,34.18,False,0.7843047269389628,10.0,-1.19,0,False,▃█▇█▇▇▄▇▇▇▁▂▄▅▃▃▅▅▄▄,False,False,False,0,-0.038546525902283246,-0.1129568106312292,0.012496326352749443,-0.06883095781900028,UP,False,27,13.0,IGNORE,NONE,,NEUTRAL,C,WAIT,No standout factor,Retail Trade,31.2
EMBDL,56.33,56.03,56.64,55.05,False,False,False,False,False,False,0.45352809749245243,6.968578667,0.44271439708789534,False,-0.10336397234913518,True,44.3,False,0.9319448827179971,42.0,-0.16,0,False,▇▇▇▇▅▆▆▇▇▇▅▆▅▇▁▃▅▇█▅,False,False,False,0,-0.05534127117222887,-0.11347182876927919,-0.004298418917196178,-0.06934597595705028,UP,False,27,13.0,IGNORE,NONE,,NEUTRAL,C,WAIT,No standout factor,Finance,26.4
GMDCLTD,513.2,521.0,521.8,510.05,True,False,False,False,False,False,0.7819144123524544,37.387954320000006,0.7114799524073813,False,-0.32309295269751614,True,35.01,False,0.9543280042523611,76.0,0.71,0,False,▅▆▅▄▇▃▄▁▅▅▅▆▅▆▆▅█▆▆▅,False,False,False,0,-0.0872387727879057,-0.1156298466310528,-0.036195920532873016,-0.07150399381882389,UP,False,26,13.0,IGNORE,NONE,,NEUTRAL,C,WAIT,No standout factor,Distribution Services,33.3
MARUTI,12071.0,11997.0,12098.0,11975.0,False,False,False,False,False,False,0.6948706685898692,339.1395734,0.6640681917941552,False,-0.2431094521139909,True,50.08,False,0.9024073807121233,31.0,-0.55,0,False,▅▆▃▅▆▆█▂▇▇▅▁█▇▃▃▃▇▅▄,False,False,False,0,-0.10186011904761905,-0.12421098454618007,-0.05081726679258636,-0.08008513173395115,UP,False,23,13.0,IGNORE,NONE,,NEUTRAL,C,WAIT,No standout factor,Consumer Durables,23.7
AVANTEL,149.22,151.25,153.0,147.1,True,False,False,False,False,False,0.7178305720006045,19.525093794,0.6965157618569918,False,-0.15911262321311537,True,39.94,False,0.97048925390905,59.0,0.28,0,False,▅▆▇▇▆▅▆▅██▆▆▆█▆▆▁▃▆▅,False,False,False,0,-0.04755217974085646,-0.12741944915502013,0.0034906725141762296,-0.08329359634279121,UP,False,22,13.0,IGNORE,NONE,,NEUTRAL,C,WAIT,No standout factor,Electronic Technology,27.1
SUBROS,702.2,702.65,712.7,689.0,False,False,False,False,False,False,1.3132335436086462,3.2072282800000003,1.2959615560224933,True,-0.031401998096846774,True,43.74,False,0.8961737437893768,38.0,-0.18,0,False,▄▆▅▆██▂▄▆▆▄▅▃▃▆▂▅▁▅▄,False,False,False,0,-0.020094892548144005,-0.12492990217459032,0.030947959706888684,-0.08080404936236141,UP,False,22,13.0,IGNORE,NONE,,NEUTRAL,C,WAIT,No standout factor,Producer Manufacturing,29.0
KAMAHOLD,2269.9,2217.9,2284.8,2217.8,False,False,False,False,False,False,1.075882018699313,1.18193693,1.0719403479037626,True,-0.423410454165211,True,49.85,False,0.756661581779407,5.0,-1.46,0,False,▇█▅▄▅▇▇▆▆▆▆▅▇▆▅▅▁▄▄▄,False,False,False,0,-0.03801491778267496,-0.13692015209125474,0.013027934472357727,-0.09279429927902583,UP,False,20,13.0,IGNORE,NONE,,NEUTRAL,C,WAIT,No standout factor,Process Industries,25.8
RCF,108.11,109.55,109.67,107.15,True,False,False,False,False,False,1.1328301312597002,12.306442386,1.1020279317514767,False,-0.12346334004456096,True,35.24,False,0.8782116779225959,45.0,-0.04,0,False,▅▅▅▆▆▅█▁▆▆▅▄▅▄▇▅▅▄▄▄,False,False,False,0,-0.0558903152563095,-0.15300846129739898,-0.004847463001276808,-0.10888260848517006,UP,False,16,13.0,IGNORE,NONE,,NEUTRAL,C,WAIT,No standout factor,Process Industries,25.8
ORIENTCEM,118.42,119.4,122.0,116.7,True,False,False,False,False,False,1.4384456930681702,8.30905772,1.372790033018155,False,0.010924736897297007,False,38.3,False,0.7063097620123373,8.0,-1.42,0,False,▁▅▆▆▃▃▅▇▄▄▃▁▇▆▄▅█▆▅▂,False,False,False,0,-0.07599875156054925,-0.15123279816513768,-0.02495589930551656,-0.10710694535290877,UP,False,16,13.0,IGNORE,NONE,,NEUTRAL,C,WAIT,CMF positive,Non-Energy Minerals,34.0
TINNARUBR,955.2,954.9,968.85,919.45,False,False,False,True,False,False,0.783765318978945,3.6216408,0.7368001565823071,False,-0.12404270036517963,True,43.26,False,0.950288864969356,25.0,-0.54,0,False,▆▇▅▅▇▅▁█▅▅▅▇▅█▆▇▇▇█▅,False,False,False,0,-0.06371299745148007,-0.16859604839411613,-0.01267014519644738,-0.12447019558188721,UP,False,12,13.0,IGNORE,NONE,,NEUTRAL,C,WAIT,No standout factor,Process Industries,25.8
POCL,461.6,453.0,467.15,444.6,False,False,False,False,False,False,0.6857936133627852,12.471093360000001,0.6798477845964799,False,-0.14498712016805684,True,42.63,False,0.912701386286999,43.0,-0.12,0,False,▆▃▆▄▅▃█▄▅▅▁▄▅▃▃▄▅▃▄▄,False,False,False,0,-0.047756575554409486,-0.17733024416325072,0.003286276700623203,-0.1332043913510218,UP,False,11,13.0,IGNORE,NONE,,NEUTRAL,C,WAIT,No standout factor,Non-Energy Minerals,34.0
SWSOLAR,171.08,170.1,171.63,168.2,False,False,False,False,False,False,0.6381836305809935,12.107861948,0.6085518434768802,False,-0.38245789610961284,True,39.99,False,0.9217896411036582,50.0,0.07,0,False,▅▆▅▆▆▅▇▃▆▆▅▃█▆▁▅▆▅▇▅,False,False,False,0,-0.08718386511578258,-0.17476243307124595,-0.03614101286074989,-0.13063658025901703,UP,False,11,13.0,IGNORE,NONE,,NEUTRAL,C,WAIT,No standout factor,Industrial Services,35.2
IRCON,102.47,103.0,104.4,101.6,True,False,False,False,False,False,1.2122293024604733,20.128366546000002,1.1170547587419999,False,-0.3913082789925059,True,36.82,False,0.9776043118669269,69.0,0.46,0,False,▃▄▃▂▃▆▅▁██▆▅▄▄▂▂▇▅▅▄,False,False,False,0,-0.13948605979173667,-0.20602820393615373,-0.08844320753670398,-0.16190235112392481,UP,False,6,13.0,IGNORE,NONE,,NEUTRAL,C,WAIT,No standout factor,Industrial Services,35.2
PGHH,6871.5,6900.0,6946.0,6804.0,True,False,False,False,False,False,1.324868502170862,17.35122465,1.2240120511529853,False,-0.47647225929107945,True,46.0,False,0.8220671414402259,7.0,-1.31,0,False,▄▇▅▇▇▃▅▇██▄▁▇▅▅▃▆▄▆▃,False,False,False,0,-0.1281481951405189,-0.2165659559913351,-0.0771053428854862,-0.17244010317910619,UP,False,6,13.0,IGNORE,NONE,,NEUTRAL,C,WAIT,No standout factor,Consumer Non-Durables,27.5
PACEDIGITK,162.3,160.92,163.35,158.8,False,False,False,False,False,False,0.21252202429211275,6.791897940000001,0.20791896596074053,False,-0.44001252790116496,True,40.21,False,0.9018222596019064,47.0,-0.04,0,False,█▇▇▇█▆▆▇██▇█▇▆▁▄▅▅▆▆,False,False,False,0,-0.024463545110296248,-0.21117861482381528,0.02657930714473644,-0.16705276201158636,UP,False,6,13.0,IGNORE,NONE,,NEUTRAL,C,WAIT,No standout factor,Utilities,34.3
BORORENEW,452.5,452.25,459.95,449.1,False,False,False,False,False,False,0.9326303072438661,17.7732045,0.8856665948563914,False,-0.19900276753019067,True,40.01,False,0.8472386921904116,18.0,-0.7,0,False,▇▅▁▅▃▆█▄▇▇▆▅▅▃▁▄▆▇▄▂,False,False,False,0,-0.0898119279895403,-0.24140821458507966,-0.03876907573450761,-0.19728236177285075,UP,False,4,13.0,IGNORE,NONE,,NEUTRAL,C,WAIT,No standout factor,Process Industries,25.8
AURIONPRO,634.2,644.25,654.0,632.05,True,False,False,False,False,False,0.886444597767861,7.594037640000001,0.8231191511335558,False,-0.43503706672117604,True,54.03,False,0.990957944353759,72.0,0.6,0,False,▅▆▆▅▆▄█▄▂▂▁▄▄▂▇▄▂▆▇▄,False,False,False,0,-0.08708795163379879,-0.2420675231550642,-0.0360450993787661,-0.19794167034283527,UP,False,4,13.0,IGNORE,NONE,,NEUTRAL,C,WAIT,No standout factor,Technology Services,23.6
PNCINFRA,129.8,131.25,132.54,128.32,True,False,False,False,False,False,0.46143089517341573,13.3046947,0.4267176328909202,False,0.04081553377821711,False,43.43,False,0.8526804558885607,21.0,-0.67,0,False,▄█▆▆▆▅▆▆▆▆▂▁▅▃▅▅▇▅▇▄,False,False,False,0,-0.312390740054034,-0.465953507508743,-0.2613478877990013,-0.42182765469651406,UP,False,1,13.0,IGNORE,NONE,,NEUTRAL,C,WAIT,CMF positive,Industrial Services,35.2
VGUARD,307.05,305.4,310.65,302.8,True,False,False,False,False,False,0.6353259493988286,8.26609305,0.5932181937784728,False,-0.13523831701652614,True,44.11,False,0.7880726077324376,17.0,-0.69,0,False,▅▅▅▃▄▄▃▃▄▄▄█▆▃▇▆▄▆▃▁,False,False,False,1,-0.10494097070397901,0.020269147698953383,-0.05389811844894632,0.0643950005111823,FLAT,True,64,12.0,IGNORE,NONE,,NEUTRAL,C,WAIT,No standout factor,Producer Manufacturing,29.0
SCI,272.9,270.7,275.95,267.25,False,False,False,False,False,False,0.9226358929758882,39.50942498,0.8907231697418838,False,-0.26787194904246625,True,31.59,False,0.8278952747857536,51.0,0.03,0,False,▆▅▅▇██▆▇▅▅▆▃▅▂▃█▅▄▁▂,False,False,False,0,-0.05078260869565221,-0.01444564824846517,0.0002602435593804797,0.029680204563763746,FLAT,True,56,12.0,IGNORE,NONE,,NEUTRAL,C,WAIT,No standout factor,Transportation,30.4
MASTERTR,83.11,82.5,83.66,81.95,True,False,False,False,False,False,0.1201296547892016,1.004043599,0.11159505665563246,False,-0.06627241665894047,True,24.66,False,0.9365564649361007,38.0,-0.41,0,False,▃▅▄▁▃▃▄▅▅▅▃▅▄▆▇▄█▅▄▄,False,False,False,0,0.018754596714881222,-0.03528728961114347,0.06979744896991391,0.008838563201085448,UP,True,50,12.0,IGNORE,NONE,,NEUTRAL,C,WAIT,No standout factor,Finance,26.4
ESABINDIA,5510.0,5530.0,5546.0,5447.0,True,False,False,False,False,False,0.5544516983631375,1.291544,0.5237484763579953,False,-0.23897521925405368,False,59.94,True,1.0503167246379352,81.0,0.74,0,True,▃▆▄▇█▆▅▆▅▅▁▇▇▇▅▇▄▆▄▆,False,False,False,0,-0.1028250427420011,-0.06364177075367494,-0.051782190486968416,-0.019515917941446026,FLAT,False,42,12.0,IGNORE,NONE,,NEUTRAL,C,WAIT,No standout factor,Producer Manufacturing,29.0
LINDEINDIA,6199.5,6190.0,6335.0,6175.0,False,False,False,False,False,False,1.4794471187161033,19.85389875,1.4592833688350775,True,-0.2909751344481456,False,44.86,False,0.8959993608564524,33.0,-0.42,0,False,▃▄▄▅▅██▅▅▅▄▁▅▆▃▃▄▅▁▃,False,False,False,0,-0.02722422720853601,-0.11486293546544835,0.023818625046496678,-0.07073708265321943,UP,False,26,12.0,IGNORE,NONE,,NEUTRAL,C,WAIT,No standout factor,Process Industries,25.8
NUVAMA,1652.1,1635.0,1677.2,1615.7,False,False,False,True,False,False,0.9133883691247418,48.792460559999995,0.8592407860374538,False,-0.06470950291925652,False,44.4,False,0.8520928090275778,47.0,-0.11,0,False,▄▁▂▃▃▄▄▅▅▅▃▄▅▄▅▅▅█▂▃,False,False,False,0,-0.07445378151260507,-0.12661239162613658,-0.023410929257572377,-0.08248653881390766,UP,False,22,12.0,IGNORE,NONE,,NEUTRAL,C,WAIT,No standout factor,Finance,26.4
IZMO,888.2,879.0,902.9,873.6,False,False,False,True,False,False,0.3393923732726645,5.06282882,0.3271265164194798,False,-0.13234917509872154,False,35.76,False,0.8914260074036219,17.0,-0.79,0,False,▃▁▄▅▃▄▅▅▄▄▅▃▃▅▄▇█▇▇▄,False,False,False,0,-0.030666812179417136,-0.19532524007972452,0.020376040075615554,-0.1511993872674956,UP,False,8,12.0,IGNORE,NONE,,NEUTRAL,C,WAIT,No standout factor,Technology Services,23.6
CEMPRO,1223.3,1229.0,1245.5,1214.0,True,False,False,True,False,False,0.5302744422760829,14.8349591,0.5110966680651376,False,-0.03355369215053729,False,49.38,False,0.862879410068674,48.0,0.06,0,False,▃█▄█▅▄▆▇██▁▄▇▅▅▄▆▃▆▄,False,False,False,0,-0.016718913270637348,-0.2539033910709929,0.03432393898439534,-0.209777538258764,UP,False,3,12.0,IGNORE,NONE,,NEUTRAL,C,WAIT,No standout factor,Industrial Services,35.2
DYCL,433.9,434.4,438.5,420.8,True,False,False,True,False,False,0.42114094210883757,20.753089879999997,0.3603082570623947,False,-0.26998698552798056,False,33.7,False,0.9576584256891164,18.0,-0.76,0,False,▁▄▅▇▇▆▆▅▆▆▆▆▅▇▆█▆▇█▆,False,False,False,2,-0.20003687315634222,-0.0016106764841233856,-0.14899402090130953,0.04251517632810553,FLAT,True,60,11.0,IGNORE,NONE,,NEUTRAL,C,WAIT,No standout factor,Producer Manufacturing,29.0
VIMTALABS,591.4,585.0,599.0,583.05,False,False,False,True,False,False,0.9620180428984796,10.11909056,0.9067720622444821,False,-0.3150603274198843,False,28.58,False,0.7272912345883221,17.0,-1.02,0,False,▁▃▄▅▆▆▄▅▇▇▆▆▆▃▆▆█▃▆▁,False,False,False,2,-0.10630902908953532,-0.013675783855904067,-0.055266176834502634,0.03045006895632485,FLAT,True,56,11.0,IGNORE,NONE,,NEUTRAL,C,WAIT,No standout factor,Commercial Services,27.2
VMART,760.05,766.4,769.8,748.65,True,False,False,True,False,True,0.9029889713008264,4.97498328,0.8553198486441125,False,-0.0476257961869141,False,43.57,False,0.8745571513162517,35.0,-0.28,0,False,▄▄▅▃▄█▅▁▅▅▂▆▂▆▄▃▅▅▃▃,False,False,False,1,-0.10613900976126078,-0.018276931025574927,-0.055096157506228094,0.02584892178665399,FLAT,True,55,11.0,IGNORE,NONE,,NEUTRAL,C,WAIT,No standout factor,Retail Trade,31.2
MGL,1050.5,1048.8,1063.5,1035.0,False,False,False,False,False,False,0.8476361525357311,11.9410335,0.8234635812168708,False,-0.024645800119872028,False,53.25,False,0.9497988923472073,60.0,0.25,0,False,▂▆▅▄▅▆█▅▅▅▄▅▅▄▇▁▅▆▄▄,False,False,False,0,-0.025238934768488486,-0.028574070649158623,0.025803917486544203,0.015551782163070293,UP,True,52,11.0,IGNORE,NONE,,NEUTRAL,C,WAIT,No standout factor,Utilities,34.3
ENDURANCE,2654.8,2699.0,2714.2,2637.0,True,False,False,False,False,True,0.8283452215817684,18.057153160000002,0.8101548951709712,False,-0.08273658550740827,False,48.29,False,0.832686703567672,23.0,-0.65,0,False,▂▄▇▆▂▁▄▃▃▃█▄█▄▃▃▆▅▁▁,False,False,False,0,-0.06577048949572428,-0.035319767441860384,-0.014727637240691593,0.008806085370368533,FLAT,True,50,11.0,IGNORE,NONE,,NEUTRAL,C,WAIT,No standout factor,Producer Manufacturing,29.0
BANARISUG,3305.0,3393.6,3393.6,3301.6,True,False,False,False,False,False,0.40843409023886756,0.183097,0.3806273870929169,False,-0.25698175088192216,True,65.52,True,1.3682210203186667,52.0,0.02,0,False,▆▃▃▆▂▅▅▄▅▅▅▂█▅▅▄█▁▅▆,False,False,False,0,-0.12245764962030692,-0.048920863309352525,-0.07141479736527423,-0.0047950104971236085,FLAT,False,47,11.0,IGNORE,NONE,,NEUTRAL,C,WAIT,No standout factor,Process Industries,25.8
EFCIL,174.28,174.05,176.41,173.65,True,False,False,False,False,False,0.6274869963402516,2.245737224,0.5801196108174603,False,-0.18577740860828093,True,55.26,False,0.9083213478528868,48.0,-0.06,0,True,▃▃▃▃█▄▃▄▄▄▁▃▃▄▃▂▃▂▆▃,False,False,False,0,-0.13439952319459625,-0.0678219940094138,-0.08335667093956356,-0.023696141197184883,FLAT,False,40,11.0,IGNORE,NONE,,NEUTRAL,C,WAIT,No standout factor,Distribution Services,33.3
KIOCL,336.1,332.1,338.0,328.0,False,False,False,False,False,False,0.7377187610790602,1.92326503,0.6969559195083229,False,-0.3513293774412091,True,31.55,False,0.7119967503159416,45.0,-0.19,0,True,▃▇▄▅▆▄▅▅██▇▃▄▅▂▅█▁▃▃,False,False,False,0,-0.12462560229196507,-0.08891298454865804,-0.07358275003693238,-0.04478713173642912,FLAT,False,34,11.0,IGNORE,NONE,,NEUTRAL,C,WAIT,No standout factor,Non-Energy Minerals,34.0
GULPOLY,165.15,165.4,166.94,162.0,True,False,False,False,False,False,0.5816127544825089,1.1592539099999999,0.5404060657123315,False,-0.23579811072985488,True,50.16,False,0.9420868275000704,42.0,-0.11,0,True,▄▃▅▂▅▅█▇▅▅▂▄▄▄▅▄█▁▅▄,False,False,False,0,-0.12284894837476101,-0.08671127578388549,-0.07180609611972832,-0.04258542297165657,FLAT,False,34,11.0,IGNORE,NONE,,NEUTRAL,C,WAIT,No standout factor,Consumer Non-Durables,27.5
YATRA,101.37,102.2,102.32,98.52,True,False,False,False,False,False,0.582170242611715,7.802418489,0.5302808937478171,False,-0.06137693453917744,False,36.42,False,0.7962657279972015,60.0,0.18,0,True,▁▄▆▅▃█▆▆▄▄▆▄▅▆▂▄▆▅▆▂,False,False,False,0,-0.10993063482307486,-0.06069310600444766,-0.05888778256804217,-0.016567253192218745,FLAT,False,43,10.0,IGNORE,NONE,,NEUTRAL,C,WAIT,No standout factor,Consumer Services,24.4
BLS,219.55,221.6,224.6,218.0,True,False,False,False,False,False,1.036082978402959,17.23305033,0.9796093889372139,False,-0.14798933386302512,False,38.12,False,0.818227674211447,48.0,0.12,0,True,▃▄▄▅▃▄▄▅▅▅▃▃█▁▅▄▆▄▅▂,False,False,False,0,-0.0782568537721986,-0.06634063363810327,-0.02721400151716591,-0.02221478082587436,FLAT,False,41,10.0,IGNORE,NONE,,NEUTRAL,C,WAIT,No standout factor,Technology Services,23.6
VHL,3305.3,3310.3,3366.7,3273.0,True,False,False,False,False,False,0.48990857340003446,0.09387052000000001,0.4659870342742412,False,-0.3740219941730171,False,67.96,False,0.9285104348123098,56.0,0.15,0,True,▂▃▆▅▇▆▄▃▅▅▆▇▆▄▅▁█▂▆▄,False,False,False,1,-0.07373052348391429,-0.06864098734819235,-0.0226876712288816,-0.024515134535963434,UP,False,40,10.0,IGNORE,NONE,,NEUTRAL,C,WAIT,No standout factor,Finance,26.4
FLAIR,230.38,234.46,237.95,230.0,True,False,False,False,False,False,1.0336661121173696,2.41979633,0.9962342814847736,False,-0.3840660126336477,False,55.8,True,1.1203132058424936,69.0,0.42,0,False,▇▁▄▇▇█▄▄▄▄▄▅▄▄▆▄▄▅▆▆,False,False,False,0,-0.0784062725018001,-0.07366304784881383,-0.02736342024676741,-0.029537195036584918,UP,False,39,10.0,IGNORE,NONE,,NEUTRAL,C,WAIT,No standout factor,Producer Manufacturing,29.0
KCP,156.19,156.51,157.84,153.21,True,False,False,False,False,False,0.5881598166705728,0.970111709,0.5677599558481616,False,-0.0874916279413218,False,58.73,False,0.9968429628623804,57.0,0.26,0,True,▂▄▃▃▃▄▆▅▄▄▄▄▇█▄▅▃▁▃▄,False,False,False,0,-0.0696884865090237,-0.0740455299976287,-0.018645634253991017,-0.029919677185399784,UP,False,39,10.0,IGNORE,NONE,,NEUTRAL,C,WAIT,No standout factor,Producer Manufacturing,29.0
JIOFIN,218.73,220.5,220.5,215.36,True,False,False,False,False,False,1.2534956250436362,325.47120241199997,1.1842074802232252,False,-0.21503095510562503,False,46.92,False,0.8973807269701926,48.0,-0.09,0,True,▅▅▄▅█▅▅▅▅▅▄▂█▄▁▆▇▄▄▄,False,False,False,0,-0.09372280919825982,-0.08450527373179306,-0.042679956943227126,-0.040379420919564146,FLAT,False,35,10.0,IGNORE,NONE,,NEUTRAL,C,WAIT,No standout factor,Finance,26.4
SANOFI,3072.1,3103.5,3112.1,3061.2,True,False,False,False,False,False,0.6099954703306659,3.35104668,0.600494363618811,False,-0.31737302778509,False,56.84,True,1.018364239003852,49.0,0.01,0,False,▅▆▆▇█▆▅▅▇▇▆▅▆█▇█▁▂▃▆,False,False,False,0,-0.02627575277337557,-0.09198120178523939,0.024767099481657118,-0.04785534897301047,UP,False,33,10.0,IGNORE,NONE,,NEUTRAL,C,WAIT,No standout factor,Health Technology,38.7
ROTO,63.26,62.9,64.01,62.18,False,False,False,False,False,False,0.7126928307202698,2.104603266,0.7024847528337615,False,-0.27218981714370355,False,39.81,True,1.114532881659621,46.0,-0.0,0,False,▄▆▇▇█▂▃▄██▆▃▆▃▇▇▁▅▃▆,False,False,False,0,-0.041079278459906,-0.09473382942186603,0.00996357379512669,-0.05060797660963712,UP,False,32,10.0,IGNORE,NONE,,NEUTRAL,C,WAIT,No standout factor,Producer Manufacturing,29.0
BALMLAWRIE,161.59,162.3,162.47,160.11,True,False,False,False,False,False,0.5481723106899988,1.185601989,0.5186657678543465,False,-0.054321060550695056,False,54.55,True,1.0125477967108438,45.0,-0.08,0,False,▂▅▆▆▅▇▇▄▆▆▄▅▇▅▁▇▅▅█▅,False,False,False,0,-0.08255265996706973,-0.09513943330720132,-0.03150980771203704,-0.0510135804949724,UP,False,32,10.0,IGNORE,NONE,,NEUTRAL,C,WAIT,No standout factor,Producer Manufacturing,29.0
DEEPAKNTR,1529.0,1552.8,1555.0,1512.3,True,False,False,False,False,False,0.6899627132134188,28.6961191,0.635608290772875,False,-0.28373289063725937,False,54.49,False,0.9867354791977907,72.0,0.5,0,True,▃▃▄▃▃▁▂█▄▄▆▃▇▃▄▄▃▃▅▄,False,False,False,0,-0.142360332061925,-0.10495814552479066,-0.09131747980689231,-0.06083229271256174,FLAT,False,29,10.0,IGNORE,NONE,,NEUTRAL,C,WAIT,No standout factor,Process Industries,25.8
IFBIND,1201.0,1214.8,1234.5,1199.0,True,False,False,False,False,False,1.2848339909920683,4.8393094,1.2170217451421417,False,-0.1453012404225326,False,56.14,True,1.1684757157277998,81.0,0.67,0,False,▆▄▅█▅▇▆▅▄▄▄▅▅▅▇▂▄▆▁▆,False,False,False,0,-0.07714768710619335,-0.11365313653136533,-0.026104834851160663,-0.06952728371913641,UP,False,27,10.0,IGNORE,NONE,,NEUTRAL,C,WAIT,No standout factor,Consumer Durables,23.7
ARIHANTSUP,230.25,236.0,236.0,228.25,True,False,False,False,False,False,0.12797593711869698,0.031152825,0.12698380406191542,False,-0.2992039089658916,False,71.47,False,0.9425153964841948,81.0,0.94,0,True,▂▃▆▆█▂▄▅▂▂▅▆▄▄▆▁▆▅▂▃,False,False,False,0,-0.0795522686388167,-0.11527377521613835,-0.028509416383784014,-0.07114792240390944,UP,False,26,10.0,IGNORE,NONE,,NEUTRAL,C,WAIT,No standout factor,Finance,26.4
STUDDS,395.65,400.0,400.0,395.0,True,False,False,False,False,False,0.3128191171112001,1.100500475,0.2911593076238436,False,-0.2332302977759342,False,58.55,False,0.9179418035871063,51.0,0.13,0,True,█▇▇▇▇▇▇▇▇▇▇▇▆▁▆▇▇█▇▆,False,False,False,0,-0.10344436891003861,-0.11783723522853962,-0.05240151665500592,-0.0737113824163107,UP,False,25,10.0,IGNORE,NONE,,NEUTRAL,C,WAIT,No standout factor,Consumer Durables,23.7
SULA,131.77,133.5,135.0,131.55,True,False,False,False,False,False,0.4342059377925103,2.3322367610000003,0.4144478551676347,False,-0.3767001036444463,False,50.16,True,1.062937062937063,46.0,0.05,0,False,▆▆█▆▇▇▆█▇▇▁▆▇▆▆▆▇▆▇▇,False,False,False,0,-0.11355533131516982,-0.12165044660711899,-0.06251247906013713,-0.07752459379489007,UP,False,24,10.0,IGNORE,NONE,,NEUTRAL,C,WAIT,No standout factor,Process Industries,25.8
JTEKTINDIA,115.84,116.55,117.76,114.2,True,False,False,False,False,False,0.4561939407019124,0.763976384,0.4404699677707967,False,-0.1334407191981876,False,50.81,False,0.9339815997720652,49.0,0.05,0,True,▅▁▅▅█▅▆▇▄▄▃▅▇▇▆▃▇▆▅▅,False,False,False,0,-0.07858733693923003,-0.1343595875056045,-0.027544484684197346,-0.09023373469337559,UP,False,20,10.0,IGNORE,NONE,,NEUTRAL,C,WAIT,No standout factor,Consumer Durables,23.7
NIITMTS,204.96,206.07,209.98,202.72,True,False,False,False,False,False,0.2869942480066206,1.19020272,0.26210642777577736,False,-0.1691566993914757,False,53.73,True,1.0258515350542232,55.0,-0.03,0,False,█▇▇▄▇▆▅▆▁▁▄▅▃▃▃▅▅▃▄▅,False,False,False,0,-0.10948905109489049,-0.14008810572687225,-0.0584461988398578,-0.09596225291464333,UP,False,19,10.0,IGNORE,NONE,,NEUTRAL,C,WAIT,No standout factor,Commercial Services,27.2
KICL,4773.0,4940.0,4940.0,4750.5,True,False,False,False,False,False,0.9651167905687766,0.5235981,0.9250225637380467,False,-0.19002089579161358,False,55.33,False,0.8163114760144881,21.0,-0.58,0,True,▂▁▃▄▃▄█▄▆▆▇▃▇▆▇▂█▅▇▂,False,False,False,0,-0.07803747344021639,-0.14262619004850008,-0.026994621185183698,-0.09850033723627116,UP,False,19,10.0,IGNORE,NONE,,NEUTRAL,C,WAIT,No standout factor,Finance,26.4
DCXINDIA,158.81,159.0,161.78,157.01,True,False,False,False,False,False,0.7978515297284615,4.700807762,0.7599105963727176,False,-0.15435163804813942,False,42.36,False,0.8986571058828521,61.0,0.33,0,True,▂▃▄▅▃▂▄▆▅▅▄▃▆█▁▄▅▆▅▃,False,False,False,0,-0.08472134170941148,-0.14480344641895526,-0.03367848945437879,-0.10067759360672635,UP,False,18,10.0,IGNORE,NONE,,NEUTRAL,C,WAIT,No standout factor,Producer Manufacturing,29.0
GOODYEAR,702.55,700.0,714.7,697.55,True,False,False,False,False,False,0.7600324035450445,0.22081146499999998,0.7445038439307698,False,-0.3551538810459787,False,53.11,False,0.7760592090362457,12.0,-1.15,0,True,▄▄▅▄█▅▆▅▄▄▆▆▇▄▅▆▁▃█▁,False,False,False,0,-0.045772495755517895,-0.1463029345646759,0.0052703564995147945,-0.102177081752447,UP,False,17,10.0,IGNORE,NONE,,NEUTRAL,C,WAIT,No standout factor,Consumer Durables,23.7
BFUTILITIE,508.9,515.2,518.45,502.0,True,False,False,False,False,False,0.22227644154557968,3.53044286,0.20860107938442754,False,-0.03715189547826635,False,41.45,True,1.095937495868752,44.0,-0.1,0,False,▇▅▁▃▆▇▅▃▃▃▅▅▃▇▇█▆█▆▆,False,False,False,0,0.00832177531206657,-0.15912095175148722,0.05936462756709926,-0.1149950989392583,UP,False,14,10.0,IGNORE,NONE,,NEUTRAL,C,WAIT,No standout factor,Industrial Services,35.2
CERA,5124.5,5196.0,5238.5,5100.0,True,False,False,False,False,False,0.9051315518307343,3.3760206,0.839245516967541,False,-0.3992567940754125,False,50.09,False,0.9372865656839723,52.0,0.01,0,True,▄▇▄▁▅▃▆▄▅▅▄▆▄▇▅▅▅█▆▄,False,False,False,0,-0.10371665937909924,-0.17757984272187455,-0.05267380712406655,-0.13345398990964563,UP,False,10,10.0,IGNORE,NONE,,NEUTRAL,C,WAIT,No standout factor,Consumer Durables,23.7
SAKSOFT,139.78,142.5,142.68,139.0,True,False,False,False,False,False,0.7304160036418059,2.514166948,0.6944993219162781,False,-0.09667619198619282,False,43.47,False,0.9753197217859546,46.0,0.14,0,True,▄▅▁▃▆▆▄▇██▅▅█▂▄▅▅█▄▅,False,False,False,0,-0.09363247309039036,-0.1928163076745394,-0.04258962083535767,-0.14869045486231047,UP,False,8,10.0,IGNORE,NONE,,NEUTRAL,C,WAIT,No standout factor,Technology Services,23.6
ROUTE,447.2,452.5,454.05,444.1,True,False,False,False,False,False,0.4245037475383131,4.33976296,0.39739638084987355,False,-0.41340539709806673,False,40.07,False,0.896380475146526,34.0,-0.18,0,True,▄▇▆▅▅▇▆▆▆▆▄▂█▆█▁▅▅▆▅,False,False,False,0,-0.10907460902480326,-0.2235437103915271,-0.05803175676977057,-0.17941785757929818,UP,False,5,10.0,IGNORE,NONE,,NEUTRAL,C,WAIT,No standout factor,Communications,33.3
CAMLINFINE,93.17,95.97,96.42,92.75,True,False,False,False,False,False,0.7470686989833552,4.817252363000001,0.6962994419216726,False,-0.2842296954441911,False,43.99,False,0.8424056147607695,33.0,-0.35,0,True,▅▃▂▃▅▁▃▄██▄▄▆▆▅▁▇▃▅▂,False,False,False,0,-0.08782063833953391,-0.2479619016869804,-0.03677778608450122,-0.20383604887475149,UP,False,4,10.0,IGNORE,NONE,,NEUTRAL,C,WAIT,No standout factor,Process Industries,25.8
FAZE3Q,422.2,427.25,429.75,418.0,True,False,False,False,False,False,0.5655449952906927,0.39040833999999996,0.5229980524984686,False,-0.22055190774006728,False,59.19,True,1.0886618416575469,71.0,0.68,0,False,▆▃█▄▆▆▇▁▄▄▇▆█▇▆▅█▄▂▆,False,False,False,0,-0.13933340128427285,-0.24451999642122224,-0.08829054902924016,-0.20039414360899332,UP,False,4,10.0,IGNORE,NONE,,NEUTRAL,C,WAIT,No standout factor,Process Industries,25.8
DIGITIDE,75.12,76.55,77.06,74.8,True,False,False,False,False,False,1.3285013337318488,2.016731616,1.1455664485439114,False,-0.39183284123151585,False,45.65,False,0.8716323296354991,28.0,-0.38,0,True,▁▆▅▄█▆▄▇▄▄▁▅▇▆█▆▇▇▄▃,False,False,False,0,-0.22564684053190387,-0.2548358297787917,-0.17460398827687118,-0.2107099769665628,UP,False,3,10.0,IGNORE,NONE,,NEUTRAL,C,WAIT,No standout factor,Commercial Services,27.2
ELECTHERM,778.35,806.6,806.65,775.0,True,False,False,False,False,False,0.48426473084727134,0.9325411349999999,0.40685359277968897,False,-0.19241788243330538,False,58.4,False,0.8065908416029612,54.0,0.17,0,True,▂▄▆▅▆▂▆▃██▁▃▆▅▅▄▃▄▁▂,False,False,False,0,-0.2195036349962396,-0.2571578545523955,-0.1684607827412069,-0.21303200174016657,UP,False,3,10.0,IGNORE,NONE,,NEUTRAL,C,WAIT,No standout factor,Non-Energy Minerals,34.0
LINCOLN,584.3,583.0,595.9,582.0,False,False,False,False,False,False,0.4431980790615046,0.8768005799999999,0.4198220680672912,False,-0.23178032280170935,False,50.61,False,0.9623045110994914,29.0,-0.44,0,False,▄▄▅▆▄▄▃▄▆▆▆▁▅▅▅▆▅▆█▅,False,False,False,3,-0.04158123513491352,-0.023725981620718484,0.00946161712011917,0.020399871191510432,FLAT,True,54,9.0,IGNORE,NONE,,NEUTRAL,C,WAIT,No standout factor,Health Technology,38.7
NSIL,5350.0,5350.5,5400.0,5340.0,True,False,False,False,False,False,0.6355778686403396,0.65698,0.6121444642673273,False,-0.27243653846288185,False,67.59,False,0.935799631716671,73.0,0.65,0,True,▁▆▃▇▃▅▇▇▆▆▄▃▇▅▄▅▁▁█▄,False,False,False,1,-0.0607443820224719,-0.032986895616809786,-0.00970152976743921,0.01113895719541913,FLAT,True,51,9.0,IGNORE,NONE,,NEUTRAL,C,WAIT,No standout factor,Finance,26.4
VEEDOL,1356.5,1364.1,1366.1,1352.0,True,False,False,False,False,False,0.7841469537225717,0.9004447,0.754716373545434,False,-0.32831228630027953,False,58.18,False,0.980245145528832,51.0,0.04,0,True,▄▄▅▅▇▆▆▇██▆▁█▇▄▆▅▇▆▆,False,False,False,0,-0.08947509732850045,-0.03479436459370999,-0.03843224507346776,0.009331488218518924,FLAT,True,50,9.0,IGNORE,NONE,,NEUTRAL,C,WAIT,No standout factor,Energy Minerals,25.5
GENUSPOWER,293.65,294.0,301.0,290.0,True,False,False,False,False,False,1.1985480279306449,60.39223519,1.0956625298758262,False,-0.2416128278587001,True,46.94,False,0.9753867572650106,43.0,-0.22,0,False,▆▃▃▄▄▄▅▆▆▆▄▅▃▅▆▆▁▅█▄,False,False,False,0,-0.10445257700518451,-0.06644412652996357,-0.05340972475015182,-0.02231827371773465,FLAT,False,41,9.0,IGNORE,NONE,,NEUTRAL,C,WAIT,No standout factor,Electronic Technology,27.1
GALLANTT,539.1,540.9,547.0,527.55,False,False,False,False,False,False,0.5571002053598825,2.86790418,0.544225148262133,False,-0.4196465143614607,True,42.24,False,0.9436575666860284,50.0,0.16,0,False,█▆▆▂▆▇▆▆▇▇▇▆▅▆▁▄▆▃▅▅,False,False,False,0,-0.024782923299565773,-0.08781725888324865,0.026259928955466916,-0.043691406071019734,UP,False,34,9.0,IGNORE,NONE,,NEUTRAL,C,WAIT,No standout factor,Non-Energy Minerals,34.0
IPL,133.12,131.8,133.85,128.05,False,False,False,False,False,False,0.1522315233210947,3.211426816,0.14734174439736258,False,-0.5557423421115594,True,42.44,False,0.8635054986418711,23.0,-0.57,0,False,▅▅█▆▆▇▆▅▇▇▁▃▆▅▅▆▆▄▅▅,False,False,False,0,-0.03703703703703709,-0.10938649896300257,0.014005815217995599,-0.06526064615077365,UP,False,28,9.0,IGNORE,NONE,,NEUTRAL,C,WAIT,No standout factor,Process Industries,25.8
TAJGVK,316.55,316.2,319.0,310.8,False,False,False,False,False,False,0.579070501344241,1.208176385,0.5510670781533161,False,-0.042306129218011385,True,48.41,False,0.9136892965668232,44.0,-0.1,0,False,▆▅▇▄▇▁▇▄▇▇▅▆▅▆▅▆█▄▆▅,False,False,False,0,-0.03769569843441245,-0.11615245009074404,0.013347153820620239,-0.07202659727851513,UP,False,26,9.0,IGNORE,NONE,,NEUTRAL,C,WAIT,No standout factor,Consumer Services,24.4
HARIOMPIPE,345.1,342.1,351.65,335.4,False,False,False,False,False,False,0.9253558771909358,3.0795343600000002,0.8956637214943586,False,-0.15303388162208942,True,44.44,False,0.8843693097581118,40.0,-0.08,0,False,▅▄▅▁▂▄▃▇▄▄▄▆▁█▂▅▇▅▅▃,False,False,False,0,0.007444168734491274,-0.1189685984171559,0.05848702098952396,-0.07484274560492699,UP,False,25,9.0,IGNORE,NONE,,NEUTRAL,C,WAIT,No standout factor,Non-Energy Minerals,34.0
LUXIND,1103.6,1112.1,1130.9,1094.5,True,False,False,False,False,False,0.36635844598206935,2.09860576,0.35074963638275586,False,-0.05559564260050512,True,46.43,False,0.9078466261267426,36.0,-0.26,0,False,▆▇▄▆▇▇▇▇████▁▁▅▆▇▃▆▅,False,False,False,0,-0.0747820254862509,-0.11895257863643627,-0.023739173231218214,-0.07482672582420735,UP,False,25,9.0,IGNORE,NONE,,NEUTRAL,C,WAIT,No standout factor,Consumer Non-Durables,27.5
ORIENTTECH,231.5,233.81,234.76,228.26,True,False,False,False,False,False,0.1504636788387095,1.87813635,0.1411511399725581,False,-0.25487351891011967,True,32.68,False,0.769348478606321,37.0,-0.12,0,False,▆█▅▆█▆█▃▁▁▅▅▆▇▆▇▆▇█▄,False,False,False,0,-0.029187285079258607,-0.11947054124985745,0.021855567175774082,-0.07534468843762854,UP,False,24,9.0,IGNORE,NONE,,NEUTRAL,C,WAIT,No standout factor,Technology Services,23.6
JAICORPLTD,91.8,92.49,92.49,89.64,True,False,False,False,False,False,0.9697143123102727,2.32385274,0.9285774738451479,False,-0.11886157258164587,True,38.04,False,0.8954275289825222,62.0,0.3,0,False,▂▃▃▅▅▄▄▃██▂▁▃▃▃▄▄▂▅▃,False,False,False,0,-0.06659888154550075,-0.1285361685969243,-0.015556029290468065,-0.08441031578469538,UP,False,22,9.0,IGNORE,NONE,,NEUTRAL,C,WAIT,No standout factor,Process Industries,25.8
VSTIND,202.96,204.68,204.8,202.05,True,False,False,False,False,False,0.872649983457097,1.8682468,0.857723379080196,False,-0.07218533975163433,True,49.92,False,0.8429798120519771,25.0,-0.61,0,False,▇▆▇▃▆▇▆▆▇▇▅▄▁█▆▄▅█▆▄,False,False,False,0,-0.024230769230769167,-0.13394495412844032,0.026812083024263522,-0.0898191013162114,UP,False,20,9.0,IGNORE,NONE,,NEUTRAL,C,WAIT,No standout factor,Consumer Non-Durables,27.5
REPCOHOME,343.65,344.0,345.0,339.05,True,False,False,False,False,False,0.6985899306881883,1.8383213099999998,0.6759621135878637,False,-0.05016791994133813,True,53.62,False,0.8532917455720174,34.0,-0.43,0,False,▆▅▅▃▅▃▇█▆▆▁▅▆▃▅▄▃▃▅▁,False,False,False,0,-0.052783902976846875,-0.14044522261130576,-0.0017410507218141857,-0.09631936979907685,UP,False,19,9.0,IGNORE,NONE,,NEUTRAL,C,WAIT,No standout factor,Finance,26.4
SIYSIL,541.4,534.9,543.95,525.15,False,False,False,False,False,False,0.9605111343795226,1.5594485599999999,0.9666044208258214,False,-0.07082548543076732,True,50.93,False,0.9514557665542656,56.0,0.17,0,False,▁▂▃▅▄▅▇▂██▂▅▅▄▂▆▅▅▆▄,False,False,False,0,-0.0235368383082335,-0.14994504631810335,0.02750601394679919,-0.10581919350587443,UP,False,17,9.0,IGNORE,NONE,,NEUTRAL,C,WAIT,No standout factor,Process Industries,25.8
GODAVARIB,236.48,227.78,237.79,226.01,False,False,False,False,False,False,0.10145271871399462,1.44146384,0.1008483835904678,False,-0.2709581592925667,True,46.56,False,0.9577882004443348,40.0,-0.15,0,False,▅▅▆▇▅▆█▇██▁▂▅▆▆█▆▇▇▆,False,False,False,0,0.0065120238348583825,-0.15588077815456003,0.05755487608989107,-0.11175492534233111,UP,False,15,9.0,IGNORE,NONE,,NEUTRAL,C,WAIT,No standout factor,Process Industries,25.8
HITECH,73.19,73.25,73.95,70.74,True,False,False,False,False,False,0.7157872052972444,3.952896753,0.6916925726343481,False,-0.18368231166407736,True,35.26,False,0.6444478967713636,4.0,-1.8,0,False,▃█▇▄▆▅▅▁▆▆▄▄▆▆▇▆▇▆▅▂,False,False,False,0,-0.08133550897451991,-0.1578644574847543,-0.03029265671948722,-0.11373860467252539,UP,False,14,9.0,IGNORE,NONE,,NEUTRAL,C,WAIT,No standout factor,Non-Energy Minerals,34.0
PNBGILTS,71.89,73.2,73.2,70.9,True,False,False,False,False,False,0.8726276041992315,2.7090164920000004,0.7887809820487913,False,-0.19020703442509282,True,41.01,False,0.8703218344457295,36.0,-0.24,0,False,▆▅▅▁▆▂▇▄▇▇▃▅█▇▁▆█▅▇▄,False,False,False,0,-0.059523809523809534,-0.18390282665455782,-0.008480957268776845,-0.1397769738423289,UP,False,10,9.0,IGNORE,NONE,,NEUTRAL,C,WAIT,No standout factor,Finance,26.4
GREENPANEL,159.05,159.0,160.86,155.5,True,False,False,False,False,False,0.32324979679436894,2.4513422200000003,0.3210740983738387,False,-0.07395246784110997,True,48.57,False,0.8264350311806092,31.0,-0.44,0,False,█▄▄▂▁▂▆▄▆▆█▇▇▃▁▄▅▄▅▃,False,False,False,0,-0.006496345805484416,-0.19268057459012222,0.04454650644954827,-0.1485547217778933,UP,False,8,9.0,IGNORE,NONE,,NEUTRAL,C,WAIT,No standout factor,Non-Energy Minerals,34.0
RUPA,132.39,132.98,133.57,130.0,True,False,False,False,False,False,0.9963639149527219,1.3257666989999999,0.9533710754624379,False,-0.07003094044434872,True,42.61,False,0.8136959095596379,16.0,-0.91,0,False,▆▇▁▆█▄▄▃▄▄▄▃▆▁▅▄▇▅█▂,False,False,False,0,-0.08935204292199761,-0.19583308024053947,-0.03830919066696492,-0.15170722742831055,UP,False,8,9.0,IGNORE,NONE,,NEUTRAL,C,WAIT,No standout factor,Consumer Non-Durables,27.5
ASALCBR,634.6,646.0,646.95,628.25,True,False,False,False,False,False,1.4084469375338473,2.67369672,1.3329667337122328,False,-0.22440542876007671,True,53.76,False,0.9282569282569282,52.0,0.12,0,False,▇▅▄▅▃▅▄▁▆▆▃▄▅▆▄▅▃█▄▄,False,False,False,0,-0.08519532939310948,-0.2034642901970629,-0.03415247713807679,-0.159338437384834,UP,False,7,9.0,IGNORE,NONE,,NEUTRAL,C,WAIT,No standout factor,Consumer Non-Durables,27.5
SHRIRAMPPS,69.86,70.01,70.1,68.51,True,False,False,False,False,False,0.6719048490091418,1.5358231980000001,0.6404267414220649,False,-0.24921485527293788,True,48.2,False,0.8476215598346963,25.0,-0.56,0,False,▃▁█▃▂▂▃▂▃▃▂▂▂▂▂▄▃▂▂▁,False,False,False,0,-0.08235912255352684,-0.20784669463658012,-0.03131627029849415,-0.1637208418243512,UP,False,6,9.0,IGNORE,NONE,,NEUTRAL,C,WAIT,No standout factor,Finance,26.4
HPL,270.15,272.8,273.65,266.65,True,False,False,False,False,False,0.9856844761488814,2.33209689,0.9263393878525753,False,-0.1986599177981428,True,48.88,False,0.9927594365968337,69.0,0.49,0,False,▇▅▄▄▄▇▅▆▃▃▆▆▅▇▅█▆▁█▅,False,False,False,0,-0.0988992661774517,-0.22270176952956422,-0.04785641392241902,-0.1785759167173353,UP,False,5,9.0,IGNORE,NONE,,NEUTRAL,C,WAIT,No standout factor,Electronic Technology,27.1
HINDWAREAP,170.2,170.34,171.5,165.0,True,False,False,False,False,False,0.9083052984305394,1.51253336,0.8722178943936303,False,-0.3440494122685811,True,57.11,False,0.9395564622269017,58.0,0.19,0,False,▄▂▂█▆▇▆▄▅▅▄▄▅▃▄▁▄▁▇▃,False,False,False,0,-0.06540003294712005,-0.2208743419546807,-0.014357180692087357,-0.17674848914245178,UP,False,5,9.0,IGNORE,NONE,,NEUTRAL,C,WAIT,No standout factor,Producer Manufacturing,29.0
EPACK,177.93,179.65,179.65,174.01,True,False,False,False,False,False,0.7874104681777387,4.490437203,0.7610139355050086,False,-0.2574771289877767,True,36.71,False,0.8632873587545711,36.0,-0.24,0,False,▃▁▄▅▇▇▂▆██▄▃▇▅▁▄█▇▃▃,False,False,False,0,-0.0521521414873215,-0.2539309824311292,-0.0011092892322888126,-0.2098051296189003,UP,False,3,9.0,IGNORE,NONE,,NEUTRAL,C,WAIT,No standout factor,Producer Manufacturing,29.0
KPEL,224.03,220.0,225.0,215.64,False,False,False,False,False,False,0.640547984761332,4.820543122,0.6289377547763392,False,-0.23610851090942414,True,41.02,False,0.8443108842417258,22.0,-0.7,0,False,▇▅▅▄▄▇▂▇██▃▅▃▂▃▂▂▇▁▃,False,False,False,0,-0.0732988624612203,-0.27662253793994185,-0.022256010206187615,-0.23249668512771293,UP,False,2,9.0,IGNORE,NONE,,NEUTRAL,C,WAIT,No standout factor,Utilities,34.3
HEGAM,238.25,241.75,242.0,235.25,True,False,False,False,False,False,0.3518660254740856,15.813486375,0.22720157975709565,False,-0.13503464151816746,True,0.0,False,0.0,,,0,False,,False,False,False,2,-0.6730927552140504,-0.5991081945145549,-0.6220499029590177,-0.554982341702326,FLAT,False,1,9.0,IGNORE,NONE,,NEUTRAL,C,WAIT,No standout factor,Electronic Technology,27.1
VIPIND,293.2,295.65,296.8,289.15,True,False,False,False,False,False,0.38180956046465764,3.6983075199999997,0.36835410522410694,False,-0.0911717166446814,True,52.44,False,0.9843450839058452,54.0,0.08,0,False,▅▆▆▁▃▄▃▅▅▅▂▇▂▂▃▄█▄▅▄,False,False,False,1,-0.0347325102880659,-0.02201467645096744,0.01631034196696679,0.022111176361261475,FLAT,True,54,8.0,IGNORE,NONE,,NEUTRAL,C,WAIT,No standout factor,Consumer Durables,23.7
EMAMILTD,381.05,388.6,388.6,376.75,True,False,False,False,False,False,1.0415705032348597,99.78914537,1.055133776700663,False,-0.28764220856712563,False,55.79,False,0.998273286035089,45.0,-0.09,0,False,▄█▆▇▇▇▇█▇▇▆▁▅▄▆▄▇▅▆▆,False,False,False,0,0.01168193282888641,-0.04975062344139647,0.0627247850839191,-0.0056247706291675525,UP,False,46,8.0,IGNORE,NONE,,NEUTRAL,C,WAIT,No standout factor,Consumer Non-Durables,27.5
GSPCROP,469.5,480.05,498.45,467.0,True,False,False,True,False,False,0.7141727437210728,14.458722,0.6563734966738709,False,-0.3650418420035101,False,15.13,False,0.5956458407149324,16.0,-1.06,0,False,▆▇▆▆▆▄▅█▇▇▄▂▂▂▁▁▂▂▂▃,False,False,False,0,-0.2708495107936014,-0.04959514170040491,-0.21980665853856873,-0.005469288888175994,FLAT,False,46,8.0,IGNORE,NONE,,NEUTRAL,C,WAIT,No standout factor,Process Industries,25.8
DIXON,13250.0,13640.0,13686.0,13250.0,True,False,False,True,False,False,0.9533373380776072,404.47215,0.9293787923511895,False,-0.05360036926324799,False,32.8,False,0.8403361344537815,54.0,-0.06,0,False,▂▁▅▃▄▃▇▂▆▆▇▂█▃▂▁▃▂▆▂,False,False,False,0,-0.08374247977318305,-0.061481796288426094,-0.032699627518150365,-0.017355943476197178,FLAT,False,43,8.0,IGNORE,NONE,,NEUTRAL,C,WAIT,No standout factor,Electronic Technology,27.1
ICICIGI,1515.0,1532.0,1550.0,1498.2,True,False,False,False,False,False,0.9965550539269091,114.604902,1.0008192398136813,False,-0.0037299695654810575,False,56.83,False,0.94902517429967,32.0,-0.29,0,False,▅▄▅▇▄▅▆▅▅▅▅▃▆▅▆█▁▄▅▅,False,False,False,0,-0.03312272640245073,-0.06711822660098521,0.01792012585258196,-0.022992373788756293,UP,False,41,8.0,IGNORE,NONE,,NEUTRAL,C,WAIT,No standout factor,Finance,26.4
CRIZAC,169.08,177.0,177.0,168.0,True,False,False,False,False,False,1.2184202519476468,7.251604488000001,1.174487731985428,False,-0.18611289135545034,False,41.25,False,0.8609264612270029,14.0,-1.07,0,False,█▃▆█▅▂▅▆▄▄▆▇▇▄▅▇▁▄▆▄,False,False,False,0,0.02703031039300252,-0.10591719105282638,0.07807316264803521,-0.06179133824059746,UP,False,29,8.0,IGNORE,NONE,,NEUTRAL,C,WAIT,No standout factor,Technology Services,23.6
TATACHEM,613.85,632.5,640.5,609.8,True,False,False,False,False,False,0.9320932853764758,201.93737511,0.7978311960107763,False,-0.2684393476601786,False,20.78,False,0.6122118288281653,6.0,-1.91,0,False,▇█▇▇▇▆▆▅▇▇▁▃▄▃▆▆▆▆▃▃,False,False,False,1,-0.031171085858585856,-0.11119959458481132,0.019871766396446833,-0.06707374177258241,UP,False,28,8.0,IGNORE,NONE,,NEUTRAL,C,WAIT,No standout factor,Process Industries,25.8
HUHTAMAKI,235.7,238.85,238.95,231.1,False,False,False,True,False,False,0.36761653230083186,1.8585416399999999,0.33837094192621125,False,-0.10195420882460081,False,45.96,False,0.9220768798651794,15.0,-0.76,0,False,▅▃▆▇▄▅▁▂▅▅▂▄▄▆▅▅█▅▇▄,False,False,False,0,-0.0897856729098282,-0.10783905522540604,-0.03874282065479551,-0.06371320241317713,UP,False,28,8.0,IGNORE,NONE,,NEUTRAL,C,WAIT,No standout factor,Process Industries,25.8
TANLA,490.65,497.7,498.4,488.45,True,False,False,False,False,False,0.7112887092130761,13.437627809999999,0.6915442128824054,False,-0.2703033521574561,False,41.72,False,0.9940433643078389,51.0,0.06,0,False,▄▇▅▄▅▇▄▆▆▆▂▄█▄█▃▇▅▁▅,False,False,False,0,-0.09665838166252416,-0.13090071738552822,-0.04561552940749147,-0.0867748645732993,UP,False,21,8.0,IGNORE,NONE,,NEUTRAL,C,WAIT,No standout factor,Technology Services,23.6
HAVELLS,1043.3,1080.6,1081.5,1043.3,True,False,False,False,False,False,1.3266853467748827,105.34794781,1.2222931197742166,False,-0.2580247613084802,False,52.34,False,0.9138606860066174,36.0,-0.42,0,False,▆▃▄▃▅█▅▇▆▆▆▅▆▃▃▄▁▃▄▄,False,False,False,0,-0.14679424272162256,-0.14315045992115638,-0.09575139046658987,-0.09902460710892746,UP,False,19,8.0,IGNORE,NONE,,NEUTRAL,C,WAIT,No standout factor,Producer Manufacturing,29.0
JKTYRE,334.8,338.8,340.25,333.1,True,False,False,False,False,False,1.1662578975217288,16.10177076,1.1044330302028678,False,-0.14766219002657585,False,37.14,False,0.8071544220717833,32.0,-0.42,0,False,▄▁▃▆▃██▇▅▅▄▅▇▃▄▂▅▄▆▂,False,False,False,0,-0.10469314079422376,-0.16016555876081773,-0.05365028853919107,-0.11603970594858881,UP,False,14,8.0,IGNORE,NONE,,NEUTRAL,C,WAIT,No standout factor,Consumer Durables,23.7
ZENSARTECH,429.0,436.9,438.9,427.5,True,False,False,False,False,False,0.19357326145503229,29.0395248,0.1879375905015017,False,-0.40645971913609447,False,34.48,False,0.9898943500229673,24.0,-0.68,0,False,▆▅▅███▇▇▆▆▁▃▆▇▇▇▇▆▃▆,False,False,False,0,-0.09292737075800828,-0.16520723876240506,-0.04188451850297559,-0.12108138595017615,UP,False,13,8.0,IGNORE,NONE,,NEUTRAL,C,WAIT,No standout factor,Technology Services,23.6
JUBLINGREA,639.1,657.1,657.2,635.2,True,False,False,False,False,False,0.863277523777026,15.974751870000002,0.8457346275749179,False,-0.06582990480231084,False,43.5,False,0.8067881485603005,23.0,-0.55,0,False,█▅▄▄▅▅▅▄▇▇▅▄▅▄▄▁▃▃▁▃,False,False,False,0,-0.07811034980165887,-0.1632626341974338,-0.027067497546626185,-0.11913678138520489,UP,False,13,8.0,IGNORE,NONE,,NEUTRAL,C,WAIT,No standout factor,Process Industries,25.8
LUPIN,2052.1,2076.0,2097.1,2052.1,True,False,False,False,False,False,1.4476453842024881,193.15309166,1.4122621428802464,False,-0.1399460635334347,False,51.4,False,0.859567707680087,20.0,-0.67,0,False,▁▅▆▅▃▄▄▅▅▅▅▄█▄▆▆▆▅▅▄,False,False,False,0,-0.04686483975847655,-0.1720395400443817,0.004178012496556138,-0.1279136872321528,UP,False,11,8.0,IGNORE,NONE,,NEUTRAL,C,WAIT,No standout factor,Health Technology,38.7
SRF,2420.1,2491.8,2498.7,2417.9,True,False,False,False,False,False,1.4850268529782498,70.2676035,1.420181943698267,False,-0.23861213580870907,False,50.37,False,0.9958776950680623,35.0,-0.29,0,False,▅▇▄▃▆█▅▃▅▅▅▁█▅▆▅▃▁▅▅,False,False,False,0,-0.06631944444444449,-0.17655665192242265,-0.015276592189411797,-0.13243079911019373,UP,False,11,8.0,IGNORE,NONE,,NEUTRAL,C,WAIT,No standout factor,Process Industries,25.8
SHARDACROP,721.45,721.0,737.15,716.0,True,False,False,False,False,False,1.1864033188749203,8.698378360000001,1.1242204943540552,False,-0.35608248586494295,False,46.61,False,0.9001805768803655,60.0,0.27,0,False,▅▄▆▅▅▂▅▃██▇▅▅▄▂▄▅▁▃▃,False,False,False,0,-0.08480274007357591,-0.17919108026622677,-0.03375988781854322,-0.13506522745399785,UP,False,10,8.0,IGNORE,NONE,,NEUTRAL,C,WAIT,No standout factor,Distribution Services,33.3
GRAVITA,1446.9,1470.0,1488.1,1441.1,True,False,False,False,False,False,1.139035801120005,31.617803490000004,1.0198136674388256,False,-0.39468699856173484,False,47.13,False,0.9360848494478431,44.0,0.02,0,False,▄▅▅▅▄▄▁▄▆▆▄▅▇▃▄█▅▆▅▄,False,False,False,0,-0.18800157135641726,-0.198171238570241,-0.13695871910138457,-0.15404538575801208,UP,False,7,8.0,IGNORE,NONE,,NEUTRAL,C,WAIT,No standout factor,Non-Energy Minerals,34.0
HGINFRA,438.25,444.0,448.0,435.0,True,False,False,False,False,False,0.23788165697066987,7.620948375,0.22314078046625943,False,-0.3468233831506995,False,36.2,False,0.7743646787028322,25.0,-0.57,0,False,█▇▇▇▇██▆███▆█▇▆▇▁▃▅▅,False,False,False,0,-0.09048459064024084,-0.20721780028943548,-0.03944173838520815,-0.16309194747720657,UP,False,6,8.0,IGNORE,NONE,,NEUTRAL,C,WAIT,No standout factor,Industrial Services,35.2
GARUDA,176.56,178.8,178.8,174.07,True,False,False,False,False,False,0.2719855153646967,5.324996632,0.26415040242933796,False,-0.44334330594235016,False,41.33,False,0.9929606227326236,68.0,0.59,0,False,▅▅█▆▇▁▃▄▄▄▄▆▆▄▆▅▇▆▆▅,False,False,False,0,-0.018293021962746736,0.0009070294784581101,0.03274983029228595,0.045032882290687026,FLAT,True,60,7.0,IGNORE,NONE,,NEUTRAL,C,WAIT,No standout factor,Industrial Services,35.2
SUNDARMFIN,4334.8,4462.8,4462.8,4310.1,True,False,False,False,False,False,1.2069895461007014,22.359331880000003,1.1204113686921024,False,-0.020076361876962424,False,53.1,False,0.9059114561119168,33.0,-0.38,0,False,▅▆▆█▇▇▇▃▅▅▆▆█▃▁█▇▃▂▄,False,False,False,0,-0.045219268298055115,-0.03080981979162012,0.005823583956977574,0.013316033020608797,FLAT,True,51,7.0,IGNORE,NONE,,NEUTRAL,C,WAIT,No standout factor,Finance,26.4
ATUL,5982.5,5975.0,6086.5,5950.0,True,False,False,False,False,False,1.2088705397558768,18.53318675,1.160568983935609,False,-0.18357971342375545,False,52.19,False,0.9358749058566151,46.0,-0.08,0,False,▂▅▂▃▃▃▁▄▂▂▂▄▄▂█▂▄▃▃▃,False,False,False,0,-0.07276813391196524,-0.0337559557457805,-0.02172528165693255,0.010369897066448419,FLAT,True,51,7.0,IGNORE,NONE,,NEUTRAL,C,WAIT,No standout factor,Process Industries,25.8
SPIC,63.47,62.53,63.9,62.06,False,False,False,False,False,False,0.48926129249735145,1.368705162,0.4514051926807207,False,-0.14599934601729497,False,44.34,False,0.8919016775958484,29.0,-0.53,0,False,▄▁▂▆▄▂▇▆▅▅▂▃▄▄▆▁▄▇█▃,False,False,False,4,-0.07827476038338654,-0.0485684305201618,-0.027231908128353854,-0.004442577707932882,FLAT,False,47,6.0,IGNORE,NONE,,NEUTRAL,C,WAIT,No standout factor,Process Industries,25.8
EPIGRAL,1018.1,1045.0,1052.4,1013.1,True,False,False,False,False,False,1.0801657858650602,3.5687459300000004,0.9570685477140998,False,-0.36445121706761724,False,53.72,True,1.0471530769380712,54.0,0.12,0,False,▁▃▃▂▅▁▃█▇▇▅▄▇▃▅▃▂▄▆▅,False,False,False,2,-0.1786204114562323,-0.1254939013915135,-0.12757755920119962,-0.08136804857928459,FLAT,False,22,6.0,IGNORE,NONE,,NEUTRAL,C,WAIT,No standout factor,Process Industries,25.8
TAALTECH,1040.0,1084.9,1084.9,1025.0,True,False,False,False,False,False,0.953336993646315,3.313648,0.3691665327918436,False,-0.1701278714319717,False,49.12,False,0.9544906921612062,16.0,-1.12,0,False,▇▄▅▆▇█▂▅▁▁▂▁▂▄▃▂▃▂▃▃,False,False,False,9,-0.7699115044247787,-0.7333333333333334,-0.718868652169746,-0.6892074805211045,FLAT,False,0,6.0,IGNORE,NONE,,NEUTRAL,C,WAIT,No standout factor,Transportation,30.4
DOLATALGO,65.51,66.9,66.9,64.71,True,False,False,False,False,False,0.6130542364895861,0.453486424,0.5827664008695238,False,-0.26994985812083205,True,56.75,False,0.9879444662053358,72.0,0.57,0,False,▄▁▇▁▆▅▃▁▅▅▄▂▆▅▄█▆▅▆▄,False,False,False,0,-0.07641336528972231,-0.04906372477863252,-0.025370513034689623,-0.004937871966403606,FLAT,False,46,5.0,IGNORE,NONE,,NEUTRAL,C,WAIT,No standout factor,Finance,26.4
FMGOETZE,460.1,458.65,462.2,452.55,False,False,False,False,False,False,0.16695400573918018,4.5812157,0.14355513176813903,False,-0.09984092616157851,True,39.24,False,0.9745194456861868,8.0,-1.26,0,False,▂▆█▃▂▂▄▂▁▁▁▄▅▆▆▅▅▅▅▃,False,False,False,0,-0.26366327918700483,-0.05241478735454641,-0.21262042693197214,-0.008288934542317494,FLAT,False,45,5.0,IGNORE,NONE,,NEUTRAL,C,WAIT,No standout factor,Producer Manufacturing,29.0
NIITLTD,86.37,87.0,87.23,85.49,True,False,False,False,False,False,0.7217450727520837,1.31403318,0.6706403418097385,False,-0.3919024457508943,True,36.25,False,0.7754342431761786,30.0,-0.45,0,False,▄▅▄▄▃▅▅▆██▁▃▁▅▄▃▄▂▄▁,False,False,False,0,-0.14696296296296296,-0.12951017939931464,-0.09592011070793027,-0.08538432658708572,FLAT,False,21,5.0,IGNORE,NONE,,NEUTRAL,C,WAIT,No standout factor,Commercial Services,27.2
BSOFT,269.05,270.65,273.4,267.4,True,False,False,False,False,False,0.6340846651036333,24.666504,0.600877655889491,False,-0.4130945444481495,False,41.05,False,0.8980824135554656,50.0,0.09,0,False,▅▄▅█▇▇█▅▁▁▃▅▆▃▇▆▆▆▆▄,False,False,False,0,-0.0904327248140635,-0.0586074177746676,-0.039389872559030814,-0.014481564962438687,FLAT,False,44,4.0,IGNORE,NONE,,NEUTRAL,C,WAIT,No standout factor,Technology Services,23.6
INTERARCH,1690.2,1718.6,1718.6,1678.7,True,False,False,False,False,False,0.5260486908865792,4.1435253,0.5190798558499576,False,-0.05944779457874462,False,53.51,False,0.9758632952483427,62.0,0.3,0,False,▄▄▆▆▇█▃▆▅▅▅▆█▄▇▇▅▁▅▅,False,False,False,0,-0.01880877742946696,-0.06380857427716846,0.03223407482556573,-0.019682721464939545,UP,False,42,4.0,IGNORE,NONE,,NEUTRAL,C,WAIT,No standout factor,Producer Manufacturing,29.0
RPSGVENT,833.85,848.0,848.0,828.0,True,False,False,False,False,False,0.873133797871953,2.0996343,0.8638215174116239,False,-0.19554487310098187,False,56.99,False,0.943066828836432,48.0,0.18,0,False,▅▅▇▃▅▃▁▆▄▄▄▄▅▆▅▄▄█▁▄,False,False,False,0,-0.010090817356205872,-0.0912211868563021,0.04095203489882682,-0.04709533404407318,UP,False,33,4.0,IGNORE,NONE,,NEUTRAL,C,WAIT,No standout factor,Finance,26.4
BLKASHYAP,50.9,52.06,52.06,49.87,True,False,False,False,False,False,0.7943776582048111,2.2478458,0.7268579098862323,False,-0.08933972670170455,False,49.16,False,0.9196778508423209,21.0,-0.57,0,False,▅▃▆▁▄▄▄▄██▄▇▂▃▁▃▅█▆▃,False,False,False,0,-0.08846704871060185,-0.09735768753325058,-0.03742419645556916,-0.053231834721021665,UP,False,31,4.0,IGNORE,NONE,,NEUTRAL,C,WAIT,No standout factor,Industrial Services,35.2
RIIL,677.05,684.05,684.05,670.0,True,False,False,False,False,False,0.9109420945954719,2.61232972,0.8591461430297317,False,-0.31763211934331587,False,30.79,False,0.9360796534164323,39.0,-0.27,0,False,▂▅▄▅▇▇▅█▅▅▅▅▅▃▂▁▆▆▆▄,False,False,False,0,-0.09690542883820208,-0.11641109298531815,-0.04586257658316939,-0.07228524017308924,UP,False,25,4.0,IGNORE,NONE,,NEUTRAL,C,WAIT,No standout factor,Industrial Services,35.2
MASTEK,1523.4,1559.8,1569.0,1518.0,True,False,False,False,False,False,0.5010261794621034,8.5889292,0.4585894231443733,False,-0.3459386495873918,False,37.82,False,0.9185185185185186,17.0,-0.76,0,False,▂▃▅▅▇▅▅▅▆▆▆▅▇▆█▆▇▁▆▄,False,False,False,0,-0.15460599334073244,-0.1277911370663002,-0.10356314108569975,-0.08366528425407127,FLAT,False,22,4.0,IGNORE,NONE,,NEUTRAL,C,WAIT,No standout factor,Technology Services,23.6
SHALBY,142.01,143.73,144.4,141.0,True,False,False,False,False,False,0.4849999700093656,0.803790801,0.4851312822537627,False,-0.26380101272575923,False,45.48,False,0.809951648664773,27.0,-0.58,0,False,▄█▆▅▆▅▇█▄▄▆▄▅▅▆▄▁▁▅▂,False,False,False,0,-0.0757565896518061,-0.14410559305689485,-0.024713737396773405,-0.09997974024466594,UP,False,18,4.0,IGNORE,NONE,,NEUTRAL,C,WAIT,No standout factor,Health Services,24.1
NIBE,1238.5,1237.4,1265.4,1226.8,False,False,False,False,False,False,0.7217241717987092,4.59594965,0.6771866953579323,False,-0.3489112075355106,False,40.85,False,0.829054451728127,26.0,-0.67,0,False,▇▆▅▆█▅▇▆▇▇▆▆▇▁▇▆▆▇▄▅,False,False,False,0,-0.08658455638321416,-0.2040488431876607,-0.03554170412818147,-0.15992299037543178,UP,False,6,4.0,IGNORE,NONE,,NEUTRAL,C,WAIT,No standout factor,Process Industries,25.8
PRINCEPIPE,255.85,258.0,259.9,251.8,True,False,False,False,False,False,0.542057865905631,1.9248618899999999,0.5072956577040323,False,-0.2957714293839908,False,46.97,False,0.903382153538423,40.0,-0.14,0,False,▂▃▄▁▁▃█▂▅▅▁▂▁▃▃▂▇▃▃▁,False,False,False,0,-0.12305055698371892,-0.03398149896167657,-0.07200770472868623,0.010144353850552346,FLAT,True,50,3.0,IGNORE,NONE,,NEUTRAL,C,WAIT,No standout factor,Producer Manufacturing,29.0
