symbol,close,open,high,low,price_down,close_gt_ema20,close_gt_ema50,close_gt_ema200,breakout20,within_15pct_52w_high,volume_ratio,turnover_cr,turnover_ratio,up_day_volume_above_avg,cmf20,cmf_rising,latest_delivery_pct,latest_delivery_above_avg20,delivery_ratio,delivery_percentile,delivery_zscore,consecutive_high_delivery_days,delivery_slope_positive,delivery_sparkline,absorption_day,failed_breakdown_reclaim,failed_breakout,resistance_touches,stock_return_20d,stock_return_50d,rs_raw_20,rs_raw_50,rs_trend,outperform_benchmark_50d,rs_percentile,ics,rating,stage,delivery_tag,regime,action_rank,action,reason,sector,sector_score
AKUMS,697.45,672.0,703.0,665.85,False,True,True,True,True,True,2.6347979448793795,44.386903665000006,2.684018371695984,True,0.06624797856030219,False,56.13,True,1.032522718075126,67.0,0.37,0,True,▃▂▃▃▃▄▃▄▅▁▂▂▆█▂▃▄▄▅▄,False,True,False,5,-0.006410713013747404,0.3297426120114395,-0.016489869552424485,0.2795229038345908,FLAT,True,91,87.0,STRONG,MARKUP,,GREEN,A,WATCH_FOR_ENTRY,"CMF positive, RS leader",Health Technology,33.0
UEL,257.79,257.79,257.79,257.79,False,True,True,True,True,True,0.6342320102014422,0.540430956,0.9320153044885767,False,0.851323174988414,False,98.48,True,1.6749723615953738,90.0,1.96,2,True,▃▄▂▅▅▄▅▄▅▇▂▅▄▄▁▁▃▅██,True,False,False,5,1.0081794811871934,0.8519396551724141,0.9981003246485163,0.8017199469955654,UP,True,99,81.0,BUILDING,NONE,DEL98% ▃▄▂▅▅▄▅▄▅▇▂▅▄▄▁▁▃▅██ P90 Z+2.0 2D,GREEN,B,WATCH_FOR_ENTRY,"Delivery P90, 2D high delivery, CMF positive, RS leader",Utilities,35.4
UFBL,807.6,824.95,829.0,785.0,False,True,True,True,True,True,1.9849522334517418,26.280030840000002,2.2210379440093067,True,0.2988029097423003,False,65.25,True,1.1016376836062807,75.0,0.68,0,True,▂▁▁▂▃▁▃▄▂▂▃▆▅▃▃▂▂█▃▄,False,False,False,3,0.06853664990738295,0.637469586374696,0.05845749336870587,0.5872498781978472,FLAT,True,98,79.0,BUILDING,NONE,,GREEN,B,WATCH_FOR_ENTRY,"CMF positive, RS leader",Consumer Services,35.0
VENUSREM,1797.5,1749.9,1800.8,1706.8,False,True,True,True,True,True,1.7646673076254629,44.25894375,2.1710958540240632,True,0.4306109637173773,True,44.1,False,0.6447886891489814,16.0,-0.95,0,True,▃▅▃▄▃▅▃████▅█▄▄▂▁▂▃▂,False,False,False,14,0.9713753016012285,1.0834540712836858,0.9612961450625515,1.033234363106837,FLAT,True,100,78.0,BUILDING,NONE,,GREEN,B,WATCH_FOR_ENTRY,"CMF positive, RS leader",Health Technology,33.0
MACPOWER,1681.1,1570.0,1708.0,1561.0,False,True,True,True,True,True,3.6881589417147405,24.934579529999997,4.290540554890524,True,0.2626351534296554,True,32.68,False,0.6627391731984059,5.0,-1.78,0,True,▇▃▅▅▇▇▅█▇█▆▇▃▁▃▅▆▆▇▂,False,False,False,5,0.22555952467740759,0.7334501959166839,0.2154803681387305,0.6832304877398352,FLAT,True,99,78.0,BUILDING,NONE,,GREEN,B,WATCH_FOR_ENTRY,"CMF positive, RS leader",Producer Manufacturing,37.9
UNIMECH,1446.7,1336.5,1459.9,1333.0,False,True,True,True,True,True,2.964598607417327,91.2115416,3.3246997336088397,True,0.10044514298609133,True,33.34,False,0.7073150033944332,8.0,-1.39,0,True,█▄▅▂▆▄▅▇▆▄▇▆▆█▅▅▁▆▇▂,False,False,False,8,0.22084388185654014,0.5406815761448349,0.21076472531786306,0.4904618679679862,FLAT,True,97,78.0,BUILDING,NONE,,GREEN,B,WATCH_FOR_ENTRY,"CMF positive, RS leader",Producer Manufacturing,37.9
PGIL,2464.1,2235.0,2539.6,2231.0,False,True,True,True,True,True,19.822417985054198,546.0347036,23.345886586070115,True,0.4269846422709174,True,10.39,False,0.24606858658582795,0.0,-2.89,0,True,▅▅▆▄▄▅▇▆█▆▇█▅▆▆▆▇█▃▁,False,False,False,7,0.23328328328328318,0.49023283943150897,0.2232041267446061,0.44001313125466024,FLAT,True,96,78.0,BUILDING,NONE,,GREEN,B,WATCH_FOR_ENTRY,"CMF positive, RS leader",Consumer Non-Durables,39.6
STYL,407.75,388.35,410.85,382.25,False,True,True,True,True,True,1.9375285100913802,21.12055295,2.0637941934169826,True,0.2616762723830593,True,47.63,True,1.0220372079050706,23.0,-0.66,0,False,█▅▅▇█▄▃▃▆▃▅▅▅▁▃▇▇▆▆▅,False,False,False,7,0.12950138504155118,0.5193576033088645,0.1194222285028741,0.46913789513201576,FLAT,True,96,78.0,BUILDING,NONE,,GREEN,B,WATCH_FOR_ENTRY,"CMF positive, RS leader",Technology Services,38.0
VARROC,811.2,720.0,836.3,713.45,False,True,True,True,True,True,66.58910569255379,1232.2231022400001,77.97811885054978,True,0.47633935765873686,True,5.8,False,0.12117919896370892,0.0,-4.31,0,True,▅▅▄▄▅▅▅▅▅█▅▄▄▅▄▄▄▄▃▁,False,False,False,15,0.22639655302743966,0.43473646975592506,0.21631739648876258,0.3845167615790763,FLAT,True,95,78.0,BUILDING,NONE,,GREEN,B,WATCH_FOR_ENTRY,"CMF positive, RS leader",Producer Manufacturing,37.9
EMIL,165.83,151.0,172.0,143.99,False,True,True,True,True,True,17.792793291050852,850.9236779960002,21.27442871807107,True,0.24234377281202002,True,24.65,False,0.491731333160446,6.0,-1.71,0,True,▆▅▃▆█▄▄▄▆▆█▅▆▆▇▇▇▂▁▁,False,False,False,3,0.23422149449240837,0.45464912280701775,0.22414233795373129,0.404429414630169,FLAT,True,95,78.0,BUILDING,NONE,,GREEN,B,WATCH_FOR_ENTRY,"CMF positive, RS leader",Retail Trade,39.8
LLOYDSENGG,96.88,91.0,97.6,90.75,False,True,True,True,True,True,5.438101911548596,623.15187508,5.838766979869071,True,0.17474374730484538,True,23.72,False,0.6412197231833909,2.0,-1.78,0,True,▂▆▂▄▄▃▄█▃▄█▄▆▆▅▇▄▇▄▁,False,False,False,10,0.06931567328918331,0.31612552642304026,0.05923651675050623,0.2659058182461915,FLAT,True,91,78.0,BUILDING,NONE,,GREEN,B,WATCH_FOR_ENTRY,"CMF positive, RS leader",Industrial Services,34.6
KSHINTL,899.95,905.7,909.8,889.9,False,True,True,True,False,True,1.2586405407587107,26.66101875,1.2850796654255232,True,0.08637859831872571,False,70.83,True,1.5124274000683293,100.0,3.08,1,True,▅▄▅▁▄▄▄▄▄▃▄▄▄▄▅▅▅▄▅█,True,False,False,4,0.05876470588235305,0.08952784503631972,0.04868554934367597,0.03930813685947099,UP,True,58,77.0,BUILDING,BUILDING,DEL71% ▅▄▅▁▄▄▄▄▄▃▄▄▄▄▅▅▅▄▅█ P100 Z+3.1,GREEN,B,WATCH_FOR_ENTRY,"Delivery P100, CMF positive",Producer Manufacturing,37.9
BHAGYANGR,276.0,250.1,285.49,250.1,False,True,True,True,True,True,4.031814094917344,55.9844472,5.6121670223747735,True,0.1649743389507399,True,32.67,False,0.7760832383124289,8.0,-1.71,0,False,▅▅▅██▁▃▃▃▂▅▄▇▆█▇▇▇▂▃,False,False,False,11,0.8778065042862977,0.6453055141579731,0.8677273477476206,0.5950858059811244,UP,True,98,76.0,BUILDING,NONE,,GREEN,B,WATCH_FOR_ENTRY,"CMF positive, RS leader",Producer Manufacturing,37.9
AMBIKCO,1904.3,1834.9,1931.0,1823.0,False,True,True,True,True,True,7.4063548555593925,15.93080251,8.013753490839402,True,0.2080774047359825,True,61.85,True,1.0682671963383565,54.0,0.06,0,True,▇▄▄▂▅█▇▅▅▁▇█▆▄█▄▆▃▆▆,False,False,False,6,0.0915396079330506,0.14882963320463327,0.08146045139437352,0.09860992502778454,FLAT,True,70,76.0,BUILDING,NONE,,GREEN,B,WATCH_FOR_ENTRY,CMF positive,Process Industries,36.8
DIAMONDYD,1227.4,1170.0,1239.0,1150.1,False,True,True,True,True,True,9.241572450990562,54.6794426,9.749953905343663,True,0.36059010955756066,True,77.96,True,1.2486086086086086,94.0,1.58,0,True,▂▂▃▄▄▄▄▅▄▁▃▃▁▄▄▁▂█▅▆,False,False,False,1,0.030735639905945744,0.10896277556920864,0.020656483367268663,0.058743067392359904,FLAT,True,62,76.0,BUILDING,BREAKOUT,,GREEN,B,WATCH_FOR_ENTRY,"Delivery P94, CMF positive",Consumer Non-Durables,39.6
ELPROINTL,180.0,178.93,180.89,178.05,False,True,True,True,True,True,8.202051862672358,9.57114,8.341010307928501,True,0.31664758927614706,True,88.85,True,1.0118264691982257,75.0,0.74,0,True,█▅▆▇▇▄▃█▇▆▁▇▇██▆▆█▆▇,False,False,False,18,0.034482758620689724,0.0843373493975903,0.024403602082012643,0.03411764122074157,FLAT,True,57,76.0,BUILDING,NONE,,GREEN,B,WATCH_FOR_ENTRY,CMF positive,Electronic Technology,34.1
KTKBANK,310.0,306.7,313.95,305.6,False,True,True,True,True,True,1.6550816403954636,160.450265,1.7888530827164415,True,0.16975919975604215,False,59.42,True,1.1309801383747158,81.0,0.94,0,True,▅▇▂▆▄▄█▂▆▃▆▆█▁▂▅▆█▄▇,False,False,False,13,0.12176587660575344,0.15091887878225352,0.11168672006707636,0.10069917060540479,UP,True,70,75.0,BUILDING,NONE,,GREEN,B,WATCH_FOR_ENTRY,CMF positive,Finance,31.4
WEL,129.7,123.5,133.7,121.11,False,True,True,True,True,False,5.558583119997118,14.30753125,6.3008941312543465,True,0.12598279286348166,True,34.24,False,0.6926967428687033,23.0,-0.7,0,True,▄▅▇▃█▅▆▇▆▃▄▃▃▂▃▁▅▇▅▃,False,False,False,8,0.26400935581327345,0.40702972445215857,0.25393019927459637,0.35681001627530984,FLAT,True,94,74.0,BUILDING,NONE,,GREEN,B,WATCH_FOR_ENTRY,"CMF positive, RS leader",Electronic Technology,34.1
PGEL,630.65,614.3,643.95,602.45,False,True,True,True,True,False,5.245935436043776,697.263604485,5.487581078318767,True,0.07438458313310929,True,18.15,False,0.568466549736908,6.0,-1.3,0,True,▁▅▇▃▆█▄▄▃▂▃▃▃▂▅▃▄▆▄▁,False,False,False,12,0.08145417131098354,0.30691120091182245,0.07137501477230646,0.2566914927349737,FLAT,True,90,74.0,BUILDING,NONE,,GREEN,B,WATCH_FOR_ENTRY,"CMF positive, RS leader",Electronic Technology,34.1
BHARATSE,240.89,221.99,244.0,221.2,False,True,True,True,False,True,1.627883343645595,18.078505432,1.7013095782779577,True,0.055191476248269825,True,37.42,True,1.022893459987699,30.0,-0.42,0,True,▃▆▄▇▇█▅▅▄▄▇▆▅▄▄▆▁▇▆▅,False,False,False,1,-0.002691065662002168,0.3089713633646687,-0.012770222200679249,0.25875165518781995,FLAT,True,90,74.0,BUILDING,BUILDING,,GREEN,B,WATCH_FOR_ENTRY,"CMF positive, RS leader",Producer Manufacturing,37.9
MMFL,629.1,604.0,644.7,599.95,False,True,True,True,True,True,5.352103341863029,43.184506590000005,6.098087661020453,True,0.2461714327899252,False,51.23,False,0.9121501317569973,41.0,-0.09,0,True,▄▁██▅▅▄▃▅█▆▃▇▆▆▆▄▅▄▃,False,False,False,17,0.2019487963316775,0.40439781225583227,0.19186963979300042,0.35417810407898354,FLAT,True,94,73.0,BUILDING,NONE,,GREEN,B,WATCH_FOR_ENTRY,"CMF positive, RS leader",Producer Manufacturing,37.9
RUBYMILLS,336.2,283.9,340.8,281.6,False,True,True,True,True,True,14.940569566628453,46.50886578,18.90604946609948,True,0.4456975572180055,True,20.45,False,0.3764346393498449,1.0,-2.52,0,False,▅▇▅▆▇▆█▅▄▄█▃▃▄▄▆▇▁▃▂,False,False,False,12,0.475920804249528,0.7608547635258993,0.4658416477108509,0.7106350553490506,FLAT,True,99,72.0,BUILDING,NONE,,GREEN,B,WATCH_FOR_ENTRY,"CMF positive, RS leader",Process Industries,36.8
TFCILTD,117.48,112.5,118.0,112.5,False,True,True,True,True,True,1.4948381711246634,281.072027808,1.8535575535203623,True,0.4020681165255874,True,40.73,True,1.0131336749415452,17.0,-0.93,0,False,▁█▆▇▄▁▃▇█▃▅▅▄▅▇▅▄▅▆▅,False,False,False,14,0.5632734530938124,0.6082135523613965,0.5531942965551353,0.5579938441845478,FLAT,True,98,72.0,BUILDING,NONE,,GREEN,B,WATCH_FOR_ENTRY,"CMF positive, RS leader",Finance,31.4
RBA,94.92,90.13,96.45,89.5,False,True,True,True,True,True,1.7294046810548358,285.777903096,1.9544527587258458,True,0.194115487767261,True,23.04,False,0.43847295702812766,1.0,-3.04,0,False,▇▆▆▇▆▆██▇▅▅▇▇▆▇▇▃▁▂▂,False,False,False,4,0.29107725788900995,0.3824643169239732,0.2809981013503329,0.33224460874712447,FLAT,True,93,72.0,BUILDING,NONE,,GREEN,B,WATCH_FOR_ENTRY,"CMF positive, RS leader",Consumer Services,35.0
TAALTECH,4464.0,4180.0,4696.0,4060.1,False,True,True,True,True,True,15.674202232509941,31.0591728,17.388975602136266,True,0.12684985868049006,True,33.61,False,0.5440271932664293,1.0,-2.55,0,False,▆▆▃▄▆▃▂▄▄▄▄▆▄▄▄▅▄█▁▁,False,False,False,3,0.1595106366399126,0.3527272727272728,0.14943148010123553,0.30250756455042405,FLAT,True,93,72.0,BUILDING,NONE,,GREEN,B,WATCH_FOR_ENTRY,"CMF positive, RS leader",Transportation,31.8
MEDANTA,1455.6,1445.5,1483.7,1440.1,False,True,True,True,True,True,2.336607946443492,80.1904596,2.440361276684751,True,0.17875439308300772,False,75.27,True,1.4470964827115516,95.0,1.89,0,False,▄▂▅▂▃▃▁▂▅▁▃▁▄▃▂▃▅▅▇█,False,False,False,15,0.0887874934550077,0.22422203532380136,0.07870833691633061,0.17400232714695263,FLAT,True,82,71.0,BUILDING,BREAKOUT,,GREEN,B,WATCH_FOR_ENTRY,"Delivery P95, CMF positive",Health Services,41.4
KINGFA,5549.5,5344.0,5600.0,5305.0,False,True,True,True,True,True,7.224701053007318,25.8340324,7.770764234528246,True,0.2019775315895296,True,61.3,True,1.0420030937122848,78.0,0.68,0,True,▆▅▅▆▆▇▆▄▆▆▁▆▆█▆▅▄▅▅▆,False,False,False,1,0.07830564461284362,0.013903606533416157,0.06822648807416654,-0.036316101643432575,UP,False,38,71.0,BUILDING,NONE,,GREEN,B,WATCH_FOR_ENTRY,CMF positive,Process Industries,36.8
IRISDOREME,54.52,54.0,54.8,53.6,False,True,True,True,True,True,0.9144990728802498,3.8039748920000003,1.0224437324139104,False,0.21353804174860383,True,55.55,True,1.4010088272383354,90.0,1.49,0,True,█▅▁▂▂▃▃▄▂▄▁▃▃▅▅▇▄▄▇▆,False,False,False,17,0.22986690728626225,0.525034965034965,0.21978775074758516,0.4748152568581163,FLAT,True,97,70.0,BUILDING,NONE,,GREEN,B,WATCH_FOR_ENTRY,"Delivery P90, CMF positive, RS leader",Consumer Non-Durables,39.6
GUFICBIO,421.4,404.65,423.25,404.65,False,True,True,True,True,True,3.7017403737942263,11.220449239999999,3.970445841972174,True,0.21721187666895386,True,54.51,True,1.0120777207363603,57.0,0.1,0,True,▁▂▄▃▂▃▇▅▄▆▅▃▆▃█▅▇▆▅▅,False,False,False,0,0.07390417940876648,0.2622435225400628,0.0638250228700894,0.21202381436321405,FLAT,True,86,70.0,BUILDING,NONE,,GREEN,B,WATCH_FOR_ENTRY,CMF positive,Health Technology,33.0
SAPPHIRE,224.22,199.2,229.8,197.84,False,True,True,True,True,False,9.254441803930119,408.599312346,10.830045791572317,True,0.3208087933169826,True,21.74,False,0.4349435313653505,4.0,-1.96,0,True,▆▅▆▆▇▆▆▆█▁▂▄▃▄▃▄▄▇█▂,False,False,False,5,0.2275937585546126,0.23912683061619244,0.21751460201593553,0.1889071224393437,UP,True,83,70.0,BUILDING,NONE,,GREEN,B,WATCH_FOR_ENTRY,CMF positive,Consumer Services,35.0
CHOLAFIN,1940.0,1882.0,1952.5,1871.3,False,True,True,True,True,True,1.7306248775362925,507.702074,1.8697394819366513,True,0.09755908475649333,True,61.81,True,1.101507645150943,63.0,0.43,0,False,▂▂▄▅▆▄▇▄█▅▅▁▂▆▄▃▇▅▅▆,False,False,False,5,0.08264970143423178,0.2377974861226313,0.0725705448955547,0.18757777794578256,FLAT,True,83,70.0,BUILDING,NONE,,GREEN,B,WATCH_FOR_ENTRY,CMF positive,Finance,31.4
ASTERDM,869.7,840.3,875.35,836.5,False,True,True,True,True,True,1.6587972690903532,90.15762444,1.755950430154814,True,0.10733260826104542,True,52.09,False,0.9135230879851284,48.0,0.01,0,True,▅▇▃▄█▅▅▆▄█▇▅▇▃▆▆▆▄▁▄,False,False,False,15,0.0751638026950181,0.19406878561131324,0.06508464615634102,0.1438490774344645,FLAT,True,78,70.0,BUILDING,NONE,,GREEN,B,WATCH_FOR_ENTRY,CMF positive,Health Services,41.4
TRAVELFOOD,1428.6,1380.0,1470.9,1354.1,False,True,True,True,True,True,55.67401439902699,182.44779173999999,60.269422056040845,True,0.22358042735853623,True,24.05,False,0.4353335143451896,0.0,-2.37,0,True,▆▆▆▅▆▇▇▇▆▅▇▅█▆█▇▆▆▅▁,False,False,False,5,0.0902014652014651,0.16658500734933868,0.08012230866278802,0.11636529917248994,FLAT,True,74,70.0,BUILDING,NONE,,GREEN,B,WATCH_FOR_ENTRY,CMF positive,Consumer Services,35.0
RITES,234.24,232.7,234.9,228.4,False,True,True,True,True,True,1.7369370494499352,35.965701504,1.8256494152020226,True,0.20847671561365053,True,45.67,True,1.27461241121391,75.0,0.65,0,True,▁▄▁▅▄▃▄▅▅▄▅▇▄▅█▄▂▄▅▆,False,False,False,1,0.03362456976436334,0.15822784810126578,0.023545413225686262,0.10800813992441705,FLAT,True,72,70.0,BUILDING,NONE,,GREEN,B,WATCH_FOR_ENTRY,CMF positive,Commercial Services,35.1
ASIANENE,408.55,395.6,419.9,392.2,False,True,True,True,False,True,1.595886380264576,27.78148171,1.709698974037344,True,0.09282834126239325,True,39.09,False,0.8813482892734343,22.0,-0.7,0,True,▅▃█▄▇▄▇▄▅▆▁▃▅▃▄▄█▆▅▃,False,False,False,7,0.22448673759928073,0.14088243507400167,0.21440758106060365,0.09066272689715293,UP,True,68,70.0,BUILDING,BUILDING,,GREEN,B,WATCH_FOR_ENTRY,CMF positive,Energy Minerals,42.6
MUFIN,137.19,133.6,138.4,133.5,False,True,True,True,True,True,2.3000691672187763,30.319593636,2.4308006240087288,True,0.05552831045704667,True,32.27,False,0.8898141509954228,20.0,-0.92,0,True,▄█▆▅▆▃▇▅▄▅▃▅▃▁▃▃▁▃▂▃,False,False,False,3,0.05352480417754579,0.11346481616751891,0.04344564763886871,0.06324510799067018,FLAT,True,63,70.0,BUILDING,NONE,,GREEN,B,WATCH_FOR_ENTRY,CMF positive,Finance,31.4
FINEORG,5162.1,4989.0,5199.9,4980.0,False,True,True,True,True,True,5.67019692205858,28.300697040000003,5.942645858220623,True,0.14381754877371777,True,54.35,True,1.0187155000328014,54.0,0.01,0,True,▄█▃▃▆▄▁▂▄▂▄▅▄▇▆▆▄▅▄▅,False,False,False,0,0.032523252325232566,0.11603320793877292,0.022444095786555485,0.06581349976192419,FLAT,True,63,70.0,BUILDING,NONE,,GREEN,B,WATCH_FOR_ENTRY,CMF positive,Process Industries,36.8
ALICON,742.75,744.4,753.0,710.0,False,True,True,True,True,False,10.375707958594507,15.042544375,11.21527275778634,True,0.39716515499527905,True,64.12,True,1.028231464331818,83.0,0.8,0,False,▄▅▄▅▃▄▅▄▆▁▅▇▅▃▅▃▅▅█▅,False,False,False,4,0.1742154770373885,0.09614817001180631,0.1641363204987114,0.04592846183495758,UP,True,60,70.0,BUILDING,NONE,,GREEN,B,WATCH_FOR_ENTRY,CMF positive,Producer Manufacturing,37.9
BIL,830.35,832.0,845.05,802.6,False,True,True,True,True,True,1.4448369913415953,0.655395255,1.5711035118063827,True,0.06107024577115604,True,82.35,True,1.1137709973220806,88.0,1.03,0,True,▇▁▄█▄▅▆█▃▄▆▇█▆▅▅▆▅▅▇,False,False,False,4,0.13769952730013024,0.07059051057246002,0.12762037076145316,0.020370802395611287,UP,True,53,70.0,BUILDING,NONE,,GREEN,B,WATCH_FOR_ENTRY,CMF positive,Consumer Non-Durables,39.6
INVPRECQ,960.0,942.8,999.0,889.0,False,True,True,True,True,True,2.31796391669096,2.748,2.5249461237151496,True,0.2792263726426544,False,55.27,False,0.784695108965713,23.0,-0.74,0,True,▁▇██▄▇▅▅▆▆▅█▇▅▇▇▄▂▂▃,False,False,False,4,0.1578122173310017,0.5192277259059979,0.14773306079232462,0.46900801772914913,FLAT,True,96,69.0,WATCH,NONE,,GREEN,C,WATCHLIST,"CMF positive, RS leader",Producer Manufacturing,37.9
HLEGLAS,467.05,454.45,485.0,454.4,False,True,True,True,True,False,4.549137403061671,59.59997027000001,4.954415365968946,True,0.1333386628827501,False,34.16,False,0.796678949577872,15.0,-0.86,0,True,▅▇▁▄▅▃▄▄▄▃█▄█▆▇▆▆▇▇▃,False,False,False,5,0.11454480372270615,0.46067240031274426,0.10446564718402906,0.4104526921358955,FLAT,True,95,69.0,WATCH,NONE,,GREEN,C,WATCHLIST,"CMF positive, RS leader",Producer Manufacturing,37.9
MARINE,336.9,322.0,344.95,321.3,False,True,True,True,True,True,4.187463298508711,130.27104333,5.030308801153966,True,0.36420305827364097,False,41.26,False,0.9234763535441706,30.0,-0.51,0,True,▇▃▅▅▅▄▅▄▆▁▄▄▆▅▅█▄▅▆▄,False,False,False,5,0.30228063393892546,0.25269576857291587,0.2922014774002484,0.20247606039606714,UP,True,85,69.0,WATCH,NONE,,GREEN,C,WATCHLIST,CMF positive,Distribution Services,33.3
ASHAPURMIN,738.35,732.0,743.0,720.15,False,True,True,True,False,False,1.7431325471198955,68.413517455,1.823803113630403,True,0.08495693904590632,True,51.09,True,1.1489160744805254,92.0,1.31,0,True,▂▃▄▄▅▄▅▃▁▁▅▄█▂▄▄▄▆▅▆,False,False,False,2,0.14233774270905863,-0.0015551048005408852,0.13225858617038155,-0.05177481297738962,UP,False,33,69.0,WATCH,SEED,,GREEN,C,WATCHLIST,"Delivery P92, CMF positive",Non-Energy Minerals,41.4
SHILPAMED,759.75,740.0,773.75,731.45,False,True,True,True,True,True,2.6802425338460623,478.8625236,2.8707425539496847,True,-0.09947998795735709,True,12.6,False,0.2866731130197372,0.0,-3.21,0,True,▇██▆█▇▇▇▇▅▆▇▇███▇▁▁▁,False,False,False,9,0.21143267160966284,0.522697665096703,0.20135351507098576,0.4724779569198543,FLAT,True,96,68.0,WATCH,NONE,,GREEN,C,WATCHLIST,RS leader,Health Technology,33.0
THEJO,2223.9,2171.0,2249.5,2159.2,False,True,True,True,True,True,2.022166070401041,4.4938347300000006,2.2157272357586018,True,0.3505744531524941,True,57.56,False,0.9195328849625382,26.0,-0.67,0,False,▅▆▆▆▆▆▇▅█▄▅▆▅▅▁▄▄▄▅▅,False,False,False,6,0.17078178468017913,0.4212948168978079,0.16070262814150205,0.37107510872095917,FLAT,True,95,68.0,WATCH,NONE,,GREEN,C,WATCHLIST,"CMF positive, RS leader",Distribution Services,33.3
SKYGOLD,719.4,691.1,728.4,689.6,False,True,True,True,True,True,2.2044952959487487,146.07510522,2.4330064408171643,True,-0.06858369592988248,True,46.41,True,1.0498337367385255,55.0,0.13,0,False,▃▁▄▁▄▆▅▃▆▂▄▅▄█▅▃▆▆▃▅,False,False,False,13,0.1531618177446501,0.380806142034549,0.14308266120597302,0.33058643385770026,FLAT,True,93,68.0,WATCH,NONE,,GREEN,C,WATCHLIST,RS leader,Consumer Durables,38.4
SBCL,920.9,850.0,920.9,830.05,False,True,True,True,True,True,23.372979354792577,553.85753163,28.711803637993754,True,0.5509449417965003,True,19.15,False,0.3628749549959259,1.0,-3.46,0,True,█▆█▆▇▇▆▆▇▆▆▆▆▇▇▇▇▇▆▁,False,False,False,1,0.23271534703165786,0.24445945945945935,0.22263619049298078,0.19423975128261062,UP,True,84,68.0,WATCH,NONE,,GREEN,C,WATCHLIST,CMF positive,Non-Energy Minerals,41.4
KOLTEPATIL,445.1,430.9,450.0,426.25,False,True,True,True,True,True,2.328226176636217,16.423878430000002,2.570629159788524,True,0.18875622846328868,True,43.4,False,0.8355634277353151,18.0,-0.73,0,False,▅▆▇█▆▆▆▇█▇█▇▇▅▆▃▇▅▁▅,False,False,False,8,0.20151167498987732,0.21396427110323213,0.19143251845120024,0.1637445629263834,UP,True,80,68.0,WATCH,NONE,,GREEN,C,WATCHLIST,CMF positive,Finance,31.4
FIEMIND,2580.3,2479.5,2604.9,2466.9,False,True,True,True,True,True,2.86952353449072,50.509372500000005,3.110165960826556,True,0.3318077386291474,True,45.33,False,0.8724522201050869,27.0,-0.52,0,False,▇▇▇▃▇▄▄█▆▅▅▄▇▆▅█▆▁▇▄,False,False,False,6,0.1468509711542736,0.15037895675434698,0.1367718146155965,0.10015924857749825,UP,True,70,68.0,WATCH,NONE,,GREEN,C,WATCHLIST,CMF positive,Producer Manufacturing,37.9
KENNAMET,3309.9,3138.1,3343.0,3094.1,False,True,True,True,True,True,2.702159465446752,12.41477292,3.1074714876632354,True,0.10148845963938717,True,55.15,False,0.854098589149928,18.0,-0.86,0,True,▅▅▇█▄▁▂▂▄▂▆▅▆▅▇▅▄▄▃▃,False,False,False,2,0.17689517849523528,0.1417385305277683,0.1668160219565582,0.09151882235091957,UP,True,68,68.0,WATCH,NONE,,GREEN,C,WATCHLIST,CMF positive,Producer Manufacturing,37.9
JAIBALAJI,80.87,75.0,84.25,70.05,False,True,True,False,False,False,2.8698234848400936,70.715024708,2.9321160343909725,True,0.15603340918188408,True,38.02,True,1.0810964513193813,37.0,-0.39,0,True,▃▆█▆▅▁▄▄▄▃▄▅▅▄▅▅▆▁▇▆,False,False,False,8,0.17646203084084977,0.1231944444444446,0.1663828743021727,0.07297473626759587,UP,True,65,68.0,WATCH,NONE,,GREEN,C,WATCHLIST,CMF positive,Non-Energy Minerals,41.4
PTC,203.3,201.0,204.2,195.4,False,True,True,True,True,True,5.994980380024687,261.27075104,6.449472608220111,True,0.5177130494054961,True,57.27,True,1.0480756913053824,54.0,0.11,0,False,▅▅▃▅▅▄█▆▂▇▅▇▆▅▄▅▆▁▅▅,False,False,False,0,0.17882407514786047,0.11001911001911013,0.1687449186091834,0.0597994018422614,UP,True,62,68.0,WATCH,NONE,,GREEN,C,WATCHLIST,CMF positive,Utilities,35.4
ARVSMART,650.75,595.6,693.8,595.6,False,True,True,True,True,True,247.6963535681826,449.5810495,266.98205926764535,True,0.10848738872079212,True,6.27,False,0.105419787647222,0.0,-3.63,0,True,▇▇▇▅▆▆▆█▆▄▇▇▇▇▇▇▇█▇▁,False,False,False,1,0.06244897959183682,0.0953543174549738,0.052369823053159736,0.04513460927812507,UP,True,59,68.0,WATCH,NONE,,GREEN,C,WATCHLIST,CMF positive,Finance,31.4
WINDMACHIN,303.55,276.0,310.0,265.6,False,True,True,True,False,True,18.708854992341525,48.737775515,19.68667918650118,True,0.22256021752156788,True,19.9,False,0.34527630779908036,0.0,-2.95,0,True,▄▆▆▅▇▅█▄▇▄▇▆▇▆▅▅▅▆█▁,False,True,False,0,-0.025990694689555505,0.05784979961665804,-0.036069851228232586,0.007630091439809306,FLAT,True,51,68.0,WATCH,NONE,,GREEN,C,WATCHLIST,CMF positive,Producer Manufacturing,37.9
MOREPENLAB,80.25,80.3,82.89,78.92,False,True,True,True,True,True,1.8012140772391683,292.60753395,2.0393602258167864,True,0.23117656362362443,False,16.34,False,0.5115281669197176,2.0,-2.39,0,False,▆▅▆▆▇▇▆█▅▅▅█▇▇▇█▅▃▁▂,False,False,False,6,0.31084612871610595,0.8559204440333024,0.30076697217742887,0.8057007358564536,FLAT,True,99,67.0,WATCH,NONE,,GREEN,C,WATCHLIST,"CMF positive, RS leader",Health Technology,33.0
KPL,2592.5,2664.9,2709.0,2490.4,True,False,True,True,False,True,3.1287318604424668,16.24019775,3.026523749404228,False,0.01597898639394245,True,63.92,True,1.26667062996651,92.0,1.3,0,True,▃▃▃▃▂▃▆█▇▃▄▆▃▅▁▅▄▅▆█,False,True,False,1,-0.006324262169413619,0.15783127149301057,-0.0164034187080907,0.10761156331616184,FLAT,True,72,67.0,WATCH,SEED,,GREEN,C,WATCHLIST,"Delivery P92, CMF positive",Health Technology,33.0
MAMATA,428.2,421.15,429.5,421.15,False,True,True,True,True,True,1.3464507094086364,4.10463956,1.4332967392241127,True,0.20678010619741677,True,67.41,True,1.2782175871059493,100.0,2.14,0,True,▅▇▅▆▅▆▆▁▇▆▇▄▇█▄▄▅▆▆█,False,False,False,3,0.12654564588266237,0.04719980435314253,0.11646648934398529,-0.003019903823706205,UP,False,48,67.0,WATCH,NONE,,GREEN,C,WATCHLIST,"Delivery P100, CMF positive",Producer Manufacturing,37.9
PANAMAPET,504.8,496.35,510.0,483.55,False,True,True,True,True,True,1.1126841379070904,18.11939216,1.176316533030069,True,0.26159883229073305,True,33.98,False,0.7707837132811614,10.0,-1.25,0,True,█▇▅▅▇▃▄▅▂▁▇▅▅█▆▆▇▇▅▄,False,False,False,4,0.17916374678813352,0.5341133566327305,0.16908459024945643,0.4838936484558818,FLAT,True,97,66.0,WATCH,NONE,,GREEN,C,WATCHLIST,"CMF positive, RS leader",Process Industries,36.8
UNIVCABLES,1411.2,1415.0,1436.2,1263.3,True,True,True,True,False,True,1.2140416573674289,23.06789856,1.3183781630351696,False,0.3199176041690533,True,69.4,True,1.3538161424042916,94.0,1.76,0,True,▁▂▁▂▃▁▇▃▃▆▄▃▄▃▃▂▁▇▃█,False,False,False,8,0.24851809254180313,0.24219884688173954,0.23843893600312605,0.1919791387048908,UP,True,84,66.0,WATCH,SEED,,GREEN,C,WATCHLIST,"Delivery P94, CMF positive",Electronic Technology,34.1
HYUNDAI,2183.0,2099.0,2208.0,2090.0,False,True,True,True,True,False,8.460828819388112,1202.7563767,9.319967046912245,True,0.13860824209224903,True,61.88,True,1.3469303353177409,79.0,0.84,0,False,▄▅▂▄▆██▄▅▇▅▆▅▅▁▅▆▇▇█,False,False,False,6,0.09511387579010733,0.22132706724851725,0.08503471925143025,0.17110735907166852,FLAT,True,81,66.0,WATCH,NONE,,GREEN,C,WATCHLIST,CMF positive,Consumer Durables,38.4
TITAN,4992.0,4883.9,5005.0,4883.9,False,True,True,True,False,True,1.6099342888134636,629.1846912,1.6990863437211292,True,0.4801607755460471,True,54.17,False,0.8711524235309254,35.0,-0.38,0,True,▄▅▅▅▃▄▁▄▃▄▅▃▆▆█▅▅▆▂▃,False,False,False,19,0.09574608191755551,0.2158113933607737,0.08566692537887843,0.16559168518392497,FLAT,True,80,66.0,WATCH,NONE,,GREEN,C,WATCHLIST,CMF positive,Consumer Durables,38.4
IMAGICAA,52.14,51.99,52.97,49.69,False,True,True,True,True,False,2.849604749562754,10.173332598,3.1091481484723587,True,0.18243672771488842,True,44.74,False,0.8413490921741748,15.0,-0.99,0,True,▁▄▆█▅▆▅▁▁▂▅▄▅▆▅▆▄▆▆▃,False,False,False,3,0.11984536082474229,0.16254180602006696,0.1097662042860652,0.11232209784321823,FLAT,True,73,66.0,WATCH,NONE,,GREEN,C,WATCHLIST,CMF positive,Consumer Services,35.0
SJS,2446.1,2442.5,2479.6,2367.6,False,True,True,True,False,True,1.5595709951109824,48.43669376,1.616639836758504,True,0.06932597775725215,True,44.87,False,0.8020663890030925,18.0,-0.79,0,True,▆▅▅▆▇█▆▇▄▃▅▆▅▆▆▆▅▄▁▃,False,False,False,7,0.12031693688742329,0.16193235797073924,0.1102377803487462,0.1117126497938905,FLAT,True,72,66.0,WATCH,NONE,,GREEN,C,WATCHLIST,CMF positive,Producer Manufacturing,37.9
JUBLFOOD,486.5,470.0,488.0,469.4,False,True,True,False,True,False,1.629547473655548,201.73447385,1.752965739004948,True,0.25273363722152603,True,57.16,True,1.3047249486418624,73.0,0.66,0,False,▅▄▃▃▇▆▅▂▄▄▂▇▇▁█▁▃▅▅█,False,False,False,3,0.11060381235018824,0.1380116959064328,0.10052465581151115,0.08779198772958408,UP,True,68,66.0,WATCH,NONE,,GREEN,C,WATCHLIST,CMF positive,Consumer Services,35.0
SHARDAMOTR,941.3,943.9,954.95,926.3,False,True,True,True,True,False,1.9393464067092128,12.8948687,2.0620750845184723,True,-0.02287488946138156,True,59.3,True,1.080687047245888,75.0,0.62,0,True,▇▇▇▅█▆▇▅▄▄▄▆▇▁▄▅▅▇▂▆,False,False,False,4,0.08488445801878641,0.11621012688248555,0.07480530148010933,0.06599041870563682,UP,True,63,66.0,WATCH,NONE,,GREEN,C,WATCHLIST,No standout factor,Producer Manufacturing,37.9
PARACABLES,68.92,66.05,69.25,65.46,False,True,True,True,True,True,2.828075871752168,20.878397364,3.016390676120231,True,0.02412337151629553,True,52.96,True,1.1116825323523547,64.0,0.41,0,True,▃▃▁▄▇▂▄▇▄▃▅▇▆█▇▁█▅▃▆,False,False,False,0,0.029424943988050734,0.04630332473052978,0.019345787449373653,-0.0039163834463189495,UP,False,47,66.0,WATCH,NONE,,GREEN,C,WATCHLIST,CMF positive,Producer Manufacturing,37.9
BLISSGVS,527.1,523.55,532.8,523.55,False,True,True,True,False,True,0.35569503174414324,20.72968338,0.3979034185775732,False,0.20976216365175146,False,53.68,True,1.2372084447312621,93.0,1.41,0,True,▆▄▄▆▅▄▆▇▅▄▅▇▆█▃▃▁▃▆▇,False,False,False,8,0.15541429197720302,0.9266055045871562,0.14533513543852594,0.8763857964103074,FLAT,True,99,65.0,WATCH,SEED,,GREEN,C,WATCHLIST,"Delivery P93, CMF positive, RS leader",Health Technology,33.0
DIACABS,322.85,322.0,329.0,316.5,True,True,True,True,False,True,0.3035503607574197,101.369766685,0.3698383485409561,False,0.181608737827822,False,55.18,True,1.444578250170166,91.0,1.5,0,True,▁▂▃▄▄▃▃▄▅▆▂▂▂▂▃▄▅▇█▇,False,False,False,11,0.4757507884993373,0.6422503687878327,0.4656716319606602,0.592030660610984,FLAT,True,98,65.0,WATCH,SEED,,GREEN,C,WATCHLIST,"Delivery P91, CMF positive, RS leader",Producer Manufacturing,37.9
LOTUSDEV,185.83,185.83,190.0,185.83,True,True,True,True,False,True,0.2048477751287025,20.415989954,0.21237425331283577,False,0.41030660562261756,False,78.34,True,1.746477617264134,99.0,2.79,1,False,▄▆▅▅▅▅▁▃▁▂▃▃▃▅▅▂▃▄▃█,False,False,False,9,0.27788474762756166,0.35543398978847573,0.2678055910888846,0.305214281611627,FLAT,True,93,65.0,WATCH,SEED,DEL78% ▄▆▅▅▅▅▁▃▁▂▃▃▃▅▅▂▃▄▃█ P99 Z+2.8,GREEN,C,WATCHLIST,"Delivery P99, CMF positive, RS leader",Finance,31.4
KMEW,2528.4,2513.0,2545.0,2490.0,False,True,True,True,False,True,0.3509427412308444,9.04838508,0.35432156606997744,False,0.12723666537830516,False,48.98,True,1.2228949503776294,92.0,1.43,0,True,▅▆▂▃▄▂▅▃▆▇▁▇▂▅▇▅▄▅▃█,False,False,False,10,0.04795457371409628,0.3180420163686599,0.0378754171754192,0.2678223081918112,FLAT,True,91,65.0,WATCH,SEED,,GREEN,C,WATCHLIST,"Delivery P92, CMF positive, RS leader",Producer Manufacturing,37.9
SUNDRMFAST,1090.55,1091.0,1109.45,1085.25,False,True,True,True,True,True,2.375918903811581,42.877481515,2.6038631595339106,True,0.19779589609441314,False,57.94,False,0.9228906834870424,52.0,-0.07,0,True,▅▅▃▄▃▃▄▃█▇▅▁▅▂▄▆▄▅▆▄,False,False,False,15,0.15917304421768708,0.2674182114010111,0.14909388767901,0.21719850322416234,FLAT,True,86,65.0,WATCH,NONE,,GREEN,C,WATCHLIST,CMF positive,Producer Manufacturing,37.9
TMCV,435.8,414.95,440.65,414.25,False,True,True,True,True,True,3.248799513151795,839.4777485400001,3.3998073613911637,True,0.008115436396830145,True,56.78,True,1.0948602500940021,78.0,0.73,0,True,▄█▅▆▃▅▅▄▃▄▃▆▁▄▃▅▃▃▆▆,False,False,False,1,0.008796296296296413,0.14774822228074802,-0.0012828602423806679,0.09752851410389929,FLAT,True,69,65.0,WATCH,NONE,,GREEN,C,WATCHLIST,CMF positive,Consumer Durables,38.4
WINDLAS,882.85,873.05,888.45,861.8,False,True,True,True,True,False,1.5735618555133883,5.254811485,1.6244714440396244,True,0.04783405691185481,True,52.06,False,0.8988182077157483,30.0,-0.51,0,True,▆▅█▂▁▁▆▂▆▃▄█▃▃▇▇▃▇▇▂,False,False,False,6,0.06373877944454476,0.05971672068179079,0.05365962290586768,0.00949701250494206,UP,True,51,65.0,WATCH,NONE,,GREEN,C,WATCHLIST,CMF positive,Health Technology,33.0
MGL,1139.6,1128.0,1144.0,1116.0,False,True,True,False,True,False,1.7655169710916272,60.577603239999995,1.8067892636552474,True,-0.08201705858711508,True,86.49,True,1.726933290737376,100.0,3.55,1,True,▅▃▅▄▄▅▄▄▅▃▅▅▅▁▃▄▅▄▅█,False,False,False,0,0.011808576755748978,0.04073059360730591,0.0017294202170718975,-0.009489114569542823,UP,False,46,65.0,WATCH,BREAKOUT,DEL86% ▅▃▅▄▄▅▄▄▅▃▅▅▅▁▃▄▅▄▅█ P100 Z+3.5,GREEN,C,WATCHLIST,Delivery P100,Utilities,35.4
COHANCE,445.75,436.0,449.2,432.85,False,True,True,False,False,False,2.4057330213453705,88.431495575,2.446534921864994,True,-0.10898218467210626,True,75.82,True,1.5832776478449715,95.0,1.84,1,True,▆▄▂▄▁▄▄▆▆▄▄▅▅▆▇▅▅▅▁█,False,True,False,0,-0.013609205576454952,0.0330243337195828,-0.023688362115132033,-0.017195374457265933,FLAT,False,43,65.0,WATCH,SEED,DEL76% ▆▄▂▄▁▄▄▆▆▄▄▅▅▆▇▅▅▅▁█ P95 Z+1.8,GREEN,C,WATCHLIST,Delivery P95,Health Technology,33.0
DEEDEV,476.35,501.4,503.0,476.35,True,True,True,True,False,True,0.2960820458883347,10.588212530000002,0.32665910123089487,False,0.20795356722462582,True,53.78,True,1.1896914058179406,80.0,0.78,0,True,▄▁▃▄▄▅▅▃▃█▃▂▆▄▅▂▃▄▅▅,False,False,False,15,0.24552229049548968,0.5671985523934859,0.2354431339568126,0.5169788442166372,FLAT,True,97,64.0,WATCH,NONE,,GREEN,C,WATCHLIST,"CMF positive, RS leader",Producer Manufacturing,37.9
LODHA,1247.1,1249.9,1264.2,1240.3,False,True,True,True,False,True,0.405934614665824,187.46432141999998,0.41621529140782915,False,0.2118029646090285,True,48.91,True,1.1457149884632052,49.0,-0.02,0,True,▂▄▄▆▅█▆█▇▅▁▂▃▅█▇▄▅▆▆,False,False,False,7,0.11837503362927082,0.35018675905375396,0.10829587709059374,0.29996705087690523,FLAT,True,92,64.0,WATCH,NONE,,GREEN,C,WATCHLIST,"CMF positive, RS leader",Finance,31.4
AVALON,1965.3,1785.0,1998.0,1785.0,False,True,True,True,True,True,5.398846664761992,368.77970115,6.039273952120836,True,0.13435852525581168,True,22.0,False,0.5357621216180016,2.0,-2.14,0,False,▄▅▅▃█▅▆▃▅▇▄▆▅▁▅▆▄▄▄▁,False,False,False,4,0.11153215315875808,0.29253535021374555,0.101452996620081,0.24231564203689682,FLAT,True,89,64.0,WATCH,NONE,,GREEN,C,WATCHLIST,CMF positive,Electronic Technology,34.1
BIRLANU,1641.5,1538.7,1660.0,1481.1,False,True,True,True,True,False,3.0641328530199816,18.25594225,3.4344809160416423,True,0.21939549815939044,True,44.43,False,0.7837706725468577,9.0,-1.22,0,True,▇▇▇▇▇▇▆▇▇▇▇█▆▅▆█▇▆▁▅,False,False,False,2,0.24384329771917845,0.2278405265913681,0.23376414118050137,0.17762081841451938,UP,True,82,64.0,WATCH,NONE,,GREEN,C,WATCHLIST,CMF positive,Non-Energy Minerals,41.4
GOCLCORP,438.25,410.0,449.65,410.0,False,True,True,True,True,True,39.405399344854445,85.484387625,43.03310226365216,True,0.2683678481513584,True,10.05,False,0.1788526734470516,1.0,-3.07,0,True,▇▆▅▇▇██▇▅▆████▇█▇▇█▁,False,False,False,0,0.0786364755107063,0.19267927609198532,0.06855731897202921,0.1424595679151366,FLAT,True,78,64.0,WATCH,NONE,,GREEN,C,WATCHLIST,CMF positive,Process Industries,36.8
DEVYANI,134.73,123.2,135.98,122.6,False,True,True,True,True,False,5.775586795927217,358.567552251,6.590720660361506,True,0.27554959518390476,True,23.18,False,0.5219897763866057,4.0,-1.79,0,False,██▆▇▆▆▇▆▅▄▇▇▁▄▆▆▅▇█▃,False,False,False,6,0.19791944518538274,0.16790915395284323,0.18784028864670566,0.1176894457759945,UP,True,74,64.0,WATCH,NONE,,GREEN,C,WATCHLIST,CMF positive,Consumer Services,35.0
LLOYDSME,2081.3,2062.0,2094.0,2055.2,False,True,True,True,True,True,0.5872306871941008,74.04432880000002,0.6316458066182529,False,0.3219367155019626,True,56.96,True,1.098500554457355,78.0,0.62,0,True,▅▃▆▄▁▅▄▅▄▂▅▅▆▄▁▇▅█▃▆,False,False,False,14,0.20599142426700667,0.1227814640988294,0.1959122677283296,0.07256175592198066,UP,True,65,64.0,WATCH,NONE,,GREEN,C,WATCHLIST,CMF positive,Non-Energy Minerals,41.4
COCKERILL,9616.0,9499.0,10130.0,9499.0,False,True,True,True,True,True,3.604942927175947,23.900568,3.7552715851666565,True,-0.35385490901423244,True,33.3,False,0.7722007722007721,18.0,-0.91,0,True,▁▂▃▄▄▆▅▆▇▄▆▇██▅▄█▆▃▂,False,False,False,0,0.01221052631578945,0.4203840472673559,0.0021313697771123685,0.37016433909050717,FLAT,True,95,62.0,WATCH,NONE,,GREEN,C,WATCHLIST,RS leader,Non-Energy Minerals,41.4
ORIENTHOT,127.89,128.5,129.85,126.77,True,False,True,True,False,True,0.20077731245917327,2.998061325,0.18367034506470856,False,0.29347015603548854,True,67.68,True,1.5690456595068913,92.0,1.24,1,True,▄▃▂▄▅▁▅▄▆▂▅▆▆▆▆▅▄▇▆█,False,False,False,2,-0.04223769939339472,0.33860163282394806,-0.052316855932071804,0.28838192464709933,FLAT,True,92,62.0,WATCH,SEED,DEL68% ▄▃▂▄▅▁▅▄▆▂▅▆▆▆▆▅▄▇▆█ P92 Z+1.2,GREEN,C,WATCHLIST,"Delivery P92, CMF positive, RS leader",Consumer Services,35.0
NEULANDLAB,22855.0,21611.0,23500.0,21601.0,False,True,True,True,True,True,4.125404535531088,717.135048,4.573499258703156,True,-0.06561757567713777,True,22.09,False,0.5368948084775423,8.0,-1.38,0,False,▄▄▄█▅▃▅▅▄▃▅█▇▆▇▅▆▆▁▂,False,False,False,5,0.1716907618168768,0.3374882958801497,0.16161160527819973,0.287268587703301,FLAT,True,91,62.0,WATCH,NONE,,GREEN,C,WATCHLIST,RS leader,Health Technology,33.0
WELCORP,1839.8,1821.8,1865.0,1821.3,False,True,True,True,True,True,0.6894716652695145,132.12376515999998,0.757492858834289,False,0.18627009572807518,True,49.93,False,0.9478789949786903,46.0,-0.0,0,True,▅▄█▇▄▅▆▅▆▁▄▆▆▆▆▆▆▇▅▅,False,False,False,10,0.14089048741163346,0.33618999201103916,0.13081133087295638,0.28597028383419043,FLAT,True,91,62.0,WATCH,NONE,,GREEN,C,WATCHLIST,"CMF positive, RS leader",Producer Manufacturing,37.9
ELANTAS,12510.5,12050.0,12549.5,12000.0,False,True,True,True,True,True,0.887132293284499,4.78776835,0.94919204365229,False,0.2548779175626085,True,49.18,False,0.9545251635192049,39.0,-0.18,0,True,▃▅▅▅▃▄▃▅▄▅▅▄▇▆▁█▇▂▁▄,False,False,False,3,0.30835599247019463,0.3380929461468527,0.29827683593151755,0.28787323797000397,UP,True,91,62.0,WATCH,NONE,,GREEN,C,WATCHLIST,"CMF positive, RS leader",Process Industries,36.8
TATATECH,872.8,801.55,880.0,797.3,False,True,True,True,True,True,11.933939723735056,1401.2332688,13.629225665868296,True,0.481338680788639,True,20.05,False,0.5175462371420091,2.0,-2.33,0,False,▅▅▅▆▅▃▇█▇▅▅▃▆▄▅▆▇█▂▁,False,False,False,2,0.21466842947602816,0.2374875939316603,0.20458927293735107,0.18726788575481157,UP,True,83,62.0,WATCH,NONE,,GREEN,C,WATCHLIST,CMF positive,Technology Services,38.0
BALRAMCHIN,633.45,635.0,637.0,624.7,False,True,True,True,False,True,0.4396739285250997,24.980417475000003,0.45157294093457123,False,0.0763594780170225,True,58.73,True,1.544916480336709,89.0,1.05,1,False,▂▂▅▅▁▅▁▂▇▃▃▅▄▆█▂▃▄▄█,True,False,False,10,0.11739283824307645,0.2304778554778557,0.10731368170439937,0.18025814730100698,FLAT,True,82,62.0,WATCH,SEED,DEL59% ▂▂▅▅▁▅▁▂▇▃▃▅▄▆█▂▃▄▄█ P89 Z+1.1,GREEN,C,WATCHLIST,CMF positive,Process Industries,36.8
HERITGFOOD,361.8,358.55,368.0,354.7,False,True,True,False,True,False,1.5877238004197245,22.34527452,1.7010867953287738,True,0.10698606531217897,True,35.54,False,0.6706482870540726,7.0,-1.43,0,True,▄▅▄▃▁▁▇▆▅▄▇▆█▄██▅▅▁▁,False,False,False,4,0.07470666864696285,0.12780548628428923,0.06462751210828577,0.0775857781074405,FLAT,True,66,62.0,WATCH,NONE,,GREEN,C,WATCHLIST,CMF positive,Consumer Non-Durables,39.6
HAL,4934.0,4695.3,4950.0,4685.4,False,True,True,True,True,True,7.491049820800205,2354.657754,8.116945330164715,True,0.44809445775881346,True,41.88,False,0.9122294949846982,28.0,-0.56,0,False,▄▄▄▄▃▃▄▃▅▄▄▁▂▆▄▃▄█▄▃,False,False,False,2,0.12676699627760413,0.11434830724755529,0.11668783973892705,0.06412859907070656,UP,True,63,62.0,WATCH,NONE,,GREEN,C,WATCHLIST,CMF positive,Electronic Technology,34.1
MANINDS,555.05,551.3,564.9,548.0,False,True,True,True,False,True,2.123481094481322,21.014470524999997,2.1832357838639473,True,-0.06353125440105853,True,62.43,True,1.250826471118591,100.0,1.97,0,True,▃▆▁▅█▅▅▇▁▂▄▂▁▂▄▂▃▄▅█,False,False,False,0,-0.02021182700794355,0.10899100899100889,-0.03029098354662063,0.058771300814160155,FLAT,True,62,62.0,WATCH,SEED,,GREEN,C,WATCHLIST,Delivery P100,Producer Manufacturing,37.9
UNIONBANK,181.41,176.8,182.0,175.21,False,True,True,True,True,True,1.103740842569575,352.072691088,1.1698022864676094,True,0.20353249879847715,True,48.91,True,1.1575646411454943,79.0,0.79,0,False,▅▃▁▄▅▅█▆▄▆▇▅█▆▅▅▇▄▇▆,False,False,False,5,0.15356734070965294,0.08265695870136058,0.14348818417097586,0.03243725052451185,UP,True,56,62.0,WATCH,NONE,,GREEN,C,WATCHLIST,CMF positive,Finance,31.4
DRAGARWQ,5285.0,5290.0,5300.0,5210.5,False,True,True,True,True,True,1.4833556580840404,0.7901075,1.5388451336909412,True,0.0031475543679547234,True,73.08,True,1.1024786157165054,84.0,0.87,0,True,▅▅▃▃▆▂▅▆▇▆▄▅█▆▄█▁▅▆▆,False,False,False,4,0.07857142857142851,0.02821011673151741,0.06849227203275143,-0.022009591445331322,UP,False,42,62.0,WATCH,NONE,,GREEN,C,WATCHLIST,CMF positive,Health Services,41.4
HAPPYFORGE,1906.2,1889.9,1934.1,1858.1,False,True,True,True,True,True,1.3787810175839863,23.970083759999998,1.5500284716764132,True,0.38424287013785163,False,45.93,False,0.9358953459939685,15.0,-0.83,0,False,▇▅▅▆▆▅▅▅▆▅▅▄▇█▆▆▁▃▅▅,False,False,False,17,0.20470201605258165,0.37393686031425677,0.19462285951390457,0.32371715213740804,FLAT,True,93,61.0,WATCH,NONE,,GREEN,C,WATCHLIST,"CMF positive, RS leader",Producer Manufacturing,37.9
SHANTIGOLD,224.01,219.0,233.0,217.21,False,True,True,True,True,True,1.8298973367006275,37.39029313499999,1.9004797545673775,True,-0.3308394776280091,True,52.7,True,1.0953608247422681,76.0,0.65,0,True,▅▄▆▁▆▄▆▄▅▅▁▆▃▇▆▇▇▇█▆,False,False,False,0,0.056202555518883424,0.013803403330919561,0.04612339898020634,-0.03641630484592917,UP,False,38,61.0,WATCH,NONE,,GREEN,C,WATCHLIST,No standout factor,Consumer Durables,38.4
REDTAPE,139.97,136.86,142.8,136.33,False,True,True,True,True,True,2.3995036217531127,12.501196598,2.528080576496394,True,-0.058817574832945536,True,56.01,True,1.1391207964286802,87.0,0.95,0,True,▅▆▅▇▁▅▅▅▅▃▅▆▅▅▅█▇▆▆▆,False,False,False,0,0.03222713864306792,0.003225344036697164,0.02214798210439084,-0.04699436414015157,UP,False,35,61.0,WATCH,NONE,,GREEN,C,WATCHLIST,No standout factor,Retail Trade,39.8
SONACOMS,818.05,790.0,821.0,787.0,False,True,True,True,True,True,1.1877240104622981,306.714840505,1.324614673718691,True,0.32025240406501276,True,41.47,False,0.9395212904541284,19.0,-0.89,0,False,▇▄▃▆▃▅▄▅▅▁▆▅█▁▆▇▅▄▅▄,False,False,False,14,0.2236182783636227,0.3466952012511315,0.2135391218249456,0.2964754930742828,FLAT,True,92,60.0,WATCH,NONE,,GREEN,C,WATCHLIST,"CMF positive, RS leader",Producer Manufacturing,37.9
IIFL,611.75,607.8,620.0,603.7,False,True,True,True,False,True,0.4429622931139311,64.1214327,0.46791228504157517,False,0.01415999505100328,False,57.49,True,1.1804200973246002,93.0,1.54,0,True,▃▄▆▄▄▆▄▄▁▃▄▅▄▂▃▅█▅▅▆,False,False,False,14,0.10683915324769311,0.31023773827372025,0.09675999670901603,0.2600180300968715,FLAT,True,90,60.0,WATCH,SEED,,GREEN,C,WATCHLIST,"Delivery P93, CMF positive, RS leader",Finance,31.4
AEQUS,247.5,240.0,252.0,239.76,False,True,True,True,True,True,1.6183739420340475,138.58047225,1.6853426292787486,True,-0.02092632858076013,True,42.42,True,1.0482226917231923,65.0,0.37,0,True,█▃▁▅▅▂▄▅▇▂▅▆▇▂▅▅██▇▅,False,False,False,0,-0.008731175905158595,0.2994172310600094,-0.018810332443835676,0.24919752288316066,FLAT,True,89,60.0,WATCH,NONE,,GREEN,C,WATCHLIST,No standout factor,Electronic Technology,34.1
WSTCSTPAPR,599.1,595.0,601.8,589.75,False,True,True,True,True,True,0.6338753304990573,7.730127390000001,0.6769694254324709,False,0.14744096956344047,True,61.4,True,1.2075679502812415,74.0,0.59,0,True,▄▆▆▇▆▃▅▁▁▃▃▄▆▆▄▆▇▇█▇,False,False,False,7,0.11315496098104783,0.20883777239709445,0.10307580444237074,0.1586180642202457,FLAT,True,80,60.0,WATCH,NONE,,GREEN,C,WATCHLIST,CMF positive,Producer Manufacturing,37.9
NAHARSPING,316.25,313.9,318.8,305.3,False,True,True,True,False,True,1.3109146494241661,2.093100625,1.3442996149989925,True,0.12339661484769474,True,68.64,True,1.1622964838160714,77.0,0.75,0,True,▂▂▂▃▆▃▄▂▂▆▂▁▁▃▁▄▄█▃▅,False,False,False,11,0.17543207582233777,0.19339622641509435,0.1653529192836607,0.14317651823824562,UP,True,78,60.0,WATCH,NONE,,GREEN,C,WATCHLIST,CMF positive,Process Industries,36.8
GALAXYSURF,2066.7,1990.0,2114.0,1980.4,False,True,True,True,True,False,6.13527479900651,10.771847069999998,6.45443311856773,True,0.051371736594459955,True,29.88,False,0.5239026186364154,1.0,-2.71,0,True,▄▂▄▆▄█▆▄▆▇▄▅▆▅▅▄▅▅▆▁,False,False,False,1,0.03298845404108541,0.15117250598785703,0.022909297502408332,0.1009527978110083,FLAT,True,70,60.0,WATCH,NONE,,GREEN,C,WATCHLIST,CMF positive,Consumer Non-Durables,39.6
JAMNAAUTO,144.7,144.57,148.9,142.67,False,True,True,True,True,True,3.7173219343940995,94.99947137,3.9341344873156934,True,0.003900428602665415,False,30.73,False,0.6640375992653018,10.0,-1.21,0,True,▆█▆▆▅▄▁▅▅▆▇█▇▆▆▅▄▆▅▂,False,False,False,5,0.05960749853544223,0.13339077308686442,0.049528341996765146,0.08317106491001569,FLAT,True,67,60.0,WATCH,NONE,,GREEN,C,WATCHLIST,CMF positive,Producer Manufacturing,37.9
EICHERMOT,7935.0,7986.5,8044.0,7896.5,True,True,True,True,False,True,0.6208838732185239,290.416239,0.641648992825802,False,0.32266045780386704,True,61.55,True,1.0988128179951797,78.0,0.78,0,True,█▆▇▆▄▆▅▆▃▇▄▆▇▁█▆█▇▅▇,False,False,False,15,0.07797853552506462,0.07578633405639912,0.06789937898638754,0.025566625879550386,UP,True,55,60.0,WATCH,NONE,,GREEN,C,WATCHLIST,CMF positive,Consumer Durables,38.4
SHREEJISPG,672.8,674.0,677.0,670.0,True,True,True,True,False,True,1.3053774379520735,68.70351024,1.4435883404963292,False,0.28887587927740943,False,47.9,True,1.2271667563343835,75.0,0.69,0,True,▃▇▅▂▄▆▂▃▁▂▁▃▄▂▃▅█▇▅▆,False,False,False,18,0.21939284096057987,0.46276769214045,0.2093136844219028,0.41254798396360126,FLAT,True,95,59.0,WATCH,NONE,,GREEN,C,WATCHLIST,"CMF positive, RS leader",Transportation,31.8
LAURUSLABS,1844.3,1838.0,1856.0,1833.2,False,True,True,True,False,True,0.6980135844703914,286.42845821,0.7589150507490552,False,0.21805701283442241,False,67.92,True,1.4192874307804826,97.0,2.02,0,False,▅▄▃▅▅▄▃▃▅▁▁▂▅▄▄▃▆▆██,False,False,False,18,0.1993107036025492,0.35411160058737146,0.18923154706387213,0.3038918924105227,FLAT,True,93,59.0,WATCH,SEED,,GREEN,C,WATCHLIST,"Delivery P97, CMF positive, RS leader",Health Technology,33.0
PRICOLLTD,737.9,755.5,757.9,733.8,True,True,True,True,False,True,0.7895412816142435,40.81413448,0.855695390840932,False,0.1553109095199444,False,57.95,True,1.1952519929460539,90.0,1.1,0,False,▇█▅▇▇▆█▇▄▅▄▄▇▁▃▅▃▆▆▇,False,False,False,14,0.17640494220805092,0.3127557374132717,0.16632578566937384,0.26253602923642294,FLAT,True,90,59.0,WATCH,SEED,,GREEN,C,WATCHLIST,"Delivery P90, CMF positive, RS leader",Producer Manufacturing,37.9
AIIL,596.6,596.2,605.0,587.0,False,True,True,True,True,True,1.7078270919808212,63.842702939999995,1.8011994504781181,True,0.1602630498327022,False,15.89,False,0.44451282625115396,2.0,-2.14,0,False,▇▆█▆▂▄▂▂▄▆▆▃▆▅▆▆▆▆▂▁,False,False,False,4,0.16070038910505846,0.24616187989556138,0.15062123256638138,0.19594217171871264,FLAT,True,84,59.0,WATCH,NONE,,GREEN,C,WATCHLIST,CMF positive,Finance,31.4
NRBBEARING,461.5,444.85,465.25,441.1,False,True,True,True,True,True,1.8051406944485164,30.54645425,1.9423802599272568,True,0.03737094116055353,True,41.12,False,0.8370739055645464,12.0,-1.11,0,True,▃▃▃█▃▄▃▃▁▃▅▇▇▅▆██▆▃▂,False,False,False,2,0.0758829700431285,0.24729729729729732,0.06580381350445141,0.1970775891204486,FLAT,True,84,59.0,WATCH,NONE,,GREEN,C,WATCHLIST,CMF positive,Producer Manufacturing,37.9
SHRIRAMFIN,1139.0,1130.0,1153.7,1120.0,False,True,True,True,True,True,2.220609842168486,1413.5709848,2.4213400146301423,True,0.11766990623718566,False,54.1,False,0.9623594706133486,40.0,-0.16,0,False,▅▅▆▆▅▅▆▅▃▁▅███▇▃▅▆█▅,False,False,False,6,0.1040031016768439,0.19624008822139372,0.09392394513816682,0.14602038004454498,FLAT,True,78,59.0,WATCH,NONE,,GREEN,C,WATCHLIST,CMF positive,Finance,31.4
LLOYDSENT,83.5,80.1,83.9,80.1,False,True,True,True,True,True,1.4908054538751299,76.371772,1.5611419057607612,True,0.038547534400151594,True,46.09,True,1.1342159661383995,51.0,-0.12,0,False,▂▂▂▃▁▅▅█▃▄▅▆▆▇▆▆▆▆▆▆,False,False,False,11,0.06804809414172408,0.1587565917291145,0.057968937603047,0.10853688355226576,FLAT,True,72,59.0,WATCH,NONE,,GREEN,C,WATCHLIST,CMF positive,Distribution Services,33.3
ROLEXRINGS,156.68,153.0,159.15,152.82,False,True,True,True,False,True,1.9345237879932915,106.840044996,2.0454697489987286,True,0.004984995430173336,True,38.2,False,0.9435243846714337,25.0,-0.51,0,False,▆▅▃▃▅▇▅▆▇▅██▇▇▆██▁▃▅,False,False,False,4,0.11065428510668474,0.11508077716888487,0.10057512856800765,0.06486106899203614,UP,True,63,59.0,WATCH,NONE,,GREEN,C,WATCHLIST,CMF positive,Producer Manufacturing,37.9
JINDRILL,636.05,616.8,642.4,609.05,False,True,True,True,True,True,0.9336872120161246,22.421589365,0.9710048196888135,False,0.0010541886163697874,True,47.52,True,1.6356877323420076,66.0,0.44,4,False,▁▂▄▄▆▂▆▅▂▃▅▇▇▂▃▆▇▇▇█,False,False,False,0,0.054721830693972295,0.07232571862092207,0.044642674155295214,0.022106010444073343,UP,True,54,59.0,WATCH,NONE,DEL48% ▁▂▄▄▆▂▆▅▂▃▅▇▇▂▃▆▇▇▇█ P66 Z+0.4 4D,GREEN,C,WATCHLIST,"4D high delivery, CMF positive",Industrial Services,34.6
SWELECTES,670.6,655.0,676.4,655.0,False,True,True,True,True,False,2.1281633771095523,2.34455172,2.264564617594343,True,-0.00922125806453835,True,74.43,True,1.305251343744246,98.0,2.02,0,True,▃▅▁▅▄▄▅▄▅▇▄▇▅█▇▆▆▆▅█,False,False,False,2,0.039528755231746926,0.013986542677855818,0.029449598693069845,-0.036233165498992914,UP,False,38,59.0,WATCH,BREAKOUT,,GREEN,C,WATCHLIST,Delivery P98,Producer Manufacturing,37.9
ONEPOINT,60.33,58.5,61.25,57.5,False,True,True,True,True,True,7.52543579166258,37.675282611,8.15383675770003,True,0.28015949383535027,True,37.96,False,0.8132920545479866,18.0,-0.83,0,False,▁▁▄▆▅▇▁▆▅▄█▁▆▂▄▆▆▄▂▃,False,False,False,0,0.12095875139353396,-0.03579990410739975,0.11087959485485688,-0.08601961228424848,UP,False,22,59.0,WATCH,NONE,,GREEN,C,WATCHLIST,CMF positive,Commercial Services,35.1
TDPOWERSYS,1260.9,1231.0,1270.0,1215.0,False,True,True,True,True,True,1.141343129441917,155.9254158,1.2866948847454414,True,0.1895718099166853,True,51.8,True,1.0960063475271091,84.0,0.93,0,True,▅▄▂▄▃▄▅▂▅█▂▃▇▂▂▃▂▅▁▅,False,False,False,0,0.096244131455399,-0.0437585317761261,0.08616497491672193,-0.09397823995297483,UP,False,21,59.0,WATCH,NONE,,GREEN,C,WATCHLIST,CMF positive,Producer Manufacturing,37.9
GVT&D,4388.1,4150.0,4452.0,4051.0,True,False,False,True,False,False,2.545927205953734,1006.37606901,2.5750556497033616,False,0.053752220507581654,True,56.33,True,1.1156001822034736,54.0,0.07,0,True,▅▆▁▃▅▇▇▂██▅▅█▃▆▅▇▆▃▇,False,True,False,0,-0.05498126372916379,-0.0949198688199987,-0.06506042026784087,-0.14513957699684743,UP,False,11,59.0,WATCH,NONE,,GREEN,C,WATCHLIST,CMF positive,Producer Manufacturing,37.9
CUPID,262.13,264.0,267.0,239.28,True,True,True,True,False,True,1.1990080542733785,1206.337778096,1.4182720571907415,False,0.3232065616507283,True,26.04,True,1.0040485829959513,27.0,-0.65,0,False,▂▃▁▃▃▂▂▅▄▆▇█▃▆▄▇▅▅▄▄,False,False,False,10,0.2350640784018092,1.0310708197737486,0.22498492186313213,0.9808511115968999,FLAT,True,100,58.0,WATCH,NONE,,GREEN,C,WATCHLIST,"CMF positive, RS leader",Consumer Non-Durables,39.6
IDEAFORGE,817.7,803.0,834.95,761.1,True,True,True,True,False,True,0.482101907615105,134.65376626000003,0.5617103602354111,False,0.40340573534749874,True,34.3,True,1.315587603559374,57.0,0.2,0,False,▆▁▅▅▄▄▃▄▄▆▃▃▅▃▆█▅▆▅▆,False,False,False,11,0.75434456125295,0.9258125294394723,0.7442654047142729,0.8755928212626236,FLAT,True,99,58.0,WATCH,NONE,,GREEN,C,WATCHLIST,"CMF positive, RS leader",Electronic Technology,34.1
CNL,1116.85,1127.0,1139.8,1092.05,False,True,True,True,False,True,0.13483804754195888,9.288953135,0.15303402673361852,False,0.14040705085439179,True,39.11,True,1.2081801612554448,9.0,-1.26,0,False,▁▄▄▇▇█▆▆▇▁▁▂▄▄▅▆▄▅▅▅,False,False,False,9,0.31781710914454275,0.7768673932065866,0.30773795260586567,0.7266476850297379,FLAT,True,99,58.0,WATCH,NONE,,GREEN,C,WATCHLIST,"CMF positive, RS leader",Distribution Services,33.3
CYIENTDLM,685.55,659.05,694.95,658.95,False,True,True,True,False,True,0.6595226422019964,57.536566179999994,0.6872898461968191,False,0.2608033438193728,True,48.78,True,1.3173280762635198,45.0,0.04,0,False,▅██▂▃▅▆▁▃▃▆▇▇▅▆▇▆▆▆▇,False,False,False,6,0.2563914597269312,0.629933428435568,0.24631230318825414,0.5797137202587193,FLAT,True,98,58.0,WATCH,NONE,,GREEN,C,WATCHLIST,"CMF positive, RS leader",Electronic Technology,34.1
TBZ,273.0,271.9,280.9,271.0,False,True,True,True,False,True,0.29984802908199343,25.1765787,0.3097768882440483,False,0.17793672097861196,True,28.3,True,1.2569119051320203,17.0,-1.01,0,False,▅▁▂▆▄▅▃▅▅█▆▄▆▄▅▆█▆▇▇,False,False,False,8,0.1955855303494789,0.6496465043205026,0.18550637381080182,0.5994267961436539,FLAT,True,98,58.0,WATCH,NONE,,GREEN,C,WATCHLIST,"CMF positive, RS leader",Consumer Durables,38.4
INDOTECH,2469.9,2540.2,2583.0,2469.9,True,True,True,True,False,True,0.20455248414650018,7.219764690000001,0.21265072679815972,False,0.2019052449255002,True,49.83,True,1.0993447614004899,33.0,-0.36,0,False,▃▄▂▂▄▃█▂▂▃▃▄▅▇▁▂▃▄▃▄,False,False,False,10,0.4623445825932504,0.5655067503327629,0.4522654260545733,0.5152870421559141,FLAT,True,97,58.0,WATCH,NONE,,GREEN,C,WATCHLIST,"CMF positive, RS leader",Producer Manufacturing,37.9
BLSE,310.55,306.45,314.5,301.8,True,True,True,True,False,True,0.8363647095674792,26.18178729,0.9140212368810846,False,0.253606114817981,True,44.65,True,1.2119813791886647,57.0,0.18,0,False,▄▃▂▃▂▅▇▅▂▁▂▅▆▆▆█▆▆▆▆,False,False,False,14,0.17967711301044642,0.39912596864299865,0.16959795647176934,0.3489062604661499,FLAT,True,94,58.0,WATCH,NONE,,GREEN,C,WATCHLIST,"CMF positive, RS leader",Technology Services,38.0
GMMPFAUDLR,987.3,980.0,1002.0,944.4,False,True,True,True,True,False,2.1118606754471347,83.47789341,2.2138659480083454,True,0.42948868023776715,True,24.84,False,0.4117491048932503,0.0,-3.76,0,False,▆▆▇▅▆▇▅█▆▅▅▆▆▅▅▅▆▅▁▂,False,False,False,2,0.308548707753479,0.2877266205817137,0.2984695512148019,0.237506912404865,UP,True,88,58.0,WATCH,NONE,,GREEN,C,WATCHLIST,CMF positive,Producer Manufacturing,37.9
EXIDEIND,490.0,474.0,493.0,470.65,False,True,True,True,True,True,1.1747879060057118,384.794403,1.2974622724232525,True,0.14784606212658352,True,40.83,False,0.9324472458207729,40.0,-0.24,0,True,▂▃▄▆▁▄▄▅▄▆▇█▅▃▅▆▆▄▆▄,False,False,False,15,0.1545711592836947,0.2677878395860285,0.1444920027450176,0.21756813140917974,FLAT,True,86,58.0,WATCH,NONE,,GREEN,C,WATCHLIST,CMF positive,Producer Manufacturing,37.9
APARINDS,16631.0,16126.0,16695.0,16100.0,False,True,True,True,True,True,1.1922061476500685,294.9923625,1.383904789023723,True,0.18279716457807083,True,42.58,True,1.071194968553459,60.0,0.15,0,True,▆▇▅▆▇▆▇▇▄▁▁▆▇▆▆█▆▅▅▆,False,False,False,1,0.183027457675345,0.2677999695075468,0.17294830113666793,0.21758026133069808,FLAT,True,86,58.0,WATCH,NONE,,GREEN,C,WATCHLIST,CMF positive,Electronic Technology,34.1
PTCIL,19076.0,18250.0,19400.0,18250.0,False,True,True,True,True,True,7.282499481666958,174.2096624,7.7714576909707045,True,0.09165183449913802,True,28.79,False,0.6488179748946431,8.0,-1.31,0,False,▃▇▄▅▂▄▄▄▁▂▃▇▃▆██▅▅▂▁,False,False,False,0,0.08374048403590506,0.1781854116484467,0.07366132749722798,0.12796570347159797,FLAT,True,76,58.0,WATCH,NONE,,GREEN,C,WATCHLIST,CMF positive,Producer Manufacturing,37.9
SAIPARENT,574.9,543.0,580.0,535.55,False,True,True,True,False,True,2.4303802335849425,15.26100795,2.517142212915885,True,-0.015225378375901441,True,51.34,False,0.9765097479790775,44.0,-0.29,0,True,▁▄▆▁▆▂▁▃█▄▃▇▁█▆▃▆█▄▄,False,True,False,0,-0.021613342409802616,0.1810991268618387,-0.0316924989484797,0.13087941868498998,FLAT,True,76,58.0,WATCH,NONE,,GREEN,C,WATCHLIST,No standout factor,Health Technology,33.0
AUROPHARMA,1658.0,1580.1,1662.4,1579.9,False,True,True,True,True,True,2.0826618155922954,331.4766448,2.207200096582716,True,0.10805979250943085,True,40.21,False,0.8585734570339607,21.0,-0.87,0,False,▄▃▇▅▅▇▃▅▁▃▆▅▂▅▅██▅▁▃,False,False,False,2,0.059628043714450074,0.16236679753224892,0.04954888717577299,0.11214708935540019,FLAT,True,73,58.0,WATCH,NONE,,GREEN,C,WATCHLIST,CMF positive,Health Technology,33.0
BELRISE,248.21,244.61,250.0,244.0,False,True,True,True,True,True,1.4882083675673903,153.129212961,1.5738707641935081,True,0.06080723088279846,True,45.73,False,0.975198856972256,69.0,0.53,0,True,▁▃▃▄█▆▅▆█▅▇▅▇▄▄▄▆▆▆▅,False,False,False,2,0.07190361029538783,0.1466783701376697,0.06182445375671075,0.09645866196082098,FLAT,True,69,58.0,WATCH,NONE,,GREEN,C,WATCHLIST,CMF positive,Producer Manufacturing,37.9
ANTHEM,841.0,828.0,844.9,823.55,False,True,True,True,True,True,0.5293528104569891,39.7380069,0.5668295719807884,False,0.3452308799884153,True,58.97,False,0.9684915870813043,76.0,0.53,0,True,▅▆██▁▃▃▆▂▆▅▅▆▂▂▄▄▅▆▄,False,False,False,6,0.11435007287663956,0.10665175340482924,0.10427091633796248,0.05643204522798051,UP,True,62,58.0,WATCH,NONE,,GREEN,C,WATCHLIST,CMF positive,Health Technology,33.0
FOSECOIND,5500.5,5424.0,5573.5,5395.5,False,True,True,True,True,False,1.7987782439096194,2.6886444,1.8976820689686573,True,-0.23291394851398814,True,58.86,True,1.078921078921079,76.0,0.8,0,True,▅▆▄▅▅▃▄▃▅▄▇█▆▆▁▆▃▆▄▅,False,False,False,3,0.05162030398623463,0.10436284056457934,0.04154114744755755,0.05414313238773061,FLAT,True,61,58.0,WATCH,NONE,,GREEN,C,WATCHLIST,No standout factor,Process Industries,36.8
LTFOODS,427.55,418.9,432.15,415.5,False,True,True,True,True,True,0.7347154056420595,27.5213935,0.7921824187979976,False,0.31198462765188695,True,50.54,True,1.120086876544441,79.0,0.73,0,False,▆▆▆▆▅█▆▆▆▆▇▇▅▁▄▆▅▆▆▆,False,False,False,6,0.09881778463120017,0.09041060953838298,0.08873862809252309,0.04019090136153425,UP,True,58,58.0,WATCH,NONE,,GREEN,C,WATCHLIST,CMF positive,Process Industries,36.8
TI,490.75,484.05,497.8,480.95,False,True,True,True,False,True,1.0359738749018272,38.425675925,1.0823838593548338,True,0.1506912074595541,True,43.35,False,0.8228148429344215,37.0,-0.31,0,True,▆▇▃▅▆▅█▅█▆▆▁▂▃▅▅▆▄▁▁,False,False,False,6,0.09922723709261949,0.07774239595915233,0.08914808055394241,0.0275226877823036,UP,True,55,58.0,WATCH,NONE,,GREEN,C,WATCHLIST,CMF positive,Consumer Non-Durables,39.6
ENDURANCE,2904.5,2879.0,2929.0,2871.2,False,True,True,True,True,True,0.5305115254957837,23.45064255,0.559742326405128,False,0.23371258854562793,True,57.51,False,0.9959476309226931,62.0,0.33,0,True,▄▂█▅▃▅▅▃▇▂▃▅▅▂▄▅▃▁▃▄,False,False,False,8,0.08118671828469326,0.06681113641372227,0.07110756174601618,0.01659142823687354,UP,True,53,58.0,WATCH,NONE,,GREEN,C,WATCHLIST,CMF positive,Producer Manufacturing,37.9
ASHOKLEY,174.55,169.28,175.0,169.13,False,True,True,True,True,False,3.04464155442982,834.14910534,3.363502542766813,True,0.1941105986943294,True,42.26,False,0.9150454166531338,25.0,-0.61,0,False,▃▅▄▇▄▃▄▃▃▃▇▅▁▆▃▄▃▆█▃,False,False,False,2,0.050746448350589946,0.06381033642125788,0.040667291811912865,0.013590628244409153,UP,True,52,58.0,WATCH,NONE,,GREEN,C,WATCHLIST,CMF positive,Producer Manufacturing,37.9
INDGN,554.45,557.5,561.9,546.1,False,True,True,True,True,True,1.8123260838433242,53.397249815,1.875551228424544,True,-0.02118382828468625,True,48.52,False,0.8969903128004142,15.0,-0.97,0,False,▅▄▅▆█▅▇▇█▄▅▇█▆▂▂▁▇▆▄,False,False,False,4,0.08865108973100333,0.06308120026843089,0.07857193319232625,0.01286149209158216,UP,True,52,58.0,WATCH,NONE,,GREEN,C,WATCHLIST,No standout factor,Health Technology,33.0
CLEAN,795.15,777.0,803.0,769.45,False,True,True,False,True,False,2.2951630683694537,78.280052535,2.408561126108694,True,0.00010872137796815602,True,47.15,True,1.0127588280780135,38.0,-0.33,0,True,▆▇▅▆▆▆▇▇▅▆▇▆███▁▇▆▇▆,False,False,False,0,0.032595286020388414,-0.002946708463949843,0.022516129481711333,-0.053166416640798575,UP,False,33,58.0,WATCH,NONE,,GREEN,C,WATCHLIST,CMF positive,Process Industries,36.8
MANINFRA,113.85,111.15,117.3,111.1,False,True,True,False,True,False,4.042375399914628,55.9349604,4.328111716832945,True,0.11304428027693911,False,48.42,True,1.2950852557673018,55.0,0.16,0,True,▂▃▄▄▄▅█▂▁▁▃▆▄▆▄▃▂▃▆▅,False,False,False,0,0.08791208791208782,-0.012061784102742057,0.07783293137341074,-0.06228149227959079,UP,False,30,58.0,WATCH,NONE,,GREEN,C,WATCHLIST,CMF positive,Finance,31.4
STLTECH,405.15,398.3,414.0,396.1,False,True,True,True,True,True,0.8374995805746792,255.440146935,1.1466837399167924,False,0.45204278519638547,False,47.91,False,0.9142519106548227,73.0,0.58,0,True,▂▃▃▃▄▃▂▂▁▁▁▁▃▃▃█▅▇▂▂,False,False,False,17,0.7522273159761266,1.41736276849642,0.7421481594374495,1.3671430603195713,FLAT,True,100,57.0,WATCH,NONE,,GREEN,C,WATCHLIST,"CMF positive, RS leader",Technology Services,38.0
FILATEX,83.33,81.63,85.38,81.5,False,True,True,True,True,True,0.47384997325425854,33.324408637,0.5431730884414189,False,0.1947659823206805,False,39.8,True,1.1796961837717674,24.0,-0.62,0,False,▄▇▂▂▃▃▅▄▅▁▅▆▇█▂▃▅▅▆▆,False,False,False,11,0.33863453815261035,0.8218189768255355,0.3285553816139333,0.7715992686486868,FLAT,True,99,57.0,WATCH,NONE,,GREEN,C,WATCHLIST,"CMF positive, RS leader",Process Industries,36.8
FERMENTA,553.0,555.35,568.0,546.2,False,True,True,True,True,True,0.5774682723479942,9.3864008,0.6871903979945919,False,0.20316938369486412,False,56.06,True,1.353468776783882,52.0,0.04,0,False,▁▂▃▄▃▃▅▇▅▃▅█▅▁▁▄▃▂▄▇,False,False,False,10,0.3471376370280146,0.8695064232589587,0.3370584804893375,0.8192867150821099,FLAT,True,99,57.0,WATCH,NONE,,GREEN,C,WATCHLIST,"CMF positive, RS leader",Health Technology,33.0
ATHERENERG,1481.5,1450.0,1508.0,1446.0,False,True,True,True,True,True,0.8328862340222422,688.34919685,0.9328415401829219,False,0.15157048344129,False,21.2,False,0.6741608764091394,15.0,-1.03,0,True,▅▄▁▃▅▅▄▅▅█▅▆▆▇▆▆▃▄▄▃,False,False,False,8,0.2085984663077174,0.5366663209210663,0.1985193097690403,0.4864466127442175,FLAT,True,97,57.0,WATCH,NONE,,GREEN,C,WATCHLIST,"CMF positive, RS leader",Consumer Durables,38.4
NILKAMAL,1746.3,1765.7,1798.0,1721.0,True,True,True,True,False,True,0.16648941282373875,7.35104985,0.1861114392289669,False,0.1932394616885592,False,48.97,True,1.165813593619807,13.0,-1.14,0,False,▅▅▄█▁▃▂▃▃▄▃▂▂▃▃▅▃▄▄▄,False,False,False,11,0.3397008055235904,0.3651500938086303,0.3296216489849133,0.31493038563178155,UP,True,93,57.0,WATCH,NONE,,GREEN,C,WATCHLIST,"CMF positive, RS leader",Consumer Durables,38.4
SAILIFE,1365.2,1375.0,1398.3,1319.5,True,True,True,True,False,True,2.1171358615635887,127.14203164000001,2.2071774331916925,False,0.17924855191945738,False,46.86,False,0.8679786987728642,17.0,-0.81,0,True,▂▂▁▄▂▄▃▃▄█▁▆▃█▁▂▄▃▄▁,False,False,False,15,0.07920948616600798,0.17689655172413787,0.0691303296273309,0.12667684354728914,FLAT,True,75,57.0,WATCH,NONE,,GREEN,C,WATCHLIST,CMF positive,Commercial Services,35.1
RACLGEAR,1482.7,1478.9,1510.1,1438.0,False,True,True,True,True,True,1.9937262161884193,11.4968558,2.1610521962225206,True,0.03099428776954603,True,49.32,False,0.9858971924318597,58.0,0.35,0,False,▆▄▄▁▁▅▄▁▅▄▃▇█▇▆▆▄█▄▅,False,False,False,2,0.16996764775507,0.12249224013929894,0.15988849121639293,0.0722725319624502,UP,True,65,57.0,WATCH,NONE,,GREEN,C,WATCHLIST,CMF positive,Producer Manufacturing,37.9
KIMS,811.1,803.1,826.8,803.1,False,True,True,True,False,True,3.17507181488494,146.12161164,3.2157857422754623,True,-0.09501973594363085,False,84.36,True,1.3785102089171766,99.0,2.98,0,True,▇▃▁▄▅▄▄▅▆▇▃▅▅▆▃▄▄▄▄█,False,False,False,0,-0.0046631488526198694,0.06885418725703363,-0.01474230539129695,0.018634479080184896,FLAT,True,53,57.0,WATCH,SEED,,GREEN,C,WATCHLIST,Delivery P99,Health Services,41.4
HCG,675.85,670.1,679.5,656.15,True,True,True,True,False,True,1.5421728562507206,22.8234545,1.5749051026673098,False,0.006192426390082643,True,60.16,False,0.963091626577871,62.0,0.17,0,True,▂▂▆█▃▃█▁▁▂▂▃▃▃▂▃▆▂▂▃,False,False,False,5,0.014180672268907735,0.06057277363672031,0.004101515730230654,0.01035306545987158,FLAT,True,51,57.0,WATCH,NONE,,GREEN,C,WATCHLIST,CMF positive,Health Services,41.4
MAZDOCK,2530.0,2380.5,2574.0,2373.3,False,True,True,False,True,False,6.477241531497948,1057.482822,6.950190536747238,True,0.1418878048794741,True,29.75,True,1.0553387726144023,72.0,0.47,0,False,▄█▁▂▅▄▃█▂▂▅▆▅▁▁▃▆▃▂▄,False,False,False,0,0.06625084288604177,0.037820986135039814,0.05617168634736469,-0.012398722041808918,UP,False,45,57.0,WATCH,NONE,,GREEN,C,WATCHLIST,CMF positive,Producer Manufacturing,37.9
BEML,1787.8,1729.9,1817.6,1686.4,False,True,True,False,False,False,6.901135146594423,224.06336497999996,6.947352380059676,True,0.11250312997302166,True,19.56,False,0.41555130656469086,2.0,-1.8,0,True,▅▆▄▅▄▆▄▆▆▅▅▆█▇▃▇▇▇▄▁,False,True,False,0,-0.04015891764200574,0.037970274036228435,-0.050238074180682823,-0.012249434140620297,FLAT,False,45,57.0,WATCH,NONE,,GREEN,C,WATCHLIST,CMF positive,Producer Manufacturing,37.9
COCHINSHIP,1519.7,1490.0,1524.7,1482.6,False,True,True,False,True,False,2.3817229731837273,345.22143474,2.54879812943978,True,0.2805869934897956,True,38.03,False,0.9232375218489027,82.0,0.9,0,True,▇▇▃▂▄▄▅█▃▁▄▇█▄██▇▅▁▄,False,False,False,1,0.0717207334273624,0.03564127027395392,0.06164157688868532,-0.014578437902894814,UP,False,44,57.0,WATCH,NONE,,GREEN,C,WATCHLIST,CMF positive,Producer Manufacturing,37.9
TECHNOE,1066.25,994.0,1071.1,991.15,False,True,True,False,True,False,7.394508188634973,96.703437125,7.82483339599304,True,0.07325330921268192,True,28.72,False,0.5027087107587016,1.0,-2.5,0,True,▆█▆▇▇▇▅▅▇▇▇▇█▇▆▆▅▆▆▁,False,False,False,0,0.015282803275566526,-0.011999629355077923,0.005203646736889445,-0.062219337531926655,UP,False,30,57.0,WATCH,NONE,,GREEN,C,WATCHLIST,CMF positive,Industrial Services,34.6
APOLLO,403.85,404.0,408.5,402.1,True,True,True,True,False,True,0.497272529730853,129.64118082000002,0.5048351238848271,False,0.12875049706055072,True,38.62,True,1.5343967897653905,83.0,0.92,1,True,▅▁▂▆▃▃▄▁▄▂▄▅▃▄▄▅▅▄▆█,False,False,False,0,-0.012229423994129851,-0.01259168704156477,-0.022308580532806932,-0.0628113952184135,UP,False,29,57.0,WATCH,NONE,DEL39% ▅▁▂▆▃▃▄▁▄▂▄▅▃▄▄▅▅▄▆█ P83 Z+0.9,GREEN,C,WATCHLIST,CMF positive,Electronic Technology,34.1
REDINGTON,354.85,349.8,358.0,341.05,False,True,True,True,True,True,0.28616316274398995,110.506570845,0.31272384655790225,False,0.05512849383681563,True,36.67,False,0.9929327665105198,39.0,-0.08,0,False,▅█▅▅▆▆▅▇▆▅▂▆▇▁▂▁▃▄▄▅,False,False,False,11,0.2655135520684737,0.5818214237953017,0.25543439552979663,0.5316017156184529,FLAT,True,97,56.0,WATCH,NONE,,GREEN,C,WATCHLIST,"CMF positive, RS leader",Distribution Services,33.3
MPSLTD,2931.2,2761.4,2944.9,2761.4,False,True,True,True,True,True,0.7864600045545425,38.112928,0.883995234057784,False,0.5385982948023981,True,33.89,False,0.8268071921735101,4.0,-1.74,0,False,▆█▆▇▅▆▅▂▁▂▄▄▃▄▆▆▆▅▅▄,False,False,False,12,0.4678017025538306,0.5939964108978191,0.4577225460151535,0.5437767027209703,FLAT,True,97,56.0,WATCH,NONE,,GREEN,C,WATCHLIST,"CMF positive, RS leader",Consumer Services,35.0
OPTIEMUS,562.1,576.0,590.0,554.25,True,False,True,True,False,False,0.7187969066383701,12.03214397,0.6713288008900025,False,0.11264077198908294,True,53.63,True,1.0756980102695763,69.0,0.37,0,True,▄▃▂▄▄▃▃▆▃▁▃█▅▅▄▄▅▃▄▅,False,False,False,13,0.03890583125404312,0.386873920552677,0.02882667471536604,0.33665421237582827,FLAT,True,94,56.0,WATCH,NONE,,GREEN,C,WATCHLIST,"CMF positive, RS leader",Distribution Services,33.3
KDDL,3843.9,3699.8,3863.6,3688.8,False,True,True,True,True,True,1.0827296142015321,20.62675179,1.1647603006678773,True,-0.26841207687164476,True,44.23,False,0.9103351754088069,17.0,-0.86,0,True,▇▇▅▅▆▆▆▇▆▄▇█▇▆▆▆▃▁▅▅,False,False,False,6,0.18230191929133865,0.3836933045356372,0.17222276275266157,0.3334735963587885,FLAT,True,93,56.0,WATCH,NONE,,GREEN,C,WATCHLIST,RS leader,Consumer Durables,38.4
M&MFIN,408.45,388.8,409.7,386.85,False,True,True,True,True,True,0.6932562522139729,199.063703265,0.7627952429523592,False,0.30493141988980854,True,44.69,False,0.9554146935895927,28.0,-0.48,0,False,▆▆▄█▆▆▃▁▄▅▅▆█▇█▆▆█▆▆,False,False,False,7,0.19832771013642359,0.3451342005598552,0.1882485535977465,0.2949144923830065,FLAT,True,92,56.0,WATCH,NONE,,GREEN,C,WATCHLIST,"CMF positive, RS leader",Finance,31.4
IKIO,204.05,201.65,205.24,198.0,False,True,True,True,False,True,0.14969262727717583,4.5825957100000005,0.1423659200730275,False,-0.07486501836048005,True,46.88,True,1.8159984505132678,41.0,0.13,5,False,▄▁▃▃▁▃▃▃▃▄▄▄▆▆▄▅█▆▇▇,False,False,False,5,-0.031791221826808935,0.3396139705882355,-0.041870378365486016,0.28939426241138677,FLAT,True,92,56.0,WATCH,NONE,DEL47% ▄▁▃▃▁▃▃▃▃▄▄▄▆▆▄▅█▆▇▇ P41 Z+0.1 5D,GREEN,C,WATCHLIST,"5D high delivery, RS leader",Producer Manufacturing,37.9
BECTORFOOD,224.4,211.0,226.99,210.3,False,True,True,True,True,False,0.5236108994817872,167.39905644,0.583610631939523,False,0.18287649922103288,True,26.54,False,0.8145226878634891,4.0,-1.89,0,False,▇▆█▁▁▁▁▂▃▂▃▂▄▃▅▄▄▃▅▃,False,False,False,7,0.32490996044163656,0.30685458039718116,0.3148308039029595,0.25663487222033243,UP,True,90,56.0,WATCH,NONE,,GREEN,C,WATCHLIST,"CMF positive, RS leader",Consumer Non-Durables,39.6
RATEGAIN,949.15,960.0,973.5,925.6,False,True,True,True,False,True,1.6164875456451164,86.336107725,1.622448719969297,True,-0.2332308646363357,True,41.69,False,0.8136142309306116,15.0,-0.79,0,True,▇█▅▅▆▆▆▇▇▄▇▇▇██▇▇█▁▅,False,False,False,7,0.004710490102677989,0.2715520128608746,-0.005368666435999092,0.22133230468402587,FLAT,True,87,56.0,WATCH,NONE,,GREEN,C,WATCHLIST,No standout factor,Technology Services,38.0
JSWINFRA,335.75,326.0,341.4,322.4,False,True,True,True,False,True,0.6337018135039182,80.132948875,0.6362313508461588,False,0.2039892643543159,True,56.66,True,1.0175274764743911,64.0,0.29,0,True,▁▄▃▄▃▆▅▃▆▆▇▇▅▆█▅▄▆▆▅,False,False,False,3,0.01727011058930472,0.21957864148201955,0.00719095405062764,0.16935893330517082,FLAT,True,81,56.0,WATCH,NONE,,GREEN,C,WATCHLIST,CMF positive,Industrial Services,34.6
GLAND,2601.0,2601.0,2619.9,2570.0,True,True,True,True,False,True,0.720059724508466,82.6361109,0.7475213001387567,False,0.06564272878254326,True,60.69,True,1.100273754056455,67.0,0.43,0,True,█▅█▃▄▆▃▃▃▁▇▅▇▃▇▆▆▆▄▆,False,False,False,8,0.049044123578285026,0.15599999999999992,0.038964967039607945,0.10578029182315118,FLAT,True,71,56.0,WATCH,NONE,,GREEN,C,WATCHLIST,CMF positive,Health Technology,33.0
CENTUM,3851.8,3741.6,3864.0,3741.6,False,True,True,True,True,True,0.7799381870818826,9.5986856,0.8247892826490749,False,0.027374329996667633,False,57.5,True,1.0951233680281114,92.0,1.16,0,True,▅▂▅▄▇▄█▇▃▁▅▅▄▅▃▃▄▃▄▆,False,False,False,3,0.05598201557188287,0.10556831228473018,0.04590285903320579,0.05534860410788145,FLAT,True,61,56.0,WATCH,NONE,,GREEN,C,WATCHLIST,"Delivery P92, CMF positive",Electronic Technology,34.1
HAVELLS,1288.0,1276.2,1293.6,1276.2,False,True,True,False,False,False,1.058731699799336,193.9551544,1.1175400762249266,True,0.31950497128993377,True,64.78,True,1.1248968960277839,79.0,0.89,0,True,█▆▆▆▁▄▆▆▇▃▆▆▆▄▇█▆██▇,False,False,False,7,0.08381016492763371,0.09449354180829372,0.07373100838895663,0.04427383363144499,UP,True,59,56.0,WATCH,NONE,,GREEN,C,WATCHLIST,CMF positive,Producer Manufacturing,37.9
NETWEB,4939.2,4790.0,4968.0,4780.0,False,True,True,True,True,True,1.1086633195766717,640.46408832,1.218168777233023,True,0.07870862832937023,True,20.9,False,0.918237335793682,64.0,0.28,0,True,▃▂▃▅▅▄▂▂▃▆▃▄▃█▁▂▃▂▃▃,False,False,False,0,0.14731707317073162,0.05748602993127361,0.13723791663205454,0.007266321754424876,UP,True,50,56.0,WATCH,NONE,,GREEN,C,WATCHLIST,CMF positive,Electronic Technology,34.1
JKIL,498.9,492.0,504.95,490.15,False,True,True,False,False,False,2.853200570454768,12.441618089999999,2.887672348447219,True,0.04214522529298305,True,34.04,False,0.5869117304757882,2.0,-2.32,0,True,▇▇█▇▅▆▇█▄▅▆▇▇▆▇▇▆▆▁▃,False,True,False,0,-0.0035949670461353778,-0.007657881650919962,-0.013674123584812459,-0.057877589827768694,UP,False,32,56.0,WATCH,NONE,,GREEN,C,WATCHLIST,CMF positive,Industrial Services,34.6
KABRAEXTRU,448.6,472.0,482.8,439.5,True,True,True,True,False,True,2.266923822758314,36.31614384,2.556571257419812,False,0.2487014499774252,False,43.48,True,1.1120915659569024,20.0,-0.88,0,False,▃▁▅█▃▃▇▇▅▅▄▅▅▅▆▄██▅▆,False,False,True,14,0.5240360115508749,1.0801261244551612,0.5139568550121978,1.0299064162783125,FLAT,True,100,55.0,WATCH,NONE,,GREEN,C,WATCHLIST,"CMF positive, RS leader",Producer Manufacturing,37.9
STALLION,256.5,269.7,273.6,251.55,True,True,True,True,False,False,0.39198996821032345,51.42196575,0.4237933753118019,False,0.3363366579299327,False,41.69,True,1.569771820167181,60.0,0.13,1,False,▄▇▅▆▇▆▁▂▄▅▄▅▆▅▄▅▅▅▅█,False,False,False,14,0.25195236235845386,0.478386167146974,0.24187320581977678,0.4281664589701253,FLAT,True,96,55.0,WATCH,NONE,DEL42% ▄▇▅▆▇▆▁▂▄▅▄▅▆▅▄▅▅▅▅█ P60 Z+0.1,GREEN,C,WATCHLIST,"CMF positive, RS leader",Distribution Services,33.3
UNIPARTS,814.6,784.9,820.0,777.05,False,True,True,True,True,True,1.2186699421728435,22.407446580000002,1.3349256515588148,True,0.22746487324093478,False,43.65,False,0.8526306536835012,19.0,-0.65,0,False,▆▅▅▅▅▆▆▆▄▆▆▅▆▄▅█▅▁▄▄,False,False,False,11,0.15554294630824872,0.3552949005906332,0.14546378976957164,0.30507519241378445,FLAT,True,93,55.0,WATCH,NONE,,GREEN,C,WATCHLIST,"CMF positive, RS leader",Producer Manufacturing,37.9
TALBROAUTO,439.35,436.4,444.0,433.0,False,True,True,True,True,True,0.743502822766209,5.291707140000001,0.7919945289357571,False,0.012802591365983097,True,51.89,True,1.0679152088907184,63.0,0.34,0,True,▂▅▃▆▁▃▄▄▄▃▅▇▃▅▅█▂▄▃▅,False,False,False,3,0.07657436902719916,0.2721876357318662,0.06649521248852208,0.22196792755501749,FLAT,True,87,55.0,WATCH,NONE,,GREEN,C,WATCHLIST,CMF positive,Producer Manufacturing,37.9
VRLLOG,281.35,285.0,288.9,280.0,True,True,True,True,False,True,0.33300389041310685,7.194147635000001,0.35343353486776263,False,0.17616937826122506,False,57.44,True,1.0139184311095029,58.0,0.17,0,True,▄▅▄▅▅█▄▆█▅▁▄▄▄▄▅▁▃▃▅,False,False,False,6,0.2168591323904676,0.2038938810440738,0.20677997585179053,0.15367417286722507,UP,True,80,55.0,WATCH,NONE,,GREEN,C,WATCHLIST,CMF positive,Transportation,31.8
LALPATHLAB,1931.6,1928.0,1947.9,1907.1,False,True,True,True,True,True,0.31252511572091524,30.607940439999997,0.332203738041951,False,0.022497389099690006,True,62.68,True,1.1147867534592537,71.0,0.49,0,True,▆▆▆▇▄▇█▇▇▃▁█▆▇▆█▇▇▇▇,False,False,False,15,0.14106805293005675,0.20169217369665282,0.13098889639137967,0.1514724655198041,FLAT,True,79,55.0,WATCH,NONE,,GREEN,C,WATCHLIST,CMF positive,Health Services,41.4
MAHLOG,402.7,410.0,418.4,400.5,True,False,True,True,False,True,1.5139786744933343,31.19853818,1.5149239215474037,False,-0.2725665480074573,False,72.94,True,1.4725090593424786,97.0,1.97,0,True,▆▅▆▅▅▁▄▃▄▃▆▅▅▇▃▇▆▆▇█,False,False,False,4,0.04003099173553726,0.17696916557065623,0.029951835196860177,0.1267494573938075,FLAT,True,75,55.0,WATCH,DISTRIBUTION,,GREEN,C,WATCHLIST,Delivery P97,Transportation,31.8
JPOLYINVST,1066.2,1070.0,1083.0,1059.4,False,True,False,True,False,False,5.2769178219593265,5.18855568,5.219413683584126,True,-0.012900511052533413,False,94.91,True,1.551070436345808,100.0,2.98,2,True,▇▄▄▁▄▃▅▅▃▄▂▅▄▄▃▆▄▃██,False,False,False,0,-0.019315673289183266,0.05189423835832674,-0.029394829827860347,0.0016745301814780067,FLAT,True,49,55.0,WATCH,SEED,DEL95% ▇▄▄▁▄▃▅▅▃▄▂▅▄▄▃▆▄▃██ P100 Z+3.0 2D,GREEN,C,WATCHLIST,"Delivery P100, 2D high delivery",Finance,31.4
MIDHANI,435.15,433.0,440.4,432.0,False,True,True,True,True,True,0.9521042181219429,22.114801664999998,0.997437353852893,False,0.09575901904682034,True,43.08,True,1.0026415928688628,71.0,0.61,0,True,▆▃▁▄▄▃▁▇▄▃▅█▇█▅▆█▅▁▅,False,False,False,0,0.04628516470305355,0.03447046237965057,0.03620600816437647,-0.015749245797198164,UP,False,43,55.0,WATCH,NONE,,GREEN,C,WATCHLIST,CMF positive,Non-Energy Minerals,41.4
FORTIS,955.15,920.0,967.7,903.35,False,True,True,True,False,True,3.5628517552396963,338.958378675,3.5859444169800265,True,-0.07263763199649849,True,44.82,False,0.7618367711175135,9.0,-1.39,0,True,▇▇▅▅▅▆▇▆▇▃█▆█▃▆▄▅▇▇▁,False,True,False,1,-0.01327479338842974,0.02875760676396144,-0.02335394992710682,-0.02146210141288729,FLAT,False,42,55.0,WATCH,NONE,,GREEN,C,WATCHLIST,No standout factor,Health Services,41.4
MTARTECH,7777.0,8122.0,8297.5,7732.0,True,True,True,True,False,True,0.5773861021911433,944.1099129,0.5949148041307928,False,0.0410156816841065,False,21.68,True,1.2187306762606107,19.0,-0.9,0,True,▄▅▆▂▄▆▅▇▃█▅▃▂▂▁▁▂▃█▆,False,False,False,4,-0.014259458774320333,0.8632900474387848,-0.024338615312997414,0.8130703392619361,FLAT,True,99,54.0,IGNORE,NONE,,GREEN,C,WATCHLIST,"CMF positive, RS leader",Electronic Technology,34.1
DPABHUSHAN,1443.4,1465.6,1465.6,1435.0,True,True,True,True,False,True,0.09036892105172514,2.2153303200000005,0.09383815672166462,False,0.1880728991294496,True,43.84,True,1.4264332660896728,42.0,-0.08,0,False,▅▇▁▅▇▁▂▆▄▆▄▅▆▇▇▆▆▆█▇,False,False,False,7,0.20918153639943027,0.5179303817436114,0.1991023798607532,0.46771067356676266,FLAT,True,96,54.0,IGNORE,NONE,,GREEN,C,WATCHLIST,"CMF positive, RS leader",Retail Trade,39.8
KAPSTON,525.9,525.0,530.0,509.0,False,True,True,True,False,True,0.47057791644347546,1.9750700399999999,0.5314851452094361,False,0.4237045530863955,True,67.98,True,1.3165616012549748,63.0,0.37,0,False,▃▅▆▅▇▆▇▇█▄▇▇▄▅▇▁▃▆▅█,False,False,False,18,0.26631350830724765,0.504075504075504,0.25623435176857057,0.4538557958986553,FLAT,True,96,54.0,IGNORE,NONE,,GREEN,C,WATCHLIST,"CMF positive, RS leader",Commercial Services,35.1
DIVGIITTS,1047.25,1017.9,1052.0,1010.1,False,True,True,True,True,True,4.6299171715885326,19.79784235,5.07037655658664,True,-0.0026995128337900885,True,42.65,False,0.9479884418759725,17.0,-0.83,0,True,▄▅▁▄▆▂▄▄▂▁▂▂▇▅▆▇▄█▅▃,False,False,False,1,0.08254083109365307,0.2904318895939868,0.07246167455497599,0.24021218141713807,FLAT,True,88,54.0,IGNORE,NONE,,GREEN,C,WATCHLIST,No standout factor,Producer Manufacturing,37.9
JGCHEM,552.8,539.0,556.0,534.55,False,True,True,True,True,True,0.8256314373648219,19.32223952,0.904514760770595,False,0.1587168207362774,True,45.28,True,1.0578450612092327,44.0,-0.02,0,False,▆█▆█▇▁▂▃▇▃▇▆▇▇▅██▃▅▆,False,False,False,12,0.21135093678097938,0.2673085740486014,0.2012717802423023,0.2170888658717527,FLAT,True,86,54.0,IGNORE,NONE,,GREEN,C,WATCHLIST,CMF positive,Process Industries,36.8
PRUDENT,3371.8,3263.0,3412.6,3247.6,False,True,True,True,True,True,0.8619573249232503,11.4455751,0.9520199829765197,False,0.09516521389027534,True,58.08,True,1.0943211365263594,57.0,0.03,0,False,█▆▅▅▅▅▇▆██▄▁▂▃▃▅▆▅▅▆,False,False,False,8,0.13026280504156618,0.2395412102051322,0.1201836485028891,0.18932150202828346,FLAT,True,83,54.0,IGNORE,NONE,,GREEN,C,WATCHLIST,CMF positive,Finance,31.4
GREENLAM,273.7,272.25,277.35,265.5,False,True,True,True,True,True,1.2405945446408497,4.78750566,1.3101160473692526,True,0.12153577661103795,True,57.12,True,1.0348388499374965,71.0,0.44,0,False,▇▆█▅▅▆▆▇▅▁▄▆▅▅▆▆▇▂▃▅,False,False,False,3,0.06146984681016088,0.1983887210473314,0.0513906902714838,0.14816901287048267,FLAT,True,79,54.0,IGNORE,NONE,,GREEN,C,WATCHLIST,CMF positive,Non-Energy Minerals,41.4
UNOMINDA,1285.0,1270.0,1292.1,1265.1,False,True,True,True,True,True,0.6281234464257041,71.655455,0.6827356483317892,False,0.1300894656508715,True,39.4,False,0.8047878750740445,10.0,-1.26,0,True,▄▆▅▅█▃▄▆▄▅▅█▂▃▄▃▁▃▆▃,False,False,False,10,0.10196381099391139,0.16637923209585193,0.0918846544552343,0.1161595239190032,FLAT,True,74,54.0,IGNORE,NONE,,GREEN,C,WATCHLIST,CMF positive,Producer Manufacturing,37.9
CRISIL,4607.0,4552.5,4617.7,4485.0,False,True,True,True,True,False,1.0365969925114793,40.3232282,1.0927489953912373,True,0.3485466535693576,True,55.69,True,1.1073882221934996,47.0,-0.18,0,False,▆▇▇▄▅▆█▂▃▁▅▆▅▄▅▇▇▇▆▆,False,False,False,8,0.1243715526919511,0.16680174247796575,0.11429239615327402,0.11658203430111702,FLAT,True,74,54.0,IGNORE,NONE,,GREEN,C,WATCHLIST,CMF positive,Technology Services,38.0
M&M,3414.0,3449.0,3449.0,3410.0,True,True,True,True,False,True,0.6063644298385437,525.2032734,0.6383467278453566,False,0.15496679840735508,True,64.93,True,1.1697939843799265,80.0,0.84,0,False,▄▄▇▄▅█▅▅▅▇▇▆█▁▅▆▇▆▇█,False,False,False,5,0.10650158812471644,0.09870305409841329,0.09642243158603936,0.04848334592156456,UP,True,61,54.0,IGNORE,NONE,,GREEN,C,WATCHLIST,CMF positive,Consumer Durables,38.4
SHRINGARMS,233.34,231.75,237.3,231.42,False,True,True,True,True,True,1.0406178489103293,11.590977828,1.0726967275017731,True,-0.17077113716245892,True,37.48,True,1.0191013527292503,58.0,0.14,0,True,▅▆▇▅▄▆█▆▃▃▂█▆▅▄▃▃▃▁▅,False,False,False,7,0.019976395506403843,0.10066037735849065,0.009897238967726762,0.05044066918164192,FLAT,True,61,54.0,IGNORE,NONE,,GREEN,C,WATCHLIST,No standout factor,Consumer Durables,38.4
VERANDA,257.95,260.85,261.0,253.8,True,True,True,True,False,True,0.5230145295528283,5.738329905,0.541282923058186,False,0.14533510384257675,True,53.99,True,1.1364999842123544,52.0,0.03,0,False,▇▇▆▅▃▆▄▅▇▅▄█▅▆▁▄▄▅▅▆,False,False,False,5,0.08405127127547796,0.09817361318063766,0.07397211473680088,0.04795390500378893,UP,True,60,54.0,IGNORE,NONE,,GREEN,C,WATCHLIST,CMF positive,Commercial Services,35.1
TIIL,2693.5,2643.7,2749.0,2625.1,False,True,True,True,True,False,2.814093165072607,6.17754225,2.9448707596459833,True,-0.1486638506920672,True,40.51,False,0.7534991862357591,7.0,-1.47,0,False,▇▄▄█▁▅▄▆▃▃▅▆█▇▆▅▇▅▅▄,False,False,False,6,0.08643917392707334,0.09243186242699553,0.07636001738839626,0.042212154250146794,UP,True,59,54.0,IGNORE,NONE,,GREEN,C,WATCHLIST,No standout factor,Producer Manufacturing,37.9
CARBORUNIV,1097.0,1079.0,1114.8,1059.1,False,True,True,True,True,True,3.854121839947354,57.1803571,3.937399256819788,True,-0.06510326218549867,True,29.42,False,0.6158612532839305,4.0,-1.78,0,True,▅▅▄█▆▆▃▃▂▄▄▃▆▅▅▅▃▆▇▁,False,False,False,0,0.005315249266862221,0.0660317768815899,-0.00476390727181486,0.015812068704741167,FLAT,True,52,54.0,IGNORE,NONE,,GREEN,C,WATCHLIST,No standout factor,Process Industries,36.8
PRECOT,813.25,870.0,870.0,802.0,True,True,True,True,False,True,1.723930537262754,0.92076165,1.7005052675582297,False,0.056619337640076636,False,62.15,False,0.8727400386168158,32.0,-0.33,0,True,▃▃▄▂▂▁▃▂▇▄▄▇▄▆█▇██▇▂,False,False,False,3,0.004074325575652793,0.013143141896100552,-0.006004830963024288,-0.03707656628074818,UP,False,38,54.0,IGNORE,NONE,,GREEN,C,WATCHLIST,CMF positive,Process Industries,36.8
SUPRIYA,923.45,891.7,928.0,891.7,False,True,True,True,True,True,1.1659739274997771,21.6124238,1.2470460132424497,True,0.02105373918941272,True,45.88,True,1.0027538575862218,42.0,-0.22,0,True,▇▁▅▁▄▆▃▅▃▄▅▄▇▄▆▇▆█▃▅,False,False,False,0,0.08056400655277329,-0.04671208836585117,0.07048485001409621,-0.0969317965426999,UP,False,20,54.0,IGNORE,NONE,,GREEN,C,WATCHLIST,CMF positive,Health Technology,33.0
YASHO,4152.7,4150.0,4225.4,4080.4,True,True,True,True,False,True,0.3974247667727084,12.992967759999999,0.4228769745527306,False,0.1811804849542492,False,51.92,True,1.2282942985568963,46.0,-0.04,0,False,▄▇▇▇█▆▇▇▆▇▅▅▅▆▃▁▁▃▃▇,False,False,False,9,0.3669640211988543,1.0034253184098803,0.3568848646601772,0.9532056102330315,FLAT,True,100,53.0,IGNORE,NONE,,GREEN,C,WATCHLIST,"CMF positive, RS leader",Consumer Non-Durables,39.6
AEGISLOG,1371.0,1423.0,1470.0,1351.1,True,True,True,True,False,True,1.0141350439603318,229.4590602,1.0409612650701394,False,0.10855966691199868,False,21.91,False,0.7532056791226924,12.0,-1.31,0,True,▄▃▂▅▂▁▄▁▁▄▅▅▄█▆▄▅▄▂▂,False,False,False,3,0.10023272610544898,0.8317856904268821,0.0901535695667719,0.7815659822500334,FLAT,True,99,53.0,IGNORE,NONE,,GREEN,C,WATCHLIST,"CMF positive, RS leader",Distribution Services,33.3
RUBICON,1558.7,1533.4,1574.0,1530.1,False,True,True,True,False,True,0.3975492894570514,15.19623391,0.4136621999253391,False,0.08674142408193458,False,29.06,False,0.6510950540525402,9.0,-1.35,0,True,▅▃▅▇▆▆▆█▁▂▆▅▅▆▅▆▅▄▅▂,False,False,False,9,0.09076277116864939,0.6052523171987643,0.08068361462997231,0.5550326090219155,FLAT,True,98,53.0,IGNORE,NONE,,GREEN,C,WATCHLIST,"CMF positive, RS leader",Health Technology,33.0
HUHTAMAKI,274.95,287.85,289.4,271.35,True,True,True,True,False,True,0.09665529983641447,8.848303425,0.09064013609975076,False,0.13074941849881633,False,59.77,True,1.4532148457919498,68.0,0.37,0,False,▇██▅▇▇▅▁▁▁▂▂▃▄▆▅▆▆▆▇,False,False,False,9,0.3022782172121441,0.6823716575904055,0.292199060673467,0.6321519494135568,FLAT,True,98,53.0,IGNORE,NONE,,GREEN,C,WATCHLIST,"CMF positive, RS leader",Process Industries,36.8
PARAS,1277.1,1316.0,1330.9,1235.3,True,True,True,True,False,True,1.2090447645694804,160.10479088999998,1.2452400781238682,False,0.059698837847509734,False,29.33,True,1.1315586419753088,47.0,-0.16,0,True,▄▅▂▄▃▂▅▁▄▃▅▇▆▅▆▆▅█▄▆,False,False,False,0,0.01915250179554695,0.5586745591017268,0.00907334525686987,0.5084548509248781,FLAT,True,97,53.0,IGNORE,NONE,,GREEN,C,WATCHLIST,"CMF positive, RS leader",Electronic Technology,34.1
VADILALIND,7207.5,7290.0,7350.0,7098.0,True,True,True,True,False,True,1.4353142465450286,19.16690475,1.4806107822901025,False,0.06758087591796606,False,62.11,True,1.3917115744423405,88.0,1.13,0,False,▆▂▁▃▇▄▇▅▃▂▅▅▅▁▂▂▅▃▃█,False,False,False,16,0.12441497659906386,0.4882304356803635,0.11433582006038678,0.4380107275035148,FLAT,True,96,53.0,IGNORE,SEED,,GREEN,C,WATCHLIST,"CMF positive, RS leader",Consumer Non-Durables,39.6
TATVA,1718.8,1720.1,1770.0,1679.0,True,True,True,True,False,True,0.2096032760881177,13.354560359999999,0.2138370185696958,False,0.3629284759909932,False,45.01,True,1.2623047367978237,58.0,0.28,0,False,█▇▇▆▇▁▁▄▃▄▆▅▅▇▆▆▇▆█▇,False,False,False,9,0.29574067093856016,0.5167666784327567,0.2856615143998831,0.46654697025590797,FLAT,True,96,53.0,IGNORE,NONE,,GREEN,C,WATCHLIST,"CMF positive, RS leader",Process Industries,36.8
GNA,527.2,529.0,544.4,518.05,True,True,True,True,False,True,0.518341145462205,25.30143512,0.5051161328989172,False,0.05871818256096268,False,43.46,True,1.1480043320918192,22.0,-0.66,0,False,▃▃▅▁▂▅▄▅▆▅▆▇█▅▅▇▅▇▇▆,False,False,False,4,0.10896087505258745,0.42274996626636097,0.09888171851391037,0.37253025808951223,FLAT,True,95,53.0,IGNORE,NONE,,GREEN,C,WATCHLIST,"CMF positive, RS leader",Producer Manufacturing,37.9
AEGISVOPAK,285.3,287.05,294.95,282.2,True,True,True,True,False,True,0.36291180772593007,23.1954606,0.3565105486626848,False,0.12751327969309412,False,35.66,True,1.0321871020030102,22.0,-0.68,0,False,▃▆▆▇▅▄█▂▃▃▇▃▅▆▇▇▇█▁▅,False,False,False,3,0.007486404407090808,0.4544249592169658,-0.0025927521315862734,0.40420525104011706,FLAT,True,95,53.0,IGNORE,NONE,,GREEN,C,WATCHLIST,"CMF positive, RS leader",Transportation,31.8
63MOONS,857.75,856.8,889.8,847.15,True,True,True,True,False,True,0.27503137028185487,40.607686275,0.27308138613419997,False,0.31223591099034764,False,36.66,True,1.0626240960013913,16.0,-0.89,0,False,▂▄▆▆▅▆▇█▇▇▆▅▇▁▁▂▄▃▄▅,False,False,False,4,0.26399941055113474,0.40396104427530877,0.25392025401245766,0.35374133609846004,FLAT,True,94,53.0,IGNORE,NONE,,GREEN,C,WATCHLIST,"CMF positive, RS leader",Technology Services,38.0
GABRIEL,1499.8,1535.9,1557.9,1484.5,True,True,True,True,False,True,0.3978773176425538,55.69567291999999,0.41900760390930225,False,0.25194938659551896,False,39.18,True,1.1714405310052025,43.0,-0.18,0,False,█▇▃▅▆▁▃▄▄▄▄▆▄▅▆▅▄▄▇▆,False,False,False,8,0.1990725935401343,0.36333060630851755,0.1889934370014572,0.3131108981316688,FLAT,True,93,53.0,IGNORE,NONE,,GREEN,C,WATCHLIST,"CMF positive, RS leader",Producer Manufacturing,37.9
DIFFNKG,441.0,453.9,453.9,432.8,True,True,True,True,False,True,1.1054357526141199,5.9106789,1.171997597090594,False,0.15126803214781415,False,43.8,False,0.9166439947261578,31.0,-0.42,0,True,▅▆▅▃▆▆▅█▄▅▅▅▇▅▅▅▅▇▁▄,False,False,False,4,0.09320773425880025,0.3414448669201522,0.08312857772012316,0.29122515874330346,FLAT,True,92,53.0,IGNORE,NONE,,GREEN,C,WATCHLIST,"CMF positive, RS leader",Producer Manufacturing,37.9
PPLPHARMA,209.55,207.0,212.24,205.51,False,True,True,True,True,True,0.5956884644322988,96.60812403000001,0.6556615543013431,False,0.1629136667043896,False,46.53,True,1.1841954571483106,87.0,0.89,0,False,▇▄▃▂▇▅▅▅▂▅▅▅▆▁▂▃▄█▅▇,False,False,False,11,0.18282908105667195,0.21274379304357893,0.17274992451799487,0.1625240848667302,UP,True,80,53.0,IGNORE,NONE,,GREEN,C,WATCHLIST,CMF positive,Health Technology,33.0
TIMETECHNO,204.88,206.25,207.25,202.25,True,True,True,True,False,False,0.9472447094372075,92.86782200799999,0.9559893330836046,False,0.20374299316980599,False,40.7,True,1.7126025667999158,78.0,0.75,1,False,▃▅▅▃▅▆▇▅▂▂▃▃▃▃▃▄▁▅▅█,True,False,False,6,0.11136425278003803,0.17268616564592754,0.10128509624136095,0.1224664574690788,FLAT,True,75,53.0,IGNORE,NONE,DEL41% ▃▅▅▃▅▆▇▅▂▂▃▃▃▃▃▄▁▅▅█ P78 Z+0.8,GREEN,C,WATCHLIST,CMF positive,Process Industries,36.8
MRPL,167.01,167.9,168.88,165.4,True,True,True,True,False,False,0.08805300658572822,36.453489813,0.08603052739257668,False,0.07365219276603246,False,37.27,True,1.6007731128530014,91.0,1.24,1,False,▄█▆▁▂▃▃▄▂▄▆▅▄▂▄▇▆▆▆▇,False,False,False,4,0.027817096436703714,0.15211092715231778,0.017737939898026633,0.10189121897546904,FLAT,True,70,53.0,IGNORE,SEED,DEL37% ▄█▆▁▂▃▃▄▂▄▆▅▄▂▄▇▆▆▆▇ P91 Z+1.2,GREEN,C,WATCHLIST,"Delivery P91, CMF positive",Energy Minerals,42.6
PIDILITIND,1668.6,1658.0,1686.4,1652.0,False,True,True,True,True,True,1.4434481921742943,290.5791813,1.504431905506776,True,0.1278388256953374,False,58.05,False,0.9562954054989046,39.0,-0.21,0,False,▆▇▅▇█▇▇▆▆▇▅▅▅▆▇▇▁▂▅▅,False,False,False,11,0.049170020120724134,0.12857625972269182,0.03909086358204705,0.07835655154584309,FLAT,True,67,53.0,IGNORE,NONE,,GREEN,C,WATCHLIST,CMF positive,Process Industries,36.8
3MINDIA,36035.0,35940.0,36270.0,35870.0,False,True,True,True,False,True,0.533882422568554,7.8015775,0.5398875508411333,False,-0.16000897509515805,False,75.45,True,1.7898657304170422,98.0,2.26,1,True,▄▃▄▃▁▄▃▂▁▂▄▄▃▄▄▂▃▄▅█,False,False,False,4,0.018801243992083716,0.09829320329167945,0.008722087453406635,0.04807349511483072,FLAT,True,60,53.0,IGNORE,SEED,DEL75% ▄▃▄▃▁▄▃▂▁▂▄▄▃▄▄▂▃▄▅█ P98 Z+2.3,GREEN,C,WATCHLIST,Delivery P98,Producer Manufacturing,37.9
KEI,5600.0,5569.0,5629.0,5542.3,False,True,True,True,True,True,0.5532556714392877,152.96232,0.5887715985151439,False,0.4357832837422458,False,55.01,True,1.2858061123122773,83.0,0.91,0,False,▆▃▅▅█▇▆▃▆▄▄▇▆▆▄▄▁▅▆▇,False,False,False,3,0.08748422176910386,0.06312292358803995,0.07740506523042678,0.012903215411191216,UP,True,52,53.0,IGNORE,NONE,,GREEN,C,WATCHLIST,CMF positive,Producer Manufacturing,37.9
SUNFLAG,389.4,392.4,392.4,377.05,False,True,True,True,True,True,1.2340527888164359,11.886785459999999,1.3236375045626967,True,0.08509441341689492,True,46.93,False,0.8788800973828362,33.0,-0.37,0,True,▂▆▅▁▃▃▄▄▃▁▆▄▄▅█▄▃▇▆▂,False,False,False,0,0.13627079077910698,0.041872909698996486,0.1261916342404299,-0.008346798477852246,UP,False,46,53.0,IGNORE,NONE,,GREEN,C,WATCHLIST,CMF positive,Non-Energy Minerals,41.4
LUMAXTECH,1722.4,1698.0,1755.0,1690.5,False,True,True,True,True,True,1.1595893320198554,28.42511168,1.2957489632329398,True,0.18643263034432914,True,49.05,True,1.0466679469944304,79.0,0.71,0,False,▇▂█▁█▃▄▂▄▂▂▅▄▆█▃▂▅▄▅,False,False,False,0,0.1551978537894032,-0.0013914656771798484,0.14511869725072613,-0.05161117385402858,UP,False,33,53.0,IGNORE,NONE,,GREEN,C,WATCHLIST,CMF positive,Producer Manufacturing,37.9
PREMIERENE,1047.2,1050.9,1063.0,1022.0,False,True,True,True,False,True,2.2353734826321525,270.10628568000004,2.2143456139274016,True,0.013178838054029557,False,17.81,False,0.44395144203205616,2.0,-1.92,0,True,▆▃▃▆█▃█▃▅▇▄▄▅▄▆▅▅▇▆▁,False,False,False,3,-0.06265664160401008,-0.013006597549481524,-0.07273579814268716,-0.06322630572633026,FLAT,False,29,53.0,IGNORE,NONE,,GREEN,C,WATCHLIST,CMF positive,Electronic Technology,34.1
PREMEXPLN,641.2,665.0,666.95,636.4,True,False,False,True,False,False,3.335525540213452,85.26831488,3.1923200555595406,False,-0.44836134850494974,True,87.62,True,1.5005480202767505,100.0,4.62,1,True,▃▂▃▅▆▆▆▁▆▃▂▄▄▇▃▃▅▅▂█,False,False,False,0,-0.06734545454545449,-0.07146477445514432,-0.07742461108413157,-0.12168448263199305,UP,False,15,53.0,IGNORE,SEED,DEL88% ▃▂▃▅▆▆▆▁▆▃▂▄▄▇▃▃▅▅▂█ P100 Z+4.6,GREEN,C,WATCHLIST,Delivery P100,Process Industries,36.8
DREDGECORP,1071.3,1098.6,1099.2,1068.2,True,False,True,True,False,True,0.5403932743825969,7.256664809999999,0.5379221583763415,False,0.17086429411402193,True,59.98,True,1.4158748893478903,98.0,2.06,0,True,▄▆▂▃▅▂▃▅▃▁▅▅▇▆▇▅▄▃▆█,False,False,False,0,0.02145308924485123,-0.07730071917660741,0.01137393270617415,-0.12752042735345614,UP,False,14,53.0,IGNORE,SEED,,GREEN,C,WATCHLIST,"Delivery P98, CMF positive",Transportation,31.8
SIGMAADV,568.8,562.55,584.0,561.1,False,True,True,True,False,True,0.4918416130151482,16.19891208,0.6017399329578431,False,0.29706664325112875,True,50.06,False,0.816486303548274,,,0,False,▂▂█▂█▄▄▂▁▃▂▂▁▁▅▂▂▂▂▂,False,False,False,13,0.8834437086092715,2.6082212636386704,0.8733645520705944,2.5580015554618214,FLAT,True,100,52.0,IGNORE,NONE,,GREEN,C,WATCHLIST,"CMF positive, RS leader",Technology Services,38.0
AEROPLANE,194.15,199.0,199.5,186.96,True,True,True,True,False,True,1.035440335234494,13.423298020000002,1.074721864449057,False,0.22107426245829756,True,0.0,False,0.0,,,0,False,,False,False,False,9,0.096211394048896,0.5403840050777531,0.08613223751021892,0.49016429690090435,FLAT,True,97,52.0,IGNORE,NONE,,GREEN,C,WATCHLIST,"CMF positive, RS leader",Process Industries,36.8
QUESS,311.05,315.0,315.25,303.6,True,True,True,True,False,True,0.2852614594582892,12.09001582,0.2722376584463271,False,0.08002443099197122,True,38.22,False,0.8885892309123035,9.0,-1.15,0,False,▆▅▃▆▅█▇▆▇▆▅▄▆▃▁▄▅▅▆▅,False,False,False,12,0.07947249696338732,0.4876369027691425,0.06939334042471024,0.4374171945922938,FLAT,True,96,52.0,IGNORE,NONE,,GREEN,C,WATCHLIST,"CMF positive, RS leader",Commercial Services,35.1
WESTLIFE,594.85,572.8,608.95,566.75,False,True,True,True,True,False,0.4739061007142333,8.860469205,0.5514036439128923,False,0.21017658448126605,True,34.65,False,0.780546044332312,18.0,-0.81,0,False,▅▆▅▄▇▇▁▂█▅▅▅▅▂▅▅▆▃▅▄,False,False,False,7,0.17188731284475955,0.3221827072682819,0.16180815630608247,0.2719629990914332,FLAT,True,91,52.0,IGNORE,NONE,,GREEN,C,WATCHLIST,"CMF positive, RS leader",Consumer Services,35.0
RKFORGE,726.55,693.0,729.0,688.35,False,True,True,True,True,True,0.6109764399511217,127.102003105,0.7202821185154928,False,0.35578898768300155,True,44.95,False,0.8705251232194905,27.0,-0.53,0,False,█▆▇▆▅▅▆▆▅▄▁▂▅▅▄▄▃▅▄▄,False,False,False,9,0.28524677162568546,0.28275070621468923,0.2751676150870084,0.2325309980378405,UP,True,88,52.0,IGNORE,NONE,,GREEN,C,WATCHLIST,CMF positive,Producer Manufacturing,37.9
ITDC,701.75,707.0,716.25,700.0,True,False,True,True,False,True,0.044544124112817746,6.3876092,0.04076093321459115,False,0.10560301663098015,True,27.93,True,1.6858306926210953,31.0,-0.46,4,False,▃▅▁▂▂▁▃▃▂▄▆▅▅▇▇▅██▆█,False,False,False,1,-0.02099609374999989,0.29140596245859407,-0.03107525028867697,0.24118625428174534,FLAT,True,88,52.0,IGNORE,NONE,DEL28% ▃▅▁▂▂▁▃▃▂▄▆▅▅▇▇▅██▆█ P31 Z-0.5 4D,GREEN,C,WATCHLIST,"4D high delivery, CMF positive",Consumer Services,35.0
RGL,123.2,121.6,127.8,120.5,False,True,True,True,False,False,1.9712645852553712,7.510247360000001,2.017368598246938,True,0.03753437705979188,False,53.64,False,0.8527415226618762,71.0,0.61,0,True,▆▄▆▆▇▇▇▅▇▇██▁▄▇▆▃▃▄▄,False,False,False,10,0.03407755581668637,0.19252734488432877,0.023998399278009286,0.14230763670748003,FLAT,True,78,52.0,IGNORE,NONE,,GREEN,C,WATCHLIST,CMF positive,Consumer Durables,38.4
CREDITACC,1523.6,1547.0,1547.9,1515.0,True,False,True,True,False,True,0.4817279430548446,34.26180264,0.4705844405125008,False,0.12623115252903777,True,57.65,True,1.1270551895368615,82.0,0.82,0,True,█▇▅▅▇▆▆█▅▆▁▃▆▅▅▅▅▆▆▇,False,False,False,5,-0.0037923368641298305,0.17607101505210343,-0.013871493402806911,0.1258513068752547,FLAT,True,75,52.0,IGNORE,NONE,,GREEN,C,WATCHLIST,CMF positive,Finance,31.4
OAL,378.5,377.55,380.1,373.15,True,True,True,True,False,True,0.4369264961250403,0.5461755,0.44193048583402944,False,0.20960604462053814,True,70.48,True,1.257527231852123,81.0,0.8,0,True,▅▃▂▃█▆▁▄▁▄▃▃▆▂▄▅▅▃▅▇,False,False,False,6,0.0966246559466899,0.15449138325453715,0.08654549940801282,0.10427167507768842,FLAT,True,71,52.0,IGNORE,NONE,,GREEN,C,WATCHLIST,CMF positive,Process Industries,36.8
ABB,7735.0,7737.0,7784.5,7671.0,False,True,True,True,True,True,0.31611121096364564,120.2599125,0.3275887404311445,False,0.09518742553052188,True,34.98,False,0.949704744451232,15.0,-1.04,0,False,█▇▅▂▂▄▅▃▁▆▇▅▃▄▂▆▁▃▄▄,False,False,False,5,0.1341642228739004,0.13683127572016462,0.12408506633522332,0.08661156754331589,UP,True,67,52.0,IGNORE,NONE,,GREEN,C,WATCHLIST,CMF positive,Producer Manufacturing,37.9
AGARWALEYE,546.25,526.95,550.0,523.05,False,True,True,True,True,True,1.2972948670526374,8.669042125,1.415911940379605,True,-0.04447282972623236,True,51.63,False,0.9956129778720533,65.0,0.23,0,True,▄▅▅▆▅▆▇▇▇▇█▇▇▆▇▅▂▁▃▅,False,False,False,9,0.13435780292804478,0.12838256558562278,0.1242786463893677,0.07816285740877404,UP,True,66,52.0,IGNORE,NONE,,GREEN,C,WATCHLIST,No standout factor,Health Services,41.4
KIRLOSENG,2161.7,2028.1,2214.0,1999.0,True,False,True,True,False,False,3.591927257494963,307.14752237,3.4103705521772865,False,-0.10185664772485255,True,47.34,True,1.0209627329192548,61.0,0.31,0,True,▅▃▁▃▅▆▆▆▅▅▆▇▆▆▅█▆█▅▆,False,True,False,0,-0.13250933022994515,0.1212136929460581,-0.14258848676862224,0.07099398476920937,FLAT,True,64,52.0,IGNORE,NONE,,GREEN,C,WATCHLIST,No standout factor,Producer Manufacturing,37.9
SHREEPUSHK,407.1,424.9,424.9,405.0,True,True,True,True,False,True,0.5535854245359773,0.90718164,0.5540006702291876,False,0.058397573800486206,True,60.26,True,1.1565552847244882,94.0,1.29,0,True,▃▃▄▄▃▃▂▇▁▄▃▅▂▅█▄▅▅▆▅,False,False,False,0,-0.04649256353202946,0.11549527332511311,-0.056571720070706544,0.06527556514826438,FLAT,True,63,52.0,IGNORE,SEED,,GREEN,C,WATCHLIST,"Delivery P94, CMF positive",Process Industries,36.8
APLAPOLLO,1970.0,1945.9,1970.0,1942.5,False,True,True,True,True,True,0.6522051114351164,79.680196,0.6814420869210126,False,0.2548643612415139,True,46.85,False,0.8751774639467983,13.0,-1.05,0,False,▆▅▆▅▇▇▅▇▄▄▅▅█▆▆▄▃▃▁▄,False,False,False,5,0.07304319407375126,0.07585604281579394,0.06296403753507418,0.025636334638945213,UP,True,55,52.0,IGNORE,NONE,,GREEN,C,WATCHLIST,CMF positive,Non-Energy Minerals,41.4
ESCORTS,3080.0,3081.0,3087.9,3042.6,True,True,True,False,False,False,0.46158074444194097,20.096076,0.4682417850554261,False,0.27336435691977584,True,55.62,True,1.0178238114409106,77.0,0.64,0,True,▅▆▆▆▅▅▆▅▅▆▅█▇▆▄▁▄▅▅▅,False,False,False,4,0.046978040655381026,0.0769983914959087,0.036898884116703945,0.02677868331905997,UP,True,55,52.0,IGNORE,NONE,,GREEN,C,WATCHLIST,CMF positive,Producer Manufacturing,37.9
RAMCOCEM,933.8,940.0,944.0,914.85,True,True,True,False,False,False,1.9915082968234605,20.612140919999998,2.014459154851981,False,-0.020741856314176937,True,36.25,False,0.6933287430188967,6.0,-1.48,0,True,▃▁▃▂▁▃▂▂▄▃▃▅▄█▃▂▄▂▂▁,False,True,False,4,-0.008810105084386066,0.07185491276400358,-0.018889261623063147,0.021635204587154844,FLAT,True,54,52.0,IGNORE,NONE,,GREEN,C,WATCHLIST,No standout factor,Non-Energy Minerals,41.4
DEEPAKNTR,1796.5,1770.9,1835.0,1762.0,False,True,True,True,True,True,4.4459063884312355,292.4698407,4.649117958400113,True,-0.30243130197793217,True,34.65,False,0.7375400432094167,8.0,-1.34,0,False,▆▄▃▂▅▆▅▅▆▄▃▇▅█▆▆▆▁▄▂,False,False,False,0,0.09276155717761547,0.06807372175980975,0.08268240063893839,0.017854013582961015,UP,True,53,52.0,IGNORE,NONE,,GREEN,C,WATCHLIST,No standout factor,Process Industries,36.8
MARICO,862.2,851.0,864.9,848.0,False,True,True,True,False,True,0.9536003625153217,158.8706964,0.953790405698565,False,0.13052285486649443,False,59.91,True,1.0056822473833964,42.0,-0.15,0,True,▇█▆▇█▇▆▅▆▄▅▅▃▆█▇▃▁▇▆,False,False,False,13,0.002499854659612888,0.038795180722891676,-0.007579301879064193,-0.011424527453957056,UP,False,45,52.0,IGNORE,NONE,,GREEN,C,WATCHLIST,CMF positive,Consumer Non-Durables,39.6
GSPCROP,594.0,597.25,599.7,589.65,True,True,True,True,False,True,0.47684225513535694,12.8115702,0.5463108293543368,False,0.3268897845870647,False,20.22,False,0.6709917204533009,26.0,-0.88,0,False,▄▁▆▅▅█▆▅▂▄▃▅▅▂▄▃▄▄▄▂,False,False,False,16,0.42805625676162995,0.3530751708428246,0.41797710022295287,0.30285546266597585,UP,True,93,51.0,IGNORE,NONE,,GREEN,C,WATCHLIST,"CMF positive, RS leader",Process Industries,36.8
DEEPINDS,638.9,631.95,658.0,631.0,False,True,True,True,False,True,0.6761653551211011,38.410284659999995,0.7568649221010539,False,0.2402881584785599,False,33.74,False,0.8589831716693398,18.0,-0.98,0,False,▆▆█▇▅▅▆▅▇▇▁▁▂▃▃▁▄▅▆▄,False,False,False,5,0.37309262841177726,0.3399748322147651,0.3630134718731002,0.28975512403791637,UP,True,92,51.0,IGNORE,NONE,,GREEN,C,WATCHLIST,"CMF positive, RS leader",Industrial Services,34.6
SANGHVIMOV,488.4,481.55,493.6,475.0,False,True,True,True,True,True,0.9638974914243433,24.9823926,1.0727033200139269,False,0.01654248155557528,True,42.21,False,0.8971783835485414,33.0,-0.29,0,False,▆▅▅▄▅▆█▇▇▆▅█▆█▁▁▄▅▆▅,False,False,False,3,0.06347305389221547,0.34157395962093107,0.05339389735353839,0.29135425144408233,FLAT,True,92,51.0,IGNORE,NONE,,GREEN,C,WATCHLIST,"CMF positive, RS leader",Finance,31.4
IOLCP,167.85,164.65,171.0,163.35,False,True,True,True,False,True,1.5354200113747942,75.91499658,1.611440936880776,True,-0.10658040438147129,False,42.74,True,1.107928402006403,56.0,0.17,0,True,▄▁▃▄▅▁▄▅▄▅▅▇▅█▇█▆▅█▆,False,False,False,2,-0.018765345492809615,0.3013645526438209,-0.028844502031486696,0.25114484446697216,FLAT,True,89,51.0,IGNORE,NONE,,GREEN,C,WATCHLIST,No standout factor,Process Industries,36.8
CAPLIPOINT,2574.1,2580.0,2597.6,2556.7,True,True,True,True,False,True,0.4486318002320301,11.43724112,0.4462153149609417,False,0.008007951146034784,True,50.85,True,1.1020806241872563,62.0,0.34,0,True,▄▃▃▅▇▅█▆▂▅▁▃█▆▅▅██▇▆,False,False,False,5,-0.0036770397894411166,0.2714744381328722,-0.013756196328118198,0.22125472995602347,FLAT,True,87,51.0,IGNORE,NONE,,GREEN,C,WATCHLIST,CMF positive,Health Technology,33.0
COFORGE,1776.0,1772.8,1809.0,1765.5,False,True,True,True,False,True,0.754852282139783,473.4723648,0.8218126817318862,False,0.2014461525773714,False,49.46,True,1.0924230544113263,61.0,0.27,0,True,▄▃▇▆▅▄▅▆▃▇█▂▁▆▅▅▅▇▅▆,False,False,False,14,0.18100811278095486,0.24912083274722185,0.17092895624227777,0.19890112457037312,FLAT,True,85,51.0,IGNORE,NONE,,GREEN,C,WATCHLIST,CMF positive,Technology Services,38.0
SAREGAMA,519.2,525.0,539.95,513.15,True,True,True,True,False,True,0.45904891447644974,24.564494240000002,0.45394245771746455,False,0.3290072139410201,False,38.24,True,1.1622747028965688,35.0,-0.38,0,True,▄▆█▅▃▄▄▅▄▄▃▆▅▅▅▇▁▂▅▆,False,False,False,10,0.08347245409015036,0.22409524932217395,0.07339329755147328,0.17387554114532522,FLAT,True,81,51.0,IGNORE,NONE,,GREEN,C,WATCHLIST,CMF positive,Consumer Services,35.0
POLYPLEX,1115.9,1115.1,1134.0,1110.0,False,True,True,True,False,True,0.5314842177943245,5.2139311600000005,0.5355894837549939,False,0.18501759554688746,False,58.41,True,1.0456030431863952,62.0,0.34,0,True,█▅▆▆▆▅▆▁▄▅▇▅▇▇▅▆▃▅▃▆,False,False,False,6,0.05218990146622038,0.2049454702515927,0.0421107449275433,0.15472576207474398,FLAT,True,80,51.0,IGNORE,NONE,,GREEN,C,WATCHLIST,CMF positive,Process Industries,36.8
AYE,169.12,167.0,172.15,164.0,False,True,True,True,False,True,0.29541879138151134,10.51114624,0.27517741811944846,False,0.13083691297172098,False,45.58,True,1.1109080052157594,90.0,1.04,0,True,▅▆▇▇▆█▁▁▄▄▆▆▄▅▄▅▆▆▅▆,False,False,False,1,-0.004590935844614452,0.16634482758620694,-0.014670092383291533,0.11612511940935821,FLAT,True,74,51.0,IGNORE,SEED,,GREEN,C,WATCHLIST,"Delivery P90, CMF positive",Finance,31.4
BAJAJFINSV,2084.5,2070.0,2103.0,2068.6,True,True,True,True,False,True,1.1724638762163788,369.92933615,1.2504369799415422,False,0.28326827083259276,False,58.53,True,1.0041431843331017,60.0,0.27,0,True,▆▇▄█▄█▆▇▅▇▄▅▇▄▁▅█▇█▆,False,False,False,13,0.10000000000000009,0.15760537568723265,0.08992084346132301,0.10738566751038392,FLAT,True,72,51.0,IGNORE,NONE,,GREEN,C,WATCHLIST,CMF positive,Finance,31.4
IGPL,492.9,505.0,511.3,488.25,True,True,True,True,False,True,1.2291118798988945,3.79656225,1.2521347505465885,False,0.09819016010742047,False,64.52,True,1.1307990255358675,63.0,0.38,0,True,▃▄▅▆▅▄▆▆▃▆▄▆▄▆█▆▂▆▁▆,False,False,False,6,0.14057618882332523,0.15949188426252636,0.13049703228464815,0.10927217608567763,UP,True,72,51.0,IGNORE,NONE,,GREEN,C,WATCHLIST,CMF positive,Process Industries,36.8
MINDACORP,721.65,716.0,729.9,700.7,False,True,True,True,False,True,0.9237102802130465,16.467259185,0.9554865558188872,False,0.03692290942114784,True,49.22,True,1.0113421550094517,63.0,0.33,0,True,▃▆▇█▅▇▇▄▇▇▃▁▇▆▁▃▄▆▃▅,False,False,False,8,0.03255115180998702,0.15574951953875726,0.02247199527130994,0.10552981136190853,FLAT,True,71,51.0,IGNORE,NONE,,GREEN,C,WATCHLIST,CMF positive,Producer Manufacturing,37.9
MANORAMA,1636.2,1640.0,1706.9,1622.2,False,True,True,True,False,True,4.032375897246391,73.64847078000001,4.090586545742018,True,-0.2025816791354677,False,50.01,False,0.9087440034888791,41.0,-0.24,0,True,▅█▃▄▁▆▄▅▂▃▄▅▅▅▆▂▄▆▁▂,False,False,False,6,0.02045652987401758,0.1470835670218733,0.0103773733353405,0.09686385884502458,FLAT,True,69,51.0,IGNORE,NONE,,GREEN,C,WATCHLIST,No standout factor,Consumer Non-Durables,39.6
MOTHERSON,154.0,155.3,157.99,151.61,True,True,True,True,False,True,2.559255336384711,602.1970262,2.6822226641501463,False,0.07671528541598599,False,26.3,False,0.5292975235718527,1.0,-2.6,0,False,▆▇▇▆▇█▅▄▄▄▆▅▆▆▆█▇▅▃▁,False,False,False,4,0.07843137254901955,0.1338536298041526,0.06835221601034247,0.08363392162730388,FLAT,True,67,51.0,IGNORE,NONE,,GREEN,C,WATCHLIST,CMF positive,Producer Manufacturing,37.9
HOMEFIRST,1193.8,1190.0,1196.2,1182.7,False,True,True,True,False,True,0.9029513638947138,20.852582119999997,0.8881164940309488,False,0.006360059550483873,True,74.74,True,1.3945330721149358,95.0,1.6,0,False,▁▃▅▃▃▆▇▅▅▄▄▁▄▅▆▄▆▅▅█,False,False,False,4,-0.023636214934162125,0.12072850168982341,-0.033715371472839206,0.07050879351297468,FLAT,True,64,51.0,IGNORE,SEED,,GREEN,C,WATCHLIST,"Delivery P95, CMF positive",Finance,31.4
TORNTPHARM,4967.5,5020.0,5030.0,4937.5,True,True,True,True,False,True,0.7595338733621034,344.5110275,0.7592080843015527,False,0.16334087939421646,False,67.27,True,1.1455379873474842,86.0,1.03,0,True,▅▆▅▆▂▂▁▂▃▂▂▄▅▅▂▄▇▅█▆,False,False,False,12,0.014148054387326026,0.11576559376474016,0.004068897848648945,0.06554588558789143,FLAT,True,63,51.0,IGNORE,SEED,,GREEN,C,WATCHLIST,CMF positive,Health Technology,33.0
GANDHITUBE,889.7,890.0,898.9,885.5,True,True,True,True,False,True,0.4740068187875056,0.22945363000000002,0.4783809578653018,False,0.02640682647937289,True,86.2,True,1.2149400986610288,100.0,2.13,0,True,▃▂▃▆▂▅▃▄▅▄▃▆▇▄▄▃▄▁▅█,False,False,False,0,0.04040226860784668,0.07283250934523111,0.0303231120691696,0.02261280116838238,UP,True,54,51.0,IGNORE,SEED,,GREEN,C,WATCHLIST,"Delivery P100, CMF positive",Non-Energy Minerals,41.4
BPCL,325.0,326.5,327.0,322.7,True,True,True,True,False,False,0.5224442431521145,114.4489775,0.5398157747331332,False,0.16942047392386395,False,56.43,True,1.0792254362897442,64.0,0.37,0,True,▅▆█▁▇▅▇▂▄▄▆▇███▅▅▄█▇,False,False,False,11,0.05451005840363399,0.06697307944845687,0.044430901864956907,0.016753371271608142,UP,True,53,51.0,IGNORE,NONE,,GREEN,C,WATCHLIST,CMF positive,Energy Minerals,42.6
BAJAJHLDNG,11416.0,11496.0,11583.0,11400.0,True,True,True,True,False,False,0.8341013217600626,54.1928936,0.8865231690026468,False,0.15560013657879798,False,52.96,True,1.0073516125043986,66.0,0.23,0,True,▁▁▇▇▆█▇▄▄▃▆▆▆▅▂▁▄▄▆▅,False,False,False,6,0.07891503638597497,0.06641756188696868,0.06883587984729789,0.016197853710119947,UP,True,53,51.0,IGNORE,NONE,,GREEN,C,WATCHLIST,CMF positive,Finance,31.4
ASIANPAINT,2755.0,2788.0,2788.0,2741.6,True,True,True,True,False,True,0.695927635381224,197.949505,0.7052328101408447,False,0.06175823090194029,True,62.51,True,1.144578313253012,75.0,0.72,0,False,████▅▇█▆▅▇▃▅▁▄▅▇▅▆▇▇,False,False,False,6,0.030368763557483636,0.04080090668681535,0.020289607018806555,-0.00941880149003338,UP,False,46,51.0,IGNORE,NONE,,GREEN,C,WATCHLIST,CMF positive,Process Industries,36.8
ENGINERSIN,240.6,239.8,242.5,238.37,True,True,True,True,False,True,0.7193942638729742,29.8558134,0.7425330425201824,False,0.11951284767448714,True,46.94,True,1.0740804301813396,74.0,0.66,0,True,▆▆▆▂▆▁▅▂▂▃▆▃▄▅█▅▇▁▅▆,False,False,False,0,0.0040060090135203286,0.03841173931808384,-0.006073147525156752,-0.011807968858764895,UP,False,45,51.0,IGNORE,NONE,,GREEN,C,WATCHLIST,CMF positive,Industrial Services,34.6
VINDHYATEL,2241.7,2310.0,2310.0,2211.0,True,True,True,True,False,True,0.6812249473610186,11.07489468,0.688269858720921,False,0.26283998418340265,True,57.6,True,1.2847392603827454,66.0,0.46,0,True,▃█▄▄▄▅▃▄▄▃▄▄▅▄▅▁▃▃▅▆,False,False,False,2,0.12841034934058193,0.014114453743496957,0.11833119280190485,-0.036105254433351774,UP,False,38,51.0,IGNORE,NONE,,GREEN,C,WATCHLIST,CMF positive,Industrial Services,34.6
TATAINVEST,693.65,672.3,713.45,669.1,False,True,True,True,True,False,16.320900653336448,254.643146265,16.913351628370094,True,-0.019633493228320073,True,15.6,False,0.3376477208778841,10.0,-1.48,0,True,▇█▅▆▇▆▇▇▇▆▆▇▃▆▇▇▆▅█▁,False,False,False,1,-0.00014414414414420929,0.005071361298268462,-0.01022330068282129,-0.04514834687858027,UP,False,35,51.0,IGNORE,NONE,,GREEN,C,WATCHLIST,No standout factor,Finance,31.4
SOLARINDS,18535.0,18440.0,18830.0,18353.0,False,True,True,True,False,True,0.5599809870351248,113.9846895,0.5664031357851717,False,0.20527672167370833,True,36.28,True,1.0268893291819985,33.0,-0.5,0,False,▁▅▃▅▂▄▁▅▄▁▃▇▇█▆▅▅▆▄▄,False,False,False,4,0.06645569620253156,0.0030304670166134695,0.056376539663854475,-0.04718924116023526,UP,False,35,51.0,IGNORE,NONE,,GREEN,C,WATCHLIST,CMF positive,Process Industries,36.8
CUMMINSIND,5403.5,5175.0,5455.0,5175.0,True,False,False,True,False,True,5.21310246118263,1094.65237735,5.101438673899856,False,0.07186273151056095,True,42.55,False,0.7652740058632038,4.0,-1.75,0,False,▆▆▅▄▆▆▂▅▆▄█▅▄▃▅▃▂▁▂▁,False,True,False,0,-0.02507893549842133,-0.0027682938082495,-0.03515809203709841,-0.05298800198509823,UP,False,33,51.0,IGNORE,NONE,,GREEN,C,WATCHLIST,CMF positive,Producer Manufacturing,37.9
WOCKPHARMA,2021.0,1966.1,2028.0,1966.1,False,True,True,True,False,True,0.8561644802225886,110.3474084,0.9021350432555043,False,0.2598738772614472,True,47.45,True,1.1244875228096785,84.0,0.98,0,True,▂▂▃▂▁▄▄█▃▃▃▄▂▃▆▆▃▅▃▅,False,False,False,0,0.11614292814933447,-0.005119621935610996,0.10606377161065739,-0.05533933011245973,UP,False,32,51.0,IGNORE,NONE,,GREEN,C,WATCHLIST,CMF positive,Health Technology,33.0
SANDHAR,666.65,655.0,670.3,655.0,False,True,True,True,False,True,0.786512186771845,13.822121104999999,0.840517608990359,False,0.13641909656961454,True,55.82,True,1.2076239101745885,90.0,0.93,0,False,▄▇▃▄▅▃▃▂▆▆▇▇█▄▁▄▆▅▅█,False,False,False,0,-0.008698884758364334,-0.012004446091144927,-0.018778041297041415,-0.06222415426799366,UP,False,30,51.0,IGNORE,SEED,,GREEN,C,WATCHLIST,"Delivery P90, CMF positive",Consumer Durables,38.4
PRECWIRE,413.8,417.7,417.7,401.1,True,True,True,True,False,True,1.4960477845834848,16.2029597,1.5953253171555026,False,0.05216910050980547,True,36.48,False,0.8223717580225204,44.0,-0.11,0,True,▄▆▄██▄█▁▂▅▅▆▇▅▄▅▅▂▂▃,False,False,False,0,0.07257646448937272,-0.015582252884500991,0.062497307950695635,-0.06580196106134972,UP,False,28,51.0,IGNORE,NONE,,GREEN,C,WATCHLIST,CMF positive,Producer Manufacturing,37.9
ANDHRSUGAR,87.98,87.34,89.7,86.25,False,True,True,True,True,False,2.599443045634332,5.646494814,2.6867973245133836,True,-0.06716336700350137,True,33.48,False,0.6923363249100459,8.0,-1.46,0,True,▄▅▄█▅▅▆█▁▅▆▇▆▅▇▇▅█▇▂,False,False,False,0,0.03299283785370433,-0.016213798501621413,0.022913681315027246,-0.06643350667847014,UP,False,28,51.0,IGNORE,NONE,,GREEN,C,WATCHLIST,No standout factor,Process Industries,36.8
PNGSREVA,515.0,496.0,518.95,492.6,False,True,True,True,True,True,0.4090791108638794,13.043405,0.4406907805189739,False,0.36411340103745804,True,30.0,False,0.699023696903325,12.0,-1.24,0,False,▆▆▇▅▆▅▅▅█▅▅▅▂▃▅▇▁▂▄▃,False,False,False,2,0.21807000946073796,0.35472839668551903,0.20799085292206088,0.3045086885086703,FLAT,True,93,50.0,IGNORE,NONE,,GREEN,C,WATCHLIST,"CMF positive, RS leader",Consumer Durables,38.4
SHRIPISTON,4392.8,4300.0,4469.8,4296.1,False,True,True,True,False,True,0.9754395962578735,24.813170080000003,0.9914561589617231,False,0.24105726161502325,True,54.99,True,1.0528230361279702,79.0,0.69,0,True,▃▂▁▃▃█▁▅▂▄▃▂▂▂▂▄▃▁▃▃,False,False,False,2,0.04850105021959128,0.295429076968446,0.0384218936809142,0.24520936879159727,FLAT,True,89,50.0,IGNORE,NONE,,GREEN,C,WATCHLIST,CMF positive,Producer Manufacturing,37.9
TVSMOTOR,4399.3,4410.0,4436.9,4370.4,True,True,True,True,False,True,0.7712298300745599,485.4803522,0.8466728832431287,False,0.4042261132659301,True,57.03,False,0.9955746419125926,52.0,0.0,0,True,▄▇▆█▇▅▁▂▆▇▅▇▆▇█▆▇▆▇▆,False,False,False,13,0.21323184688784091,0.2733508929346724,0.20315269034916383,0.22313118475782368,FLAT,True,87,50.0,IGNORE,NONE,,GREEN,C,WATCHLIST,CMF positive,Consumer Durables,38.4
RADICO,4499.0,4477.6,4499.0,4431.7,False,True,True,True,False,True,0.6285713685130999,134.5331471,0.6615230229424188,False,0.06865330051679788,True,56.21,True,1.1018435934881259,58.0,0.25,0,False,▆▅▅▄▆▆▇▄▅▇▇▁▄▄▇▇█▆▇▇,False,False,False,18,0.10440140412892451,0.27863354743363833,0.09432224759024743,0.2284138392567896,FLAT,True,87,50.0,IGNORE,NONE,,GREEN,C,WATCHLIST,CMF positive,Consumer Non-Durables,39.6
NAZARA,352.35,352.85,356.65,344.5,True,True,True,True,False,True,0.6319215335810552,77.688700155,0.6794909784737789,False,0.28172579198302256,True,49.15,True,1.1287951862569472,73.0,0.53,0,False,▆█▇▄▇▇▇█▄▄▅▁▅▇▃▅▄▆▄▆,False,False,False,13,0.15790338481761412,0.2685868586858686,0.14782422827893704,0.2183671505090199,FLAT,True,87,50.0,IGNORE,NONE,,GREEN,C,WATCHLIST,CMF positive,Technology Services,38.0
POKARNA,986.6,969.0,1020.0,967.0,False,True,True,True,False,True,3.0128011358657285,15.094190720000002,3.0681202166250867,True,-0.21164413859099654,True,45.16,False,0.9196713132197659,56.0,0.18,0,True,▄▃▂▂▂▁▃▄▃▃▃▆▆▂▄█▆▄▇▃,False,False,False,0,-0.05371187416075185,0.23217184963157234,-0.06379103069942893,0.1819521414547236,FLAT,True,83,50.0,IGNORE,NONE,,GREEN,C,WATCHLIST,No standout factor,Producer Manufacturing,37.9
STYLEBAAZA,370.05,387.65,392.45,342.2,True,False,True,True,False,True,0.6886678498092361,32.826728445,0.65892722827133,False,0.1039892512093578,True,45.45,False,0.9118998414959572,42.0,-0.09,0,True,▆▁▂▇▄▆▆▇▇▄▇█▇▇▄▇▂▇▆▄,False,False,False,13,0.24700926705981474,0.2134776192818495,0.23693011052113766,0.16325791110500076,UP,True,80,50.0,IGNORE,NONE,,GREEN,C,WATCHLIST,CMF positive,Retail Trade,39.8
BASF,4091.0,4008.0,4150.0,4008.0,True,True,True,True,False,True,0.8763419976086574,27.180604,0.9101431603495643,False,0.06925838524932058,True,30.24,False,0.6312757029831116,4.0,-2.0,0,True,▇▄▇▆▅▆▃▅▅▄▆▅▆▆█▆▁▂▃▂,False,False,False,4,0.15441051978102593,0.20334147130629177,0.14433136324234885,0.15312176312944303,FLAT,True,79,50.0,IGNORE,NONE,,GREEN,C,WATCHLIST,CMF positive,Process Industries,36.8
WELSPUNLIV,164.09,159.25,169.7,159.25,False,True,True,True,False,True,3.937444003041726,96.87627465,3.931219050990061,True,-0.06254178534713517,True,19.8,False,0.44329019836116956,6.0,-1.79,0,True,▃▅▂▅▄▅▅▆█▄▄▇▆▆▇█▄▃▄▁,False,False,False,1,-0.012517301558644611,0.18931651808364136,-0.022596458097321692,0.13909680990679263,FLAT,True,77,50.0,IGNORE,NONE,,GREEN,C,WATCHLIST,No standout factor,Consumer Non-Durables,39.6
SGMART,716.35,720.9,725.0,710.0,True,True,True,True,False,True,0.13443610194882222,7.387072835000001,0.14286311011670363,False,0.11804213475620733,True,45.62,True,1.0702388213766245,12.0,-1.03,0,False,▇▂▅▇▅▁▃▄█▅▆▇▆▃▆▇▇▇█▆,False,False,False,8,0.08793378388639983,0.18679589131875418,0.07785462734772275,0.13657618314190545,FLAT,True,77,50.0,IGNORE,NONE,,GREEN,C,WATCHLIST,CMF positive,Utilities,35.4
SHOPERSTOP,420.05,418.0,430.4,415.0,False,True,True,True,True,False,0.21857507251562838,3.1097141600000002,0.2460058173065834,False,0.14503899200569859,True,31.12,False,0.6740307559021009,10.0,-1.27,0,True,▁▄▃▂▃█▆▄▃▂▆▇█▇▆▅▄▅▅▂,False,False,False,9,0.15003422313483927,0.18474122126639392,0.1399550665961622,0.13452151308954519,UP,True,76,50.0,IGNORE,NONE,,GREEN,C,WATCHLIST,CMF positive,Retail Trade,39.8
GLAXO,2599.7,2570.0,2624.9,2556.5,False,True,True,True,False,True,0.4814256015237707,9.087511319999999,0.4901027741411137,False,0.24069448221262352,True,59.73,True,1.073903936569009,56.0,0.12,0,False,▅▁▄█▄▆▅▄▄▄▅▇▃▅▄▄▃▅▅▅,False,False,False,13,0.06623738823722425,0.1762283956203059,0.05615823169854717,0.12600868744345717,FLAT,True,75,50.0,IGNORE,NONE,,GREEN,C,WATCHLIST,CMF positive,Health Technology,33.0
ETHOSLTD,2782.1,2824.5,2848.0,2725.8,True,True,True,True,False,True,0.34682483726573643,16.47754367,0.3462476801268469,False,0.17914128853166877,True,40.79,True,1.025647472969575,19.0,-0.8,0,False,▆▆▆▅▇▄▆▅▆▅▇███▇▁▂▃▅▆,False,False,False,4,0.1229465186680121,0.16821331093848402,0.11286736212933501,0.11799360276163529,FLAT,True,74,50.0,IGNORE,NONE,,GREEN,C,WATCHLIST,CMF positive,Retail Trade,39.8
FMGOETZE,492.25,487.05,500.5,473.05,False,True,True,True,True,True,1.226799998086762,3.78766685,1.2570111399740087,True,-0.014292072511428224,True,64.69,True,1.0468992749870534,89.0,1.12,0,True,▅▆▁▅▃▆█▄▅▆▆▅▆█▂█▆▄▆▆,False,False,False,10,0.08556621457713098,0.1725821819914244,0.0754870580384539,0.12236247381457566,FLAT,True,74,50.0,IGNORE,NONE,,GREEN,C,WATCHLIST,No standout factor,Producer Manufacturing,37.9
EMUDHRA,538.85,540.0,546.9,532.0,True,True,True,True,False,False,0.3596516848444846,9.95956455,0.41657699866022224,False,0.07631477468172161,True,55.02,True,1.1305285868392665,72.0,0.32,0,False,▄▄▄▆▆██▅▆█▆▆▇▁▄█▅▆▅▆,False,False,False,5,0.1823368074602305,0.14881142735316066,0.17225765092155343,0.09859171917631193,UP,True,70,50.0,IGNORE,NONE,,GREEN,C,WATCHLIST,CMF positive,Technology Services,38.0
MANAPPURAM,366.75,364.55,368.5,358.5,False,True,True,True,False,True,0.4660487611131592,94.916256975,0.47947927204740165,False,0.06901253819462681,True,43.62,True,1.088690052787241,59.0,0.33,0,False,▅▂▁█▄▆▂▄▄▅▆▁▅▄▆█▅▇▂▅,False,False,False,10,0.07456782888953994,0.1270743700061463,0.06448867235086286,0.07685466182929757,FLAT,True,66,50.0,IGNORE,NONE,,GREEN,C,WATCHLIST,CMF positive,Finance,31.4
TECHM,1635.0,1655.0,1670.0,1631.0,True,True,True,True,False,True,1.2023935935774943,559.340694,1.2407995452059462,False,0.010803820449083406,False,64.27,True,1.2807636356389869,87.0,1.13,0,True,▁▄▃▃▁▂▃▃▆▁▃▅▃▆▅█▅█▇▆,False,False,False,14,0.14632265301829905,0.12086104065263581,0.13624349647962197,0.07064133247578708,UP,True,64,50.0,IGNORE,SEED,,GREEN,C,WATCHLIST,CMF positive,Technology Services,38.0
INDUSINDBK,1022.0,1010.3,1024.9,1004.4,False,True,True,True,False,True,0.8364611506754841,176.5103354,0.834155919843512,False,0.15584591494986402,True,57.06,True,1.238711358110455,82.0,0.92,0,False,▃▃▄▃▆▄▄▅▂▁▅▄▅▂█▄▄▅▄▆,False,False,False,7,0.0061035636936406235,0.11773390933449979,-0.0039755928450364575,0.06751420115765105,FLAT,True,63,50.0,IGNORE,NONE,,GREEN,C,WATCHLIST,CMF positive,Finance,31.4
PNBHOUSING,1143.0,1150.0,1151.8,1119.5,True,True,True,True,False,True,1.406747009414548,168.7876101,1.4639266996760318,False,0.18932146512715034,True,54.77,True,1.1656167532135866,75.0,0.67,0,False,▄▄▅▇▆▆▅█▆▄▆▇▇▆▅▅▄▁▂▇,False,False,False,4,0.029173419773095732,0.10917030567685582,0.01909426323441865,0.058950597500007085,FLAT,True,62,50.0,IGNORE,NONE,,GREEN,C,WATCHLIST,CMF positive,Finance,31.4
ARIS,132.42,131.95,134.75,130.5,False,True,True,True,True,False,0.9777924156309223,18.500874911999997,1.049087850244183,False,-0.11458516088125158,True,64.89,True,1.5165466953351407,96.0,1.62,1,False,▇▇▆▁▅▃▄▅▄▅▄▅▄▆▇▅▆▆▃█,False,False,False,1,0.21119546327631933,0.10571142284569124,0.20111630673764225,0.05549171466884251,UP,True,62,50.0,IGNORE,NONE,DEL65% ▇▇▆▁▅▃▄▅▄▅▄▅▄▆▇▅▆▆▃█ P96 Z+1.6,GREEN,C,WATCHLIST,Delivery P96,Technology Services,38.0
AYMSYNTEX,247.95,255.25,261.95,241.4,True,True,True,True,False,True,0.6859100402078954,0.75163563,0.6983685835994663,False,0.09590619729828957,True,57.37,True,1.0172797474975839,56.0,0.11,0,True,█▁▄▄▅▅█▄▇▇▅▆▆▆▆▄▇█▆▆,False,False,False,0,0.0869755819560738,0.09965407131452908,0.07689642541739672,0.04943436313768035,UP,True,61,50.0,IGNORE,NONE,,GREEN,C,WATCHLIST,CMF positive,Process Industries,36.8
JIOFIN,256.4,247.5,257.06,247.0,False,True,True,False,True,False,2.070507702617532,1097.0887557199999,2.208827857828839,True,-0.09841070051884304,True,46.48,True,1.0930169666897904,46.0,-0.12,0,False,▄█▆▇▁▆▅▇▆▅▆▇▅▄▆▄▅▄▄▆,False,False,False,2,0.07123459369124707,0.09259811650402683,0.06115543715256999,0.042378408327178096,UP,True,59,50.0,IGNORE,NONE,,GREEN,C,WATCHLIST,No standout factor,Finance,31.4
RECLTD,367.0,361.95,368.7,361.5,False,True,True,True,False,True,0.9154200586917578,148.999064,0.9268170524222732,False,0.17183308701208388,True,56.33,True,1.0194091299823551,69.0,0.5,0,False,▄▅█▇▆▇▄▇▆▄▅▁▃▆▆▆█▃▄▆,False,False,False,5,0.04276175593124032,0.08692432992743981,0.03268259939256324,0.03670462175059108,FLAT,True,57,50.0,IGNORE,NONE,,GREEN,C,WATCHLIST,CMF positive,Finance,31.4
SIRCA,449.9,452.0,454.8,445.0,True,True,True,True,False,False,1.3427759715862055,20.3998157,1.4669382082437576,False,0.2725390886527052,True,32.45,False,0.7788872353703615,52.0,0.01,0,True,▃▂▇▆▅█▇█▅▅▇▅▂▂▄▆▂▂▁▂,False,False,False,5,0.14289343325288972,0.07708881972707693,0.13281427671421264,0.026869111550228197,UP,True,55,50.0,IGNORE,NONE,,GREEN,C,WATCHLIST,CMF positive,Process Industries,36.8
CARTRADE,2793.0,2760.0,2808.0,2738.0,False,True,True,True,False,True,0.24933833678354717,61.1937921,0.24275760265731128,False,-0.006401111673125819,False,38.05,True,1.1439480488244842,38.0,-0.22,0,True,▇▂▇▄▇▄▃▄█▅▁▁▁▃▆▇▅▆█▇,False,False,False,4,-0.006014448912772696,0.609612724757953,-0.016093605451449777,0.5593930165811043,FLAT,True,98,49.0,IGNORE,NONE,,GREEN,C,WATCHLIST,RS leader,Technology Services,38.0
SPECTRUM,2440.7,2567.6,2576.6,2410.0,True,True,True,True,False,True,0.24496838889438918,3.59319854,0.2602804336475219,False,0.2877652735702752,False,54.96,True,1.3918152350081037,56.0,0.17,0,False,▄▆██▇▇▄▃▁▃▇▁▅▄▅▃▅▆▆█,False,False,False,10,0.2701394671107411,0.6909380629070248,0.260060310572064,0.640718354730176,FLAT,True,98,49.0,IGNORE,NONE,,GREEN,C,WATCHLIST,"CMF positive, RS leader",Electronic Technology,34.1
AVADHSUGAR,601.05,607.0,611.0,596.0,True,True,True,True,False,True,0.20108591308577775,3.7865548949999996,0.19992548434583787,False,0.15008757831592642,False,37.4,False,0.8890896340231306,17.0,-0.95,0,True,▅▄▄▄▅▅▅▃▅▅▅▅█▆▇▂▁▂▄▄,False,False,False,11,0.14387667713388508,0.350370703212761,0.133797520595208,0.30015099503591225,FLAT,True,92,49.0,IGNORE,NONE,,GREEN,C,WATCHLIST,"CMF positive, RS leader",Process Industries,36.8
DIVISLAB,8282.5,8408.0,8448.0,8268.5,True,True,True,True,False,True,0.5310794014783198,263.90446925,0.5708905055682615,False,0.3997908651036064,False,57.17,True,1.0508321921899844,53.0,0.1,0,False,▇▃▄█▇▆▅▆▇▇▆▆▇▆▆▁▆▇█▇,False,False,False,16,0.21569059151621905,0.22649192951280916,0.20561143497754197,0.17627222133596043,UP,True,82,49.0,IGNORE,NONE,,GREEN,C,WATCHLIST,CMF positive,Health Technology,33.0
ATULAUTO,576.9,580.0,592.0,566.65,True,True,True,True,False,True,0.865110215525609,17.17379379,0.921686242779207,False,0.14900240111648505,False,38.14,False,0.903095956905227,55.0,0.16,0,True,█▄▄▆▇▃▇▄▄▃▆▅▇▁▂▁▁▁▃▃,False,False,False,7,0.17435114503816784,0.1997504419257563,0.16427198849949076,0.14953073374890757,UP,True,79,49.0,IGNORE,NONE,,GREEN,C,WATCHLIST,CMF positive,Consumer Durables,38.4
HEG,674.0,684.0,689.9,670.05,True,True,True,True,False,True,0.18510795417272718,40.2530998,0.20011735959498136,False,0.08617972822569049,False,39.78,True,1.0833185822633133,71.0,0.56,0,False,▅▆▇▅▇▆▆█▁▁▆▅▅▅▆▅▆▄▅▆,False,False,False,9,0.2365837996514082,0.18902707947428765,0.2265046431127311,0.13880737129743892,UP,True,77,49.0,IGNORE,NONE,,GREEN,C,WATCHLIST,CMF positive,Electronic Technology,34.1
BHARATFORG,2210.0,2197.1,2222.4,2176.1,False,True,True,True,False,True,1.172430204898732,194.081758,1.1943988706215667,True,0.11221259423912053,False,50.72,True,1.0182387601256737,58.0,0.26,0,False,▄▂█▅▂▁▆▅▅▄▆▆▆▂▆▄█▄▅▅,False,False,False,11,0.037266497700178425,0.13999793665531834,0.027187341161501344,0.08977822847846961,FLAT,True,68,49.0,IGNORE,NONE,,GREEN,C,WATCHLIST,CMF positive,Producer Manufacturing,37.9
MANGLMCEM,938.15,941.4,944.95,930.65,True,False,True,True,False,True,0.7292390590340915,3.23380305,0.7012768507577949,False,0.054274755173724265,False,89.75,True,1.3583255138178407,99.0,2.36,0,True,▃▂▃▁▄█▆▇▇▂▁▄▃▃▂▅▅▁▇█,False,False,False,11,-0.02737027629464517,0.1335790236829386,-0.03744943283332225,0.08335931550608988,FLAT,True,67,49.0,IGNORE,SEED,,GREEN,C,WATCHLIST,"Delivery P99, CMF positive",Non-Energy Minerals,41.4
IRMENERGY,294.25,305.85,315.0,288.8,False,True,True,True,True,False,14.786783295835956,37.3536251,15.857276384678853,True,-0.1605215940620051,False,26.08,False,0.5401375196752547,25.0,-0.75,0,True,▄▆▄▅▄▄▄▇▂▅▃▆▄▃█▇▆█▆▁,False,False,False,2,0.11669829222011385,0.11142587346553356,0.10661913568143677,0.06120616528868483,UP,True,62,49.0,IGNORE,NONE,,GREEN,C,WATCHLIST,No standout factor,Energy Minerals,42.6
360ONE,1168.1,1185.6,1192.8,1151.0,True,True,True,True,False,True,1.2239059835348685,199.44793536,1.2706126946721155,False,0.11066173666202578,False,59.28,True,1.101019669025464,69.0,0.52,0,False,█▆▂▄▂▄▆▆▁▁▆▄▆▅▆▂▃▄▅▆,False,False,False,5,0.03463241806908757,0.05758261656858288,0.024553261530410486,0.0073629083917341465,UP,True,50,49.0,IGNORE,NONE,,GREEN,C,WATCHLIST,CMF positive,Finance,31.4
VIYASH,277.0,272.9,281.0,271.3,False,True,True,True,False,True,1.499798180086707,57.189974,1.5631536871091478,True,0.034762368874607916,True,53.21,False,0.9574448942869995,52.0,0.16,0,True,▆▄▅▅▃▁▃▄▃▅▄█▃▇▅▂▆▆▅▄,False,False,False,0,-0.0028797696184306165,0.05749408261433908,-0.012958926157107697,0.00727437443749035,FLAT,True,50,49.0,IGNORE,NONE,,GREEN,C,WATCHLIST,CMF positive,Health Technology,33.0
ORIENTELEC,189.18,181.7,191.0,179.66,False,True,True,True,True,True,2.155611057101202,68.620901958,2.339864382009318,True,-0.5244630089531267,True,24.68,False,0.518672635184835,7.0,-1.58,0,False,▆▅▆▇▆▆▆▂▁▄▄█▅▆▆▆▆▅▇▃,False,False,False,0,0.060128887643597695,0.003926979409891729,0.050049731104920614,-0.046292728766957,UP,False,35,49.0,IGNORE,NONE,,GREEN,C,WATCHLIST,No standout factor,Consumer Durables,38.4
RPTECH,894.65,860.05,906.35,860.05,False,True,True,True,False,True,0.815838089628012,46.397264719999995,0.8848389283543218,False,-0.06536557097328279,True,41.14,False,0.9256800846027496,17.0,-0.75,0,True,▇▄▅▅█▇▇▇▇▅█▃▇▁▆▆▅▁▅▅,False,False,False,7,0.14251963476150942,0.6473025225556988,0.13244047822283234,0.59708281437885,FLAT,True,98,48.0,IGNORE,NONE,,GREEN,C,WATCHLIST,RS leader,Distribution Services,33.3
NELCO,958.9,989.4,1025.9,955.0,True,True,True,True,False,True,1.310369911978356,49.10689913,1.3097889562151874,False,0.012268946109917765,False,28.53,False,0.9063328938799498,19.0,-0.92,0,True,▆██▂▁▆█▄▅▃▃▆▅▅▁▁▃▂█▃,False,False,False,7,0.07699219408097924,0.39547405952121073,0.06691303754230216,0.345254351344362,FLAT,True,94,48.0,IGNORE,NONE,,GREEN,C,WATCHLIST,"CMF positive, RS leader",Electronic Technology,34.1
RRKABEL,2759.5,2760.0,2794.0,2736.6,True,True,True,True,False,True,0.3565681852613125,79.2042728,0.39014749379081215,False,0.002570217873983307,False,43.83,True,1.0619276057566507,45.0,-0.12,0,False,▆▆▆▅▆▄▇▅▆▆▄▁▆▅▇▇█▄▆▆,False,False,False,11,0.2398346587590423,0.34197344745416514,0.22975550222036523,0.2917537392773164,FLAT,True,92,48.0,IGNORE,NONE,,GREEN,C,WATCHLIST,"CMF positive, RS leader",Producer Manufacturing,37.9
MSTCLTD,591.25,605.2,608.5,590.0,True,False,False,True,False,False,0.48654639243806347,8.328288375,0.4641421551288619,False,-0.2583453373231194,True,62.89,True,1.5272903891688425,98.0,1.73,1,True,▄▄▂▅▆▁▄▄▃▃▄▄▅▅▃▆▅▆▅█,False,False,False,0,-0.11839260418996489,0.34222474460839947,-0.12847176072864197,0.29200503643155074,FLAT,True,92,48.0,IGNORE,SEED,DEL63% ▄▄▂▅▆▁▄▄▃▃▄▄▅▅▃▆▅▆▅█ P98 Z+1.7,GREEN,C,WATCHLIST,"Delivery P98, RS leader",Retail Trade,39.8
RSWM,193.12,203.0,206.16,182.85,True,True,True,True,False,True,0.7056465414623903,5.5838330560000005,0.6926783341089849,False,0.04818753969458724,False,55.21,True,1.1021610021460297,25.0,-0.64,0,False,▆▆▇▆▇▇█▅▆▇▅▁▃▄▃▃▆▆▇▆,False,False,False,8,0.13827655310621245,0.3463469046291132,0.12819739656753537,0.2961271964522645,FLAT,True,92,48.0,IGNORE,NONE,,GREEN,C,WATCHLIST,"CMF positive, RS leader",Process Industries,36.8
ASTRAMICRO,1840.0,1793.0,1849.0,1790.0,False,True,True,True,False,True,0.39214062858622073,41.308368,0.39948477449262976,False,-0.3435817664154456,True,41.64,False,0.898604831835299,36.0,-0.3,0,True,▇▄▅▆▆▇█▅█▆▅▇▇█▁▅▇▆▆▅,False,False,False,4,0.020125297998558445,0.3126917314689306,0.010046141459881364,0.26247202329208186,FLAT,True,90,48.0,IGNORE,NONE,,GREEN,C,WATCHLIST,RS leader,Electronic Technology,34.1
INOXINDIA,1954.7,1947.9,1991.9,1947.4,False,True,True,True,False,True,0.5008780768216141,24.45779281,0.49798472486261947,False,-0.01675150437975826,True,50.55,True,1.1559834434814424,58.0,0.2,0,True,▄▄▄▃▂▃▄▂▃▄▄▃█▇▆▅▁▆█▇,False,False,False,1,-0.011779575328614733,0.30871719335832903,-0.021858731867291814,0.2584974851814803,FLAT,True,90,48.0,IGNORE,NONE,,GREEN,C,WATCHLIST,RS leader,Producer Manufacturing,37.9
HONASA,477.6,467.8,480.0,465.45,False,True,True,True,True,True,1.2294768101875486,46.901848320000006,1.278109712179325,True,-0.1815713417269936,True,40.94,False,0.8073995187946199,20.0,-0.63,0,True,▃▂▇▃▂▄▇▄▁▅█▇▇▆▅▄▄▄▃▂,False,False,False,5,0.011650074136835498,0.17519685039370092,0.0015709175981584167,0.12497714221685219,FLAT,True,75,48.0,IGNORE,NONE,,GREEN,C,WATCHLIST,No standout factor,Retail Trade,39.8
EIMCOELECO,1849.0,1817.9,1876.9,1773.8,False,True,True,True,False,False,0.6407315987536923,3.6597257,0.6490844290078943,False,0.08229277038234382,True,65.13,True,1.313661025837552,92.0,1.31,0,True,▁▁▁▃▂▃▆▂▅▂▃▅▅▅▃█▁▂▅█,False,False,False,0,0.05984179754671559,0.17740703005603664,0.04976264100803851,0.1271873218791879,FLAT,True,75,48.0,IGNORE,SEED,,GREEN,C,WATCHLIST,"Delivery P92, CMF positive",Producer Manufacturing,37.9
WELENT,588.9,572.7,592.0,567.95,False,False,True,True,False,True,1.249094150975843,24.38169669,1.2203702736046953,True,-0.17544808579254115,True,60.17,True,1.106117009053725,65.0,0.36,0,False,▁▂▂▄▄▁██▃▃▄▅▆▅▄▄▄▃▆▅,False,True,False,7,-0.04087947882736165,0.13874117760804405,-0.05095863536603873,0.08852146943119532,FLAT,True,68,48.0,IGNORE,NONE,,GREEN,C,WATCHLIST,No standout factor,Industrial Services,34.6
INDIGOPNTS,1120.5,1128.6,1128.6,1109.1,True,True,True,True,False,False,0.5929098574306271,3.6575361,0.615667274229107,False,0.18997498544329477,True,52.74,True,1.0562893680088925,65.0,0.3,0,True,▃█▃▁▃▄▆▂▃▄▄▄▄▂▅▅▅▃▆▄,False,False,False,5,0.06470923603192702,0.13079019073569476,0.05463007949324994,0.08057048255884602,FLAT,True,67,48.0,IGNORE,NONE,,GREEN,C,WATCHLIST,CMF positive,Process Industries,36.8
CONCOR,505.2,510.15,513.9,505.2,True,True,True,True,False,True,0.2981765624891541,45.030648359999994,0.30001651766025295,False,0.32126942443809864,True,53.93,True,1.1677836363045808,62.0,0.26,0,False,█▁▄▆▃▅▅▆▅▂▁▅▄▅█▆█▅▆▇,False,False,False,2,0.0893800539083558,0.08961501132319638,0.07930089736967871,0.03939530314634765,UP,True,58,48.0,IGNORE,NONE,,GREEN,C,WATCHLIST,CMF positive,Transportation,31.8
VEEDOL,1497.3,1493.0,1516.9,1484.9,False,True,True,True,True,False,1.5808314280469284,2.83663485,1.6474329045652647,True,-0.08214242595890507,False,59.87,True,1.0131401930838415,61.0,0.26,0,True,▇▆▆▇▄▇█▇▅▅▆▇▆▇▇▇▁▆▃▆,False,False,False,2,0.029213637613417553,0.041310244105987826,0.019134481074740473,-0.008909464070860906,UP,False,46,48.0,IGNORE,NONE,,GREEN,C,WATCHLIST,No standout factor,Energy Minerals,42.6
ASAHIINDIA,898.7,910.85,915.4,896.1,True,True,True,True,False,False,0.46827574571355873,7.65773283,0.4617996756257983,False,0.2418909928407617,False,54.56,True,1.0693111997412958,85.0,1.04,0,True,▆▇▅▇▇▄▅▇█▆▇▇█▆▇▆▅▁▂▆,False,False,False,5,-0.017706853208000806,-0.004320850875249249,-0.027786009746677887,-0.05454055905209798,UP,False,33,48.0,IGNORE,SEED,,GREEN,C,WATCHLIST,CMF positive,Consumer Durables,38.4
JLHL,320.2,320.8,324.5,316.55,False,False,False,False,False,False,1.8128047199445712,8.1934377,1.1882394407038377,True,0.23351230721164712,False,72.33,True,1.2790450928381962,89.0,1.19,0,False,█▇█▁▅▆▇█▅▂▂▃▃▂▃▄▄▆▃▇,False,True,False,9,-0.7800522049732106,-0.7587220254690679,-0.7901313615118877,-0.8089417336459166,UP,False,0,48.0,IGNORE,SEED,,GREEN,C,WATCHLIST,CMF positive,Health Services,41.4
KALYANKJIL,606.3,607.0,630.0,601.15,False,True,True,True,False,True,0.74919926184869,2015.6924902199996,0.8225799930557759,False,0.2599799708617974,False,13.1,False,0.8183663907543338,1.0,-1.84,0,False,▂▃▁▁▂▄▆▄▃▆▅▆█▄▄▄▄▅▆▂,False,False,False,11,0.27333823374986865,0.707646810308407,0.26325907721119157,0.6574271021315583,FLAT,True,99,47.0,IGNORE,NONE,,GREEN,C,WATCHLIST,"CMF positive, RS leader",Retail Trade,39.8
SMLMAH,5554.0,5676.0,5676.5,5518.5,True,True,True,True,False,True,0.3255972284840671,53.70718,0.3446159193331398,False,0.37915171278092485,False,40.91,False,0.9899935871840476,34.0,-0.4,0,False,▆▇▇▇▅▆▃▆▆▆▆█▅▂▁▄▄▄▄▅,False,False,False,5,0.33673493946906063,0.4827273212664851,0.32665578293038355,0.43250761308963637,FLAT,True,96,47.0,IGNORE,NONE,,GREEN,C,WATCHLIST,"CMF positive, RS leader",Consumer Durables,38.4
KERNEX,2451.8,2432.5,2513.4,2400.0,False,True,True,True,False,True,0.8837390552891112,34.1118934,0.9567358803054128,False,0.11860612247800298,False,41.83,False,0.9024421815671384,34.0,-0.4,0,True,▅▁▅▆▄▄▅▅▆▅▇▄▃▄▆█▇▅▃▄,False,False,False,2,0.13640787949015065,0.4508550801822593,0.12632872295147357,0.40063537200541055,FLAT,True,95,47.0,IGNORE,NONE,,GREEN,C,WATCHLIST,"CMF positive, RS leader",Electronic Technology,34.1
SUDEEPPHRM,960.0,970.05,999.95,946.35,True,True,True,True,False,True,0.9069856637032859,25.46016,0.9667491791654824,False,0.13955333854017157,False,45.64,False,0.961844448425201,47.0,0.01,0,False,▆▆▅▆▅▇▆▆▆█▅▃▂▆▃▄▅▁▁▅,False,False,False,7,0.16363636363636358,0.4222222222222223,0.1535572070976865,0.37200251404537354,FLAT,True,95,47.0,IGNORE,NONE,,GREEN,C,WATCHLIST,"CMF positive, RS leader",Health Technology,33.0
ASKAUTOLTD,634.95,663.85,674.7,630.3,True,True,True,True,False,True,0.7708397732850205,81.91515348,0.7824524249743766,False,0.6105016905972994,False,24.14,False,0.494550520363845,1.0,-2.47,0,False,█▇▇█▆▇▇█▇▆▇▇█▇█▆▅▁▁▃,False,False,False,14,0.3456606972554839,0.3925869064590417,0.3355815407168068,0.342367198282193,FLAT,True,94,47.0,IGNORE,NONE,,GREEN,C,WATCHLIST,"CMF positive, RS leader",Producer Manufacturing,37.9
SANSERA,3863.8,3787.3,3880.1,3760.2,False,True,True,True,True,True,0.7860610478129952,75.81586998,0.9034030925269246,False,-0.017830628301368875,False,50.35,False,0.9522458628841608,52.0,-0.06,0,True,▄▂▃▂█▁▄▃▅▅▄▅▃▁▃▃▄▁▂▃,False,False,False,10,0.16943099273607753,0.35050681579867193,0.15935183619740045,0.3002871076218232,FLAT,True,92,47.0,IGNORE,NONE,,GREEN,C,WATCHLIST,RS leader,Producer Manufacturing,37.9
INDIANHUME,392.1,390.1,393.0,385.3,False,True,True,True,False,True,0.06277342519350816,0.78282765,0.060496323629113696,False,0.43501717662553513,False,59.77,True,1.3507039388940365,71.0,0.51,0,True,▁▄▅▅▅▅█▇▇▅▅█▂▆▅▆▇▆██,False,False,False,4,0.06824683285655908,0.2599614395886891,0.058167676317882,0.20974173141184038,FLAT,True,86,47.0,IGNORE,NONE,,GREEN,C,WATCHLIST,CMF positive,Producer Manufacturing,37.9
ANANTRAJ,615.9,616.95,627.3,613.5,True,True,True,True,False,False,0.35430974746297256,63.90449061,0.36089515895827035,False,0.1423505926656083,False,43.0,True,1.0685884691848906,84.0,0.97,0,True,▂▅▂▂▃▃▄▁▃▅▄▃▃█▇▃▃▄▅▄,False,False,False,13,0.051292993086967664,0.19789944568705642,0.04121383654829058,0.1476797375102077,FLAT,True,78,47.0,IGNORE,NONE,,GREEN,C,WATCHLIST,CMF positive,Consumer Durables,38.4
NITINSPIN,577.4,572.35,580.05,569.8,False,True,True,True,False,True,0.8413185151768242,3.9841754799999998,0.8769933840827715,False,0.00925058982901351,True,53.38,True,1.0216561240992565,52.0,0.06,0,True,▅▆▁▆▆▅▄▆▆▆▆▃█▆▅▆▇▅▇▆,False,False,False,6,0.06296023564064779,0.17993256360478171,0.05288107910197071,0.12971285542793298,FLAT,True,76,47.0,IGNORE,NONE,,GREEN,C,WATCHLIST,CMF positive,Process Industries,36.8
STEELCAS,331.6,339.0,341.45,330.3,True,True,True,True,False,True,0.5021652043364441,1.76577,0.5204345372939425,False,0.1402409880260804,False,59.12,True,1.3202322465386331,85.0,0.81,0,True,▂▂▅▄▅▂▂▄▁▆▅▇▄▃▁▅█▇▆▇,False,False,False,5,0.06010230179028131,0.17049064595834817,0.05002314525160423,0.12027093778149944,FLAT,True,74,47.0,IGNORE,SEED,,GREEN,C,WATCHLIST,CMF positive,Non-Energy Minerals,41.4
NAVINFLUOR,8271.0,8520.5,8650.0,8225.0,True,True,True,True,False,True,1.8953190674874365,488.1287799,1.8960074613028994,False,0.29491105548913066,False,34.13,False,0.6146005906504358,7.0,-1.62,0,True,▆▆█▆▇▅▅▇█▆▆███▆▆▅▆▁▃,False,False,True,7,0.07248443983402497,0.16019077009398242,0.06240528329534789,0.10997106191713368,FLAT,True,72,47.0,IGNORE,NONE,,GREEN,C,WATCHLIST,CMF positive,Process Industries,36.8
PNB,114.44,113.55,114.85,113.2,False,True,True,True,True,True,0.6154677653086764,133.45584249200002,0.6397470940171359,False,0.28681281179407553,False,43.28,False,0.964349376114082,62.0,0.23,0,False,▅▄▁▇▅▁▅█▇▅▆█▆▇▇▅▇▃█▅,False,False,False,10,0.10634184068058783,0.11193159735717062,0.09626268414191075,0.06171188918032189,UP,True,63,47.0,IGNORE,NONE,,GREEN,C,WATCHLIST,CMF positive,Finance,31.4
ABREL,1382.8,1400.0,1411.0,1378.0,True,False,True,False,False,False,2.3003132095646883,36.73836868,2.2363594808993694,False,-0.0620894491957794,False,79.46,True,1.813865363982925,100.0,3.08,1,True,▂▃▃▂▃▂▂▄▃▂▂▂▄▄▁▃▃▁▄█,False,False,False,0,-0.04436765722183833,0.11175430133461961,-0.05444681376051541,0.06153459315777088,FLAT,True,63,47.0,IGNORE,DISTRIBUTION,DEL79% ▂▃▃▂▃▂▂▄▃▂▂▂▄▄▁▃▃▁▄█ P100 Z+3.1,GREEN,C,WATCHLIST,Delivery P100,Process Industries,36.8
EXCELINDUS,1029.0,1034.0,1039.1,1023.6,True,True,True,True,False,False,0.4085537256979705,0.4284756,0.4354036870841049,False,0.1501756338217703,False,70.03,True,1.0774757864126967,85.0,0.99,0,True,▃█▆▆▇▁▃▃▂▃▁▄▄▅▄▅▃▂▃▅,False,False,False,3,0.12822761909983016,0.10871673311065622,0.11814846256115308,0.058497024933807484,UP,True,62,47.0,IGNORE,SEED,,GREEN,C,WATCHLIST,CMF positive,Process Industries,36.8
DCBBANK,192.62,195.0,196.76,190.81,True,True,True,True,False,True,0.8530483584828981,25.46783116,0.8625063672264845,False,-0.31577417498587984,False,62.71,True,1.201836005251205,94.0,1.6,0,True,▆▆▅▆▆▆█▆▅▄▁▅▅▇█▅▆▅█▇,False,False,False,4,0.02093602586526755,0.09861404209205493,0.010856869326590468,0.0483943339152062,FLAT,True,60,47.0,IGNORE,SEED,,GREEN,C,WATCHLIST,Delivery P94,Finance,31.4
CAPITALSFB,296.2,298.8,298.8,294.8,False,True,True,True,False,True,0.34202220650447734,0.60729886,0.33878880886784724,False,0.14877979307641004,False,72.62,True,1.1586387351021907,78.0,0.75,0,True,▅▇▆█▇▅▄▇▃▁▄▅▁▄▄▂▂▆▆▇,False,False,False,8,0.006627017841971172,0.07846349899872562,-0.0034521386967059087,0.02824379082187689,FLAT,True,56,47.0,IGNORE,NONE,,GREEN,C,WATCHLIST,CMF positive,Finance,31.4
PIRAMALFIN,2104.0,2112.0,2124.9,2089.1,True,True,True,True,False,True,0.4925316424666824,35.5106808,0.48917401476585587,False,-0.17549079158678238,False,70.48,True,1.3006089684443625,93.0,1.6,0,True,▅▁█▃▁▄▄▄▅▄▆▄▄▄▄▇▄▅▃▇,False,False,False,3,-0.024118738404452666,0.059949622166246774,-0.03419789494312975,0.009729913989398042,FLAT,True,51,47.0,IGNORE,SEED,,GREEN,C,WATCHLIST,Delivery P93,Finance,31.4
SBICARD,659.0,660.0,666.7,653.65,True,True,True,False,False,False,0.8775553845780764,95.7473621,0.8983304801329647,False,0.20630757523610063,False,58.48,True,1.3776207302709067,83.0,1.1,0,True,▂▆▂▂█▆▄▅▃▂▁▂▄▇▇▄▅▆▆█,False,False,False,10,0.0774135535028202,0.05541319666880207,0.06733439696414312,0.005193488491953335,UP,True,50,47.0,IGNORE,NONE,,GREEN,C,WATCHLIST,CMF positive,Finance,31.4
EMBDL,63.04,60.5,63.5,60.5,False,True,True,False,False,False,1.4566182954670985,17.534916415999998,1.4495258217495466,True,-0.015869051604172204,True,55.81,True,1.230270699232872,91.0,1.27,0,True,▆█▄▂▃▁▃▄▆▃▆▂▆▅▆▆▄▆▂▇,False,True,False,0,-0.048309178743961345,0.044054322623385156,-0.058388335282638426,-0.006165385553463576,FLAT,False,47,47.0,IGNORE,SEED,,GREEN,C,WATCHLIST,Delivery P91,Finance,31.4
INDIACEM,398.15,395.0,399.15,390.1,False,True,True,True,False,False,0.4541338459495349,7.209262235,0.4525416601285797,False,0.32400479367728396,True,51.22,True,1.355205715041672,85.0,0.9,0,False,▇▆▅█▂▁▁▂▂▂▆▆▅▄▇▇▃▅▆█,False,False,False,3,0.04638633377135348,0.04241392852467607,0.0363071772326764,-0.007805779652172662,UP,False,46,47.0,IGNORE,SEED,,GREEN,C,WATCHLIST,CMF positive,Non-Energy Minerals,41.4
SMSPHARMA,378.1,357.5,380.0,357.2,False,False,False,True,False,True,2.7072865795246157,20.94345053,2.6584563036672044,True,-0.22028716780622304,True,41.54,False,0.7277696505689533,49.0,0.03,0,True,█▅▆▄▃▃▂▅▆▃▂▆▂▅▃▄▃▄▇▁,False,True,False,0,-0.06108765830643148,0.023967501692620186,-0.07116681484510856,-0.026252206484228546,FLAT,False,41,47.0,IGNORE,NONE,,GREEN,C,WATCHLIST,No standout factor,Health Technology,33.0
MUKANDLTD,143.22,141.7,145.67,138.8,True,True,True,True,False,True,1.5552397575136698,4.018022778,1.5683176806284893,False,0.22106193560482004,True,43.75,False,0.8132272575188668,14.0,-0.94,0,False,▅▅▁▄▃▄▄▄▆▂▇▆▆▅▆█▇▅▆▃,False,False,False,0,0.07781456953642385,0.014234119396643319,0.06773541299774677,-0.03598558878020541,UP,False,38,47.0,IGNORE,NONE,,GREEN,C,WATCHLIST,CMF positive,Non-Energy Minerals,41.4
BALUFORGE,469.05,459.9,478.9,452.75,False,True,True,False,True,False,3.5615527747992837,71.697810375,3.7263677210620436,True,-0.021646701740587398,True,37.5,False,0.7037363709722821,37.0,-0.25,0,True,▃▆█▂▂▃▄▄▂▂▃▃▄▄▂▃▇▃▂▁,False,False,False,0,0.008492797247903638,-0.014393780205925522,-0.0015863592907734425,-0.06461348838277425,UP,False,29,47.0,IGNORE,NONE,,GREEN,C,WATCHLIST,No standout factor,Producer Manufacturing,37.9
INDPRUD,6350.0,6459.0,6459.0,6227.0,True,False,False,False,False,True,3.469387755102041,0.118745,3.383737471896877,False,0.08437565404937866,True,91.19,True,1.0760516844651602,57.0,0.49,0,True,▄█▅███▃▇█▁▅█▂█▅▅▃▃▆▆,False,False,False,0,-0.007890008593078646,-0.02232486528098543,-0.017969165131755727,-0.07254457345783416,UP,False,26,47.0,IGNORE,NONE,,GREEN,C,WATCHLIST,CMF positive,Finance,31.4
PILANIINVS,4370.7,4314.2,4410.0,4314.2,False,True,False,False,False,False,1.5123716546036021,0.7854147899999999,1.5144082340723934,True,-0.18844376944401045,True,78.03,True,1.106196572109046,96.0,1.64,0,True,▂▃▆▁▄▆█▃▇▅▁▅▅▃▅▂▆▆▃▆,False,False,False,0,-0.014387191340624716,-0.026418372574789073,-0.024466347879301797,-0.0766380807516378,UP,False,25,47.0,IGNORE,SEED,,GREEN,C,WATCHLIST,Delivery P96,Finance,31.4
VIDYAWIRES,96.0,94.86,96.5,93.32,False,True,True,True,False,False,1.236493194968559,7.963728,1.2893686468452754,True,-0.11060149494239636,True,63.9,True,1.1730259112061607,97.0,1.91,0,True,▂▃▄▂▂█▆▃▄▁▂▅▁▃▃▆▄▅▆▇,False,False,False,0,-0.010819165378670781,-0.14109331663237,-0.020898321917347862,-0.19131302480921875,UP,False,4,47.0,IGNORE,SEED,,GREEN,C,WATCHLIST,Delivery P97,Non-Energy Minerals,41.4
AETHER,1591.6,1580.0,1612.0,1580.0,False,True,True,True,True,True,0.4024417925797692,26.36978796,0.4220704576435302,False,-0.03322935684680108,True,42.61,False,0.975046052104667,29.0,-0.48,0,False,▄▄▃▆▇▇▅▅▆▆▆▆█▆▁▆▅▆▅▅,False,False,False,9,0.060501066098080925,0.4495446265938068,0.050421909559403844,0.39932491841695805,FLAT,True,95,46.0,IGNORE,NONE,,GREEN,C,WATCHLIST,RS leader,Process Industries,36.8
ICIL,426.6,421.05,431.95,419.15,False,True,True,True,True,True,0.8177527238299449,12.524250780000001,0.8595425740461629,False,-0.11125916095739688,True,42.79,False,0.9761049329911605,49.0,0.04,0,True,▅▄▃▁▅▃▇▄▅▄▄█▅▄▇█▇▂▄▅,False,False,False,0,0.034056478002666424,0.36686959307914124,0.023977321463989343,0.3166498849022925,FLAT,True,93,46.0,IGNORE,NONE,,GREEN,C,WATCHLIST,RS leader,Process Industries,36.8
VSSL,341.85,332.55,344.7,328.0,False,True,True,True,True,True,1.079995110652095,11.462469795,1.193166019816843,True,-0.14839813491884457,True,40.02,False,0.8417023335050952,13.0,-0.97,0,False,▁▅▇▅▇█▇▁▄▄▅▇██▇▆█▄▃▄,False,False,False,12,0.2370182739279898,0.2746085011185684,0.22693911738931272,0.22438879294171965,UP,True,87,46.0,IGNORE,NONE,,GREEN,C,WATCHLIST,No standout factor,Non-Energy Minerals,41.4
THANGAMAYL,5275.0,5195.0,5290.0,5156.5,False,False,False,True,False,False,0.6278186903098166,112.3116075,0.5632596004243514,False,-0.23362732045474316,True,53.27,True,1.7129168140454678,89.0,1.33,1,True,▄▃▅▄▁▃▄▂▁▁▂▄▃▅▅▆▆▅▅█,True,False,False,3,-0.19348673648803605,0.25448881067326234,-0.20356589302671313,0.2042691024964136,FLAT,True,85,46.0,IGNORE,SEED,DEL53% ▄▃▅▄▁▃▄▂▁▁▂▄▃▅▅▆▆▅▅█ P89 Z+1.3,GREEN,C,WATCHLIST,No standout factor,Consumer Durables,38.4
EUROPRATIK,314.1,306.3,321.0,306.3,False,True,True,True,False,False,1.4912974144619862,7.04824695,1.517195873668914,True,-0.1203976131029869,True,30.49,True,1.1233719580715877,39.0,-0.4,0,False,▄▃▃▃▁▁▄▃▅▃▆▂▃▂▃▆█▇▅▅,False,False,False,8,0.003514376996805124,0.2479141835518477,-0.006564779541871957,0.19769447537499896,FLAT,True,85,46.0,IGNORE,NONE,,GREEN,C,WATCHLIST,No standout factor,Producer Manufacturing,37.9
DIXON,14200.0,14200.0,14294.0,14050.0,False,True,True,True,False,False,0.3361093984245767,273.4068,0.34056300367666786,False,0.2186277325625742,True,31.41,False,0.9795269206180904,50.0,-0.2,0,True,▃▃▂▆█▄▄▁▂▂▂▄▅▄▅▂▂▄▄▃,False,False,False,6,0.05804336487594064,0.23221103783408537,0.04796420833726356,0.18199132965723663,FLAT,True,83,46.0,IGNORE,NONE,,GREEN,C,WATCHLIST,CMF positive,Electronic Technology,34.1
NGLFINE,3403.6,3420.0,3441.0,3271.0,True,True,True,True,False,True,0.6676491410573158,1.5728035599999999,0.70084028090859,False,0.1350486959267821,True,42.18,False,0.7981154031731615,12.0,-1.12,0,True,▁▅▅▄▂█▃▅▅▃▅█▇▆▆▄▇▆▅▂,False,False,False,12,0.06575651302605201,0.22207461132454842,0.05567735648737493,0.1718549031476997,FLAT,True,81,46.0,IGNORE,NONE,,GREEN,C,WATCHLIST,CMF positive,Health Technology,33.0
TEXINFRA,113.61,113.51,114.12,112.61,False,True,True,True,False,True,0.31215610258801013,0.433603926,0.3117308668239187,False,0.378931366911332,True,55.16,False,0.7508132903208243,36.0,-0.34,0,True,▆▅▇▅█▅█▇▆▄▆▇█▆▆██▁█▃,False,False,False,3,-0.007772925764192196,0.17840472979981326,-0.017852082302869277,0.12818502162296452,FLAT,True,76,46.0,IGNORE,NONE,,GREEN,C,WATCHLIST,CMF positive,Utilities,35.4
RAMCOIND,339.65,333.0,342.0,327.25,False,True,True,True,False,True,0.9999008209560039,5.7870246299999994,0.9720277710654353,False,-0.28060559218614833,True,64.12,True,1.3592953372269276,90.0,1.13,0,True,▅▄▂▃▄▂▆▅▅▄▁▃▆▆▃▆█▆▃█,False,False,False,2,-0.0764106050305915,0.15724020442930153,-0.08648976156926858,0.1070204962524528,FLAT,True,71,46.0,IGNORE,SEED,,GREEN,C,WATCHLIST,Delivery P90,Non-Energy Minerals,41.4
NEPHROPLUS,694.0,691.65,696.6,682.05,False,True,True,True,False,True,0.3853038552739971,4.0072254,0.3971562516289802,False,0.18789649595539412,True,55.05,True,1.0292605403384125,63.0,0.31,0,True,▅▄▆█▇▆▆▁▂▂▅▄▇▅▆▇▇▄▆▆,False,False,False,0,0.06769230769230772,0.146917864815733,0.05761315115363064,0.09669815663888426,FLAT,True,69,46.0,IGNORE,NONE,,GREEN,C,WATCHLIST,CMF positive,Health Services,41.4
MARKSANS,273.85,267.25,275.4,267.25,False,True,True,True,False,True,0.7147925096269533,27.694970815000005,0.7492033977966249,False,-0.07474430668094145,True,47.87,True,1.060267115550732,71.0,0.48,0,True,▄▃▂▅▃▆▄▁▁▂▂▅▄█▆█▄▄▆▅,False,False,False,3,0.005323054331864974,0.1123522482635364,-0.004756102206812107,0.06213254008668767,FLAT,True,63,46.0,IGNORE,NONE,,GREEN,C,WATCHLIST,No standout factor,Health Technology,33.0
HEROMOTOCO,5382.6,5375.0,5394.7,5297.5,False,True,True,True,True,False,1.1135468321235666,412.44064848,1.191006798258476,True,0.21827542666721184,True,34.89,False,0.6704780206581792,2.0,-1.88,0,False,▅█▄▄▄▆▄▃▄▄▆▇▆▄▆▆▄▅▅▁,False,False,False,2,0.10921979969500883,0.08312707515846673,0.09914064315633175,0.032907366981618,UP,True,57,46.0,IGNORE,NONE,,GREEN,C,WATCHLIST,CMF positive,Consumer Durables,38.4
KRBL,378.65,373.85,381.5,371.6,False,True,True,True,True,False,0.751587688453549,8.608569885,0.792090238448866,False,-0.06625654041862718,True,62.58,True,1.2379332172812154,98.0,1.86,0,True,▆█▇▄▅▇▆▄▆▄▆█▆▁▄▄▂▃▅█,False,False,False,0,0.034139014065273754,0.08123929183323808,0.024059857526596673,0.03101958365638935,FLAT,True,56,46.0,IGNORE,NONE,,GREEN,C,WATCHLIST,Delivery P98,Process Industries,36.8
INDIANB,878.85,856.0,879.4,849.3,False,True,True,True,True,True,0.9688333718050414,224.82512199,1.0042395941662667,False,0.29169856747714756,True,43.26,False,0.9386900435060919,37.0,-0.3,0,False,▁▂▃▆█▆▄▅▅▃▅▆▃▅▇▂▄▄▃▃,False,False,False,1,0.10805017966336772,0.07682411321448268,0.09797102312469064,0.02660440503763395,UP,True,55,46.0,IGNORE,NONE,,GREEN,C,WATCHLIST,CMF positive,Finance,31.4
SURYAROSNI,252.35,250.99,258.5,249.02,False,True,True,False,True,False,2.0635697064071934,23.096157105,2.125159827187276,True,-0.0938258804310548,True,52.4,False,0.9769557759713624,54.0,0.19,0,True,▆█▅▅▃▄▅▃▂▁▃▃▄▄▇▅▄▁▃▄,False,False,False,0,-0.018856920684292344,0.0717774474410704,-0.028936077222969425,0.021557739264221665,FLAT,True,53,46.0,IGNORE,NONE,,GREEN,C,WATCHLIST,No standout factor,Non-Energy Minerals,41.4
GAIL,175.75,176.22,177.7,174.83,True,True,True,True,False,True,1.2900763925493137,255.776092875,1.2955538107598183,False,0.1062979670347642,False,46.55,False,0.8386480740820813,11.0,-1.26,0,True,▂▆▄▆█▄▄█▅▅▇▆█▆▁▂▅▇▆▃,False,False,False,3,0.03260869565217406,0.04844001670345399,0.022529539113496977,-0.00177969147339474,UP,False,48,46.0,IGNORE,NONE,,GREEN,C,WATCHLIST,CMF positive,Utilities,35.4
ULTRACEMCO,12099.0,12190.0,12204.0,12011.0,True,True,True,True,False,True,0.6691715425954781,244.4203683,0.6816266116292438,False,0.2588646944835973,False,56.9,True,1.0076771182913764,30.0,-0.52,0,False,▆█▃▆▄▁▃▅▅▃▄▆█▅▅▃▂▃▃▄,False,False,False,6,0.049895869489760436,0.040953282285124404,0.039816712951083355,-0.009266425891724328,UP,False,46,46.0,IGNORE,NONE,,GREEN,C,WATCHLIST,CMF positive,Non-Energy Minerals,41.4
FAZE3Q,569.2,540.0,587.95,535.35,False,True,True,True,False,True,1.7644143799328786,1.24637724,1.792358426691488,True,-0.1577566500452212,False,59.43,False,0.9307388121060256,80.0,0.84,0,True,▂▆▂▃▁▆▃▅▁▂▅▅▄▄▇▄▆█▅▃,False,True,False,0,-0.03386234405499433,0.04287284719677564,-0.04394150059367141,-0.007346860980073089,FLAT,False,46,46.0,IGNORE,NONE,,GREEN,C,WATCHLIST,No standout factor,Process Industries,36.8
MEESHO,191.05,185.2,191.96,185.1,False,True,True,True,False,False,1.103114432275654,226.16630824500004,1.1259594125215173,True,0.048790005597605525,True,54.37,True,1.2802580766694922,89.0,1.16,0,True,▅▅▄█▃▄▆█▆▃▃▁▆▄▄▅▄▅▇▇,False,False,False,0,-0.015967035797064044,0.010846560846560882,-0.026046192335741125,-0.03937314733028785,UP,False,37,46.0,IGNORE,SEED,,GREEN,C,WATCHLIST,CMF positive,Retail Trade,39.8
IGIL,355.8,358.5,362.95,354.0,True,True,True,True,False,True,0.7806157027136299,20.966013120000003,0.7963480934128339,False,0.10604478006872181,False,59.56,True,1.0211219311479909,83.0,0.88,0,True,▄▄▃▅▅▆▆▅▅▂▄▄▆▁▆▅█▇▇▅,False,False,False,0,0.025655808590371976,-0.04303388918773532,0.015576652051694895,-0.09325359736458405,UP,False,21,46.0,IGNORE,NONE,,GREEN,C,WATCHLIST,CMF positive,Commercial Services,35.1
SAIL,176.58,176.6,176.88,174.61,True,True,True,True,False,True,0.6420782802709879,168.93558693000003,0.6748223514708541,False,0.04050133160276118,True,55.28,True,1.3723932472691163,98.0,2.11,0,False,▃▄▃▅▂▅▄▃▄▃▃▅▄▄▇▆▂▇▁█,False,False,False,0,0.05138434057755292,-0.1359788618681802,0.04130518403887584,-0.18619857004502893,UP,False,5,46.0,IGNORE,SEED,,GREEN,C,WATCHLIST,"Delivery P98, CMF positive",Non-Energy Minerals,41.4
BETA,2373.7,2539.9,2600.0,2306.0,True,True,True,True,False,True,1.6029508883269172,23.62211292,1.60904952833167,False,-0.21808746471634333,False,39.46,False,0.9621691476780904,13.0,-1.21,0,True,▅▅▄█▃▁▃▆▅▄█▆▅▄▅▅▇▆▅▅,False,False,True,4,0.0029153287138752315,0.6605106680657571,-0.007163827824801849,0.6102909598889084,FLAT,True,98,45.0,IGNORE,DISTRIBUTION,,GREEN,C,WATCHLIST,RS leader,Health Technology,33.0
ARROWGREEN,573.05,584.0,587.95,565.1,True,True,True,True,False,False,0.22762832254471824,2.1538657299999997,0.2235035663049628,False,0.27892936623983877,False,51.27,True,1.1591417783907214,36.0,-0.09,0,False,▇▆▇█▆█▇▇██▃▅▆▇▆▅▅▁▃▇,False,False,False,3,0.054078911064103785,0.4797934151065202,0.043999754525426704,0.42957370692967145,FLAT,True,96,45.0,IGNORE,NONE,,GREEN,C,WATCHLIST,"CMF positive, RS leader",Process Industries,36.8
INDORAMA,59.45,60.0,62.04,59.1,True,True,True,True,False,False,0.2529999939906925,0.7383630550000001,0.26101572071612955,False,0.2987221077154426,False,60.41,True,1.199944382647386,59.0,0.22,0,False,▇█▅▅▆▇▅▇▆▄▇█▆▄▄▁▃▆█▇,False,False,False,7,0.23673809028500115,0.44647201946472026,0.22665893374632406,0.39625231128787153,FLAT,True,95,45.0,IGNORE,NONE,,GREEN,C,WATCHLIST,"CMF positive, RS leader",Process Industries,36.8
RELTD,167.29,170.14,172.49,164.61,True,False,True,True,False,True,0.8824238821834147,4.0332615259999995,0.8515515101423959,False,0.03573479075346715,True,57.71,True,1.229808634871926,70.0,0.5,0,True,▆▅▄▅▅▁▂▃▃▃▄▆▄▇▇▆▄█▇▇,False,False,False,0,-0.03922582127268559,0.3134176022611288,-0.04930497781136267,0.26319789408428007,FLAT,True,91,45.0,IGNORE,NONE,,GREEN,C,WATCHLIST,"CMF positive, RS leader",Utilities,35.4
UJJIVANSFB,70.11,71.98,71.98,69.75,True,True,True,True,False,True,0.29939682178128657,60.663049083000004,0.3050232934859131,False,0.055024474651031934,False,58.44,True,1.305936379177421,85.0,1.02,0,False,▄▄▄▄▅▄▅▅▁▂▄▆▄▃▆▇▅▇▆█,False,False,False,7,0.07415351616362797,0.2890237175951462,0.0640743596249509,0.2388040094182975,FLAT,True,88,45.0,IGNORE,SEED,,GREEN,C,WATCHLIST,CMF positive,Finance,31.4
SHK,168.54,168.0,174.9,164.18,True,True,True,True,False,False,0.4599945667783593,13.206103386,0.4896537168159988,False,0.3094648130922787,False,50.09,True,1.0127273278676925,25.0,-0.53,0,False,▇█▇█▇▆▃▅▅▆▆▆▁▂▄▅▅▆▆▆,False,False,False,4,0.2873510540788269,0.2682669877342163,0.2772718975401498,0.21804727955736758,UP,True,87,45.0,IGNORE,NONE,,GREEN,C,WATCHLIST,CMF positive,Process Industries,36.8
TMB,875.95,873.4,885.1,865.4,False,True,True,True,False,True,0.1979026282859284,12.524070315000001,0.1986178248917612,False,0.24237219736835225,False,49.26,True,1.1097968977053834,41.0,-0.18,0,False,▇▇▇█▆▇▅▇▇▆▁▂▅▆▅▆▇▇▇▇,False,False,False,7,0.09275199600798412,0.2648184246624794,0.08267283946930704,0.21459871648563067,FLAT,True,86,45.0,IGNORE,NONE,,GREEN,C,WATCHLIST,CMF positive,Finance,31.4
ALIVUS,1329.8,1329.5,1345.0,1315.5,False,True,True,True,False,True,0.5065929185507507,11.32337998,0.5430068394632173,False,0.21793507821501812,False,56.37,True,1.1197187295155233,72.0,0.3,0,False,▅▅▅█▅▄▄▆▅▄▄▅▅▄▁▅▁▂▂▅,False,False,False,10,0.14628049306094315,0.2598768356229275,0.13620133652226607,0.20965712744607878,FLAT,True,86,45.0,IGNORE,NONE,,GREEN,C,WATCHLIST,CMF positive,Health Technology,33.0
HSCL,752.65,761.4,771.95,751.0,True,True,True,True,False,True,0.4718322429648803,325.62845289,0.47246283871148825,False,0.21506609415716185,False,28.18,False,0.9743111018912284,43.0,-0.16,0,True,▅▆▆▂▁▃▃▂▄▂▃▂▃▆█▃▄▄▅▄,False,False,False,6,0.13960178666061007,0.2410751092423118,0.129522630121933,0.19085540106546306,FLAT,True,84,45.0,IGNORE,NONE,,GREEN,C,WATCHLIST,CMF positive,Process Industries,36.8
ACE,1094.3,1113.7,1120.0,1082.1,True,True,True,True,False,True,0.2905946911950526,25.666040489999997,0.3054615811295299,False,0.0018216922741750238,True,47.5,True,1.0695187165775402,57.0,0.24,0,False,██▅▆▆▇▁▅▄▂▅▅▅▆▇▆▅▆▆▆,False,False,False,10,0.10647118301314462,0.23656703768574494,0.09639202647446754,0.1863473295088962,FLAT,True,83,45.0,IGNORE,NONE,,GREEN,C,WATCHLIST,CMF positive,Producer Manufacturing,37.9
SHADOWFAX,239.87,240.1,243.9,238.85,True,True,True,True,False,True,0.13619357448195668,56.419318973,0.14521303369270067,False,0.29408588754517756,False,43.61,False,0.8939131504237939,28.0,-0.49,0,True,▄▅▆▇▅▇▆▅▇▇▇█▇▇▁▃▅▅▆▅,False,False,False,3,0.048153812540965735,0.22915705867281577,0.038074656002288654,0.17893735049596704,FLAT,True,82,45.0,IGNORE,NONE,,GREEN,C,WATCHLIST,CMF positive,Technology Services,38.0
OFSS,11600.0,11425.0,11685.0,11425.0,False,True,True,True,False,True,0.5595466372121466,298.19772,0.5812315273284084,False,0.0670807142388767,False,37.58,True,1.041761958224181,50.0,-0.03,0,False,▄▆▆▇▆█▇▅▃▁▃▄▃▅▄▅▄▆█▅,False,False,False,10,0.031294452347083945,0.21784776902887137,0.021215295808406864,0.16762806085202264,FLAT,True,81,45.0,IGNORE,NONE,,GREEN,C,WATCHLIST,CMF positive,Technology Services,38.0
CHENNPETRO,1275.4,1235.9,1285.8,1220.3,True,True,True,True,False,True,0.6290618659162297,187.27807798,0.6449447694675216,False,0.05341882454248066,False,35.1,True,1.125054089138901,70.0,0.58,0,False,▄▇▃▁▄▃▆▂▁▅▇▄▄▂▄▅▅██▅,False,False,False,5,0.08020665706784125,0.20525420525420524,0.07012750052916417,0.1550344970773565,FLAT,True,80,45.0,IGNORE,NONE,,GREEN,C,WATCHLIST,CMF positive,Energy Minerals,42.6
ARMANFIN,2032.0,2041.7,2086.0,2020.0,False,True,True,True,False,True,1.0950702348268786,13.3571488,1.135952472722964,True,-0.07230240353663175,False,56.08,True,1.0870429060176974,56.0,0.17,0,True,▃▁▅▅▁▃▆▆▅▅▆██▆▆▆█▄▇▆,False,False,False,10,0.12079426365140655,0.20514797461597767,0.11071510711272947,0.15492826643912894,FLAT,True,80,45.0,IGNORE,NONE,,GREEN,C,WATCHLIST,No standout factor,Finance,31.4
CONFIPET,81.28,79.9,81.5,79.61,False,True,True,True,False,True,0.48929321294534533,10.655084608,0.5069688386382084,False,0.11329423105621621,False,45.19,True,1.0560631908578906,40.0,-0.12,0,False,▃▇▅▇▇▅▇▅▁▆▃▅▃▄▄▇▅▆█▆,False,False,False,4,0.06317854807063439,0.1993507451674783,0.05309939153195731,0.14913103699062957,FLAT,True,79,45.0,IGNORE,NONE,,GREEN,C,WATCHLIST,CMF positive,Retail Trade,39.8
AJANTPHARM,3489.2,3456.0,3499.9,3449.0,False,True,True,True,False,True,0.30692208281136824,12.16055984,0.3104376484216302,False,0.17988378626829493,False,55.8,True,1.1897654584221748,51.0,0.05,0,False,▇▇▅▇▆▆▄▄▅▅▇▇█▁▄▇▆▆▇▇,False,False,False,8,0.041987696350713755,0.19130048823790502,0.031908539812036674,0.1410807800610563,FLAT,True,78,45.0,IGNORE,NONE,,GREEN,C,WATCHLIST,CMF positive,Health Technology,33.0
UNITDSPR,1523.5,1515.0,1526.5,1512.7,False,True,True,True,False,True,0.35576889003546636,60.34050275,0.376051175290411,False,0.14662261131493703,False,62.39,True,1.1570309240113126,63.0,0.42,0,False,▅▆▇▄▃▆▆▅▂▁▃▅▅▇▆▆▃▄█▆,False,False,False,9,0.06739998598752894,0.18643407834280823,0.05732082944885186,0.1362143701659595,FLAT,True,77,45.0,IGNORE,NONE,,GREEN,C,WATCHLIST,CMF positive,Consumer Non-Durables,39.6
ALGOQUANT,67.0,66.37,69.55,65.1,False,True,True,True,False,True,0.9807929380223835,9.7126952,0.9969426328632147,False,0.1272956529569574,False,23.38,False,0.9770979605483116,73.0,0.34,0,True,▃▆▄▁▆▃▇▅▃▃▅▄▃▂▇▆▂▅█▄,False,False,False,7,0.13848768054375538,0.18963068181818188,0.1284085240050783,0.13941097364133315,FLAT,True,77,45.0,IGNORE,NONE,,GREEN,C,WATCHLIST,CMF positive,Finance,31.4
GOODLUCK,1508.8,1551.0,1595.0,1495.0,True,False,True,True,False,True,2.925983221932748,78.09277216,2.8348272988781877,False,-0.046761304358666385,False,43.2,False,0.8674698795180724,21.0,-0.75,0,True,▄▅▆▅▆▅▂▅▅▆▇▄▆▇▇▆█▇▁▄,False,True,False,1,-0.03646465291525647,0.16473676084607058,-0.04654380945393355,0.11451705266922185,FLAT,True,73,45.0,IGNORE,DISTRIBUTION,,GREEN,C,WATCHLIST,No standout factor,Non-Energy Minerals,41.4
ABCAPITAL,423.0,424.0,425.95,419.0,True,True,True,True,False,True,0.5313558033345579,89.1869274,0.5527693804125006,False,0.1974327391095379,False,46.26,True,1.00823852491173,54.0,0.02,0,False,▃▆▃▅█▇▆▆▆▄▄▄▅▄▂▁▅▄▅▅,False,False,False,9,0.06455266138165339,0.15922170457659646,0.054473504842976306,0.10900199639974772,FLAT,True,72,45.0,IGNORE,NONE,,GREEN,C,WATCHLIST,CMF positive,Finance,31.4
KARURVYSYA,335.55,336.0,339.2,334.05,True,True,True,True,False,True,0.1113344910698694,27.384134835,0.11142764131778864,False,0.3064603656437185,False,49.45,True,1.0077337707991565,37.0,-0.2,0,False,▆█▇▇▆▄▁▂▅▇▇▇█▆▇▇█▇▅▆,False,False,False,11,0.09782430884999194,0.16207792207792204,0.08774515231131486,0.11185821390107331,FLAT,True,72,45.0,IGNORE,NONE,,GREEN,C,WATCHLIST,CMF positive,Finance,31.4
SENCO,388.8,386.95,405.2,386.6,True,True,True,True,False,True,0.5769068473959342,63.654374880000006,0.5651226114515034,False,0.20765399697019638,False,33.65,True,1.024337529109146,19.0,-0.83,0,False,▅▅▄█▆▅▅▄▅▅▁▅▆▇▇█▅▅▆▅,False,False,False,8,0.07358829214413931,0.12305025996533803,0.06350913560546223,0.0728305517884893,FLAT,True,65,45.0,IGNORE,NONE,,GREEN,C,WATCHLIST,CMF positive,Consumer Durables,38.4
AFFLE,1645.6,1691.2,1720.1,1593.5,True,True,True,True,False,False,0.5465453313450196,51.14162767999999,0.562781400184869,False,0.40620292900997756,False,46.45,True,1.07941671992099,34.0,-0.42,0,False,▃▄▅▆▅▇▆▇▇█▅▁▄▄▆▄▆▆▆▆,False,False,False,6,0.1115914617670899,0.12481203007518782,0.10151230522841281,0.07459232189833909,UP,True,65,45.0,IGNORE,NONE,,GREEN,C,WATCHLIST,CMF positive,Technology Services,38.0
YATHARTH,870.5,872.0,881.9,862.9,True,True,True,True,False,True,0.746277644131774,14.0789447,0.7715537969704246,False,0.0796775197488231,False,47.98,False,0.8802942876276272,58.0,0.2,0,True,▆█▃▄▃▃▄▁▃▃▂▄▃▅▅▃▂▄▄▂,False,False,False,5,0.049111178065682326,0.0929064657878218,0.039032021527005245,0.04268675761097307,FLAT,True,59,45.0,IGNORE,NONE,,GREEN,C,WATCHLIST,CMF positive,Health Services,41.4
AUBANK,1067.0,1084.9,1088.1,1067.0,True,True,True,True,False,True,0.4352819232383544,80.230931,0.4476319472245682,False,0.05628945489841517,False,52.99,True,1.0168580831486334,43.0,-0.14,0,False,▃▅▁▃▄▅▆▅▆▂▂▅█▃█▆▆▅▃▅,False,False,False,4,-0.0047570189348007386,0.08357875495074629,-0.01483617547347782,0.03335904677389756,FLAT,True,57,45.0,IGNORE,NONE,,GREEN,C,WATCHLIST,CMF positive,Finance,31.4
HARSHA,426.4,424.95,434.5,420.0,False,True,True,True,False,True,1.968051817863457,8.890269439999999,2.026215435464329,True,-0.10503769930852297,False,40.55,False,0.6893210485159623,6.0,-1.45,0,True,▆▃▅▆▆▅█▄▆▁▅▆▅█▆▇▇▆▆▂,False,False,False,0,-0.003039513677811523,0.07364975450081834,-0.013118670216488604,0.02343004632396961,FLAT,True,54,45.0,IGNORE,NONE,,GREEN,C,WATCHLIST,No standout factor,Producer Manufacturing,37.9
SUMICHEM,532.95,525.6,540.6,520.8,False,True,True,True,False,False,0.7760314734383399,32.602310235000004,0.786776142784744,False,0.23740646588597325,False,49.35,True,1.0954981353223228,36.0,-0.4,0,False,▂▄▄▅▅▅█▅▅▃▁▅▃▆▆▅▄▅▄▅,False,False,False,9,0.03747323340471098,0.06260592164290713,0.0273940768660339,0.012386213466058393,UP,True,52,45.0,IGNORE,NONE,,GREEN,C,WATCHLIST,CMF positive,Process Industries,36.8
SUNPHARMA,1949.6,1930.0,1965.9,1930.0,False,True,True,True,False,True,0.6841863363831837,349.09459616,0.6804115962970647,False,0.10978445346639287,False,62.93,False,0.9739450733979741,41.0,-0.13,0,True,▁▃▂▃▅▅▃▄▃▅█▆▄▃▁▄▄▄▃▃,False,False,False,16,0.005622324237891219,0.05910473707083885,-0.004456832300785862,0.008885028893990121,FLAT,True,51,45.0,IGNORE,NONE,,GREEN,C,WATCHLIST,CMF positive,Health Technology,33.0
CIPLA,1474.0,1461.0,1488.1,1461.0,False,True,True,True,False,True,1.048473988697242,211.2648824,1.0786525478116333,True,0.023737521329456585,False,51.88,True,1.0044530493707648,28.0,-0.46,0,False,▇▂▆▇▄▃▆▆▁▂▄▅▆▆█▄▅▇▅▅,False,False,False,7,0.0226878512454034,0.03985890652557322,0.01260869470672632,-0.010360801651275509,UP,False,46,45.0,IGNORE,NONE,,GREEN,C,WATCHLIST,CMF positive,Health Technology,33.0
LUMAXIND,5791.5,5850.0,5850.0,5703.0,True,True,True,True,False,True,1.2600769910576535,12.18010365,1.325563108496546,False,0.09021302684471552,True,47.36,False,0.9700048131573288,77.0,0.7,0,True,▅▄▅▄▄▄▅▄▂▁▄▄▄▂█▂▃▃▃▄,False,False,False,0,0.07628693551384491,0.03152551429334749,0.06620777897516783,-0.018694193883501242,UP,False,43,45.0,IGNORE,NONE,,GREEN,C,WATCHLIST,CMF positive,Producer Manufacturing,37.9
ROSSTECH,1092.65,1098.9,1108.7,1082.1,False,True,True,True,True,True,0.3403260955849268,10.23550814,0.37192997005189427,False,0.025818664080557902,False,47.37,True,1.119077711761301,73.0,0.65,0,False,▅▆█▇▅▇▅██▇▇▁▆▅▆▁▃▅▄▇,False,False,False,3,0.08022738507167593,0.033972084220487364,0.07014822853299885,-0.016247623956361368,UP,False,43,45.0,IGNORE,NONE,,GREEN,C,WATCHLIST,CMF positive,Electronic Technology,34.1
KPIL,1317.2,1288.1,1323.9,1284.1,False,True,True,True,False,True,0.9628886099319324,15.882929320000002,0.9720185502395172,False,0.10514034027469084,True,44.49,False,0.7864175490074771,12.0,-1.02,0,True,▂▂▂▅▂▄▄▅▄▃▂▃▄▂▂▄▃▄█▁,False,False,False,0,-0.025739644970414144,0.009348659003831417,-0.035818801509091225,-0.040871049173017315,UP,False,36,45.0,IGNORE,NONE,,GREEN,C,WATCHLIST,CMF positive,Industrial Services,34.6
ABFRL,63.33,63.26,63.82,62.3,False,True,True,False,True,False,1.3001742991622613,41.680652165999994,1.3718118451340853,True,0.057771939937189404,True,46.6,False,0.9057513265563957,53.0,0.1,0,True,▆▇▄▅▇▅██▇▃▃▅▆▁▃▅▅▅▃▄,False,False,False,0,0.05514828390536475,-0.019811174740752224,0.04506912736668767,-0.07003088291760096,UP,False,27,45.0,IGNORE,NONE,,GREEN,C,WATCHLIST,CMF positive,Retail Trade,39.8
KANSAINER,212.35,211.24,215.72,208.85,False,True,True,False,True,False,1.4296615832094326,10.55447452,1.4958451822383676,True,0.07341497207261358,True,54.07,False,0.9975094548473389,46.0,-0.16,0,True,▅▆▅▅▅▆▆▅▇▇▂▅▃▆█▃▂▁▆▅,False,False,False,0,0.04791748914330829,-0.026185453544895987,0.03783833260463121,-0.07640516172174472,UP,False,25,45.0,IGNORE,NONE,,GREEN,C,WATCHLIST,CMF positive,Process Industries,36.8
TIMKEN,3351.0,3333.4,3364.0,3286.1,False,True,True,True,True,True,0.5245352889060549,10.3760364,0.5543138646823045,False,-0.04224029625788292,True,60.27,True,1.0674719494159635,62.0,0.2,0,True,▇▂▂█▃▄▄▃▂▁▁▃▄▄▅▄▅▁▄▄,False,False,False,0,0.04555382215288617,-0.07696121639488762,0.03547466561420909,-0.12718092457173635,UP,False,14,45.0,IGNORE,NONE,,GREEN,C,WATCHLIST,No standout factor,Producer Manufacturing,37.9
TRITURBINE,636.45,643.0,654.15,630.3,True,True,True,True,False,True,0.6360627947104088,31.784440290000003,0.6515498560658811,False,0.06255092253429288,True,41.06,False,0.8424205742657543,30.0,-0.44,0,True,▅▂▂▅▃▃▃▄▂▁█▄▇▂▄▃▁▂▂▂,False,False,False,0,0.05007424517406367,-0.14167228590694536,0.03999508863538659,-0.1918919940837941,UP,False,4,45.0,IGNORE,NONE,,GREEN,C,WATCHLIST,CMF positive,Producer Manufacturing,37.9
LANDMARK,535.05,544.75,548.0,528.05,True,True,True,True,False,False,0.062135462607343726,9.118910655,0.06484511815135763,False,-0.17460311044732438,True,30.28,True,1.055107409794937,10.0,-1.31,0,False,█▁▁▁▂▂▄▄▄▅▄▅▆▄▄▄▄▅▄▄,False,False,False,13,0.26191037735849054,0.410438908659549,0.25183122081981346,0.3602192004827003,FLAT,True,94,44.0,IGNORE,NONE,,GREEN,C,WATCHLIST,RS leader,Retail Trade,39.8
TINNARUBR,1108.1,1100.6,1114.9,1088.5,False,True,True,True,False,True,0.08001594928957151,2.73069083,0.07827553202858274,False,-0.1258910178593324,True,42.36,True,1.127435324177579,23.0,-0.61,0,False,█▇▇▇█▂▁▂▂▂▃▅▄▅▄▅▆▅▆▆,False,False,False,4,0.14078344571987422,0.419821897623166,0.13070428918119714,0.3696021894463173,FLAT,True,94,44.0,IGNORE,NONE,,GREEN,C,WATCHLIST,RS leader,Process Industries,36.8
SPAL,1036.6,1014.5,1043.9,1013.4,False,True,True,True,False,True,0.36324716363864834,4.2551393399999995,0.36186723665436654,False,-0.06614559838959766,True,43.42,True,1.0520067355567133,30.0,-0.42,0,True,▆▁▆▅▆▂█▆▂▃▄▅██▆▇▂▄▇▅,False,False,False,0,-0.10614814176080034,0.3254906975257337,-0.11622729829947742,0.27527098934888494,FLAT,True,91,44.0,IGNORE,NONE,,GREEN,C,WATCHLIST,RS leader,Consumer Non-Durables,39.6
GHCLTEXTIL,121.59,121.0,122.99,119.3,False,True,True,True,True,True,0.812762338472021,13.865625081000001,0.86269409756966,False,-0.1894254397258449,True,50.8,True,1.0038137016618254,17.0,-0.88,0,False,██▅▆▅▆█▇▆▆▇▇▇▁▅█▆▆▇▆,False,False,False,11,0.11193415637860094,0.26907420937271675,0.10185499983992385,0.21885450119586802,FLAT,True,87,44.0,IGNORE,NONE,,GREEN,C,WATCHLIST,No standout factor,Process Industries,36.8
THELEELA,518.0,513.0,527.0,509.1,False,True,True,True,True,True,0.9696388395569804,25.6701116,1.0124263427402567,False,-0.08005793561185988,True,49.09,False,0.954584787702599,21.0,-0.76,0,True,▅▅▅▆▅▆▄█▄▄▅▆▇▄▁▅▆█▄▅,False,False,False,6,0.03393213572854292,0.25302370585389466,0.02385297918986584,0.20280399767704593,FLAT,True,85,44.0,IGNORE,NONE,,GREEN,C,WATCHLIST,No standout factor,Consumer Services,35.0
FEDERALBNK,356.25,353.2,359.8,350.85,False,True,True,True,False,True,0.6715512751085143,175.420100625,0.6849589632768858,False,0.4142611901062776,True,55.14,False,0.9889518616830477,51.0,0.05,0,False,▃▇▆▇▁▄▅▆▆▆█▇█▆▇▇▅▇▇▆,False,False,False,14,0.08003638017280568,0.23291226855857428,0.0699572236341286,0.18269256038172554,FLAT,True,83,44.0,IGNORE,NONE,,GREEN,C,WATCHLIST,CMF positive,Finance,31.4
ARIHANT,1124.6,1129.5,1138.2,1088.3,True,True,True,True,False,True,0.3084980406040555,0.28418642,0.34441183775110806,False,0.18441620307527312,True,51.6,False,0.89184634662749,30.0,-0.4,0,False,▇█▅█▆▆▄▅▄▅▅▃▂▄▅▄▃▁▆▄,False,False,False,9,0.4255292178983394,0.22385460877135688,0.41545006135966234,0.17363490059450815,UP,True,81,44.0,IGNORE,NONE,,GREEN,C,WATCHLIST,CMF positive,Finance,31.4
THYROCARE,603.25,598.0,606.6,593.9,False,True,True,True,False,True,0.16324051627362146,12.5948948,0.173457874198814,False,-0.15181738088126198,True,46.0,True,1.0193905817174516,48.0,-0.08,0,False,▇▃▅▆▆▄▇▄▆▁▃▄▅▅▇▇▇█▅▅,False,False,False,13,0.16976924568547602,0.19148726051747977,0.15969008914679894,0.14126755234063104,UP,True,78,44.0,IGNORE,NONE,,GREEN,C,WATCHLIST,No standout factor,Health Services,41.4
EMCURE,1978.4,1939.5,1990.0,1939.5,False,True,True,True,True,True,0.9396385691611101,28.7006488,0.9831564108274922,False,-0.036707863081893534,True,51.04,False,0.9824831568816169,54.0,-0.0,0,True,▆▃▆▆▁▅▄▄▅▄▇█▅▅▄▅▇▄▁▅,False,False,False,10,0.09038800705467365,0.16650943396226414,0.08030885051599657,0.11628972578541541,FLAT,True,74,44.0,IGNORE,NONE,,GREEN,C,WATCHLIST,No standout factor,Health Technology,33.0
BHAGCHEM,285.6,273.0,294.95,272.25,False,True,True,True,False,True,1.5212486915560393,6.93776664,1.5036302448427141,True,-0.20346378967131717,True,25.62,False,0.5113976605852529,4.0,-2.1,0,False,▆▆▃▇▇▆▇█▆▇▇▇▄▄▄▁▄▆▆▂,False,False,False,1,-0.03480905711388971,0.1532404603270745,-0.04488821365256679,0.10302075215022577,FLAT,True,71,44.0,IGNORE,NONE,,GREEN,C,WATCHLIST,No standout factor,Process Industries,36.8
RAINBOW,1556.7,1573.2,1573.2,1531.6,True,True,True,True,False,True,0.8582165291794694,12.4395897,0.8761190258028049,False,0.33272958697752186,True,49.11,False,0.9461971966668273,19.0,-0.84,0,False,▂▄▃▁▃▄▄▃▃▁▅▆█▃▁▅▆▆▃▃,False,False,False,15,0.05869151251360161,0.127798304716366,0.048612355974924526,0.07757859653951726,FLAT,True,66,44.0,IGNORE,NONE,,GREEN,C,WATCHLIST,CMF positive,Health Services,41.4
JTLIND,77.31,76.95,77.72,75.7,False,True,True,True,False,True,1.19790650843807,21.362662557,1.2167196531452587,True,-0.04715296382431835,True,47.43,True,1.0099655040245303,58.0,0.27,0,True,▃▆▅▅▆▃▃██▆▆█▆▅▅▇▆▁▄▅,False,False,False,0,-0.009354177344951364,0.12043478260869578,-0.019433333883628445,0.07021507443184705,FLAT,True,64,44.0,IGNORE,NONE,,GREEN,C,WATCHLIST,No standout factor,Non-Energy Minerals,41.4
JSFB,549.4,560.95,572.0,543.2,True,True,True,True,False,True,0.20593105226818387,15.7848114,0.21301670077620177,False,0.012733936357043316,False,52.49,True,1.1498105189371537,33.0,-0.41,0,False,█▇▆▂▄▁▁▆▅▅▅▆▅▅▅▆▇▇█▇,False,False,False,7,0.15882725163467604,0.10933871781928306,0.14874809509599896,0.05911900964243433,UP,True,62,44.0,IGNORE,NONE,,GREEN,C,WATCHLIST,CMF positive,Finance,31.4
MAHASTEEL,1046.3,1020.0,1049.4,991.6,False,True,True,True,False,True,0.7778923162318611,1.23170436,0.841017098846941,False,0.44930503824642964,True,35.31,False,0.599857298178853,5.0,-1.8,0,False,▅█▆▂▄▅▇▄▄▄▅█▄▃▅▄▂▇▅▁,False,False,False,5,0.2114861344294563,0.10561631531674309,0.20140697789077922,0.05539660713989436,UP,True,62,44.0,IGNORE,NONE,,GREEN,C,WATCHLIST,CMF positive,Non-Energy Minerals,41.4
AIAENG,4776.0,4804.0,4848.2,4751.1,True,True,True,True,False,True,0.7328712979620704,22.0727616,0.7470069674888868,False,0.11735716216979837,True,54.17,False,0.972697318214058,47.0,-0.15,0,True,▃▅█▂▄▂▃▂▅▃▅▆▆▆▄▁▃▅▁▄,False,False,False,0,0.019750186826091642,0.06048494537703153,0.009671030287414561,0.010265237200182797,FLAT,True,51,44.0,IGNORE,NONE,,GREEN,C,WATCHLIST,CMF positive,Producer Manufacturing,37.9
GEOJITFSL,77.02,78.49,78.94,76.51,True,False,True,True,False,True,0.5324190252321506,1.5491263659999999,0.5176811765255204,False,0.03514632690694805,False,61.54,True,1.1734757114935406,93.0,1.24,0,True,▅▅▃▄▆▆▅▅▄▂▅▃▆▄▃▅▇▅▁█,False,False,False,5,-0.029974811083123498,0.05608117372823229,-0.04005396762180058,0.00586146555138356,FLAT,True,50,44.0,IGNORE,SEED,,GREEN,C,WATCHLIST,"Delivery P93, CMF positive",Finance,31.4
KIRIINDUS,427.9,436.0,441.0,426.05,True,True,True,False,False,False,0.7814311713289097,7.604553220000001,0.8094346386584572,False,0.1328174673966379,False,56.43,True,1.0781429117309898,86.0,1.03,0,True,▅▃▄█▃▄▃▇▆▄▅▇▆▃▄▄▄▄▁▅,False,False,False,3,0.10340381640020624,0.0385922330097086,0.09332465986152916,-0.011627475167140133,UP,False,45,44.0,IGNORE,SEED,,GREEN,C,WATCHLIST,CMF positive,Process Industries,36.8
MANKIND,2472.0,2604.0,2613.5,2422.0,True,False,True,True,False,True,6.484682035694527,581.8079424,6.298822113032132,False,-0.24351745886709583,False,53.73,True,1.0443351668642733,42.0,-0.28,0,False,▇▆▁▆▄▁▄▇▆▄▅▄▄▂▃▆█▄█▆,False,False,False,7,-0.02238392786522181,-0.016745555069408447,-0.03246308440389889,-0.06696526324625718,UP,False,28,44.0,IGNORE,DISTRIBUTION,,GREEN,C,WATCHLIST,No standout factor,Health Technology,33.0
AMAGI,642.2,651.0,679.0,641.15,True,True,True,True,False,True,1.1345393627267553,30.61842628,1.167427859418042,False,-0.001986027688836961,False,42.2,False,0.9732472324723248,31.0,-0.49,0,True,█▄▇▁▃▁▅▅▃▅▁▂▄▅▄▆▆▅▄▄,False,False,False,12,0.11589921807124237,0.6055000000000001,0.10582006153256529,0.5552802918231514,FLAT,True,98,43.0,IGNORE,NONE,,GREEN,C,WATCHLIST,RS leader,Technology Services,38.0
SSWL,308.5,305.05,317.2,305.05,True,True,True,True,False,True,0.2915487075671057,20.31117725,0.32692164756380737,False,-0.12451595600488169,False,44.58,True,1.0817893932224365,21.0,-0.69,0,False,▆▆▁▃▅█▆▅▅▆▇▆▇▆▇▆▇██▇,False,False,False,18,0.2538102011786221,0.5288170870707172,0.243731044639945,0.47859737889386844,FLAT,True,97,43.0,IGNORE,NONE,,GREEN,C,WATCHLIST,RS leader,Producer Manufacturing,37.9
VIMTALABS,651.25,636.9,656.95,633.05,False,True,True,True,False,False,0.20861980786455403,10.494503,0.2291428821585034,False,0.020930921824283286,True,35.39,False,0.9761816100514432,50.0,0.14,0,False,▇▇▄▇▇▃▁▁▅▄▅▆▇▇▆█▆▅▆▅,False,False,False,9,0.1504151210033562,0.3865233127528209,0.1403359644646791,0.3363036045759722,FLAT,True,94,43.0,IGNORE,NONE,,GREEN,C,WATCHLIST,"CMF positive, RS leader",Commercial Services,35.1
SYRMA,1424.7,1413.9,1434.0,1407.5,False,True,True,True,False,True,0.3597179921846795,72.53062218000001,0.37145406551538346,False,-0.25617898897417735,False,39.96,True,1.0413572042842623,67.0,0.46,0,True,▆▃▄▄█▆▆▅▅▇▇▆▅▁▅▆▆▆▇▆,False,False,False,2,-0.018734072594531304,0.30880529144274504,-0.028813229133208385,0.2585855832658963,FLAT,True,90,43.0,IGNORE,NONE,,GREEN,C,WATCHLIST,RS leader,Electronic Technology,34.1
MANYAVAR,516.9,500.35,529.0,493.45,False,True,True,True,True,False,0.9752787101695768,135.90934403999998,1.0415117896992656,False,0.5287085929317821,False,19.14,False,0.41748462243161893,1.0,-2.99,0,False,█▆▆▅▅▅▃▅▅▃▆▄▇▅▅▅▁▁▂▂,False,False,False,4,0.3181180670661736,0.265825884657769,0.30803891052749655,0.2156061764809203,UP,True,86,43.0,IGNORE,NONE,,GREEN,C,WATCHLIST,CMF positive,Retail Trade,39.8
POLYMED,1693.8,1714.9,1745.0,1651.2,True,True,True,True,False,False,2.8967786839163194,38.13827832,2.898078332138744,False,-0.07695111145566803,False,20.38,False,0.41396260524257844,2.0,-2.12,0,True,▄▄▇▃▄▄▄█▄▃▂▄▄▆▅▅▄▄▅▁,False,False,False,7,0.015285020679733918,0.2549455434541008,0.005205864141056837,0.20472583527725208,FLAT,True,85,43.0,IGNORE,DISTRIBUTION,,GREEN,C,WATCHLIST,No standout factor,Health Technology,33.0
AZAD,2489.0,2455.0,2515.0,2455.0,False,True,True,True,True,True,1.0245116175728897,132.8471393,1.0707614479472205,True,-0.17668360995667992,False,40.47,True,1.0166170541467277,27.0,-0.7,0,False,▅▁▅█▅▃▄▅▁▂▂▂▃▅▄▄▃▆▅▄,False,False,False,3,0.003831417624521105,0.2341944761243615,-0.006247738914155976,0.18397476794751277,FLAT,True,83,43.0,IGNORE,NONE,,GREEN,C,WATCHLIST,No standout factor,Producer Manufacturing,37.9
ECLERX,1769.1,1859.2,1895.0,1756.3,True,False,True,True,False,False,0.6569144600146158,66.93407541,0.6188371819571936,False,0.3380554388036882,False,55.09,True,1.4629029688246853,91.0,1.27,0,False,▆▇▆▆▂▁▃▆▄▅▅▂▅▄▆▅▅▆██,False,False,False,6,0.09089227354011209,0.17329884600079581,0.08081311700143501,0.12307913782394708,FLAT,True,75,43.0,IGNORE,SEED,,GREEN,C,WATCHLIST,"Delivery P91, CMF positive",Commercial Services,35.1
INDOBORAX,400.4,410.25,414.35,391.55,True,False,True,True,False,False,0.14631198652592603,5.2400348,0.1379143529313738,False,0.2980394705754935,False,52.83,True,1.5491532878821201,37.0,-0.28,1,False,▇▇▆▅▇▇▄▆▅▁▃▄▆▄▆▃▆▆▇█,False,False,False,3,-0.11767298369325696,0.16327716443927942,-0.12775214023193404,0.11305745626243069,FLAT,True,73,43.0,IGNORE,NONE,DEL53% ▇▇▆▅▇▇▄▆▅▁▃▄▆▄▆▃▆▆▇█ P37 Z-0.3,GREEN,C,WATCHLIST,CMF positive,Process Industries,36.8
SAKAR,924.65,932.55,941.0,908.3,False,True,True,True,True,True,0.4474609785308825,7.6415849950000005,0.4747172464232397,False,-0.11870850958192584,False,45.33,True,1.0399889875421569,25.0,-0.67,0,False,▆▂▆▄▆▅██▅▁▆▄▆▇▇▆█▆▆▆,False,False,False,7,0.1214675560946028,0.16089139987445078,0.11138839955592572,0.11067169169760205,UP,True,72,43.0,IGNORE,NONE,,GREEN,C,WATCHLIST,No standout factor,Health Technology,33.0
CRAFTSMAN,10483.0,10540.0,10762.0,10316.0,True,True,True,True,False,True,0.5391974925320846,39.3678582,0.5790797513725444,False,0.3521201709836765,False,35.72,False,0.723721533349542,13.0,-1.0,0,False,▄▄▄▅█▄▂▃▃▂▃▄▁▁▄▂▃▃▃▁,False,False,False,6,0.1270831093430813,0.15527881860260084,0.11700395280440423,0.10505911042575211,UP,True,71,43.0,IGNORE,NONE,,GREEN,C,WATCHLIST,CMF positive,Producer Manufacturing,37.9
ARTEMISMED,316.3,312.85,321.95,312.0,False,True,True,True,False,True,0.7257654136272238,9.05614345,0.7702926713711389,False,0.14607056690693188,False,54.13,False,0.9657879477229137,44.0,-0.08,0,False,▇▆▇▅▅▄█▆█▆▆█▁▃▇▆▅▃▅▅,False,False,False,6,0.14187725631768955,0.15708223587942638,0.13179809977901247,0.10686252770257765,UP,True,71,43.0,IGNORE,NONE,,GREEN,C,WATCHLIST,CMF positive,Health Services,41.4
GRWRHITECH,6973.0,7374.0,7477.5,6911.0,True,False,True,True,False,True,2.3779982372382356,116.9253559,2.31637250674042,False,-0.17283144006491247,False,41.34,False,0.8510988728189819,34.0,-0.31,0,True,▅▄▃▅▆▅▆▆▄▆▇▇▅▅█▆▅▆▁▄,False,False,False,11,0.0007175660160734232,0.13977018257898965,-0.009361590522603658,0.08955047440214092,FLAT,True,68,43.0,IGNORE,DISTRIBUTION,,GREEN,C,WATCHLIST,No standout factor,Process Industries,36.8
BALKRISIND,2466.3,2430.0,2498.8,2430.0,False,True,True,True,False,True,0.20987836417080735,28.794299130000002,0.22226591104904744,False,0.35445376686645563,False,39.6,False,0.7796426637791012,6.0,-1.4,0,False,▅▅▅███▇▆█▄▇▆▅▁▂▃▄▃▄▄,False,False,False,7,0.09472235784988237,0.11824982997052835,0.08464320131120529,0.06803012179367962,UP,True,64,43.0,IGNORE,NONE,,GREEN,C,WATCHLIST,CMF positive,Consumer Durables,38.4
CHALET,859.7,860.0,861.2,851.05,True,True,True,True,False,False,0.4499933847850055,4.386017460000001,0.4605089350970447,False,0.3755702288115954,False,60.77,True,1.1330604939077256,75.0,0.6,0,True,▄▅▃▅▄▆▃▄▃▄▅▅▃▁▃▄█▆▅▅,False,False,False,7,0.02375707055671339,0.09571756308947243,0.013677914018036308,0.0454978549126237,FLAT,True,60,43.0,IGNORE,NONE,,GREEN,C,WATCHLIST,CMF positive,Consumer Services,35.0
GAEL,169.22,176.9,176.9,167.15,True,True,True,True,False,True,0.82891097304872,33.083169958,0.8550976638130849,False,0.3255179631797253,False,45.28,False,0.9140550088316931,28.0,-0.48,0,False,█▇▇▇█▇███▁▂▄▃▅▆▃▆▄█▅,False,False,False,3,0.09676583057878019,0.09251727032087298,0.0866866740401031,0.04229756214402425,UP,True,59,43.0,IGNORE,NONE,,GREEN,C,WATCHLIST,CMF positive,Consumer Non-Durables,39.6
SIEMENS,3955.0,3990.4,4019.0,3948.8,True,True,True,True,False,True,0.5326733908978223,82.880189,0.5650863554741065,False,0.10464408762858832,False,34.88,False,0.9314249092074344,23.0,-0.71,0,False,▆▅▆▁▆▂█▂▆▄▅▂▃▃▄▅▁▅▅▄,False,False,False,4,0.13767115406742603,0.07554661155226805,0.12759199752874895,0.02532690337541932,UP,True,55,43.0,IGNORE,NONE,,GREEN,C,WATCHLIST,CMF positive,Producer Manufacturing,37.9
NESTLEIND,1520.0,1531.9,1534.8,1518.2,False,True,True,True,False,True,0.6044870501307755,234.467752,0.6212976000276114,False,0.12287759860713325,False,58.84,False,0.9912398921832885,54.0,0.17,0,False,█▅▆▇▆▆▅▁▂▅▆▆▆██▆▅▆▇▆,False,False,False,9,0.0388190267905959,0.0639787204255915,0.02873987025191882,0.013759012248742764,UP,True,52,43.0,IGNORE,NONE,,GREEN,C,WATCHLIST,CMF positive,Consumer Non-Durables,39.6
SHAILY,3162.3,3335.0,3347.0,3140.9,True,True,True,True,False,True,1.3088814742028183,84.75122115,1.3818903635438504,False,0.19125108161020266,False,45.56,False,0.9538964029981994,55.0,0.12,0,True,▄▁▄▇▄▅▅▅▅▄▄▆▃▄▆▅█▆▃▄,False,False,False,2,0.14269711642697125,0.05780230807827391,0.13261795988829417,0.00758259990142518,UP,True,50,43.0,IGNORE,NONE,,GREEN,C,WATCHLIST,CMF positive,Process Industries,36.8
SBFC,94.25,95.29,95.3,93.5,True,True,True,False,False,False,0.6185477150662178,7.42405365,0.6352008119188784,False,0.15401339790631677,True,65.01,True,1.1510982444025393,88.0,1.17,0,True,▄▂▄▅▃▃▁▂▆▁▂█▃▄▁▄▂▂▄▅,False,False,False,2,0.024902131361461466,-0.0005302226935312015,0.014822974822784385,-0.05074993087037993,UP,False,34,43.0,IGNORE,SEED,,GREEN,C,WATCHLIST,CMF positive,Finance,31.4
DOLATALGO,71.01,67.0,71.98,64.96,False,True,False,False,False,False,7.9468930766463135,4.760190855,8.157959220921715,True,-0.025947814982207957,True,45.5,False,0.7572542460327366,27.0,-0.37,0,True,▅█▁▄▂▄▅▆██▅▆▇▂▂█▇▆▅▂,False,True,False,0,-0.015936807095343508,-0.030844820526818473,-0.02601596363402059,-0.0810645287036672,UP,False,24,43.0,IGNORE,NONE,,GREEN,C,WATCHLIST,No standout factor,Finance,31.4
TRUALT,477.05,465.05,483.9,465.0,False,True,True,True,True,True,1.1642331039118168,25.169682755,1.2830681334478975,True,-0.31601284822028214,True,46.23,False,0.9470934699103712,32.0,-0.44,0,True,▇█▇▇▅███▆▅▆▅▁▅▇▇▇▆▆▆,False,False,False,0,0.08568502503413744,-0.032352941176470584,0.07560586849546036,-0.08257264935331932,UP,False,23,43.0,IGNORE,NONE,,GREEN,C,WATCHLIST,No standout factor,Process Industries,36.8
BEL,399.5,389.65,400.9,388.65,False,False,False,False,False,True,1.4606995580350806,692.41264095,1.4692908336286357,True,0.09052971697291748,True,60.61,True,1.0502876550911484,88.0,1.27,0,True,▄▃▅▃▃▄▁▅▄▂▅▃▆▆█▇▆▇▁▆,False,False,False,0,-0.016494337764647926,-0.04903594382289933,-0.026573494303325007,-0.09925565199974806,UP,False,20,43.0,IGNORE,SEED,,GREEN,C,WATCHLIST,CMF positive,Electronic Technology,34.1
MAHSEAMLES,589.7,586.0,598.8,574.45,False,True,False,False,False,True,1.9881170877608607,8.10607517,2.0289743687478383,True,-0.12013861321392383,True,52.47,False,0.9014147418332373,36.0,-0.34,0,True,▇▇▄▆▁▃▄▅▁▂▃▆▃▆█▂▄▅▅▂,False,False,False,0,-0.014538770053475814,-0.05131917631917626,-0.024617926592152894,-0.101538884496025,UP,False,19,43.0,IGNORE,NONE,,GREEN,C,WATCHLIST,No standout factor,Non-Energy Minerals,41.4
GOPAL,277.9,273.9,281.5,273.9,False,True,True,False,False,False,3.2318737321301194,10.973298349999999,3.362601081531849,True,-0.18053099596399316,True,42.74,False,0.9019160969021695,37.0,-0.41,0,True,█▇█▃▄▁▅▇▆▆▄▃▅▃▅▆▄▃▃▄,False,False,False,0,0.033661893249023356,-0.05940091386021329,0.023582736710346275,-0.10962062203706202,UP,False,17,43.0,IGNORE,NONE,,GREEN,C,WATCHLIST,No standout factor,Consumer Non-Durables,39.6
BLUESTONE,814.5,819.0,839.45,804.6,True,True,True,True,False,True,0.41972292850375287,354.9731094,0.4377676532684196,False,0.0481078365798506,False,9.72,False,0.47057684393987076,4.0,-1.85,0,False,▆▅▆▇▇█▁▁▁▁▁▂▁▁▂▂▁▂▂▁,False,False,False,10,0.4026175305665576,0.6919401744910678,0.3925383740278805,0.6417204663142191,FLAT,True,99,42.0,IGNORE,NONE,,GREEN,C,WATCHLIST,"CMF positive, RS leader",Retail Trade,39.8
SEDEMAC,2802.5,2789.0,2839.4,2749.4,False,True,True,True,False,True,0.8317894230308255,26.01364575,0.8536528215943792,False,-0.14654765689482702,True,42.76,False,0.8719501626240072,40.0,-0.34,0,True,▅▅▇▄▁▅▆▅▇▇█▇▆▅▂▄▅▄▅▄,False,False,False,0,0.022064186725018198,0.30348837209302326,0.011985030186341117,0.25326866391617453,FLAT,True,90,42.0,IGNORE,NONE,,GREEN,C,WATCHLIST,RS leader,Producer Manufacturing,37.9
ARVIND,560.55,546.1,562.1,545.3,False,True,True,True,True,True,1.2965129542921918,34.77097255499999,1.3611180293533067,True,-0.0463425873957763,True,46.38,False,0.9264049376304568,55.0,0.03,0,True,▂▇▁▄▃▃█▅▆▃▃▃▂▆▃▃▄▁▄▃,False,False,False,0,0.06426808429846198,0.18421886553290356,0.0541889277597849,0.13399915735605483,FLAT,True,76,42.0,IGNORE,NONE,,GREEN,C,WATCHLIST,No standout factor,Process Industries,36.8
CGCL,230.25,239.82,240.84,228.61,True,False,True,True,False,True,0.6813305167999744,64.1136651,0.6561524561585251,False,-0.17573216788867338,True,43.79,True,1.2283309957924264,48.0,-0.04,0,True,▅▅▄▃▂▃▁▃▁▅▆▂▅▃▇▅▂▄█▆,False,False,False,5,-0.08710649433034656,0.16076830006049603,-0.09718565086902364,0.1105485918836473,FLAT,True,72,42.0,IGNORE,NONE,,GREEN,C,WATCHLIST,No standout factor,Finance,31.4
OMAXE,86.45,87.35,91.77,86.0,True,False,True,True,False,True,0.57605158663538,4.427216885,0.5328720401777383,False,0.1658830349697389,True,31.77,False,0.8410769597331427,17.0,-0.99,0,True,▃▁▂▄▄▃▄▅▆▄▅▇▆▆▆▆▆██▄,False,False,False,4,-0.04454022988505746,0.15097856477166816,-0.05461938642373454,0.10075885659481942,FLAT,True,70,42.0,IGNORE,NONE,,GREEN,C,WATCHLIST,CMF positive,Finance,31.4
SUBROS,828.7,832.0,841.7,812.2,False,True,True,True,False,False,0.9891292690774015,4.20374649,1.008783801174944,False,0.05279042525360969,True,50.2,True,1.0945642456882454,71.0,0.6,0,True,▆▄▅▆▅▅▇▅▆▄▅█▅█▁▅▆▅▆▆,False,False,False,0,0.008580295746364097,0.15001387732445193,-0.0014988607923129837,0.0997941691476032,FLAT,True,70,42.0,IGNORE,NONE,,GREEN,C,WATCHLIST,CMF positive,Producer Manufacturing,37.9
APOLLOTYRE,445.0,444.5,450.0,432.15,True,True,True,True,False,False,2.748784936314916,87.4674645,2.829910675136741,False,-0.02539088686860061,True,30.43,False,0.6726645740306821,4.0,-1.8,0,True,▅▄█▇▅▆▅▂▄▆▆▅▅▇▆▆▄▅▇▁,False,False,False,0,0.011133833219722833,0.12801013941698347,0.001054676681045752,0.07779043124013474,FLAT,True,66,42.0,IGNORE,NONE,,GREEN,C,WATCHLIST,No standout factor,Consumer Durables,38.4
5PAISA,367.55,372.4,372.4,364.45,False,True,True,True,False,True,0.40540480974114074,0.845107715,0.402808356847699,False,-0.14181250245784452,True,56.4,True,1.0580918701398594,81.0,0.86,0,True,▇▅▄▅▁▂▄▂▅▅▆▅▂▆█▇█▂█▆,False,False,False,3,0.004921394395078549,0.12160512664021983,-0.005157762143598532,0.0713854184633711,FLAT,True,65,42.0,IGNORE,NONE,,GREEN,C,WATCHLIST,No standout factor,Finance,31.4
GKENERGY,136.86,129.97,143.16,129.26,False,True,True,False,False,False,7.553409084318303,47.232986340000004,7.475038419799197,True,-0.23462573363795486,True,20.84,False,0.41097241120905564,1.0,-2.4,0,True,▅▇▅█▆▂▆█▆▆▅██▅▅▇▆█▇▁,False,False,False,0,-0.04892286309937455,0.10370967741935488,-0.05900201963805163,0.05348996924250615,FLAT,True,61,42.0,IGNORE,NONE,,GREEN,C,WATCHLIST,No standout factor,Industrial Services,34.6
ADANIENSOL,1607.5,1641.9,1641.9,1603.9,True,False,True,True,False,True,0.44638030033319415,148.15363,0.42626833472951997,False,-0.19533345506612138,True,45.02,True,1.2553502962704777,76.0,0.63,0,True,▂▂▄▃▁▃▁▃▅▄█▇▇▆▅▄▆▆▇▇,False,False,False,9,-0.006796416434970642,0.09854438597690152,-0.016875572973647723,0.048324677800052784,FLAT,True,60,42.0,IGNORE,NONE,,GREEN,C,WATCHLIST,No standout factor,Utilities,35.4
ORISSAMINE,4405.2,4290.3,4450.0,4290.3,False,True,True,True,False,False,0.5404324498392467,4.5836106,0.5844528815254354,False,-0.2546328600631369,True,55.11,True,1.1132771072168073,86.0,1.05,0,True,▆▅▆▇▆▅▅▅▇▅▆▃▁▅█▇▅▅▄▆,False,False,False,3,0.1628741882688347,0.07498962883428106,0.15279503173015763,0.02476992065743233,UP,True,55,42.0,IGNORE,SEED,,GREEN,C,WATCHLIST,No standout factor,Non-Energy Minerals,41.4
TECHNVISN,5800.0,5369.0,5800.0,5022.1,False,True,True,True,True,True,0.9031518624641833,1.37112,1.0637639427124201,False,0.6907102171491534,True,49.83,False,0.8351000092174393,10.0,-1.43,0,False,▇▇▆▇▆█▇▄▂▁▃▅▆▅▅▅▇▆▅▅,False,False,False,1,0.6111111111111112,0.05454545454545445,0.6010319545724341,0.004325746368605721,UP,True,49,42.0,IGNORE,NONE,,GREEN,C,WATCHLIST,CMF positive,Technology Services,38.0
SHYAMMETL,1006.9,1011.0,1027.8,982.6,True,False,True,True,False,True,1.184987762310061,72.27367096,1.151348346187892,False,0.08900182034234691,False,48.56,True,1.1703037825201539,42.0,-0.09,0,False,▅▄█▇▆▄▆▇▇▆▇█▅▂▁▂▁▃▄▆,False,False,False,6,0.03261203979079075,0.03446858786664597,0.022532883252113667,-0.01575112031020276,UP,False,43,42.0,IGNORE,NONE,,GREEN,C,WATCHLIST,CMF positive,Producer Manufacturing,37.9
KOTAKBANK,395.35,397.25,398.8,393.75,True,True,True,False,False,True,0.6688908818007414,386.56943464,0.6874284769053707,False,0.24166661367103467,False,70.52,True,1.0585092011647803,72.0,0.57,0,True,▅▁▁▅▂▄▅▇▇██▄▇▆█▇▂▇▅▆,False,False,False,0,0.048256661805647694,0.017239161199022357,0.03817750526697061,-0.032980546977826375,UP,False,39,42.0,IGNORE,NONE,,GREEN,C,WATCHLIST,CMF positive,Finance,31.4
INDRAMEDCO,380.65,375.0,405.9,375.0,False,True,True,False,True,False,65.36871208427705,322.5521518,67.51271904507053,True,-0.5464475529623224,False,10.65,False,0.17719728796639075,0.0,-4.74,0,True,▅▆▆▆▆▇▇▇█▆▅▇█▆▇▆▅▇▇▁,False,False,False,0,-0.0005251411316792298,0.0007887472065202239,-0.01060429767035631,-0.04943096097032851,UP,False,34,42.0,IGNORE,NONE,,GREEN,C,WATCHLIST,No standout factor,Health Services,41.4
TARSONS,312.3,317.5,320.0,308.0,True,True,True,True,False,False,0.19886287190160482,3.17343645,0.19919537701376613,False,-0.011954026850233657,False,46.19,True,1.0343167441079326,25.0,-0.47,0,True,▆▆█▆▇▇▁▄▅▅▇▆▇▇▆██▇█▆,False,False,False,10,0.029673590504450953,0.4909767974792323,0.019594433965773872,0.44075708930238355,FLAT,True,96,41.0,IGNORE,NONE,,GREEN,C,WATCHLIST,RS leader,Process Industries,36.8
JYOTICNC,784.3,863.35,873.0,738.9,True,False,True,False,False,False,9.285513941450493,544.9989329399999,8.966966321329327,False,-0.19816828513854953,False,30.31,False,0.6738925018064588,13.0,-1.15,0,True,▆▁▄▆▄▅█▅▄▂▆▆▇▇▅▆▆▇▆▁,False,True,True,13,-0.015378821166279533,0.3159395973154362,-0.025457977704956614,0.26571988913858746,FLAT,True,91,41.0,IGNORE,DISTRIBUTION,,GREEN,C,WATCHLIST,RS leader,Producer Manufacturing,37.9
OMNI,575.0,627.0,627.0,553.3,True,False,True,True,False,False,4.098275595012824,329.6075375,3.6148229731512753,False,-0.05034047766150327,False,18.45,False,0.5042843671846172,6.0,-1.59,0,False,▆▅▅▅▆▅▅▄▆▄▅█▅▇█▄▅▁▁▂,False,False,False,8,0.11003861003860993,0.3247321737127058,0.09995945349993285,0.27451246553585706,FLAT,True,91,41.0,IGNORE,DISTRIBUTION,,GREEN,C,WATCHLIST,RS leader,Producer Manufacturing,37.9
DECNGOLD,215.74,229.69,233.0,215.0,True,True,True,True,False,True,1.996572764100187,94.75766798400001,2.0361720397188825,False,0.1858694291963324,False,32.37,False,0.8578925050355136,18.0,-0.89,0,True,▆▄▅▅▇█▆█▅▅▆▃▆▆█▅██▁▄,False,False,True,1,0.06066863323500482,0.2996385542168676,0.05058947669632774,0.24941884604001885,FLAT,True,89,41.0,IGNORE,NONE,,GREEN,C,WATCHLIST,CMF positive,Non-Energy Minerals,41.4
CONCORDBIO,1365.0,1374.7,1390.9,1356.4,True,True,True,True,False,False,0.46765282335449637,9.389835,0.46752493758523334,False,0.019652578811504253,True,47.15,False,0.9877448413114067,42.0,-0.17,0,True,▆▅▂▂▃▅▅▇▆▃██▇▆▁▂▃▇▅▅,False,False,False,3,0.04621752126925727,0.2985159817351597,0.036138364730580186,0.24829627355831096,FLAT,True,89,41.0,IGNORE,NONE,,GREEN,C,WATCHLIST,CMF positive,Commercial Services,35.1
PAYTM,1441.6,1425.3,1459.5,1425.3,True,True,True,True,False,True,0.7512399371839359,440.3080321599999,0.8021557848797741,False,-0.03155382924340601,False,53.54,True,1.421271286550484,91.0,1.4,0,False,▄▆▃▂▃▅▂▂▂▂▆▆█▅▇▂▁▃▄▇,False,False,False,8,0.07437770159487256,0.2885234179478011,0.06429854505619548,0.2383037097709524,FLAT,True,88,41.0,IGNORE,SEED,,GREEN,C,WATCHLIST,Delivery P91,Finance,31.4
DYCL,401.9,405.0,410.55,399.95,True,True,True,True,False,False,0.06254094812292481,6.1223838399999995,0.059315657366593125,False,0.129150647978616,False,47.42,True,1.597951171842092,64.0,0.43,1,False,▇▁▄▅▇▁▂▄▄▃▄▇▅▇▅▅▆▆▇█,False,False,False,1,0.1077728776185225,0.2658267716535432,0.09769372107984542,0.21560706347669445,FLAT,True,86,41.0,IGNORE,NONE,DEL47% ▇▁▄▅▇▁▂▄▄▃▄▇▅▇▅▅▆▆▇█ P64 Z+0.4,GREEN,C,WATCHLIST,CMF positive,Producer Manufacturing,37.9
COSMOFIRST,892.5,884.0,937.35,872.1,False,True,True,True,False,False,6.0983090928282575,61.36053525,6.2247204489916,True,-0.12048420626516529,False,33.51,False,0.6916979730008669,4.0,-2.0,0,False,▄█▅▄▃▁▄▆▃▇▅▅▆▆▂▆▆▆▅▂,False,False,False,8,0.07381339108464169,0.22655122655122661,0.06373423454596461,0.17633151837437788,FLAT,True,82,41.0,IGNORE,NONE,,GREEN,C,WATCHLIST,No standout factor,Process Industries,36.8
RELAXO,423.45,428.9,433.0,420.2,True,True,True,True,False,False,0.13270819401537637,15.589862235,0.12952636898434458,False,0.5961012985049072,False,40.54,True,1.3626432724950424,36.0,-0.14,0,True,▅▅▅█▁▁▃▂▄▄▃▅▃▄▆▄▅▅▅▆,False,False,False,2,0.07284013174562953,0.2263249348392702,0.06276097520695245,0.17610522666242145,FLAT,True,82,41.0,IGNORE,NONE,,GREEN,C,WATCHLIST,CMF positive,Consumer Non-Durables,39.6
RSL,153.0,153.0,156.49,151.0,True,True,True,True,False,True,0.6364489576534897,4.3462557,0.693866111352358,False,-0.09618755885922714,False,50.89,True,1.0444008906857665,65.0,0.28,0,True,▃▇▄▃▅▃▁▅▅▄▅▆▅▃▃█▅▄▃▅,False,False,False,9,0.1861384603457632,0.22048500319081055,0.17605930380708612,0.17026529501396181,UP,True,81,41.0,IGNORE,NONE,,GREEN,C,WATCHLIST,No standout factor,Non-Energy Minerals,41.4
SONATSOFTW,318.05,324.6,337.65,316.7,True,True,True,True,False,False,0.4385710039534042,55.354789614999994,0.44158140629331866,False,0.1870262017788879,False,27.04,False,0.9704800358905338,20.0,-0.77,0,True,▁▂▅▄▆▆▆▇█▄▅▃▃▄▅▆▆▆▅▅,False,False,False,5,0.11459611004030124,0.19973594869860434,0.10451695350162415,0.1495162405217556,FLAT,True,79,41.0,IGNORE,NONE,,GREEN,C,WATCHLIST,CMF positive,Technology Services,38.0
INDIAGLYCO,1143.6,1148.0,1160.9,1140.0,True,True,True,True,False,True,0.3213646806177638,6.7804044,0.3215873827637817,False,-0.03781521336945299,False,59.93,True,1.241982446869139,97.0,1.78,0,False,▆▆▃▅▁▄▆▅▇▃▆▆▆▆▄▇▅▆▅█,False,False,False,8,0.07103722781549981,0.17292307692307674,0.060958071276822734,0.122703368746228,FLAT,True,75,41.0,IGNORE,SEED,,GREEN,C,WATCHLIST,Delivery P97,Process Industries,36.8
GULPOLY,204.87,215.0,227.63,203.0,True,True,True,True,False,True,4.369249685116869,96.375703419,4.706703065492221,False,-0.39122693858787866,False,25.06,False,0.5098625649789931,2.0,-2.4,0,True,▆▆▇▇▇▇▇▁▃▄▆▅▅▆█▇▇█▇▃,False,False,False,0,0.07792276123329467,0.16535836177474406,0.06784360469461759,0.11513865359789532,FLAT,True,73,41.0,IGNORE,DISTRIBUTION,,GREEN,C,WATCHLIST,No standout factor,Consumer Non-Durables,39.6
HCLTECH,1337.0,1349.9,1363.2,1332.5,True,True,True,False,False,False,0.8304817212240105,455.9742236,0.8885772421116857,False,0.08972083430936509,False,40.19,False,0.7938138221177585,4.0,-1.77,0,True,▂▁▁▂▅▇▇█▃▁▄▄▃▆▄▆▆▆█▂,False,False,False,11,0.16220445062586908,0.15070143730097252,0.152125294087192,0.10048172912412379,UP,True,70,41.0,IGNORE,NONE,,GREEN,C,WATCHLIST,CMF positive,Technology Services,38.0
CARYSIL,1183.9,1215.0,1223.9,1178.0,True,True,True,True,False,True,0.43633158142549405,6.352333840000001,0.4341646759611566,False,-0.35423411291265927,False,59.98,True,1.1880991997464543,96.0,1.51,0,True,▃▅▁▄▆▅▆▅▆▆▅▇▆█▇▇▆▆▆▇,False,False,False,1,0.00920637626800791,0.09869611618950414,-0.0008727802706691712,0.0484764080126554,FLAT,True,60,41.0,IGNORE,SEED,,GREEN,C,WATCHLIST,Delivery P96,Consumer Durables,38.4
GRAVITA,1732.1,1710.0,1739.5,1706.0,False,True,True,True,False,True,0.4467979781006317,22.15251974,0.44869280505589365,False,-0.1988077711355142,False,56.42,True,1.1593190387638315,85.0,0.97,0,True,▆▇▄▅▄▆▄▁█▄▆▅▄▇█▅▅▇▇█,False,False,False,3,-0.06605197886336678,0.07390414780829557,-0.07613113540204386,0.02368443963144684,FLAT,True,54,41.0,IGNORE,SEED,,GREEN,C,WATCHLIST,No standout factor,Non-Energy Minerals,41.4
PFIZER,4880.6,4925.0,4925.0,4850.0,True,True,True,True,False,False,0.18814618029845762,2.8585674200000004,0.1940005053499298,False,0.13530390997002273,False,45.31,False,0.8058477764043646,16.0,-0.68,0,True,▆▆▅▇▄▆▇▄▆▅▆▁▅███▆▇▇▄,False,False,False,4,0.03153400684786756,0.061346091116668555,0.021454850309190476,0.011126382939819823,UP,True,51,41.0,IGNORE,NONE,,GREEN,C,WATCHLIST,CMF positive,Health Technology,33.0
AUTOAXLES,1827.8,1850.0,1878.0,1810.0,True,False,True,True,False,True,0.9763006267216127,2.86014144,0.9550308090516965,False,0.10452516605099424,False,53.59,False,0.857501740125289,40.0,-0.24,0,True,▅▅▇▅▅▅▅▇▄▅▄▅█▄█▄▂▁▂▂,False,False,False,3,0.030501212155381374,0.05616549173696983,0.020422055616704293,0.005945783560121098,UP,True,50,41.0,IGNORE,NONE,,GREEN,C,WATCHLIST,CMF positive,Producer Manufacturing,37.9
VIPIND,315.0,316.0,317.95,311.05,False,True,True,False,True,False,0.6641223089244044,3.258675,0.6927187642472523,False,0.028556136021455084,True,57.54,True,1.0795902285263987,77.0,0.55,0,True,▇▇▃▇▁▅▆▇▆▆▅█▅▅▆▃▅▆▄▆,False,False,False,0,0.03960396039603964,0.05210420841683372,0.029524803857362558,0.0018845002399849875,UP,True,49,41.0,IGNORE,NONE,,GREEN,C,WATCHLIST,CMF positive,Consumer Durables,38.4
PAGEIND,39900.0,39890.0,40240.0,39735.0,True,False,True,True,False,True,0.4483804551255228,42.96831,0.44524821361329847,False,0.12874422322610735,True,53.75,True,1.1348161597821154,56.0,0.18,0,False,▆▇▆█▅▆▇▇▅▆▅▃█▃▄▁▆▄▇▇,False,False,False,0,0.01281888564538658,0.04463935070035352,0.0027397291067094987,-0.005580357476495212,UP,False,47,41.0,IGNORE,NONE,,GREEN,C,WATCHLIST,CMF positive,Consumer Non-Durables,39.6
BANCOINDIA,686.95,682.0,690.5,679.6,False,True,True,True,True,False,0.8720718088062647,7.626106730000001,0.9229198746386896,False,-0.016499449604179733,True,47.05,False,0.9949459705216858,79.0,0.85,0,True,▅█▅▅▅▅▇▆▇▃▃▇▇▅▁▅▅▇▅▅,False,False,False,3,0.007479650949622441,0.04678095238095237,-0.0025995055890546404,-0.0034387557958963644,UP,False,47,41.0,IGNORE,NONE,,GREEN,C,WATCHLIST,No standout factor,Producer Manufacturing,37.9
ATUL,6774.0,6900.0,7007.0,6752.5,True,True,True,True,False,True,1.5773452924369502,88.1067084,1.6358528868669697,False,0.016929699292584904,False,49.21,False,0.9567508190028094,36.0,-0.3,0,False,▇▆▅▅█▆▅▅▃▂▁▃▇▅▆▅▆▅█▅,False,False,False,0,0.08627325208466963,-0.011888264896798173,0.07619409554599255,-0.062107973073646905,UP,False,30,41.0,IGNORE,NONE,,GREEN,C,WATCHLIST,CMF positive,Process Industries,36.8
LINDEINDIA,7112.5,7150.0,7206.0,7057.0,True,True,True,True,False,True,0.7952676890842564,14.739945,0.8152056999709363,False,-0.14951316754871669,True,56.19,True,1.1056344263746642,73.0,0.48,0,True,▂▁▃▁▃▄▆█▄▃▃▅▃▆▅▄▂▄▃▅,False,False,False,0,0.011303853263187724,-0.012769796654868437,0.0012246967245106433,-0.06298950483171717,UP,False,29,41.0,IGNORE,NONE,,GREEN,C,WATCHLIST,No standout factor,Process Industries,36.8
ALLTIME,219.59,217.82,224.0,214.5,False,False,False,False,False,False,2.426760030639805,2.803615325,2.3254400423874344,True,-0.36755281433538456,True,64.85,True,1.0764914843464692,82.0,0.87,0,True,▆▆▁▂▆▆▇█▆▆▂▁▇▇▆▇▇▇▂▆,False,True,False,0,-0.0713047155846902,-0.014893903369072703,-0.08138387212336728,-0.06511361154592143,FLAT,False,28,41.0,IGNORE,NONE,,GREEN,C,WATCHLIST,No standout factor,Producer Manufacturing,37.9
BEPL,123.57,122.1,125.8,121.11,False,True,True,True,False,True,0.21662491395210465,31.937309063999997,0.21664613396328222,False,-0.006488938822475611,True,36.6,True,1.114579368100495,8.0,-1.53,0,False,▆█▆▆█▁▁▂▃▂▅▄▄▅▅▆▅▅▆▅,False,False,False,5,0.1980802792321117,0.2935203600963048,0.1880011226934346,0.24330065191945605,FLAT,True,89,40.0,IGNORE,NONE,,GREEN,C,WATCHLIST,No standout factor,Process Industries,36.8
PICCADIL,743.15,749.95,760.9,736.95,True,True,True,True,False,True,0.4859179144915813,10.832525975,0.4875025560885822,False,0.014024796457408614,False,56.33,True,1.1602113219982906,80.0,0.77,0,False,▁▂▃▄▄█▂▅▄▃▄▄▂▆▄▇▄▅▅▆,False,False,False,11,0.1062072045251563,0.2822879820550428,0.09612804798647923,0.23206827387819406,FLAT,True,88,40.0,IGNORE,NONE,,GREEN,C,WATCHLIST,CMF positive,Process Industries,36.8
APCOTEXIND,614.8,617.0,624.95,612.0,True,True,True,True,False,True,0.2075640312273425,8.02227928,0.19887998942967888,False,0.03049519299270707,False,48.52,True,1.1169429097605894,27.0,-0.54,0,False,▆▇▆▇██▆▇▇▆▇▆▁▃▅▅▄▇▆▇,False,False,False,9,0.21166732361056373,0.28190158465387816,0.20158816707188665,0.23168187647702942,FLAT,True,88,40.0,IGNORE,NONE,,GREEN,C,WATCHLIST,CMF positive,Process Industries,36.8
AURUM,226.01,222.0,227.77,221.82,False,True,True,True,False,True,0.3868023634137637,5.287187536,0.3711186496942988,False,-0.2515933576795946,True,59.18,True,1.34329035772653,50.0,0.17,0,False,█▇▃▃▅▁▅▅▅▆▆▂▇▆█▇▂▅▄▇,False,False,False,3,-0.00348324514991194,0.286267144727107,-0.01356240168858902,0.23604743655025828,FLAT,True,88,40.0,IGNORE,NONE,,GREEN,C,WATCHLIST,No standout factor,Technology Services,38.0
RANEHOLDIN,1766.2,1761.6,1780.0,1740.0,False,True,True,True,False,True,0.5038194980088332,1.55743516,0.4934991180916889,False,0.08608887765099046,True,50.77,False,0.9293088299897496,26.0,-0.53,0,True,▁▄▃▅▂▄▆▆▇▃▅█▆▅▃▃▅▂▅▃,False,False,False,2,-0.015166722426675605,0.26040105616213527,-0.025245878965352686,0.21018134798528654,FLAT,True,86,40.0,IGNORE,NONE,,GREEN,C,WATCHLIST,CMF positive,Producer Manufacturing,37.9
SPORTKING,214.34,206.11,215.91,204.76,False,True,True,True,False,True,0.5577920482146584,15.867204388,0.5551484186932286,False,-0.18193009051220757,True,46.14,True,1.0707075395075765,24.0,-0.67,0,False,▆▂▆▅█▇▅▆▅▅▇▇▇▇▄▁▄▆▇▆,False,False,False,14,0.17356548401226468,0.2576424338438068,0.1634863274735876,0.20742272566695807,FLAT,True,85,40.0,IGNORE,NONE,,GREEN,C,WATCHLIST,No standout factor,Process Industries,36.8
SGFIN,694.45,712.0,717.8,685.5,True,True,True,True,False,True,0.22400101850633042,14.588866710000003,0.2416514801679661,False,-0.3110167055554511,True,52.09,True,1.3024779336383867,48.0,-0.04,0,False,█▁▁▄▇▃▅▆▅▂▇▇▅▇▆▆▅▆▇█,False,False,False,7,0.08865025866123233,0.23457777777777777,0.07857110212255525,0.18435806960092904,FLAT,True,83,40.0,IGNORE,NONE,,GREEN,C,WATCHLIST,No standout factor,Finance,31.4
NAUKRI,1225.3,1236.9,1244.0,1222.6,True,True,True,True,False,True,0.4255212015838126,91.64006447,0.43019609969232225,False,-0.034829223301094066,True,50.91,False,0.9231940956197694,23.0,-0.69,0,True,▄▁▃▄▆█▅▅▂▃▄▁▅▆▆▄▅▄▆▃,False,False,False,11,0.017648768738839804,0.23145728643216068,0.007569612200162723,0.18123757825531195,FLAT,True,82,40.0,IGNORE,NONE,,GREEN,C,WATCHLIST,No standout factor,Technology Services,38.0
SANATHAN,477.8,476.9,484.0,469.65,False,True,True,True,False,True,1.0921379887129412,2.9824276,1.1015267624711977,True,-0.011087119586752636,True,38.47,False,0.6315668505384817,4.0,-1.84,0,True,▆▇▆▇▅█▁▅▃▃▄▅▅▃▆▃▃█▆▁,False,False,False,3,0.07358723738905737,0.17771752526497409,0.06350808085038029,0.12749781708812535,FLAT,True,75,40.0,IGNORE,NONE,,GREEN,C,WATCHLIST,No standout factor,Process Industries,36.8
PWL,131.0,125.49,133.5,125.08,False,True,True,True,False,False,2.1350062002419716,166.0096059,2.1034650323270863,True,-0.16717980700492022,True,17.74,False,0.6966287722605093,23.0,-0.81,0,False,▂▁▄▇▂▃▃▄▅▅█▁▄▄▅▅▆█▇▂,False,False,False,0,-0.11005434782608692,0.168599464763604,-0.120133504364764,0.11837975658675526,FLAT,True,74,40.0,IGNORE,NONE,,GREEN,C,WATCHLIST,No standout factor,Commercial Services,35.1
AVL,618.45,627.0,630.5,617.0,True,False,True,True,False,True,0.43026831437770374,5.281686690000001,0.4212614406837878,False,0.09529960873368047,True,47.45,False,0.8881859106947317,44.0,-0.2,0,True,█▄▃▄▇▄▆▃▄▅▃▄▂▆▁▁▂▃▃▃,False,False,False,0,-0.02728845548914738,0.15630550621669625,-0.03736761202782446,0.10608579803984752,FLAT,True,71,40.0,IGNORE,NONE,,GREEN,C,WATCHLIST,CMF positive,Retail Trade,39.8
MUNJALAU,102.46,102.51,103.69,101.95,True,True,True,True,False,True,0.2776027294387102,1.4127389719999999,0.27250133762291967,False,0.10884369459897549,True,51.62,True,1.481141414286329,83.0,0.87,0,False,▁▅▄▄▆▄▃▅▄▆▂▅▆▆▅▇▆▇██,False,False,False,0,0.011151682621138859,0.1371809100998891,0.0010725260824617777,0.08696120192304035,FLAT,True,67,40.0,IGNORE,NONE,,GREEN,C,WATCHLIST,CMF positive,Producer Manufacturing,37.9
NIACL,177.11,177.27,177.85,176.04,True,True,True,True,False,False,0.2692941077247972,12.000123472000002,0.2643406904802911,False,0.10762774210725505,True,29.07,False,0.9467975963652352,35.0,-0.45,0,True,▅▇▄▅▇▅▅▅▅▄▅▆▆▅▄▆█▁▄▅,False,False,False,0,-0.03702696824706375,0.12507940541227303,-0.04710612478574083,0.0748596972354243,FLAT,True,65,40.0,IGNORE,NONE,,GREEN,C,WATCHLIST,CMF positive,Finance,31.4
LENSKART,571.95,568.7,575.65,563.45,False,True,True,True,False,True,0.9717911097919338,225.70462485,1.0085483097948464,False,-0.03617213726972645,True,64.53,True,1.0587366694011484,86.0,1.12,0,False,▃▃▁▄▂▃▆▃▃▂▄▆▄▅█▆▆▄▅▆,False,False,False,12,0.05137867647058836,0.09779270633397319,0.04129951993191128,0.04757299815712446,FLAT,True,60,40.0,IGNORE,SEED,,GREEN,C,WATCHLIST,No standout factor,Health Technology,33.0
TVSHLTD,14848.0,15042.0,15070.0,14752.0,True,True,True,True,False,True,0.23954657255908457,4.4900352,0.2433732036250077,False,-0.3452672341781981,True,53.74,False,0.9999162705020979,62.0,0.19,0,True,▇▂█▁▃▄▄▁▂▄▃▄▄▄▄▅▃▅▄▄,False,False,False,12,0.05936073059360725,0.09530835054588382,0.049281574054930166,0.04508864236903509,UP,True,59,40.0,IGNORE,NONE,,GREEN,C,WATCHLIST,No standout factor,Producer Manufacturing,37.9
JNKINDIA,403.0,417.0,425.0,401.0,True,False,False,True,False,False,0.5484600253187395,9.4823885,0.4562116823382857,False,-0.09470017394488087,True,61.9,True,1.4627345337681366,90.0,1.16,0,True,▂▁▁▃▄▄▂▄▂▂▂▃▆▇█▅▂▇▅█,False,False,False,3,-0.20879552370668497,0.08977825851811794,-0.21887468024536205,0.039558550341269205,FLAT,True,58,40.0,IGNORE,SEED,,GREEN,C,WATCHLIST,Delivery P90,Producer Manufacturing,37.9
MAHSCOOTER,13818.0,13867.0,13903.0,13665.0,False,True,True,True,False,False,0.5002997231129337,3.6327522,0.522898951470746,False,0.12349323827393893,True,41.19,False,0.7836087093000029,17.0,-0.88,0,False,▅▇▆▇▆▇█▇▇▆▅▆▁▆▆▄▄▅▅▄,False,False,False,6,0.05167820990942995,0.08223684210526305,0.04159905337075287,0.03201713392841432,UP,True,56,40.0,IGNORE,NONE,,GREEN,C,WATCHLIST,CMF positive,Producer Manufacturing,37.9
MARUTI,14034.0,14181.0,14181.0,13985.0,True,True,True,True,False,False,0.7111191424867545,447.8908998,0.7206627551020791,False,0.14684100952328244,True,53.04,True,1.0543369147128105,39.0,-0.27,0,False,▂▄▅▄▂▅▁▄▅▁▅▇█▅▃▄▆▅▅▅,False,False,False,0,0.022290209790209792,0.06253785584494254,0.01221105325153271,0.012318147668093804,FLAT,True,52,40.0,IGNORE,NONE,,GREEN,C,WATCHLIST,CMF positive,Consumer Durables,38.4
PERSISTENT,5475.0,5470.0,5594.0,5448.5,False,True,True,True,False,False,0.7289819707718578,277.8502275,0.7503617158382626,False,0.035958639737831526,False,39.51,True,1.051119358314378,29.0,-0.58,0,False,▁▄▄▃▄▆▁▄█▁▃▂▄▂▅▁▁▆▆▄,False,False,False,7,0.08332179109202809,0.054040005390524115,0.073242634553351,0.0038202972136753832,UP,True,49,40.0,IGNORE,NONE,,GREEN,C,WATCHLIST,CMF positive,Technology Services,38.0
TNPL,156.6,157.55,157.55,154.91,True,True,True,True,False,True,0.2941915153880484,1.40236866,0.30579497346537177,False,-0.1299804605678617,True,59.98,True,1.2152893859729101,71.0,0.5,0,False,▇▇▄▅▄▇▆▅▁▆▅▅▇▄▄▇█▇▇█,False,False,False,3,0.08961870303367658,0.05454545454545445,0.0795395464949995,0.004325746368605721,UP,True,49,40.0,IGNORE,NONE,,GREEN,C,WATCHLIST,No standout factor,Process Industries,36.8
DOLLAR,279.5,287.0,287.7,278.05,True,True,True,False,False,False,1.7172590787120758,7.142343,1.8063440835898583,False,0.07359280980234109,False,66.61,True,1.127521095528679,82.0,0.76,0,True,▃▇▆▅▆▅█▆▇▆▆▄█▁▃▅▂▃▆▆,False,False,True,2,0.03595255744996284,0.049962434259954946,0.02587340091128576,-0.0002572739168937854,UP,False,48,40.0,IGNORE,NONE,,GREEN,C,WATCHLIST,CMF positive,Consumer Non-Durables,39.6
EIHOTEL,306.55,320.0,321.65,304.35,True,False,False,False,False,False,9.581545581642,42.64876875,8.831902994143956,False,-0.18971358556563184,False,76.85,True,1.483461861421305,97.0,1.9,0,True,▃▆▄▄▄▄▄▄▅▃▆▄▁▄▅▅▄▅▄█,False,False,False,8,-0.07035633055344959,0.03494260634706281,-0.08043548709212667,-0.015277101829785922,FLAT,False,44,40.0,IGNORE,DISTRIBUTION,,GREEN,C,WATCHLIST,Delivery P97,Consumer Services,35.0
VIJAYA,1351.1,1384.7,1433.0,1340.0,True,False,True,True,False,True,3.3231715230890364,77.8382221,3.2993203682381624,False,-0.13536207935090347,False,20.21,False,0.40710264183629274,1.0,-2.34,0,True,▃▄▄▃▃▃▅▅▄▃▃▅▅▄█▅▄▅▃▁,False,False,False,4,-0.027355841912029333,0.03255636224684744,-0.037434998450706414,-0.017663345930001295,FLAT,False,43,40.0,IGNORE,DISTRIBUTION,,GREEN,C,WATCHLIST,No standout factor,Health Services,41.4
TITAGARH,847.45,860.0,864.6,844.7,True,True,True,True,False,True,0.6771215863198069,21.24336813,0.6765532350212482,False,0.0828559204992567,False,41.15,True,1.2283215426405183,87.0,1.14,0,False,▇▁▆▂▄▆▇▅▃▄▅▆▃▁█▂█▅▅▇,False,False,False,0,0.013938741325676185,0.025782242934091926,0.003859584786999104,-0.024437465242756806,UP,False,41,40.0,IGNORE,SEED,,GREEN,C,WATCHLIST,CMF positive,Producer Manufacturing,37.9
HINDPETRO,393.05,392.95,395.45,392.0,True,False,True,False,False,False,0.7794712094700499,200.13689367,0.7799250077774812,False,0.14971961495588929,False,65.38,True,1.278663837360531,96.0,1.76,0,True,▆▅▄▁▆▄▅▄▄▃▂▄▆▇█▅▇▅▄█,False,False,False,1,-0.005691879585125181,-0.0020312301637679386,-0.015771036123802262,-0.05225093834061667,UP,False,33,40.0,IGNORE,SEED,,GREEN,C,WATCHLIST,"Delivery P96, CMF positive",Energy Minerals,42.6
AVTNPL,71.86,72.0,72.97,71.12,False,True,True,True,True,True,1.2966975359862027,0.30039635800000003,1.3209131677099282,True,-0.11311489341162559,False,69.4,True,1.0145086430581443,79.0,0.79,0,True,▃▄▄▅▁█▆▃▄▂▃▄▄▅▁▂▄█▄▄,False,False,False,0,0.025838686652391196,-0.004709141274238271,0.015759530113714115,-0.054928849451087,UP,False,32,40.0,IGNORE,NONE,,GREEN,C,WATCHLIST,No standout factor,Consumer Non-Durables,39.6
GRAPHITE,709.95,721.9,729.5,707.4,True,True,True,True,False,True,0.29058329213053846,41.42402061,0.30641731232328634,False,0.1193625217757795,False,41.32,True,1.2310259045746377,83.0,0.97,0,False,▄▅▅▄▅▅▄▆▂▁▃▆▄▂█▇▂▃▃▅,False,False,False,0,0.15891283055827632,-0.02445894881484023,0.14883367401959924,-0.07467865699168896,UP,False,25,40.0,IGNORE,NONE,,GREEN,C,WATCHLIST,CMF positive,Process Industries,36.8
SUPREMEIND,3442.0,3477.0,3477.0,3415.3,True,True,False,False,False,False,0.8985264847455039,60.9650482,0.9007152174353001,False,0.12339992054168486,False,66.81,True,1.5496126548220996,93.0,1.45,1,False,█▆▄▆▅▅▃▄▄▃▅▁▄▄▆▅▇▆▅█,False,False,False,0,0.03687191227858788,-0.03014933784164553,0.0267927557399108,-0.08036904601849426,UP,False,24,40.0,IGNORE,SEED,DEL67% █▆▄▆▅▅▃▄▄▃▅▁▄▄▆▅▇▆▅█ P93 Z+1.4,GREEN,C,WATCHLIST,"Delivery P93, CMF positive",Producer Manufacturing,37.9
JUBLPHARMA,932.0,926.0,945.0,914.4,False,False,False,False,False,False,1.141551767002637,15.6626328,1.0805685678741284,True,0.018697966672371825,True,54.29,True,1.029965566632834,56.0,0.19,0,True,▆▄▁▃▃▄▅▄▃▃▆▆█▆▇▆▆▅█▅,False,False,False,4,-0.03339556108691144,-0.06331658291457287,-0.04347471762558852,-0.1135362910914216,UP,False,16,40.0,IGNORE,NONE,,GREEN,C,WATCHLIST,CMF positive,Health Technology,33.0
INDOTHAI,99.59,99.59,99.59,99.59,True,False,False,False,False,False,0.09528838075775704,2.041027337,0.044333440766008356,False,-0.4729561066880401,False,100.0,True,2.1904605443294454,100.0,3.48,4,True,▃▄▂▂▃▁▁▂▂▂▃▁▁▁▄▃████,True,False,False,0,-0.5440227095828946,-0.5614707177454865,-0.5541018661215716,-0.6116904259223352,UP,False,1,40.0,IGNORE,SEED,DEL100% ▃▄▂▂▃▁▁▂▂▂▃▁▁▁▄▃████ P100 Z+3.5 4D,GREEN,C,WATCHLIST,"Delivery P100, 4D high delivery",Finance,31.4
SOTL,756.45,782.0,805.2,742.3,True,True,True,True,False,True,1.612013508763819,109.45884451500001,1.7839070095203728,False,-0.016198505656028157,False,22.06,False,0.6067440453270257,3.0,-2.35,0,False,▆█▄▆▆▇▄▆▁▄▅▇▆▆▇▆▇▅▃▃,False,False,True,7,0.24528767799818918,0.7357732905002294,0.2352085214595121,0.6855535823233807,FLAT,True,99,39.0,IGNORE,DISTRIBUTION,,GREEN,C,WATCHLIST,RS leader,Process Industries,36.8
MENONBE,161.7,170.69,174.57,159.65,True,True,True,True,False,True,0.7306672049386455,3.5119461299999997,0.716646782132681,False,-0.5029716769931594,False,50.79,True,1.1761300481659875,25.0,-0.42,0,False,▇▆▇██▃▂▁▃▄▇▅▄▆▅▄▃▃▆▆,False,False,False,11,0.08691268400887253,0.3803995219395595,0.07683352747019545,0.33017981376271077,FLAT,True,93,39.0,IGNORE,NONE,,GREEN,C,WATCHLIST,RS leader,Producer Manufacturing,37.9
PAISALO,68.68,69.0,69.89,68.5,True,False,True,True,False,True,0.6391400953882217,78.46511432,0.6118825133741257,False,-0.1253571904706807,False,42.2,True,1.0355065884720145,26.0,-0.66,0,False,▆▃▂▁▁▄▇██▇▆█▆▆▇▅█▂▂▅,False,False,False,4,-0.062261059530311136,0.3315238464521133,-0.07234021606898822,0.28130413827526457,FLAT,True,91,39.0,IGNORE,NONE,,GREEN,C,WATCHLIST,RS leader,Finance,31.4
AEROENTER,126.39,130.49,131.59,125.71,True,True,True,True,False,True,0.48489300489285475,3.428113887,0.49359569013451465,False,-0.05285778431712576,False,59.68,True,1.2567914753822178,86.0,1.02,0,True,▃▄█▆▄▄▄▇▁▄▄▂▄▆▃▅▃▄▄▆,False,False,False,0,0.011362727054493149,0.31314285714285717,0.0012835705158160682,0.26292314896600844,FLAT,True,90,39.0,IGNORE,SEED,,GREEN,C,WATCHLIST,RS leader,Producer Manufacturing,37.9
ASHIKAG,456.0,478.0,478.0,451.0,True,True,True,True,False,True,0.6349637201350247,13.8565176,0.6344996733256092,False,0.12317721395031282,False,0.0,False,0.0,,,0,False,,False,False,False,10,0.14228456913827658,0.29141886151231944,0.1322054125995995,0.2411991533354707,FLAT,True,88,39.0,IGNORE,NONE,,GREEN,C,WATCHLIST,CMF positive,Miscellaneous,22.2
RATNAVEER,206.1,206.36,218.49,205.0,False,True,True,True,False,True,0.7430712222421195,132.31345887,0.7718832479795688,False,0.08086243105140804,False,23.76,False,0.7532693984306887,11.0,-1.39,0,False,▆▆█▆▅▄▇█▅▆▁▂▃▄▅▁▁▂▃▃,False,False,False,3,0.14493639242264322,0.25525306047871377,0.13485723588396614,0.20503335230186504,FLAT,True,85,39.0,IGNORE,NONE,,GREEN,C,WATCHLIST,CMF positive,Non-Energy Minerals,41.4
CHOICEIN,841.15,832.0,843.95,831.0,False,True,True,True,True,True,0.9679105172795471,58.163756085,0.9946661031714772,False,-0.01258531955524865,False,26.68,False,0.8905355563343847,26.0,-0.66,0,True,█▅▃▆▇▇▁█▁▁▄▂▅▆▂▅▄▃▃▃,False,False,False,6,0.007365269461077739,0.25115275918488766,-0.0027138870775993418,0.20093305100803893,FLAT,True,85,39.0,IGNORE,NONE,,GREEN,C,WATCHLIST,No standout factor,Commercial Services,35.1
ETERNAL,302.65,312.5,316.0,301.8,True,True,True,True,False,True,0.9221084560807444,1108.59938375,0.9561564387437749,False,0.09541343441011461,False,44.2,False,0.9036821982785059,13.0,-1.15,0,False,▅█▇▆▄▇▆▃▁▄▃▅▅▄▅▃▆▄▃▄,False,False,False,10,0.07456062488904669,0.2437330484096325,0.06448146835036961,0.19351334023278377,FLAT,True,84,39.0,IGNORE,NONE,,GREEN,C,WATCHLIST,CMF positive,Technology Services,38.0
FLUOROCHEM,4518.1,4547.9,4634.8,4460.4,True,True,True,True,False,True,0.7139137820160882,60.36588229000001,0.7373133383498792,False,0.39132111497022903,False,38.56,False,0.747351997751742,8.0,-1.19,0,False,█▄▃▇▅▄▁▄▇▄▅▄▅▃▁▇▆▄▃▂,False,False,False,13,0.14628948369909933,0.24499862220997537,0.13621032716042225,0.19477891403312664,FLAT,True,84,39.0,IGNORE,NONE,,GREEN,C,WATCHLIST,CMF positive,Process Industries,36.8
GARFIBRES,811.85,846.0,856.5,800.5,True,True,True,True,False,True,0.8197417934295137,5.089893575,0.8427455496403001,False,0.32982545485105447,False,37.84,False,0.7686526234536555,9.0,-1.26,0,True,▇▃▆▆▅▇▇▄█▆█▆▆██▄▇▄▁▄,False,False,False,2,0.12079795678884508,0.2311016756387898,0.110718800250168,0.18088196746194107,FLAT,True,82,39.0,IGNORE,NONE,,GREEN,C,WATCHLIST,CMF positive,Producer Manufacturing,37.9
FINOPB,154.96,161.0,161.3,153.15,True,False,True,False,False,False,0.049715021579735764,6.754954336,0.04491485672641449,False,0.17155206422735628,False,42.75,True,2.007749207467418,53.0,0.21,2,False,▂▁▂▅▁▃▂▃▃▃▅▅▃▅▆▅▇▆▇█,False,False,False,3,0.1444608567208272,0.21308908720839215,0.13438170018215012,0.16286937903154342,FLAT,True,80,39.0,IGNORE,NONE,DEL43% ▂▁▂▅▁▃▂▃▃▃▅▅▃▅▆▅▇▆▇█ P53 Z+0.2 2D,GREEN,C,WATCHLIST,"2D high delivery, CMF positive",Finance,31.4
DIGITIDE,103.64,99.62,107.8,97.9,False,True,True,False,False,False,4.976621671369773,20.049012903999998,5.026201973696612,True,-0.16723036561911198,False,21.84,False,0.5831619983445034,3.0,-2.39,0,False,▂▄▅▄▄▃▄▃▆▅▃▄▄▂▄▅█▁▅▁,False,True,False,0,-0.04205564285054064,0.20078785772216423,-0.05213479938921772,0.1505681495453155,FLAT,True,79,39.0,IGNORE,NONE,,GREEN,C,WATCHLIST,No standout factor,Commercial Services,35.1
PVRINOX,1156.0,1135.0,1168.9,1135.0,False,True,True,True,False,True,0.2618918129025309,15.895578,0.28036947628328784,False,0.14828701250772705,False,47.5,False,0.9786550189550024,27.0,-0.54,0,False,▆▇▅▆▇▇▇▅▁▂▄▄▆▆▆█▆▆▆▅,False,False,False,8,0.1536350481512898,0.2009141907334302,0.14355589161261273,0.15069448255658147,FLAT,True,79,39.0,IGNORE,NONE,,GREEN,C,WATCHLIST,CMF positive,Consumer Services,35.0
DALMIASUG,404.4,397.95,412.0,396.1,False,True,True,True,False,True,0.3623272861748417,12.282800759999999,0.3612245705896326,False,0.3847250525565078,False,39.27,True,1.0601336302895323,30.0,-0.44,0,False,▄▅▇▆▄▅▄▅▅▄▅█▇▇▇▁▁▃▅▅,False,False,False,2,0.13277310924369745,0.19011183048852254,0.12269395270502037,0.1398921223116738,FLAT,True,78,39.0,IGNORE,NONE,,GREEN,C,WATCHLIST,CMF positive,Process Industries,36.8
PNGJL,642.85,630.25,653.95,630.25,False,True,True,True,False,True,0.7988066324470702,44.91014385,0.7870898406625346,False,0.027855352236761236,True,56.55,True,1.2218045112781954,80.0,0.68,0,False,▅▇▃▆▇▆█▃▅▅▁▅▃▇▆▇▄▆██,False,False,False,0,0.09318935464671374,0.17716535433070857,0.08311019810803666,0.12694564615385984,FLAT,True,75,39.0,IGNORE,NONE,,GREEN,C,WATCHLIST,CMF positive,Retail Trade,39.8
HIRECT,1310.2,1303.9,1328.0,1294.0,False,True,True,True,False,True,0.15779372739654401,7.135087160000001,0.16081044371623113,False,-0.27265787781982237,False,44.6,True,1.3188047961914338,46.0,0.0,0,False,▇▆▃▁▃▄▄▄▆▄▅▅▆▅▅▆▅▆█▇,False,False,False,10,0.2417780305184345,0.1761748731989765,0.2316988739797574,0.12595516502212778,UP,True,75,39.0,IGNORE,NONE,,GREEN,C,WATCHLIST,No standout factor,Producer Manufacturing,37.9
KIRLOSBROS,1901.7,1958.0,1958.0,1882.5,True,True,True,True,False,True,0.5447458507765445,10.80641025,0.5451225037768753,False,0.07277175948919225,False,49.3,True,1.259355761616471,82.0,0.82,0,False,▇▇▃▆▇▅▆▇▇▆▄▆▇▆▁▄▅▇██,False,False,False,0,-0.009789117417339233,0.1645437844458053,-0.019868273956016314,0.11432407626895658,FLAT,True,73,39.0,IGNORE,NONE,,GREEN,C,WATCHLIST,CMF positive,Producer Manufacturing,37.9
CEMPRO,1208.1,1234.1,1255.8,1183.6,True,False,False,True,False,False,1.31544613538973,101.31247409999999,1.087402824125047,False,0.05154413539289324,False,55.7,True,1.0001705856474623,80.0,0.79,0,True,▆▄▅▄█▇▅▅▂▄▄▁▃▃▃▄▃▄▅▄,False,False,False,7,-0.22893796272657652,0.12785324184287905,-0.2390171192652536,0.07763353366603032,FLAT,True,66,39.0,IGNORE,NONE,,GREEN,C,WATCHLIST,CMF positive,Industrial Services,34.6
MASTEK,1832.0,1830.0,1884.8,1824.2,False,True,True,True,False,False,0.6067012366828357,15.2730176,0.6145123180778571,False,0.2276265919501609,False,31.65,False,0.7212524497516066,5.0,-1.37,0,False,▃▄▅▄▇▇█▄▃▃▆▁▃▄▄▄▅▅▃▂,False,False,False,7,0.09041128504255713,0.12599877074370003,0.08033212850388005,0.0757790625668513,UP,True,66,39.0,IGNORE,NONE,,GREEN,C,WATCHLIST,CMF positive,Technology Services,38.0
SIYSIL,625.35,628.15,636.0,621.05,True,True,True,True,False,False,0.5131621496608664,1.567940055,0.5098460039397699,False,-0.04638541225982672,False,63.52,True,1.187600493587107,95.0,1.6,0,True,█▅▅▄▅▁▆▅▄▅▄▅▆▄▂█▆▆▅█,False,False,False,3,-0.03046511627906978,0.09021966527196645,-0.04054427281774686,0.03999995709511772,FLAT,True,58,39.0,IGNORE,SEED,,GREEN,C,WATCHLIST,Delivery P95,Process Industries,36.8
CANHLIFE,151.94,149.01,152.86,147.65,False,True,True,True,False,True,0.21047145382217192,13.88283377,0.21170104336623546,False,-0.6644921777707439,False,49.21,True,1.1200892247462102,49.0,-0.15,0,False,▂▇▇▅▅▅▁▃▄▄▆▅▄▆▅█▅▇▇▆,False,False,False,3,0.051487889273356346,0.08528571428571419,0.041408732734679266,0.035066006108865455,UP,True,57,39.0,IGNORE,NONE,,GREEN,C,WATCHLIST,No standout factor,Finance,31.4
CCL,1130.0,1124.7,1139.8,1124.7,True,False,False,True,False,True,0.5135228882097854,10.58132,0.4909176778523956,False,-0.15038120827073942,False,63.18,True,1.194374078415063,94.0,1.42,0,True,▄▇▇▅▇▇▆▇▄▃▄▁█▇▆█▅▅▆█,False,False,False,3,-0.06919275123558488,0.07230973619282599,-0.07927190777426196,0.02209002801597726,FLAT,True,54,39.0,IGNORE,SEED,,GREEN,C,WATCHLIST,Delivery P94,Consumer Non-Durables,39.6
DBL,448.95,461.15,461.15,444.2,True,True,True,True,False,False,0.17729169072286644,10.20876384,0.18612233417867807,False,0.40805048493200946,False,54.55,True,1.319752742932488,89.0,1.16,0,False,▇▆▆▆▅▆▆█▇▁▂▂▄▅▄▃▄▅▆▆,False,False,False,0,0.0531315974665727,0.0561044460127027,0.04305244092789562,0.00588473783585397,UP,True,50,39.0,IGNORE,SEED,,GREEN,C,WATCHLIST,CMF positive,Industrial Services,34.6
LUPIN,2388.3,2397.0,2427.7,2382.6,False,False,False,True,False,True,1.2767898266968258,277.99668702,1.2529536625186004,True,-0.12466441963100441,False,42.01,False,0.6742474701676389,6.0,-1.64,0,True,▅█▇▄▆▅▅▃▄▆▆▆▆▆▇▆▆█▆▁,False,True,False,7,-0.04593936004474097,0.05397175639894103,-0.056018516583418054,0.003752048222092297,FLAT,True,49,39.0,IGNORE,NONE,,GREEN,C,WATCHLIST,No standout factor,Health Technology,33.0
ARE&M,931.7,928.15,945.0,928.15,False,True,True,True,False,True,0.5266087418907399,46.46732629,0.5406673671437194,False,-0.07064595990093017,False,45.7,False,0.9947108373419238,35.0,-0.29,0,True,▃▄▃▃▂▂▂▁▄▄▄▂▃▁█▄▂▂▄▃,False,False,False,14,0.04679512386944573,0.05146146033179111,0.03671596733076865,0.0012417521549423771,UP,True,49,39.0,IGNORE,NONE,,GREEN,C,WATCHLIST,No standout factor,Producer Manufacturing,37.9
EPL,224.72,228.98,230.78,223.62,True,False,False,True,False,True,1.5465576527368559,11.438742384000001,1.4856889236329418,False,-0.04622834261261093,False,70.81,True,1.301893730465159,99.0,2.34,0,True,▂▃▅▄▂▆▇▂▁▂▂▂▃▃▆▂▄▆▅█,False,False,False,0,-0.054049503283381095,0.05181371401825419,-0.06412865982205818,0.0015940058414054548,FLAT,True,49,39.0,IGNORE,DISTRIBUTION,,GREEN,C,WATCHLIST,Delivery P99,Process Industries,36.8
PETRONET,280.6,275.4,280.6,275.4,False,True,True,True,False,True,0.49529121462932363,23.30641152,0.5014779028213397,False,0.1806336512264535,True,55.24,False,0.9435396401089751,42.0,-0.11,0,False,▁█▇▆▃▆█▆▂▄▅▄▄▃▄▃▁▂▇▃,False,False,False,0,0.005915038537372519,0.03523335178011444,-0.004164118001304562,-0.01498635639673429,UP,False,44,39.0,IGNORE,NONE,,GREEN,C,WATCHLIST,CMF positive,Utilities,35.4
NDRAUTO,828.9,811.55,836.0,811.55,False,True,True,True,False,False,1.3512209675064588,1.7644794300000002,1.3642387724488223,True,-0.2011997921381947,True,58.3,True,1.1330508803980255,90.0,1.14,0,True,▇█▆▆▆▅▄▆▄▁▆█▆▆▅▆▅▆▄▇,False,False,False,0,-0.03024276104124013,0.03586603349162698,-0.04032191757991721,-0.014353674685221751,FLAT,False,44,39.0,IGNORE,SEED,,GREEN,C,WATCHLIST,Delivery P90,Producer Manufacturing,37.9
EMAMILTD,412.55,410.0,416.2,404.35,False,True,True,False,False,False,1.530492361336949,40.97636373,1.5467699550385505,True,-0.0491633139394749,True,58.97,False,0.9825222013029207,58.0,0.15,0,True,▃█▂▂▂▃▆▂▄▄▃▂▃▃▄▃▁▃▆▃,False,False,False,0,-0.02100142382534398,0.03370082686043596,-0.03108058036402106,-0.01651888131641277,FLAT,False,43,39.0,IGNORE,NONE,,GREEN,C,WATCHLIST,No standout factor,Consumer Non-Durables,39.6
DBREALTY,114.34,115.99,117.34,110.0,True,False,True,False,False,False,0.5669339403976741,27.242659834000005,0.5123301443542408,False,0.11131801383430685,True,44.67,True,1.1511403169694627,40.0,-0.15,0,False,▄▆▇▇▆▇▆▅▅▃▂▁▂▅▅▅▅▅█▆,False,False,False,3,0.04687786119758286,0.02345148585750101,0.03679870465890578,-0.026768222319347723,UP,False,41,39.0,IGNORE,NONE,,GREEN,C,WATCHLIST,CMF positive,Finance,31.4
ELGIEQUIP,588.45,592.0,595.9,582.2,True,True,True,True,False,True,0.4867450921373538,7.270182060000001,0.49124147658410394,False,0.16437941384023277,True,52.15,False,0.967676092926594,48.0,-0.02,0,False,▅▅▂▆▁▄▁▅▄▄▄▆▄▅▆▅█▇▆▄,False,False,False,0,0.020994187559642663,0.02615746795710172,0.010915031020965582,-0.02406224021974701,UP,False,41,39.0,IGNORE,NONE,,GREEN,C,WATCHLIST,CMF positive,Producer Manufacturing,37.9
BBTC,1504.1,1501.0,1522.1,1490.0,False,True,False,False,False,False,1.6363024232732168,6.4330357,1.6363620737775277,True,-0.004451393777926586,True,50.61,False,0.9018737804389084,66.0,0.4,0,True,▄▄▁▄▁▁▅▃▅▂▃▂▅▅█▂▅▅▄▂,False,False,False,0,-0.011306119765989608,0.0016648907831646742,-0.02138527630466669,-0.04855481739368406,UP,False,35,39.0,IGNORE,NONE,,GREEN,C,WATCHLIST,No standout factor,Consumer Non-Durables,39.6
NAVNETEDUL,133.87,127.0,135.29,126.9,False,False,False,False,False,False,2.8580528066470676,11.088425326000001,2.729901513041893,True,-0.3256515040172917,True,58.98,False,0.9915854775934971,54.0,0.08,0,False,▃▄▆█▄▂▃▄▅▅▄▁▅█▆▆▇▆▅▅,False,True,False,4,-0.10783072309230257,-0.05552419923804153,-0.11790987963097965,-0.10574390741489026,FLAT,False,18,39.0,IGNORE,NONE,,GREEN,C,WATCHLIST,No standout factor,Producer Manufacturing,37.9
SEAMECLTD,1527.7,1500.0,1549.9,1477.1,False,True,True,True,True,True,0.9171033342866085,6.22186379,0.9809963725423161,False,-0.0859650610342392,True,55.5,False,0.9483207887295064,55.0,0.18,0,True,▄▅▁▄▆█▅▄▆▆▅▄▅▄▅▄▄▅▅▄,False,False,False,0,0.0721454137132429,-0.05382137990833635,0.06206625717456582,-0.10404108808518508,UP,False,18,39.0,IGNORE,NONE,,GREEN,C,WATCHLIST,No standout factor,Industrial Services,34.6
ADANIPORTS,1696.0,1704.0,1706.0,1685.8,True,False,False,True,False,True,0.5877729386805529,206.258192,0.5691030847485007,False,-0.16700692492211602,True,71.4,True,1.3947491795593063,98.0,2.41,0,True,▄▂▃▄▂▃▄▄▅▄▆▆▁▃▆▄▂▇▅█,False,False,False,0,-0.05783012054885839,-0.06360424028268552,-0.06790927708753547,-0.11382394845953425,UP,False,16,39.0,IGNORE,SEED,,GREEN,C,WATCHLIST,Delivery P98,Transportation,31.8
DRREDDY,1172.0,1166.0,1172.0,1162.1,False,False,False,False,False,True,0.3766167539980522,125.6040604,0.36638209774772895,False,0.2650650899044023,True,65.39,True,1.211531691771812,85.0,1.04,0,True,▄▇▅█▅█▅▄▁▆▃▆▂▅▅▄▆▇▆█,False,False,False,0,-0.07680189050807407,-0.11740341893214856,-0.08688104704675115,-0.1676231271089973,UP,False,7,39.0,IGNORE,SEED,,GREEN,C,WATCHLIST,CMF positive,Health Technology,33.0
PASHUPATI,83.97,84.99,85.99,83.2,True,False,False,False,False,False,5.765353938801336,4.114370457,5.6597274204158685,False,-0.4905467502719139,True,89.8,True,1.6456983680463289,85.0,1.31,5,False,▁▂▃▄▃▁▂▂▃▆▃▄▄▇▄▇████,False,False,False,0,-0.040123456790123524,-0.12385225375626052,-0.050202613328800605,-0.17407196193310925,UP,False,6,39.0,IGNORE,SEED,DEL90% ▁▂▃▄▃▁▂▂▃▆▃▄▄▇▄▇████ P85 Z+1.3 5D,GREEN,C,WATCHLIST,5D high delivery,Process Industries,36.8
PAUSHAKLTD,705.1,700.0,714.3,681.8,False,True,True,True,False,True,0.24445507682743234,2.2623838600000004,0.25530095560008553,False,-0.1041161428711108,True,39.06,False,0.7979897033586664,4.0,-1.91,0,False,▇▇▆█▆▅▆▆▇▆█▄▆▄▂▅▁▅▅▄,False,False,False,11,0.23919156414762743,0.5738839285714286,0.22911240760895035,0.5236642203945798,FLAT,True,97,38.0,IGNORE,NONE,,GREEN,C,WATCHLIST,RS leader,Process Industries,36.8
UNICHEMLAB,489.75,495.0,501.45,482.3,True,False,False,True,False,False,0.17470074070345856,1.63194495,0.14588458213257535,False,-0.4513134894543007,True,54.48,True,1.5046190811549773,52.0,0.24,1,True,▂▁▃▂▃▂▄▅▄▅▃▇▄██▅▇█▅█,False,False,False,0,-0.23326810176125246,0.40188922284242157,-0.24334725829992954,0.35166951466557284,FLAT,True,94,38.0,IGNORE,NONE,DEL54% ▂▁▃▂▃▂▄▅▄▅▃▇▄██▅▇█▅█ P52 Z+0.2,GREEN,C,WATCHLIST,RS leader,Health Technology,33.0
WEWORK,755.4,748.2,774.9,746.15,False,True,True,True,True,True,0.5063661762084376,18.185348519999998,0.5377546331293953,False,-0.03324905163044327,True,28.21,False,0.5737121474039576,2.0,-1.99,0,False,▄▅▄▅▃▅▂▅▆▃█▅▄▄▄▄█▅▂▁,False,False,False,7,0.03337893296853611,0.28033898305084737,0.02329977642985903,0.23011927487399864,FLAT,True,88,38.0,IGNORE,NONE,,GREEN,C,WATCHLIST,No standout factor,Finance,31.4
FIVESTAR,543.25,550.05,550.65,541.55,True,False,True,True,False,False,0.36089983825157246,14.623040525,0.3544799726843096,False,-0.015286413053262322,True,56.97,True,1.166796378978413,78.0,0.62,0,True,▅█▃▅▃▁▂▄▂▅▆▁▃▆▁▃▄▃▇▇,False,False,False,6,-0.005765007320644222,0.22037515444232292,-0.015844163859321303,0.1701554462654742,FLAT,True,81,38.0,IGNORE,NONE,,GREEN,C,WATCHLIST,No standout factor,Finance,31.4
SHAREINDIA,168.44,174.84,174.84,167.5,True,False,True,True,False,False,0.3621163963702003,10.446328764,0.3360042349912363,False,-0.05009208112547186,True,54.04,True,1.5335717123559793,79.0,0.8,2,False,▂▄▃▃▁▄▃▃▅▄▄▅▇▆▅▄▆▅█▇,False,False,False,8,-0.06077840972454562,0.21978419871098565,-0.0708575662632227,0.1695644905341369,FLAT,True,81,38.0,IGNORE,NONE,DEL54% ▂▄▃▃▁▄▃▃▅▄▄▅▇▆▅▄▆▅█▇ P79 Z+0.8 2D,GREEN,C,WATCHLIST,2D high delivery,Finance,31.4
SUDARSCHEM,1139.6,1119.0,1157.0,1115.0,False,True,True,True,True,False,1.227075808855433,39.86731056,1.332680571348456,True,0.034578687515773227,False,47.65,False,0.9743878124840244,49.0,-0.1,0,False,▂▂▃▃▁▂▂▁▃▂▃▁▂█▃▂▂▃▄▂,False,False,False,11,0.1404553415061296,0.21492537313432836,0.1303761849674525,0.16470566495747962,FLAT,True,80,38.0,IGNORE,NONE,,GREEN,C,WATCHLIST,CMF positive,Process Industries,36.8
DDEVPLSTIK,288.2,314.85,315.0,285.0,True,True,True,True,False,False,4.135961119246148,17.65622716,4.08450005041124,False,0.01686585163807217,False,47.3,False,0.9162227602905568,19.0,-0.72,0,True,▅▁▁▄▄▂▅▇█▄▆▆▅▄▅▃▅▅▃▃,False,False,True,4,0.012115891132572498,0.16256555062525213,0.0020367345938954173,0.1123458424484034,FLAT,True,73,38.0,IGNORE,NONE,,GREEN,C,WATCHLIST,CMF positive,Process Industries,36.8
GRANULES,873.85,840.1,883.0,839.4,False,True,True,True,False,True,1.1316325470407103,100.172483975,1.14434041503309,True,-0.16211164752354473,True,38.2,False,0.6983801967165162,10.0,-1.27,0,False,▇▇███▆▁▅▄▇▄▇▇▅▆▆█▆▆▃,False,False,False,4,-0.017980558521099033,0.12922400982102467,-0.028059715059776114,0.07900430164417593,FLAT,True,67,38.0,IGNORE,NONE,,GREEN,C,WATCHLIST,No standout factor,Health Technology,33.0
SMARTWORKS,486.8,483.95,495.0,480.1,False,True,True,True,False,False,0.4119384497369385,3.82712424,0.4132840045291106,False,-0.323280268819718,True,73.18,True,1.3247286912918732,94.0,1.43,0,True,▄▄▂▆▄▂▃▁▁▄▅█▅▆▅▄▅▄▆▇,False,False,False,2,0.04530813828645064,0.11972397929844747,0.03522898174777356,0.06950427112159874,FLAT,True,64,38.0,IGNORE,SEED,,GREEN,C,WATCHLIST,Delivery P94,Finance,31.4
PCBL,321.9,324.9,325.9,320.5,True,False,True,True,False,False,0.15363555448470573,17.81645682,0.14560977672265404,False,0.019068310798106444,False,48.4,True,1.2968917470525188,77.0,0.78,0,True,▄▅▅▆▄▃▄▆▃▅▅█▁▄▆▄▅▅▅▆,False,False,False,5,0.03989662413180417,0.11057443505261322,0.02981746759312709,0.060354726875764486,FLAT,True,62,38.0,IGNORE,NONE,,GREEN,C,WATCHLIST,CMF positive,Process Industries,36.8
INNOVACAP,944.5,959.7,959.7,937.5,True,False,True,True,False,True,0.6129612625323808,1.93877515,0.5947214758879152,False,-0.08845287561277146,True,59.49,True,1.0428974633171468,77.0,0.68,0,True,▄▄▁▃▃█▅▇▄▇▆▆▇▇▇▆▂▅▃▆,False,False,False,4,-0.045332794258856834,0.11065380997177798,-0.055411950797533915,0.06043410179492925,FLAT,True,62,38.0,IGNORE,NONE,,GREEN,C,WATCHLIST,No standout factor,Health Technology,33.0
MPHASIS,2475.0,2415.0,2498.0,2405.1,False,True,True,True,True,False,0.9244028813075632,150.2005725,0.9707782201772163,False,-0.023335796865383673,True,39.31,False,0.9422339405560883,23.0,-0.74,0,False,▄▄▅▁█▃▄▄▄▁▄▅▅▅▃▄▆▅▃▄,False,False,False,8,0.06593737887075246,0.08963634762701411,0.05585822233207538,0.03941663945016538,UP,True,58,38.0,IGNORE,NONE,,GREEN,C,WATCHLIST,No standout factor,Technology Services,38.0
STARHEALTH,569.85,574.0,580.75,568.0,True,False,False,True,False,True,0.35049667077786206,11.330156595,0.33461675145986153,False,-0.1431820067713552,True,61.75,True,1.1419958573753513,68.0,0.5,0,True,█▄▄▅▄▃▁▃▇▃▆▆█▁▅▅▅▅▇▆,False,False,False,6,-0.0553667633651056,0.07936357609622124,-0.06544591990378268,0.029143867919372513,FLAT,True,56,38.0,IGNORE,NONE,,GREEN,C,WATCHLIST,No standout factor,Finance,31.4
GNFC,535.5,541.5,546.95,534.0,True,True,True,True,False,True,0.5906508001266348,13.9820121,0.60574861288883,False,-0.15823410634643692,True,46.41,False,0.9318622185187787,35.0,-0.33,0,True,▅█▃▅▇▄▆▆▆▄▇▆▆▅█▆▆▆▁▅,False,False,False,0,0.06577768932232075,0.06186793575252825,0.05569853278364367,0.011648227575679515,UP,True,52,38.0,IGNORE,NONE,,GREEN,C,WATCHLIST,No standout factor,Process Industries,36.8
ADANIENT,3026.0,3050.0,3072.4,3025.7,True,False,True,True,False,True,0.6544613414770291,250.6590126,0.6389017072570902,False,-0.06726460262099229,False,42.93,True,1.143839175092922,85.0,1.11,0,True,▇▄▅█▇▇█▇▃▃▂▅▁▅▄▅▃▄▇▇,False,False,False,4,-0.01867946555973532,0.019095409692519993,-0.0287586220984124,-0.03112429848432874,UP,False,39,38.0,IGNORE,SEED,,GREEN,C,WATCHLIST,No standout factor,Distribution Services,33.3
NITCO,99.28,101.4,102.59,97.15,True,False,False,False,False,False,1.6563038051493948,9.018575344,1.532504708498264,False,0.029341289363132524,True,59.86,True,1.1264796100792263,73.0,0.53,0,True,▄▅▃▁▄▇▅▄▅█▅▅▇▇▂▇▅▇█▆,False,False,False,0,-0.06796845662786322,0.009456024402643592,-0.0780476131665403,-0.04076368377420514,FLAT,False,37,38.0,IGNORE,NONE,,GREEN,C,WATCHLIST,CMF positive,Producer Manufacturing,37.9
TARC,130.78,135.5,136.97,130.05,True,True,True,False,False,False,0.3814539314356945,5.991371828,0.38946212672731784,False,0.12078516487023444,False,58.24,True,1.3563269250922811,83.0,0.84,0,False,▅▇▇▇▆▆█▁▂▄▆▆▄▇█▇▆█▆█,False,False,False,4,0.05289429192496575,0.007860665844636294,0.04281513538628867,-0.04235904233221244,UP,False,36,38.0,IGNORE,NONE,,GREEN,C,WATCHLIST,CMF positive,Finance,31.4
ASIANHOTNR,312.7,316.0,324.65,310.0,True,True,True,True,False,True,1.9401548201913978,4.776836469999999,1.9980337085798792,False,-0.2294764348954975,False,49.36,False,0.9170885781968506,56.0,0.07,0,True,▇█▇▆▅▆▆█▂▁▄▅▃▄▅▄▅▄▆▅,False,False,False,0,-0.011225296442687771,-0.004298678554370383,-0.021304452981364852,-0.054518386731219115,UP,False,33,38.0,IGNORE,DISTRIBUTION,,GREEN,C,WATCHLIST,No standout factor,Consumer Services,35.0
HINDCOPPER,536.1,543.75,548.0,532.1,True,True,True,True,False,False,1.8671750254369466,505.55404059000006,1.9604324775761957,False,0.13253864970796234,False,34.68,False,0.8645576247101937,67.0,0.4,0,True,▃▁▄▆▄▅▆▄▆▅▆█▆▆▄▅▄▁▁▃,False,False,True,0,0.0751027774992481,-0.004826434007796587,0.06502362096057102,-0.05504614218464532,UP,False,32,38.0,IGNORE,NONE,,GREEN,C,WATCHLIST,CMF positive,Non-Energy Minerals,41.4
JSWENERGY,554.65,542.1,557.2,541.9,False,False,False,True,False,True,0.5748280056867368,87.94508214,0.5619738461527023,False,0.04424254007647508,True,63.4,True,1.4025307494911954,98.0,2.04,0,False,▄▃▇▅▄▂▂▁▄▅▅▆▅▅▅▇▆▅▆█,False,False,False,0,-0.013166088426296518,-0.013604837275475679,-0.0232452449649736,-0.06382454545232441,UP,False,29,38.0,IGNORE,SEED,,GREEN,C,WATCHLIST,"Delivery P98, CMF positive",Utilities,35.4
HITECH,83.92,84.7,85.48,83.53,True,False,False,False,False,False,1.9873718891479775,6.1514534880000005,1.9319892890774295,False,-0.22809374173305869,False,67.96,True,1.2222142291921443,98.0,2.15,0,True,▄▃▄▄▂▅▄▄▅▄▃█▄▄▁▄▃▄▅▇,False,False,False,0,-0.03462556079604284,-0.0320645905420992,-0.04470471733471992,-0.08228429871894793,UP,False,24,38.0,IGNORE,DISTRIBUTION,,GREEN,C,WATCHLIST,Delivery P98,Non-Energy Minerals,41.4
NCC,145.59,146.8,149.45,144.69,False,True,False,False,True,False,4.732238764345033,96.123409824,4.872969732662175,True,-0.28007642427887103,False,35.92,False,0.6824550903892007,13.0,-0.96,0,True,▃▇▄▆█▆▅▄▅▄▃▆▆▅▄▃▆▄▅▁,False,False,False,0,-0.001166300768386308,-0.04236006051437213,-0.011245457307063389,-0.09257976869122087,UP,False,21,38.0,IGNORE,NONE,,GREEN,C,WATCHLIST,No standout factor,Consumer Durables,38.4
METROBRAND,972.5,981.1,988.8,969.2,True,False,False,False,False,False,3.675810895066444,18.834213,3.441701356187657,False,-0.14212154135085525,False,92.29,True,1.6615207352530807,99.0,2.89,1,False,▃▄▅▅▁▃▆▄▅▃▄▃▅▅▄▅▄▂▃█,False,False,False,0,-0.08220083050207616,-0.050571121741677216,-0.09227998704075324,-0.10079082991852595,UP,False,19,38.0,IGNORE,DISTRIBUTION,DEL92% ▃▄▅▅▁▃▆▄▅▃▄▃▅▅▄▅▄▂▃█ P99 Z+2.9,GREEN,C,WATCHLIST,Delivery P99,Retail Trade,39.8
POWERINDIA,32105.0,31900.0,32750.0,31900.0,False,False,False,True,False,False,1.0464989975511176,530.470915,1.0530093953938238,True,0.03135241981873699,True,39.27,True,1.0850913913872426,70.0,0.48,0,True,█▃▁▂▄▃▅▂▂▅▇▃▃▅▆▅▆▅▁▅,False,False,False,0,0.03431056701030921,-0.09627023223082332,0.02423141047163213,-0.14648994040767205,UP,False,11,38.0,IGNORE,NONE,,GREEN,C,WATCHLIST,CMF positive,Electronic Technology,34.1
NATIONALUM,381.0,382.5,382.85,377.15,False,True,True,True,True,True,0.6171145006656386,168.4171257,0.6572768573017235,False,0.030335133992399874,True,42.53,False,0.923110315263986,60.0,0.21,0,False,▅▅█▇█▅▇▆▁▁▅▅▃▇▄▂▂▅▇▄,False,False,False,0,0.07369310976468935,-0.10236777005536579,0.06361395322601227,-0.15258747823221452,UP,False,9,38.0,IGNORE,NONE,,GREEN,C,WATCHLIST,CMF positive,Non-Energy Minerals,41.4
SETL,281.0,288.35,288.35,278.0,False,True,True,True,False,True,0.9312318793058437,15.6217173,0.9354051326726561,False,-0.15655899860442268,False,51.74,False,0.9694948283615651,43.0,-0.11,0,True,▄▂▄▄▆▅▄▅▅█▅▇▄▃▃▅▅▆▁▄,False,False,False,0,-0.03336773305813545,1.106446776611694,-0.04344688959681253,1.0562270684348454,FLAT,True,100,37.0,IGNORE,NONE,,GREEN,C,WATCHLIST,RS leader,Health Technology,33.0
GANDHAR,242.71,243.7,245.46,239.01,True,True,True,True,False,True,0.2169442204430988,37.112276409,0.2069078551036946,False,-0.12809749438955767,False,29.63,False,0.9541904838579823,13.0,-1.13,0,False,▇██▆▇▇█▄▅▁▃▃▆▆▃▄▄▆▃▅,False,False,False,10,0.19473295594388373,0.5561325896005642,0.18465379940520665,0.5059128814237155,FLAT,True,97,37.0,IGNORE,NONE,,GREEN,C,WATCHLIST,RS leader,Process Industries,36.8
INDSWFTLAB,228.41,225.7,233.2,225.0,False,True,True,True,False,True,0.5228004577634686,6.3269341589999994,0.5115792011153155,False,-0.10396641725078509,False,45.55,False,0.9350782653323069,32.0,-0.46,0,True,▄▁▁▄▅▃▃▆▅▆▆▃█▅▆▆▂▅▅▃,False,False,False,0,-0.07316182437915919,0.5016106764841233,-0.08324098091783627,0.45139096830727454,FLAT,True,96,37.0,IGNORE,NONE,,GREEN,C,WATCHLIST,RS leader,Health Technology,33.0
TBOTEK,1610.9,1615.2,1637.0,1595.4,True,True,True,True,False,True,0.31976246360898164,18.40823757,0.3322672557249242,False,-0.011177528531838263,False,47.56,False,0.9993696154654339,55.0,0.05,0,False,▇▅▃▄▅▄▆▄▅▄▃▄▇▆▄▁█▄▄▅,False,False,False,8,0.07043657385872826,0.3103139742964047,0.06035741732005118,0.260094266119556,FLAT,True,90,37.0,IGNORE,NONE,,GREEN,C,WATCHLIST,RS leader,Technology Services,38.0
JUSTDIAL,683.3,682.0,700.0,678.0,False,False,True,True,False,False,0.044993591902838526,16.201589639999998,0.03993203659014113,False,0.331733822860485,False,30.67,True,1.3513989865609166,10.0,-1.22,0,False,▂▁▁▁▂▃▂▅▃▃▆▅▄▆██▇██▆,False,False,False,4,0.21141742753302006,0.30251620282119696,0.20133827099434298,0.2522964946443482,FLAT,True,89,37.0,IGNORE,NONE,,GREEN,C,WATCHLIST,CMF positive,Technology Services,38.0
ARKADE,140.02,139.75,142.4,139.1,False,True,True,True,False,False,0.378842148505985,3.2481419540000003,0.3816542992652716,False,0.20939963247430163,False,34.93,False,0.8896869667099666,25.0,-0.64,0,True,▅▃▃▃▃▄▅▁▄█▁▃▅▆▅▄▄▂▃▂,False,False,False,13,0.0562764031382017,0.22921604775700133,0.04619724659952462,0.1789963395801526,FLAT,True,82,37.0,IGNORE,NONE,,GREEN,C,WATCHLIST,CMF positive,Consumer Durables,38.4
TCPLPACK,3148.9,3131.0,3179.9,3115.0,False,False,True,True,False,True,0.1436592126911775,0.35330658000000004,0.13921257343726426,False,0.11682455047425633,False,62.54,True,1.275662665347625,68.0,0.46,0,False,▆▅▁▆▃▅▄▃▅▅▅▄▆▅▅▅▃█▆█,False,False,False,5,0.04299294491735961,0.22907884465261508,0.03291378837868253,0.17885913647576634,FLAT,True,82,37.0,IGNORE,NONE,,GREEN,C,WATCHLIST,CMF positive,Commercial Services,35.1
RPGLIFE,2661.3,2660.1,2709.9,2645.8,True,False,True,True,False,True,0.21343338664042316,2.40102486,0.1958148496213346,False,0.07031946242241961,False,47.35,True,1.1192795007564296,26.0,-0.5,0,False,▁▄▁▃▆▄▄▅▅▆▄▅▂█▄▄▄▅▇▅,False,False,False,5,-0.06846581959466547,0.19625117993437335,-0.07854497613334255,0.14603147175752462,FLAT,True,78,37.0,IGNORE,NONE,,GREEN,C,WATCHLIST,CMF positive,Health Technology,33.0
SIKA,1095.0,1110.0,1117.0,1090.0,True,False,True,True,False,True,0.2833495652957875,1.3077585,0.2646474177475018,False,0.035361650536668184,True,52.71,True,1.188916081155759,66.0,0.45,0,True,▅▅▅▇▅▅▁▄▅▄▅▆▇▆▄▇▅█▆▆,False,False,False,0,-0.09727947238252266,0.18892508143322484,-0.10735862892119974,0.1387053732563761,FLAT,True,77,37.0,IGNORE,NONE,,GREEN,C,WATCHLIST,CMF positive,Electronic Technology,34.1
COROMANDEL,2069.3,2073.4,2088.7,2056.1,True,True,True,False,False,False,0.8638608201022376,23.959183120000002,0.8721686183580325,False,0.20137835922648323,False,63.51,True,1.2294320337605016,81.0,0.85,0,False,▆▅▄▇▇▅▆▅▁▇▆▆▄▇█▇▆▅▅▇,False,False,False,9,0.0007254086468710952,0.1800296532846717,-0.009353747891805986,0.12980994510782295,FLAT,True,76,37.0,IGNORE,NONE,,GREEN,C,WATCHLIST,CMF positive,Process Industries,36.8
KKCL,513.5,525.0,533.95,510.6,True,True,True,True,False,True,1.3625838664378218,4.4842928,1.3332892400397982,False,-0.07507266031976413,False,59.7,True,1.0345096476255664,58.0,0.23,0,True,▅▆▅▃▅▅▅▃▆▆▆█▅▅▅▆▁▅▄▅,False,False,False,6,0.028748873084243343,0.18181818181818188,0.01866971654556626,0.13159847364133315,FLAT,True,76,37.0,IGNORE,NONE,,GREEN,C,WATCHLIST,No standout factor,Consumer Non-Durables,39.6
SUPRAJIT,521.8,540.0,541.0,513.3,True,True,True,True,False,True,3.830950284338271,26.344377499999997,3.944581322918351,False,-0.20328541329837996,False,42.54,False,0.8273286852008519,22.0,-0.68,0,True,▆▇▆▄▅▅▆▆▄▁▇██▆▇▅▆▇▄▄,False,False,True,6,0.025147347740667847,0.1422942206654989,0.015068191201990766,0.09207451248865017,FLAT,True,69,37.0,IGNORE,DISTRIBUTION,,GREEN,C,WATCHLIST,No standout factor,Producer Manufacturing,37.9
INDIQUBE,182.6,182.0,183.25,178.8,False,True,True,True,True,False,0.2801434607135401,0.54641224,0.2915587054918877,False,-0.045458638632805214,False,78.06,True,1.4810317513020215,92.0,1.52,0,False,▃█▄▃▃▇▄▃▂▄▂▃▄▂▄▁▄▅▆█,False,False,False,5,0.025209140418842146,0.145689546994604,0.015129983880165065,0.09546983881775528,FLAT,True,69,37.0,IGNORE,NONE,,GREEN,C,WATCHLIST,Delivery P92,Finance,31.4
APLLTD,830.1,835.0,851.85,825.5,True,True,True,True,False,False,1.3626739783854667,12.94773378,1.375733916932241,False,-0.08171688112498826,False,56.89,True,1.1864318411695394,79.0,0.72,0,True,▅▂▅▅▆▇▆▇▆▄▆▅▄▇█▅▁▅█▇,False,False,False,4,-0.008717458801050793,0.12770004075533214,-0.018796615339727873,0.07748033257848341,FLAT,True,66,37.0,IGNORE,NONE,,GREEN,C,WATCHLIST,No standout factor,Health Technology,33.0
ELLEN,292.35,280.8,304.85,280.4,False,True,True,False,False,False,7.015993769414529,88.05514759500001,7.20437919434041,True,-0.10760089596455816,False,28.75,False,0.5733430386183929,1.0,-2.34,0,False,▄█▄▅▅▄▆▆▅▅▆▆▇█▄▆▆▇█▁,False,False,False,5,-0.006457094307561473,0.12118887823585811,-0.016536250846238554,0.07096917005900938,FLAT,True,64,37.0,IGNORE,NONE,,GREEN,C,WATCHLIST,No standout factor,Process Industries,36.8
KISSHT,299.5,302.5,304.3,292.35,True,False,True,True,False,True,1.0853065252848064,57.36254615,0.9998385652059786,False,-0.058857438167018925,False,47.15,True,1.1992267975684818,95.0,1.88,0,True,▅▁▂▃▁▅▆▂▆▃█▂▄▃▁▅▆█▆█,False,False,False,0,-0.07704160246533132,0.11782928376814827,-0.0871207590040084,0.06760957559129954,FLAT,True,64,37.0,IGNORE,SEED,,GREEN,C,WATCHLIST,Delivery P95,Finance,31.4
HEXT,564.6,557.9,566.55,552.5,False,True,True,False,False,False,0.29844846328688607,18.039873359999998,0.29000663930420023,False,0.03357463814380482,True,44.16,True,1.024451352479933,23.0,-0.68,0,False,▆▆▆█▅▅▆▇▇▄▆▁▄▄▅▆▇▆▇▆,False,False,False,8,0.026079054975011395,0.11141732283464578,0.015999898436334314,0.06119761465779705,FLAT,True,62,37.0,IGNORE,NONE,,GREEN,C,WATCHLIST,CMF positive,Technology Services,38.0
KNRCON,139.99,140.0,142.0,138.0,True,True,True,False,False,False,1.5410777081053826,21.495394505,1.652371650811854,False,0.17587695597345918,False,46.16,False,0.9066891898527808,48.0,0.03,0,True,▃█▆▃▅▂▂█▇▃▅▆▅▅▄▆▆▂▁▃,False,False,True,2,0.08477334366524603,0.10524238117795681,0.07469418712656894,0.05502267300110808,UP,True,61,37.0,IGNORE,NONE,,GREEN,C,WATCHLIST,CMF positive,Industrial Services,34.6
PIXTRANS,1717.2,1693.0,1725.0,1672.7,False,False,True,True,False,True,0.6711032012927458,2.1109539600000002,0.631304953122822,False,0.15400336375493212,False,49.46,True,1.071560110059146,21.0,-0.59,0,True,▃▃▁▅▃▃▄▄▅▆▆█▆▆▇▇▇▇▆▆,False,False,False,2,-0.05648351648351646,0.10430868167202578,-0.06656267302219354,0.05408897349517705,FLAT,True,61,37.0,IGNORE,NONE,,GREEN,C,WATCHLIST,CMF positive,Producer Manufacturing,37.9
JINDALSAW,271.4,263.0,273.55,263.0,False,True,True,True,True,True,0.9202194580519495,43.758446219999996,0.9479391586941638,False,0.21404029596510504,False,44.21,False,0.9954180598241527,52.0,0.09,0,False,▅▁▁▅▄▅▄▆▇▇▅▄▄▅▅▆█▇▆▅,False,False,False,0,-0.015953589557650583,0.09838520377190485,-0.026032746096327664,0.04816549559505612,FLAT,True,60,37.0,IGNORE,NONE,,GREEN,C,WATCHLIST,CMF positive,Non-Energy Minerals,41.4
RAMRAT,461.6,471.0,471.0,456.0,True,True,True,True,False,True,0.7361465922008241,9.365587040000001,0.7705356668164994,False,0.27055306714860144,False,44.54,False,0.8934625183045476,22.0,-0.69,0,False,▅▆▄▅▂▃▆▂▅▄█▆█▅▂▅▁▅▁▃,False,False,False,1,0.1015391958000238,0.08484136310223267,0.09146003926134672,0.03462165492538394,UP,True,57,37.0,IGNORE,NONE,,GREEN,C,WATCHLIST,CMF positive,Producer Manufacturing,37.9
HONAUT,37900.0,38120.0,38335.0,37755.0,True,False,True,True,False,True,0.283390849308146,8.07649,0.27472786095018775,False,-0.05718237305957115,False,56.59,True,1.0369121675477093,66.0,0.32,0,True,▇▇▅▇▇▄▇▇██▅▅▁▅▄▃▅▇▆▆,False,False,False,3,-0.007203667321545537,0.06700450450450446,-0.017282823860222618,0.016784796327655727,FLAT,True,53,37.0,IGNORE,NONE,,GREEN,C,WATCHLIST,No standout factor,Electronic Technology,34.1
AEROFLEX,426.1,432.0,443.0,423.0,True,False,True,True,False,False,0.7797177763961083,47.43762778,0.7683202456279373,False,-0.027839370276438232,False,54.04,True,1.3850017940437747,95.0,1.7,0,True,▃▃▃▅▅▅▃▅▆▂▅▁▃▄▂▆▅▆▇█,False,False,False,0,0.030346995526538523,0.061534628799202906,0.020267838987861442,0.011314920622354174,UP,True,51,37.0,IGNORE,SEED,,GREEN,C,WATCHLIST,Delivery P95,Producer Manufacturing,37.9
AARTIIND,502.1,500.0,510.0,496.55,False,True,True,True,False,True,1.0053305642237502,71.40600087,1.0259635199734767,True,-0.21627270808713236,False,44.87,True,1.1286488661946146,57.0,0.16,0,False,▆▆▃▆▅▅▇▆█▆▆█▇▆▁▅▇▇▅▇,False,False,False,2,0.037182400330510124,0.057052631578947466,0.027103243791833043,0.006832923402098734,UP,True,50,37.0,IGNORE,NONE,,GREEN,C,WATCHLIST,No standout factor,Process Industries,36.8
NOVARTIND,1609.6,1589.7,1634.9,1589.7,True,True,True,True,False,True,0.197237850320573,1.9363488,0.19412042484825615,False,0.012930212237750706,False,61.4,True,1.2598489822718317,58.0,0.23,0,False,▂▃▄▂▄▅▄▆▁▄▅▆█▅▆▇▆▇▅▆,False,False,False,4,0.07694366385655016,0.04519480519480523,0.06686450731787308,-0.0050249029820435,UP,False,47,37.0,IGNORE,NONE,,GREEN,C,WATCHLIST,CMF positive,Health Technology,33.0
DOMS,2260.6,2256.5,2264.4,2231.0,False,False,False,False,False,False,0.9597853618517043,13.011787539999998,0.9537306471545428,False,0.18485497192599523,True,65.62,True,1.2292648202092487,95.0,1.7,0,True,▂▅▃▃▂▆█▄▃▇█▃▅▄▄▃▁▃▄▆,False,False,False,0,-0.0486491036108071,0.03455219440757862,-0.05872826014948418,-0.015667513769270114,FLAT,False,43,37.0,IGNORE,SEED,,GREEN,C,WATCHLIST,"Delivery P95, CMF positive",Producer Manufacturing,37.9
DYNAMATECH,11401.0,11403.0,11844.0,11002.0,True,True,True,True,False,True,2.5348159761538387,29.8614992,2.73410631437203,False,-0.03017005369805373,True,40.35,False,0.9160565298825133,62.0,0.1,0,True,▃▄▆▂▂▄██▃▂▇▃▂▃▄▁▁█▃▃,False,False,True,2,0.06671032934131738,0.025085416292033758,0.056631172802640295,-0.025134291884814974,UP,False,41,37.0,IGNORE,NONE,,GREEN,C,WATCHLIST,No standout factor,Producer Manufacturing,37.9
IRCTC,519.95,520.45,521.8,514.2,True,True,True,False,False,False,1.0198432303808809,51.657656440000004,1.0538853416825582,False,0.14025260780803514,True,54.07,True,1.0080539915731386,73.0,0.58,0,False,▆█▆▄▇▃▅▇▃▂▆█▄▄▆▁▃▄▄▅,False,False,False,0,0.03318430203676104,0.01980974796508783,0.023105145498083957,-0.0304099602117609,UP,False,40,37.0,IGNORE,NONE,,GREEN,C,WATCHLIST,CMF positive,Consumer Services,35.0
DOLPHIN,411.05,406.15,417.8,406.1,False,True,True,True,True,False,0.8818532705277283,0.7414519900000001,0.9369614528733355,False,-0.27725832116413296,True,73.54,True,1.1492690092751041,82.0,0.94,0,True,▃▃▃▅▅▁█▅▅▁▄▅▆▁▃▄▅▅▅▅,False,False,False,1,0.06724652732701553,0.022003978120338274,0.057167370788338445,-0.028215730056510457,UP,False,40,37.0,IGNORE,NONE,,GREEN,C,WATCHLIST,No standout factor,Industrial Services,34.6
JYOTHYLAB,206.47,205.5,208.1,203.94,False,True,True,False,True,False,0.8681283481347282,8.838464525,0.8868880666712575,False,-0.027132442786839253,True,58.89,True,1.1292100898344248,77.0,0.63,0,True,▁█▃▅▅▆▅▆▄▄▃▃▂▇▇▅▅▇▆▆,False,False,False,0,0.02957016056647066,0.009386458078709303,0.01949100402779358,-0.04083325009813943,UP,False,37,37.0,IGNORE,NONE,,GREEN,C,WATCHLIST,No standout factor,Consumer Non-Durables,39.6
THEMISMED,110.5,112.37,114.9,110.01,True,False,True,True,False,False,0.4612121436190679,0.3721861,0.45179186627995865,False,-0.12416734924751884,True,73.15,True,1.5345885561441233,97.0,1.84,1,True,▅▂▄▇▅▁▄▅▄▅▄▆▄█▆▅▅▆▇█,False,False,False,0,-0.05523255813953487,0.00857977364001461,-0.06531171467821195,-0.04163993453683412,FLAT,False,36,37.0,IGNORE,SEED,DEL73% ▅▂▄▇▅▁▄▅▄▅▄▆▄█▆▅▅▆▇█ P97 Z+1.8,GREEN,C,WATCHLIST,Delivery P97,Health Technology,33.0
RPSGVENT,920.1,924.0,928.95,911.0,True,True,True,True,False,False,0.5730545836552904,1.2146240099999999,0.5721556192570808,False,0.06780960088474748,True,58.54,False,0.9312536290098072,58.0,0.38,0,True,▆▄▅▆▆▂▁▅▆▆█▆▅▄▃▄▇▆▂▄,False,False,False,2,0.029828194079131398,0.0015238924567322343,0.019749037540454317,-0.0486958157201165,UP,False,34,37.0,IGNORE,NONE,,GREEN,C,WATCHLIST,CMF positive,Finance,31.4
SANSTAR,113.41,113.4,114.69,112.75,True,True,True,True,False,True,0.33009759056796234,1.199038566,0.32903189742381883,False,-0.14675534231345722,True,43.42,True,1.00144150377674,19.0,-0.79,0,True,▆▆▅▄▅▃▃█▅▅▃▆▅▆▅▁▃▄▄▅,False,False,False,0,0.0016781487369721404,-0.04101133096566889,-0.00840100780170494,-0.09123103914251762,UP,False,22,37.0,IGNORE,NONE,,GREEN,C,WATCHLIST,No standout factor,Consumer Non-Durables,39.6
MOSCHIP,206.77,209.0,210.73,205.54,True,False,False,True,False,False,0.2153127230444257,19.135012725,0.19264016535548617,False,-0.10692487170607602,True,49.73,True,1.501759048151112,97.0,1.83,1,False,▄▁▂▃▄▄▃▃▆▃▂▄▂▄▄▆▅▅▅█,False,False,False,4,-0.1268896208090532,-0.05975171661134093,-0.13696877734773028,-0.10997142478818966,FLAT,False,17,37.0,IGNORE,SEED,DEL50% ▄▁▂▃▄▄▃▃▆▃▂▄▂▄▄▆▅▅▅█ P97 Z+1.8,GREEN,C,WATCHLIST,Delivery P97,Electronic Technology,34.1
RAMCOSYS,637.9,615.0,646.75,615.0,False,False,False,True,False,False,0.16177652385511299,9.39677732,0.1345176508797903,False,-0.11892881347429762,True,46.36,True,1.4656276180389802,62.0,0.37,0,True,▂▂▁▁▂▁▁▂▂▅▃█▃▂▃▄▅▄▃▄,False,False,False,1,-0.20816782522343602,0.40182397538732006,-0.2182469817621131,0.35160426721047133,FLAT,True,94,36.0,IGNORE,NONE,,GREEN,C,WATCHLIST,RS leader,Technology Services,38.0
NIITLTD,95.07,97.36,99.5,94.0,True,False,True,True,False,False,0.7193053028076181,4.356259511999999,0.7011816781082788,False,0.014621370567988892,False,47.85,True,1.3896552725583016,69.0,0.58,0,True,▇█▆▁▄▃▄▆▆▁▄▅▄▆▅█▇▇▇█,False,False,False,0,-0.057032334854195565,0.39911699779249443,-0.06711149139287265,0.3488972896156457,FLAT,True,94,36.0,IGNORE,NONE,,GREEN,C,WATCHLIST,"CMF positive, RS leader",Commercial Services,35.1
NPST,1505.4,1518.6,1525.0,1492.0,True,False,True,True,False,False,0.3762958658896247,2.1253237200000004,0.36279626496501377,False,-0.12872791495712396,True,65.12,True,1.2159916344555861,90.0,1.16,0,False,▃▆▅▂▅▇█▄▂▂▄▁▃▅▄▄▅▃▆▆,False,False,False,0,-0.0705686238192258,0.3030381719034019,-0.08064778035790288,0.25281846372655314,FLAT,True,90,36.0,IGNORE,SEED,,GREEN,C,WATCHLIST,"Delivery P90, RS leader",Technology Services,38.0
ORCHPHARMA,1001.85,1003.1,1010.0,989.15,False,True,True,True,False,True,0.20309277799945222,2.6669247,0.19653878597506894,False,-0.11869510569620349,True,43.73,True,1.1197889992830072,29.0,-0.47,0,True,▅▁▄▆▆▄▆▇█▆▇█▆████▆█▇,False,False,False,2,-0.010567379388672138,0.2641640378548895,-0.02064653592734922,0.21394432967804078,FLAT,True,86,36.0,IGNORE,NONE,,GREEN,C,WATCHLIST,No standout factor,Health Technology,33.0
SENORES,1342.6,1328.5,1359.9,1310.0,False,False,True,True,False,True,0.8079930060826415,29.290564379999996,0.7898818256483813,False,-0.13634481015424396,True,38.39,False,0.9149625816292484,15.0,-0.94,0,True,▃▄█▅▄▆▄▁▄▃▃▃▃▄▄▅▅▆▆▃,False,False,False,3,-0.05303992100437305,0.19805470039709072,-0.06311907754305013,0.147834992220242,FLAT,True,79,36.0,IGNORE,NONE,,GREEN,C,WATCHLIST,No standout factor,Health Technology,33.0
VMART,799.35,815.0,819.8,785.4,True,True,True,True,False,True,0.37152107793439515,4.948935720000001,0.39544052742287567,False,-0.11758288056445867,True,51.41,True,1.1276224734873823,57.0,0.15,0,True,▆█▅▅▅▃▆▅▇▁▃▄▄▃▄▄▅▅▅▅,False,False,False,2,0.027640290544449497,0.19887514060742406,0.017561134005772416,0.14865543243057533,FLAT,True,79,36.0,IGNORE,NONE,,GREEN,C,WATCHLIST,No standout factor,Retail Trade,39.8
ACMESOLAR,368.6,372.0,380.95,362.75,True,False,True,True,False,True,0.5701127825876788,47.12926972,0.5625668039157223,False,0.010894173350728276,False,54.71,True,1.1630650835999534,80.0,0.82,0,True,▃▄▇▃▇▃▃▅█▂▄▃▁▂▁▆▂▅▄▆,False,False,False,2,-0.022281167108753275,0.18864882296033536,-0.032360323647430356,0.13842911478348663,FLAT,True,77,36.0,IGNORE,NONE,,GREEN,C,WATCHLIST,CMF positive,Industrial Services,34.6
OLECTRA,1385.0,1387.0,1394.0,1377.6,True,True,True,True,False,False,0.5612113202066985,24.1653415,0.56808281812265,False,-0.08813426517070683,True,39.9,True,1.0738218908953898,72.0,0.61,0,True,▃▆▃▃▃▂▁▄▃▁▄▄▅▅█▅▇▅▅▅,False,False,False,0,-0.027114357965720592,0.17372881355932202,-0.03719351450439767,0.12350910538247328,FLAT,True,75,36.0,IGNORE,NONE,,GREEN,C,WATCHLIST,No standout factor,Consumer Durables,38.4
IPCALAB,1735.8,1725.0,1745.0,1711.7,False,False,True,True,False,True,0.3352700037148624,13.85637066,0.32144005700255085,False,0.03489635831876955,False,47.87,False,0.8853911386903165,48.0,-0.1,0,True,▂▂▂█▃▃█▂▄▁▂▂▃▃▃▄▅▃▃▂,False,False,False,5,-0.029140332233346444,0.13867751246392013,-0.039219488772023525,0.0884578042870714,FLAT,True,68,36.0,IGNORE,NONE,,GREEN,C,WATCHLIST,CMF positive,Health Technology,33.0
SUNDARMFIN,4604.2,4655.0,4663.0,4585.0,True,True,True,False,False,False,0.3245500634813215,10.33366648,0.32405779062175427,False,0.14160079799456185,True,57.28,False,0.9568674618288731,54.0,0.12,0,True,▇▅▅▆▄▆▇▆█▇▅▆▄▇▇▁▄▆▆▅,False,False,False,2,0.0064045115740234415,0.09914297309556219,-0.0036746449646536394,0.04892326491871346,FLAT,True,61,36.0,IGNORE,NONE,,GREEN,C,WATCHLIST,CMF positive,Finance,31.4
DEEPAKFERT,1537.8,1557.4,1574.2,1530.0,True,False,True,True,False,True,0.37594764683152504,30.32741514,0.36687524879352,False,-0.3083662873929878,True,51.84,True,1.4073953412607918,90.0,1.03,0,False,▆▄█▁▂▅▄▅▄▅▆▆▅▂▃▅▂▄▆▇,False,False,False,1,0.007600576595465869,0.09056095312389201,-0.002478579943211212,0.040341244947043275,FLAT,True,58,36.0,IGNORE,SEED,,GREEN,C,WATCHLIST,Delivery P90,Process Industries,36.8
SIS,434.95,433.0,439.85,432.4,True,True,True,True,False,True,0.7541185456850458,4.22762701,0.7550484518247929,False,-0.14738554789989985,True,56.27,False,0.9222927013161561,35.0,-0.37,0,True,▃▂▄▅▄▃▄▄▄▆▆▇█▅▆▄▆▅▁▃,False,False,False,10,-0.0012629161882893314,0.07981628599801383,-0.011342072726966412,0.029596577821165093,FLAT,True,56,36.0,IGNORE,NONE,,GREEN,C,WATCHLIST,No standout factor,Commercial Services,35.1
BATAINDIA,720.5,728.1,730.0,717.75,True,True,True,False,False,False,0.3071189063116482,9.15013385,0.3135008765498044,False,-0.1088436100270807,True,52.43,True,1.1500959692898274,71.0,0.44,0,True,▄▅▆▅▁▂▆▆▅▄▅▆██▆▇▃▄▅▆,False,False,False,0,0.04314463587664674,0.07706106584946548,0.03306547933796966,0.02684135767261675,UP,True,55,36.0,IGNORE,NONE,,GREEN,C,WATCHLIST,No standout factor,Consumer Non-Durables,39.6
ACUTAAS,3297.9,3240.0,3328.0,3239.9,False,False,True,True,False,True,0.4877736686900301,61.851784710000004,0.4833386211359304,False,-0.006223581175045351,True,58.57,True,1.2207424081368932,85.0,1.03,0,False,▄▆▅▅▅▄█▄▄▁▁▃▂▄▇▅▅▅▇▇,False,False,False,3,-0.03025758645024701,0.05280127693535519,-0.04033674298892409,0.0025815687585064584,FLAT,True,49,36.0,IGNORE,SEED,,GREEN,C,WATCHLIST,No standout factor,Health Technology,33.0
CASTROLIND,192.08,194.0,194.5,190.9,True,True,True,True,False,True,1.3177492874596857,59.885434672,1.3396676989453165,False,-0.12885083619276072,False,64.05,False,0.9917086652576816,74.0,0.61,0,True,▅▆█▇▆▇▆▅▁▆▆▇▆▅▇▅▅▂▅▆,False,False,False,9,0.04482158398607483,0.04835716624822628,0.03474242744739775,-0.001862541928622452,UP,False,48,36.0,IGNORE,NONE,,GREEN,C,WATCHLIST,No standout factor,Energy Minerals,42.6
BANSALWIRE,332.2,333.25,340.75,331.0,False,True,True,True,False,True,1.1652257189220825,9.45816586,1.2136749612181263,True,-0.2786291812914801,False,52.42,True,1.1009366992901248,53.0,0.07,0,True,▇▇▅▆▆▆▅▁▁▃▇█▆█▆▆▆▇▇▆,False,False,False,0,0.003019323671497487,0.043833464257658994,-0.007059832867179594,-0.006386243919189738,FLAT,False,47,36.0,IGNORE,NONE,,GREEN,C,WATCHLIST,No standout factor,Non-Energy Minerals,41.4
ABBOTINDIA,27835.0,27855.0,27975.0,27600.0,True,True,True,True,False,False,0.7343131876064798,21.2353215,0.7292977771860601,False,0.4028629393907203,False,56.99,False,0.979857809719488,50.0,-0.09,0,False,▂█▃▂▃▃▅▂▆▂▃▅▄▄▅▂▂▁▅▃,False,False,False,7,0.0246640898214614,0.03649227331967975,0.014584933282784318,-0.013727434857168985,UP,False,44,36.0,IGNORE,NONE,,GREEN,C,WATCHLIST,CMF positive,Health Technology,33.0
ALKEM,5620.0,5520.5,5647.5,5506.0,False,False,True,True,False,True,0.5966950034902004,42.804168,0.593028829227029,False,0.011411746880392343,True,31.66,False,0.5791110298152552,4.0,-1.94,0,False,▆▇█▄▅▄▄▂▃▅▅▃▅▁▅▆▅▄▆▁,False,False,False,9,-0.008730928653320369,0.02218988723172055,-0.01881008519199745,-0.02802982094512818,UP,False,40,36.0,IGNORE,NONE,,GREEN,C,WATCHLIST,CMF positive,Health Technology,33.0
IMFA,1472.2,1507.0,1511.1,1453.8,True,True,True,True,False,True,1.0336614160957944,30.51635048,1.05310936822706,False,-0.2480946165859412,False,50.5,True,1.0871086139903343,87.0,1.12,0,True,▆▄██▅▆▃▅▆▃▇▅█▅▇█▁▄▄▇,False,False,False,0,0.05089585266614316,0.01797814963352229,0.04081669612746608,-0.03224155854332644,UP,False,39,36.0,IGNORE,SEED,,GREEN,C,WATCHLIST,No standout factor,Non-Energy Minerals,41.4
USHAMART,515.05,517.9,519.8,513.2,True,True,True,True,False,True,0.36159482181319974,10.602819299999998,0.3667848508638693,False,-0.14008792190743188,False,46.07,False,0.8602451708073084,43.0,-0.11,0,True,█▇▆▇▆█▆▅▆▅▅▁▄▅▆▆▇▆▆▅,False,False,False,4,0.009703979611840774,0.01778480387313497,-0.000375176926836307,-0.03243490430371376,UP,False,39,36.0,IGNORE,NONE,,GREEN,C,WATCHLIST,No standout factor,Producer Manufacturing,37.9
APOLLOPIPE,517.35,527.25,534.85,515.0,True,True,True,True,False,True,0.6014200671037767,8.824697625,0.6049032080301281,False,-0.2021938098853941,False,60.43,True,1.2660269839939664,87.0,1.07,0,True,▄▃▆▃▄▆▅▄▃▃▄▅▅▁▂▅█▇█▆,False,False,False,0,0.012228526707102283,0.016704333300579632,0.002149370168425202,-0.0335153748762691,UP,False,39,36.0,IGNORE,SEED,,GREEN,C,WATCHLIST,No standout factor,Producer Manufacturing,37.9
ADANIGREEN,1378.5,1368.8,1397.0,1353.0,False,False,False,True,False,True,0.5507224576592851,216.2621127,0.5116594076139207,False,-0.2767369647748395,False,42.35,True,1.4269108307080645,90.0,1.36,0,True,▁▃▄▃█▃▃▃▃▄▄▄▃▃▄▅▅▄▆▆,False,False,False,4,-0.11418840765968385,0.011223591549295753,-0.12426756419836094,-0.03899611662755298,FLAT,False,37,36.0,IGNORE,SEED,,GREEN,C,WATCHLIST,Delivery P90,Utilities,35.4
BIOCON,426.35,430.0,436.2,425.3,True,False,True,True,False,True,0.7601680453037338,224.470844805,0.7477515345471641,False,0.10918248972856393,False,47.44,False,0.9982429745283912,51.0,-0.01,0,False,▅▁▆▅█▄▇▆▆▆█▇▆▆▅▇▆▇▂▆,False,False,False,10,0.018757467144564055,-0.005365682958124229,0.008678310605886974,-0.05558539113497296,UP,False,32,36.0,IGNORE,NONE,,GREEN,C,WATCHLIST,CMF positive,Health Technology,33.0
SBILIFE,1865.5,1870.0,1886.0,1860.3,True,True,True,False,False,True,0.4779887157249655,81.1097014,0.4785837747633374,False,0.2316086302127506,False,54.72,False,0.9097029999251889,25.0,-0.62,0,False,▄▆▅▄▆▆▆▆▅▁▆▅▇█▇▇▆▆▆▅,False,False,False,6,0.02404347587418343,-0.009398895497026327,0.013964319335506348,-0.05961860367387506,UP,False,31,36.0,IGNORE,NONE,,GREEN,C,WATCHLIST,CMF positive,Finance,31.4
ERIS,1382.4,1385.0,1395.0,1370.2,True,False,False,False,False,False,0.3815713774820021,5.59747584,0.3715594708489721,False,0.15841107908821062,False,64.3,True,1.0448573680319144,73.0,0.56,0,True,▇▆█▅▄█▆▆█▄▅▆▁▅▇▆▇▆▆▆,False,False,False,5,-0.03409726103968691,-0.011865618298784741,-0.04417641757836399,-0.06208532647563347,UP,False,30,36.0,IGNORE,NONE,,GREEN,C,WATCHLIST,CMF positive,Health Technology,33.0
CLSEL,278.1,296.0,296.0,274.15,True,False,False,False,False,True,3.447929477875691,6.233277780000001,3.371500340132201,False,-0.15175194140942763,False,54.89,True,1.166953674766673,71.0,0.5,0,True,▅▅▃▄█▅▄▆▄▄▄▅▇▂▁▆▅▅▃▆,False,False,False,0,-0.03437499999999993,-0.01644562334217503,-0.044454156538677014,-0.06666533151902376,UP,False,28,36.0,IGNORE,DISTRIBUTION,,GREEN,C,WATCHLIST,No standout factor,Process Industries,36.8
BAJEL,191.78,193.35,197.8,190.0,True,True,True,True,False,False,1.2735882630514765,6.94895652,1.315064320527942,False,0.09435131219583381,False,34.19,False,0.6699849111324488,13.0,-1.02,0,True,▅█▇▇▆▅▇▁▄▅▇▇▆▆▇▅▅▇▃▃,False,False,False,0,0.012779890156315865,-0.01887757712180893,0.002700733617638784,-0.06909728529865766,UP,False,27,36.0,IGNORE,NONE,,GREEN,C,WATCHLIST,CMF positive,Industrial Services,34.6
IIFLCAPS,334.15,335.45,336.8,333.3,True,False,False,True,False,False,2.000816836220019,24.767532149999997,1.9763807530993638,False,-0.19485649926108228,False,67.95,True,1.002064592243032,86.0,1.2,0,True,█▃▃▆▃▄▄▂▄▁▇▆▅▆▆▅▆▄▇▅,False,False,False,0,-0.012267218445167094,-0.021236086701816093,-0.022346374983844175,-0.07145579487866482,UP,False,26,36.0,IGNORE,DISTRIBUTION,,GREEN,C,WATCHLIST,No standout factor,Finance,31.4
VSTTILLERS,4487.4,4566.1,4587.4,4465.3,True,True,False,False,False,False,2.333495075273018,8.3084211,2.3188296342946244,False,-0.2204175505794132,False,65.48,True,1.1247573732758473,94.0,1.56,0,False,▆▅▅▂▄▅▄▅▅▄▅█▇▃█▅▄▃▁▆,False,False,False,0,-0.03602500483340865,-0.022991508817766237,-0.04610416137208573,-0.07321121699461497,UP,False,26,36.0,IGNORE,DISTRIBUTION,,GREEN,C,WATCHLIST,Delivery P94,Producer Manufacturing,37.9
ULTRAMAR,391.0,389.4,455.75,381.2,False,True,True,False,False,True,88.42382296181171,73.6319861,89.60780177327383,True,-0.5963902859183401,False,15.87,False,0.2511274626157132,0.0,-4.55,0,False,▅▃▅▆▅▇▄▅▆▅▆▇▆▄▄█▅▇█▁,False,False,False,0,-0.009875917953912294,-0.039312039312039304,-0.019955074492589375,-0.08953174748888804,UP,False,22,36.0,IGNORE,NONE,,GREEN,C,WATCHLIST,No standout factor,Process Industries,36.8
CEIGALL,333.35,333.0,336.7,329.4,False,False,False,True,False,False,0.8463915626751047,6.578595580000001,0.822163771289091,False,0.0001771750000624449,True,70.87,True,1.2474257652297889,98.0,1.99,0,True,▄▂▂▃▅▇▅▆▁▁▄▄▃▄▃▃▄▄██,False,False,False,0,-0.08870967741935476,-0.03975226847184199,-0.09878883395803184,-0.08997197664869072,FLAT,False,22,36.0,IGNORE,SEED,,GREEN,C,WATCHLIST,"Delivery P98, CMF positive",Industrial Services,34.6
TENNIND,562.05,566.0,584.9,561.1,True,True,False,True,False,True,1.3098095582222054,58.07595204,1.315511273284712,False,0.12872157691013578,False,53.3,False,0.8879485556258955,67.0,0.45,0,True,▆▃▄▁▃▅▅▅▃▃█▄█▅▇▇▅▁▁▃,False,False,False,0,-0.043481960517358864,-0.0949275362318841,-0.053561117056035945,-0.14514724440873283,UP,False,11,36.0,IGNORE,NONE,,GREEN,C,WATCHLIST,CMF positive,Producer Manufacturing,37.9
IZMO,984.25,1025.0,1028.2,975.0,True,False,True,True,False,False,0.9338256761790557,12.3247785,0.8645552398430155,False,-0.2599591144591205,False,61.74,True,1.2727797476704874,89.0,0.97,0,False,█▁▅█▃▃▂▄▄▅▄▂▅█▃▅▇▆▂█,False,False,False,3,-0.025398554312308086,0.31076042082833943,-0.03547771085098517,0.2605407126514907,FLAT,True,90,35.0,IGNORE,SEED,,GREEN,C,WATCHLIST,RS leader,Technology Services,38.0
STOVEKRAFT,797.55,804.8,819.0,793.0,True,True,True,True,False,True,0.7348558955230439,19.672767075,0.7450182374750629,False,-0.2710425323554306,False,25.64,False,0.4898739014138327,5.0,-1.73,0,True,▆▇▇█▆▆▇▅▅▆▇▅▇▆▇▆▃▅▁▃,False,False,False,7,-0.0017522998936104761,0.3020161619459636,-0.011831456432287557,0.25179645376911486,FLAT,True,89,35.0,IGNORE,NONE,,GREEN,C,WATCHLIST,No standout factor,Consumer Durables,38.4
ADOR,1483.4,1472.0,1500.0,1461.2,True,True,True,True,False,True,0.27492917024311225,3.4756062,0.28001876037269124,False,0.07054695568556514,False,43.29,False,0.8728526494072103,13.0,-1.01,0,False,▆▆▅▄▃▆▁▄▅█▆▄▆▆▅█▇▇▆▄,False,False,False,12,0.11971618357487923,0.30168480168480194,0.10963702703620215,0.2514650935079532,FLAT,True,89,35.0,IGNORE,NONE,,GREEN,C,WATCHLIST,CMF positive,Producer Manufacturing,37.9
SMCGLOBAL,79.54,80.1,80.79,78.28,True,True,True,True,False,True,0.39941595155395804,2.920597444,0.4003747979841171,False,0.24724038284988065,False,48.67,False,0.8728870555530646,31.0,-0.44,0,False,▄▃▁▂▂▄▇▇▅▄▁▃▆▃▃█▅▆▅▃,False,False,False,9,0.05940330314331388,0.29312306941960675,0.0493241466046368,0.24290336124275802,FLAT,True,89,35.0,IGNORE,NONE,,GREEN,C,WATCHLIST,CMF positive,Finance,31.4
NYKAA,332.0,331.55,335.85,328.65,False,True,True,True,False,True,0.6571067838026934,152.560972,0.6583384077419266,False,-0.03169576909432005,False,52.13,False,0.8962203330095502,55.0,0.1,0,True,▆▇▅▇▆▆▇▅▇▄▅▆▆█▆▅▅▁▆▅,False,False,False,11,0.005755831566192082,0.26572626763248186,-0.004323324972484999,0.21550655945563313,FLAT,True,86,35.0,IGNORE,NONE,,GREEN,C,WATCHLIST,No standout factor,Retail Trade,39.8
STYLAMIND,3536.5,3594.0,3594.0,3512.4,True,True,True,True,False,True,0.10080347503529477,6.18144835,0.10165011197744679,False,-0.3105724221207952,False,45.55,True,1.14851235501765,20.0,-0.83,0,False,▆▆▅▆██▆▁▂▂▃▄▆▅▅▆▅▆▅▆,False,False,False,5,0.07662566975158303,0.2491169821983612,0.06654651321290594,0.19889727402151247,FLAT,True,85,35.0,IGNORE,NONE,,GREEN,C,WATCHLIST,No standout factor,Non-Energy Minerals,41.4
RISHABH,639.2,643.85,658.0,635.0,True,True,True,True,False,True,0.6800005446103994,7.9810512,0.6706402787577398,False,-0.35887295686343984,False,48.49,False,0.9808443068956451,45.0,-0.0,0,True,▇█▇▆▆▂▄▄▆▅▁▇▅▅▄▅▇█▇▅,False,False,False,7,-0.034586920404772625,0.2068347021618051,-0.044666076943449706,0.15661499398495637,FLAT,True,80,35.0,IGNORE,NONE,,GREEN,C,WATCHLIST,No standout factor,Producer Manufacturing,37.9
HESTERBIO,2417.9,2484.7,2500.8,2401.0,True,True,True,True,False,True,0.07621584718774066,1.43333112,0.07440053731878338,False,0.094457907912736,False,37.92,False,0.9221902017291066,12.0,-1.27,0,False,▃▂▄▆▇▃▅▄█▇▅█▇▁▄▇▅▆▆▅,False,False,False,4,0.14003489084822474,0.2034142942464663,0.12995573430954765,0.15319458606961756,FLAT,True,79,35.0,IGNORE,NONE,,GREEN,C,WATCHLIST,CMF positive,Health Technology,33.0
IDFCFIRSTB,84.62,85.0,85.14,84.35,True,True,True,True,False,True,0.38717377631594263,80.679255062,0.3916305450358777,False,-0.2864199320675578,False,61.49,True,1.2483504882554766,87.0,1.23,0,False,▆▅▄█▃▅▇▅▃▄▁▄▄▃▂▃▅▅▇▇,False,False,False,15,0.046888531485834495,0.1864834548513743,0.036809374947157414,0.13626374667452557,FLAT,True,77,35.0,IGNORE,SEED,,GREEN,C,WATCHLIST,No standout factor,Finance,31.4
SANGAMIND,611.8,618.55,621.0,610.0,True,True,True,True,False,True,0.06346892365649183,1.0888816399999999,0.062377625119877045,False,0.18473033185476773,False,40.09,False,0.8701030927835052,13.0,-1.05,0,False,▁▃▅▆▆▃▆▆▅▆▇█▇▇▅▇▇▇▇▅,False,False,False,5,0.09494407158836671,0.1857738152921793,0.08486491504968963,0.13555410711533056,FLAT,True,77,35.0,IGNORE,NONE,,GREEN,C,WATCHLIST,CMF positive,Process Industries,36.8
GODREJPROP,2070.0,2081.0,2108.6,2062.3,True,True,True,True,False,True,0.5898744243187583,100.513197,0.5805568032247312,False,-0.06843091408014156,False,46.48,True,1.1065349363171049,63.0,0.32,0,False,█▅▄▆▇▆▇▄▇▆█▅▇▆█▆▁▂▄▇,False,False,False,4,-0.029535864978902926,0.1743348272536449,-0.03961502151758001,0.12411511907679618,FLAT,True,75,35.0,IGNORE,NONE,,GREEN,C,WATCHLIST,No standout factor,Finance,31.4
HIKAL,227.14,216.99,230.0,216.02,False,True,True,True,False,False,1.4282503027515432,18.444017854,1.4094323640566102,True,-0.25232383213126325,False,42.7,True,1.0571662003911761,38.0,-0.18,0,True,▃▆▃▆▇▄▆█▅▄▄▇▇█▆▅██▁▆,False,False,False,1,-0.07195097037793674,0.1631503482179435,-0.08203012691661382,0.11293064004109477,FLAT,True,73,35.0,IGNORE,NONE,,GREEN,C,WATCHLIST,No standout factor,Health Technology,33.0
MONARCH,390.65,394.75,394.75,386.5,False,True,True,True,False,True,0.20518074639073844,3.119144925,0.20517661574352639,False,0.4230716670450344,False,55.92,False,0.9942393855344571,56.0,0.14,0,False,█▇▆▇█▇▇▅▄▆▁▄▅▄▄▅▆▆▅▆,False,False,False,9,0.08303299140560028,0.16264880952380945,0.0729538348669232,0.11242910134696071,FLAT,True,73,35.0,IGNORE,NONE,,GREEN,C,WATCHLIST,CMF positive,Finance,31.4
UFLEX,488.7,480.9,503.9,480.1,False,True,True,True,False,False,0.3341605380225194,12.852174689999998,0.3346683461065386,False,0.1318416133133787,False,43.56,False,0.9017140018216445,15.0,-0.95,0,False,▅█▆▆▅▆▆▁▁▄▅▄▄▆▇▄▇▆▆▅,False,False,False,5,0.0831117021276595,0.1527302747965562,0.07303254558898242,0.10251056661970748,FLAT,True,71,35.0,IGNORE,NONE,,GREEN,C,WATCHLIST,CMF positive,Process Industries,36.8
LTM,4528.0,4535.5,4591.1,4462.9,False,True,True,False,False,False,0.5530735865029603,142.5554768,0.5893957239349312,False,0.0756678246053859,False,27.17,False,0.7394404528630525,3.0,-1.76,0,False,▁▄█▅▄▆▇▆█▅▆▅▆▅▄▅▄▅▅▃,False,False,False,4,0.174761311747613,0.1404392504533547,0.16468215520893592,0.09021954227650597,UP,True,68,35.0,IGNORE,NONE,,GREEN,C,WATCHLIST,CMF positive,Technology Services,38.0
RAYMOND,614.95,624.45,633.75,603.0,True,True,True,True,False,True,0.8447742206482979,24.203140605,0.8533623779323736,False,-0.07256926341297187,False,39.88,False,0.9799007322227137,50.0,0.04,0,True,▁▄▆▂▄▆▂▄▂▅▇▃▄▄█▇▆▆▇▄,False,False,False,3,-0.026515751147696665,0.13795336787564771,-0.036594907686373745,0.08773365969879898,FLAT,True,68,35.0,IGNORE,NONE,,GREEN,C,WATCHLIST,No standout factor,Process Industries,36.8
SUVEN,318.4,313.0,324.25,312.0,False,True,True,True,False,True,0.5235839799711725,15.498947839999998,0.5019919397245084,False,-0.10387319004616703,False,43.11,True,1.1761977518280038,37.0,-0.27,0,True,▄▆▁▃▅▃▄▅▁▄█▇▅█▃▆▄▅▃▇,False,False,False,2,-0.11024172139164468,0.1398295983389417,-0.12032087793032176,0.08960989016209298,FLAT,True,68,35.0,IGNORE,NONE,,GREEN,C,WATCHLIST,No standout factor,Health Technology,33.0
RBLBANK,389.8,390.0,390.25,384.15,True,True,True,True,False,True,0.24992942943243213,66.01021324,0.2626196376518241,False,-0.001048359353702114,False,46.56,False,0.940302124565797,70.0,0.51,0,True,▄▄▂█▂▂▄▂▃▂▅▂▆▄▅▄▁▃▄▃,False,False,False,9,0.024037830027584528,0.12985507246376815,0.013958673488907447,0.07963536428691942,FLAT,True,67,35.0,IGNORE,NONE,,GREEN,C,WATCHLIST,No standout factor,Finance,31.4
DATAMATICS,865.15,855.95,870.0,851.2,False,True,True,True,False,False,1.2735425511647351,13.90884352,1.2770166268731875,True,-0.20914018960538502,False,56.31,True,1.3240065835880555,95.0,1.62,0,False,▂▄▂▂▂▇▅▁▂▅▆▂▄▅▄▆█▃▂█,False,False,False,1,-0.039202620911766406,0.12914382667710766,-0.04928177745044349,0.07892411850025893,FLAT,True,67,35.0,IGNORE,SEED,,GREEN,C,WATCHLIST,Delivery P95,Technology Services,38.0
SHILCTECH,4603.0,4560.0,4659.0,4505.2,False,True,True,True,False,True,0.9628467322395164,8.4170458,1.0002799514270002,False,-0.11034595149679448,False,51.84,True,1.0237270061316983,66.0,0.33,0,True,▃▅▅▃▃▂▃▅▃▁▅▇▅█▅▆▅▅▃▅,False,False,False,2,0.02288888888888896,0.1281862745098039,0.012809732350211878,0.07796656633295518,FLAT,True,66,35.0,IGNORE,NONE,,GREEN,C,WATCHLIST,No standout factor,Producer Manufacturing,37.9
IVALUE,273.95,276.0,278.0,270.3,True,False,False,True,False,False,0.6874722630976573,6.45048149,0.6480700136367146,False,-0.15918301952893468,False,75.13,True,1.364412320209211,97.0,1.92,0,True,▃▁▄▁▃▅▅▄▆▁▄▃▆▂▂▅▇▇▇█,False,False,False,4,-0.10765472312703583,0.12274590163934418,-0.11773387966571291,0.07252619346249545,FLAT,True,65,35.0,IGNORE,SEED,,GREEN,C,WATCHLIST,Delivery P97,Technology Services,38.0
PRIVISCL,3644.1,3660.0,3690.8,3621.0,True,True,True,True,False,True,0.3922820011061365,10.9978938,0.3938956139814951,False,-0.14669423367078707,False,57.64,True,1.0300306471644671,67.0,0.33,0,True,▅▃▅▆▃▆█▃▄▅▇█▇▁▆▆▇▇▆▆,False,False,False,2,-0.0051053838593426715,0.1194703858441879,-0.015184540398019752,0.06925067766733917,FLAT,True,64,35.0,IGNORE,NONE,,GREEN,C,WATCHLIST,No standout factor,Process Industries,36.8
HNDFDS,576.2,570.5,581.7,570.5,False,True,True,True,False,True,0.3326116568111487,1.7854709400000002,0.33418146438211394,False,0.07846926093241989,False,55.33,False,0.978088899495311,50.0,-0.0,0,False,▂▆▂▅▄▆▅▇▄▄▁▆█▄▆▆▄▄▅▄,False,False,False,12,0.011675884470195852,0.11074698795180726,0.001596727931518771,0.06052727977495853,FLAT,True,62,35.0,IGNORE,NONE,,GREEN,C,WATCHLIST,CMF positive,Consumer Non-Durables,39.6
DATAPATTNS,4380.7,4369.1,4444.0,4362.0,True,False,True,True,False,True,0.2994818772232006,146.90502222,0.2908780147404065,False,0.3340953365092774,False,22.16,False,0.9450296387905667,37.0,-0.48,0,True,▆▇▄▆▄█▄▁▃▁▂▄▂▃▃▃▃▆▃▄,False,False,False,0,0.008680635505410983,0.08350028443521063,-0.001398521033266098,0.033280576258361894,FLAT,True,57,35.0,IGNORE,NONE,,GREEN,C,WATCHLIST,CMF positive,Electronic Technology,34.1
APOLLOHOSP,8909.0,8947.0,9015.0,8880.0,True,True,True,True,False,True,1.4509483338938398,345.740472,1.4538359745368217,False,-0.043948055751393336,False,67.3,True,1.1028718915154245,74.0,0.66,0,False,▄▇▅█▃▇██▅▇▄▆▅▆▇▅▆▁▇▇,False,False,False,17,0.007178791475891622,0.07876733062904884,-0.0029003650627854594,0.028547622452200105,FLAT,True,56,35.0,IGNORE,NONE,,GREEN,C,WATCHLIST,No standout factor,Health Services,41.4
CARERATING,1749.2,1730.3,1774.9,1711.2,False,True,True,True,True,True,1.29680558739972,9.74514304,1.335792854622432,True,-0.12752556492133646,False,47.44,False,0.8271581259916657,11.0,-1.07,0,False,▄▂▁▅▄▄▅▃▄▃▆▃█▁▆▃▃▃▆▁,False,False,False,1,0.059094211673528685,0.08095414658262268,0.049015055134851604,0.030734438405773945,UP,True,56,35.0,IGNORE,NONE,,GREEN,C,WATCHLIST,No standout factor,Commercial Services,35.1
JSL,734.65,732.5,738.5,731.3,False,True,True,True,False,False,0.2817904895004572,10.27422718,0.2834898656559387,False,0.024736729766064655,True,59.82,True,1.0663386721570096,80.0,0.89,0,False,▆▅▆▅▅█▃▃▄▁▄▆▄▇▂▁▄▅▆▅,False,False,False,1,0.02547459519821338,0.07232520799883213,0.015395438659536298,0.0221054998219834,FLAT,True,54,35.0,IGNORE,NONE,,GREEN,C,WATCHLIST,CMF positive,Non-Energy Minerals,41.4
FSL,279.85,285.0,289.55,275.0,True,False,True,True,False,False,1.4863885437783158,256.994230725,1.4132312713649897,False,0.25955973028956947,False,23.89,False,0.7805021480961172,9.0,-1.28,0,False,▆▆▆▆▇█▆▆▆▇█▇▁▄▆▄▆▇▄▄,False,False,False,6,0.07754803434600155,0.06516195333612451,0.06746887780732447,0.01494224515927578,UP,True,52,35.0,IGNORE,NONE,,GREEN,C,WATCHLIST,CMF positive,Commercial Services,35.1
AADHARHFC,506.4,515.4,516.8,502.0,True,True,True,True,False,True,0.8322979901657586,13.761268079999999,0.8244271938661378,False,-0.12206334609535402,False,61.25,True,1.1258984209849083,68.0,0.42,0,True,▃▃▄▃▄▇▄▆▁▁▄▅▅█▂▂▃▅▄▅,False,False,False,0,-0.05266111682723784,0.06119027661357923,-0.06274027336591492,0.010970568436730499,FLAT,True,51,35.0,IGNORE,NONE,,GREEN,C,WATCHLIST,No standout factor,Finance,31.4
EDELWEISS,118.54,120.89,120.89,117.64,True,True,True,True,False,True,1.33761650740782,43.90934972,1.3329690366137419,False,-0.06264436408939841,False,49.72,True,1.0356499369903247,72.0,0.6,0,True,▅▆▄▆▅▇▆▇█▄▅▆▅▅▅▆▆▃▁▆,False,False,False,0,-0.013317795904777663,0.05070023045559302,-0.023396952443454744,0.00048052227874428866,FLAT,True,48,35.0,IGNORE,NONE,,GREEN,C,WATCHLIST,No standout factor,Finance,31.4
HATSUN,941.1,927.15,948.0,912.0,False,True,True,True,True,False,1.3437490441404312,4.75453131,1.3987907809733906,True,-0.1329663692152328,True,65.51,True,1.0847912302635394,89.0,0.94,0,False,█▁▄▄▄▅▃▂▅▂▆▅▂▂▃▃▅▃▆▅,False,False,False,1,0.04196191319751996,0.046655174331313054,0.03188275665884288,-0.003564533845535678,UP,False,47,35.0,IGNORE,NONE,,GREEN,C,WATCHLIST,No standout factor,Consumer Non-Durables,39.6
ENTERO,1242.7,1238.0,1266.0,1230.0,False,True,True,True,False,True,0.5447660882307849,5.69616399,0.5489555230992473,False,-0.009606750058361133,True,51.4,False,0.9547248664964012,38.0,-0.27,0,True,▆▆▆▆▆█▄▆▄▆▇▃▄▅▄▇▁▅▄▅,False,False,False,0,0.026261458419357453,0.0392206054524169,0.016182301880680372,-0.01099910272443183,UP,False,45,35.0,IGNORE,NONE,,GREEN,C,WATCHLIST,No standout factor,Distribution Services,33.3
BRITANNIA,5429.0,5440.0,5475.0,5363.5,True,True,True,False,False,True,1.3636248700558777,182.9855308,1.3651094079885684,False,0.1166082535899993,True,35.64,False,0.6370941072370244,0.0,-2.98,0,False,█▆▅▆▅▆▇▆▅▄▆▄▅▆▆▇▅█▅▁,False,False,False,2,0.012589760328266308,0.01704758336455603,0.0025106037895892275,-0.0331721248122927,UP,False,39,35.0,IGNORE,NONE,,GREEN,C,WATCHLIST,CMF positive,Consumer Non-Durables,39.6
VISHNU,586.6,590.0,599.6,582.0,True,False,False,True,False,True,0.48057767673109897,4.20774046,0.45173474882450815,False,-0.30498430973064067,True,61.17,True,1.1151115202668829,84.0,0.94,0,True,▆█▆▄▆█▁▄▄▄▅▅▆▅▆▅█▇▆▇,False,False,False,6,-0.01742043551088779,0.01295113106544643,-0.02749959204956487,-0.0372685771114023,UP,False,38,35.0,IGNORE,NONE,,GREEN,C,WATCHLIST,No standout factor,Process Industries,36.8
GLENMARK,2279.1,2274.9,2289.0,2256.0,False,True,True,True,False,True,0.7700550669323776,99.69216429,0.7831526283773513,False,-0.01779283297515535,True,41.0,False,0.8443423911364644,24.0,-0.65,0,True,▃▅▅▅▂█▄▅▆█▇█▅▅▂▁▅▂▃▃,False,False,False,0,-0.0016645494765430424,0.0018462349993404459,-0.011743706015220123,-0.048373473177508286,UP,False,35,35.0,IGNORE,NONE,,GREEN,C,WATCHLIST,No standout factor,Health Technology,33.0
MEDIASSIST,364.95,369.2,370.15,364.35,True,True,True,False,False,False,0.7014184105178675,2.8912433849999997,0.7220446503743666,False,-0.1279576449695854,True,81.93,True,1.3721664419638746,96.0,2.43,0,True,▃▅▃▁▃█▃▄▂▁▂▂▃▃▂▄▂▁▃▇,False,False,False,0,0.019983230855226353,-0.009902333152468912,0.009904074316549272,-0.060122041329317644,UP,False,31,35.0,IGNORE,SEED,,GREEN,C,WATCHLIST,Delivery P96,Finance,31.4
NAVA,581.85,592.0,592.0,573.35,True,True,False,False,False,False,0.8710743763921047,12.21140232,0.8806453115915792,False,-0.059052368765012124,True,57.38,True,1.0404634758878302,90.0,1.11,0,True,▅▆▅▅▄▇▅██▅▄▄▄▄▇▁▄▅▃▅,False,False,False,0,-0.029845769070446004,-0.018140398245021894,-0.039924925609123085,-0.06836010642187063,UP,False,27,35.0,IGNORE,SEED,,GREEN,C,WATCHLIST,Delivery P90,Utilities,35.4
BHEL,408.15,410.1,411.9,404.95,True,False,True,True,False,True,0.38157100359064916,214.23295556999997,0.3737843689230287,False,0.07625619519206417,True,33.43,False,0.80680584047303,26.0,-0.59,0,False,▄█▇▁▄▄▆▅▅▅▆▄▃▆▆▆▇▇▅▄,False,False,False,2,0.06957547169811318,-0.02298025134649917,0.0594963151594361,-0.0731999595233479,UP,False,26,35.0,IGNORE,NONE,,GREEN,C,WATCHLIST,CMF positive,Producer Manufacturing,37.9
EKC,112.68,111.65,114.57,110.42,False,True,False,False,False,False,1.5704891531967045,2.862624132,1.6044402056066236,True,-0.05574594312284671,True,52.4,False,0.9738962354449907,74.0,0.58,0,True,▅▅▅▁▇▃▅▄▇▄▄▅▅█▄▅▅▅▄▄,False,False,False,0,-0.020344287949921713,-0.0430573248407643,-0.030423444488598794,-0.09327703301761303,UP,False,21,35.0,IGNORE,NONE,,GREEN,C,WATCHLIST,No standout factor,Producer Manufacturing,37.9
ANURAS,1214.6,1213.0,1222.0,1208.5,False,False,False,False,False,True,0.8528679181940751,38.261964819999996,0.8248824526157914,False,-0.20200110163289547,True,67.14,True,1.1679568583108637,90.0,1.31,0,True,▃▃▂▄▃▂█▇▅▂▆▅▅▅▆▄▅▁▃▅,False,False,False,0,-0.04211356466876981,-0.061287580183940205,-0.05219272120744689,-0.11150728836078894,UP,False,16,35.0,IGNORE,SEED,,GREEN,C,WATCHLIST,Delivery P90,Health Technology,33.0
PRAJIND,325.05,325.05,329.95,322.0,False,False,False,False,False,False,2.0759641633016668,43.608317940000006,2.0863883487554284,True,-0.4000437753536483,True,36.25,False,0.77824770819468,34.0,-0.31,0,True,▄▅▄▄▇▆██▆▅▇█▅▇▆▇▁▅▃▃,False,False,False,0,-0.08642495784148396,-0.07734885041158102,-0.09650411438016104,-0.12756855858842975,UP,False,14,35.0,IGNORE,NONE,,GREEN,C,WATCHLIST,No standout factor,Industrial Services,34.6
ORKLAINDIA,569.0,562.95,571.0,557.0,False,False,False,False,False,False,2.6112706449562855,11.0235215,2.5904261457967994,True,-0.25165118472050274,True,70.15,True,1.0882464727007595,89.0,1.13,0,False,▅▅▄▂█▂▅▃▄▃▁▁▄▃▅▄▄▃▃▅,False,False,False,0,-0.039743481562737215,-0.07704785077047849,-0.049822638101414296,-0.12726755894732722,UP,False,14,35.0,IGNORE,SEED,,GREEN,C,WATCHLIST,No standout factor,Consumer Non-Durables,39.6
IRFC,89.02,89.5,89.88,88.43,False,False,False,False,False,False,1.5361610992740808,106.365885276,1.5412491289316266,True,-0.04005614857132318,True,41.2,True,1.1166976107549906,84.0,0.92,0,False,▆█▃▅▆▅▅▇▄▄▅▆▄▁▂▄▅▆▄▆,False,False,False,0,-0.017113834603069367,-0.0834963451044991,-0.027192991141746448,-0.13371605328134784,UP,False,13,35.0,IGNORE,NONE,,GREEN,C,WATCHLIST,No standout factor,Finance,31.4
GVPIL,762.9,730.0,762.9,728.55,False,False,False,True,False,False,0.7919687080453273,12.48394302,0.7697721601050909,False,-0.303323875115238,True,62.12,True,1.1456076127949544,97.0,1.55,0,True,▂▂█▁▃▃▃▂▃▂▃▃▂▂▁▄▂▄▅▄,False,False,False,0,-0.07003108429328953,-0.11818759752644048,-0.0801102408319666,-0.1684073057032892,UP,False,7,35.0,IGNORE,SEED,,GREEN,C,WATCHLIST,Delivery P97,Industrial Services,34.6
EPACKPEB,246.3,249.9,256.05,245.0,True,False,True,True,False,False,0.555013108011753,25.432248360000003,0.5289800735105596,False,0.03944648740438195,False,32.36,False,0.9249414051334819,31.0,-0.44,0,True,█▅█▇▇▅▇█▇▅▆▅▆▇▇▇▁▄▆▆,False,False,False,2,-0.07091663523198799,0.31711229946524067,-0.08099579177066507,0.26689259128839193,FLAT,True,91,34.0,IGNORE,NONE,,GREEN,C,WATCHLIST,"CMF positive, RS leader",Industrial Services,34.6
IFGLEXPOR,227.1,225.54,229.79,222.06,False,True,True,True,True,False,1.179048590473088,1.50419685,1.2597955816509012,True,-0.20027433355798857,True,51.8,True,1.1230230566606323,54.0,0.21,0,False,▇▄▃▃▆█▄▇▇▃▂▆▄▅▆▃▁▅▃▆,False,False,False,0,-0.016883116883116944,0.30001717327837873,-0.026962273421794025,0.24979746510153,FLAT,True,89,34.0,IGNORE,NONE,,GREEN,C,WATCHLIST,No standout factor,Producer Manufacturing,37.9
GCSL,523.95,527.9,527.9,516.9,True,True,True,True,False,True,0.5818169137001545,19.05637587,0.5903315280500974,False,-0.09928260853985234,True,27.65,False,0.7625377476868769,23.0,-0.72,0,False,▃▃█▆▅▇▅▃▁▅▅▂▅▆▄▄▆▇▆▄,False,False,False,11,0.06548042704626345,0.287030213706706,0.055401270507586364,0.23681050552985727,FLAT,True,88,34.0,IGNORE,NONE,,GREEN,C,WATCHLIST,No standout factor,Finance,31.4
RICOAUTO,151.53,151.0,155.34,149.6,True,True,True,True,False,True,0.7335220045161256,29.293370469,0.7831526152979553,False,0.013137797072490852,False,31.65,True,1.01727601446364,62.0,0.28,0,False,▇█▄▃▁▂▂▄▁▂▆▃▅▅▂▅▅▅▅▄,False,False,False,2,0.13983752068602384,0.2727196371577356,0.12975836414734676,0.22249992898088689,FLAT,True,87,34.0,IGNORE,NONE,,GREEN,C,WATCHLIST,CMF positive,Producer Manufacturing,37.9
POONAWALLA,480.05,492.9,493.0,469.0,True,True,True,True,False,True,1.3696022760837667,90.985076625,1.388489216932898,False,0.023167114472519623,False,42.53,False,0.8941542536976107,36.0,-0.3,0,False,▅▆▅▅▅▁▄▆▅▄▅▆▇▄▆▆▆▇█▄,False,False,False,4,0.0063941299790357675,0.2538853336815985,-0.0036850265596413134,0.20366562550474976,FLAT,True,85,34.0,IGNORE,NONE,,GREEN,C,WATCHLIST,CMF positive,Finance,31.4
RAYMONDREL,690.0,690.0,701.2,675.25,False,True,True,True,False,True,0.8116864542135329,23.886558,0.8123149923961233,False,-0.04664676816641317,True,36.25,False,0.8654236397927758,18.0,-1.0,0,True,▄▇▁▇▄▄▅▆▇▄▆▄▆▇▆▇▇██▄,False,False,False,2,-0.014285714285714235,0.22917965618598024,-0.024364870824391316,0.1789599480091315,FLAT,True,82,34.0,IGNORE,NONE,,GREEN,C,WATCHLIST,No standout factor,Finance,31.4
PDSL,361.85,357.4,370.0,355.25,False,True,True,True,False,True,0.3151352907097683,7.830904405000001,0.3025767075396256,False,-0.545273877527381,True,53.41,True,1.1839684334197866,57.0,0.18,0,False,▅▁▃▅▃▅▇▆▅▆▄▅█▅▄▅▆▅█▆,False,False,False,2,0.014011489421325463,0.19738583719391145,0.003932332882648382,0.14716612901706272,FLAT,True,78,34.0,IGNORE,NONE,,GREEN,C,WATCHLIST,No standout factor,Consumer Non-Durables,39.6
PARADEEP,149.45,148.13,152.3,146.81,False,True,True,True,False,False,0.474193250849442,92.29177145999999,0.46380120293820326,False,0.36357271182627426,True,34.27,False,0.962464718520495,31.0,-0.37,0,False,▇█▇▆▅▅▅▆▆▄▆▄▁▂▃▅▅▅▇▅,False,False,False,1,0.05387490303927778,0.18648777389647497,0.043795746500600696,0.13626806571962624,FLAT,True,77,34.0,IGNORE,NONE,,GREEN,C,WATCHLIST,CMF positive,Process Industries,36.8
BOSCHLTD,42230.0,42920.0,42920.0,41870.0,True,True,True,True,False,True,1.1632018320941424,126.981387,1.1756542182362335,False,0.036227948832865155,False,41.35,False,0.9854153758162146,40.0,-0.25,0,False,▆▅▅█▃▇▆▃▃▅▆▆▄▅▇▅▃▁▄▅,False,False,False,5,0.00011841326228534399,0.17845681596204832,-0.009960743276391737,0.1282371077851996,FLAT,True,76,34.0,IGNORE,NONE,,GREEN,C,WATCHLIST,CMF positive,Producer Manufacturing,37.9
QPOWER,1052.9,1098.7,1109.7,1001.3,True,False,False,True,False,False,0.8742195365837829,128.21079068000003,0.7295530077650121,False,0.003089847048689952,False,39.45,True,1.281343380537872,83.0,0.9,0,True,▂▄▁▂▂▅▁▃▃▃▆█▃▃▄▆▄▃▅▇,False,False,False,9,-0.07482096568692054,0.16703613389492356,-0.08490012222559762,0.11681642571807482,FLAT,True,74,34.0,IGNORE,NONE,,GREEN,C,WATCHLIST,CMF positive,Producer Manufacturing,37.9
SILVERTUC,195.88,193.9,201.5,193.0,False,True,True,True,False,True,0.7381191301486992,8.861846256,0.7315309988261107,False,-0.09132815293400255,True,32.68,False,0.8218282409153779,25.0,-0.67,0,True,▅█▃▃▅▂▁▃▁▄▄▅▅▇▆▆▄▆▅▂,False,False,False,1,0.09314135833472847,0.16380488384528546,0.0830622017960514,0.11358517566843673,FLAT,True,73,34.0,IGNORE,NONE,,GREEN,C,WATCHLIST,No standout factor,Technology Services,38.0
GRINDWELL,2133.8,2114.0,2152.1,2091.1,False,True,True,True,False,True,0.46212588240826336,9.541286700000002,0.46302267679919573,False,-0.10166230415297497,True,57.26,True,1.1616489491195325,49.0,-0.09,0,False,▆▆▇▅▁▄▃▄▅▃▄▅██▇▅▅▆▆▆,False,False,False,1,0.036529680365297024,0.15979997825850645,0.026450523826619943,0.10958027008165772,FLAT,True,72,34.0,IGNORE,NONE,,GREEN,C,WATCHLIST,No standout factor,Process Industries,36.8
CEATLTD,3723.1,3725.1,3768.5,3675.3,True,True,True,True,False,True,0.27557656785174295,20.29312886,0.2874389429269154,False,-0.0706178606405462,True,45.6,True,1.0133558523522745,68.0,0.44,0,False,▅▆▆▄▁▅▄▆▅▇▅▆▇▃█▆▅▃▇▅,False,False,False,1,-0.03711270883980755,0.1487503856834309,-0.04719186537848463,0.09853067750658218,FLAT,True,70,34.0,IGNORE,NONE,,GREEN,C,WATCHLIST,No standout factor,Consumer Durables,38.4
IDBI,84.22,84.55,84.79,84.0,True,False,True,False,False,False,0.20006554806410803,19.763747382,0.19681399353823992,False,-0.19228662424671178,True,48.15,True,1.364409181071125,92.0,1.42,0,True,▆▁▃▅▆▄▅▅▇▅▄▂█▅▇▆▇▆▆█,False,False,False,0,0.01604536132223422,0.14072870107002577,0.005966204783557139,0.09050899289317704,FLAT,True,68,34.0,IGNORE,SEED,,GREEN,C,WATCHLIST,Delivery P92,Finance,31.4
BORORENEW,548.65,556.55,560.0,546.0,True,False,False,True,False,False,0.5004598181923198,17.993415669999997,0.4591529273243796,False,-0.34872730362017024,True,54.86,True,1.19725456390559,90.0,1.19,0,True,▅▆▅▄▁▅▄▅▄▃▆▇▆▅▆█▆▄█▇,False,False,False,1,-0.14347045507766765,0.09347284504235165,-0.15354961161634473,0.04325313686550292,FLAT,True,59,34.0,IGNORE,SEED,,GREEN,C,WATCHLIST,Delivery P90,Process Industries,36.8
KROSS,202.75,200.1,204.69,199.51,False,True,True,True,False,True,0.09504626874173773,3.6789393,0.09340822822801452,False,-0.09453696925194974,True,40.46,True,1.1470855069176682,58.0,0.26,0,False,█▆▆▇▅▁▂▃▃▄▄▃▅▄▃▆▅▄▅▅,False,False,False,0,0.0906988003658078,0.06246397316983687,0.08061964382713072,0.01224426499298814,UP,True,52,34.0,IGNORE,NONE,,GREEN,C,WATCHLIST,No standout factor,Producer Manufacturing,37.9
PRINCEPIPE,271.0,274.35,277.6,268.35,True,True,True,False,False,False,0.5965301535492021,3.5293685,0.5964383584896107,False,0.059905889976095715,False,55.13,True,1.0195570761477646,83.0,0.85,0,True,▆▅▅▆▆▅▆▇▅▄▅█▇▇▇▇▁▄▆▆,False,False,False,0,0.012516345974220133,0.033759298111768254,0.0024371894355430523,-0.016460410065080477,UP,False,43,34.0,IGNORE,NONE,,GREEN,C,WATCHLIST,CMF positive,Producer Manufacturing,37.9
ZYDUSLIFE,1103.5,1121.0,1122.8,1101.5,True,False,True,True,False,True,0.5452612379309895,63.5883047,0.5313414389126504,False,-0.12684153169833884,False,55.37,True,1.0282265552460539,63.0,0.41,0,True,▆▅▆▆▆▅▇▆▅▆▆▇▆▆▇▁▆▇█▆,False,False,False,6,-0.047886108714409015,0.02265882025856092,-0.057965265253086096,-0.027560887918287813,FLAT,False,41,34.0,IGNORE,NONE,,GREEN,C,WATCHLIST,No standout factor,Health Technology,33.0
JSWSTEEL,1306.0,1330.0,1335.0,1303.5,True,True,True,True,False,True,1.2656519171843295,291.0470628,1.3107514061965508,False,0.10591972538630663,False,45.84,False,0.8462092263388159,35.0,-0.4,0,False,▅▃▅▇▂▁▇█▇▅▆▅▄▄▆▇▅▅▅▄,False,False,False,2,0.06542666014031662,0.0095856524427953,0.055347503601639536,-0.04063405573405343,UP,False,37,34.0,IGNORE,NONE,,GREEN,C,WATCHLIST,CMF positive,Non-Energy Minerals,41.4
TRANSRAILL,473.4,480.0,484.25,470.0,True,False,False,False,False,False,3.6761106201005633,44.68725576,3.5160583456210466,False,-0.16032224763452513,False,54.1,True,1.0603892667437622,92.0,1.51,0,True,▆▄▄▄█▆▇▆▃▂▆█▄▅▁▃▃▅▅▆,False,False,False,0,-0.06820194862710371,-0.012721584984358714,-0.0782811051657808,-0.06294129316120745,FLAT,False,29,34.0,IGNORE,DISTRIBUTION,,GREEN,C,WATCHLIST,Delivery P92,Industrial Services,34.6
AXISBANK,1256.0,1256.1,1259.9,1248.3,False,False,False,False,False,True,0.563526660032457,575.1470176,0.5601272491861772,False,0.03750969172603942,True,62.98,True,1.0016859115055508,46.0,-0.01,0,True,▄▁▃▄▅▅▇█▆▇▆▄▄▅█▅▄▃▅▅,False,False,False,0,-0.03205918618988901,-0.03332563688139767,-0.04213834272856609,-0.0835453450582464,UP,False,23,34.0,IGNORE,NONE,,GREEN,C,WATCHLIST,CMF positive,Finance,31.4
JKTYRE,394.9,411.0,414.8,384.15,True,False,False,False,False,False,3.2292351797541765,120.93516325,3.1388762497701146,False,-0.1293504669356012,False,27.14,False,0.5744280060109637,9.0,-1.46,0,True,▆▇▆▄▄▅█▆▃▃▄▄▆▄▅▅▅▄▆▁,False,True,False,2,-0.0375335120643433,-0.03210784313725501,-0.04761266860302038,-0.08232755131410374,UP,False,23,34.0,IGNORE,DISTRIBUTION,,GREEN,C,WATCHLIST,No standout factor,Consumer Durables,38.4
GRINFRA,870.7,939.95,948.8,856.4,True,False,False,False,False,False,37.041155850187366,50.69424368,35.93633380948174,False,-0.4537473320203532,False,23.9,False,0.41961111354957636,3.0,-2.15,0,True,▇█▆▅▄▆▃█▇▆▆█▇▆▅▅▇▇▇▁,False,True,False,0,-0.04223957760422392,-0.03223296654440366,-0.052318734142901,-0.0824526747212524,UP,False,23,34.0,IGNORE,DISTRIBUTION,,GREEN,C,WATCHLIST,No standout factor,Industrial Services,34.6
COALINDIA,412.7,414.5,415.75,412.15,True,False,False,False,False,True,0.6687509109682838,185.32124292999998,0.6550224730629574,False,0.061616173333032064,False,62.27,True,1.0383611669265211,81.0,0.94,0,True,▅▁▆▅▄█▆▅▆▄▅▃▇██▇▇▇▇▆,False,False,False,0,-0.040009304489416087,-0.09920331769071267,-0.05008846102809317,-0.1494230258675614,UP,False,10,34.0,IGNORE,NONE,,GREEN,C,WATCHLIST,CMF positive,Energy Minerals,42.6
BLUSPRING,112.23,116.46,121.0,111.0,True,True,True,True,False,True,0.9393554281616247,4.657039965,0.9313587943814847,False,-0.1054956971802399,False,38.09,False,0.8779430915858986,10.0,-1.39,0,True,▃▂▁▁▄▂▅▅▇▅▅▇▃▆█▅▇▇▆▃,False,False,False,0,-0.0071656050955414274,0.4200936353283564,-0.01724476163421851,0.3698739271515077,FLAT,True,95,33.0,IGNORE,NONE,,GREEN,C,WATCHLIST,RS leader,Commercial Services,35.1
BLUEJET,593.9,587.9,599.45,583.1,False,True,True,True,False,False,0.3710544189316397,30.700116359999996,0.36773680311104123,False,-0.2171598813666097,False,45.14,False,0.9868392287175899,34.0,-0.3,0,True,▃▅▆▅▄▄▆▄▆▆▅▆▇▆█▁▃▅▃▅,False,False,False,1,-0.0483134364233635,0.3216868810504061,-0.05839259296204058,0.27146717287355737,FLAT,True,91,33.0,IGNORE,NONE,,GREEN,C,WATCHLIST,RS leader,Health Technology,33.0
RPEL,1256.5,1270.0,1270.0,1251.0,True,False,True,True,False,True,0.21795588800727045,1.56698115,0.2134014351235843,False,-0.1238394251090168,False,57.39,True,1.0432269323056789,57.0,0.25,0,True,▇▇▅▁▄▇▅▄▄▆▆▆▅▇▇▃▆▇█▆,False,False,False,5,-0.029504904611106886,0.3019376230442441,-0.03958406114978397,0.25171791486739536,FLAT,True,89,33.0,IGNORE,NONE,,GREEN,C,WATCHLIST,No standout factor,Process Industries,36.8
TIL,232.1,246.6,251.0,230.75,True,False,True,False,False,False,0.5123110143313278,32.6135315,0.4626795433483348,False,0.3762195224953016,False,50.36,True,1.192446575504647,21.0,-0.61,0,False,▄▅▇▇▇▅▇▇█▇█▃▁▂▂▃▄▄▄▆,False,False,False,5,0.07274912183398041,0.2427714714071536,0.06266996529530333,0.19255176323030487,FLAT,True,84,33.0,IGNORE,NONE,,GREEN,C,WATCHLIST,CMF positive,Producer Manufacturing,37.9
CORONA,2046.0,2045.5,2089.6,2045.2,False,False,True,True,False,True,0.5289577447438987,4.7442648,0.5160862056136449,False,-0.4755627610050759,False,51.85,True,1.0815038848620744,74.0,0.52,0,True,▄▃▅▄▃▇▂▇▇▂▅█▇▂▇▁▂▃▅▆,False,False,False,13,0.0009784735812132794,0.2190181124880839,-0.009100682957463802,0.16879840431123516,FLAT,True,81,33.0,IGNORE,NONE,,GREEN,C,WATCHLIST,No standout factor,Health Technology,33.0
ROTO,67.47,69.31,72.08,67.1,True,False,True,True,False,False,3.607243195269274,11.273434107,3.569058985792416,False,-0.0821075338100377,False,30.76,False,0.8096974163913714,22.0,-0.71,0,True,▄▃▅▅▇▁▃▃▄▃▆▆▂▄▆▆▇█▄▃,False,False,False,0,-0.025422504694496695,0.20331728196896726,-0.035501661233173776,0.15309757379211852,FLAT,True,79,33.0,IGNORE,DISTRIBUTION,,GREEN,C,WATCHLIST,No standout factor,Producer Manufacturing,37.9
INDIGO,5329.5,5400.5,5424.0,5315.0,True,True,True,True,False,True,0.4607595686975754,251.89615275,0.472862938531282,False,0.2157480606652255,False,41.58,False,0.8085561497326204,13.0,-1.13,0,False,▂▆▅█▆▇▅▇▅▅▃▅▆▄▅▁▃▄▇▃,False,False,False,2,0.019122287025528317,0.18940814140332085,0.009043130486851236,0.13918843322647212,FLAT,True,77,33.0,IGNORE,NONE,,GREEN,C,WATCHLIST,CMF positive,Transportation,31.8
WENDT,8151.0,8090.0,8300.0,8074.5,False,True,True,True,False,False,0.5510363894970673,4.2156972,0.5550610046247723,False,-0.13241216882450654,False,52.96,True,1.0603557878087115,45.0,-0.05,0,True,▆▇▆▄█▄██▆▁▃▂▇▅▆█▇▇▆▆,False,False,False,5,0.03940321346595255,0.18508287292817682,0.029324056927275466,0.1348631647513281,FLAT,True,76,33.0,IGNORE,NONE,,GREEN,C,WATCHLIST,No standout factor,Producer Manufacturing,37.9
HFCL,207.98,203.98,211.52,201.0,False,True,True,True,False,True,0.7366381851259278,404.73694164399996,0.7467194742224074,False,0.02370184714623882,True,37.55,False,0.9847888801468658,70.0,0.39,0,False,▃▂▄▄█▅▅▁█▅▆▃▄▆▆▄▄▄▆▄,False,False,False,2,-0.042669735327963254,0.1558297210181172,-0.052748891866640335,0.10561001284126847,FLAT,True,71,33.0,IGNORE,NONE,,GREEN,C,WATCHLIST,CMF positive,Electronic Technology,34.1
GPTHEALTH,159.44,165.7,165.7,157.47,True,False,True,True,False,True,0.7538339253990861,2.866236936,0.7361741120238698,False,-0.039533569478346915,False,71.36,True,1.3316165631006363,92.0,1.34,0,False,▅▆▄▄▄█▄▆▅▂▆▆▅▃▂▅▁▅▄▇,False,False,False,8,0.008411865157168963,0.11966292134831447,-0.001667291381508118,0.06944321317146573,FLAT,True,64,33.0,IGNORE,SEED,,GREEN,C,WATCHLIST,Delivery P92,Health Services,41.4
KRN,1094.4,1162.8,1194.9,1084.4,True,False,True,True,False,False,0.6266217664024244,73.77000192,0.5488850559911356,False,-0.08410830689213192,False,37.46,True,1.354081946176508,69.0,0.42,0,True,▅▅▄▅▄▂▄▁▁▅▆▃█▄▄█▆▄▁█,False,False,False,4,-0.09208561473369836,0.09752795467081188,-0.10216477127237544,0.047308246493963146,FLAT,True,60,33.0,IGNORE,NONE,,GREEN,C,WATCHLIST,No standout factor,Producer Manufacturing,37.9
KAJARIACER,1167.3,1175.0,1179.0,1158.4,True,False,False,True,False,True,0.6075332950872181,23.845487669999997,0.5819946885040954,False,-0.08364512850090086,False,63.39,True,1.0601841398861043,76.0,0.58,0,True,▆▅██▆▄▆▇▄▃▄▇▅▅▁▇▄▇▆▆,False,False,False,8,-0.04162561576354684,0.08829013611784453,-0.05170477230222392,0.0380704279409958,FLAT,True,58,33.0,IGNORE,NONE,,GREEN,C,WATCHLIST,No standout factor,Producer Manufacturing,37.9
CAPILLARY,551.0,570.0,576.95,551.0,True,True,True,True,False,False,0.16253598632554858,11.4396967,0.16427491592149523,False,0.13624562249027553,False,33.01,False,0.7931283037001442,48.0,-0.16,0,False,▅██▄▃▄▅▆▅▄▁▂▃▅▃▅▂▂▃▃,False,False,False,2,0.09325396825396814,0.07344632768361592,0.08317481171529106,0.023226619506767188,UP,True,54,33.0,IGNORE,NONE,,GREEN,C,WATCHLIST,CMF positive,Technology Services,38.0
PHOENIXLTD,1895.5,1901.5,1917.8,1893.9,True,False,False,True,False,True,0.41439908048199414,55.0885374,0.38892263504209035,False,-0.25533190713166876,False,59.67,True,1.0684740178347598,69.0,0.44,0,True,▆▆▅▅▇▃▇▆█▃▃▅▁▁█▃█▄▅▆,False,False,False,3,-0.11379681144513543,0.07017841011743453,-0.12387596798381251,0.0199587019405858,FLAT,True,53,33.0,IGNORE,NONE,,GREEN,C,WATCHLIST,No standout factor,Finance,31.4
SATIN,231.78,232.9,236.39,231.0,True,False,False,True,False,True,0.3355687090948893,5.380981302,0.3070524977272057,False,-0.2197184040141938,False,52.71,True,1.1009806686092052,38.0,-0.29,0,True,▆▄▆▅▅▄▅█▄▁▄▃▄▆▂▄▄▆▇▆,False,False,False,4,-0.09700794763908371,0.06408961527867052,-0.1070871041777608,0.013869907101821788,FLAT,True,52,33.0,IGNORE,NONE,,GREEN,C,WATCHLIST,No standout factor,Finance,31.4
BERGEPAINT,530.55,538.0,544.85,529.05,True,True,True,True,False,True,0.7981299755024339,15.205881329999999,0.812352114275585,False,-0.08313314407805301,False,61.75,True,1.446406820950061,88.0,0.97,0,False,▄▆▄▄▅▆▂▃▃▄▅▆▃▅▇▆▄▁▃█,False,False,False,1,0.06696832579185519,0.05982820615261675,0.05688916925317811,0.009608497975768016,UP,True,51,33.0,IGNORE,SEED,,GREEN,C,WATCHLIST,No standout factor,Process Industries,36.8
SEIL,201.0,203.0,207.72,200.65,True,False,False,True,False,True,0.9624877061249891,6.266979,0.9323116414058,False,-0.4072894514256634,False,77.14,True,1.1384045512569823,94.0,1.53,0,True,▁▅▅▅▆▃▇█▆▇▆▇▅▅██▆▆▅▇,False,False,False,0,-0.08632210555025233,0.055118110236220375,-0.09640126208892941,0.004898402059371643,FLAT,True,50,33.0,IGNORE,SEED,,GREEN,C,WATCHLIST,Delivery P94,Commercial Services,35.1
ZYDUSWELL,533.85,534.0,535.45,523.0,False,False,False,True,False,True,0.5153122137398519,12.128271225,0.4817276957557947,False,-0.017873813020405232,False,45.63,True,1.1965856792583949,62.0,0.38,0,True,▅█▆▆▄▁▆▇█▅▅▆▄▆▆▆▂▇▅▇,False,False,False,3,-0.0989113005316905,0.052854748052460376,-0.10899045707036759,0.0026350398756116444,FLAT,True,49,33.0,IGNORE,NONE,,GREEN,C,WATCHLIST,No standout factor,Consumer Non-Durables,39.6
ADVAIT,2191.0,2324.0,2442.0,2131.0,True,False,False,True,False,True,8.030586580676225,69.4330091,7.815950332331967,False,-0.06886895693295608,False,34.5,False,0.7069382402360559,19.0,-1.05,0,True,▆▆▄▃▇▂▇▃▅▄▆▇▃▆▆█▆▆▅▁,False,False,False,0,-0.0072496601721794285,0.050839328537170214,-0.01732881671085651,0.0006196203603214823,FLAT,True,48,33.0,IGNORE,DISTRIBUTION,,GREEN,C,WATCHLIST,No standout factor,Producer Manufacturing,37.9
POWERMECH,2616.7,2610.4,2643.1,2592.0,True,True,True,True,False,False,0.8176337915365611,12.929376369999998,0.8217503490661244,False,0.012123893723610309,False,54.07,True,1.096154236016786,77.0,0.65,0,True,▃▆▄▁▃▃█▃▅▄▅▇▅▄▅▆▅▆▄▆,False,False,False,0,-0.008825757575757653,0.04638701163674175,-0.018904914114434734,-0.0038326965401069835,FLAT,False,47,33.0,IGNORE,NONE,,GREEN,C,WATCHLIST,CMF positive,Industrial Services,34.6
INFY,1165.5,1174.1,1185.8,1163.0,True,True,True,False,False,False,0.550833700963449,941.56747335,0.5818214080520195,False,0.021496901196146844,False,55.17,True,1.0483212039447434,56.0,0.08,0,True,▅▄▁▅▃▅▇▇▅▆▅██▆▃▃▆▅▄▆,False,False,False,0,0.10915492957746475,0.019685039370078705,0.09907577303878767,-0.030534668806770027,UP,False,40,33.0,IGNORE,NONE,,GREEN,C,WATCHLIST,CMF positive,Technology Services,38.0
ARIHANTSUP,265.5,267.3,274.65,260.0,True,True,True,False,False,False,2.480229719146845,1.5009246,2.510019290868627,False,0.007402481561123536,False,51.75,False,0.6873924911502367,56.0,0.16,0,True,▃▆█▅▅▇▁▄▇▅▃▆▆▇▅▄▃▇▅▁,False,True,True,1,0.008547008547008517,0.018607327834260667,-0.0015321479916685643,-0.031612380342588065,UP,False,39,33.0,IGNORE,NONE,,GREEN,C,WATCHLIST,CMF positive,Finance,31.4
INTERARCH,1772.8,1820.0,1820.0,1716.5,True,False,False,False,False,False,5.042978112369898,33.58959616,4.878484055999767,False,-0.07435311442765755,True,54.83,True,1.0125764095366487,73.0,0.46,0,True,▃▄▃▃▆▄▆▃▇▂▁▃▆▃▄▅█▂▄▄,False,False,False,0,-0.0352633870265564,0.014187643020594942,-0.045342543565233484,-0.03603206515625379,FLAT,False,38,33.0,IGNORE,NONE,,GREEN,C,WATCHLIST,No standout factor,Producer Manufacturing,37.9
MBEL,298.5,287.0,306.95,287.0,False,False,False,False,False,False,2.792170540191558,11.4991752,2.6899559955963426,True,-0.18234550374420747,True,44.29,False,0.8297348183257305,40.0,-0.09,0,False,▄▄▅▄▁▅▅▆▆▄▅▅▅▃█▆▆▆█▃,False,True,False,1,-0.06602002503128923,0.0086163203243792,-0.07609918156996631,-0.04160338785246953,FLAT,False,36,33.0,IGNORE,NONE,,GREEN,C,WATCHLIST,No standout factor,Producer Manufacturing,37.9
KIOCL,391.75,392.0,397.3,389.05,True,True,True,True,False,False,0.21042668092432612,2.4167841,0.2151451878008641,False,-0.07754115839634497,True,46.83,True,1.14116528986037,89.0,1.28,0,True,▅▅▅▆▆▆▆█▅▆▅▆▅▄▂▁▃▃▃▅,False,False,False,0,0.02835017718860744,-0.012477943029997496,0.01827102064993036,-0.06269765120684623,UP,False,30,33.0,IGNORE,SEED,,GREEN,C,WATCHLIST,No standout factor,Non-Energy Minerals,41.4
V2RETAIL,219.44,218.31,220.5,216.0,False,False,False,True,False,True,0.9473690560095929,15.336529935999998,0.9411027528539063,False,-0.02220440800854652,True,57.41,True,1.1133304890819533,63.0,0.27,0,True,▄█▄▁▇▅▅▆▆▃▃▆▄▇▅▄▅▆█▇,False,False,False,0,-0.003587158879353347,-0.04603747337303832,-0.013666315418030428,-0.09625718154988705,UP,False,20,33.0,IGNORE,NONE,,GREEN,C,WATCHLIST,No standout factor,Retail Trade,39.8
KCP,154.96,151.1,156.5,150.0,False,False,False,False,False,False,1.2120970502957327,2.6854568,1.1682276301452836,True,-0.2097798307388002,True,64.82,True,1.2163518826057178,83.0,0.89,0,True,▅▅▆▇▄▆▃▅▆▄▅▆▆▅▇▁▆█▇▇,False,True,False,0,-0.09167643610785459,-0.058165684069774515,-0.10175559264653167,-0.10838539224662325,UP,False,17,33.0,IGNORE,NONE,,GREEN,C,WATCHLIST,No standout factor,Producer Manufacturing,37.9
TMPV,343.5,349.0,349.0,343.0,True,True,False,False,False,False,0.5952546340941377,170.580039,0.609273141151999,False,0.10500053458681809,True,40.43,False,0.8085838283234336,17.0,-0.94,0,True,▁▆▇▆▆█▅█▃▄█▆▇▃▄▂█▃▇▁,False,False,False,0,0.03619909502262453,-0.10918049792531126,0.026119938483947447,-0.15940020610216,UP,False,8,33.0,IGNORE,NONE,,GREEN,C,WATCHLIST,CMF positive,Consumer Durables,38.4
GMDCLTD,582.8,594.0,594.0,580.3,True,True,False,True,False,False,0.851739102104419,57.05950024,0.859837941899278,False,-0.04294867031677851,True,37.77,True,1.1323300155893992,89.0,1.37,0,True,▄▄▄█▅▅▄▇▃▅▅▆▃▆▁▆▅▆▃▆,False,False,False,0,-0.01178465451462496,-0.13014925373134334,-0.02186381105330204,-0.18036896190819207,UP,False,5,33.0,IGNORE,SEED,,GREEN,C,WATCHLIST,No standout factor,Distribution Services,33.3
THERMAX,4059.9,3991.0,4075.0,3990.8,False,False,False,True,False,False,0.2458306158857411,41.35657734,0.22961015630851123,False,0.16210430831859576,True,44.08,False,0.8890861050041348,19.0,-0.85,0,True,▇▆▇▇▇▇█▆▆▄▆█▄▇▁▅▄▆▆▅,False,False,False,0,-0.1557704304429195,-0.18520079474983442,-0.16584958698159658,-0.23542050292668315,UP,False,2,33.0,IGNORE,NONE,,GREEN,C,WATCHLIST,CMF positive,Producer Manufacturing,37.9
TATACAP,366.2,360.9,367.0,358.0,False,True,True,True,True,True,0.982887489692345,62.88045834,1.0108807327245324,False,-0.11849748830189812,True,46.01,False,0.9165795109318192,12.0,-1.12,0,False,▄▅▅▅▄▅▇█▇▆▅▆▁▃▅▅▇▅▃▄,False,False,False,1,0.04808242701774468,0.21823020625415812,0.0380032704790676,0.1680104980773094,FLAT,True,81,32.0,IGNORE,NONE,,GREEN,C,WATCHLIST,No standout factor,Finance,31.4
LXCHEM,175.64,178.9,181.84,175.01,True,False,True,True,False,False,0.31504830445135407,15.958948988,0.30364060963631473,False,0.028595723775191883,False,44.06,True,1.218271304540176,46.0,-0.08,0,False,▃▁▅▅▃▃▃▇▁▂▄▄█▂▃▄▄▆▇▇,False,False,False,12,0.12944505176515975,0.1861156131820636,0.11936589522648267,0.13589590500521487,FLAT,True,77,32.0,IGNORE,NONE,,GREEN,C,WATCHLIST,CMF positive,Process Industries,36.8
VENUSPIPES,1604.0,1589.9,1629.2,1583.3,False,False,False,True,False,True,0.49083488386051255,6.5585956,0.46829592678648607,False,-0.31007700761238055,True,56.87,True,1.1603754335849825,74.0,0.51,0,True,▄▄▂▂▅▃▃▃▃▁▅▆▂▅▇▅▆▇█▆,False,False,False,0,-0.11278278665855412,0.14735336194563664,-0.1228619431972312,0.09713365376878791,FLAT,True,69,32.0,IGNORE,NONE,,GREEN,C,WATCHLIST,No standout factor,Non-Energy Minerals,41.4
HAWKINCOOK,8450.0,8494.5,8500.0,8315.0,False,False,True,True,False,True,0.4321374250693388,0.81627,0.4165076375717362,False,-0.2831828790332,True,60.08,True,1.0623944546121677,28.0,-0.52,0,False,▄▅▄▅▇▆▅▅▆▅▆█▁▆▆▆▆▆▇▆,False,False,False,4,-0.04949381327334079,0.14189189189189189,-0.05957296981201787,0.09167218371504315,FLAT,True,69,32.0,IGNORE,NONE,,GREEN,C,WATCHLIST,No standout factor,Producer Manufacturing,37.9
TTKPRESTIG,615.95,636.8,638.85,611.1,True,False,True,True,False,True,0.0958401631929989,4.511279395,0.08508783533857958,False,0.03825973483902998,False,44.44,True,1.0160501166034113,32.0,-0.31,0,False,▅▆▆██▇▆▆▇▆▆▁▂▄▄▅▆▅▅▆,False,False,False,6,-0.024083023053156793,0.14170528266913807,-0.034162179591833874,0.09148557449228933,FLAT,True,68,32.0,IGNORE,NONE,,GREEN,C,WATCHLIST,CMF positive,Consumer Durables,38.4
TVSSCS,133.79,134.0,134.96,132.65,False,False,True,True,False,True,0.603455387759628,2.872324131,0.589385467355915,False,-0.35681233076168933,True,59.15,True,1.0536816509757467,80.0,0.78,0,True,▅▃▄▆▇▆▄▂▆▄▆▇█▇█▅▇▁▇▆,False,False,False,0,-0.05555555555555558,0.14165031146002205,-0.06563471209423266,0.09143060328317332,FLAT,True,68,32.0,IGNORE,NONE,,GREEN,C,WATCHLIST,No standout factor,Transportation,31.8
PSPPROJECT,962.95,962.8,971.9,955.0,True,False,False,True,False,True,0.5232516609787049,6.17212432,0.5033002266412268,False,-0.2820437206526601,True,54.01,True,1.1279812873313562,68.0,0.43,0,True,▅▃▃▃▅▂▃▅█▅▃▅▅▁▃▅▄▄▆▅,False,False,False,0,-0.0993733632622521,0.12665262665262667,-0.10945251980092918,0.07643291847577793,FLAT,True,66,32.0,IGNORE,NONE,,GREEN,C,WATCHLIST,No standout factor,Industrial Services,34.6
INFOBEAN,167.84,166.2,171.35,166.2,False,True,True,True,False,False,0.3026703220667378,3.3695390560000003,0.3041686299319798,False,0.00997327299278696,False,43.72,True,1.2133490598765004,71.0,0.51,0,True,▆█▅▅▇▆▅▆▆▄▅▁▅▅▅▇▇█▆▇,False,False,False,0,0.027927486526212686,0.12515921431923327,0.017848329987535605,0.07493950614238454,FLAT,True,66,32.0,IGNORE,NONE,,GREEN,C,WATCHLIST,CMF positive,Technology Services,38.0
JAGSNPHARM,231.21,239.68,239.68,229.0,True,True,True,True,False,False,0.0884711945358591,1.6330824720000001,0.08689228017249379,False,-0.6603778667813526,True,48.69,True,1.1432261094153557,40.0,-0.24,0,True,▇▇▆▄▆▆▆▆▅▆▆█▆▁▃▆▆▇▅▆,False,False,False,0,-0.006701894574043021,0.11911907066795746,-0.016781051112720102,0.06889936249110873,FLAT,True,64,32.0,IGNORE,NONE,,GREEN,C,WATCHLIST,No standout factor,Health Technology,33.0
TRENT,3107.1,3120.0,3244.5,3046.2,True,True,True,False,False,False,4.807380232048304,1360.47200961,5.073864173532772,False,0.010938899016169103,False,38.39,False,0.8182360714437956,22.0,-0.88,0,True,█▅▇▆█▃▅▇▃▅▅█▆▅█▇▆▆▁▄,False,False,True,0,0.06990117420199038,0.0993136144919331,0.0598220176633133,0.04909390631508437,UP,True,61,32.0,IGNORE,NONE,,GREEN,C,WATCHLIST,CMF positive,Retail Trade,39.8
AARTIDRUGS,416.2,411.0,418.15,409.85,False,True,True,True,False,False,0.43444487558986367,3.7441768199999994,0.43700727928466526,False,-0.04060184287575553,True,49.7,True,1.0269337658714992,47.0,0.01,0,False,▃▃▄▄▄▁█▃▄▆▇▅▆▃▇▃▆▇▇▅,False,False,False,8,0.04889112903225801,0.09411146161934814,0.038811972493580926,0.043891753442499404,FLAT,True,59,32.0,IGNORE,NONE,,GREEN,C,WATCHLIST,No standout factor,Health Technology,33.0
MRF,134190.0,133930.0,134500.0,133500.0,False,True,True,False,False,False,0.45457017019194174,28.04571,0.46010924527326275,False,-0.07506198029699215,True,45.36,True,1.0216446316358476,76.0,0.65,0,True,▄█▂▂▅▅▅▁▁▂▇▇▃▄▆▄▃▄▂▄,False,False,False,0,-0.001748186721220013,0.08726300437530377,-0.011827343259897094,0.037043296198455034,FLAT,True,57,32.0,IGNORE,NONE,,GREEN,C,WATCHLIST,No standout factor,Consumer Durables,38.4
IFCI,73.98,74.69,75.2,73.73,True,False,True,True,False,False,0.3720580168985453,43.833549492,0.3700818745902937,False,-0.059063191807025725,True,35.53,True,1.2301566692633947,73.0,0.64,0,True,▃▆▃▄▅▁▄▅▇▅██▃▁▂▅▆▆▆▇,False,False,False,0,-0.044926413632842666,0.07952721435867516,-0.055005570171519746,0.029307506181826426,FLAT,True,56,32.0,IGNORE,NONE,,GREEN,C,WATCHLIST,No standout factor,Finance,31.4
CRAMC,262.75,261.35,263.3,260.45,True,True,True,False,False,False,0.08476484207476115,4.59859795,0.08380894357204544,False,-0.6357249477391772,True,55.8,True,1.2827881100714957,77.0,0.61,0,False,▇▇▇▇▅▇▄▁▃▅▅▆▆▇██▆▆▇█,False,False,False,6,0.038455458066555925,0.07179277993065458,0.028376301527878844,0.02157307175380585,UP,True,54,32.0,IGNORE,NONE,,GREEN,C,WATCHLIST,No standout factor,Finance,31.4
UBL,1400.3,1408.2,1408.2,1377.5,True,False,True,False,False,False,0.6188827603665229,14.001739729999999,0.6167873214725477,False,-0.06440721549817455,True,41.62,False,0.8040414577839596,10.0,-1.12,0,True,▅▁▄▃▅▄▁▂▃▄▃▅▃▂▆▃█▂▄▁,False,False,False,6,0.05341156999924768,0.060833333333333295,0.043332413460570596,0.010613625156484563,UP,True,51,32.0,IGNORE,NONE,,GREEN,C,WATCHLIST,No standout factor,Consumer Non-Durables,39.6
LTTS,3598.7,3555.4,3655.9,3551.3,False,True,True,False,False,False,0.32321020178919213,28.7860013,0.3345175398893664,False,0.13662480293990362,False,39.27,False,0.9285773400645537,21.0,-0.66,0,False,▅▄▁▁▃▅▅▃▄▄▅▅▄▄▅██▅▅▄,False,False,False,4,0.09776706729302664,0.04845006409509378,0.08768791075434956,-0.0017696440817549508,UP,False,48,32.0,IGNORE,NONE,,GREEN,C,WATCHLIST,CMF positive,Commercial Services,35.1
DALBHARAT,1827.4,1828.4,1832.1,1794.0,False,True,True,False,False,False,0.40091290988371475,18.825509320000002,0.40207459557981406,False,0.1475346416995693,False,51.36,True,1.0872372404157582,49.0,-0.12,0,False,▅▅▆▄█▃▅▄▇▄▂▃▄▇▇▁█▅█▆,False,False,False,2,0.02289392667226431,0.04530374099073331,0.012814770133587228,-0.004915967186115422,UP,False,47,32.0,IGNORE,NONE,,GREEN,C,WATCHLIST,CMF positive,Producer Manufacturing,37.9
SCI,304.75,316.6,320.0,302.1,True,True,True,True,False,True,5.829861982201002,420.732516875,6.121329446548161,False,-0.15399141155954774,False,28.52,False,0.8126513748397207,38.0,-0.27,0,True,▁▁▃▃▅▃▅▇▄▃▅▃▅▃▅█▂▅▇▂,False,False,True,0,0.06967356967356975,0.042593226137529916,0.059594413134892665,-0.007626482039318816,UP,False,46,32.0,IGNORE,DISTRIBUTION,,GREEN,C,WATCHLIST,No standout factor,Transportation,31.8
GARUDA,180.5,183.26,186.8,180.02,True,True,True,True,False,False,1.2978893732082093,6.95894285,1.3208248778168719,False,-0.11235706077554457,False,43.09,True,1.0056948139849695,80.0,0.93,0,True,▁▅▅▃▆▃▆▆▃▄▇▅▅▅▅▆▃█▆▅,False,False,False,0,0.018738006547014407,0.03753520721963555,0.008658850008337327,-0.012684500957213185,UP,False,45,32.0,IGNORE,NONE,,GREEN,C,WATCHLIST,No standout factor,Industrial Services,34.6
SUNDROP,681.8,690.0,718.7,672.2,False,True,True,False,False,False,7.665639213422872,14.760151839999997,7.911279070638064,True,-0.1717125397680019,False,30.65,False,0.43623683461428975,0.0,-3.11,0,False,▇█▅▆▇▆▇▅▂▅▅█▅▆█▅▇▇▆▁,False,False,False,0,0.08852877783986579,0.012850033424942398,0.07844962130118871,-0.037369674751906334,UP,False,38,32.0,IGNORE,NONE,,GREEN,C,WATCHLIST,No standout factor,Process Industries,36.8
METROPOLIS,563.2,560.0,572.6,559.25,True,False,True,True,False,True,0.48610533127335326,7.450460160000001,0.47573540020808247,False,-0.13397786585642588,False,52.8,False,0.970249361436263,46.0,-0.04,0,True,▂▅▄▃▃▁▃▂▇█▅▆▅▁▄▂▅▁▄▄,False,False,False,10,-0.00836341227220705,0.014135230035112967,-0.01844256881088413,-0.036084478141735765,UP,False,38,32.0,IGNORE,NONE,,GREEN,C,WATCHLIST,No standout factor,Health Services,41.4
MAXHEALTH,1100.1,1126.0,1132.0,1091.2,True,True,True,True,False,True,1.2303610282606998,225.96450036,1.2251870404917808,False,-0.14529182535528806,False,61.29,True,1.0787549172320934,55.0,0.17,0,True,▅▅█▅▆▃▅▄▅▂▂▁▇▃▅▃▇▅█▆,False,False,False,0,-0.046211201664643764,0.008248556502612026,-0.056290358203320845,-0.041971151674236706,FLAT,False,36,32.0,IGNORE,NONE,,GREEN,C,WATCHLIST,No standout factor,Health Services,41.4
DAMCAPITAL,152.02,154.44,155.0,151.22,True,False,False,False,False,False,0.30715138212274024,3.153898132,0.28578108941255376,False,0.13208117286676335,False,58.84,True,1.213258415382236,95.0,1.64,0,True,▁▄▁▂▄▄▃▅▃▃▅▆▆█▄▅▅▅▅▆,False,False,False,2,-0.009060687047780402,0.009160913436006446,-0.019139843586457483,-0.041058794740842286,UP,False,36,32.0,IGNORE,SEED,,GREEN,C,WATCHLIST,"Delivery P95, CMF positive",Finance,31.4
REPCOHOME,382.7,393.45,393.7,381.2,True,False,False,False,False,True,1.8435142243159728,5.3973711799999995,1.7737958561650111,False,-0.14417912464090415,False,67.38,True,1.1412891587692777,88.0,1.12,0,True,▆▇▅▆▄▆▅▅▃▃▅▆▄▅▆▄█▅▁▇,False,False,False,0,-0.06441755286639783,-0.0033854166666666963,-0.07449670940507491,-0.05360512484351543,FLAT,False,33,32.0,IGNORE,DISTRIBUTION,,GREEN,C,WATCHLIST,No standout factor,Finance,31.4
IEX,127.1,128.26,128.67,126.52,True,True,True,False,False,False,0.32527477706064684,31.442048839999998,0.32720698765339756,False,0.146915639323722,False,36.6,False,0.8998598578909842,31.0,-0.42,0,False,▇▇▄▆▄▇▅▄▃▂▅▅▆█▇▁▁█▆▄,False,False,False,3,0.06235372785021731,-0.009430286026030799,0.05227457131154023,-0.05964999420287953,UP,False,31,32.0,IGNORE,NONE,,GREEN,C,WATCHLIST,CMF positive,Finance,31.4
ICEMAKE,820.2,820.0,834.0,817.0,True,True,True,True,False,True,0.2632505282770458,1.01516154,0.25643725629721476,False,-0.03793135786480872,False,59.26,True,1.0671420725174,75.0,0.57,0,True,▇▆▆▅▇▇▇▁▄▂▆▆█▁▃██▇▆▆,False,False,False,1,0.07306862039641526,-0.017900975872597646,0.06298946385773818,-0.06812068404944638,UP,False,28,32.0,IGNORE,NONE,,GREEN,C,WATCHLIST,No standout factor,Producer Manufacturing,37.9
PFC,414.85,416.0,417.55,412.95,True,False,False,True,False,True,0.6122806752067629,148.3022374,0.612667892192732,False,0.1498237255362989,False,55.98,False,0.9507472826086957,64.0,0.29,0,True,▂▁▇▇▁▄▆▄▃▂▃▅▇▇█▇▇▄▃▃,False,False,False,0,0.026602326156891953,-0.043463223426331465,0.016523169618214872,-0.0936829316031802,UP,False,21,32.0,IGNORE,NONE,,GREEN,C,WATCHLIST,CMF positive,Finance,31.4
ENRIN,3236.0,3154.6,3247.9,3152.0,False,False,False,True,False,False,1.1392605994238043,173.1431508,1.1059112697750753,True,0.02833445969032889,True,13.87,False,0.2980200040824658,0.0,-4.13,0,True,▆▆▆▅▇▆▅▅█▆▆▇▇▇▆▆▇▆▆▁,False,False,False,0,-0.013865610239219839,-0.06463174933518323,-0.02394476677789692,-0.11485145751203196,UP,False,16,32.0,IGNORE,NONE,,GREEN,C,WATCHLIST,CMF positive,Producer Manufacturing,37.9
HINDZINC,591.0,604.25,606.2,587.45,True,True,True,True,False,False,1.771143388286426,378.5622132,1.914646074328473,False,0.09049546264544342,False,40.62,False,0.8958680237751286,54.0,0.13,0,False,▅▅█▄▅▅▄▅▄▁▄▅▇▇▇▅▄▅▁▄,False,False,True,0,0.11825922421948909,-0.08711770157553289,0.10818006768081201,-0.13733740975238162,UP,False,12,32.0,IGNORE,NONE,,GREEN,C,WATCHLIST,CMF positive,Non-Energy Minerals,41.4
RAMKY,406.85,408.0,409.9,397.5,False,True,True,False,True,False,1.1397584145534483,2.067245535,1.1873905417302488,True,-0.25898065058882236,False,62.43,True,1.025266252268379,74.0,0.6,0,True,▁▄▄▆▇▅█▄▅▅▄▆▇▃▃▆▅▇▇▅,False,False,False,0,0.008177425350018641,-0.08920976046563678,-0.0019017311886584398,-0.1394294686424855,UP,False,12,32.0,IGNORE,NONE,,GREEN,C,WATCHLIST,No standout factor,Industrial Services,34.6
SANDUMA,205.37,213.88,216.48,204.7,True,False,False,False,False,False,1.9478501662852927,32.339018327,1.9480385032688319,False,-0.1789506850901143,False,50.48,True,1.0429536579822731,86.0,1.15,0,True,▇▆▅▆▇█▇▇▅▃▇▄▁▂▄▅▅▅▆▆,False,False,False,0,0.010032951359858266,-0.09252794838937739,-4.6205178818814474e-05,-0.14274765656622612,UP,False,11,32.0,IGNORE,DISTRIBUTION,,GREEN,C,WATCHLIST,No standout factor,Non-Energy Minerals,41.4
TATACHEM,673.55,675.4,702.0,668.0,False,False,False,False,False,False,9.908629585447732,240.26356966499995,9.746072555525924,True,-0.4744686060271213,False,19.57,False,0.4541077374667889,4.0,-2.14,0,False,█▆▆▆▅▅▇▄▇▃▇▃▃▇▄█▇▇▆▁,False,True,False,0,-0.06587615283267456,-0.11141160949868079,-0.07595530937135164,-0.16163131767552952,UP,False,8,32.0,IGNORE,NONE,,GREEN,C,WATCHLIST,No standout factor,Process Industries,36.8
AWHCL,415.75,435.05,437.45,413.05,True,False,False,False,False,False,2.6231091609327346,8.027758325,2.4772615770052426,False,-0.33207513721175613,False,58.61,True,1.1765532470139515,89.0,1.14,0,True,▁▃▅▃▃▃▄▅▄▄▄▆▂█▄▇▅▆▇▆,False,False,False,0,-0.10562547058190819,-0.11136047878593569,-0.11570462712058527,-0.16158018696278442,UP,False,8,32.0,IGNORE,DISTRIBUTION,,GREEN,C,WATCHLIST,No standout factor,Transportation,31.8
ASALCBR,732.9,767.25,774.1,723.0,True,False,False,False,False,False,2.865904971276309,7.05108432,2.6549529277547173,False,-0.24593874415892608,False,73.89,True,1.3207850707850708,99.0,2.1,0,False,▇▄▃▅▃▃▅▆▄▁▃█▃▁▂▅▅▆▄█,False,False,False,0,-0.11474815799009541,-0.1269283459407946,-0.12482731452877249,-0.17714805411764334,UP,False,6,32.0,IGNORE,DISTRIBUTION,,GREEN,C,WATCHLIST,Delivery P99,Consumer Non-Durables,39.6
CHEMPLASTS,183.61,193.0,194.0,182.6,True,False,False,False,False,False,2.3418776682369087,23.381668562,2.1058788733052576,False,-0.13376621381151008,False,70.03,True,1.4214094341154502,96.0,1.6,0,False,▅▇▅▆▅▃▅▆▁▃▄▄▆▆█▆▆▄▆█,False,False,False,0,-0.08683543044710784,-0.15156416062104328,-0.09691458698578492,-0.201783868797892,UP,False,4,32.0,IGNORE,DISTRIBUTION,,GREEN,C,WATCHLIST,Delivery P96,Process Industries,36.8
GPIL,240.61,243.0,244.51,236.0,True,False,False,False,False,False,1.3108187109716416,42.042964289000004,1.2823644268923982,False,0.112461825774303,False,53.49,True,1.0589353235800685,85.0,0.91,0,False,▄▂▂▂▁▂▇█▅▁▁▂▄▂▆▆▂▂▄▅,False,True,False,0,-0.054020051110674205,-0.16469362957819822,-0.06409920764935129,-0.21491333775504695,UP,False,3,32.0,IGNORE,SEED,,GREEN,C,WATCHLIST,CMF positive,Non-Energy Minerals,41.4
MARATHON,386.1,386.15,392.0,382.5,False,False,False,False,False,False,1.526295949549349,3.81447495,1.4968212248296173,True,-0.18200148446369108,False,85.48,True,1.2516931096842214,98.0,2.27,0,True,▄▅▇▆▅▅█▆▆▁▂▄▅▄▆▄▅▅▆█,False,False,False,0,-0.05829268292682921,-0.16383324309691383,-0.06837183946550629,-0.21405295127376256,UP,False,3,32.0,IGNORE,SEED,,GREEN,C,WATCHLIST,Delivery P98,Finance,31.4
JAYKAY,150.0,156.0,156.87,146.52,True,False,False,False,False,False,3.0107762943207628,6.6651,2.678758345112575,False,-0.34321343050075515,False,59.69,True,1.1109146574105957,89.0,1.09,0,True,▃▄▃▆▄▅▃▅▆▄▅▅▅▃▁▃▇█▄▆,False,False,False,0,-0.19441460794844245,-0.29709465791940015,-0.20449376448711953,-0.3473143660962489,UP,False,1,32.0,IGNORE,DISTRIBUTION,,GREEN,C,WATCHLIST,No standout factor,Commercial Services,35.1
WABAG,1957.7,1987.0,1989.8,1950.1,True,False,True,True,False,True,0.2580098460275417,34.42928682,0.2471268243682681,False,-0.14887118904707528,False,52.26,True,1.2740282060971,63.0,0.44,0,True,▃▅▅▆▆▁▄▄▃▅▆▆▅▇▆▇█▅▅█,False,False,False,1,-0.11862956960201687,0.2813849980363923,-0.12870872614069395,0.23116528985954354,FLAT,True,88,31.0,IGNORE,NONE,,GREEN,C,WATCHLIST,No standout factor,Industrial Services,34.6
RAJRATAN,525.0,522.0,530.85,521.95,False,True,True,True,False,True,0.19925036998448414,4.0441275,0.2068334487739421,False,-0.17644129596097835,False,40.74,True,1.0032876509918365,33.0,-0.38,0,False,▆▇▆▅██▁▇▅▂▆▇▆▇██▅▇▇▆,False,False,False,9,0.0890986412197905,0.27814972611077304,0.07901948468111342,0.2279300179339243,FLAT,True,87,31.0,IGNORE,NONE,,GREEN,C,WATCHLIST,No standout factor,Producer Manufacturing,37.9
NEWGEN,551.0,542.45,560.0,540.0,False,True,True,False,False,False,0.16311128520484705,58.9329213,0.1631991491653819,False,0.06592021429150714,False,21.57,True,1.08692365835223,25.0,-0.71,0,False,▁▃▂▁▁▄▅▆▇▅▇▁▃▄▄▅▅▆█▅,False,False,False,1,0.0653518948182521,0.24463519313304727,0.05527273827957502,0.19441548495619854,FLAT,True,84,31.0,IGNORE,NONE,,GREEN,C,WATCHLIST,CMF positive,Technology Services,38.0
UDS,210.03,210.56,211.0,207.03,True,True,True,True,False,False,0.5059217236730982,3.997269957,0.5255394701726225,False,0.13989196280139848,False,50.12,False,0.9867792839353041,38.0,-0.2,0,False,▃▅▄▄█▂▄▄▁▃▂▅▃▄▂▃▃▁▂▃,False,False,False,9,0.05431454244264833,0.2204660352141321,0.04423538590397125,0.17024632703728337,FLAT,True,81,31.0,IGNORE,NONE,,GREEN,C,WATCHLIST,CMF positive,Commercial Services,35.1
CLEANMAX,1322.0,1351.0,1355.0,1318.3,True,False,True,True,False,True,0.7833530748058756,18.0979156,0.7654094706702407,False,-0.02884538232929432,False,43.25,True,1.019686431686903,43.0,-0.26,0,True,▆▅▆▅▅▇▇▆█▆▆▄▅▇▆▁▇▅▅▆,False,False,False,0,-0.017100371747211907,0.20730593607305936,-0.027179528285888988,0.15708622789621063,FLAT,True,80,31.0,IGNORE,NONE,,GREEN,C,WATCHLIST,No standout factor,Utilities,35.4
RAIN,222.88,242.71,252.0,221.1,True,True,True,True,False,True,5.013485556429262,565.7394020319999,5.018611141799518,False,-0.014823470762748871,False,25.93,False,0.6798280111163546,3.0,-1.77,0,False,▂▆▁▄▆▄▃▆▂▁▅▆▅▇█▅▇▅█▁,False,False,True,13,0.07645496256942752,0.1850906577338225,0.06637580603075044,0.13487094955697376,FLAT,True,76,31.0,IGNORE,DISTRIBUTION,,GREEN,C,WATCHLIST,No standout factor,Process Industries,36.8
TANLA,613.55,608.0,623.5,602.8,False,True,True,True,False,False,0.2343592530374388,35.583752575,0.23753736608531828,False,-0.13980548371160675,False,36.26,True,1.0277777777777777,31.0,-0.4,0,False,▅█▅▄▆██▇▁▂▅▄▅▅▅▆▆▆▆▅,False,False,False,8,0.1151399491094145,0.16777693186143883,0.10506079257073742,0.1175572236845901,FLAT,True,74,31.0,IGNORE,NONE,,GREEN,C,WATCHLIST,No standout factor,Technology Services,38.0
ALKYLAMINE,1893.9,1930.0,1931.7,1888.2,True,True,True,True,False,False,0.39933108458003297,11.654492430000001,0.39803848140114995,False,-0.17000801771902688,False,46.82,True,1.2642778062808846,58.0,0.32,0,True,▅▆▄▃▅▅▅▅▄▅▅▄▅▆█▆▁▂▅▆,False,False,False,1,-0.031748466257668695,0.1469145521710169,-0.041827622796345776,0.09669484399416817,FLAT,True,69,31.0,IGNORE,NONE,,GREEN,C,WATCHLIST,No standout factor,Process Industries,36.8
IFBIND,1404.4,1440.0,1476.1,1383.9,True,True,True,True,False,False,1.3962823458028815,26.824320880000002,1.4197935506864032,False,-0.02395503812040104,False,36.67,False,0.7588597444254747,17.0,-0.92,0,True,▁▄▄█▅▇▅▇▄█▂▆▇▆▆██▅▄▂,False,False,False,3,0.017312567910177545,0.12127744510978045,0.007233411371500464,0.07105773693293171,FLAT,True,65,31.0,IGNORE,NONE,,GREEN,C,WATCHLIST,No standout factor,Consumer Durables,38.4
INDHOTEL,733.9,741.1,743.8,732.0,True,False,True,True,False,True,0.8400748211749652,141.01213312000002,0.8377111111965261,False,-0.003682093562624477,False,61.53,True,1.1154923449269845,66.0,0.38,0,False,▄▄▄█▄▅▃▁▆▃▄▄▄▄▄▄▄▄▅▅,False,False,False,6,0.003349511244787662,0.09914632319904149,-0.006729645293889419,0.048926615022192754,FLAT,True,61,31.0,IGNORE,NONE,,GREEN,C,WATCHLIST,No standout factor,Consumer Services,35.0
HAPPSTMNDS,407.7,409.95,415.6,403.05,False,True,True,False,True,False,0.47876875030242977,39.10837788,0.49689557455251937,False,-0.1308897949674925,False,35.4,True,1.0793834707971888,29.0,-0.37,0,False,▁▃▅▄▄▆█▇▄▄▅▂▆▆▇▇█▂▄▆,False,False,False,3,0.05539735956510472,0.09685230024213065,0.04531820302642764,0.04663259206528192,FLAT,True,60,31.0,IGNORE,NONE,,GREEN,C,WATCHLIST,No standout factor,Technology Services,38.0
NEOGEN,2031.9,2046.0,2059.0,2004.2,False,False,True,True,False,True,0.32660267019750633,10.615458360000002,0.31452357931681474,False,-0.29145439055495126,False,44.18,True,1.1509704311580042,48.0,-0.05,0,False,▆▄▂▁▆▃▆▄▄▆▃▃▃▅▅▅▆█▆▆,False,False,False,4,-0.025514363819481023,0.0935364081588721,-0.035593520358158104,0.043316699982023366,FLAT,True,59,31.0,IGNORE,NONE,,GREEN,C,WATCHLIST,No standout factor,Process Industries,36.8
SWIGGY,280.75,288.9,288.95,278.25,True,True,True,False,False,False,1.0255501950116226,738.121369125,1.0370810298571003,False,0.022338276610842266,True,50.18,True,1.4557163992921587,71.0,0.45,0,False,█▅▆▂▃▆▅▄▂▂▇▂▅▄▃▁▃▂▂█,False,False,False,2,0.027447392497712775,0.08860023264831329,0.017368235959035694,0.03838052447146456,FLAT,True,58,31.0,IGNORE,NONE,,GREEN,C,WATCHLIST,CMF positive,Transportation,31.8
CREST,377.0,378.25,380.8,374.35,True,False,True,True,False,True,0.06688398331278396,0.0149292,0.06709887285684848,False,0.26586851158484975,False,56.57,False,0.8710380241895126,27.0,-0.51,0,True,▆██▆▆▇▅▆▆▅█▆▁▅▂▅▄▂█▅,False,False,False,0,0.016857720836142898,0.08411214953271018,0.006778564297465817,0.03389244135586145,FLAT,True,57,31.0,IGNORE,NONE,,GREEN,C,WATCHLIST,CMF positive,Finance,31.4
ABDL,599.25,608.7,617.75,584.75,True,False,False,True,False,True,1.3609022361526588,33.0400083,1.2994274801782664,False,0.021180107060745426,True,41.63,False,0.8630572918286324,17.0,-0.81,0,True,▇▆▅▆▄▄▆▃▄▁▄▄▆▇▅▅█▅▆▄,False,False,False,0,-0.07630057803468204,0.07334766254701774,-0.08637973457335912,0.023127954370169013,FLAT,True,54,31.0,IGNORE,NONE,,GREEN,C,WATCHLIST,CMF positive,Consumer Non-Durables,39.6
SAMHI,174.65,176.99,177.79,174.0,True,False,True,True,False,False,0.521325395645254,9.451027565,0.5206066517771405,False,0.11059971034195384,False,56.21,True,1.0871604436836966,62.0,0.18,0,False,▁▃▅▄▅▄▄▄▆▃▅▆█▆▇▆▅▄▇▆,False,False,False,2,0.009070949849780519,0.05496828752642702,-0.0010082066888965624,0.004748579349578286,FLAT,True,50,31.0,IGNORE,NONE,,GREEN,C,WATCHLIST,CMF positive,Consumer Services,35.0
VOLTAMP,9965.0,9944.0,10095.0,9854.0,False,True,True,True,False,False,0.4330272065359904,29.028045,0.4420968657520356,False,-0.06053828736946028,True,54.14,False,0.946569690188125,73.0,0.44,0,True,▆▆█▅▅▆▆▆█▆▆▇█▇▁▄▃▅▆▅,False,False,False,0,0.04214599456180723,0.04927871959566188,0.03206683802313015,-0.0009409885811868524,UP,False,48,31.0,IGNORE,NONE,,GREEN,C,WATCHLIST,No standout factor,Producer Manufacturing,37.9
BANKINDIA,145.0,142.95,145.14,142.0,False,True,True,True,False,False,0.9304802474649163,124.1984015,0.9493607883769606,False,-0.018233933129459368,True,46.95,True,1.1078730960274668,73.0,0.55,0,False,▄▆▅▄▄▆▄▆▄▁▅▄▆▇▆▆▇▅█▆,False,False,False,2,0.0006901311249136732,0.03638053034093347,-0.009389025413763408,-0.013839177835915262,UP,False,44,31.0,IGNORE,NONE,,GREEN,C,WATCHLIST,No standout factor,Finance,31.4
SCHNEIDER,1354.8,1343.1,1374.0,1338.3,False,True,True,True,False,True,0.7054658404131948,24.320963159999998,0.7110045976257122,False,-0.09527538268231742,True,47.64,False,0.9986165262231166,50.0,-0.02,0,True,▃▇▅▄█▁▂▅█▅▅█▇▅▄▅▅▆▆▅,False,False,False,0,-0.04200254560882488,0.03514669926650371,-0.05208170214750196,-0.01507300891034502,FLAT,False,44,31.0,IGNORE,NONE,,GREEN,C,WATCHLIST,No standout factor,Producer Manufacturing,37.9
NIVABUPA,86.19,86.8,87.8,85.49,True,False,True,True,False,True,0.3562247073514755,7.5950197049999995,0.35314653364180365,False,-0.17934086681016434,True,52.66,False,0.9531739279960902,50.0,0.01,0,False,▆█▆▃▅▄▅▄▅▃▄▅▆▄▁▃▅▄▅▄,False,False,False,5,-0.003698994335915029,0.03221556886227539,-0.01377815087459211,-0.018004139314573342,UP,False,43,31.0,IGNORE,NONE,,GREEN,C,WATCHLIST,No standout factor,Finance,31.4
MAYURUNIQ,773.1,766.8,785.0,747.9,True,False,False,True,False,True,1.3625980303837482,12.19055004,1.3359074601548624,False,-0.09942086518740002,True,47.59,False,0.8945825031016205,18.0,-0.85,0,True,▆▆▅▄▂▇▆█▅▆▆▇▆█▇▅▆▅▁▄,False,True,False,0,-0.0725211445024293,0.02471999469812447,-0.08260030104110638,-0.025499713478724262,FLAT,False,41,31.0,IGNORE,NONE,,GREEN,C,WATCHLIST,No standout factor,Process Industries,36.8
SPANDANA,257.75,256.75,260.65,254.0,False,False,False,True,False,False,0.7156224183542965,6.84331405,0.66572725377866,False,-0.3681105724276536,True,67.76,True,1.4537808815799356,99.0,2.04,0,True,▃▇▆▄▃▆▄▃▂▁▃▃▃▄▂▅▅▄▅█,False,False,False,0,-0.1572666339709008,0.02534012252366935,-0.16734579050957787,-0.02487958565317938,FLAT,False,41,31.0,IGNORE,SEED,,GREEN,C,WATCHLIST,Delivery P99,Finance,31.4
CMPDI,250.0,243.0,255.0,241.6,False,True,True,True,False,True,0.9364215895719333,65.930375,0.9033883475307536,False,-0.03925345330198695,True,35.49,False,0.8686712927268055,22.0,-0.52,0,True,▆▅▃▅▄▅▁▄▅▃▄▆▆▇▅▆█▇▄▃,False,False,False,0,-0.06194889497579825,0.0014019627478469854,-0.07202805151447533,-0.048817745429001747,FLAT,False,34,31.0,IGNORE,NONE,,GREEN,C,WATCHLIST,No standout factor,Commercial Services,35.1
HUDCO,201.04,201.9,202.69,200.0,True,False,False,False,False,False,0.5346328156577672,24.614714376,0.5343035163986533,False,-0.07681348262899051,True,52.6,True,1.1695776401658755,98.0,2.11,0,True,▂▅▆▇▅▃▆▂▇▂▁▃▄▂▅▅█▃▃▆,False,False,False,0,-0.028604561267877915,-0.012136995725025801,-0.038683717806554996,-0.06235670390187453,UP,False,30,31.0,IGNORE,SEED,,GREEN,C,WATCHLIST,Delivery P98,Finance,31.4
GKSL,133.52,133.95,135.27,132.5,True,True,True,True,False,True,0.36280839705670176,1.6116131040000001,0.3689475435029771,False,-0.42409620797215086,True,46.45,False,0.9064475841074079,48.0,-0.05,0,True,▂▂▄▄▆▄▃▃▅▄█▆▅█▄▅▃▂▁▃,False,False,False,0,0.006179351921627996,-0.01678939617083952,-0.003899804617049085,-0.06700910434768825,UP,False,28,31.0,IGNORE,NONE,,GREEN,C,WATCHLIST,No standout factor,Health Services,41.4
FACT,839.4,839.0,844.95,835.4,True,True,False,False,False,False,0.32846919184960616,2.59147962,0.3303973365619408,False,-0.22088939238796543,True,46.75,True,1.4091724314629772,97.0,1.86,0,True,▄█▁▃█▄▄▆▃▃▄▃▃▇▄▆▅▅▆█,False,False,False,0,-0.01887674595289579,-0.041397818763204475,-0.02895590249157287,-0.0916175269400532,UP,False,21,31.0,IGNORE,SEED,,GREEN,C,WATCHLIST,Delivery P97,Process Industries,36.8
POWERGRID,270.9,279.75,281.0,269.65,True,False,False,False,False,False,2.1091031232156787,479.67322977,2.003573317921427,False,0.04889665622996072,False,63.63,True,1.018748298884068,42.0,-0.11,0,False,▆▄▅▆▅▇▆▅▅▅█▄▆▅▇█▁▆▂▆,False,False,False,0,-0.037142349386884876,-0.07400444368484027,-0.04722150592556196,-0.124224151861689,UP,False,14,31.0,IGNORE,NONE,,GREEN,C,WATCHLIST,CMF positive,Utilities,35.4
CIEINDIA,410.5,411.05,414.95,408.0,False,False,False,False,False,False,0.5328732322971018,13.360133,0.5159966758534298,False,-0.4208398684501511,True,69.85,True,1.2372247905485587,95.0,1.46,0,True,▅▅▄▆▅▃▆▄▁▂▃▆▅▅█▆▇██▇,False,False,False,0,-0.11587335774283869,-0.08052413484152754,-0.12595251428151577,-0.13074384301837627,UP,False,13,31.0,IGNORE,SEED,,GREEN,C,WATCHLIST,Delivery P95,Producer Manufacturing,37.9
MAPMYINDIA,1014.3,1075.0,1075.0,1010.2,True,False,False,False,False,False,0.36594003564088745,28.21427595,0.3275682516826852,False,-0.04956911485158966,True,46.16,True,1.544846050870147,59.0,0.14,1,False,▂▂▆▇▇▆▇▇▁▃▄▄▃▄▄▆▇▅▅█,False,False,False,8,-0.0637374809618313,0.23732845379688916,-0.07381663750050838,0.18710874562004043,FLAT,True,83,30.0,IGNORE,NONE,DEL46% ▂▂▆▇▇▆▇▇▁▃▄▄▃▄▄▆▇▅▅█ P59 Z+0.1,GREEN,C,WATCHLIST,No standout factor,Commercial Services,35.1
KAYNES,3856.3,3830.0,3899.0,3806.0,False,True,True,False,False,False,0.6269638040359462,310.56056479,0.6772716720449581,False,0.16421925650184183,True,21.27,False,0.7565222030552543,36.0,-0.47,0,False,▃▅▅▄▅▆█▅▂▂▃▄▂▁▁▁▂▁▃▂,False,False,False,2,0.15593057762057505,0.23062930814398785,0.14585142108189797,0.18040959996713912,FLAT,True,82,30.0,IGNORE,NONE,,GREEN,C,WATCHLIST,CMF positive,Electronic Technology,34.1
ZSARACOM,11800.0,11952.0,11952.0,11545.0,True,False,True,True,False,True,0.611075747931254,0.05664,0.5597681607101901,False,0.3770841265086175,True,67.35,False,0.8871238614585185,27.0,-0.31,0,False,▂▅▅█▄▆▆█▄▄▇▇▁▃▆▆▂█▇▃,False,False,False,0,-0.08873272067341109,0.16256157635467972,-0.09881187721208817,0.11234186817783098,FLAT,True,73,30.0,IGNORE,NONE,,GREEN,C,WATCHLIST,CMF positive,Finance,31.4
FUSION,204.99,214.05,214.99,200.4,True,False,True,True,False,True,1.2439667160069883,17.011136148000002,1.1552956464924384,False,-0.1469444693715815,True,50.95,True,1.0487423325511507,39.0,-0.28,0,False,▅▅▂▅▄▂▅▆▇▄▄██▇▅▆▁▆▅▆,False,False,False,1,-0.12412408135361475,0.1485964027567659,-0.13420323789229183,0.09837669457991716,FLAT,True,70,30.0,IGNORE,NONE,,GREEN,C,WATCHLIST,No standout factor,Finance,31.4
BLACKBUCK,577.65,555.1,582.5,553.7,False,True,True,True,False,False,0.8593130445082837,23.48805771,0.8940576401373851,False,-0.07164289851401676,True,52.59,True,1.221304908210541,64.0,0.26,0,False,▃█▆█▅▇▆▅▅▃▃▅▄▁▃▂▅▇▄▆,False,False,False,1,-0.0021592675764380287,0.1314268925668396,-0.01223842411511511,0.08120718438999086,FLAT,True,67,30.0,IGNORE,NONE,,GREEN,C,WATCHLIST,No standout factor,Technology Services,38.0
SAMBHV,116.89,118.8,119.18,115.5,True,False,True,True,False,True,0.7668289818611473,16.15969183,0.7400738592995476,False,-0.21190297760494106,True,51.62,True,1.1447199183926908,68.0,0.46,0,False,▆▇▆▄▆▅▄▆▂▄▅▃█▄▆▇▁▆▇▆,False,False,False,1,-0.014833544037083923,0.1232942533153949,-0.024912700575761004,0.07307454513854617,FLAT,True,65,30.0,IGNORE,NONE,,GREEN,C,WATCHLIST,No standout factor,Non-Energy Minerals,41.4
KICL,5646.5,5551.0,5698.5,5548.0,False,True,True,True,False,True,0.6534966211842684,0.7125883,0.6652158015188996,False,-0.05477948239687236,True,64.74,False,0.9697278351133146,67.0,0.39,0,True,▁▅▅▆▅▇█▇▆▅▆▇▃▃▄▅▂▆▄▄,False,False,False,2,0.01619724646810039,0.11936008246768703,0.006118089929423309,0.0691403742908383,FLAT,True,64,30.0,IGNORE,NONE,,GREEN,C,WATCHLIST,No standout factor,Finance,31.4
GRPLTD,2003.5,2042.0,2049.6,1995.0,True,True,True,True,False,True,0.19021884531007544,0.14244885,0.19082960699291704,False,-0.010760130254959912,True,52.18,False,0.8084720683591178,19.0,-0.87,0,False,▄▅▇▄▇▆▆█▂▁▄▆▇█▅▅▆▄▄▄,False,False,False,7,0.04240374609781483,0.12058839979864633,0.03232458955913775,0.0703686916217976,FLAT,True,64,30.0,IGNORE,NONE,,GREEN,C,WATCHLIST,No standout factor,Producer Manufacturing,37.9
KPRMILL,1076.7,1085.3,1089.2,1071.0,True,False,True,True,False,True,0.5080590504100607,15.795404340000001,0.5041768858968412,False,-0.14871218197530633,True,43.49,False,0.9484243812016138,41.0,-0.14,0,True,▃▁▁▂▆▄▇█▇▅▅▆▆▅▆▃▅▅▅▄,False,False,False,0,-0.030087379515358892,0.11401965856182095,-0.04016653605403597,0.06379995038497221,FLAT,True,63,30.0,IGNORE,NONE,,GREEN,C,WATCHLIST,No standout factor,Consumer Non-Durables,39.6
BLUEDART,5089.5,5115.0,5144.0,5013.5,True,True,True,False,False,False,0.6100812829687753,14.7127266,0.5841051566300886,False,-0.3504585478409115,True,52.75,True,1.1601183210723673,69.0,0.41,0,False,▇▅▅▅▅▆▅▆▆▂▅▄▅▆█▁▆▃▆▆,False,False,False,2,0.0347877358490567,0.07339449541284404,0.02470857931037962,0.02317478723599531,UP,True,54,30.0,IGNORE,NONE,,GREEN,C,WATCHLIST,No standout factor,Transportation,31.8
YATRA,107.03,110.38,111.38,106.03,True,False,False,False,False,False,1.1005654345566132,8.670960529,1.0735242048919849,False,-0.06426836073123182,True,55.86,True,1.296371505819283,99.0,2.43,0,True,▁▆▃▅▃▃▆▅▅▃▅▄▄▆▄█▆▆██,False,False,False,0,-0.062456201822004176,0.06709870388833505,-0.07253535836068126,0.016878995711486322,FLAT,True,53,30.0,IGNORE,SEED,,GREEN,C,WATCHLIST,Delivery P99,Consumer Services,35.0
JKPAPER,387.05,388.9,391.7,384.15,True,True,True,True,False,True,0.18373058667407177,8.2433909,0.18212833825828012,False,-0.26578964049265663,False,40.17,False,0.9603155629930673,22.0,-0.59,0,False,▅▆▇█▇▇▇▁▁▂▄▂▄▄▃▅▆▅▅▅,False,False,False,3,0.059250136836343836,0.04848977380468655,0.049170980297666755,-0.0017299343721621785,UP,False,48,30.0,IGNORE,NONE,,GREEN,C,WATCHLIST,No standout factor,Process Industries,36.8
JBMA,648.65,653.0,660.0,647.0,True,False,False,True,False,True,0.5066737171866976,10.43535147,0.4871874800644657,False,-0.09814351522094923,False,47.31,True,1.3881634928552566,97.0,1.72,0,True,▂▅▅▄▅▄▅▁▅▄▅▇▇▂▄▇▇▆██,False,False,False,0,-0.052650795969037656,0.04376860568026375,-0.06272995250771474,-0.006451102496584982,FLAT,False,47,30.0,IGNORE,SEED,,GREEN,C,WATCHLIST,Delivery P97,Producer Manufacturing,37.9
TAJGVK,360.45,369.15,370.8,356.0,True,True,True,False,False,False,0.794944598530106,3.614340285,0.7880338186247472,False,0.09105253155331669,False,56.39,True,1.1151982596657768,80.0,0.84,0,False,▅▇▅▅█▆▇▆▅▆▆▅▇▅▁▅▆█▄▇,False,False,False,3,-0.030266343825665842,0.04086052555587627,-0.04034550036434292,-0.009359182620972462,FLAT,False,46,30.0,IGNORE,NONE,,GREEN,C,WATCHLIST,CMF positive,Consumer Services,35.0
VOLTAS,1285.0,1275.0,1303.7,1271.9,False,False,False,False,False,False,1.4105144481156822,104.3364745,1.3591950742876702,True,0.07203637915342666,False,37.84,False,0.9614553954823793,30.0,-0.55,0,False,▅▄▅▆▄▂▆▄▄▄▇▁▃▃█▄▂▄▃▄,False,True,False,0,-0.0013212092950960486,0.03154852693264831,-0.01140036583377313,-0.01867118124420042,UP,False,43,30.0,IGNORE,NONE,,GREEN,C,WATCHLIST,CMF positive,Producer Manufacturing,37.9
GRASIM,3214.0,3223.1,3232.8,3183.6,True,True,True,True,False,True,0.6469268613853681,109.6771072,0.6617362696978012,False,-0.059686326788234725,False,45.42,False,0.8019421761200618,5.0,-1.65,0,False,▅▅▄▅▇▂█▅▂▄█▄▄▄▄▃▁▁▃▁,False,False,False,6,0.006923775807512689,0.015481832543443819,-0.003155380731164392,-0.03473787563340491,UP,False,39,30.0,IGNORE,NONE,,GREEN,C,WATCHLIST,No standout factor,Non-Energy Minerals,41.4
BLKASHYAP,55.98,55.9,57.85,55.21,False,True,True,True,False,False,1.0815772242551491,4.196675052,1.0403184682103885,True,0.09184598948487371,False,48.36,False,0.8139358747790962,19.0,-0.68,0,False,▂▃▁▄▅▆▅█▄▅▆▃▆▄▅▆▆▆▃▃,False,False,False,0,0.013029315960912058,0.01763315760770756,0.002950159422234977,-0.03258655056914117,UP,False,39,30.0,IGNORE,NONE,,GREEN,C,WATCHLIST,CMF positive,Industrial Services,34.6
GOKULAGRO,228.8,224.0,232.09,223.54,False,True,True,True,False,True,0.5598500756837321,7.85525312,0.578933180461092,False,-0.38989911361524754,False,38.7,True,1.080251221214236,59.0,0.23,0,False,▁▂▂▅▃▃▅▃▄▃▅█▆▁▅▄▃▃▆▄,False,False,False,0,0.05093932295255166,-0.0012222804260519915,0.04086016641387458,-0.05144198860290072,UP,False,34,30.0,IGNORE,NONE,,GREEN,C,WATCHLIST,No standout factor,Process Industries,36.8
ACCELYA,1143.6,1134.0,1151.9,1134.0,False,True,True,False,False,False,0.4784500274902589,0.45778308,0.47856705280510226,False,-0.014418553327230915,False,78.84,True,1.2594953391962809,96.0,1.89,0,False,▁▄▅▄▂▃▅▄▇▅▃▅▆▃▅▅▅▆▅█,False,False,False,4,0.031292271620524614,0.0011380548017156933,0.021213115081847533,-0.04908165337513304,UP,False,34,30.0,IGNORE,SEED,,GREEN,C,WATCHLIST,Delivery P96,Technology Services,38.0
PRABHA,154.61,156.44,158.75,153.1,True,True,True,False,False,False,1.5513891256178627,0.7036301100000001,1.6134049893666613,False,-0.1281823130134162,False,49.81,False,0.7675653185604107,23.0,-0.72,0,True,▇█▇▇▇█▅▅▂▄▆▄██▁▁▆█▅▃,False,False,False,0,0.014900879611395634,-0.016037675809838836,0.004821723072718553,-0.06625738398668757,UP,False,28,30.0,IGNORE,DISTRIBUTION,,GREEN,C,WATCHLIST,No standout factor,Energy Minerals,42.6
TIPSMUSIC,645.35,654.15,658.05,644.0,True,False,False,True,False,True,0.13832430660313885,11.181527704999999,0.13135568156782657,False,-0.10900921121849073,False,56.95,True,1.541355418425896,80.0,0.68,1,False,▇▅▆▇▅▂▆▄▁▁▄▆▃▇▆▅▇▄▇█,False,False,False,5,-0.09303632914060844,-0.0258132689259567,-0.10311548567928552,-0.07603297710280543,FLAT,False,25,30.0,IGNORE,NONE,DEL57% ▇▅▆▇▅▂▆▄▁▁▄▆▃▇▆▅▇▄▇█ P80 Z+0.7,GREEN,C,WATCHLIST,No standout factor,Consumer Services,35.0
CYIENT,857.5,854.9,863.65,852.1,False,True,False,False,False,False,0.6854531283350928,30.428902,0.6923622635316715,False,-0.07241188407465586,False,68.95,True,1.2992396762735656,97.0,2.04,0,True,▆▆▆▄▅▇▆▅▆▁▆▅▆▆▆▇▇▇██,False,False,False,0,0.01943767461213808,-0.055876685934489356,0.009358518073460997,-0.10609639411133809,UP,False,18,30.0,IGNORE,SEED,,GREEN,C,WATCHLIST,Delivery P97,Technology Services,38.0
BHARATRAS,1358.2,1365.7,1385.0,1351.0,True,True,True,False,False,False,0.5728885082603309,0.8131543400000001,0.5853897233617714,False,-0.14387939225780072,False,62.77,True,1.0625206300305536,90.0,1.21,0,True,▂▅▂▄▅▅▂▇▇█▅▄▆▇▆▆▁▅▃▆,False,False,False,0,0.012146955808927551,-0.06460055096418726,0.00206779927025047,-0.114820259141036,UP,False,16,30.0,IGNORE,SEED,,GREEN,C,WATCHLIST,Delivery P90,Process Industries,36.8
HDFCLIFE,543.55,545.0,545.0,538.3,True,False,False,False,False,False,0.6012465660428064,145.47055827499997,0.5896844097082501,False,0.0010412946663721414,True,54.9,True,1.0035370568396806,32.0,-0.44,0,True,▁▆▃▁▅▃▃▄▅▂▄▄▂██▇▅▇▇▅,False,False,False,0,-0.015040318927244889,-0.12167730467803195,-0.02511947546592197,-0.17189701285488068,UP,False,6,30.0,IGNORE,NONE,,GREEN,C,WATCHLIST,CMF positive,Finance,31.4
ONESOURCE,1576.0,1548.0,1586.0,1545.0,False,False,False,False,False,False,0.4798648820844503,23.8883776,0.4583623345717273,False,0.149524066478299,False,54.26,True,1.0898317850866182,63.0,0.26,0,True,▇▁▃▃▄▃▁▂▄▃▂▂▃▂▃▃▂▃█▄,False,False,False,0,-0.03128649578953846,-0.13624904088567358,-0.04136565232821554,-0.1864687490625223,UP,False,5,30.0,IGNORE,NONE,,GREEN,C,WATCHLIST,CMF positive,Health Technology,33.0
JAINREC,308.4,314.95,316.75,307.35,True,False,False,False,False,False,0.8194224407387796,47.72764476,0.754052844339411,False,0.05253559671023352,False,44.35,True,1.2795545361434486,89.0,1.15,0,True,▆▅▄▃▅▄▄▄▄▃▃▄▃▅▅▁▃▄█▆,False,False,False,0,-0.09267431597528686,-0.2212121212121213,-0.10275347251396394,-0.27143182938897004,UP,False,1,30.0,IGNORE,SEED,,GREEN,C,WATCHLIST,CMF positive,Non-Energy Minerals,41.4
TIMEX,552.0,540.1,559.65,540.1,False,True,True,True,False,True,0.38006927276620994,8.2144224,0.37446069682461336,False,-0.09489408528848793,False,39.53,False,0.9191206389434647,14.0,-0.95,0,False,▆▇▆▇▆▆▅▅▁▄▇▅▄▆▄██▆▅▅,False,False,False,4,-0.04166666666666663,0.2897196261682242,-0.05174582320534371,0.2394999179913755,FLAT,True,88,29.0,IGNORE,NONE,,GREEN,C,WATCHLIST,No standout factor,Consumer Durables,38.4
CENTENKA,610.25,604.0,623.95,604.0,False,True,True,True,False,True,0.20374099623424788,5.2232518,0.21046654447573007,False,-0.4630547676228133,False,45.98,False,0.9390572665631892,8.0,-1.22,0,False,▆█▁▃▄▅▅▆▆▅▆▁▁▃▄▆▆▆▆▅,False,False,False,15,0.16637996941896005,0.25243714725500266,0.15630081288028297,0.20221743907815393,FLAT,True,85,29.0,IGNORE,NONE,,GREEN,C,WATCHLIST,No standout factor,Process Industries,36.8
TASTYBITE,9394.0,9108.5,9589.0,9096.5,False,True,True,True,False,True,1.087038460958584,3.386537,1.1252397038201103,True,-0.044696388014424146,False,33.87,False,0.6471397455004012,4.0,-1.8,0,False,▃▆▄▇█▃▂▄▃▂▃▅▃▅▃▂▄▅▄▁,False,False,False,10,0.03298878381350345,0.23313205565765283,0.022909627274826372,0.1829123474808041,FLAT,True,83,29.0,IGNORE,NONE,,GREEN,C,WATCHLIST,No standout factor,Consumer Non-Durables,39.6
GULFOILLUB,1189.5,1204.5,1220.0,1185.3,True,True,True,True,False,True,0.6287351822337801,9.23730015,0.6763721843518923,False,-0.13740751447471442,False,52.08,False,0.923895689196381,21.0,-0.69,0,False,▆▅▆▅▅▇▇█▃▃▄▆▅▄▆▅▁▄▃▄,False,False,False,5,0.13632021398547955,0.22244488977955923,0.12624105744680247,0.1722251816027105,FLAT,True,81,29.0,IGNORE,NONE,,GREEN,C,WATCHLIST,No standout factor,Energy Minerals,42.6
TTKHLTCARE,1084.8,1113.9,1113.9,1071.0,True,True,True,True,False,True,0.5337768443198254,2.4440544,0.5555321642978164,False,-0.24135936962537335,False,47.36,False,0.8674230977041494,4.0,-1.64,0,False,▅▇█▅█▂▅▅▃▄▁▅▃▅▇▄▅▄▁▄,False,False,False,11,0.1786179921773141,0.2163480405897853,0.16853883563863703,0.16612833241293656,UP,True,80,29.0,IGNORE,NONE,,GREEN,C,WATCHLIST,No standout factor,Health Technology,33.0
MUTHOOTMF,214.02,235.0,244.6,212.06,True,False,False,True,False,False,3.264001405001658,120.997683738,2.9250846390995404,False,-0.23635552400940485,False,24.23,False,0.5630955147571461,3.0,-2.26,0,False,▁▄▄▅▆▅▄▃▆▆▆▇▄▇▇██▆▄▂,False,False,False,8,-0.09028309104820187,0.18913212579175487,-0.10036224758687895,0.13891241761490614,FLAT,True,77,29.0,IGNORE,DISTRIBUTION,,GREEN,C,WATCHLIST,No standout factor,Finance,31.4
GODREJIND,1311.5,1300.2,1327.4,1291.0,False,True,True,True,False,True,0.18248334148141973,6.37375885,0.17286944099539156,False,-0.025889542920732554,False,38.74,False,0.9847984137475215,29.0,-0.37,0,True,▁▃▁▂▃▂▃▂▂▄▄▇▄▃▅▄▅█▅▃,False,False,False,0,-0.07491006559920999,0.18441253499503296,-0.08498922213788707,0.13419282681818423,FLAT,True,76,29.0,IGNORE,NONE,,GREEN,C,WATCHLIST,No standout factor,Process Industries,36.8
JUBLINGREA,740.25,755.0,766.6,733.65,True,True,True,True,False,True,0.908158059389421,40.743285975,0.9055344056292428,False,-0.09443336384415175,False,45.8,False,0.8948196196039739,33.0,-0.34,0,False,█▆▇▆▆█▄▁▄▆▅▅▆▆▆▅▆▇▆▅,False,False,False,4,0.0248511698740137,0.1455431754874652,0.01477201333533662,0.09532346731061647,FLAT,True,69,29.0,IGNORE,NONE,,GREEN,C,WATCHLIST,No standout factor,Process Industries,36.8
BUILDPRO,1315.0,1344.0,1370.0,1295.0,True,True,True,True,False,True,0.7709453110938277,15.3485485,0.7864929279703414,False,-0.020745388895317973,False,49.18,False,0.9941378613300991,25.0,-0.65,0,False,▆▅▆▆▅▃▅▆▂▅▅▂▂██▃▇▄▁▄,False,False,False,5,0.05605525216832641,0.1424847958297133,0.04597609562964933,0.09226508765286456,FLAT,True,69,29.0,IGNORE,NONE,,GREEN,C,WATCHLIST,No standout factor,Distribution Services,33.3
GALAPREC,1036.4,1127.4,1127.4,1026.6,True,False,False,True,False,False,4.9972616775122125,21.230550360000002,4.509989369616699,False,-0.22715974990271473,False,39.32,False,0.8813574518638065,11.0,-1.19,0,True,▆▅▁▄▃▅▅▅▅▇▄▅▅▇▆█▇▄▄▄,False,False,False,0,-0.12738907131430488,0.12426099690839076,-0.13746822785298196,0.07404128873154203,FLAT,True,65,29.0,IGNORE,DISTRIBUTION,,GREEN,C,WATCHLIST,No standout factor,Producer Manufacturing,37.9
EIEL,213.16,215.5,216.64,212.15,True,False,False,True,False,False,0.3365469855646118,11.877509676,0.312494412881853,False,-0.28286293188868394,False,50.62,True,1.313917873643773,94.0,1.34,0,True,▇█▅▄▅▁▂▄▅▅▅▇▅▇▁▆▅▇██,False,False,False,0,-0.1281443003803837,0.12177665508893787,-0.1382234569190608,0.07155694691208914,FLAT,True,65,29.0,IGNORE,SEED,,GREEN,C,WATCHLIST,Delivery P94,Industrial Services,34.6
EIDPARRY,805.1,811.05,818.65,800.15,True,True,True,False,False,False,0.49091502175739,10.83213744,0.5062886831387309,False,0.3120172400997098,False,52.1,False,0.9743872675076445,40.0,-0.2,0,False,▁▅▄█▃▂▅▇▃▂▆▄▄▄▇▅▁▄▂▄,False,False,False,2,0.06122717985896009,0.06579295737357693,0.05114802332028301,0.0155732491967282,UP,True,52,29.0,IGNORE,NONE,,GREEN,C,WATCHLIST,CMF positive,Process Industries,36.8
LMW,16629.0,16770.0,16770.0,16550.0,True,True,True,True,False,True,0.22996962467023324,1.8192126,0.23821328093363583,False,-0.28923850034486587,False,55.12,True,1.0424290563861072,50.0,-0.03,0,False,▅▆▆▇▆▇▆▇▆▁▇█▆▇▅▇▆▆▇▇,False,False,False,2,0.030680550390479677,0.05856515373352855,0.020601393851802596,0.00834544555667982,UP,True,51,29.0,IGNORE,NONE,,GREEN,C,WATCHLIST,No standout factor,Producer Manufacturing,37.9
PINELABS,154.4,156.0,157.74,154.0,True,True,True,False,False,False,0.5871044781644142,196.59995952,0.5979089429794019,False,0.12605569750925524,False,37.45,False,0.9230958836578753,29.0,-0.5,0,False,▂▃▂▄▄▅▆▅▄▃▄▃▄▄█▁▁▃▁▃,False,False,False,0,0.06007552351527634,0.05392491467576788,0.04999636697659926,0.0037052064989191447,UP,True,49,29.0,IGNORE,NONE,,GREEN,C,WATCHLIST,CMF positive,Technology Services,38.0
GREENPANEL,192.25,203.2,203.2,190.0,True,False,False,False,False,False,1.3135024647852673,3.9774218,1.2856642022664782,False,-0.09452527115051015,True,60.91,True,1.1307689451602123,83.0,0.65,0,True,▃▄▁▄▁▂▃▄▁▅▃▂▄█▂▃▅▃▅▄,False,True,False,1,0.008498137753763846,0.0359971978229241,-0.0015810187849132351,-0.014222510353924633,UP,False,44,29.0,IGNORE,NONE,,GREEN,C,WATCHLIST,No standout factor,Non-Energy Minerals,41.4
ZENTEC,1721.1,1734.6,1759.0,1713.0,True,False,False,True,False,True,0.4646240008550394,33.44407098,0.46099517991014466,False,0.002328072377919268,False,35.47,True,1.0195165416343306,45.0,-0.18,0,True,▇▅▄▅▇▆▂▄▄▆▁▅▆█▆▇▄▇▅▅,False,False,False,0,-0.08471601786853866,0.03387997837448187,-0.09479517440721574,-0.016339729802366865,FLAT,False,43,29.0,IGNORE,NONE,,GREEN,C,WATCHLIST,CMF positive,Technology Services,38.0
CANBK,131.7,129.0,131.74,128.33,False,True,True,True,True,False,0.9656023812058206,302.17640466,1.0035302486108761,False,-0.017392172697415813,True,45.82,False,0.9711227679754146,48.0,-0.03,0,False,▅▆▆▄▇▆▄▄▅▇▁▅▅▄▇▇▆▆█▅,False,False,False,0,0.05528846153846145,0.02172226532195487,0.04520930499978437,-0.028497442854893862,UP,False,40,29.0,IGNORE,NONE,,GREEN,C,WATCHLIST,No standout factor,Finance,31.4
PARKHOSPS,291.2,291.0,295.5,286.7,False,True,True,True,False,True,0.643432843325139,18.29761024,0.6614455595212956,False,-0.19831569610256353,True,48.58,False,0.9460933239853548,54.0,0.09,0,False,▄▆█▇▅▅▆▃▅▂▇▆▄▆▃▁▂▅▆▄,False,False,False,0,0.02139600140301634,0.014634146341463428,0.01131684486433926,-0.035585561835385304,UP,False,39,29.0,IGNORE,NONE,,GREEN,C,WATCHLIST,No standout factor,Health Services,41.4
HDFCAMC,2614.0,2550.1,2630.0,2550.1,False,True,False,False,False,True,0.8875895070694968,215.7901438,0.8768832611209931,False,-0.09269242264186323,True,55.81,True,1.0154842700922506,33.0,-0.43,0,False,▂▅▃▃▃▁▅▄▂▄▆▄▃▄▄▂█▆▆▄,False,False,False,3,-0.0664952503392614,-0.005251541213182165,-0.07657440687793848,-0.0554712493900309,FLAT,False,32,29.0,IGNORE,NONE,,GREEN,C,WATCHLIST,No standout factor,Finance,31.4
3BBLACKBIO,1216.2,1193.0,1224.5,1193.0,False,False,False,False,False,True,0.14771825845352055,0.21855113999999998,0.1434580883599732,False,0.24125071309135238,True,51.66,False,0.880953599017752,14.0,-1.03,0,True,▅▂▃▃▆▁▅▃▇▅▃▄▄▅▅▃▆▅█▃,False,False,False,0,0.04215938303341904,-0.011219512195121961,0.03208022649474196,-0.06143922037197069,UP,False,31,29.0,IGNORE,NONE,,GREEN,C,WATCHLIST,CMF positive,Process Industries,36.8
EXPLEOSOL,836.75,816.6,839.75,813.0,False,True,True,False,False,False,0.2711721897089002,2.865952425,0.2538390458329115,False,-0.15089503969953036,True,61.58,True,1.1466557425890065,60.0,0.27,0,True,▅▅▇▄▆█▅█▇▆▅▅▁▄▃▅▅▆▄▆,False,False,False,0,0.03187816006905919,-0.04289390906491275,0.02179900353038211,-0.09311361724176148,UP,False,21,29.0,IGNORE,NONE,,GREEN,C,WATCHLIST,No standout factor,Technology Services,38.0
NTPC,344.85,347.5,349.25,343.1,True,False,False,False,False,False,0.9579991501230111,335.40890361000004,0.9532520159111831,False,0.06101951248396493,True,62.51,True,1.0208797759323223,51.0,0.04,0,False,▅▅▆▇▇▇▄█▅▆▆██▅▇▆▅▁▇▇,False,False,False,0,0.0033459412278149525,-0.11508852963818317,-0.006733215310862128,-0.1653082378150319,UP,False,8,29.0,IGNORE,NONE,,GREEN,C,WATCHLIST,CMF positive,Utilities,35.4
BBOX,744.45,741.35,748.45,735.05,False,False,False,True,False,False,0.5395373393240026,13.420200150000001,0.5074703989642804,False,-0.4470097681976438,True,50.33,True,1.1040307101727447,74.0,0.62,0,True,▇█▅▄▇▄▄▄▄▃▅█▆▇▁▅▅▆▄▆,False,False,False,0,-0.1929206418039895,-0.28221568721978496,-0.20299979834266657,-0.3324353953966337,UP,False,1,29.0,IGNORE,NONE,,GREEN,C,WATCHLIST,No standout factor,Technology Services,38.0
CPPLUS,3708.7,3645.0,3722.0,3640.0,False,True,True,True,False,True,0.4932046870235658,31.91373437,0.5151670936039642,False,-0.07902793783146642,True,50.37,False,0.9743406226727147,68.0,0.43,0,False,▁▅▇▁▅▅▄▃▄▄▄▆▂█▄▂▅▇▅▄,False,False,False,2,0.01264198339886402,0.27732047528844483,0.0025628268601869397,0.2271007671115961,FLAT,True,87,28.0,IGNORE,NONE,,GREEN,C,WATCHLIST,No standout factor,Consumer Durables,38.4
SKFINDUS,2746.9,2735.0,2768.4,2715.1,False,True,True,True,False,True,0.5397191551339424,5.40507513,0.5407188190473546,False,-0.22993325006555293,True,56.91,False,0.9750790292043965,38.0,-0.31,0,False,▅▁▄▅▄▃▁▂▃▂█▄▄▆▆▄▃▃▃▄,False,False,False,0,-0.02245551601423479,0.269362292051756,-0.03253467255291187,0.21914258387490726,FLAT,True,87,28.0,IGNORE,NONE,,GREEN,C,WATCHLIST,No standout factor,Producer Manufacturing,37.9
QUADFUTURE,361.5,379.0,386.4,360.0,True,False,False,True,False,False,0.7998614374815101,9.9497814,0.7507427939394584,False,-0.1598122788772349,True,41.71,True,1.0858303178611408,85.0,0.98,0,True,▂▄▂▆▆▃▅█▄▁▇▅▄▇▆▄▇▅▃▆,False,False,False,0,-0.12628398791540785,0.23484201537147742,-0.13636314445408493,0.1846223071946287,FLAT,True,83,28.0,IGNORE,SEED,,GREEN,C,WATCHLIST,No standout factor,Producer Manufacturing,37.9
NIITMTS,242.79,243.55,246.78,239.59,True,True,True,False,False,False,0.850456056747742,4.292235851999999,0.8507987521913108,False,-0.03343017026794765,True,55.41,True,1.1452251284012112,52.0,0.0,0,True,▁▃▃▂▄▅▃▃▃▃▂▃▅▃▃▂▄▄█▄,False,False,False,0,-0.0005351556067840768,0.17035430224150394,-0.010614312145461158,0.12013459406465521,FLAT,True,74,28.0,IGNORE,NONE,,GREEN,C,WATCHLIST,No standout factor,Commercial Services,35.1
TSFINV,441.95,437.0,445.0,435.45,False,False,True,True,False,False,0.6642835919878418,2.4059758,0.6377481812111166,False,-0.14111124390437774,True,61.05,True,1.1568854105474597,79.0,0.69,0,False,▃▇▃▂▆▅█▆▆▄▄█▅▅▃▆▁▅▇▇,False,False,False,5,-0.07036180058897767,0.08082660797260943,-0.08044095712765476,0.0306068997957607,FLAT,True,56,28.0,IGNORE,NONE,,GREEN,C,WATCHLIST,No standout factor,Finance,31.4
PUNJABCHEM,1111.1,1105.0,1122.0,1100.1,False,False,True,True,False,False,0.17659368720064064,0.51943925,0.170838666963914,False,-0.3202677136756175,True,51.81,True,1.0810077721558606,51.0,0.05,0,False,▂▅▆▇▆▆▆▇█▆▇▆▇▆▁▅▆▆▆▆,False,False,False,5,0.0030694231290058216,0.07477268330431408,-0.007009733409671259,0.02455297512746535,FLAT,True,55,28.0,IGNORE,NONE,,GREEN,C,WATCHLIST,No standout factor,Process Industries,36.8
MHRIL,229.66,229.6,231.75,226.6,True,True,True,False,False,False,0.36023446214360433,1.5972393679999999,0.3734006415815498,False,-0.09905709491473662,True,56.71,True,1.016782013124395,52.0,0.12,0,True,▇▆▇█▇▅▅▁▄▄█▆▇▆▆▆▅▇▇▆,False,False,False,0,-0.01737121341776482,0.05141235178317993,-0.0274503699564419,0.0011926436063312007,FLAT,True,49,28.0,IGNORE,NONE,,GREEN,C,WATCHLIST,No standout factor,Consumer Services,35.0
JSWCEMENT,134.29,132.4,136.4,132.4,False,True,True,True,False,False,0.776413460083249,20.698990585,0.7591044099748445,False,-0.23555781497558131,False,40.54,False,0.6678582901575744,13.0,-0.93,0,True,█▇▂▄█▃▆▅▃▃▁▄▄▅▄▃▄▄▂▁,False,False,False,6,-0.028432933005353878,0.038190954773869246,-0.03851208954403096,-0.012028753402979486,FLAT,False,45,28.0,IGNORE,NONE,,GREEN,C,WATCHLIST,No standout factor,Non-Energy Minerals,41.4
WONDERLA,493.15,485.2,496.2,481.2,False,True,True,False,False,False,0.7507775632459388,4.708645515,0.7465630204500041,False,0.03395292829315507,True,52.85,False,0.8639079370009236,29.0,-0.38,0,True,▇▇▇▅█▄▅▅▇▅█▆▇▄▅▇▁▄▅▄,False,False,False,2,0.039852398523985144,0.03952360876897143,0.029773241985308063,-0.010696099407877302,UP,False,45,28.0,IGNORE,NONE,,GREEN,C,WATCHLIST,CMF positive,Consumer Services,35.0
KRSNAA,560.85,561.65,566.0,555.05,False,True,True,False,False,False,0.6996716114804036,2.3941003949999997,0.7186307091998766,False,0.0002333818819614235,True,63.57,True,1.1310180407785646,77.0,0.6,0,False,▆▅▄▇▅▂▅▃▅▁████▄▆▃▇▇▇,False,False,False,0,0.007545136081918757,0.020748020748020624,-0.0025340204567583235,-0.02947168742882811,UP,False,40,28.0,IGNORE,NONE,,GREEN,C,WATCHLIST,CMF positive,Health Services,41.4
RHIM,412.8,411.15,418.6,410.1,False,True,True,False,False,False,0.3630176934731937,11.84319072,0.3655580937529529,False,-0.38392837702357113,False,55.01,True,1.1669742675915908,87.0,0.89,0,True,▃▃▃█▃▃▄▅▄▃▄▄▅▅▃▁▅▇▃▅,False,False,False,0,-0.017961222790531695,0.0152484013772749,-0.028040379329208776,-0.03497130679957383,UP,False,39,28.0,IGNORE,SEED,,GREEN,C,WATCHLIST,No standout factor,Producer Manufacturing,37.9
PITTIENG,939.95,945.0,948.0,933.0,True,True,False,True,False,True,0.41466011434980127,1.02868128,0.41457654497121355,False,-0.10981031771048481,False,59.69,True,1.0358890701468189,71.0,0.52,0,True,▆▆██▇▆▇▅▆▅▁▆▄▃▇▇█▆▆▆,False,False,False,0,-0.029829178923465927,0.006101150655606125,-0.03990833546214301,-0.04411855752124261,UP,False,36,28.0,IGNORE,NONE,,GREEN,C,WATCHLIST,No standout factor,Producer Manufacturing,37.9
EXICOM,158.9,168.5,172.95,157.5,True,False,True,True,False,True,1.2190382397838229,31.553074910000003,1.1595656374921022,False,-0.0728604933063394,False,48.59,True,1.4235490580962709,82.0,0.88,0,True,▂▅▂▁▄▃▂▄▇▃▃▆▆▆▆▆▅▅▅█,False,False,False,1,-0.06551399670665714,-0.0031367628607277265,-0.07559315324533422,-0.05335647103757646,FLAT,False,33,28.0,IGNORE,NONE,,GREEN,C,WATCHLIST,No standout factor,Producer Manufacturing,37.9
BLIL,71.0,70.83,71.29,70.41,True,True,False,False,False,True,1.0118845733510111,0.3145584,1.0217867664247722,False,0.01500341338851221,True,82.51,True,1.1063955320447063,86.0,1.0,0,False,▇▅▄▄█▇▆▅▃▅▇▆▅▆▁▄▄▅▆▇,False,False,False,0,0.0078069552874378,-0.020689655172413834,-0.002272201251239281,-0.07090936334926257,UP,False,27,28.0,IGNORE,SEED,,GREEN,C,WATCHLIST,CMF positive,Commercial Services,35.1
JSLL,598.1,607.25,612.35,591.3,True,True,True,False,False,False,1.2702953111720274,31.734946760000003,1.3185736843000282,False,-0.11053340232084559,False,54.95,True,1.1456509048453007,71.0,0.39,0,True,▃▅▃▅▇▁▂▇▂█▅▇▆▆▅▅▇▄▅█,False,False,False,0,0.008600337268128255,-0.027400601674932967,-0.0014788192705488257,-0.0776203098517817,UP,False,25,28.0,IGNORE,NONE,,GREEN,C,WATCHLIST,No standout factor,Health Services,41.4
ALEMBICLTD,84.75,86.66,86.97,84.01,True,False,False,False,False,False,1.7421692249929361,3.433061475,1.6523395447482216,False,-0.11923497806421367,False,61.41,True,1.0934147622566257,87.0,1.06,0,True,▆▇▃▁▆▇▅█▅▇▆▇▆▇▆▇▆▆▆▇,False,False,False,0,-0.05801933977992668,-0.03297581013235962,-0.06809849631860376,-0.08319551830920835,UP,False,23,28.0,IGNORE,DISTRIBUTION,,GREEN,C,WATCHLIST,No standout factor,Health Technology,33.0
EIHAHOTELS,302.55,312.6,315.0,296.3,True,False,False,False,False,False,2.6484919383551193,1.5754383600000001,2.530585419534821,False,-0.06888525992274147,False,69.58,True,1.2708443681393948,97.0,1.4,0,False,▆▅▆▆▄▆▄▃▇▃▅▇▂▃█▅▁▃▂▇,False,False,False,0,-0.0537920250195465,-0.037231503579952197,-0.06387118155822358,-0.08745121175680093,UP,False,22,28.0,IGNORE,DISTRIBUTION,,GREEN,C,WATCHLIST,Delivery P97,Consumer Services,35.0
SOBHA,1339.0,1359.8,1361.4,1334.2,True,False,False,False,False,False,0.38225931443462363,14.2500397,0.35506027876180574,False,-0.5538989229459815,False,70.33,True,1.6759204098653642,97.0,2.61,1,True,▄▄▅▅▄▆▁▂▄▃▃▄▄▅▄▅▅▂▅█,False,False,False,1,-0.11400780784754849,-0.05571227080394925,-0.12408696438622557,-0.10593197898079798,FLAT,False,18,28.0,IGNORE,SEED,DEL70% ▄▄▅▅▄▆▁▂▄▃▃▄▄▅▄▅▅▂▅█ P97 Z+2.6,GREEN,C,WATCHLIST,Delivery P97,Finance,31.4
OIL,442.8,445.25,451.85,437.1,True,False,False,False,False,True,1.3410007052972246,187.27814196000003,1.3330828676830202,False,0.229657990498438,False,53.78,True,1.2128182576731388,76.0,0.84,0,False,▂▆▄▅█▄▃▄▃▃▄▂▃▁▅█▃▆▇▇,False,False,False,0,0.04200494175785385,-0.07004095348104578,0.03192578521917677,-0.12026066165789451,UP,False,15,28.0,IGNORE,NONE,,GREEN,C,WATCHLIST,CMF positive,Energy Minerals,42.6
ASTRAL,1444.0,1440.0,1451.3,1435.0,False,True,False,False,False,False,0.21967421032985546,17.1447564,0.2241692226313789,False,0.21596354939117912,False,46.31,True,1.0488053448080625,48.0,-0.11,0,False,▄▁▆▄▇██▅▄▂▂▂▂▃▄▆▄▇▄▅,False,False,False,0,0.0826210826210827,-0.08503358256241289,0.07254192608240562,-0.13525329073926162,UP,False,13,28.0,IGNORE,NONE,,GREEN,C,WATCHLIST,CMF positive,Producer Manufacturing,37.9
SYNGENE,403.7,399.2,412.2,397.85,False,False,False,False,False,False,1.3267392524608514,91.25852461000001,1.32574277612956,True,0.20625891390835055,False,63.62,True,1.15121192106906,86.0,0.97,0,False,▄▃▄▄▄▅█▅▅▅▅▅▅▁▃▄▃▄▃▅,False,False,False,0,-0.039609848935411085,-0.08665158371040727,-0.049689005474088166,-0.136871291887256,UP,False,12,28.0,IGNORE,SEED,,GREEN,C,WATCHLIST,CMF positive,Commercial Services,35.1
BRIGADE,581.95,568.8,585.8,568.35,False,True,False,False,False,False,0.9544937217625227,26.172037350000004,0.9812694248265257,False,0.19365540033412712,False,44.77,False,0.9988064296630116,34.0,-0.42,0,True,▁▃▃▂▃▅▃▃▅▂▅▁▂▆▅▆█▄▄▄,False,False,False,0,0.012791507135398561,-0.10791752893385453,0.00271235059672148,-0.15813723711070327,UP,False,8,28.0,IGNORE,NONE,,GREEN,C,WATCHLIST,CMF positive,Finance,31.4
ADVENZYMES,324.35,329.8,332.0,322.0,True,True,False,True,False,False,0.682091893756309,5.76635917,0.6870296265988003,False,-0.3537795600634344,False,59.76,True,1.0570069158250348,78.0,0.71,0,True,▅▇▆▇▆▇▆▇▇▆▆█▇█▇▁▆▇█▇,False,False,False,0,-0.016674245869334525,-0.10892857142857137,-0.026753402408011606,-0.1591482796054201,UP,False,8,28.0,IGNORE,NONE,,GREEN,C,WATCHLIST,No standout factor,Consumer Non-Durables,39.6
TATAELXSI,3781.0,3716.4,3833.6,3716.1,False,True,False,False,False,False,0.8378771947412472,169.8542411,0.8828437639644889,False,0.017999750674703465,True,32.79,False,0.8756843370276405,37.0,-0.27,0,True,▅▆▃▁▆▄█▇▇▃▇▇▆▆▃▇▅▅▅▄,False,False,False,0,0.02457794759233667,-0.11770196481075268,0.014498791053659588,-0.1679216729876014,UP,False,7,28.0,IGNORE,NONE,,GREEN,C,WATCHLIST,CMF positive,Technology Services,38.0
NLCINDIA,304.4,305.2,307.7,301.0,False,True,False,True,False,False,0.7487368026371406,46.546899839999995,0.7617389251298615,False,-0.06774252342701736,False,55.09,True,1.037359243776598,88.0,1.25,0,True,▅▃▃▇▆▇▅▇▅▁▇█▇▆▆▄▄▅▅▆,False,False,False,0,-0.033343918704350606,-0.12415479787081007,-0.04342307524302769,-0.1743745060476588,UP,False,6,28.0,IGNORE,SEED,,GREEN,C,WATCHLIST,No standout factor,Utilities,35.4
GUJTHEM,355.95,364.8,382.2,341.65,True,False,False,False,False,False,12.667961905759201,24.11404632,12.295615781827173,False,-0.18593248404041132,False,18.89,False,0.329979387206093,1.0,-2.82,0,False,▃▅▄▄▅▅▄▅▃▄▅▅▅▇▅▆█▅▄▁,False,True,False,0,-0.06069402295817394,-0.11958941380163246,-0.07077317949685102,-0.1698091219784812,UP,False,6,28.0,IGNORE,DISTRIBUTION,,GREEN,C,WATCHLIST,No standout factor,Health Technology,33.0
KPITTECH,629.9,623.0,637.25,620.55,False,True,False,False,False,False,0.44954366521294814,160.19465623999997,0.47263585516130474,False,0.08070132440206265,False,32.23,True,1.138547407093401,32.0,-0.58,0,False,▄▇▅▅▅█▃▆▂▄▂▆▁▂▁▃▃▇▃▅,False,False,False,0,0.12131731197151763,-0.18401450871170422,0.11123815543284055,-0.23423421688855295,UP,False,2,28.0,IGNORE,NONE,,GREEN,C,WATCHLIST,CMF positive,Technology Services,38.0
E2E,575.45,593.0,617.45,575.45,True,True,False,False,False,False,0.9417276500588162,121.16554355500001,1.0953834924554138,False,0.17046118389676965,False,49.5,False,0.9061370189007368,60.0,0.1,0,True,▃▂▂▂▂▃▂██▁▆▂▁▁█▄▂▁▁▃,False,False,False,0,0.44621764262377495,-0.8532913522333265,0.43613848608509787,-0.9035110604101753,UP,False,0,28.0,IGNORE,NONE,,GREEN,C,WATCHLIST,CMF positive,Technology Services,38.0
ZFCVINDIA,2637.2,2593.5,2656.0,2562.1,False,False,False,False,True,False,0.517442222137495,27.200871959999997,0.5710780040528268,False,0.04137007620406499,True,62.75,True,1.1168361943917915,73.0,0.5,0,False,▆▇█▅▃▅▅▄▅▁▄▃▄▅▆▆▇▅▆▆,False,False,False,0,0.13000257091438838,-0.8202807687065559,0.1199234143757113,-0.8705004768834046,UP,False,0,28.0,IGNORE,NONE,,GREEN,C,WATCHLIST,CMF positive,Producer Manufacturing,37.9
STEL,552.95,566.5,566.5,551.3,True,False,True,True,False,True,0.5196964529331515,0.067404605,0.5161528691647767,False,-0.05091098984030874,False,72.35,True,1.0953739941408467,83.0,0.96,0,True,▁▃▅▆▄▂▇▅▅▂██▇█▄▄▂▆▅▆,False,False,False,0,-0.01767631906200029,0.2511596334426973,-0.02775547560067737,0.20093992526584858,FLAT,True,85,27.0,IGNORE,NONE,,GREEN,C,WATCHLIST,No standout factor,Finance,31.4
EMSLIMITED,404.4,405.0,415.0,401.8,True,False,True,True,False,False,0.3327447305187652,7.28931,0.3119212753531982,False,-0.15419721803259678,False,32.78,True,1.0076697253346858,18.0,-0.8,0,True,▆▄▂▆▇▂▆▆▇▅▇█▆█▁▆█▆▇▆,False,False,False,0,-0.11731965513478115,0.24011039558417657,-0.12739881167345823,0.18989068740732784,FLAT,True,84,27.0,IGNORE,NONE,,GREEN,C,WATCHLIST,No standout factor,Industrial Services,34.6
JASH,498.1,498.35,501.95,490.1,False,False,True,True,False,True,0.44040278379095366,3.0223213700000002,0.42247223609498075,False,-0.028886816137620813,False,54.93,True,1.0873782563940138,49.0,0.02,0,True,▃▅▅▂▂▄▆█▁▅▅▅▇▄▂▇▇▇▇▆,False,False,False,0,-0.06503988737681832,0.23628691983122385,-0.0751190439154954,0.18606721165437512,FLAT,True,83,27.0,IGNORE,NONE,,GREEN,C,WATCHLIST,No standout factor,Producer Manufacturing,37.9
BAJAJELEC,371.15,379.4,393.9,366.3,True,True,True,False,False,False,2.846885641676591,80.810378155,2.828015542798748,False,0.05293177147459761,False,21.31,False,0.4842521474344407,5.0,-1.76,0,False,▆▇▇▄▆▆▆▆▆▆▆▆█▇█▇▃▆▁▃,False,False,True,0,0.12096043491392305,0.18031483542693594,0.11088127837524597,0.1300951272500872,FLAT,True,76,27.0,IGNORE,NONE,,GREEN,C,WATCHLIST,CMF positive,Consumer Durables,38.4
SAKSOFT,165.05,178.99,179.5,161.11,True,False,True,False,False,False,0.9523195974876127,24.654492295,0.886493408863353,False,0.060525962693404,False,25.03,True,1.0323991008269917,13.0,-1.24,0,False,▂▄▁▂▃▂▄▆▄▃▇▄▄▄▃▅▅▆█▄,False,False,False,0,-0.035133871156319385,0.15202066029175687,-0.045213027694996466,0.10180095211490814,FLAT,True,70,27.0,IGNORE,NONE,,GREEN,C,WATCHLIST,CMF positive,Technology Services,38.0
THOMASCOOK,104.13,106.5,106.94,103.6,True,True,True,False,False,False,0.5101072841799812,6.575184719999999,0.5108405338629671,False,-0.12332667477017283,False,47.35,True,1.0667778128238634,49.0,-0.04,0,True,▄█▄▇▆▇▄▆▆▇▆█▆▅▁▄▁▅▃▆,False,False,False,0,0.011167216935327184,0.14541854581454183,0.0010880603966501035,0.0951988376376931,FLAT,True,69,27.0,IGNORE,NONE,,GREEN,C,WATCHLIST,No standout factor,Consumer Services,35.0
ITCHOTELS,170.65,171.0,172.21,168.9,True,True,True,False,False,False,0.9075297119611052,50.240929980000004,0.9091691546399384,False,-0.24103390474647154,False,62.76,True,1.218144057762854,83.0,0.9,0,True,▆▇▄▁▄▄▆▄▅▅▆█▆▆▄▄▆▇▆█,False,False,False,1,-0.08835942090923654,0.10203422667097195,-0.09843857744791362,0.05181451849412322,FLAT,True,61,27.0,IGNORE,NONE,,GREEN,C,WATCHLIST,No standout factor,Consumer Services,35.0
MANALIPETC,64.64,65.22,65.9,64.01,True,False,True,True,False,True,0.5092075829712456,1.490785856,0.5048184241261933,False,-0.0450299989492819,False,59.44,True,1.352261352261352,88.0,1.11,0,True,▃▆▆▄▇▂▁▃▂▃▄▆▇▃▄▄▆█▆█,False,False,False,0,0.03457106274007682,0.07643630308076599,0.024491906201399738,0.026216594903917256,FLAT,True,55,27.0,IGNORE,SEED,,GREEN,C,WATCHLIST,No standout factor,Process Industries,36.8
KRISHNADEF,1181.4,1185.0,1199.4,1170.0,False,False,False,True,False,True,0.5755155168078279,7.0570929,0.5459645883154387,False,-0.3113026729228558,False,45.97,True,1.0274577294011151,72.0,0.52,0,True,▄▇▂▅▅▅▄▄▄▁▄▅▃▇▄▆▆█▄▅,False,False,False,0,-0.10173357664233573,0.07253744893327285,-0.11181273318101281,0.02231774075642412,FLAT,True,54,27.0,IGNORE,NONE,,GREEN,C,WATCHLIST,No standout factor,Electronic Technology,34.1
RUPA,164.85,167.62,168.29,164.05,True,True,True,True,False,False,0.8154906793434717,1.40943453,0.808142865468295,False,-0.10200091256667525,False,54.91,True,1.1288946454086615,65.0,0.4,0,True,▅▇▆▄▆▄▆▄▂▅▄▇█▃▆▅▁▅▃▆,False,False,False,0,-0.028751546573970388,0.06664509867356827,-0.03883070311264747,0.01642539049671954,FLAT,True,53,27.0,IGNORE,NONE,,GREEN,C,WATCHLIST,No standout factor,Consumer Non-Durables,39.6
JTEKTINDIA,139.8,141.16,143.79,138.5,True,True,True,True,False,False,1.483349977155776,4.264235520000001,1.4938985941503964,False,-0.047572608413528505,False,56.09,True,1.1316795625813352,79.0,0.74,0,True,▄█▄▆▇▅▆▅▅▆▅▅▆▅▁▅▅▆▇▇,False,False,False,0,-0.03519668737060033,0.0637650281540103,-0.04527584390927741,0.013545319977161574,FLAT,True,52,27.0,IGNORE,NONE,,GREEN,C,WATCHLIST,No standout factor,Consumer Durables,38.4
VGUARD,319.65,319.0,327.35,312.1,True,True,True,False,False,False,0.48118862828179765,38.500468004999995,0.4914902721159205,False,-0.16224891160357735,True,59.8,True,1.1284615747511442,78.0,0.6,0,False,▇▇█▇▇▆▇▇█▇▆▆▃▁▄▆▆▇▆▇,False,False,False,2,0.04597513089005223,0.04205378973105134,0.03589597435137515,-0.008165918445797393,UP,False,46,27.0,IGNORE,NONE,,GREEN,C,WATCHLIST,No standout factor,Producer Manufacturing,37.9
EFCIL,186.0,189.48,189.49,182.95,True,False,False,False,False,False,1.9426825978206694,9.8776974,1.8752870043060514,False,-0.025413671417164333,True,56.53,False,0.9354702587312489,57.0,0.08,0,True,▃▄▁▆▅▂█▆▇▅▄▇▃▂▃▃█▃▄▃,False,False,False,0,-0.032509752925877766,0.022539857064320934,-0.04258890946455485,-0.027679851112527798,FLAT,False,41,27.0,IGNORE,NONE,,GREEN,C,WATCHLIST,No standout factor,Distribution Services,33.3
PLATIND,224.75,227.27,228.0,223.0,True,False,False,False,False,False,0.553555987753047,0.712929475,0.5371140060131432,False,-0.08561313576641025,True,65.68,True,1.2404740544879362,95.0,1.53,0,True,▂▃▂▂▃▄▁▄▁▅▄▄█▄▂▅▁▂▆▇,False,False,False,0,-0.014254385964912242,0.011521670642243187,-0.024333542503589323,-0.038698037534605545,UP,False,37,27.0,IGNORE,SEED,,GREEN,C,WATCHLIST,Delivery P95,Process Industries,36.8
SRM,520.7,530.95,535.0,517.05,True,True,True,True,False,False,1.1041180540440636,4.72811221,1.131901966750262,False,0.03465034312397056,False,51.78,True,1.0426902939991944,69.0,0.47,0,False,▃▇▃▄▂▄▃▁▁▁▄▃▄▃▅▃█▅▂▄,False,False,False,1,0.04004793768101478,0.009108527131783006,0.029968781142337697,-0.041111181045065726,UP,False,36,27.0,IGNORE,NONE,,GREEN,C,WATCHLIST,CMF positive,Industrial Services,34.6
PARAGMILK,223.22,219.6,228.64,217.28,True,False,False,False,False,False,2.151893739607281,17.895592044,2.1467475965608496,False,-0.12249944166592185,True,38.24,False,0.7615406062054407,25.0,-0.64,0,True,▅▅▃▄▄█▁▆▂▄▄▆▆▆▃▅▄▆▃▂,False,False,False,0,-0.03668220265838085,0.004093383113670024,-0.04676135919705793,-0.04612632506317871,FLAT,False,35,27.0,IGNORE,NONE,,GREEN,C,WATCHLIST,No standout factor,Consumer Non-Durables,39.6
GRAUWEIL,69.97,69.2,70.39,69.2,False,False,False,True,False,False,0.5137898240254745,1.207549257,0.48189090264025647,False,-0.4239958130010537,True,78.77,True,1.3717977743334318,92.0,1.46,0,True,▄▄▆▄▄▄▄▅▃▄▃▆▃▃█▃▁▆▆▇,False,False,False,0,-0.13691871222400387,-0.0004285714285714448,-0.14699786876268095,-0.05064827960542018,FLAT,False,34,27.0,IGNORE,SEED,,GREEN,C,WATCHLIST,Delivery P92,Process Industries,36.8
CGPOWER,876.0,880.0,885.9,874.2,True,False,False,True,False,True,0.3288113383508285,126.8416464,0.32758141447774564,False,0.014575220021167429,False,49.77,True,1.115981837546948,56.0,0.15,0,False,▆▄▆▁▇▆▅▃▇▂▇▇█▇▃█▁▅▇▆,False,False,False,0,-0.03831375562630368,-0.0035830063129158596,-0.04839291216498076,-0.05380271448976459,UP,False,33,27.0,IGNORE,NONE,,GREEN,C,WATCHLIST,CMF positive,Producer Manufacturing,37.9
VIKRAN,71.59,71.5,72.1,71.1,True,False,False,False,False,False,0.44083332823721916,4.515589363,0.433784163386252,False,-0.16992401092621023,True,51.96,True,1.2539971763343025,98.0,1.88,0,True,▂█▇▃▆▅▇▇▃▄█▇▄▄▁▆▆▅██,False,False,False,0,-0.036992198009147215,-0.002229965156794411,-0.047071354547824296,-0.05244967333364314,UP,False,33,27.0,IGNORE,SEED,,GREEN,C,WATCHLIST,Delivery P98,Industrial Services,34.6
POLYCAB,9099.0,8924.0,9135.5,8924.0,False,False,False,True,False,True,0.7587589224903066,257.4716733,0.7554525201807221,False,-0.07878123093851981,True,60.56,True,1.315763744799192,86.0,1.11,0,False,▄▄▃▁▃▄▇▄▆▅▆█▅█▆▆▅▄▆█,False,False,False,0,-0.04707545687804371,-0.010870746820306532,-0.05715461341672079,-0.061090454997155264,UP,False,31,27.0,IGNORE,SEED,,GREEN,C,WATCHLIST,No standout factor,Producer Manufacturing,37.9
ALLDIGI,810.35,808.8,812.9,804.7,False,False,False,False,False,False,0.3597584406914678,0.519677455,0.34304064664386863,False,-0.14013076963286158,True,87.09,True,1.289486737194341,100.0,2.08,0,False,▃▇▅▅▆▃▅▇▅▃▂▆▇▇▁▄▄▃▆█,False,False,False,5,0.0057713789251581105,-0.010078182262399205,-0.0043077776135189705,-0.060297890439247936,UP,False,31,27.0,IGNORE,SEED,,GREEN,C,WATCHLIST,Delivery P100,Commercial Services,35.1
WHIRLPOOL,813.15,825.0,840.0,801.6,True,True,True,False,False,False,0.9204216877660266,32.077222514999995,0.9428322559182559,False,-0.10085331056265494,True,55.7,True,1.0319305623743666,64.0,0.27,0,False,▇▆▅▅▆▇▆▆▁▃▆▅█▄▅▄▅▁▄▅,False,False,False,0,0.022637238256932646,-0.011367781155015244,0.012558081718255565,-0.061587489331863976,UP,False,30,27.0,IGNORE,NONE,,GREEN,C,WATCHLIST,No standout factor,Consumer Durables,38.4
GMBREW,908.35,915.55,915.55,905.0,False,False,False,False,False,False,0.3293922153152411,1.2892211550000001,0.32633646123527604,False,-0.30063363095014917,True,57.94,True,1.1415174261678191,90.0,1.24,0,True,▄▁▅▄▅▅▄▃▇▇▅▇▅▅▇▆▇██▇,False,False,False,0,-0.03351598659360533,-0.021596294700560015,-0.04359514313228241,-0.07181600287740875,UP,False,26,27.0,IGNORE,SEED,,GREEN,C,WATCHLIST,Delivery P90,Consumer Non-Durables,39.6
MOLDTKPAC,685.35,685.0,690.0,680.1,False,True,True,True,False,False,0.2672675124574011,2.277075375,0.2676626125172964,False,-0.3509019020522779,True,62.1,True,1.310804107608363,76.0,0.59,0,False,▇▅▇▆▇▆▇▄▅▆▁▄▆▅▆█▆▅▄█,False,False,False,1,0.023827308037048134,-0.024551665243381704,0.013748151498371053,-0.07477137342023044,UP,False,25,27.0,IGNORE,NONE,,GREEN,C,WATCHLIST,No standout factor,Producer Manufacturing,37.9
FORCEMOT,18500.0,18623.0,18830.0,18445.0,True,True,True,False,False,False,0.49219445012240753,86.6429,0.5090532844884242,False,-0.131325147535546,True,31.18,False,0.9741314671332169,73.0,0.45,0,True,▆▇▅▆▃▆█▆▁▁▆▂▃▂▄▄▂▄▅▄,False,False,False,0,0.018161805173362744,-0.049966620448826604,0.008082648634685663,-0.10018632862567534,UP,False,19,27.0,IGNORE,NONE,,GREEN,C,WATCHLIST,No standout factor,Consumer Durables,38.4
SKIPPER,517.85,527.5,532.0,513.0,True,False,False,True,False,True,0.7056284273336181,20.493654825,0.6791995717761162,False,-0.17838771923152183,True,50.0,True,1.1581580654127674,72.0,0.6,0,False,▄▁▁▂▃▁▄▇▅▄▅▆▄▅▆█▆▃▅▆,False,False,False,0,-0.05242451967063122,-0.0573404933102758,-0.0625036762093083,-0.10756020148712453,UP,False,17,27.0,IGNORE,NONE,,GREEN,C,WATCHLIST,No standout factor,Producer Manufacturing,37.9
SKFINDIA,1534.3,1520.0,1551.0,1516.8,False,True,False,False,False,False,1.3526585747634445,9.57940205,1.3836596042059435,True,-0.1645363521334162,True,54.91,False,0.9549067005199728,49.0,-0.1,0,True,▄▄▅█▄▃▅▁▂▁▃▅▃▄▄█▅▇▆▄,False,False,False,0,-0.023857997200661618,-0.06433711428222955,-0.0339371537393387,-0.11455682245907828,UP,False,16,27.0,IGNORE,NONE,,GREEN,C,WATCHLIST,No standout factor,Producer Manufacturing,37.9
TEGA,1625.7,1580.0,1647.7,1580.0,False,True,False,False,False,False,1.411907238970954,24.00427335,1.4661662211697624,True,-0.08335201886926924,True,53.04,False,0.9318832686192176,33.0,-0.38,0,True,▆▅▇▆▆▅▄▇▅▇▅▆█▆▆▁▃▆▆▅,False,False,False,0,-0.025943678849610463,-0.07944507361268405,-0.036022835388287544,-0.12966478178953278,UP,False,14,27.0,IGNORE,NONE,,GREEN,C,WATCHLIST,No standout factor,Distribution Services,33.3
WIPRO,185.84,186.0,188.24,185.41,True,True,True,False,False,False,0.3824573884658367,117.78351501600001,0.3937133326933766,False,0.04398936580353052,False,43.79,False,0.9058937917623451,25.0,-0.64,0,True,▃▄▃▂▁▆▇▃▅▂▂▅▅▄▂▅█▇▅▃,False,False,False,0,0.07571197036351007,-0.08781230059392331,0.06563281382483299,-0.13803200877077204,UP,False,12,27.0,IGNORE,NONE,,GREEN,C,WATCHLIST,CMF positive,Technology Services,38.0
SIGNPOST,267.55,269.35,270.2,264.75,True,False,False,True,False,False,0.4068111612398988,1.8424295650000002,0.35959534700655243,False,-0.2321393337507135,True,64.16,True,1.2504141412172827,72.0,0.59,0,True,▆▁▅▄▇▆▄▃▃▁█▆▇▅▅▅▄▄▆▇,False,False,False,5,-0.15758816120906805,-0.09779126622829204,-0.16766731774774513,-0.14801097440514077,FLAT,False,11,27.0,IGNORE,NONE,,GREEN,C,WATCHLIST,No standout factor,Commercial Services,35.1
MONTECARLO,499.7,499.0,502.5,494.95,False,False,False,False,False,False,0.9575837772737982,3.2798309199999998,0.9249118806095462,False,-0.481682098681305,True,70.01,True,1.1709805561363162,94.0,1.41,0,True,▄▅▅▅▃█▅▆▅▅▆▅█▆▇▅▆▁▅▇,False,False,False,0,-0.07744853687805775,-0.09915269515053193,-0.08752769341673483,-0.14937240332738067,UP,False,10,27.0,IGNORE,SEED,,GREEN,C,WATCHLIST,Delivery P94,Consumer Non-Durables,39.6
PACEDIGITK,181.95,188.21,188.59,179.43,True,False,False,False,False,False,1.865803316121674,46.550961359999995,1.6814166755531386,False,-0.3017921243806372,True,29.78,False,0.6890328551596484,17.0,-0.91,0,True,▅▇▂▄▅▃▁▆▃▃▇▆▅▂▇█▇▄▆▁,False,False,False,0,-0.15591946557802938,-0.10545722713864314,-0.16599862211670646,-0.15567693531549187,FLAT,False,9,27.0,IGNORE,NONE,,GREEN,C,WATCHLIST,No standout factor,Utilities,35.4
HONDAPOWER,2093.4,2101.0,2112.9,2085.0,False,False,False,False,False,False,0.7800183966602986,0.57694104,0.7753234516373497,False,-0.16396783153793335,True,60.99,True,1.130417859823737,94.0,1.46,0,True,▄▅▁▁▄▇▃▄▇▁▃▆▅▄▃▅██▄▆,False,False,False,0,-0.007208574409560797,-0.11424219345011422,-0.017287730948237878,-0.16446190162696295,UP,False,8,27.0,IGNORE,SEED,,GREEN,C,WATCHLIST,Delivery P94,Producer Manufacturing,37.9
FLAIR,252.4,250.0,252.9,249.1,False,False,False,False,False,False,0.8284599625955033,2.80131188,0.8210478980356849,False,-0.15374072924670584,True,69.32,True,1.2326404324555007,93.0,1.54,0,True,▄▂▁▆▄▆█▄▅▃▃▇▃▅▄▄▆█▆▇,False,False,False,0,-0.029790505477608975,-0.12543312543312546,-0.039869662016286056,-0.1756528336099742,UP,False,6,27.0,IGNORE,SEED,,GREEN,C,WATCHLIST,Delivery P93,Producer Manufacturing,37.9
AXISCADES,1598.5,1631.4,1631.4,1581.1,True,True,False,True,False,False,0.9649445979193471,20.15916305,0.978729763331301,False,-0.07985184825338573,True,55.16,False,0.9409436730237795,56.0,-0.06,0,True,▃█▄▄▃▁▄▄▃▅▅▃█▃▄▅▃▄▂▃,False,False,False,0,-0.0029938252354518857,-0.14234359909861571,-0.013072981774128967,-0.19256330727546445,UP,False,4,27.0,IGNORE,NONE,,GREEN,C,WATCHLIST,No standout factor,Commercial Services,35.1
KALAMANDIR,88.77,88.67,89.1,88.15,False,False,False,False,False,False,0.35485493666214923,2.632571997,0.34180643199803395,False,-0.3727624303793994,True,59.33,True,1.1364376424617386,93.0,1.43,0,True,▆█▁▅█▇▇▅▄▃█▂▄▆▆▆▅▆▆▇,False,False,False,0,-0.12152399802078184,-0.1910143078465325,-0.13160315455945892,-0.24123401602338124,UP,False,2,27.0,IGNORE,SEED,,GREEN,C,WATCHLIST,Delivery P93,Retail Trade,39.8
TRIVENI,233.22,231.5,237.99,228.07,False,False,False,False,False,False,0.5865611389503627,11.572516332,0.31930366627952667,False,0.042343649957374684,False,58.37,True,1.2176652202937248,81.0,0.81,0,True,▇▇▁▆▅▅▃▅▅▇▃▆▅▄▄▆▆▇█▇,False,False,False,11,-0.43089311859443635,-0.37666711212080717,-0.44097227513311343,-0.4268868202976559,FLAT,False,1,27.0,IGNORE,NONE,,GREEN,C,WATCHLIST,CMF positive,Process Industries,36.8
KIRLOSIND,3759.6,3750.0,3844.9,3736.0,True,False,True,True,False,True,0.47831502131367054,1.5376764,0.4609683733784899,False,-0.26467533959369993,True,35.94,False,0.807295761360318,13.0,-1.01,0,True,▃▄▁▁▄▂▂▃██▃▃▇▆▃▃▅▆▆▂,False,False,False,0,-0.09063202960597927,0.19766812143608048,-0.10071118614465635,0.14744841325923175,FLAT,True,78,26.0,IGNORE,NONE,,GREEN,C,WATCHLIST,No standout factor,Non-Energy Minerals,41.4
GOKEX,805.5,799.0,816.15,795.0,False,False,True,True,False,False,0.6426335215072168,14.13853875,0.6294576252779708,False,-0.04987087205525968,True,45.54,False,0.9572556149957434,66.0,0.35,0,True,▂▄▆▅▅▅▇██▁▄▆▂▆▄▅▅▄▇▄,False,False,False,0,-0.03272290603422401,0.16435385949696446,-0.04280206257290109,0.11413415132011573,FLAT,True,73,26.0,IGNORE,NONE,,GREEN,C,WATCHLIST,No standout factor,Consumer Non-Durables,39.6
EVEREADY,356.8,357.3,361.0,353.1,True,True,True,True,False,False,0.6913315483509896,3.40915264,0.696001795253491,False,0.03428961005472148,False,57.91,True,1.225828985108432,79.0,0.75,0,False,▁▃▂▃▄▆▆▄▄▃▆▅▇▅▇█▇▆▇▇,False,False,False,0,-0.012318339100345965,0.12679614716564047,-0.022397495639023046,0.07657643898879174,FLAT,True,66,26.0,IGNORE,NONE,,GREEN,C,WATCHLIST,CMF positive,Producer Manufacturing,37.9
GMRAIRPORT,105.79,106.99,106.99,105.45,True,False,False,True,False,True,0.4063017093959163,59.83242256700001,0.3911656857191554,False,-0.010774124190164889,True,55.04,False,0.8987883340409549,59.0,0.21,0,True,▂▃▇▄▆█▆▄▆▁▃▂▁▂▅▂▁▄▄▂,False,False,False,2,-0.05401055173030489,0.09934531850774198,-0.06408970826898197,0.049125610330893243,FLAT,True,61,26.0,IGNORE,NONE,,GREEN,C,WATCHLIST,No standout factor,Transportation,31.8
BAJAJHCARE,329.8,330.0,332.95,325.55,False,False,False,False,False,False,0.2195244489773407,2.999531,0.20924870648770502,False,-0.23335868014830177,True,48.01,True,1.1291157102539982,64.0,0.57,0,True,▇▅█▅▄▅▂▄▁▃▃▇██▂█▇▇█▇,False,False,False,5,-0.05420131918554627,0.09133024487094654,-0.06428047572422335,0.04111053669409781,FLAT,True,59,26.0,IGNORE,NONE,,GREEN,C,WATCHLIST,No standout factor,Health Technology,33.0
JINDALPHOT,1063.0,1075.5,1080.0,1060.0,True,False,False,False,False,False,0.30075397350301797,0.229608,0.2793376691545915,False,-0.1382238428320067,True,70.19,True,1.2166226112579626,94.0,1.45,0,True,▇▃▆▁▆█▇█▄▃▄▁▅▂▆▃▇▅▄▇,False,False,False,0,-0.07242582897033156,0.061619894137621145,-0.08250498550900864,0.011400185960772413,FLAT,True,51,26.0,IGNORE,SEED,,GREEN,C,WATCHLIST,Delivery P94,Finance,31.4
JKCEMENT,5379.5,5400.5,5428.5,5361.0,True,False,False,False,False,False,0.3077293263468974,12.4524666,0.2983540371352741,False,0.007035964581234759,True,51.27,True,1.0108039903789283,41.0,-0.35,0,False,█▂▃▂▃▁▁▃▅▂▃▃▄▃▃▃▃▂▃▃,False,False,False,3,-0.00351949615633973,0.040321021079094965,-0.01359865269501681,-0.009898687097753767,FLAT,False,46,26.0,IGNORE,NONE,,GREEN,C,WATCHLIST,CMF positive,Non-Energy Minerals,41.4
BHARTIHEXA,1538.8,1520.0,1551.5,1503.8,False,False,False,False,False,False,0.9171048905313918,22.54926744,0.8798482599403229,False,0.0628573800250523,False,57.06,True,1.0730606488011285,59.0,0.09,0,False,▅▂▃▂▃▃▃▅▃▂█▄▃▁▄▅▄▃▄▄,False,False,False,9,-0.0410668660808875,0.028953527248411826,-0.05114602261956458,-0.021266180928436906,FLAT,False,42,26.0,IGNORE,NONE,,GREEN,C,WATCHLIST,CMF positive,Communications,20.0
DISAQ,11898.0,11908.0,12000.0,11715.0,False,False,False,False,False,True,1.3469224620303757,0.8019252,1.3171672382725663,True,0.181119568898458,False,15.51,False,0.653658125421443,25.0,-0.8,0,False,▁▃▂▃▄▂▂▅▁▁▃▂▃▁▃▅▇▇█▂,False,True,False,1,-0.03652117580370884,0.02128755364806878,-0.04660033234238592,-0.028932154528779952,FLAT,False,40,26.0,IGNORE,NONE,,GREEN,C,WATCHLIST,CMF positive,Producer Manufacturing,37.9
CELLO,373.15,379.15,381.55,370.4,True,True,True,False,False,False,0.3830031927174258,30.584082984999995,0.3643002161575563,False,0.37400722118290974,False,34.21,False,0.6791404039902724,2.0,-1.92,0,False,▆▆▅▄█▅▇▇▅▄▅▅▆▇▅▇▇▁▂▄,False,False,False,1,0.012206700122066927,0.01330617786829591,0.002127543583389846,-0.03691353030855282,UP,False,38,26.0,IGNORE,NONE,,GREEN,C,WATCHLIST,CMF positive,Consumer Durables,38.4
CENTURYPLY,781.95,785.95,789.0,768.1,True,True,True,True,False,True,0.3448627417569189,2.816974875,0.34182480110605806,False,-0.33991113819058283,False,49.44,False,0.9825705030109108,51.0,0.04,0,False,▅▅▃▇▆█▅▅▇▅█▅█▆▁▅▄▅▄▅,False,False,False,4,-0.010189873417721484,0.011120449990301928,-0.020269029956398565,-0.039099258186546804,UP,False,37,26.0,IGNORE,NONE,,GREEN,C,WATCHLIST,No standout factor,Producer Manufacturing,37.9
IOC,143.26,144.0,144.75,142.3,True,True,True,False,False,False,0.7930722271540134,131.405192022,0.8067785397889904,False,0.09752657292884709,False,46.38,False,0.8502447340922841,26.0,-0.64,0,False,▅▆█▅▆▆▆▅▅▆▅▃▇▄▆▁▆▃▅▃,False,False,False,0,0.03616374945754375,0.0061806433487849866,0.026084592918866667,-0.044039064828063745,UP,False,36,26.0,IGNORE,NONE,,GREEN,C,WATCHLIST,CMF positive,Energy Minerals,42.6
NUVOCO,345.8,352.85,355.6,345.0,True,True,True,True,False,False,0.07640606991557365,12.179698440000001,0.07264913541526996,False,-0.04599496573249475,False,50.04,True,1.4522026815253353,54.0,0.13,0,False,▆▁▁▃▅▄▃▄▆▅▇▇▇▇██▇▇▆█,False,False,False,1,0.07995003123048106,-0.008174386920980825,0.06987087469180397,-0.05839409509782956,UP,False,31,26.0,IGNORE,NONE,,GREEN,C,WATCHLIST,No standout factor,Non-Energy Minerals,41.4
SPIC,67.8,68.07,68.27,67.5,True,True,False,False,False,False,0.6301215145571007,0.90744876,0.6386355789038942,False,-0.1465859224362391,False,62.22,True,1.1719831605119655,97.0,1.6,0,True,▅▄▂▃▄▃▅█▅▄▂▄▁▅▇▃▁▄▅▇,False,False,False,0,-0.008046817849305055,-0.020089608324902475,-0.018125974387982136,-0.0703093165017512,UP,False,27,26.0,IGNORE,SEED,,GREEN,C,WATCHLIST,Delivery P97,Process Industries,36.8
LEMONTREE,111.01,112.3,112.4,110.55,True,False,False,False,False,False,1.0528966285974686,31.799425055,1.0433407427401844,False,-0.20216839727032376,False,65.72,True,1.210112504373124,99.0,2.06,0,True,▁▇▅▃▅▆▅▅▁▄▆▆█▇▇▅▅▅▆█,False,False,False,0,-0.06249472172958359,-0.02580078982009648,-0.07257387826826067,-0.07602049799694521,UP,False,25,26.0,IGNORE,SEED,,GREEN,C,WATCHLIST,Delivery P99,Consumer Services,35.0
BLS,254.33,252.7,257.73,250.8,False,True,True,False,False,False,1.0095428419050305,31.177271947,1.0617707969821153,True,-0.06576134890208754,False,48.62,True,1.024366091838992,80.0,0.87,0,False,▃▆▅▁▅▃▇█▃▄▂▆▃▇▆▆▆▁▄▅,False,False,False,0,0.0724436010963525,-0.025182062092755753,0.062364444557675425,-0.07540177026960448,UP,False,25,26.0,IGNORE,NONE,,GREEN,C,WATCHLIST,No standout factor,Technology Services,38.0
SARDAEN,497.6,500.9,502.55,496.15,True,False,False,False,False,False,1.4185013130566808,18.70035536,1.391040391423693,False,-0.25366610745820584,False,74.66,True,1.570863490994782,100.0,3.91,1,False,▂▂▃▄▅▃▁▅▄▁▃▄▁▃▃▃▃▅▄█,False,False,False,0,-0.006687294141131783,-0.02803008106260374,-0.016766450679808864,-0.07824978923945247,UP,False,24,26.0,IGNORE,SEED,DEL75% ▂▂▃▄▅▃▁▅▄▁▃▄▁▃▃▃▃▅▄█ P100 Z+3.9,GREEN,C,WATCHLIST,Delivery P100,Non-Energy Minerals,41.4
SAGCEM,173.01,173.5,175.87,172.41,True,False,False,False,False,False,0.3133654546926877,0.26780217900000003,0.30266549421020833,False,0.18682111917713723,False,67.07,True,1.2422785912075496,82.0,0.85,0,True,▆▆▄▅▄▄▅▇▆▃▁▁▆▆█▇█▆█▇,False,False,False,0,-0.04192047845830116,-0.029451363177381396,-0.05199963499697824,-0.07967107135423013,UP,False,24,26.0,IGNORE,NONE,,GREEN,C,WATCHLIST,CMF positive,Non-Energy Minerals,41.4
NMDC,84.92,85.9,86.0,84.9,True,True,False,True,False,True,0.5413784632811033,79.38376798,0.5442746300148974,False,-0.01153927690930201,False,51.58,False,0.9741633300596811,79.0,0.75,0,True,▆▅▆▂▃█▁▄▃▄▅▃▃▅▆▅▄▅▂▄,False,False,False,0,0.0,-0.034890328446414265,-0.010079156538677081,-0.085110036623263,UP,False,23,26.0,IGNORE,NONE,,GREEN,C,WATCHLIST,No standout factor,Non-Energy Minerals,41.4
CHAMBLFERT,450.7,459.75,461.6,449.8,True,False,False,False,False,False,0.6420582882330158,13.5083804,0.6446390939049451,False,-0.014425540646152092,False,59.05,True,1.227268003741037,94.0,1.34,0,True,▆▄▁▅▃▆▅▆▆▃▃▅▅▄▃▅▃▂▆█,False,False,False,0,-0.0067217630853995125,-0.03366209262435671,-0.016800919624076593,-0.08388180080120544,UP,False,23,26.0,IGNORE,SEED,,GREEN,C,WATCHLIST,Delivery P94,Process Industries,36.8
ACI,506.65,519.95,520.0,505.0,True,False,False,False,False,False,0.4882266925960088,10.767224469999999,0.44831259292584363,False,-0.11757213842617971,False,68.71,True,1.1864962873424276,97.0,2.35,0,True,▄▂█▂▂▂▁▃▂▂▂▃▃▄▃▃▂▅▃▅,False,False,False,0,-0.03943501753720746,-0.0354117087101381,-0.04951417407588454,-0.08563141688698683,UP,False,23,26.0,IGNORE,SEED,,GREEN,C,WATCHLIST,Delivery P97,Process Industries,36.8
ORIENTCEM,136.73,137.75,138.0,136.0,True,False,False,False,False,False,0.5394054367353238,1.8921654509999999,0.538390370035217,False,0.14265347965923678,False,55.5,True,1.1449436811486569,68.0,0.45,0,True,▆▃▃▆▄▄▅▇▄▁█▄▃▆▅▇▆▆█▇,False,False,False,0,-0.008843783979702757,-0.034051571882727116,-0.018922940518379838,-0.08427128005957585,UP,False,23,26.0,IGNORE,NONE,,GREEN,C,WATCHLIST,CMF positive,Non-Energy Minerals,41.4
SHRIRAMPPS,84.47,84.91,84.92,83.75,True,False,False,False,False,True,0.799517180425213,2.9513986940000003,0.778527500263744,False,-0.16392461202763844,False,74.41,True,1.4306451457850669,97.0,2.18,0,True,▂▄▂▅▂▂▂▅▅▄▁▃▄▆▅▅▅▃▆█,False,False,False,0,-0.06102712316585146,-0.052602063705697644,-0.07110627970452854,-0.10282177188254638,UP,False,19,26.0,IGNORE,SEED,,GREEN,C,WATCHLIST,Delivery P97,Finance,31.4
BOMDYEING,120.23,120.49,122.65,119.12,True,False,False,False,False,False,1.1286931226874841,5.9101821789999995,1.1074290838175744,False,-0.3770656619653292,False,54.73,True,1.1701945691682702,95.0,1.51,0,True,▄█▃▃▄▁▆▇▁▃▆▇▇▇▆█▅▅▃█,False,False,False,0,-0.058938634940513435,-0.05285961871750433,-0.06901779147919052,-0.10307932689435306,UP,False,18,26.0,IGNORE,SEED,,GREEN,C,WATCHLIST,Delivery P95,Process Industries,36.8
ITI,282.4,286.05,288.95,281.2,True,False,False,False,False,False,0.4786678210777057,6.15685656,0.4753600184389444,False,-0.33488764513116126,False,48.81,True,1.4265881424542226,100.0,2.08,0,True,▄▇▃▁▃▅▃▆▅▅▆▆▅█▄▅▇▇▄█,False,False,False,0,-0.02704565030146433,-0.059920106524633865,-0.03712480684014141,-0.1101398147014826,UP,False,17,26.0,IGNORE,SEED,,GREEN,C,WATCHLIST,Delivery P100,Communications,20.0
GODREJAGRO,542.85,548.25,548.8,541.4,True,False,False,False,False,False,0.8667179073257728,5.49396771,0.8341586676983053,False,-0.04373808794265997,False,60.2,True,1.1001260941868751,90.0,1.03,0,True,▅▅▆▂▆▆█▅▄▁▇▆▄▄▅█▇▆▁▆,False,False,False,0,-0.03433247353909086,-0.057879208608122235,-0.04441163007776794,-0.10809891678497097,UP,False,17,26.0,IGNORE,SEED,,GREEN,C,WATCHLIST,Delivery P90,Process Industries,36.8
ELECTCAST,71.98,72.3,73.49,71.16,True,False,False,False,False,False,3.098802877219562,20.332061036000002,3.037596096188677,False,-0.28417760516109597,False,40.38,False,0.7147218903491305,18.0,-0.85,0,True,▅█▄▆▆▆▄▆▅▄▃▄▅▅▄▃▄▃▅▁,False,False,False,0,-0.06846123980846375,-0.066770387657202,-0.07854039634714083,-0.11699009583405073,UP,False,15,26.0,IGNORE,DISTRIBUTION,,GREEN,C,WATCHLIST,No standout factor,Non-Energy Minerals,41.4
WAAREERTL,908.65,905.0,914.75,904.0,False,False,False,False,False,False,0.34472436339472806,6.8067880149999995,0.3263450268806448,False,-0.3155603393882197,False,48.61,True,1.0777314650585315,92.0,1.25,0,True,▆▅▆▇▂█▆▆▃▁▃▅▇▆▆▇███▇,False,False,False,0,-0.10592344780084617,-0.06709445585215612,-0.11600260433952325,-0.11731416402900485,UP,False,15,26.0,IGNORE,SEED,,GREEN,C,WATCHLIST,Delivery P92,Utilities,35.4
JAYNECOIND,92.37,92.7,93.24,91.07,True,True,True,True,False,False,0.626217347018873,33.916019409,0.652750664338796,False,-0.113784288461973,False,48.43,True,1.1076170110578738,79.0,0.79,0,False,▆██▆▆▇▁▅▅▅▆▄▆▆█▆▆▇▆▇,False,False,False,0,0.009728902492348146,-0.09742036349423489,-0.000350254046328935,-0.14764007167108362,UP,False,11,26.0,IGNORE,NONE,,GREEN,C,WATCHLIST,No standout factor,Non-Energy Minerals,41.4
SHARDACROP,814.05,817.95,823.65,809.0,True,False,False,False,False,False,1.2146951002958575,19.963110959999998,1.160498160373956,False,-0.37272228253336215,False,66.98,True,1.3076284835765533,100.0,2.33,0,True,▅▂▁▄▅▇▆▅▄▃▄▆▁▅█▅▇▆▅█,False,False,False,0,-0.1100847226018038,-0.10049723756906082,-0.12016387914048088,-0.15071694574590955,UP,False,10,26.0,IGNORE,SEED,,GREEN,C,WATCHLIST,Delivery P100,Distribution Services,33.3
FINCABLES,1024.65,1040.0,1040.0,1017.0,True,True,False,True,False,True,0.8297066850198719,18.664717005,0.8399962697943075,False,-0.07430894511472769,False,45.83,False,0.9407490275368714,40.0,-0.25,0,True,▁▅▆▄▆▆▅▄█▁▃▆▆▇▁▅▆▅▅▄,False,False,False,0,-0.028307254623044065,-0.09825750242013542,-0.038386411161721146,-0.14847721059698415,UP,False,10,26.0,IGNORE,NONE,,GREEN,C,WATCHLIST,No standout factor,Producer Manufacturing,37.9
KITEX,144.85,144.68,147.79,144.0,False,False,False,False,False,False,1.2733474143691648,6.09311525,1.2457818479076581,True,-0.2845661572932596,False,45.11,False,0.8615602051242872,69.0,0.42,0,True,▄█▁▂▄▂▇▆▂▂▂▄▆▆▄▅▂▅▆▂,False,True,False,0,-0.05542875774372347,-0.10298488976963094,-0.06550791428240055,-0.15320459794647967,UP,False,9,26.0,IGNORE,NONE,,GREEN,C,WATCHLIST,No standout factor,Process Industries,36.8
HBLENGINE,727.1,734.0,743.8,720.1,True,False,False,False,False,False,0.6868813338953716,39.857004440000004,0.6854269814603868,False,-0.0962880131121764,False,54.77,True,1.2220809067987595,99.0,2.27,0,True,▅█▅▆▄▄▆▇▄▅▅▇▃▄▁▄▄▅▅▇,False,False,False,0,-0.0505973754651694,-0.11609530756139075,-0.060676532003846484,-0.16631501573823948,UP,False,7,26.0,IGNORE,SEED,,GREEN,C,WATCHLIST,Delivery P99,Producer Manufacturing,37.9
KPIGREEN,370.7,374.05,375.6,370.0,True,False,False,False,False,False,1.3976257506567522,24.05201689,1.3165237861775525,False,-0.31869131019184666,False,56.74,True,1.1651522152061193,95.0,1.39,0,True,▆▇▅▃▄▁▅█▅▂▅█▆██▆▆▇▇█,False,False,False,0,-0.08378645575877419,-0.11937284713148832,-0.09386561229745127,-0.16959255530833706,UP,False,7,26.0,IGNORE,SEED,,GREEN,C,WATCHLIST,Delivery P95,Utilities,35.4
VIKRAMSOLR,164.34,163.0,168.54,155.38,True,False,False,False,False,False,4.87858582817265,171.64458432,4.271746204159156,False,-0.24443193605493754,False,38.3,False,0.7816486050735728,38.0,-0.22,0,True,▃▄▂▁▄▃▆▄▅▃▇▇▇▅▃▅▃▅█▂,False,False,False,0,-0.19183673469387752,-0.170837537840565,-0.2019158912325546,-0.22105724601741372,UP,False,3,26.0,IGNORE,DISTRIBUTION,,GREEN,C,WATCHLIST,No standout factor,Electronic Technology,34.1
BBL,2329.4,2354.9,2359.0,2310.1,True,False,False,False,False,False,0.6444964543961993,6.0168402,0.5956487819612262,False,-0.4456985935450405,False,65.5,True,1.198031935324566,93.0,1.56,0,True,▃▅▃▄▅▃▄▆▄▃▅▇▃▅▂▄▁█▅▆,False,False,False,0,-0.1547895500725689,-0.16341042953598617,-0.16486870661124597,-0.2136301377128349,UP,False,3,26.0,IGNORE,SEED,,GREEN,C,WATCHLIST,Delivery P93,Producer Manufacturing,37.9
VEDL,274.75,280.95,282.35,273.6,True,True,False,False,False,False,1.5345009736596997,491.198681925,1.592971651748126,False,-0.13974262190188558,False,51.47,True,1.0169725948904387,81.0,0.84,0,True,▅▅█▇▄▃▄▅▁▄▄▄▂▁▄▄▅▆▃▅,False,False,True,0,0.012529942878201528,-0.20339228761959982,0.0024507863395244467,-0.25361199579644855,UP,False,2,26.0,IGNORE,DISTRIBUTION,,GREEN,C,WATCHLIST,No standout factor,Non-Energy Minerals,41.4
TEMBO,60.95,63.75,64.0,60.55,True,False,False,False,False,False,15.198419791047996,14.123114580000001,1.6702036980649917,False,-0.4469750436476716,False,34.32,False,0.8103991782665675,16.0,-1.02,0,True,▅▄▂▃▇██▅▃█▂▂▆▅▆▆▅▁▃▄,False,False,False,0,-0.8923810364615521,-0.9021590817882655,-0.9024601930002292,-0.9523787899651143,UP,False,0,26.0,IGNORE,DISTRIBUTION,,GREEN,C,WATCHLIST,No standout factor,Producer Manufacturing,37.9
MBAPL,158.09,161.0,161.99,157.05,True,False,False,False,False,False,0.148830616583983,4.655149757999999,0.16022032990565901,False,0.13076015769538787,False,53.09,True,1.0536552449564864,79.0,0.73,0,True,▂▃▂▂▅▄▇▆▃▃▁▃▄▆▅▄▄█▄▅,False,False,False,0,0.20449523809523806,-0.7015480460638097,0.19441608155656098,-0.7517677542406584,UP,False,0,26.0,IGNORE,NONE,,GREEN,C,WATCHLIST,CMF positive,Process Industries,36.8
INDNIPPON,1166.0,1159.4,1190.0,1135.0,False,True,True,True,False,True,0.5629778310854364,4.0225834,0.5511039168403385,False,-0.0921322990073618,False,47.51,True,1.1205056544144525,39.0,-0.08,0,False,▂▂▄▃▁▅▄▇▄▆▆▆▆▆▅▃▇█▇▆,False,False,False,2,-0.0021394950791613354,0.265740338688667,-0.012218651617838416,0.21552063051181825,FLAT,True,86,25.0,IGNORE,NONE,,GREEN,C,WATCHLIST,No standout factor,Producer Manufacturing,37.9
MAHLIFE,386.55,386.4,396.4,384.0,False,True,True,True,False,True,0.241301319126345,4.0401046350000005,0.24631043473469885,False,-0.30521537896180295,False,44.96,False,0.8065803754832577,14.0,-0.83,0,False,▆▇▇▇█▆▇▆▁▅▇█▇▇▆▇▆▇▆▅,False,False,False,13,0.0201900237529693,0.16185752930568076,0.010110867214292218,0.11163782112883203,FLAT,True,72,25.0,IGNORE,NONE,,GREEN,C,WATCHLIST,No standout factor,Finance,31.4
PRESTIGE,1584.8,1577.0,1599.8,1565.8,False,False,True,True,False,True,0.6962471348107355,75.20953664,0.6670667328003544,False,-0.09992025605694799,False,55.47,True,1.14650076474722,74.0,0.61,0,False,▆▅▅▆█▃▃▆▂▆▇▂▆▁▆▆▃▂█▆,False,False,False,1,-0.08562197092084012,0.1574642126789365,-0.0957011274595172,0.10724450450208778,FLAT,True,71,25.0,IGNORE,NONE,,GREEN,C,WATCHLIST,No standout factor,Finance,31.4
PNCINFRA,224.38,238.0,238.5,222.0,True,False,False,False,False,False,2.5761545001990256,31.700810283999996,2.3659099204768133,False,-0.14214742390804339,False,47.69,False,0.9626953046146393,35.0,-0.15,0,False,▆▆▆▆▁▄▆▆▆▇▄▇▅▆█▇▇▇▅▅,False,False,False,10,-0.07613126363898381,0.09560546874999987,-0.0862104201776609,0.045385760573151135,FLAT,True,60,25.0,IGNORE,DISTRIBUTION,,GREEN,C,WATCHLIST,No standout factor,Industrial Services,34.6
KFINTECH,936.0,931.95,937.0,925.0,False,True,True,False,False,False,0.19471338286819145,27.683136,0.19575235065183444,False,0.30744563100629346,False,37.01,False,0.9917200353707226,29.0,-0.48,0,False,▄▇▅▇▅▅▆▅▇▄▁▃▄▅▄▄▄▅█▅,False,False,False,2,0.03873044057263342,0.09122704750801525,0.028651284033956337,0.041007339331166515,FLAT,True,59,25.0,IGNORE,NONE,,GREEN,C,WATCHLIST,CMF positive,Technology Services,38.0
SWSOLAR,204.93,206.0,207.0,204.5,True,False,False,False,False,False,0.2548695226067054,9.60834798,0.23781468759246852,False,-0.4434310369999603,False,53.26,True,1.3533567108807236,98.0,1.71,0,True,▄▄▅▂▁▄▅▅▅▃▄▅▇▇▇▆█▆▇█,False,False,False,0,-0.13367152821813566,0.09249386928243952,-0.14375068475681274,0.04227416110559079,FLAT,True,59,25.0,IGNORE,SEED,,GREEN,C,WATCHLIST,Delivery P98,Industrial Services,34.6
CERA,6062.0,6300.0,6348.0,5962.0,True,False,False,True,False,True,6.773904251612277,35.9434166,6.638968180432763,False,-0.3178864056390703,False,16.6,False,0.3598330894705468,0.0,-2.89,0,False,▆▆▂▆▆▇▆▇█▇▇▃▇▆▅▇▆▇▅▁,False,True,True,0,-0.039835273620020595,0.08940605624943831,-0.049914430158697676,0.03918634807258958,FLAT,True,58,25.0,IGNORE,DISTRIBUTION,,GREEN,C,WATCHLIST,No standout factor,Consumer Durables,38.4
BFINVEST,469.55,470.6,479.7,461.05,True,True,True,True,False,True,0.09674641782669374,1.9222437900000002,0.08905421606555061,False,-0.172468589237751,False,44.7,True,1.0289107816959764,26.0,-0.61,0,False,▁▄▆▅▅▇▅▅▅▄▇▆▆█▆▅▇▆▇▆,False,False,False,1,-0.03632632119035395,0.08906413081294229,-0.04640547772903103,0.038844422636093556,FLAT,True,58,25.0,IGNORE,NONE,,GREEN,C,WATCHLIST,No standout factor,Finance,31.4
SANOFI,3349.4,3343.0,3352.9,3320.2,True,False,False,False,False,False,0.8227131900406537,8.54733386,0.814259253774429,False,-0.01885464000674345,False,69.19,True,1.178283748573764,91.0,1.35,0,True,█▆▃▆▄▅▄▅▇▁▆▄█▅▃▅▃▄▆▇,False,False,False,0,-0.01543255239718977,0.08146330438151828,-0.02551170893586685,0.031243596204669544,FLAT,True,56,25.0,IGNORE,SEED,,GREEN,C,WATCHLIST,Delivery P91,Health Technology,33.0
BAJAJHFL,85.79,86.55,86.55,85.61,True,False,False,False,False,False,0.6891485790376247,18.608837585000003,0.6827906055753694,False,-0.09889685108837447,True,57.92,True,1.1144676839006369,70.0,0.57,0,True,▂▄▄▆▆▇▇█▅▄▇▄▄▃▂▄▁▆█▇,False,False,False,0,-0.025888497785852005,0.010601955471787106,-0.035967654324529086,-0.039617752705061626,UP,False,37,25.0,IGNORE,NONE,,GREEN,C,WATCHLIST,No standout factor,Finance,31.4
SPARC,213.21,216.99,217.03,211.0,True,False,False,True,False,False,0.4257902164165024,12.926261349,0.39511873761375443,False,-0.3990906884072856,True,47.33,True,1.1224151014987669,75.0,0.56,0,True,▅▅▄▄▁▅▄▄▁▂▆▅▅▆█▅█▆▇▆,False,False,False,0,-0.19421768707483,0.005185988402244046,-0.20429684361350708,-0.045033719774604686,FLAT,False,35,25.0,IGNORE,NONE,,GREEN,C,WATCHLIST,No standout factor,Health Technology,33.0
RCF,126.92,127.6,128.28,126.71,True,False,False,False,False,False,0.6511843084532984,6.3098531840000005,0.6456299069014592,False,-0.20100152994426784,True,42.23,True,1.1743114163758464,81.0,0.86,0,True,▅█▁▆▆▅▆▆▅▂▄▃▅▇▅▆▇▅▅▇,False,False,False,0,-0.034094368340943704,-0.012065073558029105,-0.044173524879620785,-0.06228478173487784,UP,False,30,25.0,IGNORE,NONE,,GREEN,C,WATCHLIST,No standout factor,Process Industries,36.8
GSFC,161.22,162.71,162.71,160.2,True,True,False,False,False,False,0.5976866828932038,4.117462068,0.6044220171003282,False,-0.2642867488563763,True,55.06,True,1.1156137293836366,83.0,0.98,0,True,▄▆▂▁▅▂█▆▅▄▅▃▃▃▇▅▄▆▃▆,False,False,False,0,0.001988812927284034,-0.011587272392863834,-0.008090343611393047,-0.061806980569712566,UP,False,30,25.0,IGNORE,NONE,,GREEN,C,WATCHLIST,No standout factor,Process Industries,36.8
CANFINHOME,811.3,808.25,814.5,804.95,False,False,False,False,False,True,0.44617493044847667,9.24711627,0.4291038982752157,False,-0.26588491164240274,True,66.07,True,1.1229805641247905,86.0,0.98,0,True,▁▅▄▄█▁▅▆▅▅▄▄█▅▆██▇▄▇,False,False,False,1,-0.1195876288659794,-0.02211776050141634,-0.12966678540465648,-0.07233746867826507,FLAT,False,26,25.0,IGNORE,SEED,,GREEN,C,WATCHLIST,No standout factor,Finance,31.4
PURVA,212.37,210.99,213.79,209.12,False,False,False,False,False,False,0.10238476656516807,2.079866832,0.08981335137886144,False,0.13896180737166053,True,52.77,True,1.2879527482182958,83.0,0.83,0,False,▁▃▄▆▆▇▆▇▆▄▇▆█▆██▇▆▇█,False,False,False,1,-0.05217352494867444,-0.030362523970413724,-0.062252681487351524,-0.08058223214726246,UP,False,24,25.0,IGNORE,NONE,,GREEN,C,WATCHLIST,CMF positive,Finance,31.4
KEC,478.85,475.0,480.45,472.1,False,False,False,False,False,False,0.5869601645021536,27.96953273,0.5770569044184162,False,-0.21572170408769278,True,54.02,True,1.0672198350372895,83.0,0.83,0,True,▆▇▁▆▆▇▅▇▇▇█▆▆▇▇▆▇▆▇▇,False,False,False,0,-0.05150044567693379,-0.0416291403982787,-0.061579602215610874,-0.09184884857512743,UP,False,21,25.0,IGNORE,NONE,,GREEN,C,WATCHLIST,No standout factor,Industrial Services,34.6
EPIGRAL,1101.2,1095.8,1112.0,1092.7,False,False,False,False,False,False,0.10457122187936904,1.913335,0.10304902083324627,False,0.15468425138135705,True,45.63,True,1.0204172909631684,21.0,-0.72,0,False,▁▅▅▄▅▅▂▅▄▃▁▃▆▅▅▅▇▆█▅,False,False,False,0,0.12643207855973815,-0.05142561805495738,0.11635292202106107,-0.10164532623180611,UP,False,19,25.0,IGNORE,NONE,,GREEN,C,WATCHLIST,CMF positive,Process Industries,36.8
STARCEMENT,201.96,203.34,204.49,196.5,True,False,False,False,False,False,4.197457334957918,13.991364684,4.121780072252428,False,-0.038770993294620845,True,28.61,False,0.4747917288990673,2.0,-2.15,0,False,▅▆▅▅▅▃▅▆▅▆▇▆▆██▆▇▆▇▁,False,False,False,0,-0.01607717041800638,-0.07336545079146584,-0.026156326956683462,-0.12358515896831457,UP,False,15,25.0,IGNORE,NONE,,GREEN,C,WATCHLIST,No standout factor,Non-Energy Minerals,41.4
PRECAM,143.29,143.87,145.27,143.0,True,True,False,False,False,False,0.5115585451015341,0.8977834949999999,0.5146189105762784,False,-0.339736302679883,True,55.45,True,1.258939720740152,95.0,1.53,0,False,▇▇█▅▆▄▅▅▆▄▁▇▅▂▄▅▄▃▆▇,False,False,False,0,-0.02297831719623622,-0.06888036909480799,-0.0330574737349133,-0.11910007727165672,UP,False,15,25.0,IGNORE,SEED,,GREEN,C,WATCHLIST,Delivery P95,Producer Manufacturing,37.9
TIINDIA,2772.0,2754.9,2783.0,2742.2,False,False,False,False,False,False,0.5193443531999811,39.4616376,0.5141303053201174,False,-0.2122317024401368,True,50.91,True,1.0411894633507852,44.0,-0.11,0,True,▆▁▁▂▄▅▅▂▇▆▄▄▆▆▆▄▅▃█▅,False,False,False,0,-0.06300703082747439,-0.11759088304577581,-0.07308618736615147,-0.16781059122262454,UP,False,7,25.0,IGNORE,NONE,,GREEN,C,WATCHLIST,No standout factor,Non-Energy Minerals,41.4
APEX,376.75,375.45,378.9,370.95,False,False,False,True,False,False,0.45807558168547863,1.867512075,0.4347485786360474,False,-0.16447933798081224,True,43.26,True,1.038443534932847,84.0,1.09,0,True,▁▄▁▁▄▃▅▅▆▆▆█▆▇█▇▅▅▇▅,False,False,False,0,-0.035211267605633756,-0.1162326999765424,-0.04529042414431084,-0.16645240815339113,UP,False,7,25.0,IGNORE,NONE,,GREEN,C,WATCHLIST,No standout factor,Consumer Non-Durables,39.6
AVANTIFEED,906.55,885.3,909.85,881.05,False,False,False,False,False,False,0.6810331957919025,36.475673834999995,0.6345704322228105,False,-0.060731091802117027,True,43.39,True,1.0526060429630169,86.0,1.06,0,True,▂▅▁▁▃▂▃▂▄▁▃▅▇▇▅▅▃█▅▄,False,False,False,0,-0.01968099486347663,-0.2468012628780325,-0.02976015140215371,-0.29702097105488123,UP,False,1,25.0,IGNORE,SEED,,GREEN,C,WATCHLIST,No standout factor,Process Industries,36.8
URBANCO,143.74,142.95,145.3,141.75,False,True,True,True,False,False,0.34415727965828047,39.571104536,0.3459932317762134,False,-0.04961498695356406,True,41.22,False,0.9720437207437713,51.0,0.13,0,False,▆▄▄▆▇▆▅█▆▆▇▆▆▆▆▁▁▂▄▅,False,False,False,1,0.07848139255702291,0.1643580396921831,0.06840223601834583,0.11413833151533437,FLAT,True,73,24.0,IGNORE,NONE,,GREEN,C,WATCHLIST,No standout factor,Technology Services,38.0
LICI,424.45,423.1,425.65,420.3,False,False,False,False,False,False,0.5812645675503235,54.940765555,0.5699102418803228,False,-0.15266738802078686,True,56.35,True,1.0990511297699501,79.0,0.77,0,True,▃▅▃▄▇▂▄▃▄▁▂▅▄▄▅▄▂██▅,False,False,False,0,-0.013480534572922753,0.08513358046785124,-0.023559691111599834,0.03491387229100251,FLAT,True,57,24.0,IGNORE,NONE,,GREEN,C,WATCHLIST,No standout factor,Finance,31.4
LTF,308.0,316.65,316.9,305.6,True,False,True,True,False,True,0.7440119398400672,148.2269404,0.7290491121537299,False,-0.0826630745211927,True,35.14,False,0.8744012441679627,21.0,-0.83,0,False,▁▄▃▅▂▇▅▄▄▃▄▅█▇▆▆▇█▇▄,False,False,False,0,-0.04124513618677039,0.07466852756454978,-0.05132429272544747,0.02444881938770105,FLAT,True,54,24.0,IGNORE,NONE,,GREEN,C,WATCHLIST,No standout factor,Finance,31.4
IKS,1737.7,1755.0,1769.7,1686.4,True,False,False,True,False,True,2.1673165836514183,53.423327490000005,2.0466168088115366,False,-0.20046294752139823,False,40.33,False,0.7835860769208352,7.0,-1.38,0,False,▄▃▄▇▅██▄▃▅▅▃▄▇▅▆█▆▂▁,False,False,False,2,-0.09875006483066229,0.03706135115779441,-0.10882922136933937,-0.013158357019054323,FLAT,False,44,24.0,IGNORE,DISTRIBUTION,,GREEN,C,WATCHLIST,No standout factor,Commercial Services,35.1
AWL,197.5,198.0,201.5,195.06,False,True,True,False,True,False,1.0439497088901766,62.5523975,1.0807348014482188,True,-0.1567636720542584,False,38.37,False,0.7630961377829044,11.0,-1.24,0,False,█▇▆█▅▆▄▆▅▆▅▆█▇▁▅▅▆▅▄,False,False,False,0,0.03947368421052633,0.027041081643265574,0.029394527671849247,-0.023178626533583158,UP,False,42,24.0,IGNORE,NONE,,GREEN,C,WATCHLIST,No standout factor,Process Industries,36.8
KSL,848.4,882.25,893.95,830.0,True,False,False,True,False,True,2.997007797199997,10.47757032,2.753271211770527,False,-0.2558570421470447,False,39.16,False,0.8066243717557879,9.0,-1.37,0,False,▄▁▄▅▂▄█▅▂▃▃▇▅█▇▆▆█▆▃,False,False,False,1,-0.11551292743953301,0.026807866868381103,-0.1255920839782101,-0.02341184130846763,FLAT,False,42,24.0,IGNORE,DISTRIBUTION,,GREEN,C,WATCHLIST,No standout factor,Non-Energy Minerals,41.4
NSIL,5655.0,5700.0,5750.0,5617.5,True,True,True,False,False,False,0.9671071127354512,1.069926,0.9879446123453426,False,-0.016991488860789373,False,75.53,True,1.175024696831805,97.0,1.61,0,False,▄▄▁▅▅▃▅▃▁▂▆▆▃▇█▆▄▇▃▆,False,False,False,2,0.034009873834339066,0.009460906818993253,0.023930717295661985,-0.04075880135785548,UP,False,37,24.0,IGNORE,SEED,,GREEN,C,WATCHLIST,Delivery P97,Finance,31.4
NOCIL,168.65,171.3,171.8,168.0,True,True,False,True,False,True,0.2528822885630366,4.850255945000001,0.24894988847298746,False,-0.25491636653816246,False,51.94,True,1.1769504429992521,54.0,0.21,0,True,█▆▇▅▆▄▄▆▆▆▇▇▅▇▆▁▃▄▅▇,False,False,False,0,-0.038702690378476956,0.0030928448224589733,-0.04878184691715404,-0.04712686335438976,FLAT,False,35,24.0,IGNORE,NONE,,GREEN,C,WATCHLIST,No standout factor,Process Industries,36.8
NH,1885.1,1885.0,1900.0,1865.7,False,False,False,True,False,True,0.7518178871757947,44.01218374,0.7193016666598089,False,-0.14493067043925353,False,53.78,False,0.9161683787329007,50.0,0.03,0,True,▃▂▂▄▄▃▂▁▃▃▂▁▂▄▃▃▆▃█▂,False,False,False,9,-0.07014255413604309,-0.0046990496304119,-0.08022171067472017,-0.05491875780726063,FLAT,False,33,24.0,IGNORE,NONE,,GREEN,C,WATCHLIST,No standout factor,Health Services,41.4
DCAL,193.04,194.3,196.97,191.65,True,True,True,False,False,False,0.6099746526062207,2.416551936,0.6168093632053417,False,-0.07985917093521624,False,55.19,True,1.0467321625004742,65.0,0.44,0,True,▆▅▁▆▇▅▅▄▄▄▃▄▅▆▃▅▄▅█▆,False,False,False,0,-0.01434771508807764,-0.008525937339496692,-0.02442687162675472,-0.058745645516345424,UP,False,31,24.0,IGNORE,NONE,,GREEN,C,WATCHLIST,No standout factor,Health Technology,33.0
HEMIPROP,138.04,137.5,138.79,137.5,False,True,True,False,False,False,0.3686505922635916,1.6485012879999998,0.36965937570099966,False,-0.08287053348377184,False,54.79,True,1.0245142953308775,74.0,0.6,0,True,▃█▅▃▃▆▄▇▅▄▅▄▁▄█▁▄▃▅▅,False,False,False,0,-0.006406103793277329,-0.012377477284109761,-0.01648526033195441,-0.0625971854609585,UP,False,30,24.0,IGNORE,NONE,,GREEN,C,WATCHLIST,No standout factor,Finance,31.4
AMBUJACEM,436.35,447.5,447.5,436.0,True,True,True,False,False,False,1.5594823771381567,166.544889855,1.5660594859999628,False,-0.04308971009008987,False,52.61,True,1.234744648892227,60.0,0.2,0,False,▄▄▅▃▄▁▂▃▃▁▂▁▃▅▆▇█▅▇▆,False,False,True,0,0.019152166296858786,-0.02968645763842559,0.009073009758181705,-0.07990616581527432,UP,False,24,24.0,IGNORE,DISTRIBUTION,,GREEN,C,WATCHLIST,No standout factor,Non-Energy Minerals,41.4
INDOSTAR,229.5,231.6,234.45,225.65,True,False,False,False,False,False,0.5050215056414881,1.97413605,0.4408289945348298,False,-0.1256202566895227,False,70.3,True,1.254696186830152,93.0,1.45,0,True,▅▆▆▇▄▅▇▇▄▅▄▇▁▅▆▆▇███,False,False,False,8,-0.14858096828046752,-0.029064602106866344,-0.1586601248191446,-0.07928431028371508,FLAT,False,24,24.0,IGNORE,SEED,,GREEN,C,WATCHLIST,Delivery P93,Finance,31.4
IRCON,131.25,131.4,133.19,131.0,True,True,False,False,False,False,0.7950690382551446,12.3069975,0.8051021229416181,False,-0.014497025541952301,False,39.23,True,1.0592396587104438,80.0,0.91,0,True,▄▇▁▂▅▁▆█▅▃▄█▁█▇▃▄▄▅▅,False,False,False,0,-0.0008373934226554303,-0.041271000730460194,-0.010916549961332511,-0.09149070890730893,UP,False,21,24.0,IGNORE,NONE,,GREEN,C,WATCHLIST,No standout factor,Industrial Services,34.6
AJAXENGG,565.4,568.05,569.45,555.0,True,False,False,True,False,False,0.8127876163942054,4.0493948,0.7785214988973818,False,0.1598646942816541,False,47.27,False,0.9100535212352241,17.0,-0.83,0,False,▂▁▃▄▄▃▁▃▃▄▃▆▄▄▆▄▆▃█▃,False,False,False,5,0.03705062362435796,-0.0416949152542373,0.026971467085680878,-0.09191462343108603,UP,False,21,24.0,IGNORE,NONE,,GREEN,C,WATCHLIST,CMF positive,Producer Manufacturing,37.9
GICRE,357.2,358.95,359.55,356.25,True,False,False,False,False,True,0.6338267151370901,10.71453548,0.6262529256043977,False,-0.21965782552516644,False,63.53,True,1.1384590572275932,88.0,1.12,0,True,▅▇▇▁▄▇▄▄▇▄▄▆▄▇▇▅█▂▃▇,False,False,False,0,-0.021369863013698698,-0.06308196721311476,-0.03144901955237578,-0.1133016753899635,UP,False,16,24.0,IGNORE,SEED,,GREEN,C,WATCHLIST,No standout factor,Finance,31.4
HINDALCO,1025.35,1044.0,1044.0,1016.0,True,True,True,True,False,True,1.2811767128640084,631.2653404399999,1.3541011872927229,False,-0.03183420016070667,False,45.3,False,0.7899210950782509,15.0,-1.02,0,False,▅▁▆▅▄▄▆▅▄█▅▅▃▄▅▅▃▁▂▁,False,False,False,0,0.06424827443043224,-0.07107265809023378,0.05416911789175516,-0.12129236626708251,UP,False,15,24.0,IGNORE,NONE,,GREEN,C,WATCHLIST,No standout factor,Non-Energy Minerals,41.4
FEDFINA,149.59,153.0,153.0,148.83,True,False,False,True,False,False,0.36199777943291955,12.001680495,0.3402581676138199,False,-0.2253415909099073,False,57.82,True,1.2309985096870344,91.0,1.04,0,False,▆▆▁▃▅▅▅▆▆▅▆▇▆▆▆██▇▇█,False,False,False,1,-0.06118990837203464,-0.0748345599604181,-0.07126906491071172,-0.12505426813726683,UP,False,14,24.0,IGNORE,SEED,,GREEN,C,WATCHLIST,Delivery P91,Finance,31.4
AVANTEL,163.43,164.44,167.0,162.75,True,False,False,True,False,False,0.262838628493101,11.437043859000001,0.24204682828145935,False,-0.5420304849688481,False,40.89,True,1.0315988647114473,72.0,0.59,0,True,▁▅▇▆▆▃▅▆▄▄▄█▅▆▅▇▇▅▆▆,False,False,False,1,-0.09301293079527162,-0.07864471755553049,-0.1030920873339487,-0.12886442573237922,UP,False,14,24.0,IGNORE,NONE,,GREEN,C,WATCHLIST,No standout factor,Electronic Technology,34.1
TATACONSUM,1088.0,1102.0,1102.0,1086.0,True,False,False,False,False,True,0.896487308131654,139.7959232,0.8904491101829678,False,-0.08313353679894432,False,62.64,True,1.0910420984794384,78.0,0.75,0,True,▆▅▄▅▃▄▆▁▃▂▁▄▃▆▆█▅▆▆▆,False,False,False,0,-0.016897081413210446,-0.08386662175816761,-0.026976237951887527,-0.13408632993501635,UP,False,13,24.0,IGNORE,NONE,,GREEN,C,WATCHLIST,No standout factor,Consumer Non-Durables,39.6
GOLDIAM,372.9,379.9,398.0,359.65,True,True,False,False,False,False,5.209727833017997,277.08461286,5.299240778774999,False,-0.1440924394339104,False,21.13,False,0.5698643436985895,4.0,-1.98,0,False,▁▄▄▄▇▄▅▇▅▄▄▅▅▅▇█▅█▆▂,False,False,False,0,-0.013492063492063555,-0.08804108584005865,-0.023571220030740636,-0.13826079401690738,UP,False,12,24.0,IGNORE,DISTRIBUTION,,GREEN,C,WATCHLIST,No standout factor,Consumer Durables,38.4
WALCHANNAG,230.74,231.0,233.3,227.82,True,False,False,True,False,False,0.37709146181087705,7.448333348,0.35512592640321766,False,-0.2464413808016429,False,47.1,True,1.1581729882584373,71.0,0.48,0,True,▃▆▄▄▁▄▅▅▆▄▇█▇▁▄▆▅▆▅▆,False,False,False,0,-0.11593869731800766,-0.08928007578149666,-0.12601785385668474,-0.1394997839583454,UP,False,12,24.0,IGNORE,NONE,,GREEN,C,WATCHLIST,No standout factor,Producer Manufacturing,37.9
NTPCGREEN,91.5,91.34,91.93,90.9,False,False,False,False,False,False,0.20540921988048358,17.76400215,0.19713445921909262,False,0.0059348431572844975,True,51.65,True,1.0486670862688567,54.0,0.24,0,False,▆▅█▅█▆▅▇▁▂▅▆▇▇▇█▆▆▆▆,False,False,False,0,-0.02763018065887346,-0.11611282843894899,-0.03770933719755054,-0.16633253661579772,UP,False,7,24.0,IGNORE,NONE,,GREEN,C,WATCHLIST,CMF positive,Utilities,35.4
WHEELS,1386.8,1402.0,1418.0,1380.0,True,False,False,True,False,False,0.440501888033651,5.1817782,0.4222558676758497,False,-0.1929914189741352,False,58.92,True,1.2459293719602453,77.0,0.82,0,True,▃▄▃▃▄▃▄▄▃▁▃▂▄▃▆▃▆▄█▅,False,False,False,0,-0.083471019760756,-0.11993907856326946,-0.09355017629943307,-0.1701587867401182,UP,False,6,24.0,IGNORE,NONE,,GREEN,C,WATCHLIST,No standout factor,Producer Manufacturing,37.9
MUTHOOTFIN,2891.0,2933.0,2959.4,2881.2,True,False,False,False,False,False,1.0458272904674057,360.192581,1.0184137578071952,False,0.12539783387593825,False,57.41,True,1.2114881404574998,89.0,1.14,0,False,▅▃▄▆▄▅▁▃▃▄▆▆▆█▆▃▃▄▅▇,False,False,False,0,-0.054425328710669185,-0.13222272249737355,-0.06450448524934627,-0.18244243067422228,UP,False,5,24.0,IGNORE,SEED,,GREEN,C,WATCHLIST,CMF positive,Finance,31.4
WAAREEENER,2717.0,2663.9,2730.0,2656.9,False,False,False,False,False,False,0.8306941894384448,211.0598204,0.8312861040491782,False,0.08163225000134611,False,42.81,True,1.09666594085023,89.0,1.29,0,False,▆▆▇▅▄▁█▄▃▅▆▅▂▂▃▅▆▆█▆,False,False,False,0,-0.07044373738410481,-0.13493377483443714,-0.08052289392278189,-0.18515348301128587,UP,False,5,24.0,IGNORE,SEED,,GREEN,C,WATCHLIST,CMF positive,Electronic Technology,34.1
ATGL,657.55,656.05,663.6,655.55,True,False,False,True,False,False,0.3082050933772362,28.094875829999996,0.29091630800785606,False,-0.3412987860929795,False,37.42,True,1.345704319056353,78.0,0.86,0,True,▃▁▆▅▄▄▄▃▃▄▅█▄▅▄▂▄█▇▇,False,False,False,0,-0.09165630611962983,-0.14968317599896552,-0.10173546265830691,-0.19990288417581425,UP,False,4,24.0,IGNORE,NONE,,GREEN,C,WATCHLIST,No standout factor,Utilities,35.4
SDBL,73.33,74.7,74.7,73.0,True,True,False,False,False,False,0.11186304999102338,2.3420942030000003,0.10981436876101551,False,0.2222164477325068,False,49.6,True,1.2021473842387813,44.0,-0.02,0,False,▇▆▇▇█▁▂▂▃▄▅▆▅▆▅▆▇▄▆▆,False,False,False,0,0.08878990348923543,-0.13992493549143803,0.07871074695055835,-0.19014464366828676,UP,False,4,24.0,IGNORE,NONE,,GREEN,C,WATCHLIST,CMF positive,Consumer Non-Durables,39.6
ANANDRATHI,2101.5,2081.5,2107.0,2061.0,False,True,False,False,False,False,0.7070687328173192,42.57365805,0.7100524693103479,False,-0.005018708402521351,False,58.74,True,1.1285085781253001,69.0,0.49,0,True,▂▆▁▃▄▄▄▄▄▄▃▅▄▃▄▅▆▅█▆,False,False,False,0,-0.021101173840134213,-0.3909931318283246,-0.031180330378811294,-0.44121284000517336,UP,False,1,24.0,IGNORE,NONE,,GREEN,C,WATCHLIST,No standout factor,Finance,31.4
KRISHANA,178.67,179.41,182.0,177.56,True,False,False,False,False,False,0.1561013748428564,5.208963047,0.1708423156095053,False,0.2535182065549101,False,51.73,True,1.0979401683097918,42.0,-0.19,0,False,▁▇▅▇▆█▆█▇▅▆▄▃▂▂▄▃▅▃▆,False,False,False,0,0.27439372325249645,-0.7325699745547074,0.26431456671381937,-0.7827896827315561,UP,False,0,24.0,IGNORE,NONE,,GREEN,C,WATCHLIST,CMF positive,Process Industries,36.8
JAYBARMARU,139.32,143.15,144.0,139.32,True,False,False,True,False,False,1.776933128227434,18.907214724,1.424455291217199,False,-0.2928266322769606,False,53.65,False,0.9973694728721081,60.0,0.35,0,True,▅▁▂▂▃▁▃▂▃▁▄▂▃▂▃▃▃██▃,False,False,False,2,-0.2580284390477713,0.2435954655003123,-0.26810759558644837,0.19337575732346357,FLAT,True,84,23.0,IGNORE,DISTRIBUTION,,GREEN,C,WATCHLIST,No standout factor,Distribution Services,33.3
UTLSOLAR,387.75,412.0,412.6,386.0,True,True,True,True,False,True,0.5742195068122502,10.32570495,0.5848098381532612,False,-0.04888654666692829,False,45.83,False,0.9026717745191692,22.0,-0.65,0,False,▅▃▁▅▆▅▅▆▅▄██▇▄▆▅▆▅▅▄,False,False,False,2,0.013195714659001823,0.23960997442455234,0.0031165581203247417,0.1893902662477036,FLAT,True,84,23.0,IGNORE,NONE,,GREEN,C,WATCHLIST,No standout factor,Electronic Technology,34.1
GREENPLY,286.35,286.85,290.95,284.0,True,False,False,True,False,True,0.2006690114423124,1.66936323,0.1905678756348151,False,-0.37263981345467917,False,52.25,False,0.9816354328119863,60.0,0.26,0,True,▅▄▃▄▇▄▅▅▄▁▃▄▄▃▄▃▆█▇▄,False,False,False,6,-0.09597474348855561,0.1541717049576785,-0.1060539000272327,0.10395199678082978,FLAT,True,71,23.0,IGNORE,NONE,,GREEN,C,WATCHLIST,No standout factor,Producer Manufacturing,37.9
BALAMINES,2029.6,2109.0,2109.0,2022.8,True,False,False,True,False,False,0.41396557447791155,22.448999679999996,0.37519329881230673,False,-0.28948699985147525,False,38.34,True,1.1525454299499485,41.0,-0.11,0,True,▃▃▂▁▆▂▅▃▅▅▃▁▂▂█▇▄▆▅▅,False,False,False,1,-0.15955112012919792,0.14305023653976123,-0.169630276667875,0.0928305283629125,FLAT,True,69,23.0,IGNORE,NONE,,GREEN,C,WATCHLIST,No standout factor,Process Industries,36.8
AARTIPHARM,685.85,691.0,706.0,683.0,True,True,False,False,False,False,1.2931049989459167,12.3260962,1.2856791489184272,False,-0.2680687738334961,False,49.96,True,1.0121350864042462,52.0,0.13,0,True,▆▁▂▃▂▂▂▅▃▁▅▄█▇▄▃▅▇▅▄,False,False,False,0,-0.033265205440834444,0.08306356099486778,-0.043344361979511525,0.03284385281801905,FLAT,True,57,23.0,IGNORE,NONE,,GREEN,C,WATCHLIST,No standout factor,Health Technology,33.0
VENKEYS,1573.4,1561.1,1596.9,1560.0,False,True,True,True,False,True,0.45843699099697743,3.5604468600000003,0.47359395567007573,False,-0.06549947720726138,False,45.57,False,0.9132356035631619,49.0,0.08,0,False,▃▂▄▁▅▆▃▃▁▅▆▂██▆▇▄▇▇▃,False,False,False,1,0.05902941374436299,0.08211829436038531,0.04895025720568591,0.03189858618353658,UP,True,56,23.0,IGNORE,NONE,,GREEN,C,WATCHLIST,No standout factor,Process Industries,36.8
CDSL,1328.0,1331.0,1334.4,1324.1,True,False,True,False,False,False,0.31024379880491204,75.7489872,0.2966817595040228,False,-0.1751932736297529,False,41.3,True,1.1697894095820762,77.0,0.81,0,False,▃▄▂▅▁▄▇▅▂▃▆▄▅▄▆█▂▆▇▆,False,False,False,3,-0.07256093302604938,0.06700948095773751,-0.08264008956472646,0.01678977278088878,FLAT,True,53,23.0,IGNORE,NONE,,GREEN,C,WATCHLIST,No standout factor,Finance,31.4
CHOLAHLDNG,1628.0,1655.8,1658.0,1617.8,True,True,True,False,False,False,0.7154917140529966,26.7783208,0.7465672515670424,False,-0.11934241557229745,True,62.44,False,0.9662344093342824,71.0,0.5,0,True,▂▂▅▃▄▁▅▃▄▂▂█▅▇▄▃▄▃▂▃,False,False,False,0,-0.014587494703710346,0.029077117572692712,-0.024666651242387427,-0.02114259060415602,FLAT,False,42,23.0,IGNORE,NONE,,GREEN,C,WATCHLIST,No standout factor,Finance,31.4
VINCOFE,148.24,150.9,151.88,146.77,True,False,False,True,False,True,0.8688478810451477,27.903689568,0.8211976418156127,False,-0.23762692586821968,True,38.81,True,1.1087304308079076,86.0,1.04,0,False,▄▄▂▂▁▃▃▃▅▃▇▅▂█▂▅▃▃▆▅,False,False,False,2,-0.08238935314144225,0.02319160684704591,-0.09246850968011933,-0.027028101329802823,FLAT,False,41,23.0,IGNORE,SEED,,GREEN,C,WATCHLIST,No standout factor,Distribution Services,33.3
DBCORP,210.41,211.18,213.0,209.57,True,True,True,False,False,False,0.16335261927699085,1.59196206,0.16373238954882408,False,-0.30529291380933654,True,50.11,True,1.0922684569610046,35.0,-0.24,0,False,▅▄▅▁▄▆▆▅▃▅▆▅█▇▇▅▇█▇▆,False,False,False,0,0.03375257934558329,0.024291695063771934,0.023673422806906208,-0.025928013113076798,UP,False,41,23.0,IGNORE,NONE,,GREEN,C,WATCHLIST,No standout factor,Consumer Services,35.0
ICICIAMC,3119.9,3052.0,3129.6,3052.0,False,False,False,True,False,True,0.34933895046945096,46.58572282,0.3451579525818983,False,-0.06776042622338209,True,64.0,True,1.0650070307104764,74.0,0.63,0,False,▇▁▂▅▅▅▇▇▆▅▆▅▅▆▅██▆▆▆,False,False,False,0,-0.0644416456759026,-0.0055778670236501515,-0.07452080221457968,-0.05579757520049888,FLAT,False,32,23.0,IGNORE,NONE,,GREEN,C,WATCHLIST,No standout factor,Finance,31.4
MMTC,63.98,64.2,65.09,63.75,True,True,False,False,False,False,0.6919935121181182,6.437961908,0.7001500403111517,False,-0.16934382824765146,True,36.55,False,0.9635155796910423,74.0,0.6,0,True,▂▃▁▂▄▂▃▅▁▆▅▇▇█▃▅▅▄▃▃,False,False,False,0,-0.017204301075268824,-0.013871763255240421,-0.027283457613945905,-0.06409147143208915,UP,False,29,23.0,IGNORE,NONE,,GREEN,C,WATCHLIST,No standout factor,Distribution Services,33.3
ITC,285.1,285.45,286.35,283.7,True,True,False,False,False,False,0.736721841742638,339.97416634,0.7416149397791634,False,-0.08161238993161947,True,60.97,True,1.1130787206075654,50.0,-0.01,0,False,█▆▃▄▆▆▄▆▅▇▇▄▅▅▅▁▂▆▅▆,False,False,False,0,0.010813685516752436,-0.029116294908904994,0.000734528978075355,-0.07933600308575373,UP,False,24,23.0,IGNORE,NONE,,GREEN,C,WATCHLIST,No standout factor,Consumer Non-Durables,39.6
ABSLAMC,1025.3,1028.5,1034.7,1006.1,False,False,False,True,False,True,0.545850724450514,20.36778956,0.5337797192443553,False,-0.04600090417634097,True,57.78,True,1.064980785004009,69.0,0.42,0,False,▇▅▃▅▆▄▁▂▄▃▃▂▃▃▆█▆▃▅▅,False,False,False,0,-0.10579103436246295,-0.03637218045112789,-0.11587019090114004,-0.08659188862797662,FLAT,False,22,23.0,IGNORE,NONE,,GREEN,C,WATCHLIST,No standout factor,Technology Services,38.0
TORNTPOWER,1350.8,1325.2,1355.4,1321.0,False,False,False,False,False,False,1.039639775595128,51.2750172,0.996935539354033,True,-0.09463807441347714,True,54.41,False,0.8465583768981826,63.0,0.37,0,True,▅▃▃▂▆▅▇▆█▅▃▇▃▆▄▅▂▁▃▂,False,False,False,0,-0.04833028040016918,-0.04893332394564531,-0.05840943693884626,-0.09915303212249404,UP,False,20,23.0,IGNORE,NONE,,GREEN,C,WATCHLIST,No standout factor,Utilities,35.4
POWERICA,530.0,524.7,544.45,510.0,False,False,False,True,False,False,0.8442534747523572,9.840351,0.8025071133733048,False,-0.14778145384842953,True,50.68,False,0.9458047178262167,48.0,-0.13,0,True,▃▁▅▆▂▇▅▂▅▄▄▃▅▅▃▄▅█▂▃,False,False,False,0,-0.06194690265486724,-0.06919564453811022,-0.07202605919354432,-0.11941535271495896,UP,False,15,23.0,IGNORE,NONE,,GREEN,C,WATCHLIST,No standout factor,Producer Manufacturing,37.9
LUXIND,1269.4,1269.6,1303.6,1265.1,False,True,False,True,False,False,0.8123476641086765,4.04672026,0.8089410300556747,False,-0.22823890741368125,True,47.33,False,0.991900076493456,39.0,-0.2,0,True,▁▆▃▂▆▅██▄▅▇█▅▃▇█▂█▇▅,False,False,False,0,-0.005562083822953312,-0.08034485256828217,-0.015641240361630393,-0.1305645607451309,UP,False,13,23.0,IGNORE,NONE,,GREEN,C,WATCHLIST,No standout factor,Consumer Non-Durables,39.6
CESC,163.94,162.77,165.38,162.29,False,False,False,False,False,False,1.2670413305021522,21.267493562000002,1.2683958598121192,True,-0.034218551021135156,True,52.37,False,0.9517924485437775,66.0,0.4,0,True,▇▅▃▅▅▅█▅▄▂▄▆▅▃▄▁▄▆▅▄,False,False,False,0,6.10016470443675e-05,-0.09967598440331704,-0.010018154891632713,-0.14989569258016577,UP,False,10,23.0,IGNORE,NONE,,GREEN,C,WATCHLIST,No standout factor,Utilities,35.4
CAMPUS,224.37,218.0,225.0,218.0,False,True,False,False,False,False,0.24090084718497567,19.096736499000002,0.232521071875517,False,-0.35918814189043374,True,41.6,True,1.0353280820298403,40.0,-0.23,0,False,▇▇██▁▄▅▆▅▇▅█▅▆▅▇▇▆▄▆,False,False,False,0,-0.02907957938465533,-0.11386255924170607,-0.03915873592333241,-0.1640822674185548,UP,False,8,23.0,IGNORE,NONE,,GREEN,C,WATCHLIST,No standout factor,Consumer Non-Durables,39.6
WEBELSOLAR,96.38,92.25,97.7,92.25,False,False,False,False,False,False,1.128944415755174,16.967785742,1.09666084863101,True,-0.15525512381707973,True,52.7,False,0.9344137307399067,81.0,0.92,0,True,▄▆▅▁▄▃▄▂▂▂▅▆██▅▄▆█▄▃,False,False,False,0,-0.034752128192288456,-0.11788394654951495,-0.04483128473096554,-0.16810365472636368,UP,False,7,23.0,IGNORE,NONE,,GREEN,C,WATCHLIST,No standout factor,Electronic Technology,34.1
ADANIPOWER,208.51,208.59,210.2,206.7,True,False,False,True,False,False,0.5956844328046791,312.332863025,0.5745940644277964,False,-0.18060533548348598,True,39.33,True,1.0645266063985277,69.0,0.46,0,False,█▂▆█▇▆▆▁▅▄▅▆▂▅▇▄███▆,False,False,False,0,-0.03610392011834318,-0.1473029894082526,-0.04618307665702026,-0.19752269758510133,UP,False,4,23.0,IGNORE,NONE,,GREEN,C,WATCHLIST,No standout factor,Utilities,35.4
GRMOVER,90.33,90.79,91.2,89.1,False,False,False,False,False,False,1.288269135551191,9.170717117999999,1.2637669161477607,True,-0.18776272495246227,True,16.56,False,0.3734103003517633,10.0,-1.17,0,True,▅▃█▅▅▆▇▆▂▄▇█▆▃▁▄▅▂▄▁,False,False,False,0,-0.07429801188768193,-0.43554333562457037,-0.084377168426359,-0.4857630438014191,UP,False,1,23.0,IGNORE,NONE,,GREEN,C,WATCHLIST,No standout factor,Process Industries,36.8
EBGNG,525.65,523.0,530.0,510.4,False,False,False,True,False,False,0.7389678049793199,21.704035935,0.7074992232598628,False,-0.11706543808550626,True,40.92,False,0.7624655288067379,15.0,-0.92,0,True,▅▆▆▄▇▃▇▆█▆▃▃▄▄▅▄█▁▅▂,False,False,False,0,-0.17070284767689525,0.19751680145802486,-0.18078200421557233,0.14729709328117613,FLAT,True,78,22.0,IGNORE,NONE,,GREEN,C,WATCHLIST,No standout factor,Technology Services,38.0
GANECOS,1064.3,1071.1,1085.0,1058.0,True,False,False,True,False,False,0.2827967974047161,5.49615163,0.2571661015373934,False,-0.09922682152876851,True,43.83,False,0.9381421232876712,29.0,-0.35,0,False,▄▂▅▄██▃▆▂▄▆▄▅▇▄▅▁▂▅▄,False,False,False,7,-0.04004690177685588,0.15283795493934127,-0.05012605831553296,0.10261824676249254,FLAT,True,71,22.0,IGNORE,NONE,,GREEN,C,WATCHLIST,No standout factor,Process Industries,36.8
PFOCUS,287.6,283.95,304.8,283.65,True,False,False,True,False,False,1.0074944383947593,31.606003320000006,0.9790987600113468,False,0.04621347502626946,False,41.67,False,0.8570370827420252,81.0,0.84,0,True,█▂▁▄▇▇▃▄▁▁▅▅▂▄▃▃▄▃▆▂,False,False,False,0,-0.06562703053931118,0.0869236583522297,-0.07570618707798826,0.03670395017538097,FLAT,True,57,22.0,IGNORE,NONE,,GREEN,C,WATCHLIST,CMF positive,Consumer Services,35.0
MOL,52.62,52.19,53.0,51.88,False,False,True,False,False,False,0.19386380422416932,2.6074367639999996,0.1869596273059591,False,-0.2569291516280887,True,52.93,True,1.2034742275073327,55.0,0.13,0,False,▄▇▆▅▇▃▁▂▂▄▄▄▃▅▆▅▅▆█▆,False,False,False,0,0.11862244897959173,0.0787207872078719,0.10854329244091465,0.02850107903102317,UP,True,56,22.0,IGNORE,NONE,,GREEN,C,WATCHLIST,No standout factor,Process Industries,36.8
IXIGO,176.25,196.0,199.73,171.48,True,False,False,False,False,False,9.89341506341674,148.170414,8.704580263186637,False,-0.15811770330104763,False,34.59,False,0.7182383538035072,19.0,-0.87,0,True,▄▅▆▅▆█▅▄▃▄▁▃▃▄▄▄▄▄▃▂,False,False,False,0,-0.14929047205328705,0.04686386315039193,-0.15936962859196413,-0.003355845026456805,FLAT,False,48,22.0,IGNORE,DISTRIBUTION,,GREEN,C,WATCHLIST,No standout factor,Technology Services,38.0
DELHIVERY,473.3,466.0,480.0,464.05,False,False,False,True,False,True,1.5427890247579932,303.15470824,1.49483998853049,True,-0.09257536336693699,False,41.15,False,0.7827137245950906,12.0,-1.14,0,False,▆▆▃▃▅▄█▃▅▃▆▇▇▅▃▁▄▄▆▂,False,False,False,0,-0.0903325004804919,0.04631369514756267,-0.10041165701916899,-0.0039060130292860595,FLAT,False,47,22.0,IGNORE,NONE,,GREEN,C,WATCHLIST,No standout factor,Transportation,31.8
GODREJCP,1080.0,1075.0,1084.8,1071.2,False,True,True,False,False,False,0.946198903732161,51.428088,0.9569443747028662,False,8.719188503001389e-05,True,28.24,False,0.5266495095296706,0.0,-3.48,0,False,▇▅▇▆▄▄▄▄▃▅▅▄▅██▅▅▆▄▁,False,False,False,1,-0.006805223468824839,0.0467144795503005,-0.01688438000750192,-0.003505228626548229,FLAT,False,47,22.0,IGNORE,NONE,,GREEN,C,WATCHLIST,CMF positive,Consumer Non-Durables,39.6
HGS,428.4,423.05,440.9,420.35,False,True,True,False,False,False,0.4547076404495359,2.2410889199999997,0.4344187439578473,False,0.11751040415261675,False,31.63,False,0.5994447129279549,2.0,-2.18,0,False,▆▁▂▅▆▅▅█▅▅▇▆█▆▇▇█▇▆▄,False,False,False,1,0.0366606170598911,0.03753935577621692,0.026581460521214018,-0.012680352400631811,UP,False,45,22.0,IGNORE,NONE,,GREEN,C,WATCHLIST,CMF positive,Commercial Services,35.1
ANUP,1896.0,1969.8,1969.8,1884.9,True,False,False,False,False,False,1.998430782522326,19.3409064,1.8509598971765164,False,-0.39645351260950795,False,46.32,False,0.9536456564034465,43.0,-0.14,0,True,▅▆▇▆▆▆▇▇▆▅█▅▇▅▆▆▇▇▁▆,False,False,False,0,-0.12570321866642065,0.030210823733970882,-0.13578237520509773,-0.02000888444287785,FLAT,False,42,22.0,IGNORE,DISTRIBUTION,,GREEN,C,WATCHLIST,No standout factor,Producer Manufacturing,37.9
GOCOLORS,322.05,327.95,331.0,320.15,True,False,False,False,False,False,0.36908467869682804,5.164426005,0.35346954604992753,False,-0.13100533759830116,False,45.3,True,1.5381742245462726,40.0,-0.07,1,True,▃▃▃▃▄▄▆▆▆▃▄█▆▁▃▅▇▃▄▇,False,False,False,0,-0.052933392148213465,0.019791006966434432,-0.06301254868689055,-0.0304287012104143,FLAT,False,40,22.0,IGNORE,NONE,DEL45% ▃▃▃▃▄▄▆▆▆▃▄█▆▁▃▅▇▃▄▇ P40 Z-0.1,GREEN,C,WATCHLIST,No standout factor,Consumer Non-Durables,39.6
IMPAL,1097.7,1094.5,1113.9,1084.1,False,False,True,True,False,True,0.4620310261263333,0.14335962,0.45487738299615865,False,0.0012152221710549367,True,62.1,False,0.9506460106545833,31.0,-0.54,0,False,█▅▅▂▇▃▆█▂▄▅▆▄▁▂▅▄▅▅▄,False,False,False,0,-0.0424808094905792,0.01620070357341241,-0.05255996602925628,-0.03401900460343632,FLAT,False,39,22.0,IGNORE,NONE,,GREEN,C,WATCHLIST,CMF positive,Distribution Services,33.3
PGHL,6144.5,6060.0,6170.0,6009.0,False,False,False,True,False,True,1.0802719499189906,15.3428165,1.0132935951768176,True,-0.23978029271647078,False,53.14,False,0.9517839231981658,17.0,-0.69,0,False,▆▆█▅▆▆▅▅▄▅▄▆▁█▇▇▆▂▁▅,False,False,False,5,-0.10154993420090652,0.014613606340819096,-0.1116290907395836,-0.035606101836029636,FLAT,False,38,22.0,IGNORE,NONE,,GREEN,C,WATCHLIST,No standout factor,Health Technology,33.0
HARIOMPIPE,398.9,394.8,406.85,394.8,False,True,True,True,False,False,0.25317609481708486,4.21034961,0.2525727297378948,False,-0.14819830673540768,False,45.72,True,1.1152987668776757,57.0,0.23,0,False,▅▁▂▄▄▆▆▅▅▄▅▆▅▆▅▆▇▅█▆,False,False,False,0,0.040020857776039476,0.012436548223350163,0.029941701237362395,-0.03778315995349857,UP,False,38,22.0,IGNORE,NONE,,GREEN,C,WATCHLIST,No standout factor,Non-Energy Minerals,41.4
SULA,158.55,159.95,162.7,155.1,True,False,True,False,False,False,1.3209862393903287,12.454039080000001,1.2764160163477107,False,0.06177886344926626,False,40.68,False,0.8278640984157025,21.0,-0.77,0,False,▅▆▆▅▆▆▆█▅▄▆▄▁▄▄▆▅▄▄▄,False,False,False,2,0.05728194185116031,0.009229789942711841,0.04720278531248323,-0.04098991823413689,UP,False,36,22.0,IGNORE,NONE,,GREEN,C,WATCHLIST,CMF positive,Process Industries,36.8
GATEWAY,56.5,56.9,57.09,56.15,True,False,False,False,False,False,0.8257700208804815,5.7354506,0.8096940696194025,False,-0.3117809957101618,False,68.33,True,1.1872431737426916,93.0,1.45,0,True,▄▃▆▄▆▄▅▇▂▆▃▄▆█▅▇▄▂▁▇,False,False,False,0,-0.03764265031510816,0.008928571428571397,-0.04772180685378524,-0.041291136748277335,FLAT,False,36,22.0,IGNORE,SEED,,GREEN,C,WATCHLIST,Delivery P93,Transportation,31.8
NIRLON,620.0,620.95,624.25,620.0,True,False,True,True,False,True,0.275420230507579,0.155124,0.2697888675148446,False,-0.010429663083595525,False,73.93,True,1.0490393620342253,33.0,-0.38,0,False,▇▁▃▃▇▆▃▃▁█▄▄▅▅▃▂▄▅▆▅,False,False,False,1,-0.005374187855939683,0.008130081300812941,-0.015453344394616764,-0.04208962687603579,UP,False,36,22.0,IGNORE,NONE,,GREEN,C,WATCHLIST,No standout factor,Finance,31.4
GPTINFRA,115.79,117.62,117.99,115.3,True,False,False,False,False,True,0.4551311705829075,0.743313905,0.4471191638275278,False,-0.010266222396738082,False,62.43,True,1.1246723533809528,90.0,1.12,0,True,▇█▆▇▆▁▆▆▁▅▅▃▄▆▇█▄▅▆▇,False,False,False,0,-0.0652296762735125,0.0024240325512943084,-0.07530883281218959,-0.047795675625554424,FLAT,False,35,22.0,IGNORE,SEED,,GREEN,C,WATCHLIST,Delivery P90,Industrial Services,34.6
HDBFS,665.65,672.9,676.95,663.5,True,False,False,False,False,False,1.2037606797704963,47.028105935,1.1101087250727573,False,-0.37932227364720955,False,70.93,True,1.1995704343855438,81.0,0.8,0,True,▅▆▄▁▃▃▇▇█▆▆▄▆▃▄▄▆▆▆█,False,False,False,3,-0.11886954795155213,-0.00030036795073973277,-0.12894870449022922,-0.050520076127588465,FLAT,False,34,22.0,IGNORE,NONE,,GREEN,C,WATCHLIST,No standout factor,Finance,31.4
MADRASFERT,66.41,66.51,67.08,66.3,True,False,False,False,False,False,0.3716811707627896,0.14255570599999998,0.36347437628644225,False,-0.1200982685815787,False,63.34,True,1.194812544211271,96.0,1.62,0,True,▃▆▄▂▄▅▄▆▃▃▅▂▁▇▅▅▃▆█▆,False,False,False,0,-0.022519870473947656,-0.014103325415677048,-0.03259902701262474,-0.06432303359252578,UP,False,29,22.0,IGNORE,SEED,,GREEN,C,WATCHLIST,Delivery P96,Process Industries,36.8
PENIND,159.86,161.6,164.0,158.71,True,False,False,False,False,False,1.0897346674954336,7.309278780000001,1.0254424398905928,False,-0.493213711795976,False,62.73,True,1.2485197090170868,100.0,2.28,0,True,▆▁▅▅▆▅▅▆▅▅▅▆▅▆▇▇▆▇██,False,False,False,2,-0.07149909972701385,-0.018058968058968006,-0.08157825626569093,-0.06827867623581674,FLAT,False,27,22.0,IGNORE,SEED,,GREEN,C,WATCHLIST,Delivery P100,Non-Energy Minerals,41.4
RELIGARE,232.35,254.9,256.5,230.8,True,False,False,False,False,False,9.92191483739976,143.74609246499998,8.910192513996869,False,-0.23224603747643874,False,48.32,False,0.8544348564153346,17.0,-0.9,0,True,▄█▇▆▂▄▂▃▅▁▁▆▄▅▃▃▇▃▅▁,False,False,False,0,-0.14087631724902938,-0.02189012839402238,-0.15095547378770646,-0.07210983657087111,FLAT,False,26,22.0,IGNORE,DISTRIBUTION,,GREEN,C,WATCHLIST,No standout factor,Finance,31.4
ASHOKA,118.33,119.89,120.33,118.0,True,False,False,False,False,False,1.1188441988416211,8.217557013,1.0680645407663243,False,-0.2567536881970688,False,62.78,True,1.2499875558741251,98.0,1.98,0,True,▂▅▃▄▅▄▄▄▁▂▁▄▅▃██▄▄▆▇,False,False,False,0,-0.10076753552701578,-0.03317264482392357,-0.11084669206569286,-0.0833923530007723,FLAT,False,23,22.0,IGNORE,SEED,,GREEN,C,WATCHLIST,Delivery P98,Industrial Services,34.6
VENTIVE,599.9,616.0,618.45,590.2,True,False,False,False,False,False,2.09544815280626,2.02898178,2.0235900058788334,False,-0.025083877222731706,False,72.01,True,1.28999319264806,88.0,1.26,0,False,▅▇▂▅▃▁▂▆▄▂▃▂▆▄▆▄█▃▄█,False,False,False,0,-0.03908377382668582,-0.03514274225975078,-0.0491629303653629,-0.08536245043659951,UP,False,23,22.0,IGNORE,DISTRIBUTION,,GREEN,C,WATCHLIST,No standout factor,Consumer Services,35.0
SUMMITSEC,1498.7,1507.3,1513.0,1491.7,True,False,False,False,False,False,0.9511239966247648,0.65882852,0.9331151974967297,False,-0.4398802246240897,False,77.25,True,1.1995248484095622,98.0,1.94,0,True,▅█▆▇▅▄▇▅▅▅▇▅▅▆▆█▁▆█▇,False,False,False,0,-0.04150677922742385,-0.03409383861820048,-0.05158593576610093,-0.08431354679504921,UP,False,23,22.0,IGNORE,SEED,,GREEN,C,WATCHLIST,Delivery P98,Miscellaneous,22.2
GIPCL,157.93,159.0,159.95,157.55,True,False,False,False,False,False,0.8596947626552504,3.694030079,0.8328918547165648,False,-0.28286802305144065,False,69.48,True,1.205433820850466,97.0,1.88,0,True,▁▆▄▃▆█▅▇▅▁▃▃▂▃▅▅▄▄▆█,False,False,False,0,-0.03730569948186535,-0.04383362596113083,-0.04738485602054243,-0.09405333413797956,UP,False,21,22.0,IGNORE,SEED,,GREEN,C,WATCHLIST,Delivery P97,Utilities,35.4
BLUESTARCO,1514.0,1563.8,1595.0,1497.0,True,False,False,False,False,False,5.561922663184243,362.1627288,5.064919474726005,False,-0.22195903653122115,False,33.24,False,0.7635236016997817,13.0,-1.15,0,True,▂▄▂▃▇▁▄▁▇▃▄▆▃▆▂▆█▁▄▁,False,False,False,1,-0.08904933814681104,-0.04719949653870359,-0.09912849468548812,-0.09741920471555232,FLAT,False,20,22.0,IGNORE,DISTRIBUTION,,GREEN,C,WATCHLIST,No standout factor,Producer Manufacturing,37.9
BALMLAWRIE,175.19,177.49,177.5,173.77,True,False,False,False,False,False,0.820809681557865,1.593282974,0.8151673460137512,False,-0.2591621617816876,False,67.47,True,1.1274219017620666,96.0,1.53,0,True,▄▅▂▆▄▁▄▇▄▃▅▇▅▆█▃▅▅▄▆,False,False,False,0,-0.02319487036520773,-0.04570214620329016,-0.03327402690388481,-0.0959218543801389,UP,False,20,22.0,IGNORE,SEED,,GREEN,C,WATCHLIST,Delivery P96,Producer Manufacturing,37.9
SHALBY,160.09,162.0,163.97,158.61,True,False,False,False,False,False,1.8702920429328072,1.751320564,1.821508879592727,False,-0.26355173455973524,False,52.92,False,0.9803721783269576,60.0,0.33,0,True,▅▆▄▅▅▁▅▆▄▄█▆▆▇▅▇▆█▄▅,False,False,False,0,-0.06685707624154813,-0.051655707600260614,-0.07693623278022521,-0.10187541577710935,UP,False,19,22.0,IGNORE,DISTRIBUTION,,GREEN,C,WATCHLIST,No standout factor,Health Services,41.4
BALAJITELE,85.72,85.1,86.87,84.21,False,False,False,False,False,False,0.5547652148092159,0.528489516,0.5423992037774787,False,-0.2690721693346134,False,73.87,True,1.3280716263349035,98.0,1.78,0,True,▇█▅▁▅▇▃▄▃▄▅▅▂▅▇█▆▅▅█,False,False,False,0,-0.07118864449019402,-0.05124515771997784,-0.0812678010288711,-0.10146486589682657,UP,False,19,22.0,IGNORE,SEED,,GREEN,C,WATCHLIST,Delivery P98,Consumer Services,35.0
SOLARA,502.6,511.15,514.3,497.6,True,False,False,False,False,False,0.4982647685721263,7.53709012,0.47099544987308417,False,-0.28427749172358807,False,64.09,True,1.2890185036202737,98.0,1.71,0,True,▅▅▅▆▇▅▆▄▁▆▄▇▆▆█▇██▇█,False,False,False,0,-0.11654069256459831,-0.05650459921156381,-0.1266198491032754,-0.10672430738841254,FLAT,False,18,22.0,IGNORE,SEED,,GREEN,C,WATCHLIST,Delivery P98,Health Technology,33.0
NFL,71.91,72.2,72.57,71.71,True,False,False,False,False,False,0.5435157356979506,1.9407861809999998,0.5407646617362243,False,-0.21512828925905644,False,52.21,True,1.215712755553486,94.0,1.5,0,True,▄█▁▂█▄█▇▅▅▄▃▃▆▃▆▄▅▄▇,False,False,False,0,-0.024949152542372954,-0.05381578947368426,-0.035028309081050035,-0.104035497650533,UP,False,18,22.0,IGNORE,SEED,,GREEN,C,WATCHLIST,Delivery P94,Process Industries,36.8
ANDHRAPAP,59.85,60.12,61.18,59.7,True,False,False,False,False,False,1.172658479175579,1.7702433,1.1436689556982353,False,-0.3156381573826057,False,89.65,True,1.3055856931691583,99.0,2.42,0,True,▁▆▅▅▆▄▅▅▂█▃▆▄▆▅▇▆▃▅█,False,False,False,0,-0.03561069932323557,-0.054950260540028384,-0.045689855861912654,-0.10516996871687712,UP,False,18,22.0,IGNORE,SEED,,GREEN,C,WATCHLIST,Delivery P99,Process Industries,36.8
CAPACITE,212.59,225.0,227.5,212.0,True,False,False,False,False,False,2.511593096855834,30.584515458,2.398112562823573,False,-0.533409720362765,False,39.44,False,0.7888078880788808,12.0,-1.06,0,True,▇█▁▅▅▇▅▇▅▆▅▆▅▆▇▇▆▆▆▄,False,False,False,0,-0.11420833333333336,-0.06120556414219469,-0.12428748987201044,-0.11142527231904342,FLAT,False,17,22.0,IGNORE,DISTRIBUTION,,GREEN,C,WATCHLIST,No standout factor,Industrial Services,34.6
STUDDS,439.9,451.0,451.0,435.0,True,False,False,False,False,False,1.4508841400224717,2.9254229799999996,1.4217598773569449,False,-0.29921211623272864,False,75.08,True,1.2665958128785195,90.0,1.32,0,True,▃▄▂▃█▄▄▃▂▃▃▆▁▂▄▂▄▄▁▆,False,False,False,0,-0.04989200863930887,-0.06404255319148944,-0.05997116517798595,-0.11426226136833817,UP,False,16,22.0,IGNORE,SEED,,GREEN,C,WATCHLIST,Delivery P90,Consumer Durables,38.4
SAMMAANCAP,163.17,167.0,167.22,162.1,True,False,False,True,False,True,0.9460765519469858,101.01301553699999,0.9474088946260126,False,-0.02657412193164819,False,48.5,False,0.8997560455258008,74.0,0.57,0,True,▂▄▂▃▄▆▄▂█▁▅▃▅▄▂▂▅▄▂▂,False,False,False,0,-0.019764507989907587,-0.07818767301282414,-0.029843664528584668,-0.12840738118967288,UP,False,14,22.0,IGNORE,NONE,,GREEN,C,WATCHLIST,No standout factor,Finance,31.4
CARRARO,502.05,532.05,535.0,498.45,True,False,False,False,False,False,6.231671871223093,31.83981018,5.712759281434626,False,-0.2838786152614556,False,57.06,False,0.9853390664663523,73.0,0.54,0,True,▃▂▁▂▃▃▄▂▂▃▃▅▄▂█▅▄▅▄▃,False,False,False,0,-0.11797259311314134,-0.07634992181032096,-0.12805174965181843,-0.1265696299871697,FLAT,False,14,22.0,IGNORE,DISTRIBUTION,,GREEN,C,WATCHLIST,No standout factor,Producer Manufacturing,37.9
AURIONPRO,727.25,732.0,734.0,725.0,True,False,False,False,False,False,0.4259422883346382,5.539245075,0.4042745689834026,False,-0.48573570436887314,False,63.5,True,1.2295002613898192,94.0,1.46,0,True,▃▂▄▄▂▅▄▅▅▃▄▁▅▃▄▇▆▇█▇,False,False,False,0,-0.1521916530659827,-0.08498993457473569,-0.16227080960465978,-0.13520964275158442,FLAT,False,13,22.0,IGNORE,SEED,,GREEN,C,WATCHLIST,Delivery P94,Technology Services,38.0
SPMLINFRA,189.94,193.39,194.61,189.47,True,False,False,False,False,False,0.8619511449493625,3.74343249,0.8133778078780279,False,-0.014968889205492018,False,73.73,True,1.435888447456571,100.0,2.53,0,True,▅▁▄▂▄▄▅▅▄▁▆▅▃▆▆▆▅▅▄█,False,False,False,0,-0.016619207869531527,-0.08515557268085927,-0.026698364408208608,-0.135375280857708,UP,False,13,22.0,IGNORE,SEED,,GREEN,C,WATCHLIST,Delivery P100,Industrial Services,34.6
INDIASHLTR,691.9,715.1,717.95,684.25,True,False,False,False,False,False,2.457865418262638,22.47657907,2.242141439678913,False,-0.16776529548440255,False,46.82,False,0.7698062330957489,5.0,-1.39,0,True,▄▆▅▇▆▇▆▄▆▄▅▄█▇▅▅▅▄▁▃,False,False,False,0,-0.1351790513092932,-0.09419388623420832,-0.14525820784797028,-0.14441359441105706,FLAT,False,11,22.0,IGNORE,DISTRIBUTION,,GREEN,C,WATCHLIST,No standout factor,Finance,31.4
ASIANTILES,55.11,56.0,57.9,54.0,True,True,True,False,False,False,0.2265306467444987,25.293434397,0.22082905388909127,False,-0.10134702489577085,False,49.58,True,1.2565259263013837,72.0,0.54,0,False,▆▅▆█▅▅▆▆▁▁▂▁▁▂▄▄▆▇▆▆,False,False,False,0,0.1283783783783783,-0.09877350776778415,0.11829922183970121,-0.14899321594463288,UP,False,10,22.0,IGNORE,NONE,,GREEN,C,WATCHLIST,No standout factor,Producer Manufacturing,37.9
RATNAMANI,2197.6,2374.8,2394.6,2154.6,True,False,False,False,False,False,12.557074446566501,73.32863776,11.187194424548027,False,-0.5016239586394282,False,41.69,False,0.6965340372743448,13.0,-0.91,0,True,▅▄▃▅▄▇▇▆▆▃▄▄▂█▆▄▆▅▆▁,False,False,False,0,-0.18420075729452823,-0.13910761154855644,-0.1942799138332053,-0.18932731972540517,FLAT,False,4,22.0,IGNORE,DISTRIBUTION,,GREEN,C,WATCHLIST,No standout factor,Non-Energy Minerals,41.4
IGARASHI,465.15,491.0,502.0,461.4,True,True,True,True,False,False,1.5643768188345404,31.94222262,1.4850533244471187,False,-0.11141081255545579,False,28.39,False,0.6228472389811543,8.0,-1.44,0,True,▅█▅▆▅▆▅▆▆▇▇█▆▇▇██▇▁▄,False,False,True,1,-0.021354933726067782,0.2428857715430861,-0.03143409026474486,0.19266606336623737,FLAT,True,84,21.0,IGNORE,DISTRIBUTION,,GREEN,C,WATCHLIST,No standout factor,Producer Manufacturing,37.9
AGI,709.8,705.1,713.8,705.1,True,True,True,True,False,False,0.2745905704666542,2.48557764,0.2771774091230772,False,-0.3043964274882295,False,52.43,False,0.9755326076844357,52.0,0.11,0,True,▅█▇▅▅▄▅▅▅▃▃▆▁▅▄▇▂▅█▅,False,False,False,0,-0.00525541307546773,0.20315280956013204,-0.01533456961414481,0.1529331013832833,FLAT,True,79,21.0,IGNORE,NONE,,GREEN,C,WATCHLIST,No standout factor,Process Industries,36.8
YUKEN,800.05,809.0,820.45,793.15,True,True,True,True,False,False,0.8854746596745807,0.788929305,0.9525493538084066,False,-0.01128407421580209,False,62.74,False,0.8247232957383601,26.0,-0.48,0,True,▅▇▄▆▅▃█▅▄▅▆▅▅▄██▇█▁▃,False,False,False,2,0.03492658948321581,0.14991016888250086,0.024847432944538728,0.09969046070565213,FLAT,True,70,21.0,IGNORE,NONE,,GREEN,C,WATCHLIST,No standout factor,Producer Manufacturing,37.9
VAIBHAVGBL,242.95,243.05,246.4,241.0,False,False,False,True,False,True,0.48888755018223895,7.965431584999999,0.458922259490033,False,-0.2594339537733472,False,36.52,False,0.9073742794673026,14.0,-0.88,0,False,▆▆▅▆▄▄▃▄▅▂▇▁▇▆▆█▆▅▇▄,False,False,False,5,-0.07043924089378639,0.0909784902779649,-0.08051839743246347,0.040758782101116164,FLAT,True,58,21.0,IGNORE,NONE,,GREEN,C,WATCHLIST,No standout factor,Consumer Durables,38.4
KOVAI,5843.5,5894.0,5930.5,5825.0,True,False,True,True,False,True,0.43496283195622737,0.9197669,0.4310300576421756,False,-0.12565465565734488,False,67.92,True,1.121541624352909,61.0,0.35,0,False,▂▃▅▂▂▅▇▂▅▄▁▃▄█▅▆▅▄█▆,False,False,False,0,-0.024375991318140056,0.08918918918918917,-0.03445514785681714,0.038969481012340434,FLAT,True,58,21.0,IGNORE,NONE,,GREEN,C,WATCHLIST,No standout factor,Health Services,41.4
BDL,1294.0,1299.0,1311.9,1288.5,True,True,True,False,False,False,1.0370428877955196,112.8114376,1.0515001124481664,False,-0.09961179653297796,False,29.66,False,0.957932983447719,46.0,-0.13,0,True,▅▃▇▅▅▃▆▆▄▁▄▇▂▃▄▅▅█▄▄,False,False,False,0,-0.03756043138713272,0.07421550722231451,-0.0476395879258098,0.023995799045465782,FLAT,True,54,21.0,IGNORE,NONE,,GREEN,C,WATCHLIST,No standout factor,Electronic Technology,34.1
EQUITASBNK,75.22,75.5,76.05,75.0,True,False,False,True,False,True,0.30502507600079287,9.827319994,0.29621737295480316,False,-0.07828874448982724,False,54.71,True,1.1246787953540962,67.0,0.43,0,False,▄▅▄▄▃▃▄▄▆▃▅▁▃▆▆█▅▆▆▆,False,False,False,1,-0.08535992217898825,0.07135735650192299,-0.09543907871766533,0.021137648325074254,FLAT,True,53,21.0,IGNORE,NONE,,GREEN,C,WATCHLIST,No standout factor,Finance,31.4
LAOPALA,189.96,193.0,193.53,189.0,True,True,True,False,False,False,0.38921326547094287,4.529273268,0.3813615875453026,False,-0.3452229808662281,False,47.33,False,0.9356806073126612,13.0,-0.93,0,False,▇▇▆▄█▅▆▆▅▆▅▇▆▇▇▇▇▁▅▆,False,False,False,11,0.05762485385000837,0.05927619472480905,0.04754569731133129,0.009056486547960318,UP,True,51,21.0,IGNORE,NONE,,GREEN,C,WATCHLIST,No standout factor,Consumer Durables,38.4
VTL,606.75,605.0,615.3,601.75,False,False,False,True,False,True,0.6715859856038688,13.671958425,0.670364644127265,False,-0.4179514380739767,False,46.76,False,0.9981961596345356,62.0,0.32,0,True,▆▄▆▇▆▆█▅▇▆▆▇▇▁▆▅▆▆▆▆,False,False,False,0,-0.04621551520867717,0.05128649397903495,-0.05629467174735425,0.0010667858021862209,FLAT,True,49,21.0,IGNORE,NONE,,GREEN,C,WATCHLIST,No standout factor,Process Industries,36.8
TVSSRICHAK,3964.9,3980.1,3999.8,3951.5,True,False,False,True,False,False,0.47034011783610075,0.55706845,0.4614393085615851,False,-0.2882475041051124,True,61.85,True,1.0773665920551834,89.0,1.05,0,True,▃▄▇▄▄█▄▃▄▁▁█▅▄▇▆█▃█▆,False,False,False,0,-0.04692194899161084,0.021302354335170914,-0.05700110553028792,-0.028917353841677818,FLAT,False,40,21.0,IGNORE,SEED,,GREEN,C,WATCHLIST,No standout factor,Consumer Durables,38.4
GODFRYPHLP,2286.0,2293.0,2307.0,2271.0,True,True,True,False,False,False,0.3647483886831249,53.0365716,0.3837083923805584,False,0.01575913794006132,False,30.16,False,0.9762571414698885,56.0,0.21,0,False,█▆▃▆▄▅▄█▆▃▄▂▁▆▃▄▁▁▃▄,False,False,False,0,0.0806977733654799,0.0014017872787803753,0.07061861682680282,-0.04881792089806836,UP,False,34,21.0,IGNORE,NONE,,GREEN,C,WATCHLIST,CMF positive,Consumer Non-Durables,39.6
PIIND,2774.6,2778.4,2796.6,2751.2,True,True,True,False,False,False,0.4476787625319248,23.64874818,0.46057927650737435,False,-0.007326929006774395,True,42.57,False,0.8476449329470446,18.0,-0.87,0,False,▄▇▃▇▆▂▄▁▆▁▄▃█▄▆▄▃▆▇▃,False,False,False,0,0.06412518217381291,-0.00014414414414420929,0.05404602563513583,-0.05036385232099294,UP,False,34,21.0,IGNORE,NONE,,GREEN,C,WATCHLIST,No standout factor,Process Industries,36.8
APTUS,260.65,259.1,262.7,257.1,True,False,False,False,False,False,0.6008001974246048,17.361714045,0.5618131894134223,False,-0.17957166794036006,True,63.05,True,1.2102772792275724,78.0,0.75,0,False,▃▆▅▇▆▅▅▄▆▇▅▄▅▇▁▅▇▆██,False,False,False,6,-0.08157152924594802,0.001344602381866844,-0.0916506857846251,-0.04887510579498189,FLAT,False,34,21.0,IGNORE,NONE,,GREEN,C,WATCHLIST,No standout factor,Finance,31.4
PANACEABIO,413.0,419.9,423.95,410.35,True,False,False,False,False,False,0.648538869054577,6.003368,0.5658080133457323,False,-0.40309320645121055,True,52.74,True,1.2345072153365402,73.0,0.64,0,True,▄▄▃▁▂▃▃▃▁▂▂▅▅▄▆█▆▂▄▇,False,False,False,0,-0.24442005122575927,0.00036332808526085003,-0.25449920776443635,-0.04985638009158788,FLAT,False,34,21.0,IGNORE,NONE,,GREEN,C,WATCHLIST,No standout factor,Health Technology,33.0
SALZERELEC,608.95,616.0,621.95,599.5,True,True,False,False,False,False,1.6077373234747871,3.7717145100000002,1.6517193812358677,False,-0.27113682838385794,True,51.06,False,0.9460636267625205,68.0,0.5,0,True,▄█▄▄▅▂▄▅▁▃▆▇█▆▆▇▄▂▅▄,False,False,True,0,-0.007254646234104878,-0.01734710343714696,-0.01733380277278196,-0.06756681161399569,UP,False,28,21.0,IGNORE,NONE,,GREEN,C,WATCHLIST,No standout factor,Producer Manufacturing,37.9
JMFINANCIL,127.46,129.9,129.9,124.8,True,True,True,False,False,False,1.218106554363683,54.064019916,1.2473168768508072,False,-0.19630216718828497,True,32.71,False,0.7170179418888852,19.0,-0.8,0,False,▂█▃▇▆▅▅▆▆▃▆▆▇▇▇▁▁▁▆▃,False,False,False,0,0.02287135863895351,-0.02224608775698078,0.012792202100276429,-0.07246579593382951,UP,False,26,21.0,IGNORE,NONE,,GREEN,C,WATCHLIST,No standout factor,Finance,31.4
ARFIN,88.03,87.4,88.5,86.23,False,False,False,True,False,True,0.866526370763277,14.308096897999999,0.8677367187542278,False,-0.06510571467835728,True,5.34,False,0.4937814970641269,1.0,-1.34,0,False,▂▁▂▂▂▂▁▂▄▄▄▂▃▂▂▅█▃▂▂,False,False,False,0,-0.018070273284997218,-0.04842719705977738,-0.0281494298236743,-0.09864690523662611,UP,False,20,21.0,IGNORE,NONE,,GREEN,C,WATCHLIST,No standout factor,Non-Energy Minerals,41.4
SAATVIKGL,423.65,427.0,427.0,422.0,True,False,False,False,False,False,0.23117645995081257,1.2998005649999997,0.2146992479211177,False,-0.21573253865376657,True,63.57,True,1.3247337820659761,98.0,1.97,0,False,▄▁▃▄▄▅█▄▂▄▆▆▇▇▆▅▆▇▆█,False,False,False,0,-0.05666889334224012,-0.05223713646532446,-0.0667480498809172,-0.1024568446421732,UP,False,19,21.0,IGNORE,SEED,,GREEN,C,WATCHLIST,Delivery P98,Producer Manufacturing,37.9
BOROSCI,141.85,140.0,143.95,138.7,False,False,False,True,False,False,0.883391666270553,1.50264542,0.814949663221581,False,-0.3126754216389929,True,53.61,True,1.0452126103994854,43.0,-0.05,0,True,▁▄▅▄▇▅▅▄█▆▆▆▆▂▅▄▃▇▇▅,False,False,False,0,-0.10312341932220537,-0.05439637357509497,-0.11320257586088245,-0.1046160817519437,FLAT,False,18,21.0,IGNORE,NONE,,GREEN,C,WATCHLIST,No standout factor,Process Industries,36.8
ELCIDIN,111750.0,110155.0,113255.0,110155.0,True,False,False,False,False,False,0.4895104895104895,0.078225,0.48952044518356624,False,-0.00010652044970588309,True,75.0,True,1.0057529066259001,57.0,0.18,0,True,▄▄▅▆█▇█▆▆▇▅▆▆▆█▅▃▅▁▆,False,False,False,0,-0.00701972631953085,-0.06867238936578046,-0.01709888285820793,-0.1188920975426292,UP,False,15,21.0,IGNORE,NONE,,GREEN,C,WATCHLIST,No standout factor,Finance,31.4
NUCLEUS,698.25,698.55,702.0,695.0,True,False,False,False,False,False,0.24030510055697313,0.7644441,0.229465467219945,False,-0.34013354286524017,True,54.95,True,1.032855907672644,48.0,0.1,0,True,▄▅▄▅▇▇▇▆▆▇█▆▆▂▂▇▅█▁▆,False,False,False,0,-0.07203136421024658,-0.08600039269585713,-0.08211052074892367,-0.13622010087270586,UP,False,13,21.0,IGNORE,NONE,,GREEN,C,WATCHLIST,No standout factor,Technology Services,38.0
TATASTEEL,189.5,193.45,193.65,188.99,True,True,False,False,False,True,0.8234898697468432,340.65916615,0.8319307805601363,False,0.00886897071269866,False,42.84,False,0.8344614665407054,35.0,-0.46,0,False,█▃▆▅▇▅▅▆▅█▇▆▅▁▅▆██▆▃,False,False,False,0,0.008461497525411144,-0.09963415213569626,-0.0016176590132659374,-0.149853860312545,UP,False,10,21.0,IGNORE,NONE,,GREEN,C,WATCHLIST,CMF positive,Non-Energy Minerals,41.4
TATACOMM,1755.2,1736.0,1764.0,1730.0,False,False,False,True,False,True,0.46851930955521925,27.462210240000005,0.4607906545816343,False,-0.037440365231727786,True,51.47,False,0.9842052929478352,50.0,-0.01,0,False,▅▄▄▅▅▅▆▁▅▇▅▆▄▅▇█▆▆▇▅,False,False,False,0,-0.05441224006033829,-0.10676844783715012,-0.06449139659901537,-0.15698815601399885,UP,False,9,21.0,IGNORE,NONE,,GREEN,C,WATCHLIST,No standout factor,Communications,20.0
REFEX,292.9,297.8,299.25,290.1,True,False,False,False,False,False,0.39636137042792036,8.02053928,0.3680908592605957,False,-0.3819596845717465,True,49.49,True,1.078871642832229,79.0,0.83,0,True,▆▅▇▆▆▄▇▅▅▆▆█▁▆▅▅▅▇▇▆,False,False,False,0,-0.1503988397389413,-0.10782820590922948,-0.16047799627761838,-0.1580479140860782,FLAT,False,9,21.0,IGNORE,NONE,,GREEN,C,WATCHLIST,No standout factor,Energy Minerals,42.6
ISGEC,814.7,818.0,823.85,811.6,True,False,False,False,False,False,0.7302965480390552,1.65351512,0.6932468703786188,False,-0.26166265598877564,True,66.69,True,1.1828872452508914,88.0,1.2,0,True,▆▅▃▂▃▄▆▄▆▃▃▅▃▆▁█▇▆█▇,False,False,False,0,-0.09703518980326953,-0.12379006237900614,-0.10711434634194661,-0.17400977055585487,UP,False,6,21.0,IGNORE,SEED,,GREEN,C,WATCHLIST,No standout factor,Industrial Services,34.6
SERVOTECH,84.62,85.15,86.19,84.0,True,False,False,False,False,False,0.33608035208027515,3.1919510200000003,0.3056889905642669,False,-0.30587818309116344,True,49.32,True,1.2102028046670839,68.0,0.46,0,True,▅▆▆▄▁▄▅▂▅▅█▇█▆▃▇▇▇▇▇,False,False,False,0,-0.14447477504802342,-0.13219157009537486,-0.1545539315867005,-0.1824112782722236,UP,False,5,21.0,IGNORE,NONE,,GREEN,C,WATCHLIST,No standout factor,Producer Manufacturing,37.9
AWFIS,271.65,273.0,276.4,270.0,True,False,False,False,False,False,0.48874697157583036,3.1365252299999997,0.4622244634402878,False,-0.38980393493436494,True,57.61,True,1.1293531850661125,78.0,0.64,0,True,▇█▂▅▅▆▅▇▅▆▁▅▅▇▆█▇▄▇▇,False,False,False,0,-0.10405672823219003,-0.17154620311070445,-0.11413588477086711,-0.22176591128755319,UP,False,2,21.0,IGNORE,NONE,,GREEN,C,WATCHLIST,No standout factor,Finance,31.4
BUTTERFLY,681.75,681.6,689.95,676.1,False,False,False,True,False,True,0.282468283103005,1.128637125,0.260885381736454,False,-0.09212925258589165,False,49.45,False,0.9772437575961187,37.0,-0.14,0,True,▃▄▅▆█▆▆▅█▆▄▆█▆▆▁▆▂▃▅,False,False,False,3,-0.06826568265682664,0.027118644067796627,-0.07834483919550372,-0.023101064109052105,FLAT,False,42,20.0,IGNORE,NONE,,GREEN,C,WATCHLIST,No standout factor,Consumer Durables,38.4
SOMANYCERA,495.8,503.25,510.0,494.0,True,False,False,True,False,True,1.1531549133303802,4.27235818,1.1207620302158685,False,-0.2180723791583137,False,67.1,True,1.0631892508556215,81.0,0.77,0,True,▃▁▆▅▄▅█▅▄▃▄▅▅▇▅▅▃▆▄▅,False,False,False,2,-0.045804464973056236,0.005883546358287806,-0.05588362151173332,-0.044336161818560926,FLAT,False,35,20.0,IGNORE,NONE,,GREEN,C,WATCHLIST,No standout factor,Producer Manufacturing,37.9
CAMS,787.5,801.0,801.05,778.05,True,False,True,True,False,True,0.8116776614056898,79.65869625,0.813770857011234,False,-0.10139428349562614,False,42.73,False,0.952359725859475,38.0,-0.28,0,False,▅▄▇▇▃▆██▇▃▅▅▅▅█▁▁▅▇▅,False,False,False,0,-0.003795066413662229,-0.005053695514845247,-0.01387422295233931,-0.05527340369169398,UP,False,32,20.0,IGNORE,NONE,,GREEN,C,WATCHLIST,No standout factor,Technology Services,38.0
SURYODAY,162.02,163.14,164.9,161.16,True,False,False,True,False,False,0.10503027108047952,9.360170834,0.09052377413812039,False,-0.6503218355403183,False,39.37,True,1.0562463948918133,16.0,-0.88,0,False,▆▆▆█▇▆▇█▃▁▂▄▃▄▅▅▆▇▇▆,False,False,False,5,-0.12093755086538982,-0.009597163640809314,-0.1310167074040669,-0.059816871817658046,FLAT,False,31,20.0,IGNORE,NONE,,GREEN,C,WATCHLIST,No standout factor,Finance,31.4
GUJALKALI,674.0,694.15,700.9,670.0,True,True,True,True,False,False,0.8337396423700364,8.6439826,0.8395121213968414,False,-0.19747503497288782,False,30.21,False,0.7851239669421487,26.0,-0.75,0,False,▁▄▇▄█▃▇▃▁▁▃▅▄▄▅▃▆▆▂▂,False,False,False,0,0.14528462192013603,-0.008167169450371548,0.13520546538145894,-0.05838687762722028,UP,False,31,20.0,IGNORE,NONE,,GREEN,C,WATCHLIST,No standout factor,Process Industries,36.8
MAHABANK,78.28,78.05,78.55,77.2,False,False,False,True,False,False,0.6052754908261124,72.393633636,0.5842523642395617,False,-0.29244899751779824,False,49.15,True,1.0184945345283116,74.0,0.62,0,True,▄▅▃▄▂▃▁▇▄▂▅▆█▅▆▆▇▄▆▄,False,False,False,0,-0.07086053412462912,-0.012488961776207841,-0.0809396906633062,-0.06270866995305657,FLAT,False,29,20.0,IGNORE,NONE,,GREEN,C,WATCHLIST,No standout factor,Finance,31.4
TEJASNET,513.45,519.4,524.2,512.0,True,False,False,True,False,False,0.35675575155133804,35.046813375000006,0.3456785609086207,False,-0.28566662688807054,False,35.33,True,1.3189479775259925,72.0,0.64,0,True,▅▆▁▄▅▂▅▆█▄▄▆▁▅▂▅▄▅▇▇,False,False,False,0,-0.09067563977685278,-0.013355111452728496,-0.10075479631552986,-0.06357481962957723,FLAT,False,29,20.0,IGNORE,NONE,,GREEN,C,WATCHLIST,No standout factor,Electronic Technology,34.1
STYRENIX,2257.2,2275.0,2324.4,2244.0,True,False,False,False,False,False,0.6123353348673495,15.875790479999997,0.570891182327503,False,-0.3376101487966873,False,51.21,False,0.8817983796674961,16.0,-0.96,0,True,▄▄█▆▅▆▅▅▄▄▄▅▅▄▄▅▁▅▃▄,False,False,False,13,-0.006207898560296021,-0.012598425196850505,-0.016287055098973102,-0.06281813337369924,UP,False,29,20.0,IGNORE,NONE,,GREEN,C,WATCHLIST,No standout factor,Process Industries,36.8
NIBE,1419.0,1424.9,1449.0,1405.8,True,False,False,True,False,False,0.5540373060571356,5.0113404,0.5249831937643735,False,-0.2470436245923203,False,49.85,True,1.0520095809899652,49.0,0.02,0,True,▂▁▂▃▅▃▃▄▄▃▇█▇▆▃▅▄▅▁▄,False,False,False,0,-0.1175373134328358,-0.016563864439670173,-0.12761646997151288,-0.0667835726165189,FLAT,False,28,20.0,IGNORE,NONE,,GREEN,C,WATCHLIST,No standout factor,Process Industries,36.8
BFUTILITIE,558.6,558.2,567.0,553.05,True,False,False,False,False,False,0.17843254231474207,3.0916834200000003,0.15297627409348472,False,0.29350393337277286,False,50.01,True,1.1141310401675317,69.0,0.51,0,False,▁▃▄▆▄▅█▇▅▄▅▇▅▆▆▅▇▇▇▆,False,False,False,1,-0.03489979267449883,-0.017846153846153845,-0.04497894921317591,-0.06806586202300258,UP,False,28,20.0,IGNORE,NONE,,GREEN,C,WATCHLIST,CMF positive,Industrial Services,34.6
NORTHARC,276.25,280.4,282.1,273.15,True,False,False,True,False,False,0.49203064486799164,13.065741,0.45055494336231733,False,-0.30636295532841096,False,58.13,True,1.057418574404031,81.0,0.78,0,True,▂▃▅▆▄▆▁█▅▃▇▃▄▄▅▆▅▄▅▅,False,False,False,1,-0.15078389179219187,-0.018998579545454586,-0.16086304833086895,-0.06921828772230332,FLAT,False,27,20.0,IGNORE,NONE,,GREEN,C,WATCHLIST,No standout factor,Finance,31.4
GENUSPOWER,306.65,311.4,313.35,304.0,True,False,False,False,False,False,0.5568027263341252,30.722558204999995,0.5368050196904448,False,-0.044680976584492174,False,57.18,True,1.172213737328181,80.0,0.87,0,True,▅▄▄▁▃▄▃▄▃▂▄▆▄▇▅▅▄█▅▆,False,False,False,0,-0.032802397098249614,-0.021225662304500625,-0.042881553636926695,-0.07144537048134936,UP,False,26,20.0,IGNORE,NONE,,GREEN,C,WATCHLIST,No standout factor,Electronic Technology,34.1
SRF,2615.0,2624.9,2640.6,2610.0,True,False,False,False,False,False,0.424692458485101,68.4253975,0.40697571963319185,False,-0.2620055802620301,False,64.33,True,1.3258723386714484,85.0,0.95,0,False,▅▇▃▃▄▆▃▁▃▃█▅▅▇▆▅▆▆▇▇,False,False,False,4,-0.057521804944856925,-0.03711613520877832,-0.067600961483534,-0.08733584338562705,UP,False,22,20.0,IGNORE,SEED,,GREEN,C,WATCHLIST,No standout factor,Process Industries,36.8
NBCC,95.33,96.01,96.44,94.78,True,False,False,False,False,False,0.6810284020282049,45.176458014999994,0.6712475654414206,False,-0.19226116808790356,False,42.41,True,1.3131860475917698,94.0,1.46,0,False,▃▆▆▆▁▃▇▇▆▄▅▅▇▅▄▇▇▆▄█,False,False,False,0,-0.046509301860372165,-0.04917215240375028,-0.056588458399049246,-0.09939186058059901,UP,False,20,20.0,IGNORE,SEED,,GREEN,C,WATCHLIST,Delivery P94,Commercial Services,35.1
IGL,151.94,155.0,155.5,151.8,True,False,False,False,False,False,0.5028372833418087,11.523646196,0.4995853169013229,False,-0.29992334290563555,False,59.82,True,1.0813058096236579,83.0,0.81,0,True,▄▃▄▁▃▃█▄▅▄▄▄▄▃▃▅▅▄▅▅,False,False,False,0,-0.01376087238738155,-0.0531563532124385,-0.023840028926058632,-0.10337606138928723,UP,False,18,20.0,IGNORE,NONE,,GREEN,C,WATCHLIST,No standout factor,Utilities,35.4
ABLBL,93.86,94.66,94.94,93.5,True,False,False,False,False,False,0.5112402991061246,3.63623026,0.5024433678581497,False,0.008154674920038163,True,56.07,False,0.9811796204425545,58.0,0.03,0,True,▅▃▁▄▄▂▅▅▆▃▃▃█▄▄▁▅█▁▄,False,False,False,0,-0.017687074829931926,-0.06299291204951585,-0.027766231368609007,-0.11321262022636458,UP,False,16,20.0,IGNORE,NONE,,GREEN,C,WATCHLIST,CMF positive,Retail Trade,39.8
BAYERCROP,4177.2,4214.9,4241.4,4167.1,True,False,False,False,False,False,0.5361774888566558,8.461754039999999,0.5246064636314746,False,-0.13915394529356187,False,62.13,True,1.0896558981374305,75.0,0.55,0,True,▆▅▆▇▇█▁▆▄▄▄▅▆▅▆▅▅▅▅▆,False,False,False,0,0.011453061817477517,-0.07368887903315224,0.0013739052788004358,-0.12390858721000098,UP,False,14,20.0,IGNORE,NONE,,GREEN,C,WATCHLIST,No standout factor,Process Industries,36.8
KIRLPNU,1439.9,1458.0,1464.9,1431.2,True,False,False,True,False,False,0.32073699637549336,10.37059177,0.29584432144283945,False,-0.2298142737490791,False,60.25,True,1.1501713325760974,73.0,0.5,0,True,▆▆▇▆█▆▁▄█▆▅▅▆█▆▇▆▇▅▇,False,False,False,0,-0.19274541683018442,-0.08537127612272111,-0.2028245733688615,-0.13559098429956984,FLAT,False,13,20.0,IGNORE,NONE,,GREEN,C,WATCHLIST,No standout factor,Producer Manufacturing,37.9
RAILTEL,288.55,288.85,291.4,287.8,True,False,False,False,False,False,0.6302282443803962,10.090564645,0.6187927904740008,False,-0.21839193461849918,False,35.85,True,1.0101294712669588,73.0,0.62,0,True,▃▇▂▄█▅▅▅▂▇▄▄▁▅▄▄▅▃▁▄,False,False,False,0,-0.06162601626016262,-0.08483983507770376,-0.0717051727988397,-0.1350595432545525,UP,False,13,20.0,IGNORE,NONE,,GREEN,C,WATCHLIST,No standout factor,Communications,20.0
DCXINDIA,178.44,181.5,182.91,177.15,True,False,False,False,False,False,0.816263041698956,7.561377156,0.7800885130810098,False,-0.3528514608773821,False,50.23,True,1.0912448403215294,87.0,1.07,0,True,▅▄▃▃▄▃▃▄▁▁▃▆▆▅▁█▄▅▁▅,False,False,False,0,-0.10855772593295698,-0.08912710566615623,-0.11863688247163406,-0.13934681384300496,UP,False,12,20.0,IGNORE,SEED,,GREEN,C,WATCHLIST,No standout factor,Producer Manufacturing,37.9
SHANTIGEAR,401.95,411.0,419.7,398.0,True,False,False,False,False,False,0.6611766765138618,0.8047039,0.6341628656251135,False,0.27077410750792463,False,58.89,False,0.9715497117026454,54.0,0.07,0,True,▅▄▅▆▅▄▆▆▆▆▇█▁▄▄▅▆▄▅▅,False,False,False,0,-0.09184365115228199,-0.08761775053909893,-0.10192280769095907,-0.13783745871594766,UP,False,12,20.0,IGNORE,NONE,,GREEN,C,WATCHLIST,CMF positive,Producer Manufacturing,37.9
NATCOPHARM,916.65,913.9,919.25,911.0,False,False,False,False,False,False,0.4889427272109756,15.439594275,0.4731620093731083,False,-0.34272637019043106,False,48.18,True,1.0325207607822127,75.0,0.61,0,True,▄▅▅▄▆▁▄▄▅▅▆▆▅▅█▆▆▄▅▅,False,False,False,0,-0.06853978254242454,-0.09769662368343346,-0.07861893908110162,-0.1479163318602822,UP,False,11,20.0,IGNORE,NONE,,GREEN,C,WATCHLIST,No standout factor,Health Technology,33.0
SJVN,67.96,68.45,69.11,67.79,True,False,False,False,False,False,0.9447733601440367,11.977929611999999,0.9309933528976925,False,-0.21432771360866879,False,50.6,True,1.0505771945851674,85.0,1.05,0,True,▄▅▇▇▇▄▆▅▄▃▅█▆▆▁▇▇▄▇▆,False,False,False,0,-0.041196388261851014,-0.09579563597658336,-0.051275544800528094,-0.1460153441534321,UP,False,11,20.0,IGNORE,SEED,,GREEN,C,WATCHLIST,No standout factor,Utilities,35.4
JINDALSTEL,1099.0,1122.0,1124.5,1097.7,True,True,True,False,False,True,1.4362017064613968,183.6620226,1.4917392363660495,False,-0.021912515749216918,False,38.76,False,0.8677158655891111,34.0,-0.54,0,False,▅▆▇▇▂▅▁▄▅▁▆▅▄▄▄▆▃▄█▃,False,False,False,0,0.06719751408040398,-0.1013165426445336,0.057118357541726894,-0.15153625082138233,UP,False,10,20.0,IGNORE,NONE,,GREEN,C,WATCHLIST,No standout factor,Non-Energy Minerals,41.4
CSBBANK,316.95,324.0,325.8,315.25,True,False,False,False,False,False,0.7997956080891458,15.01683744,0.7343077749844167,False,-0.29440911077675236,False,68.32,True,1.4178097827214808,99.0,2.04,0,False,▅▅▃▅▅▆▆▁▃▂▆▅▆▆▆▆▆▇▇█,False,False,False,0,-0.12056048834628186,-0.10174295026215119,-0.13063964488495894,-0.15196265843899992,UP,False,10,20.0,IGNORE,SEED,,GREEN,C,WATCHLIST,Delivery P99,Finance,31.4
DHANUKA,1020.6,1029.9,1029.9,1010.9,True,False,False,False,False,False,0.7240300428101634,3.51433404,0.7240740640297013,False,0.15745412559597108,False,48.76,False,0.91908958107535,27.0,-0.42,0,True,▅▇▅▅▇▅▅▄▄▅▇▆█▆▇▁▄▆▆▅,False,False,False,0,-0.02418969308729335,-0.10063447303489592,-0.03426884962597043,-0.15085418121174465,UP,False,10,20.0,IGNORE,NONE,,GREEN,C,WATCHLIST,CMF positive,Process Industries,36.8
VMM,108.72,109.52,110.08,107.93,True,False,False,False,False,False,0.706179934169333,80.783667576,0.691253567813063,False,-0.09117749524626505,False,52.88,True,1.036740775595028,50.0,0.03,0,True,▆█▅▆▆▄▅▆▁▃▅▄▆▄▆▅▅▄▅▅,False,False,False,0,-0.08477144540786263,-0.10716925351071693,-0.09485060194653971,-0.15738896168756566,UP,False,9,20.0,IGNORE,NONE,,GREEN,C,WATCHLIST,No standout factor,Retail Trade,39.8
MFSL,1497.4,1510.0,1524.0,1497.4,True,False,False,False,False,False,0.5206284853365092,53.66427042000001,0.5052739994295257,False,-0.09148810638060569,False,61.58,True,1.0132705866866316,65.0,0.37,0,True,▃▄▁▂▆▄▂▆▃█▃▆▅█▆▃▄▃▆▅,False,False,False,0,-0.0830935031535116,-0.1054958183990442,-0.09317265969218869,-0.15571552657589294,UP,False,9,20.0,IGNORE,NONE,,GREEN,C,WATCHLIST,No standout factor,Finance,31.4
INSECTICID,647.7,648.15,650.0,641.1,True,True,False,False,False,False,0.32479697466104357,0.48286035,0.3288472188548885,False,-0.022311821019560682,False,60.05,True,1.0132712377770465,66.0,0.28,0,True,█▇▇▆█▇▆▅▅▆▄▆▅▇▆▁▄▅▆▆,False,False,False,0,-0.01714719271623666,-0.11943443681598787,-0.02722634925491374,-0.1696541449928366,UP,False,7,20.0,IGNORE,NONE,,GREEN,C,WATCHLIST,No standout factor,Process Industries,36.8
RALLIS,213.03,215.02,215.05,211.51,True,False,False,False,False,False,0.49426093451661013,16.865031222,0.460728922042517,False,-0.3400903949901999,False,56.58,True,1.0818252215561992,87.0,0.89,0,True,█▅▂▄▅▃▁▂▄▃▃▅▃▃▄▆▅▆▆▅,False,False,False,0,-0.0700222639367879,-0.12369395310571774,-0.08010142047546498,-0.17391366128256647,UP,False,6,20.0,IGNORE,SEED,,GREEN,C,WATCHLIST,No standout factor,Process Industries,36.8
RESPONIND,169.44,170.1,174.83,168.2,True,False,False,False,False,False,0.03378378996070611,1.4088766560000001,0.027623223043210743,False,0.04471896418889549,True,39.72,True,1.2537878787878787,46.0,-0.08,0,False,▆█▆▆▁▂▃▃▃▄▆▆▅▅▄▅▅▆▅▆,False,False,False,1,-0.1004459545551073,-0.12767710049423397,-0.11052511109378438,-0.1778968086710827,UP,False,6,20.0,IGNORE,NONE,,GREEN,C,WATCHLIST,CMF positive,Non-Energy Minerals,41.4
ANGELONE,292.0,297.05,298.75,289.05,True,False,False,False,False,False,0.6150030399418369,119.529908,0.5651250350560828,False,-0.39151919207056024,False,43.35,True,1.172350379965925,94.0,1.55,0,False,▄▅▁▂▃▅▆▇▆▂▇▅▄█▄▇▅▃▆▆,False,False,False,0,-0.15619130183499497,-0.13430180847909878,-0.16627045837367205,-0.18452151665594752,UP,False,5,20.0,IGNORE,SEED,,GREEN,C,WATCHLIST,Delivery P94,Finance,31.4
INDIAMART,1755.0,1763.8,1768.5,1748.0,True,False,False,False,False,False,0.8550184281719629,22.7772675,0.8219933858583315,False,-0.22406613758830768,False,65.29,True,1.0840382875216883,59.0,0.11,0,True,▄█▄▄▅▆▁▂▇▅▆▇▅▆▄▆▇▇▅▆,False,False,False,0,-0.08783783783783783,-0.12933472242893285,-0.09791699437651491,-0.17955443060578158,UP,False,5,20.0,IGNORE,NONE,,GREEN,C,WATCHLIST,No standout factor,Retail Trade,39.8
GENESYS,227.45,231.85,234.85,221.85,True,False,False,False,False,False,0.7771076978929223,7.517267989999999,0.5863974301900493,False,0.19888032069605718,False,40.6,False,0.9178252514976829,39.0,-0.14,0,True,▂▆▄▄▅▅▄▄▃▁▄█▆▅▄▅▁▆▃▄,False,False,False,0,-0.3026214931779856,-0.13401865600609175,-0.31270064971666267,-0.18423836418294048,FLAT,False,5,20.0,IGNORE,NONE,,GREEN,C,WATCHLIST,CMF positive,Technology Services,38.0
ELECON,437.85,450.65,450.65,432.1,True,False,False,False,False,False,0.5405963308440384,16.225363665,0.5130820316673076,False,-0.37319426444024134,False,47.47,True,1.0145980721140488,62.0,0.36,0,True,▁▅█▄▁▂▅▄▁█▆▄▇▁▅▄▄▃▂▄,False,False,False,0,-0.14239545588091274,-0.14147058823529413,-0.15247461241958982,-0.19169029641214286,UP,False,4,20.0,IGNORE,NONE,,GREEN,C,WATCHLIST,No standout factor,Producer Manufacturing,37.9
BANDHANBNK,176.02,174.66,177.2,173.52,False,False,False,False,False,False,0.493204769903223,188.82064965400002,0.48110593628369147,False,-0.2815969298691143,False,48.33,True,1.1347734209908429,80.0,0.75,0,True,▄▄▁▄▅▅▅▂▄▁▂▂▅▄▆▆▆█▇▆,False,False,False,2,-0.16180952380952374,-0.15496879500720118,-0.17188868034820082,-0.2051885031840499,UP,False,3,20.0,IGNORE,NONE,,GREEN,C,WATCHLIST,No standout factor,Finance,31.4
MARSONS,101.74,107.76,108.68,101.15,True,False,False,False,False,False,1.3158566389476716,22.056570689999997,1.1927793208422124,False,-0.44767037992023734,False,37.53,True,1.5850825695822952,85.0,0.9,1,False,▅▅▄▅▅▄▂▁▁▂▂▂▅▄█▂█▄▂▇,False,False,False,0,-0.14504201680672268,-0.32389686337054757,-0.15512117334539977,-0.3741165715473963,UP,False,1,20.0,IGNORE,SEED,DEL38% ▅▅▄▅▅▄▂▁▁▂▂▂▅▄█▂█▄▂▇ P85 Z+0.9,GREEN,C,WATCHLIST,No standout factor,Producer Manufacturing,37.9
WELSPLSOL,50.25,50.8,50.8,49.0,False,False,False,True,False,False,0.5454258538158813,1.360795125,0.5261988048021841,False,-0.13658571484625154,False,65.69,True,1.2293440628801346,77.0,0.7,0,True,▄▆▄▅▇▅▃▃▅▁▄▅▃▄▅▆▆▆█▆,False,False,False,0,-0.05170786940932259,0.19217081850533813,-0.061787025947999674,0.1419511103284894,FLAT,True,78,19.0,IGNORE,NONE,,GREEN,C,WATCHLIST,No standout factor,Non-Energy Minerals,41.4
ELECTHERM,995.3,1001.7,1018.9,990.0,True,False,False,True,False,False,0.5966396712196301,1.1053801799999998,0.5747733829964882,False,-0.36620604109646976,False,65.05,True,1.138421959905846,73.0,0.63,0,True,█▄▃▅▅▆▇█▇▁▃▅▅▅▅▄▅▇▆▆,False,False,False,0,-0.11094238499330067,0.12673345785928558,-0.12102154153197775,0.07651374968243685,FLAT,True,66,19.0,IGNORE,NONE,,GREEN,C,WATCHLIST,No standout factor,Non-Energy Minerals,41.4
GOODYEAR,802.9,800.0,814.0,800.0,True,False,False,False,False,False,0.5174517726827202,0.9515970799999999,0.4972365676176366,False,0.21312101484802776,False,34.03,False,0.5617736397253038,1.0,-2.92,0,False,▇▆▄▅▅▇██▃▅▆█▇▇▇▄▆▃▂▁,False,False,False,16,0.030415811088295497,0.08529332251959998,0.020336654549618416,0.03507361434275125,FLAT,True,57,19.0,IGNORE,NONE,,GREEN,C,WATCHLIST,CMF positive,Consumer Durables,38.4
ZENSARTECH,499.0,500.65,507.65,497.0,True,False,False,False,False,False,0.0974099272097239,35.2954676,0.09319549708654012,False,0.03151699878281949,False,29.12,True,1.2421883331555934,11.0,-1.18,0,False,▁▂▃▂▄▄▄▅▄▁▃▃▄▄▅▅▇█▆▅,False,False,False,1,-0.018199704869650724,0.009814833552564961,-0.028278861408327804,-0.04040487462428377,UP,False,37,19.0,IGNORE,NONE,,GREEN,C,WATCHLIST,CMF positive,Technology Services,38.0
ARVINDFASN,458.8,462.8,463.55,455.95,True,False,False,False,False,False,0.20806504407397428,3.52734616,0.2040652261134116,False,0.0630920125141473,True,53.81,False,0.9391088849718146,54.0,0.05,0,False,▄▆▂█▆▂▁█▅▅▃▆▆▂▄▇▅▇▆▄,False,False,False,1,-0.015450643776824036,-0.005527256963260063,-0.025529800315501117,-0.055746965140108795,UP,False,32,19.0,IGNORE,NONE,,GREEN,C,WATCHLIST,CMF positive,Retail Trade,39.8
ACC,1362.8,1370.0,1373.9,1360.0,True,False,False,False,False,False,0.7866249764210705,21.85154404,0.7822016151013806,False,0.023498932893965676,False,47.9,True,1.1721522084913742,40.0,-0.27,0,False,▇▇▆█▆▆▅▇▇▁▅▆▇▄▇▆█▆▇▇,False,False,False,0,-0.015673528349584687,-0.02608447080683196,-0.025752684888261768,-0.07630417898368069,UP,False,25,19.0,IGNORE,NONE,,GREEN,C,WATCHLIST,CMF positive,Non-Energy Minerals,41.4
SUNTV,486.65,491.6,491.95,485.1,True,False,False,False,False,False,0.5360969004177086,6.667056335,0.5228359072914278,False,-0.14892850486247583,True,52.08,False,0.9470554540247129,73.0,0.61,0,True,▁▆▁▂▂▄▃▃▂▃▃█▁▂▁▃▃▃▃▂,False,False,False,0,-0.026115669401641006,-0.03086727073583595,-0.03619482594031809,-0.08108697891268468,UP,False,24,19.0,IGNORE,NONE,,GREEN,C,WATCHLIST,No standout factor,Consumer Services,35.0
JKLAKSHMI,565.0,576.0,576.5,563.25,True,False,False,False,False,False,1.114298283326168,18.8909445,1.1026242193906157,False,-0.5998760685083203,True,51.74,True,1.043355515224844,35.0,-0.44,0,False,▆▆▅█▇▆▅▆▆▅▆▅█▄█▇▇▇▁▆,False,False,False,0,0.006681514476614803,-0.042940628440755524,-0.0033976420620622783,-0.09316033661760426,UP,False,21,19.0,IGNORE,NONE,,GREEN,C,WATCHLIST,No standout factor,Non-Energy Minerals,41.4
RSYSTEMS,247.85,254.9,256.45,246.0,True,False,False,False,False,False,0.45847813996781556,6.524031625,0.44868314920438496,False,-0.038654213093300915,True,51.11,True,1.1330709970625727,58.0,0.31,0,False,▆▇▇▆▆▁▇█▅▃▅▆▄▆▄▇▇▅▅▇,False,False,False,0,0.02476639378152634,-0.06489341633654033,0.01468723724284926,-0.11511312451338906,UP,False,16,19.0,IGNORE,NONE,,GREEN,C,WATCHLIST,No standout factor,Technology Services,38.0
KAMAHOLD,2520.1,2505.2,2525.0,2490.0,False,False,False,False,False,True,0.5986807232463631,0.51233633,0.580101593145049,False,-0.1807326242731954,True,65.62,True,1.0290669865838646,41.0,-0.17,0,False,▄▄▂▇▄▆▄▃▅▄▁▄▇█▄▆▇▇▅▅,False,False,False,1,-0.03065620432340954,-0.06559139784946244,-0.04073536086208662,-0.11581110602631117,UP,False,15,19.0,IGNORE,NONE,,GREEN,C,WATCHLIST,No standout factor,Process Industries,36.8
INA,111.4,112.5,112.5,109.25,True,False,False,True,False,False,0.18752845092050124,3.6318850800000004,0.17127677402261732,False,-0.021164556304501068,True,51.64,True,1.2584685870253933,59.0,0.28,0,False,▁▁▃▄▄▃▃▃▄▅▄▆▅▆▆▆▄█▆▆,False,False,False,0,-0.10894256918892975,-0.08688524590163926,-0.11902172572760683,-0.137104954078488,UP,False,12,19.0,IGNORE,NONE,,GREEN,C,WATCHLIST,No standout factor,Electronic Technology,34.1
TATAPOWER,378.8,382.05,382.75,377.2,True,False,False,False,False,False,0.7273218321622485,93.16711004,0.728865251737948,False,0.00851062927843941,False,54.05,True,1.1884867408417257,84.0,0.95,0,False,▇▅▅▆▅▆▃▃▃▂▄▁▃▃█▆▅▅▆█,False,False,False,0,0.008788282290279614,-0.10013065684760658,-0.0012908742483974667,-0.1503503650244553,UP,False,10,19.0,IGNORE,NONE,,GREEN,C,WATCHLIST,CMF positive,Utilities,35.4
IREDA,119.8,120.5,121.9,119.55,True,False,False,False,False,False,0.9748139704287356,59.50592988,0.962055391849885,False,0.033077213033272324,False,34.3,False,0.9902133433413205,59.0,0.22,0,True,▁▇▇▅▃▄▄▆▂▄▄▇▃▂█▃▁▄▅▄,False,False,False,0,-0.05221518987341778,-0.10093808630393997,-0.06229434641209486,-0.1511577944807887,UP,False,10,19.0,IGNORE,NONE,,GREEN,C,WATCHLIST,CMF positive,Finance,31.4
CMSINFO,273.15,279.0,279.0,272.0,True,False,False,False,False,False,0.3322907390428897,5.689905704999999,0.33486925151305036,False,0.03639448322912041,False,62.42,True,1.049781365623949,58.0,0.14,0,False,▃▄▅▅▇▄█▁▄▄▅▆▅▆█▇▆▇▇▆,False,False,False,0,0.04096798780487809,-0.1029556650246306,0.03088883126620101,-0.15317537320147934,UP,False,9,19.0,IGNORE,NONE,,GREEN,C,WATCHLIST,CMF positive,Finance,31.4
GMRP&UI,97.49,97.83,98.4,96.51,True,False,False,False,False,False,0.7326035124320842,5.326775608,0.7238561751203211,False,-0.05498453556677479,True,41.88,False,0.8183923319686948,17.0,-0.82,0,True,▄▅▃██▃▅▁▃▃▅▄▄▆▆▆▅▇▅▃,False,False,False,0,-0.012559505722678055,-0.1098429510591673,-0.022638662261355136,-0.16006265923601604,UP,False,8,19.0,IGNORE,NONE,,GREEN,C,WATCHLIST,No standout factor,Industrial Services,34.6
INOXWIND,78.0,78.3,78.7,76.85,True,False,False,False,False,False,0.8801216767448923,77.3803368,0.873770869350745,False,-0.2573467952497826,True,35.6,False,0.9564878625451714,47.0,-0.17,0,True,▆▇▄▄█▃▇▅▃▁▁▅▂▃▄▃▃▄▅▄,False,False,False,0,-0.055804382036073075,-0.16147065147280149,-0.06588353857475016,-0.21169035964965022,UP,False,3,19.0,IGNORE,NONE,,GREEN,C,WATCHLIST,No standout factor,Producer Manufacturing,37.9
CUB,212.0,209.0,215.0,207.49,False,False,False,False,False,False,0.9083991252572597,72.9172728,0.862872757289389,False,-0.06671398364952202,True,48.69,False,0.896767658163735,17.0,-0.7,0,True,▅▅▇▄▅▃▄▅▆▆▄▁▃▄▄▄█▅▄▄,False,False,False,0,-0.07556795883661105,-0.17009199451947543,-0.08564711537528813,-0.22031170269632416,UP,False,3,19.0,IGNORE,NONE,,GREEN,C,WATCHLIST,No standout factor,Finance,31.4
FRONTSP,1396.1,1428.0,1428.0,1364.1,True,True,False,False,False,False,1.0846196763994793,2.0355138,1.0976452154667629,False,-0.27621664654918887,True,52.95,False,0.8997298261711781,32.0,-0.37,0,True,▅▅▂▃▇▆▇▇▅▄▁▆▅▆▃▄▇▅█▄,False,False,False,0,-0.03317174515235466,-0.1640119760479043,-0.04325090169103174,-0.21423168422475303,UP,False,3,19.0,IGNORE,NONE,,GREEN,C,WATCHLIST,No standout factor,Producer Manufacturing,37.9
JAGRAN,63.46,62.6,63.59,62.56,False,True,False,False,False,False,0.9394323058754467,1.337501998,0.9477372747023495,False,-0.3561859949043605,True,50.31,False,0.7954150197628459,3.0,-1.87,0,True,▅▃▃▇▃▇▂▅█▄▃▅▃▅▃▂▄▅▄▁,False,False,False,0,-0.007041151619464836,-0.1530762044574937,-0.017120308158141917,-0.20329591263434243,UP,False,3,19.0,IGNORE,NONE,,GREEN,C,WATCHLIST,No standout factor,Consumer Services,35.0
AFCONS,274.25,279.0,285.8,268.75,True,False,False,False,False,False,0.6065192948336383,32.646198925,0.565681689813973,False,0.03239844556265643,False,42.18,False,0.8578401464307505,29.0,-0.48,0,True,▅▇▅▆▁▄▅▆▅▆▆█▆▇█▅▅▇▄▅,False,False,False,0,-0.08856763044200722,-0.19112225335496247,-0.0986467869806843,-0.2413419615318112,UP,False,2,19.0,IGNORE,NONE,,GREEN,C,WATCHLIST,CMF positive,Industrial Services,34.6
FRACTAL,820.0,804.0,823.0,803.15,False,False,False,False,False,False,0.5986842571979848,19.722394,0.5934108991174287,False,-0.01808134689345739,True,45.43,False,0.9788733153058037,57.0,0.24,0,True,▆▄▂▄▇▆▃█▅▆▅▃▄█▁▆▅▆▂▅,False,False,False,0,-0.035634481947547925,-0.1905231984205331,-0.045713638486225006,-0.24074290659738184,UP,False,2,19.0,IGNORE,NONE,,GREEN,C,WATCHLIST,No standout factor,Technology Services,38.0
TIRUMALCHM,167.76,169.13,173.01,167.1,True,False,False,False,False,False,0.611809855568758,6.953517792,0.6021676349971541,False,-0.08528146244571295,True,54.24,False,0.9680787456383806,71.0,0.4,0,True,▅▆▆█▇▄▂▁▂▁▇▁▃▇▄▆▄▃▄▄,False,False,False,0,0.0016718414139000881,-0.18257564683525795,-0.008407315124776993,-0.2327953550121067,UP,False,2,19.0,IGNORE,NONE,,GREEN,C,WATCHLIST,No standout factor,Process Industries,36.8
MEDPLUS,700.25,690.2,704.95,681.0,False,False,False,False,False,False,0.538613032184615,12.1053618,0.5291091122435969,False,-0.026146264265339385,True,61.26,True,1.0873076445217515,61.0,0.24,0,False,▆▆▄▅▇▆▅▁▂▆▇▆▆▇█▇█▅▆▆,False,False,False,0,-0.15234233143687204,-0.21777256478999107,-0.16242148797554912,-0.2679922729668398,UP,False,1,19.0,IGNORE,NONE,,GREEN,C,WATCHLIST,No standout factor,Retail Trade,39.8
RML,1053.7,1038.0,1063.4,1031.0,False,False,False,True,False,False,0.7119524056447141,4.586123880000001,0.6605739496877829,False,-0.539869036952651,True,37.15,False,0.7873097952782605,9.0,-1.31,0,True,▅▇▇▅▇▅▅▆▆▆▆▇▅▄▅▄█▁▇▄,False,False,False,0,-0.18921206525084633,0.15823028304479259,-0.1992912217895234,0.10801057486794385,FLAT,True,72,18.0,IGNORE,NONE,,GREEN,C,WATCHLIST,No standout factor,Producer Manufacturing,37.9
NAVKARCORP,99.62,100.5,101.71,99.25,True,False,False,False,False,False,0.28848295456198497,3.5560853300000006,0.26800284205519964,False,-0.2683082486849656,False,67.77,True,1.4074766355140187,98.0,1.83,0,True,▅▄▃▆▁▃▅▆▅▅▆▆▆▆▅▅▇▇▇█,False,False,False,2,-0.08772893772893775,0.04918378093733544,-0.09780809426761483,-0.0010359272395132901,FLAT,False,48,18.0,IGNORE,SEED,,GREEN,C,WATCHLIST,Delivery P98,Transportation,31.8
VIDHIING,316.65,323.0,325.55,315.0,True,True,True,False,False,False,0.14735268772545893,0.37523024999999993,0.1500644733855593,False,-0.03516467571858494,False,53.51,False,0.805903836740841,19.0,-0.89,0,False,▇▆▇▆▆▆▆▇▆▆▇▇▁█▄▄▄▄▄▄,False,False,False,7,0.06922167820361302,0.043155987481469094,0.05914252166493594,-0.007063720695379638,UP,False,47,18.0,IGNORE,NONE,,GREEN,C,WATCHLIST,No standout factor,Consumer Non-Durables,39.6
OBEROIRLTY,1775.0,1780.0,1792.2,1770.5,True,False,False,True,False,True,0.467994102108947,30.39439,0.44614536551058975,False,-0.08885118992099461,False,49.93,True,1.1837083046869443,56.0,0.15,0,False,▆▅▅▇▆▁▂▃▁▃▅▅▅▃█▆▅▅▇▆,False,False,False,1,-0.07782626766417289,0.039775057114404655,-0.08790542420284997,-0.010444651062444077,FLAT,False,45,18.0,IGNORE,NONE,,GREEN,C,WATCHLIST,No standout factor,Finance,31.4
ANTELOPUS,799.45,861.0,874.9,795.0,True,False,False,True,False,True,1.300995458512665,17.690469435,1.2303863702593014,False,-0.28026501761673406,False,55.59,True,1.1564505559658413,72.0,0.61,0,False,▅▃▅▂▂█▄▄▃▅▄▁▅▆▂▆▄▂▃▅,False,False,False,0,-0.021840205554875647,0.03174808027360143,-0.03191936209355273,-0.0184716279032473,FLAT,False,43,18.0,IGNORE,NONE,,GREEN,C,WATCHLIST,No standout factor,Energy Minerals,42.6
ASHIANA,375.85,389.0,389.0,375.0,True,False,False,True,False,True,0.08919446528657,1.458561095,0.08522200341545234,False,-0.40048583528996806,False,62.0,True,1.3995959231125206,71.0,0.62,0,False,▄█▇▅█▅▁▂▄▄▅▅▇▅▅▆▅▆▇▇,False,False,False,2,0.0032029894568263995,0.03142151481888056,-0.0068761670818506815,-0.018798193357968174,UP,False,43,18.0,IGNORE,NONE,,GREEN,C,WATCHLIST,No standout factor,Finance,31.4
EUREKAFORB,450.55,458.1,459.6,446.1,True,False,False,False,False,False,1.2195082444613314,7.971536095,1.2001969719300833,False,0.0025305533892702845,True,50.25,False,0.9087867470860048,19.0,-0.74,0,False,▇▁▆▅▆▆▅▇▇▇█▅▆▃▆█▂▆▅▅,False,False,False,0,-0.0038691134202962774,0.02339579784213508,-0.013948269958973358,-0.026823910334713652,UP,False,41,18.0,IGNORE,NONE,,GREEN,C,WATCHLIST,CMF positive,Producer Manufacturing,37.9
EMMVEE,318.9,325.95,326.7,316.65,True,False,False,True,False,True,0.4851589980041627,50.12827367999999,0.4521455764805677,False,-0.005927762512387234,False,45.3,True,1.083433983473446,78.0,0.71,0,False,▆▇▇▁▆█▆▆▅▅▇▇▇▆▆█▆▇▇▇,False,False,False,1,-0.04320432043204325,0.02195161031885906,-0.053283476970720334,-0.02826809785798967,FLAT,False,40,18.0,IGNORE,NONE,,GREEN,C,WATCHLIST,No standout factor,Electronic Technology,34.1
EPACK,229.48,227.99,235.01,227.99,False,False,False,False,False,False,1.0918683857901903,11.216615231999999,1.0504388677224599,True,-0.018419653581134923,False,36.18,False,0.8677819751753912,32.0,-0.32,0,True,▁▄▄▅▃▂▃▂▄▃▅▅▇▄▆▆▂█▆▃,False,False,False,0,-0.016542384503299923,0.01226290251433615,-0.026621541041977004,-0.03795680566251258,UP,False,37,18.0,IGNORE,NONE,,GREEN,C,WATCHLIST,No standout factor,Producer Manufacturing,37.9
ICICIPRULI,501.05,509.6,509.6,501.05,True,False,False,False,False,False,0.42133200928076653,48.810236695,0.413006178845316,False,0.1685264622493593,False,54.69,False,0.99407445106878,48.0,-0.12,0,False,▃▃▁▂▅▄▆▇▇▅▇▅▅█▆██▆█▅,False,False,False,0,-0.018222788282551194,-0.005754539140787718,-0.028301944821228275,-0.05597424731763645,UP,False,32,18.0,IGNORE,NONE,,GREEN,C,WATCHLIST,CMF positive,Finance,31.4
SCHAEFFLER,4035.2,4036.6,4088.0,4020.6,True,False,False,False,False,True,0.4235487744460026,12.21212928,0.41481950327984013,False,-0.03049787410974637,False,57.41,False,0.9351990617058709,49.0,-0.1,0,True,▄▂▅█▇▃▂▃▂▄▅▄▁▄▆▃▂▄▄▃,False,False,False,0,-0.01219094247246022,-0.0226463535737641,-0.0222700990111373,-0.07286606175061283,UP,False,26,18.0,IGNORE,NONE,,GREEN,C,WATCHLIST,No standout factor,Producer Manufacturing,37.9
AMBER,7435.0,7424.0,7557.0,7329.0,False,False,False,True,False,False,0.865725951512865,156.1074905,0.8454706453814924,False,-0.1720905727119956,False,26.4,False,0.8621534241207015,23.0,-0.7,0,True,▆▃▇▄▅▁▆▆▄▅▅▇▃▃▄▆▅█▇▄,False,False,False,0,-0.04422162231649307,-0.023637557452396596,-0.05430077885517015,-0.07385726562924533,UP,False,25,18.0,IGNORE,NONE,,GREEN,C,WATCHLIST,No standout factor,Producer Manufacturing,37.9
GNRL,93.9,95.05,95.08,93.05,True,False,False,False,False,False,0.5908895136634301,0.62737407,0.5784328308977458,False,-0.1284834051624985,False,70.56,True,1.506404782237404,70.0,0.67,1,True,▂▄▃▇▄▃▃▃█▁▁▄▃▂▃▅▄▅▄▆,False,False,False,0,-0.08746355685131191,-0.029958677685950286,-0.09754271338998899,-0.08017838586279902,FLAT,False,24,18.0,IGNORE,NONE,DEL71% ▂▄▃▇▄▃▃▃█▁▁▄▃▂▃▅▄▅▄▆ P70 Z+0.7,GREEN,C,WATCHLIST,No standout factor,Energy Minerals,42.6
RVNL,233.38,235.0,236.76,233.01,True,True,False,False,False,False,1.002038349763369,109.406303552,1.02711467245257,False,-0.12199160980193918,False,26.12,False,0.7563779573161903,44.0,-0.31,0,True,▆▇▅▃▆▄▆▃▁▅▂▅█▇█▅▄▆▄▂,False,False,False,0,0.003051532213005581,-0.04917498472193926,-0.0070276243256715,-0.099394692898788,UP,False,20,18.0,IGNORE,NONE,,GREEN,C,WATCHLIST,No standout factor,Industrial Services,34.6
JSWDULUX,3011.7,3088.6,3108.7,3000.0,True,True,False,False,False,False,0.9952983303978223,5.148199979999999,1.002592995922714,False,-0.01191005735238741,False,60.63,True,1.3071317695757159,70.0,0.5,0,False,▅▅▄▃▃▁▃▂▄▁▂▆▄▇█▆▃▂▅▇,False,False,False,0,0.02665757627407528,-0.04445079002474783,0.016578419735398198,-0.09467049820159656,UP,False,20,18.0,IGNORE,NONE,,GREEN,C,WATCHLIST,No standout factor,Process Industries,36.8
ICRA,5092.4,5161.0,5205.0,4975.0,True,True,False,False,False,False,1.0901162790697674,26.773292999999995,1.0943974874271005,False,-0.09017354834145061,False,68.61,True,1.1183009518842093,82.0,0.78,0,False,█▅▅▅▅▅▅▅▅▇▅▇█▃▁▆▆▇▇▇,False,False,False,0,-0.03880709701774265,-0.05257674418604663,-0.048886253556419734,-0.10279645236289536,UP,False,19,18.0,IGNORE,NONE,,GREEN,C,WATCHLIST,No standout factor,Commercial Services,35.1
FIRSTCRY,214.2,213.89,215.63,212.31,False,True,False,False,False,False,0.6051344910817121,9.457958159999999,0.6086846033964682,False,-0.12036645625990856,False,43.79,False,0.9510778085464515,58.0,0.19,0,True,▃▅▃▄▃▅▆▆▇▁▅▅█▇▅▇▆▃▆▄,False,False,False,0,0.009187279151943395,-0.050068739190208045,-0.000891877386733686,-0.10028844736705678,UP,False,19,18.0,IGNORE,NONE,,GREEN,C,WATCHLIST,No standout factor,Retail Trade,39.8
LINCOLN,600.15,602.0,608.25,591.5,True,True,False,True,False,False,0.9083009186460316,1.31732925,0.9142113781613139,False,-0.019286890229207498,False,50.38,False,0.8458413082166483,27.0,-0.52,0,True,▅▆▁▄▇▄▄▆▅▄▄▄▅▅█▇▄▆▄▂,False,False,False,0,-0.024939073923639365,-0.0518208389288255,-0.035018230462316446,-0.10204054710567423,UP,False,19,18.0,IGNORE,NONE,,GREEN,C,WATCHLIST,No standout factor,Health Technology,33.0
GESHIP,1341.8,1350.1,1362.7,1332.5,True,False,False,True,False,False,0.8359930909466426,104.33407423999999,0.7960630993521826,False,-0.6076530299468712,False,42.66,False,0.9085874936104957,23.0,-0.61,0,True,▅▃▆█▇▁▆▅▇▅▇▇▇▆█▆▁▄▅▅,False,False,False,0,-0.055668942219719963,-0.05433786736204116,-0.06574809875839704,-0.10455757553888989,UP,False,18,18.0,IGNORE,NONE,,GREEN,C,WATCHLIST,No standout factor,Transportation,31.8
MOIL,278.15,282.0,284.4,277.05,True,True,False,False,False,False,0.22728681380333798,13.97898455,0.22120710179891775,False,-0.24490929158087013,False,46.41,True,1.185637462158468,75.0,0.65,0,False,▅▆▇▅▅▅▆▆█▆▇▇▅▁▄▄▅▇▅▇,False,False,False,0,0.015145985401459727,-0.06488485459741133,0.005066828862782646,-0.11510456277426007,UP,False,16,18.0,IGNORE,NONE,,GREEN,C,WATCHLIST,No standout factor,Non-Energy Minerals,41.4
ICICIGI,1639.0,1646.1,1658.7,1631.4,True,False,False,False,False,False,0.22340513206542245,64.7336162,0.2215506006378646,False,0.08781750431563477,False,50.83,False,0.9085465578722529,16.0,-0.96,0,False,▂▇▄▁▅▃▄▅▄▃▂▁▄▄▇▅▅▂█▃,False,False,False,0,-0.10250793998466767,-0.08548153107912071,-0.11258709652334475,-0.13570123925596944,UP,False,13,18.0,IGNORE,NONE,,GREEN,C,WATCHLIST,CMF positive,Finance,31.4
JINDALPOLY,620.0,637.0,637.0,617.6,True,False,False,False,False,False,0.6778286560741298,0.777356,0.6311715414654778,False,-0.5245279384403936,False,71.78,True,1.292157586340357,96.0,1.64,0,True,▁▂▆▄▅▄▂▃▄▄▂▁▃▅▄▅▆█▅█,False,False,False,0,-0.13685089795350125,-0.08601754256652172,-0.14693005449217833,-0.13623725074337045,FLAT,False,13,18.0,IGNORE,SEED,,GREEN,C,WATCHLIST,Delivery P96,Process Industries,36.8
STAR,1003.8,998.3,1019.7,991.0,False,False,False,True,False,False,0.9325479386252442,26.15210178,0.9062197058840292,False,-0.21281920526475678,False,43.79,False,0.9395584354281545,49.0,0.04,0,True,▄▄▄█▆▆▅▅▄▅▆▅▅▄▁▄█▆▅▅,False,False,False,0,-0.07278773323480503,-0.09713977334052892,-0.08286688977348211,-0.14735948151737766,UP,False,11,18.0,IGNORE,NONE,,GREEN,C,WATCHLIST,No standout factor,Health Technology,33.0
MCX,2638.0,2633.2,2684.5,2621.0,True,False,False,True,False,False,0.8038720144098765,381.0957682,0.774850121618116,False,-0.18634790605377272,False,39.74,False,0.8552674055740881,56.0,0.18,0,True,▁▃▃▅█▂▄▁▃▁▄▇▄▃▃▄▄▁▄▁,False,False,False,0,-0.04789403399862846,-0.1071247249957692,-0.05797319053730554,-0.15734443317261793,UP,False,9,18.0,IGNORE,NONE,,GREEN,C,WATCHLIST,No standout factor,Finance,31.4
JWL,260.0,261.05,261.75,258.8,True,True,False,False,False,False,0.340965876677003,11.27399,0.3436398922545222,False,-0.05024317392510032,False,47.47,True,1.2977214013313467,86.0,1.2,0,False,▅▆▄▄▆▆█▇▆▅▇█▁▅▅▅▆▅▆▇,False,False,False,0,0.012461059190031154,-0.10576096302665516,0.002381902651354073,-0.1559806712035039,UP,False,9,18.0,IGNORE,SEED,,GREEN,C,WATCHLIST,No standout factor,Producer Manufacturing,37.9
INDUSTOWER,386.0,386.95,389.6,385.0,False,False,False,False,False,False,1.245750058037781,215.7384494,1.2114946740048036,True,-0.11333073424099142,False,62.5,True,1.1583619834863916,72.0,0.71,0,False,▇▆▆▄▇▅▂▁▇▆▄▆▅▅▁▂▇▅█▇,False,False,False,0,-0.030516137134245835,-0.10905943450663591,-0.040595293672922916,-0.15927914268348464,UP,False,8,18.0,IGNORE,NONE,,GREEN,C,WATCHLIST,No standout factor,Finance,31.4
BSE,3435.0,3534.6,3536.8,3432.0,True,False,False,True,False,False,1.4768997290333117,1312.937379,1.3976564846613864,False,-0.2678481945164627,False,35.61,False,0.9177716782000231,76.0,0.7,0,True,▅▂▄▄█▁▄▁▃▂▄▅▃▆▄█▃▄▅▃,False,False,False,0,-0.09740652179625298,-0.21990325437739877,-0.10748567833493006,-0.2701229625542475,UP,False,1,18.0,IGNORE,NONE,,GREEN,C,WATCHLIST,No standout factor,Finance,31.4
SKMEGGPROD,235.0,237.0,239.79,231.0,True,False,False,True,False,False,0.3071213931463101,7.6591435,0.23550160662901126,False,-0.19381561525951835,False,42.94,True,1.2193148098192608,35.0,-0.24,0,False,▁▃▆▄▆▅▇▅▄▆█▄▃▆▅▇▆█▄▆,False,False,False,1,-0.26871012914267933,0.15094524439220303,-0.2787892856813564,0.1007255362153543,FLAT,True,70,17.0,IGNORE,NONE,,GREEN,C,WATCHLIST,No standout factor,Process Industries,36.8
J&KBANK,159.24,160.0,161.4,158.3,True,False,False,True,False,False,0.269406838295901,35.652546156,0.25097931155111347,False,-0.2954535057309426,False,54.24,True,1.3659199939561064,85.0,1.01,0,False,▃▃▁▅▃▅▅█▅▄▅▆▃▂▅▆▆▄▄▇,False,False,False,0,-0.1734233065144043,0.13451125676831,-0.18350246305308138,0.08429154859146126,FLAT,True,67,17.0,IGNORE,SEED,,GREEN,C,WATCHLIST,No standout factor,Finance,31.4
BOROLTD,244.21,247.6,247.6,241.1,True,True,True,False,False,False,0.4498708220328439,1.1964092110000002,0.4478912013022941,False,-0.06990904620157211,False,38.74,False,0.7806863752695322,13.0,-1.04,0,True,▄▁▇▅▇█▇▅▅▅▅█▇▅▃█▄█▅▃,False,False,False,1,0.05276544380738901,0.11389345010034657,0.04268628726871193,0.06367374192349784,FLAT,True,63,17.0,IGNORE,NONE,,GREEN,C,WATCHLIST,No standout factor,Producer Manufacturing,37.9
GREAVESCOT,198.85,202.0,203.3,197.57,True,False,False,True,False,False,0.34954635570183323,23.683492355,0.2921820150226966,False,-0.4817427886374685,False,46.06,True,1.3138415460315198,81.0,0.81,0,False,▂▁▄▂▅▅▂▄▃▃▆▅▄▅▇█▄▅▄▇,False,False,False,2,-0.24563732928679827,0.09468758601706573,-0.25571648582547535,0.044467877840216996,FLAT,True,59,17.0,IGNORE,NONE,,GREEN,C,WATCHLIST,No standout factor,Producer Manufacturing,37.9
NUVAMA,1642.7,1658.9,1675.0,1635.5,True,False,False,True,False,False,0.4023004642514783,34.245695440000006,0.3483686568373203,False,-0.1953521888506354,False,53.74,True,1.2261008441706596,88.0,1.16,0,False,▆▅▇▇▇▆▂▇▅▁▄▄▆▅▅▆▇█▇▇,False,False,False,1,-0.16934668284789633,0.05667052618036794,-0.17942583938657342,0.00645081800351921,FLAT,True,50,17.0,IGNORE,SEED,,GREEN,C,WATCHLIST,No standout factor,Finance,31.4
RAYMONDLSL,731.8,746.95,751.95,730.0,True,False,False,False,False,False,0.33303464755077655,3.86763618,0.334523707235901,False,-0.15603715283291233,True,55.93,True,1.1063198496686777,91.0,1.28,0,False,▄▇▅▆▇▆▇▇▅▅█▃▆▃▅▄▁▅▆▇,False,False,False,0,-0.016331742724645548,0.03595696489241229,-0.02641089926332263,-0.014262743284436441,FLAT,False,44,17.0,IGNORE,SEED,,GREEN,C,WATCHLIST,Delivery P91,Consumer Non-Durables,39.6
SHREDIGCEM,72.54,71.8,73.0,71.8,False,False,False,False,False,False,0.5292897784450508,0.34242507,0.5205631192553912,False,-0.08046016138356303,True,60.67,True,1.0340449103072138,64.0,0.19,0,True,▂▅▃▁▂█▃▃▄▃▃█▂▆▃▃▅▅▅▅,False,False,False,0,-0.027353177795655603,0.0219780219780219,-0.037432334334332684,-0.028241686198826832,FLAT,False,40,17.0,IGNORE,NONE,,GREEN,C,WATCHLIST,No standout factor,Non-Energy Minerals,41.4
RIIL,758.55,760.0,766.5,755.0,True,False,False,False,False,False,0.3795963028736815,1.727597625,0.3772344882172716,False,-0.08674367893463737,True,40.14,True,1.1019147621988883,83.0,0.96,0,True,▁█▅▂▂▁█▇▃▅▅▇▃▆▃▅▄▅▄▅,False,False,False,0,-0.04368381240544639,0.009448399760463078,-0.05376296894412347,-0.040771308416385654,FLAT,False,37,17.0,IGNORE,NONE,,GREEN,C,WATCHLIST,No standout factor,Industrial Services,34.6
HINDWAREAP,221.04,216.64,227.0,216.64,False,False,False,False,False,False,0.5445255652470817,1.036390248,0.5380053735579603,False,-0.2914299871503852,True,53.77,True,1.0042395831387856,52.0,0.06,0,True,▂▂▃▇█▃▁█▃▁▆▃▂▆▇▆▆▅▆▅,False,False,False,0,-0.10745003028467603,-0.011050959688604478,-0.11752918682335312,-0.06127066786545321,FLAT,False,31,17.0,IGNORE,NONE,,GREEN,C,WATCHLIST,No standout factor,Producer Manufacturing,37.9
LGEINDIA,1491.0,1505.0,1513.8,1484.8,True,False,False,False,False,True,1.203114681218374,57.0149454,1.1584260071850199,False,-0.041043376234019484,True,53.9,False,0.9329859879006084,35.0,-0.38,0,False,▅▅▃▅▄█▃▃▃▄▃▅▅▆▆▄▁▅▄▃,False,False,False,0,-0.03651050080775442,-0.021589343132751515,-0.0465896573464315,-0.07180905130960025,UP,False,26,17.0,IGNORE,NONE,,GREEN,C,WATCHLIST,No standout factor,Consumer Durables,38.4
GPPL,151.63,150.96,152.12,150.26,False,True,False,False,False,False,0.6729092976142481,10.428338086999998,0.6766931862302319,False,-0.31523472457907176,True,57.63,False,0.9820059298640221,75.0,0.61,0,False,▁▇██▅▆█▆▅▄▇▇▅▅▅▅▆▄█▆,False,False,False,0,-0.017303953337654,-0.036352081347314935,-0.02738310987633108,-0.08657178952416367,UP,False,22,17.0,IGNORE,NONE,,GREEN,C,WATCHLIST,No standout factor,Transportation,31.8
BANKBARODA,249.9,246.11,250.59,245.6,False,True,False,False,False,False,0.9396685773908336,235.36873983,0.9514386101155201,False,-0.07245063266992126,True,47.96,False,0.9440944881889765,38.0,-0.23,0,False,▇▇▄▅▅▇▅▆▄▂▁▃▇▄█▆▄▆▅▅,False,False,False,0,0.021668029435813585,-0.04636519748139667,0.011588872897136504,-0.0965849056582454,UP,False,20,17.0,IGNORE,NONE,,GREEN,C,WATCHLIST,No standout factor,Finance,31.4
JSWHL,12025.0,12150.0,12247.0,11854.0,True,True,True,False,False,False,1.1211649341357686,4.80519,1.1772349933217523,False,-0.07040319817870778,True,47.57,False,0.9529819500370615,42.0,-0.14,0,False,▆▇▆▃▅▅▆▅▆▄▄▁▇▆█▅▃▅▁▄,False,False,False,0,0.06907894736842102,-0.08742505881460116,0.05899979082974394,-0.1376447669914499,UP,False,12,17.0,IGNORE,NONE,,GREEN,C,WATCHLIST,No standout factor,Finance,31.4
PRAKASH,128.73,129.0,130.39,128.1,False,True,False,False,True,False,0.9277750421260734,3.023301288,0.9471137298230173,False,-0.1842399759400337,True,53.06,False,0.9208847852686204,53.0,0.05,0,False,▃▃▃▄▃▃▄█▃▄▂▂▂▃▄▄▃▄▁▂,False,False,False,0,-0.002402355858648453,-0.13102470635884977,-0.012481512397325534,-0.1812444145356985,UP,False,5,17.0,IGNORE,NONE,,GREEN,C,WATCHLIST,No standout factor,Non-Energy Minerals,41.4
ATLANTAELE,1607.4,1610.5,1625.0,1562.5,False,False,False,True,False,False,0.2590197962378572,5.72861286,0.25516039346282177,False,-0.333980607864212,True,47.3,False,0.9499517994858611,62.0,0.17,0,False,▄▁█▄▄▅▄▄▆▃▅▇▄▄▄▄▁▅▆▄,False,False,False,0,-0.05078540214952165,-0.1442261619549592,-0.06086455868819873,-0.19444587013180792,UP,False,4,17.0,IGNORE,NONE,,GREEN,C,WATCHLIST,No standout factor,Producer Manufacturing,37.9
ROUTE,528.3,535.45,538.0,527.5,True,False,False,False,False,False,0.061737734605675464,6.997439159999999,0.05538787522891352,False,-0.2419049826929873,False,47.53,True,1.4281421832276675,67.0,0.45,0,False,▄▄▄▅▆▆▇█▁▂▄▃▄▃▅▄▅▄▆▆,False,False,False,4,-0.032860411899313546,0.040882671657964664,-0.04293956843799063,-0.009337036518884068,FLAT,False,46,16.0,IGNORE,NONE,,GREEN,C,WATCHLIST,No standout factor,Communications,20.0
VHL,3568.7,3600.0,3649.8,3532.0,True,True,True,True,False,False,1.2387558252953288,0.40790240999999994,1.2593063936963451,False,-0.017891163568754958,False,64.13,False,0.8987708996117892,48.0,-0.05,0,False,▄▇▅▆▆██▇▇█▄▄▆▆▄▆▄▂▁▅,False,False,False,0,0.008506188888260935,0.035546398932157164,-0.001572967650416146,-0.014673309244691568,UP,False,44,16.0,IGNORE,NONE,,GREEN,C,WATCHLIST,No standout factor,Finance,31.4
MOBIKWIK,200.3,203.85,204.99,199.79,True,False,False,False,False,False,0.3120615120266422,18.33778548,0.28757435457257846,False,-0.10956197361917426,False,42.27,True,1.3341960734802096,96.0,1.6,0,False,▄▅▆▆▇▆▇▇▅▅▅▇▆█▅▁▆▇▅█,False,False,False,1,-0.09550688643034533,0.02089704383282376,-0.10558604296902241,-0.029322664344024973,FLAT,False,40,16.0,IGNORE,SEED,,GREEN,C,WATCHLIST,Delivery P96,Commercial Services,35.1
KIRLFER,445.1,452.6,452.8,443.4,False,False,False,False,False,False,0.30596574341076005,1.51552099,0.2923458901030857,False,0.05580127900156252,False,55.52,False,0.9399654623641351,25.0,-0.5,0,True,▄▅▆▅▆▆▅▆▇█▆▄▆▇██▆▁▅▅,False,False,False,0,-0.049134800256355526,0.014472934472934629,-0.05921395679503261,-0.0357467737039141,FLAT,False,38,16.0,IGNORE,NONE,,GREEN,C,WATCHLIST,CMF positive,Non-Energy Minerals,41.4
BSOFT,318.5,318.25,323.5,316.4,False,True,True,False,False,False,0.31923025731916715,25.44601605,0.3378658500716094,False,-0.09579830269714772,False,32.91,False,0.7806810499223112,22.0,-0.75,0,False,▅▅▆▅█▆▇▆▆▄▆▂▁▃▄▅▅▆▄▃,False,False,False,0,0.09770808202653813,-0.0026616564897448125,0.08762892548786105,-0.052881364666593544,UP,False,33,16.0,IGNORE,NONE,,GREEN,C,WATCHLIST,No standout factor,Technology Services,38.0
ROSSARI,513.95,523.0,523.95,512.6,True,False,False,False,False,False,0.36922340537488335,1.7761084100000002,0.3648696288706793,False,-0.16148548484324451,False,51.91,True,1.04264165344367,52.0,0.03,0,True,▃▅▄▁▆▃▄▇▆▇▃▄▅▄█▆▇▄▂▅,False,False,False,0,-0.019553605494086246,-0.009443962609617329,-0.029632762032763327,-0.05966367078646606,UP,False,31,16.0,IGNORE,NONE,,GREEN,C,WATCHLIST,No standout factor,Process Industries,36.8
JUNIPER,194.85,196.0,197.47,193.73,True,False,False,False,False,False,0.9764040113769528,4.200050204999999,0.9663715732688808,False,-0.5083818310415723,False,67.16,True,1.0867753549900885,84.0,0.9,0,True,▄▅▆▅▅█▇▆▅▅▆▄▅▄▅▆▆▅▁▆,False,False,False,0,-0.020460486627789987,-0.01161611037841126,-0.030539643166467068,-0.06183581855525999,UP,False,30,16.0,IGNORE,NONE,,GREEN,C,WATCHLIST,No standout factor,Consumer Services,35.0
SHAKTIPUMP,516.3,518.0,522.6,516.0,True,False,False,False,False,False,0.4457595607999745,10.99584762,0.4255075219728937,False,-0.26918292976379743,False,46.09,True,1.0734081699194187,71.0,0.59,0,True,▄▇▄▅▃▄▅▆▁▁▄▄▅▄█▆▇▆█▆,False,False,False,0,-0.10867501078981445,-0.016102906145783802,-0.11875416732849153,-0.06632261432263253,FLAT,False,28,16.0,IGNORE,NONE,,GREEN,C,WATCHLIST,No standout factor,Producer Manufacturing,37.9
MASFIN,302.15,310.0,310.3,300.65,True,False,False,False,False,True,1.011637524765807,3.9726682,0.9569627660231095,False,-0.1019347533433968,False,68.58,True,1.1603471904979443,95.0,1.47,0,False,▆▆▆▇▆▇▄▇▇▆▆█▁██▇▇▇▇█,False,False,False,0,-0.06295549697627545,-0.022010033986081923,-0.07303465351495253,-0.07222974216293065,FLAT,False,26,16.0,IGNORE,SEED,,GREEN,C,WATCHLIST,Delivery P95,Finance,31.4
INOXGREEN,175.25,182.55,182.77,172.7,True,False,False,False,False,False,1.2872973482782812,34.139488625,1.1581944589831226,False,-0.07155287212890712,False,56.87,True,1.2363446634129374,85.0,0.92,0,True,▅▃▄▄▄▅▅▇▄▅▅▄▆▄▄▂▁█▅▇,False,False,False,2,-0.12383761623837619,-0.027361527361527416,-0.13391677277705327,-0.07758123553837615,FLAT,False,25,16.0,IGNORE,SEED,,GREEN,C,WATCHLIST,No standout factor,Utilities,35.4
UGROCAP,95.08,96.79,96.79,94.1,True,False,False,False,False,False,0.9049149935170703,4.293717719999999,0.8859399130077561,False,-0.4558764743389154,False,79.57,True,1.4397640502297977,98.0,2.08,0,False,▇▅▅▄▅▄▆▅▇▅▄▄▇▅▆▁▃▄▆█,False,False,False,0,-0.029894908682787547,-0.02611902079278905,-0.03997406522146463,-0.07633872896963778,UP,False,25,16.0,IGNORE,SEED,,GREEN,C,WATCHLIST,Delivery P98,Finance,31.4
POLICYBZR,1604.5,1593.9,1613.4,1583.1,False,True,True,False,False,False,0.5499376706258181,117.65589915,0.5581376903187594,False,-0.13938817010304005,False,43.94,False,0.8129133712594238,8.0,-1.27,0,False,▆▅▅▄▆▃▇▄█▄▄▄▃▆▇▃▂▁▁▂,False,False,False,0,0.015249303973677408,-0.057562408223201134,0.005170147435000327,-0.10778211640004987,UP,False,17,16.0,IGNORE,NONE,,GREEN,C,WATCHLIST,No standout factor,Technology Services,38.0
SYMPHONY,654.05,652.4,657.9,651.05,False,False,False,False,False,False,0.3685324583833429,2.9561751899999997,0.3518017671653334,False,-0.4403213550017775,False,56.53,True,1.033511892791195,70.0,0.51,0,True,▄▆▆▆▃▆▆▆▇▄▆▅▆█▅█▁▇▅▆,False,False,False,0,-0.0917233717539232,-0.06047547224017813,-0.10180252829260028,-0.11069518041702686,UP,False,17,16.0,IGNORE,NONE,,GREEN,C,WATCHLIST,No standout factor,Producer Manufacturing,37.9
SWARAJENG,3600.4,3594.8,3608.6,3577.0,False,False,False,False,False,False,0.3357794569170133,1.94313588,0.3304287454088217,False,-0.4594856048347245,False,60.02,True,1.0883638275880827,78.0,0.71,0,True,▆▇▆▆▆▁▆▆▆▆▆█▇▅▆▆▇▇▇▇,False,False,False,0,-0.047362015134677415,-0.05896497647673804,-0.057441171673354496,-0.10918468465358677,UP,False,17,16.0,IGNORE,NONE,,GREEN,C,WATCHLIST,No standout factor,Producer Manufacturing,37.9
TARIL,297.8,295.9,301.5,295.1,False,False,False,False,False,False,0.6359044656817149,31.071915960000002,0.6013295439201121,False,-0.19205922036768025,False,44.61,True,1.057459820793628,73.0,0.56,0,True,▅▅▄▅▂▂▁▄█▂▃▆▃▆▃█▆▆▅▅,False,False,False,0,-0.13618564176939807,-0.0709717672749961,-0.14626479830807515,-0.12119147545184483,FLAT,False,15,16.0,IGNORE,NONE,,GREEN,C,WATCHLIST,No standout factor,Producer Manufacturing,37.9
LAXMIDENTL,216.08,215.6,219.18,214.41,True,False,False,False,False,False,0.7794056787926066,1.839424216,0.7666145411824018,False,-0.2706040778819182,False,55.12,True,1.0826949518758593,83.0,0.85,0,True,▂▁▄▃▇▂▁▇▄▃█▇▅▄▃▂▄▄▄▅,False,False,False,0,-0.01674554058973421,-0.07082347882175877,-0.02682469712841129,-0.1210431869986075,UP,False,15,16.0,IGNORE,NONE,,GREEN,C,WATCHLIST,No standout factor,Health Services,41.4
FDC,369.8,370.0,375.85,367.0,True,False,False,False,False,False,0.8921983954412537,8.8006853,0.8350550802379658,False,-0.5191792532039607,False,58.97,True,1.0706537033506722,68.0,0.36,0,True,▅▅▆▆▆▅▇▄▇▇▆▆▇█▇▄▆▁▆▆,False,False,False,1,-0.14457552625491554,-0.08691358024691354,-0.15465468279359262,-0.13713328842376227,FLAT,False,12,16.0,IGNORE,NONE,,GREEN,C,WATCHLIST,No standout factor,Health Technology,33.0
DELTACORP,63.33,63.45,63.71,63.2,True,False,False,False,False,False,0.400391553765135,2.706166896,0.39504212312366177,False,-0.303180437659378,False,49.67,True,1.1462395864583574,69.0,0.57,0,True,▆▁▅▂▅▄▇▆▄▅█▇██▂▆▇▆▆▇,False,False,False,0,-0.025542391137097997,-0.09008620689655167,-0.03562154767577508,-0.1403059150734004,UP,False,12,16.0,IGNORE,NONE,,GREEN,C,WATCHLIST,No standout factor,Consumer Services,35.0
NELCAST,125.61,123.5,126.0,121.61,False,False,False,False,False,False,0.07883058638041773,0.5963837190000001,0.07484088133129935,False,-0.089590002447313,False,48.23,True,1.1975914085293935,53.0,0.15,0,True,█▇▅▆██▁▄▅▄▂▅▅█▆█▇▆▇▇,False,False,False,0,-0.10214438884917798,-0.10648740930431078,-0.11222354538785506,-0.1567071174811595,UP,False,9,16.0,IGNORE,NONE,,GREEN,C,WATCHLIST,No standout factor,Non-Energy Minerals,41.4
FINPIPE,164.43,166.0,167.0,162.85,True,False,False,False,False,False,2.6616056052216575,20.264205213,2.637428339461224,False,-0.06798223531946525,False,51.74,False,0.9661727495961832,62.0,0.26,0,True,▃▄▄▅█▅▆▂█▁▃▇▆▅▅▅▄▅▅▄,False,False,True,0,-0.029567988668555145,-0.11701213618300932,-0.039647145207232226,-0.16723184435985805,UP,False,7,16.0,IGNORE,DISTRIBUTION,,GREEN,C,WATCHLIST,No standout factor,Producer Manufacturing,37.9
KSCL,764.45,771.9,776.85,762.0,True,False,False,False,False,False,0.8164513471411251,4.337107075,0.7674506744786498,False,-0.37407534072218657,False,55.68,True,1.0982790078406233,75.0,0.7,0,True,▃▅▅▄▂▃▂▁▆▄▅▅▆▇▆▆▃▃█▆,False,False,False,0,-0.12127133743318586,-0.11787445188091383,-0.13135049397186294,-0.16809416005776256,UP,False,7,16.0,IGNORE,NONE,,GREEN,C,WATCHLIST,No standout factor,Process Industries,36.8
IPL,145.29,145.0,145.98,144.8,True,False,False,False,False,False,0.17277947442971095,0.994146825,0.16327923939462857,False,-0.4785009945617305,False,53.26,True,1.13216772067811,73.0,0.55,0,True,▇█▅▁▆▇▄▆▆▅▇▇▆▅▆▃▇▅▆▇,False,False,False,0,-0.07693773824650585,-0.11559532505478454,-0.08701689478518293,-0.16581503323163327,UP,False,7,16.0,IGNORE,NONE,,GREEN,C,WATCHLIST,No standout factor,Process Industries,36.8
GODAVARIB,246.95,252.05,257.75,246.0,True,False,False,False,False,False,1.1313346209502686,3.028273765,1.049022707522709,False,-0.11104239545175151,False,58.71,True,1.049301627302217,74.0,0.62,0,True,▅▁▆██▄▆▂▄▅▄▆▄▄▇▅▅▆▄▅,False,False,False,0,-0.08773550055411894,-0.11960784313725492,-0.09781465709279602,-0.16982755131410365,UP,False,6,16.0,IGNORE,NONE,,GREEN,C,WATCHLIST,No standout factor,Process Industries,36.8
SURAKSHA,249.55,250.05,253.85,247.0,True,False,False,False,False,False,0.3876165982040549,0.5195880549999999,0.37655837607496284,False,-0.18868998507478416,False,63.33,True,1.0470018351050638,62.0,0.23,0,True,▄▅▃▃▄▃▁▁█▆▆▆▅▄▆▄▆▁▄▅,False,False,False,0,-0.05580779417328796,-0.12683694891532538,-0.06588695071196504,-0.1770566570921741,UP,False,6,16.0,IGNORE,NONE,,GREEN,C,WATCHLIST,No standout factor,Health Services,41.4
CEINSYS,840.0,843.0,857.6,835.8,True,False,False,False,False,False,0.42315713674313704,1.569708,0.4023913654747656,False,-0.4516236828223518,False,59.19,True,1.0809083355399518,75.0,0.78,0,True,▅▆▅▅▆▆▆▆▂▅█▇▄▆▆▅▃▁▅▆,False,False,False,0,-0.10733262486716255,-0.13043478260869568,-0.11741178140583963,-0.1806544907855444,UP,False,5,16.0,IGNORE,NONE,,GREEN,C,WATCHLIST,No standout factor,Industrial Services,34.6
WAAREEINDO,327.6,333.95,334.2,327.6,True,False,False,False,False,False,0.5524600588188538,1.8215870400000003,0.5467529721773263,False,-0.13275803470092226,False,83.99,True,1.3555847865910244,94.0,1.49,0,False,▃▄▄▄▄▃▄▅▄█▅▃▄▆▂▄▄▃▁▆,False,False,False,0,-0.1617195496417605,-0.1685279187817258,-0.17179870618043758,-0.21874762695857453,UP,False,3,16.0,IGNORE,SEED,,GREEN,C,WATCHLIST,Delivery P94,Electronic Technology,34.1
MANAKCOAT,114.51,113.0,117.99,113.0,False,False,False,False,False,False,0.5686496744774506,4.3232677950000005,0.5223978376126787,False,-0.006860080434159627,False,50.23,False,0.8782082663123294,49.0,0.11,0,True,▁▄▂▂▂▆▆▆▆▁▅█▂▄▅▄▄▄▅▃,False,False,False,4,-0.06917574378149882,0.09746981023576762,-0.0792549003201759,0.047250102058918886,FLAT,True,60,15.0,IGNORE,NONE,,GREEN,C,WATCHLIST,No standout factor,Non-Energy Minerals,41.4
GANESHHOU,760.75,760.0,779.0,757.95,True,False,False,False,False,False,0.4435735593306175,1.732455975,0.420976069231572,False,-0.20841253229754822,False,67.87,True,1.3885308619243437,91.0,1.32,0,False,▄▃▃▅▅▅▇▃▂▃▂▅▂▆▆▁▆▅▅█,False,False,False,1,-0.12542392366499977,0.07777856485088885,-0.13550308020367685,0.027558856674040122,FLAT,True,55,15.0,IGNORE,SEED,,GREEN,C,WATCHLIST,Delivery P91,Consumer Durables,38.4
SHREECEM,26010.0,26355.0,26355.0,26010.0,True,False,False,False,False,False,0.4994396938543018,27.937341,0.4882271677817244,False,0.03990651938318419,False,44.08,False,0.9709037245875642,24.0,-0.76,0,False,▅▃▄█▅▁▄▃▄▂▂▁▄▄▃▁▂▁▅▃,False,False,False,10,-0.02273154236332897,0.02908011869436211,-0.03281069890200605,-0.02113958948248662,FLAT,False,42,15.0,IGNORE,NONE,,GREEN,C,WATCHLIST,CMF positive,Non-Energy Minerals,41.4
ZEEL,94.19,93.0,95.6,92.57,False,False,False,False,False,False,0.7620138578740915,199.394653952,0.6941714692924508,False,-0.06757245268544927,True,25.78,False,0.8218042715970674,12.0,-1.37,0,True,▃▃▂▂▁▁▂▁▂▂▅▄▆█▆▄▂▅▅▂,False,False,False,1,-0.0336513799117677,0.011599183761142662,-0.04373053645044478,-0.03862052441570607,FLAT,False,37,15.0,IGNORE,NONE,,GREEN,C,WATCHLIST,No standout factor,Consumer Services,35.0
XPROINDIA,1098.8,1117.5,1126.6,1068.6,True,False,False,False,False,False,1.0587763655773017,8.86555792,0.9207232634851,False,-0.45497145867403127,True,48.6,False,0.8889701847448326,25.0,-0.54,0,True,▃▄▃▇▅▅█▄▁▃▇▆▃▆▅▂▃▅▁▃,False,False,False,1,-0.24626148991631225,-0.012580877066858398,-0.25634064645498933,-0.06280058524370713,FLAT,False,29,15.0,IGNORE,NONE,,GREEN,C,WATCHLIST,No standout factor,Process Industries,36.8
WPIL,435.05,438.0,442.45,431.0,True,False,False,False,False,True,0.47297371772214875,1.400121415,0.460453089158864,False,-0.4360271128168993,True,61.49,True,1.2185769066893908,78.0,0.55,0,False,▆▆█▃▂▅▆▆▆▁▄▅▄▅▆▄▆▆▆▆,False,False,False,0,-0.06841541755888647,-0.01661392405063289,-0.07849457409756355,-0.06683363222748162,FLAT,False,28,15.0,IGNORE,NONE,,GREEN,C,WATCHLIST,No standout factor,Producer Manufacturing,37.9
ORIENTTECH,258.75,259.05,260.9,258.0,True,False,False,False,False,False,0.04390957407358441,2.11403925,0.0406827090423025,False,-0.028073911094473165,True,41.12,True,1.3297760530358151,71.0,0.55,0,False,▅▁▂▃▃▅▇▆▆▅▁▂▅▅▇▆█▆█▆,False,False,False,0,0.026948722019368043,-0.029990627928772273,0.016869565480690962,-0.080210336105621,UP,False,24,15.0,IGNORE,NONE,,GREEN,C,WATCHLIST,No standout factor,Technology Services,38.0
VESUVIUS,449.1,445.1,453.0,445.1,False,False,False,False,False,False,0.4970257073226124,1.5332274,0.4854426715414572,False,-0.36353720686195445,True,56.67,False,0.983401733577434,60.0,0.14,0,True,▆█▅▃▆▂▄▅▅▁▄▄▅▆▆▃▃▃▆▄,False,False,False,0,-0.03315392895586644,-0.04089695675387073,-0.04323308549454352,-0.09111666493071946,UP,False,22,15.0,IGNORE,NONE,,GREEN,C,WATCHLIST,No standout factor,Non-Energy Minerals,41.4
ARSSBL,504.0,511.0,516.0,479.2,True,False,False,False,False,False,1.1428639172872197,13.1183136,1.0476355527743666,False,-0.12407107697313682,True,38.87,False,0.7881264003081945,43.0,-0.17,0,True,▄▃▁▇▃▇▅▅▆▄▇█▄▇▇▇▆▆▇▂,False,False,False,0,-0.11726070584114201,-0.06145251396648044,-0.1273398623798191,-0.11167222214332917,FLAT,False,16,15.0,IGNORE,NONE,,GREEN,C,WATCHLIST,No standout factor,Finance,31.4
AMRUTANJAN,521.4,520.0,526.9,515.1,False,False,False,False,False,False,0.9096095612867363,1.7831358599999998,0.9011000445990449,False,-0.03460408966300474,True,56.42,False,0.9027561102444098,38.0,-0.28,0,True,▄▆▄▄▄▁▅▅▃▆▅▄▃▅█▄▄▄▅▄,False,False,False,0,-0.031215161649944423,-0.0666786001969033,-0.041294318188621504,-0.11689830837375204,UP,False,15,15.0,IGNORE,NONE,,GREEN,C,WATCHLIST,No standout factor,Health Technology,33.0
BIRLACORPN,914.35,910.0,917.45,899.0,False,False,False,False,False,False,0.3333829130909961,4.713657120000001,0.32092115416430933,False,-0.12325534040131622,True,51.48,False,0.9317309780641425,45.0,-0.14,0,True,▅█▁▄▅▁▄▇▆▅▄▄▄▅▅▃▇▄▅▄,False,False,False,0,-0.05278151869885006,-0.08317457134262507,-0.06286067523752714,-0.1333942795194738,UP,False,13,15.0,IGNORE,NONE,,GREEN,C,WATCHLIST,No standout factor,Non-Energy Minerals,41.4
OSWALPUMPS,326.1,322.0,328.25,322.0,False,False,False,False,False,False,0.9107045856369462,18.19484733,0.8418966242786056,False,-0.39572185290148215,True,50.94,False,0.9673743780622127,74.0,0.59,0,True,▄▆▄▂▄▅▅▆▅▁▅▅▆█▇▇▇▄▆▅,False,False,False,0,-0.2052156958323178,-0.09929567739262535,-0.21529485237099488,-0.14951538556947408,FLAT,False,10,15.0,IGNORE,NONE,,GREEN,C,WATCHLIST,No standout factor,Producer Manufacturing,37.9
ASTEC,620.5,616.6,629.9,616.5,False,False,False,False,False,False,0.24441413899858455,0.5866207,0.2277545131089692,False,-0.22716867340060576,True,53.95,True,1.1722654382686541,80.0,0.92,0,False,▅▆▅▂▃▃█▂▃▂▅▄▅▅▁▇▆▅▅▅,False,False,False,0,-0.09968078932095192,-0.19514884233737606,-0.109759945859629,-0.2453685505142248,UP,False,2,15.0,IGNORE,NONE,,GREEN,C,WATCHLIST,No standout factor,Process Industries,36.8
TEXRAIL,108.78,108.33,110.23,107.66,False,False,False,False,False,False,1.0010749526425065,16.998800406,0.9637949248928936,True,-0.20634072361822345,False,29.53,False,0.6642448235916009,10.0,-1.13,0,True,▄▇▃▄▅▃▅▆▄▃▄▇▄▄▆▆▆█▄▁,False,False,False,0,-0.06538362402268239,0.04225352112676051,-0.07546278056135947,-0.007966187050088225,FLAT,False,46,14.0,IGNORE,NONE,,GREEN,C,WATCHLIST,No standout factor,Producer Manufacturing,37.9
NITTAGELA,1717.0,1710.9,1764.8,1702.0,False,False,True,True,False,False,0.47727982925233037,1.3899115,0.43685261184208246,False,-0.22299811975666267,False,51.96,True,1.0075625363583478,37.0,-0.38,0,False,▅▅█▇▄▄▅▅▂▄▅█▇▆▁▅█▆▅▅,False,False,False,0,-0.154228855721393,0.028143712574850266,-0.16430801226007008,-0.022075995601998466,FLAT,False,42,14.0,IGNORE,NONE,,GREEN,C,WATCHLIST,No standout factor,Consumer Non-Durables,39.6
AMNPLST,194.7,194.04,196.8,193.25,True,False,True,True,False,False,0.5764395883850392,0.21360536999999996,0.565735553842017,False,-0.3384765355279583,False,55.72,True,1.0573957928096327,42.0,-0.09,0,False,▂▆▇▄▆▃█▃▂▃▃▅▁▅▃▄▄▅▄▄,False,False,False,2,-0.06231939895973804,0.027386417603292745,-0.07239855549841512,-0.022833290573555987,FLAT,False,42,14.0,IGNORE,NONE,,GREEN,C,WATCHLIST,No standout factor,Process Industries,36.8
AFSL,201.04,201.25,202.9,201.01,True,False,False,False,False,True,0.7230623522106465,0.115879456,0.7226261760623567,False,-0.8156337473545435,False,61.49,False,0.8686561892989583,33.0,-0.37,0,False,▆▃▁▁▃▃▃▆▂▅▃▄█▇▄▄▁▂▃▂,False,False,False,7,-0.0005468555804126751,0.00019900497512437276,-0.010626012119089756,-0.05002070320172436,UP,False,34,14.0,IGNORE,NONE,,GREEN,C,WATCHLIST,No standout factor,Finance,31.4
MOTILALOFS,870.0,869.95,875.7,858.05,True,False,False,True,False,False,0.6259706982648539,77.519088,0.6118020252005728,False,-0.27743047198835746,False,48.1,True,1.2261493556980256,66.0,0.35,0,False,▇▅▄▇▄▅▇▅▆▁▄▄▆▆▅▆▆█▇▇,False,False,False,2,-0.11165568999846842,-0.010801591813530464,-0.1217348465371455,-0.061021299990379196,FLAT,False,31,14.0,IGNORE,NONE,,GREEN,C,WATCHLIST,No standout factor,Technology Services,38.0
GRSE,2599.0,2589.0,2641.0,2585.7,True,False,False,False,False,False,0.8621185254858105,92.6431743,0.8629277339984052,False,-0.12275713962396544,False,32.02,False,0.9371341606181224,75.0,0.67,0,True,▃▅▂▅▆▄▃▄▄▅▄▆▁▃▂█▇▇▁▄,False,False,False,0,-0.02366641622839971,-0.02101853246948926,-0.03374557276707679,-0.07123824064633799,UP,False,27,14.0,IGNORE,NONE,,GREEN,C,WATCHLIST,No standout factor,Producer Manufacturing,37.9
ZAGGLE,206.06,205.05,209.24,205.05,True,False,False,False,False,False,0.6762253432788743,9.179931788,0.6678456079039095,False,-0.20445570427638485,False,47.29,False,0.9738467874794069,60.0,0.26,0,True,▁▃▄▅▅▅▆▇▅▅▅▁▅▇▅▆▇▅█▅,False,False,False,0,-0.00832571346070543,-0.018574966660316328,-0.01840486999938251,-0.06879467483716506,UP,False,27,14.0,IGNORE,NONE,,GREEN,C,WATCHLIST,No standout factor,Technology Services,38.0
DCMSHRIRAM,1016.8,1010.5,1031.5,1009.5,False,False,False,False,False,False,0.36814828607513894,7.408201439999999,0.35811031057929416,False,-0.5941551063095977,False,46.32,True,1.040314430095452,52.0,0.15,0,False,▅▅▆█▆▆▅█▇▄▇▄▁▄▄▆▅▆▆▆,False,False,False,0,-0.036117167504028935,-0.019195524259670194,-0.046196324042706016,-0.06941523243651893,UP,False,27,14.0,IGNORE,NONE,,GREEN,C,WATCHLIST,No standout factor,Producer Manufacturing,37.9
BAJAJCON,537.45,532.6,545.0,532.0,False,False,False,True,False,False,0.3093830970528432,21.154569450000004,0.2857618033107189,False,-0.37785814547201757,False,51.85,True,1.085886615426501,74.0,0.55,0,False,▁▂▂▄▄▁▅▃▄▅▅▅▄▆█▆▄█▅▅,False,False,False,1,-0.19813502424468477,-0.02776772793053528,-0.20821418078336185,-0.07798743610738401,FLAT,False,25,14.0,IGNORE,NONE,,GREEN,C,WATCHLIST,No standout factor,Consumer Non-Durables,39.6
HINDOILEXP,155.74,158.0,159.01,155.2,True,False,False,False,False,True,0.41658436692327927,3.591800472,0.4058707400518495,False,-0.08227565773997315,False,53.87,True,1.278782699520486,69.0,0.64,0,False,▅▂▅▂▄▆▅▅▆▅█▇▆▄▁▄▆██▇,False,False,False,0,0.013338538616695983,-0.03212976197874584,0.003259382078018902,-0.08234947015559457,UP,False,23,14.0,IGNORE,NONE,,GREEN,C,WATCHLIST,No standout factor,Energy Minerals,42.6
DMART,3945.1,3988.9,3988.9,3927.6,True,False,False,False,False,False,0.3596514948751281,96.3866832,0.3589211062635678,False,-0.003454018285294038,False,63.28,True,1.2390593487497799,88.0,1.09,0,False,▅▄▄▆▄█▇▆▂▂▄▁▄▅▅▄▇▅▄█,False,False,False,0,-0.032921508064911564,-0.038624622282873666,-0.043000664603588645,-0.0888443304597224,UP,False,22,14.0,IGNORE,SEED,,GREEN,C,WATCHLIST,No standout factor,Retail Trade,39.8
GILLETTE,7683.5,7694.0,7714.5,7650.5,True,False,False,False,False,False,0.45048367855153343,6.80373925,0.4458567332424232,False,-0.18265867719799653,False,61.92,True,1.196984341774599,82.0,0.89,0,False,▄▃▂▄▃█▅▄▄▃▃▄▄▁▅▄▅▄▄▆,False,False,False,0,-0.020586360739324405,-0.041539325141894845,-0.030665517278001486,-0.09175903331874358,UP,False,21,14.0,IGNORE,NONE,,GREEN,C,WATCHLIST,No standout factor,Consumer Non-Durables,39.6
MAITHANALL,973.35,974.7,976.0,959.5,False,False,False,False,False,False,1.0103544175952959,3.339855855,0.9981290229260712,True,-0.2863295022592804,False,58.53,False,0.9996413383204386,72.0,0.56,0,True,▃▆▁▁▅▃▄▇▄█▆▆▄▃▄▅▄▃▃▄,False,False,False,0,-0.05883774898472249,-0.04950930130364717,-0.06891690552339957,-0.0997290094804959,UP,False,19,14.0,IGNORE,NONE,,GREEN,C,WATCHLIST,No standout factor,Non-Energy Minerals,41.4
HGINFRA,549.15,550.0,551.95,547.0,True,True,False,False,False,False,0.4218347125782143,1.34629614,0.41884597331904677,False,-0.16580655318904303,False,57.44,True,1.2092886166024548,84.0,0.95,0,False,▁▆▄▅▅▅▅▆▆▇▆▇█▆▅▇▇█▃▇,False,False,False,0,-0.025725184068127405,-0.05911076843998975,-0.035804340606804486,-0.10933047661683848,UP,False,17,14.0,IGNORE,NONE,,GREEN,C,WATCHLIST,No standout factor,Industrial Services,34.6
SWANCORP,308.05,308.75,312.4,307.15,True,False,False,False,False,False,0.7290740722960471,15.08761129,0.720552245219817,False,-0.18573103087830567,False,42.01,True,1.1176587961423345,58.0,0.21,0,False,▅█▆▅▆▁▃▂▄▄▂▃▂▃▃▄▄▄▃▅,False,False,False,0,-0.034931077694235535,-0.06453082295778922,-0.045010234232912616,-0.11475053113463796,UP,False,16,14.0,IGNORE,NONE,,GREEN,C,WATCHLIST,No standout factor,Utilities,35.4
PRSMJOHNSN,111.56,113.18,131.0,107.77,True,True,False,False,False,False,358.42004737083056,543.257629668,362.8148134161581,False,-0.6409938580442788,False,8.66,False,0.1667436845348121,0.0,-2.86,0,False,▆▇▆▆█▆▅▆▇▅▆▇▇▆▆▇█▆▆▁,False,False,True,0,-0.010115350488021257,-0.07357581797043677,-0.02019450702669834,-0.1237955261472855,UP,False,14,14.0,IGNORE,DISTRIBUTION,,GREEN,C,WATCHLIST,No standout factor,Non-Energy Minerals,41.4
HUBTOWN,175.11,179.7,182.0,174.5,True,False,False,False,False,False,1.3262147350097306,11.782731636000001,1.179838481440851,False,-0.28782471920630753,False,56.05,False,0.9384601217235519,48.0,0.03,0,True,▇▃▃▆▃▇▇▆▄▁▃▄█▂▃▆▁▄▆▃,False,False,False,0,-0.15352636921738283,-0.14663742690058468,-0.1636055257560599,-0.1968571350774334,UP,False,4,14.0,IGNORE,NONE,,GREEN,C,WATCHLIST,No standout factor,Finance,31.4
SASKEN,1920.6,1912.0,1945.0,1891.1,False,False,False,True,False,False,0.4437771104437771,2.70766188,0.45211982116779464,False,-0.37853082502486496,False,42.1,False,0.741843684196615,31.0,-0.35,0,True,▁▂▂▂▃▁▄▁▃▃▄▄▃▂▃█▂▃▁▁,False,False,False,0,-0.0658105939004816,-0.1494996014524842,-0.07588975043915869,-0.19971930962933293,UP,False,4,14.0,IGNORE,NONE,,GREEN,C,WATCHLIST,No standout factor,Technology Services,38.0
VBL,443.05,437.95,449.0,437.2,False,False,False,False,False,False,0.5995028602489963,212.5124769,0.5891220392317112,False,-0.28797677927368576,False,52.55,False,0.9439045857058178,33.0,-0.34,0,True,▅▇▆▆▃▆▇█▃▄▆▁▃▆█▇▃▅▃▄,False,False,False,0,-0.07966348151225588,-0.16610201392810076,-0.08974263805093297,-0.2163217221049495,UP,False,3,14.0,IGNORE,NONE,,GREEN,C,WATCHLIST,No standout factor,Consumer Non-Durables,39.6
DSSL,1227.7,1231.0,1268.9,1210.0,True,False,False,True,False,False,0.6222056226024573,2.45429507,0.6175758374058067,False,-0.2066563189861665,False,54.22,False,0.9954011804554759,73.0,0.7,0,True,▅▅▅▃▅▅▅▅▁▇▃▅▁▆▄▆▆█▆▅,False,False,False,0,-0.07350388649913209,-0.29680966836588585,-0.08358304303780917,-0.3470293765427346,UP,False,1,14.0,IGNORE,NONE,,GREEN,C,WATCHLIST,No standout factor,Technology Services,38.0
POCL,481.7,486.95,496.65,480.0,True,False,False,False,False,False,1.2334045616264453,28.632633359999996,0.9219393936218072,False,-0.3372586522528643,False,48.78,False,0.9263813584267848,80.0,0.8,0,True,▄▄▃▆▅▅▆▅▄▃▄█▁▄▃▅▄▃█▄,False,False,False,0,-0.6619649122807018,-0.6252236831868047,-0.6720440688193788,-0.6754433913636534,UP,False,0,14.0,IGNORE,NONE,,GREEN,C,WATCHLIST,No standout factor,Non-Energy Minerals,41.4
NACLIND,177.36,178.65,180.63,176.41,True,False,False,False,False,False,0.17779747478673283,5.436154944,0.15186435624569844,False,-0.3896563419321104,False,40.59,True,1.3622176729200928,32.0,-0.48,0,False,▅▅▃▇▇▇▄▁▅▅▄▇▅▅▇█▇▇▇█,False,False,False,1,-0.24386084583901768,0.125023786869648,-0.25394000237769476,0.07480407869279926,FLAT,True,65,13.0,IGNORE,NONE,,GREEN,C,WATCHLIST,No standout factor,Process Industries,36.8
COLPAL,2030.0,2026.0,2037.5,2009.2,False,False,False,False,False,False,0.5666182873730043,45.173184,0.5495383969973254,False,-0.02868802312001499,True,44.96,False,0.9198130095438783,21.0,-0.7,0,False,▅█▇▇▆▃▅▅▆▄▄▄▁▄▅▇▆▆▇▅,False,False,False,1,-0.01091405184174632,-0.014515267731443293,-0.0209932083804234,-0.06473497590829203,UP,False,29,13.0,IGNORE,NONE,,GREEN,C,WATCHLIST,No standout factor,Consumer Non-Durables,39.6
BIKAJI,623.5,619.0,629.4,619.0,True,False,False,False,False,False,1.2981109245099982,7.7592081,1.2723759272834059,False,-0.2897561204527859,True,43.54,False,0.7769866338312187,23.0,-0.76,0,False,▅▇▆▇▆▆▇▅▆▆▇▅▆▁▇▅▅▄█▃,False,False,False,0,-0.030778796828851207,-0.040843012075994056,-0.04085795336752829,-0.09106272025284279,UP,False,22,13.0,IGNORE,NONE,,GREEN,C,WATCHLIST,No standout factor,Consumer Non-Durables,39.6
HINDUNILVR,2085.0,2081.0,2094.0,2075.2,True,False,False,False,False,False,0.5110124698051131,225.3549315,0.5073804605384662,False,-0.19582631712880352,True,56.68,False,0.9832681348610881,39.0,-0.28,0,False,▄▄▄▆▁▅▅▄▄▅▄▄▄▅█▄▄▄▄▄,False,False,False,0,-0.027745395197015577,-0.05630487915271121,-0.03782455173569266,-0.10652458732955994,UP,False,18,13.0,IGNORE,NONE,,GREEN,C,WATCHLIST,No standout factor,Consumer Non-Durables,39.6
LATENTVIEW,297.2,295.5,302.8,295.5,True,False,False,False,False,False,0.349576145361382,11.45836768,0.3394439246229177,False,-0.11847141636480518,True,36.31,False,0.9164679009073815,31.0,-0.3,0,False,▆▇▆▃▃█▆▆█▆▁▄▅▆▇▃▇█▆▅,False,False,False,0,-0.013116387182467215,-0.07859246628429706,-0.023195543721144296,-0.1288121744611458,UP,False,14,13.0,IGNORE,NONE,,GREEN,C,WATCHLIST,No standout factor,Commercial Services,35.1
PROTEAN,565.95,560.0,574.0,558.2,False,False,False,False,False,False,0.8686009278492423,16.19579115,0.8200164910265558,False,-0.2499562961568166,True,45.34,False,0.9513118830058435,37.0,-0.23,0,False,█▆▄▂▆▅▇▄▄▁▃▂▅▇▇▅▃▆▇▄,False,False,False,0,-0.03864447086801426,-0.08769243169178687,-0.04872362740669134,-0.1379121398686356,UP,False,12,13.0,IGNORE,NONE,,GREEN,C,WATCHLIST,No standout factor,Technology Services,38.0
GODIGIT,272.25,270.1,273.75,266.35,False,False,False,False,False,False,0.25683509099621343,9.6755472,0.25769179393796554,False,-0.2699946354897234,True,35.35,False,0.7303341769536699,6.0,-1.26,0,False,▆▅▆▇█▇▆▅▅▄▆▄▃▅▅▅▅▁▄▄,False,False,False,0,-0.12740384615384615,-0.10883797054009825,-0.13748300269252323,-0.15905767871694698,UP,False,8,13.0,IGNORE,NONE,,GREEN,C,WATCHLIST,No standout factor,Finance,31.4
KALPATARU,287.1,281.65,289.4,281.6,False,True,False,False,False,False,0.23903770259028925,1.16117595,0.24157355592788032,False,-0.2431283435573894,True,42.72,False,0.9191148786023946,18.0,-0.7,0,False,▁▇▆▇▅▇▃▂▆█▆▄▅▁▅▅▆▆▇▄,False,False,False,0,-0.003298038534976566,-0.1277533039647576,-0.013377195073653647,-0.17797301214160632,UP,False,6,13.0,IGNORE,NONE,,GREEN,C,WATCHLIST,No standout factor,Finance,31.4
CRIZAC,187.98,186.0,189.79,184.0,False,False,False,False,False,False,0.6903830768821264,5.680078872,0.6759796265464889,False,-0.23285000604533415,True,45.87,False,0.8968530955802563,32.0,-0.36,0,False,▆█▇█▆▆▆▆▅▇▅▇▇▅▅▁▆▇▆▅,False,False,False,0,-0.06019398060193992,-0.12915778745483197,-0.070273137140617,-0.1793774956316807,UP,False,5,13.0,IGNORE,NONE,,GREEN,C,WATCHLIST,No standout factor,Technology Services,38.0
ONGC,237.4,241.4,241.4,236.5,True,False,False,False,False,False,1.162366366253474,316.36764396,1.1277735451586295,False,-0.183440658451416,True,46.16,False,0.828836916999596,18.0,-0.87,0,False,▁▅█▅▆▂▇▄▅▂▄▃▆▃▇▅▇▃▆▂,False,False,False,0,-0.025651549353580938,-0.17426086956521736,-0.03573070589225802,-0.2244805777420661,UP,False,2,13.0,IGNORE,NONE,,GREEN,C,WATCHLIST,No standout factor,Energy Minerals,42.6
PATANJALI,357.5,352.95,357.5,351.1,False,False,False,False,False,False,0.2993049582613101,99.947276,0.30551916536201185,False,-0.19914474374990943,True,15.37,False,0.5535347714913386,1.0,-2.2,0,False,█▇▁▂▄▃▂▄▄▃▇▃▆▃▂▄▁▄▄▁,False,False,False,0,-0.13605606573223783,-0.21635247698377902,-0.1461352222709149,-0.26657218516062775,UP,False,2,13.0,IGNORE,NONE,,GREEN,C,WATCHLIST,No standout factor,Process Industries,36.8
JARO,458.2,452.0,460.25,452.0,False,False,False,False,False,False,1.020825084776081,4.28838544,0.9669176909111223,True,-0.266818783595618,True,23.08,False,0.7374390925792794,19.0,-0.86,0,False,▂█▄▃▅▂▅▇▇▄▁▅▂▂▂▁▇▄▄▃,False,False,False,0,-0.11859190151005106,-0.19472759226713532,-0.12867105804872814,-0.24494730044398405,UP,False,2,13.0,IGNORE,NONE,,GREEN,C,WATCHLIST,No standout factor,Technology Services,38.0
GLOBUSSPR,906.3,914.75,934.85,904.0,False,True,True,False,False,False,0.7797157816005984,11.8099953,0.7664529079909288,False,-0.3489951713070576,False,35.83,False,0.7360085453406324,14.0,-1.04,0,False,▆▆▆▅▁▅▆▆█▆▇▇▇▇▆█▆▇▆▄,False,False,False,0,-0.02137998056365409,0.047503467406379896,-0.03145913710233117,-0.0027162407704688363,FLAT,False,48,12.0,IGNORE,NONE,,GREEN,C,WATCHLIST,No standout factor,Consumer Non-Durables,39.6
SUNTECK,299.15,303.9,303.9,298.25,True,False,False,False,False,False,0.2717325287224253,3.7107164299999997,0.2657693688998879,False,-0.2840873341442461,False,62.7,True,1.2213413327619456,94.0,1.27,0,False,▅▇▆▅▇▇▇▇▁▄▇▆▆▆▇▇▆▇▇█,False,False,False,0,-0.08572738386308076,0.047077353867693406,-0.09580654040175784,-0.0031423543091553263,FLAT,False,48,12.0,IGNORE,SEED,,GREEN,C,WATCHLIST,Delivery P94,Finance,31.4
AJMERA,123.65,123.0,125.0,122.86,False,False,False,False,False,False,0.5758289482647446,3.05205295,0.5575665485696772,False,-0.27980421015977797,False,50.04,True,1.0297461646894197,61.0,0.31,0,True,▅▃▄█▄▆██▃▂▅▃▅█▆▆▁▄▆▅,False,False,False,0,-0.08182965768174044,0.03916295487015731,-0.09190881422041752,-0.011056753306691425,FLAT,False,45,12.0,IGNORE,NONE,,GREEN,C,WATCHLIST,No standout factor,Finance,31.4
CAMLINFINE,126.58,127.83,129.32,126.15,True,False,False,False,False,False,0.5244428228684875,3.8172350859999997,0.5253534160143258,False,-0.1721456609068804,False,50.79,True,1.0371973819904632,59.0,0.16,0,True,▆▇▂▃▄▄▇▅▆▅▆▆█▇▆█▁▄▇▆,False,False,False,0,-0.015171555278923221,0.03711593609176567,-0.025250711817600302,-0.013103772085083065,FLAT,False,44,12.0,IGNORE,NONE,,GREEN,C,WATCHLIST,No standout factor,Process Industries,36.8
GROWW,194.08,193.3,198.85,193.2,False,False,False,True,False,True,0.6307762043388436,407.30176105600003,0.5957436139245214,False,-0.04612873309004923,False,39.57,False,0.8791282034192022,68.0,0.56,0,False,▅▆▁▄▅▆▅▇▇▆▆███▄▇▇▆▇▅,False,False,False,0,-0.060145278450363104,0.029602122015915278,-0.07022443498904019,-0.020617586160933454,FLAT,False,42,12.0,IGNORE,NONE,,GREEN,C,WATCHLIST,No standout factor,Miscellaneous,22.2
PNBGILTS,80.7,82.0,82.89,80.0,True,False,False,False,False,False,0.9300350820677368,3.71845425,0.8582049324585764,False,-0.016591578186373506,False,50.79,True,1.212750716332378,71.0,0.64,0,True,▄▅▅▁▃▃▄▆▅▃▆▆▆▆▄█▆▅▆▇,False,False,False,0,-0.08097027673385715,0.02424165503236453,-0.09104943327253423,-0.025978053144484203,FLAT,False,41,12.0,IGNORE,NONE,,GREEN,C,WATCHLIST,No standout factor,Finance,31.4
INGERRAND,4322.4,4337.0,4375.0,4308.0,True,False,False,True,False,True,0.19277934636955554,1.1908211999999998,0.18739314689797423,False,-0.038093495667043765,False,46.35,False,0.886284108075033,16.0,-0.95,0,False,▅▅█▃▃▅▅▄▃▄▄▆▆▅▄▇▃▁▆▃,False,False,False,1,-0.029110512129380095,-0.0068014705882353255,-0.039189668668057176,-0.05702117876508406,UP,False,32,12.0,IGNORE,NONE,,GREEN,C,WATCHLIST,No standout factor,Producer Manufacturing,37.9
NHPC,76.92,77.5,77.69,76.81,True,False,False,False,False,True,0.4784976458165893,54.187432416,0.4627396318125586,False,-0.2318162203701257,False,44.79,False,0.9909730519049516,34.0,-0.45,0,False,▂▆▅▅█▄█▆▁▃▁▄▇▄▅▄▃▂▃▄,False,False,False,1,-0.03633174642946624,-0.024724229745150317,-0.04641090296814332,-0.07494393792199905,UP,False,25,12.0,IGNORE,NONE,,GREEN,C,WATCHLIST,No standout factor,Utilities,35.4
BANARISUG,3491.0,3510.0,3534.9,3476.2,True,True,False,False,False,True,0.20531964535697622,0.0230406,0.20542322173352115,False,-0.10782498363329795,False,59.09,False,0.8577815843337641,31.0,-0.55,0,False,▄▁▇▃▆█▆▇▃▁▇▁▄▁▆▂▃▅▆▃,False,False,False,0,-0.002286367533581024,-0.030385512720808805,-0.012365524072258105,-0.08060522089765754,UP,False,24,12.0,IGNORE,NONE,,GREEN,C,WATCHLIST,No standout factor,Process Industries,36.8
SIMPLEXINF,238.87,236.26,242.0,233.0,False,False,False,False,False,False,0.585503965416131,0.956339932,0.5570858703352941,False,-0.1596474283019968,False,69.63,True,1.112398054142137,82.0,0.84,0,True,▆▂▄▅█▃█▆█▆▄▅▂▁▄▇▁▃▄▆,False,False,False,0,-0.12099356025758967,-0.0470358254208888,-0.13107271679626675,-0.09725553359773753,FLAT,False,20,12.0,IGNORE,NONE,,GREEN,C,WATCHLIST,No standout factor,Industrial Services,34.6
BENGALASM,6167.5,6206.0,6320.5,6150.0,True,False,False,True,False,True,1.449683321604504,0.254101,1.4297095169159404,False,-0.2630590088550335,False,43.37,False,0.7243060890477303,13.0,-1.17,0,False,▆▅▆▃▅▇▇▆▆█▆▅▇▅▆▆▁▁▃▄,False,False,False,0,-0.018226679401464496,-0.08629629629629632,-0.028305835940141577,-0.13651600447314505,UP,False,12,12.0,IGNORE,NONE,,GREEN,C,WATCHLIST,No standout factor,Consumer Durables,38.4
TCIEXP,554.6,576.75,578.95,549.6,True,False,True,False,False,False,0.6882547423669472,6.70600136,0.6642410114419582,False,-0.03934644499293541,False,26.19,False,0.6535327951689978,4.0,-1.97,0,False,▅▄▆▂▄▅▅▅▇▆▆█▅▇▆▅▆▅▁▃,False,False,False,0,-0.009200535953550637,0.129416556358823,-0.019279692492227718,0.07919684818197426,FLAT,True,67,11.0,IGNORE,NONE,,GREEN,C,WATCHLIST,No standout factor,Transportation,31.8
SFL,677.4,695.0,695.0,675.0,True,False,False,True,False,False,1.3550871033617804,31.4533755,1.2049496893196716,False,-0.3317193530389847,False,44.36,False,0.957830414786345,19.0,-0.71,0,False,▃▄▆▆▅▅▅▄▄▇▆▅▅▅▄█▃▁▃▄,False,False,False,2,-0.11485691885535076,0.11966942148760329,-0.12493607539402785,0.06944971331075456,FLAT,True,64,11.0,IGNORE,NONE,,GREEN,C,WATCHLIST,No standout factor,Process Industries,36.8
DLF,641.85,652.65,656.1,636.3,True,False,True,False,False,False,1.0366915661076337,308.195124765,1.0034446288967809,False,-0.039920550046954086,False,40.3,False,0.8890065407056903,20.0,-0.83,0,False,▆▄▇█▄▃▅▃▂▁▄▆▆▄▄▁▅▁▅▃,False,False,False,2,-0.026910248635536704,0.08825025432349953,-0.036989405174213785,0.0380305461466508,FLAT,True,57,11.0,IGNORE,NONE,,GREEN,C,WATCHLIST,No standout factor,Finance,31.4
MIDWESTLTD,1192.2,1209.1,1218.9,1190.0,True,False,False,False,False,False,0.609874437615785,0.6181557,0.5799846586910796,False,-0.22809056095727548,True,56.87,False,0.9941264902282978,88.0,1.16,0,True,▃▄▃▄▃▅▆█▁▃▂▅▅▇▆▆█▆▃▅,False,False,False,0,-0.10696629213483144,-0.011442786069651656,-0.11704544867350852,-0.06166249424650039,FLAT,False,30,11.0,IGNORE,SEED,,GREEN,C,WATCHLIST,No standout factor,Non-Energy Minerals,41.4
IONEXCHANG,371.6,386.95,386.95,368.5,True,False,False,False,False,False,0.6562751881047133,31.819067520000004,0.544364084580648,False,-0.44708494569272483,False,47.4,True,1.2593822650282296,47.0,-0.0,0,False,▁▄▂▅▃▁▄▃▃▃▃▅▅▄▃▇▆█▂▆,False,False,False,0,-0.2064915652359598,0.02637757215854175,-0.21657072177463688,-0.02384213601830698,FLAT,False,41,10.0,IGNORE,NONE,,GREEN,C,WATCHLIST,No standout factor,Producer Manufacturing,37.9
AAVAS,1371.5,1365.0,1396.3,1354.1,True,False,False,False,False,False,0.8609240377741827,8.78733765,0.8213824229579683,False,-0.253657493679459,False,51.05,True,1.0500874215777025,27.0,-0.63,0,False,▂▅▃▅▃▅▃▄▂▁▄▄▄▇█▃▆▄▄▅,False,False,False,1,-0.10118618520217582,0.021145112054202997,-0.1112653417408529,-0.029074596122645735,FLAT,False,40,10.0,IGNORE,NONE,,GREEN,C,WATCHLIST,No standout factor,Finance,31.4
INTELLECT,721.35,721.95,729.0,715.0,True,False,False,False,False,False,0.41394559913489126,19.119021075,0.4038773095159834,False,-0.14158055672443176,False,49.15,True,1.078453959999561,75.0,0.65,0,False,▆█▆▄▇▅▄▆▅▅▇▆▆▆▁▅▆▅▇▆,False,False,False,0,-0.049291598023064265,0.006277463904582614,-0.059370754561741346,-0.04394224427226612,FLAT,False,36,10.0,IGNORE,NONE,,GREEN,C,WATCHLIST,No standout factor,Technology Services,38.0
TCI,916.35,921.25,927.45,914.95,True,False,False,False,False,False,0.25106831602822466,1.023471315,0.24798754539852344,False,-0.07355636874886305,False,56.13,False,0.9169770633209174,46.0,-0.04,0,True,▄▆▄▆█▇▆▇▇▄▅▅▁▁█▆▄▃▃▄,False,False,False,0,-0.020208500400962337,-0.0036424921169947444,-0.030287656939639418,-0.053862200293843476,UP,False,33,10.0,IGNORE,NONE,,GREEN,C,WATCHLIST,No standout factor,Transportation,31.8
KSB,784.25,791.95,798.05,780.0,True,False,False,False,False,False,1.4068611002432392,15.8487514,1.3006310094727507,False,-0.4453099123628175,False,63.5,True,1.229547874915287,89.0,1.11,0,False,▄▄█▄▅▄▄▅▇▅▃▆▆▆▄▄▁▃▆▆,False,False,False,0,-0.16591332092528588,-0.0071528041524243635,-0.17599247746396296,-0.057372512329273095,FLAT,False,32,10.0,IGNORE,SEED,,GREEN,C,WATCHLIST,No standout factor,Producer Manufacturing,37.9
SANOFICONR,4514.2,4550.0,4550.0,4510.0,True,False,False,False,False,False,0.10262336761816711,0.6012914399999999,0.09877638794785752,False,-0.1662981875451538,False,67.19,True,1.180221324433515,88.0,0.86,0,False,▃▃▃▇▁▃▁▂▂▁▃█▆▂▁▂▂▁▂▄,False,False,False,0,-0.01149626645060986,-0.016192655551923285,-0.02157542298928694,-0.06641236372877202,UP,False,28,10.0,IGNORE,SEED,,GREEN,C,WATCHLIST,No standout factor,Health Technology,33.0
ADFFOODS,259.7,258.9,263.85,258.0,True,False,False,True,False,False,0.49259566541429617,2.93658372,0.4485774778053232,False,-0.2418088675093697,False,40.48,False,0.8728935082858036,25.0,-0.6,0,True,▃▆▄▄▅▃▆▆▅▆▄█▄▁▃▄▄▅▅▃,False,False,False,1,-0.18818380743982488,-0.018703948611373478,-0.19826296397850196,-0.06892365678822221,FLAT,False,27,10.0,IGNORE,NONE,,GREEN,C,WATCHLIST,No standout factor,Consumer Non-Durables,39.6
BRIGHOTEL,60.28,61.75,62.09,60.0,True,False,False,False,False,False,1.053909104972107,0.7577075440000001,1.033718410376158,False,-0.3464608583326481,False,64.47,False,0.9833740085417937,61.0,0.38,0,True,▅▅▆▂▆▅▃▄▄▇▇▂█▁▇▃▂▂▃▄,False,False,False,0,-0.057241163590866395,-0.018560729404102916,-0.06732032012954348,-0.06878043758095165,UP,False,27,10.0,IGNORE,NONE,,GREEN,C,WATCHLIST,No standout factor,Consumer Services,35.0
SESHAPAPER,229.21,234.99,234.99,228.0,True,False,False,False,False,False,0.07884910318264811,0.525165952,0.07693256177541623,False,-0.5535716000675924,False,66.4,True,1.3245297321018932,67.0,0.48,0,False,▆█▆█▇▅▆▃▃▆▁▄▄▆▃▆▆▆▇▇,False,False,False,0,0.02075261634379877,-0.019841778918109787,0.010673459805121688,-0.07006148709495852,UP,False,27,10.0,IGNORE,NONE,,GREEN,C,WATCHLIST,No standout factor,Process Industries,36.8
HPL,342.1,343.8,347.8,340.1,True,False,False,False,False,False,1.0012926269413558,3.3681113400000005,0.9932884337556533,False,-0.21445257304000448,False,51.07,True,1.071436064198049,82.0,0.92,0,False,▇▇▅▁▄█▃▃▅▄▆█▄▆▃▅▇▃█▆,False,False,False,0,-0.04093075413512748,-0.02299014707982283,-0.05100991067380456,-0.07320985525667156,UP,False,26,10.0,IGNORE,NONE,,GREEN,C,WATCHLIST,No standout factor,Electronic Technology,34.1
GHCL,436.05,436.0,440.55,434.25,True,False,False,False,False,False,0.545228123816794,3.4975134450000005,0.5418927545246712,False,-0.1368353608636302,False,58.55,False,0.9788187304612401,53.0,0.1,0,True,▄▆▅▆▅▄▄▇▅▅█▆█▁▆▃▅▅▄▅,False,False,False,0,0.0,-0.03985467356600236,-0.010079156538677081,-0.0900743817428511,UP,False,22,10.0,IGNORE,NONE,,GREEN,C,WATCHLIST,No standout factor,Process Industries,36.8
DODLA,1041.6,1051.3,1051.3,1036.4,True,False,False,False,False,False,0.4407413705152185,1.14742656,0.43622849353086507,False,-0.10054913240584569,False,62.18,True,1.1811412506648429,77.0,0.57,0,False,▄▄▄▄▄▃▅▃▅▂▂▃▁▄█▂▃▄▅▅,False,False,False,0,-0.06841964046149718,-0.036536860604939436,-0.07849879700017426,-0.08675656878178817,UP,False,22,10.0,IGNORE,NONE,,GREEN,C,WATCHLIST,No standout factor,Consumer Non-Durables,39.6
GALLANTT,605.5,620.0,620.05,603.15,True,False,False,False,False,False,0.21533831313674778,2.8996184,0.22080897114631842,False,-0.42711441492740115,False,44.12,False,0.9054899948691636,65.0,0.43,0,True,▃▁▂▄█▄▄▄▂▂▃▃█▃▅▁▂▃▃▃,False,False,False,0,-0.0930197723187538,-0.09552617820599008,-0.10309892885743088,-0.1457458863828388,UP,False,11,10.0,IGNORE,NONE,,GREEN,C,WATCHLIST,No standout factor,Non-Energy Minerals,41.4
JAICORPLTD,103.74,105.0,105.8,103.25,True,False,False,False,False,False,0.9612435429100935,3.0271954439999997,0.9518859306432289,False,-0.15032686023734806,False,42.85,False,0.9935655904005566,88.0,1.06,0,True,▃█▅▅▄▂▇▇▁▅▄▅▅▅▅▆▆▅▄▅,False,False,False,0,-0.06733794839521723,-0.10514965927715014,-0.07741710493389431,-0.15536936745399887,UP,False,9,10.0,IGNORE,SEED,,GREEN,C,WATCHLIST,No standout factor,Process Industries,36.8
MAXESTATES,397.1,410.45,410.7,396.0,True,False,False,False,False,False,0.2940274580711126,1.2698463800000002,0.27626074207257245,False,-0.2901017601078515,False,57.38,False,0.9380261888803517,66.0,0.3,0,True,▁▇▁▆▂▂▇▁▂▄▂▂▅█▂█▅▅▂▃,False,False,False,0,-0.1165739710789766,-0.1056306306306306,-0.12665312761765368,-0.15585033880747934,UP,False,9,10.0,IGNORE,NONE,,GREEN,C,WATCHLIST,No standout factor,Finance,31.4
CROMPTON,249.95,270.0,270.0,248.3,True,False,False,False,False,False,7.957156961905716,565.1922639349999,7.674231368532969,False,-0.20915527178047222,False,37.67,False,0.756554833656347,12.0,-1.13,0,False,▇▆▇▇▄▄▄▆▆▂▆▄▁▄█▂▃▄▅▂,False,False,True,0,-0.04489873901413832,-0.11097279032544904,-0.0549778955528154,-0.16119249850229778,UP,False,8,10.0,IGNORE,DISTRIBUTION,,GREEN,C,WATCHLIST,No standout factor,Producer Manufacturing,37.9
VSTIND,219.77,219.56,220.99,219.1,False,False,False,False,False,False,0.3249526052087527,2.509399791,0.30982323217003865,False,-0.16883671167214664,False,65.48,True,1.289776140717177,85.0,0.95,0,False,▅▆▇▄▃▅▅▆█▁▃▇▁▆▇▅▅▇▇█,False,False,False,0,-0.11596942880128713,-0.14051622995698076,-0.12604858533996421,-0.1907359381338295,UP,False,4,10.0,IGNORE,SEED,,GREEN,C,WATCHLIST,No standout factor,Consumer Non-Durables,39.6
SOLARWORLD,168.43,169.13,171.79,167.13,True,False,False,False,False,False,0.5645821561277877,3.452427611,0.5010497749098689,False,-0.5122944817397992,False,43.79,False,0.8985052270885271,42.0,-0.08,0,True,▃▃█▁▃▃▃▃▃▃▃▃▅▆▄▅▄▄▄▃,False,False,False,0,-0.19757027155788465,-0.19795238095238088,-0.20764942809656173,-0.2481720891292296,UP,False,2,10.0,IGNORE,NONE,,GREEN,C,WATCHLIST,No standout factor,Industrial Services,34.6
INDOCO,221.73,223.78,224.4,221.04,True,False,False,False,False,False,0.09142500896349849,0.7576292370000001,0.0875655420853638,False,-0.7479759897676129,False,39.44,False,0.9501897247485394,23.0,-0.68,0,True,█▆▆▆▇▇▆█▅▆▅▁▄▆▄▆▅▇▄▅,False,False,False,1,-0.1479460477270108,0.05756939807307071,-0.1580252042656879,0.007349689896221978,FLAT,True,50,9.0,IGNORE,NONE,,GREEN,C,WATCHLIST,No standout factor,Health Technology,33.0
SPLPETRO,701.45,700.0,707.6,693.4,True,False,False,False,False,False,0.1330288355525241,2.47345299,0.1282324700005565,False,-0.338705315923796,False,48.95,True,1.1145898559799623,46.0,0.09,0,False,▆▄▅█▇▁▄▄▄▅▅▂▃▅▄▅▆▇▇▆,False,False,False,0,-0.043759798241428505,0.053782017576804675,-0.053838954780105586,0.003562309399955943,FLAT,True,49,9.0,IGNORE,NONE,,GREEN,C,WATCHLIST,No standout factor,Process Industries,36.8
TEAMLEASE,1253.6,1262.5,1265.0,1237.7,False,False,False,False,False,False,0.31176380602722964,1.9161276,0.2984821859942248,False,-0.31339802969512826,True,59.16,False,0.9762778992532694,57.0,0.14,0,False,▅▁▄▄▂▄▅██▅▇▇▇▆▂█▅▅▃▅,False,False,False,0,-0.08987948308407157,-0.0926462072958888,-0.09995863962274865,-0.14286591547273753,UP,False,11,9.0,IGNORE,NONE,,GREEN,C,WATCHLIST,No standout factor,Commercial Services,35.1
LGHL,202.82,195.1,204.48,195.1,False,False,False,False,False,False,0.7146815380789482,0.37012621799999995,0.7032379583831572,False,-0.22529206961322779,True,9.12,False,0.46121169212096685,31.0,-0.64,0,False,▅▂▃▃▃█▂▅▂▃▂▅▄▃▁▅▁▆▂▂,False,False,False,0,-0.05568488686097406,-0.14222880101501378,-0.06576404339965114,-0.19244850919186252,UP,False,4,9.0,IGNORE,NONE,,GREEN,C,WATCHLIST,No standout factor,Consumer Durables,38.4
TCC,275.6,274.4,284.0,270.15,False,False,False,False,False,False,0.6022985606729357,0.9740530800000001,0.5781081928023263,False,-0.4625526842040567,True,54.03,False,0.8882057520487254,27.0,-0.53,0,False,▁▄▅▆▆▅▅▆▅█▅▇█▅█▄▇▅▅▅,False,False,False,0,-0.14912009879592458,-0.27089947089947086,-0.15919925533460166,-0.3211191790763196,UP,False,1,9.0,IGNORE,NONE,,GREEN,C,WATCHLIST,No standout factor,Distribution Services,33.3
CANTABIL,227.69,228.0,235.01,225.13,True,False,False,False,False,False,0.8518178871542024,4.766029849000001,0.7796552735064938,False,-0.2606367353683696,True,43.08,False,0.854677115365539,26.0,-0.67,0,False,█▃▄▃▄▂▄▅▅▃▅▅▄▅▄▄█▁▄▃,False,False,False,0,-0.09366292492635941,0.07782248520710056,-0.1037420814650365,0.027602777030251824,FLAT,True,55,8.0,IGNORE,NONE,,GREEN,C,WATCHLIST,No standout factor,Consumer Non-Durables,39.6
VINATIORGA,1324.9,1337.7,1349.4,1320.0,True,True,False,False,False,False,0.46106196933215055,3.0126901100000003,0.4633248321447054,False,-0.06696734705899217,False,53.01,False,0.9836613132184708,28.0,-0.57,0,False,▆▆▅▅▇█▇▆█▅▅▇▁▇▆▆▅▇▅▆,False,False,False,0,-0.006151076438376535,0.01829221428022465,-0.016230232977053616,-0.03192749389662408,UP,False,39,8.0,IGNORE,NONE,,GREEN,C,WATCHLIST,No standout factor,Process Industries,36.8
WAKEFIT,127.5,135.39,136.5,127.0,True,False,False,False,False,False,0.8068051566596953,84.034638,0.7682374283535988,False,-0.36153952350084523,False,24.49,False,0.7138692940010494,15.0,-0.98,0,False,▃▅▃▄▆▆█▁▁▁▂▂▂▂▃▃▃▃▃▃,False,False,False,0,-0.019230769230769273,0.004728132387706863,-0.029309925769446354,-0.04549157578914187,UP,False,35,8.0,IGNORE,NONE,,GREEN,C,WATCHLIST,No standout factor,Retail Trade,39.8
AKCAPIT,1720.0,1703.6,1739.9,1700.0,False,False,False,True,False,True,0.4369235383807834,0.300656,0.4273473215678707,False,-0.3353325886096426,False,76.04,False,0.9676393113014267,25.0,-0.66,0,False,▄▅▁▄██▂█▅▇▇▅▇▃▂▅▄█▄▅,False,False,False,0,-0.03797751552100237,0.005847953216374213,-0.04805667205967945,-0.04437175496047452,FLAT,False,35,8.0,IGNORE,NONE,,GREEN,C,WATCHLIST,No standout factor,Finance,31.4
HEIDELBERG,156.27,156.5,157.69,156.0,True,False,True,False,False,False,0.610094694085582,0.766941906,0.6054688795236346,False,-0.07685585992977226,False,55.97,False,0.9580787072698951,36.0,-0.2,0,False,▆▄▁▅▅▅▄▇▇▄▇█▁▇▇▆▄▆▆▅,False,False,False,1,-0.008124404950809239,-0.007746523588799237,-0.01820356148948632,-0.05796623176564797,UP,False,32,8.0,IGNORE,NONE,,GREEN,C,WATCHLIST,No standout factor,Non-Energy Minerals,41.4
ASTRAZEN,8191.0,8129.0,8209.5,8050.0,False,True,False,False,False,False,0.1853076923076923,1.9732119,0.186982289585593,False,-0.05714611633195657,False,43.55,False,0.8206684066218801,33.0,-0.4,0,False,▃▃▄▂▃▃▄▃▃▅▃▁▄▄█▁▂▁▂▂,False,False,False,0,0.009054511857098824,-0.051034003359786806,-0.0010246446815782573,-0.10125371153663554,UP,False,19,8.0,IGNORE,NONE,,GREEN,C,WATCHLIST,No standout factor,Health Technology,33.0
LICHSGFIN,504.25,507.35,507.9,502.7,True,False,False,False,False,False,1.1246815749041972,80.8893646,1.0592506522718226,False,-0.2931959733491239,False,49.3,False,0.9823358871409641,39.0,-0.32,0,False,▆▃▃▇▃█▃▅▃▂▄▂▆▂▁▄▁▂▇▄,False,False,False,0,-0.08176272421014286,-0.0542061333583419,-0.09184188074881994,-0.10442584153519063,UP,False,18,8.0,IGNORE,NONE,,GREEN,C,WATCHLIST,No standout factor,Finance,31.4
SIGNATURE,802.3,800.0,811.0,795.0,True,False,False,False,False,False,0.44314736729639737,23.01092676,0.43033959264902355,False,-0.3908218306854572,False,10.15,False,0.6293793017920257,32.0,-0.52,0,False,▂█▃▅▅▃▂▃▂▂▄▄▃▁▁▄▁▂▂▂,False,False,False,0,-0.05483889968781297,-0.05910636800750568,-0.06491805622649005,-0.10932607618435441,UP,False,17,8.0,IGNORE,NONE,,GREEN,C,WATCHLIST,No standout factor,Finance,31.4
DABUR,410.0,410.95,413.45,408.5,True,False,False,False,False,False,0.8078489243717978,71.730648,0.7820595932546872,False,-0.09610997494812588,False,46.24,False,0.9244579505582934,25.0,-0.73,0,False,▆▆▄▇▆▅▅▄▇▄▇▅▄▁▆▇▆▆█▅,False,False,False,0,-0.07553551296505068,-0.07532701849345957,-0.08561466950372776,-0.1255467266703083,UP,False,14,8.0,IGNORE,NONE,,GREEN,C,WATCHLIST,No standout factor,Consumer Non-Durables,39.6
BHARATWIRE,201.17,206.5,208.0,198.0,True,False,False,True,False,False,1.4862122235514437,4.632301355999999,1.470964617224051,False,-0.31258003644799326,False,37.68,False,0.8252389973608997,21.0,-0.69,0,False,▂▆▁▃▇▅▇▇▄▃▆▅▃█▁▄▄▁▄▂,False,False,False,0,-0.07020706230356821,-0.09813503093338127,-0.0802862188422453,-0.14835473911023,UP,False,11,8.0,IGNORE,NONE,,GREEN,C,WATCHLIST,No standout factor,Producer Manufacturing,37.9
UPL,573.0,573.05,575.0,570.15,False,False,False,False,False,False,0.4246414800060851,50.5663332,0.4053715516795473,False,-0.11947179388496273,False,52.77,False,0.9936917427737503,37.0,-0.24,0,False,▆▅▃▂▁▆▅▄▃▃▇█▅▅▅▃▁▆▆▄,False,False,False,0,-0.03656998738965955,-0.11135235732009918,-0.046649143928336634,-0.16157206549694791,UP,False,8,8.0,IGNORE,NONE,,GREEN,C,WATCHLIST,No standout factor,Process Industries,36.8
PGHH,8497.0,8541.0,8550.0,8476.0,False,False,False,False,False,False,0.3903459172369,7.2003578,0.3822230952837383,False,-0.29404897892182946,False,61.0,False,0.973041952464508,53.0,0.11,0,False,▅▅▆▆▇▅█▅▃▄▅▆▁▆▃▃▄▅▂▄,False,False,False,0,-0.04955257270693514,-0.11957310123303289,-0.05963172924561222,-0.16979280940988162,UP,False,7,8.0,IGNORE,NONE,,GREEN,C,WATCHLIST,No standout factor,Consumer Non-Durables,39.6
AGIIL,302.95,302.9,308.05,301.75,True,False,False,False,False,False,0.1666064170987119,11.362533585,0.15509820487845338,False,-0.3152502582151616,False,22.88,False,0.8219276502496676,23.0,-0.86,0,False,▁▄▃▂▂▃█▅▇▅▂▂▂▄▂▄▄█▆▃,False,False,False,0,-0.12340856481481488,-0.16265892758430078,-0.13348772135349196,-0.21287863576114952,UP,False,3,8.0,IGNORE,NONE,,GREEN,C,WATCHLIST,No standout factor,Finance,31.4
KPEL,302.5,304.0,308.0,300.4,True,False,False,False,False,False,1.019529061675536,5.040013,0.9822934564862909,False,-0.27172020325158164,False,51.61,False,0.9445806947545664,65.0,0.39,0,False,▁▇▂▄▂▄▇▃▂▇▂▂▆█▇▅▅▅▆▃,False,False,False,0,-0.07956792940818491,-0.1540827740492171,-0.08964708594686199,-0.20430248222606584,UP,False,3,8.0,IGNORE,NONE,,GREEN,C,WATCHLIST,No standout factor,Utilities,35.4
GUJENERGY,265.3,274.8,276.55,263.9,True,False,False,False,False,False,1.1870145972633404,25.807481980000002,1.1414241538749257,False,-0.23032165434295643,False,0.0,False,0.0,,,0,False,,False,False,False,0,-0.08422506040731781,-0.28258518117901565,-0.09430421694599489,-0.3328048893558644,UP,False,1,8.0,IGNORE,NONE,,GREEN,C,WATCHLIST,No standout factor,Utilities,35.4
JUBLCPL,1852.8,1919.5,1920.0,1845.0,True,False,False,False,False,False,0.7052134679080927,0.5009971200000001,0.6829960081407651,False,-0.3357772256320045,False,56.29,False,0.929038859868459,49.0,0.1,0,True,▃▄▃▃▄▅▅▄▁▃▄▆▄▆▆▆█▇▅▃,False,False,False,0,-0.11340798162503596,0.03502597620244674,-0.12348713816371304,-0.015193731974401992,FLAT,False,44,6.0,IGNORE,NONE,,GREEN,C,WATCHLIST,No standout factor,Process Industries,36.8
PARKHOTELS,119.92,120.35,122.4,118.2,True,False,False,False,False,False,1.2448713097543422,2.414493264,1.1762145702847089,False,-0.12155388131347943,False,52.31,False,0.8784583735673203,30.0,-0.6,0,True,▃▅▃▂▃▃▅▃▄▂▄▅▄█▅▁▅▅▆▃,False,False,False,2,-0.06055620838229536,0.030949105914718,-0.07063536492097244,-0.01927060226213073,FLAT,False,42,6.0,IGNORE,NONE,,GREEN,C,WATCHLIST,No standout factor,Consumer Services,35.0
LGBBROSLTD,1523.5,1519.0,1535.2,1513.2,False,False,False,False,False,False,0.7952048305060414,2.74275705,0.7809053275824961,False,-0.2001101703350925,False,47.9,False,0.8617742835039489,42.0,-0.15,0,True,▄▅▂▁▃▃▄▆▃▅▆█▇▃▃▄▆▆▆▂,False,False,False,0,-0.038983157761937726,0.0072727272727273196,-0.04906231430061481,-0.04294698090412141,FLAT,False,36,6.0,IGNORE,NONE,,GREEN,C,WATCHLIST,No standout factor,Producer Manufacturing,37.9
DLINKINDIA,444.95,443.0,446.9,438.0,False,False,False,False,False,False,0.6237365049971536,4.078011245,0.5944382447487789,False,-0.25409295573829266,False,49.37,True,1.089028102527904,40.0,-0.15,0,False,▅▅▄▄▃▄▂▅▄▁▆▄▆▄▆▆▆▅█▅,False,False,False,0,-0.1214335077500247,-0.04074593079659383,-0.13151266428870179,-0.09096563897344256,FLAT,False,22,6.0,IGNORE,NONE,,GREEN,C,WATCHLIST,No standout factor,Electronic Technology,34.1
UTIAMC,896.65,900.3,902.6,895.0,True,False,False,False,False,False,0.1508529543946282,4.89983359,0.14317185820741798,False,-0.09957885920527022,False,65.49,True,1.1844604004268326,83.0,0.91,0,False,▃▃▅▅▂▃▅▅▁▆▃▅▄▃▄▆▅█▅▆,False,False,False,0,-0.1071890869262172,-0.04682683108323593,-0.11726824346489428,-0.09704653926008466,FLAT,False,20,6.0,IGNORE,NONE,,GREEN,C,WATCHLIST,No standout factor,Finance,31.4
KOTIC,152.65,153.55,156.01,152.1,True,False,False,False,False,False,0.15112675815205126,0.14822315,0.1305403598522613,False,-0.2331064059008791,False,63.24,True,1.22495230162804,56.0,0.07,0,False,▄▂▆▂▁▅▅▇▇▂▇▇▅▆▂▇▅▇▆█,False,False,False,0,-0.14720670391061452,-0.05881990258338976,-0.1572858604492916,-0.10903961076023849,FLAT,False,17,6.0,IGNORE,NONE,,GREEN,C,WATCHLIST,No standout factor,Process Industries,36.8
SUNCLAY,1241.6,1270.1,1293.2,1232.2,True,False,False,False,False,False,0.7955339717696183,1.08813824,0.7504136402064033,False,-0.3834392010013228,False,58.97,False,0.984120891499712,55.0,0.1,0,False,▅▅▅▅▇█▆▆▇▅▇▁▃▆▄▅▅▅▅▅,False,False,False,0,-0.07756315007429426,-0.058538064907491694,-0.08764230661297134,-0.10875777308434043,UP,False,17,4.0,IGNORE,NONE,,GREEN,C,WATCHLIST,No standout factor,Producer Manufacturing,37.9
NESCO,1047.1,1048.0,1054.9,1040.0,True,False,False,False,False,False,0.24388735839075562,1.3010217499999999,0.24137485921899426,False,-0.2182726711498178,False,46.35,False,0.830198817839871,15.0,-0.88,0,False,▆▆▅▃▆▃▅█▆▇▁▂▄▄▂▄▅▅▆▂,False,False,False,0,-0.04722474977252056,-0.10778800272665301,-0.05730390631119764,-0.15800771090350174,UP,False,9,4.0,IGNORE,NONE,,GREEN,C,WATCHLIST,No standout factor,Producer Manufacturing,37.9
ESABINDIA,5631.5,5652.5,5672.0,5590.0,False,False,False,False,False,False,0.7705168010876154,1.18092555,0.7589975708104219,False,-0.11214925533571406,False,53.74,False,0.942558975708147,50.0,0.06,0,False,▆█▄▅▆▁▆▅▄▆▄▃▅▅▆▅▅▄▆▄,False,False,False,0,-0.019585654596100288,-0.13507909691291664,-0.02966481113477737,-0.18529880508976537,UP,False,5,4.0,IGNORE,NONE,,GREEN,C,WATCHLIST,No standout factor,Producer Manufacturing,37.9
ZOTA,1274.7,1252.5,1286.4,1242.2,False,False,False,False,False,False,0.8487213255622805,4.63315209,0.8187729054931603,False,-0.3255428258544963,False,34.61,False,0.6221854691558879,4.0,-1.84,0,False,▅█▆▅▆▅▅▆▅▆▅▁▆▇▆▆▅▅▇▃,False,False,False,1,-0.10421644413211517,0.13286526839672952,-0.11429560067079225,0.08264556021988079,FLAT,True,67,3.0,IGNORE,NONE,,GREEN,C,WATCHLIST,No standout factor,Health Technology,33.0
AHLUCONT,822.3,832.7,832.7,810.0,True,False,False,False,False,False,0.47487024895865043,1.3147754699999998,0.46676967482424264,False,-0.017799016701043245,False,50.54,False,0.9612842483666346,33.0,-0.24,0,False,▆▇▇▅▄▆▅▇█▁▆▆█▄▆▆▇▇▇▆,False,False,False,0,-0.024497301144789208,0.0382575757575756,-0.03457645768346629,-0.01196213241927313,FLAT,False,45,0.0,IGNORE,NONE,,GREEN,C,WATCHLIST,No standout factor,Industrial Services,34.6
SAFARI,1486.6,1490.8,1497.6,1479.7,True,False,False,False,False,False,0.535199015293002,3.5486628600000003,0.5112940481554498,False,-0.1949720641435012,False,49.18,False,0.8645816852135084,36.0,-0.3,0,False,▅▅▅▆▄▄▅▄▃▃▅▄▅▆█▆▁▄█▄,False,False,False,2,-0.08864639529180984,-0.011371949191993136,-0.09872555183048692,-0.06159165736884187,FLAT,False,30,0.0,IGNORE,NONE,,GREEN,C,WATCHLIST,No standout factor,Consumer Durables,38.4
RUSTOMJEE,380.0,384.9,387.65,375.9,True,False,False,False,False,False,0.1863178809250014,3.346584,0.17397360494801167,False,-0.2175614370244498,False,49.86,False,0.9806852602179301,33.0,-0.4,0,False,▂▅▅▅▇▆▆▇█▆██▇▇▇█▁▅█▆,False,False,False,0,-0.10387925952128285,-0.04510616911672316,-0.11395841605995993,-0.09532587729357189,FLAT,False,20,0.0,IGNORE,NONE,,GREEN,C,WATCHLIST,No standout factor,Finance,31.4
