symbol,close,open,high,low,price_down,close_gt_ema20,close_gt_ema50,close_gt_ema200,breakout20,within_15pct_52w_high,volume_ratio,turnover_cr,turnover_ratio,up_day_volume_above_avg,cmf20,cmf_rising,latest_delivery_pct,latest_delivery_above_avg20,delivery_ratio,delivery_percentile,delivery_zscore,consecutive_high_delivery_days,delivery_slope_positive,delivery_sparkline,absorption_day,failed_breakdown_reclaim,failed_breakout,resistance_touches,stock_return_20d,stock_return_50d,rs_raw_20,rs_raw_50,rs_trend,outperform_benchmark_50d,rs_percentile,ics,rating,stage,delivery_tag,regime,action_rank,action,reason,sector,sector_score
STOVEKRAFT,795.9,771.05,814.7,771.05,False,True,True,True,False,True,1.6066904735459113,16.80893046,1.639223686069273,True,-0.20868724672716799,True,61.66,True,1.1770432657891974,92.0,1.18,0,True,▄▃▅▄▇▁▂▁▄▅▆▆█▆▄▆▃▄▅▆,False,True,False,10,0.022022471910112307,0.46184222609973347,0.010673725335854867,0.41267859046033006,FLAT,True,94,84.0,BUILDING,SEED,,NEUTRAL,B,WAIT,"Delivery P92, RS leader",Consumer Durables,31.1
GRWRHITECH,7160.0,6975.0,7199.0,6970.0,False,True,True,True,True,True,1.5815539649827361,54.589988,1.6424814095549227,True,0.051056372494942194,True,63.03,True,1.3516614305780428,98.0,2.01,0,True,▂▃▃▄▆▅▄▅▂▃▂▁▄▅▃▅▅▂▆█,False,False,False,12,0.0813259835384732,0.33013802968660033,0.06997723696421576,0.28097439404719693,FLAT,True,89,82.0,BUILDING,BREAKOUT,,NEUTRAL,B,WAIT,"Delivery P98, CMF positive",Process Industries,38.1
CARTRADE,2978.5,2677.0,3015.0,2677.0,False,True,True,True,True,True,5.794281747043864,1058.96129535,6.155064126786172,True,0.04231733930778542,True,19.29,False,0.5584667496598245,4.0,-1.88,0,True,▄▃▃▆▄▅▃▁█▅▂▅▃▅▃▃▃▅▃▁,False,True,False,8,0.12032648762506581,0.669469200156942,0.10897774105080837,0.6203055645175386,FLAT,True,98,81.0,BUILDING,NONE,,NEUTRAL,B,WAIT,"CMF positive, RS leader",Technology Services,36.7
ENTERO,1273.4,1244.0,1277.9,1217.0,False,True,True,True,True,True,2.4947929869111976,21.11755624,2.6233806200050958,True,0.12726933462912263,True,68.29,True,1.2567632227906806,92.0,1.31,0,True,▁▂▂▂▃▄▄▆▃▄▄▅▅▅█▂▅▂▄▇,False,False,False,0,0.06107824347971014,0.06846786373552627,0.0497294969054527,0.019304228096122866,UP,True,52,80.0,BUILDING,BREAKOUT,,NEUTRAL,B,WAIT,"Delivery P92, CMF positive",Distribution Services,36.5
VENUSREM,1797.5,1749.9,1800.8,1706.8,False,True,True,True,True,True,1.7646673076254629,44.25894375,2.1710958540240632,True,0.4306109637173773,True,44.1,False,0.6447886891489814,16.0,-0.95,0,True,▃▅▃▄▃▅▃████▅█▄▄▂▁▂▃▂,False,False,False,14,0.9713753016012285,1.0834540712836858,0.9600265550269711,1.0342904356442824,FLAT,True,100,78.0,BUILDING,NONE,,NEUTRAL,B,WAIT,"CMF positive, RS leader",Health Technology,34.1
BHAGYANGR,276.0,250.1,285.49,250.1,False,True,True,True,True,True,4.031814094917344,55.9844472,5.6121670223747735,True,0.1649743389507399,True,32.67,False,0.7760832383124289,8.0,-1.71,0,False,▅▅▅██▁▃▃▃▂▅▄▇▆█▇▇▇▂▃,False,False,False,11,0.8778065042862977,0.6453055141579731,0.8664577577120403,0.5961418785185697,UP,True,98,76.0,BUILDING,NONE,,NEUTRAL,B,WAIT,"CMF positive, RS leader",Producer Manufacturing,29.4
GPTHEALTH,165.99,159.95,167.0,159.31,False,True,True,True,True,True,2.9849973130939227,8.053901196,3.1849710700727876,True,0.22164074918122023,True,61.8,True,1.1095053006705504,72.0,0.41,0,True,▆▅▄▂▅▅▃▄▇▅▆▄▄▄█▄▅▄▁▆,False,False,False,9,0.1316471229888192,0.19623810896511973,0.12029837641456176,0.14707447332571633,FLAT,True,76,76.0,BUILDING,NONE,,NEUTRAL,B,WAIT,CMF positive,Health Services,36.8
KTKBANK,285.55,280.0,287.0,280.0,False,True,True,True,True,True,1.9192496883689842,101.36927913000001,2.0051290404689572,True,0.11106835056936422,True,56.82,True,1.064323980069681,74.0,0.64,0,True,▆▆▂▄▅▇▄▇█▅▇▁▅▄▃█▁▆▃▆,False,False,False,8,0.06310498883097537,0.1758287008441426,0.05175624225671793,0.1266650652047392,FLAT,True,73,76.0,BUILDING,NONE,,NEUTRAL,B,WAIT,CMF positive,Finance,33.2
RATNAVEER,199.61,182.0,204.0,182.0,False,True,True,True,True,True,43.228055847886054,1056.999583718,48.09976431258377,True,0.34554171882770046,True,7.36,False,0.1856288935408207,0.0,-2.96,0,True,▅▄▇█▄▅▂▃▆▆▆█▆▅▄▇█▅▆▁,False,True,False,1,0.10403761061946892,0.09387330118369142,0.09268886404521148,0.04470966554428801,UP,True,57,76.0,BUILDING,NONE,,NEUTRAL,B,WAIT,CMF positive,Non-Energy Minerals,35.2
VINCOFE,162.87,157.5,165.45,157.5,False,True,True,True,False,True,1.5131254363594933,57.011764002,1.5573078388481596,True,0.017009807503531454,True,45.74,True,1.3368405670027768,92.0,1.62,0,True,▄▂▅█▇▃▃▃▅▄▄▂▂▁▃▃▃▅▃▇,False,False,False,4,0.08594479263901866,0.29231135443941914,0.07459604606476122,0.24314771880001573,FLAT,True,86,73.0,BUILDING,BUILDING,,NEUTRAL,B,WAIT,"Delivery P92, CMF positive",Distribution Services,36.5
KABRAEXTRU,404.8,392.0,408.0,377.25,False,True,True,True,True,True,2.646949238238733,23.27940032,3.420172080413658,True,0.2570438900239281,True,31.16,False,0.7785523324088648,5.0,-1.8,0,False,▆▆▃▇▃▅▆▅█▃▁▄▆▂▃▆▆▄▄▃,False,False,False,16,0.5581216320246343,0.7837313827443377,0.5467728854503768,0.7345677471049343,FLAT,True,99,72.0,BUILDING,NONE,,NEUTRAL,B,WAIT,"CMF positive, RS leader",Producer Manufacturing,29.4
BLUESTONE,820.75,793.0,829.0,765.8,False,True,True,True,True,True,3.6580465336997015,1665.466474525,4.021580695061743,True,0.221242885143015,True,8.57,False,0.22861563496191964,2.0,-2.1,0,False,█▆▇▆▆▆▅▄▅▅▄▅▅▆▆▁▁▁▁▁,False,False,False,13,0.5242826631999256,0.7348340731346437,0.5129339166256681,0.6856704374952403,FLAT,True,98,72.0,BUILDING,NONE,,NEUTRAL,B,WAIT,"CMF positive, RS leader",Retail Trade,27.1
RUBYMILLS,336.2,283.9,340.8,281.6,False,True,True,True,True,True,14.940569566628453,46.50886578,18.90604946609948,True,0.4456975572180055,True,20.45,False,0.3764346393498449,1.0,-2.52,0,False,▅▇▅▆▇▆█▅▄▄█▃▃▄▄▆▇▁▃▂,False,False,False,12,0.475920804249528,0.7608547635258993,0.46457205767527054,0.7116911278864959,FLAT,True,98,72.0,BUILDING,NONE,,NEUTRAL,B,WAIT,"CMF positive, RS leader",Process Industries,38.1
LOTUSDEV,187.95,182.74,188.4,182.15,False,True,True,True,True,True,2.454741113973027,142.832696475,2.7875882863106,True,0.772152364046905,True,39.34,False,0.7908332495728215,24.0,-0.67,0,False,▅▄▆▄▅▅█▄▆▄▇▆▆▆▆▁▃▁▂▃,False,False,False,5,0.23391544117647056,0.3521582733812949,0.22256669460221312,0.3029946377418915,FLAT,True,90,72.0,BUILDING,NONE,,NEUTRAL,B,WAIT,"CMF positive, RS leader",Finance,33.2
ANANTRAJ,616.9,588.0,619.6,586.3,False,True,True,True,True,False,1.5054594574409794,286.26152586999996,1.6125015754471954,True,0.25095355362393496,True,44.08,True,1.165890816758358,88.0,1.16,0,True,▅▅▇▇▇▆▁▆▆▄█▃▄▆▆▆▂▆█▇,False,False,False,7,0.20077858880778576,0.29532808398950117,0.18942984223352832,0.24616444835009776,FLAT,True,86,72.0,BUILDING,NONE,,NEUTRAL,B,WAIT,CMF positive,Consumer Durables,31.1
EMCURE,1924.8,1898.0,1938.6,1882.1,False,True,True,True,True,True,1.8837300967552413,48.75364415999999,1.9725015776331265,True,0.018528253374355087,True,63.69,True,1.3259634001623883,86.0,1.02,0,True,▃▃▅▅▄▅▅▅▆▇▃▇█▁▆▅▅▆▅█,False,False,False,4,0.04071370640713701,0.14150160123354283,0.029364959832879567,0.09233796559413943,FLAT,True,68,71.0,BUILDING,NONE,,NEUTRAL,B,WAIT,CMF positive,Health Technology,34.1
BHAGERIA,226.35,229.25,229.8,217.0,True,True,True,True,False,True,1.7349288012623318,5.30224875,1.9184443932858108,False,-0.03203481227702186,True,58.51,True,1.0326600128839822,71.0,0.67,0,True,█▆▄▇▇▅▇▅▁▅▁▃▆▇▆█▇█▆▆,False,False,False,7,0.4080870917573871,0.4403436207445115,0.39673834518312967,0.3911799851051081,UP,True,94,70.0,BUILDING,NONE,,NEUTRAL,B,WAIT,RS leader,Process Industries,38.1
SYRMA,1316.2,1300.0,1318.5,1257.0,False,False,True,True,False,True,1.1479899382091192,154.29720466,1.0837724768967836,True,0.09834189682046185,True,46.01,True,1.2272278680216584,91.0,1.23,0,True,▂▅▄▆▅▄▂▁▆▅▂▃▂█▅▅▄▄▇▆,False,False,False,4,-0.038076445224000555,0.3569771637713284,-0.049425191798257995,0.307813528131925,FLAT,True,90,70.0,BUILDING,BUILDING,,NEUTRAL,B,WAIT,"Delivery P91, CMF positive, RS leader",Electronic Technology,24.6
SJS,2419.3,2371.6,2434.0,2335.6,False,True,True,True,True,True,1.780085763546072,36.530946140000005,1.9383469934067874,True,0.07821151381441321,True,54.4,False,0.9633433681600849,63.0,0.28,0,True,▁▂▄▄▃▄▄▆▅▅▄▄▅▆█▅▆▃▁▄,False,False,False,6,0.09609459949256993,0.29533651014616913,0.08474585291831249,0.24617287450676573,FLAT,True,86,70.0,BUILDING,NONE,,NEUTRAL,B,WAIT,CMF positive,Producer Manufacturing,29.4
LXCHEM,193.05,191.0,193.98,185.46,False,True,True,True,True,False,2.444298831810187,74.825388495,2.740577889949422,True,0.3020712539395655,True,35.65,False,0.9241018196899788,16.0,-0.89,0,True,▂▃▁▃▂█▃▄▃▂▁▂▂▂▂▂▃▁▁▂,False,False,False,10,0.2521891418563924,0.27771526904494004,0.24084039528213497,0.22855163340553664,UP,True,85,70.0,BUILDING,NONE,,NEUTRAL,B,WAIT,CMF positive,Process Industries,38.1
MONARCH,397.6,361.0,403.8,360.0,False,True,True,True,True,True,56.8109924250069,204.81342168000003,63.46409749154785,True,0.5438026913128658,True,16.44,False,0.2647321680179709,0.0,-2.78,0,True,▇▆▇▆▆▄▆▇▇█▇▆▇█▇▇▅▄▆▁,False,False,False,10,0.17459379615952741,0.26162145010312576,0.16324504958526997,0.21245781446372236,FLAT,True,83,70.0,BUILDING,NONE,,NEUTRAL,B,WAIT,CMF positive,Finance,33.2
CREDITACC,1591.1,1585.5,1614.0,1550.1,False,True,True,True,True,True,12.294695161727462,608.45668786,12.843434598861498,True,0.1784297656447849,True,26.1,False,0.48941476494965225,5.0,-1.85,0,True,▅▅▅▆▄▇▆▆▅█▇▅▅▇▆▆█▅▆▁,False,False,False,6,0.11133617377942295,0.22505389590391123,0.09998742720516551,0.17589026026450783,FLAT,True,80,70.0,BUILDING,NONE,,NEUTRAL,B,WAIT,CMF positive,Finance,33.2
PRICOLLTD,665.35,638.0,671.4,633.2,False,True,True,True,True,True,2.6889042519857353,89.926776485,2.9132395136173717,True,0.3296254275577183,True,40.79,False,0.7792604762678027,18.0,-0.75,0,True,▄▅▄▇▄▃▅▄▆▆█▃▆▇▄█▆▁▃▁,False,False,False,13,0.14076296613801986,0.20196910848161886,0.12941421956376242,0.15280547284221546,FLAT,True,77,70.0,BUILDING,NONE,,NEUTRAL,B,WAIT,CMF positive,Producer Manufacturing,29.4
ASTERDM,801.5,790.0,807.3,786.05,False,True,True,True,False,True,1.0300360835060887,38.93182055,1.0351588898162916,True,0.05479585128974435,True,64.78,True,1.1916850625459898,92.0,1.17,0,True,▅▂▃▁▅▆▄▄▆▅█▃▄█▅▅▆▅█▇,False,False,False,8,0.04675460363066475,0.06123800066203233,0.03540585705640731,0.01207436502262893,UP,True,50,70.0,BUILDING,BUILDING,,NEUTRAL,B,WAIT,"Delivery P92, CMF positive",Health Services,36.8
CAPLIPOINT,2621.4,2470.0,2652.0,2470.0,False,True,True,True,False,True,2.9181354719357895,92.78995794,2.9580195849780324,True,0.00716202285075081,True,30.75,False,0.7115008618994181,6.0,-1.61,0,True,▁▅▅▂▅▆▅▆▃▅▄▃▅▇▅█▆▃▆▂,False,True,False,8,0.02482505180030503,0.3198731181712906,0.013476305226047591,0.2707094825318872,FLAT,True,88,69.0,WATCH,NONE,,NEUTRAL,C,WAIT,CMF positive,Health Technology,34.1
REDINGTON,278.15,261.0,279.85,260.2,False,True,True,True,False,True,3.796406457301019,224.16339364499999,3.8351419563685263,True,0.03981705738317366,True,20.03,False,0.4530341754687536,12.0,-1.49,0,True,▆▇▅▄▅▅▅▄▆▅█▄▄▅▅▄▇▆▅▁,False,True,False,3,0.009545586527293759,0.2714266124240068,-0.001803160046963681,0.22226297678460338,FLAT,True,84,69.0,WATCH,NONE,,NEUTRAL,C,WAIT,CMF positive,Distribution Services,36.5
APCOTEXIND,588.5,561.5,593.4,561.5,False,True,True,True,True,True,3.0166480725279725,16.3900781,3.3334671262835203,True,0.039811531202821125,True,48.49,False,0.9346659084995038,25.0,-0.59,0,True,▄▁█▃▆▅▄▂▂▂▃▁▂▄▃▁▂▂▂▂,False,False,False,7,0.18541645684358943,0.2179221854304636,0.174067710269332,0.1687585497910602,UP,True,79,69.0,WATCH,NONE,,NEUTRAL,C,WAIT,CMF positive,Process Industries,38.1
LALPATHLAB,1827.2,1800.4,1894.9,1793.0,False,True,True,True,True,True,5.846330469723359,384.84687392,6.293973049302638,True,0.06793973008339185,False,25.78,False,0.4392047293728811,2.0,-2.73,0,True,▆▅▅██▆▄▆▆▅▅▅▅▄▆▆▆▆▂▁,False,False,False,10,0.10941105039465704,0.1098827674178462,0.0980623038203996,0.06071913177844279,UP,True,62,69.0,WATCH,NONE,,NEUTRAL,C,WAIT,CMF positive,Health Services,36.8
NH,2054.0,1970.7,2064.0,1965.1,False,True,True,True,True,True,1.600144074552149,81.7598808,1.6597717761152238,True,0.011008101424132612,True,52.5,False,0.9478844122665271,45.0,-0.06,0,True,▅▇▆▁▄▅▂▆▇▆▄▄██▇▃▁▅▆▄,False,False,False,15,0.07940511850333687,0.10063230093237596,0.06805637192907943,0.05146866529297256,UP,True,59,69.0,WATCH,NONE,,NEUTRAL,C,WAIT,CMF positive,Health Services,36.8
GAEL,157.31,153.69,158.98,150.2,False,True,True,True,False,True,2.4618360684794998,48.854240793,2.523426307637589,True,0.2184405101915728,True,30.79,False,0.5533937830818587,2.0,-2.27,0,True,▄▄▅▄▆▇▇█▆▆▅▅▅▆▅▆▆▆▁▂,False,True,False,1,-0.02817075430901339,-0.028830719841955732,-0.03951950088327083,-0.07799435548135913,UP,False,24,69.0,WATCH,NONE,,NEUTRAL,C,WAIT,CMF positive,Consumer Non-Durables,33.3
KERNEX,2321.2,2215.0,2337.0,2208.0,False,True,True,True,False,True,1.0626535353340676,49.91369208,1.1193994493495625,True,0.0598734580188773,True,56.38,True,1.3321676669344549,83.0,0.89,0,True,▅▂▂▄▃▅▂▃▆▅▁▆▇▅▄▅▆▇▆█,False,False,False,5,0.12887851376325266,0.7097819681791397,0.11752976718899522,0.6606183325397363,FLAT,True,98,68.0,WATCH,NONE,,NEUTRAL,C,WAIT,"CMF positive, RS leader",Electronic Technology,24.6
RUBICON,1574.0,1545.0,1578.0,1520.2,False,True,True,True,True,True,0.7694074426402688,34.5636234,0.8404751507042088,False,0.18587336055016815,True,48.09,True,1.0584118320274674,61.0,0.31,0,True,▆▅▇▆▃▅▅▇▅▅▃▅▇▆▆▆█▁▂▆,False,False,False,10,0.10378681626928477,0.6394979428154783,0.09243806969502733,0.5903343071760749,FLAT,True,98,68.0,WATCH,NONE,,NEUTRAL,C,WAIT,"CMF positive, RS leader",Health Technology,34.1
SENCO,417.95,386.65,430.0,386.65,False,True,True,True,True,True,8.577280494445997,777.50895781,9.927219253414565,True,0.1429362790717517,True,15.87,False,0.4545129093694958,2.0,-2.45,0,False,▅▅▅█▂▆▃▂▃▃▃▃▆▄▄▄▃▄▄▁,False,False,False,7,0.2775485251413725,0.26459909228441747,0.2661997785671151,0.21543545664501407,UP,True,83,68.0,WATCH,NONE,,NEUTRAL,C,WAIT,CMF positive,Consumer Durables,31.1
DEEPINDS,516.45,479.6,529.45,479.6,False,True,True,True,True,True,9.905312279477043,84.27245178000001,11.021903341397161,True,0.13004592755220226,True,21.55,False,0.44610511934088226,2.0,-2.15,0,True,█▆█▆▇▄▃▆▇▅▅▇▆▅▅▅▅▆▆▁,False,False,False,0,0.1176152347976629,0.15536912751677856,0.10626648822340545,0.10620549187737516,UP,True,69,68.0,WATCH,NONE,,NEUTRAL,C,WAIT,CMF positive,Industrial Services,19.1
JAIBALAJI,80.87,75.0,84.25,70.05,False,True,True,False,False,False,2.8698234848400936,70.715024708,2.9321160343909725,True,0.15603340918188408,True,38.02,True,1.0810964513193813,37.0,-0.39,0,True,▃▆█▆▅▁▄▄▄▃▄▅▅▄▅▅▆▁▇▆,False,False,False,8,0.17646203084084977,0.1231944444444446,0.16511328426659233,0.0740308088050412,UP,True,65,68.0,WATCH,NONE,,NEUTRAL,C,WAIT,CMF positive,Non-Energy Minerals,35.2
ASHIKAG,429.2,400.05,434.0,396.2,False,True,True,True,True,True,5.169049941895994,41.87665772,5.599707680006169,True,0.11103656073937973,True,0.0,False,0.0,,,0,False,,False,False,False,6,0.14759358288770041,0.11119741100323632,0.13624483631344297,0.06203377536383292,UP,True,62,68.0,WATCH,NONE,,NEUTRAL,C,WAIT,CMF positive,Miscellaneous,33.3
LLOYDSME,1910.0,1864.0,1914.8,1855.8,False,True,True,True,True,True,1.3887600457087632,129.328201,1.4784832821647538,True,0.1455048998486377,True,52.82,True,1.005061460592914,61.0,0.17,0,True,▄▃▂▅▄█▂▅▄▄▃▅▃▁▄▃▄▃▁▄,False,False,False,4,0.06966845878136207,0.10004031561366133,0.058319712207104635,0.05087667997425793,UP,True,59,68.0,WATCH,NONE,,NEUTRAL,C,WAIT,CMF positive,Non-Energy Minerals,35.2
PPLPHARMA,192.05,180.75,192.64,180.75,False,True,True,True,True,True,2.17404416845136,290.98536411000003,2.374723169392918,True,0.19025265639337802,True,41.24,True,1.0690169140042771,64.0,0.29,0,False,▆▄█▂▃▇▅▂██▅▃▂█▅▅▆▁▅▆,False,False,False,2,0.15193138195777367,0.09692711903129991,0.14058263538351623,0.04776348339189651,UP,True,58,68.0,WATCH,NONE,,NEUTRAL,C,WAIT,CMF positive,Health Technology,34.1
CNL,1019.9,1029.95,1080.25,983.0,False,True,True,True,True,True,3.3146284556583594,207.15923228,3.6432034695343787,True,0.12115605695660533,False,6.72,False,0.14995983218780684,1.0,-3.7,0,False,▆▆▆█▅▆▆▁▂▁▃▃▅▅▆▅▅▅▁▁,False,False,False,12,0.38169748696064487,0.6037424325811775,0.37034874038638743,0.5545787969417741,FLAT,True,97,67.0,WATCH,NONE,,NEUTRAL,C,WAIT,"CMF positive, RS leader",Distribution Services,36.5
DEVYANI,116.06,113.3,117.1,112.61,False,True,True,False,False,False,2.7510875677669056,51.63718308,2.827909677744803,True,0.19505599310185703,True,51.09,True,1.0388263641077256,67.0,0.28,0,True,▄█▇▇▄▆▄▆▄▇▇▄▆▅▄▅▄▃▁▆,False,True,False,0,0.04549139717142592,0.00034476814342365714,0.03414265059716848,-0.048818867495979745,UP,False,32,67.0,WATCH,NONE,,NEUTRAL,C,WAIT,CMF positive,Consumer Services,34.2
THANGAMAYL,7309.5,6999.0,7344.5,6915.5,False,True,True,True,True,True,1.0853815403476903,220.3419537,1.236789068946018,True,0.07578850937365063,True,25.38,True,1.0415298752462245,26.0,-0.71,0,False,▂▃▃▃▄▄▁▂▂█▅█▇▂▅▆▃▂▂▄,False,False,False,8,0.24414903576109337,1.060813668273704,0.23280028918683593,1.0116500326343005,FLAT,True,100,66.0,WATCH,NONE,,NEUTRAL,C,WAIT,"CMF positive, RS leader",Consumer Durables,31.1
OAL,392.45,366.0,394.9,366.0,False,True,True,True,True,True,2.7775265837194336,4.09835535,3.1870864745314567,True,0.09707172414174164,True,53.28,True,1.010593401174094,27.0,-0.51,0,False,▄▆▁▅▆▆▂▃▆▆▅▄▅█▆▃▅▃▅▅,False,False,False,7,0.2502389295954126,0.32160296346186223,0.23889018302115517,0.27243932782245883,FLAT,True,88,66.0,WATCH,NONE,,NEUTRAL,C,WAIT,CMF positive,Process Industries,38.1
ELPROINTL,178.5,175.43,178.5,174.5,False,True,True,True,True,True,4.728646779896759,3.3741141,4.854320537068242,True,0.18203010238253256,True,65.41,False,0.7457190414301024,14.0,-1.25,0,True,▄▇▇██▆▂▅▇▇▅▆▇▇▄▃▇▆▆▁,False,False,False,9,0.03779069767441867,0.08841463414634143,0.026441951100161232,0.03925099850693803,FLAT,True,56,66.0,WATCH,NONE,,NEUTRAL,C,WAIT,CMF positive,Electronic Technology,24.6
BLISSGVS,527.1,523.55,532.8,523.55,False,True,True,True,False,True,0.35569503174414324,20.72968338,0.3979034185775732,False,0.20976216365175146,False,53.68,True,1.2372084447312621,93.0,1.41,0,True,▆▄▄▆▅▄▆▇▅▄▅▇▆█▃▃▁▃▆▇,False,False,False,8,0.15541429197720302,0.9266055045871562,0.14406554540294558,0.8774418689477528,FLAT,True,99,65.0,WATCH,SEED,,NEUTRAL,C,WAIT,"Delivery P93, CMF positive, RS leader",Health Technology,34.1
SKMEGGPROD,318.8,325.55,330.0,315.0,True,True,True,True,False,True,0.3425116511044141,11.603554879999999,0.3322186039811516,False,0.14449713822164176,False,52.19,True,1.5504129285247459,65.0,0.53,1,True,▅▄▅▄▄▇▇▇▆▁▃▆▄▆▅▇▅▄▆█,False,False,False,7,0.048511757934550204,0.7638596879495407,0.037163011360292764,0.7146960523101373,FLAT,True,98,65.0,WATCH,NONE,DEL52% ▅▄▅▄▄▇▇▇▆▁▃▆▄▆▅▇▅▄▆█ P65 Z+0.5,NEUTRAL,C,WAIT,"CMF positive, RS leader",Process Industries,38.1
UNIONBANK,176.17,175.93,179.4,173.4,False,True,True,True,True,True,1.8028567308639778,627.277702162,1.8788303243419737,True,0.05190320195352644,False,52.97,True,1.22425867289158,91.0,1.26,0,False,▆▇▇▄▇█▅▆▄▅▃▁▄▅▅▇▆▄▆▇,False,False,False,1,-0.0025478428264070763,0.059732916265639924,-0.013896589400664516,0.010569280626236521,FLAT,True,49,65.0,WATCH,BREAKOUT,,NEUTRAL,C,WAIT,"Delivery P91, CMF positive",Finance,33.2
CAPILLARY,538.0,478.6,559.55,478.6,False,True,True,False,True,False,71.08437093516899,445.868038,74.44486433826249,True,0.3963340891342413,True,3.82,False,0.06317547733042263,0.0,-1.62,0,True,▇▅▅▇█▇▆▅▇▅██▄▃▄▅▆▅▄▁,False,True,False,0,0.05078125,0.03650900683941827,0.03943250342574256,-0.012654628799985135,UP,False,43,65.0,WATCH,NONE,,NEUTRAL,C,WAIT,CMF positive,Technology Services,36.7
INDSWFTLAB,239.91,228.0,240.7,228.0,False,True,True,True,False,True,0.4612794633900798,11.475183192,0.492895690397245,False,0.14987426212172372,True,55.13,True,1.268478998653981,63.0,0.25,0,True,▆▆▅▄▄▇▁▄▅▆▄▄▆▇▅▆█▇▇█,False,False,False,7,0.16875334924733276,0.8147503782148262,0.15740460267307532,0.7655867425754228,FLAT,True,99,64.0,WATCH,NONE,,NEUTRAL,C,WAIT,"CMF positive, RS leader",Health Technology,34.1
DEEDEV,476.35,501.4,503.0,476.35,True,True,True,True,False,True,0.2960820458883347,10.588212530000002,0.32665910123089487,False,0.20795356722462582,True,53.78,True,1.1896914058179406,80.0,0.78,0,True,▄▁▃▄▄▅▅▃▃█▃▂▆▄▅▂▃▄▅▅,False,False,False,15,0.24552229049548968,0.5671985523934859,0.23417354392123224,0.5180349167540825,FLAT,True,97,64.0,WATCH,NONE,,NEUTRAL,C,WAIT,"CMF positive, RS leader",Producer Manufacturing,29.4
CONFIPET,81.04,79.4,83.0,78.02,False,True,True,True,True,True,3.413265044216999,69.72734276,3.6969352432819838,True,0.0827144709381609,True,34.47,False,0.7769813362185556,12.0,-1.19,0,False,█▆▅▄▄▅▃▃▅▃▆▄▅▆▄▆▄▁▅▂,False,False,False,6,0.13390233664474605,0.31558441558441563,0.1225535900704886,0.26642077994501223,FLAT,True,88,64.0,WATCH,NONE,,NEUTRAL,C,WAIT,CMF positive,Retail Trade,27.1
TMB,893.65,811.0,917.0,808.95,False,True,True,True,True,True,31.635871722617637,685.487369155,36.1409636126599,True,0.3313768612421934,True,8.42,False,0.17774400219541286,0.0,-3.91,0,False,▇▆▄▄█▆▇▇█▇▇▇█▆▇▅▇▇▆▁,False,False,False,8,0.21263315014587136,0.30127411721878405,0.20128440357161392,0.25211048157938065,FLAT,True,87,64.0,WATCH,NONE,,NEUTRAL,C,WAIT,CMF positive,Finance,33.2
TFCILTD,94.8,89.0,95.25,87.75,False,True,True,True,True,True,5.122438465515265,405.85105764,5.961208612751086,True,0.21301411952097407,True,39.45,False,0.830858659253175,13.0,-1.07,0,False,██▇▄▅▄▄▆▇▁▅▄▄▃▁▂▅▅▂▃,False,False,False,5,0.2549642573471007,0.29703105760021886,0.24361551077284327,0.24786742196081546,FLAT,True,87,64.0,WATCH,NONE,,NEUTRAL,C,WAIT,CMF positive,Finance,33.2
LAURUSLABS,1713.4,1624.8,1734.5,1617.1,False,True,True,True,True,True,3.4043808258550055,1368.8703847,3.819005863215566,True,0.2373538642564513,True,31.04,False,0.6071690547215022,4.0,-1.77,0,False,▅▅██▇▇▄▃▅▅▄▄▆▅▄▃▄▅▁▁,False,False,False,15,0.1420382590148639,0.2908912830558277,0.13068951244060645,0.24172764741642427,FLAT,True,86,64.0,WATCH,NONE,,NEUTRAL,C,WAIT,CMF positive,Health Technology,34.1
AGI,707.15,687.95,714.0,677.55,False,True,True,True,False,False,3.552496270628695,19.29897208,3.6189366354132875,True,0.0647091314303493,True,44.81,False,0.8449694992598737,25.0,-0.53,0,True,▃▅▂▁▄▃▃▅▄▄█▇▄▄▃▅▄▄▂▂,False,True,False,0,0.03263726635514019,0.2344418259579295,0.021288519780882753,0.1852781903185261,FLAT,True,81,64.0,WATCH,NONE,,NEUTRAL,C,WAIT,CMF positive,Process Industries,38.1
DREDGECORP,1064.9,1015.0,1075.9,1003.2,False,True,True,True,False,True,2.0953807730800427,23.39926068,2.1226091371071396,True,-0.12155300449085663,True,45.92,True,1.212553306663498,81.0,0.95,0,True,▂▃▃▆▅▄▃▅▆▅█▃▄▇▂▃▇▄▁▇,False,True,False,0,-0.0020616624496296865,0.2300317643661567,-0.013410409023887127,0.18086812872675329,FLAT,True,80,64.0,WATCH,NONE,,NEUTRAL,C,WAIT,No standout factor,Transportation,40.9
MEDANTA,1407.2,1375.0,1411.0,1370.3,False,True,True,True,True,True,1.859366112776918,45.03574736,1.9414035816001343,True,0.09075557892198241,True,48.28,False,0.9127430499758958,19.0,-0.81,0,False,▇▄▃▅▄▅▃█▆▄▃▆▂▃▄▁▂▇▁▃,False,False,False,15,0.0785621215605119,0.13557133634602958,0.06721337498625446,0.08640770070662618,FLAT,True,67,64.0,WATCH,NONE,,NEUTRAL,C,WAIT,CMF positive,Health Services,36.8
METROPOLIS,577.35,574.95,594.0,574.95,False,True,True,True,False,True,1.148758646141818,20.630851695,1.1903379028655336,True,0.05131628972905321,True,59.14,True,1.0671622938395469,69.0,0.44,0,True,▃▄▄▅▄▅▂▄▄▂▅▄▃▃▁▃▂▇█▅,False,False,False,10,0.1022336769759451,0.13785967678360267,0.09088493040168766,0.08869604114419927,UP,True,67,64.0,WATCH,NONE,,NEUTRAL,C,WAIT,CMF positive,Health Services,36.8
ALGOQUANT,69.25,69.4,69.95,68.21,False,True,True,True,True,True,0.857963221553446,8.779840475,0.9566085024675159,False,0.21212079777732468,True,24.97,True,1.017522412387938,83.0,0.59,0,True,▂▅█▄▃▅▂█▃▃▅▃▁▅▃▅▄▂▃▄,False,False,False,5,0.2366071428571428,0.1276665038267384,0.22525839628288535,0.07850286818733498,UP,True,65,64.0,WATCH,NONE,,NEUTRAL,C,WAIT,CMF positive,Finance,33.2
UNITDSPR,1464.0,1416.0,1480.0,1410.5,False,True,True,True,True,True,4.768506466638793,578.7171504,5.024372899885291,True,0.142519948291598,True,46.3,False,0.844667013290279,12.0,-1.35,0,False,▇▄▅▄▆██▇▇▆▇█▄▃▆▇▅▂▁▄,False,False,False,6,0.057116037259007824,0.10850306655561437,0.045767290684750384,0.05933943091621097,FLAT,True,61,64.0,WATCH,NONE,,NEUTRAL,C,WAIT,CMF positive,Consumer Non-Durables,33.3
INOXGREEN,199.05,193.0,202.58,192.4,False,True,True,True,False,False,4.677437628326408,107.16047838,4.742587843406117,True,0.10496130474259417,True,31.07,False,0.679392985218228,6.0,-1.45,0,True,▅▅▃▅▃▄▄▅▅▅█▄▅▆▄▇▅▄▂▁,False,True,False,2,0.00020099492487823944,0.10626354693491913,-0.0111477516493792,0.057099911295515726,FLAT,True,61,64.0,WATCH,NONE,,NEUTRAL,C,WAIT,CMF positive,Utilities,31.3
PIDILITIND,1597.0,1575.0,1601.0,1569.5,False,True,True,True,False,True,1.9915842236738972,261.6662142,2.009309161308627,True,-0.15093071381099563,True,55.75,False,0.878215529055938,30.0,-0.47,0,True,▆▅▅▅▅▇▅▁▇▆▆▄▆█▇▆▆▆▇▄,False,True,False,11,0.015774074545223282,0.0819783197831978,0.004425327970965842,0.032814684143794404,FLAT,True,55,64.0,WATCH,NONE,,NEUTRAL,C,WAIT,No standout factor,Process Industries,38.1
KIRLFER,480.95,471.2,484.3,468.2,False,True,True,True,True,True,1.5065956271592316,5.2801576699999995,1.5532156902036165,True,0.12566708894297263,True,63.33,True,1.0828510118065469,44.0,0.03,0,False,▄▁▂▄▇▃▃▅▄▁▂▃▃▄▅▃▅▇█▅,False,False,False,0,0.01284616194587751,0.08078651685393257,0.00149741537162007,0.031622881214529164,FLAT,True,55,64.0,WATCH,NONE,,NEUTRAL,C,WAIT,CMF positive,Non-Energy Minerals,35.2
VRLLOG,262.75,260.99,267.87,250.65,False,True,True,True,True,False,9.086980218192984,56.599634375,10.055112864432033,True,0.054769146957245836,True,29.27,False,0.48998518493718246,1.0,-2.51,0,True,▂▃▄▃▃▄▄▆▅▄▅▄▅▅█▄▆█▅▁,False,False,False,0,0.12018246930422927,0.07816988100123101,0.10883372272997183,0.02900624536182761,UP,True,54,64.0,WATCH,NONE,,NEUTRAL,C,WAIT,CMF positive,Transportation,40.9
FIVESTAR,540.25,540.0,557.95,538.55,False,True,True,True,False,False,1.7873360180275555,73.78183445,1.7900516885277336,True,0.050094352453407064,False,55.72,True,1.203676700906214,74.0,0.5,0,True,▂▁▁▂▃▇▄▃▅▆█▅▆▅▃▄▅▄▆▇,False,False,False,12,0.10877373011800917,0.19669952375678368,0.09742498354375173,0.14753588811738028,FLAT,True,76,63.0,WATCH,NONE,,NEUTRAL,C,WAIT,CMF positive,Finance,33.2
ASKAUTOLTD,514.4,514.0,524.3,511.0,False,True,True,True,True,True,1.0663788880605145,16.81974832,1.1462801546559587,True,0.06569403527660732,False,54.53,True,1.0443059186272539,78.0,0.55,0,True,▅▆▃▄▄▅▁▁▂▇▆▄█▃▄▄▇▆▂▅,False,False,False,11,0.11680416847590092,0.13742399115533432,0.10545542190164348,0.08826035551593092,UP,True,67,63.0,WATCH,NONE,,NEUTRAL,C,WAIT,CMF positive,Producer Manufacturing,29.4
STAR,1043.0,1022.6,1053.4,1022.0,False,False,False,True,False,True,1.6942513309785034,25.93941,1.639923703869122,True,-0.00955747366844361,True,54.35,True,1.1696724486721475,91.0,1.26,0,True,▆▂▃▃▂▇▄▄▄▂▁▁█▄▅▃▄▂▄▆,False,True,False,0,-0.05473989487040065,-0.09414625673093635,-0.06608864144465809,-0.14330989237033975,UP,False,10,63.0,WATCH,SEED,,NEUTRAL,C,WAIT,Delivery P91,Health Technology,34.1
TBZ,280.22,260.39,283.0,260.39,False,True,True,True,True,True,0.8373542082015859,80.220709072,0.9697842732882533,False,0.1671492875421421,True,27.03,True,1.0391158097068718,14.0,-1.16,0,False,▆▅▇██▃▃▁▃▄▁▂▄▃▄▃▄▄▅▄,False,False,False,11,0.4811565093292458,1.14695065890285,0.46980776275498837,1.0977870232634466,FLAT,True,100,62.0,WATCH,NONE,,NEUTRAL,C,WAIT,"CMF positive, RS leader",Consumer Durables,31.1
DIACABS,307.17,309.9,309.9,298.1,False,True,True,True,True,True,0.920145365798438,252.124583094,1.1593237162433472,False,0.15566301372723934,True,36.21,False,0.9753666716050049,29.0,-0.54,0,True,▄▄▃█▄▁▂▃▄▄▃▃▄▅▆▂▂▂▂▃,False,False,False,10,0.47295482880982087,0.6013450109477636,0.46160608223556343,0.5521813753083602,FLAT,True,97,62.0,WATCH,NONE,,NEUTRAL,C,WAIT,"CMF positive, RS leader",Producer Manufacturing,29.4
SOTL,649.35,657.95,665.0,633.3,False,True,True,True,True,True,0.8891651638814478,36.089769105,0.9419851703501979,False,0.05041892710181206,True,33.22,False,0.8634626881189406,8.0,-1.47,0,True,▆▇▇█▃▆▆▅▅▅▇▄▅▆▆▄▆▁▃▅,False,False,False,5,0.2889043271139342,0.5874587458745875,0.27755558053967677,0.5382951102351841,FLAT,True,97,62.0,WATCH,NONE,,NEUTRAL,C,WAIT,"CMF positive, RS leader",Process Industries,38.1
AEGISVOPAK,303.49,294.74,305.07,292.7,False,True,True,True,True,True,0.8959362786926176,93.452401042,0.9653064886432465,False,0.38171769774886843,True,39.47,True,1.2425038956133032,32.0,-0.4,0,False,▇▄█▃▁▁▂▃▄▃▅▅▅▄▄▅▃▄▄▅,False,False,False,5,0.3038192206899515,0.5382938821024887,0.29247047411569405,0.48913024646308534,FLAT,True,96,62.0,WATCH,NONE,,NEUTRAL,C,WAIT,"CMF positive, RS leader",Transportation,40.9
SHREEJISPG,631.25,630.0,639.8,628.0,False,True,True,True,True,True,0.4505746592013398,29.363288125,0.5149195083679355,False,0.41764806271560356,True,26.45,False,0.7428001741157307,12.0,-1.13,0,True,▃▁▆▃▃▄▄▄█▄▇▅▃▅▆▃▃▂▃▂,False,False,False,17,0.31277945305188726,0.4384185940526375,0.3014307064776298,0.3892549584132341,FLAT,True,93,62.0,WATCH,NONE,,NEUTRAL,C,WAIT,"CMF positive, RS leader",Transportation,40.9
PNGJL,689.05,654.7,700.0,652.1,False,True,True,True,True,True,5.494604788643692,205.90047399499997,6.265062998526285,True,0.14430352196565044,True,25.65,False,0.528484598743175,1.0,-2.74,0,False,▂▆▇▆█▅▄▃▅▄▆▃▅▆▅▇▃▄▄▁,False,False,False,0,0.30255198487712653,0.2637322329206786,0.2912032383028691,0.2145685972812752,UP,True,83,62.0,WATCH,NONE,,NEUTRAL,C,WAIT,CMF positive,Retail Trade,27.1
INDIAGLYCO,1184.45,1171.95,1199.05,1160.7,False,True,True,True,True,True,1.004576970504645,26.356973625,1.0787138525179252,True,0.17057024137300575,True,50.79,True,1.0715415937045085,68.0,0.55,0,False,▄▆▅▄▄▆▄█▄▆▆▃▅▁▄▇▅▇▄▆,False,False,False,8,0.20812933496532038,0.17423416278378112,0.19678058839106294,0.12507052714437772,UP,True,72,62.0,WATCH,NONE,,NEUTRAL,C,WAIT,CMF positive,Process Industries,38.1
PVRINOX,1123.2,1072.3,1136.9,1071.0,False,True,True,True,True,True,4.557072157313707,180.6684048,5.024660430173396,True,0.2690754866531799,True,38.95,False,0.7902051084376458,7.0,-1.36,0,False,▅▅▆█▅▅▇▇▇▆▇▆▆▇▇▇▅▁▂▄,False,False,False,2,0.16829623465779076,0.11439626947117776,0.15694748808353332,0.06523263383177436,UP,True,62,62.0,WATCH,NONE,,NEUTRAL,C,WAIT,CMF positive,Consumer Services,34.2
RKFORGE,625.45,595.0,635.55,595.0,False,True,True,True,True,True,8.11569340747065,759.4315222900001,8.763398432507085,True,0.3120743790088279,True,23.14,False,0.40621790764423454,1.0,-2.62,0,False,▅▄▄▄▅▆▅▇█▇▆▇▅▅▅▅▆▅▄▁,False,False,False,1,0.11957397297055405,0.10738314447592079,0.10822522639629661,0.058219508836517386,UP,True,61,62.0,WATCH,NONE,,NEUTRAL,C,WAIT,CMF positive,Producer Manufacturing,29.4
HEG,652.5,650.0,663.9,635.5,False,True,True,True,True,True,1.1670366910226586,220.250331,1.285028117434845,True,0.09027134476235436,True,40.4,False,0.9979620823812758,73.0,0.66,0,True,▆▇▆▆▃▆▇█▂▄▅▆▅▆▅▅▇▁▁▅,False,False,False,3,0.26160092807424573,0.07584501236603458,0.2502521814999883,0.02668137672663118,UP,True,53,62.0,WATCH,NONE,,NEUTRAL,C,WAIT,CMF positive,Electronic Technology,24.6
IGPL,472.75,452.35,478.0,449.05,False,True,True,True,True,True,5.762923797674326,6.580065425,6.173839251779744,True,0.14093932785887367,True,51.55,False,0.8873931642322888,22.0,-0.83,0,False,▅▆▆▇▅▅█▁▃▂▄▅▇▅▄▇▇▂▇▃,False,False,False,1,0.05642458100558656,0.05985876022867398,0.04507583443132912,0.010695124589270577,UP,True,49,62.0,WATCH,NONE,,NEUTRAL,C,WAIT,CMF positive,Process Industries,38.1
E2E,542.5,534.0,542.5,534.0,False,True,False,False,True,False,0.259922422787006,23.301677,0.3284222402044289,False,0.3482986851414318,True,83.79,True,1.6465086117961467,97.0,2.73,1,True,▂▁▂▂▂▃▁▂▂▃▂▂▂▂▃▂██▁▆,True,False,False,0,0.3720283257460799,-0.8206255786271657,0.3606795791718225,-0.8697892142665691,UP,False,0,61.0,WATCH,NONE,DEL84% ▂▁▂▂▂▃▁▂▂▃▂▂▂▂▃▂██▁▆ P97 Z+2.7,NEUTRAL,C,WAIT,"Delivery P97, CMF positive",Technology Services,36.7
TATVA,1800.1,1750.8,1835.0,1710.4,False,True,True,True,True,True,0.7224022995535442,43.588701459999996,0.788608316624004,False,0.41622006294804254,True,39.27,False,0.9095120087083401,38.0,-0.26,0,False,▆▆▆▇▆█▆▆▅▆▅▅▄▅▁▁▃▂▃▄,False,False,False,8,0.5051003344481604,0.43732034493771943,0.49375158787390294,0.388156709298316,UP,True,93,60.0,WATCH,NONE,,NEUTRAL,C,WAIT,"CMF positive, RS leader",Process Industries,38.1
NILKAMAL,1775.2,1716.9,1801.0,1667.1,False,True,True,True,True,True,0.5964409737228383,20.518116640000002,0.7241024967077598,False,0.18521312813923219,True,33.87,False,0.5879136615721092,2.0,-2.4,0,False,██▆▆▇▆▅▆▅▅▅▄█▁▃▂▃▃▄▃,False,False,False,10,0.4036530402466989,0.4182312055604378,0.39230429367244146,0.3690675699210344,UP,True,93,60.0,WATCH,NONE,,NEUTRAL,C,WAIT,"CMF positive, RS leader",Consumer Durables,31.1
GCSL,531.1,534.0,538.7,528.25,False,True,True,True,True,True,0.518708257560936,19.945619830000002,0.559293905375633,False,0.1260482011571327,True,38.5,True,1.0868798080316184,49.0,-0.28,0,True,▃▄▆▆▅▅▂▆▄▃▃█▆▅▇▅▃▁▅▅,False,False,False,15,0.2760691975012015,0.3377833753148616,0.2647204509269441,0.2886197396754582,FLAT,True,89,60.0,WATCH,NONE,,NEUTRAL,C,WAIT,CMF positive,Finance,33.2
POLYPLEX,1161.9,1137.4,1174.0,1131.85,False,True,True,True,True,True,0.9849985373217649,13.65371928,1.080848269448823,False,0.18875440509489527,True,60.48,True,1.050237032663622,71.0,0.55,0,True,█▄▃▅▇▅▇▆▆▇▅▅▅▅▄▅▁▄▄▆,False,False,False,9,0.19863826275339158,0.3332950829077974,0.18728951617913414,0.284131447268394,FLAT,True,89,60.0,WATCH,NONE,,NEUTRAL,C,WAIT,CMF positive,Process Industries,38.1
RICOAUTO,145.59,140.5,146.6,139.3,False,True,True,True,True,True,2.2248693951070435,59.845526568000004,2.4061592067570388,True,-0.017565194476945784,True,38.96,True,1.2833731367866261,84.0,0.93,0,True,▃▃▃▅▂▆▃▄▄▇█▄▃▁▂▂▄▁▂▆,False,False,False,0,0.09474396571170751,0.316841534008683,0.08339521913745007,0.2676778983692796,FLAT,True,88,60.0,WATCH,NONE,,NEUTRAL,C,WAIT,No standout factor,Producer Manufacturing,29.4
FEDERALBNK,356.5,355.05,357.7,354.3,False,True,True,True,True,True,0.8424993285371887,234.72512575,0.8869124088498651,False,0.374379448326747,True,69.61,True,1.2971210286033727,97.0,1.71,0,False,▆▇▇▅▅▇▆▅▇▃▇▆▇▁▄▅▆▆▆█,False,False,False,17,0.10013886745872536,0.2555027293537595,0.08879012088446792,0.2063390937143561,FLAT,True,82,60.0,WATCH,NONE,,NEUTRAL,C,WAIT,"Delivery P97, CMF positive",Finance,33.2
MANORAMA,1658.9,1595.5,1674.0,1591.7,False,True,True,True,True,True,1.671147693034624,47.52400131,1.7488750984444454,True,-0.0975358875089409,True,53.46,False,0.9703856311772234,64.0,0.26,0,True,▃▆▂▅▄▇▃▃▆▅█▃▄▁▆▄▅▂▃▄,False,False,False,3,0.045239745447672064,0.21034583394133977,0.033890998873414624,0.16118219830193636,FLAT,True,78,60.0,WATCH,NONE,,NEUTRAL,C,WAIT,No standout factor,Consumer Non-Durables,33.3
GODREJIND,1332.9,1332.2,1352.5,1328.0,False,True,True,True,False,True,0.17862000797297709,7.71016005,0.1778292854400487,False,0.36265601289319244,True,41.87,True,1.1279025914552017,42.0,-0.13,0,True,█▇▆▇▁▅█▇▂▃▅▃▄▅▅▆▅▅▆▆,False,False,False,7,0.1555266579973993,0.1527783783783785,0.14417791142314185,0.10361474273897509,UP,True,69,60.0,WATCH,NONE,,NEUTRAL,C,WAIT,CMF positive,Process Industries,38.1
POWERMECH,2692.9,2629.0,2721.9,2572.6,False,True,True,True,False,False,2.323444473615122,35.98656915,2.3837825756642457,True,-0.12162222607150892,True,49.41,True,1.0480543859835187,63.0,0.21,0,True,▂▃▄▆▃▆▄▄▅▃▆▄▁▃▃█▃▅▄▅,False,True,False,0,-0.009963235294117578,0.1296669183656347,-0.02131198186837502,0.0805032827262313,FLAT,True,66,60.0,WATCH,NONE,,NEUTRAL,C,WAIT,No standout factor,Industrial Services,19.1
RECLTD,368.15,357.5,368.85,356.9,False,True,True,True,False,True,1.831998678185422,345.70172241499995,1.8767832639217683,True,0.1305706158925571,True,55.52,False,0.9557089494431344,67.0,0.42,0,True,▄▇█▅▄▄▄▅▁▂▃▆▅▃▅▁▅▄▁▃,False,False,False,1,0.008768324428003904,0.10323643991609233,-0.002580422146253536,0.054072804276688924,FLAT,True,60,60.0,WATCH,NONE,,NEUTRAL,C,WAIT,CMF positive,Finance,33.2
GRAVITA,1788.8,1800.0,1807.0,1772.6,False,True,True,True,False,True,0.4363982563284824,24.21301792,0.4370219074048965,False,0.12868545151172514,True,50.26,True,1.0583614980468954,61.0,0.31,0,True,▇█▇▅▅▇▃▁▃▆▇▄▅▄▆▄▂█▄▆,False,False,False,6,0.07525847559509491,0.1005968128960808,0.06390972902083747,0.0514331772566774,UP,True,59,60.0,WATCH,NONE,,NEUTRAL,C,WAIT,CMF positive,Non-Energy Minerals,35.2
WEL,109.97,107.09,110.99,107.0,False,True,True,False,True,False,3.128324107901921,5.286873732,3.3222285974772254,True,0.054277137718129816,True,44.57,False,0.8762065779385455,48.0,0.02,0,True,▄▁▁▄▃▃▆▁▃▃▃▇▁█▄▆▇▆▁▂,False,False,False,2,0.11136937847397665,0.06964303083357648,0.10002063189971921,0.020479395194173078,UP,True,52,60.0,WATCH,NONE,,NEUTRAL,C,WAIT,CMF positive,Electronic Technology,24.6
TNPL,156.04,152.1,158.1,152.04,False,True,True,True,True,True,2.564171175555198,9.973499452,2.6939501925868123,True,-0.11985884492462516,True,44.0,False,0.8750994431185362,16.0,-0.85,0,False,▆▆█▇█▅▄▆▅▇▇▄▅▄▆▆▅▁▆▄,False,True,False,0,0.07495177734913194,0.06178551986935199,0.0636030307748745,0.012621884229948588,UP,True,50,60.0,WATCH,NONE,,NEUTRAL,C,WAIT,No standout factor,Process Industries,38.1
GODFRYPHLP,2210.5,2144.9,2248.2,2121.2,False,True,True,False,True,False,7.538096137045119,322.61518035,7.838317891812693,True,0.005416359485362584,True,29.13,False,0.8330830938183689,51.0,0.11,0,True,▆▅▃▅█▂▇▃▄▇▅▁▅▃▄▂█▅▁▂,False,True,False,0,0.00784206446906488,-0.04509914035163509,-0.00350668210519256,-0.0942627759910385,UP,False,20,60.0,WATCH,NONE,,NEUTRAL,C,WAIT,CMF positive,Consumer Non-Durables,33.3
SETL,282.8,275.9,284.8,265.5,False,True,True,True,False,True,0.4283345325412249,17.78127624,0.4431117942669887,False,0.2191089502372689,False,55.54,True,1.1044713789983394,59.0,0.26,0,True,▄▁▂▄▅▄▃▅▅▄▂▄▄▆▅▅▅▅█▅,False,False,False,3,0.21149809364691774,1.0515052593398622,0.2001493470726603,1.0023416237004588,FLAT,True,100,59.0,WATCH,NONE,,NEUTRAL,C,WAIT,"CMF positive, RS leader",Health Technology,34.1
AEGISLOG,1291.3,1356.4,1360.0,1282.0,True,True,True,True,False,True,0.42140278596759123,145.93510733,0.41775153755417394,False,0.2514953981698528,False,34.79,True,1.5696271064088971,33.0,-0.42,1,False,▅▂▅▁▂▃▄█▆▇▆▄█▃▂▇▂▃▇█,False,False,False,4,0.09982113959628647,0.8824987243968216,0.08847239302202903,0.8333350887574182,FLAT,True,99,59.0,WATCH,NONE,DEL35% ▅▂▅▁▂▃▄█▆▇▆▄█▃▂▇▂▃▇█ P33 Z-0.4,NEUTRAL,C,WAIT,"CMF positive, RS leader",Distribution Services,36.5
RAIN,223.74,226.45,228.0,221.17,True,True,True,True,False,True,0.6575769778040123,74.70029754,0.7094978630698099,False,0.1344015798897487,False,40.38,True,1.119009020243588,34.0,-0.4,0,True,██▅▆▇▃▂▄▅▂▇▁▄▇▄▃▇▂▁▆,False,False,False,8,0.21110750243585574,0.4657058630854898,0.1997587558615983,0.4165422274460864,FLAT,True,94,59.0,WATCH,NONE,,NEUTRAL,C,WAIT,"CMF positive, RS leader",Process Industries,38.1
UJJIVANSFB,71.57,71.5,73.29,71.1,False,True,True,True,True,True,1.7808551676231068,350.77387409999994,1.944369861613093,True,0.18570660111509218,False,42.56,False,0.8898739205887889,13.0,-0.99,0,False,▇▆█▅▅▅▆▅▆▄▄▄▃▅▄▅▅▁▂▄,False,False,False,6,0.2575997188543313,0.32169898430286237,0.24625097228007387,0.27253534866345897,FLAT,True,88,59.0,WATCH,NONE,,NEUTRAL,C,WAIT,CMF positive,Finance,33.2
WSTCSTPAPR,581.7,560.5,590.0,560.5,False,True,True,True,True,True,2.0994839819143967,31.545998190000002,2.254061341302183,True,0.03808666710010771,True,43.77,False,0.9646068406205925,15.0,-0.98,0,False,▃▃▄▆▅▄▂▄▆▅▇▇█▇▃▅▁▂▃▄,False,False,False,9,0.12688880278961645,0.2472126929674101,0.11554005621535901,0.1980490573280067,FLAT,True,82,59.0,WATCH,NONE,,NEUTRAL,C,WAIT,CMF positive,Producer Manufacturing,29.4
ASIANENE,383.8,365.15,387.0,358.8,False,True,True,True,True,True,6.733678458644114,54.94131542,7.39160501176248,True,0.018354352397006866,True,31.71,False,0.6631186022438545,10.0,-1.29,0,True,▇█▆▇▆▆▆▆▁▅▃▇▅▆▅▇▅▅▆▂,False,False,False,1,0.04963763161493251,0.23786486050637,0.03828888504067507,0.1887012248669666,FLAT,True,81,59.0,WATCH,NONE,,NEUTRAL,C,WAIT,CMF positive,Energy Minerals,35.2
PROTEAN,625.75,600.0,632.95,596.0,False,True,True,False,True,False,4.241970941533575,56.924915525,4.480832572206739,True,0.023874586040238344,True,42.3,False,0.8674609847630376,28.0,-0.51,0,True,▃▅▄▆▅█▇▄▆▇▆▄▂▆▄▆▄▄▁▃,False,True,False,0,0.058529983929628715,0.18726876007968896,0.047181237355371275,0.13810512444028555,FLAT,True,75,59.0,WATCH,NONE,,NEUTRAL,C,WAIT,CMF positive,Technology Services,36.7
BLUEDART,5114.2,4935.8,5129.2,4922.9,False,True,True,False,True,False,4.836450396367274,19.282579679999998,5.057985815422732,True,0.12050228484545109,True,46.98,False,0.9735476049858567,45.0,-0.07,0,False,█▄▆▅▃▅▆▄▅▆▅▄▄▄▅▄▅▅▁▄,False,True,False,0,0.04926037627459423,0.04382079804061645,0.03791162970033679,-0.005342837598786954,UP,False,45,59.0,WATCH,NONE,,NEUTRAL,C,WAIT,CMF positive,Transportation,40.9
ULTRACEMCO,12075.0,12070.0,12126.0,11926.0,False,True,True,True,True,True,3.3949588351648847,994.682955,3.546109675549843,True,0.07799830492186355,True,53.9,False,0.9563011195287688,17.0,-0.94,0,False,▅▁▄▁▇▄▆▄▄▆█▄▆▄▁▄▅▅▃▄,False,False,False,1,0.05902473250306972,0.010460251046025215,0.04767598592881228,-0.03870338459337819,UP,False,35,59.0,WATCH,NONE,,NEUTRAL,C,WAIT,CMF positive,Non-Energy Minerals,35.2
ATUL,6789.5,6590.0,6838.0,6550.0,False,True,True,True,True,True,6.557616582382218,222.74380545,7.056814943569162,True,0.19756205827650053,True,26.45,False,0.4806381857498501,4.0,-2.01,0,False,█▅▅▆▅▇▆▆█▆▅▅▅▇▆▅▄▃▂▁,False,False,False,0,0.027388968752364296,-0.013512531783508863,0.016040222178106855,-0.06267616742291227,UP,False,28,59.0,WATCH,NONE,,NEUTRAL,C,WAIT,CMF positive,Process Industries,38.1
IDEAFORGE,817.7,803.0,834.95,761.1,True,True,True,True,False,True,0.482101907615105,134.65376626000003,0.5617103602354111,False,0.40340573534749874,True,34.3,True,1.315587603559374,57.0,0.2,0,False,▆▁▅▅▄▄▃▄▄▆▃▃▅▃▆█▅▆▅▆,False,False,False,11,0.75434456125295,0.9258125294394723,0.7429958146786926,0.8766488938000689,FLAT,True,99,58.0,WATCH,NONE,,NEUTRAL,C,WAIT,"CMF positive, RS leader",Electronic Technology,24.6
UFBL,699.35,655.0,700.0,655.0,False,True,True,True,False,True,0.8290229867265678,7.023012570000001,0.8376724097323555,False,0.05385054329481158,True,61.43,True,1.084894830722498,62.0,0.45,0,True,▅▄▆▄▁▃▃█▃▃▂▂▃▅▂▄▆▃▃▅,False,False,False,2,0.06551382646453874,0.9183925387463996,0.0541650798902813,0.8692289031069962,FLAT,True,99,58.0,WATCH,NONE,,NEUTRAL,C,WAIT,"CMF positive, RS leader",Consumer Services,34.2
PARAS,1221.3,1201.2,1227.2,1185.4,False,True,True,True,False,True,0.27413450338741374,70.46852147999999,0.2632429802942045,False,0.0947313100354362,True,27.91,True,1.265587448419716,41.0,-0.35,0,True,▁▄▄▅▂▅▃█▁▅▆▄▆▅▃▇▃▆▄▇,False,False,False,0,0.032462591935074725,0.6425257212023401,0.021113845360817285,0.5933620855629367,FLAT,True,98,58.0,WATCH,NONE,,NEUTRAL,C,WAIT,"CMF positive, RS leader",Electronic Technology,24.6
PANAMAPET,487.1,499.05,503.5,482.75,True,True,True,True,False,True,0.7126021439474571,11.417624,0.758383326684077,False,0.18863708793164502,True,51.51,True,1.3277826468010518,43.0,-0.07,0,True,▄▅▂▄▅▃▆▆▇█▇▅▅▇▃▄▅▂▁▇,False,False,False,2,0.2160778928972662,0.6137154215670035,0.20472914632300876,0.5645517859276001,FLAT,True,97,58.0,WATCH,NONE,,NEUTRAL,C,WAIT,"CMF positive, RS leader",Process Industries,38.1
RPTECH,801.45,787.95,809.0,770.0,False,True,True,True,True,True,0.7906082588305552,36.074626965,0.8268262678393953,False,-0.034050655926056134,True,53.57,True,1.3368436813735276,59.0,0.17,0,True,▁▃▃▂▂▃▃▁▆▇▄▅▅█▇▇▇▇▅█,False,False,False,3,0.06413065126468842,0.5503433600928522,0.05278190469043098,0.5011797244534488,FLAT,True,96,58.0,WATCH,NONE,,NEUTRAL,C,WAIT,RS leader,Distribution Services,36.5
GREAVESCOT,245.99,247.1,251.92,244.2,True,True,True,True,False,True,0.3129654473950544,27.245483415000002,0.31393647788761425,False,0.1755451171942966,True,44.05,True,1.2855871236994556,73.0,0.59,0,False,▅█▅▆█▆▆█▁▄▃▆▄▇▆▄▆▅▄█,False,False,False,7,0.17384042756251206,0.5328389830508475,0.16249168098825462,0.48367534741144413,FLAT,True,96,58.0,WATCH,NONE,,NEUTRAL,C,WAIT,"CMF positive, RS leader",Producer Manufacturing,29.4
NPST,1557.1,1533.9,1584.0,1510.2,False,False,True,True,False,False,2.112247979130469,13.28860282,2.039000722801789,True,-0.11116098515413328,True,51.79,False,0.9687616909839132,48.0,0.01,0,True,▄▄▂▇▄▃▃▂▄▂▅▅▁▄▇█▄▁▁▃,False,True,False,2,-0.016609826954654627,0.5316742081447963,-0.027958573528912067,0.48251057250539287,FLAT,True,96,58.0,WATCH,NONE,,NEUTRAL,C,WAIT,RS leader,Technology Services,36.7
INDOTECH,2469.9,2540.2,2583.0,2469.9,True,True,True,True,False,True,0.20455248414650018,7.219764690000001,0.21265072679815972,False,0.2019052449255002,True,49.83,True,1.0993447614004899,33.0,-0.36,0,False,▃▄▂▂▄▃█▂▂▃▃▄▅▇▁▂▃▄▃▄,False,False,False,10,0.4623445825932504,0.5655067503327629,0.45099583601899296,0.5163431146933595,FLAT,True,96,58.0,WATCH,NONE,,NEUTRAL,C,WAIT,"CMF positive, RS leader",Producer Manufacturing,29.4
EXICOM,165.2,163.4,166.19,162.5,False,True,True,True,False,True,0.38120058215371616,16.032147879999997,0.3741542492245418,False,0.08596625717653758,True,29.68,True,1.062181265097969,26.0,-0.64,0,True,▁▄▂▃▅▄▃▃▅▃▆▃▂▅▅▃▅█▅▄,False,False,False,2,0.06046989343946585,0.497190502084466,0.04912114686520841,0.4480268664450626,FLAT,True,95,58.0,WATCH,NONE,,NEUTRAL,C,WAIT,"CMF positive, RS leader",Producer Manufacturing,29.4
OPTIEMUS,610.45,606.0,614.85,600.0,False,True,True,True,False,True,0.2526047826876148,5.547464375000001,0.2803174918140259,False,0.2976389933431657,True,44.98,False,0.9755145416296167,27.0,-0.54,0,True,▃▁▄▅▃▅█▆▅▅▅▄▆▆▅▅▇▄▂▄,False,False,False,16,0.2995210218201172,0.47060949168874977,0.28817227524585975,0.42144585604934637,FLAT,True,95,58.0,WATCH,NONE,,NEUTRAL,C,WAIT,"CMF positive, RS leader",Distribution Services,36.5
HSCL,790.45,793.2,794.0,771.05,False,True,True,True,False,True,0.5751895448124357,561.2305663,0.6390343815336226,False,0.11162198348368746,True,25.99,False,0.9804402361506687,38.0,-0.33,0,True,▆▄▅▆▁▂▆▂▇▇██▃▂▄▄▄▅▄▅,False,False,False,6,0.17017024426350869,0.4332728921124207,0.15882149768925125,0.3841092564730173,FLAT,True,93,58.0,WATCH,NONE,,NEUTRAL,C,WAIT,"CMF positive, RS leader",Process Industries,38.1
HESTERBIO,2528.4,2376.0,2564.9,2376.0,False,True,True,True,False,True,0.7738318320241214,10.38894276,0.7955433749074183,False,0.2544369249446927,True,36.67,False,0.7873153555479218,10.0,-1.32,0,True,▆▇▇▄███▆█▁▁▃▆▆▂▄▃▇▆▄,False,False,False,3,0.15000454834894938,0.4199707963607775,0.13865580177469194,0.3708071607213741,FLAT,True,93,58.0,WATCH,NONE,,NEUTRAL,C,WAIT,"CMF positive, RS leader",Health Technology,34.1
SEDEMAC,2777.0,2690.0,2792.0,2690.0,False,True,True,True,False,True,1.4567365101704657,33.5725415,1.466721299747097,True,-0.09500185907431496,True,59.42,True,1.2782343071032138,85.0,1.24,0,True,▅▄▇▁▄▃▂▄▆▅▅▇▄▁▅▆▅▇▇█,False,False,False,3,0.017216117216117155,0.39547738693467327,0.005867370641859715,0.34631375129526987,FLAT,True,91,58.0,WATCH,SEED,,NEUTRAL,C,WAIT,RS leader,Producer Manufacturing,29.4
JASH,516.8,511.0,519.9,507.15,False,True,True,True,False,True,0.4810740104399457,5.1536329599999995,0.4805037615313817,False,0.21171321278535685,True,53.46,True,1.1376888699723346,42.0,-0.12,0,True,▂▃▅▄▂▇▂▇▁▃▅▆▂▂▄▆█▁▅▅,False,False,False,0,-9.673986649916255e-05,0.3855227882037533,-0.011445486440756603,0.3363591525643499,FLAT,True,91,58.0,WATCH,NONE,,NEUTRAL,C,WAIT,"CMF positive, RS leader",Producer Manufacturing,29.4
GSPCROP,555.0,527.6,562.0,521.1,False,True,True,True,True,True,0.7719104252267505,19.170255,0.9402514621943501,False,0.2350068711784143,True,23.8,False,0.6735054828440042,31.0,-0.68,0,True,▃▃▁▃█▇▅█▇▃▂▄▄▄▆▅▄▂▃▃,False,False,False,8,0.4194373401534526,0.26423690205011385,0.40808859357919514,0.21507326641071045,UP,True,83,58.0,WATCH,NONE,,NEUTRAL,C,WAIT,CMF positive,Process Industries,38.1
MARINE,269.95,259.9,271.8,256.25,False,True,True,True,False,True,1.6992763658489685,30.332958745,1.7435230827841113,True,-0.0376489732900318,True,42.7,False,0.9971742836458748,38.0,-0.34,0,True,▄▇▇▆▄▆▅▅▅█▄▅▆▆▅▅▄▆▁▅,False,True,False,2,-0.011172161172161243,0.20712784510128324,-0.022520907746418684,0.15796420946187983,FLAT,True,78,58.0,WATCH,NONE,,NEUTRAL,C,WAIT,No standout factor,Distribution Services,36.5
JSWINFRA,321.8,322.7,325.65,317.05,True,False,True,True,False,True,0.8117929209192415,101.4891231,0.7802247186614869,False,0.09864856531835599,True,63.82,True,1.1536723368101376,90.0,1.22,0,True,▆▆▆███▆█▇▁▅▄▅▃▇▅▄▇▇█,False,False,False,3,0.0021800062285892707,0.18986873728970255,-0.00916874034566817,0.14070510165029915,FLAT,True,75,58.0,WATCH,SEED,,NEUTRAL,C,WAIT,"Delivery P90, CMF positive",Industrial Services,19.1
MANAPPURAM,359.85,356.0,361.5,354.65,False,True,True,True,True,True,0.9705739053028433,139.677252885,1.0338661514151288,False,0.23851150626150713,True,48.01,True,1.2441046903342836,77.0,0.8,0,False,▄▃▃▃▅▇▄▂▄▆▂▁█▄▆▁▄▄▅▆,False,False,False,9,0.14075130765573007,0.17559621038876183,0.12940256108147263,0.12643257474935843,UP,True,73,58.0,WATCH,NONE,,NEUTRAL,C,WAIT,CMF positive,Finance,33.2
JKPAPER,414.55,406.7,419.2,403.7,False,True,True,True,True,True,2.2042331430130218,86.824802925,2.3923983477720454,True,-0.1590621516930456,True,33.9,False,0.7664741060628327,9.0,-1.3,0,False,▅▅▅▆▆▄▄▅▆▅▆▇█▇▇▇▁▁▂▄,False,False,False,3,0.2063145642368691,0.11633230106368653,0.19496581766261167,0.06716866542428312,UP,True,63,58.0,WATCH,NONE,,NEUTRAL,C,WAIT,No standout factor,Process Industries,38.1
SANSTAR,116.24,109.25,117.0,108.5,False,True,True,True,False,True,2.842615860393338,10.318066847999999,2.871890994005006,True,-0.07858643817455448,True,32.0,False,0.7388679158152368,6.0,-1.78,0,True,▅▄▄▄▅▁▄▄▆▆▆▅▃▅▃▃█▅▅▃,False,True,False,0,-0.03941822989835564,0.06291148500365762,-0.05076697647261308,0.013747849364254217,FLAT,True,50,58.0,WATCH,NONE,,NEUTRAL,C,WAIT,No standout factor,Consumer Non-Durables,33.3
GATEWAY,58.5,57.05,59.0,56.71,False,True,True,True,False,False,1.7044752559162317,8.32481325,1.6938473206796305,True,-0.14404127256657656,True,52.57,False,0.9191362881370748,35.0,-0.36,0,True,▃▅▅▁▂▃▂▄▅▃▃▆▃▇▄▆█▂▆▃,False,True,False,1,0.028661860383330406,0.05102407473948989,0.017313113809072966,0.0018604391000864862,UP,True,46,58.0,WATCH,NONE,,NEUTRAL,C,WAIT,No standout factor,Transportation,40.9
IIFLCAPS,337.7,339.6,340.95,336.7,True,False,True,True,False,True,3.382309211014666,38.238041159999995,3.3677013322417135,False,-0.07771583066866189,False,82.37,True,1.2569048127689444,99.0,2.59,0,True,▅▅▄▆▅▄▅▅▇█▃▃▆▃▄▄▂▄▁▇,False,True,False,0,0.00014808233377761049,-0.02412946106054048,-0.01120066424047983,-0.07329309669994388,UP,False,25,58.0,WATCH,DISTRIBUTION,,NEUTRAL,C,WAIT,Delivery P99,Finance,33.2
STLTECH,405.15,398.3,414.0,396.1,False,True,True,True,True,True,0.8374995805746792,255.440146935,1.1466837399167924,False,0.45204278519638547,False,47.91,False,0.9142519106548227,73.0,0.58,0,True,▂▃▃▃▄▃▂▂▁▁▁▁▃▃▃█▅▇▂▂,False,False,False,17,0.7522273159761266,1.41736276849642,0.7408785694018691,1.3681991328570167,FLAT,True,100,57.0,WATCH,NONE,,NEUTRAL,C,WAIT,"CMF positive, RS leader",Technology Services,36.7
CUPID,221.46,214.56,222.0,213.75,False,True,True,True,True,True,0.5239252484459067,548.641992144,0.5544843612141636,False,0.24780399526186103,False,34.72,True,1.4378002319032632,54.0,0.09,0,False,▆▇▇▅▄▂▅▂▁▃▄▂▄▄▃▃▆▅▇█,False,False,False,8,0.17547770700636933,0.8326713008937439,0.1641289604321119,0.7835076652543405,FLAT,True,99,57.0,WATCH,NONE,,NEUTRAL,C,WAIT,"CMF positive, RS leader",Consumer Non-Durables,33.3
SKYGOLD,671.65,660.65,681.55,656.8,False,True,True,True,True,True,0.7387160439197835,59.96544931999999,0.8146980191424591,False,0.11458243620270196,False,44.96,True,1.0946230537938086,47.0,-0.07,0,False,▄▇▃▃▄▅▁▅▃▄▃▅▃▅█▆▅█▃▆,False,False,False,14,0.31156024214020683,0.5180246355520397,0.3002114955659494,0.4688609999126363,FLAT,True,96,57.0,WATCH,NONE,,NEUTRAL,C,WAIT,"CMF positive, RS leader",Consumer Durables,31.1
OMNI,619.9,622.0,630.4,614.1,False,True,True,True,True,True,0.40176405019808065,11.85540153,0.45594676683939445,False,0.08271303916351562,False,34.77,False,0.9212060194997881,59.0,0.39,0,True,▅▁▆▆▄▅█▆▆▇▆▆▅▇▅▆▄▇▄▅,False,False,False,9,0.23720187606027343,0.4689573459715639,0.225853129486016,0.4197937103321605,FLAT,True,95,57.0,WATCH,NONE,,NEUTRAL,C,WAIT,"CMF positive, RS leader",Producer Manufacturing,29.4
MUTHOOTMF,255.03,250.11,262.77,249.92,False,True,True,True,True,True,0.33391381521068914,14.028409707,0.3598102365515747,False,0.14711476924943823,False,47.11,True,1.0875763277273094,42.0,-0.08,0,False,█▆▇▆▇▇██▁▃▅▅▆▇▆▆▅▇▇▇,False,False,False,10,0.22805412433187278,0.4371125887523948,0.21670537775761534,0.3879489531129914,FLAT,True,93,57.0,WATCH,NONE,,NEUTRAL,C,WAIT,"CMF positive, RS leader",Finance,33.2
ADOR,1523.0,1493.1,1531.8,1481.6,False,True,True,True,True,True,0.5376842315366674,6.3181655,0.574913478513608,False,0.04396494535872855,True,53.31,True,1.0586413011100742,42.0,-0.16,0,False,▇▆▆▅▇▇▆▆▅▆▆▅▄▃▆▁▄▅█▆,False,False,False,17,0.21723145780051145,0.4295100431762717,0.205882711226254,0.3803464075368683,FLAT,True,93,57.0,WATCH,NONE,,NEUTRAL,C,WAIT,"CMF positive, RS leader",Producer Manufacturing,29.4
SHAREINDIA,188.39,197.0,197.36,186.0,True,True,True,True,False,True,0.21628634468682428,36.38202751199999,0.23380224904546643,False,0.22182000173420688,False,35.71,True,1.1305999683394017,30.0,-0.5,0,False,▇▅▇▆█▁▁▁▂▃▄▄▄▂▅▄▄▆▅▅,False,False,False,12,0.4017113095238094,0.35143472022955513,0.39036256294955196,0.30227108459015173,UP,True,90,57.0,WATCH,NONE,,NEUTRAL,C,WAIT,"CMF positive, RS leader",Finance,33.2
ICIL,401.15,406.7,422.0,398.0,True,True,True,True,False,True,1.2945837629433674,23.28242508,1.2430557784550738,False,-0.23528137837515478,False,42.68,True,1.033176387997918,48.0,0.03,0,True,▁▃█▂▃▅▄▃▅▄▄▃▁▄▃▆▄▄▄▄,False,True,False,3,-0.055895504824664655,0.344561756326462,-0.0672442513989221,0.2953981206870586,FLAT,True,90,57.0,WATCH,NONE,,NEUTRAL,C,WAIT,RS leader,Process Industries,38.1
GHCLTEXTIL,116.15,117.0,120.9,116.0,False,True,True,True,False,True,1.191028781913746,10.873277715,1.2635955071438292,True,0.18274616940829935,False,57.72,True,1.097015138124697,40.0,-0.25,0,False,▂▅▄▅▄▂▅▅▇▇█▂▄▁▃▇▅▃▃▇,False,False,False,13,0.2237909598567065,0.3535718447733365,0.21244221328244906,0.30440820913393307,FLAT,True,90,57.0,WATCH,NONE,,NEUTRAL,C,WAIT,"CMF positive, RS leader",Process Industries,38.1
IKIO,207.98,204.8,212.1,204.8,False,True,True,True,False,True,0.05715637903648642,5.855198546,0.05845072480859243,False,0.44075365789138227,False,27.05,True,1.2465725016705453,13.0,-1.31,0,False,██▁▁▂▂▄▂▂▄▁▃▃▁▃▃▃▃▃▄,False,False,False,8,0.3651460452904496,0.35087035593660687,0.35379729871619214,0.30170672029720347,UP,True,90,57.0,WATCH,NONE,,NEUTRAL,C,WAIT,"CMF positive, RS leader",Producer Manufacturing,29.4
EXIDEIND,427.0,443.0,444.4,423.15,True,True,True,True,False,True,1.160502204352771,249.5810303,1.1628157070657081,False,0.265223355347648,False,57.91,True,1.5735557850116841,91.0,1.43,1,False,▄▅▁▃▃▂▂▂▄▃▃▅▆▁▄▅▅▅▆█,False,False,False,16,0.10464364247833391,0.24544261338777873,0.09329489590407647,0.19627897774837533,FLAT,True,81,57.0,WATCH,SEED,DEL58% ▄▅▁▃▃▂▂▂▄▃▃▅▆▁▄▅▅▅▆█ P91 Z+1.4,NEUTRAL,C,WAIT,"Delivery P91, CMF positive",Producer Manufacturing,29.4
ETERNAL,287.0,289.85,296.15,282.7,False,True,True,True,False,False,1.8061978748850862,1848.3883138,1.8394082638394769,True,0.052028997777803204,False,40.02,False,0.7503796898730617,4.0,-1.72,0,True,▆▅▅▆▇█▆▄▆▄█▆▆▄▇▆▃▁▄▃,False,False,False,10,0.11956309732787185,0.19593299441620138,0.10821435075361441,0.14676935877679798,FLAT,True,76,57.0,WATCH,NONE,,NEUTRAL,C,WAIT,CMF positive,Technology Services,36.7
BIOCON,436.25,437.0,437.55,434.05,False,True,True,True,False,True,0.3706315470936605,112.114505,0.3766209461826646,False,0.14514612262231005,True,62.71,True,1.2994198093659344,96.0,1.69,0,False,▇▆█▇▆▆▄▅▄▅▁▆▅█▄▇▆▆▆█,False,False,False,9,0.05057194461167969,0.02346041055718473,0.03922319803742225,-0.025703225082218673,UP,False,39,57.0,WATCH,SEED,,NEUTRAL,C,WAIT,"Delivery P96, CMF positive",Health Technology,34.1
EXCELINDUS,982.15,940.9,997.95,927.0,False,True,True,True,True,False,3.7872039895648664,2.58069734,4.063512942815179,True,0.09681212237176812,True,53.7,False,0.7931233107359654,33.0,-0.4,0,True,█▃▅▁▅▇▄▅▂▃█▆▆▇▁▄▃▂▄▁,False,False,False,0,0.08729104394996123,-0.0019815059445178473,0.0759422973757038,-0.05114514158392125,UP,False,31,57.0,WATCH,NONE,,NEUTRAL,C,WAIT,CMF positive,Process Industries,38.1
STALLION,255.5,243.9,257.9,234.05,False,True,True,True,True,False,1.0212304977618287,113.5703632,1.1578707153783148,True,0.3950445665691521,True,25.51,False,0.7887576525879662,10.0,-1.05,0,False,▆▆▆▅▇██▅▂▃▆▄▅▆▅▁▂▃▄▄,False,False,False,11,0.42833184257602874,0.7857142857142856,0.4169830960017713,0.7365506500748822,FLAT,True,99,56.0,WATCH,NONE,,NEUTRAL,C,WAIT,"CMF positive, RS leader",Distribution Services,36.5
AEROPLANE,187.52,187.84,193.75,187.1,False,True,True,True,False,True,0.30165873229467144,6.579870528,0.34156900650248356,False,0.4558411185212695,True,0.0,False,0.0,,,0,False,,False,False,False,9,0.47086045964389367,0.41471142964918895,0.45951171306963623,0.36554779400978554,UP,True,92,56.0,WATCH,NONE,,NEUTRAL,C,WAIT,"CMF positive, RS leader",Process Industries,38.1
SUDEEPPHRM,868.0,856.4,878.8,842.0,False,True,True,True,False,True,2.565872770672134,35.647458,2.654929016388846,True,-0.09033363159155913,True,48.54,False,0.9600854464179753,54.0,0.2,0,True,▄▅█▂▂▂▁▄▆▅▅▃▆▄▆▅▅▆█▄,False,False,False,4,0.05892399658411618,0.276470588235294,0.04757525000985874,0.22730695259589062,FLAT,True,85,56.0,WATCH,NONE,,NEUTRAL,C,WAIT,No standout factor,Health Technology,34.1
GODREJPROP,2078.8,2050.6,2086.5,2025.1,False,True,True,True,False,True,0.8724691119789939,152.35462836000002,0.8839330985494014,False,0.19260909210153418,True,51.01,True,1.1280032727795406,75.0,0.74,0,True,▅▂▄▆▆█▄▁▂▆▃▂▄▄▄▄▁▅▄▅,False,False,False,10,0.1358942134309602,0.2327581094704383,0.12454546685670276,0.1835944738310349,FLAT,True,80,56.0,WATCH,NONE,,NEUTRAL,C,WAIT,CMF positive,Finance,33.2
PRESTIGE,1644.6,1619.0,1649.8,1604.7,False,True,True,True,False,True,0.7652644750515666,107.27840921999999,0.7548902423581084,False,0.1302027583042138,True,58.25,True,1.168376608398271,83.0,0.89,0,True,▃▂▅▅▅█▃▄▂▄▄▄▅▇▂▂▅▁▄▆,False,False,False,7,0.06833831362868636,0.2248454606390109,0.056989567054428925,0.1756818249996075,FLAT,True,80,56.0,WATCH,NONE,,NEUTRAL,C,WAIT,CMF positive,Finance,33.2
CREST,375.0,389.0,389.0,368.1,True,False,True,True,False,True,1.4902337728286694,0.3081375,1.495759569858017,False,0.24853301751758883,True,86.18,True,1.3101844109643188,94.0,1.46,0,True,▁▅▆█▇▄▅▆▇▆██▆▇▇▅▆▆▅█,False,True,False,0,-0.01302803000394781,0.057977147693609954,-0.02437677657820525,0.008813512054206551,FLAT,True,49,56.0,WATCH,SEED,,NEUTRAL,C,WAIT,"Delivery P94, CMF positive",Finance,33.2
SCHAEFFLER,4185.5,4107.8,4213.2,4082.1,False,True,True,True,False,True,1.4265133173868172,36.96759165,1.445886671269823,True,-0.03405625304506427,True,66.46,True,1.130685539780702,83.0,0.82,0,True,▃▃▃▁▂▃▅▄▄▅▃▅█▇▃▂▃▃▄▅,False,True,False,0,0.022799472166560752,0.05316793316893964,0.011450725592303312,0.004004297529536238,UP,True,47,56.0,WATCH,NONE,,NEUTRAL,C,WAIT,No standout factor,Producer Manufacturing,29.4
TITAN,4689.9,4644.2,4691.7,4629.2,False,True,True,True,True,True,0.5794147391872403,248.26267043999997,0.6024127661906072,False,0.02962723857076654,True,63.45,True,1.093324602819037,73.0,0.69,0,True,▂▁▅▆▇▂▆▆█▆███▅▇▂▆▅▆▇,False,False,False,14,0.07259005145797581,0.040119760479041755,0.06124130488371837,-0.009043875160361647,UP,False,45,56.0,WATCH,NONE,,NEUTRAL,C,WAIT,CMF positive,Consumer Durables,31.1
TRITURBINE,623.4,614.9,627.0,610.05,False,False,False,True,False,False,2.0357261025082627,98.20943856,1.9899102316083994,True,-0.13866626242501234,False,83.55,True,1.803834362450883,99.0,2.43,1,True,▂▂▄▂▄▃▃▄▄▄▂▂▄▃▃▃▃▂▁█,False,True,False,0,-0.09310445155659008,0.044833654571356796,-0.10445319813084752,-0.004329981068046607,FLAT,False,45,56.0,WATCH,SEED,DEL84% ▂▂▄▂▄▃▃▄▄▄▂▂▄▃▃▃▃▂▁█ P99 Z+2.4,NEUTRAL,C,WAIT,Delivery P99,Producer Manufacturing,29.4
SAPPHIRE,187.09,181.0,191.9,181.0,False,True,True,False,False,False,8.090183834478951,104.843963788,8.333114038680474,True,0.1283180997394831,False,22.68,False,0.4253603278350322,5.0,-1.93,0,True,▄▅▆▆▇▅▅▇▅▆▆▆▇▇▆▆▆█▁▂,False,True,False,0,0.03708425720620845,0.03760190782541173,0.02573551063195101,-0.011561727813991673,UP,False,44,56.0,WATCH,NONE,,NEUTRAL,C,WAIT,CMF positive,Consumer Services,34.2
BLSE,288.32,286.0,293.0,282.41,False,True,True,True,True,True,1.0922337347968816,52.127708192,1.1802024378144964,True,0.1347222316282602,False,19.32,False,0.6103590440235677,9.0,-1.4,0,False,▇▃▆▁▂▂▆▅▅▅▃▃▄▃▆█▆▃▂▃,False,False,False,13,0.23806252147028517,0.5002601727547091,0.22671377489602773,0.45109653711530573,FLAT,True,95,55.0,WATCH,NONE,,NEUTRAL,C,WAIT,"CMF positive, RS leader",Technology Services,36.7
WEWORK,716.0,719.0,726.95,710.5,False,True,True,True,False,True,0.5362905608579596,22.7429524,0.5420329877860605,False,-0.0034046284493429563,False,69.65,True,1.4058069008668976,90.0,1.28,0,True,▄▄▃▁▄▄▄█▄▃▅▄▄▂▅▂▄▅▂▇,False,False,False,9,0.1032357473035439,0.4582484725050917,0.09188700072928646,0.4090848368656883,FLAT,True,94,55.0,WATCH,SEED,,NEUTRAL,C,WAIT,"Delivery P90, RS leader",Finance,33.2
SILVERTUC,202.42,207.0,208.99,198.14,False,True,True,True,True,True,1.0874891861046903,10.05976795,1.164385729462073,True,0.049882275595074715,True,37.18,True,1.0021563342318058,36.0,-0.42,0,False,▇▃▂▂▂▁▄▅█▄▇▃▃▅▂▁▃▁▄▃,False,False,False,0,0.1350866371334043,0.41069064046274995,0.12373789055914686,0.36152700482334654,FLAT,True,92,55.0,WATCH,NONE,,NEUTRAL,C,WAIT,"CMF positive, RS leader",Technology Services,36.7
BLUEJET,576.05,570.9,589.9,570.9,False,True,True,True,False,False,0.5378632537424162,29.368238704999996,0.5263236912872931,False,0.16284780617654732,False,49.77,True,1.1490511151128966,51.0,0.11,0,True,▅▅▅▆▆▂▅▇▁▅▇▇▆▅▅█▆▇▇▇,False,False,False,7,0.11572729033507656,0.36812730079562983,0.10437854376081912,0.31896366515622643,FLAT,True,90,55.0,WATCH,NONE,,NEUTRAL,C,WAIT,"CMF positive, RS leader",Health Technology,34.1
THYROCARE,584.05,573.6,617.45,571.0,False,True,True,True,True,True,4.106474335605267,231.18223370499996,4.319067038939139,True,-0.18575361811800403,False,28.56,False,0.6150400551296408,4.0,-1.75,0,True,▇▇▇▅▇█▇▇▇█▃▆▆▇▄█▅▆▁▄,False,False,False,7,0.1137490465293669,0.2915745245466608,0.10240029995510946,0.24241088890725737,FLAT,True,86,55.0,WATCH,NONE,,NEUTRAL,C,WAIT,No standout factor,Health Services,36.8
IDFCFIRSTB,84.88,86.3,88.76,84.7,False,True,True,True,True,True,9.729926610154745,1509.71247548,10.34453845138287,True,-0.27593594595405063,False,34.69,False,0.6636948037039871,4.0,-1.72,0,True,▇▇█▁▂▄▅▃▄▆▅▃█▃▅▇▅▃▄▁,False,False,False,12,0.08542199488491042,0.25580707205207864,0.07407324831065298,0.20664343641267524,FLAT,True,82,55.0,WATCH,NONE,,NEUTRAL,C,WAIT,No standout factor,Finance,33.2
PAYTM,1289.4,1288.0,1298.0,1270.1,False,True,True,True,False,True,0.57804737058922,283.31444652000005,0.5832416793512715,False,0.07461090191166794,False,45.41,True,1.1249009116131587,72.0,0.53,0,True,▇▅▅██▆▇▄▃▄▇▃▁▃▅▂▁▁▂▆,False,False,False,10,0.13794016415144306,0.1667722378065335,0.12659141757718562,0.1176086021671301,UP,True,71,55.0,WATCH,NONE,,NEUTRAL,C,WAIT,CMF positive,Finance,33.2
INDUSINDBK,1006.65,1003.0,1015.6,1000.1,False,True,True,True,False,True,0.6955805659021715,199.22267889,0.695292713733521,False,0.1794127440862619,False,50.76,True,1.0833306655568717,64.0,0.33,0,True,▃▅▅▃▄█▆▆▂▃▃▄▄▇▅▄▆▂▁▆,False,False,False,14,0.09968319860170416,0.12834164658409453,0.08833445202744672,0.07917801094469112,UP,True,65,55.0,WATCH,NONE,,NEUTRAL,C,WAIT,CMF positive,Finance,33.2
AVADHSUGAR,534.0,516.0,547.45,516.0,False,True,True,True,False,True,1.1545422927594455,1.7372088,1.1779531544144715,True,0.2963458490842655,False,48.53,True,1.245300932756829,42.0,-0.14,0,True,▁▁▁▄▄▄▄▆▅▇▃▃▃▆▆█▃█▆▇,False,False,False,9,0.1439588688946014,0.1083437110834371,0.13261012232034397,0.0591800754440337,UP,True,61,55.0,WATCH,NONE,,NEUTRAL,C,WAIT,CMF positive,Process Industries,38.1
STYRENIX,2476.0,2498.0,2514.8,2462.2,False,True,True,True,True,False,0.7259624324996878,10.004278,0.753751226800477,False,0.10453157049712898,False,56.89,True,1.0059234373618602,40.0,-0.28,0,True,▂▃▃▁▃▃▁▁▅▃▂█▅▄▅▄▄▂▃▃,False,False,False,6,0.08883025505716802,0.08373090558935536,0.07748150848291058,0.03456726994995196,UP,True,55,55.0,WATCH,NONE,,NEUTRAL,C,WAIT,CMF positive,Process Industries,38.1
BAJAJFINSV,1900.7,1855.0,1904.8,1850.4,False,True,True,True,False,True,1.2501019184652278,317.06260952,1.29171933624121,True,0.0506193671781505,True,46.83,False,0.8071215594353768,15.0,-1.06,0,True,▂▅▁▁▇▁▆▇▅▅▇▃█▃█▆▇▄▇▂,False,False,False,8,0.06649085400067323,0.045317054391464495,0.05514210742641579,-0.003846581247938907,UP,False,45,55.0,WATCH,NONE,,NEUTRAL,C,WAIT,CMF positive,Finance,33.2
PNBHOUSING,1078.5,1068.0,1085.5,1051.6,False,True,True,True,False,True,1.1478785199394181,101.1447498,1.1413742852237947,True,0.16782342823199373,True,50.16,False,0.9879363828844354,55.0,0.17,0,True,█▅▃▅▄▆▃▂▇▂▂▃▆▄▄▃▆▃▁▄,False,False,False,4,0.04303675048355893,0.031859931113662476,0.03168800390930149,-0.017303704525740926,UP,False,42,55.0,WATCH,NONE,,NEUTRAL,C,WAIT,CMF positive,Finance,33.2
TVSMOTOR,3794.0,3590.2,3810.0,3576.8,False,True,True,True,True,True,2.2570657401034864,906.5550536,2.4082289383989615,True,-0.02306322465644628,True,54.15,True,1.0158331144711665,36.0,-0.27,0,False,▆▆▄▅▃▅▅▄▅▄▇▆█▇▅▁▂▆▇▅,False,False,False,1,0.08751110728924827,0.026737389045248028,0.07616236071499083,-0.022426246594155375,UP,False,40,55.0,WATCH,NONE,,NEUTRAL,C,WAIT,No standout factor,Consumer Durables,31.1
CONCOR,510.5,470.0,515.3,469.95,False,True,True,True,True,False,5.806815109666028,675.1694325,6.135125298335424,True,0.35390067612481685,True,32.2,False,0.6533295459156759,2.0,-1.9,0,False,▆▄█▇▄▅▄▃▆▆▁▃▅▂▄▄▅▄▁▁,False,False,False,0,0.08386411889596612,0.017033569080585842,0.07251537232170868,-0.03213006655881756,UP,False,37,55.0,WATCH,NONE,,NEUTRAL,C,WAIT,CMF positive,Transportation,40.9
GUJALKALI,694.1,672.5,701.0,672.5,False,True,True,True,True,True,3.392848163831924,22.714908370000003,3.6554930855020316,True,-0.18372061335953271,True,31.67,False,0.7851352356397352,27.0,-0.69,0,True,▂▄▆▂▇▆▆▄▆▁▄▇▄█▃▇▃▁▁▃,False,False,False,0,0.1412364353830977,0.016623947272061512,0.12988768880884027,-0.03253968836734189,UP,False,37,55.0,WATCH,NONE,,NEUTRAL,C,WAIT,No standout factor,Process Industries,38.1
ONEPOINT,55.44,54.3,56.01,54.3,False,True,False,True,False,True,0.6848890553901142,3.572243136,0.6824086515318469,False,0.11615927206893056,True,68.04,True,1.5005789270551912,90.0,1.25,1,True,▅▃▄▆▁▆▂▄█▁▁▄▆▅▇▁▆▅▄█,False,False,False,0,-0.028731604765241725,-0.07784431137724546,-0.040080351339499165,-0.12700794701664886,UP,False,12,55.0,WATCH,SEED,DEL68% ▅▃▄▆▁▆▂▄█▁▁▄▆▅▇▁▆▅▄█ P90 Z+1.2,NEUTRAL,C,WAIT,"Delivery P90, CMF positive",Commercial Services,33.3
MTARTECH,7777.0,8122.0,8297.5,7732.0,True,True,True,True,False,True,0.5773861021911433,944.1099129,0.5949148041307928,False,0.0410156816841065,False,21.68,True,1.2187306762606107,19.0,-0.9,0,True,▄▅▆▂▄▆▅▇▃█▅▃▂▂▁▁▂▃█▆,False,False,False,4,-0.014259458774320333,0.8632900474387848,-0.025608205348577773,0.8141264117993814,FLAT,True,99,54.0,IGNORE,NONE,,NEUTRAL,C,WAIT,"CMF positive, RS leader",Electronic Technology,24.6
RPEL,1292.7,1319.0,1324.5,1284.5,True,True,True,True,False,True,0.5753346219018649,5.74100997,0.5788949970711015,False,0.031535307042615965,False,58.87,True,1.1105870811952911,64.0,0.42,0,True,▆█▃█▆▅▅▅▄▇▇▅▁▅▇▆▄▄▆▇,False,False,False,11,0.11526184108359949,0.5056781783239184,0.10391309450934205,0.45651454268451497,FLAT,True,95,54.0,IGNORE,NONE,,NEUTRAL,C,WAIT,"CMF positive, RS leader",Process Industries,38.1
MINDACORP,692.55,680.0,704.6,680.0,False,True,True,True,False,True,1.1867350399243648,25.19233731,1.1905689307951919,True,0.11096966229820476,True,43.18,False,0.878231334024854,39.0,-0.21,0,True,▅▅▅▃▃▁▂▂▃▁▆▇█▄▇▇▃▇▇▂,False,False,False,7,0.029967281380130828,0.34384398952168405,0.018618534805873388,0.29468035388228064,FLAT,True,89,54.0,IGNORE,NONE,,NEUTRAL,C,WAIT,CMF positive,Producer Manufacturing,29.4
ADANIENSOL,1737.1,1736.0,1789.0,1718.6,False,True,True,True,True,True,1.417769795024919,643.02300184,1.5429337722731593,True,0.005746816888909322,False,50.99,True,1.4955710682231478,89.0,1.11,0,False,▇▃▄▅▃▆▃▄▃▂▂▄▃▁▃▁▃▅▄█,False,False,False,13,0.12842665973756007,0.2833185579196218,0.11707791316330263,0.2341549222802184,FLAT,True,85,54.0,IGNORE,NONE,,NEUTRAL,C,WAIT,CMF positive,Utilities,31.3
IIFL,573.2,565.0,575.4,558.6,False,True,True,True,True,True,0.8399378947818934,107.43006112,0.8841147093016648,False,0.1353381935003848,True,46.9,False,0.9715173485240808,67.0,0.43,0,True,▆▅▄▄▆▅▅▄▅▄▅▇▅▅█▅▆▁▃▅,False,False,False,8,0.17146944614755788,0.25743117253482506,0.16012069957330044,0.20826753689542166,FLAT,True,82,54.0,IGNORE,NONE,,NEUTRAL,C,WAIT,CMF positive,Finance,33.2
TRIVENI,471.5,469.65,473.8,452.0,False,True,True,True,False,True,1.4606316874763674,48.7480078,1.499736532243222,True,0.18701038360199743,True,51.04,True,1.0752053928797136,62.0,0.28,0,False,█▅▅▆▆▁▅▄▅▃▅▅▆▃▅▅▄▄▆▅,False,False,False,12,0.1258357211079273,0.24111608317978428,0.11448697453366985,0.19195244754038088,FLAT,True,81,54.0,IGNORE,NONE,,NEUTRAL,C,WAIT,CMF positive,Process Industries,38.1
TIMETECHNO,206.75,202.25,211.3,200.64,False,True,True,True,False,True,1.0831793033820363,95.169402625,1.1624398712996662,True,0.19522585867319492,True,21.15,False,0.7990328491282419,22.0,-0.87,0,True,▁▃▃▇▄█▄▁▃▃▄▄▃▄▄▅▄▂▂▃,False,False,False,4,0.15142570728447313,0.1927425868235837,0.1400769607102157,0.1435789511841803,FLAT,True,76,54.0,IGNORE,NONE,,NEUTRAL,C,WAIT,CMF positive,Process Industries,38.1
PIXTRANS,1796.7,1797.9,1800.0,1768.1,False,True,True,True,False,True,0.07554643184015802,1.31248935,0.0730780797956014,False,0.03307765480152746,False,53.63,True,1.5504705185099525,29.0,-0.28,3,False,▁▂▂▅▄▇▄▅▆▅▄▂▆▄▄▅▅▇▇█,True,False,False,3,-0.03899229781771496,0.1756968983117393,-0.0503410443919724,0.1265332626723359,FLAT,True,73,54.0,IGNORE,NONE,DEL54% ▁▂▂▅▄▇▄▅▆▅▄▂▆▄▄▅▅▇▇█ P29 Z-0.3 3D,NEUTRAL,C,WAIT,"3D high delivery, CMF positive",Producer Manufacturing,29.4
FIEMIND,2356.6,2338.1,2423.9,2335.1,False,True,True,True,True,True,1.8474459567218326,15.997072119999999,1.9080615458484975,True,0.04495916581227296,False,47.68,False,0.879623650954709,37.0,-0.27,0,True,▇▄▇▃▅█▇▅▅▆▆▆▁▆▂▂▇▅▄▃,False,False,False,2,0.04980399144689929,0.0944640535017649,0.03845524487264185,0.0453004178623615,FLAT,True,58,54.0,IGNORE,NONE,,NEUTRAL,C,WAIT,CMF positive,Producer Manufacturing,29.4
ALLDIGI,872.05,850.0,893.55,850.0,False,True,True,True,True,False,17.591134887275505,9.032781105,18.70064793932576,True,-0.06734712473828139,True,52.59,False,0.7705663860744192,15.0,-0.91,0,False,▃▇▁▆▆▆▇▄▆▃█▅▅▇▃▅█▅▃▁,False,False,False,3,0.0877510290632404,0.09547138998806615,0.07640228248898295,0.046307754348662744,UP,True,58,54.0,IGNORE,NONE,,NEUTRAL,C,WAIT,No standout factor,Commercial Services,33.3
LUPIN,2516.0,2484.0,2523.7,2476.1,False,True,True,True,True,True,0.9859592532390676,196.4910456,1.0172026885195598,False,-0.07184051682541193,True,62.57,True,1.0892157716076245,76.0,0.61,0,True,▅▅▇▄▁▄▅▆▇▆██▅▇▆▆▅▅▆▇,False,False,False,12,0.07521367521367517,0.05736499264551376,0.06386492863941773,0.008201357006110355,UP,True,48,54.0,IGNORE,NONE,,NEUTRAL,C,WAIT,No standout factor,Health Technology,34.1
HUHTAMAKI,312.61,320.26,330.0,306.12,True,True,True,True,False,True,1.4276731392012583,121.484153625,1.5512605974098186,False,0.08463955235821269,False,20.9,False,0.4236128705345832,2.0,-2.88,0,False,▇▅▆█▇▆█▆▇▇██▅▇▇▅▁▁▁▂,False,False,False,15,0.6018959774532411,0.945301804604854,0.5905472308789836,0.8961381689654506,FLAT,True,99,53.0,IGNORE,NONE,,NEUTRAL,C,WAIT,"CMF positive, RS leader",Process Industries,38.1
ASTRAMICRO,1801.8,1815.0,1840.0,1788.0,True,True,True,True,False,True,0.5148969894813895,48.59202348,0.5224516343268629,False,0.10660916238869322,False,42.38,False,0.9182203252120595,40.0,-0.22,0,True,▁▂█▂▃▅▃▆▅▆▁▂▄▄▆█▃█▅▃,False,False,False,6,0.04313089793319058,0.6572847682119205,0.03178215135893314,0.6081211325725171,FLAT,True,98,53.0,IGNORE,NONE,,NEUTRAL,C,WAIT,"CMF positive, RS leader",Electronic Technology,24.6
CYIENTDLM,665.05,680.0,681.55,652.55,True,True,True,True,False,True,0.2118558222920773,20.985320225,0.22736346356128123,False,0.2900249128230845,False,38.7,True,1.0207445896580374,14.0,-0.9,0,False,██▆▃▆▂▅▆▆▅▇▇▂▃▅▅▁▃▃▅,False,False,False,11,0.4418428184281842,0.5958008398320336,0.43049407185392674,0.5466372041926302,FLAT,True,97,53.0,IGNORE,NONE,,NEUTRAL,C,WAIT,"CMF positive, RS leader",Electronic Technology,24.6
DECNGOLD,197.49,194.0,200.6,194.0,False,True,True,True,False,True,0.551866022410375,20.634525411000002,0.5523043774543966,False,0.06377297662724012,False,39.02,True,1.0333139134579736,49.0,-0.26,0,True,▃██▁▁▄▅▃▃▄▁▄▄▇▇▄█▂▃▅,False,False,False,0,-0.0025757575757575646,0.6154601226993865,-0.013924504150015005,0.5662964870599831,FLAT,True,97,53.0,IGNORE,NONE,,NEUTRAL,C,WAIT,"CMF positive, RS leader",Non-Energy Minerals,35.2
TARSONS,320.9,313.0,326.35,313.0,False,True,True,True,True,False,0.20395061742879883,6.69387773,0.21778933062344283,False,0.1366203237120073,False,48.71,True,1.414282188638706,30.0,-0.29,0,False,▄▆▅▄▁▂▄▅▅▆▆█▆▇▇▁▄▅▅▇,False,False,False,8,0.23389856577075396,0.5659005514077977,0.22254981919649652,0.5167369157683943,FLAT,True,97,53.0,IGNORE,NONE,,NEUTRAL,C,WAIT,"CMF positive, RS leader",Process Industries,38.1
PAISALO,70.44,70.5,71.18,69.01,False,True,True,True,False,True,0.4590272419115138,81.515253024,0.45258572152448706,False,0.0892843843756025,False,45.99,True,1.1294204322200394,39.0,-0.31,0,False,█▃▂▄▅▄▄▅▆▅▃▂▁▁▃▆▆▆▅▅,False,False,False,11,0.16777188328912462,0.5154905335628228,0.15642313671486718,0.4663268979234194,FLAT,True,96,53.0,IGNORE,NONE,,NEUTRAL,C,WAIT,"CMF positive, RS leader",Finance,33.2
INOXINDIA,1985.9,2041.0,2041.0,1965.1,True,True,True,True,False,True,0.33259267092143907,24.203950610000003,0.33977043138960494,False,0.15768008989653007,False,42.84,True,1.087088915956151,31.0,-0.52,0,True,▁▂▅▄▃█▄▅▆▆▆▆▅▄▅▆▄▅▆▆,False,False,False,1,0.06266053082191791,0.4165775019616236,0.051311784247660475,0.3674138663222202,FLAT,True,92,53.0,IGNORE,NONE,,NEUTRAL,C,WAIT,"CMF positive, RS leader",Producer Manufacturing,29.4
GNA,511.85,515.0,523.9,507.85,False,True,True,True,False,True,0.2525505380008373,10.879218195,0.24213184565268026,False,0.15768476225071063,False,42.92,True,1.0859636915680941,20.0,-0.76,0,False,▇▆▅▆▄▇▆▇█▃▃▄▁▂▄▃▄▅▄▅,False,False,False,10,0.18689855072463768,0.4141456002210251,0.17554980415038024,0.3649819645816217,FLAT,True,92,53.0,IGNORE,NONE,,NEUTRAL,C,WAIT,"CMF positive, RS leader",Producer Manufacturing,29.4
UTLSOLAR,384.8,385.6,387.95,380.4,False,True,True,True,False,True,0.3204660797907723,6.97877128,0.3374065470556751,False,0.19161483193846474,False,59.85,True,1.1104411150795492,73.0,0.53,0,False,▅▄▄▄▃▄▃█▃▃▂▁▃▄▃▃▄▃▃▄,False,False,False,4,0.24935064935064943,0.40900768949102884,0.238001902776392,0.35984405385162543,FLAT,True,92,53.0,IGNORE,NONE,,NEUTRAL,C,WAIT,"CMF positive, RS leader",Electronic Technology,24.6
ORIENTHOT,137.35,134.62,138.38,133.34,False,True,True,True,False,True,0.2824188604726305,5.06261112,0.2769752251642165,False,0.24223018480428787,False,47.02,True,1.143635457077187,26.0,-0.44,0,False,▇█▆▇▆▆▇▄▇▅▄▂▅▆▁▇▆▇▂▇,False,False,False,4,-0.026783816339545075,0.4077072870759455,-0.038132562913802515,0.3585436514365421,FLAT,True,92,53.0,IGNORE,NONE,,NEUTRAL,C,WAIT,"CMF positive, RS leader",Consumer Services,34.2
ITDC,735.15,740.25,759.5,725.2,True,True,True,True,False,True,0.0654899465922311,24.255612615,0.0651603204790976,False,0.05383158380006496,False,21.04,True,1.1772934560613266,19.0,-1.0,0,False,▅▆▆█▆▁▁▁▂▂▃▁▂▂▁▂▂▂▃▄,False,False,False,4,0.24919286321155476,0.3602553427699138,0.23784411663729732,0.3110917071305104,FLAT,True,90,53.0,IGNORE,NONE,,NEUTRAL,C,WAIT,"CMF positive, RS leader",Consumer Services,34.2
MAYURUNIQ,817.65,792.5,837.85,790.0,False,True,True,True,False,True,1.2541886819367725,11.789777115,1.2213237317949632,True,-0.0005988957141093917,False,53.46,True,1.058886446015806,29.0,-0.31,0,True,▁▃▄▄▅▄▂█▆▅▆▄▃▂▆▅█▅▆▅,False,True,False,5,0.0018992770493810873,0.3400803081209538,-0.009449469524876353,0.2909166724815504,FLAT,True,89,53.0,IGNORE,NONE,,NEUTRAL,C,WAIT,No standout factor,Process Industries,38.1
RRKABEL,2525.3,2529.0,2584.0,2453.0,False,True,True,True,True,True,3.174546370598978,443.77172659000007,3.3861789884586857,True,0.024198820716005143,True,30.54,False,0.7228060210167566,9.0,-1.39,0,False,▄▄▄▄▅█▂▆▆▄▅▅▃▅▂▇▄▅▄▁,False,False,False,2,0.009191543779722755,0.29642178756609683,-0.002157202794534685,0.24725815192669343,FLAT,True,86,53.0,IGNORE,NONE,,NEUTRAL,C,WAIT,CMF positive,Producer Manufacturing,29.4
AYE,167.0,173.0,174.15,166.0,True,False,True,True,False,True,0.23906906381708073,9.5364849,0.21998919107632398,False,0.13998926365823003,False,47.35,True,1.1741076409983013,93.0,1.24,0,True,▅▄▄▅▄▃▄▅█▄▅▅▆▅▆▁▁▃▃▅,False,False,False,3,-0.05782792665726377,0.26515151515151514,-0.06917667323152121,0.21598787951211174,FLAT,True,83,53.0,IGNORE,SEED,,NEUTRAL,C,WAIT,"Delivery P93, CMF positive",Finance,33.2
WENDT,8302.5,8300.0,8600.0,8100.0,False,True,True,True,True,False,5.789777858045873,39.92423175,6.027175676743372,True,-0.04124085636829508,False,35.35,False,0.6954417579823337,4.0,-1.81,0,True,▅▅▆▇▆▆▇▆▅▆▇▆▄█▄██▆▁▃,False,True,False,2,0.05281511539436967,0.22347480106100792,0.04146636882011223,0.17431116542160452,FLAT,True,80,53.0,IGNORE,NONE,,NEUTRAL,C,WAIT,No standout factor,Producer Manufacturing,29.4
SGMART,720.65,715.05,737.45,705.45,False,True,True,True,True,True,0.5071190664735015,41.082671069999996,0.5505798188621432,False,0.2787859752317414,False,46.55,True,1.1119737234995521,13.0,-0.98,0,False,▆▆▅██▇▁▃▄▆▂▅▇▅▂▃▄▇▅▆,False,False,False,6,0.22144067796610156,0.19441451893594097,0.21009193139184412,0.14525088329653757,UP,True,76,53.0,IGNORE,NONE,,NEUTRAL,C,WAIT,CMF positive,Utilities,31.3
COSMOFIRST,909.2,881.0,919.8,870.0,False,True,True,True,True,False,1.3747841631238336,14.77840956,1.4754022611681012,True,0.039623134342161186,True,48.89,True,1.0271871585847552,27.0,-0.42,0,False,▅▅▃▃▆▄▆▆▆▄█▅▄▃▁▄▆▃▇▅,False,False,False,8,0.1468937243771682,0.1843167904129217,0.13554497780291075,0.1351531547735183,UP,True,75,53.0,IGNORE,NONE,,NEUTRAL,C,WAIT,CMF positive,Process Industries,38.1
MAHLOG,419.1,417.0,431.9,412.95,False,True,True,True,True,True,1.8460278906857042,38.5932426,1.9495981508720175,True,-0.26428594620194706,False,55.92,True,1.2345324693960904,66.0,0.31,0,False,▇▅▆▁▆▇▆▇▇█▆█▆▆▁▅▄▆▄█,False,False,False,2,0.12540279269602594,0.16303593728319687,0.1140540461217685,0.11387230164379347,UP,True,71,53.0,IGNORE,NONE,,NEUTRAL,C,WAIT,No standout factor,Transportation,40.9
AUBANK,1052.2,1021.0,1062.0,1021.0,False,True,True,True,False,True,2.5597950263031217,531.0469183,2.6115401645204117,True,-0.02028863846244313,False,43.07,False,0.8267111981266075,9.0,-1.18,0,False,▃▇▅▄▆▆▇█▇▄▆▁▄▆▆▇▆█▃▃,False,True,False,7,0.021107283225775042,0.07477017364657823,0.009758536651517602,0.02560653800717483,FLAT,True,53,53.0,IGNORE,NONE,,NEUTRAL,C,WAIT,No standout factor,Finance,33.2
CENTURYPLY,792.65,808.0,808.0,785.25,False,True,True,True,False,True,0.8451933811506085,2.931457495,0.856985118539409,False,0.10059457157229289,True,66.22,True,1.2258195886784768,94.0,1.48,0,True,▆▇▆█▆▃▆▆▆▅▄▁▆▅█▄▄▇▄█,False,False,False,1,0.0698474827911999,0.029883713376209986,0.05849873621694246,-0.019279922263193416,UP,False,41,53.0,IGNORE,SEED,,NEUTRAL,C,WAIT,"Delivery P94, CMF positive",Producer Manufacturing,29.4
BHARTIHEXA,1614.3,1630.0,1630.0,1601.1,False,True,True,True,False,False,0.6468779182935919,28.296580409999997,0.6841651145025079,False,0.2035013652615806,True,79.96,True,1.4270162225831204,97.0,1.97,0,False,▃▄▃█▃▃▅▁▂▄▁▃▁▂▂▂▄▂▁▇,False,False,False,7,0.12096382195680855,0.010453179769654541,0.10961507538255111,-0.03871045586974886,UP,False,35,53.0,IGNORE,SEED,,NEUTRAL,C,WAIT,"Delivery P97, CMF positive",Communications,26.7
ORIENTCEM,136.11,133.8,136.5,133.33,False,False,False,False,False,False,2.4366021141110226,8.015871786000002,2.4153122465267396,True,0.15675426922032348,True,61.43,True,1.358665000497639,88.0,1.11,0,False,▄▅▂▃▄▆▄▇▆▆▃▃▆▄▄▅▇▄▁█,False,True,False,0,0.017340608416174685,0.008371610608979285,0.005991861841917245,-0.04079202503042412,UP,False,34,53.0,IGNORE,SEED,,NEUTRAL,C,WAIT,CMF positive,Non-Energy Minerals,35.2
COLPAL,2136.6,2088.8,2156.0,2088.8,False,True,True,True,True,True,1.3787312981525524,81.59013054,1.4312443949683284,True,0.29011485515132407,True,41.48,False,0.7924348075269843,12.0,-1.11,0,True,▇▅▃▄▅█▅▅▆▄▇▆▆▅▁▃▄▅▃▃,False,False,False,0,0.06872749099639841,-0.006786909631833371,0.05737874442214097,-0.05595054527123677,UP,False,29,53.0,IGNORE,NONE,,NEUTRAL,C,WAIT,CMF positive,Consumer Non-Durables,33.3
GSFC,160.08,156.25,162.19,156.25,False,True,False,False,False,False,2.0131337116312347,14.918031288000002,2.021275496840269,True,-0.19043190271928298,True,49.68,True,1.0213185864358694,64.0,0.29,0,True,▁▇▅▃▅▂▂▅█▄▅▂▁▅▂▇▅▅▄▄,False,True,False,0,-0.01294857565667773,-0.055519499675497075,-0.02429732223093517,-0.10468313531490048,UP,False,17,53.0,IGNORE,NONE,,NEUTRAL,C,WAIT,No standout factor,Process Industries,38.1
SIGMAADV,568.8,562.55,584.0,561.1,False,True,True,True,False,True,0.4918416130151482,16.19891208,0.6017399329578431,False,0.29706664325112875,True,50.06,False,0.816486303548274,,,0,False,▂▂█▂█▄▄▂▁▃▂▂▁▁▅▂▂▂▂▂,False,False,False,13,0.8834437086092715,2.6082212636386704,0.872094962035014,2.559057627999267,FLAT,True,100,52.0,IGNORE,NONE,,NEUTRAL,C,WAIT,"CMF positive, RS leader",Technology Services,36.7
AMAGI,626.0,617.65,636.55,606.0,False,True,True,True,False,True,0.36262780407722006,14.4254814,0.3913518307605816,False,0.14344035765730856,True,24.18,False,0.6084090280049317,5.0,-1.72,0,False,▁▄▄▄▅▅▄▃▃█▄▇▁▄▁▅▅▃▅▂,False,False,False,10,0.13405797101449268,0.5766276287621206,0.12270922444023524,0.5274639931227172,FLAT,True,97,52.0,IGNORE,NONE,,NEUTRAL,C,WAIT,"CMF positive, RS leader",Technology Services,36.7
PICCADIL,757.05,745.9,768.9,742.55,False,True,True,True,True,True,0.7460699860807838,19.40637111,0.81640840992623,False,0.1292985282092049,True,48.03,False,0.9861916739387095,43.0,0.01,0,False,▆▇▂▂▄▅▆▂▇▁▂▃▄▄█▂▅▄▃▄,False,False,False,10,0.3403859773371105,0.3046962516156828,0.3290372307628531,0.2555326159762794,UP,True,87,52.0,IGNORE,NONE,,NEUTRAL,C,WAIT,CMF positive,Process Industries,38.1
MARKSANS,263.4,248.0,265.5,247.75,False,True,True,True,False,True,1.269988135979995,63.048503939999996,1.268872603002788,True,-0.2000426007582149,True,40.27,False,0.9531699350272792,32.0,-0.34,0,True,▄▃▃▄▄▆▂▂█▅▃▂▅▄▆▅▁▁▂▃,False,True,False,6,0.0,0.21036669423766186,-0.01134874657425744,0.16120305859825845,FLAT,True,78,52.0,IGNORE,NONE,,NEUTRAL,C,WAIT,No standout factor,Health Technology,34.1
MASTEK,1731.6,1700.2,1750.0,1700.2,False,True,True,False,False,False,0.8385127532465918,11.678256719999998,0.8498805729177205,False,0.13252279926347632,True,53.15,True,1.1244512614375628,79.0,0.49,0,True,█▄▃▂▃▂▂▃▃▁▂▃▂▅▅▆▂▁▁▄,False,False,False,4,0.10786948176583477,0.11572164948453612,0.09652073519157733,0.06655801384513271,UP,True,63,52.0,IGNORE,NONE,,NEUTRAL,C,WAIT,CMF positive,Technology Services,36.7
NORTHARC,300.1,304.4,310.0,296.0,False,False,True,True,False,True,1.3918506561333122,35.34004609,1.351369310552522,True,-0.13043133707481136,True,62.52,True,1.2157274530393187,93.0,1.4,0,True,▃▁▃▂▄▄▄▃▅▂▃▅▆▄▆▁█▅▃▇,False,False,False,6,0.025632262474367673,0.09665631280833198,0.014283515900110233,0.047492677168928576,FLAT,True,58,52.0,IGNORE,SEED,,NEUTRAL,C,WAIT,Delivery P93,Finance,33.2
CLEANMAX,1442.0,1447.1,1456.3,1419.6,False,True,True,True,True,True,0.6472277684142868,16.0448456,0.7062882177240593,False,0.10169359789956237,True,43.07,True,1.0291148465407451,37.0,-0.33,0,False,▆▆▃▆▄▅▁▅▇▆▅▆▅▅▇▇▆█▆▆,False,False,False,0,0.11437403400309121,0.06263817243920422,0.10302528742883377,0.013474536799800818,UP,True,50,52.0,IGNORE,NONE,,NEUTRAL,C,WAIT,CMF positive,Utilities,31.3
ALICON,678.45,649.0,684.75,642.0,False,True,True,False,True,False,3.478231979035587,2.8410772200000003,3.674239104604638,True,-0.0059738654170313574,True,62.88,True,1.0014413237882132,78.0,0.74,0,True,▃▅█▆▆▆▅▆▅▅▅▄▅▃▄▅▄▇▁▅,False,False,False,0,0.07298750593072922,0.05120855283545089,0.061638759356471784,0.002044917196047491,UP,True,46,52.0,IGNORE,NONE,,NEUTRAL,C,WAIT,No standout factor,Producer Manufacturing,29.4
ARFIN,91.17,90.81,92.5,90.47,True,True,True,True,False,True,0.795909130805882,16.071301728,0.820724942849837,False,0.024135590048749087,True,15.5,True,1.5700177260065842,22.0,-0.84,3,False,▇▂▇▇▄▃▃▄▃▄▁▃▂▄▂▁▄▇█▇,False,False,False,0,0.09487210279812675,0.032385913260106536,0.0835233562238693,-0.016777722379296867,UP,False,42,52.0,IGNORE,NONE,DEL16% ▇▂▇▇▄▃▃▄▃▄▁▃▂▄▂▁▄▇█▇ P22 Z-0.8 3D,NEUTRAL,C,WAIT,"3D high delivery, CMF positive",Non-Energy Minerals,35.2
CAMS,785.05,763.0,790.0,762.0,False,True,True,True,False,True,1.2708597054163857,113.044452325,1.2843212953730057,True,0.002496568566264487,True,44.43,False,0.9421818837275879,45.0,-0.09,0,True,█▇▅▁▃▅▄▅▅▄▃▆▆▂▆▇▇▆▂▄,False,True,False,0,-0.004564762568947001,0.015917178906502683,-0.01591350914320444,-0.03324645673290072,UP,False,36,52.0,IGNORE,NONE,,NEUTRAL,C,WAIT,CMF positive,Technology Services,36.7
SRF,2636.5,2694.0,2694.3,2631.7,True,False,False,False,False,False,1.714461057233448,289.5356843,1.6367531177532915,False,-0.2192564198178502,False,70.9,True,1.5976024696365398,96.0,1.58,1,False,▅▆▄▆▃▅▆▃▅▅▇▃▃▄▆▃▁▃▃█,False,True,False,8,-0.01058280481855367,-0.0012879275730142137,-0.02193155139281111,-0.050451563212417616,UP,False,31,52.0,IGNORE,DISTRIBUTION,DEL71% ▅▆▄▆▃▅▆▃▅▅▇▃▃▄▆▃▁▃▃█ P96 Z+1.6,NEUTRAL,C,WAIT,Delivery P96,Process Industries,38.1
KANSAINER,203.88,196.68,206.6,194.8,False,True,False,False,False,False,3.428809582229665,12.949111992,3.4350311855208555,True,0.0011427362508310093,True,42.34,False,0.7493142199805328,11.0,-1.17,0,True,█▃▆▁▄█▅▇▅▅▆▅▅▄▆▆▅▇▇▁,False,True,False,0,-0.004978038067349977,-0.0635678853573397,-0.016326784641607417,-0.1127315209967431,UP,False,16,52.0,IGNORE,NONE,,NEUTRAL,C,WAIT,CMF positive,Process Industries,38.1
FILATEX,74.64,74.88,75.88,73.55,False,True,True,True,True,True,0.49304437586614525,26.652495984,0.5381962857920046,False,0.21320667443761931,False,35.35,False,0.9455664036378225,12.0,-1.11,0,False,▆▇█▆▃▅▄▅▄▄▆▂▂▃▃▄▃▄▁▄,False,False,False,11,0.4428764739996134,0.8142926592124453,0.43152772742535594,0.7651290235730419,FLAT,True,99,51.0,IGNORE,NONE,,NEUTRAL,C,WAIT,"CMF positive, RS leader",Process Industries,38.1
MMFL,559.5,559.9,565.0,556.2,False,True,True,True,True,True,0.47785827509990847,4.79015925,0.5247585954776184,False,0.06633281332294881,False,57.96,True,1.07420861442657,70.0,0.52,0,True,▇▆▁▄▅█▇▇▆▆▄██▆▆▆▅▆█▇,False,False,False,15,0.22630136986301363,0.2710131758291685,0.2149526232887562,0.2218495401897651,FLAT,True,84,51.0,IGNORE,NONE,,NEUTRAL,C,WAIT,CMF positive,Producer Manufacturing,29.4
FLUOROCHEM,4563.5,4653.2,4653.2,4521.4,True,True,True,True,False,True,0.5946733768075539,55.9247798,0.6457003085482754,False,0.41693518376079614,False,55.43,True,1.053191590427604,70.0,0.4,0,True,▅▅▄▄▄▅▇▃▅█▄▃▇▅▄▁▄▇▄▅,False,False,False,17,0.17849856674327924,0.23521450805251054,0.1671498201690218,0.18605087241310714,FLAT,True,81,51.0,IGNORE,NONE,,NEUTRAL,C,WAIT,CMF positive,Process Industries,38.1
TTKHLTCARE,1088.8,1064.0,1167.0,1061.0,False,True,True,True,True,False,5.387692243001461,11.160526639999999,5.86085459377397,True,-0.13378600891182152,False,24.83,False,0.36470726476895504,0.0,-3.53,0,True,█▆▆█▇▆▆█▆▄▆█▅▇▂▅▄▃▄▁,False,False,False,12,0.17428817946505593,0.22467802710758678,0.16293943289079849,0.17551439146818337,FLAT,True,80,51.0,IGNORE,NONE,,NEUTRAL,C,WAIT,No standout factor,Health Technology,34.1
IFBIND,1323.8,1330.0,1368.9,1293.2,False,True,True,True,False,False,2.00857337244394,32.6919029,1.9637586345520976,True,0.1258480755559634,False,35.88,False,0.7359169734696599,16.0,-0.98,0,True,▄▄▇▆▅█▆▇▃▁▄▄█▅▇▅▇▄▇▂,False,False,False,2,0.06440459917986652,0.21795933388536182,0.05305585260560908,0.16879569824595841,FLAT,True,79,51.0,IGNORE,NONE,,NEUTRAL,C,WAIT,CMF positive,Consumer Durables,31.1
SHYAMMETL,1035.1,1026.1,1044.9,1015.65,False,True,True,True,False,True,0.34317122097252106,22.26934842,0.35062400540767985,False,0.09138131525380738,False,59.14,True,1.1583926665164974,79.0,0.67,0,True,▄▇▄█▅▅▅▃▄▃▂▇▅▅▁▅▆▆▄▆,False,False,False,6,0.08723281340265743,0.1674279591721648,0.07588406682839999,0.1182643235327614,FLAT,True,72,51.0,IGNORE,NONE,,NEUTRAL,C,WAIT,CMF positive,Producer Manufacturing,29.4
SANATHAN,488.25,485.4,495.65,476.0,False,True,True,True,False,True,2.33845023700943,4.445174475,2.4667288785677015,True,0.0462244461814974,True,58.05,False,0.9627823664046172,45.0,-0.18,0,False,▅▅▅▁▅▄▄▆▄▆▇▆▇▅█▁▅▃▃▄,False,False,False,3,0.08996539792387548,0.14922913969636342,0.07861665134961804,0.10006550405696002,FLAT,True,68,51.0,IGNORE,NONE,,NEUTRAL,C,WAIT,CMF positive,Process Industries,38.1
SIGNPOST,305.65,309.9,313.95,304.1,True,True,True,True,False,True,0.1210188795379144,4.331091065,0.12138939850549822,False,0.1647085473069825,False,67.4,True,1.7781295343622214,80.0,0.81,1,False,▁▁▂▃▄▃▃▅▆▇▄▆▆▇▇▆▅▅▄█,False,False,False,9,0.23420149404401358,0.13266629609042035,0.22285274746975614,0.08350266045101695,UP,True,66,51.0,IGNORE,NONE,DEL67% ▁▁▂▃▄▃▃▅▆▇▄▆▆▇▇▆▅▅▄█ P80 Z+0.8,NEUTRAL,C,WAIT,CMF positive,Commercial Services,33.3
GLAND,2427.1,2381.3,2430.1,2376.1,False,True,True,True,False,True,0.548767364498995,72.96299477999999,0.5382706066843174,False,0.09645865354924583,False,61.57,True,1.1821969624239166,69.0,0.51,0,True,▁▄█▂▆▂▄▅▄▇▅▇▄▄▆▄▄▄▃▆,False,False,False,6,0.02279814580699524,0.12542891588611704,0.0114493992327378,0.07626528024671364,FLAT,True,65,51.0,IGNORE,NONE,,NEUTRAL,C,WAIT,CMF positive,Health Technology,34.1
BHARATFORG,2199.4,2208.1,2223.2,2186.8,True,True,True,True,False,True,0.5250734509719884,157.79287384,0.5380319122481376,False,0.13425259009259694,False,55.32,True,1.102771880513112,80.0,0.77,0,True,▂▅▅▅▆▇▄▄▅▄▂█▅▂▁▆▅▅▄▆,False,False,False,12,0.04544158189942005,0.10689481630598907,0.03409283532516261,0.05773118066658567,FLAT,True,61,51.0,IGNORE,NONE,,NEUTRAL,C,WAIT,CMF positive,Producer Manufacturing,29.4
GPTINFRA,120.9,118.4,123.93,117.31,False,True,True,True,False,True,2.9361896892014756,4.28514333,2.84138233154015,True,-0.11864819948263898,True,53.37,False,0.9842868208476263,60.0,0.37,0,True,▄▁▅▇▇█▆▄▆▇█▆█▆▁▇▆▁▅▅,False,True,False,2,-0.08933413678818913,0.02963719979560553,-0.10068288336244657,-0.019526435843797874,FLAT,False,41,51.0,IGNORE,NONE,,NEUTRAL,C,WAIT,No standout factor,Industrial Services,19.1
HEROMOTOCO,5173.8,4987.1,5198.3,4980.1,False,True,True,True,True,False,2.1763158982599227,829.39480446,2.3054669111186947,True,-0.0182805683071869,True,58.16,True,1.1017968609398234,74.0,0.7,0,False,▂▃▅▂▄▃▄▅▅▄█▂▂▂▅▂▁▁▁▆,False,False,False,0,0.05648125459446218,0.01796360059026081,0.04513250802020474,-0.031200035049142594,UP,False,37,51.0,IGNORE,NONE,,NEUTRAL,C,WAIT,No standout factor,Consumer Durables,31.1
LATENTVIEW,313.85,299.0,321.1,299.0,False,True,True,False,True,False,4.024971480327348,165.84609209500002,4.323123616151913,True,0.15276361372045372,True,18.83,False,0.4496770110687889,7.0,-1.79,0,False,▆█▄▄▅▁▄▄▄▄▅▄▃▃▆▅▄▅▄▁,False,False,False,0,0.12129331904251539,0.016682863621639177,0.10994457246825795,-0.032480772017764226,UP,False,37,51.0,IGNORE,NONE,,NEUTRAL,C,WAIT,CMF positive,Commercial Services,33.3
DBL,443.65,414.6,444.9,414.6,False,True,True,False,False,False,2.7570194714565264,117.4385915,2.9082643468661002,True,0.47501080857316796,True,14.91,False,0.3138550919883804,2.0,-2.41,0,False,▆▆▆▄█▄▆▄▅▇▆▆▆▅▆▆█▇▁▂,False,True,False,0,-0.04354856095720605,0.010592255125284611,-0.05489730753146349,-0.03857138051411879,FLAT,False,35,51.0,IGNORE,NONE,,NEUTRAL,C,WAIT,CMF positive,Industrial Services,19.1
KRISHANA,167.65,163.75,169.45,160.55,False,False,False,False,False,False,1.9802561985370892,47.442049655,1.8620503879914971,True,0.34220937103603816,True,50.25,True,1.0057643809295063,36.0,-0.41,0,True,▅▅█▆▃▅▃▅▇▁▇▅▆▆▇▅█▇▅▅,False,False,False,0,-0.7542149244978742,-0.7480462879470995,-0.7655636710721316,-0.7972099235865029,UP,False,0,51.0,IGNORE,NONE,,NEUTRAL,C,WAIT,CMF positive,Process Industries,38.1
NGLFINE,3226.5,3210.0,3349.0,3177.5,False,True,True,True,False,True,0.8270519723107351,2.42858655,0.8450447788554027,False,0.004129196344037402,False,53.3,True,1.086181247580037,33.0,-0.43,0,True,▅▅▃▇▂▄▄▁▄▁▅▅▅▂█▃▅▅▃▅,False,False,False,8,0.046409807355516586,0.4341274779980442,0.035061060781259146,0.3849638423586408,FLAT,True,93,50.0,IGNORE,NONE,,NEUTRAL,C,WAIT,"CMF positive, RS leader",Health Technology,34.1
RATEGAIN,905.8,899.0,929.0,895.0,False,False,True,True,False,True,0.4450539187665842,17.17976512,0.4314265321440476,False,0.04482255023371673,False,52.94,True,1.0721916740083643,62.0,0.25,0,True,▇▄▁▃▅▄▄█▇▇█▂▄▆▅▅▆▆▁▆,False,False,False,12,0.0478944932901435,0.40532154216119776,0.03654574671588606,0.35615790652179435,FLAT,True,92,50.0,IGNORE,NONE,,NEUTRAL,C,WAIT,"CMF positive, RS leader",Technology Services,36.7
AETHER,1480.1,1431.9,1493.0,1420.4,False,True,True,True,False,True,0.5917728363799425,33.205599469999996,0.6138639409548202,False,0.24436483438556872,True,45.92,True,1.0823551595719605,41.0,-0.26,0,False,▅▅▆▂▅▆▁▃█▃▃▂▅▇▆▄▄▅▅▅,False,False,False,9,0.10274176724780193,0.32756301013543787,0.09139302067354449,0.27839937449603447,FLAT,True,88,50.0,IGNORE,NONE,,NEUTRAL,C,WAIT,CMF positive,Process Industries,38.1
SAREGAMA,514.85,502.7,518.0,494.2,False,True,True,True,False,True,0.939475764036317,32.176220055,0.9798011245079074,False,0.2544510481253291,True,28.51,False,0.8988728619847087,14.0,-1.02,0,True,▄▅▅▆▅▆▅▁▅▅▆█▅▄▅▅▆▅▅▄,False,False,False,8,0.03197033473642019,0.3122212310437109,0.02062158816216275,0.2630575954043075,FLAT,True,87,50.0,IGNORE,NONE,,NEUTRAL,C,WAIT,CMF positive,Consumer Services,34.2
SHILPAMED,620.6,615.0,626.5,607.1,False,True,True,True,False,True,0.35151114285834306,18.9543652,0.35976365110767844,False,0.212702959106667,True,42.84,False,0.9414660410737635,27.0,-0.57,0,True,▁▃▃▆▅▄▅▄▆▇██▄█▇▇▅▆▂▄,False,False,False,10,0.08193863319386341,0.3032339353212936,0.07058988661960597,0.2540702996818902,FLAT,True,87,50.0,IGNORE,NONE,,NEUTRAL,C,WAIT,CMF positive,Health Technology,34.1
BALAMINES,2284.8,2217.9,2323.4,2174.6,False,True,True,True,False,True,0.9294084074902201,73.93064448000001,0.9429222185059625,False,0.2083910814831238,True,29.74,False,0.9816153414529489,23.0,-0.77,0,True,▅▄▄▅▆▇▁▂▄▆▅▅▄█▅▇▆▇█▅,False,False,False,4,0.20748335271112994,0.2959727736812252,0.1961346061368725,0.2468091380418218,FLAT,True,86,50.0,IGNORE,NONE,,NEUTRAL,C,WAIT,CMF positive,Process Industries,38.1
SHRIPISTON,4241.8,4172.5,4279.0,4172.5,False,True,True,True,False,True,0.6130775421710494,15.83294268,0.6116749676854026,False,0.20417951383922653,True,51.86,False,0.979044742306966,63.0,0.35,0,True,▃▂▃▃▂▃▃▂▂▃▂▁▃▃█▁▅▂▄▃,False,False,False,3,0.05809573698520798,0.2613143027059175,0.04674699041095054,0.2121506670665141,FLAT,True,83,50.0,IGNORE,NONE,,NEUTRAL,C,WAIT,CMF positive,Producer Manufacturing,29.4
SENORES,1412.0,1408.3,1443.7,1378.0,False,True,True,True,False,True,1.5339093172796274,59.520742,1.5537090876042237,True,0.00398913305179414,False,37.39,False,0.9187860916574517,14.0,-1.0,0,False,▆▄▄▃▂▃▂▄▂▃▄█▅▄▆▄▁▄▃▃,False,False,False,11,0.07002121855107624,0.25011066843736174,0.058672471976818796,0.20094703279795834,FLAT,True,82,50.0,IGNORE,NONE,,NEUTRAL,C,WAIT,CMF positive,Health Technology,34.1
PGIL,2016.6,1980.0,2036.7,1946.1,False,True,True,True,False,True,0.8410035868419694,13.96031682,0.8356186944065608,False,0.1394538662012442,True,47.45,True,1.1869918699186992,56.0,0.08,0,False,▁▄▆▃▄▃▄▃▃▃▄▄▂▂▂▆▄█▅▆,False,False,False,3,0.006438089534361424,0.2608478179317242,-0.004910657039896016,0.21168418229232078,FLAT,True,82,50.0,IGNORE,NONE,,NEUTRAL,C,WAIT,CMF positive,Consumer Non-Durables,33.3
EUROPRATIK,314.6,303.35,318.4,303.0,False,True,True,True,True,False,1.1194947126694799,7.0917132,1.161451779100978,True,-0.29069169490838714,True,39.5,True,1.365600691443388,53.0,0.13,0,True,▃█▇▃▅▄▄▄▇▃▃▂▃▁▁▃▂▄▂▅,False,False,False,13,0.12296983758700719,0.2506459948320414,0.11162109101274975,0.20148235919263802,FLAT,True,82,50.0,IGNORE,NONE,,NEUTRAL,C,WAIT,No standout factor,Producer Manufacturing,29.4
SHK,148.26,141.65,149.5,141.65,False,True,True,False,True,False,1.3932077532408074,13.30677978,1.5127333917462613,True,0.16683753576169058,True,51.76,False,0.9059562774578614,35.0,-0.44,0,True,▆▅█▄▅▄▅▄▆▆▇▆▇▆▄▁▄▄▄▄,False,False,False,0,0.12114337568058064,0.22024691358024673,0.1097946291063232,0.17108327794084333,FLAT,True,79,50.0,IGNORE,NONE,,NEUTRAL,C,WAIT,CMF positive,Process Industries,38.1
STYLEBAAZA,370.05,387.65,392.45,342.2,True,False,True,True,False,True,0.6886678498092361,32.826728445,0.65892722827133,False,0.1039892512093578,True,45.45,False,0.9118998414959572,42.0,-0.09,0,True,▆▁▂▇▄▆▆▇▇▄▇█▇▇▄▇▂▇▆▄,False,False,False,13,0.24700926705981474,0.2134776192818495,0.2356605204855573,0.1643139836424461,UP,True,79,50.0,IGNORE,NONE,,NEUTRAL,C,WAIT,CMF positive,Retail Trade,27.1
MANALIPETC,66.97,67.75,68.5,66.0,False,True,True,True,True,True,1.681152181110135,4.458360325,1.7469125373249164,True,0.0021859704775801566,False,40.78,False,0.9768951598414162,29.0,-0.55,0,True,▄▄▅▇▁▇▅▆▃▃▆▇▄█▂▁▃▂▄▄,False,False,False,0,0.054479609510313276,0.2092813289996387,0.043130862936055836,0.1601176933602353,FLAT,True,78,50.0,IGNORE,NONE,,NEUTRAL,C,WAIT,CMF positive,Process Industries,38.1
RAYMOND,595.0,598.0,603.05,585.25,False,False,True,True,False,False,1.4625524511577104,46.502582,1.4235196395971195,True,-0.07327670007848221,True,47.15,True,1.2220883065718027,80.0,0.87,0,True,▄▄▅▆▂█▅▂▃▁▅▆▂▄▇▂▄▂▅▇,False,True,False,5,0.019883441892355247,0.18396179484628394,0.008534695318097807,0.13479815920688054,FLAT,True,75,50.0,IGNORE,NONE,,NEUTRAL,C,WAIT,No standout factor,Process Industries,38.1
PHOENIXLTD,2036.6,2011.4,2053.5,2011.4,False,True,True,True,False,True,0.43828187020418563,81.90573854,0.43157782880824075,False,0.13850237339621396,True,48.89,False,0.8293680076677099,20.0,-0.77,0,True,▃▃█▅▅█▂▁▄▄▅▄▃▅▂▆▅▆▂▂,False,False,False,11,0.06516736401673628,0.1809115157137886,0.053818617442478844,0.1317478800743852,FLAT,True,74,50.0,IGNORE,NONE,,NEUTRAL,C,WAIT,CMF positive,Finance,33.2
LLOYDSENT,81.64,78.69,82.0,78.56,False,True,True,True,False,True,0.9143011461618054,45.851726283999994,0.9530361126621084,False,0.07770364625202171,True,43.35,True,1.0956653607986857,40.0,-0.34,0,False,▆▅▅▆▄▆▅▅█▁▂▂▃▁▄▅▇▂▄▅,False,False,False,9,0.08491694352159462,0.18301695406462826,0.07356819694733718,0.13385331842522485,FLAT,True,74,50.0,IGNORE,NONE,,NEUTRAL,C,WAIT,CMF positive,Distribution Services,36.5
KFINTECH,949.25,872.35,955.3,862.0,False,True,True,False,True,False,10.04596109970753,1007.877863275,10.818293294299407,True,0.27424297032358985,True,18.36,False,0.433530106257379,3.0,-2.33,0,False,▅▆▃▄█▆▇█▆▄▇▅▇▅▅▅▅▆▄▁,False,False,False,1,0.09197055101806062,0.16715849010205353,0.08062180444380318,0.11799485446265012,FLAT,True,72,50.0,IGNORE,NONE,,NEUTRAL,C,WAIT,CMF positive,Technology Services,36.7
PRIVISCL,3623.6,3613.4,3655.0,3585.0,False,True,True,True,False,True,0.7341004425765911,15.083235,0.7272696202689871,False,0.1353957175044286,True,62.9,True,1.1650089829786445,86.0,1.03,0,False,▆▅▅▄▃▄▃▅▄▄▁▅▅▁▆█▁▂▄▇,False,False,False,5,0.0070590850981047115,0.17056467243829943,-0.0042896614761527285,0.12140103679889602,FLAT,True,72,50.0,IGNORE,SEED,,NEUTRAL,C,WAIT,CMF positive,Process Industries,38.1
IKS,1829.0,1761.0,1835.0,1761.0,False,True,True,True,False,True,0.4298528410502267,23.7064006,0.4269642573220906,False,0.3405094790143572,True,51.44,True,1.0567293569029448,37.0,-0.25,0,False,█▁▂▆▄▅▅▆▇▆▅▆▇▆██▆▅▇▆,False,False,False,9,0.07613556130854326,0.14642096026074958,0.06478681473428582,0.09725732462134618,FLAT,True,68,50.0,IGNORE,NONE,,NEUTRAL,C,WAIT,CMF positive,Commercial Services,33.3
BUTTERFLY,766.1,763.1,787.45,748.1,False,True,True,True,False,True,0.5561936776164086,3.93966925,0.5873367204539,False,0.2845040009210563,True,46.59,False,0.9326020377524672,33.0,-0.29,0,True,▇▇▆▁▆▆▇▆█▅▆▆▇█▇▇▆█▇▆,False,False,False,7,0.19061310125106834,0.12052069621178885,0.1792643546768109,0.07135706057238544,UP,True,64,50.0,IGNORE,NONE,,NEUTRAL,C,WAIT,CMF positive,Consumer Durables,31.1
NAVINFLUOR,7711.0,7600.0,7749.0,7578.0,False,True,True,True,False,True,1.2614129103977914,112.2158697,1.270717165218974,True,-0.029040890305247757,True,57.06,True,1.0223149898323913,74.0,0.64,0,True,▃▄▁█▃▄▃▃▃▄▄▆▃▅▂▃▄▆▄▄,False,False,False,12,0.029987310492219255,0.11680787891954525,0.018638563917961815,0.06764424328014185,FLAT,True,63,50.0,IGNORE,NONE,,NEUTRAL,C,WAIT,No standout factor,Process Industries,38.1
3MINDIA,35195.0,35790.0,35830.0,35150.0,True,True,True,True,False,True,0.2470280344950797,4.5014405,0.24857913767165965,False,0.08602175163254916,True,47.07,True,1.171813734642817,40.0,-0.22,0,False,▁▅█▅█▇▆▂▆▇▆▇▆▂▇▅▂▁▃▇,False,False,False,10,0.07597065117701018,0.11007727487777963,0.06462190460275274,0.06091363923837623,UP,True,62,50.0,IGNORE,NONE,,NEUTRAL,C,WAIT,CMF positive,Producer Manufacturing,29.4
RAINBOW,1483.5,1468.2,1487.0,1464.4,False,True,True,True,False,True,0.5332685610931649,6.53021865,0.542721603863457,False,0.22626477561887953,True,56.14,True,1.0615787532973422,37.0,-0.3,0,False,█▇█▅▄█▄▂▁▁▄▃▁▃▄▄▃▃▁▅,False,False,False,11,0.05549626467449298,0.09783171760526899,0.04414751810023554,0.048668081965865584,FLAT,True,58,50.0,IGNORE,NONE,,NEUTRAL,C,WAIT,CMF positive,Health Services,36.8
CAPITALSFB,299.85,293.45,303.0,293.45,False,True,True,True,False,True,0.9193427958761067,2.248425225,0.9381458209901162,False,0.1400886666944918,True,58.57,False,0.9190838975936227,25.0,-0.6,0,True,▆▆▁▄▇▇▇▅▆▆▇▇█▇▆▅▇▅▃▅,False,False,False,10,0.06670224119530421,0.08680681406306645,0.05535349462104677,0.03764317842366305,UP,True,56,50.0,IGNORE,NONE,,NEUTRAL,C,WAIT,CMF positive,Finance,33.2
CHALET,846.5,818.95,847.85,818.95,False,True,True,True,False,False,0.7916955044040236,6.937914,0.8015696693580326,False,0.28863217240947237,True,57.39,True,1.0929138656662414,68.0,0.36,0,False,█▃█▅▄▁▄█▃▅▆▅▇▅▇▄▅▅▅▆,False,False,False,11,0.040565457897971724,0.0717224789516997,0.029216711323714284,0.022558843312296295,UP,True,53,50.0,IGNORE,NONE,,NEUTRAL,C,WAIT,CMF positive,Consumer Services,34.2
GLAXO,2551.2,2524.0,2563.8,2494.1,False,True,True,True,False,False,0.9094104249944936,17.328005519999998,0.9473176870032434,False,0.18969073156846386,True,57.46,True,1.0485592802788373,45.0,-0.13,0,False,▇▃▃▄▄▅▄▄▄▅▁▄█▄▆▅▄▄▄▅,False,False,False,8,0.08358817533129437,0.06753703238764741,0.07223942875703693,0.01837339674824401,UP,True,52,50.0,IGNORE,NONE,,NEUTRAL,C,WAIT,CMF positive,Health Technology,34.1
PLATIND,240.24,227.87,244.0,227.87,False,True,True,True,False,False,1.4961212576966494,4.335154824,1.5111901830860366,True,0.2506929691422185,True,54.56,True,1.1351295121190057,68.0,0.47,0,False,█▆▅█▁▃▇▆▇▇▇▇▆▇▇▆▇▆█▇,False,False,False,0,0.08294266137756945,0.06503524404841077,0.07159391480331201,0.015871608409007365,UP,True,51,50.0,IGNORE,NONE,,NEUTRAL,C,WAIT,CMF positive,Process Industries,38.1
SHANTIGOLD,216.91,213.3,234.9,212.34,False,True,True,True,False,True,7.869901991632652,137.393570448,7.898840282831336,True,-0.49068839153038385,False,25.08,False,0.5631905146860684,5.0,-1.62,0,True,▃▂▄▄█▅▃▂▅▄▄▅▁▅▃▅▃▄▄▁,False,True,False,0,-0.025824126470852415,0.020800978869593756,-0.037172873045109855,-0.028362656769809647,FLAT,False,38,50.0,IGNORE,NONE,,NEUTRAL,C,WAIT,No standout factor,Consumer Durables,31.1
VADILALIND,6761.5,6710.5,6791.0,6700.5,False,True,True,True,False,True,0.37015083128606524,3.50448545,0.38132667974283335,False,0.12606601266265663,False,47.64,False,0.9436840124398312,37.0,-0.31,0,True,▇▇▇▇▄▇▆██▆▂▁▃▇▄▇▅▃▂▅,False,False,False,14,0.06256089511896157,0.6415790623710216,0.05121214854470413,0.5924154267316182,FLAT,True,98,49.0,IGNORE,NONE,,NEUTRAL,C,WAIT,"CMF positive, RS leader",Consumer Non-Durables,33.3
SPECTRUM,2203.1,2298.8,2298.8,2187.7,True,True,True,True,False,True,0.20753883553625319,3.7005470699999994,0.2189954883037276,False,0.16622137663124992,False,49.87,True,1.285955570454223,39.0,-0.24,0,False,▆▅▆▆▁▂▄▄█▄▆▇▇▆▇▄▃▂▄▆,False,False,False,6,0.25640148274878816,0.5689360489958695,0.24505273617453072,0.5197724133564661,FLAT,True,97,49.0,IGNORE,NONE,,NEUTRAL,C,WAIT,"CMF positive, RS leader",Electronic Technology,24.6
INDNIPPON,1198.9,1203.0,1229.2,1191.6,False,True,True,True,False,True,0.23947797185450662,2.6476507600000003,0.2532448413786552,False,0.1629997680966882,False,48.83,True,1.1947200371897289,44.0,-0.01,0,False,▆▆▇▇█▄▆▁▁▃▃▅▄▂▅▅▇▄▆▆,False,False,False,10,0.2425765663056434,0.538234539389274,0.23122781973138595,0.4890709037498706,FLAT,True,96,49.0,IGNORE,NONE,,NEUTRAL,C,WAIT,"CMF positive, RS leader",Producer Manufacturing,29.4
KAPSTON,460.2,467.0,468.55,452.65,True,True,True,True,False,True,0.6484670439501901,1.6974477,0.7195746504690889,False,0.22683514034049873,False,64.09,True,1.1222301018219385,45.0,0.04,0,False,▇▅███▇▆▅▁▃▅▆▅▇▆▆▆▇▅▇,False,False,False,18,0.2774462179042332,0.4549478343344924,0.26609747132997574,0.40578419869508897,FLAT,True,94,49.0,IGNORE,NONE,,NEUTRAL,C,WAIT,"CMF positive, RS leader",Commercial Services,33.3
MOREPENLAB,56.66,54.3,56.9,54.1,False,False,True,True,False,True,0.7319806954636258,52.051808204,0.6924499224875589,False,0.11299272739585092,False,29.12,False,0.9054585594129445,14.0,-1.04,0,True,▃▁█▅▇▃▆▆▄▅▃▅▅▆▇▆█▄▄▄,False,False,False,4,0.0365898280278083,0.37191283292978206,0.025241081453550862,0.32274919729037865,FLAT,True,91,49.0,IGNORE,NONE,,NEUTRAL,C,WAIT,"CMF positive, RS leader",Health Technology,34.1
SANSERA,3273.0,3232.5,3299.7,3217.6,False,True,True,True,False,True,0.43017173031321776,34.9929522,0.4362612407673518,False,-0.18479026467742232,False,54.38,True,1.0355531011368615,75.0,0.34,0,True,▄▁▄▄▂▃▄▄▄▄▃▃▂█▂▄▃▅▆▄,False,False,False,8,0.04245628563238535,0.36802507836990594,0.03110753905812791,0.31886144273050254,FLAT,True,90,49.0,IGNORE,NONE,,NEUTRAL,C,WAIT,RS leader,Producer Manufacturing,29.4
RADICO,4149.5,4120.0,4201.0,4117.7,False,True,True,True,True,True,1.4229836487561098,213.8104566,1.4573473283465943,True,-0.04497955378975773,False,55.23,True,1.0579851732659042,55.0,0.15,0,True,▆▄▆▅▁▆▃▅█▄▃▄▂▄▅▆▃▄▅▅,False,False,False,18,0.07031391059867409,0.1953390562885291,0.05896516402441665,0.1461754206491257,FLAT,True,76,49.0,IGNORE,NONE,,NEUTRAL,C,WAIT,No standout factor,Consumer Non-Durables,33.3
NEPHROPLUS,683.0,675.0,684.45,669.0,False,True,True,True,True,True,0.5593854711805489,7.1924681,0.586544062192633,False,0.028613646561860738,True,54.22,True,1.0158408978070053,60.0,0.25,0,True,▂▃▄▄▂▃▃█▂▃▃▄▅▅▄▄▁▂▂▃,False,False,False,0,0.034848484848484906,0.17697742546958484,0.023499738274227466,0.12781378983018143,FLAT,True,73,49.0,IGNORE,NONE,,NEUTRAL,C,WAIT,CMF positive,Health Services,36.8
KARURVYSYA,339.65,341.0,344.75,335.7,False,True,True,True,False,True,0.3490031547988121,92.60302512499999,0.36176376785017383,False,0.3399087630809466,False,55.79,True,1.1302903219271057,66.0,0.43,0,False,▇█▇█▇▇▇▅▇▆█▇▇▆▄▁▂▅▇▇,False,False,False,6,0.13652333946796036,0.1631849315068492,0.12517459289370292,0.1140212958674458,UP,True,71,49.0,IGNORE,NONE,,NEUTRAL,C,WAIT,CMF positive,Finance,33.2
SAILIFE,1287.0,1244.8,1295.0,1239.3,False,True,True,True,False,True,1.2023424098647322,61.3599129,1.2321940025219307,True,0.09961162379358468,False,46.26,False,0.8799611949667588,18.0,-0.79,0,True,▅▄▁▅▅▅▄▄▆▄▄▃▆▄▅▄▅▅█▃,False,False,False,12,0.03133263883323978,0.15633423180592998,0.01998389225898234,0.10717059616652658,FLAT,True,70,49.0,IGNORE,NONE,,NEUTRAL,C,WAIT,CMF positive,Commercial Services,33.3
GREENLAM,256.3,256.0,264.95,253.25,False,True,True,True,False,True,1.8944881751132363,4.688393380000001,1.9073590174753057,True,-0.03651232682186892,False,46.2,False,0.7821427664491227,37.0,-0.28,0,True,▆▅▆▇▅▆▆▆▆▇▆█▅▅▆▆▇▅▁▄,False,True,False,2,-0.01313002964845389,0.1430227891004774,-0.02447877622271133,0.09385915346107399,FLAT,True,68,49.0,IGNORE,NONE,,NEUTRAL,C,WAIT,No standout factor,Non-Energy Minerals,35.2
IPCALAB,1777.6,1762.7,1800.0,1749.6,False,True,True,True,False,True,0.44475275063834435,21.26667312,0.4395314590914736,False,0.15258582082138805,False,47.56,False,0.8840395178304228,47.0,-0.1,0,True,▂▁▅▃▆▅▂▂▄▃▂▂█▃▃█▂▄▁▂,False,False,False,13,0.07916464303059723,0.07975460122699385,0.06781589645633979,0.030590965587590446,UP,True,54,49.0,IGNORE,NONE,,NEUTRAL,C,WAIT,CMF positive,Health Technology,34.1
SUNPHARMA,1960.0,1952.1,1966.5,1938.2,False,True,True,True,True,True,0.6929232586536875,276.489556,0.7122626817197377,False,-0.09164740408279935,False,83.07,True,1.3964747711627201,100.0,2.63,0,False,▂▃▄▁▂▃▃▃▄▂▄▃▄▆▆▃▅▄▆█,False,False,False,13,0.05212303397927953,0.060663455814708556,0.04077428740502209,0.011499820175305153,UP,True,50,49.0,IGNORE,NONE,,NEUTRAL,C,WAIT,Delivery P100,Health Technology,34.1
DELHIVERY,470.0,466.0,471.3,461.45,False,False,False,True,False,True,0.44333947326863543,127.711972,0.41439135157369766,False,0.15926693330887454,True,58.29,True,1.0975127563028373,85.0,0.88,0,True,▅▁▃▅▅▆▃▅█▅▅▂▂▄▄▇▂▄▂▆,False,False,False,7,0.013914356595836397,0.031267142073505116,0.002565610021578957,-0.017896493565898286,UP,False,42,49.0,IGNORE,SEED,,NEUTRAL,C,WAIT,CMF positive,Transportation,40.9
GRSE,2647.5,2579.3,2659.0,2570.0,False,True,False,True,False,True,1.265192655037816,126.93147525,1.2562235607037489,True,-0.09089117138319784,True,34.97,True,1.0632411067193674,86.0,1.13,0,True,▁▃▇▅▃▅▅▄▁▃▆▂▆█▆▄▅▄▆▅,False,True,False,0,-0.011315258794532879,0.02548708215516915,-0.02266400536879032,-0.023676553484234253,UP,False,39,49.0,IGNORE,SEED,,NEUTRAL,C,WAIT,No standout factor,Producer Manufacturing,29.4
INGERRAND,4378.9,4374.0,4442.0,4323.1,False,False,True,True,False,True,2.430115827164929,13.923150439999997,2.371356127820569,True,-0.13054089522463808,True,49.6,False,0.958417066007111,27.0,-0.62,0,False,▃▃▃▃▁▃█▆▄▄▄█▂▂▄▅▃▂▃▃,False,True,False,1,-0.01998567655879324,0.003552275748269773,-0.03133442313305068,-0.04561135989113363,UP,False,33,49.0,IGNORE,NONE,,NEUTRAL,C,WAIT,No standout factor,Producer Manufacturing,29.4
AXISBANK,1258.2,1245.0,1267.7,1244.5,False,False,False,False,False,True,2.0553468351302415,1866.56788368,1.950832295919744,True,-0.2503202252232639,True,68.21,True,1.135395166122911,71.0,0.62,0,False,▁▃▂▄▃▆▂▃▄▄▁▃▄▅▅▇█▆▇▆,False,True,False,4,-0.0738996025320181,-0.007963415595679146,-0.08524834910627554,-0.05712705123508255,FLAT,False,29,49.0,IGNORE,NONE,,NEUTRAL,C,WAIT,No standout factor,Finance,33.2
JSWSTEEL,1266.0,1259.0,1271.4,1252.0,False,True,True,True,True,True,1.2082520145370905,244.9440342,1.2365012714392425,True,-0.04072020427678635,True,57.26,True,1.0412518298282463,79.0,0.8,0,True,▅▅▆▄▆▇▅▆▅▅▃▅▇▂▁▇█▇▅▆,False,False,False,0,-0.012788521522146046,-0.009234622006573767,-0.024137268096403486,-0.05839825764597717,UP,False,28,49.0,IGNORE,NONE,,NEUTRAL,C,WAIT,No standout factor,Non-Energy Minerals,35.2
RPSGVENT,898.7,893.95,909.95,893.95,False,True,True,True,False,False,0.35853462888162024,0.90579973,0.361276884118188,False,0.08613906980871086,True,80.96,True,1.2859877214858115,99.0,1.76,0,True,█▆▅▆▅▅▃▂▅▆▄▅▆▆▂▁▅▆▆█,False,False,False,0,0.042575406032482555,-0.02198280552834908,0.031226659458225114,-0.07114644116775248,UP,False,26,49.0,IGNORE,SEED,,NEUTRAL,C,WAIT,"Delivery P99, CMF positive",Finance,33.2
MANYAVAR,410.3,412.9,419.9,397.2,False,True,True,False,False,False,3.3029287274532475,28.1449388,3.3413196601886486,True,-0.0677922442597803,True,57.26,True,1.1036263937475304,73.0,0.47,0,True,▃▃▅▅▆▆▃▃▃█▅▅▃▄▄▁▄▄▁▅,False,False,False,0,-0.004005340453938522,-0.04891052387575323,-0.015354087028195962,-0.09807415951515663,UP,False,19,49.0,IGNORE,NONE,,NEUTRAL,C,WAIT,No standout factor,Retail Trade,27.1
TENNIND,545.5,545.0,545.5,535.1,False,False,False,False,False,False,1.5917013828617717,48.020365,1.4958132310667378,True,-0.11393482218694281,True,75.73,True,1.3708027875825866,99.0,2.68,0,True,▁▁▄▅▄▅▂▃▅▆▄▄▂▄▆▅▅▃▃█,False,True,False,0,-0.061747506019951826,-0.09834710743801656,-0.07309625259420927,-0.14751074307741996,UP,False,9,49.0,IGNORE,SEED,,NEUTRAL,C,WAIT,Delivery P99,Producer Manufacturing,29.4
JLHL,327.0,321.1,330.0,312.9,False,False,False,False,False,False,3.6122862682883836,4.8247542,0.8952641826542154,True,0.40819204607913434,True,40.76,False,0.6407646416135447,8.0,-1.31,0,True,▆▆▄▃▅▆▂█▄▇▆▇▁▄▅▆▇▅▂▂,False,True,False,18,-0.7639500469212445,-0.7556053811659192,-0.7752987934955019,-0.8047690168053226,UP,False,0,49.0,IGNORE,NONE,,NEUTRAL,C,WAIT,CMF positive,Health Services,36.8
DPABHUSHAN,1412.35,1347.85,1445.0,1316.25,False,True,True,True,False,False,0.46812569340460697,13.634968135,0.5085725875853014,False,0.23976329993754952,True,24.92,False,0.6829923396324669,13.0,-1.29,0,False,▇▇▇▆▇█▁▂▃▄▅▁▃▅▁▂▄▃▄▃,False,False,False,7,0.48480866274179957,0.5599182681687651,0.4734599161675421,0.5107546325293617,FLAT,True,96,48.0,IGNORE,NONE,,NEUTRAL,C,WAIT,"CMF positive, RS leader",Retail Trade,27.1
QUESS,295.75,298.35,300.0,293.0,False,True,True,True,False,True,0.26757505250031044,3.6646974,0.2764521656300042,False,0.2320532795015659,True,42.96,False,0.9809114987670107,17.0,-0.85,0,False,▁▃▄▄▇▅▆▃▅▆▅▃▆▄█▇▆▇▅▅,False,False,False,13,0.19282891022021453,0.48030431953551234,0.1814801636459571,0.43114068389610893,FLAT,True,95,48.0,IGNORE,NONE,,NEUTRAL,C,WAIT,"CMF positive, RS leader",Commercial Services,33.3
SANGHVIMOV,450.0,460.45,465.0,446.7,True,True,True,True,False,True,0.9274105595027027,15.88986,0.9410127052055652,False,0.02217493172259139,False,45.03,False,0.9009693974529557,48.0,0.05,0,True,▇▄▇▃▆▄▆▄▄▄▃▃▁▃▄█▆▇▅▃,False,False,False,7,0.06647707074297915,0.46222583265637684,0.05512832416872171,0.41306219701697344,FLAT,True,94,48.0,IGNORE,NONE,,NEUTRAL,C,WAIT,"CMF positive, RS leader",Finance,33.2
J&KBANK,177.51,174.0,178.05,172.0,False,True,True,True,False,True,0.5449647831498027,60.514738838999996,0.5449260958888653,False,-0.04501485151462323,True,45.86,True,1.0665364310797925,52.0,0.04,0,False,▆▆▄▇▆▆▄▆▃▃▃▁▅▃▅▅█▅▄▅,False,False,False,7,0.11193936356802814,0.39190778640319923,0.1005906169937707,0.34274415076379583,FLAT,True,91,48.0,IGNORE,NONE,,NEUTRAL,C,WAIT,RS leader,Finance,33.2
EBGNG,587.3,588.0,595.0,572.0,False,True,True,True,False,True,0.5251252356607667,20.128415439999998,0.49871663549622275,False,-0.031047143489367886,True,45.21,False,0.884554054450651,33.0,-0.38,0,True,▁▃▄▇▆▆▅▃▅▆▆▇▆█▄█▇█▆▄,False,False,False,3,0.03207099551884718,0.38579518640868327,0.02072224894458974,0.33663155076927986,FLAT,True,91,48.0,IGNORE,NONE,,NEUTRAL,C,WAIT,RS leader,Technology Services,36.7
UNIVCABLES,1256.2,1238.0,1268.9,1210.1,False,True,True,True,True,True,1.199818557264542,15.88263908,1.2729782905323648,True,0.03100843925710225,False,53.18,True,1.1494650383659353,73.0,0.52,0,True,▁▂▂▄▃▄▁▃█▃▄▃▄▅▃█▄▅█▅,False,False,False,0,0.026642693690748676,0.28735396597663465,0.015293947116491236,0.23819033033723125,FLAT,True,85,48.0,IGNORE,NONE,,NEUTRAL,C,WAIT,CMF positive,Electronic Technology,24.6
VAIBHAVGBL,264.99,255.0,267.22,252.8,False,True,True,True,True,True,1.0872729513988741,17.903651865,1.1500118226908906,True,-0.17730438069617707,True,45.18,True,1.1548194156889808,45.0,-0.0,0,False,█▅▄█▇█▁▅▅▇▇▅▇▅▅▄▅▆▃▇,False,False,False,5,0.15303280828474475,0.258800057004418,0.1416840617104873,0.2096364213650146,FLAT,True,82,48.0,IGNORE,NONE,,NEUTRAL,C,WAIT,No standout factor,Consumer Durables,31.1
ACE,1061.8,1050.0,1075.3,1042.6,False,True,True,True,True,True,1.0235900713375155,75.98145238,1.067763394069229,True,-0.08363967672531815,True,39.09,False,0.8457743736206673,19.0,-0.66,0,True,▆▇▆█▅▆▅▆▅██▅▆▆▇▁▅▄▂▅,False,False,False,8,0.07780541034360255,0.2054950045413262,0.06645666376934511,0.15633136890192278,FLAT,True,78,48.0,IGNORE,NONE,,NEUTRAL,C,WAIT,No standout factor,Producer Manufacturing,29.4
FUSION,220.7,218.0,228.5,218.0,False,True,True,True,False,True,0.4291965578988532,12.23490176,0.4313861709280791,False,0.13892603302602585,True,44.74,False,0.9411319246505465,14.0,-0.94,0,False,▇▁▄▆▅▆█▇█▆▆▃▅▅▄▆▆▇▅▅,False,False,False,6,0.18822009260256256,0.20377440820333792,0.17687134602830512,0.15461077256393452,UP,True,78,48.0,IGNORE,NONE,,NEUTRAL,C,WAIT,CMF positive,Finance,33.2
TAJGVK,360.1,359.9,365.0,357.1,False,True,True,True,False,False,0.3070313065726906,1.64896992,0.30868940733990635,False,0.3059907869380812,True,54.02,True,1.0439756882373972,73.0,0.63,0,True,▅▃▆▇█▁▃▇▆▄▇▄▅█▆▇▅▃▆▆,False,False,False,7,0.10240318383591007,0.19555112881806114,0.09105443726165263,0.14638749317865773,FLAT,True,76,48.0,IGNORE,NONE,,NEUTRAL,C,WAIT,CMF positive,Consumer Services,34.2
MAHLIFE,380.25,380.0,384.05,373.3,False,True,True,True,True,True,1.155832074783954,18.46623285,1.1711633481498736,True,-0.18167518791493467,True,57.43,True,1.0942382440362777,72.0,0.45,0,False,▅▄▄▄▃▄▅▅█▄▅▅▅▅▄▅▅▁▃▅,False,False,False,15,0.0359624029423784,0.1756067398361416,0.024613656368120962,0.1264431041967382,FLAT,True,73,48.0,IGNORE,NONE,,NEUTRAL,C,WAIT,No standout factor,Finance,33.2
M&MFIN,363.0,361.0,369.0,356.6,False,True,True,True,False,True,0.4767302844592579,127.7101518,0.491351553949537,False,0.2926543443973243,True,41.58,False,0.8944532283566197,19.0,-0.77,0,False,▅▆█▇▇▇▇▇█▆▆▄█▆▆▃▁▄▅▅,False,False,False,5,0.1509194673430565,0.1442080378250592,0.13957072076879906,0.0950444021856558,UP,True,68,48.0,IGNORE,NONE,,NEUTRAL,C,WAIT,CMF positive,Finance,33.2
RBLBANK,362.85,352.9,364.1,352.9,False,False,True,True,False,True,0.9394446698367361,229.26753448500003,0.9305408140540831,False,-0.042843588449184414,True,55.2,True,1.1434134620363947,92.0,1.48,0,True,▁▁▁▂▃▄▄▃▄▄▄▁█▁▂▄▂▃▂▄,False,False,False,4,-0.002611324903793233,0.11440417690417681,-0.013960071478050673,0.06524054126477341,FLAT,True,62,48.0,IGNORE,SEED,,NEUTRAL,C,WAIT,Delivery P92,Finance,33.2
SPLPETRO,760.9,749.95,774.9,746.05,False,True,True,True,True,True,3.469223308556031,40.37624542,3.6709127631755383,True,-0.18314490918384643,True,47.13,False,0.9777501166951922,43.0,-0.05,0,False,▇▅█▇▄▅▆▆▆▆▄▅█▇▁▄▄▄▅▅,False,False,False,0,0.04083168045961294,0.09901061601791006,0.0294829338853555,0.049846980378506656,FLAT,True,59,48.0,IGNORE,NONE,,NEUTRAL,C,WAIT,No standout factor,Process Industries,38.1
EMIL,125.67,130.95,132.52,125.18,True,False,True,True,False,False,1.3298221065576241,27.253525086,1.255341827434351,False,0.029011139484978316,False,66.76,True,1.3625880191856314,98.0,1.92,0,True,█▄▁▂▄▃▂▅▃▅▄▁▅▇▃▃▃▅▄▇,False,False,False,3,0.08047459375806043,0.07007833787465945,0.06912584718380299,0.020914702235256044,UP,True,52,48.0,IGNORE,SEED,,NEUTRAL,C,WAIT,"Delivery P98, CMF positive",Retail Trade,27.1
USHAMART,502.1,495.7,505.0,494.8,False,True,True,True,False,True,0.7305577004826441,15.51478958,0.7322017897980193,False,0.17443715131778728,True,49.22,False,0.9073730977334107,58.0,0.21,0,True,▃▃▅▁▅▁▂▁██▇▄▅▄▇▃▂▅▂▂,False,False,False,2,0.0366470527511098,0.07000532765050616,0.02529830617685236,0.020841692011102753,UP,True,52,48.0,IGNORE,NONE,,NEUTRAL,C,WAIT,CMF positive,Producer Manufacturing,29.4
SHRIRAMFIN,1063.9,1036.0,1067.4,1031.0,False,True,True,True,False,True,1.4352150909084735,811.4788732200001,1.4751541282212233,True,-0.11209369215444942,True,53.09,False,0.9064367423595697,36.0,-0.27,0,True,▆▆▇▅▇█▅▅▆▄▄▅▅▄▄▅▄▃▁▄,False,False,False,9,0.07156166591126567,0.0557181840734311,0.06021291933700823,0.006554548434027696,UP,True,48,48.0,IGNORE,NONE,,NEUTRAL,C,WAIT,No standout factor,Finance,33.2
AARTIIND,486.1,480.0,489.7,480.0,False,True,True,True,False,True,0.4236722878055691,17.36645721,0.42160377136807237,False,0.09594899159814753,True,42.73,True,1.005612887283339,46.0,-0.11,0,False,▅▄▃▇▅█▅█▄▅▄▁▄▄▄▆▄▇▅▅,False,False,False,0,0.06321084864391957,0.05398959236773648,0.05186210206966213,0.004825956728333081,UP,True,48,48.0,IGNORE,NONE,,NEUTRAL,C,WAIT,CMF positive,Process Industries,38.1
RSL,132.3,134.99,137.05,132.2,True,True,True,True,False,True,2.684646757005657,6.8842701900000005,2.7078512257335543,False,-0.13537689791197982,False,50.37,True,1.0791991172721136,66.0,0.27,0,True,▅▄▃▂█▆▃▅▅▃▇▄▄▅▃▁▅▅▅▅,False,False,False,0,0.027253668763102867,-0.026490066225165476,0.015904922188845427,-0.07565370186456888,UP,False,24,48.0,IGNORE,DISTRIBUTION,,NEUTRAL,C,WAIT,No standout factor,Non-Energy Minerals,35.2
KALYANKJIL,564.6,575.1,585.55,562.45,True,True,True,True,False,True,0.3871821349638668,938.6489115,0.4369714973421311,False,0.4477023462732408,False,16.99,False,0.7793577981651375,6.0,-1.56,0,False,▇▄▇▇█▄▂▁▂▁▂▁▁▁▂▃▂▂▃▂,False,False,False,10,0.4942437475188566,0.6313204276220745,0.48289500094459914,0.5821567919826711,FLAT,True,98,47.0,IGNORE,NONE,,NEUTRAL,C,WAIT,"CMF positive, RS leader",Retail Trade,27.1
MPSLTD,2687.1,2762.5,2768.9,2616.0,True,True,True,True,False,True,0.9014051654996589,37.176297209999994,0.9647189095263243,False,0.5206892000350594,False,32.56,False,0.7297176154190946,3.0,-1.93,0,False,▇▇▇▆▃▅▆▅▆▆█▆▇▅▆▅▂▁▂▄,False,False,False,17,0.4264253105425204,0.48812095032397407,0.415076563968263,0.43895731468457067,FLAT,True,95,47.0,IGNORE,NONE,,NEUTRAL,C,WAIT,"CMF positive, RS leader",Consumer Services,34.2
SPORTKING,215.56,215.4,218.48,214.1,False,True,True,True,True,True,0.7021347270204913,8.133294359999999,0.7772610425419968,False,-0.16880862877426656,False,50.06,True,1.0845474733250284,34.0,-0.35,0,False,▇██▅▆▇▅▆▅▅▁▆▅█▇▅▆▅▄▆,False,False,False,11,0.2334630350194553,0.48857123126855884,0.22211428844519787,0.43940759562915543,FLAT,True,95,47.0,IGNORE,NONE,,NEUTRAL,C,WAIT,RS leader,Process Industries,38.1
FERMENTA,439.6,436.7,448.0,436.7,False,True,True,True,False,True,0.24234681407148273,5.3394255600000005,0.25975751245659573,False,0.2980255658428267,False,47.38,True,1.2352856826270027,27.0,-0.56,0,False,██▂▆▁▄▅▁▅▄▄▅▆▅▅▇▇▆▅▆,False,False,False,2,0.23830985915492975,0.5093562231759658,0.2269611125806723,0.46019258753656245,FLAT,True,95,47.0,IGNORE,NONE,,NEUTRAL,C,WAIT,"CMF positive, RS leader",Health Technology,34.1
HIRECT,1332.3,1333.3,1359.0,1316.1,False,True,True,True,True,True,0.496459911565607,21.578730179999997,0.5261303436512269,False,-0.284379204664181,False,32.5,False,0.9435194727903501,18.0,-0.96,0,True,█▇▅▆▆█▆▇██▆▃▁▃▄▄▄▇▄▅,False,False,False,5,0.1790265486725664,0.46382464428940273,0.16767780209830896,0.41466100864999933,FLAT,True,94,47.0,IGNORE,NONE,,NEUTRAL,C,WAIT,RS leader,Producer Manufacturing,29.4
NELCO,933.75,948.7,974.35,926.1,False,True,True,True,False,True,1.29648913211996,29.203684875,1.3312644003006975,True,-0.09076030870419867,False,26.63,False,0.7980341329657321,14.0,-1.1,0,True,▃▃█▃█▅▂▇▂▅▇▆▁▁▅▇▃▄▂▂,False,False,False,7,0.05004217036828784,0.4195044086348436,0.0386934237940304,0.3703407729954402,FLAT,True,93,47.0,IGNORE,NONE,,NEUTRAL,C,WAIT,RS leader,Electronic Technology,24.6
SSWL,293.95,291.8,304.08,289.21,False,True,True,True,True,True,0.8254533254533845,51.482726344999996,0.9189526486824672,False,-0.06763207278499773,False,45.08,True,1.0853366397419075,23.0,-0.62,0,False,█▅▆▇▇█▇▇▇▆▆▁▃▅▇▆▅▅▆▆,False,False,False,14,0.2807720796479456,0.4017644253695756,0.26942333307368815,0.35260078973017217,FLAT,True,92,47.0,IGNORE,NONE,,NEUTRAL,C,WAIT,RS leader,Producer Manufacturing,29.4
JUSTDIAL,718.7,741.0,741.0,712.25,True,True,True,True,False,False,0.0688297464617458,25.461959860000004,0.0644076206151244,False,0.34915383631148217,False,30.08,False,0.9670470985372126,9.0,-1.32,0,False,█▄▄▆▇▄▅▆▄▂▁▁▁▂▂▁▃▂▂▃,False,False,False,5,0.36738964992389644,0.3870500820225804,0.356040903349639,0.337886446383177,UP,True,91,47.0,IGNORE,NONE,,NEUTRAL,C,WAIT,"CMF positive, RS leader",Technology Services,36.7
GABRIEL,1437.8,1370.1,1449.0,1369.0,False,True,True,True,False,True,0.7765131705770421,95.2154294,0.8111719418839795,False,0.2732962202312123,False,29.41,False,0.7718248500833235,11.0,-1.13,0,False,▇█▇▇▆▆▇▅▆█▇▃▅▆▁▃▄▄▄▄,False,False,False,8,0.1275094102885821,0.3520782396088018,0.11616066371432465,0.3029146039693984,FLAT,True,90,47.0,IGNORE,NONE,,NEUTRAL,C,WAIT,"CMF positive, RS leader",Producer Manufacturing,29.4
SUVEN,311.65,319.0,319.85,310.05,True,False,True,True,False,True,0.26531853438488817,15.915716179999999,0.254753162107887,False,0.1307852533367567,False,46.76,True,1.4304506102970418,48.0,0.05,0,True,▅▇▅▁▆▄▄▆▄▅▇▄▅▆▅▆▆▄▆█,False,False,False,7,0.12509025270758123,0.23391535019994447,0.11374150613332379,0.18475171456054107,FLAT,True,81,47.0,IGNORE,NONE,,NEUTRAL,C,WAIT,CMF positive,Health Technology,34.1
HAPPYFORGE,1650.7,1650.0,1661.0,1626.1,False,True,True,True,True,True,1.1225126879865606,11.51511813,1.185307501145212,True,0.2734287511875102,False,45.45,False,0.9074845008835245,12.0,-0.9,0,False,█▃▇▅▁▄▆▁▄▇▄▃▅▅▄▃▄▆▃▂,False,False,False,14,0.08030104712041886,0.20199519405810817,0.06895230054616142,0.15283155841870477,FLAT,True,77,47.0,IGNORE,NONE,,NEUTRAL,C,WAIT,CMF positive,Producer Manufacturing,29.4
KICL,5445.5,5300.0,5475.0,5300.0,False,True,True,True,False,True,0.7234253026816627,0.9159331,0.7148227959092417,False,0.018175901509242115,True,70.21,True,1.0601576420137107,83.0,0.9,0,True,▁▃▅▃▄▅▅▆▅▁▅▅▆▅▇█▇▆▅▆,False,False,False,7,0.03369400151860291,0.15640263325546822,0.022345254944345472,0.10723899761606481,FLAT,True,70,47.0,IGNORE,NONE,,NEUTRAL,C,WAIT,CMF positive,Finance,33.2
TORNTPHARM,5048.0,4978.4,5050.0,4948.0,False,True,True,True,True,True,0.31800758114348804,144.557052,0.3314626632945002,False,0.27130417701107346,False,50.65,False,0.9094908467332848,23.0,-0.65,0,False,▅▂▄▁▇▅▅▄▅▇█▇█▃▂▁▃▄▃▃,False,False,False,19,0.132600403859098,0.1523009495982468,0.12125165728484055,0.1031373139588434,UP,True,69,47.0,IGNORE,NONE,,NEUTRAL,C,WAIT,CMF positive,Health Technology,34.1
RAYMONDREL,665.9,661.1,673.8,656.3,False,False,True,True,False,True,0.3101876880235444,18.307055979999998,0.3018729891626611,False,0.008562341783631725,True,43.02,True,1.1190302778066799,32.0,-0.42,0,True,▇█▇▁▂█▄▆▆▄█▂█▅▅▆▇█▅▇,False,False,False,6,0.06723295135828189,0.15397279265228314,0.05588420478402445,0.10480915701287974,FLAT,True,69,47.0,IGNORE,NONE,,NEUTRAL,C,WAIT,CMF positive,Finance,33.2
SUNDRMFAST,958.3,941.35,964.0,933.5,False,True,True,True,False,True,0.2927273747065242,4.07612905,0.2976523194928577,False,0.15339418992225737,False,65.73,True,1.0319896377124467,80.0,0.58,0,True,▅▂▃▂▂▂▃▆▁▄▄▁▃▂▂▂▁█▆▄,False,False,False,14,0.03176141257536602,0.15083463432208477,0.02041266600110858,0.10167099868268137,FLAT,True,69,47.0,IGNORE,NONE,,NEUTRAL,C,WAIT,CMF positive,Producer Manufacturing,29.4
FDC,417.1,417.0,419.8,411.6,False,True,True,True,False,True,0.3854025856549005,2.5305874100000003,0.37854124505924325,False,0.11966628201157789,False,56.81,True,1.0377108620799882,60.0,0.16,0,True,▄▆▅▇▅▇▄▄▅▄▅▅▇▆▅█▁█▇▆,False,False,False,8,-0.008557166627050083,0.15252832274108874,-0.019905913201307524,0.10336468710168534,FLAT,True,69,47.0,IGNORE,NONE,,NEUTRAL,C,WAIT,CMF positive,Health Technology,34.1
ZYDUSWELL,559.35,568.65,573.85,549.5,True,False,True,True,False,True,0.13160366144243793,10.26429624,0.1278300549811691,False,0.20061557023201113,False,37.5,True,1.0298519759426579,31.0,-0.29,0,True,▁▃▅▄▄▃█▇▄▄▆▅▅▄▁▅▆▆▄▄,False,False,False,8,-0.017736412327684636,0.12851810753555948,-0.029085158901942076,0.07935447189615608,FLAT,True,66,47.0,IGNORE,NONE,,NEUTRAL,C,WAIT,CMF positive,Consumer Non-Durables,33.3
UNOMINDA,1162.4,1139.9,1168.0,1135.0,False,True,True,True,False,True,1.1038618347344207,107.3923924,1.1322972735189396,True,0.035201040863435326,True,50.12,True,1.0475493782004388,45.0,-0.13,0,False,▃▂▄▂▂▃▁▂▃▃▆▄▅█▃▃▆▄▄▄,False,False,False,2,0.06515165399065337,0.08859336954485864,0.05380290741639593,0.03942973390545523,UP,True,57,47.0,IGNORE,NONE,,NEUTRAL,C,WAIT,CMF positive,Producer Manufacturing,29.4
ALKYLAMINE,1821.5,1801.0,1852.0,1801.0,False,False,True,True,False,False,0.3606053962349863,9.1526732,0.3519422495096304,False,0.03323506937309503,True,40.16,True,1.1252609310861739,35.0,-0.2,0,True,▅▅▃▇▇█▁▂▅▇▇▅▄▇▆▆▆▅▇▇,False,False,False,5,0.08597150181839863,0.06458211572180006,0.07462275524414119,0.015418480082396657,UP,True,50,47.0,IGNORE,NONE,,NEUTRAL,C,WAIT,CMF positive,Process Industries,38.1
KSB,877.4,874.95,889.0,859.15,False,False,False,True,False,True,1.5866631866240362,12.3744109,1.5066570406662356,True,-0.1313606100575679,True,36.09,False,0.6461720260688965,11.0,-1.12,0,True,▅▆▅▄▆▄▄▅▅▃▃█▃▄▂▃▄▆▄▁,False,True,False,0,-0.07222163476789689,0.044275172577957544,-0.08357038134215433,-0.004888463061445858,FLAT,False,45,47.0,IGNORE,NONE,,NEUTRAL,C,WAIT,No standout factor,Producer Manufacturing,29.4
ROSSARI,519.95,491.8,528.4,491.8,False,True,True,False,False,False,3.0026920066756033,11.97902406,2.9917204884313002,True,-0.1235315856768261,True,43.6,False,0.8851174404677318,18.0,-0.71,0,True,▅▄▆▆▂▆▆▅▅▃▅▄▁▆▄▄█▇█▃,False,True,False,0,-0.005831739961759008,0.03906874500399704,-0.017180486536016448,-0.010094890635406362,FLAT,False,44,47.0,IGNORE,NONE,,NEUTRAL,C,WAIT,No standout factor,Process Industries,38.1
IEX,126.77,125.21,129.49,124.5,False,True,True,False,True,False,2.2972421184103036,178.559741087,2.382919303691128,True,0.03133308698384603,False,40.31,False,0.9357118815213733,46.0,0.01,0,True,▅▄▇▅▄▇███▆▇▃▅▃▇▄▃▂▁▄,False,False,False,0,0.015703869882220944,0.02647773279352217,0.004355123307963504,-0.022685902845881234,UP,False,40,47.0,IGNORE,NONE,,NEUTRAL,C,WAIT,CMF positive,Finance,33.2
ALKEM,5613.0,5693.5,5699.5,5597.0,True,True,True,True,False,True,0.707627392781457,62.9279043,0.7111814250898449,False,-0.035626973176885145,True,57.19,True,1.0155917033669555,52.0,0.14,0,True,▄▅▆▇▄▅▃▃▅▆▆█▄▄▄▄▁▂▄▅,False,False,False,8,0.03627803932428697,0.02651792245793705,0.02492929275002953,-0.022645713181466354,UP,False,40,47.0,IGNORE,NONE,,NEUTRAL,C,WAIT,No standout factor,Health Technology,34.1
ABBOTINDIA,27800.0,28015.0,28155.0,27750.0,True,True,True,True,False,False,0.45612178922000823,18.33688,0.4664385223349417,False,0.45268498376425165,True,52.14,False,0.8599915881145007,31.0,-0.5,0,True,▂█▃▆▂▃▁▆▆▁█▂▂▃▃▄▂▅▁▂,False,False,False,7,0.0990314291361929,-0.004476275738585445,0.08768268256193545,-0.05363991137798885,UP,False,30,47.0,IGNORE,NONE,,NEUTRAL,C,WAIT,CMF positive,Health Technology,34.1
PFIZER,4692.6,4623.6,4713.0,4602.1,False,True,True,False,False,False,1.256158823569947,17.10828108,1.2916194984234661,True,0.07688799728944107,True,58.66,True,1.099016393442623,74.0,0.53,0,True,▄▃▁▇▆▅▄▅█▇▇▄▇▂▆▇▂▇▄▆,False,False,False,0,0.06531362800517626,-0.03430535262280576,0.05396488143091882,-0.08346898826220917,UP,False,23,47.0,IGNORE,NONE,,NEUTRAL,C,WAIT,CMF positive,Health Technology,34.1
CRIZAC,194.98,185.9,195.99,185.15,False,True,False,False,False,False,2.0376478021527156,11.934803791999999,2.0449179290079207,True,-0.4157766858663702,True,45.95,False,0.8492588622333936,35.0,-0.3,0,True,▃▅▇▅▂▄▆▅▆▃█▆█▄▃▄▃▁▆▂,False,True,False,0,-0.013907854144540543,-0.037088251271667816,-0.025256600718797984,-0.08625188691107122,UP,False,22,47.0,IGNORE,NONE,,NEUTRAL,C,WAIT,No standout factor,Technology Services,36.7
MUKANDLTD,140.57,139.5,142.64,139.5,False,True,True,True,False,True,0.3470540136615908,1.044406986,0.3506031489550546,False,0.12449490225965301,True,64.64,True,1.1777674528774584,87.0,1.13,0,True,▄▇▅█▃▄▄▃▆▄▄▁▃▂▃▃▃▄▁▅,False,False,False,0,0.07215315384028664,-0.056260490097348126,0.0608044072660292,-0.10542412573675153,UP,False,17,47.0,IGNORE,SEED,,NEUTRAL,C,WAIT,CMF positive,Non-Energy Minerals,35.2
DYCL,414.9,406.0,420.0,401.4,False,True,True,True,False,True,0.2882148857268762,28.195815689999996,0.28277115019869087,False,0.14297883877816103,True,26.41,False,0.7717257904272106,7.0,-1.57,0,False,▆▇█▇█▆▆▇▇▆▁▄▅▆▁▂▄▄▃▄,False,False,False,1,0.12256493506493493,0.44715730728985004,0.11121618849067749,0.39799367165044663,FLAT,True,94,46.0,IGNORE,NONE,,NEUTRAL,C,WAIT,"CMF positive, RS leader",Producer Manufacturing,29.4
KDDL,3119.0,3182.2,3219.9,3070.0,True,False,True,True,False,True,0.6803482440535797,3.602445,0.6599816276446824,False,-0.04741183037476298,True,54.44,True,1.1252700007234469,52.0,-0.0,0,True,▂▄▄▁▃▅█▅█▇▇▄▃▅▅▄▇▄▁▆,False,False,False,4,-0.004722700874337904,0.41979242534595773,-0.016071447448595344,0.37062878970655433,FLAT,True,93,46.0,IGNORE,NONE,,NEUTRAL,C,WAIT,RS leader,Consumer Durables,31.1
HLEGLAS,418.95,424.4,426.55,415.15,False,True,True,True,False,False,0.26875409287249663,4.71193065,0.2739504847329991,False,-0.14673792736228322,True,54.51,True,1.4507951294164612,85.0,0.97,0,True,▆▆▄▆▆▄▁▄▂▆█▂▅▆▄▅▅▅▄█,False,False,False,8,0.11630695443645078,0.3758620689655172,0.10495820786219334,0.3266984333261138,FLAT,True,91,46.0,IGNORE,SEED,,NEUTRAL,C,WAIT,RS leader,Producer Manufacturing,29.4
KSHINTL,886.0,892.8,899.7,881.05,True,True,True,True,False,True,0.22235795272238912,6.4009956,0.22931364247594302,False,-0.02677457064036274,True,45.47,True,1.023764761508066,63.0,0.29,0,True,▇▆▆▂█▅▄▅██▆▇▁▆▅▆▆▆▅▆,False,False,False,3,0.04100575725531663,0.33233082706766925,0.029657010681059193,0.28316719142826585,FLAT,True,89,46.0,IGNORE,NONE,,NEUTRAL,C,WAIT,No standout factor,Producer Manufacturing,29.4
UNIPARTS,704.8,710.0,711.7,690.0,False,True,True,True,False,True,0.8570519310539559,7.744201439999999,0.8911671992246425,False,-0.12695906186498887,True,53.63,True,1.0007277341344631,55.0,0.22,0,True,▄▂▅▁▅▇▃▄█▃▂▁▂▂▄▄▄▁▃▃,False,False,False,7,0.0617655920457969,0.32307114698704686,0.05041684547153946,0.27390751134764346,FLAT,True,88,46.0,IGNORE,NONE,,NEUTRAL,C,WAIT,No standout factor,Producer Manufacturing,29.4
CGCL,244.27,242.0,246.01,238.04,False,True,True,True,False,True,0.4139835273240775,50.131800797000004,0.418810724445552,False,-0.0023168248126388246,True,45.43,True,1.3414832203865292,51.0,0.11,0,True,▁▃▅▆▇█▆▄▄▇▇▅▄▃▄▁▄▂▇█,False,False,False,12,0.1276428769273381,0.31116478797638214,0.11629413035308067,0.26200115233697874,FLAT,True,87,46.0,IGNORE,NONE,,NEUTRAL,C,WAIT,No standout factor,Finance,33.2
NAUKRI,1194.3,1171.45,1203.0,1171.45,False,True,True,True,False,False,0.7792804935704282,279.75462345,0.8040190208432005,False,0.09477985957460645,True,54.96,True,1.0614341721547347,39.0,-0.25,0,False,▆▇▃▅▆▁▃▅▅▅▄▅▅▇█▆▆▅▅▆,False,False,False,10,0.2102756384272395,0.28981046492791185,0.19892689185298207,0.24064682928850845,FLAT,True,86,46.0,IGNORE,NONE,,NEUTRAL,C,WAIT,CMF positive,Technology Services,36.7
UNIMECH,1203.2,1241.0,1250.0,1195.0,True,False,True,True,False,True,0.43265268216802294,8.07178752,0.4261299895775753,False,0.09643543162816942,True,54.0,True,1.2228260869565217,73.0,0.59,0,False,▁▃▄▆▄▅▅▆▇█▅▆▃▆▅▅█▆▄▇,False,False,False,6,0.10243723657687376,0.29515608180839625,0.09108849000261632,0.24599244616899285,FLAT,True,86,46.0,IGNORE,NONE,,NEUTRAL,C,WAIT,CMF positive,Producer Manufacturing,29.4
PGEL,579.7,580.0,586.8,577.0,False,True,True,True,False,False,0.3559163065066029,44.63655218,0.351605249152269,False,0.10637448030070473,True,26.97,False,0.84870035873875,41.0,-0.3,0,True,▆▅▄▃▅▂▃▂▄▁▅▇▃▆█▄▄▃▂▃,False,False,False,12,0.08052190121155656,0.2640645442651548,0.06917315463729912,0.2149009086257514,FLAT,True,83,46.0,IGNORE,NONE,,NEUTRAL,C,WAIT,CMF positive,Electronic Technology,24.6
REFEX,331.55,319.9,334.2,317.7,False,True,True,True,False,False,1.0905424250430362,25.769491665,1.0640003290402313,True,-0.18225233695457602,True,48.18,True,1.0500163452108533,78.0,0.74,0,True,▅▁▄▅█▆▅▄▆▅▄▆▆▅▃▇▄▄▅▅,False,False,False,3,-0.06815626756604831,0.23505308251070978,-0.07950501414030575,0.18588944687130637,FLAT,True,81,46.0,IGNORE,NONE,,NEUTRAL,C,WAIT,No standout factor,Energy Minerals,35.2
SAMHI,178.54,177.8,183.69,177.38,False,True,True,True,True,False,1.4774699486926208,18.52236449,1.5286752242399135,True,0.03775244037507716,False,50.72,False,0.9907120743034057,32.0,-0.41,0,False,█▆▅▅▇▆▅▅▅▁▃▅▄▅▄▄▄▆▃▅,False,True,False,0,0.011902063024257448,0.24244954766875448,0.0005533164500000076,0.19328591202935108,FLAT,True,81,46.0,IGNORE,NONE,,NEUTRAL,C,WAIT,CMF positive,Consumer Services,34.2
JAMNAAUTO,135.06,133.73,136.26,132.67,False,True,True,True,False,True,0.8539294072732472,21.919954374,0.8559460997290331,False,0.012341964083285972,False,50.05,True,1.096613753135921,88.0,0.99,0,True,▇▄▄▅▅█▇▆▆▆█▆▆▆▅▁▅▅▆▇,False,False,False,5,0.01655878368207131,0.2231479804383263,0.00521003710781387,0.17398434479892289,FLAT,True,80,46.0,IGNORE,SEED,,NEUTRAL,C,WAIT,CMF positive,Producer Manufacturing,29.4
ADFFOODS,314.4,308.0,319.6,308.0,False,True,True,True,False,True,0.1999347005590602,6.16855944,0.1989178565001559,False,-0.5552165796768139,True,42.86,True,1.0020105671669706,30.0,-0.38,0,True,▆▇▁▃▆▇█▅▅▆█▇▇▇▆██▇█▆,False,False,False,6,0.030650712997869034,0.19045815978795888,0.019301966423611594,0.14129452414855548,FLAT,True,76,46.0,IGNORE,NONE,,NEUTRAL,C,WAIT,No standout factor,Consumer Non-Durables,33.3
OMAXE,89.95,87.52,91.8,87.52,False,True,True,True,False,True,0.1029733134334053,3.83562991,0.10551716112309627,False,0.06832297228958582,True,39.22,True,1.4507388707022506,25.0,-0.51,0,False,▁▇▇█▁▁▂▃▂▃▂▃▅▄▄▄▆▆▅▆,False,False,False,6,0.06752907666745789,0.19678020223523163,0.05618033009320045,0.14761656659582822,FLAT,True,76,46.0,IGNORE,NONE,,NEUTRAL,C,WAIT,CMF positive,Finance,33.2
THELEELA,475.6,478.95,489.5,470.85,False,False,True,True,False,True,0.7268413281148739,10.814811080000002,0.7034871113958369,False,0.061824836922150704,True,51.21,True,1.0306311383030107,26.0,-0.64,0,False,▇▅▄▄▁▃▂▃▃▅▄▅▆▄▅▄█▃▃▅,False,False,False,4,-0.008030034414433174,0.1505987661787831,-0.019378780988690614,0.10143513053937969,FLAT,True,68,46.0,IGNORE,NONE,,NEUTRAL,C,WAIT,CMF positive,Consumer Services,34.2
PNCINFRA,241.85,238.83,244.98,237.0,False,True,True,True,False,False,0.8493982323080592,9.81224146,0.8527384242996279,False,0.18646565565501078,True,39.72,False,0.7728077514251803,19.0,-0.84,0,True,█▇▇▇▆▇▇█▆▆▆▆▆▁▄▆▆▆▇▄,False,False,False,12,0.06838361973759777,0.14160962945480282,0.05703487316334033,0.09244599381539942,FLAT,True,68,46.0,IGNORE,NONE,,NEUTRAL,C,WAIT,CMF positive,Industrial Services,19.1
COFORGE,1528.4,1495.5,1538.2,1489.4,False,True,True,True,False,False,1.2738349959933075,570.04413836,1.3128040347880294,True,-0.005183952233275278,True,57.72,True,1.224931559177437,87.0,1.14,0,True,██▅▆▅▄▆▁▅▄▃▇▆▆▄▅▆▄▇█,False,False,False,7,0.024808904385141384,0.1337437875528522,0.013460157810883944,0.08458015191344881,FLAT,True,67,46.0,IGNORE,SEED,,NEUTRAL,C,WAIT,No standout factor,Technology Services,36.7
BELRISE,232.66,229.51,233.72,227.21,False,True,True,True,False,True,0.6287896760053806,75.945947436,0.6311854424021027,False,-0.13534353660132709,True,55.12,True,1.1959858963927312,94.0,1.62,0,True,▄▄▅█▆▁▄▃▃▁▃▃▄▇▅▅▅▇▅▆,False,False,False,0,-0.032437827497296845,0.12755646021130174,-0.043786574071554285,0.07839282457189833,FLAT,True,65,46.0,IGNORE,SEED,,NEUTRAL,C,WAIT,Delivery P94,Producer Manufacturing,29.4
LMW,16140.0,15799.0,16249.0,15670.0,False,True,True,True,False,True,1.2035482463678067,7.346928,1.2197427453499639,True,-0.27034215234094294,True,55.2,True,1.0385896253927638,50.0,-0.0,0,False,▇▆▆▆▇▆▆▄█▅▆▅▇▆▇▆▆▆▁▆,False,True,False,0,0.010455143053903493,0.10110519852640198,-0.0008936035203539472,0.05194156288699858,FLAT,True,59,46.0,IGNORE,NONE,,NEUTRAL,C,WAIT,No standout factor,Producer Manufacturing,29.4
IMPAL,1132.4,1076.1,1154.2,1072.2,False,True,True,True,False,True,0.8371573855884907,0.611496,0.817021321898147,False,0.16376654345334823,True,65.22,False,0.9551145932488834,41.0,-0.25,0,True,▅▆▅▅▄▄▄▇▇█▅▅▁▇▃▅█▁▄▄,False,False,False,3,0.031705539358600765,0.07652818709002762,0.020356792784343325,0.02736455145062422,FLAT,True,54,46.0,IGNORE,NONE,,NEUTRAL,C,WAIT,CMF positive,Distribution Services,36.5
BOSCHLTD,40880.0,41000.0,41325.0,40720.0,True,True,True,True,False,True,0.2196343081124269,35.230384,0.2196723384127973,False,-0.14519409757798565,True,47.76,True,1.0171874001661236,65.0,0.37,0,True,▃▅▄▅▇▇█▇▃▅▄▄█▁▇▅▂▂▄▅,False,False,False,14,0.014392059553349767,0.07170009175514491,0.0030433129790923275,0.02253645611574151,FLAT,True,53,46.0,IGNORE,NONE,,NEUTRAL,C,WAIT,No standout factor,Producer Manufacturing,29.4
UBL,1428.7,1418.0,1457.0,1410.1,False,True,True,False,False,False,2.3780177929080515,47.83373322,2.474856824997995,True,-0.03569503259858599,True,50.14,True,1.015545090890678,33.0,-0.53,0,False,▁▅▅▇▃▆▁▆▇▇▂▆▅█▆▂▃▄▆▅,False,False,False,0,0.08005745388569707,0.05478036175710588,0.06870870731143963,0.005616726117702475,UP,True,48,46.0,IGNORE,NONE,,NEUTRAL,C,WAIT,No standout factor,Consumer Non-Durables,33.3
ADANIPORTS,1853.0,1840.0,1857.4,1833.0,False,True,True,True,False,True,0.7640916857574742,253.757232,0.7755629243079333,False,-0.13828415796185514,True,63.74,True,1.3056793158191222,95.0,1.67,0,False,▅▁▅▄▇▅▃▃▃▅▃▄▅▃▄▆▅▇▅█,False,False,False,4,0.014119964973730248,0.05260168143603727,0.002771218399472808,0.0034380457966338707,FLAT,True,47,46.0,IGNORE,SEED,,NEUTRAL,C,WAIT,Delivery P95,Transportation,40.9
PRUDENT,2870.0,2920.9,3036.0,2833.3,False,False,True,True,False,True,6.629743844814723,38.254517,6.4744875058114335,True,-0.1238070190419373,False,45.27,False,0.7521120442594762,13.0,-0.96,0,True,▅▃▄█▃▄▂▁▃▆▄▃▃▂▃▅▄▆▆▁,False,True,False,1,-0.02876480541455162,0.040948823038700066,-0.04011355198880906,-0.008214812600703336,FLAT,False,45,46.0,IGNORE,NONE,,NEUTRAL,C,WAIT,No standout factor,Finance,33.2
ARTEMISMED,278.5,281.0,281.35,274.4,False,True,True,True,True,True,0.8369064554813945,3.97555965,0.85629834712713,False,0.061584662202353556,False,59.72,True,1.01078999703804,69.0,0.48,0,True,▃▅▅▇▁▃▇█▆▅▄▆▄▃▃▆▅▇▄▅,False,False,False,0,0.06054836252856055,0.022168391690523537,0.04919961595430311,-0.026995243948879866,UP,False,38,46.0,IGNORE,NONE,,NEUTRAL,C,WAIT,CMF positive,Health Services,36.8
ANTHEM,790.55,773.95,796.85,769.05,False,True,True,True,False,True,0.619825351598701,41.73297639,0.6353100343732972,False,0.20475681067948567,False,64.22,True,1.0559026635975006,87.0,1.03,0,True,▄▃▅▃▅▅▄▂▅▅▆██▁▃▃▆▂▆▅,False,False,False,0,0.02006451612903226,0.0021550358116244617,0.008715769554774822,-0.04700859982777894,UP,False,33,46.0,IGNORE,SEED,,NEUTRAL,C,WAIT,CMF positive,Health Technology,34.1
CARERATING,1700.6,1699.9,1741.0,1685.5,False,True,True,True,False,True,4.171404806553272,23.62439508,4.239143658206821,True,-0.03903826060473428,False,65.43,True,1.144011120144772,71.0,0.55,0,False,▄▂▃▆▄▄▃▃█▃▂▁▄▃▃▄▃▃▂▅,False,False,False,0,0.01698361440019136,-0.016141162857969404,0.00563486782593392,-0.0653047984973728,UP,False,27,46.0,IGNORE,NONE,,NEUTRAL,C,WAIT,No standout factor,Commercial Services,33.3
GPPL,148.31,150.12,151.86,147.74,True,False,False,False,False,False,1.6356316893733842,24.289336771000002,1.5954974415579977,False,-0.18014749659173573,False,66.37,True,1.1323523139262104,95.0,1.54,0,True,▅▅▅▇▄▅▆▇▆▁▇██▅▆█▆▅▄▇,False,True,False,0,-0.024276315789473646,-0.029575345154747135,-0.035625062363731086,-0.07873898079415054,UP,False,24,46.0,IGNORE,DISTRIBUTION,,NEUTRAL,C,WAIT,Delivery P95,Transportation,40.9
ROLEXRINGS,137.92,139.73,141.78,135.5,True,False,False,True,False,True,1.32466472701016,30.099605632,1.220610295492146,False,0.091355760957425,False,56.75,True,1.3135053813216064,80.0,0.8,0,False,███▅▅▄▆▂▂▅▄▁▂▃▅▄▄▅▄▇,False,True,False,3,-0.06627851871911195,-0.03599636541553086,-0.07762726529336939,-0.08516000105493426,UP,False,23,46.0,IGNORE,NONE,,NEUTRAL,C,WAIT,CMF positive,Producer Manufacturing,29.4
ONESOURCE,1688.9,1695.7,1727.6,1636.0,False,True,True,True,False,False,2.3531060052990345,121.12149018,2.415295505161877,True,0.14591919221620692,False,46.52,False,0.9511930807450878,37.0,-0.4,0,False,▄▄▅▅▃█▁▃▃▇▄▅▅▅▅▄▄▅▅▄,False,False,False,0,0.056420841934071486,-0.06757577430574713,0.045072095359814046,-0.11673940994515053,UP,False,15,46.0,IGNORE,NONE,,NEUTRAL,C,WAIT,CMF positive,Health Technology,34.1
JAYBARMARU,169.42,165.0,169.42,161.0,False,False,True,True,False,True,0.4432670152193176,7.291226888,0.4196805958397937,False,-0.14143225660270567,False,59.17,True,1.262347193480255,81.0,0.85,0,True,▃▄▄▁▇▂▃▆▄█▂▃▄▅▂▅▄▅▂▆,False,False,False,9,-0.01143657369588058,0.9785122036669391,-0.02278532027013802,0.9293485680275357,FLAT,True,100,45.0,IGNORE,NONE,,NEUTRAL,C,WAIT,RS leader,Distribution Services,36.5
CEMPRO,1369.0,1382.0,1440.5,1369.0,True,False,True,True,False,False,0.8429150690819115,76.465495,0.7626157616069689,False,0.22520824067558834,False,56.71,False,0.9708621516126824,84.0,0.89,0,True,▄▂▄▂▄▁▃▄▄▅▃▄▂█▇▅▄▁▂▃,False,False,False,14,0.09275223499361429,0.5573630623969059,0.08140348841935685,0.5081994267575025,FLAT,True,96,45.0,IGNORE,NONE,,NEUTRAL,C,WAIT,"CMF positive, RS leader",Industrial Services,19.1
ARROWGREEN,573.05,584.0,587.95,565.1,True,True,True,True,False,False,0.22762832254471824,2.1538657299999997,0.2235035663049628,False,0.27892936623983877,False,51.27,True,1.1591417783907214,36.0,-0.09,0,False,▇▆▇█▆█▇▇██▃▅▆▇▆▅▅▁▃▇,False,False,False,3,0.054078911064103785,0.4797934151065202,0.042730164489846345,0.4306297794671168,FLAT,True,95,45.0,IGNORE,NONE,,NEUTRAL,C,WAIT,"CMF positive, RS leader",Process Industries,38.1
CPPLUS,3557.8,3539.1,3685.0,3495.0,False,False,True,True,False,True,0.660123379712869,47.90648856,0.6500104076821227,False,-0.1189453535414404,False,51.62,True,1.0043974004747633,76.0,0.59,0,True,▅▄▆▆▂▅▄▇▄▁▅█▁▅▅▄▃▅▄▅,False,False,False,4,-0.04205708131394714,0.44684831232208233,-0.05340582788820458,0.39768467668267893,FLAT,True,94,45.0,IGNORE,NONE,,NEUTRAL,C,WAIT,RS leader,Consumer Durables,31.1
ATHERENERG,1214.9,1214.9,1233.9,1196.5,False,True,True,True,False,True,0.35600989099061103,232.13616707000003,0.3572916715721147,False,0.11414270103094329,False,32.22,True,1.0916113294484346,64.0,0.31,0,False,▂▄▄▅▅▅▃▃▃▅▄▁▃▅▅▄▅▅█▅,False,False,False,12,0.12101499423298745,0.33454165980117545,0.10966624765873001,0.28537802416177205,FLAT,True,89,45.0,IGNORE,NONE,,NEUTRAL,C,WAIT,CMF positive,Consumer Durables,31.1
LLOYDSENGG,91.33,89.05,92.0,89.05,False,True,True,True,True,True,0.7278178810149054,84.007279329,0.7544445376813556,False,-0.0071222551270262915,False,47.33,True,1.3710693645804668,86.0,1.01,0,True,▂▂▆▄▂▄▅▃▅▁▆▁▃▃▂▄█▂▃█,False,False,False,6,0.048444495465503445,0.32689234345488893,0.037095748891246005,0.27772870781548553,FLAT,True,88,45.0,IGNORE,NONE,,NEUTRAL,C,WAIT,No standout factor,Industrial Services,19.1
AKUMS,675.6,687.4,703.0,673.7,True,True,True,True,False,True,0.5090995470009828,12.06135168,0.5145894936540271,False,0.06305495455107425,False,48.45,False,0.9372914308928935,30.0,-0.41,0,True,▆▄▄▂▇▁▄▇▇▄▄▆▅▅▆▅▇█▂▄,False,False,False,11,0.08156567677899629,0.2998556998556998,0.07021693020473885,0.2506920642162964,FLAT,True,87,45.0,IGNORE,NONE,,NEUTRAL,C,WAIT,CMF positive,Health Technology,34.1
LODHA,1187.0,1188.6,1195.0,1180.0,True,True,True,True,False,False,0.24133148699344098,106.6328393,0.26591166783739223,False,0.23082823781031042,False,22.94,False,0.5083205920804804,1.0,-2.39,0,True,▄▄▆▇▇▆▅▄▃▂▄▄▆▅█▆█▇▅▁,False,False,False,9,0.2809582906167378,0.2748362152292987,0.2696095440424804,0.22567257958989528,UP,True,85,45.0,IGNORE,NONE,,NEUTRAL,C,WAIT,CMF positive,Finance,33.2
ZEEL,108.86,106.0,109.5,105.8,False,True,True,True,True,False,0.6280304736678994,166.270227562,0.6533425456833528,False,0.03161653109905152,True,35.46,True,1.2308867174618603,31.0,-0.47,0,True,█▁▃▃▆▂▄▃█▄▄▃▃▂▂▃▃▃▃▆,False,False,False,0,0.014349608647036938,0.2872176894879983,0.0030008620727794977,0.2380540538485949,FLAT,True,85,45.0,IGNORE,NONE,,NEUTRAL,C,WAIT,CMF positive,Consumer Services,34.2
WANBURY,329.25,335.0,343.0,327.4,True,True,True,True,False,True,0.24212943696446493,6.2009628,0.24086410316825593,False,0.14165650473269722,False,44.71,True,1.0462884957408969,14.0,-0.97,0,False,█▇▆▄▇▇▄▄█▇▁▃▃▇▇▃▆▅▆▆,False,False,False,4,0.16879659211927578,0.2856306130417805,0.15744784554501834,0.2364669774023771,FLAT,True,85,45.0,IGNORE,NONE,,NEUTRAL,C,WAIT,CMF positive,Health Technology,34.1
SONACOMS,720.9,728.8,728.8,714.5,False,True,True,True,False,True,0.9536201995677877,202.06942343999998,1.0027138783311158,False,0.20377532753747712,False,48.58,True,1.0753497432264918,45.0,-0.12,0,False,▆▅▂▄█▆▆▄▅▇▃▃▅▃▄▄▅▅▁▅,False,False,False,17,0.16133709222714465,0.2701964584618095,0.1499883456528872,0.2210328228224061,FLAT,True,84,45.0,IGNORE,NONE,,NEUTRAL,C,WAIT,CMF positive,Producer Manufacturing,29.4
RAJRATAN,504.5,497.0,519.65,495.0,False,True,True,True,False,True,1.5273122092206866,23.15660045,1.556931484152568,True,-0.19137565409479199,False,39.77,False,0.971540246732625,29.0,-0.5,0,False,▅█▇▆▅▅▅▆▆▅▆▅▄▇▇▁▆▅▂▅,False,False,False,9,0.1624423963133641,0.2663152610441768,0.15109364973910666,0.2171516254047734,FLAT,True,83,45.0,IGNORE,NONE,,NEUTRAL,C,WAIT,No standout factor,Producer Manufacturing,29.4
SUDARSCHEM,1056.35,1058.15,1067.95,1049.35,False,True,True,True,False,False,0.38211238003595754,11.477031479999999,0.40677921380571747,False,0.11439294982216669,False,50.38,True,1.0182817758284404,60.0,0.19,0,False,▅▆▄▇█▆▆▇▆▃▃▅▅▁▃▂▁▅▄▅,False,False,False,7,0.20026133393932488,0.23275761465748612,0.18891258736506744,0.18359397901808272,UP,True,80,45.0,IGNORE,NONE,,NEUTRAL,C,WAIT,CMF positive,Process Industries,38.1
HAWKINCOOK,8800.0,8814.5,8942.5,8790.0,False,True,True,True,False,True,1.092866512869227,2.12608,1.0844584723453319,True,0.10084184104572168,False,61.08,True,1.0395711003318866,31.0,-0.55,0,False,█▅▆▅▂▇▂█▃▁▃▂▄▇▅▃▃▆▃▅,False,False,False,4,0.08241082410824108,0.22613905531559153,0.07106207753398364,0.17697541967618813,FLAT,True,80,45.0,IGNORE,NONE,,NEUTRAL,C,WAIT,CMF positive,Producer Manufacturing,29.4
CHOICEIN,800.0,801.0,811.65,798.0,False,True,True,True,False,True,0.3430644306490613,37.51872,0.3403204968075048,False,0.23217986270913205,False,29.9,False,0.9608895459073817,37.0,-0.37,0,True,▆▆▄▅▆▆▃▁▄█▅▃▆▇▇▁█▁▁▄,False,False,False,7,0.07353730542136327,0.2196981247141332,0.062188558847105835,0.1705344890747298,FLAT,True,79,45.0,IGNORE,NONE,,NEUTRAL,C,WAIT,CMF positive,Commercial Services,33.3
SATIN,261.51,271.0,274.14,260.1,True,True,True,True,False,True,1.2522577633719025,22.59080286,1.2643269844812715,False,0.11560750659537927,False,46.53,False,0.9588180141566297,17.0,-0.9,0,True,▅▄▆▃▄▄▅▇▆▆▄▆▅▅▄▅█▄▁▄,False,False,False,9,0.10860994531349366,0.19209554633723847,0.09726119873923622,0.14293191069783506,FLAT,True,76,45.0,IGNORE,NONE,,NEUTRAL,C,WAIT,CMF positive,Finance,33.2
PAUSHAKLTD,567.0,565.25,575.0,562.0,False,True,True,True,False,True,0.39971231829764536,0.6034581,0.41052955716085504,False,0.027953977163884387,True,69.0,True,1.2084803797080381,71.0,0.68,0,False,█▇▅▄▆▁▅▅▂▆▅▃█▄▃▄▄▅▄▇,False,False,False,7,0.16188524590163933,0.19117647058823528,0.1505364993273819,0.14201283494883188,UP,True,76,45.0,IGNORE,NONE,,NEUTRAL,C,WAIT,CMF positive,Process Industries,38.1
EQUITASBNK,79.0,79.61,80.29,78.61,False,True,True,True,False,True,0.6081776298242418,16.8872059,0.6068564961515153,False,0.1824546703077263,False,50.45,True,1.0454333523286536,51.0,-0.06,0,False,▆▃▂▄█▆▄▆▄▃▄▃▃▁▁▂▂▆▁▄,False,False,False,4,0.05898123324396787,0.18369793227449804,0.04763248666971043,0.13453429663509464,FLAT,True,75,45.0,IGNORE,NONE,,NEUTRAL,C,WAIT,CMF positive,Finance,33.2
GANECOS,1212.1,1212.0,1243.0,1195.0,False,True,True,True,False,False,0.4738077464182147,16.001901779999997,0.5277852264363467,False,0.408669528636537,False,51.24,True,1.116960402838178,57.0,0.14,0,False,▆▆█▁▆▆▇▆▆▆▅▆▆██▆▇▅▆▇,False,False,False,10,0.3428239073838142,0.17748202836603832,0.33147516080955675,0.12831839272663492,UP,True,73,45.0,IGNORE,NONE,,NEUTRAL,C,WAIT,CMF positive,Process Industries,38.1
INDIGO,5287.0,5249.0,5325.0,5234.0,False,True,True,True,False,True,0.7351770365399871,486.4267341,0.7356771868326853,False,0.2421729532112615,False,39.87,False,0.7183719065594003,11.0,-1.32,0,True,▆▄▆▅▅▆▅▅▂▁▅▅█▆▇▅▇▅▅▂,False,False,False,9,0.05295652347095259,0.16899197382094777,0.04160777689669515,0.11982833818154437,FLAT,True,72,45.0,IGNORE,NONE,,NEUTRAL,C,WAIT,CMF positive,Transportation,40.9
NEULANDLAB,18994.0,18600.0,19145.0,18471.0,False,True,True,True,False,True,0.7659506349342158,52.7121488,0.7704114334830972,False,0.004902751207768194,True,41.6,True,1.0021922956467273,74.0,0.69,0,False,▄▂▃█▃▄▃▂▂▂▂▂▆▃▁▃▃▂▁▃,False,False,False,9,0.050088456435205764,0.16334905371470576,0.038739709860948324,0.11418541807530236,FLAT,True,71,45.0,IGNORE,NONE,,NEUTRAL,C,WAIT,CMF positive,Health Technology,34.1
ADVAIT,2301.0,2280.0,2336.9,2254.5,False,True,True,True,False,True,0.7425092709197797,7.3599786,0.7721204642939186,False,0.02797415461164609,True,52.75,True,1.1907449209932282,89.0,1.11,0,True,▅▅▇▇▇▇▁▄▁▇▇▆▅█▄█▅▇▆▇,False,False,False,0,0.012407602956705288,0.16036308623298035,0.001058856382447848,0.11119945059357694,FLAT,True,70,45.0,IGNORE,SEED,,NEUTRAL,C,WAIT,CMF positive,Producer Manufacturing,29.4
GOODLUCK,1527.6,1528.8,1547.8,1505.1,False,True,True,True,False,True,0.2904449244094078,11.40720024,0.29134049064053763,False,0.07555702204322158,False,56.2,True,1.1706869974586511,78.0,0.75,0,False,▄██▅▅▁▃▅▇▃▅▆▅▆▅▁▅▆▆▇,False,False,False,9,0.035941950359419605,0.13838587078023679,0.024593203785162165,0.08922223514083338,FLAT,True,67,45.0,IGNORE,NONE,,NEUTRAL,C,WAIT,CMF positive,Non-Energy Minerals,35.2
DLF,672.1,669.0,675.3,665.3,False,True,True,True,False,False,0.5326104721120561,189.82093416,0.545414046630104,False,0.048903525555801665,True,45.77,False,0.9866137828458106,43.0,-0.2,0,True,▄▂▅▆▇█▂▃▄▆▄▇█▄▃▅▃▂▁▄,False,False,False,6,0.07090503505417467,0.10497328401150852,0.05955628847991723,0.055809648372105114,UP,True,61,45.0,IGNORE,NONE,,NEUTRAL,C,WAIT,CMF positive,Finance,33.2
MPHASIS,2332.7,2332.1,2368.5,2316.4,False,True,True,False,False,False,1.1162517958551024,169.36195118,1.1293786123332148,True,0.008343547341287722,True,42.27,True,1.0491697485666063,33.0,-0.44,0,False,▅▄▃▄▄▄▃▂▃▄▄▅▁█▃▄▄▄▁▄,False,False,False,4,0.056572153274752957,0.08573423318594364,0.045223406700495516,0.03657059754654024,UP,True,56,45.0,IGNORE,NONE,,NEUTRAL,C,WAIT,CMF positive,Technology Services,36.7
HEALTHX,313.55,333.7,333.7,304.5,False,False,True,True,False,True,3.1247220353285967,0.859158355,3.0264032277112265,True,-0.122298355755326,False,59.01,False,0.968138863367896,31.0,-0.54,0,False,▇▅█▆▃▃▃▅▁▆▇▇▅▅▃▅▇▇▄▅,False,True,False,3,-0.014768263943440663,0.07196581196581198,-0.026117010517698103,0.022802176326408574,FLAT,True,53,45.0,IGNORE,NONE,,NEUTRAL,C,WAIT,No standout factor,Retail Trade,27.1
GRASIM,3170.0,3150.1,3195.1,3135.6,False,True,True,True,False,True,1.019538323553697,208.783808,1.0308497642882812,True,-0.1369893427625108,False,71.14,True,1.246310035826596,98.0,1.87,0,False,▆▆▇▁▅▆▅▁▅▆▆▅▆▇▄█▆▄▆█,False,False,False,10,-0.0016376921138825384,0.0678434278784612,-0.012986438688139978,0.018679792239057802,FLAT,True,52,45.0,IGNORE,SEED,,NEUTRAL,C,WAIT,Delivery P98,Non-Energy Minerals,35.2
JKCEMENT,5730.0,5699.5,5749.0,5631.0,False,True,True,True,False,False,0.40862323944922824,22.88562,0.4279360231206315,False,0.018598993770341216,True,53.09,False,0.9921973555109096,46.0,-0.22,0,True,▃▄▅▂▃▃▇▃▃█▂▃▂▃▁▁▃▅▂▃,False,False,False,3,0.07716890685214772,0.058464948739263,0.06582016027789028,0.009301313099859598,UP,True,49,45.0,IGNORE,NONE,,NEUTRAL,C,WAIT,CMF positive,Non-Energy Minerals,35.2
ORIENTTECH,279.17,266.47,289.95,266.47,False,True,True,False,False,False,4.259523696116938,215.07820723400002,4.307772550229129,True,0.019960189945798228,True,3.68,False,0.11285920201183795,0.0,-2.5,0,False,▇█▁▄▇▇█▇▆▅▁▂▄▃▆█▆▇▆▁,False,False,False,0,0.1371486761710794,0.05327296736464815,0.12579992959682196,0.004109331725244747,UP,True,47,45.0,IGNORE,NONE,,NEUTRAL,C,WAIT,CMF positive,Technology Services,36.7
AJANTPHARM,3386.1,3371.0,3460.3,3368.1,False,True,True,True,False,True,0.6104833822671136,27.733174830000003,0.6082307198443672,False,0.10185545547481589,False,51.83,True,1.1346446436585338,37.0,-0.32,0,False,▂▃▁▅▄█▇▅▇▇▆▃▇▄▅▁▁▂▃▆,False,False,False,12,0.0005614325394480701,0.05351420304284238,-0.01078731403480937,0.004350567403438976,FLAT,True,47,45.0,IGNORE,NONE,,NEUTRAL,C,WAIT,CMF positive,Health Technology,34.1
ACCELYA,1160.4,1175.0,1180.0,1150.0,False,True,True,False,True,False,2.9986041199610844,2.4678226800000003,3.092167534620874,True,0.06389852333872877,False,58.8,False,0.9394922268202661,42.0,-0.22,0,False,█▅▆▄▆▅▅▁▃▂▅▅▅▃▄▅▄▇▅▄,False,False,False,2,0.05452562704471098,0.05070626584570803,0.04317688047045354,0.0015426302063046293,UP,True,46,45.0,IGNORE,NONE,,NEUTRAL,C,WAIT,CMF positive,Technology Services,36.7
MARICO,856.0,856.0,858.0,845.0,False,True,True,True,False,True,0.5442957310460813,104.2423104,0.5547747157346256,False,0.10898107371519015,True,54.82,False,0.928177169753818,20.0,-0.69,0,False,▇▂▅▁▄▅▅▇▇▇█▇▇█▇▆▅▆▅▅,False,False,False,10,0.05360329866453317,0.029712498496331063,0.04225455209027573,-0.01945113714307234,UP,False,41,45.0,IGNORE,NONE,,NEUTRAL,C,WAIT,CMF positive,Consumer Non-Durables,33.3
360ONE,1132.7,1116.3,1136.9,1103.1,False,True,True,True,False,True,0.6098616740732704,105.18320162,0.6246149999210452,False,0.13567730094234529,True,59.03,True,1.05222816399287,68.0,0.5,0,False,▄▅▄▂▅▆▄▆█▆▅▂▃▂▃▄▄▁▁▄,False,False,False,2,0.03936502110479001,0.02516064802244533,0.02801627453053257,-0.02400298761695807,UP,False,39,45.0,IGNORE,NONE,,NEUTRAL,C,WAIT,CMF positive,Finance,33.2
MHRIL,223.83,218.85,225.31,218.85,False,False,False,False,False,False,1.7071698360157517,6.890046975,1.6974811414867417,True,-0.22047118318411751,True,68.2,True,1.2995303017311195,89.0,1.17,0,True,▆▆▇▅▆▅▆▅▅▇▆▇█▇▅▅▁▄▄█,False,True,False,0,-0.0704734219269103,-0.02313097368306194,-0.08182216850116775,-0.07229460932246534,FLAT,False,25,45.0,IGNORE,SEED,,NEUTRAL,C,WAIT,No standout factor,Consumer Services,34.2
BENGALASM,6274.0,6202.0,6312.0,6175.0,False,False,False,True,False,True,1.3815624215021352,0.172535,1.3794272380814179,True,0.18214973299350684,True,64.75,True,1.015853591571945,43.0,-0.19,0,False,▅▆▅▄▆▂▁█▅▅▄▅▂▅▇▇▅▆█▅,False,True,False,0,-0.003968883949833302,-0.025019425019425,-0.015317630524090742,-0.0741830606588284,UP,False,25,45.0,IGNORE,NONE,,NEUTRAL,C,WAIT,CMF positive,Consumer Durables,31.1
JUBLPHARMA,979.7,975.0,988.75,972.5,False,False,True,False,False,False,0.9339121953615769,11.54791984,0.9167038066837904,False,0.06813669474940898,True,58.85,True,1.2015108207431604,77.0,0.72,0,True,▇▄▆█▅▅▂▇▆▇▅▁▃▃▅▅▄▄▃▇,False,False,False,4,0.02667015981137033,-0.029759841544936827,0.01532141323711289,-0.07892347718434023,UP,False,23,45.0,IGNORE,NONE,,NEUTRAL,C,WAIT,CMF positive,Health Technology,34.1
GMMPFAUDLR,830.75,816.0,837.7,812.05,False,True,True,False,True,False,1.2225955747162873,8.81110065,1.2955240316458172,True,0.11025298918219487,True,55.49,False,0.8678312819630598,33.0,-0.41,0,True,▅▂▂▃▄▄▁▃▄▃▃▅▂▃▅▂█▃▁▁,False,False,False,0,0.047934405550299486,-0.045608593256361685,0.036585658976042046,-0.09477222889576509,UP,False,20,45.0,IGNORE,NONE,,NEUTRAL,C,WAIT,CMF positive,Producer Manufacturing,29.4
MBAPL,163.95,150.0,166.95,147.85,False,False,False,False,False,False,2.9710523033294827,85.814954925,3.226174992485099,True,0.22011745610315225,True,33.73,False,0.6615282027143641,22.0,-0.87,0,True,▇▅▆▅▄▅▇▅▅▃▃▂▃▇▄██▄▃▁,False,False,False,2,-0.7084037349933303,-0.6883672305645314,-0.7197524815675878,-0.7375308662039348,UP,False,0,45.0,IGNORE,NONE,,NEUTRAL,C,WAIT,CMF positive,Process Industries,38.1
IZMO,1104.0,1107.0,1130.0,1090.1,True,True,True,True,False,False,0.6169843626753974,7.789272,0.6469330035262403,False,-0.14225783253004068,True,47.33,False,0.9294059891998037,43.0,0.01,0,True,▄▆▃▇▃▄▅█▄▆▁▄▆▂▃▂▄▃▄▃,False,False,False,3,0.1368551127587272,0.7405013400599088,0.12550636618446975,0.6913377044205054,FLAT,True,98,44.0,IGNORE,NONE,,NEUTRAL,C,WAIT,RS leader,Technology Services,36.7
DIVGIITTS,962.35,958.0,974.95,930.0,False,True,True,True,False,True,0.06909498843838,2.468716455,0.06762421797527662,False,0.02324614167569255,False,38.53,True,1.0058476478880594,12.0,-1.13,0,False,▁▂▅▅▅▆▇▆▇▇█▆▇█▆▇▇▆▆▆,False,False,False,4,0.10190645216694327,0.47951418248904587,0.09055770559268583,0.43035054684964247,FLAT,True,95,44.0,IGNORE,NONE,,NEUTRAL,C,WAIT,"CMF positive, RS leader",Producer Manufacturing,29.4
WABAG,1977.5,2055.0,2069.0,1951.0,True,False,True,True,False,True,0.9167219766851807,162.4029785,0.8583869277174881,False,-0.005356923226219611,True,45.18,True,1.2004304332230682,34.0,-0.27,0,False,█▅▅▄▃▂▄▅▃▄▅▆▇▇▁▅▅▃▅▇,False,False,False,5,-0.010309794304589337,0.4371366279069768,-0.021658540878846777,0.3879729922675734,FLAT,True,93,44.0,IGNORE,NONE,,NEUTRAL,C,WAIT,RS leader,Industrial Services,19.1
IOLCP,151.46,150.9,152.9,149.56,False,False,True,True,False,True,0.1534600620854885,18.387986154000004,0.14471612656124042,False,0.0411308616564058,False,39.82,True,1.2563099444724888,41.0,-0.09,0,False,▅▇█▆▆▃▁▃▅▆▃▅▆▇▃▆▆▆▆▇,False,False,False,9,0.06414670132790001,0.3967170785687939,0.05279795475364257,0.3475534429293905,FLAT,True,92,44.0,IGNORE,NONE,,NEUTRAL,C,WAIT,"CMF positive, RS leader",Process Industries,38.1
INDOSTAR,268.5,261.0,274.95,261.0,False,True,True,True,False,True,0.8188350851435013,2.04852075,0.8383037296259577,False,-0.04743931859544018,True,46.09,False,0.8703616277971864,24.0,-0.71,0,True,▆▁▃█▃▃▆▄▆▅▆▆▇▂▄█▇▂▅▃,False,False,False,12,0.053106369626608085,0.39778228955177264,0.041757623052350645,0.34861865391236924,FLAT,True,92,44.0,IGNORE,NONE,,NEUTRAL,C,WAIT,RS leader,Finance,33.2
NOVARTIND,1631.0,1689.8,1689.8,1616.6,True,True,True,True,False,True,0.3075139912209858,2.8257075,0.30885234666554195,False,0.03994327374780441,False,52.24,True,1.072932284499579,31.0,-0.41,0,False,▇█▆▇▇▇█▇▇▂▃▅▂▅▆▄▇▁▅▆,False,False,False,4,0.13263888888888897,0.34904880066170385,0.12129014231463153,0.29988516502230045,FLAT,True,90,44.0,IGNORE,NONE,,NEUTRAL,C,WAIT,"CMF positive, RS leader",Health Technology,34.1
JGCHEM,507.75,506.45,512.0,501.05,False,True,True,True,True,True,0.535591360912842,8.0116857,0.5662420381852509,False,0.035268989645076215,False,48.82,True,1.1065401919786035,67.0,0.42,0,False,▃▇███▂▇▆▆▆▇▅▇▆▁▂▂▇▃▆,False,False,False,7,0.19823008849557522,0.31729147749383846,0.18688134192131778,0.26812784185443506,FLAT,True,88,44.0,IGNORE,NONE,,NEUTRAL,C,WAIT,CMF positive,Process Industries,38.1
DEEPAKFERT,1634.5,1578.2,1641.9,1557.1,False,True,True,True,False,True,1.2575784562502457,53.31722655,1.296305954603995,True,-0.015660047786919755,True,44.0,True,1.0801522032650055,58.0,0.24,0,False,▆▇▆▅█▆▅▅▆▆▄█▁▂▅▄▅▄▅▆,False,False,False,3,0.058271285205568235,0.2845803206538824,0.046922538631310795,0.235416685014479,FLAT,True,85,44.0,IGNORE,NONE,,NEUTRAL,C,WAIT,No standout factor,Process Industries,38.1
ECLERX,1811.7,1860.0,1896.0,1735.0,True,True,True,True,False,False,0.6815441345427887,78.99175053,0.70928729699511,False,0.3834210236465689,True,36.96,False,0.9317451314048023,27.0,-0.43,0,False,█▆▄▂▇▆▇▆▇▇▇▆▇▂▁▃▆▄▅▅,False,False,False,5,0.34668847097301736,0.2287710255018991,0.3353397243987599,0.1796073898624957,UP,True,80,44.0,IGNORE,NONE,,NEUTRAL,C,WAIT,CMF positive,Commercial Services,33.3
VARROC,665.7,644.0,667.95,642.75,False,True,True,True,False,True,1.0255291025820101,10.55713659,1.0488691618846953,True,-0.015015900826243532,True,47.42,False,0.9898241402703126,46.0,-0.14,0,True,▁▃▂▃▃▃▃▃▃▄▃▃▃▃▅▄▃▄█▃,False,False,False,13,0.07613967022308432,0.21113435822796345,0.06479092364882688,0.16197072258856005,FLAT,True,78,44.0,IGNORE,NONE,,NEUTRAL,C,WAIT,No standout factor,Producer Manufacturing,29.4
LENSKART,572.0,558.0,574.7,558.0,False,True,True,True,True,True,0.753827315096517,231.4124956,0.7997850061640782,False,-0.06470541210898219,True,59.54,False,0.9950614601699659,78.0,0.82,0,True,▄▄▇▃▄▅▅▁█▄▃▂▄▃▄▅▃▄▃▄,False,False,False,9,0.13368348032900612,0.2035770647027879,0.12233473375474868,0.1544134290633845,FLAT,True,77,44.0,IGNORE,NONE,,NEUTRAL,C,WAIT,No standout factor,Health Technology,34.1
SUMICHEM,538.85,522.0,551.9,517.95,False,True,True,True,False,False,0.8284080729493212,101.884303105,0.8901410030888187,False,0.5461152611184694,True,12.56,False,0.2959367600108384,0.0,-3.36,0,False,▅▅▆▁▂▄▃▄▄▃▄▄▅▅▅█▅▆▄▁,False,False,False,10,0.2832817337461302,0.19837651506727472,0.27193298717187275,0.14921287942787131,UP,True,77,44.0,IGNORE,NONE,,NEUTRAL,C,WAIT,CMF positive,Process Industries,38.1
ARIHANT,1081.4,1022.0,1097.0,1022.0,False,True,True,True,True,True,0.959460985433056,0.8269465800000001,1.2469620855738317,False,-0.10773063954989243,True,61.33,False,0.96395957436776,53.0,0.15,0,True,▆▁▄▄▆▇█▅▅▇█▅█▆▆▄▅▄▄▅,False,False,False,3,0.2044998886166185,0.17799564270152524,0.19315114204236106,0.12883200706212183,UP,True,73,44.0,IGNORE,NONE,,NEUTRAL,C,WAIT,No standout factor,Finance,33.2
BECTORFOOD,211.89,208.7,212.9,205.01,False,True,True,False,True,False,0.23557287212249922,68.10881977199999,0.2500137623190716,False,0.16500385726768768,True,25.22,False,0.5778704488692344,4.0,-2.06,0,False,▆▆▆▇▇▇▃▅▇▇▆█▁▁▁▁▂▃▂▃,False,False,False,3,0.17762463180125598,0.16602465331278893,0.16627588522699854,0.11686101767338553,UP,True,71,44.0,IGNORE,NONE,,NEUTRAL,C,WAIT,CMF positive,Consumer Non-Durables,33.3
ABCAPITAL,409.9,401.35,409.9,400.75,False,True,True,True,True,True,0.7503240639944357,137.50529994,0.7782822102070909,False,0.012575340709928341,False,44.37,False,0.9001278071937191,48.0,-0.17,0,True,▄▄▃▅▁▆▄▁▄▂▅▂▄█▇▅▅▅▂▃,False,False,False,12,0.04579665773695618,0.16135429947584634,0.03444791116269874,0.11219066383644294,FLAT,True,71,44.0,IGNORE,NONE,,NEUTRAL,C,WAIT,CMF positive,Finance,33.2
ARMANFIN,1993.4,1930.1,2000.0,1930.1,False,True,True,True,False,True,0.7529717367365955,7.973998679999999,0.7935700624142443,False,-0.10614607479338599,True,56.97,True,1.163080315217835,60.0,0.27,0,False,▅▅▄▄▅▄█▅▁▃▁▅▅▁▃▆▆▅▅▆,False,False,False,5,0.19215357933137978,0.15908826607745086,0.18080483275712234,0.10992463043804745,UP,True,70,44.0,IGNORE,NONE,,NEUTRAL,C,WAIT,No standout factor,Finance,33.2
NETWEB,4362.2,4181.8,4385.0,4129.4,False,True,True,True,False,True,1.0828452223359388,432.9897909,1.0832505763216473,True,-0.2661147787190117,True,22.41,True,1.0254415667612338,72.0,0.43,0,True,▁▂▄▅▄█▂▁▃▅▃▅▇▇▆▃▃▅█▅,False,False,False,0,-0.02078656729819528,0.14610756417330073,-0.03213531387245272,0.09694392853389733,FLAT,True,68,44.0,IGNORE,NONE,,NEUTRAL,C,WAIT,No standout factor,Electronic Technology,24.6
LTF,312.25,305.0,312.85,305.0,False,True,True,True,False,True,0.7603234701924492,184.865020825,0.7552143554481726,False,0.055649573017046546,True,34.25,False,0.8744941338678173,19.0,-0.89,0,False,█▇▅▅▂▄▄▅▅▁▃▃▅▂▇▅▄▄▃▃,False,False,False,6,0.04413977595719776,0.12017937219730945,0.03279102938294032,0.07101573655790605,FLAT,True,64,44.0,IGNORE,NONE,,NEUTRAL,C,WAIT,CMF positive,Finance,33.2
EPL,239.06,232.8,240.07,231.45,False,True,True,True,False,True,0.4344654813837285,5.517170116,0.4388055972755454,False,0.15321738956647013,True,50.21,False,0.942300293706425,37.0,-0.27,0,False,▆▄▁▁▅▃▃▃▄▃▄▆▅▂▆█▃▂▂▃,False,False,False,3,0.05980405195726379,0.12118938185911277,0.04845530538300635,0.07202574621970936,FLAT,True,64,44.0,IGNORE,NONE,,NEUTRAL,C,WAIT,CMF positive,Process Industries,38.1
HNDFDS,578.15,579.9,595.0,576.0,False,True,True,True,True,True,1.0457255559837682,4.6670580600000005,1.0793698365309579,True,0.0256540428490072,False,44.32,False,0.7727312352889897,10.0,-1.15,0,True,█▅▅▆▇▃▁▇▄▃▅▂▄▄▆▅▆▄▄▂,False,False,False,11,0.049369271258734804,0.12294843158201418,0.038020524684477364,0.07378479594261078,FLAT,True,64,44.0,IGNORE,NONE,,NEUTRAL,C,WAIT,CMF positive,Consumer Non-Durables,33.3
BUILDPRO,1219.5,1236.2,1258.0,1205.0,True,True,True,True,False,True,0.23323004590190868,4.22373825,0.23536752950943418,False,0.10574753421850001,True,51.26,False,0.9060058680052318,30.0,-0.52,0,False,▅█▄▇▇▆▅▁▁▄▄▄▄▄▃▃▄▂▄▄,False,False,False,3,0.20206998521439123,0.10361990950226252,0.1907212386401338,0.05445627386285912,UP,True,60,44.0,IGNORE,NONE,,NEUTRAL,C,WAIT,CMF positive,Distribution Services,36.5
SHREECEM,26860.0,26960.0,27040.0,26620.0,False,True,True,True,False,False,0.6325946830496278,33.174786,0.6483388868916985,False,0.13042850309833864,True,38.04,False,0.8112344454751927,10.0,-1.26,0,False,▅▂▄▁▃▄▃▃▃▅▄▅█▅▂▄▃▅▂▂,False,False,False,12,0.06820441439650038,0.09744637385086818,0.05685566782224294,0.04828273821146478,UP,True,58,44.0,IGNORE,NONE,,NEUTRAL,C,WAIT,CMF positive,Non-Energy Minerals,35.2
CRISIL,4486.3,4350.0,4502.9,4347.2,False,True,True,True,False,False,0.6696171190296356,26.88684453,0.7100668118128334,False,0.07767071428611841,True,48.0,False,0.8851842289676539,17.0,-0.92,0,False,▇▆▄▆█▆▆▆▄▅▆▅▃▄▅▇▁▃▁▄,False,False,False,3,0.10058140961165773,0.09756574923547401,0.0892326630374003,0.048402113596070606,UP,True,58,44.0,IGNORE,NONE,,NEUTRAL,C,WAIT,CMF positive,Technology Services,36.7
ZENTEC,1688.2,1613.6,1717.5,1613.6,True,False,False,True,False,False,2.926842950987257,273.04203992000004,2.7206564073786477,False,0.10100405519090398,True,18.68,False,0.5612727791716118,3.0,-1.95,0,True,▆▇▇▇▁▃█▆▆█▆▆▆█▇▃▅▅▇▂,False,False,False,0,-0.031217720647308544,0.08426461143224162,-0.042566467221565985,0.03510097579283822,FLAT,True,55,44.0,IGNORE,NONE,,NEUTRAL,C,WAIT,CMF positive,Technology Services,36.7
ENDURANCE,2732.8,2626.7,2740.1,2616.0,False,True,True,True,False,True,0.45302910730795526,16.644664960000004,0.45977937214658815,False,0.1893569654594468,True,54.29,False,0.9274475972461862,51.0,0.07,0,True,▂▄▂▃▆▃▁▅█▄▂█▅▂▄▅▂▇▁▃,False,False,False,1,0.026133974166416385,0.08156884473819614,0.014785227592158945,0.03240520909879274,FLAT,True,55,44.0,IGNORE,NONE,,NEUTRAL,C,WAIT,CMF positive,Producer Manufacturing,29.4
HCG,676.95,661.6,683.0,661.6,False,True,True,True,False,True,0.571443712149227,10.07382834,0.5938515770134117,False,-0.020766965159587585,True,56.3,False,0.8800794103624269,48.0,-0.14,0,True,▂▅▂▃▁▇█▁▃▂▂▆█▃▃█▁▁▂▂,False,False,False,7,0.13763549281572995,0.070699881376038,0.12628674624147251,0.021536245736634596,UP,True,52,44.0,IGNORE,NONE,,NEUTRAL,C,WAIT,No standout factor,Health Services,36.8
PERSISTENT,5268.2,5249.0,5339.5,5237.0,False,True,True,False,True,False,0.5262144411536732,293.6152247,0.5911803466284257,False,0.20567350802878268,True,35.85,False,0.914715825731964,14.0,-1.01,0,True,▅▅▄▄▇▅▄▁▅▂▄▅▃▅▆▂▄█▂▄,False,False,False,0,0.22559032220542052,0.06555288121194947,0.21424157563116308,0.016389245572546063,UP,True,51,44.0,IGNORE,NONE,,NEUTRAL,C,WAIT,CMF positive,Technology Services,36.7
EICHERMOT,7700.0,7590.0,7710.0,7565.0,False,True,True,True,True,True,0.618109219805397,346.76873,0.6468266582930889,False,-0.04345076901907749,True,50.41,False,0.9009025109462961,30.0,-0.48,0,True,▂▁█▂▂▄▄▇▅▇▅▆▅▁▄▃▄▁▇▃,False,False,False,7,0.007919366450684029,0.05443341321465245,-0.003429380123573411,0.005269777575249046,FLAT,True,48,44.0,IGNORE,NONE,,NEUTRAL,C,WAIT,No standout factor,Consumer Durables,31.1
GENUSPOWER,322.0,317.8,329.0,314.2,False,True,True,True,False,False,1.0292303219040204,176.5214626,1.082410452459201,True,0.11737975920180853,True,48.25,True,1.0970895861755343,45.0,-0.17,0,False,▁▂▅▄▇▅▅▆██▇▆▂▅▆▄▆▄▃▇,False,False,False,0,0.011147746899042188,0.05660377358490565,-0.00020099967521525208,0.007440137945502245,FLAT,True,48,44.0,IGNORE,NONE,,NEUTRAL,C,WAIT,CMF positive,Electronic Technology,24.6
BPCL,318.7,317.6,321.9,317.0,False,True,True,True,True,False,0.8608629305691367,199.00995222999998,0.8882272903965022,False,0.0397438310497998,False,51.75,True,1.0645191150606312,40.0,-0.22,0,False,▆▄▃▁▄▆▇▅▇▆▇█▃█▆▇▄▅▅▆,False,False,False,5,0.0327284510693453,0.05268373245251845,0.02137970449508786,0.003520096813115048,UP,True,47,44.0,IGNORE,NONE,,NEUTRAL,C,WAIT,CMF positive,Energy Minerals,35.2
SUNFLAG,362.15,352.9,368.0,352.9,False,True,True,True,True,True,1.3570133558629311,9.167356455,1.4147451653509273,True,-0.06759117752206198,False,57.85,True,1.1411719451211695,77.0,0.75,0,True,▅▄▂▆█▇▂▁▅▃▇▆▂▄▄▅▄▄▂▆,False,False,False,0,0.06217920516204711,0.018849345899563996,0.05083045858778967,-0.030314289739839406,UP,False,37,44.0,IGNORE,NONE,,NEUTRAL,C,WAIT,No standout factor,Non-Energy Minerals,35.2
BAJAJHLDNG,10440.0,10299.0,10525.0,10299.0,False,False,False,False,False,False,1.8811725625917057,114.373332,1.846617493271202,True,-0.14808450832759845,False,60.59,True,1.1885052961945861,83.0,0.93,0,True,▅▃▆▃▃▄▂▃▃▁▁▇▇▆█▇▄▄▃▆,False,True,False,2,-0.041762276273519916,-0.018058690744920947,-0.053111022847777356,-0.06722232638432435,UP,False,26,44.0,IGNORE,NONE,,NEUTRAL,C,WAIT,No standout factor,Finance,33.2
BETA,2230.7,2365.0,2365.0,2225.6,True,True,True,True,False,True,0.4976506378042765,6.593949199999999,0.4748127598396122,False,-0.1361794377390268,False,58.73,True,1.4824631151161762,57.0,0.27,0,False,▄▆▆▇▄▇▆▄▄▅▅▄█▃▁▃▆▅▄█,False,False,False,7,0.03125144468586738,0.8341555665186644,0.01990269811160994,0.784991930879261,FLAT,True,99,43.0,IGNORE,NONE,,NEUTRAL,C,WAIT,RS leader,Health Technology,34.1
RAMCOSYS,639.9,668.9,696.3,639.9,True,False,False,True,False,False,0.28649191268391966,77.31009441,0.2244694384966191,False,-0.12632979341720563,False,29.43,True,1.9551569506726456,21.0,-0.76,4,False,▁▁▁▁▃▂▁▂▂▂▂▂▁▃▂▂▂▃█▄,False,False,False,4,-0.1932677760968231,0.6633740577073044,-0.20461652267108055,0.614210422067901,FLAT,True,98,43.0,IGNORE,NONE,DEL29% ▁▁▁▁▃▂▁▂▂▂▂▂▁▃▂▂▂▃█▄ P21 Z-0.8 4D,NEUTRAL,C,WAIT,"4D high delivery, RS leader",Technology Services,36.7
TIMEX,561.5,589.1,609.8,558.0,True,True,True,True,False,True,0.9624690213763075,22.36684715,0.9816419505344588,False,-0.021803460957739784,False,47.26,True,1.0905986061752897,43.0,-0.42,0,False,▅▄▅▄▆▅▆█▆▆▆▆▆▅▅▄▅▁▄▆,False,False,False,4,0.09646553407537595,0.6065808297567954,0.08511678750111851,0.557417194117392,FLAT,True,97,43.0,IGNORE,NONE,,NEUTRAL,C,WAIT,RS leader,Consumer Durables,31.1
NITTAGELA,1909.0,1943.0,1959.8,1900.0,False,True,True,True,False,True,0.23525125562755353,0.862868,0.2391460064260164,False,0.005288942564436662,True,50.03,False,0.9442384093461295,30.0,-0.55,0,True,▅▅▆▆██▁▃▃▅▄▇▆▃▃▄▅▁▄▄,False,False,False,0,0.15696969696969698,0.489021489021489,0.14562095039543954,0.4398578533820856,FLAT,True,95,43.0,IGNORE,NONE,,NEUTRAL,C,WAIT,"CMF positive, RS leader",Consumer Non-Durables,33.3
WELENT,596.8,600.1,617.8,590.85,True,False,True,True,False,True,2.3943546443892227,47.472097919999996,2.3376625293162414,False,-0.17156150466823877,False,54.19,True,1.003230554192778,42.0,-0.21,0,False,▄▂▅▆▅▆▆▄▃▁▂▂▄▄▁██▃▃▄,False,False,False,15,0.03944962117913442,0.22044989775051116,0.02810087460487698,0.17128626211110776,FLAT,True,80,43.0,IGNORE,DISTRIBUTION,,NEUTRAL,C,WAIT,No standout factor,Industrial Services,19.1
SOLARINDS,19100.0,19143.0,19143.0,18864.0,False,True,True,True,True,True,0.6266302922393261,192.11544,0.6569317968538704,False,0.2144257678963785,False,32.01,False,0.9542263492867896,20.0,-0.89,0,False,▅▃▇▃▅▆█▄▁▂█▄▇▃▆▂█▆▂▅,False,False,False,8,0.03573558917629205,0.18596709096553865,0.02438684260203461,0.13680345532613525,FLAT,True,75,43.0,IGNORE,NONE,,NEUTRAL,C,WAIT,CMF positive,Process Industries,38.1
JINDALSAW,250.85,257.4,259.5,250.0,True,False,False,True,False,True,0.3516558226638799,17.28803013,0.3335387502183682,False,0.30103639722293263,False,45.48,True,1.0041730145061931,54.0,0.19,0,True,▇▇▇▆▆█▅▄▅▅▁▁▅▅▅▄▆▇▇▅,False,False,False,7,-0.035414904252864754,0.13635334088335216,-0.046763650827122194,0.08718970524394876,FLAT,True,67,43.0,IGNORE,NONE,,NEUTRAL,C,WAIT,CMF positive,Non-Energy Minerals,35.2
SHAILY,3049.7,2976.4,3064.0,2957.7,False,True,True,True,True,True,0.8110318844648475,57.08977406,0.874599790076623,False,0.022211551889778535,True,45.6,False,0.9575205257963588,55.0,0.12,0,True,▄▄▆▇▅▇▅▅▅▄▁▄█▄▅▅▅▆▅▅,False,False,False,0,0.05274603886913587,0.13325405967819837,0.04139729229487843,0.08409042403879496,FLAT,True,66,43.0,IGNORE,NONE,,NEUTRAL,C,WAIT,CMF positive,Process Industries,38.1
APLLTD,814.45,824.0,824.0,802.05,False,True,True,True,False,False,0.3504290516245818,4.093832925,0.34637039258563357,False,0.17236991932114426,False,49.54,True,1.065800372191087,63.0,0.22,0,True,█▂▂▂█▄▄▄▆▄▁▄▄▅▆▅▆▅▃▅,False,False,False,11,0.03533973177397831,0.1243097736057428,0.02399098519972087,0.0751461379663394,FLAT,True,65,43.0,IGNORE,NONE,,NEUTRAL,C,WAIT,CMF positive,Health Technology,34.1
POONAWALLA,465.1,457.0,472.0,456.2,False,True,True,True,False,True,0.39776363334931253,30.85417588,0.3989647176637585,False,0.017607502038485327,True,45.65,False,0.9388754061947266,54.0,0.06,0,False,▆█▅▃▆▆▆▆▆▄▅▅▄▄▁▄▅▄▃▄,False,False,False,6,0.08554090325592267,0.1203179573648081,0.07419215668166523,0.0711543217254047,UP,True,64,43.0,IGNORE,NONE,,NEUTRAL,C,WAIT,CMF positive,Finance,33.2
VIDHIING,315.15,314.85,320.0,310.0,False,True,True,False,True,False,0.874630016364816,0.8539619549999999,0.9066367945907,False,-0.028779629176864545,False,79.05,True,1.1000556637907042,90.0,1.23,0,True,▄▇▃▁█▃▇▅▆▅▃▅▂▃▃▄▅▂▄▆,False,False,False,4,0.11537780923730301,0.09446084389650977,0.10402906266304557,0.04529720825710637,UP,True,57,43.0,IGNORE,NONE,,NEUTRAL,C,WAIT,Delivery P90,Consumer Non-Durables,33.3
TECHM,1577.4,1577.0,1614.6,1572.0,False,True,True,True,True,True,0.9181703308476001,412.2984459,0.9901590664170867,False,-0.042930042132597844,False,46.05,True,1.0367652025125513,25.0,-0.71,0,False,▅█▃▁▃▄▄▅▅▁▅▃▃▁▃▄▄█▁▄,False,False,False,3,0.0990802675585285,0.0781954887218046,0.08773152098427106,0.029031853082401193,UP,True,54,43.0,IGNORE,NONE,,NEUTRAL,C,WAIT,No standout factor,Technology Services,36.7
PNB,112.35,111.7,113.38,111.31,False,True,True,True,True,False,1.3511921878541955,319.99983141,1.4138050837358438,True,0.14917386588510367,False,47.9,True,1.1108019108575669,81.0,0.93,0,False,▄▆▃▂▅█▆▃▄▄▄▁▆▄▁▄▇▆▄▅,False,False,False,1,0.023224043715847076,0.07811150561366476,0.011875297141589636,0.028947869974261353,FLAT,True,54,43.0,IGNORE,NONE,,NEUTRAL,C,WAIT,CMF positive,Finance,33.2
ABB,7511.0,7525.5,7633.0,7492.5,True,True,True,True,False,True,0.6052497208356796,190.5277815,0.626488767846072,False,0.08531304732997674,False,46.32,True,1.168310338739375,52.0,-0.04,0,False,█▄▄▆▄▄▃▆▆█▇▅▁▂▄▅▂▁▅▇,False,False,False,1,0.03485808762744558,0.07108734402852046,0.023509341053188137,0.021923708389117058,UP,True,52,43.0,IGNORE,NONE,,NEUTRAL,C,WAIT,CMF positive,Producer Manufacturing,29.4
TI,446.7,446.95,455.3,444.75,False,True,True,True,False,False,1.2109151270427965,18.09041193,1.2111003859748035,True,-0.27573296720972557,False,55.6,True,1.0330732069862503,88.0,1.17,0,True,▅▅█▅▆▆▁▄▆▅▆▄▅▆▅▇▅▇▆▆,False,True,False,0,0.002918724741805212,0.055030703826169036,-0.008430021832452228,0.005867068186765634,FLAT,True,48,43.0,IGNORE,SEED,,NEUTRAL,C,WAIT,No standout factor,Consumer Non-Durables,33.3
SAGCEM,183.15,180.69,184.0,174.85,False,True,True,False,False,False,1.894168673622043,1.8632582100000001,1.933151961957605,True,0.2198162940606584,True,26.27,False,0.5080943078738178,2.0,-2.48,0,False,▇▇▇▅███▁▆▇█▆▇▆▅▆█▇▅▃,False,False,False,0,0.04394664842681273,0.04317366292646807,0.03259790185255529,-0.005989972712935332,UP,False,45,43.0,IGNORE,NONE,,NEUTRAL,C,WAIT,CMF positive,Non-Energy Minerals,35.2
ELLEN,282.45,287.0,287.0,279.2,False,True,True,False,False,False,0.6120597930646519,6.8053503,0.6119737129402979,False,0.1117143344363075,True,52.16,False,0.9708611367041722,52.0,-0.09,0,True,▄▅█▃▄█▃▂▃▁▅▁▂▃▁▃▃▃▂▃,False,False,False,5,0.07928926251432933,0.031027559773681324,0.06794051594007189,-0.01813607586572208,UP,False,42,43.0,IGNORE,NONE,,NEUTRAL,C,WAIT,CMF positive,Process Industries,38.1
MRF,132020.0,131890.0,132500.0,131005.0,False,True,True,False,False,False,0.5499748003010156,52.583566,0.5502527073472341,False,0.16494902996280789,True,52.95,True,1.235028630739268,92.0,1.6,0,False,▅▃▇▂▃▅▃▁▂▅█▃▃▆▆▅▃▂▃▇,False,False,False,1,0.06424828698105611,0.02253892030051885,0.05289954040679867,-0.026624715338884553,UP,False,38,43.0,IGNORE,SEED,,NEUTRAL,C,WAIT,"Delivery P92, CMF positive",Consumer Durables,31.1
HERITGFOOD,327.2,335.6,338.05,323.0,True,False,False,False,False,False,2.0748350927023265,21.18646176,2.039677095102228,False,0.04198680611178789,False,64.85,True,1.2762105304588258,95.0,1.58,0,True,▅▇▆▄▅▇▆▃▆▅▅▅▃▁▁▇▆▅▄█,False,False,False,0,-0.009385407205570795,0.006769230769230639,-0.020734153779828235,-0.042394404870172764,UP,False,34,43.0,IGNORE,SEED,,NEUTRAL,C,WAIT,"Delivery P95, CMF positive",Consumer Non-Durables,33.3
RAMRAT,425.3,414.15,429.9,414.15,False,True,True,True,False,True,0.8215257163609752,4.45918544,0.8459721557083366,False,-0.13513521480558263,True,65.25,True,1.3133264899462593,90.0,1.15,0,True,▃▄▃▅▂▆▃▃█▄▅▄▄▁▂▅▂▄▃▇,False,False,False,0,0.05103175583837882,0.004843473124630959,0.03968300926412138,-0.04432016251477244,UP,False,33,43.0,IGNORE,SEED,,NEUTRAL,C,WAIT,Delivery P90,Producer Manufacturing,29.4
KENNAMET,2837.3,2783.4,2860.5,2783.4,False,True,False,True,False,True,1.4676848016974247,6.947696510000001,1.4683395867819962,True,-0.2197332738724759,True,72.73,True,1.1662644420034798,84.0,1.02,0,False,▅▅▅▃▅▁█▄▆▅▅▇█▄▁▂▂▄▂▆,False,True,False,1,-0.049799062290689866,-0.034603606668934916,-0.061147808864947306,-0.08376724230833832,UP,False,23,43.0,IGNORE,NONE,,NEUTRAL,C,WAIT,No standout factor,Producer Manufacturing,29.4
NAVA,564.65,559.05,578.55,558.0,False,False,False,False,False,False,1.7981231127831219,21.783688815,1.7143269724840007,True,-0.17805873605470857,True,51.6,False,0.9362837157399091,71.0,0.58,0,True,▁▄▄▃▃▆▄▅▆▅▆▄▅▄▆▄██▅▄,False,True,False,0,-0.05758157389635321,-0.05868133700091693,-0.06893032047061065,-0.10784497264032034,UP,False,17,43.0,IGNORE,NONE,,NEUTRAL,C,WAIT,No standout factor,Utilities,31.3
MEDIASSIST,347.15,340.05,354.15,339.2,False,False,False,False,False,False,2.1916442586618845,9.013229025,2.107807496122062,True,-0.2893475315485382,True,52.92,False,0.8726840972617311,35.0,-0.33,0,True,▁▁▂▇▄▄▁▂▃▃▅▃▁▃█▃▄▂▁▂,False,True,False,0,-0.04260893546607847,-0.06930294906166223,-0.05395768204033591,-0.11846658470106564,UP,False,15,43.0,IGNORE,NONE,,NEUTRAL,C,WAIT,No standout factor,Finance,33.2
VGUARD,294.4,294.6,300.45,292.0,False,False,False,False,False,False,1.6187775851162924,8.03508864,1.5818193072849234,True,-0.2535306536097354,True,52.56,False,0.8868865321825408,57.0,0.07,0,True,█▁▅▅▃▃▅▃▂▄▄▆▅▅▃▅▅▇▅▃,False,True,False,0,-0.031260282987824906,-0.07260985982044421,-0.042609029562082346,-0.12177349545984761,UP,False,13,43.0,IGNORE,NONE,,NEUTRAL,C,WAIT,No standout factor,Producer Manufacturing,29.4
SOLARA,505.0,493.0,509.15,471.55,False,False,False,False,False,False,1.8785886933246816,29.240914,1.7342633006635353,True,-0.33331346436691384,True,40.74,False,0.8554330708661417,25.0,-0.42,0,True,▇▆▇▇▇▆▆█▅▆▅▅▇▇▆▇▅▁▆▅,False,True,False,0,-0.11666958194857446,-0.1003830052551884,-0.1280183285228319,-0.1495466408945918,UP,False,9,43.0,IGNORE,NONE,,NEUTRAL,C,WAIT,No standout factor,Health Technology,34.1
AWFIS,288.65,276.5,295.15,273.25,False,False,False,False,False,False,3.1675326253491614,22.271050535,3.0772999334676063,True,-0.3663163227325099,True,23.64,False,0.501772334599792,3.0,-1.9,0,True,▃▃▄▄▅▅▄▄▄▇█▂▅▅▆▅▇▅▆▁,False,True,False,0,-0.01919809717974863,-0.10426687354538411,-0.03054684375400607,-0.1534305091847875,UP,False,8,43.0,IGNORE,NONE,,NEUTRAL,C,WAIT,No standout factor,Finance,33.2
LANDMARK,538.5,534.0,542.0,520.05,False,True,True,True,True,False,0.25668514246508417,36.5445486,0.2712040067815604,False,-0.17098399249101492,True,28.99,False,0.7079365079365079,8.0,-1.46,0,False,▇▅█▆█▆▇▅▆▆▁▁▁▂▁▃▃▃▄▃,False,False,False,7,0.2407834101382489,0.46172638436482094,0.22943466356399145,0.41256274872541754,FLAT,True,94,42.0,IGNORE,NONE,,NEUTRAL,C,WAIT,RS leader,Retail Trade,27.1
PSPPROJECT,1055.9,1039.0,1065.4,1029.3,False,True,True,True,False,True,0.5589249747882068,8.356814960000001,0.5545519735848246,False,-0.020596718251526897,True,44.4,False,0.9426751592356687,30.0,-0.36,0,False,▄▃▅▄▁▄▄▅▄▅▃▃▃▅▃▃▅█▅▄,False,False,False,4,0.07871481840935801,0.3955855141422153,0.06736607183510057,0.3464218785028119,FLAT,True,91,42.0,IGNORE,NONE,,NEUTRAL,C,WAIT,RS leader,Industrial Services,19.1
STEL,558.6,555.3,565.1,546.95,False,True,True,True,False,True,0.8347277032359905,0.14769384000000002,0.832431601672204,False,-0.19696246500918427,True,84.3,True,1.4595633429714145,96.0,1.62,0,True,▄▁▆▆▃▄▂▄▅▂▄▆▇▄▂▇▅▅▃█,False,False,False,0,-0.02453505631712205,0.2575416479063486,-0.03588380289137949,0.2083780122669452,FLAT,True,82,42.0,IGNORE,SEED,,NEUTRAL,C,WAIT,Delivery P96,Finance,33.2
CHENNPETRO,1168.8,1230.0,1232.0,1162.8,True,False,True,True,False,True,0.8906585091223129,190.24417344,0.8572415795169817,False,0.02787093313459288,False,42.06,True,1.3798533536735398,92.0,1.39,0,False,▆▆▃▃▄█▂▂▄▃▆▃▁▄▂▅▂▁▄▆,False,False,False,3,0.013000520020800765,0.18311569996963262,0.0016517734465433254,0.13395206433022921,FLAT,True,74,42.0,IGNORE,SEED,,NEUTRAL,C,WAIT,"Delivery P92, CMF positive",Energy Minerals,35.2
SHOPERSTOP,385.85,377.7,388.65,374.55,False,True,True,True,False,False,0.22901216676174352,2.8718429650000004,0.23880639857441055,False,0.14874574867428086,True,58.41,True,1.3962994836488811,79.0,0.77,0,False,▆▇▇▅▅▅▆▆▁▃▅▄▄▅█▇▅▄▄▇,False,False,False,4,0.056544359255202625,0.1812337364151233,0.045195612680945185,0.1320701007757199,FLAT,True,74,42.0,IGNORE,NONE,,NEUTRAL,C,WAIT,CMF positive,Retail Trade,27.1
TEXINFRA,113.2,112.62,114.0,112.0,False,True,True,True,False,True,0.9902836582934188,1.3554568,0.9925502366343554,False,-0.022536977147168662,True,73.56,True,1.1120013302897915,86.0,1.14,0,True,▂▄▄▃▂▁▂▄▅▅▄▇▄▇▄█▆▆▃▆,False,False,False,6,0.0423572744014733,0.18175174861676568,0.03100852782721586,0.13258811297736228,FLAT,True,74,42.0,IGNORE,SEED,,NEUTRAL,C,WAIT,No standout factor,Utilities,31.3
HEXT,562.95,551.6,572.6,545.1,False,True,True,False,False,False,0.17931503469543061,15.224250915,0.1871283968860424,False,0.12979062107575037,True,43.92,False,0.8956045636680636,21.0,-0.78,0,True,▅▁▃▅█▅▃▆▆▃▃▃▅▂▂▃▃▄▂▃,False,False,False,9,0.08384674624566824,0.15607351884177034,0.0724979996714108,0.10690988320236694,FLAT,True,70,42.0,IGNORE,NONE,,NEUTRAL,C,WAIT,CMF positive,Technology Services,36.7
HOMEFIRST,1182.5,1191.6,1220.1,1175.0,False,False,True,True,False,False,0.6009010596259847,17.64467375,0.5863543035302099,False,0.07165933460993706,True,49.28,False,0.8758164126716134,22.0,-0.61,0,True,▄▄▃▆▅▆█▃▄▁▃▄▃▃▅▆▄▄▃▃,False,False,False,6,0.012501070297114447,0.10928705440900566,0.0011523237228570071,0.060123418769602255,FLAT,True,61,42.0,IGNORE,NONE,,NEUTRAL,C,WAIT,CMF positive,Finance,33.2
SIS,435.4,440.0,440.0,431.75,True,True,True,True,False,True,0.3638601852911211,2.33322152,0.36599741561289934,False,-0.13813332494033254,True,67.01,True,1.2755548787451936,74.0,0.51,0,True,▁▃▃▄▅▄▄▆▅▅▅▆▇▆▅▆▇▇██,False,False,False,10,-0.001032465297694296,0.1033958438925493,-0.012381211871951736,0.0542322082531459,FLAT,True,60,42.0,IGNORE,NONE,,NEUTRAL,C,WAIT,No standout factor,Commercial Services,33.3
EFCIL,197.05,197.0,199.85,195.0,False,True,True,False,False,False,0.4551788911715119,2.76082814,0.4598743488224532,False,0.14239810348977455,True,57.35,True,1.0491653327235309,62.0,0.18,0,True,▃▄▄▁▃▅▃▄▄▄▅▃▇▆▄█▇█▆▅,False,False,False,1,0.06663418858936887,0.09472222222222237,0.05528544201511143,0.04555858658281897,UP,True,58,42.0,IGNORE,NONE,,NEUTRAL,C,WAIT,CMF positive,Distribution Services,36.5
APTUS,279.05,280.7,284.7,277.6,False,False,True,True,False,False,0.38025126905258516,11.45025865,0.3680807234014083,False,0.07748605787832248,True,50.9,False,0.9690070057873896,25.0,-0.62,0,True,▄▅▆█▆▆█▄▆▁▆▅█▅▅▅▃▆▇▅,False,False,False,11,0.044544263522365846,0.08537534033450012,0.033195516948108406,0.036211704695096714,FLAT,True,56,42.0,IGNORE,NONE,,NEUTRAL,C,WAIT,CMF positive,Finance,33.2
AADHARHFC,502.0,500.0,507.6,497.3,False,False,False,True,False,True,0.45689641231766775,11.204891,0.431602015551107,False,0.17552544789433744,True,56.82,True,1.0915797360382689,52.0,0.02,0,False,▄▆▃▁▃▃▆▃▄▃▃▄▃▄█▄▇▁▁▅,False,False,False,5,-0.032289156626506,0.08119750161533479,-0.04363790320076344,0.032033865975931386,FLAT,True,55,42.0,IGNORE,NONE,,NEUTRAL,C,WAIT,CMF positive,Finance,33.2
AGARWALEYE,476.2,481.0,489.55,472.1,True,False,True,True,False,True,1.4253133984618893,5.44625178,1.4026298806029385,False,0.011713589716178049,False,69.81,True,1.3296383063824924,93.0,1.52,0,False,▃▂▅▄▁▃▅▃▂▂▂▄▄▃▄▇▆▆▆█,False,False,False,10,0.004323526310239467,0.07737556561085968,-0.007025220264017973,0.028211929971456273,FLAT,True,54,42.0,IGNORE,SEED,,NEUTRAL,C,WAIT,"Delivery P93, CMF positive",Health Services,36.8
VTL,628.25,617.9,632.75,617.0,False,False,True,True,False,True,0.6241886717725814,8.86171755,0.6100628820034206,False,-0.1048358435463032,True,48.76,True,1.000461656835086,72.0,0.49,0,True,█▅▆▄▄▇▃▃▅▄▁▄▆▅▅█▃▅▄▅,False,False,False,3,-0.007347132248380461,0.05455308434746109,-0.0186958788226379,0.005389448708057687,FLAT,True,48,42.0,IGNORE,NONE,,NEUTRAL,C,WAIT,No standout factor,Process Industries,38.1
PREMIERENE,1039.9,1028.9,1042.7,1017.7,False,False,False,True,False,True,0.43757045102801073,56.94648385,0.426733909729848,False,0.05096871777609314,True,33.09,False,0.8193027631969894,35.0,-0.43,0,True,▅▄▇▄▇▃▅▄▅▆▂▂▆█▁█▂▄▇▃,False,False,False,5,0.010298260954046512,0.05370351606039114,-0.001050485620210928,0.004539880420987741,FLAT,True,47,42.0,IGNORE,NONE,,NEUTRAL,C,WAIT,CMF positive,Electronic Technology,24.6
VENKEYS,1503.7,1513.5,1533.0,1491.9,True,True,True,True,False,True,1.8613533538784341,10.2447081,1.8932595332368083,False,-0.06068935038250559,False,53.38,True,1.116666318013514,83.0,0.83,0,False,▁▅▆▅▆▅▄▅█▂▂▃▁▄▅▃▃▁▅▆,False,False,False,0,0.05478395061728403,-0.00019946808510640235,0.04343520404302659,-0.049363103724509805,UP,False,32,42.0,IGNORE,DISTRIBUTION,,NEUTRAL,C,WAIT,No standout factor,Process Industries,38.1
INDIACEM,398.35,408.0,409.9,397.1,True,True,True,True,False,False,0.5359723826245896,8.5270801,0.53834794000902,False,0.28681202460003136,False,43.14,True,1.0466935982821997,67.0,0.26,0,False,▄▃▄▃▄█▃▃▄▄▃▃▄▁▁▁▁▁▁▃,False,False,False,3,0.054812657222296,-0.013741025006189567,0.04346391064803856,-0.06290466064559297,UP,False,27,42.0,IGNORE,NONE,,NEUTRAL,C,WAIT,CMF positive,Non-Energy Minerals,35.2
MAHASTEEL,769.2,751.35,787.45,742.0,False,False,False,True,False,False,1.5565765399471436,0.73620132,1.4511670408016102,True,0.3312252546260054,False,60.78,False,0.9765345715410384,48.0,0.16,0,True,▆▆▃█▇▂█▇▆▅█▆▁▃▅▇▄▃▄▅,False,True,False,0,-0.05787249678486128,-0.06837037485617381,-0.06922124335911872,-0.11753401049557721,UP,False,15,42.0,IGNORE,NONE,,NEUTRAL,C,WAIT,CMF positive,Non-Energy Minerals,35.2
TINNARUBR,1139.3,1128.85,1180.0,1109.1,False,True,True,True,False,True,1.0162225958977151,32.39166616,1.0325014598862903,True,-0.10724412094226111,False,27.04,False,0.652234215763131,7.0,-1.96,0,False,▅▇▇▆▇█▇▅▇█▇▇▇█▂▁▂▂▂▃,False,False,False,10,0.2237379162191191,0.5464911089995925,0.21238916964486165,0.4973274733601891,FLAT,True,96,41.0,IGNORE,NONE,,NEUTRAL,C,WAIT,RS leader,Process Industries,38.1
MSTCLTD,602.7,615.0,616.95,601.05,True,False,True,True,False,False,0.17157075522834278,7.18249644,0.1530926528622805,False,-0.20630258446704328,False,42.53,True,1.2105083395001992,36.0,-0.2,0,True,▁▄▃▃▃▅▃▄▅▅▄▃▆█▁▅▅▄▄▆,False,False,False,4,-0.12759643916913943,0.44463087248322153,-0.13894518574339687,0.3954672368438181,FLAT,True,94,41.0,IGNORE,NONE,,NEUTRAL,C,WAIT,RS leader,Retail Trade,27.1
GOCLCORP,395.95,397.05,404.2,394.8,True,False,True,True,False,True,0.9781043422701693,2.363940285,0.9639681749664768,False,-0.3146659990416516,False,62.62,True,1.2653444739686996,92.0,1.16,0,True,▆▇▅▇▁▁▁▂▅▆▅▃▆▆▇█▆▃▅█,False,False,False,0,-0.01834634932440815,0.36793919502504746,-0.02969509589866559,0.31877555938564406,FLAT,True,90,41.0,IGNORE,SEED,,NEUTRAL,C,WAIT,"Delivery P92, RS leader",Process Industries,38.1
SFL,767.2,767.9,777.3,760.0,False,True,True,True,False,True,0.7712462502293169,13.88509248,0.7685785614927099,False,-0.01648670541977198,False,55.39,True,1.188409839406975,67.0,0.33,0,True,▃▄▄▅▄▇▃▅▅▁▃▇▇▄▅▄▂▂█▇,False,False,False,7,0.033057294822594896,0.2822998495737925,0.021708548248337456,0.2331362139343891,FLAT,True,85,41.0,IGNORE,NONE,,NEUTRAL,C,WAIT,No standout factor,Process Industries,38.1
SHADOWFAX,210.01,214.0,214.68,207.2,True,False,True,True,False,True,0.9463065579403964,197.63396369299997,0.9203615817319661,False,0.4505606855543957,False,58.55,True,1.1542404289713362,85.0,1.06,0,True,█▁▃▅▇▅▃▆▇▁▂▅▆▃▆▄▂▆▆▇,False,False,False,2,-0.07276259437502763,0.26764049013098323,-0.08411134094928507,0.21847685449157983,FLAT,True,84,41.0,IGNORE,SEED,,NEUTRAL,C,WAIT,CMF positive,Technology Services,36.7
MANAKCOAT,126.11,126.01,129.27,125.13,False,True,True,True,False,False,0.8502436107862433,7.249748625,0.873755234826067,False,0.06564724393803692,False,67.87,True,1.3341065005012482,89.0,1.19,0,False,▃▄▇▄▇▆▄▁▃▃▅▄▃▄▇███▃▇,False,False,False,9,0.1599521707137601,0.2692230273752012,0.14860342413950267,0.2200593917357978,FLAT,True,84,41.0,IGNORE,SEED,,NEUTRAL,C,WAIT,CMF positive,Non-Energy Minerals,35.2
TTKPRESTIG,655.35,640.1,664.8,640.0,False,True,True,True,False,True,0.5104869040504225,4.4026413,0.5303891235979913,False,0.19557474392638108,False,44.44,False,0.8993766696349065,29.0,-0.39,0,True,▁▁▂▄▄▅▃▂▆▂▃▄█▇▅▃▄▆▃▂,False,False,False,9,0.10004196391103659,0.2717834271298274,0.08869321733677915,0.222619791490424,FLAT,True,84,41.0,IGNORE,NONE,,NEUTRAL,C,WAIT,CMF positive,Consumer Durables,31.1
SANGAMIND,612.55,625.1,625.95,610.2,True,True,True,True,False,True,0.08026204965454661,1.4076398999999997,0.07947165419561283,False,0.1863677120941394,False,56.83,True,1.2487777008690684,56.0,0.14,0,False,▆▇▆█▆▆▅▆█▁▃▄▅▆▃▅▅▅▅▇,False,False,False,12,0.1506527660373813,0.26194890811701677,0.13930401946312387,0.21278527247761336,FLAT,True,83,41.0,IGNORE,NONE,,NEUTRAL,C,WAIT,CMF positive,Process Industries,38.1
ZYDUSLIFE,1143.6,1148.1,1149.8,1138.0,True,True,True,True,False,True,0.4284973047714876,71.09143655999999,0.4330549411174172,False,-0.10719823985689735,False,53.64,True,1.017305959888104,58.0,0.27,0,True,▆▄▅▄▇▆▁▄▆█▅▇▆▇▄█▆▅▆▆,False,False,False,17,0.05352372178719467,0.21653103558321352,0.04217497521293723,0.1673673999438101,FLAT,True,79,41.0,IGNORE,NONE,,NEUTRAL,C,WAIT,No standout factor,Health Technology,34.1
UFLEX,476.45,480.55,488.9,470.6,True,True,True,True,False,False,0.1553561904045926,5.71063441,0.15195437004564774,False,0.14332228792358123,False,45.61,False,0.904574437491943,17.0,-0.83,0,True,▅▅▆▅▇▆▇▆▇▅█▆▆▅▆▆▁▁▄▅,False,False,False,4,0.1380628209721726,0.20696643445218488,0.12671407439791516,0.15780279881278148,FLAT,True,78,41.0,IGNORE,NONE,,NEUTRAL,C,WAIT,CMF positive,Process Industries,38.1
WELSPUNLIV,163.53,162.8,168.63,161.97,False,False,True,True,False,True,0.6931109824883847,23.641074216,0.6812301831401272,False,0.034119433479141065,True,40.55,False,0.9253765403925147,56.0,0.17,0,True,▆▃▄▅▃▆▅▂▄▂▄▁▄▃▄▄▆█▃▃,False,False,False,4,0.009195260429523566,0.17927453666979165,-0.002153486144733874,0.13011090103038825,FLAT,True,74,41.0,IGNORE,NONE,,NEUTRAL,C,WAIT,CMF positive,Consumer Non-Durables,33.3
MANGLMCEM,984.7,985.05,997.2,981.0,False,True,True,True,False,True,0.18649602164561546,1.2651425600000001,0.19168496675187768,False,0.05981646400835309,False,52.08,False,0.7930199625416837,18.0,-0.88,0,True,▃▃▅▄▅▃▂▃▃▃▂▃▁▄█▆▇▇▂▁,False,False,False,15,0.07947818460863854,0.15595468685801483,0.0681294380343811,0.10679105121861143,FLAT,True,70,41.0,IGNORE,NONE,,NEUTRAL,C,WAIT,CMF positive,Non-Energy Minerals,35.2
SURYODAY,184.62,191.2,197.2,183.4,True,True,True,True,False,True,1.5616220795921871,132.08240967,1.5009234391812243,False,-0.6159113965220531,False,11.53,False,0.25939257592800896,1.0,-3.55,0,False,▆▆▆█▆▇▇▆█▅▆▅▇▇▅▇█▃▁▂,False,False,False,10,0.06378565254969737,0.13556403001599215,0.05243690597543993,0.08640039437658875,FLAT,True,67,41.0,IGNORE,DISTRIBUTION,,NEUTRAL,C,WAIT,No standout factor,Finance,33.2
AARTIDRUGS,410.95,406.35,416.6,406.35,False,True,True,True,False,False,0.3783252250146299,3.42855585,0.3849008858455449,False,0.009566422814454146,True,54.51,True,1.1439664218258132,74.0,0.65,0,False,▁▄█▄█▄▅▄▅▃▄▄▄▄▂▇▃▄▆▆,False,False,False,9,0.10041504886865704,0.12312107133096473,0.0890663022943996,0.07395743569156132,UP,True,65,41.0,IGNORE,NONE,,NEUTRAL,C,WAIT,CMF positive,Health Technology,34.1
INDIGOPNTS,1073.9,1059.9,1098.7,1055.3,False,True,True,True,False,False,0.893461591752626,8.13672552,0.9027669779700446,False,0.11528272711339979,False,49.39,False,0.9764439567826182,54.0,0.02,0,True,▆▅▇▃▁▅▃▃▄▃█▃▁▃▄▆▂▃▄▄,False,False,False,7,0.05222418185381161,0.11603013769810344,0.04087543527955417,0.06686650205870004,FLAT,True,63,41.0,IGNORE,NONE,,NEUTRAL,C,WAIT,CMF positive,Process Industries,38.1
AIIL,551.7,539.0,554.8,538.5,False,True,True,True,False,False,0.6287018112849649,15.601413960000002,0.6341070879323153,False,0.04580699160869729,True,41.06,True,1.0417089506799269,40.0,-0.19,0,True,▇█▄▅█▄▇▇▇▇▆▇▆▁▃▁▁▃▅▅,False,False,False,1,0.06495512016214677,0.10894472361809049,0.05360637358788933,0.059781087978687086,FLAT,True,61,41.0,IGNORE,NONE,,NEUTRAL,C,WAIT,CMF positive,Finance,33.2
MRPL,162.29,173.5,174.21,161.5,True,False,True,True,False,False,0.49201528866980043,179.197420887,0.46931273023933784,False,0.14097154706059392,False,29.73,True,1.1242200794100965,63.0,0.35,0,False,▆▇▅▅▅█▄▃▃▄▇▅▁▁▃▃▃▂▄▅,False,False,False,3,0.08780749379985253,0.0947787371829465,0.07645874722559509,0.04561510154354309,UP,True,58,41.0,IGNORE,NONE,,NEUTRAL,C,WAIT,CMF positive,Energy Minerals,35.2
HAVELLS,1237.4,1235.0,1246.9,1230.0,False,True,True,False,True,False,0.5823501156239624,102.46946522,0.6040810185906966,False,0.12117326203122418,True,56.7,True,1.0427586206896553,50.0,0.04,0,False,▅▃▇▆▅▄▆▇▅█▇▆▆▁▄▆▆▇▃▆,False,False,False,0,0.07032263645013415,0.03565450284566474,0.058973889875876706,-0.013509132793738665,UP,False,43,41.0,IGNORE,NONE,,NEUTRAL,C,WAIT,CMF positive,Producer Manufacturing,29.4
AUROPHARMA,1549.4,1533.5,1568.9,1531.9,False,True,True,True,False,True,0.770931335519134,131.73277692,0.7648408319191129,False,-0.017757788995127945,True,51.76,True,1.1175283106452343,67.0,0.41,0,False,█▄▅▂▄▅▂▃▁▄▃▇▅▅█▃▅▁▃▆,False,False,False,4,0.001227786752827198,0.03258913695434851,-0.010120959821430242,-0.016574498685054895,UP,False,42,41.0,IGNORE,NONE,,NEUTRAL,C,WAIT,No standout factor,Health Technology,34.1
BHEL,415.3,417.5,417.95,411.2,True,True,True,True,False,True,0.43795214470434835,346.97015111,0.44485324710998203,False,-0.10063956365373555,True,46.15,True,1.0550138877776127,83.0,0.86,0,True,▇▅▄▆▆█▄▇▆▄▇▆▁▃▄▅▄▅▄▆,False,False,False,2,0.009234507897934341,0.026445872466633658,-0.002114238676323099,-0.022717763172769745,UP,False,40,41.0,IGNORE,NONE,,NEUTRAL,C,WAIT,No standout factor,Producer Manufacturing,29.4
DRAGARWQ,5050.0,5021.5,5075.0,4990.0,False,True,True,True,False,True,0.6667134535756895,0.239875,0.6731792277273027,False,0.10935911041319252,True,62.82,False,0.9612118430112464,54.0,0.3,0,True,▃▃▂▄█▄▄▂▅▄▄▃▃▅▁▄▅▆▅▄,False,False,False,0,0.00899100899100902,-0.0002177743461820869,-0.0023577375832484204,-0.04938140998558549,UP,False,32,41.0,IGNORE,NONE,,NEUTRAL,C,WAIT,CMF positive,Health Services,36.8
DYNAMATECH,10546.0,10507.0,10779.0,10466.0,False,True,True,True,False,False,1.122838744570453,14.0124702,1.1381092742221193,True,-0.12074954005290242,True,52.33,True,1.2415183867141162,87.0,1.09,0,True,▃▄▁▂▆▆▃▃▅▅▅▇▄▄▅██▅▄▇,False,False,False,0,0.06096579476861175,-0.006313012343352464,0.04961704819435431,-0.05547664798275587,UP,False,29,41.0,IGNORE,SEED,,NEUTRAL,C,WAIT,No standout factor,Producer Manufacturing,29.4
SBILIFE,1825.6,1834.5,1835.0,1816.2,False,True,True,False,False,True,0.5461300064971014,106.24480831999999,0.554679947841171,False,0.05814884706340163,True,64.53,True,1.119156426954795,69.0,0.53,0,False,█▅▇▇█▄▇▆█▅▇▆▅▇▇▇▇▆▁█,False,False,False,0,0.011132650235391894,-0.024838416751241876,-0.0002160963388655457,-0.07400205239064528,UP,False,25,41.0,IGNORE,NONE,,NEUTRAL,C,WAIT,CMF positive,Finance,33.2
LTFOODS,376.4,377.7,380.0,375.15,False,False,False,False,False,False,0.721665737641227,11.836801359999999,0.7122626919225227,False,0.06644875285731808,True,55.08,True,1.160116264375079,92.0,1.22,0,True,▅▂▁▂▂▁▃▂▄▃▄▃▃▁█▃▂▃▃▆,False,False,False,0,0.00386718229097216,-0.06958348782597956,-0.00748156428328528,-0.11874712346538296,UP,False,15,41.0,IGNORE,SEED,,NEUTRAL,C,WAIT,"Delivery P92, CMF positive",Process Industries,38.1
WHIRLPOOL,794.8,775.0,804.8,774.0,False,True,False,False,False,False,1.4802184768163738,35.2517644,1.4983561409272184,True,-0.2704832286488586,True,61.07,True,1.0586348862405202,78.0,0.69,0,True,▆▄▄▆██▄▃▆▆▅▅▅▆▆▆▆▁▂▅,False,True,False,0,-0.006872422841434411,-0.07035499151997204,-0.01822116941569185,-0.11951862715937545,UP,False,14,41.0,IGNORE,NONE,,NEUTRAL,C,WAIT,No standout factor,Consumer Durables,31.1
GKSL,127.1,130.12,130.12,126.71,True,False,False,True,False,True,1.0844749566711687,3.88779835,1.0518630092581807,False,-0.48397700140768113,True,88.38,True,1.9697121652793097,99.0,3.02,1,True,▁▂▆▃▅▄▃▂▁▂▂▄▄▆▄▃▃▅▄█,False,False,False,0,-0.01663442940038684,-0.10335097001763671,-0.02798317597464428,-0.15251460565704011,UP,False,8,41.0,IGNORE,SEED,DEL88% ▁▂▆▃▅▄▃▂▁▂▂▄▄▆▄▃▃▅▄█ P99 Z+3.0,NEUTRAL,C,WAIT,Delivery P99,Health Services,36.8
PIIND,2742.6,2751.0,2765.9,2735.6,False,True,True,False,True,False,0.3053426725240204,19.81199388,0.3188876017959528,False,0.08554130321595649,True,46.14,False,0.8806772090892608,32.0,-0.53,0,True,▆▇▇▅█▇▄▄█▄▇▃▇▆▂▄▁▆▁▄,False,False,False,0,0.07141182904914434,-0.11423311694603244,0.0600630824748869,-0.16339675258543584,UP,False,7,41.0,IGNORE,NONE,,NEUTRAL,C,WAIT,CMF positive,Process Industries,38.1
COCKERILL,8892.0,8965.0,9159.0,8774.0,True,False,True,True,False,True,0.4744802775904083,3.4714368,0.4570991367486473,False,-0.21219611851964643,True,45.97,True,1.0617363789639005,54.0,0.02,0,True,▄▄▄▅▆██▇▂▁▂▃▄▄▆▅▆▇▄▆,False,False,False,0,0.01622857142857148,0.7021439509954057,0.004879824854314041,0.6529803153560023,FLAT,True,98,40.0,IGNORE,NONE,,NEUTRAL,C,WAIT,RS leader,Non-Energy Minerals,35.2
TBOTEK,1519.2,1439.9,1524.9,1435.1,False,True,True,True,False,True,0.9078401501520948,32.05299312,0.9169704076544896,False,-0.09737748446877577,True,32.0,False,0.6196446725081086,10.0,-1.08,0,True,▄▂▆▃▂▃▄▇█▅▃▁▂▃▂▄▂▃▃▁,False,False,False,8,0.05507326897701237,0.34323607427055713,0.04372452240275493,0.29407243863115373,FLAT,True,89,40.0,IGNORE,NONE,,NEUTRAL,C,WAIT,No standout factor,Technology Services,36.7
EPACKPEB,255.19,256.0,256.8,250.0,False,True,True,True,False,False,0.4467248520664108,9.541936885,0.4464484100067405,False,0.20623903713936012,True,34.72,False,0.9512459074781847,36.0,-0.29,0,True,▄▃▄▁▄▅▅▆▅█▃▇▆▆▁▇█▅▁▄,False,False,False,2,0.08962425277540564,0.32222797927461144,0.0782755062011482,0.27306434363520804,FLAT,True,88,40.0,IGNORE,NONE,,NEUTRAL,C,WAIT,CMF positive,Industrial Services,19.1
DIXON,13810.0,13951.0,14021.0,13741.0,True,True,True,True,False,False,0.30995662593375245,284.053747,0.31622513135086167,False,0.11215290047402625,True,25.78,False,0.8318678304641745,21.0,-0.76,0,False,▃▁▅▃▄▅▄▃▅▄▄▃▆█▅▄▂▂▃▃,False,False,False,10,0.1698432867429056,0.28107606679035246,0.15849454016864817,0.23191243115094906,FLAT,True,85,40.0,IGNORE,NONE,,NEUTRAL,C,WAIT,CMF positive,Electronic Technology,24.6
ADANIENT,3180.0,3175.2,3213.5,3170.0,True,True,True,True,False,True,0.4763780707565748,302.246916,0.4862717921576875,False,0.04910035214663867,False,26.01,False,0.6462352634259663,30.0,-0.62,0,True,█▇▄▁▅▆▅▆▇▇▄▅█▇▇█▆▂▂▁,False,False,False,11,0.039351549222120585,0.2690051478510713,0.028002802647863145,0.21984151221166792,FLAT,True,84,40.0,IGNORE,NONE,,NEUTRAL,C,WAIT,CMF positive,Distribution Services,36.5
TCPLPACK,3208.7,3278.4,3298.9,3200.0,True,True,True,True,False,True,0.17942151175750853,0.5810955699999999,0.18203801399635855,False,0.15690777360064662,True,49.25,False,0.9980141039150523,23.0,-0.69,0,False,▅▂▃▅▅█▇▄▆▆▅▁▆▃▅▄▃▅▅▅,False,False,False,6,0.07228311723031666,0.26043917193699184,0.06093437065605922,0.21127553629758844,FLAT,True,82,40.0,IGNORE,NONE,,NEUTRAL,C,WAIT,CMF positive,Commercial Services,33.3
NYKAA,326.75,325.0,327.85,323.65,False,True,True,True,False,True,0.5009385017737614,117.281129025,0.5160044869046154,False,-0.013506920430985399,True,54.87,False,0.9098144555538973,68.0,0.42,0,True,▅▅▇▇▁▇▂▆█▆▇▃▇▆▆▇▄█▂▄,False,False,False,14,0.08177454063896694,0.19820315364869834,0.0704257940647095,0.14903951800929494,FLAT,True,77,40.0,IGNORE,NONE,,NEUTRAL,C,WAIT,No standout factor,Retail Trade,27.1
KAJARIACER,1220.0,1214.9,1252.0,1212.0,False,True,True,True,False,True,0.7367683251911441,25.18019,0.7347988401916284,False,0.0040089620570668925,False,53.05,False,0.9019041142468547,32.0,-0.41,0,True,▅▄▃▄▂▃▂▃█▄▃▇▇▄▂▅▆▂▁▂,False,False,False,9,0.01169251181690023,0.16456662848415426,0.0003437652426427906,0.11540299284475086,FLAT,True,71,40.0,IGNORE,NONE,,NEUTRAL,C,WAIT,CMF positive,Producer Manufacturing,29.4
SUYOG,885.4,860.0,896.0,849.3,False,True,True,True,False,True,0.9284885740698215,3.49042388,0.9442655777344312,False,0.15946866763916642,True,50.43,False,0.9407529007946872,29.0,-0.6,0,False,▃▄▇▄▇▆▃▇█▅▂▇▆▆▁▅▄▂▄▄,False,False,False,5,0.09932952570151476,0.16323983446101287,0.08798077912725732,0.11407619882160946,FLAT,True,71,40.0,IGNORE,NONE,,NEUTRAL,C,WAIT,CMF positive,Industrial Services,19.1
ICEMAKE,863.25,878.05,899.0,858.0,True,True,True,True,False,True,1.0184621391353659,3.783020475,1.0559274784492214,False,0.0069624550974707764,False,58.35,True,1.1062974584545964,72.0,0.5,0,True,▆▁▆▃▇▆▆▅▅█▇▇▆███▂▅▃▇,False,False,False,1,0.13406463478717812,0.14969701005527059,0.12271588821292068,0.10053337441586718,UP,True,68,40.0,IGNORE,NONE,,NEUTRAL,C,WAIT,CMF positive,Producer Manufacturing,29.4
MOL,55.61,55.01,56.2,54.5,False,True,True,False,False,False,0.5928479720853876,5.391495159,0.6206167736770295,False,0.063567765564011,True,40.0,False,0.8430636934620411,11.0,-1.17,0,True,▅██▇█▇█▆▇▄█▇▅█▄▁▂▂▅▅,False,False,False,0,0.15230004144218823,0.12730589904723288,0.1409512948679308,0.07814226340782948,UP,True,65,40.0,IGNORE,NONE,,NEUTRAL,C,WAIT,CMF positive,Process Industries,38.1
APOLLOTYRE,419.95,423.25,424.75,418.0,False,False,False,False,False,False,0.6069736934981312,22.244919479999997,0.5785682997171061,False,0.0537841185711107,True,49.33,True,1.1652847660217798,60.0,0.26,0,True,▅▄▁▄▃▁▅▅▃▅▄█▇▅▆▅▂▄▆▆,False,False,False,3,-0.001664091287293501,0.11941889910702397,-0.013012837861550941,0.07025526346762057,FLAT,True,64,40.0,IGNORE,NONE,,NEUTRAL,C,WAIT,CMF positive,Consumer Durables,31.1
MOTHERSON,145.5,143.5,145.8,143.17,False,True,True,True,False,True,0.47214202631784224,154.84367535,0.46848384365505935,False,0.01639403153159154,False,52.36,True,1.0567957050014127,72.0,0.54,0,True,▆▅█▂▅▄▅▂▅▅█▇▅▆█▃▁▂▁▆,False,False,False,2,-0.0023997257456290777,0.10202226766643951,-0.013748472319886518,0.05285863202703611,FLAT,True,59,40.0,IGNORE,NONE,,NEUTRAL,C,WAIT,CMF positive,Producer Manufacturing,29.4
APOLLOHOSP,8925.0,8934.0,8945.5,8880.0,False,True,True,True,False,True,0.6325378967164195,178.433955,0.6443078281898872,False,-0.06145728223337658,True,53.77,False,0.8766252292643164,15.0,-0.9,0,True,▅▅▅▁▅▄▃█▇▃▆▄▇▂▆▇▇▅▆▃,False,False,False,19,0.05384342897626637,0.10226009633197486,0.04249468240200893,0.05309646069257146,FLAT,True,59,40.0,IGNORE,NONE,,NEUTRAL,C,WAIT,No standout factor,Health Services,36.8
GMRAIRPORT,111.33,112.0,112.4,110.53,True,True,True,True,False,True,0.7103049037526533,194.74501560299998,0.7122854654490534,False,-0.02570213616302269,True,58.03,False,0.9283166162755355,71.0,0.49,0,True,▁▃▅▅▂▅▄▆▃▃▄▇▅▆█▆▅▆▂▃,False,False,False,8,0.02911813643926786,0.09879589419660495,0.01776938986501042,0.04963225855720155,FLAT,True,59,40.0,IGNORE,NONE,,NEUTRAL,C,WAIT,No standout factor,Transportation,40.9
ALIVUS,1132.5,1106.8,1163.3,1106.8,False,True,True,True,False,True,0.5444585229399006,6.7472085,0.5359537276347004,False,-0.26274006854798043,True,47.0,False,0.8857229006482737,31.0,-0.46,0,True,▄▄▇▃▄▄▁▄▆▄▅▅█▄▄▄▆▅▄▄,False,False,False,12,0.011612326931665917,0.07315455320761877,0.0002635803574084772,0.023990917568215364,FLAT,True,53,40.0,IGNORE,NONE,,NEUTRAL,C,WAIT,No standout factor,Health Technology,34.1
VIJAYA,1350.8,1322.0,1357.8,1308.2,False,True,True,True,False,True,0.33844087979225296,11.456269879999999,0.337933776750185,False,0.04277292487650684,True,41.21,False,0.9330495618900989,17.0,-0.81,0,False,▁▂▄▃▄▄▄▅▄▃▅▅▃▂▃▇█▄▄▃,False,False,False,8,0.030122778921680693,0.036843721215842784,0.018774032347423253,-0.012319914423560618,UP,False,43,40.0,IGNORE,NONE,,NEUTRAL,C,WAIT,CMF positive,Health Services,36.8
NAZARA,303.4,303.85,308.0,302.0,False,True,True,True,False,True,1.0921507455533883,70.62020317999999,1.086659068233559,True,-0.2027117158446075,False,40.73,False,0.8439789057076844,47.0,-0.15,0,True,█▂▄▂▅▃▃▄▃▃▅▄▁▄▄▄▆▁▂▂,False,False,False,13,-0.001152263374485707,0.014885432346546157,-0.012501009948743147,-0.034278203292857246,UP,False,36,40.0,IGNORE,NONE,,NEUTRAL,C,WAIT,No standout factor,Technology Services,36.7
SANOFICONR,4685.2,4639.3,4750.0,4624.1,False,True,True,True,True,True,0.6422298169191425,1.92374312,0.6545223531186136,False,0.04999216937423333,True,59.67,False,0.9432351685872813,67.0,0.35,0,True,▇▃▄█▆█▃▃▃▃▃▃▇▁▃▁▂▂▁▃,False,False,False,0,0.016753472222222232,-0.02293960627293956,0.005404725647964792,-0.07210324191234296,UP,False,25,40.0,IGNORE,NONE,,NEUTRAL,C,WAIT,CMF positive,Health Technology,34.1
GHCL,438.6,437.0,442.3,435.55,False,True,False,False,False,False,1.9349738912904322,10.95114024,1.96030701968127,True,-0.020615047421364864,False,74.69,True,1.2682968245882154,97.0,1.96,0,False,▃▅▂▁▁▇▅▃▂▃▅▄▅▄▂▂▇▄▄█,False,False,False,0,0.020000000000000018,-0.02511669259835514,0.008651253425742578,-0.07428032823775854,UP,False,24,40.0,IGNORE,SEED,,NEUTRAL,C,WAIT,Delivery P97,Process Industries,38.1
KINGFA,5128.5,5114.0,5484.5,5101.0,True,True,True,True,False,True,3.175605697889608,9.5923464,3.201972087215485,False,-0.11238478972747186,False,25.92,False,0.42530499060620736,1.0,-2.44,0,True,▅▇███▅▇▇▇▇▆▅▇▇█▇▅▇▇▁,False,True,True,0,0.028373771806697423,-0.03301531035523042,0.017025025232439983,-0.08217894599463382,UP,False,23,40.0,IGNORE,DISTRIBUTION,,NEUTRAL,C,WAIT,No standout factor,Process Industries,38.1
SEAMECLTD,1411.2,1435.0,1462.0,1402.0,False,False,False,True,False,True,1.2191977456524288,6.82611552,1.2162324273499765,True,-0.13886588708790223,False,57.86,True,1.058204928901285,68.0,0.36,0,True,▄▃▄▃▄▂▃▃▅▄▅▁▄▆█▅▄▆▆▅,False,True,False,0,-0.027362326831621764,-0.05421888613363712,-0.038711073405879204,-0.10338252177304053,UP,False,18,40.0,IGNORE,NONE,,NEUTRAL,C,WAIT,No standout factor,Industrial Services,19.1
JINDRILL,594.35,601.3,602.5,589.0,True,True,True,True,False,True,0.04724194130524687,5.569356675,0.046127371835418464,False,0.010564947072337995,True,33.56,True,1.2319665210528248,35.0,-0.34,0,False,▇▆▆▇█▇▁▁▄▂▃▅▅▆▃▇▆▃▄▆,False,False,False,0,0.08408572731418151,-0.08314693405322016,0.07273698073992407,-0.13231056969262356,UP,False,12,40.0,IGNORE,NONE,,NEUTRAL,C,WAIT,CMF positive,Industrial Services,19.1
ELECON,423.7,424.0,436.85,418.35,False,False,False,False,False,False,2.237628942519713,54.39939381,1.9255692946974172,True,-0.1782286151393177,False,55.42,True,1.2327060812313715,89.0,1.11,0,True,▅▅▆▇▅▇▅▅▁▄▇█▆▄▅▆▆▄█▇,False,True,False,0,-0.1895562356541698,-0.12512905224034698,-0.20090498222842723,-0.17429268787975039,FLAT,False,6,40.0,IGNORE,SEED,,NEUTRAL,C,WAIT,No standout factor,Producer Manufacturing,29.4
YASHO,3092.6,3145.4,3201.1,3045.0,False,True,True,True,False,True,0.5341706280808458,3.7618386399999997,0.5513859420285162,False,-0.018302112757209513,False,39.58,False,0.7763372104426965,14.0,-1.07,0,True,▁▂▄▅▅▄██▄▁▅▅▅▆▃▅▆▃▅▂,False,False,False,7,0.04553906487710879,0.810655737704918,0.03419031830285135,0.7614921020655145,FLAT,True,99,39.0,IGNORE,NONE,,NEUTRAL,C,WAIT,RS leader,Consumer Non-Durables,33.3
GANDHAR,245.47,279.0,279.0,231.0,True,True,True,True,False,True,4.6094004482886195,504.03035051899997,4.345755380468741,False,-0.0334699782473767,False,19.89,False,0.5195042639050318,4.0,-1.94,0,False,▇▆▆█▅▅▇▆▃▆▆▇▅▆▆▇▄▄▁▂,False,False,True,19,0.370116097343157,0.5500757767112905,0.35876735076889954,0.5009121410718871,FLAT,True,96,39.0,IGNORE,DISTRIBUTION,,NEUTRAL,C,WAIT,RS leader,Process Industries,38.1
INDOBORAX,406.6,423.95,426.0,392.0,True,False,True,True,False,False,0.46496864184753356,17.00445926,0.4438312689349593,False,0.2381437764514638,False,18.69,False,0.45560363215308675,1.0,-2.58,0,False,▆▇█▆▆▇▇▃▅▆▆▆▅▆▆▄▅▅▁▃,False,False,False,11,0.0566528066528067,0.48285922684172156,0.04530406007854926,0.43369559120231815,FLAT,True,95,39.0,IGNORE,NONE,,NEUTRAL,C,WAIT,"CMF positive, RS leader",Process Industries,38.1
UNICHEMLAB,539.95,548.9,552.3,538.0,False,True,True,True,False,False,0.05842159976717558,2.766649805,0.051391431620647965,False,0.3160648500752803,False,27.4,False,0.8997471513479787,9.0,-1.54,0,False,█▆▅▄▆▆▂▁▁▃▂▄▃▄▃▅▆▅▅▄,False,False,False,6,0.1940513047324195,0.4400586744899322,0.18270255815816205,0.3908950388505288,FLAT,True,94,39.0,IGNORE,NONE,,NEUTRAL,C,WAIT,"CMF positive, RS leader",Health Technology,34.1
STYL,359.4,384.45,388.9,356.8,True,False,True,True,False,False,0.7118612982830271,8.13279072,0.6890352474382285,False,0.267567772425334,False,44.34,False,0.90433505675039,16.0,-0.99,0,False,▅▅▅▆▅█▂▃▅▇▄▄▆▇▂▂▂▅▁▃,False,False,False,15,0.15935483870967726,0.426190476190476,0.14800609213541982,0.3770268405510726,FLAT,True,93,39.0,IGNORE,NONE,,NEUTRAL,C,WAIT,"CMF positive, RS leader",Technology Services,36.7
FINOPB,166.46,169.89,171.68,165.0,True,True,True,False,False,False,0.08581731909102712,12.405714482,0.08341480264696986,False,0.1723885994851001,False,23.05,False,0.7520023489878147,10.0,-1.38,0,False,▆█▆▇▅▅▇▅█▁▁▂▃▁▂▂▂▂▂▃,False,False,False,3,0.14295523207909921,0.41127596439169145,0.13160648550484177,0.36211232875228805,FLAT,True,92,39.0,IGNORE,NONE,,NEUTRAL,C,WAIT,"CMF positive, RS leader",Finance,33.2
JNKINDIA,469.4,472.0,481.7,465.1,True,False,True,True,False,True,0.24653228524784976,8.14685946,0.2317825885049615,False,-0.05961811290964072,False,36.1,False,0.9665974964857085,18.0,-0.79,0,True,▆▅█▅▆▂▆▁▃▄▄▃▆▆▆▄▆▅▄▅,False,False,False,7,-0.04008179959100211,0.40581012279125495,-0.05143054616525955,0.35664648715185154,FLAT,True,92,39.0,IGNORE,NONE,,NEUTRAL,C,WAIT,RS leader,Producer Manufacturing,29.4
HFCL,192.54,200.0,200.9,191.1,True,False,True,True,False,True,1.0999850108881932,503.185595574,0.9878690091220264,False,-0.1025476287243861,False,41.84,True,1.0873887336755248,87.0,0.88,0,False,▅▄▇█▇▄▇▁▃▃▂▄▄█▅▅▁█▅▆,False,False,False,6,-0.08718532214478747,0.37833774787028407,-0.09853406871904491,0.32917411223088067,FLAT,True,91,39.0,IGNORE,SEED,,NEUTRAL,C,WAIT,RS leader,Electronic Technology,24.6
MENONBE,161.7,170.69,174.57,159.65,True,True,True,True,False,True,0.7306672049386455,3.5119461299999997,0.716646782132681,False,-0.5029716769931594,False,50.79,True,1.1761300481659875,25.0,-0.42,0,False,▇▆▇██▃▂▁▃▄▇▅▄▆▅▄▃▃▆▆,False,False,False,11,0.08691268400887253,0.3803995219395595,0.07556393743461509,0.3312358863001561,FLAT,True,91,39.0,IGNORE,NONE,,NEUTRAL,C,WAIT,RS leader,Producer Manufacturing,29.4
GUFICBIO,382.25,384.0,386.5,377.6,False,False,True,True,False,True,0.2219393015480241,1.84313305,0.20982904513276546,False,0.12043034684494486,False,55.15,True,1.2065457568531361,62.0,0.16,0,False,▁▃▆▅▇▄▅▇▆▅▆▆▆▆▆█▇▇█▇,False,False,False,1,-0.01048407973077925,0.379465896788163,-0.02183282630503669,0.3303022611487596,FLAT,True,91,39.0,IGNORE,NONE,,NEUTRAL,C,WAIT,"CMF positive, RS leader",Health Technology,34.1
CENTENKA,577.8,577.0,597.0,575.1,False,True,True,True,True,True,0.9126017371039972,6.80168826,0.9637009959341613,False,-0.2697409229147123,False,55.08,False,0.9888156831768486,24.0,-0.53,0,True,▅▆▇▆█▅▇▆▇▆█▁▃▄▅▅▆▆▅▆,False,False,False,8,0.12554787182234328,0.3313364055299539,0.11419912524808584,0.2821727698905505,FLAT,True,89,39.0,IGNORE,NONE,,NEUTRAL,C,WAIT,No standout factor,Process Industries,38.1
RPGLIFE,2928.1,2920.5,2984.9,2900.0,True,True,True,True,False,True,0.35154634237670407,4.72829588,0.3655581685752616,False,0.29284302170047105,False,41.48,False,0.9537276541932517,11.0,-1.01,0,False,█▆▅▄▅▃▁▄▁▁▄▁▃▅▄▄▄▅▅▄,False,False,False,7,0.28515625,0.27264429763560494,0.27380750342574256,0.22348066199620154,UP,True,84,39.0,IGNORE,NONE,,NEUTRAL,C,WAIT,CMF positive,Health Technology,34.1
ZSARACOM,12230.0,12370.0,12850.0,12230.0,True,True,True,True,False,True,0.09852216748768473,0.028129,0.09496424885018658,False,0.6851360451135512,False,87.5,True,1.1944903280411723,63.0,0.5,0,False,██▅▇▃▁▂▃▄▅▅▇▅▆▆▇▅▅▇▇,False,False,False,0,0.2739583333333333,0.26735751295336785,0.26260958675907586,0.21819387731396445,UP,True,83,39.0,IGNORE,NONE,,NEUTRAL,C,WAIT,CMF positive,Finance,33.2
OFSS,11089.0,10760.0,11189.0,10665.0,False,True,True,True,False,True,0.9598607080188867,510.1416827,0.9594912678820428,False,0.052506471018916256,False,23.01,False,0.6126605870997804,8.0,-1.45,0,False,▇▄▃▅▆▅▆▇▅▅▆▆█▆█▇▆▃▁▃,False,False,False,14,0.010433277142466668,0.24532539727104274,-0.0009154694317907719,0.19616176163163934,FLAT,True,81,39.0,IGNORE,NONE,,NEUTRAL,C,WAIT,CMF positive,Technology Services,36.7
WELCORP,1599.8,1665.0,1668.8,1595.1,False,True,True,True,False,True,0.6422084693042129,151.16542196,0.6475624763939418,False,0.23010588619962777,False,43.44,False,0.8792454357770311,20.0,-0.68,0,False,▄▅▄▅▁▄▇▅▆▅▄█▇▄▅▆▅▆▁▄,False,False,False,11,0.05890918718559712,0.23260651822174272,0.04756044061133968,0.18344288258233932,FLAT,True,80,39.0,IGNORE,NONE,,NEUTRAL,C,WAIT,CMF positive,Producer Manufacturing,29.4
NEOGEN,2064.1,2135.0,2159.7,2042.3,False,False,True,True,False,True,1.1704729089641328,30.820315559999997,1.1432269000472814,True,0.09005590825291959,False,30.26,False,0.7534391534391535,12.0,-1.13,0,False,▁▅█▇▆█▇▇▅▆▄▂▁▇▃▆▄▄▇▃,False,False,False,5,0.09658396642405576,0.22056649518065163,0.08523521984979832,0.17140285954124823,FLAT,True,80,39.0,IGNORE,NONE,,NEUTRAL,C,WAIT,CMF positive,Process Industries,38.1
DATAPATTNS,4578.9,4600.0,4686.0,4540.0,True,True,True,True,False,True,0.6498638896807696,300.77374641,0.6555281108091615,False,0.20750742432193842,False,17.68,False,0.7127307909376763,16.0,-0.99,0,True,▃▄▄▆▂▇▃▄▄▆▇▄▆▄█▄▁▃▁▂,False,False,False,0,0.023881398000938914,0.22032407654176223,0.012532651426681474,0.17116044090235882,FLAT,True,79,39.0,IGNORE,NONE,,NEUTRAL,C,WAIT,CMF positive,Electronic Technology,24.6
RGL,118.04,117.0,119.85,117.0,True,True,True,True,False,False,0.5758552600368476,2.185085656,0.571789517709509,False,-0.01221438408053812,False,78.08,True,1.2322065460972762,100.0,2.26,0,True,▃▇▃▄▁▄▂▁▂▅▂▅▄▆▆▆▃▆▆█,False,False,False,13,0.020842341952780563,0.1834770403047925,0.009493595378523123,0.1343134046653891,FLAT,True,75,39.0,IGNORE,SEED,,NEUTRAL,C,WAIT,Delivery P100,Consumer Durables,31.1
RELIGARE,255.45,259.25,259.25,252.6,True,False,True,True,False,True,1.9083408882621309,33.569399759999996,1.8456296263901328,False,-0.040993545228593276,False,47.54,False,0.8622550308790321,16.0,-0.96,0,False,▅▃▄▁▁▇▂▄▇▄█▇▆▂▄▂▃▅▁▁,False,True,False,0,-0.053853846438757014,0.171788990825688,-0.06520259301301445,0.12262535518628459,FLAT,True,72,39.0,IGNORE,DISTRIBUTION,,NEUTRAL,C,WAIT,No standout factor,Finance,33.2
CERA,6205.5,6019.5,6232.5,6019.5,False,True,True,True,False,True,1.0354789393220518,6.09442155,1.0201255804814928,True,-0.20162749096828797,False,53.18,True,1.1059811995674236,63.0,0.22,0,True,▅▆▇▆▄▅▇▅█▅▄▁▅▅▆▅▆▇▅▆,False,False,False,1,-0.039916453933627305,0.116398308896285,-0.051265200507884745,0.0672346732568816,FLAT,True,63,39.0,IGNORE,NONE,,NEUTRAL,C,WAIT,No standout factor,Consumer Durables,31.1
CRAFTSMAN,9327.0,9312.0,9414.5,9293.5,False,True,True,True,False,True,0.3567050137271669,15.6992064,0.358312747142217,False,0.09675594778449996,False,48.77,False,0.8866063718583829,56.0,0.06,0,True,▅▂▁▄▆▇▂▆▃▄▄▃▅█▃▁▂▂▁▃,False,False,False,0,-0.006497656582871714,0.10660259832710439,-0.017846403157129154,0.05743896268770099,FLAT,True,61,39.0,IGNORE,NONE,,NEUTRAL,C,WAIT,CMF positive,Producer Manufacturing,29.4
DCBBANK,190.26,193.16,204.74,189.74,False,True,True,True,False,True,11.54396667251439,207.889853094,11.636515151841252,True,-0.353040085815133,False,23.51,False,0.45906761044666833,2.0,-3.02,0,False,▅▆▅▅▆▆▅▅▆▆▇▆▆▇▆█▆▅▅▁,False,False,False,1,0.012721562782775253,0.07074117845686301,0.001372816208517813,0.021577542817459605,FLAT,True,52,39.0,IGNORE,NONE,,NEUTRAL,C,WAIT,No standout factor,Finance,33.2
ACI,576.75,557.0,584.9,556.95,False,True,True,True,False,False,0.7926437596888221,15.056116425,0.8224060024955998,False,0.0282742305084721,True,50.35,False,0.9303485804562126,76.0,0.62,0,True,▁▂▂▂▃▃▃▂▃▄▃█▂▂▃▂▄▂▂▂,False,False,False,0,0.10626258751318685,0.06954102920723226,0.0949138409389294,0.02037739356782886,UP,True,52,39.0,IGNORE,NONE,,NEUTRAL,C,WAIT,CMF positive,Process Industries,38.1
JUBLINGREA,744.1,725.55,755.25,725.3,False,True,True,True,False,True,0.6366935002762238,33.17517763,0.6551269569076539,False,0.0593605171393135,True,49.23,False,0.9522980501392756,50.0,-0.01,0,False,▇▃▅▆▆█▆▄▇█▆▆▆▅▇▃▁▄▆▅,False,False,False,2,0.21793927489974618,0.03139510707602744,0.20659052832548874,-0.017768528563375963,UP,False,42,39.0,IGNORE,NONE,,NEUTRAL,C,WAIT,CMF positive,Process Industries,38.1
DBREALTY,114.34,115.99,117.34,110.0,True,False,True,False,False,False,0.5669339403976741,27.242659834000005,0.5123301443542408,False,0.11131801383430685,True,44.67,True,1.1511403169694627,40.0,-0.15,0,False,▄▆▇▇▆▇▆▅▅▃▂▁▂▅▅▅▅▅█▆,False,False,False,3,0.04687786119758286,0.02345148585750101,0.03552911462332542,-0.025712149781902394,UP,False,39,39.0,IGNORE,NONE,,NEUTRAL,C,WAIT,CMF positive,Finance,33.2
TEXRAIL,112.77,111.11,113.99,111.0,False,False,True,False,False,False,0.39424656186804435,12.624071481,0.3838318346373889,False,0.08719672640417148,True,42.55,True,1.0329801051187744,61.0,0.3,0,True,▆▃▃▆▂▁▆▆▆▅█▄▅▆▄▆█▅▄▅,False,False,False,0,0.04863306676585455,0.02174503941288375,0.03728432019159711,-0.027418596226519654,UP,False,38,39.0,IGNORE,NONE,,NEUTRAL,C,WAIT,CMF positive,Producer Manufacturing,29.4
VHL,3503.3,3452.0,3579.0,3452.0,False,False,False,True,False,False,1.5867768595041323,0.26905344000000003,1.5684317417133693,False,-0.13415546220724692,True,57.18,False,0.7421781201529005,28.0,-0.61,0,True,▄▃▅▆▂▅▅▆▃▁▇▃▆▅██▇▇▇▁,False,True,False,0,-0.008658988652763155,0.01483155180904383,-0.020007735227020595,-0.03433208383035957,UP,False,36,39.0,IGNORE,NONE,,NEUTRAL,C,WAIT,No standout factor,Finance,33.2
APOLLOPIPE,505.35,494.0,514.35,493.0,False,True,True,True,False,True,1.0203407378817853,5.891622975,1.0449230279457447,True,-0.05112454144728417,True,46.23,False,0.9574104563387281,55.0,0.14,0,True,▄▆▄▅▇▁▆█▃▄▃▆▃▄▇▅▄▃▃▄,False,False,False,0,0.0725883476599809,-0.005901445854234244,0.06123960108572346,-0.055065081493637646,UP,False,30,39.0,IGNORE,NONE,,NEUTRAL,C,WAIT,No standout factor,Producer Manufacturing,29.4
ANDHRAPAP,62.59,61.2,64.45,61.2,False,True,True,False,False,False,3.0103589665227743,2.9593365670000003,3.0786607215885837,True,-0.20367667980170806,True,57.5,False,0.8736211978486129,33.0,-0.33,0,True,▄▅▄▄▅▄▄▂▄▁▆▅▅▆▄▅▅▂█▃,False,False,False,0,0.008702659145850111,-0.013398486759142458,-0.002646087428407329,-0.06256212239854586,UP,False,28,39.0,IGNORE,NONE,,NEUTRAL,C,WAIT,No standout factor,Process Industries,38.1
UPL,608.5,605.45,610.95,603.25,False,True,False,False,False,False,0.5862620808192118,93.89733075,0.6033371163444312,False,0.05202644044493029,True,66.79,True,1.292851474032636,93.0,1.28,0,False,█▇▃▂▂▃▆▇▅▆▅▃▃▁▆▅▄▄▄▇,False,False,False,0,0.07054890921886003,-0.04601395312377521,0.059200162644602594,-0.09517758876317861,UP,False,20,39.0,IGNORE,SEED,,NEUTRAL,C,WAIT,"Delivery P93, CMF positive",Process Industries,38.1
STARCEMENT,202.83,204.14,206.79,201.1,True,False,False,False,False,False,1.504601972627121,5.7406974900000005,1.4747079913610495,False,-0.18900294490930716,True,70.61,True,1.2269011233417026,93.0,1.4,0,False,▄▅▄▃▃▇▅▃█▄▄▄▃▃▁▃▄▃▄▇,False,True,False,0,-0.027334196518486453,-0.045101454733769475,-0.03868294309274389,-0.09426509037317288,UP,False,20,39.0,IGNORE,SEED,,NEUTRAL,C,WAIT,Delivery P93,Non-Energy Minerals,35.2
ASALCBR,791.7,800.0,804.95,762.3,True,False,False,False,False,False,2.616741532952718,6.1269663,2.506746068915876,False,-0.18578326688732597,True,49.93,False,0.868574410715839,37.0,-0.17,0,True,▅▄▂▄▅██▅▃█▄▃▆▃▃▅▆▄▁▃,False,True,False,0,-0.07662701189643095,-0.048894762133589564,-0.08797575847068839,-0.09805839777299297,UP,False,19,39.0,IGNORE,NONE,,NEUTRAL,C,WAIT,No standout factor,Consumer Non-Durables,33.3
BLUSPRING,109.36,110.44,111.49,108.5,False,True,True,True,False,True,0.12463187353321792,1.3215937279999999,0.11784224355377183,False,-0.21870853605781213,True,42.96,True,1.174299889294354,19.0,-0.98,0,False,▇▅▃▁▂▆▃▁▃▄▃▂▂▅▃▆▆█▅▅,False,False,False,2,-0.013619554433119907,0.5762467569904872,-0.024968301007377347,0.5270831213510838,FLAT,True,97,38.0,IGNORE,NONE,,NEUTRAL,C,WAIT,RS leader,Commercial Services,33.3
GALAPREC,1164.2,1151.9,1192.0,1147.2,False,True,True,True,False,True,0.5668122491227184,3.9207927600000003,0.5627066282946777,False,-0.012754199017397386,True,39.36,False,0.9416718503277668,12.0,-1.17,0,False,▄▆▄▄▄▅█▄▆▇▆▁▅▃▅▆▆▆█▅,False,False,False,3,0.0918128106536622,0.36795722930497643,0.08046406407940476,0.318793593665573,FLAT,True,90,38.0,IGNORE,NONE,,NEUTRAL,C,WAIT,RS leader,Producer Manufacturing,29.4
SAKSOFT,164.69,170.2,173.01,162.04,True,False,True,True,False,False,0.06092228849223604,14.679247894,0.05259912495347751,False,0.0007409410737890256,False,36.6,True,2.4510296333500756,25.0,-0.38,4,False,▁▂▃▂▄▂▂▃▅▄▆▂▃▄▄▅▇▆▅█,False,False,False,1,-0.10382543396637112,0.2358547200960528,-0.11517418054062856,0.1866910844566494,FLAT,True,81,38.0,IGNORE,NONE,DEL37% ▁▂▃▂▄▂▂▃▅▄▆▂▃▄▄▅▇▆▅█ P25 Z-0.4 4D,NEUTRAL,C,WAIT,"4D high delivery, CMF positive",Technology Services,36.7
IXIGO,195.99,187.5,197.99,185.4,False,False,True,False,False,False,0.7712624357433161,22.18920384,0.7294458911432721,False,0.2898128656682538,True,27.98,False,0.5896174230051944,10.0,-1.34,0,True,▆▁▂▅▃▃▄▅▆▄▅▆▅▆█▆▅▄▅▂,False,False,False,4,0.01586067485616538,0.2149144557401439,0.00451192828190794,0.1657508201007405,FLAT,True,79,38.0,IGNORE,NONE,,NEUTRAL,C,WAIT,CMF positive,Technology Services,36.7
SAMMAANCAP,164.96,161.57,165.45,160.12,False,False,False,True,False,True,0.4241784381920823,76.436409968,0.4173532093829282,False,-0.16490112279528207,True,59.11,True,1.153005890843834,96.0,1.81,0,True,▅▁▄▃▃▅▄▄▃▄▅▄▄▅▆▅▄█▃▆,False,False,False,0,-0.015986638033882006,0.1813234030363795,-0.027335384608139446,0.1321597673969761,FLAT,True,74,38.0,IGNORE,SEED,,NEUTRAL,C,WAIT,Delivery P96,Finance,33.2
APARINDS,14051.0,14133.0,14149.0,13289.0,False,False,True,True,False,False,1.3125399158547553,272.4559155,1.2841680745627972,True,-0.10673139827240855,True,22.64,False,0.5745245073782244,1.0,-1.8,0,True,▇▆▃▇▅▄█▄▅▇█▆▆█▆██▄▁▁,False,True,False,0,-0.12104341298636312,0.1560803027809774,-0.13239215956062056,0.106916667141574,FLAT,True,70,38.0,IGNORE,NONE,,NEUTRAL,C,WAIT,No standout factor,Electronic Technology,24.6
GULFOILLUB,1048.2,1028.4,1059.0,1020.9,False,True,True,False,False,False,1.2836595162990863,9.36084528,1.2944153040860664,True,-0.13775718215647798,True,53.02,False,0.8877577502992959,23.0,-0.61,0,True,█▃▂▃▄▅▅▆▅▅▄▅▄▄▆▇█▁▁▃,False,True,False,1,-0.04129510220880772,0.15759249033683043,-0.05264384878306516,0.10842885469742702,FLAT,True,70,38.0,IGNORE,NONE,,NEUTRAL,C,WAIT,No standout factor,Energy Minerals,35.2
BALRAMCHIN,611.65,609.0,618.0,609.0,False,True,True,True,False,True,0.2861487070127638,12.739874355,0.29604591727848895,False,0.02144321486333431,False,31.4,False,0.793560534263366,14.0,-1.07,0,False,█▃▅▅▂▆▅▅▆▂▂▆▆▁▅▁▃█▃▃,False,False,False,14,0.16040599506734954,0.1303825540565513,0.1490572484930921,0.0812189184171479,UP,True,66,38.0,IGNORE,NONE,,NEUTRAL,C,WAIT,CMF positive,Process Industries,38.1
CDSL,1329.0,1345.1,1349.0,1326.0,True,False,True,False,False,False,0.43447853278473203,110.9806701,0.4164005087969369,False,0.20390127676934444,True,38.68,True,1.039086635325722,66.0,0.48,0,False,█▆███▇▆▆▇▃▄▃▆▁▅█▅▂▃▆,False,False,False,4,0.02396178442098762,0.12227664245904402,0.01261303784673018,0.07311300681964061,FLAT,True,64,38.0,IGNORE,NONE,,NEUTRAL,C,WAIT,CMF positive,Finance,33.2
DIAMONDYD,1097.6,1111.4,1122.8,1080.5,True,False,False,True,False,True,0.6839159598390786,1.9461545599999999,0.632629745962285,False,0.23356263955258186,True,59.23,True,1.00784427163981,50.0,-0.01,0,False,▇▃▁▄▆▅▄▅▅▄▄▆▇▇▇▇█▇▃▅,False,False,False,4,-0.016399318935388596,0.12091503267973835,-0.027748065509646036,0.07175139704033495,FLAT,True,64,38.0,IGNORE,NONE,,NEUTRAL,C,WAIT,CMF positive,Consumer Non-Durables,33.3
FMGOETZE,483.75,486.05,486.95,478.45,False,True,True,True,False,False,0.38349080903306415,1.0497375,0.3913954675972345,False,-0.005143747365867618,True,63.71,True,1.12270252171921,87.0,1.1,0,True,▅▂▂▅▄▄▄▅▅▅▇▁▅▃▆█▄▅▆▆,False,False,False,6,0.07607607607607614,0.11849710982658967,0.0647273295018187,0.06933347418718627,FLAT,True,63,38.0,IGNORE,SEED,,NEUTRAL,C,WAIT,No standout factor,Producer Manufacturing,29.4
TIPSMUSIC,712.55,705.1,717.5,696.9,False,True,True,True,False,True,0.47091854163708424,41.75642757,0.49368317763891323,False,-0.030015469198333134,True,30.18,False,0.7459311163014866,6.0,-1.61,0,False,█▄▄▇▇▆▆▇▆▇▅▆▇▄▂▆▄▁▁▄,False,False,False,10,0.14154117270105715,0.11188265584770218,0.1301924261267997,0.06271902020829878,UP,True,62,38.0,IGNORE,NONE,,NEUTRAL,C,WAIT,No standout factor,Consumer Services,34.2
COROMANDEL,2003.8,1990.5,2011.0,1983.0,False,False,True,False,False,False,0.36652235035817704,17.04672736,0.36653231461794333,False,0.26522214290347995,True,55.4,True,1.0598002831235414,38.0,-0.13,0,False,▆▆▇▇▇█▆▇█▇▆▅█▇▆▇▅▁▇▇,False,False,False,6,0.046972151105073356,0.09068147180492048,0.035623404530815916,0.041517836165517075,FLAT,True,57,38.0,IGNORE,NONE,,NEUTRAL,C,WAIT,CMF positive,Process Industries,38.1
GOODYEAR,818.3,813.0,827.45,813.0,True,True,True,False,False,False,0.7053020289697085,0.84710416,0.7189700780360612,False,-0.035346138858549675,True,63.81,True,1.0096439110450077,33.0,-0.27,0,True,▇█▁▆▇▇▇▃▄▆▅▄▅▅▆▇▇▃▄▅,False,False,False,10,0.08255060193147234,0.09106666666666663,0.0712018553572149,0.04190303102726323,UP,True,57,38.0,IGNORE,NONE,,NEUTRAL,C,WAIT,No standout factor,Consumer Durables,31.1
MANKIND,2557.0,2531.1,2590.1,2516.4,False,True,True,True,False,True,0.5905230571872594,60.4538725,0.5986875305577964,False,-0.14738037103382237,True,50.82,False,0.9958359868711115,28.0,-0.59,0,False,▇▃█▃▇▄▅▁▆▇▇▁▇▄▂▄▇▆▄▅,False,False,False,5,0.02980265807490934,0.06205349725868081,0.0184539115006519,0.01288986161927741,UP,True,50,38.0,IGNORE,NONE,,NEUTRAL,C,WAIT,No standout factor,Health Technology,34.1
CUMMINSIND,5586.0,5535.5,5587.0,5505.5,False,True,True,True,False,True,0.350385115772257,105.4742934,0.3514815909242416,False,-0.21491277885049523,False,71.25,True,1.2465664747974876,97.0,1.72,0,True,▆▂▃▄▃▅▃▃▃▆▅▅▄▅▆▁▄▆▄█,False,False,False,0,-0.03088133240804991,0.03425291612664316,-0.04223007898230735,-0.01491071951276024,FLAT,False,43,38.0,IGNORE,SEED,,NEUTRAL,C,WAIT,Delivery P97,Producer Manufacturing,29.4
EPIGRAL,1157.0,1192.7,1208.9,1111.2,True,True,True,False,False,False,5.183392476310533,75.096242,5.481690584959177,False,0.09640957421621926,False,16.56,False,0.3443614963921063,1.0,-3.67,0,False,▇██▆▇▆▆▆▆▁▅▅▄▅▅▂▅▅▃▁,False,False,False,0,0.03943940346779273,-0.03895672398039707,0.028090656893535293,-0.08812035961980047,UP,False,22,38.0,IGNORE,NONE,,NEUTRAL,C,WAIT,CMF positive,Process Industries,38.1
HAL,4582.0,4485.0,4594.0,4461.4,False,True,True,True,True,True,0.9690938878288614,318.8595472,1.0009813741042064,False,0.09766016766728684,False,45.03,False,0.9833810137363238,46.0,-0.13,0,False,▆▁▄▃▃▅█▆▆▅▅▅▅▃▃▄▃▇▅▄,False,False,False,0,0.014794472005669856,-0.04304421377999634,0.0034457254314124164,-0.09220784941939975,UP,False,21,38.0,IGNORE,NONE,,NEUTRAL,C,WAIT,CMF positive,Electronic Technology,24.6
IMFA,1371.8,1360.0,1380.0,1342.2,False,True,False,True,False,False,0.4144407262934875,5.74249198,0.4191590825245728,False,0.03347897675559219,True,52.28,True,1.1342901465594863,89.0,1.2,0,True,▅▃▅▃▄▅▅▇▄▅▂██▅▆▂▄▆▁▇,False,False,False,0,0.04319391634980985,-0.05432234937267333,0.03184516977555241,-0.10348598501207673,UP,False,18,38.0,IGNORE,SEED,,NEUTRAL,C,WAIT,CMF positive,Non-Energy Minerals,35.2
GLENMARK,2196.0,2218.0,2220.0,2183.1,False,False,False,True,False,True,1.0099135594792297,130.322718,0.9920400968374986,True,-0.08819964652122898,False,59.45,True,1.2330827067669174,91.0,1.25,0,True,▂▄▂▂▄▅▁▃▅▂▅▅▄▁█▃▄▆█▇,False,False,False,0,0.004298911552181428,-0.061498354630539764,-0.007049835022076012,-0.11066199026994317,UP,False,16,38.0,IGNORE,SEED,,NEUTRAL,C,WAIT,Delivery P91,Health Technology,34.1
DHANUKA,996.2,1019.9,1023.3,990.2,True,False,False,False,False,False,3.796349711973379,9.046890679999999,3.6156463323806727,False,-0.16408667250937714,False,68.1,True,1.3177499564620059,96.0,1.53,0,True,▁▁▅▂▄▁▇▂▅▃▇▂▃▆▃▂▁▁▂█,False,False,False,0,-0.05582409250308018,-0.08260429137121283,-0.06717283907733762,-0.13176792701061624,UP,False,12,38.0,IGNORE,DISTRIBUTION,,NEUTRAL,C,WAIT,Delivery P96,Process Industries,38.1
ASIANTILES,53.42,54.4,55.6,53.0,True,True,False,False,False,False,2.0456906406676914,83.629106156,2.0898040719181163,False,-0.01881684162190038,False,10.92,False,0.25186825352892334,1.0,-2.21,0,True,▂▄▂▅▅▅▄██▅▅▅▇▄▅▅▅▁▁▁,False,True,False,0,-0.03938140622190245,-0.1008247769735734,-0.05073015279615989,-0.1499884126129768,UP,False,9,38.0,IGNORE,DISTRIBUTION,,NEUTRAL,C,WAIT,No standout factor,Producer Manufacturing,29.4
TIRUMALCHM,172.09,170.0,173.45,168.23,False,True,False,False,False,False,1.2615791991802598,19.984243803000002,1.2527217201810241,True,0.03670924134091886,True,68.01,True,1.2939620810700254,95.0,1.8,0,False,▂▁▄▅▅▅▆▇▆▆▇▇██▅▅▄▅▄▇,False,False,False,0,0.0775829680651221,-0.13435613682092562,0.06623422149086466,-0.18351977246032902,UP,False,5,38.0,IGNORE,SEED,,NEUTRAL,C,WAIT,"Delivery P95, CMF positive",Process Industries,38.1
KPL,2705.9,2829.9,2830.0,2700.9,True,True,True,True,False,True,0.6245656943033536,5.2654108100000006,0.6238054700374056,False,-0.05779333299376101,False,51.85,True,1.1067708333333335,56.0,0.1,0,False,▁▄▂▄▆▄▁▄▃▄▄▄▄▃▄▆█▇▄▅,False,False,False,1,-0.005147248060590415,0.6187485044268966,-0.016495994634847855,0.5695848687874931,FLAT,True,97,37.0,IGNORE,NONE,,NEUTRAL,C,WAIT,RS leader,Health Technology,34.1
TAALTECH,3950.2,3949.3,3996.0,3849.9,False,True,True,True,False,True,0.2541298483418647,0.5265616599999999,0.2582742403483375,False,0.15561147083591353,False,57.34,False,0.9363237779537718,16.0,-0.98,0,False,▅▂▁▃▅▅▇▅█▆▆▃▃▆▃▂▄▄▄▄,False,False,False,1,0.25204437400950863,0.4364363636363635,0.2406956274352512,0.3872727279969601,FLAT,True,93,37.0,IGNORE,NONE,,NEUTRAL,C,WAIT,"CMF positive, RS leader",Transportation,40.9
RELAXO,401.4,403.95,409.55,396.7,True,True,True,True,False,False,0.12247704346093294,14.57318826,0.11367999014799776,False,0.5772371217566111,False,22.03,False,0.8825237856785179,8.0,-1.59,0,False,▂▂▄▅▃▄▃▄▄▅▅▅█▁▁▃▂▄▄▃,False,False,False,2,-0.03936819432810823,0.39714584058475455,-0.05071694090236567,0.34798220494535115,FLAT,True,92,37.0,IGNORE,NONE,,NEUTRAL,C,WAIT,"CMF positive, RS leader",Consumer Non-Durables,33.3
ACMESOLAR,362.4,370.0,371.0,358.4,True,False,True,True,False,True,1.2287308548055307,81.97683695999999,1.1718404995453695,False,-0.06688771114672369,False,47.68,True,1.0096667972513684,60.0,0.23,0,True,▄▄▁▂▃▆▅▅▄▃▅▇▃▇▃▃▅█▂▄,False,False,False,5,-0.044429795649307935,0.3149492017416544,-0.055778542223565375,0.265785566102251,FLAT,True,88,37.0,IGNORE,NONE,,NEUTRAL,C,WAIT,No standout factor,Industrial Services,19.1
XPROINDIA,1394.1,1399.0,1406.0,1378.2,False,True,True,True,False,True,0.7861301610020462,4.5712539,0.7620452226525841,False,-0.11414376460126169,False,69.2,True,1.3789118154011697,88.0,1.08,0,True,▃▅▃▁▃▅▁▄▄▄▄▄▇▅▆█▄▂▄█,False,False,False,4,0.02191760738894577,0.3132064807837227,0.01056886081468833,0.2640428451443193,FLAT,True,88,37.0,IGNORE,SEED,,NEUTRAL,C,WAIT,No standout factor,Process Industries,38.1
HONASA,452.75,451.95,460.7,447.2,False,False,True,True,False,True,0.8570899057575995,51.350950275,0.8448990884439707,False,-0.15496630481487364,False,61.95,True,1.3209800200439261,92.0,1.14,0,False,▃▂▅▄▄▄▄▁▇▃▂▇▃▂▄▇▄▁▅█,False,False,False,12,0.014111322656512604,0.30007178750897334,0.0027625760822551637,0.25090815186956994,FLAT,True,87,37.0,IGNORE,SEED,,NEUTRAL,C,WAIT,Delivery P92,Retail Trade,27.1
PCBL,326.15,319.85,327.45,319.85,False,True,True,True,False,False,0.5930402084038804,21.685289504999997,0.6030288944382068,False,-0.008367188116150772,False,38.95,True,1.044235924932976,45.0,-0.03,0,True,▂▄▇▄▃▅█▄▅▂▄▆▇▃▁▂█▂▆▅,False,False,False,6,0.0206540447504302,0.2192523364485981,0.00930529817617276,0.1700887008091947,FLAT,True,79,37.0,IGNORE,NONE,,NEUTRAL,C,WAIT,No standout factor,Process Industries,38.1
5PAISA,369.25,375.45,381.95,368.0,True,True,True,True,False,True,0.40626065639836983,1.258145525,0.3983255570964423,False,-0.08533339330936877,False,59.14,True,1.1673213193060026,89.0,1.09,0,True,█▃▁▄▃▆▂▆▅▆▅▄▅▂▃▄▃▄▄▆,False,False,False,7,0.05184446660019937,0.21985464155929968,0.04049572002594193,0.17069100591989628,FLAT,True,79,37.0,IGNORE,SEED,,NEUTRAL,C,WAIT,No standout factor,Finance,33.2
TALBROAUTO,386.85,399.0,406.4,384.65,True,False,True,True,False,True,0.9067612434222513,7.441640025,0.8518835692770704,False,-0.13558867337554875,False,50.84,True,1.1090871410028469,60.0,0.25,0,True,▅▄▂▆▃▅▄▅▆▃▆▃█▁▅▆▅▆▄▇,False,False,False,3,-0.0701838721307535,0.20476487075677352,-0.08153261870501094,0.15560123511737012,FLAT,True,78,37.0,IGNORE,NONE,,NEUTRAL,C,WAIT,No standout factor,Producer Manufacturing,29.4
CENTUM,3503.1,3600.0,3669.4,3490.0,True,False,True,True,False,True,1.0010144117446995,11.856942570000001,0.9570717888194418,False,-0.052728615382429345,False,56.9,True,1.1622800298230025,90.0,1.08,0,True,▂▁▅▃▄▂▄▄▄▆▄▆▅▇▅█▇▄▃▆,False,False,False,1,-0.048122384653008,0.2036489829576691,-0.05947113122726544,0.1544853473182657,FLAT,True,77,37.0,IGNORE,SEED,,NEUTRAL,C,WAIT,Delivery P90,Electronic Technology,24.6
BHARATSE,211.85,216.3,219.78,207.75,True,False,True,True,False,False,0.18559440088005122,9.343241735,0.16709887392163436,False,0.1975639249002299,False,45.48,True,1.4795777282560958,54.0,0.2,0,False,█▁▁▂▄▅▅▃▅▄▆▅▇▇█▆▆▅▅▇,False,False,False,7,0.13016804481195,0.17694444444444435,0.11881929823769255,0.12778080880504095,FLAT,True,73,37.0,IGNORE,NONE,,NEUTRAL,C,WAIT,CMF positive,Producer Manufacturing,29.4
BORORENEW,585.1,582.4,589.9,577.75,False,False,True,True,False,False,0.3417467567814756,18.812895830000002,0.32046849189051746,False,0.025371055066808527,True,48.86,True,1.1604184726460913,72.0,0.51,0,False,▇▆▆▇▇█▆▁▄▆█▇▅▃▆▆▆▆▄▇,False,False,False,7,-0.03313228125258194,0.1737211634904714,-0.04448102782683938,0.124557527851068,FLAT,True,72,37.0,IGNORE,NONE,,NEUTRAL,C,WAIT,CMF positive,Process Industries,38.1
GARFIBRES,753.0,751.4,760.0,747.5,False,True,True,True,False,False,0.4044774255414473,1.7437221,0.4088841379422527,False,0.1253580240721979,False,60.54,True,1.225010117361392,76.0,0.48,0,True,▁▂▆▇▅▆▄▄▅▆▁▅▆▄▆▆▃█▅█,False,False,False,0,0.004669779853235578,0.1704359990673816,-0.006678966721021862,0.1212723634279782,FLAT,True,72,37.0,IGNORE,NONE,,NEUTRAL,C,WAIT,CMF positive,Producer Manufacturing,29.4
RANEHOLDIN,1762.7,1738.0,1767.8,1731.0,False,True,True,True,False,True,0.4260420048447919,1.35322479,0.43124841857729046,False,-0.024278531873313115,False,57.07,True,1.0685665068903536,48.0,0.0,0,True,▄▂▃▅▁▅▃█▂▁▄▃▅▂▄▅▆▇▃▅,False,False,False,9,0.0320257611241217,0.16804718043867206,0.02067701454986426,0.11888354479926866,FLAT,True,72,37.0,IGNORE,NONE,,NEUTRAL,C,WAIT,No standout factor,Producer Manufacturing,29.4
POLYMED,1680.7,1775.0,1775.0,1664.0,False,True,True,True,False,False,1.3791436794669991,24.93789046,1.374187963831357,True,-0.1321038149017548,False,25.38,False,0.5474428938116088,2.0,-1.71,0,False,▃▅▂▃▃▄▃▂▄▄▄▇▃▃▃▃█▄▂▁,False,True,False,6,0.017003509621203117,0.1573474727998898,0.005654763046945677,0.1081838371604864,FLAT,True,70,37.0,IGNORE,NONE,,NEUTRAL,C,WAIT,No standout factor,Health Technology,34.1
SAMBHV,121.69,116.0,123.55,114.91,False,True,True,True,False,True,1.4336240930472224,22.616244697,1.489994911934963,True,0.00044824974922103207,True,42.27,False,0.963550571018259,25.0,-0.72,0,False,▃▃▇▃▅▅▃▆▆▆█▆▄▆▆▄▆▁▄▄,False,False,False,0,0.10076888285843522,0.13963289005431734,0.08942013628417778,0.09046925441491394,FLAT,True,68,37.0,IGNORE,NONE,,NEUTRAL,C,WAIT,CMF positive,Non-Energy Minerals,35.2
KKCL,501.95,509.4,513.45,498.0,True,True,True,True,False,False,0.6535978984463777,1.782775815,0.648275675576774,False,0.24506425682562552,False,63.83,True,1.1055493972564776,75.0,0.61,0,False,▅▅▄█▁▂▅▆▄▄▆▅▁▄▄▄▂▅▆▆,False,False,False,5,0.014757909633073885,0.14235320892125625,0.0034091630588164445,0.09318957328185284,FLAT,True,68,37.0,IGNORE,NONE,,NEUTRAL,C,WAIT,CMF positive,Consumer Non-Durables,33.3
AEQUS,231.5,232.0,232.79,227.0,False,False,True,True,False,True,0.19760489486540436,41.0574973,0.18482922016470374,False,-0.05476184965780204,False,41.74,True,1.3044769122587703,64.0,0.34,0,True,▄▄▄▂▃▂▁▂▄█▄▃▆▆▄▅▆▇▄▆,False,False,False,5,-0.0374620597896137,0.13147605083088965,-0.04881080636387114,0.08231241519148624,FLAT,True,66,37.0,IGNORE,NONE,,NEUTRAL,C,WAIT,No standout factor,Electronic Technology,24.6
INNOVACAP,970.4,948.0,975.9,948.0,False,True,True,True,False,True,0.8447331826032466,4.2383190399999995,0.835661878918155,False,-0.2527589770066207,False,59.65,True,1.1389673871534407,79.0,0.71,0,True,▂▄▄▄▅▄▁▅▇▅▅▃▄▄█▆▇▅▇▆,False,False,False,9,-0.02393884530275603,0.10637327556720999,-0.03528759187701347,0.05720963992780659,FLAT,True,61,37.0,IGNORE,NONE,,NEUTRAL,C,WAIT,No standout factor,Health Technology,34.1
DIVISLAB,7330.0,7318.0,7344.0,7275.0,False,True,True,True,True,True,0.4189769662362584,131.230456,0.4428201206107287,False,-0.04828323515778037,False,52.43,False,0.9173942713163374,31.0,-0.41,0,False,███▇█▆▅▅▅▆▁▃▇▇▄▄▅▆▆▄,False,False,False,9,0.07992633517495396,0.0923180090902318,0.06857758860069652,0.0431543734508284,UP,True,57,37.0,IGNORE,NONE,,NEUTRAL,C,WAIT,No standout factor,Health Technology,34.1
PACEDIGITK,198.3,197.0,202.0,196.5,False,False,True,True,False,True,0.27232270817607623,11.82215025,0.2587231425474314,False,-0.1604255929250836,False,51.13,True,1.3371690094802224,86.0,1.04,0,True,▃▁▃▄▅▅▃▄▄▆█▂▄▆▃▁▆▄▃█,False,False,False,6,-0.012007373822928602,0.06612903225806455,-0.023356120397186042,0.016965396618661144,FLAT,True,51,37.0,IGNORE,SEED,,NEUTRAL,C,WAIT,No standout factor,Utilities,31.3
WEALTH,958.95,954.85,996.25,945.0,False,False,True,False,False,False,1.7953584390503778,0.25853292,1.7733221379733575,True,-0.12021093209884574,False,45.55,False,0.6467138983147104,6.0,-1.51,0,True,▄▄▇▆█▂▂▅▇▃▇▂█▄▆▅▇▇▅▁,False,True,False,2,-0.029501062645481246,0.0674570045082652,-0.040849809219738686,0.018293368868861792,FLAT,True,51,37.0,IGNORE,NONE,,NEUTRAL,C,WAIT,No standout factor,Finance,33.2
AFFLE,1492.8,1459.3,1501.0,1453.7,False,True,True,False,False,False,0.6298467172294825,23.7370128,0.628246395030555,False,0.09943609008311986,True,41.62,False,0.8205916856435888,15.0,-0.94,0,True,▆▇▇█▆▅▆▆▇▁▃▄▅▄▇▅▇▇█▄,False,False,False,0,0.06666666666666665,0.02513391017717348,0.05531792009240921,-0.024029725462229923,UP,False,39,37.0,IGNORE,NONE,,NEUTRAL,C,WAIT,CMF positive,Technology Services,36.7
ICICIPRULI,509.8,504.25,510.6,501.9,False,True,True,False,False,False,0.95052480293753,97.45097194,0.9621102358124527,False,0.08010052491370141,True,62.71,True,1.2043403111196465,74.0,0.63,0,False,▅▄▄█▁▄▄▄▅▃▂▁▁▄▃▅▆▅▄▅,False,False,False,0,0.04147088866189996,-0.010865347303065542,0.030122142087642523,-0.060028982942468945,UP,False,28,37.0,IGNORE,NONE,,NEUTRAL,C,WAIT,CMF positive,Finance,33.2
GNFC,513.95,506.0,515.0,506.0,False,True,True,True,False,True,0.674546499165737,10.445005850000001,0.6760652285906743,False,-0.27573375940050493,True,56.12,True,1.1428222333092362,83.0,0.91,0,True,▃▃▅▃▄█▄▄▅▄▇▁▃▅▂▅▅▅▂▆,False,False,False,0,-0.05947479183822857,-0.009921017145058664,-0.07082353841248601,-0.059084652784462066,FLAT,False,28,37.0,IGNORE,NONE,,NEUTRAL,C,WAIT,No standout factor,Process Industries,38.1
LTTS,3498.1,3464.0,3519.0,3444.1,False,True,True,False,False,False,0.410480228507476,37.361107239999995,0.4249633502083591,False,0.11139085996798424,True,43.5,True,1.026585011858827,34.0,-0.29,0,False,▅▅█▅▅▆▆▅▅▅▄▁▁▃▅▅▄▄▄▅,False,False,False,0,0.1176752508147485,-0.014480912804620383,0.10632650424049106,-0.06364454844402379,UP,False,27,37.0,IGNORE,NONE,,NEUTRAL,C,WAIT,CMF positive,Commercial Services,33.3
EUREKAFORB,439.7,439.0,444.0,434.5,False,False,False,False,False,False,1.2384885556745333,7.900441659999999,1.1883734866348383,True,-0.010635351807912443,True,64.21,True,1.106401309554579,79.0,0.76,0,True,▄▄▄▆▄█▄▅▆▅▁▄▄▄▄▄▅▅▅▅,False,True,False,0,-0.008791704238052422,-0.10928795705459327,-0.020140450812309862,-0.15845159269399667,UP,False,7,37.0,IGNORE,NONE,,NEUTRAL,C,WAIT,No standout factor,Producer Manufacturing,29.4
FRACTAL,810.5,791.05,811.05,772.85,False,False,False,False,False,False,1.5497530606014833,51.4735582,1.4655179329251522,True,-0.034375461593230607,True,45.98,False,0.9575376413502988,62.0,0.32,0,True,█▆▆▆▄▅▃▂▅▆▄▁▃▇▆▂█▄▆▄,False,True,False,0,-0.09238521836506164,-0.13684771033013843,-0.10373396493931908,-0.18601134596954183,UP,False,5,37.0,IGNORE,NONE,,NEUTRAL,C,WAIT,No standout factor,Technology Services,36.7
GODIGIT,254.8,256.35,258.85,247.35,True,False,False,False,False,False,3.074127845331269,70.642026,2.7043526675023015,False,-0.3249647269086126,True,53.97,True,1.0459302325581394,52.0,0.01,0,True,▅▆▃▄▃▁▃▅▂▆▃▄▆█▇▅▄▄▁▄,False,False,False,1,-0.20312744331508992,-0.17178612059158127,-0.21447618988934736,-0.22094975623098467,UP,False,3,37.0,IGNORE,NONE,,NEUTRAL,C,WAIT,No standout factor,Finance,33.2
NIITLTD,95.08,96.0,96.79,94.6,False,False,True,True,False,False,0.1850447327846581,2.659140392,0.17367899063770034,False,-0.1381132963994576,True,29.88,True,1.0255530195122788,14.0,-0.96,0,True,▁▅▃▅▃▃▄▄▄▇█▇▁▄▃▄▆▇▂▄,False,False,False,2,-0.01174514083775069,0.5385113268608415,-0.02309388741200813,0.48934769122143806,FLAT,True,96,36.0,IGNORE,NONE,,NEUTRAL,C,WAIT,RS leader,Commercial Services,33.3
HONAUT,37525.0,37650.0,38155.0,37325.0,False,False,True,True,False,True,0.4667701060253427,8.127915,0.4539548185376293,False,-0.19689898789031846,True,47.05,False,0.8050097097345436,38.0,-0.37,0,True,▄▂▆▅▃▁▅█▇▆▆▃▆▆▃▅▆▇▇▃,False,False,False,5,-0.03831368528959511,0.3081750043576783,-0.04966243186385255,0.2590113687182749,FLAT,True,87,36.0,IGNORE,NONE,,NEUTRAL,C,WAIT,No standout factor,Electronic Technology,24.6
EMMVEE,333.65,336.0,341.4,331.7,False,False,True,True,False,True,0.6131295882413185,77.45190948,0.5890152846199171,False,0.004456058663778917,False,44.04,True,1.0645009245495087,75.0,0.58,0,False,█▆▅▆▆█▆▆▇▆▇▇▁▆█▆▆▅▅▇,False,False,False,5,0.003458646616541383,0.28772674642994955,-0.007890099957716057,0.23856311079054615,FLAT,True,86,36.0,IGNORE,NONE,,NEUTRAL,C,WAIT,CMF positive,Electronic Technology,24.6
SKFINDUS,2715.0,2732.5,2761.7,2698.2,True,False,True,True,False,True,0.41241734178689826,5.6708205,0.3990536207375506,False,-0.27478736899040285,True,71.37,True,1.263733831484449,81.0,0.86,0,True,▃▂█▃▃▁▃▁█▄▂▃▄▃▃▁▂▃▂▆,False,False,False,1,-0.05069930069930073,0.2836879432624113,-0.06204804727355817,0.2345243076230079,FLAT,True,85,36.0,IGNORE,NONE,,NEUTRAL,C,WAIT,No standout factor,Producer Manufacturing,29.4
FAZE3Q,552.9,555.3,562.55,551.5,False,False,False,True,False,False,0.3803270741548683,0.29497215,0.35952693721667,False,-0.14309860583825748,True,71.81,True,1.2247787006873498,98.0,1.75,0,True,▅▅▄▃▆▆▂▄▁▂▇▃▃▁█▄▇▁▂▇,False,False,False,3,-0.08498138187836168,0.2732297063903282,-0.09633012845261912,0.22406607075092477,FLAT,True,85,36.0,IGNORE,SEED,,NEUTRAL,C,WAIT,Delivery P98,Process Industries,38.1
SMCGLOBAL,76.31,76.0,77.65,75.41,False,True,True,True,False,False,0.5032367798861118,2.4643551400000003,0.5010314253219871,False,0.23905013979359996,True,35.8,False,0.6409912087518576,8.0,-1.46,0,False,▄▅▃▅▂█▆▆▃▅▄▁▂▂▄██▅▅▁,False,False,False,7,0.0758494290145213,0.20915861194739338,0.06450068244026386,0.15999497630798998,FLAT,True,78,36.0,IGNORE,NONE,,NEUTRAL,C,WAIT,CMF positive,Finance,33.2
ARKADE,134.59,137.0,137.87,134.1,True,True,True,True,False,False,0.2988715569677297,3.0772792190000002,0.29815625914174426,False,0.25116320654871904,True,29.55,False,0.8188657808321671,16.0,-1.08,0,False,▅▁▄▃▄▁▃▃▄▆▄▄▄▄▅▆▃▅█▃,False,False,False,11,0.09068071312803894,0.18518844663613954,0.0793319665537815,0.13602481099673613,FLAT,True,75,36.0,IGNORE,NONE,,NEUTRAL,C,WAIT,CMF positive,Consumer Durables,31.1
SUPRAJIT,491.4,484.45,497.0,482.35,False,True,True,True,False,True,0.34200564865823624,2.53223334,0.3434513802249119,False,-0.16062956630592112,True,56.83,True,1.1998057678503569,69.0,0.54,0,False,▂▂▇▇▅▇▃▄▇▇█▇▅▆▆▇▇▅▁█,False,False,False,7,0.06977250462610196,0.18552472858866098,0.05842375805184452,0.13636109294925758,FLAT,True,75,36.0,IGNORE,NONE,,NEUTRAL,C,WAIT,No standout factor,Producer Manufacturing,29.4
ABDL,624.3,630.0,641.95,621.15,False,False,True,True,False,True,0.38946809043839686,15.37819461,0.36855872332898465,False,0.04708008920601656,False,43.94,False,0.9819433270760702,28.0,-0.52,0,True,▅▆▅▆▁▃▅▅█▆▆▆▆▅▅▆▄▄▂▅,False,False,False,4,-0.0533737680060653,0.18328278999241832,-0.06472251458032274,0.1341191543530149,FLAT,True,74,36.0,IGNORE,NONE,,NEUTRAL,C,WAIT,CMF positive,Consumer Non-Durables,33.3
DATAMATICS,854.8,835.95,857.0,828.1,False,True,True,True,False,False,0.4503409068872678,7.344869,0.45032644713885495,False,-0.27723562982769484,True,48.83,True,1.2003293961480315,82.0,0.95,0,False,▅█▃▅▆▁▂▂▂▄▅▃▃▃▇▆▃▃▆▆,False,False,False,7,0.0860809351375389,0.15787334913647122,0.07473218856328145,0.10870971349706782,FLAT,True,70,36.0,IGNORE,NONE,,NEUTRAL,C,WAIT,No standout factor,Technology Services,36.7
SAIPARENT,558.0,540.95,562.0,540.95,False,False,True,True,False,True,0.2867378936055516,5.1376734,0.2632846905051379,False,-0.4221892840970864,True,50.85,True,1.0233035498671819,41.0,-0.31,0,False,█▅▁▃▃▅▄▆▄▄▅▆▄▆▅▄▅▇▅▅,False,False,False,3,-0.03209019947961844,0.15779645191409908,-0.04343894605387588,0.10863281627469568,FLAT,True,70,36.0,IGNORE,NONE,,NEUTRAL,C,WAIT,No standout factor,Health Technology,34.1
VIYASH,259.7,253.25,261.35,253.0,False,False,True,True,False,True,0.7673875610027866,34.36726965,0.7188617876629864,False,-0.019414027299878314,True,55.45,True,1.0481050940364807,73.0,0.57,0,False,▇▁▆▄▂▆▄▅▃█▆▇▇▅▂▄▆▅▇▆,False,False,False,5,-0.03743513713862123,0.15176512329253145,-0.04878388371287867,0.10260148765312804,FLAT,True,69,36.0,IGNORE,NONE,,NEUTRAL,C,WAIT,No standout factor,Health Technology,34.1
JAGSNPHARM,229.61,221.61,232.0,217.18,False,True,True,True,False,False,0.1376285555106091,1.5737239790000002,0.12660560754458153,False,0.20988400423163645,True,41.71,True,1.1362490976204422,15.0,-0.83,0,False,▁▃▄▃▅▄▆▆▆██▇▅▇▇▇▇▅▇▆,False,False,False,1,-0.0033423040194460185,0.1419974137073512,-0.014691050593703459,0.09283377806794779,FLAT,True,68,36.0,IGNORE,NONE,,NEUTRAL,C,WAIT,CMF positive,Health Technology,34.1
ROSSTECH,975.65,984.0,1005.0,960.55,True,False,True,True,False,True,0.706751232736929,9.609079285,0.6959365199897617,False,-0.12133007424552349,True,48.68,True,1.0393381371764079,79.0,0.77,0,True,▃▆▃▂▅█▄▆▃▁▄▇▅▂▅▁▇▇▄▅,False,False,False,0,0.050102249488752415,0.12622648043402984,0.038753502914494975,0.07706284479462644,FLAT,True,65,36.0,IGNORE,NONE,,NEUTRAL,C,WAIT,No standout factor,Electronic Technology,24.6
TCIEXP,561.35,561.45,568.9,557.9,False,True,True,False,False,False,0.07425672979153142,0.993308825,0.07489389882104215,False,0.08574466225693307,True,52.3,True,1.2536705219632047,41.0,-0.04,0,False,█▆▄▆▆▅▆▁▃▄▃▅▂▄▅▄▅▆▅▆,False,False,False,0,0.0888371641935799,0.10241555380989786,0.07748841761932246,0.05325191817049446,UP,True,59,36.0,IGNORE,NONE,,NEUTRAL,C,WAIT,CMF positive,Transportation,40.9
ASAHIINDIA,878.15,899.0,899.0,872.75,True,False,False,False,False,False,0.8065252797709663,10.521378595,0.8079635692131587,False,-0.014216815403014074,True,61.62,True,1.2311442328824598,96.0,1.68,0,True,▃▆▃▇▄▅▃▆▁▅▇▄▇▇▃▄▇█▅█,False,False,False,4,0.04691225560324286,0.09399526597732644,0.03556350902898542,0.044831630337923034,FLAT,True,57,36.0,IGNORE,SEED,,NEUTRAL,C,WAIT,Delivery P96,Consumer Durables,31.1
NITCO,107.59,106.0,109.0,104.2,False,True,True,True,False,False,0.4607133546936798,3.7753331,0.44784090650653097,False,0.09398415896338674,True,50.0,True,1.0384647337376423,40.0,-0.22,0,False,▄▂▅▄▄▄▅▅▄▄▅▃▁▄▇▆▄▅█▅,False,False,False,2,0.005232177894048506,0.0898500810372771,-0.006116568680208934,0.040686445397873694,FLAT,True,57,36.0,IGNORE,NONE,,NEUTRAL,C,WAIT,CMF positive,Producer Manufacturing,29.4
NIVABUPA,86.92,87.18,87.76,86.5,False,True,True,True,False,True,0.2550591509525692,3.551177444,0.2558013973324303,False,-0.09641548271332342,True,53.15,False,0.8962144844448192,53.0,0.04,0,True,▆▆▄▅▄▁▄▄▇▅█▅▂▄▃▄▂▃▁▃,False,False,False,6,0.027180335618057105,0.08663582947868487,0.015831589043799665,0.037472193839281465,FLAT,True,56,36.0,IGNORE,NONE,,NEUTRAL,C,WAIT,No standout factor,Finance,33.2
MUFIN,125.61,125.25,128.0,125.0,False,False,True,True,False,True,0.8505365067604213,9.236856959999999,0.8189428011182739,False,-0.15430033620305825,True,32.12,False,0.8000896738115106,17.0,-1.01,0,True,▆▅▆▆▅▅▁▄▂▃█▆▅▆▂▇▅▄▅▃,False,False,False,5,-0.013818010520530777,0.08163265306122458,-0.025166757094788217,0.03246901742182118,FLAT,True,55,36.0,IGNORE,NONE,,NEUTRAL,C,WAIT,No standout factor,Finance,33.2
CCL,1174.4,1184.0,1202.6,1168.2,True,False,True,True,False,True,0.8044483159929938,16.203079360000004,0.7885347099836095,False,-0.06773702717881568,True,47.12,False,0.9189484359154381,53.0,0.08,0,True,▄▁▄▂▄▅▁█▅▃▆▆▄▆▆▅▆▃▂▃,False,False,False,7,0.008241758241758435,0.07703595011005127,-0.0031069883324990055,0.027872314470647863,FLAT,True,54,36.0,IGNORE,NONE,,NEUTRAL,C,WAIT,No standout factor,Consumer Non-Durables,33.3
KIRIINDUS,410.8,409.0,414.2,407.0,False,True,True,False,False,False,0.5426716819543443,5.18109176,0.5692797337495537,False,-0.10825911254145017,True,54.58,True,1.0955659487344185,85.0,0.9,0,True,▂▂▃▃▃▄▁▂▆▄▂▃█▂▄▂▇▆▃▄,False,False,False,0,0.07708442579968544,0.06687443189196207,0.065735679225428,0.01771079625255867,UP,True,51,36.0,IGNORE,SEED,,NEUTRAL,C,WAIT,No standout factor,Process Industries,38.1
SESHAPAPER,237.29,253.0,264.0,233.32,False,True,True,False,True,False,52.496795958558096,90.928056802,55.26547712506599,True,-0.5975962996431979,False,10.25,False,0.1782810230721734,0.0,-4.01,0,False,▄▆▇▇▇▇▇▅▄▆█▆█▇▅▆▃▃▆▁,False,False,False,0,0.047869286818282175,0.03191998260491413,0.036520540244024735,-0.01724365303448927,UP,False,42,36.0,IGNORE,NONE,,NEUTRAL,C,WAIT,No standout factor,Process Industries,38.1
GEOJITFSL,75.16,76.19,77.98,75.0,True,False,False,True,False,True,0.6670082437047025,1.8913412719999998,0.6265895596932016,False,0.08416655634030915,False,53.87,True,1.0077541132343724,63.0,0.38,0,True,▆▁▆▁█▃▃▆▂▅▅▃▃▅▅▅▄▄▂▄,False,False,False,12,-0.02604639108461848,0.027337342810278775,-0.03739513765887592,-0.021826292829124627,FLAT,False,40,36.0,IGNORE,NONE,,NEUTRAL,C,WAIT,CMF positive,Finance,33.2
CASTROLIND,184.32,185.09,185.64,184.05,True,False,True,False,False,False,1.0296077659731078,21.895870463999998,1.0283295310359688,False,-0.32645352257004706,False,70.32,True,1.082520647480353,91.0,1.33,0,True,▅▇▅▄▅▅▆▇▅▅▆█▇▆▇▆▅▁▆▆,False,False,False,3,-0.004213938411669393,0.011524530786960696,-0.015562684985926833,-0.037639104852442706,UP,False,35,36.0,IGNORE,SEED,,NEUTRAL,C,WAIT,Delivery P91,Energy Minerals,35.2
INDPRUD,6564.0,6570.0,6588.5,6400.0,True,True,True,True,False,True,0.390625,0.009846,0.39370610055520117,False,0.20046361089188341,False,81.25,False,0.9648268655298532,40.0,0.09,0,True,▂███▆▅▆█▁▅█▆███▅▇█▃▆,False,False,False,0,0.009923840295407382,-0.04175182481751827,-0.0014249062788500577,-0.09091546045692167,UP,False,21,36.0,IGNORE,NONE,,NEUTRAL,C,WAIT,CMF positive,Finance,33.2
SHANTIGEAR,416.6,423.4,423.4,414.3,True,False,False,False,False,False,4.707599118942731,2.49305938,4.526118727166379,False,-0.3172889200043698,False,84.36,True,1.401096163428002,97.0,1.85,0,False,▃▂▃▁▂▁▇▅▂▃▃▃▅▅▂▅▆▅▅█,False,True,False,0,-0.0541491656260642,-0.0540417801998182,-0.06549791220032164,-0.1032054158392216,UP,False,18,36.0,IGNORE,DISTRIBUTION,,NEUTRAL,C,WAIT,Delivery P97,Producer Manufacturing,29.4
ANURAS,1223.3,1247.3,1247.3,1216.0,True,False,False,False,False,True,0.35319080227591987,17.83461303,0.34101818635045794,False,-0.1977614786909175,False,70.17,True,1.5178455548345229,94.0,1.51,1,True,▄▅▄▃▄▅▁▃▅▅▅▄▅▅▄█▇▆▄▇,False,False,False,0,-0.040247920916365865,-0.10124164278892067,-0.051596667490623305,-0.15040527842832407,UP,False,9,36.0,IGNORE,SEED,DEL70% ▄▅▄▃▄▅▁▃▅▅▅▄▅▅▄█▇▆▄▇ P94 Z+1.5,NEUTRAL,C,WAIT,Delivery P94,Health Technology,34.1
ORCHPHARMA,987.95,995.0,1006.1,979.95,True,False,True,True,False,True,0.13793447243954132,4.510485725,0.1338000608865771,False,-0.012001606046566462,False,42.15,True,1.1517652202426496,24.0,-0.61,0,False,▅▆▆▇██▁▄▅▅▁▄▆▆▄▆▇▇▅▆,False,False,False,3,0.03907236011779558,0.38552696164364364,0.02772361354353814,0.33636332600424024,FLAT,True,91,35.0,IGNORE,NONE,,NEUTRAL,C,WAIT,RS leader,Health Technology,34.1
AVALON,1728.2,1751.1,1767.9,1654.1,True,True,True,True,False,True,0.847196876766003,48.04672512,0.8422041064482668,False,-0.1612904124970217,False,38.43,False,0.8539335829435488,33.0,-0.44,0,True,▃▇▆██▆▅▃▃▂▄▄▁█▅▅▁▄▆▃,False,False,False,4,-0.03165798173362466,0.31222475322703125,-0.0430067283078821,0.26306111758762785,FLAT,True,87,35.0,IGNORE,NONE,,NEUTRAL,C,WAIT,No standout factor,Electronic Technology,24.6
PGHL,6784.0,6745.0,6915.0,6730.0,False,True,True,True,False,True,0.28242493387958306,3.6945664,0.28721864556071436,False,0.11103280963128277,False,48.78,False,0.8129119345404248,8.0,-1.14,0,False,▆▃▆▃▆▅▆▃▅▅▅█▃▅▄▃▄▁▃▂,False,False,False,10,0.0860481869847114,0.29096098953377725,0.07469944041045395,0.24179735389437385,FLAT,True,86,35.0,IGNORE,NONE,,NEUTRAL,C,WAIT,CMF positive,Health Technology,34.1
GRPLTD,2021.1,2066.9,2067.3,1994.0,False,True,True,True,True,False,1.1537528167793378,0.67262208,1.193559010004829,True,-0.03866162778493411,False,58.05,False,0.8843490779461165,33.0,-0.39,0,True,▄▄▅▆█▇▇▅▇▄▅▇▄▇▆▅▇▂▁▄,False,False,False,4,0.06396083385975992,0.2633454181772721,0.052612087285502485,0.21418178253786868,FLAT,True,83,35.0,IGNORE,NONE,,NEUTRAL,C,WAIT,No standout factor,Producer Manufacturing,29.4
RAMCOIND,336.85,329.5,345.35,327.1,False,False,True,True,False,True,0.49921270028063475,8.813814990000001,0.4833843419346155,False,0.004581583166938708,True,31.71,False,0.7746900384779821,6.0,-1.65,0,False,▁▃▄▆▃▂▄▂▅▇▆▄▅▆▃█▇▆▅▂,False,False,False,7,0.016905660377358522,0.2580765639589171,0.005556913803101082,0.2089129283195137,FLAT,True,82,35.0,IGNORE,NONE,,NEUTRAL,C,WAIT,CMF positive,Non-Energy Minerals,35.2
INDIANHUME,387.0,394.0,394.9,385.7,True,True,True,True,False,True,0.1183130426430868,1.7781876,0.1167393882798514,False,0.35162615043899975,False,38.25,False,0.8883057165085522,9.0,-1.3,0,False,███▂▄▅▅▄▆▁▄▅▅▅▅█▇▇▅▅,False,False,False,6,0.16286057692307687,0.25649350649350655,0.15151183034881943,0.20732987085410315,FLAT,True,82,35.0,IGNORE,NONE,,NEUTRAL,C,WAIT,CMF positive,Producer Manufacturing,29.4
GOKEX,834.25,831.0,844.0,822.15,False,True,True,True,False,True,0.4799863190859439,14.049187125,0.4745884112162894,False,-0.022957671571758254,False,43.7,False,0.943946430500054,61.0,0.19,0,True,▂▃▃▃▅▄█▂▃▂▄▅▄▅▄▆▇▇▁▃,False,False,False,3,-0.018298423158390142,0.24024381178919207,-0.029647169732647582,0.19108017614978867,FLAT,True,81,35.0,IGNORE,NONE,,NEUTRAL,C,WAIT,No standout factor,Consumer Non-Durables,33.3
MAPMYINDIA,1132.1,1135.0,1167.95,1128.0,False,True,True,False,False,False,0.23806206405700522,35.03045709,0.2560739945830994,False,0.2897652823122162,False,25.31,False,0.8354927624737979,9.0,-1.38,0,False,█▄▂▆▆▇▇▁▃▂▃▇██▆█▇▂▄▄,False,False,False,7,0.38406993092487296,0.205515919497391,0.3727211843506155,0.1563522838579876,UP,True,78,35.0,IGNORE,NONE,,NEUTRAL,C,WAIT,CMF positive,Commercial Services,33.3
IVALUE,288.9,293.95,296.85,287.7,False,True,True,True,False,True,0.6792189621727313,11.42469495,0.6878632289299635,False,-0.26631258934387214,False,53.67,True,1.024803803631781,51.0,0.09,0,False,▆▃▃▇▇▅▄▅▆▄▁▅▁▄▇▇▆█▁▅,False,False,False,10,0.05054545454545445,0.20374999999999988,0.03919670797119701,0.15458636436059647,FLAT,True,78,35.0,IGNORE,NONE,,NEUTRAL,C,WAIT,No standout factor,Technology Services,36.7
ACUTAAS,3367.8,3273.9,3477.0,3216.2,False,False,True,True,False,True,1.174594277739009,177.14560644000002,1.1299892029898093,True,-0.13932941007910016,False,32.38,False,0.6734468917035835,2.0,-1.94,0,True,▃▅▂▄▅█▂▄▇▄▆▅▅▅▄█▄▄▁▁,False,False,False,6,-0.05616277114511503,0.20317244828694947,-0.06751151771937247,0.15400881264754607,FLAT,True,77,35.0,IGNORE,NONE,,NEUTRAL,C,WAIT,No standout factor,Health Technology,34.1
UDS,206.6,203.7,209.42,200.26,False,True,True,True,False,False,0.8002036250054839,6.74522142,0.8424453085243319,False,0.09766716188958771,False,42.34,False,0.7836532232689853,11.0,-1.12,0,False,▄▅▃▂▄▅▆▃▆▃▅▄▄█▂▄▄▁▃▂,False,False,False,7,0.1156712387946861,0.20319142740667395,0.10432249222042866,0.15402779176727055,FLAT,True,77,35.0,IGNORE,NONE,,NEUTRAL,C,WAIT,CMF positive,Commercial Services,33.3
STARHEALTH,592.05,581.05,594.0,577.2,False,True,True,True,False,True,0.7976589584315189,22.520930744999998,0.7981848070306224,False,-0.09582081278923879,False,61.07,True,1.2045008530319616,66.0,0.43,0,False,▃▂▃▅▃▅▄▆▃█▄▄▅▄▃▁▃▇▃▆,False,False,False,13,0.012483967507481708,0.18504803843074447,0.001135220933224268,0.13588440279134106,FLAT,True,75,35.0,IGNORE,NONE,,NEUTRAL,C,WAIT,No standout factor,Finance,33.2
SGFIN,688.1,713.1,722.5,685.0,True,True,True,True,False,True,0.4181086630528493,31.278204790000004,0.4481313100399664,False,-0.27046743533408485,False,49.29,True,1.2549329123914759,34.0,-0.32,0,False,█▁▅▇█▇▅█▇█▁▁▄▇▃▅▆▅▂▇,False,False,False,11,0.14235909355026144,0.1833190025795357,0.131010346976004,0.1341553669401323,FLAT,True,74,35.0,IGNORE,NONE,,NEUTRAL,C,WAIT,No standout factor,Finance,33.2
NRBBEARING,419.25,399.3,428.0,399.3,False,True,True,True,False,True,0.718213317339506,15.066377625,0.7028674583591821,False,-0.21089635279119348,False,50.59,True,1.1198671831765359,42.0,-0.22,0,True,▁▇█▆▇▇▅▆▆▅▅▅█▅▆▅▅▄▅▆,False,False,False,1,-0.02454630060493257,0.17949078632719084,-0.03589504717919001,0.13032715068778744,FLAT,True,74,35.0,IGNORE,NONE,,NEUTRAL,C,WAIT,No standout factor,Producer Manufacturing,29.4
KMEW,2427.8,2430.3,2478.9,2400.0,True,True,True,True,False,True,0.4050238605288892,9.627926460000001,0.4215859497883917,False,-0.08074559435647159,False,31.42,False,0.791336103765269,42.0,-0.17,0,True,▃▇▆▁▃▆▃█▄▆▆▃▃▅▃▆▄▇█▂,False,False,False,9,0.0906558849955077,0.17848648123877497,0.07930713842125026,0.12932284559937157,FLAT,True,73,35.0,IGNORE,NONE,,NEUTRAL,C,WAIT,No standout factor,Producer Manufacturing,29.4
OBEROIRLTY,1832.6,1852.2,1854.1,1823.3,False,False,True,True,False,True,0.4622416231731892,54.992111019999996,0.44954024638422924,False,0.03668597305462833,True,42.81,False,0.9941710596595528,31.0,-0.48,0,False,▅▆█▅▆█▄▄▅▆▅▅▇▆▁▃▃▁▃▅,False,False,False,7,0.04475229462402375,0.1448741175735615,0.03340354804976631,0.0957104819341581,FLAT,True,68,35.0,IGNORE,NONE,,NEUTRAL,C,WAIT,CMF positive,Finance,33.2
FSL,262.23,256.0,264.13,255.77,False,True,True,False,False,False,0.8045840439025246,30.480015597,0.8360645339342413,False,0.012570576672727086,True,39.97,True,1.1963842078481846,53.0,0.08,0,False,▇▄▁▃▆█▅▇▆▅▄▅▆▇█▆▅▅▇▇,False,False,False,0,0.11421287444232009,0.12102428180574565,0.10286412786806265,0.07186064616634225,UP,True,64,35.0,IGNORE,NONE,,NEUTRAL,C,WAIT,CMF positive,Commercial Services,33.3
KIMS,800.45,801.95,805.95,790.1,False,True,True,True,False,True,0.7787575087027528,31.391647875,0.7709471992453597,False,-0.09088947124844578,False,49.59,False,0.8489693898514005,36.0,-0.39,0,True,▂▂▃▅▃▅▄▄██▄▁▅▅▅▄▅▇█▃,False,False,False,4,-0.006207709975789899,0.11662132942735592,-0.01755645655004734,0.06745769378795252,FLAT,True,63,35.0,IGNORE,NONE,,NEUTRAL,C,WAIT,No standout factor,Health Services,36.8
KSL,895.95,895.8,906.8,886.3,False,True,True,True,False,True,0.3141217649988742,2.062387305,0.30682283234759844,False,0.05595066826652149,False,39.54,False,0.8229185094227707,11.0,-1.27,0,False,▆▄█▅▃█▅▁▇▄▁▄▅▂▄▇▄▂▃▃,False,False,False,6,0.06086081345095029,0.11325795228628244,0.04951206687669285,0.06409431664687903,FLAT,True,62,35.0,IGNORE,NONE,,NEUTRAL,C,WAIT,CMF positive,Non-Energy Minerals,35.2
GROWW,202.12,203.0,204.86,200.7,True,False,True,True,False,True,0.3007617577740169,222.33630515599998,0.29487961213185854,False,0.056530006003387374,False,46.29,True,1.0337550386904428,88.0,1.2,0,False,▇▅█▅▆▆▅▆▇▅▆▁▄▄▅▅▆▆▆▆,False,False,False,0,0.012168861735690317,0.10393795401168826,0.0008201151614328772,0.05477431837228486,FLAT,True,60,35.0,IGNORE,SEED,,NEUTRAL,C,WAIT,CMF positive,Miscellaneous,33.3
PWL,123.6,129.85,129.85,122.06,True,False,False,True,False,False,0.7330380962767588,128.22521088,0.6374903056805898,False,-0.18640253933585701,False,39.95,True,1.6704996863892956,89.0,1.2,1,True,▄█▅▅▃▁▁▂▂▂▁▄▆▂▂▂▃▄▅▇,False,False,False,6,-0.000566022479178474,0.0996441281138789,-0.011914769053435914,0.0504804924744755,FLAT,True,59,35.0,IGNORE,SEED,DEL40% ▄█▅▅▃▁▁▂▂▂▁▄▆▂▂▂▃▄▅▇ P89 Z+1.2,NEUTRAL,C,WAIT,No standout factor,Commercial Services,33.3
VISHNU,636.3,638.0,652.0,630.2,False,True,True,True,False,True,0.9434682875321595,7.74924318,0.9579540158935386,False,-0.18255481968177892,False,51.13,False,0.9325016870018785,40.0,-0.18,0,True,▆▆▆▆▇█▅▄▃▆▇▅▄▆▇▁▄▄▄▄,False,False,False,8,0.05496145237503103,0.09858425414364635,0.04361270580077359,0.04942061850424295,FLAT,True,59,35.0,IGNORE,NONE,,NEUTRAL,C,WAIT,No standout factor,Process Industries,38.1
ASHAPURMIN,702.1,705.0,718.0,694.25,False,True,True,True,False,False,1.4026905998394836,36.62820595,1.4575226985064211,True,-0.10110486787531245,False,47.68,True,1.107459323864494,83.0,0.89,0,True,██▇█▃▇▆▄▅▂▅▆▆█▅▇▄▁▁▇,False,False,False,0,0.044713934975076475,0.09651725753553042,0.033365188400819035,0.04735362189612702,FLAT,True,58,35.0,IGNORE,NONE,,NEUTRAL,C,WAIT,No standout factor,Non-Energy Minerals,35.2
CMPDI,253.49,251.65,254.9,247.1,False,False,True,True,False,True,0.31838038506064337,33.834400307,0.30466455033248535,False,0.040529762821600285,True,36.91,False,0.9493801121456864,36.0,-0.25,0,False,▇▅▅▇▇▆▆▆▂█▇▄▇▅▆▁▅▆▄▅,False,False,False,3,0.0437270968007577,0.09498920086393103,0.03237835022650026,0.04582556522452763,FLAT,True,58,35.0,IGNORE,NONE,,NEUTRAL,C,WAIT,CMF positive,Commercial Services,33.3
CHOLAFIN,1759.9,1782.0,1782.0,1753.5,True,False,True,True,False,True,0.8049298685186562,237.61518637000003,0.7908003025025786,False,-0.07657030806496916,False,59.04,True,1.010258296900266,53.0,0.13,0,False,▆▂▅▆▃█▄▄▆▁▁▃▄▆▃▇▃█▄▅,False,False,False,10,0.02391203164998834,0.05125141867271976,0.012563285075730901,0.0020877830333163594,UP,True,46,35.0,IGNORE,NONE,,NEUTRAL,C,WAIT,No standout factor,Finance,33.2
GULPOLY,197.74,196.6,199.4,190.81,False,True,True,True,False,True,0.501655757204102,9.246302626,0.5294347218752197,False,-0.3785721044269604,True,45.08,False,0.9960559894826386,25.0,-0.65,0,True,█▅▆▇▅▆▇▆▇▆▆█▇███▁▃▄▆,False,False,False,0,0.03404277571510761,0.047906730259671626,0.02269402914085017,-0.0012569053797317764,UP,False,46,35.0,IGNORE,NONE,,NEUTRAL,C,WAIT,No standout factor,Consumer Non-Durables,33.3
ASIANPAINT,2697.0,2695.0,2720.0,2680.5,False,True,True,True,False,True,0.8310114521555099,269.4586185,0.8385117912814692,False,-0.14928547313353774,True,38.0,False,0.627181725905081,5.0,-1.79,0,False,▆▃█▅▇▅▄▅▇▇▇▇▇▄▅▆▄▄▆▁,False,False,False,5,0.008601346297681278,0.03734759029193424,-0.002747400276576162,-0.011816045347469162,UP,False,44,35.0,IGNORE,NONE,,NEUTRAL,C,WAIT,No standout factor,Process Industries,38.1
SBICARD,645.0,630.65,647.25,627.95,False,True,True,False,False,False,1.2417471094603223,132.056913,1.2778336613155516,True,0.2905254929300298,True,25.29,False,0.6264630475978151,2.0,-1.96,0,False,▅▅▁▄▄▁▅▄▄▂▆▃▃█▆▄▅▄▂▁,False,False,False,1,0.07160657916597435,0.033653846153846256,0.06025783259171691,-0.015509789485557146,UP,False,42,35.0,IGNORE,NONE,,NEUTRAL,C,WAIT,CMF positive,Finance,33.2
GANDHITUBE,875.85,877.4,883.95,870.05,False,True,True,True,False,True,1.142130169072361,0.420670755,1.157141957249088,True,-0.1308190912537402,True,68.35,False,0.9804413779253659,78.0,0.82,0,True,▃▆█▄▃▁▆▁▄▃▂▃▆▂▅▃▅▆▄▃,False,False,False,0,0.02516533036811608,0.031018246027074703,0.013816583793858639,-0.0181453896123287,UP,False,42,35.0,IGNORE,NONE,,NEUTRAL,C,WAIT,No standout factor,Non-Energy Minerals,35.2
MOSCHIP,208.3,210.4,218.14,206.38,True,False,False,True,False,False,1.7658743932525098,226.54362222000003,1.5655645054958367,False,0.0031309116049515846,False,27.76,False,0.8800266290478531,19.0,-0.92,0,False,▂▃▇▃▄▅▂▃▆▆▁▃▃▅▆▄▃█▄▃,False,False,False,8,0.0323124194667459,0.027728438918492193,0.02096367289248846,-0.02143519672091121,UP,False,40,35.0,IGNORE,NONE,,NEUTRAL,C,WAIT,CMF positive,Electronic Technology,24.6
JSWENERGY,566.2,569.5,571.2,560.25,True,True,True,True,False,True,0.5448763222396592,89.16483628,0.5436791816497795,False,0.015007159819022911,False,45.28,True,1.034380354083381,54.0,0.08,0,False,▆▄▆█▆▇▂▄▆▅▃█▆▄▂▂▁▄▅▅,False,False,False,0,0.012246357379100736,0.010349750178444195,0.0008976108048432963,-0.03881388546095921,UP,False,35,35.0,IGNORE,NONE,,NEUTRAL,C,WAIT,CMF positive,Utilities,31.3
ACC,1358.1,1343.0,1365.0,1332.0,False,False,False,False,False,False,1.373323403368867,28.02371445,1.365720636565982,True,0.17664010809290107,True,35.54,False,0.8242210600772272,3.0,-1.6,0,False,█▄▅▄▄▄▄▅▅▅▅▄▆▄▄▄▅▅▁▄,False,True,False,0,0.018524073796309937,-0.0011032656663724216,0.007175327222052497,-0.050266901305775824,UP,False,31,35.0,IGNORE,NONE,,NEUTRAL,C,WAIT,CMF positive,Non-Energy Minerals,35.2
NESTLEIND,1456.0,1451.5,1464.4,1447.0,False,True,True,True,False,True,0.9064794934642828,240.9907136,0.9242079047639341,False,-0.1468645636798574,True,61.29,True,1.0899294008856009,69.0,0.49,0,False,▆▂▅▄▅▆▇▆██▆▇█▆▆▅▁▂▅▆,False,False,False,2,0.038590484342677644,-0.01780895844576369,0.027241737768420204,-0.06697259408516709,UP,False,26,35.0,IGNORE,NONE,,NEUTRAL,C,WAIT,No standout factor,Consumer Non-Durables,33.3
DEEPAKNTR,1678.9,1664.0,1698.8,1659.0,False,True,True,True,False,True,0.488290119364244,16.012676640000002,0.4992849173902084,False,-0.04671628610438012,True,38.19,False,0.7689055327373762,11.0,-1.04,0,True,▅█▃▄▂▇▃▄▃▄▂▂▁▃▄▃▃▅▃▂,False,False,False,0,0.07367142034917196,-0.03980554761223898,0.06232267377491452,-0.08896918325164238,UP,False,22,35.0,IGNORE,NONE,,NEUTRAL,C,WAIT,No standout factor,Process Industries,38.1
BSOFT,293.45,284.05,296.9,284.05,False,True,False,False,False,False,0.828704756749732,58.62605724499999,0.8524441244731014,False,-0.11996558154979758,True,51.15,True,1.1228432190367474,90.0,1.31,0,True,▅▇▄▅▆▅▅▄▁▄▅▆▄█▆▆▆▅▃▆,False,False,False,0,-0.01889000334336355,-0.05216408268733863,-0.03023874991762099,-0.10132771832674203,UP,False,18,35.0,IGNORE,SEED,,NEUTRAL,C,WAIT,Delivery P90,Technology Services,36.7
3BBLACKBIO,1297.6,1282.0,1314.8,1263.8,False,True,True,True,False,True,0.7455286642917478,1.1853576,0.7825652245884597,False,0.26915885951479224,True,54.19,False,0.9779381908414165,24.0,-0.78,0,False,▆▅▅▄▁▅▃▅▄▆▃▅▄▇▂▆▄█▆▄,False,False,False,0,0.10358904575608086,-0.052846715328467186,0.09224029918182342,-0.10201035096787059,UP,False,18,35.0,IGNORE,NONE,,NEUTRAL,C,WAIT,CMF positive,Process Industries,38.1
BRIGADE,543.45,528.0,545.5,526.15,False,False,False,False,False,False,0.47791177904425103,22.285199805,0.4835525366575313,False,0.29677796465215717,True,53.21,True,1.1674492079512047,60.0,0.19,0,True,▅▇▆█▂█▄▄▃▁▃▄▂▃▅▄▃▅▂▆,False,False,False,0,0.08278541542139872,-0.18087271082975354,0.07143666884714128,-0.23003634646915694,UP,False,2,35.0,IGNORE,NONE,,NEUTRAL,C,WAIT,CMF positive,Finance,33.2
KIRLOSENG,2283.1,2190.0,2298.0,2141.0,False,True,True,True,False,True,0.8199471750500597,122.60201337999999,0.806304730277641,False,-0.35849651057254267,True,49.13,True,1.1641076675196664,70.0,0.47,0,False,▆▃▆▅▁▅█▃▇▅▄▁▃▆▆▇▆▅▆▇,False,False,False,0,-0.06472491909385114,0.34299999999999997,-0.07607366566810858,0.29383636436059657,FLAT,True,89,34.0,IGNORE,NONE,,NEUTRAL,C,WAIT,No standout factor,Producer Manufacturing,29.4
NUVAMA,1916.6,1979.5,2008.7,1902.0,True,True,True,True,False,True,0.7651626709778293,91.07376544,0.7660533115332513,False,0.024431684134654318,False,37.91,False,0.8662271932730866,22.0,-0.7,0,False,▄▄▇▃▆█▆▅▆▅▄▆▇▇▅▂▆▄▁▄,False,False,False,8,0.08209123757904235,0.3313420394554043,0.07074249100478491,0.2821784038160009,FLAT,True,89,34.0,IGNORE,NONE,,NEUTRAL,C,WAIT,CMF positive,Finance,33.2
QUADFUTURE,362.7,365.5,369.7,352.5,False,False,False,True,False,False,0.5356806710233111,8.205470909999999,0.46204853663563583,False,-0.2333581174702497,True,46.6,True,1.3197020758403897,96.0,1.46,0,True,▄▁▅▂▅▅▆▄▅▃▅▃▆▆▄▅█▅▂▇,False,False,False,2,-0.18613261528105018,0.2697356905303694,-0.19748136185530762,0.22057205489096599,FLAT,True,84,34.0,IGNORE,SEED,,NEUTRAL,C,WAIT,Delivery P96,Producer Manufacturing,29.4
SBCL,742.25,755.7,764.45,741.0,True,True,True,True,False,True,0.2558384299970108,8.414146,0.25444406808104497,False,-0.036160645672479626,True,50.51,False,0.9955651916822706,33.0,-0.4,0,True,▃▄▇▃▁▃▅▅▇█▄▇▄▇▇▅▅▆▄▅,False,False,False,1,-0.006292255171028938,0.24549039348938662,-0.017641001745286378,0.1963267578499832,FLAT,True,82,34.0,IGNORE,NONE,,NEUTRAL,C,WAIT,No standout factor,Non-Energy Minerals,35.2
GVPIL,779.85,805.0,815.55,777.6,True,False,False,True,False,False,0.5022538561188647,10.508244795,0.4569921985145347,False,-0.381163671076515,True,56.9,True,1.0766727217680896,91.0,1.1,0,True,▃▄▄▃▃▁▂▂▄▃▃█▂▄▄▄▃▃▃▄,False,False,False,0,-0.1685147670327326,0.17926810827158635,-0.17986351360699004,0.13010447263218294,FLAT,True,74,34.0,IGNORE,SEED,,NEUTRAL,C,WAIT,Delivery P91,Industrial Services,19.1
IGARASHI,455.65,463.9,463.9,452.0,True,False,True,True,False,False,0.26345503701813466,1.07961711,0.254434785277161,False,-0.14482300345271384,True,48.0,True,1.0933691715450673,53.0,0.16,0,True,▄▃▄█▃▄▂▄▅▂▇▂▄▁▅▂▄▄▅▅,False,False,False,4,-0.007082152974504208,0.18074630733350605,-0.018430899548761648,0.13158267169410265,FLAT,True,74,34.0,IGNORE,NONE,,NEUTRAL,C,WAIT,No standout factor,Producer Manufacturing,29.4
QPOWER,1052.9,1098.7,1109.7,1001.3,True,False,False,True,False,False,0.8742195365837829,128.21079068000003,0.7295530077650121,False,0.003089847048689952,False,39.45,True,1.281343380537872,83.0,0.9,0,True,▂▄▁▂▂▅▁▃▃▃▆█▃▃▄▆▄▃▅▇,False,False,False,9,-0.07482096568692054,0.16703613389492356,-0.08616971226117798,0.11787249825552015,FLAT,True,72,34.0,IGNORE,NONE,,NEUTRAL,C,WAIT,CMF positive,Producer Manufacturing,29.4
RUPA,164.0,163.51,166.28,163.51,False,False,True,True,False,False,0.09914109523536155,0.519716,0.09439707032751779,False,-0.08625667095223113,True,47.75,True,1.0275335965827783,33.0,-0.3,0,True,▆▇▇▁▇▇▇▄▃▇█▇▆▇▆▇▆▅▇▆,False,False,False,5,-0.027168110096096876,0.16130859651607432,-0.038516856670354316,0.11214496087667092,FLAT,True,71,34.0,IGNORE,NONE,,NEUTRAL,C,WAIT,No standout factor,Consumer Non-Durables,33.3
ANUP,2144.4,2119.6,2156.2,2115.0,False,False,True,True,False,False,0.4811937226652946,2.5068036,0.4638208916287257,False,-0.0926755824653726,True,63.4,True,1.3155983482392979,98.0,1.73,0,True,▅▃▂▁▂▆▄▃▆▂▃▆▅▃▃▆▅▃▁█,False,False,False,2,-0.08080072013373907,0.1113184079601992,-0.09214946670799651,0.062154772320795804,FLAT,True,62,34.0,IGNORE,SEED,,NEUTRAL,C,WAIT,Delivery P98,Producer Manufacturing,29.4
OLECTRA,1328.1,1342.5,1355.0,1325.0,True,False,False,True,False,False,0.400315062110889,29.412633839999998,0.3685439116389739,False,-0.2769275415682979,True,38.49,True,1.1333588528017433,68.0,0.5,0,True,▃▄▄▃▄▆▃▆▁▅█▅▄▅▄▃▆▅▃▆,False,False,False,3,-0.09904348415982633,0.1024321407819373,-0.11039223073408377,0.053268505142533895,FLAT,True,60,34.0,IGNORE,NONE,,NEUTRAL,C,WAIT,No standout factor,Consumer Durables,31.1
HAPPSTMNDS,387.7,378.0,388.95,377.15,False,True,True,False,False,False,0.9267671851902085,58.520368479999995,0.9416778161403857,False,0.05840485674198509,True,32.84,False,0.9456346463948402,20.0,-0.64,0,False,▄█▄▇▇▅▅▃▃▁▃▄▄▄▅▇▆▄▄▄,False,False,False,2,0.1482304161113579,0.08220516399162592,0.13688166953710046,0.033041528352222516,UP,True,55,34.0,IGNORE,NONE,,NEUTRAL,C,WAIT,CMF positive,Technology Services,36.7
DALBHARAT,1826.5,1730.6,1831.9,1683.0,False,True,True,False,False,False,0.9650697991770659,55.8540047,0.9867696619614874,False,0.17953529299693455,True,31.91,False,0.6548058770417795,3.0,-1.83,0,False,▃▄█▄▅▆▆▅▄▅▅▅▄█▃▅▄▆▄▁,False,False,False,0,0.07409585416054099,0.06650706528085948,0.06274710758628355,0.017343429641456076,UP,True,51,34.0,IGNORE,NONE,,NEUTRAL,C,WAIT,CMF positive,Producer Manufacturing,29.4
ZENSARTECH,515.4,510.1,521.5,502.2,False,True,True,False,False,False,0.1861549757620976,115.29915473999999,0.18902466559370903,False,0.39705613975595766,True,16.93,False,0.7455358125811921,3.0,-2.15,0,False,█▅▁▁▃▃▅▄▁▂▂▃▂▄▄▄▄▄▂▃,False,False,False,0,0.18920166128287952,0.05994858611825182,0.17785291470862208,0.01078495047884842,UP,True,49,34.0,IGNORE,NONE,,NEUTRAL,C,WAIT,CMF positive,Technology Services,36.7
HEIDELBERG,158.06,156.79,159.0,156.79,False,True,True,False,False,False,0.5319526772757459,0.854614614,0.5284379623380749,False,0.10023353645512148,False,69.63,True,1.2489014044087312,91.0,1.09,0,False,▇▆▇▅▁▅▇▆▇▇▅▂▆▆▅▅██▅█,False,False,False,1,0.03172323759791129,0.020729738456571,0.02037449102365385,-0.0284338971828324,UP,False,38,34.0,IGNORE,SEED,,NEUTRAL,C,WAIT,"Delivery P91, CMF positive",Non-Energy Minerals,35.2
MARUTI,13636.0,13520.0,13655.0,13348.0,False,False,True,False,False,False,0.588985231474474,464.285346,0.5788408968818222,False,0.008485108254229611,True,54.59,True,1.0952939878211494,49.0,-0.07,0,False,▄▆▂▄▃█▄▅▅▂▄▅▄▃▅▁▄▅▁▅,False,False,False,7,0.01601967066537524,-0.006556899315168341,0.004670924091117801,-0.05572053495457174,UP,False,29,34.0,IGNORE,NONE,,NEUTRAL,C,WAIT,CMF positive,Consumer Durables,31.1
BRITANNIA,5485.0,5466.0,5497.0,5435.0,False,True,True,False,True,True,0.6349113501141139,86.921892,0.6581319534618276,False,0.11689053210165715,False,55.14,False,0.9711850077497535,30.0,-0.56,0,False,▆▅▅▂█▃▆▅▅█▄▄▆▃▄▆▅▃▁▄,False,False,False,0,0.051269765213224794,-0.0063405797101449,0.039921018638967354,-0.0555042153495483,UP,False,29,34.0,IGNORE,NONE,,NEUTRAL,C,WAIT,CMF positive,Consumer Non-Durables,33.3
FORTIS,942.3,958.0,958.6,939.9,True,False,False,True,False,True,0.8558686442266465,115.63142337000001,0.8414322793435662,False,-0.14776854146333054,False,66.11,True,1.109852014135462,90.0,1.18,0,True,▇█▂▅▆▄▅█▁▇▇▅▄▅▆▇▅▆▃█,False,False,False,2,-0.008522727272727293,-0.020630878761107918,-0.019871473846984733,-0.06979451440051132,UP,False,26,34.0,IGNORE,SEED,,NEUTRAL,C,WAIT,Delivery P90,Health Services,36.8
SUNCLAY,1399.8,1367.8,1455.4,1351.4,False,True,True,False,True,False,0.6247568134526569,0.5169461399999999,0.6362609317847593,False,-0.04642968213912376,False,73.07,True,1.1504912457488348,90.0,1.21,0,True,▁█▁▃▃▂▂▅▃▃▃▃▂▆█▅▅▇▂▆,False,False,False,0,0.009374098644361117,-0.018028761837951657,-0.0019746479298963227,-0.06719239747735506,UP,False,26,34.0,IGNORE,NONE,,NEUTRAL,C,WAIT,Delivery P90,Producer Manufacturing,29.4
BASF,3738.4,3735.7,3750.0,3700.1,False,True,True,False,False,False,0.37225738456075885,2.4692132,0.37865427401708096,False,0.11650010127136325,False,54.19,True,1.1068105922120892,68.0,0.37,0,True,▄▆▄▂▅▇▂▅▃▇▂█▆▃▅▁▅▅▂▆,False,False,False,0,0.028049719502804882,-0.02427311165631363,0.016700972928547442,-0.07343674729571703,UP,False,25,34.0,IGNORE,NONE,,NEUTRAL,C,WAIT,CMF positive,Process Industries,38.1
PRECAM,139.85,139.88,145.9,139.06,False,False,False,False,False,False,1.915883983696507,3.4160320399999997,1.808562883759128,True,-0.3677692669836916,False,21.87,False,0.4517754962920118,10.0,-1.29,0,True,▇▅▃▅▇█▆▅▇▇▇█▅▆▄▅▅▆▄▁,False,True,False,0,-0.0571698240409898,-0.055450493043360805,-0.06851857061524724,-0.10461412868276421,UP,False,17,34.0,IGNORE,NONE,,NEUTRAL,C,WAIT,No standout factor,Producer Manufacturing,29.4
NMDC,83.52,84.0,84.41,83.31,True,False,False,True,False,True,0.6276054270720858,94.245312672,0.6211594053719524,False,-0.20942194847898957,False,56.15,True,1.0615871815474784,92.0,1.34,0,True,▃▇▂▁▆▄▂▂▄▆▅▆▂▃█▁▄▃▄▅,False,False,False,0,-0.02258630778232895,-0.0734413135123142,-0.03393505435658639,-0.1226049491517176,UP,False,13,34.0,IGNORE,SEED,,NEUTRAL,C,WAIT,Delivery P92,Non-Energy Minerals,35.2
GRAPHITE,662.65,675.8,675.8,655.5,True,True,True,True,False,True,0.554969405797037,48.34641388,0.574299841240929,False,0.15432752725827972,False,28.88,False,0.8258034999428113,30.0,-0.46,0,False,▇▅▆▆▅▇█▅▃▅▇▇▅▇▆▅█▃▁▄,False,False,False,0,0.07826865185908383,-0.12929505288745813,0.06691990528482639,-0.17845868852686153,UP,False,6,34.0,IGNORE,NONE,,NEUTRAL,C,WAIT,CMF positive,Process Industries,38.1
GOPAL,260.15,265.0,265.05,259.25,False,False,False,False,False,False,1.940574500235806,4.196193484999999,1.8907194214259635,True,-0.2320231951204474,False,41.42,False,0.862494403781482,34.0,-0.53,0,True,▂▂▂▃▆▆▇▅█▇▆▇▃▃▁▅▆▆▅▄,False,True,False,0,-0.05896183758364992,-0.12318840579710144,-0.07031058415790736,-0.17235204143650484,UP,False,6,34.0,IGNORE,NONE,,NEUTRAL,C,WAIT,No standout factor,Consumer Non-Durables,33.3
RELTD,174.03,173.4,179.35,173.01,False,True,True,True,False,True,0.2508590829914403,3.409961223,0.24746146964543192,False,-0.22359966847755505,False,40.12,False,0.9492263284909856,17.0,-0.86,0,True,▇█▄▆▅▃▅▁▆▇▆▅▆▆▁▃▃▄▄▄,False,False,False,2,0.06779973002822448,0.37801884551429255,0.05645098345396704,0.32885520987488914,FLAT,True,91,33.0,IGNORE,NONE,,NEUTRAL,C,WAIT,RS leader,Utilities,31.3
AZAD,2441.6,2452.0,2493.9,2405.0,False,True,True,True,False,True,0.8283770683634613,141.44652703999998,0.8686983833693088,False,0.15531216193583644,False,33.65,False,0.8133913463862703,5.0,-1.47,0,False,▇▇▆▅▅▅▃▂▁▅▂▅█▅▄▄▆▂▃▃,False,False,False,2,0.23064516129032264,0.2714017912934805,0.2192964147160652,0.22223815565407712,FLAT,True,84,33.0,IGNORE,NONE,,NEUTRAL,C,WAIT,CMF positive,Producer Manufacturing,29.4
JYOTICNC,803.75,801.0,812.0,797.1,False,True,True,False,False,False,0.374131484333459,25.101192875,0.382901438030693,False,-0.08823734313935812,False,49.02,True,1.2037423568990497,66.0,0.47,0,True,▇▄▅▄▄▁▃▃▄▆▁▄▆▄▅█▅▄▂▆,False,False,False,8,0.0232987459418168,0.1791241839653781,0.01194999936755936,0.1299605483259747,FLAT,True,73,33.0,IGNORE,NONE,,NEUTRAL,C,WAIT,No standout factor,Producer Manufacturing,29.4
EIEL,218.76,223.9,224.94,217.49,True,False,True,True,False,False,0.20936590851609788,14.116014023999998,0.19730181466429153,False,-0.1620148355555933,False,39.0,True,1.177038691374419,57.0,0.26,0,True,▄▄▄▁▃▄▄▄▄▇█▅▄▆▂▃▅▆▅▆,False,False,False,5,-0.0031896473161396877,0.16940182819265526,-0.014538393890397128,0.12023819255325185,FLAT,True,72,33.0,IGNORE,NONE,,NEUTRAL,C,WAIT,No standout factor,Industrial Services,19.1
JSFB,537.25,544.0,559.6,532.0,False,True,True,True,False,True,0.3347042352972533,23.006388125,0.35669274024379527,False,-0.01347605143944347,False,43.38,False,0.9267151600602429,9.0,-1.32,0,False,▆▃▆▇▆█▅▆▇▇▆▅▂▄▁▁▅▄▄▄,False,False,False,4,0.15240240240240244,0.16262713698333697,0.141053655828145,0.11346350134393357,UP,True,71,33.0,IGNORE,NONE,,NEUTRAL,C,WAIT,No standout factor,Finance,33.2
PTCIL,17923.0,17832.0,18250.0,17732.0,False,True,True,True,False,True,1.0773240660295396,26.7805466,1.0948470472861944,True,-0.052078295157239635,False,36.57,False,0.8383768913342504,32.0,-0.44,0,True,▆▅▆▃▄█▄▄▅▃▇▄▅▂▄▄▅▁▂▃,False,False,False,0,0.04245914034781606,0.10281811469357627,0.03111039377355862,0.053654479054172866,FLAT,True,60,33.0,IGNORE,NONE,,NEUTRAL,C,WAIT,No standout factor,Producer Manufacturing,29.4
JTLIND,73.18,73.37,74.2,72.42,False,False,False,True,False,True,0.36743888677067654,7.460357054000001,0.3410133717730968,False,-0.26865813824152807,False,48.0,True,1.057303655407117,60.0,0.3,0,True,▅▅▃▂▁▃▆▅▆▂▆▅▄▆▂▂██▆▅,False,False,False,3,-0.0638352309069975,0.10460377358490569,-0.07518397748125494,0.05544013794550229,FLAT,True,60,33.0,IGNORE,NONE,,NEUTRAL,C,WAIT,No standout factor,Non-Energy Minerals,35.2
LAXMIDENTL,218.05,218.0,223.0,217.0,False,False,False,False,False,False,1.4004895507175317,3.16386189,1.3757770480783296,True,-0.2344306789816442,False,67.92,True,1.362788177932944,97.0,1.83,0,True,▆▃▅▁▄▆▅▁▇▂▁▄▄▇▂▁▇▄▃█,False,True,False,0,-0.02651904102861735,0.10310112814286443,-0.03786778760287479,0.053937492503461026,FLAT,True,60,33.0,IGNORE,SEED,,NEUTRAL,C,WAIT,Delivery P97,Health Services,36.8
LAOPALA,185.87,185.51,190.11,184.2,False,True,True,False,False,False,0.6452949850734745,1.646659504,0.6431824164022133,False,0.11809472616528228,False,39.11,False,0.7231744975129897,4.0,-1.84,0,True,▆▆▅▇▁▅█▅█▅▆▅▁█▃▄▅▃▄▂,False,False,False,6,0.05136037106171165,0.10321699905033244,0.04001162448745421,0.054053363410929034,FLAT,True,60,33.0,IGNORE,NONE,,NEUTRAL,C,WAIT,CMF positive,Consumer Durables,31.1
KRN,1094.4,1162.8,1194.9,1084.4,True,False,True,True,False,False,0.6266217664024244,73.77000192,0.5488850559911356,False,-0.08410830689213192,False,37.46,True,1.354081946176508,69.0,0.42,0,True,▅▅▄▅▄▂▄▁▁▅▆▃█▄▄█▆▄▁█,False,False,False,4,-0.09208561473369836,0.09752795467081188,-0.1034343613079558,0.048364319031408476,FLAT,True,58,33.0,IGNORE,NONE,,NEUTRAL,C,WAIT,No standout factor,Producer Manufacturing,29.4
TVSHLTD,14694.0,14641.0,14880.0,14641.0,False,True,True,True,False,True,0.6331629353762207,9.8552658,0.6429923033522229,False,-0.3109082546996428,False,46.32,False,0.8784289927082051,29.0,-0.51,0,False,▅▃▂▃▄▂▄▄▄▇▂█▁▃▄▄▁▂▄▃,False,False,False,4,0.09216589861751157,0.09005934718100894,0.08081715204325413,0.04089571154160554,UP,True,57,33.0,IGNORE,NONE,,NEUTRAL,C,WAIT,No standout factor,Producer Manufacturing,29.4
NITINSPIN,539.85,537.0,545.9,535.9,False,False,True,True,False,True,0.5074970854209083,2.03393886,0.496341063822221,False,-0.1401204400788498,False,55.67,True,1.1053749776621726,62.0,0.25,0,True,▇▅▆▅▇█▅▆▆▆▆▁▆▆▆▄▆▆▆▇,False,False,False,3,-0.03589606214840613,0.09071623396302675,-0.04724480872266357,0.041552598323623346,FLAT,True,57,33.0,IGNORE,NONE,,NEUTRAL,C,WAIT,No standout factor,Process Industries,38.1
PIRAMALFIN,2032.2,2095.9,2110.0,2032.2,True,False,False,True,False,True,0.9205634046028707,69.76908396,0.8693423899806423,False,-0.2063539524286378,False,64.31,True,1.1873090308227714,85.0,0.99,0,True,▅▅▄█▁▅▇▄▄▅▁█▄▁▄▄▄▅▄▆,False,False,False,7,-0.05637072808320942,0.06314412764844368,-0.06771947465746686,0.01398049200904028,FLAT,True,50,33.0,IGNORE,SEED,,NEUTRAL,C,WAIT,No standout factor,Finance,33.2
ADANIGREEN,1382.0,1468.0,1468.0,1372.0,True,False,False,True,False,True,2.881062415760327,1086.2788108,2.6023368804219307,False,-0.23013272207847418,False,28.67,False,0.9947607647201695,58.0,-0.04,0,False,▇▄▃▂▂▄▂▄▃▁▃▄▃█▃▃▃▃▄▄,False,False,False,7,-0.09400812901534028,0.05657492354740068,-0.10535687558959772,0.007411287907997277,FLAT,True,48,33.0,IGNORE,DISTRIBUTION,,NEUTRAL,C,WAIT,No standout factor,Utilities,31.3
VOLTAS,1319.3,1327.9,1340.4,1310.2,True,False,False,False,False,False,0.4044611132663407,41.53261944,0.407297366754581,False,0.06741616283213746,False,49.21,True,1.0945284697508897,72.0,0.46,0,True,▆▄▅▇▇█▆█▅▄▃▄▅▃▁▆▃▄▃▆,False,False,False,0,0.018135514739928915,0.05308109833971897,0.006786768165671475,0.003917462700315566,UP,True,47,33.0,IGNORE,NONE,,NEUTRAL,C,WAIT,CMF positive,Producer Manufacturing,29.4
CGPOWER,915.9,915.8,919.4,898.0,False,False,True,True,False,True,0.6848875981982333,324.14058201,0.6787534941699365,False,-0.0543225431493812,True,51.16,True,1.1389896920987599,63.0,0.27,0,False,▄▄▇▅▃▆▇█▆▇▄▇▁▇▆▆▃█▂▇,False,False,False,4,-0.04846501480442578,0.048480338847232574,-0.05981376137868322,-0.0006832967921708288,FLAT,False,46,33.0,IGNORE,NONE,,NEUTRAL,C,WAIT,No standout factor,Producer Manufacturing,29.4
RITES,217.15,215.45,218.25,214.5,False,False,True,False,False,False,0.0356376419273986,8.84308631,0.03325623951317551,False,0.17434798885927075,True,41.05,True,1.4778945852534562,55.0,0.22,0,False,█▁▃▆▆▁▃▄▆▄▇▄█▇▆▇██▇█,False,False,False,2,0.05356363107078743,0.04802123552123572,0.04221488449652999,-0.0011424001181676857,UP,False,46,33.0,IGNORE,NONE,,NEUTRAL,C,WAIT,CMF positive,Commercial Services,33.3
BATAINDIA,699.65,695.0,704.95,691.05,False,True,True,False,False,False,0.7559538552347186,13.4318807,0.7655460228101106,False,-0.10767674126559106,True,44.49,True,1.0480071610289268,38.0,-0.28,0,True,▅▆▄▇▇▇▅▇▃▅▆█▇▁▃█▇▇▅▆,False,False,False,0,0.004811144621571284,0.02988150437918602,-0.006537601952686156,-0.019282131260217383,UP,False,41,33.0,IGNORE,NONE,,NEUTRAL,C,WAIT,No standout factor,Consumer Non-Durables,33.3
INDIQUBE,177.51,184.5,184.5,176.0,True,True,True,False,False,False,0.2573951738976158,0.699833175,0.26420769745560246,False,0.2862597094223693,True,40.41,False,0.6515482534282465,12.0,-1.1,0,False,▄▇▂▃█▄▄▇▇▂▆▃▂▂▅▃▂▁▃▂,False,False,False,3,0.06760089011848192,0.026069364161849684,0.056252143544224475,-0.02309427147755372,UP,False,40,33.0,IGNORE,NONE,,NEUTRAL,C,WAIT,CMF positive,Finance,33.2
ALEMBICLTD,90.15,88.0,90.85,88.0,False,True,True,False,False,False,1.1208006729811757,2.013653505,1.1209847633924397,True,-0.08624924883978079,True,53.86,True,1.0310600622158412,59.0,0.27,0,True,▄▅▅▆▆▅▇▅▇▆▇▃▁▆▇▅█▅▇▆,False,False,False,0,-0.0027654867256636795,0.02025803531009518,-0.01411423329992112,-0.028905600329308223,UP,False,38,33.0,IGNORE,NONE,,NEUTRAL,C,WAIT,No standout factor,Health Technology,34.1
BBTC,1496.6,1461.9,1501.2,1461.9,False,False,False,False,False,False,1.2136008522727273,4.29628962,1.1999484351895293,True,-0.08598657288074803,True,54.27,True,1.0641593787991686,79.0,0.79,0,True,▅▂▄▃▃▆▅▁▇▇▆▃▆▃▃█▆▇▄▅,False,True,False,0,-0.03214124038026256,-0.00013361838588987762,-0.04348998695452,-0.04929725402529328,UP,False,32,33.0,IGNORE,NONE,,NEUTRAL,C,WAIT,No standout factor,Consumer Non-Durables,33.3
ASTRAZEN,8167.5,8005.5,8185.0,8005.0,False,True,False,False,False,False,0.7957772023965878,5.1961635,0.8015776764438948,False,0.10675923380779015,True,55.34,False,0.9943490643164525,78.0,0.76,0,True,▄▄▇▄▂▄▄▆▄▃▃▅▁▃▃▆▄▄█▄,False,False,False,0,0.013588979895755804,-0.04064133435132433,0.002240233321498364,-0.08980496999072773,UP,False,21,33.0,IGNORE,NONE,,NEUTRAL,C,WAIT,CMF positive,Health Technology,34.1
ENGINERSIN,226.42,226.06,229.95,225.1,False,False,False,True,False,True,0.44930045959406634,18.964282582,0.4311966906391449,False,-0.17152389821569836,True,47.74,True,1.0958086581278978,77.0,0.76,0,True,▇██▇▇█▃▃▄▇█▇▃▇▁▆▂▃▃▇,False,False,False,0,-0.0738331901664826,-0.04685329404335936,-0.08518193674074004,-0.09601692968276276,UP,False,19,33.0,IGNORE,NONE,,NEUTRAL,C,WAIT,No standout factor,Industrial Services,19.1
POWERGRID,286.35,289.0,290.4,284.45,True,True,False,False,False,True,0.767012819760227,214.49968797000002,0.7681862946662081,False,-0.05182106047714283,True,74.17,True,1.173445979084595,89.0,1.23,0,True,▂▄▄▅▄▅▂▁▄▅▁▂▅▃▆▄▃▂▃█,False,False,False,0,-0.011734253666954242,-0.08791208791208782,-0.023083000241211682,-0.13707572355149122,UP,False,11,33.0,IGNORE,SEED,,NEUTRAL,C,WAIT,No standout factor,Utilities,31.3
SCI,283.8,277.15,287.1,275.4,False,False,False,True,False,False,1.0064975876699762,62.53706118000001,0.9917195137127672,True,-0.2094989113404163,True,37.23,True,1.059416083319105,77.0,0.82,0,True,▄▆▃▅▆▆▆▆▅▁▁▃▃▆▃▆█▄▃▅,False,False,False,0,-0.07647250244061177,-0.17667536988685806,-0.08782124901486921,-0.22583900552626146,UP,False,2,33.0,IGNORE,NONE,,NEUTRAL,C,WAIT,No standout factor,Transportation,40.9
EMSLIMITED,401.75,406.7,411.95,398.35,True,False,True,True,False,False,0.276389750483581,8.788683,0.25935227196338817,False,-0.06860787843650934,True,36.72,True,1.2607508883967657,27.0,-0.54,0,True,▅▄▆▄▇█▁▅▇▆▅▃▇█▃▇▇█▆▇,False,False,False,1,-0.025351770984958777,0.27884768422728,-0.03670051755921622,0.2296840485878766,FLAT,True,85,32.0,IGNORE,NONE,,NEUTRAL,C,WAIT,No standout factor,Industrial Services,19.1
IFGLEXPOR,200.88,201.2,208.13,200.0,False,False,True,True,False,False,0.18917045043575662,1.2488106959999998,0.17421112112826137,False,0.16829072801534584,True,38.04,False,0.8842912768059511,17.0,-0.83,0,False,█▇▁▁▃▅▂▄▅▇▅▅▅▆▇▆▇▇▅▅,False,False,False,3,0.12853932584269656,0.2726005701615457,0.11719057926843912,0.2234369345221423,FLAT,True,84,32.0,IGNORE,NONE,,NEUTRAL,C,WAIT,CMF positive,Producer Manufacturing,29.4
YATRA,110.65,107.7,111.23,107.27,False,True,True,False,False,False,0.8107726178503388,10.319351780000002,0.7983913920645025,False,-0.08329386181613403,True,44.43,True,1.0566746735795656,88.0,1.25,0,True,▅▆█▇█▆▅▃▄▁▇▄▅▃▄▇▆▅▄▆,False,False,False,0,0.004630470310514001,0.17938605840972088,-0.006718276263743439,0.13022242277031748,FLAT,True,74,32.0,IGNORE,SEED,,NEUTRAL,C,WAIT,No standout factor,Consumer Services,34.2
EIMCOELECO,1829.8,1822.2,1844.0,1800.1,False,True,True,True,False,False,0.22434509906572167,3.26198446,0.22474552740886286,False,-0.21619873235339634,True,50.16,True,1.082048903605751,44.0,-0.03,0,False,█▃▆▇▇▆▅▁▅▅▅▅▆▅▆█▅▇▆▆,False,False,False,5,0.10023450183392457,0.17846332195530357,0.08888575525966713,0.12929968631590016,FLAT,True,73,32.0,IGNORE,NONE,,NEUTRAL,C,WAIT,No standout factor,Producer Manufacturing,29.4
INDOCO,248.14,245.0,250.99,243.98,False,True,True,True,False,False,0.4745509017129381,2.009264022,0.4796703931173241,False,-0.0684838952180399,True,39.49,False,0.9390977622410882,22.0,-0.69,0,True,▄▃▇▆▆▁▂▆▅█▆▆▅▆▇▄█▄▅▄,False,False,False,4,0.0601555156797402,0.15274551704914985,0.04880676910548276,0.10358188140974645,FLAT,True,69,32.0,IGNORE,NONE,,NEUTRAL,C,WAIT,No standout factor,Health Technology,34.1
BFINVEST,460.1,467.0,468.0,457.65,False,False,True,True,False,True,0.06241349709875884,1.19644404,0.05630287767735153,False,-0.06146897509070662,True,55.56,True,1.1689705232594836,54.0,0.23,0,False,██▇▇█▅▆█▁▂▄▆▅▅▆▅▅▅▄▆,False,False,False,3,0.029652008503972205,0.1465237976576128,0.018303261929714765,0.0973601620182094,FLAT,True,68,32.0,IGNORE,NONE,,NEUTRAL,C,WAIT,No standout factor,Finance,33.2
THEJO,1921.2,1895.0,1940.0,1894.5,False,True,True,True,False,False,0.46496180670873466,0.67242,0.4721181746658368,False,-0.05794094623726071,True,63.06,False,0.953518613723652,41.0,-0.2,0,True,▂▃▁▁▄▅▃▄▄▂▅▅▄▅▅▇▃█▁▃,False,False,False,5,0.05334722298371619,0.13646850044365566,0.04199847640945875,0.08730486480425226,FLAT,True,67,32.0,IGNORE,NONE,,NEUTRAL,C,WAIT,No standout factor,Distribution Services,36.5
NAVKARCORP,104.17,103.3,105.6,102.6,False,False,True,True,False,False,0.43211540193169495,5.778851584000001,0.4172801435383837,False,-0.20673624537416457,True,51.33,True,1.1020342440019322,61.0,0.24,0,False,▅▇▇▇█▇█▇▆▇▅▃▇▁▄▆█▆▇▇,False,False,False,4,-0.02471678681771372,0.10244470314318987,-0.03606553339197116,0.05328106750378647,FLAT,True,60,32.0,IGNORE,NONE,,NEUTRAL,C,WAIT,No standout factor,Transportation,40.9
ARE&M,874.0,875.95,882.0,870.45,False,False,True,False,False,False,0.3245904707859009,23.8709502,0.321613093616832,False,-0.021782525534121848,True,50.92,True,1.1571938276935665,54.0,0.18,0,False,▃▇▁▆▇█▃▃█▆█▆▆▄▄▄▃▇▇▇,False,False,False,7,0.06280780689487431,0.08014583204597425,0.05145906032061687,0.03098219640657085,UP,True,54,32.0,IGNORE,NONE,,NEUTRAL,C,WAIT,No standout factor,Producer Manufacturing,29.4
JBMA,665.0,659.0,672.0,659.0,False,False,False,True,False,True,0.4141466511810739,12.3449935,0.40152967185366206,False,-0.1652164055278092,True,36.51,True,1.1729178379246648,77.0,0.73,0,True,▃▄▅▃▆█▃▆▄▂▆▅▅▆▅▆▁▆▅▆,False,False,False,0,-0.028487947406866332,0.07405313736574337,-0.03983669398112377,0.02488950172633997,FLAT,True,53,32.0,IGNORE,NONE,,NEUTRAL,C,WAIT,No standout factor,Producer Manufacturing,29.4
EDELWEISS,116.91,117.99,118.9,115.31,True,False,False,True,False,True,0.8379095837679796,25.002945459,0.8049239431922511,False,-0.05053330496698813,True,48.32,True,1.0213377580029803,64.0,0.35,0,True,▃▂▃▂▁▄▃▃▂▄▄▁▆▃▆▄▆█▃▄,False,False,False,0,-0.03292249152121762,0.058967391304347805,-0.04427123809547506,0.009803755664944402,FLAT,True,49,32.0,IGNORE,NONE,,NEUTRAL,C,WAIT,No standout factor,Finance,33.2
GAIL,173.4,172.72,176.2,172.52,False,True,True,True,False,True,0.7042925849066222,80.40433152,0.7067307980132088,False,-0.15756409927815154,False,65.23,True,1.200018396725383,85.0,1.04,0,True,▄▆▃▅▂▆▄▄▂▁▅▃▅█▃▃█▅▄▇,False,False,False,2,-0.021996615905245376,0.04150399423388795,-0.033345362479502816,-0.007659641405515449,FLAT,False,45,32.0,IGNORE,SEED,,NEUTRAL,C,WAIT,No standout factor,Utilities,31.3
YATHARTH,843.9,843.05,868.55,838.8,False,True,True,True,False,True,0.9593211671088834,19.80371691,0.9626395126558265,False,-0.038690351595610004,False,44.37,False,0.8558697581111839,43.0,-0.19,0,True,▄▂▂▃▃▄▃▁▂▆█▄▄▄▄▄▂▄▄▂,False,False,False,6,-0.005889975262103886,0.04378478664192942,-0.017238721836361326,-0.005378848997473984,FLAT,False,45,32.0,IGNORE,NONE,,NEUTRAL,C,WAIT,No standout factor,Health Services,36.8
VERANDA,232.95,241.85,241.85,231.15,True,False,True,True,False,True,0.2592321469620364,1.9650031349999997,0.2466080889288924,False,0.07614726349287108,False,37.3,False,0.7132203908371256,6.0,-1.51,0,False,▆█▆█▁▄▇▆▇▆▇▅▅▁▆▃▄▆▄▂,False,False,False,4,-0.002654450485935711,0.002151000215099952,-0.014003197060193151,-0.04701263542430345,UP,False,33,32.0,IGNORE,NONE,,NEUTRAL,C,WAIT,CMF positive,Commercial Services,33.3
ANDHRSUGAR,87.45,86.85,88.8,86.0,False,True,True,True,False,False,0.4222913317489542,3.018362985,0.42816159635940576,False,0.00971796835694416,True,50.95,True,1.2222182241253163,50.0,0.08,0,False,▃▅▆█▁▃▄▅▆▅▆▅▇▆▆▇▇▄▆▇,False,False,False,0,0.12244897959183687,-0.003305219968087414,0.11110023301757943,-0.052468855607490816,UP,False,31,32.0,IGNORE,NONE,,NEUTRAL,C,WAIT,CMF positive,Process Industries,38.1
EIDPARRY,771.15,758.0,774.0,755.5,False,True,True,False,False,False,0.4621654716066673,11.522985989999999,0.4722806718459728,False,0.23612475429923294,False,58.05,True,1.0827799746325448,69.0,0.43,0,False,▆█▁▆▂▅▄▁▆▁▅▄█▃▃▅▇▃▂▆,False,False,False,0,0.08004201680672263,-0.012738445781590113,0.06869327023246519,-0.061902081420993516,UP,False,28,32.0,IGNORE,NONE,,NEUTRAL,C,WAIT,CMF positive,Process Industries,38.1
JSL,724.0,720.0,726.75,710.1,False,True,True,False,False,False,0.6014193800044123,24.5136264,0.6136743130812784,False,0.01495623736840215,True,55.66,False,0.96955972651657,66.0,0.49,0,True,▆▇▅▁▇▃█▄▃▆▄▆▅▅█▃▃▄▁▄,False,False,False,0,0.05979653077654978,-0.032925933346690694,0.04844778420229234,-0.0820895689860941,UP,False,23,32.0,IGNORE,NONE,,NEUTRAL,C,WAIT,CMF positive,Non-Energy Minerals,35.2
ATULAUTO,482.25,480.95,487.75,477.1,False,True,True,True,False,True,0.35043543339229827,2.483925075,0.34638697667738005,False,-0.30768934852001706,False,50.42,True,1.194531971854344,88.0,1.22,0,True,▃▁▄▁▃▄▇▆▇█▄▄▆▇▃▇▄▄▃▆,False,False,False,0,0.015583868590081096,-0.04815947893022787,0.004235122015823656,-0.09732311456963127,UP,False,19,32.0,IGNORE,SEED,,NEUTRAL,C,WAIT,No standout factor,Consumer Durables,31.1
TORNTPOWER,1440.0,1434.3,1446.5,1427.8,False,True,False,True,False,False,0.996735754431877,49.31712,1.015020900867939,False,0.029380814989974163,True,61.28,False,0.993281410822683,85.0,1.01,0,True,▃▂▂▂▂▂▃▂▁▄▂▂▂▆▄▇▆█▅▃,False,False,False,0,0.015514809590973178,-0.054808007876599896,0.0041660630167157375,-0.1039716435160033,UP,False,17,32.0,IGNORE,SEED,,NEUTRAL,C,WAIT,CMF positive,Utilities,31.3
DELTACORP,62.71,63.19,63.93,62.55,True,False,False,False,False,False,0.26400214016537304,4.069571721,0.2496300998992201,False,0.07091809522137522,False,57.37,True,1.525534149681571,88.0,1.21,1,True,▄▆▁▅▇▆▆▂▆▇▂▅▃▅▅█▇▅▅█,False,False,False,0,-0.012751889168765795,-0.07220002959017613,-0.024100635743023235,-0.12136366522957953,UP,False,14,32.0,IGNORE,SEED,DEL57% ▄▆▁▅▇▆▆▂▆▇▂▅▃▅▅█▇▅▅█ P88 Z+1.2,NEUTRAL,C,WAIT,CMF positive,Consumer Services,34.2
ONGC,249.75,250.01,251.69,248.46,False,True,False,False,True,False,0.7881217961529493,305.270898525,0.8170905888631477,False,0.057597897507819934,False,51.3,False,0.9152215799614644,35.0,-0.32,0,True,▃▇▅▅▅█▂▄▇▁▄█▅▆▂▇▄▅▂▄,False,False,False,0,0.01751884294153605,-0.10547994269340966,0.00617009636727861,-0.15464357833281306,UP,False,8,32.0,IGNORE,NONE,,NEUTRAL,C,WAIT,CMF positive,Energy Minerals,35.2
WAAREEINDO,335.05,335.05,344.95,335.05,True,False,False,False,False,False,7.905659010440028,8.592055705,6.852770907319201,False,-0.4025478297584807,False,71.29,True,1.0925503057424408,,,0,True,▃▃▆▃▄▃▅▁▃▁▃▂▃▂▂▃▄▂█▄,False,False,False,0,-0.14832231825114384,-0.14407970366585765,-0.15967106482540128,-0.19324333930526105,UP,False,4,32.0,IGNORE,DISTRIBUTION,,NEUTRAL,C,WAIT,No standout factor,Electronic Technology,24.6
NIBE,1494.2,1506.0,1560.0,1481.5,True,False,False,True,False,False,0.4650777628007906,5.7483368200000005,0.43822039591493106,False,-0.2689189868706919,False,59.44,True,1.3863556851311953,79.0,0.84,0,True,▃▄▆▁▂▅▂▂▂▃▁▂▄▇▃▃▄▅▃█,False,False,False,0,-0.0900675963705011,0.40537998495109107,-0.10141634294475854,0.35621634931168766,FLAT,True,92,31.0,IGNORE,NONE,,NEUTRAL,C,WAIT,RS leader,Process Industries,38.1
VENUSPIPES,1688.0,1708.4,1730.0,1670.0,True,False,True,True,False,True,0.5185561857273171,10.104368,0.49612968417169956,False,-0.1750860403752135,False,51.73,True,1.1016227266919374,55.0,-0.01,0,False,█▃▃▄▅▆▅▂▂▄▄▂▂▅▃▃▃▃▁▅,False,False,False,6,-0.007759228779684935,0.30126426148627816,-0.019107975353942375,0.25210062584687476,FLAT,True,87,31.0,IGNORE,NONE,,NEUTRAL,C,WAIT,No standout factor,Non-Energy Minerals,35.2
DIFFNKG,404.05,401.15,408.0,394.3,False,True,True,True,False,True,0.5303879387015473,3.102336305,0.5273625542320417,False,-0.2111170129745574,False,45.62,False,0.9714237042715386,41.0,-0.25,0,True,▁▃▂▇▄▄█▃▇▄▆▅▂▆▆▅█▃▅▄,False,False,False,3,-0.027088851432699235,0.28412521849674244,-0.038437598006956675,0.23496158285733904,FLAT,True,85,31.0,IGNORE,NONE,,NEUTRAL,C,WAIT,No standout factor,Producer Manufacturing,29.4
APOLLO,392.95,396.1,399.6,390.65,True,False,True,True,False,True,0.2939984914424331,156.493084105,0.27871788351931176,False,-0.14053491133173598,False,25.97,True,1.0794297352342157,35.0,-0.4,0,True,▃▆█▃▅█▄▆▃▇▂▃█▅▃▆▁▅▃▅,False,False,False,2,-0.03487658111261205,0.26350482315112544,-0.04622532768686949,0.21434118751172204,FLAT,True,83,31.0,IGNORE,NONE,,NEUTRAL,C,WAIT,No standout factor,Electronic Technology,24.6
TVSSCS,136.62,133.49,137.0,133.49,False,True,True,True,False,True,0.3946483872537453,2.936223378,0.3911422925903541,False,-0.2456575498655158,False,58.75,True,1.1288091303846597,81.0,0.78,0,False,▅▁▄▅▃▃█▇▃▆▄▅▇█▇▅▄▇▅▇,False,False,False,3,0.03649192018814973,0.23828514456630123,0.02514317361389229,0.18912150892689783,FLAT,True,81,31.0,IGNORE,NONE,,NEUTRAL,C,WAIT,No standout factor,Transportation,40.9
SIKA,1129.0,1148.0,1159.5,1115.0,True,False,True,True,False,True,0.1256688041550507,2.8535475,0.11543705151038561,False,0.21919908550672668,False,42.75,True,1.2069793048928543,27.0,-0.3,0,False,▄▇▁▁▄▃▅▆▅▆▇▆█▆▆▂▅▆▅▆,False,False,False,0,0.08038277511961733,0.19800509337860794,0.0690340285453599,0.14884145773920454,FLAT,True,77,31.0,IGNORE,NONE,,NEUTRAL,C,WAIT,CMF positive,Electronic Technology,24.6
AIAENG,4634.5,4585.0,4651.5,4531.0,False,False,True,True,False,True,0.8673085829840167,32.58841365,0.8409801157901136,False,-0.06809708574242984,False,60.23,True,1.1067520511571924,65.0,0.27,0,True,▃▃▄▆▁▃▂▄▅▃▅█▁▄▂▃▁▅▃▅,False,False,False,2,-0.06400210041604393,0.19344372054695746,-0.07535084699030137,0.14428008490755406,FLAT,True,76,31.0,IGNORE,NONE,,NEUTRAL,C,WAIT,No standout factor,Producer Manufacturing,29.4
MACPOWER,1318.3,1348.0,1399.6,1307.0,True,True,True,True,False,True,0.16795760856249062,1.2832332199999998,0.16546961129758392,False,-0.10943166067643433,False,51.25,True,1.0997028120205563,39.0,-0.12,0,False,▁▂▄▅▆▆▇▇▇▇▄▅▅▇▇▅█▇█▆,False,False,False,5,0.00026556394400389927,0.19638805699246742,-0.01108318263025354,0.14722442135306402,FLAT,True,76,31.0,IGNORE,NONE,,NEUTRAL,C,WAIT,No standout factor,Producer Manufacturing,29.4
WOCKPHARMA,1865.2,1855.9,1881.9,1853.3,False,False,True,True,False,True,0.4281234573570893,50.251658840000005,0.4224612056097362,False,-0.03986728817283536,False,41.27,True,1.0111107027795132,63.0,0.39,0,True,▅▁▂▂▄▆▁▃▆▂▃▄▂▁▄▄█▃▄▃,False,False,False,0,-0.043340001025798824,0.186891504931594,-0.054688747600056264,0.1377278692921906,FLAT,True,75,31.0,IGNORE,NONE,,NEUTRAL,C,WAIT,No standout factor,Health Technology,34.1
CORONA,2099.9,2126.8,2140.0,2086.6,True,True,True,True,False,True,0.6713678597073834,4.21134945,0.6938942725220696,False,-0.2985080377981485,False,51.11,True,1.0665581536085809,72.0,0.47,0,False,▅▁▄▄▃▄▄▃▃▄▃▅▄▃█▂▇█▂▆,False,False,False,14,0.06593908629441625,0.17444071588366894,0.05459033972015881,0.12527708024426554,FLAT,True,72,31.0,IGNORE,NONE,,NEUTRAL,C,WAIT,No standout factor,Health Technology,34.1
GREENPLY,294.75,301.1,303.35,291.6,True,False,True,True,False,True,1.250409774945071,10.72553985,1.1864721029632308,False,-0.2784559775614581,False,36.57,False,0.7117624733599978,10.0,-1.06,0,True,▃▃▅▅▅▃▅▇▅▅▄▄▄█▅▅▅▄▁▃,False,False,False,12,-0.019787163285666765,0.1640995260663507,-0.031135909859924205,0.1149358904269473,FLAT,True,71,31.0,IGNORE,NONE,,NEUTRAL,C,WAIT,No standout factor,Producer Manufacturing,29.4
GRANULES,842.8,839.95,852.25,824.4,False,False,True,True,False,True,0.6660138513999214,77.32538295999998,0.6550635473751419,False,-0.061377171833802056,False,46.25,False,0.8529669417677163,37.0,-0.24,0,True,▆▇▆▆▅▅▅▅█▇▇█▇█▆▁▅▄▇▄,False,False,False,13,0.060392551585304544,0.1522318682069861,0.049043805011047104,0.10306823256758268,FLAT,True,69,31.0,IGNORE,NONE,,NEUTRAL,C,WAIT,No standout factor,Health Technology,34.1
PARKHOSPS,279.15,284.7,284.7,278.3,True,False,True,True,False,True,0.35443408801476695,10.084740389999999,0.34724813290666884,False,-0.13431213118414403,False,60.13,True,1.145137024129197,89.0,1.33,0,True,▃▅▆██▄▄▄▃▃▆█▇▄▄▆▂▅▁▇,False,False,False,1,-0.03741379310344839,0.12705910852713176,-0.04876253967770583,0.07789547288772836,FLAT,True,65,31.0,IGNORE,SEED,,NEUTRAL,C,WAIT,No standout factor,Health Services,36.8
STEELCAS,311.45,312.5,318.0,306.05,False,True,True,True,False,True,0.5449629181349753,1.51308639,0.549202120867437,False,-0.06086509322826687,False,48.73,True,1.1291200834153972,47.0,-0.0,0,False,▆▃▆█▂▇▆▆▁▃▂▇▅▆▃▃▅▂▇▆,False,False,False,3,0.03695688363575811,0.1276249094858799,0.02560813706150067,0.0784612738464765,FLAT,True,65,31.0,IGNORE,NONE,,NEUTRAL,C,WAIT,No standout factor,Non-Energy Minerals,35.2
NEWGEN,506.3,511.8,523.95,504.2,False,False,True,False,False,False,0.18597053315096,52.23613549,0.17178999861750455,False,0.11882039071766497,False,32.13,True,1.3424978063761335,50.0,0.13,0,False,▆▄▅▅█▇█▆▁▁▃▂▁▁▃▅▅▆▄▆,False,False,False,2,0.08126001067805655,0.10353095030514381,0.06991126410379911,0.05436731466574041,UP,True,60,31.0,IGNORE,NONE,,NEUTRAL,C,WAIT,CMF positive,Technology Services,36.7
JUBLCPL,1876.7,1851.5,1887.9,1842.2,False,False,False,False,False,False,0.40060194073997196,0.50708434,0.364875785941962,False,0.049154807416047774,True,58.73,True,1.0058832093035204,59.0,0.32,0,True,▇▆▆▅█▂▄▆▃▃▅▄▃▅▆▆▄▁▄▅,False,False,False,3,-0.06886628628131974,0.09492415402567089,-0.08021503285557718,0.04576051838626749,FLAT,True,58,31.0,IGNORE,NONE,,NEUTRAL,C,WAIT,CMF positive,Process Industries,38.1
AJAXENGG,566.85,568.0,576.0,560.75,True,False,True,True,False,False,0.5390371068498447,2.0230309650000002,0.5224663220532502,False,0.17196258907307763,False,49.36,False,0.9693161176297315,23.0,-0.63,0,False,▄▄▃▄▃█▄▃▄▂▁▂▃▄▃▁▂▃▃▃,False,False,False,4,0.04700775766531229,0.0802286803239638,0.03565901109105485,0.031065044684560394,UP,True,54,31.0,IGNORE,NONE,,NEUTRAL,C,WAIT,CMF positive,Producer Manufacturing,29.4
DAMCAPITAL,156.86,159.3,160.98,155.35,True,False,True,False,False,False,0.8793198008472699,9.028532194000002,0.8457257913232675,False,0.16509279143999392,False,51.41,True,1.1567495809285946,85.0,0.94,0,False,▆▅▆▇█▆▆▃█▂▆▁▃▅▅▅▇▄▄▇,False,False,False,2,0.05829172851167197,0.053317217297878194,0.04694298193741453,0.004153581658474792,UP,True,47,31.0,IGNORE,SEED,,NEUTRAL,C,WAIT,CMF positive,Finance,33.2
ERIS,1403.5,1399.0,1414.0,1386.1,False,False,False,False,False,False,0.5006164889009079,5.36515945,0.48668209539004714,False,0.2703207887308041,True,57.63,False,0.9091124204349165,55.0,0.09,0,True,▁▆▅▃▇▃▂▇▆▅▅█▃▁█▄▅▇▁▃,False,False,False,8,-0.001565056555452804,0.04676312649164682,-0.012913803129710244,-0.00240050914775658,FLAT,False,45,31.0,IGNORE,NONE,,NEUTRAL,C,WAIT,CMF positive,Health Technology,34.1
HCLTECH,1238.9,1219.0,1240.7,1217.2,False,True,True,False,True,False,0.9566081672138412,574.43890465,1.0330426584595207,False,-0.03185034651606333,True,51.24,True,1.1085510303423658,27.0,-0.61,0,False,▄▄▃▁▄▄▄▃▃▃▂▂▃▅▇██▄▂▅,False,False,False,1,0.09588677576293692,0.03379506008010691,0.08453802918867948,-0.015368575559296493,UP,False,43,31.0,IGNORE,NONE,,NEUTRAL,C,WAIT,No standout factor,Technology Services,36.7
TARC,132.93,132.05,135.47,130.82,False,True,True,False,True,False,0.27719954453812023,15.520228857000003,0.2903570607624613,False,-0.3316459213414424,True,48.34,True,1.1509934878626618,42.0,-0.03,0,False,█▅▇▇█▁▃▂▄▅▆▆▆▅▅▆▁▂▃▆,False,False,False,0,0.07262164124909232,0.03214535290006992,0.06127289467483488,-0.01701828273933348,UP,False,42,31.0,IGNORE,NONE,,NEUTRAL,C,WAIT,No standout factor,Finance,33.2
MASFIN,318.3,316.95,323.8,315.15,False,True,True,True,False,True,0.8050866002536623,2.83977711,0.8056738336239013,False,-0.003341652657204035,True,55.21,False,0.9365881794123635,52.0,-0.05,0,True,▄▃▁▅▄▄▂█▅▃▃▃▄▃▄▁▄▄▄▃,False,False,False,0,0.02727126028723581,0.016445792751077937,0.01592251371297837,-0.032717842888325466,UP,False,36,31.0,IGNORE,NONE,,NEUTRAL,C,WAIT,No standout factor,Finance,33.2
DISAQ,12195.0,12297.0,12297.0,12094.0,False,True,True,True,False,True,0.9699028210208509,0.626823,0.9787397514226536,False,-0.2508207996553145,True,22.67,True,1.453577840471916,43.0,-0.52,0,False,▅▂▂▃▂▁▅▇▅▂▆▄▅█▃▄█▂▂▆,False,False,False,0,0.04212955050418721,0.016250000000000098,0.030780803929929768,-0.032913635639403305,UP,False,36,31.0,IGNORE,NONE,,NEUTRAL,C,WAIT,No standout factor,Producer Manufacturing,29.4
SHREEPUSHK,388.15,390.05,395.4,383.0,False,False,False,True,False,True,0.545768938878636,1.23796561,0.512000086190454,False,0.04775517557991167,False,50.36,True,1.0497133923918707,67.0,0.53,0,True,▆▄▄▅▃▁▅▄▁▃▃▄▄▄▄▃█▁▅▄,False,False,False,6,-0.04841873008090214,0.0064825619084663,-0.05976747665515958,-0.0426810737309371,FLAT,False,34,31.0,IGNORE,NONE,,NEUTRAL,C,WAIT,CMF positive,Process Industries,38.1
HUDCO,202.16,199.9,205.0,197.1,False,False,False,False,False,False,1.4270040652363423,77.633644928,1.3936635217496969,True,-0.0005913958507522383,True,32.65,False,0.7336419198274311,35.0,-0.37,0,True,▇▁▃▄▃▇▆▂▅▂▆▇█▆▄▇▃█▂▁,False,True,False,0,-0.027889978842085106,0.004971167230065632,-0.039238725416342546,-0.04419246840933777,UP,False,33,31.0,IGNORE,NONE,,NEUTRAL,C,WAIT,No standout factor,Finance,33.2
LUMAXIND,5182.0,5198.0,5272.5,5152.5,False,False,False,True,False,False,0.5768655652021882,3.2485958,0.5662480085093803,False,-0.1628028616322625,True,51.95,True,1.1121220230131121,91.0,1.22,0,True,▅▄▂▄▄▅▄▇▅█▅▇▅▅▆▇▆▃▁▆,False,False,False,0,-0.003173992497835898,0.0038744672607515795,-0.014522739072093338,-0.04528916837865182,UP,False,33,31.0,IGNORE,SEED,,NEUTRAL,C,WAIT,Delivery P91,Producer Manufacturing,29.4
INDGN,508.05,491.0,511.4,491.0,False,True,True,False,False,True,0.9407241228677183,8.391614265000001,0.9490865073446594,False,-0.3279087671781426,True,51.94,False,0.9254342984409799,27.0,-0.59,0,True,▄▅▄▆▅█▁▃▂▃▃▄▄▆▄▅▅▅▃▃,False,False,False,0,-0.0170262165038213,-0.00382352941176467,-0.02837496307807874,-0.05298716505116807,UP,False,30,31.0,IGNORE,NONE,,NEUTRAL,C,WAIT,No standout factor,Health Technology,34.1
WESTLIFE,464.5,459.9,471.35,459.0,False,False,False,False,False,False,0.40680538583540077,3.98647835,0.3812940481815764,False,0.09178937309207885,True,45.42,False,0.9487305350447525,48.0,-0.14,0,True,▄▅▅▇▅▅▅▆▆▅▆▅▄▇▇▁▂█▅▅,False,False,False,8,-0.01526393894424416,-0.005140286999357424,-0.0266126855185016,-0.054303922638760826,UP,False,30,31.0,IGNORE,NONE,,NEUTRAL,C,WAIT,CMF positive,Consumer Services,34.2
DOMS,2263.5,2230.0,2279.7,2230.0,False,False,False,False,False,False,0.8762769390594719,9.5080581,0.8641815381702683,False,-0.025384793000971552,True,76.96,True,1.4964901705329885,98.0,2.61,0,True,▃▂▄▃▃▁▃▁▁▂▅▂▂▁▅█▃▂▆█,False,False,False,0,0.014521984671238553,-0.008454529525144583,0.0031732380969811125,-0.057618165164547985,UP,False,29,31.0,IGNORE,SEED,,NEUTRAL,C,WAIT,Delivery P98,Producer Manufacturing,29.4
M&M,3210.0,3153.8,3212.0,3143.0,False,True,True,False,True,False,0.6720062963141921,566.310126,0.6909078753910781,False,-0.10709762497201616,True,59.8,True,1.088024453258615,54.0,0.2,0,False,▇▁▃▆▆█▆▆▆▃▄▇▃▅█▄▅▅█▇,False,False,False,0,0.04785532414963756,-0.03615181359596442,0.03650657757538012,-0.08531544923536782,UP,False,22,31.0,IGNORE,NONE,,NEUTRAL,C,WAIT,No standout factor,Consumer Durables,31.1
JMFINANCIL,124.36,123.0,125.74,122.66,False,False,False,False,False,False,0.6063944501767802,18.7164909,0.5958026365389842,False,-0.17137954242063513,True,50.36,True,1.087606768386839,93.0,1.21,0,True,▆▄▁▄▄▅▄▆█▁█▂▆▅▅▄▅▅▂▅,False,False,False,0,0.00614886731391584,-0.03731227744232857,-0.0051998792603416,-0.08647591308173197,UP,False,22,31.0,IGNORE,SEED,,NEUTRAL,C,WAIT,Delivery P93,Finance,33.2
TRANSRAILL,485.0,486.05,490.85,482.0,False,False,False,False,False,False,0.7326979166213884,13.080547,0.7000690120740952,False,-0.17042952338161407,True,54.96,True,1.1384185179431414,95.0,1.64,0,True,▄▅▂▁▄▆▆▃▅▆▄▄▄█▆▇▆▄▃▆,False,False,False,0,-0.06388728044779002,-0.03626428216592148,-0.07523602702204746,-0.08542791780532488,UP,False,22,31.0,IGNORE,SEED,,NEUTRAL,C,WAIT,Delivery P95,Industrial Services,19.1
BERGEPAINT,504.0,502.1,506.9,499.55,False,True,True,False,False,True,0.5360750428888831,8.7257016,0.5310803906083226,False,-0.0919737785044412,True,48.23,True,1.037952072998827,41.0,-0.19,0,False,▇▅▄█▇▆▅▄▄▄▅▄▄▅▆▁▃▃▃▅,False,False,False,0,-0.027590198726606174,-0.039268013724742756,-0.038938945300863614,-0.08843164936414616,UP,False,22,31.0,IGNORE,NONE,,NEUTRAL,C,WAIT,No standout factor,Process Industries,38.1
SARDAEN,512.3,505.5,513.9,504.75,False,True,False,False,True,False,1.1084800768219998,12.91544161,1.1341880600418124,True,-0.08631858841583162,True,49.16,True,1.0355687096468407,77.0,0.71,0,False,▅▅█▁▄▆▅▃▅▄▄▄▆▇▅▂▆▅▃▅,False,False,False,0,0.013452027695351143,-0.0456408345752608,0.002103281121093703,-0.0948044702146642,UP,False,20,31.0,IGNORE,NONE,,NEUTRAL,C,WAIT,No standout factor,Non-Energy Minerals,35.2
ASTRAL,1465.8,1480.0,1481.5,1448.1,True,True,True,False,False,False,0.4656969488970393,56.566834379999996,0.49537791242420137,False,0.2120917389036881,True,34.16,False,0.7580582524271844,7.0,-1.32,0,False,▄▁▇▄▄▆▅▆▆▄▁▆▄▇██▅▄▂▂,False,False,False,0,0.07149122807017538,-0.0516917901274504,0.06014248149591794,-0.1008554257668538,UP,False,18,31.0,IGNORE,NONE,,NEUTRAL,C,WAIT,CMF positive,Producer Manufacturing,29.4
NCC,142.14,141.0,142.71,138.11,False,False,False,False,False,False,1.2552733863473347,25.707554111999997,1.23860607486313,True,-0.26841060614467377,True,45.78,False,0.8900640620595126,60.0,0.3,0,True,▃▁▁▂▄▂▄▄▁▂▆▃▅█▅▄▂▄▃▂,False,True,False,0,-0.05202080832332945,-0.06915520628683691,-0.06336955489758689,-0.11831884192624031,UP,False,15,31.0,IGNORE,NONE,,NEUTRAL,C,WAIT,No standout factor,Consumer Durables,31.1
WAAREEENER,2741.4,2721.0,2760.9,2716.5,False,False,False,False,False,False,0.9339852841348689,194.87159658,0.9041346924156265,False,-0.10681912388551897,True,44.99,True,1.1222249937640312,94.0,1.62,0,True,▅▆▆▅▆▆▄▅▆▆▆▇▅▄▁█▄▃▅▆,False,False,False,0,-0.05013686289456354,-0.08543786488740612,-0.06148560946882098,-0.13460150052680953,UP,False,11,31.0,IGNORE,SEED,,NEUTRAL,C,WAIT,Delivery P94,Electronic Technology,24.6
SANDUMA,198.15,195.15,200.69,195.15,False,False,False,False,False,False,0.6326144845375309,9.010891065000001,0.6208175781830019,False,-0.3168317412749965,True,53.37,True,1.0885283349820005,93.0,1.41,0,True,█▂▃▁▂▆▄▂▄▆▅▄▅▆█▆▆▄▁▆,False,False,False,0,-0.04712671315219996,-0.10091201960161522,-0.0584754597264574,-0.15007565524101862,UP,False,9,31.0,IGNORE,SEED,,NEUTRAL,C,WAIT,Delivery P93,Non-Energy Minerals,35.2
VIMTALABS,587.15,576.45,593.0,574.25,False,True,True,True,False,False,0.39225036519238127,15.986274335,0.39455642031171395,False,-0.03189933987890185,True,35.09,False,0.9890636450758219,51.0,0.19,0,True,▄▆▇▅█▇▇▅▅▇▇▄▇▇▃▁▁▅▅▅,False,False,False,2,0.0050496405340636485,0.32017987633501965,-0.0062991060401937915,0.27101624069561625,FLAT,True,88,30.0,IGNORE,NONE,,NEUTRAL,C,WAIT,No standout factor,Commercial Services,33.3
PDSL,357.5,352.15,359.95,352.15,False,True,True,True,False,True,0.09074464072376273,2.28260175,0.08603944913800043,False,-0.557673750015146,True,37.73,False,0.820065857395916,11.0,-1.1,0,False,█▇▅▇▆█▆▆▆▆▁▃▅▄▅█▇▆▇▅,False,False,False,7,0.021136818051985085,0.20350109409190376,0.009788071477727645,0.15433745845250035,FLAT,True,77,30.0,IGNORE,NONE,,NEUTRAL,C,WAIT,No standout factor,Consumer Non-Durables,33.3
PUNJABCHEM,1156.1,1131.0,1171.0,1123.7,False,True,True,True,False,False,0.22425914677488143,0.80244901,0.23566856322218266,False,-0.17922665245325226,True,57.54,True,1.0822909809084924,68.0,0.5,0,False,▃▂▃▄██▅▃▄▁▃▄▄▃▄▄▄▅▃▄,False,False,False,2,0.13265406093857135,0.1367748279252703,0.12130531436431391,0.08761119228586689,UP,True,67,30.0,IGNORE,NONE,,NEUTRAL,C,WAIT,No standout factor,Process Industries,38.1
TATATECH,713.3,720.0,727.9,711.0,False,False,True,True,False,True,0.32726425113731594,28.171498179999997,0.3220460302277638,False,-0.00979573099167411,True,39.82,True,1.1066644433327775,40.0,-0.17,0,False,▆▂▁▄▅▂▇▅▅▅▅▅▆▅▄▇██▅▆,False,False,False,0,-0.0023776223776224015,0.13330155703844926,-0.013726368951879842,0.08413792139904586,FLAT,True,66,30.0,IGNORE,NONE,,NEUTRAL,C,WAIT,No standout factor,Technology Services,36.7
ABREL,1400.2,1380.6,1430.0,1380.6,False,True,True,False,False,False,0.5316287739895522,13.09411032,0.5285595030257714,False,0.14988009399793686,True,36.28,False,0.8770805884272747,15.0,-0.98,0,False,▆▁▇▅▅▄▅▃▇▆▇▆▆▇▆▅█▇▄▄,False,False,False,0,0.06479087452471477,0.12819273225364602,0.05344212795045733,0.07902909661424262,FLAT,True,65,30.0,IGNORE,NONE,,NEUTRAL,C,WAIT,CMF positive,Process Industries,38.1
HINDPETRO,393.95,390.2,396.15,386.8,False,False,True,False,False,False,1.0615577505411868,280.449262475,1.0650919688999763,True,0.19053961413978668,True,40.1,False,0.8045827105007073,16.0,-1.04,0,False,▆▆▃▆▅▅▇▂▅▇▆▅▁█▄▆▅▅▃▂,False,False,False,1,0.011165297741273061,0.09765951518528837,-0.00018344883298437864,0.04849587954588497,FLAT,True,58,30.0,IGNORE,NONE,,NEUTRAL,C,WAIT,CMF positive,Energy Minerals,35.2
SHILCTECH,4416.0,4315.0,4416.6,4225.5,False,True,True,True,False,False,0.8719936106688966,7.1839488,0.8786499146038691,False,-0.09627250716656026,True,52.33,True,1.1042064505238283,69.0,0.4,0,False,▂▅█▂▇▃▃▂▅▄▇▇▄▄▃▄▇▄▁▇,False,False,False,0,-0.012080536912751683,0.08768472906403946,-0.023429283487009123,0.038521093424636055,FLAT,True,56,30.0,IGNORE,NONE,,NEUTRAL,C,WAIT,No standout factor,Producer Manufacturing,29.4
SAKAR,830.0,817.45,835.0,798.0,False,False,True,True,False,True,0.5814932434467855,9.132324,0.5642200300665794,False,-0.21802388960006583,True,44.27,False,0.9867159987518389,21.0,-0.78,0,False,██▇▄▄▆▇▆▇▅▂▅▄▅▅▇▇▅▁▅,False,False,False,6,-0.002943119706889319,0.06417078017821654,-0.014291866281146759,0.015007144538813133,FLAT,True,50,30.0,IGNORE,NONE,,NEUTRAL,C,WAIT,No standout factor,Health Technology,34.1
POWERICA,565.0,575.8,580.45,560.05,True,False,True,True,False,True,0.530712545878054,9.715966,0.5187404774345251,False,-0.2971040783828708,True,53.26,False,0.9946680860203003,65.0,0.25,0,True,▃█▇█▃▁▅▃▆▃▁▆▇▃█▆▃▆▄▅,False,False,False,0,-0.09924272618573138,0.05805243445692887,-0.11059147275998882,0.008888798817525467,FLAT,True,49,30.0,IGNORE,NONE,,NEUTRAL,C,WAIT,No standout factor,Producer Manufacturing,29.4
SIYSIL,624.7,609.7,626.6,609.7,False,False,True,True,False,False,0.5582378511423015,1.82631045,0.5495848264809928,False,0.0017378993228145119,True,49.19,False,0.9408321937131217,51.0,0.08,0,True,▂▄▅▄█▃▅▃█▇▄▄▄▅▁▅▅▄▅▄,False,False,False,7,-0.01745832022648619,0.03770764119601333,-0.02880706680074363,-0.011455994443390072,FLAT,False,44,30.0,IGNORE,NONE,,NEUTRAL,C,WAIT,CMF positive,Process Industries,38.1
GODREJAGRO,574.35,579.5,583.0,573.0,False,True,True,False,False,False,0.848844261742705,4.883296005,0.8641050325249122,False,-0.12126151661126275,False,60.91,True,1.1434310440308242,92.0,1.13,0,True,▂▃▂▃▃█▄▃▁▃▃▄▂▄▄▅▃▃▁▄,False,False,False,0,0.02994709943512963,0.020703749777856828,0.01859835286087219,-0.028459885861546574,UP,False,38,30.0,IGNORE,SEED,,NEUTRAL,C,WAIT,Delivery P92,Process Industries,38.1
BRIGHOTEL,59.99,60.21,60.98,59.81,True,False,False,False,False,False,1.942365144882912,1.120163275,1.8471313044731679,False,-0.3632678653398026,False,76.04,True,1.1312866823872472,93.0,1.41,0,True,█▄▃▂▂▆▃▆▆▄▅▅▁▅▅▂▃▃▆▆,False,False,False,0,-0.05109142676368228,0.014029749830966942,-0.06244017333793972,-0.03513388580843646,FLAT,False,36,30.0,IGNORE,DISTRIBUTION,,NEUTRAL,C,WAIT,Delivery P93,Consumer Services,34.2
NDRAUTO,824.9,813.0,830.95,813.0,False,False,True,True,False,False,0.3257879117989557,0.89427409,0.3124479958590843,False,-0.0496863204313299,False,54.31,True,1.139553914265931,81.0,0.71,0,True,▆▄▃▁▆▂▃▄▁▇█▇▆▇▅▄▆▄▁▆,False,False,False,3,0.013141734217636758,0.005485129205265782,0.001792987643379318,-0.04367850643413762,UP,False,34,30.0,IGNORE,NONE,,NEUTRAL,C,WAIT,No standout factor,Producer Manufacturing,29.4
ANGELONE,304.2,309.9,312.5,302.95,True,False,False,True,False,True,1.0697644685136654,231.16115412,0.9743451220641122,False,-0.22646076763065834,False,46.29,True,1.2135909603334818,98.0,2.02,0,True,▆██▅▆█▇▇▇▄▆▁▂▃▆▇▇▇▂█,False,False,False,1,-0.07467680608365024,0.0008225037012665748,-0.08602555265790768,-0.04834113193813683,FLAT,False,32,30.0,IGNORE,SEED,,NEUTRAL,C,WAIT,Delivery P98,Finance,33.2
AFSL,201.03,201.01,201.95,201.0,False,False,False,False,False,True,3.315525064369764,0.397355898,3.3125017703302273,True,-0.7284423334522487,False,66.78,False,0.9113924050632911,49.0,-0.04,0,True,▄█▄▆▁▆▄▇▆▆▃▁▂▃▃▄▇▃▆▃,False,False,False,0,-4.974134500590477e-05,-0.0013412816691505958,-0.011398487919263345,-0.050504917308554,UP,False,31,30.0,IGNORE,NONE,,NEUTRAL,C,WAIT,No standout factor,Finance,33.2
JKIL,489.0,492.9,496.0,485.15,False,False,False,False,False,False,1.058957279121136,4.7871633,1.0429609267399182,True,0.023865030028610956,True,57.66,True,1.0240926407772162,56.0,0.17,0,True,▁▄▅▇▇▂▂▁▅▆▆█▇▃▅▆█▂▃▅,False,False,False,0,-0.007005787389582685,-0.003464438557163163,-0.018354533963840125,-0.052628074196566565,UP,False,30,30.0,IGNORE,NONE,,NEUTRAL,C,WAIT,CMF positive,Industrial Services,19.1
APLAPOLLO,1849.9,1825.0,1864.0,1822.0,False,True,True,False,True,False,0.5532265335543524,52.30536753,0.567451564564002,False,0.003501764672379236,True,52.93,False,0.9332957170313685,33.0,-0.43,0,False,█▁▆█▂▄▅▆▅▅▄▆▄▆▆▄▆▃▃▄,False,False,False,0,0.034909090909091,-0.013912579957356064,0.02356034433483356,-0.06307621559675947,UP,False,27,30.0,IGNORE,NONE,,NEUTRAL,C,WAIT,CMF positive,Non-Energy Minerals,35.2
SIEMENS,3670.0,3678.4,3709.3,3631.6,True,True,True,True,False,True,0.6560445829764856,89.59571,0.6710023902450953,False,-0.09342853606289538,False,41.5,False,0.9947267497603068,46.0,-0.08,0,True,█▇▃▄▄▄▅▅▇▅▄▅▁▅▂▇▂▅▄▅,False,False,False,0,-0.025956791761770792,-0.03992047297650814,-0.03730553833602823,-0.08908410861591154,UP,False,21,30.0,IGNORE,NONE,,NEUTRAL,C,WAIT,No standout factor,Producer Manufacturing,29.4
BSE,3664.0,3651.0,3705.3,3646.2,False,False,False,True,False,False,0.6300413986555078,703.376248,0.6072923813719755,False,-0.28860846217888897,False,38.97,True,1.0585790538796909,90.0,1.31,0,True,▅▃▅▃▅▄▄▁▃▅▂▄▄█▁▄▁▃▂▄,False,False,False,0,-0.09142757953728264,-0.062292061217177674,-0.10277632611154008,-0.11145569685658108,UP,False,16,30.0,IGNORE,SEED,,NEUTRAL,C,WAIT,Delivery P90,Finance,33.2
SIRCA,397.75,399.0,403.0,396.25,False,False,False,False,False,False,1.1263914579426306,10.478047575,1.1276747499128053,True,-0.030661797357272647,False,49.52,True,1.0920478101706879,92.0,1.54,0,True,█▃▆█▆▄▆▆▇▂▁▇▅▅█▆█▄▅▆,False,False,False,0,-0.021284448818897572,-0.06290493579926959,-0.03263319539315501,-0.11206857143867299,UP,False,16,30.0,IGNORE,SEED,,NEUTRAL,C,WAIT,Delivery P92,Process Industries,38.1
MASTERTR,84.14,84.89,85.8,83.25,True,False,True,False,False,False,0.06512148556568988,1.661520994,0.062165449002216225,False,0.11683573661662011,False,30.82,True,1.4396487294469356,58.0,0.07,0,True,▄▃▃▄▃█▁▁▁▂▃▃▃▄▃▂▃▃▃▄,False,False,False,1,0.11414194915254239,-0.07191705272446502,0.10279320257828495,-0.12108068836386843,UP,False,14,30.0,IGNORE,NONE,,NEUTRAL,C,WAIT,CMF positive,Finance,33.2
VIDYAWIRES,91.0,89.19,92.96,88.62,False,False,False,True,False,False,1.4920811850436413,12.6624225,1.4099508209013705,True,-0.28874931963119127,False,48.14,False,0.9237618252643295,82.0,0.77,0,True,▃▄▂▄▂█▁▁▅▂▃▄▂▃█▆▃▄▁▂,False,True,False,0,-0.10609037328094295,-0.08881546009812757,-0.11743911985520039,-0.13797909573753098,UP,False,11,30.0,IGNORE,NONE,,NEUTRAL,C,WAIT,No standout factor,Non-Energy Minerals,35.2
AFCONS,284.25,286.9,288.6,283.4,True,False,False,False,False,False,0.15677801807913475,7.689729975,0.14913628426168196,False,0.09050244133713616,False,52.2,True,1.1804880255093964,55.0,0.15,0,True,▄▇▆▆▆▆▆▆▇▆█▆█▁▅▆▇▇▇▇,False,False,False,0,-0.10004749089757803,-0.1048653755314124,-0.11139623747183547,-0.1540290111708158,UP,False,8,30.0,IGNORE,NONE,,NEUTRAL,C,WAIT,CMF positive,Industrial Services,19.1
KALAMANDIR,87.34,89.25,89.72,86.94,True,False,False,False,False,False,1.2128242095618362,8.926226606,1.0858903599737064,False,-0.4183265497212524,False,64.92,True,1.2346547740174776,99.0,2.08,0,True,▄▆▄▆▇▇▇▆▅▆█▁▅█▇▇▅▄▃█,False,True,False,0,-0.21386138613861383,-0.12955949770779351,-0.22521013271287127,-0.17872313334719692,FLAT,False,6,30.0,IGNORE,SEED,,NEUTRAL,C,WAIT,Delivery P99,Retail Trade,27.1
NLCINDIA,298.45,295.0,299.75,292.8,False,False,False,True,False,False,0.8538328169213243,60.515751460000004,0.8317646469394632,False,-0.06775722436462585,False,56.73,True,1.121933372227551,92.0,1.48,0,True,▃▅▄▃▅▆▄▁▆▆▄▄█▇█▆█▆▂▇,False,False,False,0,-0.08939740655987805,-0.14275455981617113,-0.10074615313413549,-0.19191819545557454,UP,False,5,30.0,IGNORE,SEED,,NEUTRAL,C,WAIT,Delivery P92,Utilities,31.3
INSECTICID,612.55,616.1,645.0,610.0,True,False,False,False,False,False,2.302872114685343,2.83194116,2.184091047385107,False,-0.21021340936107213,False,51.29,False,0.8572837360121013,28.0,-0.51,0,True,▂▃▄▁▃▅▆▇██▇▇▅█▆▅▄▄▅▃,False,True,False,0,-0.05956858831657341,-0.15182774854610925,-0.07091733489083085,-0.20099138418551266,UP,False,4,30.0,IGNORE,DISTRIBUTION,,NEUTRAL,C,WAIT,No standout factor,Process Industries,38.1
HINDCOPPER,482.4,485.95,489.5,481.0,True,False,False,True,False,False,0.6508745251788087,93.14473464,0.637731188966804,False,-0.34307479591097556,False,45.89,True,1.1989705939986153,94.0,1.63,0,True,▂▇▅▂▅▅▅▆▁▅▂▅█▅▇█▅█▇█,False,False,False,0,-0.027811366384522418,-0.16992170696033726,-0.03916011295877986,-0.21908534259974066,UP,False,3,30.0,IGNORE,SEED,,NEUTRAL,C,WAIT,Delivery P94,Non-Energy Minerals,35.2
MCX,2755.1,2740.4,2766.9,2733.1,False,False,False,True,False,False,0.3156355452137595,256.63260582,0.3085495139056228,False,-0.1329069660354952,False,49.08,True,1.0592653343117366,94.0,1.38,0,True,▇▃▁▅▃▅▂▁▃▂▄▄▅█▃▄▂▃▂▅,False,False,False,0,-0.0546920569565964,-0.17718910524429587,-0.06604080353085384,-0.22635274088369928,UP,False,2,30.0,IGNORE,SEED,,NEUTRAL,C,WAIT,Delivery P94,Finance,33.2
SPARC,214.91,217.49,219.1,212.25,True,False,False,True,False,False,0.35455918125930724,20.168142986,0.30115654113995616,False,-0.05945941218279114,False,45.25,True,1.2441230650793216,67.0,0.42,0,True,██▅▇▄▁▁▃▅▇▇▆▆▄█▆▇▄▅█,False,False,False,6,-0.07041827068644835,0.3247241570609629,-0.08176701726070579,0.2755605214215595,FLAT,True,88,29.0,IGNORE,NONE,,NEUTRAL,C,WAIT,No standout factor,Health Technology,34.1
STYLAMIND,3415.2,3466.2,3609.9,3401.0,True,True,True,True,False,True,0.6704165006816417,36.755406959999995,0.6551504343671012,False,-0.3010337573356222,False,25.65,False,0.5800018089725035,4.0,-2.27,0,False,█▅▇▆▇▆▅▇▄▆▆▅▆██▆▁▂▂▃,False,False,False,6,0.0387809106670316,0.21719295744529177,0.02743216409277416,0.16802932180588837,FLAT,True,79,29.0,IGNORE,NONE,,NEUTRAL,C,WAIT,No standout factor,Non-Energy Minerals,35.2
BEPL,114.51,122.9,122.9,113.75,True,True,True,True,False,True,0.4446871625801384,56.78040185400001,0.4118022711191104,False,-0.020666769253386084,False,34.29,False,0.8231114525072614,5.0,-1.85,0,False,▅▆▆▆▆█▇▇▆▅▆▅▅▆▁▁▂▃▂▄,False,False,False,5,0.1580703883495147,0.20574918395282737,0.14672164177525726,0.15658554831342397,FLAT,True,78,29.0,IGNORE,NONE,,NEUTRAL,C,WAIT,No standout factor,Process Industries,38.1
TRAVELFOOD,1276.4,1286.3,1304.9,1270.0,True,False,False,True,False,True,1.0543942150663979,2.6000268,1.0256193171248698,False,-0.05423297101990815,False,62.16,True,1.131859027467975,72.0,0.42,0,True,▄▆▇▃▇▇▃▄▁▄▃▃▂▄▆█▆▄▁█,False,False,False,3,-0.028540984854250717,0.19951132412367278,-0.03988973142850816,0.15034768848426938,FLAT,True,77,29.0,IGNORE,NONE,,NEUTRAL,C,WAIT,No standout factor,Consumer Services,34.2
KRISHNADEF,1295.9,1334.3,1367.9,1290.0,True,True,True,True,False,True,0.5631755695113548,13.632738410000002,0.5794824085488676,False,-0.14312443179331635,False,42.08,False,0.9804743930285661,55.0,0.11,0,True,▆▇▇▆▃▄▄▅▄▅█▂▅▆▆▄▅▅▁▅,False,False,False,0,0.039130783417528736,0.17456720746850363,0.027782036843271296,0.12540357182910022,FLAT,True,73,29.0,IGNORE,NONE,,NEUTRAL,C,WAIT,No standout factor,Electronic Technology,24.6
GANESHHOU,819.85,810.0,852.0,796.05,False,True,True,True,False,True,0.512471642321845,7.3247038700000004,0.5008052594354448,False,-0.2746957954658242,False,39.36,False,0.8348622880232472,9.0,-1.08,0,False,▇▆█▆▇▁▅▅▆▆▆▅▆▇▇█▅▅▅▅,False,False,False,8,0.07127923690056193,0.15724468911002898,0.059930490326304486,0.10808105347062558,FLAT,True,70,29.0,IGNORE,NONE,,NEUTRAL,C,WAIT,No standout factor,Consumer Durables,31.1
ANTELOPUS,875.55,886.0,895.0,850.05,True,True,True,True,False,True,1.3083839844906566,12.148869135,1.365332027395796,False,-0.0018739543016563778,False,49.06,False,0.9934894646780676,57.0,0.24,0,True,▃▆▅▂▄▅▃▃▁▄▃▄▁▂█▄▄▃▄▃,False,False,False,0,0.08239584621090357,0.12307593637762948,0.07104709963664613,0.07391230073822608,FLAT,True,65,29.0,IGNORE,NONE,,NEUTRAL,C,WAIT,No standout factor,Energy Minerals,35.2
KIRLOSBROS,1833.5,1837.0,1859.5,1790.0,True,False,True,True,False,True,0.45326864054818317,11.5000787,0.4310684995580956,False,0.043570285002881765,True,32.17,False,0.8020943713769245,19.0,-0.74,0,False,▁▆▆▅▆▄▇▅█▇▇▁▅▇▅▅▇▇▅▃,False,False,False,1,-0.06635095223546184,0.1218184043073911,-0.07769969880971928,0.0726547686679877,FLAT,True,64,29.0,IGNORE,NONE,,NEUTRAL,C,WAIT,CMF positive,Producer Manufacturing,29.4
NUVOCO,351.15,359.95,360.45,349.7,True,True,True,True,False,False,0.08192723046001364,13.097227814999998,0.07920730326486583,False,-0.03539308012269099,False,43.89,True,1.2008536485266355,26.0,-0.41,0,False,▆▇▇▇█▇▆▆▅▅▁▁▃▅▄▂▄▆▅▆,False,False,False,1,0.15452901528850904,0.11795606494746891,0.1431802687142516,0.0687924293080655,UP,True,63,29.0,IGNORE,NONE,,NEUTRAL,C,WAIT,No standout factor,Non-Energy Minerals,35.2
INDHOTEL,731.75,729.0,750.0,716.0,False,True,True,True,False,True,0.9282042837786576,197.622332175,0.9328922457001788,False,-0.09194241172867172,False,52.32,False,0.9137507968249254,24.0,-0.65,0,False,▇▅▆▆▃▅▃▄▃▄▄▄█▄▅▃▁▆▃▄,False,False,False,7,-0.0017053206002728416,0.10653258732799031,-0.013054067174530282,0.05736895168858691,FLAT,True,61,29.0,IGNORE,NONE,,NEUTRAL,C,WAIT,No standout factor,Consumer Services,34.2
IONEXCHANG,427.4,430.0,434.4,423.9,False,True,True,True,False,False,0.4838128726865757,27.668337359999995,0.46162371419628717,False,0.14777017539270343,False,35.71,False,0.9869139248552519,10.0,-1.12,0,False,▇▅▇▅█▆▇▆▁▃▆▄▇▆▄▆▆▆▅▅,False,False,False,1,0.037378640776698946,0.10254095188959123,0.026029894202441506,0.05337731625018782,FLAT,True,60,29.0,IGNORE,NONE,,NEUTRAL,C,WAIT,CMF positive,Producer Manufacturing,29.4
CEATLTD,3369.7,3389.0,3389.0,3354.1,False,False,False,False,False,False,0.2570803232212543,21.913496069999997,0.23603375628762088,False,0.007393440030427703,True,46.07,True,1.054185163150428,71.0,0.48,0,False,▆█▄▆▅▇▄▅█▅▆▇▅▁▆▄▇▅█▆,False,False,False,8,-0.007276691020504433,0.07640951924612671,-0.018625437594761873,0.02724588360672331,FLAT,True,53,29.0,IGNORE,NONE,,NEUTRAL,C,WAIT,CMF positive,Consumer Durables,31.1
VSSL,297.3,297.8,304.95,295.7,False,True,True,True,False,True,0.32290362266717465,1.92385803,0.32163106220312343,False,-0.33902054482724386,False,43.27,False,0.8706500196182984,18.0,-0.68,0,False,██▇▆▅█▆▆▆▁▅▆▅▇▇▆▁▃▄▅,False,False,False,6,0.06616460462614304,0.07251082251082264,0.0548158580518856,0.023347186871419234,UP,True,53,29.0,IGNORE,NONE,,NEUTRAL,C,WAIT,No standout factor,Non-Energy Minerals,35.2
CIPLA,1431.9,1442.1,1443.9,1414.0,True,True,True,True,False,True,0.8411455683860352,191.90051739,0.8354437014517293,False,-0.2656615317407716,False,46.73,False,0.8989304401354262,14.0,-0.99,0,False,▇▄▆▇█▆▄▅▅▇▂▅▇▄▃▆▆▁▂▄,False,False,False,10,0.011443102352193257,0.06302895322939883,9.435577793581729e-05,0.01386531758999543,FLAT,True,50,29.0,IGNORE,NONE,,NEUTRAL,C,WAIT,No standout factor,Health Technology,34.1
CANHLIFE,144.7,147.95,148.86,144.12,True,False,True,True,False,True,0.10941809359148974,7.047917369999999,0.10533810800117244,False,-0.6312421804923712,False,47.24,False,0.9597237035908375,41.0,-0.3,0,False,▄▆▆▆▆▆▆▅█▁▅▆▄▄▄▁▂▃▄▄,False,False,False,3,0.05612728997883365,0.06007326007326008,0.04477854340457621,0.01090962443385668,UP,True,50,29.0,IGNORE,NONE,,NEUTRAL,C,WAIT,No standout factor,Finance,33.2
URBANCO,130.42,131.0,132.27,130.1,False,False,True,False,False,False,0.4416674509452683,13.299879465999998,0.434345951270616,False,-0.006235595693147236,False,55.2,True,1.1998043797206979,94.0,1.42,0,True,▃█▂▂▃▂▃▁▂▃▂▁▃▄▃▂▆▃▃▅,False,False,False,0,-0.003286205578907242,0.0526230831315575,-0.014634952153164682,0.0034594474921540996,FLAT,True,47,29.0,IGNORE,SEED,,NEUTRAL,C,WAIT,Delivery P94,Technology Services,36.7
PURVA,219.45,215.5,219.9,214.74,False,False,True,False,False,False,0.11706433976610305,2.48334009,0.10604491367820057,False,0.16555149706638336,True,47.92,True,1.2077982634119293,70.0,0.48,0,False,▇██▄▇▇▆▇█▁▃▄▆▅▇▆▆▆▄▇,False,False,False,1,0.023267742236314337,0.029894875164257373,0.011918995662056897,-0.01926876047514603,UP,False,41,29.0,IGNORE,NONE,,NEUTRAL,C,WAIT,CMF positive,Finance,33.2
EIHOTEL,330.65,327.05,331.75,327.05,False,True,True,False,False,False,0.36138941506721134,3.2462225049999995,0.36226545005265787,False,-0.05970478476182596,True,61.38,True,1.2381989832970226,83.0,0.78,0,False,▆▃█▅▅▇▆▁▆▅█▇▆▆▆▆▆▇▄█,False,False,False,8,0.030383296977251506,0.02527131782945724,0.019034550402994066,-0.023892317809946162,UP,False,39,29.0,IGNORE,NONE,,NEUTRAL,C,WAIT,No standout factor,Consumer Services,34.2
NAVNETEDUL,144.54,145.1,145.99,143.01,False,False,True,False,False,True,0.4251057778064861,1.407848508,0.4138918541927598,False,-0.1915134960845767,True,54.47,False,0.8711088366291111,39.0,-0.28,0,True,▇▃▆▅▇▇▇▅▅▃▄▆█▃▁▃▄▄▄▄,False,False,False,4,0.024162120031177015,0.024089556468754436,0.012813373456919575,-0.025074079170648966,UP,False,39,29.0,IGNORE,NONE,,NEUTRAL,C,WAIT,No standout factor,Producer Manufacturing,29.4
KOTAKBANK,386.0,383.0,386.95,381.05,False,True,False,False,False,True,0.8951332567568911,661.3807762,0.891067137566751,False,-0.03541256077612567,True,74.32,True,1.1584353640763458,87.0,1.08,0,True,▃▁▂▆▃█▅▄▄▅▁▁▅▂▄▅▇▇██,False,False,False,2,-0.0401591445977868,0.013655462184873901,-0.05150789117204424,-0.0355081734545295,FLAT,False,36,29.0,IGNORE,SEED,,NEUTRAL,C,WAIT,No standout factor,Finance,33.2
SWIGGY,257.98,254.24,264.5,252.96,False,False,False,False,False,False,1.2791850250692551,616.6189717740001,1.2433960388033538,True,0.0022165000440271775,False,46.41,True,1.2095229408008756,51.0,0.05,0,True,▇▄▇▇▄▁▆▆▅█▄▆▂▂▆▄▃▁▂▇,False,False,False,0,0.0805445026178011,0.015269578905942716,0.06919575604354367,-0.03389405673346069,UP,False,36,29.0,IGNORE,NONE,,NEUTRAL,C,WAIT,CMF positive,Transportation,40.9
BEML,1780.1,1730.0,1788.3,1726.9,False,False,False,False,False,False,0.802343922047539,39.950962309999994,0.7868754210089192,False,0.20711290630596604,True,41.41,False,0.9357451952952874,77.0,0.81,0,True,▂▁▂█▁▃▆▅▆▄▅▂▄▂▆▂▆▆▄▃,False,False,False,0,0.0414813948045869,0.007185696503338113,0.030132648230329462,-0.04197793913606529,UP,False,34,29.0,IGNORE,NONE,,NEUTRAL,C,WAIT,CMF positive,Producer Manufacturing,29.4
BLUESTARCO,1643.2,1642.5,1669.1,1638.3,False,False,False,False,False,False,0.4407994161666227,22.21721424,0.43509333446043974,False,0.13876051854566465,True,42.69,False,0.9694671223699598,44.0,-0.25,0,True,▂▂▅▄█▃▃▁▃▁▃▁▂▅▁▃▁▅▂▃,False,False,False,0,0.004708040354631571,0.005753458195617567,-0.006640706219625869,-0.043410177443785836,UP,False,34,29.0,IGNORE,NONE,,NEUTRAL,C,WAIT,CMF positive,Producer Manufacturing,29.4
AMNPLST,195.16,199.9,199.9,193.6,False,False,True,True,False,False,0.46653168318017896,0.151990608,0.4626762863856791,False,-0.17933857465913136,True,38.49,False,0.7130881031560031,12.0,-1.17,0,True,▃▃▁▆▅▆▃▄▅▂▅▆▃▅▃█▂▁▃▂,False,False,False,3,0.0401876132608463,0.005616530117998675,0.02883886668658886,-0.04354710552140473,UP,False,34,29.0,IGNORE,NONE,,NEUTRAL,C,WAIT,No standout factor,Process Industries,38.1
ARIHANTSUP,260.65,257.6,264.3,257.6,True,False,True,False,False,False,0.0879271287677641,0.05291195,0.08723163877481413,False,0.16376510092125154,True,64.43,False,0.920448295320614,80.0,0.82,0,True,▇▅▄▄▄▆▁▇▄▅▇█▆▆▇▃▅▇▆▅,False,False,False,0,0.036587790813283005,0.00831721470019331,0.025239044239025565,-0.04084642093921009,UP,False,34,29.0,IGNORE,NONE,,NEUTRAL,C,WAIT,CMF positive,Finance,33.2
INDIANB,851.85,856.45,867.85,845.15,True,True,True,True,False,True,0.47877216955052343,163.84414752,0.4918571252231454,False,-0.06070156930224905,True,49.3,False,0.9664392691915628,66.0,0.29,0,False,▇█▄▇██▇▇▁▃▄▅▇█▆▆▆▆▄▆,False,False,False,0,-0.010742074091278586,0.005132743362831871,-0.022090820665536026,-0.04403089227657153,UP,False,33,29.0,IGNORE,NONE,,NEUTRAL,C,WAIT,No standout factor,Finance,33.2
SWANCORP,312.2,312.3,314.75,309.0,False,False,False,False,False,False,0.6971876548095114,20.04427026,0.6741250971070158,False,0.13575010359755627,True,24.67,False,0.5943360998349736,7.0,-1.57,0,True,▆▆▇▇▁▃▅▆▇▆█▆▅▆▂▄▃▄▅▂,False,False,False,0,0.002086342481142589,-0.0014393091316168283,-0.009262404093114851,-0.05060294477102023,UP,False,31,29.0,IGNORE,NONE,,NEUTRAL,C,WAIT,CMF positive,Utilities,31.3
MIDHANI,397.1,395.35,398.9,394.0,False,False,False,True,False,True,0.559009010878007,11.770083710000002,0.5347599170203373,False,-0.19099686428708088,True,44.22,True,1.1130548598613086,77.0,0.83,0,True,▄▂▅▄▆█▆▄▂▇▃▁▅▅▄▁█▄▃▆,False,False,False,0,-0.042209358417752085,-0.0017596782302664593,-0.053558104992009525,-0.05092331386966986,FLAT,False,31,29.0,IGNORE,NONE,,NEUTRAL,C,WAIT,No standout factor,Non-Energy Minerals,35.2
SEIL,206.0,203.23,206.97,199.47,False,False,False,True,False,True,0.2741653449312107,3.433196,0.258542641171518,False,-0.03648570709047906,True,69.19,True,1.2534647366800122,86.0,1.19,0,True,▄▅▁▄▃▂▂▁▂▂▆▅▅▇▄▇█▇▇▆,False,False,False,0,-0.0019379844961240345,-0.0072289156626506035,-0.013286731070381474,-0.056392551302054006,UP,False,29,29.0,IGNORE,SEED,,NEUTRAL,C,WAIT,No standout factor,Commercial Services,33.3
ARIS,124.78,125.4,127.55,121.7,False,True,True,False,True,False,1.3608559454173867,13.5960288,1.4587541286955488,True,-0.15762410573783947,True,35.93,False,0.758480927149522,14.0,-0.94,0,False,▆▄█▆▆▅▆▄▅▅▆▅▁▄▂▄▄▄▄▃,False,False,False,0,0.10171287303549348,-0.01258210018200523,0.09036412646123604,-0.06174573582140863,UP,False,28,29.0,IGNORE,NONE,,NEUTRAL,C,WAIT,No standout factor,Technology Services,36.7
FIRSTCRY,213.51,210.5,215.0,210.1,False,True,False,False,False,False,0.35153623478461193,11.220697784999999,0.3448523382029279,False,-0.3255612283825589,True,44.87,True,1.022433377767144,63.0,0.28,0,True,▄▁█▆▇▆▅▅▄▄▆▄▅▄▅▆▆▆▃▅,False,False,False,0,-0.03546259486808834,-0.01567470379420044,-0.04681134144234578,-0.06483833943360384,UP,False,27,29.0,IGNORE,NONE,,NEUTRAL,C,WAIT,No standout factor,Retail Trade,27.1
HDFCAMC,2521.0,2542.0,2563.2,2497.6,True,False,False,False,False,True,0.8093287676924694,208.6954388,0.7641589978500656,False,-0.12117403279981796,True,60.62,True,1.1029338185126223,56.0,0.13,0,False,▄▆▃▄▃▄▂██▂▅▃▃▃▁▅▄▂▄▆,False,False,False,5,-0.03965563216639367,-0.021502872224809844,-0.05100437874065111,-0.07066650786421325,UP,False,26,29.0,IGNORE,NONE,,NEUTRAL,C,WAIT,No standout factor,Finance,33.2
CARRARO,536.05,536.7,542.4,534.0,False,False,False,True,False,True,0.37398592169813377,3.533373575,0.36222300757381204,False,-0.09106383667452833,True,56.5,True,1.0511041244209625,74.0,0.55,0,True,▆▅▇▆▇█▅▁▄▆▅▄▆▆▆▇▅▅▆▆,False,False,False,0,-0.026071947674418672,-0.03309884559884568,-0.03742069424867611,-0.08226248123824909,UP,False,23,29.0,IGNORE,NONE,,NEUTRAL,C,WAIT,No standout factor,Producer Manufacturing,29.4
MONTECARLO,546.85,539.65,552.0,539.65,False,True,False,False,False,False,1.077137968716484,1.743740595,1.0859452307785133,True,-0.2838876227627485,True,64.33,True,1.0816036585878455,86.0,0.94,0,True,▄▅▃▅▂▇▅▄▃▃▄▅▄▁█▃▅▄▄▅,False,False,False,0,-0.008161784710256637,-0.0339192650825898,-0.019510531284514077,-0.0830829007219932,UP,False,23,29.0,IGNORE,SEED,,NEUTRAL,C,WAIT,No standout factor,Consumer Non-Durables,33.3
BALKRISIND,2025.2,2047.8,2052.0,2005.0,False,False,False,False,False,False,1.1544317685832555,35.96917216,1.0945662180823146,True,-0.24310302951281168,True,61.77,True,1.0795459510473013,63.0,0.36,0,True,▂▃▁▁▂▂█▇▅▂▃▂▅▅▆▄▃▅▁▄,False,False,False,0,-0.0656947776342498,-0.043408436068206435,-0.07704352420850724,-0.09257207170760984,UP,False,20,29.0,IGNORE,NONE,,NEUTRAL,C,WAIT,No standout factor,Consumer Durables,31.1
DABUR,427.35,425.6,429.05,424.5,False,False,False,False,False,False,0.42878046303476325,36.48278403,0.41786000599987533,False,0.17821855833425082,True,57.09,True,1.1312903129923015,63.0,0.38,0,False,█▂▄▆▁▂▄▄▅▅▅▃▆▅▃▃▃▇▂▆,False,False,False,0,0.0024630541871921707,-0.06354771556919037,-0.00888569238706527,-0.11271135120859377,UP,False,16,29.0,IGNORE,NONE,,NEUTRAL,C,WAIT,CMF positive,Consumer Non-Durables,33.3
JSLL,565.35,557.5,581.45,557.5,False,False,False,False,False,False,1.0853630572862367,27.335181315000003,1.066282957140488,True,-0.18263216569823582,True,49.29,True,1.1094230055032244,42.0,-0.11,0,True,▃▆▂▁▇▅▂▂▅▄▆▄▆▇▃▃█▃█▆,False,False,False,0,-0.03671835065598905,-0.104608805828318,-0.04806709723024649,-0.1537724414677214,UP,False,8,29.0,IGNORE,NONE,,NEUTRAL,C,WAIT,No standout factor,Health Services,36.8
POLICYBZR,1553.2,1540.0,1558.9,1536.4,False,False,False,False,False,False,0.2120364408850449,99.19014776,0.20713099810415578,False,0.14840265434614772,True,52.26,False,0.9093281829096413,37.0,-0.34,0,True,█▂▃▆▃█▂▃▅▅▃▄▃▅▁▆▃▇▂▃,False,False,False,0,-0.043065738401823594,-0.11159412000228786,-0.054414484976081035,-0.16075775564169126,UP,False,7,29.0,IGNORE,NONE,,NEUTRAL,C,WAIT,CMF positive,Technology Services,36.7
CUB,221.45,221.0,226.99,220.6,False,False,False,False,False,False,0.5318337629759223,30.396957784999998,0.5351325327847769,False,0.11861462271104545,True,53.03,False,0.9597321509365669,36.0,-0.3,0,True,▅▅▇▄▃▂▅▃▆▅▅█▂▆▁▃▅▆▆▄,False,False,False,0,0.09900744416873453,-0.109748743718593,0.08765869759447709,-0.1589123793579964,UP,False,7,29.0,IGNORE,NONE,,NEUTRAL,C,WAIT,CMF positive,Finance,33.2
MUTHOOTFIN,3080.2,2990.0,3110.1,2981.9,False,True,False,False,False,False,0.8624426754918364,297.22482306,0.8714078936794983,False,-0.04925988744039377,True,53.94,True,1.0742131100202137,79.0,0.76,0,True,▅▆▆▄█▅▆▅▅▅▃▄▆▄▄▁▃▂▄▅,False,False,False,0,-0.042226368159204,-0.12715010343166433,-0.05357511473346144,-0.17631373907106773,UP,False,6,29.0,IGNORE,NONE,,NEUTRAL,C,WAIT,No standout factor,Finance,33.2
AVANTIFEED,979.55,990.0,993.4,964.0,False,False,False,False,False,False,0.5933852149299401,30.657368169999998,0.5896372302496313,False,0.06630685279830219,True,38.89,True,1.06702883639257,76.0,0.69,0,False,▇▃▃▄▄▆▄▇▃▃█▁▁▅▃▄▃▆▂▅,False,False,False,0,0.047759118622312524,-0.22078593588417783,0.036410372048055084,-0.26994957152358123,UP,False,1,29.0,IGNORE,NONE,,NEUTRAL,C,WAIT,CMF positive,Process Industries,38.1
MEDPLUS,716.9,720.95,724.0,710.0,True,False,False,False,False,False,1.045731040721894,20.79569182,1.0156238392155508,False,0.08401914143020961,True,65.16,True,1.1921402173515312,73.0,0.54,0,False,▇▆▆▆█▇▅▅▇▆▇▄▆█▆▆▁▂▇█,False,False,False,0,-0.10560788472334848,-0.22747844827586206,-0.11695663129760592,-0.27664208391526546,UP,False,1,29.0,IGNORE,NONE,,NEUTRAL,C,WAIT,CMF positive,Retail Trade,27.1
GENESYS,300.55,305.0,306.3,297.3,False,False,False,False,False,False,0.556159657115481,4.424096,0.5146422120611703,False,-0.126881327326094,True,44.77,True,1.078639232881993,54.0,0.22,0,True,▄▅▃▄▅▂▄▅▇▃█▄▄▇▆▄▄▃▁▅,False,False,False,0,-0.07036807918342092,0.4686049352553139,-0.08171682575767836,0.4194412996159105,FLAT,True,94,28.0,IGNORE,NONE,,NEUTRAL,C,WAIT,RS leader,Technology Services,36.7
ROTO,67.29,68.42,69.0,67.11,True,False,True,True,False,False,0.21297499856543012,1.5796394790000001,0.20351205274749506,False,-0.10440409051034277,True,47.92,True,1.6516164610188186,63.0,0.42,1,False,▁▃▃▂▂▃▃▅▆▅▄▆▆█▂▄▅▅▅█,False,False,False,0,-0.057431012746883225,0.18781994704324823,-0.06877975932114067,0.13865631140384482,FLAT,True,75,28.0,IGNORE,NONE,DEL48% ▁▃▃▂▂▃▃▅▆▅▄▆▆█▂▄▅▅▅█ P63 Z+0.4,NEUTRAL,C,WAIT,No standout factor,Producer Manufacturing,29.4
SANDHAR,599.55,601.9,607.0,593.5,False,False,False,True,False,False,0.371867404143905,5.2897696949999995,0.3380351654045872,False,-0.21558458924627505,True,54.29,True,1.1784369268170916,85.0,0.77,0,True,█▄▃▅▂▅▃▄▆▃▆▂▃▅▂▂▁▅▆▇,False,False,False,1,-0.11052592537645578,0.16746178560996983,-0.12187467195071322,0.11829814997056642,FLAT,True,72,28.0,IGNORE,SEED,,NEUTRAL,C,WAIT,No standout factor,Consumer Durables,31.1
PARACABLES,62.9,62.25,63.6,62.15,False,False,True,True,False,False,0.36439047403940855,3.9368606799999997,0.33436151649903056,False,-0.04844085290215922,True,48.07,True,1.057459633067887,42.0,-0.16,0,True,▄▆▅▅▁▆▄▃▆▄▃▁▄█▂▄█▅▃▅,False,False,False,1,-0.07240819938062237,0.1534934898221163,-0.08375694595487981,0.1043298541827129,FLAT,True,69,28.0,IGNORE,NONE,,NEUTRAL,C,WAIT,No standout factor,Producer Manufacturing,29.4
VMART,714.95,724.65,725.4,682.65,True,False,False,True,False,False,1.4923526836973553,18.501118625,1.4019979385550358,False,-0.28900642172819757,True,27.77,False,0.5697578990562168,9.0,-1.34,0,True,▄▆▄▅▆▄▅▆▇▆█▅▅▅▃▆▅▇▁▃,False,False,False,4,-0.053547789250728006,0.11842002346499814,-0.06489653582498545,0.06925638782559473,FLAT,True,63,28.0,IGNORE,NONE,,NEUTRAL,C,WAIT,No standout factor,Retail Trade,27.1
PNGSREVA,415.8,408.6,425.9,403.55,False,True,True,True,False,True,1.0108083268386863,3.7453185,1.0220249653439744,True,-0.025366473423169535,True,43.4,False,0.7976988043708013,28.0,-0.57,0,False,▇█▁▅▇▇▂▆▃▄▃▆▂▃▂▃▂▇▃▂,False,False,False,0,0.06288343558282206,0.11161609410506612,0.051534689008564616,0.06245245846566272,FLAT,True,62,28.0,IGNORE,NONE,,NEUTRAL,C,WAIT,No standout factor,Consumer Durables,31.1
63MOONS,728.8,711.1,746.85,705.1,False,True,True,True,False,False,0.6200514489638561,16.556586879999998,0.6310845419982554,False,-0.016884041213078155,True,43.56,False,0.9736906810917138,30.0,-0.44,0,False,█▆▆▇▄▄▅▄▅▁▃▅▅▄▅▆▇▅▆▅,False,False,False,0,0.10987588517475055,0.07595777662951186,0.09852713860049311,0.02679414099010846,UP,True,53,28.0,IGNORE,NONE,,NEUTRAL,C,WAIT,No standout factor,Technology Services,36.7
BANCOINDIA,626.1,612.2,632.1,612.2,False,False,False,False,False,False,1.1192187018091582,10.38317979,1.0584167876586523,True,-0.17996697312942642,True,37.83,False,0.818618540638795,44.0,0.03,0,True,▅▄▅▁▅▅▄▄▄▅█▅▅▅▄▇▆▇▂▂,False,False,False,4,-0.04170811969082422,0.07540364136035715,-0.05305686626508166,0.026240005720953752,FLAT,True,53,28.0,IGNORE,NONE,,NEUTRAL,C,WAIT,No standout factor,Producer Manufacturing,29.4
DALMIASUG,358.5,361.4,366.95,357.6,True,True,True,True,False,True,0.08892860969301922,1.5681507,0.08609835521182718,False,0.014282848113719679,False,36.6,False,0.9702432235403273,23.0,-0.7,0,False,▆▅▇█▁▄▆▆▇▅▅▇▇▅▅▅▅▅▄▅,False,False,False,0,0.09901900674432862,0.06648817492190995,0.08767026017007118,0.017324539282506546,UP,True,51,28.0,IGNORE,NONE,,NEUTRAL,C,WAIT,CMF positive,Process Industries,38.1
HGS,422.55,428.8,432.55,420.0,False,False,True,False,False,False,0.14118209992091568,0.6732489150000001,0.13308757417069442,False,0.13604315199240805,True,59.06,True,1.1818027193868874,54.0,0.06,0,False,▇▇▆▆▆▆▇▇▆▆▁▂▅▆▆▅█▅▅▇,False,False,False,1,0.0163559831629585,0.05968652037617561,0.005007236588701058,0.010522884736772209,FLAT,True,49,28.0,IGNORE,NONE,,NEUTRAL,C,WAIT,CMF positive,Commercial Services,33.3
CAMLINFINE,127.38,125.43,129.75,124.05,False,True,False,False,False,False,0.8580444633295475,7.557200639999999,0.8484431461922861,False,-0.1540303292117728,True,49.89,True,1.0728455459383903,57.0,0.11,0,True,▁▄▄▅█▃▇▆█▇█▄▄▅▅▇▆▇▆▆,False,False,False,0,-0.01697792869269965,0.051163558342960824,-0.02832667526695709,0.001999922703557422,FLAT,True,46,28.0,IGNORE,NONE,,NEUTRAL,C,WAIT,No standout factor,Process Industries,38.1
ARVSMART,599.7,608.8,612.0,595.05,True,False,True,True,False,True,0.6266502140569357,1.1222785800000001,0.6212517974206743,False,-0.10007610082517657,False,59.06,True,1.0357224277922943,75.0,0.62,0,True,▆▄▇▅▇▆▅▇██▇▇▃▆▄▅█▅▁▆,False,False,False,0,0.005954877128239611,0.02776349614395901,-0.005393869446017829,-0.021400139495444392,UP,False,41,28.0,IGNORE,NONE,,NEUTRAL,C,WAIT,No standout factor,Finance,33.2
KOLTEPATIL,386.6,398.0,398.0,384.6,True,True,True,True,False,False,0.49308541545613016,1.4763094200000002,0.49935623910446436,False,-0.08138096600684189,False,62.16,True,1.0932402367280176,81.0,0.8,0,True,█▇█▁▁▆▄▆▆▁▃▅▅▃▃▃▄▆▅▆,False,False,False,1,0.07210205213532994,0.021400264200792662,0.0607533055610725,-0.02776337143861074,UP,False,38,28.0,IGNORE,NONE,,NEUTRAL,C,WAIT,No standout factor,Finance,33.2
GODREJCP,1056.0,1064.9,1069.0,1038.0,True,False,True,False,False,False,0.5589970188897837,50.1370848,0.55643362885821,False,0.06956978428411636,False,54.94,True,1.1160201915557044,27.0,-0.57,0,False,█▄▅▁▂▅▅▂▅█▆█▇▄▅▅▄▃▆▆,False,False,False,0,0.03580186365865612,0.01304681504221028,0.02445311708439868,-0.03611682059719312,UP,False,36,28.0,IGNORE,NONE,,NEUTRAL,C,WAIT,CMF positive,Consumer Non-Durables,33.3
MOLDTKPAC,692.35,732.7,744.95,680.5,True,False,True,True,False,False,10.140569389534795,56.960465320000004,9.997570850588854,False,-0.2975251321031405,False,15.79,False,0.30207376798285884,0.0,-3.83,0,False,▆▇▇▆▇█▇▇██▆▇▆▇▆▇▄▆▆▁,False,False,False,2,-0.021759095725891853,0.0010844418739155426,-0.03310784230014929,-0.04807919376548786,UP,False,32,28.0,IGNORE,DISTRIBUTION,,NEUTRAL,C,WAIT,No standout factor,Producer Manufacturing,29.4
RBA,67.57,65.6,70.5,65.6,False,False,False,False,False,False,2.956917710460684,70.630130431,2.7532675867907654,True,-0.3125359540132427,False,42.85,False,0.7425313648021071,5.0,-1.56,0,False,█▅▃▃▃▄▄▄▃▆▄▄▅▄▄▇▇▆▂▁,False,True,False,1,-0.15315202406316597,-0.005006626417317084,-0.1645007706374234,-0.054170262056720486,FLAT,False,30,28.0,IGNORE,NONE,,NEUTRAL,C,WAIT,No standout factor,Consumer Services,34.2
TEAMLEASE,1294.0,1320.0,1324.4,1286.2,True,False,False,False,False,False,1.6651966750267306,8.746146,1.5545574108000417,False,-0.24559038229171848,False,72.85,True,1.1491533177168367,86.0,1.17,0,False,▇▇▇▁█▇▃▅▆▄▁▃▄▂▄▅▇▇▄▆,False,False,False,3,-0.10585959093421782,-0.0370590861735377,-0.11720833750847526,-0.0862227218129411,FLAT,False,22,28.0,IGNORE,DISTRIBUTION,,NEUTRAL,C,WAIT,No standout factor,Commercial Services,33.3
MANINDS,526.8,533.9,543.75,524.05,True,False,False,True,False,True,0.9871044222299032,9.9444036,0.9325121104508939,False,-0.23718463143722382,False,50.58,True,1.0215395801145142,79.0,0.8,0,True,▁▃▃▄▃▃▄▁▇▃▆▁▅█▅▅▇▁▂▄,False,False,False,1,-0.08286908077994437,-0.048925798880664395,-0.09421782735420181,-0.0980894345200678,UP,False,19,28.0,IGNORE,NONE,,NEUTRAL,C,WAIT,No standout factor,Producer Manufacturing,29.4
PFC,414.45,414.9,418.35,410.05,False,False,False,True,False,True,0.9150259711290166,231.178676535,0.9051263319182521,False,-0.17097171248666082,False,56.9,True,1.011915347679175,68.0,0.45,0,True,█▄▄▁▄▇▂▁▄▄▃██▃▅▇▅▄▄▅,False,False,False,0,-0.06009751672525232,-0.10165817708897806,-0.07144626329950976,-0.15082181272838147,UP,False,9,28.0,IGNORE,NONE,,NEUTRAL,C,WAIT,No standout factor,Finance,33.2
SPAL,1014.4,1020.0,1027.9,993.0,False,False,True,True,False,True,0.23200680500482793,4.87226464,0.21326600883660568,False,-0.13588917007465062,False,36.06,True,1.073581731842744,15.0,-0.97,0,False,▁▅▅▃▄▃▄▅▅▇▃▆▆▇▄█▇▄▄▅,False,False,False,4,-0.035191173673197795,0.3008463708643243,-0.046539920247455235,0.2516827352249209,FLAT,True,87,27.0,IGNORE,NONE,,NEUTRAL,C,WAIT,No standout factor,Consumer Non-Durables,33.3
BOROSCI,154.37,152.25,156.0,152.25,False,False,True,True,False,True,0.0554929990935265,0.37380695500000005,0.05013340333769652,False,-0.44255425510417656,False,57.53,True,1.2038461136047376,58.0,0.27,0,True,▁▆▆▆▆▄▇▅▅▂▄▆▅▇▅▆▅█▆▆,False,False,False,1,-0.10918114143920588,0.2991920552095608,-0.12052988801346332,0.2500284195701574,FLAT,True,87,27.0,IGNORE,NONE,,NEUTRAL,C,WAIT,No standout factor,Process Industries,38.1
RML,1149.0,1139.5,1186.6,1125.0,False,False,True,True,False,True,0.3430223038327037,2.6958987,0.3279529240355822,False,-0.13195029036451889,False,48.71,True,1.1037342517900843,29.0,-0.43,0,False,▂▁▆▂▅▆▅▆▇▆██▅▇▅▅▇▇▇▆,False,False,False,8,0.02060756795167884,0.2949397047221909,0.0092588213774214,0.24577606908278748,FLAT,True,86,27.0,IGNORE,NONE,,NEUTRAL,C,WAIT,No standout factor,Producer Manufacturing,29.4
TASTYBITE,8873.5,9020.0,9185.0,8850.0,True,True,True,True,False,False,0.15738302910850605,0.9494645,0.15642433594216926,False,-0.06668777997073141,False,48.22,False,0.9181002065820664,29.0,-0.51,0,True,▇▁▄▅▇▄▆▆▅▄▇▅▇█▄▄▅▄▄▅,False,False,False,8,0.04081872030965927,0.19912162162162161,0.029469973735401833,0.1499579859822182,FLAT,True,77,27.0,IGNORE,NONE,,NEUTRAL,C,WAIT,No standout factor,Consumer Non-Durables,33.3
SMARTWORKS,485.0,481.7,488.75,477.7,False,True,True,True,False,False,0.4134268993703617,3.4759465,0.41229310710852357,False,-0.34898409106462974,False,60.88,True,1.1676256233218258,70.0,0.47,0,False,▇▅▅▇▅▅▇▆▅▅▅▃█▆▃▄▁▁▅▇,False,False,False,3,-0.014828356693073363,0.15517446707157312,-0.026177103267330804,0.10601083143216972,FLAT,True,69,27.0,IGNORE,NONE,,NEUTRAL,C,WAIT,No standout factor,Finance,33.2
AEROFLEX,418.15,425.0,430.3,410.2,True,False,True,True,False,False,1.0923666305556845,61.810054885,1.0599039338668765,False,-0.21511452437882153,False,41.46,True,1.103246407663651,70.0,0.52,0,True,▅▃▄█▅█▅▁▅▅▅▅▆▆▆▄▆▇▃▆,False,False,False,0,-0.10842217484008532,0.13350501490918942,-0.11977092141434276,0.08434137926978602,FLAT,True,67,27.0,IGNORE,NONE,,NEUTRAL,C,WAIT,No standout factor,Producer Manufacturing,29.4
JSWCEMENT,134.41,132.99,136.15,132.99,False,False,True,True,False,False,0.4600353015535729,13.457881896,0.44876086884675537,False,-0.15037265888437482,False,43.17,False,0.7357038779109896,22.0,-0.67,0,True,▃▄▃▃▁▂▂▂▆▇▇▂▃█▃▆▄▂▂▁,False,False,False,14,0.012275945172465663,0.08922204213938412,0.0009271985982082231,0.040058406499980714,FLAT,True,57,27.0,IGNORE,NONE,,NEUTRAL,C,WAIT,No standout factor,Non-Energy Minerals,35.2
MOBIKWIK,205.56,202.45,207.8,202.45,False,False,True,False,False,False,0.25957593744279484,11.24115138,0.24459572339066515,False,0.0925458726965358,False,29.31,False,0.8130712789713856,52.0,0.13,0,True,█▄▇▆▄▃▇▇▁▃▄▅▄▅▅▆▅▄▄▃,False,False,False,1,0.02708104326971128,0.08750396783409164,0.01573229669545384,0.03834033219468824,FLAT,True,56,27.0,IGNORE,NONE,,NEUTRAL,C,WAIT,CMF positive,Commercial Services,33.3
SHRINGARMS,220.18,220.9,227.56,219.08,False,False,True,True,False,False,0.5554803794756696,9.897113018,0.5418730600126638,False,-0.21451243422681995,False,26.54,False,0.7478900426922914,15.0,-0.99,0,True,▄▆▃▆▃▁▂▄▇▅▆▇▆▄▇█▆▃▄▃,False,False,False,8,0.005388127853881208,0.08463054187192132,-0.005960618720376232,0.035466906232517914,FLAT,True,55,27.0,IGNORE,NONE,,NEUTRAL,C,WAIT,No standout factor,Consumer Durables,31.1
FINEORG,4838.5,4829.0,4926.0,4806.0,False,False,False,True,False,True,1.0294575574515787,4.7988243,0.9843243835336344,True,-0.20230430108649528,False,52.84,True,1.0127843903934985,48.0,-0.1,0,True,▃▃▆▅▃▆▄▅▆▄█▃▃▆▄▁▂▄▂▄,False,False,False,1,-0.09291164395118212,0.06770086281086574,-0.10426039052543956,0.018537227171462334,FLAT,True,52,27.0,IGNORE,NONE,,NEUTRAL,C,WAIT,No standout factor,Process Industries,38.1
MAXHEALTH,1080.0,1079.0,1087.8,1076.1,True,False,True,True,False,False,0.5456113106205497,120.140388,0.528991840673681,False,-0.014107245526872371,False,49.09,False,0.8875670104956743,10.0,-1.35,0,True,▅▆▄▁▂▄▃▅▅▅▅█▆▇▃▆▅▅▂▂,False,False,False,4,-0.0015716002588518352,0.052528993275509306,-0.012920346833109275,0.0033653576361059034,FLAT,True,47,27.0,IGNORE,NONE,,NEUTRAL,C,WAIT,No standout factor,Health Services,36.8
VIKRAN,71.83,72.5,73.0,71.49,False,False,False,False,False,False,0.18760624545296245,7.440481817999999,0.18044117045690578,False,-0.20203030378493014,True,51.75,True,1.4016413423255056,98.0,1.9,0,True,▁▃▅▆▄▄█▅▇▃█▇▄▆▅▇▇▄▅█,False,False,False,2,-0.03506179473401394,0.045408237520011774,-0.04641054130827138,-0.0037553981193916286,FLAT,False,45,27.0,IGNORE,SEED,,NEUTRAL,C,WAIT,Delivery P98,Industrial Services,19.1
MADRASFERT,66.55,65.7,67.29,65.7,False,False,False,False,False,False,0.5425154504061734,0.25564517,0.5276915535769876,False,-0.10980971470137471,True,59.67,True,1.1969429511353609,92.0,1.39,0,True,▁▃▆▅▄▃▁▃▃▄█▄▁▅▆▅█▃▃▇,False,False,False,0,-0.006716417910447858,0.030504800247754815,-0.0180651644847053,-0.018658835391648587,UP,False,41,27.0,IGNORE,SEED,,NEUTRAL,C,WAIT,Delivery P92,Process Industries,38.1
BIRLANU,1368.0,1351.9,1395.0,1334.1,False,True,True,False,False,False,1.4304799285036438,2.1239568,1.4889263070160674,True,-0.2748455630998864,True,59.67,False,0.9885358338027236,47.0,0.07,0,True,▃█▂▃▅▂▃▄▆▄▄▃▄▃▄▁▃▄▄▄,False,False,False,0,-0.008551964052761263,0.017100371747211796,-0.019900710627018703,-0.03206326389219161,UP,False,37,27.0,IGNORE,NONE,,NEUTRAL,C,WAIT,No standout factor,Non-Energy Minerals,35.2
REPCOHOME,391.05,388.45,397.2,388.45,False,False,False,False,False,True,0.44607906396524283,1.94649048,0.41920084090657045,False,-0.12534015544271687,True,58.34,True,1.0466920834267774,62.0,0.11,0,True,▄▃▁▃▅▁▃▂▃▆█▅▇▃▆▅▅▂▃▄,False,False,False,4,-0.07213192549531378,0.017829255596043758,-0.08348067206957122,-0.031334380043359644,FLAT,False,37,27.0,IGNORE,NONE,,NEUTRAL,C,WAIT,No standout factor,Finance,33.2
TIINDIA,2849.3,2793.7,2865.8,2754.6,False,False,False,False,False,False,1.2110576411207528,74.86735201,1.1692567959159554,True,-0.054873489458022104,True,47.92,True,1.0074211112746232,34.0,-0.34,0,False,▅▇▇▆▅▇▄▁▅▆▂▂▃▅▆▆▃█▆▅,False,True,False,0,-0.05724117394037653,0.012184724689165316,-0.06858992051463397,-0.036978910950238086,FLAT,False,35,27.0,IGNORE,NONE,,NEUTRAL,C,WAIT,No standout factor,Non-Energy Minerals,35.2
ESCORTS,2954.1,2936.9,2960.0,2915.4,False,True,True,False,False,False,0.5273455100928301,15.817433040000001,0.5283767039798248,False,-0.09525139195507822,True,53.24,False,0.9870958172649066,70.0,0.48,0,True,▆▂▆▃▁▄▄▄█▄▇▆▇▄▅▅▅▅█▅,False,False,False,0,0.01963965207786833,-0.0056883204308314506,0.00829090550361089,-0.05485195607023485,UP,False,30,27.0,IGNORE,NONE,,NEUTRAL,C,WAIT,No standout factor,Producer Manufacturing,29.4
MMTC,61.66,61.84,62.69,61.39,False,False,False,False,False,False,0.520133968890624,6.827636464,0.49134389241962434,False,-0.35862784283013915,True,44.19,True,1.351190203183048,90.0,1.33,0,True,▃▃▃▆▇▅▃▃▁▄▅▂▃▆▄▅▇▃█▇,False,False,False,0,-0.07625468164794014,-0.0033942136738321915,-0.08760342822219758,-0.052557849313235594,FLAT,False,30,27.0,IGNORE,SEED,,NEUTRAL,C,WAIT,Delivery P90,Distribution Services,36.5
IOC,143.07,142.99,143.99,142.23,False,True,True,False,False,False,0.7976434391011012,174.548461698,0.8100828704289544,False,-0.05244234038691492,True,54.71,False,0.9822614815612769,62.0,0.44,0,True,██▅▄▁▄▂▄▅▄▆█▄▆▅▅▄▄▅▄,False,False,False,1,-0.009073278847485766,-0.011196350818992395,-0.020422025421743206,-0.0603599864583958,UP,False,28,27.0,IGNORE,NONE,,NEUTRAL,C,WAIT,No standout factor,Energy Minerals,35.2
DOLLAR,257.7,260.0,261.9,257.0,True,False,False,False,False,False,0.47551849871277646,2.65245456,0.45600399808289965,False,0.052160646723951,True,61.88,True,1.0517370317492691,65.0,0.32,0,True,▄▄▅▁▅▅▅▃▂▂▆▅▄▆▄█▆▇▆▅,False,False,False,0,-0.054832202457362866,-0.010178605723065282,-0.0661809490316203,-0.059342241362468684,FLAT,False,28,27.0,IGNORE,NONE,,NEUTRAL,C,WAIT,CMF positive,Consumer Non-Durables,33.3
ARSSBL,512.5,517.7,519.8,509.9,False,False,False,False,False,False,0.29844098912685224,4.82851875,0.2730047608080679,False,-0.10714100558936335,True,53.48,True,1.1549508692365835,94.0,1.48,0,True,▄▄▇▃▂▅▄▅▄▅▃▁█▃▇▅▆▇▄▇,False,False,False,0,-0.040711277491810915,-0.04739776951672858,-0.052060024066068356,-0.09656140515613199,UP,False,19,27.0,IGNORE,SEED,,NEUTRAL,C,WAIT,Delivery P94,Finance,33.2
COALINDIA,431.0,429.95,433.2,429.15,False,False,False,True,False,True,0.8336994823899956,198.5579934,0.824601929704791,False,-0.13701192497166836,True,59.13,True,1.073529411764706,75.0,0.66,0,False,▄▄▃▄▇▅▂▁▆▆▂▆▅▅█▆▆▆▅▆,False,False,False,0,-0.04008908685968815,-0.05565293602103416,-0.05143783343394559,-0.10481657166043756,UP,False,17,27.0,IGNORE,NONE,,NEUTRAL,C,WAIT,No standout factor,Energy Minerals,35.2
JUBLFOOD,427.45,420.8,428.4,420.45,False,True,False,False,False,False,0.4746375383447602,52.52650933,0.46782376547963667,False,0.05710335578367682,True,36.36,False,0.8368624562695636,9.0,-1.32,0,False,▇▅▇▇▆▄▆▁█▆▅▄▄██▅▃▅▄▃,False,False,False,0,0.023342111563322998,-0.06455848561111721,0.011993364989065558,-0.11372212125052061,UP,False,15,27.0,IGNORE,NONE,,NEUTRAL,C,WAIT,CMF positive,Consumer Services,34.2
LUMAXTECH,1493.9,1465.8,1524.8,1465.8,False,True,False,True,False,False,0.9265066252558322,15.93647703,0.9364145711446963,False,-0.03912774532618015,True,42.07,False,0.9115037536968227,47.0,-0.11,0,True,▁▂▄▆▅▅▅▆▃▇▂█▂█▃▅▃▅▂▂,False,False,False,0,-0.00618680149015427,-0.08304689418119315,-0.01753554806441171,-0.13221052982059656,UP,False,12,27.0,IGNORE,NONE,,NEUTRAL,C,WAIT,No standout factor,Producer Manufacturing,29.4
MARATHON,388.7,386.1,394.5,383.4,False,False,False,False,False,False,1.386691662747722,3.3754319299999995,1.330238776915049,True,-0.08300716406466921,True,51.69,False,0.7463020581419691,27.0,-0.68,0,True,▅▅▅▂▃█▅▃▅▄▅▇▆▅▅█▆▆▁▂,False,True,False,0,-0.03163926258096661,-0.18202861952861948,-0.04298800915522405,-0.2311922551680229,UP,False,2,27.0,IGNORE,NONE,,NEUTRAL,C,WAIT,No standout factor,Finance,33.2
GRMOVER,90.12,91.6,92.27,89.85,True,False,False,False,False,False,0.3886069326103663,3.072839664,0.36769043516541094,False,-0.13240496075954278,True,62.46,True,1.2893902955110803,98.0,2.63,0,True,▄▆▅▅▆▇▃▇▅▄▁█▄▅▆▇▆▁▃▇,False,False,False,0,0.00011097547442018296,-0.4682872145849313,-0.011237771099837257,-0.5174508502243347,UP,False,0,27.0,IGNORE,SEED,,NEUTRAL,C,WAIT,Delivery P98,Process Industries,38.1
WELSPLSOL,51.55,51.75,53.1,50.97,False,False,True,True,False,True,0.5831817272547138,2.5428274699999998,0.5659245289654556,False,-0.2197521863693348,True,45.89,False,0.9247634689209749,26.0,-0.6,0,True,▄▅▆▃▅▅▂▅▄▅▆▄▆█▆▄▃▆▁▄,False,False,False,0,-0.10347826086956524,0.21982962612399426,-0.11482700744382268,0.17066599048459086,FLAT,True,79,26.0,IGNORE,NONE,,NEUTRAL,C,WAIT,No standout factor,Non-Energy Minerals,35.2
GRAUWEIL,75.32,75.07,75.89,74.91,False,False,True,True,False,True,0.11309891715352632,0.461914964,0.10502235808676744,False,-0.024813989951615427,True,53.12,True,1.028899047028744,27.0,-0.44,0,False,▄▁▃▅▆▆▄▆▃▆▆█▆▅▆▆▆▅▆▅,False,False,False,2,0.030228422924360565,0.16234567901234565,0.018879676350103125,0.11318204337294224,FLAT,True,71,26.0,IGNORE,NONE,,NEUTRAL,C,WAIT,No standout factor,Process Industries,38.1
GIPCL,162.58,162.0,163.66,160.29,False,True,True,True,False,False,0.9554686463246671,4.822756862,0.956120883727132,False,-0.17919202911467516,True,54.08,False,0.9748886845852938,46.0,-0.01,0,True,▅▆▇▁█▅▃▅▇▄▇▅▅▇█▆▇▆▄▅,False,False,False,0,-0.0012286521685710428,0.13122738658502664,-0.012577398742828483,0.08206375094562324,FLAT,True,66,26.0,IGNORE,NONE,,NEUTRAL,C,WAIT,No standout factor,Utilities,31.3
ETHOSLTD,2578.8,2562.9,2613.3,2562.9,False,True,True,True,False,False,0.17260072057684023,2.82043356,0.17653780143606473,False,-0.09792883353040019,True,47.68,False,0.9800113046606034,38.0,-0.37,0,False,▄▂▄▇▄▃▂▆█▂▂▂▁▂▁▂▁▂▁▃,False,False,False,3,0.057925828683951464,0.13309020607232314,0.046577082109694024,0.08392657043291973,FLAT,True,66,26.0,IGNORE,NONE,,NEUTRAL,C,WAIT,No standout factor,Retail Trade,27.1
WINDLAS,857.5,871.0,874.0,853.0,True,True,True,True,False,False,0.4845585385735858,2.02104175,0.48695182581155805,False,-0.08536161447680524,True,55.6,False,0.9994876726857637,47.0,-0.06,0,False,▇▄▆▄▂▂▁▅█▆▅▇▂▂▂▆▃▆▃▄,False,False,False,3,-0.0015718693601909361,0.10474104612213342,-0.012920615934448376,0.055577410482730016,FLAT,True,61,26.0,IGNORE,NONE,,NEUTRAL,C,WAIT,No standout factor,Health Technology,34.1
AKCAPIT,1750.0,1752.1,1769.6,1748.2,False,False,True,True,False,True,0.15626025868294924,0.104125,0.15378704190754125,False,-0.2349850524776642,True,86.49,True,1.0532853515517966,44.0,0.11,0,False,▆▇▇█▇▅▅▁▅▃▅▁▄▇▇▁▇▅▆▆,False,False,False,0,-0.015194147439504757,0.09855618330194593,-0.026542894013762197,0.04939254766254253,FLAT,True,59,26.0,IGNORE,NONE,,NEUTRAL,C,WAIT,No standout factor,Finance,33.2
MAHSCOOTER,12986.0,12651.0,13158.0,12651.0,False,True,True,False,False,False,1.3842916453392482,4.7411886,1.3921404506429549,True,-0.07571537407257031,True,47.0,False,0.7939390356174565,39.0,-0.31,0,True,▇▆▄▁▇▇▆▅▄▃▆▄▆▅▇█▇▇▄▃,False,False,False,2,0.04861111111111116,0.09291365090052173,0.03726236453685372,0.043750015261118325,FLAT,True,57,26.0,IGNORE,NONE,,NEUTRAL,C,WAIT,No standout factor,Producer Manufacturing,29.4
TITAGARH,816.1,828.75,832.6,813.0,True,False,False,True,False,True,0.608149416022406,20.46999147,0.578436390721104,False,-0.08431946619043858,True,34.31,True,1.0328115593016256,61.0,0.34,0,False,▄▂▅▅▇███▆█▁▇▂▅▇█▆▃▅▅,False,False,False,0,-0.07087152046450729,0.08358228772488885,-0.08222026703876473,0.034418652085485446,FLAT,True,55,26.0,IGNORE,NONE,,NEUTRAL,C,WAIT,No standout factor,Producer Manufacturing,29.4
PAGEIND,39970.0,40300.0,40565.0,39790.0,True,False,True,True,False,False,0.3102520662722662,45.821608,0.3014862339672172,False,-0.07318156005427844,True,43.56,False,0.8768645449604445,24.0,-0.71,0,True,▅▁▆▅█▇▆▂▃▅▆▆▇▅▆▇▆▄▅▄,False,False,False,2,-0.01076599430763514,0.06572457005732568,-0.02211474088189258,0.01656093441792228,FLAT,True,51,26.0,IGNORE,NONE,,NEUTRAL,C,WAIT,No standout factor,Consumer Non-Durables,33.3
NIRLON,620.0,633.05,633.05,610.55,True,False,True,True,False,True,0.22998146022777433,0.129208,0.22528652950469005,False,0.06719859271253668,False,67.56,False,0.8867829180093325,19.0,-0.98,0,False,▆▄▂▇█▇▇▇▆▆▁▃▂▆▅▃▃▁▇▄,False,False,False,1,0.0031550845400858396,0.03505843071786319,-0.0081936620341716,-0.014105204921540215,UP,False,43,26.0,IGNORE,NONE,,NEUTRAL,C,WAIT,CMF positive,Finance,33.2
PFOCUS,287.75,292.4,295.0,286.0,True,False,False,True,False,False,0.5805444499955424,17.9323498,0.5549892334821466,False,-0.04085232089765971,False,52.73,True,1.1911673349522787,91.0,1.52,0,True,▆▄▂▁▁▃▂▄▃█▃▃▅▇▇▄▅▂▃▅,False,False,False,0,-0.1345864661654136,0.03191680114757034,-0.14593521273967103,-0.017246834491833063,FLAT,False,42,26.0,IGNORE,SEED,,NEUTRAL,C,WAIT,Delivery P91,Consumer Services,34.2
SPMLINFRA,198.57,200.9,203.22,197.0,True,False,True,False,False,False,0.3789965575631201,2.0962042050000003,0.3756994115037531,False,-0.08627978696491222,False,60.69,True,1.2922664168299123,96.0,1.43,0,True,▆▅▄▅▆▇▅▄▆▆▁▅▃▅▆▇▇▅▁█,False,False,False,0,0.0045022258195062115,0.03357276702061207,-0.0068465207547512286,-0.015590868618791331,UP,False,42,26.0,IGNORE,SEED,,NEUTRAL,C,WAIT,Delivery P96,Industrial Services,19.1
PARKHOTELS,122.32,124.8,126.73,121.8,True,False,False,False,False,False,0.5587809821871904,1.271932288,0.539349228421894,False,0.0716372053637328,False,58.5,True,1.024814526088975,57.0,0.1,0,True,▄▇▁█▆▂▆▆█▃▇▄▂▂▄▇▂▆▁▅,False,False,False,2,0.02325581395348819,0.023341420563875115,0.011907067379230751,-0.025822215075528288,UP,False,39,26.0,IGNORE,NONE,,NEUTRAL,C,WAIT,CMF positive,Consumer Services,34.2
SHREDIGCEM,73.18,75.0,75.5,72.31,True,False,False,False,False,False,2.074462330693669,1.4032630900000003,2.0187409814756814,False,-0.0659101136248517,False,55.04,False,0.9827781696113707,52.0,-0.14,0,True,▁▇▃▅▅▃▂▅▅▃▆▄▂▃█▄▄▅▄▄,False,True,False,0,-0.018113511337716326,0.020214693991356558,-0.029462257911973766,-0.028948941648046844,FLAT,False,38,26.0,IGNORE,DISTRIBUTION,,NEUTRAL,C,WAIT,No standout factor,Non-Energy Minerals,35.2
HDBFS,686.3,695.0,698.95,684.95,True,False,False,False,False,True,0.5040717964944551,21.057193859999998,0.46693944532408355,False,-0.2099497889923833,False,61.48,True,1.0489319593257354,46.0,-0.13,0,True,▄▆▄█▅▃▂▂▆▅▅▄▁▃▃▆▆▇▆▅,False,False,False,8,-0.08767032236623473,0.01659013479484517,-0.09901906894049217,-0.032573500844558234,FLAT,False,37,26.0,IGNORE,NONE,,NEUTRAL,C,WAIT,No standout factor,Finance,33.2
SBFC,90.38,93.99,94.64,90.0,True,False,False,False,False,False,2.3993529585273095,24.224370639999997,2.3568488995536767,False,-0.13288302136070299,False,49.69,False,0.902453642323968,46.0,-0.1,0,True,▅▄▄▄▄▄▅▁▇▆▄▅▇▄▄▂▃█▂▃,False,False,False,0,-0.0060486088199714905,-0.00022123893805325867,-0.01739735539422893,-0.04938487457745666,UP,False,31,26.0,IGNORE,DISTRIBUTION,,NEUTRAL,C,WAIT,No standout factor,Finance,33.2
SASKEN,1819.0,1871.0,1911.9,1800.0,True,False,False,True,False,False,0.8943586515003845,5.3747812,0.8016139742188173,False,-0.43229519656668336,False,67.5,True,1.3423219186254622,93.0,1.53,0,True,▅▆▂▃▅▆▁▄▃▃▅▄▄▆▃█▃▆▆█,False,False,False,0,-0.16845714285714286,-0.0092592592592593,-0.1798058894314003,-0.0584228948986627,FLAT,False,28,26.0,IGNORE,SEED,,NEUTRAL,C,WAIT,Delivery P93,Technology Services,36.7
WEBELSOLAR,99.01,101.88,102.53,98.12,True,False,False,False,False,False,1.1234028648313612,19.797207916,1.0927146065759183,False,-0.16705890538498042,False,57.66,True,1.0609015639374424,93.0,1.4,0,True,▄▃▇▃███▁▅▅▇▆▃▅▅▅▃▄▃▆,False,False,False,0,-0.004924623115577842,-0.015315763301839813,-0.016273369689835282,-0.06447939894124322,UP,False,27,26.0,IGNORE,SEED,,NEUTRAL,C,WAIT,Delivery P93,Electronic Technology,24.6
SMSPHARMA,391.9,385.95,396.35,385.0,False,True,True,True,False,True,0.32915941166851564,3.87726265,0.3194679377364115,False,-0.37075442435459116,False,47.44,False,0.9192373275461168,71.0,0.54,0,True,▁▃▃▅▆▄▆▇▆█▇▇▆▆▆▅▇▇▆▅,False,False,False,0,0.029419490412398108,-0.015326633165829162,0.018070743838140668,-0.06449026880523256,UP,False,27,26.0,IGNORE,NONE,,NEUTRAL,C,WAIT,No standout factor,Health Technology,34.1
ADANIPOWER,220.32,220.29,222.5,219.23,False,False,True,True,False,True,0.6056203103359398,417.10828176,0.5997838577377224,False,-0.23981655424061096,False,36.11,False,0.9759195697413584,58.0,0.11,0,True,▅█▄▄▆▅▂▄▇█▂▆█▇▆▆▁▅▄▅,False,False,False,0,-0.057575498331764896,-0.022234056716815442,-0.06892424490602234,-0.07139769235621884,UP,False,26,26.0,IGNORE,NONE,,NEUTRAL,C,WAIT,No standout factor,Utilities,31.3
BANARISUG,3475.1,3499.0,3499.0,3475.0,True,False,False,False,False,True,0.5856179130185158,0.07089204,0.5865237014158543,False,-0.1668195455416537,False,89.71,True,1.2696637959706467,94.0,1.54,0,True,▇▅▂▂▅▇▄▅▅▄▁▇▃▆█▆▇▂▁▇,False,False,False,0,0.013178226770459656,-0.034855301894128776,0.0018294801962022156,-0.08401893753353218,UP,False,23,26.0,IGNORE,SEED,,NEUTRAL,C,WAIT,Delivery P94,Process Industries,38.1
HEMIPROP,135.14,134.9,135.5,134.13,False,False,False,False,False,False,0.3531120895060835,1.823200768,0.3432832887207615,False,0.024370586925285175,True,57.44,True,1.0673108189715241,83.0,0.88,0,True,▅▄▅▁▆▇▄▅▅▄█▅▃▃▆▄▇▅▄▆,False,False,False,0,-0.024330373258248494,-0.07590262582056906,-0.035679119832505934,-0.12506626145997246,UP,False,13,26.0,IGNORE,NONE,,NEUTRAL,C,WAIT,CMF positive,Finance,33.2
BLIL,70.0,70.44,70.44,69.82,True,False,False,False,False,True,0.6627551208135563,0.245868,0.658526402574197,False,-0.3189595987674812,False,85.71,True,1.1385947899092683,91.0,1.29,0,True,█▆▅▇▇▆▁▆▇▇▆▅▅█▇▇▆▄▆▇,False,False,False,0,-0.024390243902439046,-0.08256880733944949,-0.035738990476696486,-0.1317324429788529,UP,False,12,26.0,IGNORE,SEED,,NEUTRAL,C,WAIT,Delivery P91,Commercial Services,33.3
BIRLACORPN,910.2,955.0,955.0,900.0,True,False,False,False,False,False,4.490364410193197,42.1094928,4.123907089506533,False,-0.15530179101662098,False,53.97,False,0.9932458545742311,59.0,0.15,0,True,▃▂▆▄▇▄▃▅▇▅█▁▄▅▁▄▇▆▅▄,False,False,False,0,-0.07841846808079778,-0.10005932370970927,-0.08976721465505522,-0.14922295934911267,UP,False,9,26.0,IGNORE,DISTRIBUTION,,NEUTRAL,C,WAIT,No standout factor,Non-Energy Minerals,35.2
FORCEMOT,17268.0,17809.0,17860.0,17240.0,True,False,False,False,False,False,1.1322316439677171,196.0539648,1.0672316258856955,False,-0.16523247138701458,False,37.72,True,1.1746570543263317,90.0,1.39,0,True,▂▁▂▄▄▂▄▅▅▆▇▅▆▃▆█▆▁▁▆,False,False,False,0,-0.031248246844319816,-0.11645517805976258,-0.042596993418577256,-0.16561881369916598,UP,False,7,26.0,IGNORE,SEED,,NEUTRAL,C,WAIT,Delivery P90,Consumer Durables,31.1
OIL,442.0,445.0,446.1,438.1,True,True,False,False,False,True,1.0532186450790815,168.2420402,1.071770716579289,False,0.26708588614568896,False,43.41,False,0.9248370190464015,48.0,-0.09,0,False,█▆▄▆▆▃▃▁▅▂▅▄▄▇▃▃▄▃▃▄,False,False,False,0,0.07086614173228356,-0.12656852089714454,0.05951739515802612,-0.17573215653654795,UP,False,6,26.0,IGNORE,NONE,,NEUTRAL,C,WAIT,CMF positive,Energy Minerals,35.2
CEINSYS,859.0,889.95,900.0,857.0,True,False,False,False,False,False,1.4574971415479516,5.7924947,1.365963940156138,False,-0.2820642703695767,False,68.39,True,1.2715913950504807,99.0,1.63,0,True,▇▆▇▅▁▆▇▅▅▅▆▅▅▆▆▆▇▃▆█,False,False,False,0,-0.06630434782608696,-0.14356929212362912,-0.0776530944003444,-0.19273292776303252,UP,False,4,26.0,IGNORE,SEED,,NEUTRAL,C,WAIT,Delivery P99,Industrial Services,19.1
NESCO,1008.3,1058.0,1067.5,1001.6,True,False,False,False,False,False,3.785848656999053,24.512377979999997,3.4426355479567112,False,-0.2201147876250986,False,41.33,False,0.6837111969495198,8.0,-1.38,0,True,▇▅▇▆▄█▇▆▅▆▆▅▃▆▃▅█▆▇▁,False,False,False,0,-0.07808356953460738,-0.18600145313635275,-0.08943231610886482,-0.23516508877575615,UP,False,2,26.0,IGNORE,DISTRIBUTION,,NEUTRAL,C,WAIT,No standout factor,Producer Manufacturing,29.4
ELECTHERM,1030.2,1039.0,1047.0,1000.0,False,False,True,True,False,False,0.5160775994123054,1.6139113200000001,0.4667518799793859,False,-0.21509533038292108,False,44.29,False,0.8428644832245418,23.0,-0.67,0,True,▄▃▂▆▃▃▄▃▄█▄▃▅▅▆▇█▇▁▃,False,False,False,2,-0.116087516087516,0.4686720364958301,-0.12743626266177344,0.4195084008564267,FLAT,True,95,25.0,IGNORE,NONE,,NEUTRAL,C,WAIT,RS leader,Non-Energy Minerals,35.2
AURUM,229.68,222.84,232.12,221.7,False,True,True,True,False,True,0.3084469970718216,3.713282496,0.29629328368585,False,-0.2294709492030846,False,48.88,False,0.9709393560177184,23.0,-0.55,0,False,▆▇▆▇█▆▇▇▇▇▆▃▃▅▁▅▅▅▆▅,False,False,False,6,0.025082567169508296,0.3293974648376454,0.013733820595250856,0.280233829198242,FLAT,True,89,25.0,IGNORE,NONE,,NEUTRAL,C,WAIT,No standout factor,Technology Services,36.7
TANLA,587.1,606.95,614.6,583.65,True,True,True,True,False,False,0.5993686922358906,75.99334335,0.5867138175857032,False,-0.1209523096921481,False,33.15,False,0.8747740496892771,19.0,-0.67,0,False,▄▇▅▇▇▅▆▇▅▅█▅▄▆██▇▁▂▅,False,False,False,3,0.10700480814556435,0.18654001616814875,0.0956560615713069,0.13737638052874535,FLAT,True,75,25.0,IGNORE,NONE,,NEUTRAL,C,WAIT,No standout factor,Technology Services,36.7
SONATSOFTW,293.35,289.45,300.3,289.45,False,True,True,False,False,False,0.23988711015604444,29.565661105,0.23796246559818623,False,0.0033428252800771683,True,27.3,False,0.9553805774278216,19.0,-0.76,0,False,██▁▄▄▄▅█▅▁▂▅▄▆▆▆▇█▄▅,False,False,False,1,0.06595203488372103,0.12848624735526082,0.05460328830946359,0.07932261171585742,FLAT,True,66,25.0,IGNORE,NONE,,NEUTRAL,C,WAIT,CMF positive,Technology Services,36.7
SCHNEIDER,1352.0,1360.0,1368.8,1320.0,True,False,True,True,False,True,0.47975182158134166,25.6754264,0.45479220079632166,False,-0.03611042297755968,False,46.26,False,0.9762377073397205,46.0,-0.08,0,False,▅▁▆▄▄█▃▇▂▃▆▄▃▇▁▂▄▇▄▄,False,False,False,6,-0.06989543203081994,0.1256348347348264,-0.08124417860507738,0.07647119909542299,FLAT,True,65,25.0,IGNORE,NONE,,NEUTRAL,C,WAIT,No standout factor,Producer Manufacturing,29.4
BFUTILITIE,577.85,599.0,599.1,575.95,True,False,False,False,False,False,0.13749846442823233,2.50625102,0.12208228409718404,False,0.29206287205924325,False,45.24,True,1.0112773971454438,55.0,0.11,0,True,▅▆█▆▆▆▅▅▄▁▃▄▆▄▅▇▆▄▄▅,False,False,False,1,-0.045033878697735896,0.11543287327478047,-0.056382625271993336,0.06626923763537707,FLAT,True,63,25.0,IGNORE,NONE,,NEUTRAL,C,WAIT,CMF positive,Industrial Services,19.1
PARADEEP,134.64,137.5,139.0,134.0,True,False,False,False,False,False,0.6667246419717505,34.312101911999996,0.633333973152317,False,-0.02781613258695295,False,44.71,True,1.1062861101832264,83.0,0.92,0,True,▆▅▆▁▅▅▂▂▄▅█▆▃▃▂▂▄▄▁▅,False,False,False,3,0.000892060660124816,0.11318726746589491,-0.010456685914132624,0.06402363182649151,FLAT,True,62,25.0,IGNORE,NONE,,NEUTRAL,C,WAIT,No standout factor,Process Industries,38.1
ARVIND,523.45,530.0,538.9,520.65,True,False,True,True,False,True,0.5413279336170248,21.191402145,0.510770821044212,False,-0.07348635665105047,False,47.42,False,0.9458745150448303,62.0,0.13,0,True,▁▅▅▆▇▆▅▇▇▄▇▄▆▅▅█▆▇▅▅,False,False,False,1,-0.04740673339399448,0.10759627592044008,-0.05875547996825192,0.058432640281036674,FLAT,True,61,25.0,IGNORE,NONE,,NEUTRAL,C,WAIT,No standout factor,Process Industries,38.1
ASHIANA,386.9,388.55,395.0,385.1,False,True,True,True,False,True,0.11068255363975062,1.9073783099999997,0.10889247156248087,False,-0.39154097168626284,False,39.95,False,0.887906030871126,13.0,-1.06,0,False,▆▅▅▃▇▆▅▇▆▄█▇▅█▅▁▂▄▄▅,False,False,False,3,0.0007759958613553497,0.08603508771929813,-0.01057275071290209,0.03687145207989473,FLAT,True,56,25.0,IGNORE,NONE,,NEUTRAL,C,WAIT,No standout factor,Finance,33.2
BHAGCHEM,263.3,263.45,267.95,260.35,True,False,False,True,False,False,0.3920949567387562,1.3047041600000002,0.35905775871874956,False,-0.24639011411309303,False,62.42,True,1.186951519818972,72.0,0.48,0,True,▆▅▇▂▁▇▆▇▇▆▆▂▇▇▅▇█▆▇▇,False,False,False,6,-0.06796460176991148,0.08599711280676448,-0.07931334834416892,0.03683347716736107,FLAT,True,56,25.0,IGNORE,NONE,,NEUTRAL,C,WAIT,No standout factor,Process Industries,38.1
DIGITIDE,100.72,100.61,102.38,100.0,True,True,True,False,False,False,0.044970315018708476,2.300666384,0.039231421702444744,False,0.5595784315103015,False,31.15,False,0.9191773141727405,6.0,-1.66,0,False,█▆▆▁▁▃▃▄▄▄▅▆▅▅▄▅▄▇▆▄,False,False,False,2,0.18480178802493819,0.07183143556454197,0.17345304145068074,0.022667799925138565,UP,True,53,25.0,IGNORE,NONE,,NEUTRAL,C,WAIT,CMF positive,Commercial Services,33.3
SHAKTIPUMP,529.5,533.0,538.95,524.1,True,False,False,False,False,False,0.6720935487067189,56.9460306,0.6057644768318347,False,-0.3077874954726994,False,39.0,True,1.0913975485531986,46.0,0.05,0,True,▆▆▆▅▁▃▅▄▆▆█▆▇▆▇▇▇▄▄▆,False,False,False,3,-0.10208580634220799,0.056359102244389,-0.11343455291646543,0.007195466604985601,FLAT,True,48,25.0,IGNORE,NONE,,NEUTRAL,C,WAIT,No standout factor,Producer Manufacturing,29.4
RHIM,401.05,405.0,411.95,399.0,False,True,True,False,False,False,0.10625237363904293,19.719026925,0.1067255185441276,False,-0.22811906129414233,False,48.76,True,1.3110698824984537,67.0,0.42,0,False,▆▂▁▂▃▄▂▄▄▅▅▅█▅▅▆▆▆▅▆,False,False,False,1,0.07534522053894621,0.05317752100840334,0.06399647396468877,0.0040138853689999365,UP,True,47,25.0,IGNORE,NONE,,NEUTRAL,C,WAIT,No standout factor,Producer Manufacturing,29.4
MOTILALOFS,869.3,872.05,882.55,862.85,True,False,False,True,False,False,1.0908339619341385,129.68313023,1.0393140846424918,False,-0.20915132342049098,True,31.23,False,0.8102533501109136,6.0,-1.45,0,True,▆█▄▅▇▆▆█▇█▆▅█▅▅█▆▇▁▄,False,False,False,7,-0.08267820397826209,0.04195133644971838,-0.09402695055251953,-0.007212299189685023,FLAT,False,45,25.0,IGNORE,NONE,,NEUTRAL,C,WAIT,No standout factor,Technology Services,36.7
ASIANHOTNR,311.9,302.05,317.0,302.05,False,True,True,True,False,True,0.11766236640469481,0.30179444,0.11552075710572518,False,-0.1389762595235864,True,44.65,False,0.9573327615780446,48.0,-0.19,0,False,▁▂▄▇▁▁▄▂▄▇█▇▆▅▆▆█▂▁▄,False,False,False,2,0.07793329877311206,0.0393202265911361,0.06658455219885462,-0.009843409048267304,UP,False,44,25.0,IGNORE,NONE,,NEUTRAL,C,WAIT,No standout factor,Consumer Services,34.2
JTEKTINDIA,133.29,132.99,133.81,132.01,False,False,False,False,False,False,0.0456267379791458,1.1090261160000001,0.04036912693415048,False,0.19613278490320452,True,45.5,True,1.0344435603046493,33.0,-0.2,0,False,▅▁▃▅▆▆▅▅▇▆█▆▇▇▆▇▆▆▇▆,False,False,False,2,-0.0011241007194244812,0.03421787709497215,-0.012472847293681921,-0.014945758544431254,UP,False,43,25.0,IGNORE,NONE,,NEUTRAL,C,WAIT,CMF positive,Consumer Durables,31.1
GILLETTE,7940.5,7850.0,8100.0,7829.0,False,True,True,False,True,False,0.9003625139083308,11.95124655,0.9227567660533518,False,-0.0032880371386439775,True,46.41,False,0.8471064952132367,31.0,-0.43,0,False,▆▃▇▄▄▃▃▃▃▂▂▁▃▂█▄▃▃▁▂,False,False,False,0,0.05019177357492399,0.026965856182100456,0.03884302700066655,-0.022197779457302946,UP,False,40,25.0,IGNORE,NONE,,NEUTRAL,C,WAIT,No standout factor,Consumer Non-Durables,33.3
ELANTAS,9510.0,9344.0,9648.0,9290.0,False,False,False,True,False,True,0.7874015748031497,0.679965,0.7657931383441432,False,-0.25910137326110055,True,58.89,True,1.3457802966246943,59.0,0.3,0,True,▂▇▂▁▂▅▅▇▇▄▇█▇▅▅▄█▆▇█,False,False,False,0,-0.10620300751879697,0.012240553485896699,-0.1175517540930544,-0.0369230821535067,FLAT,False,35,25.0,IGNORE,NONE,,NEUTRAL,C,WAIT,No standout factor,Process Industries,38.1
VOLTAMP,9183.0,9219.0,9242.0,9078.0,False,False,False,True,False,False,0.9897851943704578,24.51861,0.9481574746142197,False,-0.10853262400100296,True,55.84,True,1.0357908014208737,78.0,0.66,0,True,▁▅▁▂▂▃▄▁▃▄▅█▄▄▅▅▄█▆▄,False,False,False,0,-0.08898809523809526,-0.0046607413830479505,-0.1003368418123527,-0.05382437702245135,FLAT,False,30,25.0,IGNORE,NONE,,NEUTRAL,C,WAIT,No standout factor,Producer Manufacturing,29.4
JUNIPER,198.01,198.4,199.0,193.81,False,True,False,False,False,False,0.7526354096545691,2.180664329,0.7610237011207254,False,-0.25470607110768123,True,66.23,True,1.0490468610167343,83.0,0.83,0,True,▁▄▃▅▂▃▃▄▃▁▃▅▃▃█▆▅▄▃▄,False,False,False,0,0.02479039436911279,-0.005024873121953655,0.01344164779485535,-0.05418850876135706,UP,False,30,25.0,IGNORE,NONE,,NEUTRAL,C,WAIT,No standout factor,Consumer Services,34.2
SOBHA,1361.2,1373.7,1385.0,1354.0,True,False,False,False,False,False,0.2936352563303733,13.92003956,0.2754401750395262,False,-0.3548193725447159,True,38.81,False,0.8891994684507172,42.0,-0.19,0,True,█▆▆▇▂▄▅▅▄▄▅▆▆▄▇▁▃▅▄▄,False,False,False,8,-0.0188135226699343,-0.015193170308204329,-0.03016226924419174,-0.06435680594760773,UP,False,27,25.0,IGNORE,NONE,,NEUTRAL,C,WAIT,No standout factor,Finance,33.2
AARTIPHARM,684.35,685.0,692.95,675.05,False,False,False,False,False,False,0.6448052410453607,7.188275529999999,0.6350990829650863,False,-0.1515436449239247,True,52.02,True,1.0704034075125777,67.0,0.37,0,True,▅▅█▅▃▆▅▅█▆▁▂▃▂▂▂▆▃▁▆,False,False,False,0,0.013401451206871196,-0.024169399686296833,0.0020527046326137555,-0.07333303532570024,UP,False,25,25.0,IGNORE,NONE,,NEUTRAL,C,WAIT,No standout factor,Health Technology,34.1
CLEAN,728.3,730.05,737.0,726.55,False,False,False,False,False,False,0.3601746918619556,5.77090354,0.3454426417603878,False,-0.15947147979219203,True,48.76,True,1.046048891415577,44.0,-0.19,0,True,▆█▆▇▁▅▅▇▇▅▇▃▅▅▅▇▆▄▅▆,False,False,False,0,-0.05144568898150559,-0.026011367435640365,-0.06279443555576303,-0.07517500307504377,UP,False,24,25.0,IGNORE,NONE,,NEUTRAL,C,WAIT,No standout factor,Process Industries,38.1
GOLDIAM,355.75,352.15,358.5,352.15,False,False,False,False,False,False,0.4256720658020128,21.4467445,0.38986071869566197,False,0.27307585574957177,True,34.07,False,0.8879101404706681,23.0,-0.71,0,True,▅▅▅▅██▆█▁▁▄▄▄▆▃▅▇▅▄▄,False,False,False,0,-0.21407268308847893,-0.03877330451229399,-0.22542142966273637,-0.0879369401516974,FLAT,False,22,25.0,IGNORE,NONE,,NEUTRAL,C,WAIT,CMF positive,Consumer Durables,31.1
SULA,150.85,151.84,151.84,149.32,False,False,False,False,False,False,1.1029939840108987,2.9214516099999996,1.1026467996320046,True,-0.14386040694484062,True,55.67,True,1.0186642268984447,76.0,0.67,0,True,▁▂▄▆▄▇▇▄▇▄▄▅▃▄▄▄█▄▂▅,False,False,False,0,-0.01501795625204061,-0.03929435740669984,-0.02636670282629805,-0.08845799304610324,UP,False,22,25.0,IGNORE,NONE,,NEUTRAL,C,WAIT,No standout factor,Process Industries,38.1
TATACHEM,698.9,694.4,702.0,688.0,False,False,False,False,False,False,0.5906089321918635,19.48400409,0.588243162712759,False,-0.252355684157594,True,48.96,True,1.1088588673604585,65.0,0.48,0,True,▆▆▅▃▄█▂▃▃▇▄▄▄▃▃▅▂▆▁▅,False,False,False,0,-0.04214349345576651,-0.0430615458341892,-0.05349224003002395,-0.0922251814735926,UP,False,20,25.0,IGNORE,NONE,,NEUTRAL,C,WAIT,No standout factor,Process Industries,38.1
PINELABS,148.64,147.11,150.41,147.11,False,False,False,False,False,False,0.4386224876116273,81.04101028799998,0.42511476696394157,False,-0.002892606343456149,True,43.84,True,1.0206029565824701,52.0,-0.03,0,True,▄▆▄▆▅▄▄▅▅▁▃▂▄▅▇█▆▅▄▅,False,False,False,0,-0.05965711393686346,-0.047362686662821396,-0.0710058605111209,-0.0965263223022248,UP,False,19,25.0,IGNORE,NONE,,NEUTRAL,C,WAIT,No standout factor,Technology Services,36.7
DCXINDIA,182.98,182.45,184.03,181.47,False,False,False,False,False,False,0.30435471086610655,5.692178436,0.2829768968805246,False,-0.2671540559117227,True,44.53,True,1.13549143855265,75.0,0.62,0,True,▁▆▃▂▃▂▅▃▆█▇▇▇█▆▆▇▅▅▇,False,False,False,0,-0.05792102146939193,-0.04876273653566243,-0.06926976804364937,-0.09792637217506583,UP,False,19,25.0,IGNORE,NONE,,NEUTRAL,C,WAIT,No standout factor,Producer Manufacturing,29.4
BBL,2562.0,2549.0,2594.9,2521.3,False,False,False,False,False,False,0.7831176354234366,5.6802102,0.7436592629727592,False,-0.2015450157298286,True,58.3,True,1.0825163398692812,79.0,0.74,0,True,▅█▆▇█▁▅▁▅▃█▂▅▆▂▅█▅▄▇,False,False,False,0,-0.07990662596516429,-0.052619901638131905,-0.09125537253942173,-0.10178353727753531,UP,False,18,25.0,IGNORE,NONE,,NEUTRAL,C,WAIT,No standout factor,Producer Manufacturing,29.4
ITC,281.2,283.0,283.95,278.8,True,False,False,False,False,False,0.7716886930665644,276.38602471999997,0.7615908178022152,False,-0.22601690021363352,True,63.57,True,1.1118690313778992,61.0,0.24,0,True,▁▃▅▄█▄▃▄▆▆▄▂▃▄▄▂▄▃▅▅,False,False,False,0,-0.03450643776824036,-0.06047444036084204,-0.0458551843424978,-0.10963807600024544,UP,False,16,25.0,IGNORE,NONE,,NEUTRAL,C,WAIT,No standout factor,Consumer Non-Durables,33.3
TMPV,333.9,336.1,337.65,331.8,True,False,False,False,False,False,0.517273775349519,194.61154481999998,0.501391599488617,False,-0.20637471914751482,True,53.91,True,1.1075045709472646,74.0,0.7,0,True,▄▂▅▄▁▇▅█▇▃▅▆▆▅▆▅▆▄▅▆,False,False,False,0,-0.07634854771784239,-0.06062737375158256,-0.08769729429209983,-0.10979100939098596,UP,False,16,25.0,IGNORE,NONE,,NEUTRAL,C,WAIT,No standout factor,Consumer Durables,31.1
SUNTV,488.7,490.0,493.4,485.35,False,False,False,False,False,False,0.9543676675187689,9.45184896,0.9269040055197533,False,-0.2984124034711676,True,58.08,True,1.1202299094442245,88.0,1.2,0,True,▂▂▃▄▁▃▂▂▃▁█▂▂▂▅▃▃▂▄▄,False,False,False,0,-0.048573931665531034,-0.06217616580310892,-0.059922678239788474,-0.11133980144251232,UP,False,16,25.0,IGNORE,SEED,,NEUTRAL,C,WAIT,No standout factor,Consumer Services,34.2
IRCTC,494.0,498.0,499.8,493.1,True,False,False,False,False,False,0.6273645583534939,25.4247474,0.6177203581964122,False,-0.11960772112946759,True,57.22,True,1.0368665682108524,84.0,0.99,0,True,▆▄▅▄▅▆▂▇▅▆█▆▃▇▂▅▇▂▁▆,False,False,False,0,-0.019549469088022242,-0.07116668233524492,-0.030898215662279682,-0.12033031797464833,UP,False,14,25.0,IGNORE,NONE,,NEUTRAL,C,WAIT,No standout factor,Consumer Services,34.2
ZAGGLE,203.34,203.59,205.9,201.5,False,False,False,False,False,False,0.6524184957075858,9.32405403,0.6350205335020532,False,-0.11345261875429827,True,49.28,True,1.0922106849588316,67.0,0.46,0,True,▁▁▅▃█▅▅▅▅▃▅▆▆▇▇▇█▇▆▆,False,False,False,0,0.023867069486404935,-0.0707855412877576,0.012518322912147495,-0.119949176927161,UP,False,14,25.0,IGNORE,NONE,,NEUTRAL,C,WAIT,No standout factor,Technology Services,36.7
COCHINSHIP,1402.3,1398.6,1406.8,1387.1,False,False,False,False,False,False,0.543621436699548,118.84618707,0.5328311001253856,False,-0.2369835294864009,True,39.15,True,1.0718539102818578,87.0,1.13,0,True,▂▂▂▂▁▄▇█▆█▇▄▄▅▅▆█▄▃▅,False,False,False,0,-0.017722050994676386,-0.07347208457218368,-0.029070797568933826,-0.12263572021158708,UP,False,13,25.0,IGNORE,SEED,,NEUTRAL,C,WAIT,No standout factor,Producer Manufacturing,29.4
BHARATWIRE,202.91,196.9,205.0,195.35,False,False,False,True,False,False,0.3937290313793898,2.5223742099999997,0.37573784463865606,False,-0.1917906517660904,True,50.2,True,1.0932889048599088,61.0,0.33,0,True,▆▂▄▇▁▅▄▂▆▂▇▁▃█▆▇▇▄▃▆,False,False,False,0,0.006847615739592028,-0.07751409347154037,-0.004501130834665412,-0.12667772911094377,UP,False,13,25.0,IGNORE,NONE,,NEUTRAL,C,WAIT,No standout factor,Producer Manufacturing,29.4
VMM,110.31,109.88,110.48,107.2,False,False,False,False,False,False,1.351995247247167,159.304495368,1.3025364679470477,True,-0.08661106814147435,True,48.77,False,0.963291426765557,32.0,-0.4,0,False,▆▅▄▅▅▆▄▃▄▆█▅▆▆▄▅▆▁▃▅,False,True,False,0,-0.047327057604283684,-0.09306914412562683,-0.058675804178541124,-0.14223277976503024,UP,False,10,25.0,IGNORE,NONE,,NEUTRAL,C,WAIT,No standout factor,Retail Trade,27.1
IRCON,126.48,127.59,128.22,126.1,False,False,False,False,False,False,0.487489157121669,8.341330704,0.467995355038145,False,-0.10863202983725756,True,36.82,True,1.0304633166813597,75.0,0.65,0,True,▄▁▅▅▃▅█▅▄▄█▂▃▅▃▇█▅▄▅,False,False,False,0,-0.03612254229538181,-0.1006186446704117,-0.04747128886963925,-0.1497822803098151,UP,False,9,25.0,IGNORE,NONE,,NEUTRAL,C,WAIT,No standout factor,Industrial Services,19.1
APEX,383.85,387.9,390.7,381.1,False,False,False,True,False,False,0.49751856840390685,2.3401799100000003,0.4769215028472516,False,-0.24322794460781988,True,45.65,True,1.2481032385066506,89.0,1.29,0,True,▁▅▇▇▆▄▅▅▅▁▅▂▁▅▄▆▇█▇▇,False,False,False,0,-0.029210925644916452,-0.10649441340782118,-0.04055967221917389,-0.15565804904722458,UP,False,8,25.0,IGNORE,SEED,,NEUTRAL,C,WAIT,No standout factor,Consumer Non-Durables,33.3
SYNGENE,413.85,410.0,415.95,403.8,False,False,False,False,False,False,0.5834534553814384,21.964136895000003,0.5738067448339466,False,-0.22192548831452888,True,60.11,True,1.029933348182924,78.0,0.66,0,True,▄▂▃▃▂▆▂▄▄▃▁▂▃▃▄█▄▃▄▄,False,False,False,0,-0.046758032937924576,-0.11248123525627274,-0.058106779512182016,-0.16164487089567614,UP,False,7,25.0,IGNORE,NONE,,NEUTRAL,C,WAIT,No standout factor,Commercial Services,33.3
TATAELXSI,3554.4,3555.8,3583.0,3520.7,False,False,False,False,False,False,0.9030906729803616,182.32259256,0.8916576392431639,False,-0.10158026122005197,True,44.01,True,1.1854226148790605,79.0,0.84,0,True,▇▃▄▄▆▆▇▅▃▅▆▃▁▆▄█▇▇▃▇,False,False,False,0,-0.10702441965631593,-0.14446637462090217,-0.11837316623057337,-0.19363001026030557,UP,False,4,25.0,IGNORE,NONE,,NEUTRAL,C,WAIT,No standout factor,Technology Services,36.7
GPIL,237.75,235.05,238.9,230.55,True,False,False,False,False,False,2.1838845472350554,62.24860845,2.0734133143650064,False,-0.051022787940470986,True,45.01,False,0.8826182445682015,44.0,-0.06,0,False,█▂▁▁▆▆▅▄▄▄▃▃▃▂▃▇█▅▂▂,False,False,False,0,-0.09255725190839692,-0.16078362160254156,-0.10390599848265436,-0.20994725724194496,UP,False,3,25.0,IGNORE,NONE,,NEUTRAL,C,WAIT,No standout factor,Non-Energy Minerals,35.2
VIKRAMSOLR,181.19,185.19,185.19,180.75,True,False,False,False,False,False,0.2793364337706536,18.365998207999997,0.2603562554549973,False,-0.05357267240189273,True,59.08,True,1.3014362498898582,100.0,2.22,0,False,▁█▅▄▅▄▂▇▁▄▅▃▁▄▄▇▅▆▄█,False,False,False,0,-0.09594850813292077,-0.19752867708933075,-0.10729725470717821,-0.24669231272873415,UP,False,2,25.0,IGNORE,SEED,,NEUTRAL,C,WAIT,Delivery P100,Electronic Technology,24.6
NATCOPHARM,927.1,923.15,938.6,920.5,False,False,False,False,False,False,0.4010279986780042,21.37957497,0.38886915463793975,False,0.008542944248190814,False,53.89,True,1.263777496365086,88.0,1.14,0,True,█▆▆▆▅▃▄▅▅▅▆▆▅▇▁▅▆▆▆█,False,False,False,0,0.008265361609570476,-0.2046156485929992,-0.0030833849646869638,-0.2537792842324026,UP,False,1,25.0,IGNORE,SEED,,NEUTRAL,C,WAIT,CMF positive,Health Technology,34.1
CONCORDBIO,1256.4,1255.2,1275.3,1244.5,False,False,False,False,False,False,0.7823509172842196,9.97053912,0.756684108151495,False,-0.1841566050136221,True,52.68,True,1.1254606633552315,60.0,0.2,0,True,▇█▅▁▇▆▁▅▇▆▆▄▄▄▆▆▇▆▅▇,False,False,False,0,-0.0043585070132340364,0.11660149306789913,-0.015707253587491476,0.06743785742849573,FLAT,True,63,24.0,IGNORE,NONE,,NEUTRAL,C,WAIT,No standout factor,Commercial Services,33.3
ITCHOTELS,165.43,161.22,166.45,161.0,False,False,False,False,False,False,0.7331396848451698,42.269631391000004,0.6900958097121556,False,-0.1461240636850593,True,55.46,True,1.0907446013452387,48.0,-0.02,0,False,▇▆▇▆█▄▇▅█▆█▅▁▄▄▇▄▅▆▇,False,False,False,6,-0.05311659321160778,0.07814129301355588,-0.06446533978586522,0.028977657374152477,FLAT,True,54,24.0,IGNORE,NONE,,NEUTRAL,C,WAIT,No standout factor,Consumer Services,34.2
CRAMC,263.0,260.99,264.57,260.99,False,True,True,False,False,False,0.1882813295105918,9.9767209,0.18666487839901194,False,-0.6411544749785497,True,39.37,False,0.8211577970361563,14.0,-0.92,0,False,▇▇█▇███▆▆▆▆▆▆▄▆▃▁▂▄▅,False,False,False,2,0.06477732793522262,0.06499291354525205,0.05342858136096518,0.01582927790584865,UP,True,51,24.0,IGNORE,NONE,,NEUTRAL,C,WAIT,No standout factor,Finance,33.2
MAHABANK,80.63,81.54,82.29,79.94,True,False,False,True,False,True,0.6738339796308289,107.587342357,0.6420726394810867,False,-0.3377853662153991,False,49.97,True,1.1073070744003102,81.0,0.81,0,True,▄▅▅▆▇█▆▅▁▆▇▅▆▄▅▄█▆▄▆,False,False,False,0,-0.1408630793819925,0.0363753213367608,-0.15221182595624994,-0.0127883143026426,FLAT,False,43,24.0,IGNORE,NONE,,NEUTRAL,C,WAIT,No standout factor,Finance,33.2
KAYNES,3181.3,3211.0,3224.9,3173.0,False,False,False,False,False,False,0.5923972195234964,195.47338785,0.568783406652935,False,0.04506243900429606,True,26.54,False,0.8568338471968877,57.0,0.06,0,True,▃▃▃▃▂▄▄▁▄▃▄▄▃▄▆█▄▁▂▂,False,False,False,0,0.009744175712562697,0.02023603360913362,-0.001604570861694743,-0.028927602030269783,UP,False,38,24.0,IGNORE,NONE,,NEUTRAL,C,WAIT,CMF positive,Electronic Technology,24.6
LICHSGFIN,551.75,542.4,553.5,541.1,False,True,True,True,False,True,0.5839770957550628,42.087655525,0.5848367664660677,False,-0.10085991596935853,False,49.4,False,0.9614636045153757,38.0,-0.34,0,False,▂▂▃▁▃▂▃▁▄▆▂▂▇▂█▂▄▂▁▃,False,False,False,0,-0.016049933125278693,0.011364677848043403,-0.027398679699536133,-0.03779895779136,UP,False,35,24.0,IGNORE,NONE,,NEUTRAL,C,WAIT,No standout factor,Finance,33.2
POWERINDIA,32080.0,32150.0,32735.0,31815.0,False,False,False,True,False,False,0.400199548613123,227.11036,0.39119626683380926,False,0.0001576662589464358,True,45.77,True,1.3030234014689974,89.0,1.24,0,False,▆▃▁▃▃▃▃▄▄█▄▂▂▄▃▅▂▃▅▇,False,False,False,0,-0.055081001472754076,-0.005733767240043375,-0.06642974804701152,-0.05489740287944678,FLAT,False,30,24.0,IGNORE,SEED,,NEUTRAL,C,WAIT,CMF positive,Electronic Technology,24.6
VBL,462.95,470.0,472.6,462.5,True,False,False,False,False,True,0.899574877602643,246.86313393499998,0.8497588314079875,False,-0.3560885684418309,False,58.93,True,1.0586544507320579,62.0,0.37,0,True,▂▂▇▄▁▁▄▆█▄▆▅▅▂▅▅▇▂▃▅,False,False,False,0,-0.09747538746466522,-0.09020339982313064,-0.10882413403892266,-0.13936703546253404,UP,False,10,24.0,IGNORE,NONE,,NEUTRAL,C,WAIT,No standout factor,Consumer Non-Durables,33.3
TECHNVISN,4950.0,5287.9,5499.0,4750.0,True,True,True,False,False,False,2.7626422840082108,2.93139,2.8317491478702914,False,0.6141429791478655,False,29.02,False,0.4246508190844107,3.0,-2.81,0,False,▇▅▇▇█▇▇▄▇▇▇▆▇▆█▇▄▂▁▃,False,False,True,0,0.03340292275574108,-0.09999999999999998,0.022054176181483642,-0.14916363563940338,UP,False,9,24.0,IGNORE,NONE,,NEUTRAL,C,WAIT,CMF positive,Technology Services,36.7
INA,112.52,113.02,115.79,110.0,True,False,False,True,False,False,0.1030949313010076,4.42102332,0.09549209806817184,False,0.13058924715062098,False,42.36,True,1.0497881093405368,28.0,-0.44,0,False,▇███▇▇▇▁▁▄▄▅▆▆▅▅▅▆▆▆,False,False,False,0,-0.014711033274956264,-0.12775193798449613,-0.026059779849213704,-0.17691557362389954,UP,False,6,24.0,IGNORE,NONE,,NEUTRAL,C,WAIT,CMF positive,Electronic Technology,24.6
BBOX,775.7,785.0,803.2,772.8,True,False,False,True,False,False,0.6285271576436502,15.95917423,0.5436796653387539,False,-0.18708202788974643,False,46.59,True,1.0363235981048557,65.0,0.29,0,True,▄▄▇▂█▂▁▄▆▆▇▄▂▆▂▃▃▃▂▄,False,False,False,0,-0.167882428663377,-0.17055175363558595,-0.17923117523763443,-0.21971538927498935,UP,False,3,24.0,IGNORE,NONE,,NEUTRAL,C,WAIT,No standout factor,Technology Services,36.7
GESHIP,1398.6,1439.0,1440.0,1386.3,True,False,False,True,False,False,1.100381667014892,68.35545612,1.0816402702833234,False,-0.17473137030232794,False,54.86,True,1.1900733220530175,70.0,0.48,0,True,▅▆▅▆▅▇▃▅▅▅▃▆█▇▁▆▆▇▅▇,False,False,False,0,-0.08180147058823539,-0.1755968169761274,-0.09315021716249283,-0.2247604526155308,UP,False,2,24.0,IGNORE,NONE,,NEUTRAL,C,WAIT,No standout factor,Transportation,40.9
ANANDRATHI,2052.1,2065.0,2065.0,2033.2,False,False,False,False,False,False,0.22055565676060931,22.62152956,0.21995087665708835,False,0.0789072225005781,False,50.41,True,1.0225566960120085,41.0,-0.21,0,False,▆▇▆▅▇▅▄▅▁▅█▄▆▆▇▆▆▇▇▆,False,False,False,0,0.031880122693216606,-0.42609838632994934,0.020531376118959166,-0.47526202196935274,UP,False,1,24.0,IGNORE,NONE,,NEUTRAL,C,WAIT,CMF positive,Finance,33.2
KIRLOSIND,3807.2,3851.0,3855.4,3784.2,False,False,True,True,False,False,0.2025616230190839,0.9769275199999999,0.19248944642006302,False,-0.10113977670694711,False,41.38,True,1.0330666200646603,22.0,-0.55,0,True,▅▃▂▄▁▄▅▃▃▄▅▂▂▄▃▃▃██▄,False,False,False,0,-0.05040780186067406,0.2467498444509939,-0.0617565484349315,0.1975862088115905,FLAT,True,82,23.0,IGNORE,NONE,,NEUTRAL,C,WAIT,No standout factor,Non-Energy Minerals,35.2
SUPRIYA,844.9,850.0,857.5,838.7,False,False,False,True,False,False,0.29838650599417543,10.72000671,0.2834168049938172,False,-0.34741780517816595,False,47.37,True,1.158063293769634,46.0,-0.1,0,True,▂▄▂▆▁▅▁▃▇█▂▆▂▅▇▅▇▅▅▇,False,False,False,0,-0.12964202935874325,0.2352339181286549,-0.1409907759330007,0.1860702824892515,FLAT,True,81,23.0,IGNORE,NONE,,NEUTRAL,C,WAIT,No standout factor,Health Technology,34.1
NACLIND,193.1,201.0,201.0,190.4,True,False,False,True,False,False,0.2625831690238102,15.47350851,0.23086900623335413,False,-0.11880258054030982,False,25.19,True,1.017264008076729,7.0,-1.41,0,False,▁▂▇▅▄▅▂▄▆▆▅▃██▇▄▁▅▅▅,False,False,False,3,-0.04467421956166828,0.1985599900688968,-0.05602296613592572,0.1493963544294934,FLAT,True,77,23.0,IGNORE,NONE,,NEUTRAL,C,WAIT,No standout factor,Process Industries,38.1
DDEVPLSTIK,275.45,277.0,281.8,273.1,True,False,True,True,False,False,0.8173905843890661,3.0184912799999997,0.7960213726726215,False,-0.1840410229483157,False,57.74,True,1.2029291971791374,64.0,0.35,0,False,▂▃▅▂▇▃▃▃▃▅▁▁▄▄▂▅▇█▄▆,False,False,False,8,0.02451089786505989,0.15371727748691089,0.013162151290802449,0.10455364184750748,FLAT,True,69,23.0,IGNORE,NONE,,NEUTRAL,C,WAIT,No standout factor,Process Industries,38.1
IFCI,70.39,70.9,71.5,70.21,False,False,False,True,False,False,0.25220608798533384,40.408752105,0.2356907162828849,False,-0.2922441083105784,False,36.09,True,1.4580934488818862,73.0,0.66,0,True,▄▃▁▄▃▅▁▂▄▄▇▄▅▆▂▅▆▇▆█,False,False,False,0,-0.08797615962684646,0.1318539958192635,-0.0993249062011039,0.08269036017986009,FLAT,True,66,23.0,IGNORE,NONE,,NEUTRAL,C,WAIT,No standout factor,Finance,33.2
SMLMAH,3903.8,3909.8,3995.0,3872.0,False,False,False,True,False,False,0.7517768519806214,21.841370620000003,0.728074542068086,False,-0.08228563449467668,False,48.42,True,1.0236245441572858,64.0,0.3,0,True,▄▄▃▃▆▇▅█▅▅▆▅▅▃▅▁▅▅▅▅,False,False,False,1,-0.03064163686928878,0.11454348198481146,-0.04199038344354622,0.06537984634540805,FLAT,True,62,23.0,IGNORE,NONE,,NEUTRAL,C,WAIT,No standout factor,Consumer Durables,31.1
AVANTEL,165.05,164.5,166.5,163.03,False,False,False,True,False,False,0.22783937505042803,14.513457185000002,0.20926550923980175,False,-0.4222058147228945,False,35.17,False,0.9356336210909961,42.0,-0.17,0,True,▅▅▄▇▆▇▇▆▇▁▆██▆▃▆▇▄▅▅,False,False,False,8,-0.0390661387983231,0.11407357408032404,-0.05041488537258054,0.06490993844092063,FLAT,True,62,23.0,IGNORE,NONE,,NEUTRAL,C,WAIT,No standout factor,Electronic Technology,24.6
SOMANYCERA,491.85,499.0,518.2,490.0,True,False,False,True,False,True,0.9765691636144699,4.06868157,0.9156445531095354,False,-0.2955218810422997,False,59.03,False,0.9634011995593456,55.0,0.18,0,True,▄▃▄▅▂▄▄▆▃▃▁▆▅▄▅█▅▄▃▄,False,False,False,7,-0.04984062590553451,0.10305001121327662,-0.06118937247979195,0.05388637557387321,FLAT,True,60,23.0,IGNORE,NONE,,NEUTRAL,C,WAIT,No standout factor,Producer Manufacturing,29.4
EVEREADY,349.75,358.15,364.0,348.5,True,False,True,True,False,False,0.6038006499441454,3.32717175,0.5894327405381887,False,-0.09332737329477915,False,51.63,True,1.209175966368842,57.0,0.26,0,False,▇█▅▁█▂▂▆▃▁▃▂▃▅▇▆▅▄▄▆,False,False,False,3,-0.04452943586941682,0.09092326887086699,-0.05587818244367426,0.04175963323146359,FLAT,True,57,23.0,IGNORE,NONE,,NEUTRAL,C,WAIT,No standout factor,Producer Manufacturing,29.4
ATGL,660.5,658.0,665.5,657.65,False,False,False,True,False,False,0.3501072238658687,44.3183611,0.32423581746820046,False,-0.3743112279078628,False,28.88,True,1.1539537299716305,50.0,0.03,0,True,▅▄▄▇▄▇▅▁▃▅▃█▇▆▆▆▅▅▆▆,False,False,False,0,-0.09724595093282307,0.08260940829372232,-0.1085946975070805,0.03344577265431892,FLAT,True,55,23.0,IGNORE,NONE,,NEUTRAL,C,WAIT,No standout factor,Utilities,31.3
SUBROS,788.0,785.0,795.9,783.55,False,False,True,False,False,False,0.4489243315848362,1.9870996,0.43042812762571875,False,0.02447157839532965,True,43.69,True,1.0300115519720865,47.0,0.05,0,False,▂▁▅▄▄▃▅▆▆▇▄▄▇▅▄█▅█▄▅,False,False,False,0,-0.033840117704757255,0.08071041623808539,-0.045188864279014695,0.03154678059868199,FLAT,True,55,23.0,IGNORE,NONE,,NEUTRAL,C,WAIT,CMF positive,Producer Manufacturing,29.4
TCI,932.3,932.75,936.0,918.0,False,True,False,False,False,False,0.6584417286068229,2.06140853,0.6582100897481238,False,0.00025528334033829626,True,59.45,False,0.959598405242684,64.0,0.25,0,True,▅▁▄▆▃▆▆▄▄▄▆▄▆█▇▆▇▇▄▅,False,False,False,0,-0.0034738923627812834,0.058649860898200235,-0.014822638937038723,0.009486225258796832,FLAT,True,49,23.0,IGNORE,NONE,,NEUTRAL,C,WAIT,CMF positive,Transportation,40.9
KPIL,1298.4,1305.8,1312.0,1278.0,True,False,False,True,False,True,1.0146740985098395,20.96292768,0.9841102991327285,False,-0.1211756191839169,True,49.35,False,0.8930510314875135,25.0,-0.48,0,True,▁█▇▄▃▅▂▄▅▂▃▂█▃▆▆▇▇▅▃,False,False,False,0,-0.03543570314241129,0.04828031648635567,-0.04678444971666873,-0.0008833191530477347,FLAT,False,46,23.0,IGNORE,NONE,,NEUTRAL,C,WAIT,No standout factor,Industrial Services,19.1
HYUNDAI,1955.4,1949.5,1990.0,1941.0,False,False,True,False,False,False,0.8617708006152126,112.20847806000002,0.8565554316456923,False,-0.08356179881032579,True,46.61,False,0.9743300305196705,23.0,-0.69,0,False,▄▅▃▅▆██▆▄▄▅▁▄▆██▃▅▇▅,False,False,False,3,0.006796416434970753,0.04126950316843292,-0.004552330139286687,-0.007894132470970483,UP,False,45,23.0,IGNORE,NONE,,NEUTRAL,C,WAIT,No standout factor,Consumer Durables,31.1
SUNDROP,682.55,688.0,696.95,678.1,True,True,True,False,False,False,0.795447326410876,1.3246930399999999,0.833500180928203,False,-0.09869383071228979,True,64.85,False,0.869046661842352,42.0,-0.17,0,True,█▄█▆▇▇▆▅▆▆▆▄▅▆▅▅▄▁▃▄,False,False,False,0,0.05641541557034513,-0.00014648795136606996,0.04506666899608769,-0.04931012359076947,UP,False,32,23.0,IGNORE,NONE,,NEUTRAL,C,WAIT,No standout factor,Process Industries,38.1
DBCORP,208.29,211.5,211.94,206.45,True,True,True,False,False,False,0.14813652276659284,3.4877327339999997,0.15099970856232686,False,-0.5609847083412002,True,49.75,True,1.1299499188025939,34.0,-0.27,0,False,█▄▆█▆▇▅▁▄▅▄▅▂▄▆▆▅▃▅▆,False,False,False,0,0.07582252982800464,-0.00492069558570607,0.0644737832537472,-0.05408433122510947,UP,False,30,23.0,IGNORE,NONE,,NEUTRAL,C,WAIT,No standout factor,Consumer Services,34.2
POLYCAB,8943.0,9088.0,9162.0,8908.0,True,False,False,True,False,True,0.8235754045621423,321.8791389,0.7847463826050847,False,-0.10480397244178247,True,49.07,True,1.0690631808278868,46.0,-0.11,0,False,▄▅▅▆▆▅▅▅█▄▄▂▁▃▃▆▄▆▅▅,False,False,False,1,-0.077327830797008,-0.008701435459735118,-0.08867657737126544,-0.05786507109913852,FLAT,False,29,23.0,IGNORE,NONE,,NEUTRAL,C,WAIT,No standout factor,Producer Manufacturing,29.4
ICICIAMC,3131.0,3100.2,3152.0,3100.0,False,False,False,True,False,True,0.5488964569201628,78.231166,0.5378557991711581,False,-0.08240673643085972,True,61.68,True,1.0588205000557906,63.0,0.39,0,False,▅▃▄█▅▆▄▇▇▇▁▂▅▅▅▇▇▆▅▆,False,False,False,0,-0.06804381473985,-0.01661484343101227,-0.07939256131410743,-0.06577847907041567,FLAT,False,27,23.0,IGNORE,NONE,,NEUTRAL,C,WAIT,No standout factor,Finance,33.2
CANFINHOME,812.8,818.7,838.95,808.1,True,False,False,False,False,True,0.9515399036619236,30.385552639999997,0.886547085388586,False,-0.11057408550840599,True,54.45,False,0.9891547223281922,48.0,-0.06,0,False,▁▅█▅▇▇▆▇▅▄▆▆▆█▄▆▇▆▆▆,False,False,False,5,-0.029260718977666356,-0.036110287577823974,-0.040609465551923796,-0.08527392321722738,UP,False,23,23.0,IGNORE,NONE,,NEUTRAL,C,WAIT,No standout factor,Finance,33.2
KRSNAA,542.1,545.35,549.9,539.7,True,False,False,False,False,False,1.4627778787328125,3.9273518700000003,1.4358728911983702,False,0.021950798350388216,False,65.07,True,1.1828435872499385,83.0,0.78,0,False,▆█▅▇▇▅▃▅▄▆▅▄▇▅▂▅▃▅▁█,False,True,False,0,0.00940322130155491,-0.04027617951668583,-0.0019455252727025307,-0.08943981515608923,UP,False,21,23.0,IGNORE,NONE,,NEUTRAL,C,WAIT,CMF positive,Health Services,36.8
SUPREMEIND,3338.2,3483.2,3505.0,3320.0,True,False,False,False,False,False,0.8483901756113603,61.660226019999996,0.8572823029453233,False,0.24868935774641593,True,41.97,False,0.9051501035196686,18.0,-0.8,0,False,▅▇▇▄▃▆▅▄▆█▅▃▆▅▅▂▃▄▁▄,False,False,False,0,0.045147150907952405,-0.047371725358141714,0.033798404333694965,-0.09653536099754512,UP,False,19,23.0,IGNORE,NONE,,NEUTRAL,C,WAIT,CMF positive,Producer Manufacturing,29.4
PGHH,8993.5,9010.0,9031.0,8955.5,False,True,False,False,False,False,0.4758325965222517,5.8080023,0.4819756057404859,False,-0.0839380683063188,True,66.03,False,0.9998258670684342,75.0,0.56,0,True,▄▄▆▃▂▇▂▅▅▃▄▅▅▆▃█▄▁▃▄,False,False,False,0,0.020481107454896286,-0.06986244699555277,0.009132360880638846,-0.11902608263495618,UP,False,14,23.0,IGNORE,NONE,,NEUTRAL,C,WAIT,No standout factor,Consumer Non-Durables,33.3
ICICIGI,1681.0,1667.1,1693.1,1652.0,False,False,False,False,False,False,0.5817072931887871,152.0308167,0.5864338206836615,False,0.17613007831716557,True,47.43,False,0.8183582797739722,10.0,-1.35,0,False,██▆▆▆▃▃▁▅▁▇▄▁▅▃▄▆▄▃▂,False,False,False,0,-0.04926191957468462,-0.07280750137893,-0.06061066614894206,-0.1219711370183334,UP,False,13,23.0,IGNORE,NONE,,NEUTRAL,C,WAIT,CMF positive,Finance,33.2
EMBDL,62.17,62.0,63.1,61.39,False,False,True,False,False,False,0.4412593983760028,6.969082923999999,0.43096233273991913,False,-0.14244860310104737,True,50.36,True,1.1129035822412765,79.0,0.68,0,False,▅▄▄▆█▄▁▄▅▆▇▄▂▃▂▄▄▆▄▅,False,False,False,0,0.008107669855683453,-0.075539033457249,-0.0032410767185739875,-0.1247026690966524,UP,False,13,23.0,IGNORE,NONE,,NEUTRAL,C,WAIT,No standout factor,Finance,33.2
GICRE,359.2,358.3,360.6,357.1,False,False,False,False,False,True,0.5437604891068922,11.2948644,0.5390438963740055,False,0.03279558415095571,False,52.47,False,0.9862040448086611,48.0,-0.01,0,True,▅▃▄▃▃▆▃▄▇▆██▁▄█▅▄█▄▅,False,False,False,0,-0.013322345831616622,-0.08320571720265446,-0.024671092405874062,-0.13236935284205786,UP,False,12,23.0,IGNORE,NONE,,NEUTRAL,C,WAIT,CMF positive,Finance,33.2
HINDALCO,955.0,944.15,956.3,941.0,False,False,False,True,False,False,0.8549440069447152,471.905801,0.8464512762553571,False,-0.2562414392806359,True,60.43,True,1.0533930656997925,78.0,0.75,0,False,▇▆▄▁▆▆▅▆▅▆▃▇▆▅▆▇▆▅█▆,False,False,False,0,-0.05837112995464411,-0.08559938720796634,-0.06971987652890155,-0.13476302284736974,UP,False,11,23.0,IGNORE,NONE,,NEUTRAL,C,WAIT,No standout factor,Non-Energy Minerals,35.2
CHEMPLASTS,206.98,203.5,209.49,203.5,False,True,False,False,False,False,0.31072143686942105,4.00061293,0.3112235990181426,False,0.07674941236030491,True,39.54,False,0.802337614902295,19.0,-0.68,0,False,▄▅█▅▅▅▅▄▄▄▇▅▅▅▃▅▅▁▂▃,False,False,False,0,0.03376286085306157,-0.08983773800624428,0.02241411427880413,-0.13900137364564769,UP,False,11,23.0,IGNORE,NONE,,NEUTRAL,C,WAIT,CMF positive,Process Industries,38.1
GOKULAGRO,211.55,213.94,215.26,209.65,False,False,False,True,False,True,0.6237554196515614,4.5073477650000005,0.6209409793558265,False,-0.30294149594121156,True,40.71,True,1.0568261467770825,66.0,0.4,0,False,█▇▆▇▇▆▅▂▅▁▂▃▅▃▄▅▄▅▄▅,False,False,False,0,-0.005079245637962582,-0.12070327112515067,-0.01642799221222002,-0.16986690676455407,UP,False,6,23.0,IGNORE,NONE,,NEUTRAL,C,WAIT,No standout factor,Process Industries,38.1
NTPC,348.8,347.2,349.15,344.15,False,False,False,False,False,True,0.6803289125293203,298.61619072,0.6729045096649702,False,-0.1460744560932773,True,62.13,True,1.010005770997082,45.0,-0.06,0,False,▂▁▃▂▆█▆▇█▄▃▆▆▆▆▂█▄▅▅,False,False,False,0,-0.049720746492303514,-0.1326619420614198,-0.061069493066560954,-0.1818255777008232,UP,False,5,23.0,IGNORE,NONE,,NEUTRAL,C,WAIT,No standout factor,Utilities,31.3
SDBL,72.07,73.5,74.4,71.5,True,True,False,False,False,False,0.2311191207829355,4.7773040899999994,0.22424173681223694,False,0.20021793277143868,True,36.33,False,0.8088791913434563,6.0,-1.44,0,False,▆▆▅▇▇█▇▇█▇▆▇▇█▁▂▂▃▄▅,False,False,False,0,0.07199167038524457,-0.14273819436184132,0.060642923810987126,-0.19190183000124472,UP,False,5,23.0,IGNORE,NONE,,NEUTRAL,C,WAIT,CMF positive,Consumer Non-Durables,33.3
JAYNECOIND,87.58,88.0,88.74,87.0,False,False,False,True,False,False,0.5671250623024798,26.843410128,0.5623674746979285,False,-0.16922540163841493,True,45.38,True,1.0226017982288125,68.0,0.47,0,False,▇█▆▇▆▇▅▆▇▆██▆▆▇▁▅▅▅▆,False,False,False,0,0.0344909047956532,-0.1642332283614849,0.02314215822139576,-0.2133968640008883,UP,False,3,23.0,IGNORE,NONE,,NEUTRAL,C,WAIT,No standout factor,Non-Energy Minerals,35.2
GALLANTT,547.25,522.1,547.25,522.0,False,False,False,False,False,False,1.1349964304346192,9.66169875,1.0405743066550845,True,-0.5380006902808667,True,46.16,False,0.937030571231375,72.0,0.62,0,True,▄▄▅▁▃▆▅▃▃▃▂▃▄█▅▄▄▃▃▃,False,False,False,0,-0.2017940490081681,-0.20619379170293006,-0.21314279558242555,-0.25535742734233347,UP,False,1,23.0,IGNORE,NONE,,NEUTRAL,C,WAIT,No standout factor,Non-Energy Minerals,35.2
VINDHYATEL,1907.5,1905.0,1920.3,1870.0,False,False,True,True,False,False,0.5640836908693533,3.33297475,0.5514242833803732,False,-0.2412797526373334,True,43.66,False,0.9570468768837886,22.0,-0.63,0,True,▃▂▂▃▄▃▃▃▁▃█▃▄▄▄▂▃▃▁▃,False,False,False,0,-0.07515151515151519,0.18914032790973145,-0.08650026172577263,0.13997669227032805,FLAT,True,75,22.0,IGNORE,NONE,,NEUTRAL,C,WAIT,No standout factor,Industrial Services,19.1
TEJASNET,513.05,501.0,516.9,492.8,False,False,False,True,False,False,0.93586412032063,109.736521025,0.8512753297484058,False,-0.34767773199866425,True,23.62,False,0.8675052795886512,38.0,-0.37,0,True,▁▄▅▆█▆▂▃▆▅▆▁▄▄▂▅▆█▄▃,False,False,False,0,-0.1499461519343882,0.17483398213876788,-0.16129489850864565,0.12567034649936448,FLAT,True,73,22.0,IGNORE,NONE,,NEUTRAL,C,WAIT,No standout factor,Electronic Technology,24.6
KPRMILL,1056.0,1076.0,1079.9,1048.2,True,False,False,True,False,False,0.5824881689030792,23.8195584,0.5455360917013148,False,-0.16161518124516394,True,47.54,True,1.2269178656687527,55.0,0.16,0,False,▁▁▁▃▃▂▃▁▃▃▂▁▃▆▄▇█▇▅▅,False,False,False,0,-0.06672558550596552,0.15802171290711708,-0.07807433208022296,0.10885807726771368,FLAT,True,70,22.0,IGNORE,NONE,,NEUTRAL,C,WAIT,No standout factor,Consumer Non-Durables,33.3
AURIONPRO,836.65,851.2,851.2,814.0,False,False,False,False,False,False,1.1154605616464386,8.471834235,1.0879796777641997,True,-0.10866553197470862,True,48.42,False,0.9843063912831355,52.0,0.07,0,True,▇▆▃▃▁▆▆▅▄▂▁▄▆▁█▆▇▇▂▄,False,False,False,0,-0.03789098436062566,0.1390742001361469,-0.0492397309348831,0.0899105644967435,FLAT,True,67,22.0,IGNORE,NONE,,NEUTRAL,C,WAIT,No standout factor,Technology Services,36.7
TIL,214.06,211.17,217.35,208.84,False,True,True,False,False,False,0.5883004224228996,2.0814552219999998,0.5852291841364057,False,-0.07446528676982661,True,65.76,True,1.2954317120737546,61.0,0.32,0,False,▆█▆▆▂▁▂▁▄▂▃▅▆▅▃▆▆▇▅▇,False,False,False,0,0.016718913270637348,0.13728615450005321,0.005370166696379908,0.08812251886064981,FLAT,True,67,22.0,IGNORE,NONE,,NEUTRAL,C,WAIT,No standout factor,Producer Manufacturing,29.4
AUTOAXLES,1792.5,1800.1,1827.9,1778.7,True,False,True,True,False,False,0.9472933970319458,1.203126,0.9432411557564867,False,-0.0964968847273064,True,59.68,False,0.9591154538441758,62.0,0.34,0,True,▄▂▂▂▁▃▄█▄▄▄▆▄▄▄▄▆▃▄▃,False,False,False,0,0.014086897488119643,0.06842701317279598,0.002738150913862203,0.01926337753339258,FLAT,True,52,22.0,IGNORE,NONE,,NEUTRAL,C,WAIT,No standout factor,Producer Manufacturing,29.4
TMCV,408.0,403.0,409.5,400.25,False,False,False,True,False,False,0.39335048164298614,130.5968832,0.38043033246825336,False,-0.0504570484555995,True,46.78,False,0.9306489475987746,35.0,-0.44,0,True,▄▂▄▂▁▄▅▃▄▅█▅▆▄▆▆▄▄▄▃,False,False,False,0,-0.008264462809917328,0.05412737372432508,-0.019613209384174768,0.004963738084921676,FLAT,True,48,22.0,IGNORE,NONE,,NEUTRAL,C,WAIT,No standout factor,Consumer Durables,31.1
SHRIRAMPPS,85.49,85.44,86.78,84.26,False,False,False,True,False,True,0.706561649174061,3.8734151159999994,0.6818944427407139,False,-0.15221017185410282,True,37.93,False,0.7329681053557108,8.0,-1.34,0,True,▆▆█▇▂▆▆▅▅▃▅▃▇▃▃▃▇▇▅▁,False,False,False,0,-0.01893504705072302,0.05556241511297699,-0.03028379362498046,0.00639877947357359,FLAT,True,48,22.0,IGNORE,NONE,,NEUTRAL,C,WAIT,No standout factor,Finance,33.2
AVTNPL,70.22,69.1,71.76,69.1,False,True,True,True,False,True,0.7222735934362915,0.198554072,0.7196058213308602,False,-0.12768625930217614,False,62.41,False,0.9611223617645474,60.0,0.28,0,True,▃▄▃▁▁▃▅▄▆▄▄▄▅▁█▆▃▅▂▃,False,False,False,0,-0.013209668353007298,0.0482161516644275,-0.024558414927264738,-0.0009474839749759045,FLAT,False,46,22.0,IGNORE,NONE,,NEUTRAL,C,WAIT,No standout factor,Consumer Non-Durables,33.3
SPANDANA,266.0,269.9,272.9,263.85,False,False,False,True,False,True,0.7210170294412359,10.4822088,0.658809304408255,False,-0.16685465795001478,False,40.61,False,0.8904920620998158,24.0,-0.57,0,False,▆▄▄▁▂▄▄▄▆▃█▆▄▃▇▄▃▂▁▃,False,False,False,3,0.009487666034155628,0.034697370468336874,-0.0018610805401018116,-0.014466265171066528,UP,False,43,22.0,IGNORE,NONE,,NEUTRAL,C,WAIT,No standout factor,Finance,33.2
BLKASHYAP,54.11,55.3,56.45,53.81,True,False,False,False,False,False,0.40488264090557385,1.387959377,0.3751507028872226,False,0.10174405751793886,False,67.72,True,1.1291747953245628,86.0,1.07,0,True,▆▆▆▃▅▆▆▅▇▂▃▁▄▅▆▅█▄▅▆,False,False,False,0,-0.00969985358711567,0.03047038659303003,-0.02104860016137311,-0.018693249046373372,FLAT,False,41,22.0,IGNORE,SEED,,NEUTRAL,C,WAIT,CMF positive,Industrial Services,19.1
FOSECOIND,5036.5,5079.0,5118.0,5022.0,True,False,False,True,False,False,0.5700646536741362,0.6194895,0.5508159813107274,False,-0.2557477857881377,False,70.33,True,1.3250186045197208,97.0,1.68,0,True,▄▆▇▅▇▃▁▁▂▅▆▃▆▅▃▄▁▅▃█,False,False,False,0,-0.053894127813051695,0.022639593908629463,-0.06524287438730914,-0.02652404173077394,FLAT,False,38,22.0,IGNORE,SEED,,NEUTRAL,C,WAIT,Delivery P97,Process Industries,38.1
HARSHA,405.75,411.0,414.4,402.4,False,False,False,True,False,True,0.9064692025837738,6.04332165,0.8781000474811905,False,-0.20087354302506208,False,56.59,True,1.0037158237333832,46.0,0.01,0,False,▄▄█▇▅▆▂▂▄▆▃▅▆▅▄▇▄▅▁▅,False,False,False,2,-0.010003659875564286,0.01832099385117325,-0.021352406449821726,-0.030842641788230152,UP,False,37,22.0,IGNORE,NONE,,NEUTRAL,C,WAIT,No standout factor,Producer Manufacturing,29.4
WINDMACHIN,281.9,292.35,298.95,278.35,True,False,False,False,False,False,1.4217048607814344,2.8070192499999997,1.303258095886176,False,0.13750262978804154,False,64.95,True,1.2339229059406882,81.0,0.77,0,True,▄▃▄▄▁▃▄▂▃▂▅▅▄▆▄█▁▆▁▆,False,False,False,0,-0.07588919849205056,0.017322266329844682,-0.087237945066308,-0.03184136930955872,FLAT,False,37,22.0,IGNORE,NONE,,NEUTRAL,C,WAIT,CMF positive,Producer Manufacturing,29.4
AYMSYNTEX,235.27,238.01,242.99,229.98,False,False,True,True,False,True,0.2320623670794299,0.42885015600000004,0.2212928811566091,False,-0.17663072632158586,False,55.13,True,1.0980649915847551,50.0,-0.03,0,False,▇▁▃▂▅▃▅▄▄█▂▅▅▆▅█▅▇▇▆,False,False,False,2,0.08444342014289008,0.012305838819328008,0.07309467356863264,-0.036857796820075395,UP,False,35,22.0,IGNORE,NONE,,NEUTRAL,C,WAIT,No standout factor,Process Industries,38.1
DODLA,1031.9,1025.0,1043.9,1019.1,True,False,False,False,False,False,4.2148973056453505,5.7451032500000005,3.9380451791616027,False,-0.050961071708242045,False,38.59,False,0.7300416193719259,12.0,-1.17,0,False,▆▅▇▇▁▄▄▃▄▄▆▅▅▆▄█▄▇▁▁,False,False,False,3,-0.07972888611433149,0.008404182546662975,-0.09107763268858893,-0.04075945309274043,FLAT,False,34,22.0,IGNORE,DISTRIBUTION,,NEUTRAL,C,WAIT,No standout factor,Consumer Non-Durables,33.3
FEDFINA,150.27,150.0,153.25,149.7,True,False,False,True,False,True,0.2955734274893183,10.265259267,0.27987895151249137,False,-0.13465849761844123,False,45.73,True,1.0094254243648324,29.0,-0.47,0,False,▇▅▅▅▆█▅▅█▅▆▁▃▅▅▅▆▆▅▅,False,False,False,1,0.02154996600951753,-0.0007314802500331119,0.01020121943526009,-0.049895115889436514,UP,False,31,22.0,IGNORE,NONE,,NEUTRAL,C,WAIT,No standout factor,Finance,33.2
EMAMILTD,414.1,409.8,419.6,406.55,False,True,True,False,False,False,0.8767437100695606,22.723364810000003,0.8785773663898038,False,-0.06928137874448227,False,57.38,False,0.964710233864053,48.0,0.01,0,True,▃▁▃▁▁▂▄▂▃▂█▁▁▂▃▅▁▄▄▂,False,False,False,0,0.013584628564435208,-0.01941747572815533,0.0022358819901777682,-0.06858111136755873,UP,False,26,22.0,IGNORE,NONE,,NEUTRAL,C,WAIT,No standout factor,Consumer Non-Durables,33.3
CARBORUNIV,1073.1,1074.9,1089.9,1055.2,False,False,True,True,False,True,0.5125224758890632,8.569132739999999,0.49920144973209585,False,-0.11478488907757581,False,43.0,False,0.9252684354356293,18.0,-0.78,0,True,▃▃▃▂▂▃▃█▃▄▄▃▆▅▅▃▂▁▃▃,False,False,False,0,-0.0996727913415556,-0.022900068290462205,-0.11102153791581304,-0.07206370392986561,FLAT,False,25,22.0,IGNORE,NONE,,NEUTRAL,C,WAIT,No standout factor,Process Industries,38.1
WONDERLA,467.75,474.85,475.15,466.1,True,False,False,False,False,False,0.6267404931883576,1.394315975,0.6130966661038982,False,-0.08918274118709539,False,74.63,True,1.200186549162137,97.0,1.97,0,True,▄▃█▄▄▃▄▁▃▅▅▅▃▆▂▃▃▅▂▆,False,False,False,0,-0.059515431788478956,-0.02491140296018346,-0.0708641783627364,-0.07407503859958686,UP,False,25,22.0,IGNORE,SEED,,NEUTRAL,C,WAIT,Delivery P97,Consumer Services,34.2
TEGA,1510.5,1564.9,1570.9,1500.6,True,False,False,False,False,False,2.4718214170171464,17.3112363,2.291662423665252,False,-0.25667829578439744,False,56.65,False,0.9836777218267061,50.0,-0.07,0,True,▄▆▃█▁▄▃▅▂▆▃█▅▅▂▁█▃▇▄,False,False,False,0,-0.11402428294914657,-0.029241645244215908,-0.125373029523404,-0.07840528088361931,FLAT,False,24,22.0,IGNORE,DISTRIBUTION,,NEUTRAL,C,WAIT,No standout factor,Distribution Services,36.5
HATSUN,874.65,900.0,900.0,868.1,True,False,False,False,False,False,1.4426294410187157,4.653225465,1.3874882219916458,False,-0.27859148204686496,False,70.5,True,1.1384371921778869,95.0,1.36,0,True,▆▅▄▄▃▅▂▅▆█▁▄▄▄▅▃▂▅▂▆,False,False,False,0,-0.05626888217522652,-0.051098454027664775,-0.06761762874948396,-0.10026208966706818,UP,False,18,22.0,IGNORE,SEED,,NEUTRAL,C,WAIT,Delivery P95,Consumer Non-Durables,33.3
RAYMONDLSL,705.6,717.0,717.0,701.05,True,False,False,False,False,False,1.159915549169458,6.50478528,1.1007461981040347,False,-0.2638025168703429,False,61.06,True,1.1725058327652589,98.0,1.84,0,True,▃▄▁▅▆▇▂▆▅▁▆▂▅▆▅▆▆▃▃█,False,False,False,0,-0.10303184389499775,-0.05882352941176472,-0.1143805904692552,-0.10798716505116812,FLAT,False,17,22.0,IGNORE,SEED,,NEUTRAL,C,WAIT,Delivery P98,Consumer Non-Durables,33.3
WHEELS,1495.6,1461.0,1505.0,1445.4,False,True,True,True,False,False,0.40867213286427484,11.7023222,0.3842742217970802,False,-0.16981037338366745,False,45.13,True,1.1313754246104866,38.0,-0.31,0,False,▃▂▁▄▄▂█▆▅▅█▆▆▆▆█▇▆▂▆,False,False,False,1,-0.15598194130925513,-0.05972588960140823,-0.16733068788351257,-0.10888952524081164,FLAT,False,16,22.0,IGNORE,NONE,,NEUTRAL,C,WAIT,No standout factor,Producer Manufacturing,29.4
DOLATALGO,68.39,68.85,69.75,68.2,True,False,False,False,False,False,0.5998840284223891,0.350929607,0.5776183456855026,False,-0.18470127926034244,False,60.6,True,1.0469033428349312,91.0,1.19,0,True,▁▆▆▇▆▅▆▆▆▅█▃▅▃▅▅▆██▆,False,False,False,0,-0.05237633365664407,-0.09680401479133649,-0.06372508023090151,-0.1459676504307399,UP,False,10,22.0,IGNORE,SEED,,NEUTRAL,C,WAIT,Delivery P91,Finance,33.2
RISHABH,624.7,624.0,642.0,619.55,False,False,True,True,False,True,0.21703338684225257,4.480598280000001,0.20916433642987486,False,-0.1644852331674009,False,32.34,False,0.7170334238678566,7.0,-1.45,0,False,▇▇▁▂▄▆▁▆▅██▇▇▇▄▅▅▇▆▃,False,False,False,13,0.0773475898939382,0.3409895889234733,0.06599884331968076,0.2918259532840699,FLAT,True,89,21.0,IGNORE,NONE,,NEUTRAL,C,WAIT,No standout factor,Producer Manufacturing,29.4
CARYSIL,1154.1,1161.6,1169.0,1141.0,False,False,True,True,False,True,0.3321884074043233,4.99540644,0.32417198123550345,False,-0.3821003255920827,False,47.02,False,0.98633355359072,42.0,-0.0,0,True,██▇▇█▇▇▅▇▃▆▁▅▇▆▇▆█▇▆,False,False,False,1,-0.02861711977106307,0.27110523707252576,-0.03996586634532051,0.22194160143312236,FLAT,True,84,21.0,IGNORE,NONE,,NEUTRAL,C,WAIT,No standout factor,Consumer Durables,31.1
IDBI,84.48,85.6,85.9,84.16,True,True,True,False,False,False,0.30834809835185023,36.480221184,0.30602118569905457,False,-0.15874587980824906,False,30.8,False,0.9795502973634831,29.0,-0.55,0,True,█▄▃▄▄▄▇▃▄▆▁▃▅▆▄▆▅█▅▄,False,False,False,0,-0.017217310376919426,0.21553956834532384,-0.028566056951176866,0.16637593270592044,FLAT,True,79,21.0,IGNORE,NONE,,NEUTRAL,C,WAIT,No standout factor,Finance,33.2
AEROENTER,122.1,128.56,129.59,121.02,True,False,True,True,False,False,0.6348405611604028,6.13241145,0.6077037625601283,False,-0.26269683354941054,False,44.71,False,0.971872011129467,48.0,-0.06,0,True,▄▃▃▄▃▄▄▅▄▃▄█▆▄▄▄▇▁▄▄,False,False,False,0,-0.14195361911454685,0.21142970532790928,-0.1533023656888043,0.16226606968850588,FLAT,True,78,21.0,IGNORE,NONE,,NEUTRAL,C,WAIT,No standout factor,Producer Manufacturing,29.4
SKIPPER,520.65,534.0,543.9,510.2,True,False,False,True,False,True,0.9765627826990461,32.668913159999995,0.9233646221679165,False,-0.16462681612881463,False,45.9,True,1.0831858407079646,54.0,0.14,0,False,▃▆▄█▄▃▅▄▇▄▁▁▂▃▁▅▇▅▄▅,False,False,False,2,-0.01494655188723859,0.15417867435158494,-0.02629529846149603,0.10501503871218154,FLAT,True,69,21.0,IGNORE,NONE,,NEUTRAL,C,WAIT,No standout factor,Producer Manufacturing,29.4
AVL,623.95,611.25,645.0,611.25,False,False,True,True,False,True,0.2704401194061546,3.8141439550000005,0.26370456639147133,False,-0.11208184282800819,False,46.68,False,0.7838198624789059,40.0,-0.28,0,True,▂▆▃▁▆▄▂▄▃█▂▁▃▇▂▅▁▂▄▁,False,False,False,1,-0.06671153989978296,0.13167679332547388,-0.0780602864740404,0.08251315768607048,FLAT,True,66,21.0,IGNORE,NONE,,NEUTRAL,C,WAIT,No standout factor,Retail Trade,27.1
TATACAP,340.4,344.0,347.0,340.05,True,False,False,True,False,True,0.2360105328986368,16.76977196,0.2241213875096781,False,-0.02510142913583975,False,47.76,False,0.9401389736422511,13.0,-1.03,0,False,▂▁▁▅▄▃▃▂▅▂▃▄▃▂▃▆█▆▄▃,False,False,False,3,-0.03855387657110587,0.10001615769914363,-0.04990262314536331,0.050852522059740224,FLAT,True,59,21.0,IGNORE,NONE,,NEUTRAL,C,WAIT,No standout factor,Finance,33.2
ENRIN,3323.0,3348.0,3383.4,3310.0,True,False,False,True,False,True,0.670508894117364,107.4222887,0.6453771938853037,False,-0.2424333739930088,False,43.83,False,0.9843244699964068,22.0,-0.81,0,True,▃▅▄▄▁▂▃▅▅▄▄▃▃▅▅▃▃█▅▄,False,False,False,0,-0.10799130271387547,0.08751145437884533,-0.11934004928813291,0.03834781873944193,FLAT,True,56,21.0,IGNORE,NONE,,NEUTRAL,C,WAIT,No standout factor,Producer Manufacturing,29.4
MGL,1098.0,1080.2,1107.0,1080.2,False,False,False,False,False,False,0.6896563761500556,10.8461538,0.6748500432867263,False,-0.225042133906574,True,53.27,True,1.07638994130068,64.0,0.33,0,True,▁█▆▆▇▅▅▃▆▆▃▇▄▅█▆▆▆▄▆,False,False,False,0,-0.0386130811662726,0.03712099744970243,-0.04996182774053004,-0.012042638189700972,FLAT,False,44,21.0,IGNORE,NONE,,NEUTRAL,C,WAIT,No standout factor,Utilities,31.3
LEMONTREE,111.82,110.36,112.9,110.36,False,False,False,False,False,False,0.6023862076511252,18.838505494,0.5835776561891004,False,-0.18028395663441402,True,59.5,True,1.172194367556812,93.0,1.36,0,False,▅▄▃▇▅▅▄▅▄▁█▆▄▅█▆▆▁▄█,False,False,False,0,-0.03785923249010503,0.027285254937988057,-0.04920797906436247,-0.021878380701415345,FLAT,False,40,21.0,IGNORE,SEED,,NEUTRAL,C,WAIT,Delivery P93,Consumer Services,34.2
SUMMITSEC,1496.5,1495.0,1509.9,1485.0,False,False,False,False,False,False,0.4649692851640429,0.17613805,0.45646013333829083,False,-0.17447558722968629,True,76.3,True,1.2126220767146365,98.0,1.94,0,False,▃▄▃▄▁▅▂▃▄▃█▄▇▄▁▆▃▃▂▆,False,False,False,0,-0.004655803126039193,0.012174501183632058,-0.016004549700296633,-0.036989134455771344,UP,False,35,21.0,IGNORE,SEED,,NEUTRAL,C,WAIT,Delivery P98,Miscellaneous,33.3
EMUDHRA,463.15,458.75,464.8,452.3,False,True,True,False,True,False,0.17966355495561526,3.352511275,0.18309017113774578,False,-0.30731014731299916,True,50.82,False,0.9304198972913099,61.0,0.01,0,False,▇▅█▅▆█▆▆▁▄▄▄▅▅▆▆▅▅▆▅,False,False,False,0,0.046430185268865776,0.0049907779103828265,0.035081438694608336,-0.044172857729020576,UP,False,33,21.0,IGNORE,NONE,,NEUTRAL,C,WAIT,No standout factor,Technology Services,36.7
NSIL,5445.0,5470.0,5527.0,5410.0,True,False,False,False,False,False,0.6416802653050482,0.6637455,0.6417740989892862,False,-0.12586816483996463,True,71.34,True,1.1388525270585232,91.0,1.29,0,False,▁▂▆▅▆█▆▃▆▄▄▁▅▅▃▆▃▁▂▆,False,False,False,0,-0.0022904260192395665,0.005168912682296467,-0.013639172593497007,-0.043994722957106935,UP,False,33,21.0,IGNORE,SEED,,NEUTRAL,C,WAIT,Delivery P91,Finance,33.2
COHANCE,428.0,425.0,436.5,419.15,False,False,False,False,False,False,0.7769741590765311,21.6307348,0.7508861339956651,False,-0.22813194783788537,True,46.34,True,1.0600965387870886,49.0,0.01,0,True,▂▄▅▄▆▅▃▅▇█▅▃▅▁▄▅▇█▅▅,False,False,False,0,-0.049205820282128165,-0.00011680878402053896,-0.060554566856385605,-0.04928044442342394,FLAT,False,32,21.0,IGNORE,NONE,,NEUTRAL,C,WAIT,No standout factor,Health Technology,34.1
PRECWIRE,373.95,372.5,377.25,370.55,False,False,False,True,False,False,0.3559686602199196,3.2669767800000002,0.34586228963802657,False,-0.31007017709361834,True,47.11,True,1.0465981671757845,80.0,0.79,0,True,▄▅▅▅▇▇▄▅▅▄▆▄██▄█▁▂▅▅,False,False,False,0,-0.06734006734006737,0.0005351170568561603,-0.0786888139143248,-0.04862851858254724,FLAT,False,32,21.0,IGNORE,NONE,,NEUTRAL,C,WAIT,No standout factor,Producer Manufacturing,29.4
AMBUJACEM,439.15,439.3,445.25,436.2,False,True,True,False,False,False,0.8263547815867425,101.669241355,0.8443793764399964,False,0.04230967199843174,False,33.48,False,0.7747847820049985,4.0,-1.68,0,False,▇▇█▆▆▅▃▅▃▄▅▅▃▄▁▁▃▃▁▂,False,False,False,0,0.026051401869158886,-0.011591267161827679,0.014702655294901446,-0.06075490280123108,UP,False,28,21.0,IGNORE,NONE,,NEUTRAL,C,WAIT,CMF positive,Non-Energy Minerals,35.2
EPACK,232.1,236.69,237.99,231.04,True,False,False,False,False,False,0.34254323135084713,4.8650945199999995,0.33309162679710125,False,-0.06761386596636924,True,43.31,True,1.1779584953898876,60.0,0.3,0,True,▆▁▇▇█▃▆▅▆▄▆▆▇▆▅▆▅▇▆▇,False,False,False,0,0.0017696059389702423,-0.03512783205154857,-0.009579140635287198,-0.08429146769095197,UP,False,23,21.0,IGNORE,NONE,,NEUTRAL,C,WAIT,No standout factor,Producer Manufacturing,29.4
HBLENGINE,713.75,701.1,715.8,701.05,False,False,False,False,False,False,0.7472757373320186,46.884239,0.6950125835387615,False,-0.2971300559584133,True,46.11,False,0.9974905897114178,92.0,1.29,0,True,▁▃▂▄▂▅▂▄▂▃█▃▅▂▁▅▆▂▃▃,False,False,False,0,-0.09970988900100908,-0.04297398766425309,-0.11105863557526652,-0.09213762330365649,FLAT,False,21,21.0,IGNORE,SEED,,NEUTRAL,C,WAIT,Delivery P92,Producer Manufacturing,29.4
VSTTILLERS,4430.2,4491.0,4491.0,4416.7,False,False,False,False,False,False,0.5418141734855157,2.0578279,0.5269367233047952,False,-0.08076785579485604,True,59.88,True,1.0369280055413654,86.0,1.03,0,True,▇▁▅▇█▄▂▄▅▆▅▅▂▄▅▄▅▄▄▅,False,False,False,0,-0.004829615652447328,-0.04222246243649341,-0.016178362226704768,-0.09138609807589682,UP,False,21,21.0,IGNORE,SEED,,NEUTRAL,C,WAIT,No standout factor,Producer Manufacturing,29.4
EKC,109.79,109.6,111.93,109.3,False,False,False,False,False,False,0.6673842703499089,1.140871806,0.6390859888408248,False,-0.13452006850725493,True,51.16,True,1.0053154383517229,69.0,0.5,0,True,▆▁▃▃▄▅▅▆▆▆▆▆▁█▄▆▅█▅▅,False,False,False,0,-0.06330517873901531,-0.045221323593355844,-0.07465392531327275,-0.09438495923275925,UP,False,20,21.0,IGNORE,NONE,,NEUTRAL,C,WAIT,No standout factor,Producer Manufacturing,29.4
KEC,464.6,475.95,476.0,464.05,True,False,False,False,False,False,0.6654996846181327,43.97452938,0.6077904732239706,False,-0.47154308603235134,True,62.32,True,1.3778465620163607,97.0,1.62,0,False,▁▅▆▇▅▆▆▅▆▆▇▁▆▆▇▅▇▇▇█,False,False,False,0,-0.09856422196352344,-0.047169811320754707,-0.10991296853778088,-0.09633344696015811,FLAT,False,19,21.0,IGNORE,SEED,,NEUTRAL,C,WAIT,Delivery P97,Industrial Services,19.1
AWHCL,440.0,440.0,442.0,434.55,False,False,False,False,False,False,0.4629669849527426,1.594472,0.44482036481339465,False,-0.010996254798384678,True,48.2,True,1.003591692259643,63.0,0.43,0,True,▆▆█▇▆▃▆▁▆▂▃▆▃▃▄▅▆▄▅▅,False,False,False,0,-0.06482465462274178,-0.05141748410046354,-0.07617340119699922,-0.10058111973986694,UP,False,18,21.0,IGNORE,NONE,,NEUTRAL,C,WAIT,No standout factor,Transportation,40.9
JYOTHYLAB,201.98,200.19,204.19,197.25,False,True,False,False,True,False,0.9722172575927774,11.618838905999999,0.9991691239216071,False,-0.04964185331288789,True,46.2,False,0.8981337480559877,25.0,-0.61,0,False,▇▄▆▆▄▄▄▁▃▁█▃▅▅▆▅▆▄▄▃,False,False,False,0,0.03256479730075146,-0.06012098650535136,0.021216050726494018,-0.10928462214475476,UP,False,16,21.0,IGNORE,NONE,,NEUTRAL,C,WAIT,No standout factor,Consumer Non-Durables,33.3
TRUALT,421.3,442.0,442.0,414.2,True,False,False,False,False,False,1.3967688160214542,14.831192420000002,1.3448645749029169,False,-0.2858672957705496,True,44.13,False,0.8537847642079807,23.0,-0.66,0,False,▄▂▅▇█▃▆▅▇▇▇▆▇▂██▇▄▁▃,False,True,False,0,-0.07416767388199097,-0.06377777777777771,-0.08551642045624841,-0.11294141341718111,UP,False,15,21.0,IGNORE,NONE,,NEUTRAL,C,WAIT,No standout factor,Process Industries,38.1
GRINFRA,877.45,878.0,883.55,872.5,False,False,False,False,False,False,0.3765244667132896,0.5598131,0.3653853519189332,False,-0.09199182873508717,True,57.23,True,1.0696996317825835,72.0,0.44,0,True,▄▄▅▇▄▃▃▄▄▇█▅▄▂▅▁█▇▆▆,False,False,False,0,-0.0503787878787878,-0.0668403700946506,-0.06172753445304524,-0.116004005734054,UP,False,15,21.0,IGNORE,NONE,,NEUTRAL,C,WAIT,No standout factor,Industrial Services,19.1
LTM,4045.0,4090.1,4114.9,4023.1,True,True,True,False,False,False,0.40778130010186125,91.241447,0.4242790716821173,False,-0.15208581692252165,True,39.23,False,0.9900315457413248,41.0,-0.3,0,False,▅▇▄▅▄▁▇█▆▁▃▆▄▄▅▆▅▆▄▅,False,False,False,0,0.05608062242180578,-0.07007218722699893,0.04473187584754834,-0.11923582286640233,UP,False,14,21.0,IGNORE,NONE,,NEUTRAL,C,WAIT,No standout factor,Technology Services,36.7
ORISSAMINE,3713.3,3730.0,3784.7,3702.0,True,False,False,False,False,False,0.7427089150289121,1.53099359,0.7235029637594819,False,-0.2511983018243823,True,54.98,True,1.0874961676540107,85.0,1.06,0,True,█▁▅▆▆█▄▄▆▇▅▇█▇▅▅▄█▅▇,False,False,False,0,-0.038079941973421794,-0.07375904215515083,-0.049428688547679234,-0.12292267779455424,UP,False,13,21.0,IGNORE,SEED,,NEUTRAL,C,WAIT,No standout factor,Non-Energy Minerals,35.2
BHARATRAS,1273.8,1277.0,1299.0,1264.0,False,False,False,False,False,False,0.9064763965543216,0.8431282199999999,0.8702076326317931,False,-0.303709346863095,True,62.09,True,1.07247728607455,88.0,1.2,0,True,▁▅▁▅▆▅▅▅▅▂▆▂▄▅▅▂▇▇█▅,False,False,False,0,-0.05307760927743088,-0.0784923677928091,-0.06442635585168832,-0.1276560034322125,UP,False,12,21.0,IGNORE,SEED,,NEUTRAL,C,WAIT,No standout factor,Process Industries,38.1
MOIL,268.4,270.9,271.8,267.85,True,False,False,False,False,False,0.6001496352157047,4.9862815199999995,0.5873647827614552,False,-0.19631790208388725,True,48.22,True,1.1096792009941547,79.0,0.81,0,True,▆▂█▃▅▅▄▄▅▂▃▅▁▂▂▃▄▇▃▅,False,False,False,0,-0.04159971433672571,-0.10800930541708209,-0.05294846091098315,-0.1571729410564855,UP,False,8,21.0,IGNORE,NONE,,NEUTRAL,C,WAIT,No standout factor,Non-Energy Minerals,35.2
KSCL,832.7,846.0,847.4,831.0,True,False,False,False,False,False,0.6348527439894552,3.25061099,0.603225557674426,False,-0.17046727572002418,True,52.5,True,1.1280861213176046,64.0,0.37,0,True,▇▂▁▂▂▁▆▅▆▃▇▇▅▃▃▂▁█▅▆,False,False,False,0,-0.08065139387248133,-0.10664091835639955,-0.09200014044673877,-0.15580455399580295,UP,False,8,21.0,IGNORE,NONE,,NEUTRAL,C,WAIT,No standout factor,Process Industries,38.1
ASTEC,664.6,665.0,672.95,661.05,False,False,False,False,False,False,0.22485052581183934,0.54935836,0.21481627447139184,False,-0.29143878401823947,True,53.83,True,1.2421973254566223,80.0,0.92,0,True,▃▃▁▃▆▃▃▃▅▅▅▄▁▂▂█▁▂▁▅,False,False,False,0,-0.06748982741686549,-0.11944352434580985,-0.07883857399112293,-0.16860715998521325,UP,False,7,21.0,IGNORE,NONE,,NEUTRAL,C,WAIT,No standout factor,Process Industries,38.1
FRONTSP,1389.0,1349.9,1446.4,1336.4,False,False,False,False,False,False,1.2746979229020223,3.7416882,1.2182854022164213,True,-0.026224921246475623,True,41.51,False,0.7356081482203457,4.0,-1.65,0,False,█▁▄▆▄▆█▄▆▆▆▄▅▇▇██▇▆▃,False,True,False,0,-0.015591778880226781,-0.16676664667066587,-0.02694052545448422,-0.21593028231006928,UP,False,3,21.0,IGNORE,NONE,,NEUTRAL,C,WAIT,No standout factor,Producer Manufacturing,29.4
SALZERELEC,573.85,585.0,592.0,571.45,True,False,False,False,False,False,1.1422349099775173,2.139944035,1.0800739381073698,False,-0.40980133994751666,True,57.2,True,1.0918635170603674,89.0,1.15,0,True,▂▆▄▆▃▆▄▄▂▄█▄▄▅▂▄▅▁▃▆,False,False,False,0,-0.08673509986472505,-0.1609766795818408,-0.09808384643898249,-0.2101403152212442,UP,False,3,21.0,IGNORE,SEED,,NEUTRAL,C,WAIT,No standout factor,Producer Manufacturing,29.4
PRABHA,142.02,142.14,145.5,139.01,False,False,False,False,False,False,0.6366569568338794,0.273928176,0.6102806335776243,False,-0.30310106196728126,True,68.07,True,1.0397843138752474,77.0,0.7,0,True,▅▆▂▅▅▅▅▆▂▆█▇▇▇▇▄▄▁▃▆,False,False,False,0,-0.07370206104878674,-0.17926490984743404,-0.08505080762304418,-0.22842854548683744,UP,False,2,21.0,IGNORE,NONE,,NEUTRAL,C,WAIT,No standout factor,Energy Minerals,35.2
HARIOMPIPE,395.0,395.0,398.85,391.8,False,True,True,True,False,False,0.2180072555382343,3.761506,0.21606813598258515,False,-0.19706506276800953,True,38.28,False,0.9726845381781222,29.0,-0.45,0,False,▆▇▅▅▇▆▃▇█▆▁▂▅▄▆▆▆▅▄▅,False,False,False,0,0.013210209054764555,0.2927507772868596,0.0018614624805071145,0.2435871416474562,FLAT,True,86,20.0,IGNORE,NONE,,NEUTRAL,C,WAIT,No standout factor,Non-Energy Minerals,35.2
GOCOLORS,329.4,332.45,333.0,327.55,False,False,False,False,False,False,0.12266202621933094,3.0507381,0.11146563990918235,False,-0.5018079281432591,True,27.81,True,1.1237044669373901,19.0,-1.02,0,True,▂▁▄▄▄▂▆▅▃▃▄▄▄▅▅███▄▅,False,False,False,0,-0.14905709119090682,0.2693641618497109,-0.16040583776516426,0.2202005262103075,FLAT,True,84,20.0,IGNORE,NONE,,NEUTRAL,C,WAIT,No standout factor,Consumer Non-Durables,33.3
SIMPLEXINF,237.95,239.25,242.7,235.55,True,False,False,False,False,False,0.4678189759572697,0.80612701,0.42938651335218553,False,-0.05563743166119725,True,61.24,True,1.001594635482684,54.0,0.13,0,True,▃▂▆█▃▁▅▅█▆▃▅▆█▅█▇█▇▅,False,False,False,0,-0.05687673404676985,0.12187647336162177,-0.06822548062102729,0.07271283772221837,FLAT,True,64,20.0,IGNORE,NONE,,NEUTRAL,C,WAIT,No standout factor,Industrial Services,19.1
GRINDWELL,2014.6,2017.7,2028.0,1951.0,False,False,True,True,False,False,0.5549863024527882,11.03174814,0.5240898120349097,False,-0.1893270962130392,True,41.28,False,0.847516784035149,8.0,-1.16,0,False,▃▅█▅▅▅█▇▅▆▆▇▅▁▄▃▄▅▃▄,False,False,False,1,-0.061580026085336415,0.08521870286576161,-0.07292877265959385,0.036055067226358206,FLAT,True,56,20.0,IGNORE,NONE,,NEUTRAL,C,WAIT,No standout factor,Process Industries,38.1
SERVOTECH,95.6,97.64,97.64,95.31,True,False,False,False,False,False,0.3830901367737407,3.8440951199999995,0.3687589598151315,False,-0.2274493422565879,True,53.06,True,1.4879416713404374,78.0,0.77,0,True,▃▅▃▅▄▆▆▄▆▅▆▆▄▁▄▅▂▅▅█,False,False,False,0,-0.0010449320794149175,0.0882185543540126,-0.012393678653672358,0.0390549187146092,FLAT,True,56,20.0,IGNORE,NONE,,NEUTRAL,C,WAIT,No standout factor,Producer Manufacturing,29.4
HIMATSEIDE,81.02,81.2,81.98,80.53,False,False,False,False,False,False,0.559714575588259,3.256647512,0.5242718096640596,False,-0.25788341880734844,True,52.88,True,1.0965380667503033,66.0,0.35,0,True,▁▃▄▆▄▇▇▄█▅▃▄▅▃▁▆▆▄▇▆,False,False,False,0,-0.0649740334679747,0.07710715235309751,-0.07632278004223214,0.027943516713694105,FLAT,True,54,20.0,IGNORE,NONE,,NEUTRAL,C,WAIT,No standout factor,Process Industries,38.1
GALAXYSURF,1962.8,1952.9,1985.9,1934.2,False,True,True,True,False,False,0.7069494759547579,1.2544254799999999,0.6966425976428896,False,-0.10005183146582394,True,51.51,False,0.9145951704545453,28.0,-0.57,0,False,▆▅▄▃▂▄▅▅▆▃▁▃▅▃█▆▃▅▇▃,False,False,False,2,-0.005220211849374046,0.07727771679473094,-0.016568958423631486,0.02811408115532754,FLAT,True,54,20.0,IGNORE,NONE,,NEUTRAL,C,WAIT,No standout factor,Consumer Non-Durables,33.3
KOVAI,5844.0,5848.0,5900.5,5760.5,True,False,True,True,False,True,0.7321296612880099,1.9396236,0.7181743070830412,False,-0.19171967861949943,True,47.06,False,0.7685084632280295,1.0,-1.82,0,False,▅█▇█▆▆▄▄▂▂▃▆▂▂▆█▂▆▅▁,False,False,False,0,-0.018062673275644814,0.06448087431693983,-0.029411419849902254,0.015317238677536427,FLAT,True,50,20.0,IGNORE,NONE,,NEUTRAL,C,WAIT,No standout factor,Health Services,36.8
JAYKAY,169.5,164.4,170.58,164.4,False,False,False,False,False,False,0.3747500184230387,0.9998805,0.36281412638514193,False,-0.11203526037351058,True,55.52,True,1.0730783354916023,77.0,0.73,0,True,▆▅▄▁▆▁▅▃▃▃▅▄█▄▇▃▇█▄▆,False,False,False,0,-0.01909722222222232,0.059374999999999956,-0.03044596879647976,0.010211364360596553,FLAT,True,49,20.0,IGNORE,NONE,,NEUTRAL,C,WAIT,No standout factor,Commercial Services,33.3
BAJAJCON,540.85,552.95,555.0,534.1,True,False,False,True,False,False,0.4717213648705586,32.477772075,0.426574290893108,False,-0.2698203318561813,False,49.46,True,1.1180812225198649,69.0,0.35,0,False,█▃▅▆▅▄▅▅▃▁▃▂▄▄▁▅▄▄▆▅,False,False,False,6,-0.09428116888553961,0.037502397851525204,-0.10562991545979705,-0.011661237787878198,FLAT,False,44,20.0,IGNORE,NONE,,NEUTRAL,C,WAIT,No standout factor,Consumer Non-Durables,33.3
NHPC,79.72,79.5,80.04,78.91,False,True,True,True,False,True,0.3834970894361201,55.529787115999994,0.38067599942120794,False,-0.13699870604231668,False,28.4,False,0.5979954518655772,2.0,-2.18,0,False,▅▄▁▄▆▄▄▆▇▂▆▅▅█▄█▆▁▃▁,False,False,False,0,-0.022679906828490748,0.025865396988804523,-0.03402865340274819,-0.02329823865059888,FLAT,False,39,20.0,IGNORE,NONE,,NEUTRAL,C,WAIT,No standout factor,Utilities,31.3
CEIGALL,335.8,338.85,341.2,333.45,True,False,False,True,False,False,0.553835358863424,7.67581714,0.50510087532596,False,-0.18468916571239252,False,57.15,True,1.21546608817712,85.0,0.97,0,True,▂▁▂▆▁▄▃▆▆▇▆▆▆▇█▇█▅▅▇,False,False,False,2,-0.1519131203434777,0.008862851134144423,-0.16326186691773514,-0.04030078450525898,FLAT,False,34,20.0,IGNORE,SEED,,NEUTRAL,C,WAIT,No standout factor,Industrial Services,19.1
BANKINDIA,137.87,145.0,145.39,136.55,True,False,False,False,False,False,2.732221394697545,361.896162469,2.633773242539537,False,-0.055926439486991955,False,41.82,False,0.9689976365911303,47.0,-0.09,0,False,▅▄▂▂█▇▄▃▃▃▅▄▃▃▄▃▄▃▁▄,False,False,False,2,-0.03283058575938269,-0.0025321950513673697,-0.04417933233364013,-0.05169583069077077,UP,False,31,20.0,IGNORE,DISTRIBUTION,,NEUTRAL,C,WAIT,No standout factor,Finance,33.2
WALCHANNAG,233.5,240.15,242.75,231.4,True,False,False,True,False,False,0.4806749937063676,15.82501885,0.45119808328768934,False,-0.09576793483439286,False,48.88,True,1.2671090833678973,74.0,0.63,0,True,▅▆▆▇▆▅▅▃▇▄▇▅▄▁▅▅▆▆▅█,False,False,False,0,-0.14812112367749009,-0.0020941065857515984,-0.15946987025174753,-0.051257742225155,FLAT,False,31,20.0,IGNORE,NONE,,NEUTRAL,C,WAIT,No standout factor,Producer Manufacturing,29.4
SHARDACROP,888.6,877.0,892.55,877.0,False,False,False,False,False,False,0.7046527178090134,8.835260940000001,0.69705425218643,False,-0.1036529654606474,False,48.8,True,1.0014878661946538,71.0,0.62,0,True,▆▄▆▁▄▆▆▄▅▅▂▁▄▆█▇▆▄▃▅,False,False,False,0,0.009313948205361244,-0.013981358189081194,-0.0020347983688961957,-0.0631449938284846,UP,False,27,20.0,IGNORE,NONE,,NEUTRAL,C,WAIT,No standout factor,Distribution Services,36.5
IREDA,120.29,120.79,121.83,119.56,True,False,False,False,False,False,1.0940262680830048,50.486446769,1.0627096088712473,False,-0.10238792157380129,False,34.47,True,1.0121713085991983,59.0,0.24,0,True,▁▅▅▄▆▄▃▄▁▁██▆▄▄▄▇▁▅▄,False,False,False,0,-0.05647501764844298,-0.052237630003151514,-0.06782376422270042,-0.10140126564255492,UP,False,18,20.0,IGNORE,NONE,,NEUTRAL,C,WAIT,No standout factor,Finance,33.2
LUXIND,1246.6,1228.9,1255.0,1227.1,False,False,False,True,False,False,0.3744341521031924,1.9936873799999997,0.36776736295499485,False,-0.381681239959375,False,56.21,True,1.2686053466039249,67.0,0.49,0,True,▅▄▆▂▅▄▇█▁▃▆▄▄▆▅▇▇▅▆▇,False,False,False,0,0.019463526333006076,-0.06362202358596869,0.008114779758748636,-0.11278565922537209,UP,False,15,20.0,IGNORE,NONE,,NEUTRAL,C,WAIT,No standout factor,Consumer Non-Durables,33.3
JWL,247.6,247.05,250.4,246.8,False,False,False,False,False,False,0.4224660394661377,8.83367472,0.4047611204745369,False,-0.35078943960523695,False,44.94,True,1.1359959555106167,81.0,0.99,0,True,▃▃▇█▇█▅▄▂▃▃▁▂▃▅▇▆▄▂▆,False,False,False,0,-0.07989594946116696,-0.08448881493806615,-0.0912446960354244,-0.13365245057746955,UP,False,11,20.0,IGNORE,NONE,,NEUTRAL,C,WAIT,No standout factor,Producer Manufacturing,29.4
HINDOILEXP,157.98,160.0,161.81,157.61,True,False,False,False,False,True,0.4574245245082308,4.0577163,0.4538462121844056,False,-0.14013969528861106,False,56.86,True,1.372899362565192,78.0,0.86,0,True,▄▅▆▃█▆▂▃▅▃▁▄▁▃▅▄▄▅▄▇,False,False,False,0,-0.010770194113963627,-0.08406771799628943,-0.022118940688221067,-0.13323135363569283,UP,False,11,20.0,IGNORE,NONE,,NEUTRAL,C,WAIT,No standout factor,Energy Minerals,35.2
PRAJIND,316.0,320.0,322.0,314.35,True,False,False,False,False,False,1.125346864671575,22.5367092,1.0121256370222813,False,-0.066833242942967,False,50.76,True,1.086414468403874,81.0,0.87,0,True,▃▁▃▆▄▄▆█▄▃▄▄▃▇▅▇█▅▄▆,False,False,False,0,-0.08775981524249421,-0.1335344118453523,-0.09910856181675165,-0.1826980474847557,UP,False,5,20.0,IGNORE,NONE,,NEUTRAL,C,WAIT,No standout factor,Industrial Services,19.1
CROMPTON,249.1,252.1,252.15,248.05,True,False,False,False,False,False,0.8845329039251085,58.769814260000004,0.8403154058819248,False,-0.08064799752520706,False,56.26,True,1.1032995048291414,77.0,0.69,0,True,▃▇▆▄▅▃▄▇▇█▆▇▇▄▄▄▆▆▁▆,False,False,False,0,-0.08921389396709323,-0.1506989430617116,-0.10056264054135067,-0.199862578701115,UP,False,4,20.0,IGNORE,NONE,,NEUTRAL,C,WAIT,No standout factor,Producer Manufacturing,29.4
TECHNOE,997.2,999.8,1006.0,988.0,False,False,False,False,False,False,0.937166951432003,13.258472040000001,0.885777651477517,False,-0.21678254222547402,False,58.6,True,1.0337467144142396,84.0,0.9,0,True,▅▅▄█▂▃▂▃▇▄█▄▆▅▅▁▂▆▇▆,False,False,False,0,-0.08286581440264873,-0.15919055649241143,-0.09421456097690617,-0.20835419213181483,UP,False,4,20.0,IGNORE,NONE,,NEUTRAL,C,WAIT,No standout factor,Industrial Services,19.1
NELCAST,116.64,136.0,137.78,113.5,True,False,False,False,False,False,4.300286469861031,32.803460351999995,3.5410358703519758,False,-0.10094910687051234,False,12.74,False,0.35642844153482456,2.0,-2.89,0,False,▄▅▁▆▅▆▄▆▅█▇▅▆██▁▄▅▄▂,False,False,False,0,-0.1433607520564042,-0.17035351020698486,-0.15470949863066163,-0.21951714584638826,UP,False,3,20.0,IGNORE,DISTRIBUTION,,NEUTRAL,C,WAIT,No standout factor,Non-Energy Minerals,35.2
PTC,166.33,165.48,167.8,165.05,False,False,False,False,False,False,0.695351745582856,7.148846767,0.6729862605952738,False,-0.3353900904799366,False,56.35,True,1.0171112956210968,50.0,-0.0,0,True,▅▆▇▃▆▄▄▆▂▅▅▂▅▅▃█▅▁▇▅,False,False,False,0,-0.08554620924734713,-0.1898197759376522,-0.09689495582160457,-0.2389834115770556,UP,False,2,20.0,IGNORE,NONE,,NEUTRAL,C,WAIT,No standout factor,Utilities,31.3
ISGEC,859.25,861.4,872.0,854.65,False,False,False,False,False,False,0.464716261615851,1.21412025,0.4405547465590742,False,0.07089712624800835,False,51.32,False,0.9398406739309587,47.0,-0.1,0,True,█▄▄▄█▅▃▁▆▅▅▄▃▄▅▅▄▅▄▄,False,False,False,0,-0.06977373606149184,-0.18869795109054854,-0.08112248263574928,-0.23786158672995195,UP,False,2,20.0,IGNORE,NONE,,NEUTRAL,C,WAIT,CMF positive,Industrial Services,19.1
AXISCADES,1533.4,1630.0,1630.0,1527.6,True,False,False,False,False,False,0.9140144746214162,28.325118140000004,0.8691444513052282,False,-0.23829468388088615,False,61.97,True,1.0773456650614557,85.0,0.59,0,True,▃▅▃▄█▄▁▄▃▄█▄▄▃▁▄▄▃▆▅,False,False,False,0,-0.09752221764463531,-0.23677268428649634,-0.10887096421889275,-0.28593631992589974,UP,False,1,20.0,IGNORE,SEED,,NEUTRAL,C,WAIT,No standout factor,Commercial Services,33.3
PNBGILTS,85.44,85.59,86.69,85.25,True,False,False,True,False,False,0.25952690104702747,1.390612896,0.24931752796403808,False,-0.043468325442336184,False,48.59,True,1.3339189875502726,65.0,0.48,0,True,▁▅▅█▂▇▄▃▆▅▆▇▁▃▄▄▇▇▃█,False,False,False,0,-0.054448871181938974,0.17443298969072152,-0.06579761775619641,0.12526935405131812,FLAT,True,72,19.0,IGNORE,NONE,,NEUTRAL,C,WAIT,No standout factor,Finance,33.2
KRBL,350.55,351.45,356.0,349.5,True,False,False,False,False,False,0.5563009801012007,5.5163599649999995,0.537638121681595,False,-0.1523985635734039,False,53.94,True,1.04457957318254,86.0,0.95,0,True,▃▁▄▁▅▁▅▅▆▄█▇▂▃▇▅▁▅▂▅,False,False,False,0,-0.07543188711591708,0.0666362391602009,-0.08678063369017452,0.01747260352079749,FLAT,True,51,19.0,IGNORE,SEED,,NEUTRAL,C,WAIT,No standout factor,Process Industries,38.1
PANACEABIO,433.1,442.6,447.25,431.05,True,False,False,False,False,False,0.4093274357604517,5.41556902,0.3372924586569508,False,-0.33480895958582585,False,38.32,True,1.0409790418755007,32.0,-0.4,0,True,▁▂▁▃▆▃▄██▇▇▆▄▅▆▆▆▄▅▅,False,False,False,0,-0.21787810383747175,0.06543665436654367,-0.2292268504117292,0.016273018727140265,FLAT,True,51,19.0,IGNORE,NONE,,NEUTRAL,C,WAIT,No standout factor,Health Technology,34.1
RACLGEAR,1332.2,1315.5,1386.0,1312.0,False,True,True,True,False,False,1.0609145113292946,4.585565620000001,1.048565271899847,True,-0.32490708429051623,False,36.49,False,0.7726348776149742,26.0,-0.57,0,False,▅▄▆▆▆██▅█▆▄▄▁▂▆▄▁▆▅▃,False,False,False,1,-0.035196987253765855,0.06490807354116712,-0.046545733828023295,0.01574443790176372,FLAT,True,51,19.0,IGNORE,NONE,,NEUTRAL,C,WAIT,No standout factor,Producer Manufacturing,29.4
JINDALPHOT,1063.4,1090.5,1090.5,1045.1,True,False,False,False,False,False,0.18640586910863785,0.34071336,0.16596869059221678,False,0.10984073006837956,False,52.06,False,0.9499393286925105,61.0,0.33,0,True,▁▃▂▄▆▇▆▇▅█▅▇▄▇█▇█▆▅▅,False,False,False,1,-0.04042591589965705,0.0615952880103825,-0.05177466247391449,0.012431652370979096,FLAT,True,50,19.0,IGNORE,NONE,,NEUTRAL,C,WAIT,CMF positive,Finance,33.2
THOMASCOOK,98.45,98.64,101.66,98.1,False,False,False,False,False,False,0.8683725872068206,6.945145405,0.8209354552278313,False,-0.2574322103531869,False,46.61,True,1.0497038488390422,47.0,-0.11,0,True,▁▆▄▄▂▁▃▆▅▃█▂▇▅▇▃▅▅▇▅,False,False,False,0,-0.0937960235640648,0.05951356005165742,-0.10514477013832224,0.010349924412254019,FLAT,True,49,19.0,IGNORE,NONE,,NEUTRAL,C,WAIT,No standout factor,Consumer Services,34.2
SANOFI,3368.8,3429.0,3429.0,3351.5,True,False,True,False,False,False,0.45866861394166714,3.25864024,0.454520692738984,False,-0.003372289826403589,False,64.21,True,1.079567903829179,78.0,0.78,0,True,▅▆▆▆▄▆▅▅▄█▆▃▆▄▅▄▅▇▁▆,False,False,False,0,0.000623756200433867,0.053770840501736084,-0.010724990373823573,0.004607204862332681,FLAT,True,48,19.0,IGNORE,NONE,,NEUTRAL,C,WAIT,No standout factor,Health Technology,34.1
CANTABIL,238.41,238.6,242.29,238.01,True,False,False,False,False,False,0.14476421815237503,1.423689156,0.13218930179352772,False,0.11269441975338948,False,59.96,True,1.1690957835729954,79.0,0.75,0,False,▅▇▃▃▃▄▅▄▃█▂▃▃▄▁▄▄▄▂▅,False,False,False,2,-0.0055891553701772345,0.050912457021951685,-0.016937901944434675,0.0017488213825482823,FLAT,True,46,19.0,IGNORE,NONE,,NEUTRAL,C,WAIT,CMF positive,Consumer Non-Durables,33.3
BLACKBUCK,547.6,542.55,557.85,539.05,False,False,False,False,False,False,0.66500229729927,12.09861964,0.6433247379068,False,0.1535538751194265,True,28.93,False,0.57020655944497,5.0,-1.78,0,False,▇▅▆▅▅▅▇▄▆▂▇▆█▅▇▆▄▄▁▁,False,False,False,0,-0.00036509675063878255,0.038892050844242076,-0.011713843324896223,-0.010271584795161326,FLAT,False,44,19.0,IGNORE,NONE,,NEUTRAL,C,WAIT,CMF positive,Technology Services,36.7
BAJAJHFL,85.5,84.98,85.88,84.98,False,False,False,False,False,False,0.45280192269040337,18.1755387,0.435424481401111,False,-0.36666784558607246,True,59.35,True,1.1853405232674257,76.0,0.73,0,False,▅▆▆▁▅▆▅▆▆▅▆▆▇▇▇██▆▆█,False,False,False,1,-0.0148634635326651,0.020408163265306145,-0.02621221010692254,-0.028755472374097257,UP,False,38,19.0,IGNORE,NONE,,NEUTRAL,C,WAIT,No standout factor,Finance,33.2
LGEINDIA,1526.0,1529.0,1548.3,1515.8,True,False,False,False,False,True,0.6154097545899531,35.9772812,0.6021831282495343,False,-0.11888271355878274,True,51.8,False,0.8615241326547584,27.0,-0.64,0,True,▆▆▁▆▆█▄▇▇▅▅▃▅▄█▃▃▃▄▃,False,False,False,0,-0.025542784163473775,0.020530997124322825,-0.036891530737731215,-0.028632638515080577,FLAT,False,38,19.0,IGNORE,NONE,,NEUTRAL,C,WAIT,No standout factor,Consumer Durables,31.1
AMBER,7280.5,7320.0,7353.5,7243.0,False,False,False,False,False,False,0.6476339918706873,124.70258815,0.6170061341046991,False,-0.09622152586167516,True,30.97,False,0.9869658051563146,42.0,-0.19,0,True,▄▄▄▃▅▇█▅▄▅▃▆▄▅▁▅▅▄▅▅,False,False,False,0,-0.0178740051261298,0.017753547214650167,-0.02922275170038724,-0.031410088424753235,UP,False,37,19.0,IGNORE,NONE,,NEUTRAL,C,WAIT,No standout factor,Producer Manufacturing,29.4
GLOBUSSPR,889.45,880.45,897.6,880.45,False,False,False,False,False,False,0.46373063768487655,6.625601995,0.44496281588769004,False,-0.1930639934849831,True,51.83,True,1.1222015329320574,71.0,0.65,0,False,▆▇▇▅▅▇▅▅▇▆▆▆▅▁▅▇▆█▆▇,False,False,False,0,0.029634774555767907,0.01142824653172636,0.018286027981510466,-0.03773538910767704,UP,False,35,19.0,IGNORE,NONE,,NEUTRAL,C,WAIT,No standout factor,Consumer Non-Durables,33.3
ASHOKA,124.13,123.0,124.35,121.68,False,False,False,False,False,False,1.0227090288604608,8.441063434,0.9885091141827177,True,-0.01082791695664039,True,35.93,False,0.8130154887030898,17.0,-0.83,0,True,▁▃▇▄▆▄▃▃▆▃▇▅▇█▇▇▆▂▃▂,False,False,False,0,-0.06090180057497363,-0.007674474378447593,-0.07225054714923107,-0.056838110017850996,FLAT,False,29,19.0,IGNORE,NONE,,NEUTRAL,C,WAIT,No standout factor,Industrial Services,19.1
DCAL,186.11,183.9,188.84,183.9,False,False,True,False,False,False,0.48463829365465616,3.544483561,0.47166185375866265,False,-0.030513361015200257,True,48.79,True,1.0034139519578809,39.0,-0.14,0,False,▄▂▁▂█▂▃▃▄▇▆▃▇▇▆▅▅▅▅▅,False,False,False,0,0.10405172925194295,-0.007095603926589811,0.09270298267768551,-0.05625923956599321,UP,False,29,19.0,IGNORE,NONE,,NEUTRAL,C,WAIT,No standout factor,Health Technology,34.1
TATAINVEST,649.95,634.0,651.0,634.0,False,False,False,False,False,False,0.9575386584498085,14.470551795000002,0.9301510392074377,False,-0.19347931428996648,True,43.21,False,0.9561215232447503,79.0,0.83,0,True,▁▆▆▅▅▅▄▄▇▆█▃▅▆▅▆▇▆▅▅,False,False,False,0,-0.0246116905530126,-0.019239474875509255,-0.03596043712727004,-0.06840311051491266,UP,False,26,19.0,IGNORE,NONE,,NEUTRAL,C,WAIT,No standout factor,Finance,33.2
KIRLPNU,1489.6,1494.1,1539.8,1461.9,True,False,False,True,False,False,0.8309178383140146,29.828942079999994,0.7314124138469458,False,-0.28941485115413834,True,44.93,False,0.9200368588102795,17.0,-0.8,0,True,▄▄▆▃▄▅▄▅█▆▆▇▆█▆▁▄█▆▅,False,False,False,0,-0.21834496510468604,-0.024045076328375825,-0.22969371167894348,-0.07320871196777923,FLAT,False,25,19.0,IGNORE,NONE,,NEUTRAL,C,WAIT,No standout factor,Producer Manufacturing,29.4
SAATVIKGL,442.95,441.5,448.4,440.55,False,False,False,True,False,False,0.21696307471509954,1.6024159199999999,0.21091554161303372,False,-0.11534497751841062,True,52.5,True,1.1061247708741546,80.0,0.81,0,False,▇█▄▅▆▅▄▄▄▄▁▃▄▃▅▇▃▂▄▅,False,False,False,0,-0.04330453563714909,-0.02584121398724437,-0.05465328221140653,-0.07500484962664777,UP,False,24,19.0,IGNORE,NONE,,NEUTRAL,C,WAIT,No standout factor,Producer Manufacturing,29.4
BDL,1256.4,1249.2,1263.5,1239.0,False,False,False,False,False,False,0.6316772317893915,83.84321556,0.5946861464510601,False,-0.24144247342421776,True,30.21,True,1.0516239078219098,50.0,-0.03,0,False,▁▄▆▅▂▁▇▅▄▆▄█▆▇▄▇▇▆▂▆,False,False,False,0,-0.05894689536364306,-0.04032997250229142,-0.0702956419379005,-0.08949360814169482,UP,False,21,19.0,IGNORE,NONE,,NEUTRAL,C,WAIT,No standout factor,Electronic Technology,24.6
SUNDARMFIN,4416.8,4447.8,4489.0,4380.0,True,False,False,False,False,False,0.662634623303882,19.97100288,0.64183487079264,False,0.03145854189184793,False,55.07,False,0.8973878468883928,43.0,-0.11,0,True,▄▇▃▃▆▁▅▁█▅▃▃▄▂▄▅▄▇▅▂,False,False,False,0,-0.028741066520065917,-0.051863300704104276,-0.04008981309432336,-0.10102693634350768,UP,False,18,19.0,IGNORE,NONE,,NEUTRAL,C,WAIT,CMF positive,Finance,33.2
SIGNATURE,790.8,783.9,797.7,780.55,False,False,False,False,False,False,0.492267834592796,29.520010439999997,0.4780811070293643,False,-0.25347584946983126,True,20.69,True,1.2143444066204954,78.0,0.45,0,False,▁▄▃▂▃▂▂▃▆▂█▃▅▅▃▂▂▂▁▄,False,False,False,0,0.06807131280388967,-0.05969084423305593,0.05672256622963223,-0.10885447987245933,UP,False,16,19.0,IGNORE,NONE,,NEUTRAL,C,WAIT,No standout factor,Finance,33.2
DCMSHRIRAM,1032.9,1016.6,1035.9,1012.6,False,True,False,False,False,False,0.3208685162846803,2.4452874600000003,0.3229544712574245,False,-0.3767904718472604,True,58.54,True,1.2978173877379093,89.0,1.06,0,False,█▁▆▆▃▃▄▅▆▅▅▅▇▆▅▅█▆▄▇,False,False,False,0,0.0054511827119634315,-0.06057298772169162,-0.0058975638622940085,-0.10973662336109502,UP,False,16,19.0,IGNORE,SEED,,NEUTRAL,C,WAIT,No standout factor,Producer Manufacturing,29.4
KPIGREEN,392.45,391.75,398.0,391.5,False,False,False,False,False,False,0.6597498335583145,12.061833015,0.6440713680678297,False,-0.3335087901520961,True,45.99,True,1.003830664964149,70.0,0.53,0,False,▅▆▄▇▇▄▄▆▇▆▇▅▃▄▁▆█▆▂▅,False,False,False,0,-0.00783718872456085,-0.06836795252225525,-0.01918593529881829,-0.11753158816165865,UP,False,15,19.0,IGNORE,NONE,,NEUTRAL,C,WAIT,No standout factor,Utilities,31.3
SJVN,68.04,67.69,68.3,67.69,False,False,False,False,False,False,0.5494627047887485,7.7110684560000005,0.5287106480298315,False,-0.38077555035525373,True,46.81,True,1.0304898183819484,78.0,0.73,0,False,▁▆▇▅▆▆▇▇█▆▆███▆▇▇▅▅▆,False,False,False,0,-0.052235687421646415,-0.06960207849035949,-0.06358443399590386,-0.11876571412976289,UP,False,14,19.0,IGNORE,NONE,,NEUTRAL,C,WAIT,No standout factor,Utilities,31.3
VSTIND,234.7,234.5,235.9,232.0,False,False,False,False,False,False,0.6810913188420475,7.244883889999999,0.6284467298271166,False,-0.07399510262018336,True,40.49,False,0.7160668494119727,6.0,-1.55,0,False,▆▇▇▆▇█▆▇▄▅▅▆▄▃▄▅▅▇▁▃,False,False,False,7,-0.09904030710172751,-0.07049504950495056,-0.11038905367598495,-0.11965868514435396,UP,False,14,19.0,IGNORE,NONE,,NEUTRAL,C,WAIT,No standout factor,Consumer Non-Durables,33.3
BAJAJELEC,329.4,330.45,333.9,328.0,False,True,False,False,False,False,0.3271264279918261,1.3950089999999997,0.32641915140836075,False,-0.04158875015543144,True,45.72,True,1.0290575975151364,59.0,0.24,0,False,▅▇▃█▇▁▆▂▅▅▇▇▁▆▆▅▆▆▆▆,False,False,False,0,0.03878902554399222,-0.07679372197309431,0.027440278969734777,-0.1259573576124977,UP,False,13,19.0,IGNORE,NONE,,NEUTRAL,C,WAIT,No standout factor,Consumer Durables,31.1
CESC,162.32,163.51,165.32,161.65,True,False,False,False,False,False,0.6314073470142233,12.419866103999999,0.6216082628060713,False,-0.20331924949049845,True,50.35,False,0.9092468691027621,58.0,0.23,0,True,▁▄▄▆▇▆▄▆▇▇▆▄▆▅▅█▆▅▃▄,False,False,False,0,-0.013132295719844311,-0.07981859410430847,-0.02448104229410175,-0.12898222974371187,UP,False,12,19.0,IGNORE,NONE,,NEUTRAL,C,WAIT,No standout factor,Utilities,31.3
ABFRL,57.05,56.88,58.07,56.82,False,False,False,False,False,False,0.3890058528941238,11.45762534,0.3698853615183638,False,-0.1500660831563218,True,43.68,False,0.8507240308114793,42.0,-0.19,0,True,▆▅▁▄▄▆▆▄▅▆▇▅▆▇▆██▇▅▄,False,False,False,0,-0.029761904761904767,-0.079244673983215,-0.04111065133616221,-0.1284083096226184,UP,False,12,19.0,IGNORE,NONE,,NEUTRAL,C,WAIT,No standout factor,Retail Trade,27.1
AMRUTANJAN,513.35,510.5,517.15,503.6,False,False,False,False,False,False,1.0480397186978008,3.486621865,1.0052236731376059,True,-0.35190794955182997,True,66.57,True,1.093193201412267,79.0,0.75,0,False,▇▅▅▇▆▅▃▃▄▅█▆▅▆▁▆▆▄█▆,False,False,False,0,-0.04908770954894881,-0.07977054763825397,-0.06043645612320625,-0.12893418327765738,UP,False,12,19.0,IGNORE,NONE,,NEUTRAL,C,WAIT,No standout factor,Health Technology,34.1
TIMKEN,3126.9,3144.6,3168.6,3100.1,True,False,False,False,False,False,0.2817782376129648,5.98676274,0.2700345023042869,False,-0.3666018817474582,True,43.98,False,0.7793864856722608,9.0,-1.24,0,True,▄▃▃▄▃▄▄▃▄▇▂▂█▃▄▄▃▂▁▁,False,False,False,0,-0.10427110487266888,-0.08969432314410475,-0.11561985144692632,-0.13885795878350815,UP,False,11,19.0,IGNORE,NONE,,NEUTRAL,C,WAIT,No standout factor,Producer Manufacturing,29.4
KPEL,311.15,303.95,315.5,301.95,False,False,False,False,False,False,0.9798199473851528,5.0683534649999995,0.9416412864251631,False,-0.3263792434822341,True,49.1,False,0.9254808825053955,53.0,0.17,0,True,▁█▇▄█▆▄▂█▃█▃▅▄▆█▅▄▇▄,False,False,False,0,-0.08310004420215134,-0.0855253490080824,-0.09444879077640878,-0.1346889846474858,UP,False,11,19.0,IGNORE,NONE,,NEUTRAL,C,WAIT,No standout factor,Utilities,31.3
RAILTEL,288.55,288.4,291.0,287.4,False,False,False,False,False,False,0.44605488898049234,8.405432645,0.42080360215397744,False,-0.2795806789456693,True,34.7,False,0.9795342272406494,71.0,0.49,0,True,▃▁▅▆▇▆▄▄▄▅▇▄▅█▆▆▆▄▇▅,False,False,False,0,-0.05764206401045058,-0.09318038969201758,-0.06899081058470802,-0.142344025331421,UP,False,10,19.0,IGNORE,NONE,,NEUTRAL,C,WAIT,No standout factor,Communications,26.7
VEDL,264.85,261.85,266.3,259.55,False,False,False,False,False,False,0.4322632641741403,295.86711320000006,0.40490568214418626,False,-0.21043607496894262,True,50.29,False,0.992069754596386,75.0,0.7,0,True,▂▅▄▁▄▅▃▅▇▅▅█▇▄▃▄▅▁▄▄,False,False,False,0,-0.11701950325054167,-0.10113694213473601,-0.1283682498247991,-0.1503005777741394,UP,False,9,19.0,IGNORE,NONE,,NEUTRAL,C,WAIT,No standout factor,Non-Energy Minerals,35.2
EXPLEOSOL,812.0,793.0,824.95,793.0,False,True,False,False,False,False,0.9996081123686218,2.75471,0.9970271333620897,False,-0.3779171930047188,True,52.11,False,0.9233795229825991,19.0,-0.65,0,True,▄▅▅▄▄▁▄▅▄▄▄▆▃▅█▄█▆▆▄,False,False,False,0,0.00700688286724116,-0.1026632777102442,-0.00434186370701628,-0.1518269133496476,UP,False,8,19.0,IGNORE,NONE,,NEUTRAL,C,WAIT,No standout factor,Technology Services,36.7
WIPRO,174.9,176.11,177.5,174.5,True,False,False,False,False,False,0.5228033359139216,197.89223157,0.5239866181981621,False,-0.10460877273365529,True,39.06,False,0.8159002370831463,12.0,-1.19,0,True,▅█▂▃▂▇▄▅▅▃▄▃▂▁▇█▄▅▃▂,False,False,False,0,-0.02930402930402931,-0.11626496892526905,-0.04065277587828675,-0.16542860456467245,UP,False,7,19.0,IGNORE,NONE,,NEUTRAL,C,WAIT,No standout factor,Technology Services,36.7
GMDCLTD,562.15,565.0,568.0,560.1,True,False,False,False,False,False,0.46546362059213964,26.51346746,0.4434877868919106,False,-0.19483507693627455,True,34.58,True,1.0770069298450518,85.0,1.0,0,False,▃▂▃▅▄▆▁▃▅▄▄▃█▅▅▄▇▃▅▅,False,False,False,0,-0.028094744121715087,-0.11164664981036665,-0.03944349069597253,-0.16081028544977005,UP,False,7,19.0,IGNORE,SEED,,NEUTRAL,C,WAIT,No standout factor,Distribution Services,36.5
DSSL,1231.6,1270.9,1298.8,1224.1,True,False,False,True,False,False,0.9278557641813091,4.12364312,0.8947508293927279,False,-0.28798361946690176,True,47.84,False,0.9133518523821799,56.0,0.23,0,True,▃▆▄▄▄█▇▄▃▅▆▇▃▆▆▆▅▁█▄,False,False,False,0,-0.0673229837182886,-0.10934336129592137,-0.07867173029254604,-0.15850699693532477,UP,False,7,19.0,IGNORE,NONE,,NEUTRAL,C,WAIT,No standout factor,Technology Services,36.7
TATASTEEL,187.31,186.75,188.1,184.7,False,False,False,False,False,False,0.7781409768497903,403.785908983,0.7708875011443658,False,-0.23304335288626704,True,55.21,True,1.042947682600852,85.0,1.06,0,False,▆▅▇▂▆█▄▁▅▇▁▄▄▇▄▄▅▄▇▆,False,False,False,0,-0.058601799266221,-0.1267191943680358,-0.06995054584047844,-0.1758828300074392,UP,False,6,19.0,IGNORE,SEED,,NEUTRAL,C,WAIT,No standout factor,Non-Energy Minerals,35.2
MAZDOCK,2330.3,2299.0,2336.2,2299.0,False,False,False,False,False,False,0.6922491638597582,115.56866517,0.6650582012173298,False,-0.25995270042491264,True,31.36,False,0.9942299156679981,81.0,0.73,0,True,▁▅▆▅▅▄▆█▂▃▆▁▁▃▃▃▆▂▂▄,False,False,False,0,-0.07480049231746522,-0.12305723855040829,-0.08614923889172266,-0.1722208741898117,UP,False,6,19.0,IGNORE,NONE,,NEUTRAL,C,WAIT,No standout factor,Producer Manufacturing,29.4
IRFC,87.0,87.0,87.87,86.51,True,False,False,False,False,False,0.4134142241448941,54.425895,0.39627570628831654,False,-0.1624146998686041,True,36.94,False,0.8897345729563081,65.0,0.39,0,True,█▃▆█▄▇▆▄▅▄▆▁▃▄▃▃▅▂▂▃,False,False,False,0,-0.05945945945945941,-0.12439613526570048,-0.07080820603371685,-0.17355977090510388,UP,False,6,19.0,IGNORE,NONE,,NEUTRAL,C,WAIT,No standout factor,Finance,33.2
ADVENZYMES,316.6,318.0,324.65,315.0,True,False,False,False,False,False,0.4735024934204512,5.86270382,0.4713382822870713,False,-0.22908406291505898,True,56.62,False,0.9886761483188837,68.0,0.46,0,True,▄█▆▂▄▅▁▃▅▂▅▃▅▄▅▃▅▅▄▄,False,False,False,0,-0.014014325755216439,-0.12962199312714773,-0.02536307232947388,-0.17878562876655113,UP,False,5,19.0,IGNORE,NONE,,NEUTRAL,C,WAIT,No standout factor,Consumer Non-Durables,33.3
JINDALSTEL,1048.0,1035.0,1050.5,1030.5,False,False,False,False,False,False,0.4128193714947031,66.822052,0.4102540542421119,False,-0.256764594122642,True,52.26,True,1.1703974110612185,79.0,0.74,0,False,▆█▅▁█▅▅▄▄▅▆█▇▂▅▁▄▅▁▆,False,False,False,0,-0.0742049469964664,-0.16052547260493433,-0.08555369357072384,-0.20968910824433773,UP,False,4,19.0,IGNORE,NONE,,NEUTRAL,C,WAIT,No standout factor,Non-Energy Minerals,35.2
INOXWIND,78.23,78.0,78.5,77.21,False,False,False,False,False,False,0.7657786046307614,55.505045530000004,0.7284321944446985,False,-0.28419434750303746,True,26.71,False,0.6862354679170146,9.0,-1.19,0,True,▃▃▄▄▅▄▅██▅▇▄▃▇▃▆▅▃▁▁,False,False,False,0,-0.11283737809026995,-0.17435356200527696,-0.12418612466452739,-0.22351719764468037,UP,False,3,19.0,IGNORE,NONE,,NEUTRAL,C,WAIT,No standout factor,Producer Manufacturing,29.4
INDOTHAI,220.09,217.0,223.0,216.24,False,False,False,False,False,False,0.9754335474693675,30.723133414999996,0.9552281432191432,False,-0.22878063731163834,True,47.84,True,1.281096858849048,36.0,-0.24,0,False,▅▄▂▂▁▅▅██▅▇▄▃▄▂▂▄▄▃▆,False,False,False,0,-0.013580136249551789,-0.18197361085300134,-0.02492888282380923,-0.23113724649240475,UP,False,2,19.0,IGNORE,NONE,,NEUTRAL,C,WAIT,No standout factor,Finance,33.2
AGIIL,304.05,315.0,316.8,303.1,True,False,False,False,False,False,0.352186167518008,24.09809085,0.3153380768853469,False,-0.42859053212837545,True,18.56,False,0.6329610367465256,10.0,-1.19,0,True,█▃▃▆▁▃▅▂▁▁▄▂▂▂▃▇▅▆▄▂,False,False,False,0,-0.16982935153583611,-0.19743961990233605,-0.18117809811009356,-0.24660325554173945,UP,False,2,19.0,IGNORE,NONE,,NEUTRAL,C,WAIT,No standout factor,Finance,33.2
PATANJALI,346.85,343.45,348.0,341.1,False,False,False,False,False,False,0.8912033318176967,237.67296199500004,0.8654268998273601,False,-0.2937747680359724,True,42.97,True,1.3354881820018336,55.0,0.13,0,False,▇▃█▆▅▇█▂▄█▆▁▂▄▃▂▄▄▃▇,False,False,False,0,-0.15935530780416862,-0.24061302681992336,-0.17070405437842606,-0.28977666245932676,UP,False,1,19.0,IGNORE,NONE,,NEUTRAL,C,WAIT,No standout factor,Process Industries,38.1
HIKAL,221.98,218.11,224.5,218.11,False,False,True,False,False,False,0.2006300199440574,4.3807753,0.19299795505959658,False,-0.08582862302484733,True,35.24,False,0.8922309571734205,17.0,-0.75,0,False,▅▇▇▇█▆▁▃▄▄▆▄▆▆▄▆▇▅▅▅,False,False,False,8,0.032801377192574144,0.13001425371614728,0.021452630618316704,0.08085061807674387,FLAT,True,66,18.0,IGNORE,NONE,,NEUTRAL,C,WAIT,No standout factor,Health Technology,34.1
THEMISMED,107.93,110.64,112.81,107.35,True,False,False,True,False,False,0.1695176743264467,0.35873773400000003,0.1568612886415989,False,-0.10035129648488521,True,41.27,False,0.9647031323048154,22.0,-0.64,0,True,▅▅▁▅▇▅▇▅▅▆▂▄█▆▁▄▆▅▅▅,False,False,False,1,-0.04079274795591881,0.1154402645721373,-0.05214149453017625,0.0662766289327339,FLAT,True,63,18.0,IGNORE,NONE,,NEUTRAL,C,WAIT,No standout factor,Health Technology,34.1
JKTYRE,399.6,396.0,402.2,394.3,False,False,False,False,False,False,0.3611557944575859,17.513988480000002,0.35466502385999016,False,-0.01731339242064338,True,41.84,False,0.9162277868412697,57.0,0.16,0,True,▁▃▃▄▃▂▄▃▇▅▇▆▃▂▄█▆▁▂▃,False,False,False,1,0.028306742151312347,0.1109257714762304,0.016957995577054907,0.06176213583682699,FLAT,True,62,18.0,IGNORE,NONE,,NEUTRAL,C,WAIT,No standout factor,Consumer Durables,31.1
ARVINDFASN,463.7,462.95,472.2,461.7,False,False,False,False,False,False,0.31569803868873697,6.04089812,0.31116432458259796,False,0.022115984128152244,False,45.93,False,0.7753927187703111,19.0,-0.71,0,True,▄▃▄▅▅█▄▃▆▄▄▂▆▅▁▁▆▄▄▂,False,False,False,1,-0.0029029136651973486,0.0808857808857808,-0.014251660239454789,0.0317221452463774,FLAT,True,55,18.0,IGNORE,NONE,,NEUTRAL,C,WAIT,CMF positive,Retail Trade,27.1
SRM,509.55,510.0,518.0,507.15,False,True,True,True,False,False,0.8364257855814352,4.324092255,0.8446887031089237,False,-0.2640748871847605,False,52.75,True,1.0645812310797176,71.0,0.57,0,False,▁▅▆█▇▇▇▆▅▅█▅▅▅▅▅▄▄▄▆,False,False,False,0,0.004930480228774181,0.04598173047316023,-0.006418266345483259,-0.0031819051662431708,FLAT,False,45,18.0,IGNORE,NONE,,NEUTRAL,C,WAIT,No standout factor,Industrial Services,19.1
V2RETAIL,223.46,220.76,226.64,219.75,False,False,False,True,False,True,0.5110778615239756,13.418974114,0.5033309857411438,False,-0.22432301413846323,False,44.66,False,0.8870527246183945,13.0,-1.05,0,True,█▇▁▁▃▅▄▇▆▄▇▄▂▇▅▅▆▆▄▄,False,False,False,0,-0.020599579242636668,0.028253267071599586,-0.03194832581689411,-0.020910368567803816,FLAT,False,41,18.0,IGNORE,NONE,,NEUTRAL,C,WAIT,No standout factor,Retail Trade,27.1
SHALBY,163.48,165.99,167.77,163.17,False,False,False,False,False,False,0.8146271632908789,0.858204608,0.7864220126871837,False,-0.14343269343690748,False,69.77,True,1.3640273704789834,98.0,1.85,0,True,▄▆▇▇▅▄▅▆▆▅▇▅▆▅▁▅▆▄▄█,False,False,False,1,-0.04726382656331962,0.026110971629424995,-0.05861257313757706,-0.023052664009978407,FLAT,False,40,18.0,IGNORE,SEED,,NEUTRAL,C,WAIT,Delivery P98,Health Services,36.8
THERMAX,4454.5,4560.0,4571.0,4394.0,True,False,False,True,False,True,0.6030919999429958,67.86386205,0.5623341872239419,False,-0.024274198531085284,False,48.39,False,0.9729664518593732,31.0,-0.43,0,True,▅█▁▄▂▆▃▄▆▆▅▇▆▇▇█▆▅▂▅,False,False,False,2,-0.13084622739068508,0.013930302961327357,-0.14219497396494252,-0.035233332678076046,FLAT,False,36,18.0,IGNORE,NONE,,NEUTRAL,C,WAIT,No standout factor,Producer Manufacturing,29.4
MEESHO,182.8,187.5,188.88,179.95,True,False,False,True,False,False,0.5020136513198877,132.89753768000003,0.483057899753559,False,-0.030895093040127757,False,36.66,False,0.8689674789039536,47.0,-0.06,0,True,▅█▁▃▁▂▂▄▆▄▄▃▇▂▂▅▇▅▁▂,False,False,False,0,-0.05821741370427602,-0.03951240016813773,-0.06956616027853346,-0.08867603580754113,UP,False,22,18.0,IGNORE,NONE,,NEUTRAL,C,WAIT,No standout factor,Retail Trade,27.1
KITEX,147.18,147.04,150.97,146.41,False,False,False,False,False,False,1.0139618385530123,6.16544379,0.9727724020182023,True,-0.2332782471175393,False,46.83,False,0.9692341125702398,77.0,0.41,0,True,▁▂▃▃▃▃▅▁▄▅█▂▃▅▃▇▆▃▃▃,False,False,False,0,-0.055993842601500754,-0.04434776962534892,-0.0673425891757582,-0.09351140526475232,UP,False,20,18.0,IGNORE,NONE,,NEUTRAL,C,WAIT,No standout factor,Process Industries,38.1
LINDEINDIA,6766.5,6752.0,6810.0,6726.0,False,False,False,False,False,True,0.6309733590246098,11.66612265,0.600120998677244,False,-0.380265036600826,False,48.73,True,1.0043074132849694,46.0,-0.12,0,False,▃▃▂▂▄▃▄▃▁▂▁▃▁▃▄▆█▄▃▃,False,False,False,0,-0.07270111004522406,-0.0629414208558371,-0.0840498566194815,-0.1121050564952405,UP,False,16,18.0,IGNORE,NONE,,NEUTRAL,C,WAIT,No standout factor,Process Industries,38.1
BEL,410.1,408.15,410.95,406.5,False,False,False,False,False,True,0.45112148394041485,213.91242504000002,0.4470027917310833,False,-0.16691284633050477,False,59.09,True,1.084986641939719,87.0,1.17,0,False,▄██▂▁▅▆▃█▆▅▇▅▅▆▃▇▆▅▇,False,False,False,0,-0.0495944380069524,-0.06731862633613817,-0.06094318458120984,-0.11648226197554157,UP,False,15,18.0,IGNORE,SEED,,NEUTRAL,C,WAIT,No standout factor,Electronic Technology,24.6
SOLARWORLD,200.5,201.93,204.99,196.2,True,False,True,False,False,False,0.05764532284936405,1.4562716,0.055290513978429115,False,0.04832104553803494,True,40.18,False,0.9462578305308275,33.0,-0.33,0,False,▆▆▆▁▁▂▄▄▅▅▅█▃▄▄▅▅▅▅▄,False,False,False,0,0.10620689655172422,-0.07132931912922647,0.09485814997746678,-0.12049295476862987,UP,False,14,18.0,IGNORE,NONE,,NEUTRAL,C,WAIT,CMF positive,Industrial Services,19.1
INDIASHLTR,727.95,724.0,738.0,716.55,False,False,False,False,False,False,1.0745586616773057,8.884120185,0.9988346184756568,True,-0.16563405183329952,False,56.47,False,0.9571997626917534,44.0,-0.25,0,True,▅▆▄▅▁▇▅▇▇▅▇▆█▇█▇▅▇▄▅,False,False,False,0,-0.05072700006520181,-0.08208814072252679,-0.06207574663945925,-0.1312517763619302,UP,False,12,18.0,IGNORE,NONE,,NEUTRAL,C,WAIT,No standout factor,Finance,33.2
TDPOWERSYS,1141.5,1121.0,1153.8,1111.1,False,False,False,True,False,False,0.3735666796447893,38.39378175,0.37380997941076566,False,-0.17166084036359627,False,42.26,False,0.8755373698658517,47.0,-0.16,0,True,▃▇▂▆▁▃▃▅▂▅▄▂▅▄▄▅▂▅█▂,False,False,False,0,-0.07420924574209242,-0.14043674698795183,-0.08555799231634986,-0.18960038262735524,UP,False,5,18.0,IGNORE,NONE,,NEUTRAL,C,WAIT,No standout factor,Producer Manufacturing,29.4
PREMEXPLN,669.1,662.95,673.4,662.5,False,False,False,True,False,False,0.13860119989679776,8.556517710000001,0.12635584472509961,False,-0.4225791856427785,False,46.08,False,0.9751039539534243,84.0,0.98,0,True,▂▂▃▂▂▃▂▁▃▅▄▅▇██▇▃█▅▄,False,False,False,1,-0.1724180581323438,0.26699488733194476,-0.18376680470660123,0.21783125169254136,FLAT,True,83,17.0,IGNORE,NONE,,NEUTRAL,C,WAIT,No standout factor,Process Industries,38.1
ROUTE,540.6,570.0,571.65,535.35,True,False,False,False,False,False,0.5500315135178641,60.23884176,0.5026986867969064,False,-0.2325727572867585,False,29.26,False,0.7287035999352485,8.0,-1.28,0,False,▇▃▅▅▆█▇▇▇▄▄▄▅▆▆▇█▁▂▄,False,False,False,4,0.04403244495944403,0.07947284345047922,0.03268369838518659,0.030309207811075822,UP,True,54,17.0,IGNORE,NONE,,NEUTRAL,C,WAIT,No standout factor,Communications,26.7
WAKEFIT,127.98,132.0,134.0,126.4,True,False,False,False,False,False,0.45660108036895297,45.194882796,0.4354971257370427,False,-0.32764345813464474,False,21.92,False,0.4509592141130484,13.0,-1.19,0,True,▄▅▅▄▄▇▅▅▆▃▅▃▄▆▆█▁▁▁▂,False,False,False,0,0.040487804878048816,0.057860803438584796,0.029139058303791376,0.008697167799181393,UP,True,49,17.0,IGNORE,NONE,,NEUTRAL,C,WAIT,No standout factor,Retail Trade,27.1
GUJTHEM,360.75,360.5,369.9,355.9,False,False,False,False,False,False,0.4827090982806174,1.219803975,0.4615238631805809,False,-0.21440553108707233,True,57.5,True,1.094112722152453,66.0,0.4,0,True,▅▃▃▂▃▅▄▃█▁▄▂▂▄▄▃▅▁▃▄,False,False,False,0,-0.06103591879229564,0.03827888904878396,-0.07238466536655308,-0.010884746590619443,FLAT,False,44,17.0,IGNORE,NONE,,NEUTRAL,C,WAIT,No standout factor,Health Technology,34.1
HINDWAREAP,221.05,216.85,228.9,214.0,False,False,False,False,False,False,0.9759350500122936,3.2771104600000003,0.8864731654771755,False,-0.2468121220205614,True,56.38,True,1.1014300226615612,61.0,0.23,0,True,▂▁▆▃█▂▄▇▇▂▂▃▇█▃▁█▃▁▆,False,False,False,2,-0.1314341846758349,0.0358967149350955,-0.14278293125009234,-0.013266920704307905,FLAT,False,43,17.0,IGNORE,NONE,,NEUTRAL,C,WAIT,No standout factor,Producer Manufacturing,29.4
GARUDA,172.34,176.54,178.0,171.77,True,False,False,False,False,False,0.6929770865861282,4.129335336,0.6674191935646061,False,-0.1893613107578588,True,51.57,True,1.3498056562536807,99.0,1.91,0,False,▃▅▆▇▁▃▅▅▇▃▆▆▄▇▅▇▇▅▆█,False,False,False,0,-0.02296048528828154,0.028036268193748715,-0.03430923186253898,-0.021127367445654688,FLAT,False,41,17.0,IGNORE,SEED,,NEUTRAL,C,WAIT,Delivery P99,Industrial Services,19.1
AJMERA,126.18,123.5,128.49,123.5,False,False,False,False,False,False,0.6881981276184664,3.5452542240000002,0.6605092350199248,False,-0.018951033089224738,True,50.54,True,1.0956350195649112,65.0,0.38,0,True,▁▄▃▃▅▅▅▆▄▅▃▄█▄▇██▃▂▅,False,False,False,0,-0.020949720670391025,0.028529507662210518,-0.032298467244648466,-0.020634127977192884,FLAT,False,41,17.0,IGNORE,NONE,,NEUTRAL,C,WAIT,No standout factor,Finance,33.2
BOMDYEING,122.08,122.1,123.6,121.7,False,False,False,False,False,False,0.5777840265804332,3.193222144,0.5599404146222786,False,-0.33931106241364045,True,48.44,True,1.113448034111414,83.0,0.91,0,True,▁▂▅▅▆▇▂▃▅▄█▃▃▄▁▆▇▁▃▆,False,False,False,0,-0.05525460455037923,0.02674516400336402,-0.06660335112463667,-0.022418471636039383,FLAT,False,40,17.0,IGNORE,NONE,,NEUTRAL,C,WAIT,No standout factor,Process Industries,38.1
RESPONIND,175.47,177.0,179.49,174.2,True,False,False,False,False,False,0.045046367138570305,2.0615443890000003,0.038207744654598516,False,0.019667220044823776,False,42.5,True,1.2365075208751566,46.0,0.02,0,False,▅▇▆▄▆██▂▅▅█▆▆▁▂▃▃▃▄▆,False,False,False,5,-0.09895244941973924,0.01533387339428316,-0.11030119599399668,-0.03382976224512024,FLAT,False,36,17.0,IGNORE,NONE,,NEUTRAL,C,WAIT,CMF positive,Non-Energy Minerals,35.2
NOCIL,163.03,163.47,164.38,162.04,False,False,False,False,False,False,0.38306321304115926,2.58467762,0.3603023855336882,False,-0.28476144270164727,True,53.75,True,1.1966516018434,60.0,0.31,0,True,▂▄▅▂▄█▃▃▄█▅▆▃▅▁▁▄▅▅▆,False,False,False,0,-0.10697852760736193,0.008474576271186418,-0.11832727418161937,-0.040689059368216984,FLAT,False,34,17.0,IGNORE,NONE,,NEUTRAL,C,WAIT,No standout factor,Process Industries,38.1
INDUSTOWER,404.95,402.25,407.7,396.5,False,True,False,False,False,False,0.28972944069802864,83.87121925,0.29798357045443996,False,-0.14683232546121708,True,49.83,False,0.8650290773370367,21.0,-0.7,0,False,▇▅▇███▅▇▄▇▆▆▄▇▅▂▁▇▆▄,False,False,False,0,-0.020440251572326984,0.001607717041800516,-0.031788998146584424,-0.047555918597602886,UP,False,33,17.0,IGNORE,NONE,,NEUTRAL,C,WAIT,No standout factor,Finance,33.2
MAITHANALL,966.3,965.0,983.0,961.8,False,False,False,False,False,False,0.6471683894726366,2.1991055399999997,0.6231148169643992,False,-0.2941810334667717,True,61.99,True,1.0652026359426416,83.0,0.91,0,True,▆▅▅▃▄▂▄▅▅▃▆▁▁▅▃▄▇▄█▆,False,False,False,0,-0.03707025411061293,0.0014509275572598401,-0.04841900068487037,-0.04771270808214356,FLAT,False,32,17.0,IGNORE,NONE,,NEUTRAL,C,WAIT,No standout factor,Non-Energy Minerals,35.2
RIIL,736.2,737.5,742.45,732.0,False,False,False,False,False,False,0.4538073152799562,3.01503348,0.4171721237429712,False,-0.2671827694576654,True,38.94,True,1.1125396417245221,81.0,0.86,0,True,▆▅▅▆▄▅▇▁▄▂█▅▃▃▂█▇▄▆▆,False,False,False,0,-0.11816493980954657,-0.007080720210398517,-0.129513686383804,-0.05624435584980192,FLAT,False,29,17.0,IGNORE,NONE,,NEUTRAL,C,WAIT,No standout factor,Industrial Services,19.1
BAYERCROP,4238.5,4268.0,4277.9,4220.0,False,True,False,False,False,False,0.28349996414253004,6.11573165,0.2857273957656961,False,-0.25025195684603685,True,49.47,False,0.9108987460641882,26.0,-0.54,0,False,▅▅▅▅▅▄▁▅▄▆▅▆▇▇█▂▆▄▅▅,False,False,False,0,0.04229681544325592,-0.014302325581395325,0.03094806886899848,-0.06346596122079873,UP,False,27,17.0,IGNORE,NONE,,NEUTRAL,C,WAIT,No standout factor,Process Industries,38.1
HPL,339.75,334.95,341.95,334.95,False,False,False,False,False,False,0.48600457638355343,1.975068675,0.4725881083931471,False,-0.16960437798874264,True,52.72,True,1.1242855924251471,88.0,1.19,0,True,▂▅▅█▇▇▅▃▃▇▇▅▁▄█▄▃▅▄▆,False,False,False,0,-0.052829662670755506,-0.014789038712483715,-0.06417840924501295,-0.06395267435188712,FLAT,False,27,17.0,IGNORE,SEED,,NEUTRAL,C,WAIT,No standout factor,Electronic Technology,24.6
RSYSTEMS,252.85,249.0,259.75,248.01,False,True,False,False,False,False,0.48649320850884953,10.53459069,0.5171246666575731,False,-0.11771492351185038,True,41.85,False,0.8894414690130069,31.0,-0.38,0,False,█▅▄█▅▁▃▄▄▅▅▆▅▄▁▅▆▄▃▄,False,False,False,0,0.05839263290079533,-0.08718411552346572,0.04704388632653789,-0.13634775116286912,UP,False,11,17.0,IGNORE,NONE,,NEUTRAL,C,WAIT,No standout factor,Technology Services,36.7
PASHUPATI,86.8,87.7,87.88,85.51,True,False,False,True,False,True,1.1497199361862125,0.56799316,1.138313020886888,False,-0.026333136777623493,True,42.82,False,0.9100182768733794,26.0,-0.79,0,False,█▆▄▃▃▆▄▃▄▁▂▃▅▄▂▃▂▄█▄,False,False,False,0,0.0026568095183088225,-0.09328319231171012,-0.008691937055948618,-0.14244682795111352,UP,False,10,17.0,IGNORE,NONE,,NEUTRAL,C,WAIT,No standout factor,Process Industries,38.1
ATLANTAELE,1614.3,1604.9,1645.1,1589.8,False,False,False,True,False,False,0.8468334588145605,18.03931821,0.8183623935940679,False,-0.43639997530638386,True,51.55,False,0.9662695995276431,73.0,0.5,0,False,▅▆▇▆▄█▃▆▄▄▁█▄▄▅▄▃▆▃▅,False,False,False,0,-0.10495675316034592,-0.0981564245810056,-0.11630549973460336,-0.147320060220409,UP,False,9,17.0,IGNORE,NONE,,NEUTRAL,C,WAIT,No standout factor,Producer Manufacturing,29.4
KPITTECH,585.2,585.7,594.1,580.7,False,False,False,False,False,False,1.0688593955874517,296.60358728,1.101850159942685,True,-0.2531440181302956,True,22.31,False,0.7492737317593323,4.0,-1.59,0,False,▅▃▂▃▂▃▅▇▁▄▇▅▄▅█▃▆▁▃▂,False,False,False,0,-0.17832069643358606,-0.17315436241610727,-0.1896694430078435,-0.22231799805551067,UP,False,3,17.0,IGNORE,NONE,,NEUTRAL,C,WAIT,No standout factor,Technology Services,36.7
MARSONS,111.69,111.75,113.99,110.5,False,False,False,False,False,False,1.3807807891768111,20.1332394,1.3431426692763664,True,-0.2274575305399318,True,16.48,False,0.6264611407826963,18.0,-1.02,0,False,▃█▇▇▄▂▆▃▃▅▅▄▄▅▄▂▁▁▂▂,False,False,False,0,0.0025132393860516355,-0.21566011235955063,-0.008835507188205804,-0.26482374799895403,UP,False,1,17.0,IGNORE,NONE,,NEUTRAL,C,WAIT,No standout factor,Producer Manufacturing,29.4
BANSALWIRE,316.45,325.6,326.0,315.1,True,False,False,True,False,False,0.237425791990785,2.64039551,0.22594560367635594,False,-0.2033652889397243,False,55.66,True,1.2913104504274593,67.0,0.33,0,False,▆▄▆▄▆▇█▆▆▇█▅▇▆▇▅▁▁▃█,False,False,False,4,-0.05197723187537451,0.04871582435791222,-0.06332597844963195,-0.0004478112814911839,FLAT,False,46,16.0,IGNORE,NONE,,NEUTRAL,C,WAIT,No standout factor,Non-Energy Minerals,35.2
SUNTECK,310.75,311.0,314.65,308.0,False,False,False,False,False,False,0.4050717522911316,6.865990175,0.4042248687278287,False,-0.10951462138117905,False,56.26,True,1.0838510812503008,82.0,0.72,0,True,▄▄▅▄▃▄▅█▄▃▅▄▄▅▅▅▄▁▃▅,False,False,False,0,-0.015679442508710784,0.030167412564230167,-0.027028189082968224,-0.018996223075173235,FLAT,False,41,16.0,IGNORE,NONE,,NEUTRAL,C,WAIT,No standout factor,Finance,33.2
RUSTOMJEE,409.6,405.75,414.5,401.55,False,False,True,False,False,False,0.03809124224722524,0.65150976,0.03678927080369337,False,-0.29193988754132705,False,65.72,True,1.3704085994599273,84.0,0.87,0,False,▃▆▆▇▆▇█▆█▁▅▅▅▇▅▅▇█▅█,False,False,False,4,-0.034872761545711506,0.022977022977023198,-0.046221508119968946,-0.026186612662380204,FLAT,False,39,16.0,IGNORE,NONE,,NEUTRAL,C,WAIT,No standout factor,Finance,33.2
MAXESTATES,395.45,390.0,399.9,385.5,False,False,False,False,False,False,0.17409628609062358,1.36366978,0.15547716754742857,False,0.03852855139751618,True,53.7,True,1.0115566104376819,49.0,-0.0,0,False,▄▅▆▁▁▂▃▄█▄▆▄▆▅▄▆▄▅▅▄,False,False,False,1,-0.06722490859771202,0.006746435845213838,-0.07857365517196946,-0.042417199794189564,FLAT,False,34,16.0,IGNORE,NONE,,NEUTRAL,C,WAIT,CMF positive,Finance,33.2
TIIL,2593.0,2598.0,2610.0,2549.9,False,True,True,True,False,False,0.5262680646075375,1.2039299,0.5350349098964217,False,-0.11513700196650316,False,51.37,False,0.9667281418194136,33.0,-0.46,0,False,▅▅▆▅▅▇█▆▇▇▄▄█▁▅▄▆▃▃▅,False,False,False,2,-0.009322228165354995,0.004805084088971512,-0.020670974739612435,-0.04435855155043189,UP,False,33,16.0,IGNORE,NONE,,NEUTRAL,C,WAIT,No standout factor,Producer Manufacturing,29.4
BALMLAWRIE,176.65,175.6,177.38,175.6,False,False,False,False,False,False,0.45947179225582246,0.8146568049999999,0.452225430848049,False,-0.13786180852570665,False,60.14,True,1.0649996900981946,76.0,0.7,0,True,▄▅▄█▆▄▆▆▄▅▆▂▇▅▁▅█▅▃▅,False,False,False,0,-0.03422448198567596,-0.0437912742232327,-0.0455732285599334,-0.0929549098626361,UP,False,20,16.0,IGNORE,NONE,,NEUTRAL,C,WAIT,No standout factor,Producer Manufacturing,29.4
NUCLEUS,731.5,738.1,740.0,730.0,False,False,False,False,False,False,0.5589734196718131,1.1385066,0.5395055073796708,False,-0.30090942820395966,False,62.58,True,1.2301946137212503,75.0,0.7,0,True,▅▇▁▃▅▇▅▆▆▆▆▅▆▇▇▇▇▇▇█,False,False,False,0,-0.03496042216358841,-0.050431621990004616,-0.04630916873784585,-0.09959525762940802,UP,False,18,16.0,IGNORE,NONE,,NEUTRAL,C,WAIT,No standout factor,Technology Services,36.7
OSWALPUMPS,349.2,360.0,360.0,348.0,True,False,False,False,False,False,0.6596219314610311,16.070672879999996,0.5848017076223031,False,-0.44345094367362126,False,52.36,True,1.1306535376110733,80.0,0.85,0,True,▇▅▅▇▁▅▆▄▆▅█▆▄▅▇▆█▇▃▇,False,False,False,0,-0.1846836329675462,-0.05799838144051794,-0.19603237954180364,-0.10716201707992135,FLAT,False,17,16.0,IGNORE,NONE,,NEUTRAL,C,WAIT,No standout factor,Producer Manufacturing,29.4
SYMPHONY,678.95,676.85,689.9,675.0,False,False,False,False,False,False,0.7289224681167843,4.547267625,0.7054144483297652,False,-0.22309603178145385,False,56.43,True,1.044545429303914,70.0,0.52,0,True,▄▃█▅▇▆▄▅▅▂▆▇▆▁▅▅▆█▂▅,False,False,False,0,-0.01686938893715606,-0.06512908777969018,-0.0282181355114135,-0.11429272341909358,UP,False,15,16.0,IGNORE,NONE,,NEUTRAL,C,WAIT,No standout factor,Producer Manufacturing,29.4
HGINFRA,539.8,538.3,545.45,538.3,False,False,False,False,False,False,0.5381136404941957,1.9418765199999999,0.5154461934449682,False,-0.17135332710354353,False,49.68,True,1.0503393306412399,62.0,0.37,0,True,▇█▇▅▅▆▆▇▇▁▆▄▄▅▅▅▆▆▇▆,False,False,False,0,-0.07075228094336383,-0.1038432804847681,-0.08210102751762127,-0.1530069161241715,UP,False,8,16.0,IGNORE,NONE,,NEUTRAL,C,WAIT,No standout factor,Industrial Services,19.1
SURAKSHA,249.6,253.0,257.9,248.5,True,False,False,False,False,False,0.7328783588247141,0.98544576,0.6990921430796739,False,-0.17180437883885613,False,70.02,True,1.1814232083350908,82.0,0.9,0,True,▆▆▄█▁▃▂▂▃▄▄▃▃▄▃▁▁█▆▆,False,False,False,0,-0.08671789242590566,-0.16675012518778176,-0.0980666390001631,-0.21591376082718516,UP,False,3,16.0,IGNORE,NONE,,NEUTRAL,C,WAIT,No standout factor,Health Services,36.8
ELGIEQUIP,578.85,578.25,584.3,575.1,False,False,False,True,False,True,0.29059102777046125,5.52083976,0.2848935743220538,False,-0.0352018776009508,False,52.32,False,0.9877289031527279,51.0,0.05,0,False,▆▅█▄▄▄▅▄▁▅▅▃▆▂▅▂▅▅▄▄,False,False,False,0,-0.04841361170475089,0.0851063829787233,-0.05976235827900833,0.0359427473393199,FLAT,True,56,15.0,IGNORE,NONE,,NEUTRAL,C,WAIT,No standout factor,Producer Manufacturing,29.4
INTELLECT,717.7,735.35,748.3,713.25,True,False,False,False,False,False,1.1115720716295316,39.1806784,1.051192582376141,False,-0.1421225477411588,True,51.95,True,1.1704272791790111,82.0,0.92,0,False,▃▂▅▁▄▂▅▇▅▅█▅▃▆▃▂▆▃▃▆,False,False,False,0,-0.012928070416723947,0.03841423714099701,-0.024276816990981387,-0.010749398498406393,FLAT,False,44,15.0,IGNORE,NONE,,NEUTRAL,C,WAIT,No standout factor,Technology Services,36.7
RCF,126.27,124.91,127.0,124.91,False,False,False,False,False,False,0.3964905845187546,6.439214412,0.3848090736474328,False,-0.3290460763798012,True,30.31,False,0.8650484467086205,28.0,-0.47,0,True,▄▅▆▃▆▇▁▅▇▅█▁▆▆▅▆▆▅▂▄,False,False,False,0,-0.027794887588543316,0.037807183364839236,-0.039143634162800756,-0.011356452274564166,FLAT,False,44,15.0,IGNORE,NONE,,NEUTRAL,C,WAIT,No standout factor,Process Industries,38.1
NBCC,94.9,94.5,95.95,94.5,False,False,False,False,False,False,0.7110630349448476,62.54520207,0.6797211530854952,False,-0.22887815378272527,True,30.16,False,0.86090257756972,34.0,-0.44,0,True,█▄▄▄▅▃▅▃▃▂▄▄▄▁▂▅▅▄▃▃,False,False,False,0,-0.09056061332055576,0.03534802531093173,-0.1019093598948132,-0.013815610328471672,FLAT,False,43,15.0,IGNORE,NONE,,NEUTRAL,C,WAIT,No standout factor,Commercial Services,33.3
TRENT,2895.2,2930.0,2934.4,2883.1,True,False,False,False,False,False,0.2583342609105379,138.35205384,0.2441929326543814,False,-0.36330065562811686,True,42.82,False,0.9243089808209125,36.0,-0.42,0,True,▆█▄▆▇▄▁▅▆█▅▇▆█▁▄▇▂▄▄,False,False,False,0,-0.08973149720178586,0.023689979492256485,-0.1010802437760433,-0.025473656147146917,FLAT,False,39,15.0,IGNORE,NONE,,NEUTRAL,C,WAIT,No standout factor,Retail Trade,27.1
ASHOKLEY,155.06,153.51,155.26,152.84,False,False,False,False,False,False,0.5075910437244762,147.958143458,0.4972181891187632,False,-0.02491525121263442,True,53.3,True,1.1510138855896515,78.0,0.7,0,False,▅▁▇▅▃▅▅▅█▃▅▅▇▄▄▅▃▄▄▇,False,False,False,0,-0.014616166751398096,0.02593621807595614,-0.025964913325655536,-0.02322741756344726,FLAT,False,39,15.0,IGNORE,NONE,,NEUTRAL,C,WAIT,No standout factor,Producer Manufacturing,29.4
INDRAMEDCO,368.6,366.6,371.95,364.6,False,False,False,False,False,False,1.003174302452144,3.9815803400000007,0.9790482426381174,True,-0.07770365609828576,True,49.12,False,0.8298138324830219,30.0,-0.36,0,True,▁▆▄▆▄▅▇▄▄▁▃▅▅▃▆▅▆█▄▂,False,False,False,0,-0.030382743653820765,0.02360455429047481,-0.041731490228078205,-0.025559081348928592,FLAT,False,39,15.0,IGNORE,NONE,,NEUTRAL,C,WAIT,No standout factor,Health Services,36.8
PARAGMILK,217.41,218.49,221.38,215.4,False,False,False,False,False,False,0.8529711593657833,5.995819944,0.8164311181668005,False,-0.29346654531479976,True,46.54,False,0.9777310924369748,68.0,0.47,0,True,▄▃▅▃▄▆▄▁▄▅▅▃▄▄█▁▆▂▄▄,False,False,False,0,-0.058178825160284164,0.019220852280718237,-0.0695275717345416,-0.029942783358685165,FLAT,False,37,15.0,IGNORE,NONE,,NEUTRAL,C,WAIT,No standout factor,Consumer Non-Durables,33.3
SURYAROSNI,239.2,240.05,246.25,237.65,False,False,False,False,False,False,0.5962589296459332,7.330092639999999,0.5615545554983427,False,-0.29101050517703336,True,48.51,False,0.8896183682077426,35.0,-0.18,0,True,▅▄▅▃▃▃▅▃▃▅█▅▄▃▄▅▃▂▁▂,False,False,False,0,-0.07214895267649346,0.0010462439840970283,-0.0834976992507509,-0.048117391655306374,FLAT,False,32,15.0,IGNORE,NONE,,NEUTRAL,C,WAIT,No standout factor,Non-Energy Minerals,35.2
SUZLON,53.15,52.5,53.2,52.22,False,False,False,False,False,False,0.8324672780387564,240.212663395,0.8149792455315422,False,-0.20178291876200866,True,34.99,False,0.9056086135051894,28.0,-0.62,0,True,▄▂▂▃▃▂▂▁▃▃▃▃▂█▁▃▁▂▁▂,False,False,False,0,-0.07096661422828177,-0.001877934272300541,-0.0823153608025392,-0.05104156991170394,FLAT,False,31,15.0,IGNORE,NONE,,NEUTRAL,C,WAIT,No standout factor,Producer Manufacturing,29.4
METROBRAND,1031.7,1023.8,1039.9,1023.8,False,False,False,False,False,False,0.19953937548486259,1.27507803,0.19699858619028096,False,-0.08622656796558735,True,56.61,False,0.9262637749216661,60.0,0.13,0,True,█▄█▄▅▄▆▃▅▃▄▅▅▁▃▇▄▆▄▄,False,False,False,0,0.00575160850068257,-0.006452234206471563,-0.00559713807357487,-0.055615869845874966,UP,False,29,15.0,IGNORE,NONE,,NEUTRAL,C,WAIT,No standout factor,Retail Trade,27.1
HONDAPOWER,2124.2,2120.5,2135.8,2104.4,False,False,False,False,False,False,0.7997772380613524,0.5491056999999999,0.797081526809362,False,-0.13876409276623072,True,49.21,False,0.9871416822129948,54.0,0.25,0,True,▁▇▄▁▃▆▅▄▂▅▆▂▂▄█▄▅▇▂▄,False,False,False,0,-0.024746338551948965,-0.0061757275194161965,-0.036095085126206405,-0.0553393631588196,UP,False,29,15.0,IGNORE,NONE,,NEUTRAL,C,WAIT,No standout factor,Producer Manufacturing,29.4
IGL,150.27,150.29,152.3,149.7,False,False,False,False,False,False,0.7603871267201465,26.734190079,0.7367161770349863,False,-0.4154833741798045,True,54.48,False,0.9853054211692364,67.0,0.39,0,True,▃▄▄▄▆▄▃▃▃▄▃▄▁▃▃█▄▅▄▄,False,False,False,0,-0.09174977334542145,-0.009034555526246213,-0.10309851991967889,-0.058198191165649615,FLAT,False,28,15.0,IGNORE,NONE,,NEUTRAL,C,WAIT,No standout factor,Utilities,31.3
PILANIINVS,4345.2,4322.0,4362.0,4301.0,False,False,False,False,False,False,0.34338326855590356,0.1977066,0.34005597014014033,False,-0.21756204016221037,True,60.0,False,0.8921601427456228,60.0,0.2,0,True,▆▅▃▃▄▆▁▃▃▄▅▇▃▅▇█▄▇▆▃,False,False,False,0,-0.000666957981647287,-0.012432100729562023,-0.012015704555904727,-0.061595736368965426,UP,False,28,15.0,IGNORE,NONE,,NEUTRAL,C,WAIT,No standout factor,Finance,33.2
SPIC,66.15,65.61,66.43,65.54,False,False,False,False,False,False,0.5277166780315522,0.9616688550000001,0.5172214646616636,False,-0.23928677877934426,True,47.54,False,0.8921500553605946,51.0,0.07,0,True,▅▂▆▃▅▃▁▁▄▅▃▂▃▃▃▅█▅▄▂,False,False,False,0,-0.021594438692500995,-0.023327919681086606,-0.032943185266758435,-0.07249155532049001,UP,False,25,15.0,IGNORE,NONE,,NEUTRAL,C,WAIT,No standout factor,Process Industries,38.1
CAPACITE,218.8,215.0,221.75,215.0,False,False,False,False,False,False,0.5552924370824132,7.7127,0.5171521816121969,False,-0.5467534081896297,True,42.53,False,0.8371552861051512,18.0,-0.71,0,True,▅▅▅▇▆█▅▆▆▇█▁▄▄▇▄▇▅▆▄,False,False,False,1,-0.14691203992514035,-0.02712316585148955,-0.1582607864993978,-0.07628680149089295,FLAT,False,24,15.0,IGNORE,NONE,,NEUTRAL,C,WAIT,No standout factor,Industrial Services,19.1
BIKAJI,641.25,626.15,643.2,626.15,False,False,False,False,False,False,0.44729570692388676,3.4681365,0.4448462111862746,False,-0.07688250496677687,True,61.01,False,0.9830175302913121,76.0,0.61,0,True,▃▆▆▁▇█▄▂▄▂▃▃▃▃▃▄▂▃▃▄,False,False,False,0,-0.0021008403361344463,-0.027672479150871898,-0.013449586910391886,-0.0768361147902753,UP,False,24,15.0,IGNORE,NONE,,NEUTRAL,C,WAIT,No standout factor,Consumer Non-Durables,33.3
NFL,71.04,71.3,71.8,70.69,False,False,False,False,False,False,0.7221034183888282,3.1720922880000004,0.6978408551376041,False,-0.28934119114647044,True,40.84,False,0.9337952006950876,66.0,0.35,0,True,▄▄▆▅▇▅▃▄▄▄█▁▂█▄█▇▅▅▄,False,False,False,0,-0.045674368619021966,-0.03228442991418046,-0.057023115193279406,-0.08144806555358386,UP,False,23,15.0,IGNORE,NONE,,NEUTRAL,C,WAIT,No standout factor,Process Industries,38.1
KOTIC,167.0,163.0,176.0,163.0,False,False,False,False,False,False,0.07994705202593008,0.1703567,0.07568282826149585,False,-0.13917125329444255,True,58.58,True,1.2005574455875723,40.0,-0.23,0,False,▄▆▇▆█▁▃▂▁▅▄▅▄▄▅▅▆▆▄▆,False,False,False,0,0.030864197530864113,-0.04022988505747127,0.019515450956606673,-0.08939352069687467,UP,False,21,15.0,IGNORE,NONE,,NEUTRAL,C,WAIT,No standout factor,Process Industries,38.1
ALLTIME,226.87,224.8,229.8,222.0,False,False,False,False,False,False,0.5470790920199622,0.755182169,0.5118247212525664,False,-0.0852208767188883,True,48.09,False,0.8497817674188477,31.0,-0.37,0,True,▄▅▁▂▁▄▅▆▇▆▆▂▂▆▆▇█▆▇▃,False,False,False,0,-0.03204198310436035,-0.044798113763630965,-0.04339072967861779,-0.09396174940303437,UP,False,20,15.0,IGNORE,NONE,,NEUTRAL,C,WAIT,No standout factor,Producer Manufacturing,29.4
HUBTOWN,196.04,198.0,201.02,195.0,False,False,False,False,False,False,0.4159983498923574,4.515232488,0.3930552019229998,False,-0.0463354004152352,True,55.09,False,0.89131577882943,46.0,-0.04,0,True,▆▄▃▅▆█▆▃▂▇▂▂▆▃▆▆▅▃▁▃,False,False,False,0,-0.044872107186358146,-0.0498255137650252,-0.056220853760615586,-0.0989891494044286,UP,False,19,15.0,IGNORE,NONE,,NEUTRAL,C,WAIT,No standout factor,Finance,33.2
VINATIORGA,1313.6,1329.0,1329.0,1306.1,False,False,False,False,False,False,0.3662422065815397,2.7300548799999995,0.36402906416267167,False,-0.10330688945152694,True,51.71,False,0.8752316715046164,24.0,-0.72,0,True,▃▅▇▆▇▅▄█▁▅▄▄▄▅▆▅▅▆▃▄,False,False,False,0,-0.0099487488694604,-0.05401123433674204,-0.02129749544371784,-0.10317486997614544,UP,False,18,15.0,IGNORE,NONE,,NEUTRAL,C,WAIT,No standout factor,Process Industries,38.1
ELECTCAST,72.14,72.28,73.64,72.0,False,False,False,False,False,False,0.5424560177843155,4.596479454,0.5149612588159436,False,-0.2196444901888674,True,50.61,False,0.9312552901777499,63.0,0.39,0,True,▂▄▇▅▂▂▁▂▅▅█▄▆▆▆▄▆▅▄▃,False,False,False,0,-0.059452411994784904,-0.07465366854797328,-0.07080115856904234,-0.12381730418737669,UP,False,13,15.0,IGNORE,NONE,,NEUTRAL,C,WAIT,No standout factor,Non-Energy Minerals,35.2
JAICORPLTD,102.69,101.2,103.0,101.2,False,False,False,False,False,False,0.6503391379870654,2.28413367,0.6123233121387162,False,-0.255876737697115,True,39.74,False,0.9352128585884734,78.0,0.74,0,True,▄▄▃▅▇▇▅▄▃▃█▅▅▄▂▇▇▁▅▄,False,False,False,0,-0.09715139792509231,-0.07352941176470595,-0.10850014449934975,-0.12269304740410936,UP,False,13,15.0,IGNORE,NONE,,NEUTRAL,C,WAIT,No standout factor,Process Industries,38.1
IRMENERGY,258.8,255.05,265.0,255.0,False,False,False,False,False,False,0.7859813690826358,1.5196736,0.7641426308226116,False,-0.2054752841620899,True,36.54,False,0.8374299563408849,43.0,-0.11,0,True,▅▁▄▂█▆▅▅▆▅▆▅▅▅▅▅▇▃▆▄,False,False,False,0,-0.015220700152207,-0.07670353193007495,-0.02656944672646444,-0.12586716756947836,UP,False,13,15.0,IGNORE,NONE,,NEUTRAL,C,WAIT,No standout factor,Energy Minerals,35.2
BALAJITELE,83.8,84.18,85.9,83.38,True,False,False,False,False,False,0.5676454990603867,0.6072567,0.528221941448419,False,0.0018159031663243853,False,53.7,False,0.9421961768240795,65.0,0.48,0,True,▆▆▆█▆▆▆▆▇▇█▅▁▆▇▃▄▃▄▅,False,False,False,0,-0.03244429049763309,-0.07382847038019458,-0.04379303707189053,-0.12299210601959798,UP,False,13,15.0,IGNORE,NONE,,NEUTRAL,C,WAIT,CMF positive,Consumer Services,34.2
IPL,149.88,150.48,152.67,148.93,True,False,False,False,False,False,0.3190450896568327,1.6505984639999998,0.30600480187759227,False,-0.6056276996249382,True,55.43,True,1.2582713807388912,81.0,0.79,0,False,▄▄▅▄▅▆▅▇▄▇█▅▁▆▇▄▆▆▅▇,False,False,False,0,-0.07068452380952384,-0.08721071863580998,-0.08203327038378128,-0.13637435427521338,UP,False,11,15.0,IGNORE,NONE,,NEUTRAL,C,WAIT,No standout factor,Process Industries,38.1
DOLPHIN,379.15,374.0,382.65,370.0,False,False,False,False,False,False,0.2801357119404619,0.24261808499999996,0.2787049434229539,False,-0.35559934603513266,True,60.1,True,1.0768486499077243,57.0,0.34,0,False,▅▅▁▂▅▆▂▂▄▄▄▅▆▅▃█▆▆▃▅,False,False,False,0,0.028761362094695375,-0.087045509270407,0.017412615520437935,-0.1362091449098104,UP,False,11,15.0,IGNORE,NONE,,NEUTRAL,C,WAIT,No standout factor,Industrial Services,19.1
MAHSEAMLES,576.85,574.6,581.4,573.4,False,False,False,False,False,False,0.1844705336043712,1.778255495,0.17516736762189858,False,-0.17246853486569866,True,54.95,False,0.9479286164037367,49.0,-0.03,0,True,█▃▁▂▁▃▅▄▂▅▅▄▅▃▄▄▄▃▃▃,False,False,False,0,-0.06869551178559885,-0.09385799560163366,-0.08004425835985629,-0.14302163124103706,UP,False,10,15.0,IGNORE,NONE,,NEUTRAL,C,WAIT,No standout factor,Non-Energy Minerals,35.2
ELCIDIN,109500.0,105505.0,112000.0,105505.0,False,False,False,False,False,False,1.2195121951219514,0.1095,1.188586960061307,False,-0.28635420706618764,True,72.73,False,0.9046751292082073,53.0,0.02,0,True,█▂▁█▆█▃▁▃▁▁▂▅█▅█▅▅▆▃,False,False,False,0,-0.03524229074889873,-0.0950413223140496,-0.04659103732315617,-0.144204957953453,UP,False,10,15.0,IGNORE,NONE,,NEUTRAL,C,WAIT,No standout factor,Finance,33.2
CELLO,345.05,348.25,349.35,343.0,False,False,False,False,False,False,0.4833241721255174,4.861996035,0.45958260828734715,False,-0.39207641279171745,True,45.2,False,0.8160023108030041,16.0,-0.98,0,True,▄█▃▄▁▁▃▃▃▄▃▃▁▆▂▄▄▂▁▂,False,False,False,0,-0.07752974201309981,-0.10874338111842952,-0.08887848858735725,-0.15790701675783292,UP,False,8,15.0,IGNORE,NONE,,NEUTRAL,C,WAIT,No standout factor,Consumer Durables,31.1
BANDHANBNK,169.43,167.5,170.64,166.82,False,False,False,False,False,False,0.6864606181833183,230.96646771,0.6234372779453826,False,-0.29222306806515014,True,33.7,False,0.8071856287425151,19.0,-0.9,0,True,█▆▇▅▆▅█▇▆▅▅▂▅▆▆▇▂▅▁▂,False,False,False,2,-0.16260564424455104,-0.10985604707365759,-0.17395439081880848,-0.159019682713061,FLAT,False,7,15.0,IGNORE,NONE,,NEUTRAL,C,WAIT,No standout factor,Finance,33.2
JSWHL,10999.0,10867.0,11105.0,10822.0,False,False,False,False,False,False,0.5775418275418276,2.3691846,0.5560672998507596,False,-0.3330186212458456,True,44.48,False,0.8456916875808045,35.0,-0.43,0,True,▅▁▇█▇▆▆▆▇▆▇▆▃▅▅▆▅▆▄▃,False,False,False,0,-0.08494176372712148,-0.13202335858585856,-0.09629051030137892,-0.18118699422526197,UP,False,5,15.0,IGNORE,NONE,,NEUTRAL,C,WAIT,No standout factor,Finance,33.2
LINCOLN,582.1,584.0,592.45,578.1,False,False,False,False,False,False,0.5404330913785563,0.7517239400000001,0.518492145079162,False,-0.15197318225783651,True,55.47,False,0.9842610500913815,46.0,0.0,0,True,▆▁█▆▄▅▇▂▅▆▇▃▅█▅▆▇▇▅▅,False,False,False,0,-0.06953324808184147,-0.14258359110325525,-0.08088199465609891,-0.19174722674265865,UP,False,5,15.0,IGNORE,NONE,,NEUTRAL,C,WAIT,No standout factor,Health Technology,34.1
PRAKASH,125.47,125.0,125.95,123.46,False,False,False,False,False,False,0.616193018687352,2.877955578,0.5950770768235649,False,-0.42989726275404666,True,53.08,False,0.890230607966457,56.0,0.13,0,True,▂▁▃▆▄▂▃▃▄▂▂▂▃▂▁▃█▂▃▁,False,False,False,0,-0.10211821955059408,-0.1487788331071913,-0.11346696612485152,-0.1979424687465947,UP,False,4,15.0,IGNORE,NONE,,NEUTRAL,C,WAIT,No standout factor,Non-Energy Minerals,35.2
RAMKY,375.2,372.6,381.6,372.6,False,False,False,False,False,False,0.7293324502525677,1.52252408,0.6917161441998352,False,-0.3579503824632598,True,53.57,False,0.8878171663434926,38.0,-0.08,0,True,▄▆▆▅▆▇▅▁▅▁▄▄▆▇▅█▄▆▅▄,False,False,False,0,-0.05964912280701762,-0.15228197017623146,-0.07099786938127506,-0.20144560581563487,UP,False,4,15.0,IGNORE,NONE,,NEUTRAL,C,WAIT,No standout factor,Industrial Services,19.1
UEL,120.96,122.98,123.87,120.11,False,False,False,False,False,False,0.8697656389142072,0.05021049599999999,0.8302403685160664,False,-0.3638261199814644,True,36.76,False,0.6156474262889489,13.0,-1.18,0,True,▂▁▂▆▅▅▂▃▆▃▄▁▆▆▅▅▄▅█▁,False,False,False,0,-0.07811904580443574,-0.1963324696033486,-0.08946779237869318,-0.245496105242752,UP,False,2,15.0,IGNORE,NONE,,NEUTRAL,C,WAIT,No standout factor,Utilities,31.3
FLAIR,256.75,257.0,258.6,252.2,False,False,False,False,False,False,0.586270543280517,2.3279009,0.579110422708847,False,-0.20581159094156956,True,48.16,False,0.9009868574902951,46.0,-0.13,0,True,▆▁▂▄▇▇▆▁▃▄▂▁▆▅▇█▄▆▃▃,False,False,False,0,-0.02911703535639998,-0.22990401919616077,-0.04046578193065742,-0.27906765483556417,UP,False,1,15.0,IGNORE,NONE,,NEUTRAL,C,WAIT,No standout factor,Producer Manufacturing,29.4
SAFARI,1594.2,1541.0,1600.6,1541.0,False,False,False,False,False,False,0.38705595321479064,2.3697783,0.3818736244818683,False,-0.20349641766362464,True,58.48,False,0.9982418107642147,65.0,0.33,0,True,▆▅▃▃▃█▄▄▅▃▄▄▄▃▃▄▃▂▁▄,False,False,False,2,0.004790117231816549,0.1176388109927089,-0.0065586293424408915,0.0684751753533055,FLAT,True,63,14.0,IGNORE,NONE,,NEUTRAL,C,WAIT,No standout factor,Consumer Durables,31.1
TSFINV,431.6,432.8,442.9,428.5,True,False,False,False,False,False,0.2000412155678277,1.8664542,0.1901675718368084,False,0.01262231428203092,False,51.24,False,0.9733395385945085,30.0,-0.43,0,False,▁▆▆▇█▆█▂▂▃█▃▂▆▅█▆▆▅▄,False,False,False,13,-0.027818448023426035,0.11438161631809973,-0.039167194597683475,0.06521798067869633,FLAT,True,62,14.0,IGNORE,NONE,,NEUTRAL,C,WAIT,CMF positive,Finance,33.2
BOROLTD,233.73,239.9,240.0,231.12,False,False,False,False,False,False,0.71296907015904,1.9441427669999998,0.6812615653929448,False,-0.08972958072275859,True,47.75,True,1.0226810306054699,35.0,-0.26,0,False,▆▅▄▇▁▅▇▆█▅▂▇▆▇█▇▅▅▅▆,False,False,False,1,-0.0022198505869798213,0.06852884703300721,-0.013568597161237261,0.01936521139360381,FLAT,True,52,14.0,IGNORE,NONE,,NEUTRAL,C,WAIT,No standout factor,Producer Manufacturing,29.4
FINCABLES,998.6,999.9,1015.0,992.4,True,False,False,True,False,False,0.7314985853905199,20.92496398,0.6750711006149518,False,-0.22649295706313086,False,41.02,False,0.8872546368896339,25.0,-0.71,0,True,▁▄▃▄▃▅▃▃▄▁▅▆▄▆▆▅▄█▁▃,False,False,False,1,-0.15315468113975583,-0.02380370497091744,-0.16450342771401327,-0.07296734061032084,FLAT,False,25,14.0,IGNORE,NONE,,NEUTRAL,C,WAIT,No standout factor,Producer Manufacturing,29.4
CHAMBLFERT,439.7,434.2,441.2,433.05,False,False,False,False,False,False,0.6024822222467152,10.57544455,0.5785513156609392,False,-0.0930117729865754,False,44.91,False,0.9276913066380227,33.0,-0.41,0,True,▅▂▅▃▇▇▂▃█▆▄▁▅▃▆▅▆▆▃▄,False,False,False,0,-0.07285187137585669,-0.03848677017275315,-0.08420061795011413,-0.08765040581215655,UP,False,22,14.0,IGNORE,NONE,,NEUTRAL,C,WAIT,No standout factor,Process Industries,38.1
CSBBANK,337.25,341.2,346.55,336.0,True,False,False,False,False,False,0.8202220960180728,16.499720175,0.7915930306320694,False,-0.06462589029449584,False,53.56,True,1.144578956928699,75.0,0.66,0,False,▇██▇▆▆▇▆▆▆▆▄▆▆▇▇▁▃▂▇,False,False,False,0,0.025543560894024653,-0.04825737265415553,0.014194814319767213,-0.09742100829355893,UP,False,19,14.0,IGNORE,NONE,,NEUTRAL,C,WAIT,No standout factor,Finance,33.2
FACT,819.55,819.9,825.0,812.45,False,False,False,False,False,False,0.5773447932572405,6.22382661,0.5542931846633055,False,-0.38584780039972155,False,28.66,False,0.8894544100304141,57.0,0.12,0,True,▄▃▄▂▅█▂▄▅▄▇▁▃█▄▄▆▃▃▃,False,False,False,0,-0.0575551977920884,-0.05325477964535319,-0.06890394436634584,-0.10241841528475659,UP,False,18,14.0,IGNORE,NONE,,NEUTRAL,C,WAIT,No standout factor,Process Industries,38.1
MFSL,1511.1,1522.8,1532.6,1500.9,True,False,False,False,False,False,0.6511352940409725,84.16645668,0.6206520842713846,False,-0.050095542267916654,False,55.29,False,0.9380010009415638,34.0,-0.33,0,True,▃▂▇▃▆▄▂▃▄▃▄▁▂▆▄▂▆▃█▃,False,False,False,0,-0.056447080861692256,-0.05656489979396895,-0.0677958274359497,-0.10572853543337235,UP,False,17,14.0,IGNORE,NONE,,NEUTRAL,C,WAIT,No standout factor,Finance,33.2
CYIENT,825.2,842.0,844.9,822.0,True,False,False,False,False,False,1.2930451897644688,46.16713432,1.2555456103992888,False,-0.016632890256306376,False,52.7,True,1.0653674709146594,71.0,0.52,0,False,▅▆▅▃▇▅▇▇▇▇▇▇▄▆█▇▆▇▁▆,False,False,False,0,-0.0639215019000623,-0.05847452792515262,-0.07527024847431973,-0.10763816356455602,UP,False,17,14.0,IGNORE,NONE,,NEUTRAL,C,WAIT,No standout factor,Technology Services,36.7
BALUFORGE,439.75,434.05,444.8,434.05,False,False,False,False,False,False,0.6489359421134347,11.31292055,0.6294754061523922,False,-0.07349601836681417,False,49.17,False,0.9778263895793974,82.0,0.8,0,True,▂▂▂▁▁▃▂▄▂▃▆█▂▂▂▄▄▂▁▃,False,False,False,0,-0.035953085607804414,-0.05693759382371866,-0.047301832182061854,-0.10610122946312206,UP,False,17,14.0,IGNORE,NONE,,NEUTRAL,C,WAIT,No standout factor,Producer Manufacturing,29.4
BLS,237.5,237.3,240.8,235.7,False,False,False,False,False,False,0.679682703422787,24.00486125,0.6748726047087517,False,-0.29267442859390663,False,37.14,False,0.7580752155942236,44.0,0.03,0,True,▇▇▂▅▆▆▅▇▃▃▆▅▁▄▃▇█▃▃▂,False,False,False,0,-0.06953966699314396,-0.06753042795445618,-0.0808884135674014,-0.11669406359385959,UP,False,15,14.0,IGNORE,NONE,,NEUTRAL,C,WAIT,No standout factor,Technology Services,36.7
INFY,1070.6,1080.0,1094.5,1067.2,True,False,False,False,False,False,0.7049989173165844,1012.05948494,0.716079632834483,False,-0.3087245360429175,False,52.46,True,1.0182749885963296,38.0,-0.28,0,False,▆▆▃▄▅▄█▁▅▅▅▃▅▄▅▇▆▅▆▅,False,False,False,0,0.004880795945184646,-0.07243112112285577,-0.006467950629072794,-0.12159475676225917,UP,False,14,14.0,IGNORE,NONE,,NEUTRAL,C,WAIT,No standout factor,Technology Services,36.7
CHOLAHLDNG,1526.5,1529.7,1563.9,1521.5,False,False,False,False,False,False,0.7439208496394645,16.34560935,0.7056930026754543,False,-0.16460766003817393,False,53.18,False,0.9109986209968223,38.0,-0.21,0,True,▂▃▄▁▂▆▅▄▇▄▄█▅▇▃▇▅▇▄▃,False,False,False,0,-0.072938175634641,-0.0721492827619743,-0.08428692220889844,-0.1213129184013777,UP,False,14,14.0,IGNORE,NONE,,NEUTRAL,C,WAIT,No standout factor,Finance,33.2
TATACONSUM,1080.1,1093.0,1096.5,1079.9,True,False,False,False,False,False,0.748658277949903,134.02042815,0.734875653606699,False,-0.005893976618887967,False,45.7,False,0.8225341972642188,10.0,-1.21,0,True,▆▅▆▃▄▇▃▃█▇▅▅▆▃▄▇▁▄▂▁,False,False,False,0,-0.029472549195794895,-0.08170379187213073,-0.040821295770052335,-0.13086742751153413,UP,False,12,14.0,IGNORE,NONE,,NEUTRAL,C,WAIT,No standout factor,Consumer Non-Durables,33.3
ULTRAMAR,375.9,379.5,385.0,372.3,True,False,False,False,False,True,1.394613309585945,1.31275557,1.368594029156665,False,-0.12879505983804912,False,67.4,True,1.0318669289711184,57.0,0.13,0,False,▃▆█▅▇▅▅▅▄▃▁▄▅▄▅▂▄▄▄▅,False,False,False,0,-0.03504043126684642,-0.09421686746987956,-0.04638917784110386,-0.14338050310928296,UP,False,10,14.0,IGNORE,NONE,,NEUTRAL,C,WAIT,No standout factor,Process Industries,38.1
HDFCLIFE,561.5,564.65,564.8,557.5,True,False,False,False,False,False,0.6308786859340145,141.98218145,0.6222492664832768,False,-0.2342855429546279,False,51.32,False,0.9441286310870723,20.0,-0.82,0,True,▅█▄▇▆▄▅█▇▁▇▃▁▅▄▃▄▆▂▄,False,False,False,0,-0.05970024282006192,-0.0968312691008526,-0.07104898939431936,-0.145994904740256,UP,False,9,14.0,IGNORE,NONE,,NEUTRAL,C,WAIT,No standout factor,Finance,33.2
INDIAMART,1759.7,1772.0,1783.8,1755.0,True,False,False,False,False,False,0.927525305204785,21.08560525,0.8709025280936687,False,-0.22879584585714968,False,63.51,True,1.1014663672074854,50.0,-0.07,0,False,▅▆▆▆▄▃▂▅▃▄█▄▄▅▆▁▂▇▅▆,False,False,False,0,-0.08696103357027962,-0.09712673165726016,-0.09830978014453706,-0.14629036729666356,UP,False,9,14.0,IGNORE,NONE,,NEUTRAL,C,WAIT,No standout factor,Retail Trade,27.1
GODAVARIB,273.9,279.45,283.85,272.8,True,True,False,False,False,False,0.5454008432930757,1.60582092,0.5525953658530809,False,-0.13546262083479277,False,52.98,False,0.9848407394670556,54.0,0.2,0,True,▁▁▇▇▆▄▃▃▃▅▂▆██▄▆▂▅▅▄,False,False,False,0,-0.011726501894281038,-0.10211440747418465,-0.02307524846853848,-0.15127804311358806,UP,False,8,14.0,IGNORE,NONE,,NEUTRAL,C,WAIT,No standout factor,Process Industries,38.1
TATAPOWER,381.35,385.95,388.1,380.0,True,False,False,False,False,False,0.5943067137312835,113.58761441000001,0.5924127374783804,False,-0.2650837530516928,False,44.59,False,0.9482492796155115,44.0,-0.18,0,True,▁▇█▆▆▄▅▅▇▆▄▄▅▄▅▃▂▂▁▄,False,False,False,0,-0.06059859588619276,-0.1253440366972477,-0.0719473424604502,-0.1745076723366511,UP,False,6,14.0,IGNORE,NONE,,NEUTRAL,C,WAIT,No standout factor,Utilities,31.3
RVNL,223.95,226.03,227.6,223.56,True,False,False,False,False,False,1.0711689229497228,88.85243124,1.044686643484967,False,-0.20524370171090497,False,27.2,False,0.8156166601697201,50.0,-0.14,0,True,█▁▇▇▆▆▇▅▆▇█▆▅▇▅▇▅▃▇▄,False,False,False,0,-0.05709233295440197,-0.19093208092485559,-0.06844107952865941,-0.240095716564259,UP,False,2,14.0,IGNORE,NONE,,NEUTRAL,C,WAIT,No standout factor,Industrial Services,19.1
JAINREC,338.45,342.0,346.45,336.15,True,False,False,False,False,False,0.5348872709373842,24.406441779999998,0.5291691067464316,False,-0.010351080963152083,False,30.34,False,0.8844320715941056,28.0,-0.41,0,True,▁▄▇▅▆▅▆▆▇█▇▄▂▆▅▄▅▅▃▃,False,False,False,0,-0.021820809248554895,-0.4062280701754386,-0.033169555822812335,-0.455391705814842,UP,False,1,14.0,IGNORE,NONE,,NEUTRAL,C,WAIT,No standout factor,Non-Energy Minerals,35.2
ZFCVINDIA,2299.1,2315.1,2341.2,2266.0,True,False,False,False,False,False,0.746539883979475,36.79778523,0.7117854781295091,False,-0.2815039793027032,False,47.13,False,0.832516361516653,27.0,-0.54,0,True,▄▄▅▃▆▄▄▆█▅▆▇▅▃▅▄▄▅▁▃,False,False,False,0,-0.14404318689501117,-0.8398732413985235,-0.1553919334692686,-0.8890368770379269,UP,False,0,14.0,IGNORE,NONE,,NEUTRAL,C,WAIT,No standout factor,Producer Manufacturing,29.4
POCL,522.8,534.0,539.7,520.2,True,False,False,False,False,False,0.9121106491404612,18.862519439999996,0.4023474438142755,False,-0.19669527358682787,False,49.67,False,0.9583252942311403,86.0,0.99,0,True,▃▅▃▅▄▂▂▄▁▅▄▂▇▆▅█▅▄▂▃,False,False,False,0,-0.5992026985587244,-0.6599674796747967,-0.6105514451329819,-0.7091311153142001,UP,False,0,14.0,IGNORE,SEED,,NEUTRAL,C,WAIT,No standout factor,Non-Energy Minerals,35.2
BAJAJHCARE,319.65,329.1,329.35,317.4,True,False,False,False,False,False,0.19956194947279826,7.976322344999999,0.18155708419219177,False,-0.29269648898800377,False,33.34,False,0.9260725247559131,23.0,-0.68,0,False,▁▃▃▄▆█▅▅█▇▆█▅▅▅▄▄▃▄▄,False,False,False,8,-0.09357720119098256,0.1625750136388433,-0.10492594776524,0.1134113779994399,FLAT,True,71,13.0,IGNORE,NONE,,NEUTRAL,C,WAIT,No standout factor,Health Technology,34.1
INTERARCH,1827.1,1800.0,1850.0,1800.0,False,False,False,False,False,False,0.7718697117017158,5.046084779999999,0.7648467822439514,False,-0.12659161384987844,False,42.08,False,0.7747756041426928,17.0,-0.8,0,True,▅▄▆▄▆▆▄▄▃▃▅▄▄▇▅▇▄█▃▁,False,False,False,0,-0.04475348983112881,0.11954656862745083,-0.05610223640538625,0.07038293298804743,FLAT,True,64,13.0,IGNORE,NONE,,NEUTRAL,C,WAIT,No standout factor,Producer Manufacturing,29.4
POKARNA,933.3,926.0,961.0,926.0,False,False,False,True,False,False,0.7979013983582947,4.198543379999999,0.7393446248104164,False,-0.306582144779121,False,45.53,False,0.9887293969467307,58.0,0.23,0,True,▆▅▂▅█▆▁▃▁▅▄▃▃▃▂▄▅▄▄▄,False,False,False,0,-0.1218066337332393,0.1230371217134949,-0.13315538030749674,0.0738734860740915,FLAT,True,64,13.0,IGNORE,NONE,,NEUTRAL,C,WAIT,No standout factor,Producer Manufacturing,29.4
PENIND,165.16,164.35,169.0,163.61,False,False,True,False,False,False,0.4193047344193628,3.5552837079999997,0.40619275665421195,False,-0.3529480402739144,False,44.39,False,0.9417929922454306,42.0,-0.01,0,False,█▆▆▆▆▇▇▇██▁▆▇▇▇▇█▆▇▆,False,False,False,3,-0.007928880345987488,0.08479474548440069,-0.019277626920244928,0.03563110984499729,FLAT,True,55,13.0,IGNORE,NONE,,NEUTRAL,C,WAIT,No standout factor,Non-Energy Minerals,35.2
CLSEL,279.3,280.9,287.8,276.0,True,False,False,True,False,False,0.32231286769359235,0.54765144,0.31653824809984443,False,-0.031500716366837024,False,43.03,False,0.8886456569327991,29.0,-0.41,0,True,▄▇▁▅▆▆▅▆▃▅▅▃▄█▅▄▆▄▄▄,False,False,False,0,-0.04053589831672966,0.07216890595009606,-0.0518846448909871,0.02300527031069266,FLAT,True,53,13.0,IGNORE,NONE,,NEUTRAL,C,WAIT,No standout factor,Process Industries,38.1
ZOTA,1283.1,1277.6,1298.3,1262.1,False,False,False,False,False,False,0.6895144910898783,5.00935071,0.6371447797929992,False,-0.27050060917694807,False,50.38,False,0.8818175453336133,37.0,-0.28,0,False,▃▂▄▃▄█▁▄▃▃█▄▄▄▄▃▅▃▅▃,False,False,False,5,-0.08107140299362603,0.06933911159263251,-0.09242014956788347,0.020175475953229105,FLAT,True,52,13.0,IGNORE,NONE,,NEUTRAL,C,WAIT,No standout factor,Health Technology,34.1
SWSOLAR,208.27,209.5,213.0,207.1,False,False,False,False,False,False,0.36129065836139873,18.708123501000003,0.3255953840749228,False,-0.3752059330888226,False,36.06,False,0.982293652955598,35.0,-0.31,0,False,▃▇▅▇▅██▇▆▅▄▆▂▁▆▆▇▆▃▅,False,False,False,4,-0.14765704931450785,0.06717565074810428,-0.1590057958887653,0.018012015108700874,FLAT,True,51,13.0,IGNORE,NONE,,NEUTRAL,C,WAIT,No standout factor,Industrial Services,19.1
IGIL,329.7,336.1,340.1,328.05,True,False,False,False,False,False,1.2098889763814227,23.53586529,1.1476908033533633,False,-0.1479537637750946,False,55.91,False,0.9478439982029786,73.0,0.58,0,True,▇█▁▅▇▇▄▁▅▄▄▃▄▄▅▅▄▄▂▄,False,False,False,0,-0.058806737082500726,0.052345994254707984,-0.07015548365675817,0.0031823586153045813,FLAT,True,47,13.0,IGNORE,NONE,,NEUTRAL,C,WAIT,No standout factor,Commercial Services,33.3
PITTIENG,930.7,923.2,935.0,921.8,False,False,False,True,False,True,0.4739659135988948,1.7624665900000003,0.4646611033844645,False,-0.1830035887057917,True,31.64,False,0.5562881305272782,3.0,-2.2,0,False,█▇▆▆▆▇▁▅▆▇▇██▇▇█▆▆▆▃,False,False,False,0,-0.035544041450777164,0.011685417685743715,-0.046892788025034604,-0.03747821795365969,FLAT,False,35,13.0,IGNORE,NONE,,NEUTRAL,C,WAIT,No standout factor,Producer Manufacturing,29.4
KAMAHOLD,2538.0,2565.8,2585.0,2530.2,False,False,False,False,False,True,0.3322792278283853,0.446688,0.32365828110163847,False,-0.18105438764223122,True,39.63,False,0.6024810726990788,1.0,-2.25,0,False,▆█▇▅██▃▃▄▄▄▂▆▃▅▄▃▅▄▁,False,False,False,1,-0.008593749999999956,-0.042986425339366474,-0.019942496574257396,-0.09215006097876988,UP,False,21,13.0,IGNORE,NONE,,NEUTRAL,C,WAIT,No standout factor,Process Industries,38.1
UTIAMC,904.0,895.0,905.95,888.35,False,False,False,False,False,False,0.4998265390500993,19.0155496,0.47150407415985773,False,-0.05424797390181371,True,45.21,False,0.8351729552486953,14.0,-0.87,0,False,▆▅▆▅▅▆▆▇▅▄▄▇▆▂▄▆▆▁█▄,False,False,False,0,-0.024706009278239294,-0.04550733819026509,-0.036054755852496734,-0.09467097382966849,UP,False,20,13.0,IGNORE,NONE,,NEUTRAL,C,WAIT,No standout factor,Finance,33.2
CAMPUS,219.44,218.4,221.73,217.5,False,False,False,False,False,False,0.13773611269835248,9.525144304,0.12906085309014068,False,-0.3597954889987394,True,34.92,False,0.7759741341955269,19.0,-0.91,0,False,█▆█▆▇█▇▅▆▇▆▇▇▁▄▄▆▅▇▅,False,False,False,0,-0.05556272864213474,-0.04987876688604087,-0.06691147521639218,-0.09904240252544427,UP,False,19,13.0,IGNORE,NONE,,NEUTRAL,C,WAIT,No standout factor,Consumer Non-Durables,33.3
ORIENTELEC,172.98,170.0,175.73,169.51,False,False,False,False,False,False,0.42600128089145617,10.118378609999999,0.42394960927692193,False,-0.7282506392852818,True,33.58,False,0.6918575902422943,13.0,-1.02,0,False,▄▄▅▅█▅▅▅▃▅▄▅▅▅▅▅▂▁▄▃,False,False,False,0,-0.013797035347776654,-0.0901057282625849,-0.025145781922034094,-0.1392693639019883,UP,False,11,13.0,IGNORE,NONE,,NEUTRAL,C,WAIT,No standout factor,Consumer Durables,31.1
DMART,3980.1,3974.8,4009.0,3955.2,False,False,False,False,False,False,0.4600850946360754,125.10727932,0.4455019224391623,False,0.027200668890258108,False,48.55,False,0.9420964799937903,31.0,-0.46,0,False,▆▃▅▂▄▆▄▃█▅▃▃▅▄▇▇▆▁▂▄,False,False,False,0,-0.08093566711310218,-0.09586333795234103,-0.09228441368735962,-0.14502697359174443,UP,False,10,13.0,IGNORE,NONE,,NEUTRAL,C,WAIT,CMF positive,Retail Trade,27.1
SKFINDIA,1481.4,1500.0,1500.0,1470.0,True,False,False,False,False,False,0.7547608770850361,5.47880976,0.7200143201746105,False,-0.17924062009963088,True,51.59,False,0.9427307945325634,34.0,-0.38,0,False,▃▃▄▃▅▃▃▆▃▄▄▅█▄▃▅▁▂▁▃,False,False,False,0,-0.10527269432868269,-0.10828868958044902,-0.11662144090294013,-0.15745232521985242,UP,False,8,13.0,IGNORE,NONE,,NEUTRAL,C,WAIT,No standout factor,Producer Manufacturing,29.4
NTPCGREEN,93.69,96.56,96.96,93.05,True,False,False,False,False,False,0.9132105864174597,74.64656123099999,0.8908594473280723,False,0.021716593965265655,False,43.82,False,0.9184946078790991,33.0,-0.38,0,False,▅▅▆▆▆▇▇▆▆▆▅█▅█▆▅▇▁▂▅,False,False,False,0,-0.008256589393458302,-0.12414695709077317,-0.019605335967715742,-0.17331059273017657,UP,False,6,13.0,IGNORE,NONE,,NEUTRAL,C,WAIT,CMF positive,Utilities,31.3
HINDZINC,535.0,526.95,536.4,524.25,False,False,False,False,False,False,0.8850101154941584,165.6281355,0.8897057816961219,False,-0.27537822391384115,True,42.9,False,0.9731201088805715,63.0,0.37,0,False,▇▅▄▂▇▅▃▃▄▅▅█▄▅▅▄▅▄▁▄,False,False,False,0,-0.06664340544312641,-0.1576129743347504,-0.07799215201738385,-0.2067766099741538,UP,False,4,13.0,IGNORE,NONE,,NEUTRAL,C,WAIT,No standout factor,Non-Energy Minerals,35.2
GUJENERGY,265.55,266.45,267.75,262.5,False,False,False,False,False,False,0.6746217151498115,16.633096020000004,0.6035298677101585,False,-0.25190925700080025,True,0.0,False,0.0,,,0,False,,False,False,False,0,-0.20802266626901278,-0.2666390499861917,-0.21937141284327022,-0.3158026856255951,UP,False,1,13.0,IGNORE,NONE,,NEUTRAL,C,WAIT,No standout factor,Utilities,31.3
KROSS,190.31,205.0,205.0,189.0,True,False,False,True,False,False,0.8136244952665759,27.705463017000003,0.7510316547691748,False,-0.14057045238437868,False,35.03,False,0.8151440405826779,39.0,-0.22,0,False,▇▇▆▅▇█▅▅▇▇▅▅▆▄▁▂▃▃▄▄,False,False,False,0,0.018027174494490206,0.03143461059021191,0.006678427920232766,-0.017729025049191494,UP,False,42,12.0,IGNORE,NONE,,NEUTRAL,C,WAIT,No standout factor,Producer Manufacturing,29.4
BAJEL,177.74,179.51,182.09,176.9,True,False,False,False,False,False,0.35005808822468426,1.5954297880000001,0.33519108584881824,False,-0.08154136092237858,False,58.62,True,1.1814618120987976,79.0,0.76,0,True,▆▆▅▇▅▆▂▅▄▅█▇▇▆▅▇▁▄▅▇,False,False,False,0,-0.07605135935956753,0.027458234580033603,-0.08740010593382497,-0.0217054010593698,FLAT,False,40,12.0,IGNORE,NONE,,NEUTRAL,C,WAIT,No standout factor,Industrial Services,19.1
CANBK,127.62,128.82,131.2,127.19,True,True,False,False,False,False,0.8024962201000434,313.195355928,0.8070912009107336,False,-0.27917898878568276,False,27.54,False,0.5564873002081271,0.0,-2.3,0,False,██▆▄▆▅▅▇▆▅▆▆▄▇▆▄▄▅▇▁,False,False,False,0,-0.05340453938584766,-0.0186851211072665,-0.0647532859601051,-0.0678487567466699,UP,False,26,12.0,IGNORE,NONE,,NEUTRAL,C,WAIT,No standout factor,Finance,33.2
KNRCON,122.58,122.25,123.01,121.5,False,False,False,False,False,False,0.573738058758237,4.2062223780000005,0.553309503823731,False,-0.29035287648795005,False,51.94,True,1.0322349854922692,77.0,0.54,0,True,▃▄▄▆▄▂▃▂▃▂█▅▂▅▁▁█▇▃▄,False,False,False,0,-0.0803511141120864,-0.01904609475032004,-0.09169986068634384,-0.06820973038972344,FLAT,False,26,12.0,IGNORE,NONE,,NEUTRAL,C,WAIT,No standout factor,Industrial Services,19.1
KEI,4873.0,4902.0,4945.0,4850.0,False,False,False,True,False,True,0.3868391798918559,66.414117,0.3638650641463051,False,-0.07575999471154193,False,37.66,False,0.8515641782270008,16.0,-0.89,0,False,▃▃▄▄▆▄▃▅▆▅▂▄▄█▆▅▁▅▂▃,False,False,False,0,-0.10619955979457085,-0.04227511251744276,-0.11754830636882829,-0.09143874815684616,FLAT,False,21,12.0,IGNORE,NONE,,NEUTRAL,C,WAIT,No standout factor,Producer Manufacturing,29.4
DLINKINDIA,447.65,456.0,456.9,445.1,True,False,False,False,False,False,0.276062270438446,3.4286408799999997,0.2421911733921018,False,-0.09050633803658345,False,51.13,True,1.042809651037099,48.0,0.06,0,False,█▆▆█▇▇▄▇▃▅▄▄▄▃▄▂▅▄▁▅,False,False,False,7,-0.1366441658630666,-0.04163990580175558,-0.14799291243732404,-0.09080354144115899,FLAT,False,21,12.0,IGNORE,NONE,,NEUTRAL,C,WAIT,No standout factor,Electronic Technology,24.6
SAIL,162.62,162.9,166.5,162.1,False,False,False,True,False,False,0.9871329634746364,222.279765182,0.9571065217399195,False,-0.19587184041045516,False,37.75,False,0.9009439028173888,49.0,-0.11,0,False,█▆▇▂▇▁▃▃▂▃▄▃▆▁▅▅▂▅▃▃,False,False,False,0,-0.07196256348798713,-0.15622892128884958,-0.08331131006224457,-0.20539255692825298,UP,False,4,12.0,IGNORE,NONE,,NEUTRAL,C,WAIT,No standout factor,Non-Energy Minerals,35.2
VIPIND,296.25,295.5,299.55,295.1,False,False,False,False,False,False,0.2597425969035,1.325511375,0.25446204416864,False,-0.09825670645960542,True,50.66,False,0.9623037544282879,51.0,0.01,0,True,▄▆▄▆▅▅▆▇▄██▃█▁▆▆█▆▇▅,False,False,False,0,-0.03281096963761021,0.012993674132330435,-0.04415971621186765,-0.03616996150707297,FLAT,False,36,11.0,IGNORE,NONE,,NEUTRAL,C,WAIT,No standout factor,Consumer Durables,31.1
FINPIPE,163.83,165.0,166.85,163.5,False,False,False,False,False,False,0.5938776638124423,4.761931929000001,0.5756203734449749,False,-0.3063146291401408,True,49.51,False,0.967729325071832,54.0,0.06,0,True,▁▄▂▄▄▅▇▂▄▄▅▄▅█▅▇▃█▂▄,False,False,False,0,-0.061253724501489804,0.0013446610842857698,-0.07260247107574724,-0.04781897455511763,FLAT,False,32,11.0,IGNORE,NONE,,NEUTRAL,C,WAIT,No standout factor,Producer Manufacturing,29.4
REDTAPE,127.28,126.99,130.28,126.52,False,False,False,False,False,False,0.48062804077434956,2.2442900559999996,0.4564926030555604,False,-0.29779909746969196,True,46.85,True,1.0230933013047987,50.0,0.09,0,False,▅▅▇▆▆▇▅▆▆▆▇▆█▁▅▆▆▆▄▆,False,False,False,0,-0.055576166802700944,0.0007862871520678549,-0.06692491337695838,-0.04837734848733555,FLAT,False,32,11.0,IGNORE,NONE,,NEUTRAL,C,WAIT,No standout factor,Retail Trade,27.1
RATNAMANI,2404.3,2400.8,2435.7,2395.1,False,False,False,False,False,False,0.4664866057419428,4.092359030000001,0.43861575973980005,False,-0.2774611231302398,True,56.89,False,0.948467014554609,67.0,0.32,0,True,█▅▂▁▆▃▆▅▅▅▄▂▄▄▆▇▆▅▃▄,False,False,False,0,-0.06454750603065895,-0.025178397664612384,-0.07589625260491639,-0.07434203330401579,FLAT,False,24,11.0,IGNORE,NONE,,NEUTRAL,C,WAIT,No standout factor,Non-Energy Minerals,35.2
ITI,276.1,277.45,279.85,275.55,False,False,False,False,False,False,0.2763506091313674,3.9116191400000004,0.2646652377008357,False,-0.46282965841186896,True,38.59,True,1.1734119864992247,85.0,1.06,0,False,▅▃▇▆▅▇▆▅▅▅█▃▁▃▅▃▇▆▅▆,False,False,False,0,-0.06754474839581226,-0.028671943711521486,-0.0788934949700697,-0.07783557935092489,FLAT,False,24,11.0,IGNORE,SEED,,NEUTRAL,C,WAIT,No standout factor,Communications,26.7
TATACOMM,1735.2,1787.7,1796.9,1713.0,True,False,False,False,False,False,0.9777730219523963,67.22720063999999,0.911761908726359,False,-0.1761458306237953,False,50.77,False,0.9941159769338465,46.0,-0.08,0,True,▇▆▇▅▅▇▅▆█▆▄▄▆▆▆▆▁▅▇▆,False,False,False,0,-0.1295274405538277,0.040038360105490334,-0.14087618712808514,-0.009125275533913069,FLAT,False,44,10.0,IGNORE,NONE,,NEUTRAL,C,WAIT,No standout factor,Communications,26.7
RAMCOCEM,919.75,907.0,926.0,907.0,False,False,False,False,False,False,0.34079194465323337,5.387803525,0.33650071711589175,False,-0.07082788134674353,False,55.63,True,1.087776930447195,55.0,-0.01,0,False,▆█▆▁▃▁▃▂▃▃▂▃▂▂▃▂▃▅▃▄,False,False,False,0,-0.010702377110896055,0.03128328754835441,-0.022051123685153495,-0.017880348091048992,FLAT,False,42,10.0,IGNORE,NONE,,NEUTRAL,C,WAIT,No standout factor,Non-Energy Minerals,35.2
NIACL,165.57,166.81,169.0,163.89,True,False,False,False,False,False,1.2393000073722158,35.306163357,1.1250703293214623,False,-0.14825989242368265,False,27.01,False,0.9839170901407939,28.0,-0.58,0,True,▅▁▂▃▃▄▄▄▆▄█▄▅█▄▅▆▆▄▄,False,False,False,0,-0.08721539224874575,0.018328310474198917,-0.09856413882300319,-0.030835325165204486,FLAT,False,37,10.0,IGNORE,NONE,,NEUTRAL,C,WAIT,No standout factor,Finance,33.2
GREENPANEL,191.86,193.31,197.19,191.1,True,False,False,False,False,False,0.6591064865433269,1.9962649280000002,0.6479157105301256,False,-0.18881152811386842,False,52.74,True,1.049374732632291,50.0,0.09,0,False,▆▇▆▅▆▃▆▄▁▆▇▃█▃▄▅▇▃█▆,False,False,False,0,-0.0023918469217969474,0.009205196991215692,-0.013740593496054387,-0.03995843864818771,UP,False,35,10.0,IGNORE,NONE,,NEUTRAL,C,WAIT,No standout factor,Non-Energy Minerals,35.2
LGBBROSLTD,1553.8,1540.4,1575.0,1536.7,False,False,False,False,False,False,0.9075087339090345,2.7587719,0.899581863500858,False,-0.09220053564481472,False,59.17,True,1.1010420543356905,82.0,0.86,0,False,▇▇▇▃▃▆▄▁█▅▅▃▂▄▄▅▆▄▆▆,False,False,False,0,-0.028996375453068435,0.005891111542694283,-0.040345122027325875,-0.04327252409670912,UP,False,34,10.0,IGNORE,NONE,,NEUTRAL,C,WAIT,No standout factor,Producer Manufacturing,29.4
WAAREERTL,931.3,949.1,955.0,927.6,True,False,False,False,False,False,1.0653026860430614,25.11166633,0.9957214857872132,False,-0.20909533587601942,False,34.73,False,0.8030614840335745,37.0,-0.26,0,True,▆▃▅█▇▄▆▄▆▆▅▆█▂█▇▆▃▁▃,False,False,False,0,-0.08087836170737728,-0.0026772328121653644,-0.09222710828163472,-0.05184086845156877,FLAT,False,31,10.0,IGNORE,NONE,,NEUTRAL,C,WAIT,No standout factor,Utilities,31.3
VEEDOL,1392.3,1408.9,1413.5,1385.1,True,False,False,False,False,False,1.164290903625022,1.29414285,1.1306324929136826,False,-0.1457020622860745,False,60.72,False,0.9998600327687989,67.0,0.36,0,True,█▄▃▅▃▂▆▅▃▅▄▄▇▁▅█▆▁▂▄,False,False,False,0,-0.03893145578794788,-0.013462764826755458,-0.05028020236220532,-0.06262640046615886,UP,False,28,10.0,IGNORE,NONE,,NEUTRAL,C,WAIT,No standout factor,Energy Minerals,35.2
EIHAHOTELS,316.95,312.0,320.9,312.0,False,False,False,False,False,False,0.43280124239415463,0.215526,0.4271720752806459,False,-0.10724998533172123,False,60.07,True,1.0576262830783316,74.0,0.68,0,False,▇▄▄▆▅▄▇▁▃▆▅▆▆▅▇▄▄█▃▆,False,False,False,0,-0.021608272881617485,-0.016904466501240667,-0.032957019455874925,-0.06606810214064407,UP,False,26,10.0,IGNORE,NONE,,NEUTRAL,C,WAIT,No standout factor,Consumer Services,34.2
BANKBARODA,248.1,254.85,257.0,247.3,True,False,False,False,False,False,0.9870444349084829,333.37794921,0.94964262423636,False,-0.2964994292683256,False,32.69,False,0.6302658723272987,1.0,-2.44,0,True,▅▆▃▆▇▇▆▆▆█▇▄▆▅▇▆▆▄▂▁,False,False,False,0,-0.1326691137912953,-0.029532564052415444,-0.14401786036555275,-0.07869619969181885,FLAT,False,24,10.0,IGNORE,NONE,,NEUTRAL,C,WAIT,No standout factor,Finance,33.2
MBEL,296.95,298.25,304.0,295.9,False,False,False,False,False,False,0.5859779831550619,2.97686436,0.5432382292016004,False,-0.19391792686141066,False,52.19,True,1.0201927399964814,72.0,0.68,0,False,▆▂▆▇▆▇█▅▆▅▅▆▅▁▇▆▇█▄▆,False,False,False,1,-0.03697097454191678,-0.03743922204213945,-0.04831972111617422,-0.08660285768154286,UP,False,22,10.0,IGNORE,NONE,,NEUTRAL,C,WAIT,No standout factor,Producer Manufacturing,29.4
SHARDAMOTR,834.55,834.0,847.0,831.3,False,False,False,False,False,False,0.46163912147357167,1.45144936,0.4419557126286077,False,-0.19768199711558576,False,46.5,False,0.8094981111710738,17.0,-0.78,0,True,▇▃▅▅▅▃▃▁▃▆▆▆▃█▅▇▃▂▂▁,False,False,False,2,0.004392827055000659,-0.04666438199680145,-0.006955919519256781,-0.09582801763620485,UP,False,20,10.0,IGNORE,NONE,,NEUTRAL,C,WAIT,No standout factor,Producer Manufacturing,29.4
KIOCL,355.35,352.0,359.2,352.0,False,False,False,False,False,False,0.9268477607448674,2.254518075,0.8725627031581612,False,-0.4581317152885695,False,41.12,False,0.8995351380913317,82.0,0.83,0,True,▂▄▅▁▅▃▅▁▂▃▃▄▄▄▅▅█▄▄▃,False,False,False,0,-0.09129267357115456,-0.06646525679758297,-0.102641420145412,-0.11562889243698637,UP,False,15,10.0,IGNORE,NONE,,NEUTRAL,C,WAIT,No standout factor,Non-Energy Minerals,35.2
JAGRAN,62.31,63.49,63.69,62.1,True,False,False,False,False,False,0.8275456169830764,1.109167848,0.8124317813616628,False,-0.31017409520598027,False,58.18,False,0.9022253237186942,14.0,-0.93,0,True,▄▅▄▇▇█▃▁▄▅▄▃▇▃▇▂▆█▄▃,False,False,False,0,-0.03425294482331054,-0.07110912343470477,-0.04560169139756798,-0.12027275907410817,UP,False,14,10.0,IGNORE,NONE,,NEUTRAL,C,WAIT,No standout factor,Consumer Services,34.2
JINDALPOLY,635.4,637.6,646.95,633.3,True,False,False,False,False,False,0.26207346258302183,0.49542137999999997,0.2533636622818589,False,-0.11616334673951877,False,48.49,False,0.8986036340724406,59.0,0.24,0,True,▅▆▁▃▃▅▅▃█▂▃▆▅▅▄▃▃▄▄▃,False,False,False,0,-0.004309331661835003,-0.07786082287207019,-0.015658078236092443,-0.1270244585114736,UP,False,12,10.0,IGNORE,NONE,,NEUTRAL,C,WAIT,No standout factor,Process Industries,38.1
DRREDDY,1150.8,1154.7,1159.3,1147.2,True,False,False,False,False,False,0.33740381837253375,121.15841052,0.30671616851982836,False,-0.0909902066032253,False,46.58,False,0.9314230296243713,20.0,-0.79,0,False,▅▄▂▁▅▅▁▂▅▄▇▅█▅█▅▄▁▆▃,False,False,False,4,-0.14787115883006297,-0.09049237335019367,-0.1592199054043204,-0.13965600898959707,FLAT,False,10,10.0,IGNORE,NONE,,NEUTRAL,C,WAIT,No standout factor,Health Technology,34.1
ESABINDIA,5621.5,5699.0,5703.5,5602.0,True,False,False,False,False,False,0.6936356961117467,1.14172665,0.6764074881774639,False,-0.05035183480715071,False,54.16,False,0.9242793999692817,52.0,0.1,0,True,▆▅▅▃▆▇▆▆▅▆█▄▅▆▁▆▅▄▆▄,False,False,False,0,-0.023197219808861913,-0.13952242461350073,-0.03454596638311935,-0.18868606025290413,UP,False,5,10.0,IGNORE,NONE,,NEUTRAL,C,WAIT,No standout factor,Producer Manufacturing,29.4
LGHL,205.19,206.0,212.99,204.0,False,False,False,False,False,False,0.7989542442731958,0.418874866,0.7676722705624073,False,-0.2729440361182445,False,13.69,False,0.5832108547937035,53.0,-0.33,0,True,▅▁▃▆█▄▇▆▆▅▂▃▃▃█▂▅▂▃▃,False,False,False,0,-0.07572072072072078,-0.139123138242081,-0.08706946729497822,-0.1882867738814844,UP,False,5,10.0,IGNORE,NONE,,NEUTRAL,C,WAIT,No standout factor,Consumer Durables,31.1
GMRP&UI,97.62,98.17,98.9,97.52,False,False,False,False,False,False,0.2937744148401688,2.37685176,0.2883717522724313,False,-0.18740315809358926,False,50.83,True,1.029916824541319,61.0,0.12,0,False,▆▃▄▆▅▄▅▄▄▄▅▃██▃▅▁▃▃▅,False,False,False,0,-0.014536644457904258,-0.14630520332313068,-0.025885391032161698,-0.19546883896253409,UP,False,4,10.0,IGNORE,NONE,,NEUTRAL,C,WAIT,No standout factor,Industrial Services,19.1
MANINFRA,98.38,97.15,98.93,97.15,False,False,False,False,False,False,0.2602092493784144,2.9896501439999996,0.24907396882505686,False,-0.37845321816954947,False,34.77,True,1.1486620416253717,20.0,-0.82,0,False,▂▂▁▂▃▅▃▁▂▂▃▄▄▄▅█▂▁▁▃,False,False,False,0,-0.05982415902140681,-0.1734162325659553,-0.07117290559566425,-0.2225798682053587,UP,False,3,10.0,IGNORE,NONE,,NEUTRAL,C,WAIT,No standout factor,Finance,33.2
INFOBEAN,157.14,159.69,161.8,156.1,True,False,False,False,False,False,0.48664893669915443,3.460584222,0.46701072525466114,False,-0.07228103619245939,False,33.0,False,0.9657170449058428,49.0,-0.23,0,True,▃▃▅▁▃▄▅▅▃▅█▃▄▆▅▄▅▅▂▄,False,False,False,0,0.0022962112514350874,0.05811056494512146,-0.009052535322822353,0.008946929305718054,FLAT,True,49,9.0,IGNORE,NONE,,NEUTRAL,C,WAIT,No standout factor,Technology Services,36.7
GKENERGY,136.69,137.48,138.69,135.61,False,False,False,False,False,False,0.41487921079583623,4.175811155,0.3985804540623893,False,-0.32136643656800784,False,42.37,False,0.9235866639055704,44.0,-0.14,0,True,▅▆▂▆▂▅▃▄█▅▇▅█▆▁▆█▆▅▄,False,False,False,0,-0.03187194560521278,0.05756286266924571,-0.04322069217947022,0.008399227029842304,FLAT,True,48,9.0,IGNORE,NONE,,NEUTRAL,C,WAIT,No standout factor,Industrial Services,19.1
AHLUCONT,830.65,836.05,843.95,824.0,False,False,False,False,False,False,0.6524703933725878,2.084350045,0.6429762813352756,False,-0.038041202021472396,False,50.86,False,0.9300964659626022,36.0,-0.2,0,True,▆▇▇██▇▆▅▆▆▆▆▅▄▅▅▇█▁▆,False,False,False,0,-0.046380804775845275,0.05198834853090162,-0.057729551350102715,0.0028247128914982156,FLAT,True,47,9.0,IGNORE,NONE,,NEUTRAL,C,WAIT,No standout factor,Industrial Services,19.1
PRINCEPIPE,265.65,263.6,267.3,261.25,False,False,False,False,False,False,0.7882902120609405,3.0890844599999996,0.7716874798009994,False,-0.11590345022747459,False,50.7,False,0.9518892278807791,63.0,0.44,0,True,▇▆▅█▇▆▅▁▆▆▄▅▆▇▄▇▇▄▃▅,False,False,False,0,-0.06887486855941127,0.050622898951947715,-0.08022361513366871,0.0014592633125443122,FLAT,True,46,9.0,IGNORE,NONE,,NEUTRAL,C,WAIT,No standout factor,Producer Manufacturing,29.4
TARIL,302.5,299.8,303.8,293.15,False,False,False,False,False,False,0.48661689285335297,45.38077775,0.4364620316258421,False,-0.1027745993801706,True,35.68,False,0.9413130367106808,47.0,-0.11,0,False,▁▁▄▇▂▆▄▄▆▆▆▅▆▄▄▃▅█▄▄,False,False,False,2,-0.09104567307692313,0.03436484869208423,-0.10239441965118057,-0.014798786947319176,FLAT,False,43,9.0,IGNORE,NONE,,NEUTRAL,C,WAIT,No standout factor,Producer Manufacturing,29.4
PETRONET,272.9,275.1,276.45,272.0,True,False,False,False,False,False,0.6196179378454635,35.697448619999996,0.6119443916472542,False,-0.03555870721181674,True,59.64,False,0.9787237534154406,60.0,0.34,0,False,█▆▅▇▅▆▆▃▁▂█▇▆▄▆█▇▃▅▅,False,False,False,0,-0.029688888888888987,0.0292287384499339,-0.04103763546314643,-0.019934897189469503,FLAT,False,41,9.0,IGNORE,NONE,,NEUTRAL,C,WAIT,No standout factor,Utilities,31.3
UGROCAP,95.65,94.68,97.0,93.63,False,False,False,False,False,False,0.9755340390736974,1.7222834650000003,0.9649340909564282,False,-0.010442784290852642,True,48.72,False,0.8866000018197866,25.0,-0.55,0,False,▇▁▇▇▇▅▅▅██▆▆▅▆▅▇▆█▆▅,False,False,False,0,-0.016047731714844082,-0.015541375051461359,-0.027396478289101522,-0.06470501069086476,UP,False,27,9.0,IGNORE,NONE,,NEUTRAL,C,WAIT,No standout factor,Finance,33.2
VENTIVE,617.8,621.9,622.9,613.6,False,False,False,False,False,False,0.9392718978715089,0.9502381799999999,0.9323558395085452,False,-0.26132814276447514,True,53.41,False,0.9967713640520313,38.0,-0.43,0,False,▅▅▆▇▅▇█▁▅▇█▅▆▆▄▅█▆▄▆,False,False,False,0,-0.017493638676844836,-0.02393553993206432,-0.028842385251102276,-0.07309917557146772,UP,False,25,9.0,IGNORE,NONE,,NEUTRAL,C,WAIT,No standout factor,Consumer Services,34.2
VESUVIUS,450.95,450.05,457.65,449.2,True,False,False,False,False,False,0.2940558248449297,1.4604466699999998,0.28318849840972177,False,-0.4426489560080727,True,54.1,False,0.9654421671589053,47.0,-0.03,0,False,▆▃▁▆▅▅▅▅▅▆█▆▃▇▃▅▆▆▂▄,False,False,False,0,-0.030319320503171765,-0.03622568924983971,-0.041668067077429205,-0.08538932488924311,UP,False,22,9.0,IGNORE,NONE,,NEUTRAL,C,WAIT,No standout factor,Non-Energy Minerals,35.2
JARO,478.55,480.5,480.55,472.4,False,False,False,False,False,False,0.9266931558421013,4.835508475,0.8789151240628649,False,-0.21856801582910698,True,14.73,False,0.4308466297146702,8.0,-1.51,0,False,▄▅▃▇▄▂▄▃▄▂█▄▃▅▁▅▇▇▃▁,False,False,False,0,-0.04661818906265558,-0.04289999999999994,-0.05796693563691302,-0.09206363563940334,UP,False,21,9.0,IGNORE,NONE,,NEUTRAL,C,WAIT,No standout factor,Technology Services,36.7
MIDWESTLTD,1243.4,1255.0,1257.9,1232.4,False,False,False,False,False,False,0.2771640018372511,0.63400966,0.26312789416884264,False,-0.06855836769291297,True,49.76,False,0.9657260412219074,75.0,0.74,0,False,▁▄▅▃▅▃▄▅▆▅▆▅▅▅▆▇█▃▅▄,False,False,False,0,-0.006789679686875938,-0.05667248311964179,-0.018138426261133378,-0.1058361187590452,UP,False,17,9.0,IGNORE,NONE,,NEUTRAL,C,WAIT,No standout factor,Non-Energy Minerals,35.2
ORKLAINDIA,565.85,556.75,572.2,556.05,False,False,False,False,False,False,0.7406544193773625,2.17580642,0.709867739387171,False,-0.3407337328951788,True,51.43,False,0.7990429506948707,30.0,-0.46,0,False,▃▄▂▃▃▃▅▄▄▅▅▄▂█▂▅▃▄▃▁,False,False,False,0,-0.08141233766233757,-0.10509251937371489,-0.09276108423659502,-0.1542561550131183,UP,False,8,9.0,IGNORE,NONE,,NEUTRAL,C,WAIT,No standout factor,Consumer Non-Durables,33.3
PRSMJOHNSN,108.55,108.91,109.69,108.2,False,False,False,False,False,False,0.4023390659896508,0.540503015,0.3874852681257237,False,-0.2796566979083016,True,48.31,False,0.8967386260278803,45.0,-0.01,0,False,▇▅▅▆▆█▅▂▄▅▅▄▄█▄▁▅▅▁▄,False,False,False,0,-0.07656316461080392,-0.14101448128511518,-0.08791191118506136,-0.19017811692451858,UP,False,5,9.0,IGNORE,NONE,,NEUTRAL,C,WAIT,No standout factor,Non-Energy Minerals,35.2
TCC,268.05,282.0,282.3,265.15,True,False,False,False,False,False,0.7289652746248283,0.64986042,0.6598460261320024,False,-0.5619767579668801,True,54.61,False,0.9060742313882298,29.0,-0.47,0,False,▇▅▅▇▆▇▄▆▃▁▄▅▆▆▅▅▆▅█▅,False,False,False,0,-0.14114066004485748,-0.2716032608695652,-0.15248940661911492,-0.3207668965089686,UP,False,1,9.0,IGNORE,NONE,,NEUTRAL,C,WAIT,No standout factor,Distribution Services,36.5
JIOFIN,233.29,234.0,235.78,232.35,True,False,False,False,False,False,0.5074625970676307,214.404754578,0.4952106620942321,False,-0.3252986549632447,False,44.96,False,0.9911161078411922,42.0,-0.28,0,False,▇▆▆▇▆▇█▃▇▄█▆▇▁▆▅▇▆▅▆,False,False,False,0,-0.023359986603591953,0.012235865839371751,-0.034708733177849393,-0.03692776980003165,UP,False,35,8.0,IGNORE,NONE,,NEUTRAL,C,WAIT,No standout factor,Finance,33.2
ABSLAMC,989.2,1005.1,1016.9,976.8,True,False,False,True,False,False,1.1381715399889016,46.431267440000006,1.0207282226440721,False,-0.08212994048426371,False,48.16,False,0.9013325348106003,31.0,-0.41,0,False,▂▅▅▆▄▄▄▄▃█▆▄▇▇▅▁▂▅▄▃,False,False,False,1,-0.1551076187222411,0.0020259319286872746,-0.16645636529649854,-0.04713770371071613,FLAT,False,33,8.0,IGNORE,NONE,,NEUTRAL,C,WAIT,No standout factor,Technology Services,36.7
WPIL,440.65,453.95,462.8,436.5,True,False,False,True,False,True,1.2293457392582319,3.6638284899999998,1.1818926607732165,False,-0.4960945700230476,False,42.85,False,0.8014588983447116,10.0,-1.01,0,False,▅█▅▄▄▆▅▄▅▅▅▇▃▂▄▅▅▅▁▄,False,False,False,0,-0.09619526202440787,-0.00575361010830322,-0.10754400859866531,-0.05491724574770662,FLAT,False,30,8.0,IGNORE,NONE,,NEUTRAL,C,WAIT,No standout factor,Producer Manufacturing,29.4
GVT&D,4500.0,4480.0,4522.9,4444.9,False,False,False,True,False,False,0.4743901006201352,241.7445,0.4500356470927284,False,-0.010164549057214626,False,49.49,False,0.9780632411067194,23.0,-0.76,0,False,▆▄▆▄▄▅▄▅▆▅▆▁▃▅▇▇▂██▅,False,False,False,0,-0.180999180999181,-0.02713220192411636,-0.19234792757343844,-0.07629583756351976,FLAT,False,24,8.0,IGNORE,NONE,,NEUTRAL,C,WAIT,No standout factor,Producer Manufacturing,29.4
AWL,187.64,188.19,190.71,187.12,True,False,False,False,False,False,0.2088278009868529,14.837276484,0.20817561451288072,False,-0.032276961508165294,False,47.16,False,0.9588971462846801,33.0,-0.38,0,False,▅▅▅▁▆▆▆▅▇█▇▆█▅▆▄▆▅▆▅,False,False,False,0,0.027207532709257132,-0.05883533129357488,0.01585878613499969,-0.10799896693297828,UP,False,17,8.0,IGNORE,NONE,,NEUTRAL,C,WAIT,No standout factor,Process Industries,38.1
CIEINDIA,413.4,417.0,423.0,410.45,True,False,False,False,False,False,0.75435882801813,16.9988013,0.7194754230717945,False,-0.40071217527269526,False,43.85,False,0.8339990109931912,18.0,-0.71,0,False,▆▆▆▇▅▆█▅▆▇▇▅█▆▄▇▅▁▃▄,False,False,False,0,-0.09915014164305946,-0.09052909470905302,-0.1104988882173169,-0.13969273034845642,UP,False,10,8.0,IGNORE,NONE,,NEUTRAL,C,WAIT,No standout factor,Producer Manufacturing,29.4
ICRA,4745.0,4801.0,4871.0,4731.0,True,False,False,False,False,False,0.7498685198180933,10.9263115,0.6856947983076526,False,-0.41580293132176005,False,59.46,False,0.9480909822930536,56.0,0.02,0,False,▃▂▅▄▄▅▁▅█▇▂▂▂▂▂▁▁▁▅▂,False,False,False,0,-0.10200605601816803,-0.11556383970177075,-0.11335480259242547,-0.16472747534117416,UP,False,7,8.0,IGNORE,NONE,,NEUTRAL,C,WAIT,No standout factor,Commercial Services,33.3
RALLIS,221.59,220.0,227.07,220.0,False,False,False,False,False,False,0.8467484695407989,27.312806697000003,0.8125343644974924,False,-0.30178275841170915,False,46.12,False,0.9277064810717303,48.0,-0.05,0,False,▃▄▂▃▃▅▄▃▆█▅▂▄▅▃▁▂▄▃▃,False,False,False,0,-0.013357673983703688,-0.13305946791862278,-0.02470642055796113,-0.18222310355802618,UP,False,5,8.0,IGNORE,NONE,,NEUTRAL,C,WAIT,No standout factor,Process Industries,38.1
NATIONALUM,339.35,345.1,346.05,338.35,True,False,False,False,False,False,0.4423603717042837,131.1838869,0.4315489597767381,False,-0.16689943993986878,False,45.69,False,0.9870595605867484,76.0,0.6,0,False,▄▅▆▁▅▆▅▅▅▅▆█▇█▅▇▇▃▃▅,False,False,False,0,-0.023172135866436294,-0.15257834935697334,-0.034520882440693734,-0.20174198499637674,UP,False,4,8.0,IGNORE,NONE,,NEUTRAL,C,WAIT,No standout factor,Non-Energy Minerals,35.2
TVSSRICHAK,3972.5,3970.0,4079.0,3968.0,False,False,False,True,False,False,0.7288513948424383,1.05708225,0.6941531880114413,False,-0.19485716862075556,False,39.61,False,0.7544833760321528,14.0,-0.94,0,False,▄▄▁▅▁▂▅▃▃▃▄█▄▅█▄▃▄▁▁,False,False,False,2,-0.03128657822863834,0.1344489819230661,-0.04263532480289578,0.08528534628366269,FLAT,True,67,7.0,IGNORE,NONE,,NEUTRAL,C,WAIT,No standout factor,Consumer Durables,31.1
AAVAS,1390.6,1398.0,1398.0,1380.3,False,False,False,False,False,False,0.2270319709353125,2.8581001799999997,0.2144332781514049,False,-0.2551671061876481,False,49.1,False,0.9575349812295842,19.0,-0.78,0,False,▅▆▆▆▄▆█▄▆▂▄▃▅▂▄▃▄▂▁▄,False,False,False,10,-0.06281169968998523,0.038381123058542244,-0.07416044626424267,-0.010782512580861159,FLAT,False,44,6.0,IGNORE,NONE,,NEUTRAL,C,WAIT,No standout factor,Finance,33.2
JPOLYINVST,1043.1,1026.4,1057.9,1026.4,False,False,False,False,False,False,0.4277840917196483,0.46918637999999996,0.40026696158519126,False,-0.061822938936673226,False,40.75,False,0.733256558822471,35.0,-0.26,0,True,▁▄▄▄▅▅▆▄▆█▅▅▂▅▅▆▆▄▅▃,False,False,False,0,-0.052071973827699125,0.03441094803649336,-0.06342072040195657,-0.014752687602910042,FLAT,False,43,6.0,IGNORE,NONE,,NEUTRAL,C,WAIT,No standout factor,Finance,33.2
HITECH,86.74,85.49,87.25,85.36,False,False,False,False,False,False,0.4297554315262366,2.5118949859999997,0.4263023019887448,False,-0.03871805857572206,False,53.46,False,0.9848205732812614,66.0,0.5,0,True,█▇▇▁▅▅▇▇▅▆▆▆▆▅▇▆▆▇▆▆,False,False,False,0,-0.04101713653952466,0.02687344619391485,-0.0523658831137821,-0.02229018944548855,FLAT,False,40,6.0,IGNORE,NONE,,NEUTRAL,C,WAIT,No standout factor,Non-Energy Minerals,35.2
STUDDS,443.45,454.95,456.6,443.0,True,False,False,False,False,False,1.0100858868397893,2.21387978,0.9782123608520501,False,-0.22425000331924466,False,56.3,False,0.9587303209107086,49.0,0.06,0,True,▅▅▂▄▂▂▁▁▃▃▄▂▃█▄▄▃▂▃▃,False,False,False,0,-0.058492569002123185,0.014759725400457668,-0.06984131557638062,-0.034403910238945734,FLAT,False,36,6.0,IGNORE,NONE,,NEUTRAL,C,WAIT,No standout factor,Consumer Durables,31.1
JSWDULUX,2944.0,2960.0,2970.0,2910.1,False,False,False,False,False,False,0.37180491202514526,3.0959104,0.3532895710028417,False,-0.18830585815121584,False,36.59,False,0.7898287157458476,5.0,-1.41,0,False,▄▂█▅▅▃▂▅▂▅▅▄▃▃▁▃▂▄▁▂,False,False,False,3,-0.09773514358392843,0.005224160890497487,-0.10908389015818587,-0.043939474748905916,FLAT,False,33,6.0,IGNORE,NONE,,NEUTRAL,C,WAIT,No standout factor,Process Industries,38.1
GMBREW,905.6,913.95,913.95,897.0,False,False,False,False,False,False,0.12674591618226613,1.33494496,0.12036928220552093,False,-0.4451409647479664,False,50.15,True,1.0852746729568594,75.0,0.75,0,False,▇▇▇█▆▇▅▁▅▆▄▇▆▇▆▆▅██▇,False,False,False,2,-0.03813064259160914,0.0008841732979665284,-0.04947938916586658,-0.048279462341436874,FLAT,False,32,6.0,IGNORE,NONE,,NEUTRAL,C,WAIT,No standout factor,Consumer Non-Durables,33.3
SWARAJENG,3605.4,3623.7,3623.7,3577.0,False,False,False,False,False,False,0.2487141577993878,2.15314488,0.235372240385658,False,-0.2838223916894422,False,57.5,True,1.088932656616923,69.0,0.51,0,False,▇██▆▇▇▅▇▇▇█▇▇▇▁▇▆▇▆▇,False,False,False,2,-0.08977530926533706,-0.020271739130434785,-0.1011240558395945,-0.06943537476983819,FLAT,False,26,6.0,IGNORE,NONE,,NEUTRAL,C,WAIT,No standout factor,Producer Manufacturing,29.4
NIITMTS,233.57,234.11,238.23,232.65,False,False,False,False,False,False,0.13818803250051934,2.491374405,0.1325123166679159,False,-0.4975879374456826,False,43.41,False,0.9622290198164649,16.0,-0.9,0,False,█▇▅▅▆▁▃█▅▄▅▆▅▆▇▆▆▆▆▅,False,False,False,0,0.02681672308436278,-0.02271966527196656,0.015467976510105341,-0.07188330091136996,UP,False,25,4.0,IGNORE,NONE,,NEUTRAL,C,WAIT,No standout factor,Commercial Services,33.3
ABLBL,95.47,94.57,96.66,94.57,False,False,False,False,False,False,0.43190301925654406,2.740065376,0.4282155815502419,False,-0.2321280825214376,False,54.59,False,0.9865276359660615,53.0,-0.11,0,False,▅▂▁▄▇▇▅▇▄▇▅▂▆▅▄▆▇█▅▅,False,False,False,0,-0.009441792903091883,-0.07820797528241763,-0.020790539477349324,-0.12737161092182103,UP,False,12,4.0,IGNORE,NONE,,NEUTRAL,C,WAIT,No standout factor,Retail Trade,27.1
CMSINFO,272.6,278.0,278.0,272.0,True,False,False,False,False,False,0.28709270565983197,4.89240672,0.28896510081538646,False,-0.15475670183771276,False,55.77,False,0.9217191541404642,29.0,-0.51,0,False,█▆█▅▇▆▅▆▆▃▄▅▅▆▄▇▁▄▄▄,False,False,False,0,-0.07357689039932025,-0.09555408095554063,-0.08492563697357769,-0.14471771659494403,UP,False,10,4.0,IGNORE,NONE,,NEUTRAL,C,WAIT,No standout factor,Finance,33.2
JKLAKSHMI,574.2,576.9,578.7,571.5,False,False,False,False,False,False,0.37845800123605833,3.39312006,0.37720510299588716,False,-0.286981556682423,False,49.86,False,0.9128106549498832,27.0,-0.6,0,False,▇▇▆▂▄▇▆▄█▃▃▁▆▄▃▁▃▃▂▃,False,False,False,0,-0.04768222904055064,-0.11087023846392063,-0.05903097561480808,-0.16003387410332404,UP,False,7,4.0,IGNORE,NONE,,NEUTRAL,C,WAIT,No standout factor,Non-Energy Minerals,35.2
KALPATARU,267.0,267.0,270.35,265.25,False,False,False,False,False,False,0.45592126132914457,1.4313603,0.43046293486975284,False,-0.4771664076861764,False,51.11,False,0.9936427085560978,48.0,-0.07,0,False,▅▅▇▇▅█▇██▁▆▆▆▅▆▂▂▅▇▆,False,False,False,0,-0.12257640486362142,-0.1717077710563053,-0.13392515143787886,-0.2208714066957087,UP,False,3,4.0,IGNORE,NONE,,NEUTRAL,C,WAIT,No standout factor,Finance,33.2
SOLEX,939.6,938.0,987.0,931.4,False,False,False,False,False,False,0.8195116199791361,3.0041830800000002,0.7609289143888057,False,-0.5009882312684436,False,41.44,False,0.8278479748289467,27.0,-0.52,0,False,▅▆▅▆▇▆▅▁▆▇▇▄▅▆▃▄█▅▆▄,False,False,False,0,-0.14713624398656622,-0.31436077057793343,-0.15848499056082366,-0.36352440621733684,UP,False,1,4.0,IGNORE,NONE,,NEUTRAL,C,WAIT,No standout factor,Producer Manufacturing,29.4
KCP,162.55,163.7,165.98,161.66,True,False,False,False,False,False,0.9420481431458758,1.5986304850000002,0.906416195599354,False,-0.021186028903911476,False,48.48,False,0.9250584362925153,18.0,-0.76,0,False,█▆█▄▆▅▇▁▅▅▄▇█▃▆▂▅▇▄▅,False,False,False,0,-0.042810034153809795,0.019569717117230212,-0.054158780728067235,-0.02959391852217319,FLAT,False,38,0.0,IGNORE,NONE,,NEUTRAL,C,WAIT,No standout factor,Producer Manufacturing,29.4
GNRL,92.85,92.95,93.75,91.65,True,False,False,False,False,False,0.06257537495141946,0.4857912,0.052989155615272024,False,-0.29308876674327694,False,26.2,False,0.6675584432129434,9.0,-1.6,0,False,▁▁▄▃▃▄▃▃▃▃▄▄▇▄▃▃▄█▂▂,False,False,False,0,-0.1771534916696208,-0.03381893860561913,-0.18850223824387824,-0.08298257424502253,FLAT,False,23,0.0,IGNORE,NONE,,NEUTRAL,C,WAIT,No standout factor,Energy Minerals,35.2
