symbol,close,open,high,low,price_down,close_gt_ema20,close_gt_ema50,close_gt_ema200,breakout20,within_15pct_52w_high,volume_ratio,turnover_cr,turnover_ratio,up_day_volume_above_avg,cmf20,cmf_rising,latest_delivery_pct,latest_delivery_above_avg20,delivery_ratio,delivery_percentile,delivery_zscore,consecutive_high_delivery_days,delivery_slope_positive,delivery_sparkline,absorption_day,failed_breakdown_reclaim,failed_breakout,resistance_touches,stock_return_20d,stock_return_50d,rs_raw_20,rs_raw_50,rs_trend,outperform_benchmark_50d,rs_percentile,ics,rating,stage,delivery_tag,regime,action_rank,action,reason,sector,sector_score
STYLEBAAZA,402.65,402.65,402.65,400.0,False,True,True,True,False,True,4.383571130860152,195.47815961499998,4.511454141242549,True,0.25979121302338604,True,66.02,True,1.1515584936596257,96.0,1.69,0,True,▃▃▃▂▃▄▃▃▂▃▁▃▃▂▅▄▄▅█▄,False,True,False,10,0.038426821405544764,0.514291086874765,0.028256376184810028,0.4527888597471683,FLAT,True,96,94.0,STRONG,MARKUP,,NEUTRAL,A,WATCH_FOR_ENTRY,"Delivery P96, CMF positive, RS leader",Retail Trade,32.3
SGMART,804.95,750.65,809.0,744.0,False,True,True,True,True,True,2.3094577556162554,73.01266777000001,2.6262872901246617,True,0.39789563799933486,True,48.56,True,1.061072872282312,20.0,-0.74,0,True,▃█▃▅▆▅▁▅▆▆▆█▅▅▃█▃▄▅▅,False,False,False,13,0.2230494568107575,0.397482638888889,0.21287901159002276,0.33598041176129234,FLAT,True,93,84.0,BUILDING,NONE,,NEUTRAL,B,WAIT,"CMF positive, RS leader",Utilities,32.3
DOLPHIN,619.4,575.0,639.0,560.7,False,True,True,True,True,True,5.6938156465048895,34.27549004,7.331285805245986,True,0.3187608921438696,True,17.03,False,0.2553931750185584,7.0,-1.65,0,True,▇▇▃▅▇█▃▅▆▇▆▇▇█▅█▇▄▃▁,False,False,False,7,0.6515131315824556,0.5819180181330608,0.6413426863617209,0.5204157910054641,UP,True,97,82.0,BUILDING,NONE,,NEUTRAL,B,WAIT,"CMF positive, RS leader",Industrial Services,37.0
INDSWFTLAB,346.87,317.95,351.3,316.9,False,True,True,True,True,True,3.4840508410042563,175.873634848,4.301595350429675,True,0.30026122369461133,True,21.61,False,0.48169943381926794,2.0,-2.19,0,True,▇▆▇▇▅█▆▇▇▅▇▇▆▆▂▁▃▄▄▂,False,False,False,6,0.4598905723905724,1.1428924445542719,0.44972012716983767,1.0813902174266752,FLAT,True,100,78.0,BUILDING,NONE,,NEUTRAL,B,WAIT,"CMF positive, RS leader",Health Technology,28.9
MACPOWER,1983.6,1782.5,2000.0,1782.5,False,True,True,True,True,True,3.283725305090235,37.8103914,4.157841763847775,True,0.3935295422013706,True,28.13,False,0.5948969557263855,4.0,-2.16,0,True,█▇█▆▇▃▁▃▅▆▆▇▂▅▄▄▅▅▇▂,False,False,False,7,0.4712950600801067,0.9557308355928025,0.46112461485937195,0.8942286084652058,FLAT,True,99,78.0,BUILDING,NONE,,NEUTRAL,B,WAIT,"CMF positive, RS leader",Producer Manufacturing,34.1
VENUSREM,1797.5,1749.9,1800.8,1706.8,False,True,True,True,True,True,1.7646673076254629,44.25894375,2.1710958540240632,True,0.4306109637173773,True,44.1,False,0.6447886891489814,16.0,-0.95,0,True,▃▅▃▄▃▅▃████▅█▄▄▂▁▂▃▂,False,False,False,14,0.9713753016012285,1.0834540712836858,0.9612048563804938,1.021951844156089,FLAT,True,99,78.0,BUILDING,NONE,,NEUTRAL,B,WAIT,"CMF positive, RS leader",Health Technology,28.9
MMFL,680.2,639.7,687.95,632.8,False,True,True,True,True,True,4.896994196800844,63.6116238,5.514392990826817,True,0.31385580699662663,True,41.92,False,0.7543502906192078,12.0,-0.96,0,True,▄▅█▆▄█▆▆▆▅▅▅▄▅▇▄▇▇▁▁,False,False,False,12,0.22393162393162402,0.5052002655454748,0.2137611787108893,0.44369803841787814,FLAT,True,95,78.0,BUILDING,NONE,,NEUTRAL,B,WAIT,"CMF positive, RS leader",Producer Manufacturing,34.1
JYOTICNC,929.2,870.0,947.9,860.05,False,True,True,True,True,True,5.215282400246499,505.32711476000003,5.971162186212655,True,0.08299835300364039,True,26.16,False,0.5631256054246044,7.0,-1.5,0,True,▄▄▂▅▅▆▅▄▅▅▆▅▂▄▆▄▄█▅▁,False,False,False,10,0.15730477020799616,0.4610062893081761,0.14713432498726142,0.39950406218057943,FLAT,True,94,78.0,BUILDING,NONE,,NEUTRAL,B,WAIT,"CMF positive, RS leader",Producer Manufacturing,34.1
AVALON,2197.3,2059.4,2258.0,2055.9,False,True,True,True,True,True,2.372727449294497,249.6418449,2.799739485087288,True,0.17863214204921,True,41.18,True,1.032002606320327,42.0,-0.16,0,False,▃▅▇▅▇▆▁▅▆▄▅▄▁▅▄▅▅█▄▅,False,False,False,9,0.2606425702811246,0.34022567856053687,0.25047212506038985,0.2787234514329402,FLAT,True,90,78.0,BUILDING,NONE,,NEUTRAL,B,WAIT,"CMF positive, RS leader",Electronic Technology,39.9
AEGISLOG,1367.7,1305.0,1378.0,1303.1,False,True,True,True,False,True,2.6655349202057628,423.5315559,2.717723872181616,True,0.028657254855457125,True,13.22,False,0.38472731505733077,3.0,-1.9,0,True,▁▂▄▅▅▄█▆▄▅▄▂▂▆▇▇█▅▆▁,False,True,False,3,0.04126379901027799,0.7475244362103113,0.031093353789543254,0.6860222090827146,FLAT,True,98,77.0,BUILDING,BUILDING,,NEUTRAL,B,WAIT,"CMF positive, RS leader",Distribution Services,34.9
CUPID,284.03,273.0,285.7,257.21,False,True,True,True,False,True,2.1445984441071477,1957.37769141,2.4118813018044247,True,0.5803893432839221,True,20.36,False,0.7321239144896529,13.0,-1.12,0,True,▅▃▆▇█▂▅▄▆▅▄▄▃▄▄▂▁▄▄▁,False,False,False,14,0.3445207100591714,0.9472782119840939,0.33435026483843666,0.8857759848564972,FLAT,True,99,74.0,BUILDING,BUILDING,,NEUTRAL,B,WAIT,"CMF positive, RS leader",Consumer Non-Durables,37.4
CNL,1264.15,1252.0,1275.0,1241.0,False,True,True,True,True,True,0.08269114749421215,5.2760564400000005,0.10292410093885526,False,0.14061082552388532,True,54.59,True,1.5607845379688932,33.0,-0.27,1,False,▇█▁▁▂▅▄▅▇▄▆▆▆▇▆▅▆▇▇█,True,False,False,12,0.33243741765480905,0.8151338933161032,0.3222669724340743,0.7536316661885065,FLAT,True,99,74.0,BUILDING,NONE,DEL55% ▇█▁▁▂▅▄▅▇▄▆▆▆▇▆▅▆▇▇█ P33 Z-0.3,NEUTRAL,B,WAIT,"CMF positive, RS leader",Distribution Services,34.9
NETWEB,5354.5,5110.0,5396.4,5092.8,False,True,True,True,True,True,1.671305271512779,1282.40114365,1.8940404936981652,True,0.21012297125537246,True,15.43,False,0.6844241389252368,33.0,-0.53,0,True,▂▃▆▃▄▃█▁▂▄▂▄▃▄▅▄▃▃▃▁,False,False,False,3,0.2577220303948511,0.20918206043087495,0.24755158517411635,0.14767983330327827,UP,True,80,74.0,BUILDING,NONE,,NEUTRAL,B,WAIT,CMF positive,Electronic Technology,39.9
INDIAGLYCO,1139.2,1070.9,1164.3,1070.9,False,True,True,True,False,True,15.435429611731672,233.93483392000002,15.672152223540866,True,0.10779879722337564,True,14.44,False,0.28241736749462154,0.0,-4.3,0,True,▆▇▅▇▇▇▇▅▇▆▇▆█▇▇█▆▇▅▁,False,True,False,3,-0.012782182936869058,0.16476662747303328,-0.022952628157603794,0.1032644003454366,FLAT,True,73,74.0,BUILDING,BUILDING,,NEUTRAL,B,WAIT,CMF positive,Process Industries,34.6
NITINSPIN,606.9,556.75,610.0,554.5,False,True,True,True,True,True,31.434661266840333,224.79430344000002,34.38849392141634,True,0.45114746808130723,True,11.3,False,0.213968548516895,1.0,-3.25,0,True,▆▇▇▇▅█▇▆▆▇▆▇▆▄▆█▆▆▆▁,False,False,False,6,0.10596810933940781,0.12597402597402585,0.09579766411867308,0.06447179884642917,UP,True,66,74.0,BUILDING,NONE,,NEUTRAL,B,WAIT,CMF positive,Process Industries,34.6
ASAHIINDIA,962.8,938.0,970.85,934.85,False,True,True,True,True,True,3.7979132707338614,70.90964231999999,3.993853050265773,True,0.3577424871540825,True,41.77,False,0.8313347729602245,48.0,-0.07,0,True,▇█▆▇▇█▆▇▆▅▁▂▆▅▅▇▆▂▅▄,False,False,False,5,0.07713822229680578,0.0917337566617531,0.06696777707607104,0.03023152953415642,UP,True,59,74.0,BUILDING,NONE,,NEUTRAL,B,WAIT,CMF positive,Consumer Durables,29.9
AEQUS,259.12,249.4,263.45,248.23,False,True,True,True,True,True,2.3026173574033004,170.618548656,2.5054975575373994,True,0.02133383933048236,True,45.39,True,1.0438562196720558,72.0,0.56,0,True,▄▆▁▄▅▆▁▄▄▇▇▆▄▅▃▇▅▄█▅,False,False,False,1,0.07966666666666677,0.38559435324314206,0.06949622144593204,0.3240921261155454,FLAT,True,92,73.0,BUILDING,NONE,,NEUTRAL,B,WAIT,"CMF positive, RS leader",Electronic Technology,39.9
TIINDIA,2959.0,2755.8,2989.0,2755.8,False,True,True,True,True,True,12.522582019758753,1239.1288899,13.345858783148495,True,0.22854029092057168,True,15.73,False,0.3132779669793472,0.0,-3.27,0,True,▄▇▆▆▅▇▇▇▅▆▅█▆▇▆▇▅▄▃▁,False,True,False,0,0.01708314714879866,-0.04717436805667363,0.006912701928063925,-0.10867659518427031,UP,False,24,73.0,BUILDING,NONE,,NEUTRAL,B,WAIT,CMF positive,Non-Energy Minerals,34.1
YASHO,4915.8,4400.0,4994.0,4399.9,False,True,True,True,True,True,2.7916410000116225,118.0726002,3.422279446720659,True,0.22426025202956434,True,22.76,False,0.529400818756978,2.0,-2.2,0,False,▇▆▇▅▅▅▆▃▁▁▃▃▇▆▇▇██▆▂,False,False,False,9,0.5617613419748382,0.932615191067778,0.5515908967541034,0.8711129639401813,FLAT,True,99,72.0,BUILDING,NONE,,NEUTRAL,B,WAIT,"CMF positive, RS leader",Consumer Non-Durables,37.4
SETL,308.85,310.0,313.8,298.55,False,True,True,True,True,True,1.2449631967763888,26.903460225,1.3272637407694166,True,0.10952031116408868,True,62.05,True,1.1236565468160045,82.0,0.91,0,True,▅▅█▅▇▄▃▃▅▅▆▁▄▅▆▃▆▅▅▆,False,False,False,6,0.06628689798032128,0.9729781525488694,0.056116452759586544,0.9114759254212728,FLAT,True,99,72.0,BUILDING,NONE,,NEUTRAL,B,WAIT,"CMF positive, RS leader",Health Technology,28.9
RUBYMILLS,336.2,283.9,340.8,281.6,False,True,True,True,True,True,14.940569566628453,46.50886578,18.90604946609948,True,0.4456975572180055,True,20.45,False,0.3764346393498449,1.0,-2.52,0,False,▅▇▅▆▇▆█▅▄▄█▃▃▄▄▆▇▁▃▂,False,False,False,12,0.475920804249528,0.7608547635258993,0.46575035902879325,0.6993525363983026,FLAT,True,99,72.0,BUILDING,NONE,,NEUTRAL,B,WAIT,"CMF positive, RS leader",Process Industries,34.6
RUBICON,1804.1,1789.3,1819.0,1750.0,False,True,True,True,True,True,1.7371754014823086,124.03512237999999,1.8831533131111728,True,0.43677055168515605,True,39.94,False,0.9100437477214728,34.0,-0.4,0,False,█▁▂▆▅▅▅▅▆▅▄▄▂▄▆█▆▆▁▄,False,False,False,10,0.1869078947368421,0.5270865075334348,0.17673744951610737,0.4655842804058381,FLAT,True,96,72.0,BUILDING,NONE,,NEUTRAL,B,WAIT,"CMF positive, RS leader",Health Technology,28.9
UTLSOLAR,472.0,468.8,475.0,450.0,False,True,True,True,True,True,1.638733220230094,32.9284664,1.892102728016141,True,0.23901687954536174,True,37.94,False,0.7641182631112543,9.0,-1.29,0,False,▆▅▄▇█▆▄▅▅▆▅▅▄▃▅▅▁▂▁▁,False,False,False,6,0.2586666666666666,0.5089514066496164,0.24849622144593186,0.4474491795220197,FLAT,True,96,72.0,BUILDING,NONE,,NEUTRAL,B,WAIT,"CMF positive, RS leader",Electronic Technology,39.9
PARAS,1527.3,1385.0,1527.3,1384.7,False,True,True,True,True,True,5.297369415449123,825.50962098,6.285643812871835,True,0.40426637600677995,True,26.87,False,0.9240980843966022,38.0,-0.4,0,True,▁▃▂▄▅▄▄▅▅▄▆▄▄▅▅▄█▅▄▄,False,False,False,2,0.2492229674464257,0.46975893759322496,0.23905252222569096,0.4082567104656283,FLAT,True,95,72.0,BUILDING,NONE,,NEUTRAL,B,WAIT,"CMF positive, RS leader",Electronic Technology,39.9
HEG,739.25,697.5,749.0,696.0,False,True,True,True,True,True,1.9617376415274415,401.1915664,2.2288690861725935,True,0.05625572603822359,True,20.83,False,0.5788281716754894,7.0,-1.47,0,False,█▁▁▆▅▅▅▆▅▆▄▅▆▆▅▅▆▄▅▂,False,False,False,15,0.22200181833209354,0.40075793462813825,0.2118313731113588,0.33925570750054157,FLAT,True,93,72.0,BUILDING,NONE,,NEUTRAL,B,WAIT,"CMF positive, RS leader",Electronic Technology,39.9
WELCORP,1917.1,1886.6,1934.9,1882.0,False,True,True,True,True,True,1.0580824896065568,136.60909522,1.164462703371212,True,0.21716379999396507,True,60.06,True,1.1136865137495597,87.0,1.05,0,True,▅▆▁▄▅▅▆▆▆▆▇▄▅▅▆██▇▄▆,False,False,False,13,0.17692921603536127,0.3581042788325304,0.16675877081462653,0.2966020517049337,FLAT,True,91,72.0,BUILDING,NONE,,NEUTRAL,B,WAIT,"CMF positive, RS leader",Producer Manufacturing,34.1
ICIL,437.7,388.7,462.0,387.05,False,True,True,True,True,True,52.731208099757716,1103.7686181299998,56.963927316182144,True,0.20615126760866498,True,7.84,False,0.18303003420140304,0.0,-3.14,0,True,▆▆▆▆█▇▆███▅▆▆▇▇▃▆▆▆▁,False,True,False,1,0.10377001639137551,0.3007429420505201,0.09359957117064077,0.23924071492292343,FLAT,True,88,72.0,BUILDING,NONE,,NEUTRAL,B,WAIT,CMF positive,Process Industries,34.6
MODISONLTD,284.6,276.0,300.95,270.26,False,True,True,True,True,True,6.470987498313406,40.33317048,7.593963778845035,True,0.557024424629084,False,39.87,False,0.756431661227897,10.0,-1.35,0,False,▃▃▄▃▃▄▄▄▄▃▅▃▂▄▅█▃▁▁▂,False,False,False,4,1.276253699112213,0.9483809132607657,1.2660832538914784,0.886878686133169,UP,True,99,71.0,BUILDING,NONE,,NEUTRAL,B,WAIT,"CMF positive, RS leader",Industrial Services,37.0
GLAXO,2877.4,2700.0,2919.0,2691.1,False,True,True,True,True,True,6.990800211092299,137.41052474,7.696157205413814,True,0.45268085717037115,True,55.91,False,0.9704996571745979,35.0,-0.36,0,True,▂▂▂▃▆▁▄▂▂▁▃▃▄▄▁▅▄█▇▃,False,False,False,12,0.14792946620920766,0.3110675718777056,0.13775902098847292,0.24956534475010894,FLAT,True,89,70.0,BUILDING,NONE,,NEUTRAL,B,WAIT,CMF positive,Health Technology,28.9
MSTCLTD,701.55,658.15,709.0,655.0,False,True,True,True,True,True,4.931506689026151,88.70194750499999,5.660137061582655,True,0.31520308177668804,True,54.49,True,1.208485345812218,83.0,0.93,0,True,▂▁▁▃▂▄▃▁▅▃▄▄█▆▆▂▂▂▄▆,False,False,False,0,0.17374937259494705,0.287365813377374,0.1635789273742123,0.22586358624977732,FLAT,True,87,70.0,BUILDING,NONE,,NEUTRAL,B,WAIT,CMF positive,Retail Trade,32.3
RPEL,1495.2,1440.0,1518.0,1416.3,False,True,True,True,True,True,1.7718551148773938,17.34476856,1.9866221543882665,True,0.26397677731324515,True,51.25,False,0.9360816080512151,35.0,-0.33,0,True,▄▄▆▆▆▅▇▇▃▆▇█▆▆▅▅▅▁▅▅,False,False,False,8,0.17815774958632113,0.27740281930798805,0.1679873043655864,0.21590059218039137,FLAT,True,86,70.0,BUILDING,NONE,,NEUTRAL,B,WAIT,CMF positive,Process Industries,34.6
APARINDS,17214.0,16650.0,17295.0,16199.0,False,True,True,True,False,True,1.7761624650374372,582.6921786,1.9875321516883244,True,0.12338607799442948,True,40.01,True,1.0228550976582471,49.0,-0.08,0,False,▇▄▁▁▆▇▆▆█▆▅▅▆▅▄▅▄▇▆▆,False,False,False,4,0.24369626472075723,0.264898229113087,0.2335258195000225,0.20339600198549035,UP,True,85,70.0,BUILDING,NONE,,NEUTRAL,B,WAIT,CMF positive,Electronic Technology,39.9
DYNAMATECH,11770.0,11123.0,11950.0,11112.0,False,True,True,True,True,True,1.8479073140219096,39.291791,2.00775015970052,True,-0.11008669290657944,True,49.33,True,1.149133432724562,85.0,0.93,0,True,█▅▄▇▄▃▅▅▃▃█▄▄▁▅▆▆▃▃▆,False,False,False,3,0.1369783616692426,0.16097849674492015,0.12680791644850786,0.09947626961732348,UP,True,72,70.0,BUILDING,NONE,,NEUTRAL,B,WAIT,No standout factor,Producer Manufacturing,34.1
INDOTECH,3788.8,3634.9,3788.8,3617.0,False,True,True,True,True,True,0.26319435842635536,9.49965824,0.3767720457050626,False,0.04676083236991504,True,69.66,True,1.3815124050532495,93.0,1.16,0,True,█▂▂▃▃▄▅▇▁▂▃▄▃▄▆▆▅▅▆▇,False,False,False,7,0.5767614132922718,1.8681302043906132,0.5665909680715371,1.8066279772630165,FLAT,True,100,69.0,WATCH,NONE,,NEUTRAL,C,WAIT,"Delivery P93, CMF positive, RS leader",Producer Manufacturing,34.1
INVPRECQ,960.0,942.8,999.0,889.0,False,True,True,True,True,True,2.31796391669096,2.748,2.5249461237151496,True,0.2792263726426544,False,55.27,False,0.784695108965713,23.0,-0.74,0,True,▁▇██▄▇▅▅▆▆▅█▇▅▇▇▄▂▂▃,False,False,False,4,0.1578122173310017,0.5192277259059979,0.14764177211026697,0.4577254987784012,FLAT,True,96,69.0,WATCH,NONE,,NEUTRAL,C,WAIT,"CMF positive, RS leader",Producer Manufacturing,34.1
UFBL,811.05,809.0,828.9,783.0,False,True,True,True,True,True,0.6606451474355552,8.982297645,0.7336182503286376,False,0.3020118661306201,True,62.37,True,1.0503271220834771,64.0,0.47,0,True,▁▂▃▁▃▄▂▂▃▆▅▃▃▂▂█▃▄▁▃,False,False,False,5,0.09608757348469488,0.6647167487684729,0.08591712826396014,0.6032145216408762,FLAT,True,98,68.0,WATCH,NONE,,NEUTRAL,C,WAIT,"CMF positive, RS leader",Consumer Services,31.6
MARINE,376.8,367.95,382.0,365.25,False,True,True,True,True,True,0.6017231497833163,30.649213440000004,0.7165905843494259,False,0.31460218556021163,True,46.79,True,1.054149347211427,54.0,0.14,0,True,▄▆▁▄▄▆▅▅█▄▅▆▄▄▆▇▄▃▄▅,False,False,False,10,0.44589409056024554,0.5445788071326092,0.4357236453395108,0.4830765800050125,FLAT,True,96,68.0,WATCH,NONE,,NEUTRAL,C,WAIT,"CMF positive, RS leader",Distribution Services,34.9
GALAXYSURF,2438.4,2403.0,2459.9,2360.4,False,True,True,True,False,True,1.7007804399616706,32.1783456,1.733855116678766,True,0.08725202935713518,True,38.97,False,0.7512796044070442,4.0,-1.68,0,False,▅▇█▅▆▇▆▆▅▆▆▇▂▅▆▅▄▃▁▃,False,False,False,4,0.2507180960196964,0.4093983006762616,0.24054765079896168,0.3478960735486649,FLAT,True,93,68.0,WATCH,NONE,,NEUTRAL,C,WAIT,"CMF positive, RS leader",Consumer Non-Durables,37.4
SHREEJISPG,625.85,608.0,633.85,595.45,False,False,True,True,False,True,2.0275487060738198,107.396172925,1.9970055481738553,True,-0.0684703568558911,True,31.41,False,0.8381923225746194,28.0,-0.72,0,True,▃▁▂▁▃▄▂▃▅█▇▅▆▂▃▂▇▃▇▂,False,True,False,11,0.022380135587682926,0.35494695821606426,0.01220969036694819,0.2934447310884676,FLAT,True,91,68.0,WATCH,NONE,,NEUTRAL,C,WAIT,RS leader,Transportation,27.3
GNFC,609.75,600.9,619.0,599.0,False,True,True,True,True,True,2.665880975767474,90.0939771,2.9669679404633973,True,0.08514528836584194,True,42.82,False,0.8536257164216297,23.0,-0.78,0,True,▆▆▄▇▆▆▆█▆▆▆▁▅█▇▄▇▆▄▄,False,False,False,2,0.2074257425742574,0.22231131602686172,0.19725529735352265,0.16080908889926504,UP,True,81,68.0,WATCH,NONE,,NEUTRAL,C,WAIT,CMF positive,Process Industries,34.6
ASIANENE,463.05,426.9,465.1,419.8,False,True,True,True,True,True,6.83270517015664,168.906516975,7.964357064470674,True,0.369043551558344,True,23.74,False,0.5365638666952954,3.0,-1.95,0,False,▅▆▆▃▄▆▄▅▅█▇▆▄▇▅▇▇▅▂▁,False,False,False,9,0.3201710620099787,0.20648775403856168,0.31000061678924395,0.144985526910965,UP,True,79,68.0,WATCH,NONE,,NEUTRAL,C,WAIT,CMF positive,Energy Minerals,46.3
GKSL,152.79,152.0,154.97,145.0,False,True,True,True,True,True,6.924309308689852,46.15923411,7.560270453419346,True,0.27342023261365467,True,38.24,False,0.738616060649959,29.0,-0.61,0,True,▃▅▄█▆▅█▄▅▃▂▁▃▁▄▃▅▅▂▃,False,False,False,2,0.18432679637237426,0.16500190621425848,0.17415635115163952,0.1034996790866618,UP,True,73,68.0,WATCH,NONE,,NEUTRAL,C,WAIT,CMF positive,Health Services,40.2
AEROFLEX,485.85,454.0,488.0,449.4,False,True,True,True,True,True,2.152343331117164,156.02752089,2.3835129644138515,True,0.07609850148558789,True,37.37,False,0.9164367604683956,52.0,0.07,0,True,▅▆▂▅▁▃▄▂▆▅▆▇█▅▆▃▄▅▅▄,False,False,False,0,0.17525399129172725,0.14129668780831572,0.16508354607099252,0.07979446068071905,UP,True,68,68.0,WATCH,NONE,,NEUTRAL,C,WAIT,CMF positive,Producer Manufacturing,34.1
ZENTEC,1982.4,1860.1,2012.4,1855.2,False,True,True,True,True,True,6.164337173743896,543.64980768,7.025228533711823,True,0.20196407716305143,True,29.1,False,0.8118513558754603,14.0,-0.84,0,True,▄▄▆▁▅▆█▆▇▄▇▅▅▇▇▆▆▇▅▄,False,False,False,1,0.0900093473360093,0.11214586255259462,0.07983890211527456,0.050643635424997946,UP,True,63,68.0,WATCH,NONE,,NEUTRAL,C,WAIT,CMF positive,Technology Services,32.9
BEML,1965.5,1904.0,1975.0,1895.3,False,True,True,True,True,True,1.7302220128421046,142.1355256,1.855359516381763,True,0.18483160546044666,True,39.22,False,0.9478237753449817,65.0,0.43,0,False,▆▆▅▅▆█▇▃▇▇▇▄▁▁▃▂▄▅▃▄,False,False,False,6,0.10031909533672967,0.11410270944337375,0.09014865011599493,0.052600482315777075,UP,True,63,68.0,WATCH,NONE,,NEUTRAL,C,WAIT,CMF positive,Producer Manufacturing,34.1
PETRONET,286.25,281.8,286.95,281.8,False,True,True,True,True,True,1.6367551280680666,83.946104375,1.681899289510156,True,0.3196993003381623,True,67.81,True,1.2269305927480643,87.0,1.14,0,False,▇▅▆▆▆▆▅▆▅▄▅▇▅▅▃▅▁█▃▇,False,False,False,0,0.03470088559551798,0.06491815476190466,0.024530440374783247,0.0034159276343079803,UP,True,52,68.0,WATCH,NONE,,NEUTRAL,C,WAIT,CMF positive,Utilities,32.3
HAPPYFORGE,2260.6,2209.2,2296.7,2209.2,False,True,True,True,True,True,1.3841053917418351,39.7277844,1.681464992337807,True,0.40057433302724693,False,46.67,False,0.935401759765899,19.0,-0.72,0,True,▄▅▄▄▃▆▇▅▅▁▃▄▄▆█▃▆▄▅▄,False,False,False,17,0.402705385951849,0.6585473220836389,0.3925349407311143,0.5970450949560422,FLAT,True,98,67.0,WATCH,NONE,,NEUTRAL,C,WAIT,"CMF positive, RS leader",Producer Manufacturing,34.1
UFLEX,613.3,615.0,630.45,585.55,False,True,True,True,True,True,6.076431355615869,369.34876294,7.346074037649881,True,0.2792705394190359,False,9.48,False,0.21167801719325666,1.0,-3.35,0,False,▁▂▄▆▅▅▇█▅█▇▇▅▇▆▇▇▇▃▁,False,False,False,10,0.3948146463497839,0.47039079357468205,0.3846442011290492,0.4088885664470854,FLAT,True,95,67.0,WATCH,NONE,,NEUTRAL,C,WAIT,"CMF positive, RS leader",Process Industries,34.6
BHAGYANGR,401.05,388.0,401.6,376.05,False,True,True,True,True,True,0.9130432271473515,22.190136605000003,1.6268139809843427,False,0.20182849753716195,True,43.46,False,0.9774858865072761,20.0,-0.76,0,False,▁▂▂▁▃▂▅▄▆▆▅▆▁▂▇▇█▇█▄,False,False,False,14,1.5875862958900573,1.5932751374070482,1.5774158506693226,1.5317729102794515,UP,True,100,66.0,WATCH,NONE,,NEUTRAL,C,WAIT,"CMF positive, RS leader",Producer Manufacturing,34.1
FILATEX,86.75,82.5,87.27,82.49,False,True,True,True,True,True,1.0687493344965573,47.0925151,1.2042215277152164,True,0.131597787295933,True,40.27,True,1.0488344836567263,25.0,-0.58,0,False,▄▅▁▅▆▇█▂▃▅▅▆▆▇▆▇▇▆▇▆,False,False,False,9,0.21669004207573628,0.6561664757541046,0.20651959685500154,0.5946642486265079,FLAT,True,98,66.0,WATCH,NONE,,NEUTRAL,C,WAIT,"CMF positive, RS leader",Process Industries,34.6
UEL,211.36,211.36,211.36,211.36,True,True,True,True,False,False,0.07137582205277238,0.064655024,0.07503678363888182,False,0.7554939833904082,True,99.87,True,1.4440741195948437,90.0,1.88,0,True,▄▅▆▂▅▄▄▁▁▃▅██▄▆███▇█,False,False,False,7,0.6948119637559138,0.6073003802281369,0.6846415185351791,0.5457981531005403,UP,True,97,66.0,WATCH,SEED,,NEUTRAL,C,WAIT,"Delivery P90, CMF positive, RS leader",Utilities,32.3
DEEPINDS,717.95,683.45,720.0,677.9,False,True,True,True,True,True,0.724396884336947,51.763979615000004,0.8766656092336906,False,0.289074969549117,True,42.62,True,1.1239303279228914,39.0,-0.17,0,False,▆██▁▁▂▃▃▁▅▆▇▄█▅▆▇▆▇▆,False,False,False,9,0.5257677186271386,0.38253418062776845,0.5155972734064038,0.3210319535001718,UP,True,92,66.0,WATCH,NONE,,NEUTRAL,C,WAIT,"CMF positive, RS leader",Industrial Services,37.0
IGPL,479.95,474.8,488.4,472.8,False,True,True,True,False,True,1.5576074518187368,6.44140895,1.54636385123648,True,-0.01580910699773692,True,67.68,True,1.1742762707012173,75.0,0.67,0,True,▆▃▆▄▆▄▆█▆▂▆▁▆▃▄▅▆▆▁▇,False,False,False,6,0.13195754716981134,0.10181359044995397,0.1217871019490766,0.040311363322357296,UP,True,61,66.0,WATCH,NONE,,NEUTRAL,C,WAIT,No standout factor,Process Industries,34.6
ADANIENSOL,1615.0,1588.0,1624.0,1575.0,False,False,True,True,False,True,3.482146771215834,1135.3138305,3.369336672820912,True,-0.08261259749067222,True,49.59,True,1.1821215733015495,87.0,1.08,0,True,▁▃▂▅▄▄▄▃▂▄▃▅▄▅▁▁▃█▇▅,False,True,False,3,-0.062463717636131344,0.0625,-0.07263416285686608,0.0009977728724033241,FLAT,True,52,66.0,WATCH,SEED,,NEUTRAL,C,WAIT,No standout factor,Utilities,32.3
BLISSGVS,527.1,523.55,532.8,523.55,False,True,True,True,False,True,0.35569503174414324,20.72968338,0.3979034185775732,False,0.20976216365175146,False,53.68,True,1.2372084447312621,93.0,1.41,0,True,▆▄▄▆▅▄▆▇▅▄▅▇▆█▃▃▁▃▆▇,False,False,False,8,0.15541429197720302,0.9266055045871562,0.1452438467564683,0.8651032774595595,FLAT,True,99,65.0,WATCH,SEED,,NEUTRAL,C,WAIT,"Delivery P93, CMF positive, RS leader",Health Technology,28.9
DIACABS,322.85,322.0,329.0,316.5,True,True,True,True,False,True,0.3035503607574197,101.369766685,0.3698383485409561,False,0.181608737827822,False,55.18,True,1.444578250170166,91.0,1.5,0,True,▁▂▃▄▄▃▃▄▅▆▂▂▂▂▃▄▅▇█▇,False,False,False,11,0.4757507884993373,0.6422503687878327,0.46558034327860254,0.580748141660236,FLAT,True,98,65.0,WATCH,SEED,,NEUTRAL,C,WAIT,"Delivery P91, CMF positive, RS leader",Producer Manufacturing,34.1
ATHERENERG,1465.8,1484.7,1504.0,1455.0,True,True,True,True,False,True,0.5999881667927512,404.60667954,0.6261422038900948,False,0.11055679461492898,False,44.69,True,1.3684661787671863,96.0,1.93,0,True,▅▄█▄▆▅▆▅▅▁▂▃▁▃▂▂▄▆▆▇,False,False,False,7,0.13769015833592047,0.41924864446165766,0.12751971311518573,0.357746417334061,FLAT,True,93,65.0,WATCH,SEED,,NEUTRAL,C,WAIT,"Delivery P96, CMF positive, RS leader",Consumer Durables,29.9
HAL,5015.8,4940.0,5047.0,4924.2,False,True,True,True,True,True,1.4994755143320588,760.26537078,1.5687739248851051,True,0.3482969078140083,False,49.34,True,1.088066333675146,68.0,0.38,0,True,▃▅▄▄▂▃▆▄▃▅█▄▃▄▅▁▁█▄▅,False,False,False,8,0.11444886351012062,0.1968026723932237,0.10427841828938589,0.135300445265627,FLAT,True,78,65.0,WATCH,NONE,,NEUTRAL,C,WAIT,CMF positive,Electronic Technology,39.9
JINDRILL,651.15,587.1,673.55,587.1,False,True,True,True,True,True,76.71180938366048,1164.620844,82.21387932371407,True,0.4004813258136025,True,6.54,False,0.17698875553089863,3.0,-1.78,0,True,▄▂▃▅▆▆▂▃▅▆▆▆▇▇▆▅▅█▇▁,False,False,False,1,0.09713563605728726,0.05929721815519762,0.08696519083655252,-0.0022050089723990585,UP,False,51,65.0,WATCH,NONE,,NEUTRAL,C,WAIT,CMF positive,Industrial Services,37.0
IFCI,81.36,78.97,81.8,78.36,False,True,True,True,True,True,2.9490878903646935,406.398659256,3.197996476138465,True,0.21882841200172942,True,25.41,False,0.8650212765957447,34.0,-0.36,0,True,▅▇▅██▃▁▂▅▆▆▆▇▃▃▇▁▃▄▃,False,False,False,0,0.11650885137916833,0.05566368236667962,0.1063384061584336,-0.005838544760917053,UP,False,50,65.0,WATCH,NONE,,NEUTRAL,C,WAIT,CMF positive,Finance,29.7
WINDMACHIN,318.9,302.1,322.0,300.0,False,True,True,True,True,True,7.793104263746026,48.34112619,8.37916002770133,True,0.4017400404069451,True,44.26,False,0.7906607000902132,16.0,-0.9,0,True,▃▇▄▇▆▇▆▅▅▅▆█▁▃▃▆█▅█▄,False,False,False,0,0.06887883358471569,0.016576346828179656,0.05870838836398096,-0.04492588029941702,UP,False,41,65.0,WATCH,NONE,,NEUTRAL,C,WAIT,CMF positive,Producer Manufacturing,34.1
IDEAFORGE,834.85,780.0,834.85,780.0,False,True,True,True,False,True,0.3078921633974925,71.689821775,0.3346715295377212,False,0.37586080049404125,True,39.87,True,1.227959406809677,72.0,0.68,0,True,▁▂▂▃▁▁▃▁▃▅▂▃▃▄█▅▅▅▆▄,False,False,False,9,0.6201241994954398,0.8626729138777331,0.6099537542747051,0.8011706867501365,FLAT,True,99,64.0,WATCH,NONE,,NEUTRAL,C,WAIT,"CMF positive, RS leader",Electronic Technology,39.9
PGIL,2360.8,2390.0,2390.5,2351.0,True,True,True,True,False,True,0.17274758482931327,8.885342960000001,0.1750341676053116,False,0.3786906543378694,True,49.85,True,1.1555802821145844,67.0,0.33,0,True,▆█▆▇█▅▆▆▆▇█▃▁▄▅▇▆▇▆▇,False,False,False,11,0.1528469577107141,0.40065262533372903,0.14267651248997937,0.33915039820613235,FLAT,True,93,64.0,WATCH,NONE,,NEUTRAL,C,WAIT,"CMF positive, RS leader",Consumer Non-Durables,37.4
NAUKRI,1354.9,1345.0,1368.8,1331.1,True,True,True,True,False,True,0.6523205792212761,208.70053111000001,0.6920778384502527,False,0.13861209796309032,True,62.6,True,1.1636228449277384,75.0,0.67,0,True,▆▄▄▅▃▆▇▇▅▆▅▇▄▁▁▅▄█▇█,False,False,False,12,0.1218845739836052,0.378892733564014,0.11171412876287046,0.3173905064364173,FLAT,True,92,64.0,WATCH,NONE,,NEUTRAL,C,WAIT,"CMF positive, RS leader",Technology Services,32.9
ACE,1184.8,1117.1,1188.0,1117.0,False,True,True,True,True,True,2.161275758685679,200.75109024,2.427938937507189,True,0.3253217226419182,True,33.4,False,0.781579070529321,6.0,-1.33,0,False,▅▄▁▅▆▅▇█▆▅▇▆▆▄█▅▅▇█▃,False,False,False,8,0.14418155480444228,0.32505731700497686,0.13401110958370754,0.2635550898773802,FLAT,True,89,64.0,WATCH,NONE,,NEUTRAL,C,WAIT,CMF positive,Producer Manufacturing,34.1
LTF,325.1,314.0,325.8,307.55,False,True,True,True,True,True,2.177094244001558,330.43414327000005,2.2716685378221206,True,0.12764291590123608,True,36.93,False,0.8282961949512734,27.0,-0.64,0,True,▃▃▁▂▃▇▅▅▄▅▇▅▂▄█▇▅█▄▃,False,False,False,0,0.05982070089649549,0.22425155337977776,0.04965025567576076,0.16274932625218108,FLAT,True,82,64.0,WATCH,NONE,,NEUTRAL,C,WAIT,CMF positive,Finance,29.7
HNDFDS,635.6,615.0,640.9,608.0,False,True,True,True,True,True,3.1238121895228064,16.88274364,3.4097034433212885,True,0.29757092034808674,True,53.73,False,0.9167377580617642,46.0,-0.17,0,False,▆▃▃▁▅▇▄▅▅▃▄▄▄▃▅█▄▅▆▃,False,False,False,14,0.11498991316551188,0.19845385123031956,0.10481946794477714,0.13695162410272288,FLAT,True,78,64.0,WATCH,NONE,,NEUTRAL,C,WAIT,CMF positive,Consumer Non-Durables,37.4
INGERRAND,4691.0,4477.3,4725.0,4477.3,False,True,True,True,True,True,1.586303284416492,22.2555113,1.656795752310465,True,0.057925958711071805,True,50.84,True,1.0044552450384772,32.0,-0.46,0,False,▅▅▅▅▆▇▆▆▇▅▄▆▅▆▆█▁▅▅▆,False,False,False,1,0.03588384674837153,0.18594362280369103,0.025713401527636792,0.12444139567609436,FLAT,True,76,64.0,WATCH,NONE,,NEUTRAL,C,WAIT,CMF positive,Producer Manufacturing,34.1
LLOYDSENT,79.03,75.6,80.9,75.6,False,True,True,True,False,True,1.731427069622048,54.045858853,1.7052172613246657,True,-0.08078668707087043,True,33.13,False,0.736746130581747,9.0,-1.24,0,True,█▁▃▅▅▆▇▅▅▅▅▆▅█▁▆█▃▅▂,False,True,False,6,-0.030187753098539605,0.16391752577319574,-0.04035819831927434,0.10241529864559906,FLAT,True,73,64.0,WATCH,NONE,,NEUTRAL,C,WAIT,No standout factor,Distribution Services,34.9
EMUDHRA,562.05,517.7,565.0,509.0,False,True,True,True,True,False,3.5384386031927053,39.621040289999996,4.03412635669641,True,0.17079869358587713,True,29.36,False,0.5749366022735061,3.0,-1.77,0,False,▅▆█▆▆▇▁▄█▅▆▅▆▆▆▄▅▅▆▂,False,False,False,6,0.2151118797967786,0.16282197165614964,0.20494143457604386,0.10131974452855297,UP,True,72,64.0,WATCH,NONE,,NEUTRAL,C,WAIT,CMF positive,Technology Services,32.9
SHRIPISTON,4509.1,4500.0,4589.0,4410.2,False,True,True,True,False,True,2.244655919018521,58.84240227000001,2.300689591582265,True,0.06977642571721784,False,44.97,False,0.8689855072463768,29.0,-0.34,0,False,█▃▅▄▂▂▂▂▇▄▁▄▅▄▄▃▄▆▃▂,False,False,False,5,0.007552566308403952,0.36581450293814743,-0.0026178789123307844,0.30431227581055076,FLAT,True,92,63.0,WATCH,NONE,,NEUTRAL,C,WAIT,"CMF positive, RS leader",Producer Manufacturing,34.1
UTTAMSUGAR,290.32,283.59,296.55,282.08,False,True,True,True,True,True,2.7545125598711593,16.249442656,3.1116872005106564,True,0.2723802473776962,False,40.19,False,0.9134194706758031,35.0,-0.44,0,False,▆▆▅▇██▇▄▁▁▅▆▄▅▅▅▂▃▄▄,False,False,False,9,0.2174277686920787,0.23650922100600535,0.20725732347134396,0.17500699387840868,UP,True,83,63.0,WATCH,NONE,,NEUTRAL,C,WAIT,CMF positive,Process Industries,34.6
MAXESTATES,477.85,472.8,501.45,468.2,False,True,True,True,True,True,2.9893893849604143,15.49696221,3.297577007099283,True,0.1923257472525039,False,41.38,False,0.7113632456592746,8.0,-1.19,0,True,▄▅▆▅▅▆█▅█▇▇▅▅▆▆▄▄▆▁▂,False,False,False,2,0.1970190380761523,0.08233295583238953,0.18684859285541755,0.020830728704792856,UP,True,56,63.0,WATCH,NONE,,NEUTRAL,C,WAIT,CMF positive,Finance,29.7
PFIZER,4799.3,4818.0,4825.0,4751.2,True,False,True,False,False,False,2.0190544727213076,36.62537802,2.003600206751026,False,0.11621430446138209,True,71.82,True,1.263524568533277,98.0,1.65,0,True,▃▅▄▅▁▄▇▆▆▅▆▆▄█▇▂▅▅▆▇,False,False,False,8,0.04484793068164494,0.04502994011976047,0.03467748546091021,-0.016472287007836206,UP,False,48,63.0,WATCH,SEED,,NEUTRAL,C,WAIT,"Delivery P98, CMF positive",Health Technology,28.9
SIGMAADV,658.45,627.1,658.45,622.0,False,True,True,True,True,True,0.32888826192183385,12.511274295,0.4524679247391922,False,0.2581551250405475,True,72.42,True,1.1858523006386112,85.0,0.77,0,False,█▂█▄▄▂▁▃▂▂▁▁▅▂▂▂▂▂▄▄,False,False,False,15,0.9776242679080944,3.0730545589508846,0.9674538226873597,3.011552331823288,FLAT,True,100,62.0,WATCH,NONE,,NEUTRAL,C,WAIT,"CMF positive, RS leader",Technology Services,32.9
IRISDOREME,59.0,58.89,59.3,57.66,False,True,True,True,True,True,0.8895004082665671,6.4654796,0.9703464138426052,False,0.18942318922242862,True,35.6,False,0.8755210702999151,69.0,0.42,0,True,▄▂▅▁▄▃▅▅▇▄▅▇▆█▂▂▄▂▅▄,False,False,False,20,0.28177275689767534,0.6006511123168747,0.2716023116769406,0.5391488851892781,FLAT,True,97,62.0,WATCH,NONE,,NEUTRAL,C,WAIT,"CMF positive, RS leader",Consumer Non-Durables,37.4
BECTORFOOD,260.92,255.79,263.96,251.5,False,True,True,True,True,True,0.5461683791060857,77.857145124,0.6548928440537853,False,0.2263571791641312,True,33.69,True,1.1845158568314464,9.0,-1.32,0,False,▁▄▂▃▂▇▄▇▆▆▄█▄▃▄▆▅▅▅▆,False,False,False,12,0.2348319924278277,0.5332001410271479,0.22466154720709297,0.4716979138995512,FLAT,True,96,62.0,WATCH,NONE,,NEUTRAL,C,WAIT,"CMF positive, RS leader",Consumer Non-Durables,37.4
RADICO,4732.9,4695.0,4732.9,4625.5,False,True,True,True,True,True,0.875840961466129,195.39966966,0.9450384397112453,False,0.28699428371393626,True,50.4,False,0.951131828003661,35.0,-0.4,0,True,▄▅▆▆▁▄▄▇▇█▅▇▇▇██▄▇▇▅,False,False,False,18,0.15764113100479404,0.3519867455080412,0.1474706857840593,0.29048451838044453,FLAT,True,91,62.0,WATCH,NONE,,NEUTRAL,C,WAIT,"CMF positive, RS leader",Consumer Non-Durables,37.4
SANSERA,4003.2,4000.0,4040.4,3942.5,False,True,True,True,True,True,0.5575738846089753,69.04839456,0.6188000854986806,False,0.18995137591146244,True,52.04,True,1.053494610051116,63.0,0.15,0,False,▅██▆▇▅▄▆▅▆▃▄▅▄▅▄▂▁▃▅,False,False,False,11,0.2150423407290496,0.35179307084487066,0.20487189550831486,0.290290843717274,FLAT,True,91,62.0,WATCH,NONE,,NEUTRAL,C,WAIT,"CMF positive, RS leader",Producer Manufacturing,34.1
ALIVUS,1398.7,1392.2,1413.0,1373.2,False,True,True,True,True,True,0.8429953832849562,19.8111868,0.902668295903713,False,0.3734853153830247,True,61.79,True,1.2280632018284805,81.0,0.74,0,False,█▆▅▅▇▆▅▁▆▁▃▃▆█▆▆▇▇█▇,False,False,False,12,0.22114545137070007,0.35140096618357486,0.21097500614996534,0.2898987390559782,FLAT,True,91,62.0,WATCH,NONE,,NEUTRAL,C,WAIT,"CMF positive, RS leader",Health Technology,28.9
HATSUN,985.35,974.05,993.65,969.55,False,True,True,True,True,True,1.4561464079942603,5.85967938,1.5552312866725968,True,0.06623493498183693,True,49.74,False,0.8487764922698885,33.0,-0.34,0,False,▂▆▃▇▆▂▂▄▄▆▄▇▆▅▅█▃▃▁▂,False,False,False,8,0.06122778675282725,0.07723843883240411,0.051057341532092515,0.015736211704807435,UP,True,55,62.0,WATCH,NONE,,NEUTRAL,C,WAIT,CMF positive,Consumer Non-Durables,37.4
DECNGOLD,243.01,243.03,249.0,240.4,False,True,True,True,True,True,1.463382370530889,101.458157361,1.6237312384823874,True,0.19739320281419556,False,34.11,False,0.9211325799003524,30.0,-0.68,0,False,█▅▅▆▃▆▆█▅██▁▄▅▄▄█▅▇▅,False,False,False,5,0.2696447230929988,0.5140809968847351,0.25947427787226407,0.4525787697571384,FLAT,True,96,61.0,WATCH,NONE,,NEUTRAL,C,WAIT,"CMF positive, RS leader",Non-Energy Minerals,34.1
UNIVCABLES,1745.0,1725.9,1771.2,1701.0,False,True,True,True,True,True,0.4644850482076044,21.939187,0.5230104430958578,False,0.43229261337569547,False,41.1,False,0.8146760622008147,34.0,-0.37,0,True,▅▅▇▅▅▅▅▅▄▄▇▅█▂▁▃▆▄▆▄,False,False,False,14,0.4540454962086493,0.4263527873140427,0.4438750509879146,0.364850560186446,UP,True,94,61.0,WATCH,NONE,,NEUTRAL,C,WAIT,"CMF positive, RS leader",Electronic Technology,39.9
RSL,164.83,165.0,165.2,163.74,False,True,True,True,False,True,0.3824287500940555,5.353200393000001,0.4148059090664189,False,0.012505586010782103,True,68.8,True,1.4170374031965727,94.0,1.67,0,True,▅▅▅▅▆▆▃▃█▅▄▃▅▄▆▅▂▁▇█,False,False,False,16,0.24353074311580536,0.28944692169287345,0.23336029789507062,0.22794469456527677,UP,True,87,61.0,WATCH,SEED,,NEUTRAL,C,WAIT,"Delivery P94, CMF positive",Non-Energy Minerals,34.1
FINKURVE,78.19,71.7,79.0,70.39,False,True,True,True,True,False,3.0812783688083716,3.6496980869999995,3.4989809829232197,True,0.007640534766387009,True,38.53,False,0.5681801424505626,31.0,-0.62,0,True,▆▆▄▆█▇▆▆▇▇▅▄█▅▇▄▂▅▁▃,False,False,False,3,0.25889550796973104,0.2870781893004115,0.2487250627489963,0.22557596217281484,UP,True,87,61.0,WATCH,NONE,,NEUTRAL,C,WAIT,CMF positive,Finance,29.7
PITTIENG,1035.8,1046.55,1059.9,1028.15,True,True,True,True,False,True,1.9504131102299005,17.74449696,1.9788295525557247,False,0.05731142522744299,False,62.33,True,1.149098953772411,80.0,0.79,0,False,▆▆▆▁▆▄▃▇██▇▇▆█▅▃▄▄▅▇,False,False,False,4,0.11562281221390469,0.140748898678414,0.10545236699316995,0.07924667155081733,UP,True,68,61.0,WATCH,NONE,,NEUTRAL,C,WAIT,CMF positive,Producer Manufacturing,34.1
SOLARINDS,19970.0,20290.0,20314.0,19480.0,True,True,True,True,False,True,4.23996475829685,964.888493,4.4215670517158285,False,0.4063112835343604,False,34.46,False,0.9786853353403103,28.0,-0.65,0,True,▆▅▃▄▇▇█▇▆▆▆▅▅▅▅▇▂▁▃▅,False,False,False,5,0.08138842259164991,0.09167441097687634,0.07121797737091518,0.030172183849279666,UP,True,59,61.0,WATCH,NONE,,NEUTRAL,C,WAIT,CMF positive,Process Industries,34.6
ELECTHERM,1024.1,986.7,1059.0,959.9,False,True,True,True,False,False,3.7605915742712726,8.42670444,3.807051851237533,True,-0.26199164537831965,True,71.39,True,1.1546922006922653,84.0,1.01,0,True,█▇▁▃▅▅▆▅▄▅▇▆▆█▇▆█▅▇▇,False,True,False,0,-0.022618820385569838,0.00515286843009255,-0.032789265606304574,-0.056349358697504126,UP,False,38,61.0,WATCH,NONE,,NEUTRAL,C,WAIT,No standout factor,Non-Energy Minerals,34.1
PFOCUS,286.25,266.05,289.0,264.0,False,True,False,True,False,False,3.87274139122629,79.839676375,3.8145030852643433,True,0.12776608668194608,True,13.05,False,0.2730982525897248,11.0,-1.01,0,True,▆▄▅▇█▅▆▆▆▇▆█▅▇▅█▇▇▆▁,False,True,False,0,-0.010952940363485597,-0.13086382268103847,-0.021123385584220333,-0.19236604980863514,UP,False,7,61.0,WATCH,NONE,,NEUTRAL,C,WAIT,CMF positive,Consumer Services,31.6
RBA,106.34,99.8,108.41,99.5,False,True,True,True,True,True,0.7860305443608414,182.18864263600003,0.9539109987612119,False,0.16990954556995674,True,36.39,False,0.8544259215778353,6.0,-1.84,0,False,█▇▅▅▇▇▆▇▇▃▁▂▂▃▃▃▂▃▃▄,False,False,False,9,0.614146933819065,0.5476640954737304,0.6039764885983303,0.48616186834613373,UP,True,96,60.0,WATCH,NONE,,NEUTRAL,C,WAIT,"CMF positive, RS leader",Consumer Services,31.6
RATNAVEER,252.19,246.08,257.5,242.65,False,True,True,True,True,True,1.0028444750893704,294.145513693,1.2212723192999106,True,0.1940581607298967,True,17.44,False,0.7023337293357229,6.0,-1.81,0,False,█▅▆▁▂▃▄▅▁▁▂▃▃▅▄▃▃▁▂▂,False,False,False,9,0.4279485872827131,0.506691360975027,0.4177781420619784,0.4451891338474303,FLAT,True,95,60.0,WATCH,NONE,,NEUTRAL,C,WAIT,"CMF positive, RS leader",Non-Energy Minerals,34.1
BLSE,310.6,310.95,313.3,310.0,True,True,True,True,False,True,0.129950817661227,3.6968543800000004,0.13734506651442355,False,0.2770483956213517,True,54.81,True,1.2655422020572855,81.0,0.82,0,True,▅▂▁▂▅▆▆▆█▆▆▆▆▇▇▄▆█▆▇,False,False,False,13,0.15701247904637738,0.3432513082212518,0.14684203382564265,0.28174908109365515,FLAT,True,90,60.0,WATCH,NONE,,NEUTRAL,C,WAIT,"CMF positive, RS leader",Technology Services,32.9
MATRIMONY,538.45,546.0,546.0,534.55,True,True,True,True,False,True,0.09731025091546308,0.57678764,0.10046899070682364,False,0.5097281921643172,True,72.29,True,1.0393288716042817,70.0,0.58,0,True,▇▅▃▇▇▆▆▄▇▇▆▇▇█▁▃▅▇▆▆,False,False,False,9,0.22975904990293494,0.3267216952075891,0.2195886046822002,0.2652194680799924,FLAT,True,90,60.0,WATCH,NONE,,NEUTRAL,C,WAIT,"CMF positive, RS leader",Technology Services,32.9
YUKEN,881.95,836.1,892.3,814.1,False,True,True,True,True,True,2.200826579852693,2.10168685,2.493902885768595,True,0.2658583663976251,True,68.94,False,0.9338489776290748,42.0,0.0,0,False,▅▄▅▆▅▅▄██▇█▁▃▇▇▂▂▅▂▄,False,False,False,8,0.2264636350994298,0.3011950427854826,0.21629318987869506,0.23969281565788592,FLAT,True,88,60.0,WATCH,NONE,,NEUTRAL,C,WAIT,CMF positive,Producer Manufacturing,34.1
MEDANTA,1442.7,1415.7,1447.0,1410.9,False,True,True,True,False,True,1.0097392845575885,44.596453860000004,1.0313125192517723,True,0.18222102738361384,True,71.09,True,1.3199402137081426,92.0,1.47,0,False,▂▅▁▃▁▄▃▂▃▅▅▇█▃▂▄▄▇▃▇,False,False,False,12,0.07455683003128266,0.1615006843249338,0.06438638481054793,0.09999845719733713,FLAT,True,72,60.0,WATCH,SEED,,NEUTRAL,C,WAIT,"Delivery P92, CMF positive",Health Services,40.2
BDL,1393.0,1380.0,1401.5,1354.5,False,True,True,True,False,True,1.7919401703534958,362.9288768,1.8640665669801089,True,0.29137131342091943,True,26.07,False,0.8213222437502953,28.0,-0.59,0,True,▆▅▂▄▇▃▃▄▅▅█▄▄▇█▆█▁▂▃,False,False,False,2,0.09409362236883445,0.1581310276022614,0.08392317714809971,0.09662880047466471,FLAT,True,71,60.0,WATCH,NONE,,NEUTRAL,C,WAIT,CMF positive,Electronic Technology,39.9
ALICON,756.95,729.7,764.0,718.05,False,True,True,True,False,False,3.1170841465566324,12.971625065000001,3.2397122100891957,True,0.17404099330216524,True,31.14,False,0.5113048618294666,2.0,-2.11,0,False,▅▆▂▅▇▆▄▅▄▅▅█▅▄▇▂▅▃▃▁,False,False,False,5,0.2079310619963297,0.15785850860420658,0.19776061677559498,0.0963562814766099,UP,True,71,60.0,WATCH,NONE,,NEUTRAL,C,WAIT,CMF positive,Producer Manufacturing,34.1
LTFOODS,426.3,416.2,429.4,416.2,False,True,True,True,False,True,0.6171129774862343,21.83615175,0.6526419453700543,False,0.29510693202928306,True,53.75,True,1.2292035904179293,90.0,1.06,0,False,▆▇▇██▅▁▄▇▅▆▇▇▆▇▆▆▆██,False,False,False,9,0.12184210526315797,0.1339273839606332,0.11167166004242324,0.07242515683303652,UP,True,67,60.0,WATCH,SEED,,NEUTRAL,C,WAIT,"Delivery P90, CMF positive",Process Industries,34.6
MANALIPETC,71.06,68.0,71.45,66.81,False,True,True,True,True,True,2.7517769719691185,14.19938685,2.9115005805559755,True,-0.20401142311980242,True,35.98,False,0.7920312585988664,11.0,-1.03,0,True,▂▁▃▃▆▇▂▃▃▆█▆▇▆▆▂▅▁▆▂,False,False,False,4,0.08026755852842804,0.13659628918745992,0.0700971133076933,0.07509406205986324,FLAT,True,67,60.0,WATCH,NONE,,NEUTRAL,C,WAIT,No standout factor,Process Industries,34.6
GARFIBRES,775.7,750.0,783.0,743.05,False,True,True,True,False,True,1.719367489693336,9.2959888,1.6729004799041582,True,0.21780023728458464,True,33.31,False,0.6560702749546994,6.0,-1.62,0,True,▄▆▅▇▅▅▇▇▄▆▄▁▃▄▆█▆▅▆▃,False,False,False,2,-0.00423620025673932,0.12697951474647695,-0.014406645477474056,0.06547728761888028,FLAT,True,66,60.0,WATCH,NONE,,NEUTRAL,C,WAIT,CMF positive,Producer Manufacturing,34.1
VISHNU,637.5,618.5,662.0,615.15,False,True,True,True,True,True,4.015080466929965,36.81792,4.128094322186943,True,-0.1860943748100577,True,42.81,False,0.7539361065126272,10.0,-1.24,0,True,▂▃▂▃▄▅▄▅▄▆▆▅▅▆▅▇█▅▅▁,False,False,False,4,-0.00460613631040685,0.07287108717603497,-0.014776581531141586,0.01136886004843829,FLAT,True,54,60.0,WATCH,NONE,,NEUTRAL,C,WAIT,No standout factor,Process Industries,34.6
GRSE,2677.0,2600.0,2688.0,2592.9,False,True,True,True,True,True,2.7124409392112194,338.7738146,2.7959544050543177,True,0.0045900977857231545,True,34.67,False,0.9996972361990167,85.0,1.03,0,True,▄▄▅▄▆▁▃▂█▇▇▁▄▄▆▄▄▄▅▄,False,False,False,0,0.021872733519105347,0.0016463369003967276,0.011702288298370611,-0.05985589022719995,UP,False,37,60.0,WATCH,NONE,,NEUTRAL,C,WAIT,CMF positive,Producer Manufacturing,34.1
BANARISUG,3543.9,3469.8,3565.0,3469.8,False,True,True,False,True,True,3.0809114476736252,0.40010631,3.134232420059358,True,0.03716798828521295,True,77.41,True,1.1694766739182985,72.0,0.69,0,False,█▃▁█▁▄▁▇▃▄▆▇▃▇▃▇▆▃▁▆,False,True,False,0,0.01982733812949644,-0.015583333333333282,0.009656892908761705,-0.07708556046092996,UP,False,32,60.0,WATCH,NONE,,NEUTRAL,C,WAIT,CMF positive,Process Industries,34.6
DIVGIITTS,1259.0,1284.0,1311.9,1245.1,True,True,True,True,False,True,1.2445205659106868,39.1270761,1.3032352264011995,False,0.055348866953902176,False,48.02,True,1.1017551910060803,29.0,-0.43,0,True,▆▅▄▅▅▇▆▇▇▆█▇▆▇▇▁▄▄▇▆,False,False,False,7,0.35909753332973504,0.5961965134706815,0.3489270881090003,0.5346942863430848,FLAT,True,97,59.0,WATCH,NONE,,NEUTRAL,C,WAIT,"CMF positive, RS leader",Producer Manufacturing,34.1
RPTECH,861.1,867.05,871.45,850.0,True,True,True,True,False,True,0.4158668350867999,20.55514588,0.4204493900396936,False,0.0028334331630461593,True,55.81,True,1.2142375388899767,70.0,0.41,0,True,▇▆▅▇▃▆▁▅▅▅▁▄▄▇█▇▇▇▆█,False,False,False,8,0.15778151260504214,0.5581290147471276,0.1476110673843074,0.49662678761953094,FLAT,True,97,59.0,WATCH,NONE,,NEUTRAL,C,WAIT,"CMF positive, RS leader",Distribution Services,34.9
KMEW,2706.2,2740.0,2745.0,2632.0,True,True,True,True,False,True,1.4042455517654056,44.1218848,1.4471583013030629,False,0.0023833276179510976,True,45.32,True,1.0967390646742088,87.0,1.1,0,True,▄▇▇▃▇▃▆▇▆▅▆▄██▇█▅▄▁▇,False,False,False,8,0.10376050248796798,0.38085518930503115,0.09359005726723324,0.3193529621774345,FLAT,True,92,59.0,WATCH,SEED,,NEUTRAL,C,WAIT,"CMF positive, RS leader",Producer Manufacturing,34.1
SEDEMAC,3235.8,3268.0,3319.9,3215.7,True,True,True,True,False,True,0.6537000708131313,37.45794438,0.7334394206804284,False,0.07109261651989576,False,48.91,True,1.0079340546110251,64.0,0.25,0,True,▄▇▇█▇▆▅▂▃▅▄▄▃▇▁▆▁▄▆▅,False,False,False,5,0.20964485981308423,0.36722017999746503,0.1994744145923495,0.30571795286986836,FLAT,True,92,59.0,WATCH,NONE,,NEUTRAL,C,WAIT,"CMF positive, RS leader",Producer Manufacturing,34.1
HFCL,230.03,218.01,230.47,218.01,False,True,True,True,True,True,1.3193621520128456,822.07132271,1.4746141210393422,True,0.045536304500842124,True,52.95,True,1.3398787909460126,97.0,2.08,0,True,▁▇▅▅▃▄▅▅▄▃▄▅▄▆▅▅▅▄▄█,False,False,False,2,0.055328714960774406,0.29223077355204774,0.04515826974003967,0.23072854642445106,FLAT,True,88,59.0,WATCH,NONE,,NEUTRAL,C,WAIT,"Delivery P97, CMF positive",Electronic Technology,39.9
TASTYBITE,10142.5,10098.5,10399.0,9903.5,False,True,True,True,True,True,1.5167388686833578,24.7862415,1.5602940127485134,True,0.22791939749726634,False,24.71,False,0.5190031610674116,2.0,-2.51,0,False,▆▅▅▆▆▅▇▅▅▆▇▆▄▅▇█▇▁▅▃,False,False,False,11,0.12208208872662896,0.2722654290015052,0.11191164350589422,0.2107632018739085,FLAT,True,86,59.0,WATCH,NONE,,NEUTRAL,C,WAIT,CMF positive,Consumer Non-Durables,37.4
CONCORDBIO,1565.7,1532.5,1598.0,1524.0,False,True,True,True,True,True,2.5883712513254897,76.58903376,2.8681090414406385,True,0.11749752574800376,False,34.29,False,0.7400852533318945,12.0,-1.04,0,False,▇▆▅▇▇▇▆▄▄▅▇▆▆▁▃▅▆█▃▂,False,False,False,10,0.1779265723743606,0.23070271969816059,0.16775612715362587,0.1692004925705639,FLAT,True,82,59.0,WATCH,NONE,,NEUTRAL,C,WAIT,CMF positive,Commercial Services,24.6
UNIONBANK,186.7,187.33,189.34,186.39,False,True,True,True,False,True,1.1829524927825992,317.85518171999996,1.2513725002548,True,0.1306248110531755,False,47.24,True,1.002238275573094,73.0,0.58,0,True,▄▁▄▇▃█▄▂▃▆▂▆▅▄▇▅▅█▆▅,False,False,False,11,0.10827496141517257,0.12105199951963486,0.09810451619443783,0.05954977239203818,UP,True,65,59.0,WATCH,NONE,,NEUTRAL,C,WAIT,CMF positive,Finance,29.7
DBREALTY,106.48,109.0,109.05,105.56,True,False,False,False,False,False,0.14499144524287927,5.990309248,0.12021828832643867,False,0.1556043473022322,True,74.98,True,1.603130144747814,99.0,2.59,6,True,▄▃▃▂▂▁▂▃▃▃▃▃▅▄▇█▇▇▆▇,False,False,False,3,0.02661010412649456,0.05415305415305416,0.016439658905759824,-0.007349172974542517,UP,False,50,59.0,WATCH,SEED,DEL75% ▄▃▃▂▂▁▂▃▃▃▃▃▅▄▇█▇▇▆▇ P99 Z+2.6 6D,NEUTRAL,C,WAIT,"Delivery P99, 6D high delivery, CMF positive",Finance,29.7
ANTELOPUS,856.55,813.9,866.85,802.5,False,True,True,True,False,True,2.154779182647466,33.096064139999996,2.211691512850139,True,-0.3135214926722426,True,40.52,False,0.8079841274588979,35.0,-0.27,0,True,▅▄▅▅▁▆▇▂▇▅▂▄▆▅▅▆█▇▄▃,False,True,False,0,-0.01370257355057869,0.0031621479182526446,-0.023873018771313426,-0.05834007920934403,UP,False,37,59.0,WATCH,NONE,,NEUTRAL,C,WAIT,No standout factor,Energy Minerals,46.3
ANURAS,1210.5,1197.5,1219.0,1196.0,False,False,False,False,False,True,2.1501283351645535,57.9420351,2.135053489613252,True,-0.12022094675465145,True,81.52,True,1.2979651625640862,99.0,2.1,0,True,▇▅▂▆▅▅▅▆▄▅▁▃▆█▂▆▇▃▃█,False,True,False,0,-0.044140871762476386,-0.04474431818181823,-0.05431131698321112,-0.10624654530941491,UP,False,24,59.0,WATCH,SEED,,NEUTRAL,C,WAIT,Delivery P99,Health Technology,28.9
GUJTHEM,371.3,350.0,377.0,349.0,False,True,True,True,True,False,3.506595103775601,9.68636301,3.653911050643618,True,-0.09125511874853662,True,46.27,False,0.8221539117610478,27.0,-0.56,0,True,▅▃▄▅▅▅▇▅▆█▅▄▁▄▄▆▆▄▆▄,False,True,False,0,0.018515978603758088,-0.07441106817898535,0.008345533383023351,-0.13591329530658203,UP,False,16,59.0,WATCH,NONE,,NEUTRAL,C,WAIT,No standout factor,Health Technology,28.9
TARSONS,336.65,365.0,365.0,332.0,True,True,True,True,False,True,1.0326593768808914,40.3737612,1.0318222220071185,False,0.3109941117959308,True,20.18,False,0.5396732008664723,5.0,-2.1,0,True,▄▅▅▇▆▇▇▆██▇█▆▅▆▂▅▁▂▃,False,False,False,10,0.07883352026918744,0.5610219790410831,0.0686630750484527,0.4995197519134864,FLAT,True,97,58.0,WATCH,NONE,,NEUTRAL,C,WAIT,"CMF positive, RS leader",Process Industries,34.6
SUDEEPPHRM,1107.0,1101.05,1112.4,1085.0,False,True,True,True,False,True,0.17343299437493312,7.550847,0.19677309691704312,False,0.19292133674766251,True,55.07,True,1.2643348294743608,80.0,0.73,0,False,▆▆█▅▃▂▆▃▄▅▁▁▅▃▃▂▅▃▅▇,False,False,False,11,0.2651428571428571,0.5166461159062885,0.2549724119221224,0.45514388877869183,FLAT,True,96,58.0,WATCH,NONE,,NEUTRAL,C,WAIT,"CMF positive, RS leader",Health Technology,28.9
NILKAMAL,1846.7,1810.0,1880.0,1776.1,False,True,True,True,False,True,0.28167590106598933,6.894285110000001,0.297939765153532,False,0.2693054138554291,True,48.31,True,1.1816213968618916,14.0,-1.12,0,False,▄▅▆▃▂▁▅▄█▃▆▅▆▆▅▇▅▇▇▆,False,False,False,6,0.18606294155427117,0.46610034931724376,0.17589249633353643,0.4045981221896471,FLAT,True,94,58.0,WATCH,NONE,,NEUTRAL,C,WAIT,"CMF positive, RS leader",Consumer Durables,29.9
MANYAVAR,536.9,541.85,543.3,530.0,True,True,True,True,False,False,0.08889776770369122,13.9814129,0.09746511709725712,False,0.5439343719166789,True,47.76,True,1.2017512958582857,36.0,-0.34,0,False,▆▆▄▇▅█▅▆▆▁▁▂▂▄▇▄▆▄▅▆,False,False,False,11,0.28737561443471993,0.3289603960396039,0.2772051692139852,0.26745816891200724,UP,True,90,58.0,WATCH,NONE,,NEUTRAL,C,WAIT,"CMF positive, RS leader",Retail Trade,32.3
PRABHA,192.2,164.31,196.05,163.0,False,True,True,True,True,False,122.1780504965613,102.96319292,153.01804506897324,True,0.6504398972003587,True,13.55,False,0.22587286108402305,0.0,-3.49,0,False,▆▄▆▇▆██▄▄▇█▆▅▅▅▅▇▇▇▁,False,False,False,2,0.3179729822395938,0.21954314720812174,0.30780253701885907,0.15804092008052506,UP,True,81,58.0,WATCH,NONE,,NEUTRAL,C,WAIT,CMF positive,Energy Minerals,46.3
BALUFORGE,542.55,512.35,549.7,508.0,False,True,True,True,True,False,3.364743591662152,219.58045621499997,3.8053349205649454,True,0.17937012335923674,True,25.16,False,0.5410112782359076,12.0,-1.28,0,False,▆▄▄▅▅▆▆▄▅█▅▄▃▅▄▂▅▁▁▂,False,False,False,2,0.22943575798776328,0.2090250696378828,0.21926531276702854,0.14752284251028613,UP,True,80,58.0,WATCH,NONE,,NEUTRAL,C,WAIT,CMF positive,Producer Manufacturing,34.1
BOROLTD,250.34,242.02,252.32,239.7,False,True,True,False,True,False,1.6552363457233186,2.918889298,1.7264971739716244,True,0.08666829353387136,True,53.31,True,1.0760349595301053,56.0,0.2,0,True,▄▄▄▄█▆▄▁▇▃█▄▁▆█▅▇▇▂▆,False,False,False,0,0.04757919404109301,0.13672070108522916,0.03740874882035827,0.07521847395763248,FLAT,True,67,58.0,WATCH,NONE,,NEUTRAL,C,WAIT,CMF positive,Producer Manufacturing,34.1
BHARATFORG,2098.9,2089.9,2098.9,2064.0,False,False,True,True,False,True,0.863002805306913,161.94209873,0.8405856746223529,False,0.3016600799960097,True,59.36,True,1.1517938568407164,90.0,1.18,0,True,▆▆▅▇▆▇▄▆▅█▅▆▆▁▅█▇███,False,False,False,10,-0.0027557371596901303,0.08386263878130662,-0.012926182380424867,0.022360411653709944,FLAT,True,57,58.0,WATCH,SEED,,NEUTRAL,C,WAIT,"Delivery P90, CMF positive",Producer Manufacturing,34.1
APOLLOHOSP,8919.0,8615.0,8925.0,8588.5,False,True,True,True,False,True,4.040754876960265,1128.931344,4.088688736727571,True,-0.00036515107885798246,True,57.08,False,0.9620521982420804,26.0,-0.48,0,False,▇▅▆▄▅▅▆▆▅▅▂▆▇█▄▅▁▃▅▅,False,True,False,13,0.0105370496261048,0.08122196629894529,0.00036660440537006345,0.019719739171348616,FLAT,True,56,58.0,WATCH,NONE,,NEUTRAL,C,WAIT,No standout factor,Health Services,40.2
SIRCA,442.7,440.45,448.45,435.3,False,True,True,True,False,False,2.404401525434959,39.99993715,2.498428155764102,True,0.17356022509998273,False,44.16,True,1.1194909561051043,85.0,1.06,0,False,█▆▆▇▆▄▄▅▆▄▃▃▄▄▇▆▁▆▅▆,False,False,False,6,0.11287078934137762,0.05744655440105095,0.10270034412064288,-0.004055672726545723,UP,False,51,58.0,WATCH,SEED,,NEUTRAL,C,WAIT,CMF positive,Process Industries,34.6
STLTECH,405.15,398.3,414.0,396.1,False,True,True,True,True,True,0.8374995805746792,255.440146935,1.1466837399167924,False,0.45204278519638547,False,47.91,False,0.9142519106548227,73.0,0.58,0,True,▂▃▃▃▄▃▂▂▁▁▁▁▃▃▃█▅▇▂▂,False,False,False,17,0.7522273159761266,1.41736276849642,0.7420568707553918,1.3558605413688234,FLAT,True,100,57.0,WATCH,NONE,,NEUTRAL,C,WAIT,"CMF positive, RS leader",Technology Services,32.9
DEEDEV,657.25,642.05,669.25,641.0,False,True,True,True,True,True,0.3080756896179032,9.8308826,0.4292643840582113,False,0.038073775100665674,True,47.21,False,0.929440485096665,60.0,0.33,0,True,▄▂▂▇▂▁▅▃▄▁▂▃▄▄▅▅█▇▄▃,False,False,False,16,0.52018040939054,1.1922948632421613,0.5100099641698053,1.1307926361145646,FLAT,True,100,57.0,WATCH,NONE,,NEUTRAL,C,WAIT,"CMF positive, RS leader",Producer Manufacturing,34.1
SUNDRMFAST,1228.3,1210.0,1244.8,1208.7,False,True,True,True,False,True,1.2782622712768836,41.05494486,1.4519444452222607,True,0.16536649694679745,False,65.46,True,1.0778679751691884,79.0,0.56,0,False,▃█▇▅▂▅▃▅▆▄▆▆▄▄▁▃▃▄▅▅,False,False,False,16,0.27291569511373637,0.4876763761884575,0.26274524989300163,0.4261741490608608,FLAT,True,95,57.0,WATCH,NONE,,NEUTRAL,C,WAIT,"CMF positive, RS leader",Producer Manufacturing,34.1
SONACOMS,824.0,806.5,827.35,806.0,False,True,True,True,True,True,0.9373914586778573,235.9714344,1.0127472738998244,False,0.16975060230189573,False,45.92,True,1.0199571315926836,37.0,-0.39,0,False,▅▅▁▆▅█▁▆▇▅▄▅▄▂▆▇▆▆▅▅,False,False,False,9,0.12453087683384512,0.3691119049597076,0.11436043161311038,0.3076096778321109,FLAT,True,92,57.0,WATCH,NONE,,NEUTRAL,C,WAIT,"CMF positive, RS leader",Producer Manufacturing,34.1
OMAXE,101.93,100.57,104.8,99.75,False,True,True,True,True,True,0.994956402253259,23.223058462,1.0390051971021157,False,0.22873544379272787,False,21.24,False,0.4955033768415159,9.0,-1.6,0,True,▅▅▄▅▆▆▅▅▅▅▇▇▄▆██▂▁▂▂,False,False,False,4,0.09909424196678907,0.3647074574909628,0.08892379674605433,0.3032052303633661,FLAT,True,91,57.0,WATCH,NONE,,NEUTRAL,C,WAIT,"CMF positive, RS leader",Finance,29.7
SANGHVIMOV,520.75,508.0,522.9,504.05,False,True,True,True,True,True,0.5236005897588305,16.2482332,0.5900614349793435,False,0.04123811800031658,True,52.23,True,1.1249313475268954,81.0,0.86,0,False,▇▇▆▅█▆█▁▁▄▅▆▅▄▅▇▅▅▅▆,False,False,False,6,0.18110682694488545,0.3294613224406433,0.1709363817241507,0.2679590953130466,FLAT,True,90,57.0,WATCH,NONE,,NEUTRAL,C,WAIT,"CMF positive, RS leader",Finance,29.7
HAVELLS,1299.7,1299.0,1311.8,1286.1,False,True,True,False,True,False,1.0556206504491739,132.71925541000002,1.086430559639078,True,0.25529727696163435,False,68.34,True,1.1512803234501348,90.0,1.27,0,True,▅▆▁▅▅▆▃▆▇▅█▇▆▄▅▄█▄▄▇,False,False,False,11,0.06742772667542729,0.12968274663189927,0.057257281454692555,0.0681805195043026,FLAT,True,66,57.0,WATCH,NONE,,NEUTRAL,C,WAIT,"Delivery P90, CMF positive",Producer Manufacturing,34.1
HOMEFIRST,1177.1,1181.0,1184.2,1170.0,True,False,True,True,False,True,1.7397935746780975,33.05720556,1.714826196227273,False,-0.11411673788660892,False,79.56,True,1.374128863442058,97.0,2.0,0,True,▄▅▃▃▁▃▄▆▄▅▄▄▇▄▂▇█▃▄█,False,True,False,0,-0.08046246387001021,0.08980649939820395,-0.09063290909074495,0.028304272270607278,FLAT,True,58,57.0,WATCH,DISTRIBUTION,,NEUTRAL,C,WAIT,Delivery P97,Finance,29.7
SCHAEFFLER,4073.3,4013.2,4099.9,4012.6,False,False,False,True,False,True,1.5856416033375393,43.68899381,1.5764184110128672,True,-0.01049699732900315,True,61.38,True,1.0241863491878094,67.0,0.29,0,True,▃▂▄▅▄▁▄▆▃▂▄▄▃▄▃▃▄█▆▄,False,True,False,0,-0.02554962799933025,-0.0018867924528301883,-0.035720073220064985,-0.06338901958042686,UP,False,36,57.0,WATCH,NONE,,NEUTRAL,C,WAIT,No standout factor,Producer Manufacturing,34.1
GICRE,359.9,356.5,360.4,354.55,False,True,False,False,False,True,1.639593577695933,26.791855749999996,1.6561423359964786,True,-0.19587132928519818,True,60.86,True,1.0824655170880504,83.0,0.84,0,True,▃▇▃▄▆▄▇▇▄█▁▂▇█▄▅▁▅▆▆,False,True,False,0,-0.0051140290255702325,-0.07242268041237121,-0.015284474246304969,-0.13392490753996789,UP,False,17,57.0,WATCH,NONE,,NEUTRAL,C,WAIT,No standout factor,Finance,29.7
TFCILTD,123.7,121.4,125.99,121.38,False,True,True,True,True,True,0.9043168513865971,212.68504229,1.0702212686423809,False,0.27090292238958563,True,38.46,False,0.9318101975796194,13.0,-1.08,0,False,▅▅▂▄▄▃▄▅▄▃▃▄▄▄▅█▅▄▁▄,False,False,False,14,0.48660016824900865,0.6608485499462942,0.4764297230282739,0.5993463228186975,FLAT,True,98,56.0,WATCH,NONE,,NEUTRAL,C,WAIT,"CMF positive, RS leader",Finance,29.7
GNA,581.5,563.0,592.0,561.55,False,True,True,True,True,True,1.3222146974360778,40.23543875,1.4555832646934461,True,-0.150135707624023,True,48.26,True,1.0970550459758355,38.0,-0.24,0,True,▁▃▁▃▄▆▁▂▅▂▄▅▄▄▂▇█▇▇▅,False,False,False,0,0.14064338956453515,0.667144495412844,0.1304729443438004,0.6056422682852474,FLAT,True,98,56.0,WATCH,NONE,,NEUTRAL,C,WAIT,RS leader,Producer Manufacturing,34.1
JGCHEM,645.85,605.0,652.4,602.15,False,True,True,True,True,True,0.8664849762336743,56.279046075,0.9441890902951626,False,0.27812648775323684,True,30.78,False,0.8092227202818345,7.0,-1.55,0,False,▄▇▄▇▆▇▇▆██▄▅▆▁▂▅▅▄▅▄,False,False,False,12,0.30911117867639604,0.47420680209997723,0.2989407334556613,0.41270457497238056,FLAT,True,95,56.0,WATCH,NONE,,NEUTRAL,C,WAIT,"CMF positive, RS leader",Process Industries,34.6
TBOTEK,1708.2,1720.0,1725.5,1671.5,False,True,True,True,True,True,1.081260721473777,63.3853233,1.1728531238812356,True,0.030265397975082514,False,50.64,True,1.1041339612768184,64.0,0.28,0,False,▄▅▄▃▄▇▆▄▁█▄▄▅▅▄▅▅▄▄▅,False,False,False,9,0.16592724046140206,0.40766378244746604,0.15575679524066732,0.34616155531986936,FLAT,True,93,56.0,WATCH,NONE,,NEUTRAL,C,WAIT,"CMF positive, RS leader",Technology Services,32.9
SBCL,1026.85,1029.65,1049.0,1015.9,False,True,True,True,False,True,0.18443447190924053,22.113112065,0.18958230803142267,False,0.6566781801075026,True,50.35,True,1.137891679943953,33.0,-0.34,0,False,▇█▇▇▇▇█████▇▂▁▃▅▅▅▇▇,False,False,False,2,0.3623217247097843,0.40414330644058527,0.35215127948904956,0.3426410793129886,UP,True,93,56.0,WATCH,NONE,,NEUTRAL,C,WAIT,"CMF positive, RS leader",Non-Energy Minerals,34.1
TMCV,468.8,467.0,474.9,463.5,True,True,True,True,False,True,0.7557516318693847,297.7766032,0.7951164593035092,False,0.10156715200105652,True,50.79,True,1.026184992120257,56.0,0.04,0,True,▅▄▅▄▇▂▅▄▆▄▄▇▇▄█▅▁▄▂▅,False,False,False,11,0.138554948391014,0.2914600550964188,0.12838450317027927,0.22995782796882214,FLAT,True,88,56.0,WATCH,NONE,,NEUTRAL,C,WAIT,CMF positive,Consumer Durables,29.9
POONAWALLA,497.9,498.0,503.25,494.55,False,True,True,True,False,True,0.44441950582646983,29.871908819999998,0.4593664184351779,False,0.09121412218113087,True,50.73,True,1.0364165687726645,69.0,0.51,0,True,▄▃▁▃▄▇▁▅▅▄▆█▂▄▃▅█▄▅▅,False,False,False,9,0.07491364421416224,0.2976283554860568,0.06474319899342751,0.23612612835846014,FLAT,True,88,56.0,WATCH,NONE,,NEUTRAL,C,WAIT,CMF positive,Finance,29.7
RAMRAT,472.65,467.5,478.55,451.8,False,True,True,True,False,True,0.5105168170207597,7.46843718,0.5320115148158875,False,0.32263883453067177,True,55.65,True,1.0980554651197205,63.0,0.31,0,True,▂▄▃▇▆▇▅▁▄▁▅▁▃▅▅█▆▃▅▅,False,False,False,5,0.12335115864527624,0.28437500000000004,0.1131807134245415,0.22287277287240337,FLAT,True,87,56.0,WATCH,NONE,,NEUTRAL,C,WAIT,CMF positive,Producer Manufacturing,34.1
LAURUSLABS,1814.0,1810.0,1824.6,1802.1,False,True,True,True,False,True,0.588331747747298,234.3120218,0.6148234776255095,False,0.24146512474852178,True,65.01,True,1.3233049036171558,94.0,1.69,0,False,▃▅▁▁▂▅▄▄▃▆▆██▄▆▄▅▄▅▇,False,False,False,15,0.164612223934258,0.27102017937219736,0.15444177871352327,0.20951795224460068,FLAT,True,85,56.0,WATCH,SEED,,NEUTRAL,C,WAIT,"Delivery P94, CMF positive",Health Technology,28.9
COFORGE,1773.0,1795.0,1795.0,1762.2,True,True,True,True,False,True,0.49051287362613294,278.7994629,0.5118187073032315,False,0.26910429588443235,True,52.33,True,1.1096268023748939,73.0,0.59,0,True,▆▃▇█▂▁▆▄▅▅▇▅▆▅▄▆▆▇█▇,False,False,False,16,0.18674698795180733,0.2556657223796035,0.1765765427310726,0.19416349525200682,FLAT,True,84,56.0,WATCH,NONE,,NEUTRAL,C,WAIT,CMF positive,Technology Services,32.9
STEELCAS,357.75,352.95,359.0,348.6,False,True,True,True,True,True,0.7528715349763605,3.770148375,0.805195435773734,False,0.32799752359222306,True,63.16,True,1.2420723493377646,88.0,1.11,0,True,▄▁▅▄▆▄▂▁▄▇▆▅▆▆█▆▂▅▇▇,False,False,False,9,0.16568914956011738,0.23960498960498944,0.15551870433938264,0.17810276247739276,FLAT,True,83,56.0,WATCH,NONE,,NEUTRAL,C,WAIT,CMF positive,Non-Energy Minerals,34.1
POLYMED,1784.7,1733.6,1788.4,1722.7,False,True,True,True,False,False,1.2392073446265417,40.13326278,1.2437385739096185,True,0.0819562242391809,True,54.91,True,1.1655204618780777,81.0,0.67,0,True,█▄▃▂▄▄▆▅▅▄▄▅▁▃▃▄▅▅▄▅,False,False,False,7,0.05236157792322649,0.22340279681930353,0.04219113270249175,0.16190056969170685,FLAT,True,81,56.0,WATCH,NONE,,NEUTRAL,C,WAIT,CMF positive,Health Technology,28.9
GODREJIND,1229.9,1225.0,1245.1,1189.7,False,False,False,True,False,True,1.8424471047199726,24.256456770000003,1.753332214824919,True,-0.0996831167238905,True,44.27,True,1.0278974192275097,50.0,0.03,0,True,▃▃▄▄▇▅▄▅▄▅█▅▄▆▆▅▁▄▃▅,False,True,False,0,-0.10909090909090902,0.17558784171286557,-0.11926135431164375,0.11408561458526889,FLAT,True,75,56.0,WATCH,NONE,,NEUTRAL,C,WAIT,No standout factor,Process Industries,34.6
OFSS,11828.0,11449.0,11850.0,11318.0,False,True,True,True,False,True,0.5838772527182796,305.8105744,0.6176335584906721,False,0.10150830639940751,True,51.87,True,1.4028207867371638,91.0,1.32,0,False,▅▃▁▃▄▃▅▄▅▄▆█▅▅██▆▆▆█,False,False,False,10,0.012584538994949046,0.17132105367399486,0.00241409377421431,0.10981882654639818,FLAT,True,74,56.0,WATCH,SEED,,NEUTRAL,C,WAIT,"Delivery P91, CMF positive",Technology Services,32.9
HCLTECH,1361.3,1372.8,1374.9,1346.5,True,True,True,True,False,False,0.323387450990633,130.8168461,0.33747758934980676,False,0.27313490205195257,True,63.1,True,1.1844871602342693,74.0,0.76,0,True,█▃▁▄▄▃▅▄▆▆▆█▂▆▃▆▅▆▅▇,False,False,False,17,0.1307417559597972,0.16519729521527005,0.12057131073906246,0.10369506808767337,UP,True,73,56.0,WATCH,NONE,,NEUTRAL,C,WAIT,CMF positive,Technology Services,32.9
POLICYBZR,1747.0,1728.0,1767.5,1721.1,False,True,True,True,True,True,1.1179468940064345,221.3508398,1.1981907535813985,True,0.10403358773053917,True,64.1,True,1.210987682309378,83.0,1.02,0,False,▅█▄▄▅▃▆▇▃▂▂▂▂▅▁▄▆▇▅▇,False,False,False,0,0.11807999999999996,0.16676684699125088,0.10790955477926523,0.10526461986365421,UP,True,73,56.0,WATCH,NONE,,NEUTRAL,C,WAIT,CMF positive,Technology Services,32.9
SCHNEIDER,1274.4,1212.2,1279.9,1212.2,False,False,False,True,False,False,3.05992375892269,153.46911024000002,2.9498806195560414,True,0.10494009087137286,True,36.51,False,0.7710339584389255,14.0,-0.93,0,True,▅█▅▅█▇▅▄▆▅▆▆▅▂▃▅▆▇▁▂,False,True,False,0,-0.061768386954280996,0.16086718892330132,-0.07193883217501573,0.09936496179570464,FLAT,True,72,56.0,WATCH,NONE,,NEUTRAL,C,WAIT,CMF positive,Producer Manufacturing,34.1
PNBHOUSING,1145.8,1145.9,1153.9,1128.9,True,True,True,True,False,True,0.7027939526877168,84.67736991999999,0.7262326838232478,False,0.18249971726128672,True,67.19,True,1.4567095578271851,98.0,2.06,0,False,▇▅▃▅▆▆▅▄▅▄▁▂▆▄▅▅▅▅▄█,False,False,False,9,0.04734917733089583,0.15854398382204238,0.037178732110161095,0.0970417566944457,FLAT,True,72,56.0,WATCH,SEED,,NEUTRAL,C,WAIT,"Delivery P98, CMF positive",Finance,29.7
PIDILITIND,1699.1,1690.1,1707.5,1684.4,False,True,True,True,False,True,0.4927596298611348,111.69084823,0.5145541582412095,False,0.32916727888939773,True,70.75,True,1.1842490689207852,93.0,1.38,0,False,▆▆▇▅▅▄▆▆▆▁▂▅▅▄▇▇▆▅█▇,False,False,False,16,0.08492433433369517,0.15498606484943234,0.07475388911296044,0.09348383772183566,FLAT,True,71,56.0,WATCH,SEED,,NEUTRAL,C,WAIT,"Delivery P93, CMF positive",Process Industries,34.6
BLACKBUCK,588.8,567.5,591.6,564.0,False,True,True,True,True,False,1.513872279824739,35.476495359999994,1.6212603806586285,True,-0.04664140509861169,True,44.49,True,1.0639340930015664,29.0,-0.48,0,False,▅▅▃▃▆▄▁▄▂▅█▄▇▇▇▆▇▆▅▅,False,False,False,4,0.0246236839815539,0.15598311573574142,0.014453238760819165,0.09448088860814474,FLAT,True,71,56.0,WATCH,NONE,,NEUTRAL,C,WAIT,No standout factor,Technology Services,32.9
AUROPHARMA,1645.0,1631.0,1645.9,1626.3,False,True,True,True,False,True,0.5487341834476754,94.4162555,0.5654222447589978,False,0.12426345044073285,True,57.77,True,1.2235647947134884,84.0,1.02,0,True,▅▁▃▅▅▂▅▅▇▇▄▁▃▅▄█▅▃▃▆,False,False,False,7,0.04133696271443932,0.13526570048309172,0.031166517493704582,0.07376347335549505,FLAT,True,67,56.0,WATCH,NONE,,NEUTRAL,C,WAIT,CMF positive,Health Technology,28.9
MCX,3040.0,2949.9,3058.0,2916.0,False,True,True,True,True,True,1.4606071184764402,968.950448,1.5959607376435427,True,0.13705218861159782,True,39.46,False,0.8764117313906873,52.0,0.1,0,False,▁▃▁▅█▅▃▄▅▄▁▅▁▄▂▃▃▅▁▁,False,False,False,0,0.08524917892331874,0.07618238459359938,0.075078733702584,0.014680157466002708,UP,True,55,56.0,WATCH,NONE,,NEUTRAL,C,WAIT,CMF positive,Finance,29.7
QPOWER,1325.1,1302.9,1357.0,1290.0,False,True,True,True,False,True,0.38587197801304984,48.93157017,0.4080580794825167,False,-0.18856558276699448,False,57.51,True,1.39555199650566,98.0,2.61,0,True,▁▁▁▁▂▃▂▁▂▂▂▁▂▂█▅▅▅▄▄,False,False,False,3,-0.05105986823259823,0.6649076517150394,-0.06123031345333296,0.6034054245874427,FLAT,True,98,55.0,WATCH,SEED,,NEUTRAL,C,WAIT,"Delivery P98, RS leader",Producer Manufacturing,34.1
SHAREINDIA,178.08,173.74,178.79,171.21,False,True,True,True,False,True,0.8151330537325622,13.420411536000001,0.7902263205330091,False,-0.003958859007510409,False,60.48,True,1.3632060586935941,90.0,1.27,0,True,▁▄▃▃▄▆▅▄▂▆▄█▆▅█▆▅▅▅▇,False,False,False,3,-0.04196255648805669,0.3405600722673894,-0.05213300170879143,0.2790578451397927,FLAT,True,90,55.0,WATCH,SEED,,NEUTRAL,C,WAIT,"Delivery P90, RS leader",Finance,29.7
AEROENTER,130.89,125.75,133.4,122.0,False,True,True,True,False,True,2.076837867332736,14.905687754999999,2.1522251784690845,True,0.02787800589516032,True,36.61,False,0.7707043913940467,27.0,-0.64,0,True,█▁▅▅▃▅▇▄▆▄▅▅▇▇▇▄▆▅▄▃,False,False,False,0,0.09531380753138063,0.24597810566396938,0.0851433623106459,0.1844758785363727,FLAT,True,83,55.0,WATCH,NONE,,NEUTRAL,C,WAIT,CMF positive,Producer Manufacturing,34.1
GOKEX,812.4,807.9,823.45,799.15,False,True,True,True,False,True,2.1880713524565816,48.4763142,2.2263488984232973,True,0.043995355658297396,True,46.15,False,0.9534828466059936,67.0,0.39,0,True,██▁▄▆▂▆▄▅▅▄▇▄▇▅▃▅▄▅▄,False,False,False,0,-0.023205482746182615,0.19646539027982324,-0.03337592796691735,0.13496316315222656,FLAT,True,78,55.0,WATCH,NONE,,NEUTRAL,C,WAIT,CMF positive,Consumer Non-Durables,37.4
SONATSOFTW,309.45,322.45,322.45,308.0,True,False,True,True,False,False,0.6480802880361423,38.859740759999994,0.6215150200568759,False,0.09808161299193104,False,62.62,True,2.0969443281707827,100.0,2.55,1,True,▄▅▂▂▁▁▂▃▃▃▃▃▂▃▃▄▂▂▃█,False,False,False,4,0.022806147744174332,0.176392320851549,0.012635702523439596,0.11489009372395231,FLAT,True,75,55.0,WATCH,SEED,DEL63% ▄▅▂▂▁▁▂▃▃▃▃▃▂▃▃▄▂▂▃█ P100 Z+2.5,NEUTRAL,C,WAIT,"Delivery P100, CMF positive",Technology Services,32.9
SHANTIGOLD,253.85,269.0,269.97,251.21,True,True,True,True,False,True,1.4427542397425548,65.851863125,1.563942712755976,False,0.14050090609244592,False,39.03,False,0.8122366162010303,26.0,-0.53,0,True,▄▅▅▁▆▃▇▆▇▇▇█▆▆▆▅▄▂▂▄,False,False,False,6,0.19167214346070782,0.16252976735665858,0.18150169823997309,0.10102754022906191,UP,True,72,55.0,WATCH,NONE,,NEUTRAL,C,WAIT,CMF positive,Consumer Durables,29.9
EICHERMOT,8101.0,8100.0,8143.0,8030.0,False,True,True,True,True,True,0.556810597614058,231.818216,0.5734987056386269,False,0.27452882369633375,False,62.77,True,1.1077971127033992,84.0,0.96,0,True,▆▃▇▄▆▇▁█▆█▇▅▇▇▄▆█▅▇▇,False,False,False,20,0.07106498314272502,0.13938115330520384,0.06089453792199029,0.07787892617760717,FLAT,True,68,55.0,WATCH,NONE,,NEUTRAL,C,WAIT,CMF positive,Consumer Durables,29.9
ADANIENT,3040.0,2965.0,3048.0,2950.0,False,True,True,True,False,True,1.562513100793839,502.508352,1.559502136441201,True,-0.06606980883427199,True,43.13,True,1.2022299651567945,86.0,1.12,0,False,▇▃▃▂▆▁▆▄▆▄▄█▇▆▃▅▆▇█▇,False,True,False,2,-0.03818774322143825,0.022604951560817987,-0.04835818844217299,-0.03889727556677869,FLAT,False,43,55.0,WATCH,SEED,,NEUTRAL,C,WAIT,No standout factor,Distribution Services,34.9
NORTHARC,289.2,278.4,295.0,276.5,False,True,False,True,False,True,1.2826294642760059,28.14375828,1.2815596338315063,True,-0.1732149244653355,True,61.58,True,1.1030307372644552,92.0,1.21,0,True,█▄▂▆▁▃▃▄▅▄▃▄▅▄▄▃▆▅▄▆,False,True,False,0,-0.05412919051512677,-0.0358393065510918,-0.0642996357358615,-0.09734153367868847,UP,False,27,55.0,WATCH,SEED,,NEUTRAL,C,WAIT,Delivery P92,Finance,29.7
MTARTECH,7777.0,8122.0,8297.5,7732.0,True,True,True,True,False,True,0.5773861021911433,944.1099129,0.5949148041307928,False,0.0410156816841065,False,21.68,True,1.2187306762606107,19.0,-0.9,0,True,▄▅▆▂▄▆▅▇▃█▅▃▂▂▁▁▂▃█▆,False,False,False,4,-0.014259458774320333,0.8632900474387848,-0.02442990399505507,0.8017878203111881,FLAT,True,99,54.0,IGNORE,NONE,,NEUTRAL,C,WAIT,"CMF positive, RS leader",Electronic Technology,39.9
COMSYN,279.8,280.0,284.0,277.15,True,True,True,True,False,True,0.032214367321762666,1.3674945200000002,0.03877880890686295,False,0.17526448785227441,True,38.08,True,1.0875494438018536,38.0,-0.47,0,False,▃▄▅▅▃▃▂▁█▅▆▂▄▂▂▄▃▄▆▄,False,False,False,9,0.4388563200658233,0.8282801881860953,0.4286858748450886,0.7667779610584986,FLAT,True,99,54.0,IGNORE,NONE,,NEUTRAL,C,WAIT,"CMF positive, RS leader",Process Industries,34.6
KRN,1522.1,1517.7,1560.0,1475.0,True,True,True,True,False,True,0.5957799723885733,64.75287378,0.7100340581034246,False,-0.043447864033672325,True,41.47,True,1.1024564015312632,78.0,0.67,0,True,▂▁▁▂▂▂▃▂▂▃▂▂▁▃▅▄█▄▅▃,False,False,False,7,0.21992466137693345,0.6566173269481932,0.20975421615619871,0.5951150998205965,FLAT,True,98,54.0,IGNORE,NONE,,NEUTRAL,C,WAIT,RS leader,Producer Manufacturing,34.1
SPECTRUM,2530.2,2440.8,2565.0,2440.8,False,True,True,True,False,True,0.2844750627151808,4.32967824,0.3125229861542668,False,0.2963370852181603,True,52.66,True,1.351157181710884,48.0,0.02,0,False,▆██▇▇▄▃▁▃▇▁▅▄▅▃▅▆▆█▇,False,False,False,11,0.2616305160807777,0.7447248655357881,0.25146007086004296,0.6832226384081914,FLAT,True,98,54.0,IGNORE,NONE,,NEUTRAL,C,WAIT,"CMF positive, RS leader",Electronic Technology,39.9
SKYGOLD,795.05,778.0,800.0,775.0,False,True,True,True,False,True,0.4788181401584649,55.866096369999994,0.5201832727684494,False,-0.09034874151396079,True,56.12,True,1.3118586222211832,93.0,1.35,0,False,▄▇▃▅▆▅█▆▄▇▇▄▅▂▁▃▄▃▃█,False,False,False,9,0.21233607807258315,0.5496540298216548,0.2021656328518484,0.4881518026940581,FLAT,True,96,54.0,IGNORE,SEED,,NEUTRAL,C,WAIT,"Delivery P93, RS leader",Consumer Durables,29.9
AEROPLANE,180.1,181.9,187.0,173.72,True,False,True,True,False,True,1.3601206157474777,12.587477159999999,1.2798861300215216,False,0.13966218763356608,True,64.05,True,1.057349445324881,,,0,False,▆▅█▆▅▄▇▅▆▅▅▅▄▅▇▆▁▄▇▆,False,False,False,5,-0.03198065036280584,0.5072390995062348,-0.042151095583540577,0.4457368723786381,FLAT,True,95,54.0,IGNORE,NONE,,NEUTRAL,C,WAIT,"CMF positive, RS leader",Process Industries,34.6
STYL,393.95,399.7,401.55,388.15,True,True,True,True,False,True,0.3572083256419914,3.29712513,0.36087276279272196,False,0.09895426508565684,True,48.57,True,1.0597052374355003,27.0,-0.56,0,False,▃▇▃▅▆▅▁▄▇█▆▇▆▅▆▅▅██▆,False,False,False,6,0.057016367051247574,0.49990481629545025,0.04684592183051284,0.4384025891678536,FLAT,True,95,54.0,IGNORE,NONE,,NEUTRAL,C,WAIT,"CMF positive, RS leader",Technology Services,32.9
SENORES,1537.5,1549.7,1562.9,1525.5,True,True,True,True,False,True,0.8074597862554767,36.7385625,0.8939549740357106,False,0.01188162621629576,False,42.94,True,1.0159225873612983,31.0,-0.43,0,True,▁▅▄▄▄▃▅▅▇▆▇▇▄█▆▇▅▅▇▅,False,False,False,6,0.09508547008547019,0.4047510278666058,0.08491502486473546,0.3432488007390091,FLAT,True,93,54.0,IGNORE,NONE,,NEUTRAL,C,WAIT,"CMF positive, RS leader",Health Technology,28.9
TIIL,3280.2,3090.0,3359.9,3090.0,False,True,True,True,True,True,2.989585781514428,62.37890736,3.2941590265909593,True,-0.30752707032071536,True,30.38,False,0.6347083955750086,3.0,-2.19,0,False,▆▄▄▅▇█▇▇▆▇▅▅▄▅▇▂▃▁▂▃,False,False,False,11,0.24902901530728805,0.3093565384001278,0.2388585700865533,0.2478543112725311,FLAT,True,89,54.0,IGNORE,NONE,,NEUTRAL,C,WAIT,No standout factor,Producer Manufacturing,34.1
GHCLTEXTIL,127.94,119.23,128.55,119.04,False,True,True,True,True,True,1.533753840991485,27.309714168,1.6930480833456498,True,-0.16512229027125802,True,48.86,False,0.9422337071284629,11.0,-1.06,0,False,▆▆▆▇▇▆▁▄▇▆▆▇▆█▇▇▇▆█▆,False,False,False,9,0.09117270788912579,0.3206028075970273,0.08100226266839106,0.25910058046943063,FLAT,True,89,54.0,IGNORE,NONE,,NEUTRAL,C,WAIT,No standout factor,Process Industries,34.6
BOSCHLTD,47250.0,46810.0,47315.0,46480.0,False,True,True,True,True,True,0.8220574755557098,156.57705,0.8941355616693287,False,0.32599659347372645,True,39.01,True,1.0195360993139495,35.0,-0.45,0,False,▄▄▅▇▇▅▆█▆▄▂▄▅▄▁▃▃▆▅▅,False,False,False,9,0.15652918859380738,0.277027027027027,0.14635874337307264,0.2155247998994303,FLAT,True,86,54.0,IGNORE,NONE,,NEUTRAL,C,WAIT,CMF positive,Producer Manufacturing,34.1
WELSPUNLIV,177.79,168.3,182.9,167.8,False,True,True,True,True,True,9.577150213677056,954.819754901,10.384136598289441,True,-0.266125335122687,True,11.67,False,0.27294414818972773,2.0,-2.48,0,True,▇█▅▅█▆▆▇█▅▄▅▃▅█▄▆▁▃▁,False,False,False,1,0.07076608046253918,0.24817467003650662,0.060595635241804446,0.18667244290890994,FLAT,True,84,54.0,IGNORE,NONE,,NEUTRAL,C,WAIT,No standout factor,Consumer Non-Durables,37.4
LENSKART,628.0,609.85,640.0,606.85,False,True,True,True,True,True,1.7203858473757923,681.4927888,1.8494945480749843,True,-0.12061884389450944,True,49.97,False,0.8410971124632851,47.0,0.08,0,False,▅▅▅▆▇▆▆█▇▇▆▆▇▆▆▆▁▃▅▄,False,False,False,16,0.14588085028738274,0.25211843285813984,0.135710405066648,0.19061620573054316,FLAT,True,84,54.0,IGNORE,NONE,,NEUTRAL,C,WAIT,No standout factor,Health Technology,28.9
UNITDSPR,1534.0,1513.2,1536.5,1513.2,False,True,True,True,True,True,0.5637366991100791,80.7715428,0.5904686953344966,False,0.15139243938084118,True,62.4,True,1.1170584128461716,64.0,0.43,0,False,▅▂▁▃▅▅▇▆▆▃▄█▆▆▆▇▅▅▇▆,False,False,False,14,0.10654259539782163,0.20313725490196077,0.09637215017708689,0.1416350277743641,FLAT,True,79,54.0,IGNORE,NONE,,NEUTRAL,C,WAIT,CMF positive,Consumer Non-Durables,37.4
MINDACORP,745.25,729.5,765.35,727.8,False,True,True,True,True,True,2.4631386153554287,122.01337335,2.5637857153110195,True,-0.4209097823398127,True,25.24,False,0.5602228461717735,6.0,-1.77,0,False,▆██▆▅█▇▅▅▆▇▆▇▆█▇▁▁▇▂,False,False,False,10,0.0941055567789768,0.1515877308197482,0.08393511155824207,0.09008550369215151,FLAT,True,70,54.0,IGNORE,NONE,,NEUTRAL,C,WAIT,No standout factor,Producer Manufacturing,34.1
ANTHEM,891.05,899.0,899.0,883.85,True,True,True,True,False,True,0.5793331865946175,42.543360459999995,0.6285899705720462,False,0.349752212452714,True,60.22,True,1.0490558149257891,79.0,0.62,0,False,▇▄█▇▇█▄▃▅▅▇█▆▅▁▅▆▅▅▆,False,False,False,12,0.12570273513991537,0.1449405717956953,0.11553228991918063,0.08343834466809863,UP,True,69,54.0,IGNORE,NONE,,NEUTRAL,C,WAIT,CMF positive,Health Technology,28.9
TATATECH,835.8,840.0,844.7,815.2,True,True,True,True,False,True,0.6697661919230756,126.73252115999999,0.675357924380526,False,0.4543079170653088,True,31.08,False,0.8105359238492632,12.0,-1.08,0,True,█▇▅▅▃▆▄▅▆▇█▂▁▂▃▇▄▆▆▃,False,False,False,5,0.1465020576131686,0.1217286270299287,0.13633161239243385,0.06022639990233203,UP,True,65,54.0,IGNORE,NONE,,NEUTRAL,C,WAIT,CMF positive,Technology Services,32.9
BALKRISIND,2376.7,2400.0,2413.0,2372.0,True,True,True,True,False,True,0.09566467258592083,13.054975429999999,0.09606539225904916,False,0.37374579567068716,True,52.37,True,1.0289610185476266,41.0,-0.35,0,False,▆█▄▇▆▅▁▂▃▄▂▄▃█▅▇▇█▆▅,False,False,False,10,0.16642127993718092,0.1169752796315442,0.15625083471644619,0.05547305250394752,UP,True,64,54.0,IGNORE,NONE,,NEUTRAL,C,WAIT,CMF positive,Consumer Durables,29.9
NAHARSPING,303.4,298.35,307.45,294.0,False,True,True,True,False,True,1.4521630793596192,2.5231957599999997,1.417199240693622,True,0.0646229691892561,True,55.54,False,0.8889813688456367,34.0,-0.42,0,True,▂▂▆▂▁▁▃▁▄▄█▃▅▄▃▅▆▇▆▂,False,False,False,8,0.08144715736945263,0.10548369466205143,0.07127671214871789,0.043981467534454755,UP,True,61,54.0,IGNORE,NONE,,NEUTRAL,C,WAIT,CMF positive,Process Industries,34.6
TMB,847.1,839.0,850.9,836.45,False,True,True,True,False,True,0.10570491930155856,6.20128026,0.1017835511663715,False,0.26198374598649204,True,59.14,True,1.2941910211941834,77.0,0.7,0,False,▇▇▅▁▂▅▆▅▆▇▇▆▇█▇▇█▇██,False,False,False,4,0.0350051927423789,0.08526039331240809,0.024834747521644163,0.023758166184811413,UP,True,57,54.0,IGNORE,NONE,,NEUTRAL,C,WAIT,CMF positive,Finance,29.7
360ONE,1163.6,1169.0,1185.0,1154.0,True,True,True,True,False,True,0.709204186766975,79.54776859999998,0.718397092884375,False,0.13190013668730394,True,58.54,True,1.1313935622276123,69.0,0.49,0,False,▇▁▁▇▅█▇▇▂▄▅▇▇▅▄▆▄▂▆▇,False,False,False,8,0.03920693042779311,0.0824186046511628,0.02903648520705837,0.02091637752356612,UP,True,56,54.0,IGNORE,NONE,,NEUTRAL,C,WAIT,CMF positive,Finance,29.7
GLOBUSSPR,899.5,882.0,914.0,881.75,False,True,True,False,False,False,3.8140602109077464,33.6864549,3.8775122747088555,True,-0.32402308887873216,True,68.08,True,1.3049770459751389,100.0,2.24,0,True,▄▆▃▄▅▅▅▄▆▄▆▃▁▃▇▆▄▄▇█,False,False,False,0,0.000723146242420869,0.06311310719773067,-0.009447298978313867,0.001610880070133991,FLAT,True,52,54.0,IGNORE,SEED,,NEUTRAL,C,WAIT,Delivery P100,Consumer Non-Durables,37.4
GAIL,173.8,175.4,175.4,173.45,True,False,True,True,False,True,0.35131076950174356,77.09648078000001,0.3478024928272116,False,0.21359629211715112,False,71.65,True,1.2339831909616976,97.0,1.79,0,True,▇▅▅▇▆▇▆▁▂▄▆▅▃▄█▇▇▆▄█,False,False,False,3,0.015186915887850594,0.037302297821545816,0.005016470667115858,-0.02419992930605086,UP,False,47,54.0,IGNORE,SEED,,NEUTRAL,C,WAIT,"Delivery P97, CMF positive",Utilities,32.3
KABRAEXTRU,512.6,522.95,522.95,504.25,True,True,True,True,False,True,0.25883187835588417,6.35659882,0.2901731628417373,False,0.3663394920921845,False,43.26,True,1.0763871609853197,20.0,-0.85,0,False,▆▅▄▃▅▄▄▅▃██▄▆▁▂▆▆▅▆▆,False,False,False,11,0.4266629557472863,1.1562276532200397,0.41649251052655156,1.094725426092443,FLAT,True,100,53.0,IGNORE,NONE,,NEUTRAL,C,WAIT,"CMF positive, RS leader",Producer Manufacturing,34.1
EMIL,191.35,191.0,195.4,190.25,True,True,True,True,False,True,0.14821338326443867,42.149640385,0.1633046211307544,False,0.19229739797309206,False,41.25,True,1.0379055694641892,35.0,-0.24,0,False,▅▆▆█▆▆▇▇▇▇▃▃▃▁▁▁▂▄▄▅,False,False,False,9,0.434407796101949,0.7938501921814942,0.4242373508812143,0.7323479650538975,FLAT,True,99,53.0,IGNORE,NONE,,NEUTRAL,C,WAIT,"CMF positive, RS leader",Retail Trade,32.3
CYIENTDLM,736.1,736.2,764.8,733.4,True,True,True,True,False,True,0.7752095678454266,69.03396074,0.8252167238671602,False,0.14419146474364908,False,42.86,True,1.0863146155698336,26.0,-0.48,0,False,▁▃▄▆▇▇▅▆▇▆▆▇█▅█▆▇▇█▇,False,False,False,6,0.18154093097913315,0.6591908035613661,0.17137048575839842,0.5976885764337694,FLAT,True,98,53.0,IGNORE,NONE,,NEUTRAL,C,WAIT,"CMF positive, RS leader",Electronic Technology,39.9
KPL,3544.0,3648.0,3654.8,3499.8,True,True,True,True,False,True,0.4747540878789917,12.6311704,0.5332355521000701,False,0.404458690846382,False,48.16,True,1.030017216857549,47.0,-0.13,0,False,█▇▅▆▇▅▇▄▆▆▇▇█▂▁▂▄▄▄▆,False,False,False,6,0.30294117647058827,0.562610229276896,0.29277073124985353,0.5011080021492993,FLAT,True,97,53.0,IGNORE,NONE,,NEUTRAL,C,WAIT,"CMF positive, RS leader",Health Technology,28.9
AVADHSUGAR,711.3,738.0,740.05,701.55,True,True,True,True,False,True,0.748776769003251,20.44895031,0.8555303113939114,False,0.1993939346449418,False,32.44,False,0.7865958633398802,9.0,-1.32,0,True,▃▅▅▅▅█▆▇▂▁▂▄▄▄▅▆▄▄▂▃,False,False,False,10,0.2881202462875767,0.5085896076352068,0.277949801066842,0.4470873805076101,FLAT,True,96,53.0,IGNORE,NONE,,NEUTRAL,C,WAIT,"CMF positive, RS leader",Process Industries,34.6
MPSLTD,2830.3,2830.0,2849.0,2786.3,False,True,True,True,False,True,0.12421824929489152,6.07806925,0.13223541692492258,False,0.5182186934063322,False,58.24,True,1.466208476517755,75.0,0.65,0,False,▂▁▂▄▄▃▅▇▆▆▅▆▄▇▅▆█▆██,False,False,False,6,0.3243647934116327,0.5362861640340879,0.314194348190898,0.47478393690649123,FLAT,True,96,53.0,IGNORE,NONE,,NEUTRAL,C,WAIT,"CMF positive, RS leader",Consumer Services,31.6
PRICOLLTD,800.05,808.0,813.05,795.35,True,True,True,True,False,True,0.40151549262360264,25.861936269999998,0.44966956451682105,False,0.2141745533652984,False,52.5,True,1.1280618822518265,73.0,0.52,0,False,▇▄▅▄▄▇▁▃▅▃▆▆██▇▃▆▅▆▆,False,False,False,15,0.30951796382682684,0.4689249977049481,0.2993475186060921,0.40742277057735143,FLAT,True,95,53.0,IGNORE,NONE,,NEUTRAL,C,WAIT,"CMF positive, RS leader",Producer Manufacturing,34.1
ASKAUTOLTD,638.25,651.0,654.95,633.0,True,True,True,True,False,True,0.14473413749887445,16.63496505,0.14530975180628622,False,0.5620466511283508,False,49.28,True,1.1227558552811445,56.0,0.05,0,False,█▇▆▇▇███▆▅▁▁▃▃▄▆▆▇▆▆,False,False,False,10,0.31597938144329896,0.48845615671641784,0.3058089362225642,0.42695392958882117,FLAT,True,95,53.0,IGNORE,NONE,,NEUTRAL,C,WAIT,"CMF positive, RS leader",Producer Manufacturing,34.1
QUESS,336.9,346.6,350.75,333.35,True,True,True,True,False,True,0.6470478076258124,31.5105939,0.6643746091409073,False,0.09782241051245617,False,46.15,True,1.0692647212149997,26.0,-0.48,0,False,▇█▆▆▅▇▃▁▅▆▆▇▅▅▆█▇▇█▇,False,False,False,10,0.1243116969798097,0.42050006324577316,0.11414125175907497,0.3589978361181765,FLAT,True,94,53.0,IGNORE,NONE,,NEUTRAL,C,WAIT,"CMF positive, RS leader",Commercial Services,24.6
VARROC,843.9,845.0,862.3,837.0,True,True,True,True,False,True,0.27569822351428686,26.56588761,0.2916669415420006,False,0.4110135552416603,False,48.04,True,1.162816028658913,52.0,-0.02,0,False,▅▅█▅▄▄▅▄▄▄▄▃▁▂▂▃▄▄▄▅,False,False,False,17,0.28223049456810756,0.4548745797776055,0.2720600493473728,0.3933723526500088,FLAT,True,94,53.0,IGNORE,NONE,,NEUTRAL,C,WAIT,"CMF positive, RS leader",Producer Manufacturing,34.1
RKFORGE,754.35,756.35,759.0,745.05,True,True,True,True,False,True,0.3624391485247369,64.71583737,0.41649841387916875,False,0.255602758988955,False,52.11,True,1.11361620737923,58.0,0.15,0,False,█▇▅▁▃▆▇▅▅▄▆▅▅▅▆▆▇▆▆▇,False,False,False,14,0.3089536699635609,0.3923034330011075,0.29878322474282615,0.3308012058735108,FLAT,True,92,53.0,IGNORE,NONE,,NEUTRAL,C,WAIT,"CMF positive, RS leader",Producer Manufacturing,34.1
GABRIEL,1467.6,1440.0,1484.4,1432.6,False,True,True,True,False,True,0.323388919453998,29.8649262,0.32364178694264073,False,0.06154477732638381,False,45.81,True,1.2590007145605453,71.0,0.45,0,False,▁▂▂▂▄▂▂▄▃▁▂▅▄▆▆█▅▃▅▆,False,False,False,3,-0.01404098085320804,0.3920136583515128,-0.024211426073942777,0.33051143122391613,FLAT,True,92,53.0,IGNORE,NONE,,NEUTRAL,C,WAIT,"CMF positive, RS leader",Producer Manufacturing,34.1
ADOR,1562.3,1525.3,1574.0,1520.6,False,True,True,True,True,True,0.49310588997912874,5.59756467,0.5161148996726771,False,-0.08338850464338732,False,55.01,True,1.0833431801173734,48.0,-0.08,0,True,▁▄█▅▂▅▄▃▇▆▇▅▂▅▆▆▄▄▂▅,False,False,False,11,0.03655785562632685,0.3723647224174278,0.026387410405592115,0.3108624952898311,FLAT,True,92,53.0,IGNORE,NONE,,NEUTRAL,C,WAIT,RS leader,Producer Manufacturing,34.1
M&MFIN,386.2,390.0,391.0,382.25,True,True,True,True,False,True,0.19656871772045276,55.67783608,0.2000883236580417,False,0.2414957865538771,False,53.0,True,1.1481180611968589,63.0,0.32,0,False,▁▄▅▅▆█▇█▆▆█▆▆▅▇▇▅▆▆▇,False,False,False,7,0.10390167214520507,0.35508771929824556,0.09373122692447033,0.2935854921706489,FLAT,True,91,53.0,IGNORE,NONE,,NEUTRAL,C,WAIT,"CMF positive, RS leader",Finance,29.7
AKUMS,744.15,753.85,766.85,740.9,False,True,True,True,False,True,0.7232418226895972,19.610957025,0.7477956956222235,False,0.0967555451295017,False,44.37,False,0.8505050892292356,17.0,-0.82,0,True,▆▆▃▄▄▇█▄▅▅▆▆▅▁▂▄▆▄▅▄,False,False,False,7,0.07064239982735065,0.35731874145006826,0.06047195460661592,0.2958165143224716,FLAT,True,91,53.0,IGNORE,NONE,,NEUTRAL,C,WAIT,"CMF positive, RS leader",Health Technology,28.9
PVRINOX,1198.1,1194.2,1228.8,1188.5,False,True,True,True,True,True,0.845657887518424,55.49790895999999,0.9186547589053681,False,0.11428785290100492,False,46.02,True,1.0182542316627947,23.0,-0.7,0,False,▅▁▂▄▄▆▆▆█▆▆▆▅▅▅▆▅▄▅▅,False,False,False,13,0.1967835381080809,0.23930695629687082,0.18661309288734618,0.17780472916927414,UP,True,83,53.0,IGNORE,NONE,,NEUTRAL,C,WAIT,CMF positive,Consumer Services,31.6
GUFICBIO,421.4,421.5,429.95,413.1,False,True,True,True,False,True,1.2661419048989184,5.06240462,1.2952273201570357,True,0.1569579896077853,False,45.68,False,0.8215162441888697,20.0,-0.7,0,True,▅▅▆▅▄▇▃█▅▇▆▆▅▇▆▃▄▆▁▃,False,False,False,3,0.062263675321401646,0.08945191313340217,0.05209323010066691,0.027949686005805496,UP,True,58,53.0,IGNORE,NONE,,NEUTRAL,C,WAIT,CMF positive,Health Technology,28.9
MAZDOCK,2582.9,2571.0,2603.7,2554.0,False,True,True,True,True,True,1.2790727435687774,282.03589115,1.3495137540682476,True,0.22987219024215919,True,27.2,False,0.914208890009243,59.0,0.06,0,False,▇▂▂▄▆▄▁▁▃▆▃▂▄█▆▂▄▅▅▃,False,False,False,5,0.10248420693187632,0.0563144119090464,0.09231376171114158,-0.0051878152185502735,UP,False,51,53.0,IGNORE,NONE,,NEUTRAL,C,WAIT,CMF positive,Producer Manufacturing,34.1
CENTUM,3430.2,3381.0,3485.3,3313.8,False,False,False,True,False,True,2.613417177709746,41.71260408,2.497400999134055,True,-0.3413058162205523,True,48.99,False,0.9426592264768134,65.0,0.44,0,True,█▃▁▆▅▄▆▃▃▅▄▅▇▂▅▅▆▄▄▄,False,True,False,5,-0.07604040404040413,0.02235336194563664,-0.08621084926113887,-0.039148865181960035,FLAT,False,43,53.0,IGNORE,NONE,,NEUTRAL,C,WAIT,No standout factor,Electronic Technology,39.9
WEL,146.24,143.71,147.9,140.51,False,True,True,True,True,False,0.5417947895764432,12.047207328,0.5956161330068049,False,0.20990396175838352,True,16.79,False,0.411171925700082,4.0,-1.85,0,False,█▇▄▅▅▄▃▅▂▆█▆▄▁▂▂▅▄▅▂,False,False,False,15,0.43471009516334735,0.573657591735715,0.4245396499426126,0.5121553646081183,FLAT,True,97,52.0,IGNORE,NONE,,NEUTRAL,C,WAIT,"CMF positive, RS leader",Electronic Technology,39.9
PAYTM,1548.3,1580.2,1599.0,1547.2,True,True,True,True,False,True,0.7668163593844912,580.15668048,0.8196929426641388,False,0.11756654190937195,True,26.59,False,0.6840223291230416,3.0,-1.58,0,False,▂▂▂▆▆█▅▇▂▁▃▄▇▃▃▃▄▅▄▁,False,False,False,9,0.1905420991926181,0.44430970149253723,0.18037165397188337,0.38280747436494056,FLAT,True,94,52.0,IGNORE,NONE,,NEUTRAL,C,WAIT,"CMF positive, RS leader",Finance,29.7
LODHA,1232.1,1209.0,1244.7,1200.4,False,True,True,True,False,True,0.47880234858512966,148.36418396999997,0.4730911547402216,False,0.12927776814928885,True,40.78,False,0.9619285747983206,26.0,-0.69,0,False,█▇▅▁▂▃▅█▇▄▅▆▆▄▄▆▄▅▃▅,False,False,False,4,0.04583651642475162,0.397334845477743,0.03566607120401688,0.33583261835014633,FLAT,True,93,52.0,IGNORE,NONE,,NEUTRAL,C,WAIT,"CMF positive, RS leader",Finance,29.7
SMLMAH,5309.5,5264.5,5398.0,5200.0,True,True,True,True,False,True,0.2731452649632265,48.03026795,0.27174468641849864,False,0.29822772086965993,True,33.17,False,0.9348270274078772,11.0,-1.09,0,False,▆▆▆▆█▅▂▁▄▄▄▄▅▆▃▃▃▄▃▄,False,False,False,4,0.3002963289496241,0.40114530004750093,0.29012588372888937,0.33964307291990425,FLAT,True,93,52.0,IGNORE,NONE,,NEUTRAL,C,WAIT,"CMF positive, RS leader",Consumer Durables,29.9
UJJIVANSFB,72.33,71.98,72.64,71.13,False,True,True,True,False,True,0.44433985813665217,82.214350179,0.45832417365315004,False,0.08879969094306187,True,46.84,False,0.9931303536595709,33.0,-0.42,0,False,▅▁▂▄▆▄▃▆▇▅▇▅█▅▆▆▄█▅▅,False,False,False,10,0.10208746000304747,0.3406858202038925,0.09191701478231273,0.2791835930762958,FLAT,True,90,52.0,IGNORE,NONE,,NEUTRAL,C,WAIT,"CMF positive, RS leader",Finance,29.7
TDPOWERSYS,1586.6,1549.0,1597.7,1529.2,False,True,True,True,True,True,0.9748151547419707,285.19579247999997,1.1935800511324492,False,0.32719037754298447,True,43.71,False,0.977513390211448,56.0,0.05,0,False,▄▆█▅▅▇▄▄▅▅▆▄▆▆▆▁▃▄▃▅,False,False,False,5,0.4050655331207933,0.2888708367181152,0.39489508790005856,0.22736860959051852,UP,True,87,52.0,IGNORE,NONE,,NEUTRAL,C,WAIT,CMF positive,Producer Manufacturing,34.1
WABAG,1980.6,1890.0,1995.0,1890.0,False,True,True,True,False,True,1.3228802560948247,128.63184954,1.3417342392045692,True,-0.126671373415743,True,46.46,True,1.0496825647861547,38.0,-0.16,0,True,▃▁▃▅▅▄▇▅▆█▄▄▇▆▇▆▃▂█▆,False,True,False,0,-0.056946957432625456,0.24856584504822532,-0.06711740265336019,0.18706361792062864,FLAT,True,84,52.0,IGNORE,NONE,,NEUTRAL,C,WAIT,No standout factor,Industrial Services,37.0
URBANCO,144.97,144.56,146.7,143.01,False,True,True,True,False,False,1.09473743119262,161.360438673,1.1072490693712134,True,-0.04985312157103592,True,80.46,True,1.9051678209909428,100.0,3.72,1,False,▆▄▄▅▄▅▄▅▁▁▁▃▄▄▄▄▃▄▅█,False,False,False,4,0.08081711772161349,0.20557172557172554,0.07064667250087875,0.14406949844412886,FLAT,True,79,52.0,IGNORE,SEED,DEL80% ▆▄▄▅▄▅▄▅▁▁▁▃▄▄▄▄▃▄▅█ P100 Z+3.7,NEUTRAL,C,WAIT,Delivery P100,Technology Services,32.9
CRAFTSMAN,10890.5,10548.5,10960.0,10490.5,False,True,True,True,True,True,0.8689269131222436,63.36201805,0.9469438468426317,False,0.2975047607344168,True,35.0,False,0.7508957113127802,11.0,-1.09,0,False,▅▆▄▆▇▁▂▇▃▆▅▄▁▇█▇▇▆▇▁,False,False,False,9,0.15813261019833047,0.1932832958965649,0.14796216497759573,0.13178106876896822,UP,True,77,52.0,IGNORE,NONE,,NEUTRAL,C,WAIT,CMF positive,Producer Manufacturing,34.1
SURAKSHA,318.3,309.5,323.45,309.5,False,True,True,True,True,True,0.7052365194036375,7.6315608,0.774392961081622,False,0.30647687164578635,True,38.05,False,0.6631288177833548,2.0,-2.07,0,False,▄█▇▇▇▆▅▇▆▇▄▆▆▄▇▆▁▂▃▃,False,False,False,3,0.2195402298850575,0.18041906174670874,0.20936978466432277,0.11891683461911207,UP,True,76,52.0,IGNORE,NONE,,NEUTRAL,C,WAIT,CMF positive,Health Services,40.2
APLAPOLLO,2115.0,2082.0,2122.0,2075.1,False,True,True,True,True,True,0.5949333264620965,88.387542,0.6471771772112261,False,0.3122510815508545,True,48.05,False,0.9542155275987727,21.0,-0.88,0,False,▇▄▄▅▅█▆▆▄▃▃▁▄▅▅█▂▃▂▄,False,False,False,12,0.16234337216970762,0.17565314063368542,0.1521729269489729,0.11415091350608875,UP,True,75,52.0,IGNORE,NONE,,NEUTRAL,C,WAIT,CMF positive,Non-Energy Minerals,34.1
ANANTRAJ,627.05,623.0,633.0,621.95,True,True,True,True,False,True,0.44296758578298423,70.15096793,0.45256136045469114,False,0.0328820604019204,False,46.87,True,1.1146784627092845,95.0,1.41,0,True,▁▃▅▄▃▃█▇▃▃▄▅▄▃▅▃▄▄▄▅,False,False,False,13,0.02989242013632243,0.15959315765141002,0.019721974915587692,0.09809093052381335,FLAT,True,72,52.0,IGNORE,SEED,,NEUTRAL,C,WAIT,"Delivery P95, CMF positive",Consumer Durables,29.9
IDFCFIRSTB,84.76,85.0,85.47,84.6,True,True,True,True,False,True,0.37785437587983955,74.563566948,0.378370142249318,False,-0.2548079761830795,True,65.17,True,1.264675632143758,93.0,1.6,0,True,▅▃▄▁▃▄▃▂▃▅▅▆▇█▅█▇▅▄█,False,False,False,15,0.0379622826353172,0.15022391097842314,0.027791837414582465,0.08872168385082646,FLAT,True,70,52.0,IGNORE,SEED,,NEUTRAL,C,WAIT,Delivery P93,Finance,29.7
STEL,586.1,591.4,595.0,570.0,True,True,True,True,False,True,2.4191770756796473,0.38594685,2.5326371130690974,False,0.1588799871399533,True,67.24,False,0.941591631541359,74.0,0.7,0,True,▄▄▁██▇█▃▃▁▅▄▅▅▆▆▆▇▆▄,False,False,False,0,0.059089266353451464,0.11670000952653137,0.04891882113271673,0.05519778239893469,FLAT,True,64,52.0,IGNORE,NONE,,NEUTRAL,C,WAIT,CMF positive,Finance,29.7
INDHOTEL,720.05,717.9,723.65,715.1,True,False,True,True,False,True,0.6681985001282007,95.13840637499999,0.6563728755244073,False,0.12002633444445654,True,70.71,True,1.2463206133779852,92.0,1.41,0,False,▁▇▃▄▅▄▄▄▅▅▄▅▆▆▆▆▇▇▆█,False,False,False,4,-0.010784448413243664,0.08842869019726396,-0.0209548936339784,0.026926463069667284,FLAT,True,58,52.0,IGNORE,SEED,,NEUTRAL,C,WAIT,"Delivery P92, CMF positive",Consumer Services,31.6
EQUITASBNK,76.12,74.5,76.4,74.26,False,True,True,True,False,True,1.0879827472163988,27.198460036,1.0953227841218656,True,0.012911815718083614,True,74.84,True,1.4785984530430403,98.0,2.8,0,True,▃▅▃▄▁▃▅▅▇▅▅▅▅▅▅▅▅▂▅█,False,False,False,0,-0.06520938229153872,0.015204054414510448,-0.07537982751227346,-0.04629817271308623,FLAT,False,41,52.0,IGNORE,SEED,,NEUTRAL,C,WAIT,"Delivery P98, CMF positive",Finance,29.7
POLYPLEX,1182.0,1217.1,1220.9,1177.9,True,True,True,True,False,True,0.5989473180153074,10.6447374,0.6055710450999174,False,0.08843927621512497,False,66.67,True,1.2555437331098578,90.0,1.19,0,False,▁▄▅▆▅▇▇▅▆▃▅▃▆▅▄▁▆▅▃█,False,False,False,6,0.10266337049302665,0.3153062927724921,0.09249292527229191,0.25380406564489544,FLAT,True,89,51.0,IGNORE,SEED,,NEUTRAL,C,WAIT,"Delivery P90, CMF positive",Process Industries,34.6
TVSMOTOR,4314.5,4307.4,4340.0,4297.1,True,True,True,True,False,True,0.3670231367280183,235.6683448,0.3836601935455252,False,0.421429571365494,False,59.27,True,1.024192154829791,61.0,0.29,0,True,▁▆▇▅█▇▇█▆█▆▇▆▆▆▇▇▇▅▆,False,False,False,16,0.19244375656403734,0.28312267657992574,0.1822733113433026,0.22162044945232906,FLAT,True,87,51.0,IGNORE,NONE,,NEUTRAL,C,WAIT,CMF positive,Consumer Durables,29.9
CHOLAFIN,1885.3,1900.1,1913.7,1885.0,True,True,True,True,False,True,0.3673632101059398,113.22301121,0.3788933545117033,False,0.14125794769644498,False,61.91,True,1.0350679205851618,63.0,0.45,0,True,▄█▄▅▁▂▆▄▃▇▄▅▆▇▆▅▆▆█▆,False,False,False,9,0.04454540417751662,0.268707940780619,0.03437495895678189,0.20720571365302232,FLAT,True,85,51.0,IGNORE,NONE,,NEUTRAL,C,WAIT,CMF positive,Finance,29.7
GLAND,2858.6,2904.0,2925.0,2850.0,True,True,True,True,False,True,0.5401734623758648,139.66948083999998,0.5544750603089067,False,0.18665454272886867,False,70.93,True,1.4027489370117672,92.0,1.19,0,False,▅▅▄▇▆▇▅▇▇▇▇▆▇▇▁▃▅▅▄█,False,False,False,12,0.1515468901063486,0.24911514092200138,0.14137644488561385,0.1876129137944047,FLAT,True,84,51.0,IGNORE,SEED,,NEUTRAL,C,WAIT,"Delivery P92, CMF positive",Health Technology,28.9
5PAISA,388.3,380.8,403.8,380.8,False,True,True,True,False,True,3.9623862428830736,7.44227429,4.1427238658040535,True,-0.16926732049581344,False,28.7,False,0.5370961252350964,15.0,-1.13,0,True,▃▅▅▆▆▃▆█▇▇▄▇▆▅▅▅█▂▄▁,False,False,False,3,0.02874552920916673,0.24734982332155475,0.018575083988431995,0.18584759619395808,FLAT,True,84,51.0,IGNORE,NONE,,NEUTRAL,C,WAIT,No standout factor,Finance,29.7
INDORAMA,56.81,54.2,59.29,54.1,False,True,True,True,False,False,2.4205437463096104,6.334530878,2.3301658978212605,True,0.1924823692271649,False,19.45,False,0.375758278273637,0.0,-3.26,0,False,▇▆▄▇█▆▄▄▂▃▆█▇█▅▆█▆▇▁,False,False,False,5,0.14007625928155742,0.20975298126064734,0.1299058140608227,0.14825075413305067,FLAT,True,80,51.0,IGNORE,NONE,,NEUTRAL,C,WAIT,CMF positive,Process Industries,34.6
TITAN,5068.4,5064.0,5090.5,5046.4,False,True,True,True,False,True,0.5770721845922561,284.70875372,0.5928419496869878,False,0.5377344104184077,False,59.85,True,1.0282091808686091,60.0,0.28,0,True,▅▅▅▆▄▆▇█▆▆▇▄▄▁▄▄▄▅▅▅,False,False,False,19,0.09277505875250625,0.19792011344835725,0.08260461353177151,0.13641788632076057,FLAT,True,78,51.0,IGNORE,NONE,,NEUTRAL,C,WAIT,CMF positive,Consumer Durables,29.9
RAYMOND,625.0,649.75,658.0,621.0,True,True,True,True,False,True,1.4077729359073856,45.796125,1.4262708084646627,False,0.14919077849558948,False,48.25,True,1.1193856718634,81.0,0.92,0,True,▃▁▄▆▂▃▃█▆▆▅▇▄▅▇▆▆▇▅▇,False,False,False,7,0.028467994076024183,0.16604477611940305,0.018297548855289447,0.10454254899180637,FLAT,True,73,51.0,IGNORE,NONE,,NEUTRAL,C,WAIT,CMF positive,Process Industries,34.6
M&M,3422.4,3425.0,3430.0,3378.3,True,True,True,True,False,True,0.3764451950341989,329.67568512,0.38610199991400174,False,0.1732039714479019,False,61.12,True,1.0368724182097324,60.0,0.39,0,True,▄▄▆▆▅▇▁▄▅▆▅▆▇█▇▆▇▅▆▆,False,False,False,7,0.07649723200805236,0.13471038758661846,0.06632678678731763,0.07320816045902179,FLAT,True,67,51.0,IGNORE,NONE,,NEUTRAL,C,WAIT,CMF positive,Consumer Durables,29.9
NUVAMA,1746.8,1727.4,1750.0,1696.4,False,True,True,True,False,True,0.6082091243902894,59.75680524,0.579838291771503,False,0.015761837796739932,True,62.5,True,1.333162688509204,100.0,2.12,0,True,▆▄▁▄▃▅▄▄▆▆▇▆▇▇▆▇▇▇██,False,False,False,1,-0.07654895326707545,0.12204522096608428,-0.08671939848781018,0.0605429938384876,FLAT,True,65,51.0,IGNORE,SEED,,NEUTRAL,C,WAIT,"Delivery P100, CMF positive",Finance,29.7
HINDCOPPER,566.35,568.6,576.7,555.55,True,True,True,True,False,False,1.5820639864989976,877.59727045,1.674137861915088,False,0.08602467193463903,False,23.08,False,0.6118526569728139,23.0,-0.82,0,False,▅▆▆▆█▇▆▄▆▅▃▂▄▂▃▁▃▃▃▁,False,False,False,3,0.150065996547873,0.08997305619707463,0.13989555132713827,0.028470829069477954,UP,True,59,51.0,IGNORE,NONE,,NEUTRAL,C,WAIT,CMF positive,Non-Energy Minerals,34.1
PERSISTENT,5442.5,5571.5,5571.5,5442.5,True,True,True,True,False,False,0.5803317976715746,192.04459925,0.5803494621495611,False,0.07537292007567076,False,47.47,True,1.1816541166220673,65.0,0.25,0,True,▃▇▁▃▂▃▂▄▁▁▅▅▄▇▅▅▅▄█▆,False,False,False,11,0.042824295842115445,0.0845954563571143,0.03265385062138071,0.02309322922951762,UP,True,57,51.0,IGNORE,NONE,,NEUTRAL,C,WAIT,CMF positive,Technology Services,32.9
BPCL,318.2,314.85,319.25,314.05,False,True,True,True,False,False,1.32036654161469,250.47052541999997,1.3230669862950615,True,0.23111929123416664,False,55.86,True,1.0305987841664899,60.0,0.27,0,True,▁▃▃▄▅▆▆▆▄▄▃▆▆█▄▇▆█▅▆,False,False,False,10,0.008398035176675478,0.07809588344909368,-0.0017724100440592583,0.016593656321497008,FLAT,True,56,51.0,IGNORE,NONE,,NEUTRAL,C,WAIT,CMF positive,Energy Minerals,46.3
NGLFINE,3023.5,2940.0,3265.0,2923.2,False,False,False,True,False,True,10.542827854196963,33.427816,9.918112523022984,True,-0.31587068924286926,False,13.26,False,0.2539427192554078,0.0,-2.91,0,True,▆▆▅▆██▇▇▆█▇▆▅▆▆▇▅▆▅▁,False,True,False,16,-0.06607153888923212,0.07189704683234655,-0.07624198410996685,0.01039481970474987,FLAT,True,54,51.0,IGNORE,NONE,,NEUTRAL,C,WAIT,No standout factor,Health Technology,28.9
SIYSIL,643.75,634.45,651.85,632.0,False,True,True,True,True,False,1.8128555370099124,5.995565625,1.8659188879055184,True,-0.05448933651160473,True,55.04,False,0.9950284732893429,76.0,0.63,0,True,▄▃▄▃▄▄▂▁▆▄▄▄▆▅▁▆█▅▁▄,False,False,False,2,0.01075522059978029,0.02369404468474201,0.0005847753790455545,-0.037808182442854665,UP,False,43,51.0,IGNORE,NONE,,NEUTRAL,C,WAIT,No standout factor,Process Industries,34.6
POWERINDIA,35265.0,35580.0,35580.0,35200.0,True,True,True,True,False,True,0.33090308698935555,162.945459,0.3470236001037085,False,0.11667104315709162,True,39.66,True,1.0979458501744088,73.0,0.56,0,True,▄▄▇█▅▄▆▇▆▇▆▃▆▁▅▇█▅▄▆,False,False,False,0,0.09569675314587545,0.007283633247643584,0.08552630792514071,-0.05421859387995309,UP,False,39,51.0,IGNORE,NONE,,NEUTRAL,C,WAIT,CMF positive,Electronic Technology,39.9
MFSL,1584.5,1570.0,1587.9,1547.0,False,True,True,False,True,False,1.2243213948852998,167.13036635,1.2746653251221791,True,0.11623764858297236,True,65.68,True,1.1156407120532683,81.0,0.86,0,True,▇▅█▅▇▆█▇▅▆▅▇▆▅▅▄▆▁▅▆,False,False,False,0,0.02929712875146162,-0.0060222068878991175,0.019126683530726885,-0.0675244340154958,UP,False,34,51.0,IGNORE,NONE,,NEUTRAL,C,WAIT,CMF positive,Finance,29.7
AMBER,7350.0,7265.0,7408.0,7252.0,False,True,False,False,False,False,1.8826005422275236,424.789575,1.9024065944711797,True,-0.16379479970871064,True,46.79,True,1.4302089223762438,94.0,1.58,0,True,▅▃▄▄▆▁▁▃▅▃▇▆▂▇▃▆▆▁▅█,False,False,False,0,-0.03568617160850174,-0.04866683924411075,-0.045856616829236474,-0.11016906637170742,UP,False,23,51.0,IGNORE,SEED,,NEUTRAL,C,WAIT,Delivery P94,Producer Manufacturing,34.1
SOLARA,549.05,509.1,559.8,509.1,False,True,True,True,True,False,2.581356173088014,36.947660889999995,2.7501169595654456,True,-0.20671446549590014,True,31.56,False,0.6014521754044937,9.0,-1.34,0,True,▄▁▆▄▇▆▆█▇██▇█▇█▅▆▇▆▃,False,False,False,0,-0.017448103078024357,-0.05336206896551732,-0.027618548298759094,-0.114864296093114,UP,False,22,51.0,IGNORE,NONE,,NEUTRAL,C,WAIT,No standout factor,Health Technology,28.9
TCPLPACK,4234.8,4037.9,4264.0,4016.9,False,True,True,True,False,True,1.0877513711151736,17.990700840000002,1.0980969436619183,True,0.5606316223839612,True,39.52,False,0.8972539760020889,8.0,-1.34,0,False,▅▆▆▆▅▆▆▆▆▅█▇█▅▃▁▁▅▄▅,False,False,False,2,0.23517573282776727,0.6310275766445848,0.22500528760703253,0.5695253495169881,FLAT,True,98,50.0,IGNORE,NONE,,NEUTRAL,C,WAIT,"CMF positive, RS leader",Commercial Services,24.6
DPABHUSHAN,1457.2,1385.6,1470.2,1385.6,False,True,True,True,False,True,0.5396545897586397,4.42129052,0.5514586371349641,False,-0.018914543904368555,True,51.2,True,1.3281280398438413,60.0,0.38,0,True,▃▁▃▁▂▃▄▄▃▄▃▆▅▅█▄▆▆▆▆,False,False,False,3,-0.01005434782608694,0.6189312298633485,-0.020224793046821676,0.5574290027357518,FLAT,True,97,50.0,IGNORE,NONE,,NEUTRAL,C,WAIT,RS leader,Retail Trade,32.3
AMAGI,576.55,580.0,592.2,566.4,True,False,True,True,False,True,0.7970595495268575,58.327603229999994,0.7143854253461239,False,-0.3611390484683873,True,42.75,True,1.0473962097732479,34.0,-0.39,0,True,▆▄▇▃▃▆▇▆██▇▆▆▄▇▆▁▃▄▆,False,False,False,7,-0.0293771043771045,0.40948539298374276,-0.03954754959783924,0.3479831658561461,FLAT,True,93,50.0,IGNORE,NONE,,NEUTRAL,C,WAIT,RS leader,Technology Services,32.9
LLOYDSENGG,93.66,91.77,94.5,91.6,False,True,True,True,False,True,0.8302329772528024,100.826760174,0.8389728235071353,False,0.1301594192429939,True,35.11,False,0.8852190356129845,33.0,-0.45,0,True,▇▃▄▇▃▅▆▅▆▄▆▄▁▅▆▆█▅▇▄,False,False,False,7,0.027311615663047073,0.30482028420172735,0.017141170442312337,0.24331805707413068,FLAT,True,89,50.0,IGNORE,NONE,,NEUTRAL,C,WAIT,CMF positive,Industrial Services,37.0
NAZARA,355.55,349.95,356.65,348.75,False,True,True,True,False,True,0.3986054411189482,45.680104015000005,0.42062837011239496,False,0.330849973394622,True,47.95,True,1.080380780713119,69.0,0.38,0,False,█▄▄▅▁▄▆▃▅▄▅▄▆▅▇▇▆▅█▆,False,False,False,13,0.14953119948270288,0.27643152037336205,0.13936075426196814,0.21492929324576537,FLAT,True,86,50.0,IGNORE,NONE,,NEUTRAL,C,WAIT,CMF positive,Technology Services,32.9
THELEELA,519.15,508.95,521.95,503.3,False,True,True,True,True,True,0.7394298217965575,21.404710245,0.7686235333584965,False,-0.07934468025363217,True,61.57,True,1.1419933413089245,65.0,0.26,0,True,▇▄▄▅▅▆▃▁▅▆█▄▅▄▆▅▆▆█▆,False,False,False,7,0.06459550907413103,0.2574785030882887,0.054425063853396294,0.195976275960692,FLAT,True,85,50.0,IGNORE,NONE,,NEUTRAL,C,WAIT,No standout factor,Consumer Services,31.6
DIXON,14150.0,14100.0,14420.0,14066.0,False,True,True,True,False,False,1.1521237625117042,548.10025,1.160715581584406,True,0.07156273555234158,True,34.82,True,1.043655491779939,62.0,0.14,0,True,▁▂▃▂▄▅▅▆▂▃▄▄▄▆▃█▇▅▆▄,False,False,False,0,0.0022666100014165913,0.21867194901386622,-0.007903835219318145,0.15716972188626954,FLAT,True,81,50.0,IGNORE,NONE,,NEUTRAL,C,WAIT,CMF positive,Electronic Technology,39.9
SUMICHEM,563.1,559.8,566.95,552.0,False,True,True,True,False,True,0.5292347940406957,20.267489370000003,0.5568323072829763,False,0.1624914011559632,True,42.18,False,0.9211115357318337,13.0,-0.95,0,True,▆▇▄▁▇▄█▇▆▅▆▅▆▃▇▇▅▅▅▅,False,False,False,7,0.04200592153960048,0.2194910665944776,0.03183547631886574,0.15798883946688091,FLAT,True,81,50.0,IGNORE,NONE,,NEUTRAL,C,WAIT,CMF positive,Process Industries,34.6
ELANTAS,11750.0,11893.0,11893.0,11460.0,True,True,True,True,False,True,0.5107577527412487,3.185425,0.5068852258597992,False,0.15435934490162717,True,31.58,False,0.6555947685281295,20.0,-1.04,0,True,▅▄▅▅▄▇▆▁█▇▂▁▄▃▂▃▂▃▄▂,False,False,False,3,0.2238308509530258,0.2214137214137215,0.21366040573229106,0.15991149428612483,UP,True,81,50.0,IGNORE,NONE,,NEUTRAL,C,WAIT,CMF positive,Process Industries,34.6
ENDURANCE,3018.3,2987.3,3036.3,2969.0,False,True,True,True,False,True,0.8215607001053654,39.36134847,0.8710465318220051,False,0.1376498881089233,True,55.99,True,1.00135923024645,54.0,0.16,0,False,▄█▃▄▆▆▃▅▆▄▂▄▅▆█▅▃▄▁▅,False,False,False,13,0.09676598837209305,0.1986894360603655,0.08659554315135831,0.1371872089327688,FLAT,True,78,50.0,IGNORE,NONE,,NEUTRAL,C,WAIT,CMF positive,Producer Manufacturing,34.1
INDIGO,5315.0,5370.0,5370.0,5313.5,True,True,True,True,False,True,0.20255679396876378,92.6526745,0.20675584080800444,False,0.20831740708207425,True,52.94,True,1.0745529461911623,42.0,-0.11,0,False,█▅▆▃▆▇▅▅▁▄▄█▃▇▂▄▄▅▆▆,False,False,False,3,0.012670286748594828,0.17880589070262598,0.0024998415278600916,0.1173036635750293,FLAT,True,75,50.0,IGNORE,NONE,,NEUTRAL,C,WAIT,CMF positive,Transportation,27.3
ASHOKLEY,175.31,173.61,176.33,172.0,False,True,True,True,False,False,0.9324736319284891,282.978354538,0.9941339548912909,False,0.3025915933536035,True,47.66,True,1.0584407652930923,56.0,0.06,0,False,▄▅▄▇▆▃▇▅▅▄▇█▄▇▆▇▂▁▅▆,False,False,False,7,0.12964752883562092,0.17618248909761824,0.11947708361488618,0.11468026197002157,UP,True,75,50.0,IGNORE,NONE,,NEUTRAL,C,WAIT,CMF positive,Producer Manufacturing,34.1
BUILDPRO,1260.3,1240.0,1276.6,1232.0,False,True,True,True,False,True,0.5259132952609002,6.2446604699999995,0.5106790584103377,False,0.09077520840316103,True,60.13,True,1.1651181491420985,60.0,0.26,0,False,▄▂▄▄▁▂▆▆▂▅▃▁▃▇▃█▃▆▄▆,False,False,False,4,0.012289156626505982,0.1776303494673892,0.0021187114057712453,0.11612812233979253,FLAT,True,75,50.0,IGNORE,NONE,,NEUTRAL,C,WAIT,CMF positive,Distribution Services,34.9
UNOMINDA,1273.0,1272.5,1281.2,1263.0,False,True,True,True,False,True,0.511516704298966,57.6111426,0.5370439629220628,False,0.1283666052846433,True,43.31,False,0.890181489322344,19.0,-0.86,0,True,▆▄▅▅█▂▃▄▃▁▃▆▃▆▆▇▄▃▄▃,False,False,False,14,0.10946487711347386,0.163619744058501,0.09929443189273912,0.10211751693090432,FLAT,True,72,50.0,IGNORE,NONE,,NEUTRAL,C,WAIT,CMF positive,Producer Manufacturing,34.1
LTM,4711.9,4725.0,4801.2,4686.1,True,True,True,True,False,False,0.4112136093132285,87.31103580999999,0.43209393148246444,False,0.2735774200314293,True,45.68,True,1.2186532920712836,70.0,0.58,0,False,▅█▄▆▅▆▅▃▅▂▄▄▁▂▅█▇▅▆█,False,False,False,7,0.15612425164392962,0.15836959461120537,0.1459538064231949,0.09686736748360869,UP,True,71,50.0,IGNORE,NONE,,NEUTRAL,C,WAIT,CMF positive,Technology Services,32.9
CONCOR,518.25,524.5,524.85,517.55,True,True,True,True,False,True,0.17055133703598646,21.72307065,0.17140421977781964,False,0.11962493519775377,True,51.51,True,1.1096988237321728,55.0,0.03,0,False,▅▄▁▁▄▄▄▇▅▇▅▅▆█▅▄▄▁▃▅,False,False,False,4,0.05410352893318415,0.1441660227398167,0.04393308371244942,0.08266379561222004,FLAT,True,69,50.0,IGNORE,NONE,,NEUTRAL,C,WAIT,CMF positive,Transportation,27.3
BAJAJHLDNG,11417.0,11540.0,11541.0,11387.0,True,True,True,True,False,False,0.5910930159241288,34.9988135,0.6182283846613346,False,0.22674829450222772,True,37.09,False,0.7047780110780691,7.0,-1.24,0,True,▃▃▃▅▅▅▄▂▁▃▃▅▄▃▃▄▄▄█▁,False,False,False,10,0.09799961531063661,0.12738224548237387,0.08782917008990188,0.06588001835477719,UP,True,66,50.0,IGNORE,NONE,,NEUTRAL,C,WAIT,CMF positive,Finance,29.7
INDGN,567.7,556.3,569.5,556.3,False,True,True,True,False,True,0.2283189247786833,9.18090117,0.23702482230573693,False,-0.05224992504935485,True,64.36,True,1.1552476171671664,81.0,0.72,0,True,▇▇▄▄▇▇▆▂▂▁▇▆▃▆▇▇█▆▇█,False,False,False,10,0.11806991629739061,0.0846388995032481,0.10789947107665587,0.023136672375651424,UP,True,57,50.0,IGNORE,NONE,,NEUTRAL,C,WAIT,No standout factor,Health Technology,28.9
EXICOM,158.05,148.8,159.65,146.0,False,True,True,True,False,True,2.3231199129079005,58.841762120000006,2.271617468289768,True,-0.06953519796928757,True,21.79,False,0.5728180862250263,12.0,-1.26,0,True,▃▆▃▃▅▅▆▆▅▅▄▅▇▂█▅▄▄▆▁,False,False,False,0,-0.1061025960070131,0.07247065210015613,-0.11627304122774784,0.010968424972559454,FLAT,True,54,50.0,IGNORE,NONE,,NEUTRAL,C,WAIT,No standout factor,Producer Manufacturing,34.1
LLOYDSME,1900.0,1900.0,1944.8,1889.0,False,False,True,True,False,True,1.2066170153208482,160.68965,1.1559492410909997,True,0.021468638827127358,False,61.26,True,1.1679249599633952,89.0,1.1,0,True,▅▄▂▅▅▆▅▂▇▆█▄▆▅▁▆▆▇▅█,False,False,False,14,0.030648223487930615,0.0701210926499578,0.02047777826719588,0.00861886552236113,UP,True,53,50.0,IGNORE,SEED,,NEUTRAL,C,WAIT,CMF positive,Non-Energy Minerals,34.1
DRAGARWQ,5305.5,5238.0,5400.0,5225.0,True,True,True,True,False,True,0.4565834703332835,0.32416605,0.46233553573524494,False,0.09608886946003248,True,64.54,False,0.9588969861751838,56.0,0.32,0,True,▆▇▆▄▅█▆▄█▁▅▆▆▃▆▃▄▆▆▅,False,False,False,8,0.06375939849624057,0.06944164482967152,0.053588953275505835,0.007939417702074847,UP,True,53,50.0,IGNORE,NONE,,NEUTRAL,C,WAIT,CMF positive,Health Services,40.2
AXISCADES,1607.1,1557.1,1630.0,1555.9,False,True,False,True,False,False,1.6110572800680767,37.849937069999996,1.6741535073107912,True,0.015226996595499493,True,54.97,False,0.9830553941073904,56.0,-0.06,0,False,▅▃▆▅▄█▄▅▆▄▄▃▄▄▄▁▃▁▂▄,False,True,False,0,0.020121873809825885,-0.16967191940067172,0.00995142858909115,-0.2311741465282684,UP,False,3,50.0,IGNORE,NONE,,NEUTRAL,C,WAIT,CMF positive,Commercial Services,24.6
KALYANKJIL,601.6,610.0,612.4,601.2,True,True,True,True,False,True,0.27761704404077747,366.31147264000003,0.2776479634278984,False,-0.09475626641064934,False,32.87,True,1.893051516111383,56.0,0.11,1,False,▂▁▃▂▃▄▂▂▂▂▃▃▁▁▂▃▄▃▄█,False,False,False,4,0.04263431542461005,0.6944092381354738,0.03246387020387531,0.6329070110078772,FLAT,True,98,49.0,IGNORE,NONE,DEL33% ▂▁▃▂▃▄▂▂▂▂▃▃▁▁▂▃▄▃▄█ P56 Z+0.1,NEUTRAL,C,WAIT,RS leader,Retail Trade,32.3
STALLION,254.0,255.55,257.95,244.05,True,True,True,True,False,False,0.3758244830377899,41.9856412,0.391712847302216,False,0.3306195603569056,False,33.91,True,1.2179878596314786,34.0,-0.42,0,False,▇▅▆▇▆▁▂▄▅▄▅▆▅▄▅▅▅▅█▆,False,False,False,13,0.21021536115875739,0.43746462931522356,0.20004491593802265,0.3759624021876269,FLAT,True,94,49.0,IGNORE,NONE,,NEUTRAL,C,WAIT,"CMF positive, RS leader",Distribution Services,34.9
EBGNG,570.7,595.0,595.0,568.0,True,True,True,True,False,False,0.49274052522753065,17.45565848,0.5134838724168945,False,0.1326015168948407,False,54.89,True,1.0825148897566363,74.0,0.58,0,True,▆█▆▃▃▄▄▅▄█▁▅▂▂▃▄▂▃▃▅,False,False,False,0,0.05217551622418881,0.38822670882996846,0.042005071003454075,0.3267244817023718,FLAT,True,92,49.0,IGNORE,NONE,,NEUTRAL,C,WAIT,"CMF positive, RS leader",Technology Services,32.9
KSHINTL,1003.3,1024.3,1030.4,985.25,True,True,True,True,False,True,0.5085784841827747,22.49749755,0.5314827558350342,False,-0.061942641416792676,False,46.91,True,1.0117218250245328,68.0,0.4,0,True,▄▄▃▄▄▄▄▅▅▅▄▅█▆▁▁▃▄▄▄,False,False,False,5,0.10800662617338475,0.3380901573753001,0.09783618095265001,0.27658793024770345,FLAT,True,90,49.0,IGNORE,NONE,,NEUTRAL,C,WAIT,RS leader,Producer Manufacturing,34.1
GMMPFAUDLR,1031.25,1053.0,1059.0,1020.0,True,True,True,True,False,False,0.3890934590246195,18.911578125,0.41295198905429725,False,0.4140251553909417,False,54.43,True,1.0277276889816187,29.0,-0.43,0,False,█▆▅▅▆▆▅▅▅▆▅▁▂▃▄▄▄▅▅▅,False,False,False,8,0.2836071695294997,0.3362487852283771,0.273436724308765,0.2747465581007804,FLAT,True,90,49.0,IGNORE,NONE,,NEUTRAL,C,WAIT,"CMF positive, RS leader",Producer Manufacturing,34.1
SSWL,315.25,309.5,319.0,309.0,False,True,True,True,False,True,0.5210515560912841,15.896197525,0.547562380744772,False,-0.07277502096532515,False,50.84,True,1.1156462585034015,45.0,-0.06,0,True,▂▁▄▅▃▅▃▅▄▅█▇▅▄▇▇▇▃█▇,False,False,False,13,0.12871464375223773,0.3437766410912191,0.118544198531503,0.2822744139636224,FLAT,True,90,49.0,IGNORE,NONE,,NEUTRAL,C,WAIT,RS leader,Producer Manufacturing,34.1
LMW,19748.0,19976.0,20130.0,19689.0,True,True,True,True,False,True,0.7895060060428898,12.6940144,0.8867809169621296,False,0.15408990161207553,False,52.04,True,1.026835043409629,36.0,-0.34,0,False,▇▆▁▇█▆▇▅▇▆▆▇▇▅▆▆▄▇▆▆,False,False,False,8,0.22559424067523115,0.2568737270875763,0.21542379545449641,0.1953714999599796,UP,True,85,49.0,IGNORE,NONE,,NEUTRAL,C,WAIT,CMF positive,Producer Manufacturing,34.1
KENNAMET,3502.2,3550.0,3569.0,3480.0,True,True,True,True,False,True,0.41242877349240414,5.19271194,0.42540207769492594,False,0.09828741582761234,False,64.14,True,1.0848294700166599,55.0,0.17,0,False,▂▄▃▇▆▆▆█▆▅▅▄▄▄▅▃▁▃▄▅,False,False,False,6,0.2551338565745618,0.25526881720430095,0.24496341135382704,0.19376659007670427,UP,True,84,49.0,IGNORE,NONE,,NEUTRAL,C,WAIT,CMF positive,Producer Manufacturing,34.1
WSTCSTPAPR,619.2,601.1,644.0,601.1,False,True,True,True,False,True,0.9586484896099386,22.636465920000003,0.9989865176381317,False,0.21406587696986784,False,46.73,False,0.9559071708379785,23.0,-0.76,0,True,▃▃▄▅▅▇▆▅▇▇▇█▇▆▆▁▄▆▆▅,False,False,False,10,0.19157124987972685,0.2206998521439134,0.1814008046589921,0.15919762501631674,UP,True,81,49.0,IGNORE,NONE,,NEUTRAL,C,WAIT,CMF positive,Producer Manufacturing,34.1
NIACL,184.08,183.6,185.9,182.73,False,True,True,True,True,True,0.3855279039132699,18.977138544000002,0.39296799249217607,False,0.12015959778623027,False,30.55,True,1.0770885116434856,40.0,-0.34,0,True,▅▅▄▅▆▆▅▄▆█▁▄▅▄▄▄▄▅▅▅,False,False,False,0,0.033518612093649924,0.2198807157057654,0.023348166872915188,0.15837848857816872,FLAT,True,81,49.0,IGNORE,NONE,,NEUTRAL,C,WAIT,CMF positive,Finance,29.7
JSFB,575.0,548.55,579.0,542.0,False,True,True,True,False,True,1.0931370514234788,51.7111875,1.118818095304119,True,0.06358672330936796,False,51.59,True,1.0867802108678022,30.0,-0.46,0,False,▄▃▃▃▄▄▃▄▄▆▆█▆▆█▄▁█▄▆,False,False,False,4,0.023860398860398924,0.21014416500052624,0.013689953639664187,0.14864193787292956,FLAT,True,80,49.0,IGNORE,NONE,,NEUTRAL,C,WAIT,CMF positive,Finance,29.7
HEROMOTOCO,5727.0,5745.0,5778.0,5694.5,True,True,True,True,False,True,0.5515053196418891,266.6846274,0.5773005475404412,False,0.20963610216458486,False,62.28,True,1.193732330250611,88.0,1.1,0,False,▃▄▃▆▆▅▄▆▅▄▅▅▁▃▅█▇▅▆▇,False,False,False,10,0.1376412864265708,0.17951147176339743,0.12747084120583607,0.11800924463580076,UP,True,76,49.0,IGNORE,SEED,,NEUTRAL,C,WAIT,CMF positive,Consumer Durables,29.9
VINDHYATEL,2485.7,2494.0,2540.0,2440.0,True,True,True,True,False,True,0.36309048124208654,8.96716275,0.3835415888541037,False,0.2994060137801554,False,46.16,True,1.064735257822321,33.0,-0.37,0,False,▅▆▃▅▅▇▆▇▁▃▃▇█▂▅▃▆▇▅▅,False,False,False,5,0.28486508839036495,0.16442591464842837,0.2746946431696302,0.1029236875208317,UP,True,73,49.0,IGNORE,NONE,,NEUTRAL,C,WAIT,CMF positive,Industrial Services,37.0
VIJAYA,1497.3,1505.0,1521.3,1491.0,True,True,True,True,False,True,0.39787834243089976,13.89075156,0.4188367835507279,False,0.1403070056107151,False,43.91,False,0.9176401747089924,27.0,-0.55,0,True,▅▄▃▃▅▅▄█▅▄▅▃▁▂▄▃▃▃▄▃,False,False,False,5,0.1246901524825359,0.15514581083166168,0.11451970726180116,0.093643583704065,UP,True,71,49.0,IGNORE,NONE,,NEUTRAL,C,WAIT,CMF positive,Health Services,40.2
KINGFA,5974.5,6087.5,6087.5,5905.5,True,True,True,True,False,True,1.0052179501209604,12.8965557,1.0438756799966944,False,0.2751779569009578,False,57.08,True,1.0164179636026924,63.0,0.29,0,False,▄▆▆▁▆▆█▆▅▄▅▅▆▄▆▅▅▅▂▅,False,False,False,6,0.18318645410436685,0.1498267898383372,0.1730160088836321,0.08832456271074052,UP,True,70,49.0,IGNORE,NONE,,NEUTRAL,C,WAIT,CMF positive,Process Industries,34.6
PNB,117.42,117.88,118.9,117.4,True,True,True,True,False,True,0.5427324284705027,128.47350783,0.5642891605943544,False,0.3385622528368634,False,44.64,False,0.9403041664911319,69.0,0.39,0,True,█▆▄▅▇▅▇▇▄▆▂█▄▇█▁▄▆▃▄,False,False,False,16,0.11014465349342917,0.14355278535255156,0.09997420827269443,0.08205055822495488,UP,True,69,49.0,IGNORE,NONE,,NEUTRAL,C,WAIT,CMF positive,Finance,29.7
KTKBANK,310.75,304.2,313.2,304.2,False,True,True,True,False,True,0.6583554090727352,70.7910874,0.6949902568875254,False,0.14070970298222493,False,62.01,True,1.157075682937752,88.0,1.18,0,False,▂▅▃▅▅▆▁▂▄▅▆▃▆▅▅▄▄█▃▆,False,False,False,13,0.10469249911126899,0.14837398373983723,0.09452205389053425,0.08687175661224056,UP,True,69,49.0,IGNORE,SEED,,NEUTRAL,C,WAIT,CMF positive,Finance,29.7
AFFLE,1711.3,1715.0,1717.0,1692.8,False,True,True,True,True,False,0.25123708441978465,21.34966541,0.2641097381883537,False,0.44014828286074,False,52.0,True,1.1927836588638736,54.0,0.11,0,False,▇▇█▅▁▄▄▆▄▆▆▆▆▄▄▆▆▆▆▇,False,False,False,11,0.11893553027330972,0.13919584609239766,0.10876508505257498,0.07769361896480098,UP,True,68,49.0,IGNORE,NONE,,NEUTRAL,C,WAIT,CMF positive,Technology Services,32.9
HCG,713.65,717.0,721.9,707.0,False,True,True,True,False,True,0.533190441748391,7.257392309999999,0.5475665802274906,False,0.2962089886645406,False,60.8,True,1.0289737340915244,63.0,0.21,0,False,▃▃▃▄▅▅▅▄▅█▃▄▅▁▃▃▃▄█▅,False,False,False,6,0.07924385633270314,0.12394676746200473,0.06907341111196841,0.06244454033440805,UP,True,65,49.0,IGNORE,NONE,,NEUTRAL,C,WAIT,CMF positive,Health Services,40.2
AUBANK,1075.7,1071.0,1079.6,1064.5,False,True,True,True,False,True,0.2597892038520289,48.4581336,0.2659669765636252,False,0.23754977662555316,False,51.32,False,0.9308146441883031,34.0,-0.33,0,True,▄▆▁▁▅█▁█▆▆▄▂▄▇▅▅▇▇▆▄,False,False,False,6,0.07216186584271922,0.0993357179356158,0.06199142062198448,0.03783349080801912,UP,True,60,49.0,IGNORE,NONE,,NEUTRAL,C,WAIT,CMF positive,Finance,29.7
KEI,5790.0,5881.7,5899.0,5722.7,True,True,True,True,False,True,0.6199515345324667,180.337077,0.6615258526823803,False,0.5658239896987077,False,44.73,True,1.0021059234698448,48.0,-0.15,0,False,▃▅▄▄▇▆▆▄▄▁▅▅▇▇▇█▇▅▄▅,False,False,False,9,0.16393607397728416,0.09638326074607084,0.15376562875654942,0.034881033618474167,UP,True,59,49.0,IGNORE,NONE,,NEUTRAL,C,WAIT,CMF positive,Producer Manufacturing,34.1
NESTLEIND,1500.2,1506.9,1515.8,1496.1,True,True,True,True,False,True,0.558789050180266,217.82348926,0.5612452472804514,False,0.11755430292594764,False,59.61,True,1.0267672591980157,58.0,0.24,0,False,▁▂▅▆▆▆██▆▅▆▇▆▇▆▆▅▆▆▆,False,False,False,11,0.05114910313901344,0.08482175139200221,0.040978657918278705,0.023319524264405533,UP,True,57,49.0,IGNORE,NONE,,NEUTRAL,C,WAIT,CMF positive,Consumer Non-Durables,37.4
CARBORUNIV,1126.0,1122.7,1148.8,1118.9,False,True,True,True,False,True,2.8550332306826585,59.2997766,2.8965301371170917,True,-0.03837923962272035,False,67.04,True,1.4913685709200928,87.0,1.06,0,False,▃▁▃▄▃▆▅▅▅▃▅▆▁▃▃▄▃▅▆█,False,False,False,0,0.03855377236672197,0.08258821267185867,0.028383327145987236,0.021085985544261998,UP,True,56,49.0,IGNORE,SEED,,NEUTRAL,C,WAIT,No standout factor,Process Industries,34.6
SIEMENS,3936.0,3968.1,4052.0,3924.0,True,True,True,True,False,True,0.7320314217881887,116.8161504,0.7445791564211665,False,0.13151183853028045,False,35.72,True,1.0033848790011095,26.0,-0.62,0,False,▄█▆▇▄▄▅▅▇▃▇▆▅▇▁▃▆▆█▆,False,False,False,7,0.07576254509675295,0.067563535761751,0.06559209987601822,0.006061308634154328,UP,True,53,49.0,IGNORE,NONE,,NEUTRAL,C,WAIT,CMF positive,Producer Manufacturing,34.1
DATAPATTNS,4737.2,4530.0,4750.0,4525.0,False,True,True,True,False,True,1.2200015808776337,656.2182614,1.2702448860755888,True,0.37438005931550744,True,30.28,True,1.3463462350770325,72.0,0.48,0,False,▁▄▁▃▆▃▄▃▄▄█▄▅▆█▆▇▇▆█,False,False,False,0,0.11623742312495589,0.03920149171876708,0.10606697790422115,-0.022300735408829597,UP,False,47,49.0,IGNORE,NONE,,NEUTRAL,C,WAIT,CMF positive,Electronic Technology,39.9
PRINCEPIPE,289.75,285.6,291.45,283.35,False,True,True,True,True,False,1.089375168282735,8.07133395,1.1523184239490565,True,0.11160252208454227,True,53.71,False,0.9897906531033467,76.0,0.68,0,True,▇▅▄▅█▇▇▇▇▁▄▆▆▆▇▅▄▅▇▆,False,False,False,1,0.0940154804606379,0.023128531073446368,0.08384503523990317,-0.03837369605415031,UP,False,43,49.0,IGNORE,NONE,,NEUTRAL,C,WAIT,CMF positive,Producer Manufacturing,34.1
SBFC,93.67,93.17,94.53,93.17,True,True,True,False,False,False,0.43505144230253634,5.452792976,0.4410808025236579,False,0.11805784870283861,True,63.51,True,1.068948976242773,87.0,1.01,0,True,▂▅▁▂▇▃▃▁▃▂▂▃▄▃▅█▄▄▃▄,False,False,False,6,0.001925339608514376,0.02048153393615859,-0.00824510561222036,-0.041020693191438085,UP,False,42,49.0,IGNORE,SEED,,NEUTRAL,C,WAIT,CMF positive,Finance,29.7
MANINFRA,106.02,103.21,108.98,101.7,False,True,True,False,False,False,2.939355591857379,59.123834136,2.866555924522273,True,-0.04649356809344586,True,40.15,True,1.0223568954980649,31.0,-0.39,0,True,▃▁▁▄▇▅▇▅▃▂▄▆▆▃▆▂▄▂█▄,False,False,False,0,0.06371024380455492,-0.07832739285403811,0.053539798583820186,-0.1398296199816348,UP,False,16,49.0,IGNORE,NONE,,NEUTRAL,C,WAIT,No standout factor,Finance,29.7
KSCL,772.75,758.7,779.0,755.8,False,False,False,False,False,False,1.986543027937243,19.426935,1.9434062070587952,True,-0.06143609621863056,True,53.07,True,1.0456215705011378,65.0,0.42,0,True,▂▇▄▅▅▇▇▇▆▄▄█▆▃▁▆▁▇▇▆,False,True,False,0,-0.10917055738082893,-0.11091296093884828,-0.11934100260156366,-0.17241518806644496,UP,False,9,49.0,IGNORE,NONE,,NEUTRAL,C,WAIT,No standout factor,Process Industries,34.6
PIIND,2515.0,2490.0,2545.0,2458.6,False,False,False,False,False,False,2.1133528319747006,156.910347,2.0317597250568906,True,-0.21750545296684767,True,65.44,True,1.3922219385584205,91.0,1.32,0,False,▂▆▁▄▃█▄▆▄▃▆▇▃▅▅▁▁▆▄█,False,True,False,0,-0.06219703184428371,-0.12259279933017031,-0.07236747706501845,-0.18409502645776699,UP,False,8,49.0,IGNORE,SEED,,NEUTRAL,C,WAIT,Delivery P91,Process Industries,34.6
GANDHAR,255.1,247.4,256.9,247.4,False,True,True,True,False,True,0.3183055982996651,56.62577148,0.3161250772689811,False,-0.12255174102693119,True,40.67,True,1.2903737546798655,37.0,-0.3,0,False,▄▄▁▃▃▆▅▃▄▃▅▃▅▆▆█▇▇▇▇,False,False,False,3,0.12294757230268094,0.6009790385339524,0.1127771270819462,0.5394768114063557,FLAT,True,97,48.0,IGNORE,NONE,,NEUTRAL,C,WAIT,RS leader,Process Industries,34.6
PAUSHAKLTD,758.0,734.25,759.0,723.05,False,True,True,True,True,True,0.3036849283936225,3.2462866,0.3333712693750924,False,-0.06029846692191164,True,49.47,True,1.0845116737915161,15.0,-0.94,0,False,▆▇▆█▄▆▄▂▆▁▅▅▄▆▅▆▃▅▇▆,False,False,False,10,0.33580051105824293,0.6301075268817204,0.3256300658375082,0.5686052997541238,FLAT,True,97,48.0,IGNORE,NONE,,NEUTRAL,C,WAIT,RS leader,Process Industries,34.6
DYCL,452.9,464.0,468.3,450.0,True,True,True,True,False,True,0.33843572026033464,17.966588289999997,0.3588311120625964,False,-0.19515694544475842,True,46.44,True,1.4266404521995575,62.0,0.34,0,False,▂▂▁▃▆▄▆▃▄▆▅▆█▃▆▄▅▅▇█,False,False,False,5,0.04210768522779551,0.42780580075662034,0.031937240007060774,0.36630357362902366,FLAT,True,94,48.0,IGNORE,NONE,,NEUTRAL,C,WAIT,RS leader,Producer Manufacturing,34.1
REDINGTON,326.3,334.0,337.2,324.0,True,True,True,True,False,True,0.18215905774543506,66.21348123000001,0.18053556479846103,False,0.016707842065200085,False,46.78,True,1.4290951304454087,83.0,0.81,0,False,█▇▆▃▇▇▁▂▁▃▄▅▅▆▄▆▃▅▄▇,False,False,False,10,0.2087423596962401,0.357885975863504,0.19857191447550537,0.29638374873590734,FLAT,True,91,48.0,IGNORE,NONE,,NEUTRAL,C,WAIT,"CMF positive, RS leader",Distribution Services,34.9
UNIPARTS,825.85,801.15,837.7,801.15,False,True,True,True,True,True,0.9801313124361968,18.46683185,1.0426957685268112,False,0.27542137965988356,True,49.45,False,0.9742978455112355,39.0,-0.13,0,False,▆▄▆▆▅▆▄▅█▅▁▄▄▄▇▆▇▆▄▅,False,False,False,13,0.19627725066994994,0.28978603779478385,0.1861068054492152,0.22828381066718717,FLAT,True,88,48.0,IGNORE,NONE,,NEUTRAL,C,WAIT,CMF positive,Producer Manufacturing,34.1
MOTHERSON,168.6,167.42,169.28,166.71,False,True,True,True,False,True,0.46183654215313275,173.65872498,0.4943170085165027,False,0.24287976528970218,True,43.71,False,0.9368770764119602,30.0,-0.51,0,False,▄▄▄▆▅▆▆▆█▇▅▃▁▁▇▆▇▆▆▅,False,False,False,10,0.169452729416661,0.16831820386667595,0.15928228419592627,0.10681597673907928,UP,True,73,48.0,IGNORE,NONE,,NEUTRAL,C,WAIT,CMF positive,Producer Manufacturing,34.1
GAEL,177.76,172.0,178.8,171.7,False,True,True,True,False,True,0.8013414764228632,33.899774128,0.8534331012523078,False,0.4023946703403994,True,41.39,False,0.9060064792925314,16.0,-0.93,0,False,██▁▂▅▃▅▆▃▆▅█▅▆▆▆▆▃▆▄,False,False,False,3,0.24647640417922978,0.10912834591626619,0.23630595895849504,0.047626118788669514,UP,True,62,48.0,IGNORE,NONE,,NEUTRAL,C,WAIT,CMF positive,Consumer Non-Durables,37.4
SHAILY,3373.7,3395.0,3450.0,3350.0,True,True,True,True,False,True,0.287984580353178,22.62268272,0.3034081756094759,False,0.17487213362465642,True,43.67,False,0.9519657318495428,49.0,-0.06,0,False,▅▅▄▄▆▃▄▆▅█▅▂▄▁▁▃▃▃▃▄,False,False,False,6,0.18575144102347818,0.07696482155398066,0.17558099580274344,0.01546259442638398,UP,True,55,48.0,IGNORE,NONE,,NEUTRAL,C,WAIT,CMF positive,Process Industries,34.6
IMPAL,1109.4,1083.1,1115.8,1069.4,False,True,True,True,False,True,1.2048690858980249,0.29099562,1.2213129263728981,True,0.021208284038337636,True,79.72,True,1.2553342256515236,88.0,1.15,0,False,█▂▄▅▆▄▁▂▅▄▅▅▄▅▄▅▄▄▅▇,False,True,False,0,0.014447695683979633,0.03392357875116514,0.004277250463244897,-0.027578648376431536,UP,False,46,48.0,IGNORE,SEED,,NEUTRAL,C,WAIT,CMF positive,Distribution Services,34.9
CYIENT,858.55,861.4,869.55,850.1,True,True,False,False,False,False,2.255056649867935,105.29952625499999,2.274391698264975,False,-0.11356337732857201,False,82.98,True,1.520253558800359,100.0,3.34,1,True,▄▅▁▅▄▅▅▅▆▅▅▆▆▆▇▆▄▄▄█,False,False,False,0,0.013696204026211634,-0.006307870370370394,0.0035257588054768974,-0.06781009749796707,UP,False,34,48.0,IGNORE,DISTRIBUTION,DEL83% ▄▅▁▅▄▅▅▅▆▅▅▆▆▆▇▆▄▄▄█ P100 Z+3.3,NEUTRAL,C,WAIT,Delivery P100,Technology Services,32.9
APEX,398.5,424.0,427.8,395.4,True,True,True,True,False,False,1.636311809694551,37.6194361,1.549654452511238,False,0.08608904590549811,False,34.42,False,0.798006143859039,65.0,0.4,0,True,▆▇▇▇█▇██▇▆▆▇▆▆▆▇▆▁▃▅,False,False,False,0,-0.009199403281949237,-0.027574426549536346,-0.019369848502683973,-0.08907665367713302,UP,False,29,48.0,IGNORE,NONE,,NEUTRAL,C,WAIT,CMF positive,Consumer Non-Durables,37.4
MOREPENLAB,88.44,89.82,92.5,86.0,True,True,True,True,False,True,1.2374281095451907,304.07520396,1.4323779768951619,False,0.3385622157976003,False,25.36,False,0.8444326052210974,8.0,-1.33,0,False,▇▅▄▅▇▆▆▆▇▅▂▁▂▅▅█▂▃▄▄,False,False,False,8,0.55649419218585,0.8178828365878725,0.5463237469651152,0.7563806094602759,FLAT,True,99,47.0,IGNORE,NONE,,NEUTRAL,C,WAIT,"CMF positive, RS leader",Health Technology,28.9
KAPSTON,528.4,528.0,549.85,525.0,False,True,True,True,False,True,1.0259516218113325,4.92738284,1.0306089713382283,True,0.05516441388352989,False,48.87,False,0.8753515198194487,13.0,-1.06,0,False,▆▇▄▇▆▄▅▇▁▃▆▄▇▄▆█▇▇▅▄,False,False,False,16,0.16915588007522953,0.5656296296296295,0.1589854348544948,0.5041274025020328,FLAT,True,97,47.0,IGNORE,NONE,,NEUTRAL,C,WAIT,"CMF positive, RS leader",Commercial Services,24.6
PNGSREVA,578.0,567.2,616.0,566.55,False,True,True,True,False,True,0.44696068381177423,22.1279786,0.5026036646958024,False,0.33292690337794373,False,32.43,False,0.9107631819139226,16.0,-1.0,0,False,▅█▅▅▅▂▃▅▇▁▂▄▃▅▂▂▃▄▃▄,False,False,False,5,0.4030828984100012,0.4964401294498382,0.3929124531892665,0.4349379023222415,FLAT,True,95,47.0,IGNORE,NONE,,NEUTRAL,C,WAIT,"CMF positive, RS leader",Consumer Durables,29.9
AARTIPHARM,874.55,861.95,892.0,850.0,False,True,True,True,False,True,0.25230076042467137,27.662716139999997,0.25678662477779735,False,0.049345793776192394,True,34.21,False,0.8005991036847218,5.0,-1.53,0,False,▇▆▆▇▇██▆▆▇█▇▇▃▁▁▃▅▅▄,False,False,False,3,0.24517690610094678,0.3987205117952819,0.23500646088021204,0.3372182846676852,FLAT,True,93,47.0,IGNORE,NONE,,NEUTRAL,C,WAIT,"CMF positive, RS leader",Health Technology,28.9
ZSARACOM,13089.0,13414.0,13418.0,12660.0,False,True,True,True,True,True,0.5907990314769975,0.1596858,0.6027610136084267,False,0.3257679732956366,False,77.24,True,1.1315226626820192,47.0,0.17,0,False,█▆▆██▅▆▇▇▆██▆▃▆▆▁▃▆▇,False,False,False,0,0.01465116279069778,0.4150270270270271,0.004480717569963044,0.3535247998994304,FLAT,True,93,47.0,IGNORE,NONE,,NEUTRAL,C,WAIT,"CMF positive, RS leader",Finance,29.7
EIMCOELECO,2153.7,2125.0,2197.9,2125.0,True,True,True,True,False,True,1.0930394963403647,8.83189296,1.188316973363688,False,0.40626720384121545,False,38.83,False,0.7415966386554622,12.0,-1.11,0,True,▂▅▃▄▅▅▅▄█▂▃▆█▅▄▅▃▅▂▁,False,False,False,2,0.18870736284358092,0.3748483881263962,0.17853691762284618,0.31334616099879953,FLAT,True,92,47.0,IGNORE,NONE,,NEUTRAL,C,WAIT,"CMF positive, RS leader",Producer Manufacturing,34.1
GSPCROP,589.55,589.65,600.0,589.55,False,True,True,True,False,True,0.6033246525608134,12.167368719999999,0.6239344989204406,False,0.28827087776378646,False,13.21,False,0.5201708964186569,6.0,-1.27,0,False,▇▃▆▅██▃▆▅▆▆▇▃▄▄▅▄▁▇▁,False,False,False,16,0.15598039215686255,0.3520238504758628,0.1458099469361278,0.29052162334826614,FLAT,True,91,47.0,IGNORE,NONE,,NEUTRAL,C,WAIT,"CMF positive, RS leader",Process Industries,34.6
DALMIASUG,452.7,458.9,467.7,445.0,True,True,True,True,False,True,0.5671585147849615,26.59472163,0.6200220529201567,False,0.39816623452608113,False,30.73,False,0.873706357329694,15.0,-1.01,0,False,▅▅▄▅█▇▇▇▁▁▃▅▅▅▅▆▄▄▄▄,False,False,False,6,0.2220272641382104,0.34872635185461043,0.21185681891747565,0.28722412472701375,FLAT,True,90,47.0,IGNORE,NONE,,NEUTRAL,C,WAIT,"CMF positive, RS leader",Process Industries,34.6
TI,582.8,583.0,593.0,579.2,False,True,True,True,True,True,0.6423233830762155,53.45598956,0.7338843520119629,False,0.22550416168817633,False,49.97,False,0.9923937004746489,70.0,0.45,0,False,▅█▆▆▂▃▄▅▆▇▅▂▂▄▆▆▁▃▄▅,False,False,False,13,0.3099572937738817,0.32469598818047496,0.29978684855314697,0.2631937610528783,UP,True,89,47.0,IGNORE,NONE,,NEUTRAL,C,WAIT,CMF positive,Consumer Non-Durables,37.4
FINCABLES,1329.35,1320.85,1339.3,1300.3,False,True,True,True,True,True,0.46457602371499623,117.61783049499998,0.499610004347709,False,0.04380064518118192,True,33.98,False,0.816061865078412,12.0,-1.29,0,False,▆█▅▅▇▇▇▅▇▇▆▆▆▅▂▁▃▃▃▄,False,False,False,4,0.3211588153448617,0.2880050382714854,0.31098837012412694,0.2265028111438887,UP,True,87,47.0,IGNORE,NONE,,NEUTRAL,C,WAIT,CMF positive,Producer Manufacturing,34.1
RISHABH,665.75,700.0,703.8,651.75,True,True,True,True,False,True,3.2907295736417486,47.25666595,3.303947806515883,False,0.11466597294152797,False,49.87,False,0.9902405607458078,50.0,0.12,0,True,▄▆▅▁▇▅▅▄▅▇█▇▅▇▆█▅█▄▅,False,False,True,4,0.020150168556543058,0.26761233815689245,0.009979723335808321,0.20611011102929577,FLAT,True,85,47.0,IGNORE,NONE,,NEUTRAL,C,WAIT,CMF positive,Producer Manufacturing,34.1
AYMSYNTEX,270.9,272.25,277.45,269.05,True,True,True,True,False,True,0.5624843375455864,0.7205398199999999,0.6024712156600732,False,0.1262096725584741,False,61.56,True,1.0346305431138079,62.0,0.36,0,True,▃▆▇▄▅▅▅▆▁██▅▅▅▆▅▅▃▄▆,False,False,False,3,0.1558646584460468,0.23987367842921858,0.14569421322531206,0.1783714513016219,FLAT,True,83,47.0,IGNORE,NONE,,NEUTRAL,C,WAIT,CMF positive,Process Industries,34.6
CREDITACC,1524.6,1543.3,1545.0,1513.9,True,False,True,True,False,True,0.20174320777152088,13.709660579999998,0.19599214803867904,False,0.12229543850000694,False,53.43,True,1.0412363097790076,67.0,0.45,0,True,█▅▆▁▃▆▅▅▅▅▆▆▇█▇▆▆▆▄▆,False,False,False,5,-0.006581090766925257,0.2000944584382871,-0.016751535987659993,0.13859223131069043,FLAT,True,78,47.0,IGNORE,NONE,,NEUTRAL,C,WAIT,CMF positive,Finance,29.7
BIL,831.25,860.0,860.0,830.1,True,True,True,True,False,True,1.2978955902569704,0.91819875,1.3231533224102543,False,0.1564188811285278,False,79.44,True,1.0510856190211568,81.0,0.85,0,True,█▂▃▆▇█▅▅▅▆▅▄▆▃▆▆▁▆█▆,False,False,False,9,0.1229314420803782,0.2001010611419909,0.11276099685964347,0.1385988340143942,FLAT,True,78,47.0,IGNORE,NONE,,NEUTRAL,C,WAIT,CMF positive,Consumer Non-Durables,37.4
JSWINFRA,328.65,334.45,336.9,327.5,True,False,True,True,False,True,0.563216514491413,61.23196464,0.5585391030286594,False,0.021376564820426578,True,64.74,True,1.087290590754503,90.0,1.26,0,True,▁▄▄▅▅▃▅▇▃▂▅▄▃▆▅▂▃▅█▆,False,False,False,1,-0.04614714845450596,0.16212871287128694,-0.056317593675240696,0.10062648574369026,FLAT,True,72,47.0,IGNORE,SEED,,NEUTRAL,C,WAIT,"Delivery P90, CMF positive",Industrial Services,37.0
PCBL,326.55,321.0,329.9,317.35,False,True,True,True,False,False,1.3831331689731228,152.60752584000002,1.3266525719529247,True,0.0341112259845813,True,18.83,False,0.4461450978533857,7.0,-1.69,0,True,▆▃▅▅▇▁▃▅▄▄▅▅▆▆▇█▆▆▅▂,False,True,False,1,-0.017303641287992777,0.1502289538569921,-0.027474086508727513,0.08872672672939541,FLAT,True,70,47.0,IGNORE,NONE,,NEUTRAL,C,WAIT,CMF positive,Process Industries,34.6
MEESHO,193.01,192.01,193.82,190.61,True,True,True,True,False,False,0.5003781811046121,102.54710084599999,0.5133422913418276,False,0.061371451487226655,False,62.63,True,1.362276914376448,98.0,1.69,0,True,▇▅▂▃▁▅▃▃▄▃▄▆▆▇▇▆▅▆▆█,False,False,False,1,0.006886118211695935,0.14914265301262186,-0.003284327009038801,0.08764042588502519,FLAT,True,70,47.0,IGNORE,SEED,,NEUTRAL,C,WAIT,"Delivery P98, CMF positive",Retail Trade,32.3
CHENNPETRO,1404.0,1400.0,1454.5,1384.9,False,True,True,True,False,True,1.260633290493022,503.301006,1.3321144552055952,True,0.1898543975285186,False,16.7,False,0.5442753316168563,8.0,-1.49,0,False,▂▁▅▇▄▅▂▄▅▅██▅▆▁▂▃▅▄▁,False,False,False,4,0.1159685239647088,0.14481409001956935,0.10579807874397407,0.08331186289197268,UP,True,69,47.0,IGNORE,NONE,,NEUTRAL,C,WAIT,CMF positive,Energy Minerals,46.3
SAREGAMA,513.95,520.1,524.8,512.0,True,False,True,True,False,True,0.3563566972797981,17.089814005,0.3439911741655052,False,0.2390646630483057,False,49.48,True,1.369461127563588,61.0,0.33,0,True,▄▃▃▃▄▄▃▄▅▁▂▄▄▃▄▅▄▇█▆,False,False,False,6,-0.004358775668345638,0.14389049632762085,-0.014529220889080374,0.08238826920002418,FLAT,True,69,47.0,IGNORE,NONE,,NEUTRAL,C,WAIT,CMF positive,Consumer Services,31.6
ABCAPITAL,401.5,405.6,408.2,401.0,True,False,True,True,False,True,0.3068209583091586,49.6624183,0.30169306173932126,False,0.14713300464581205,False,61.57,True,1.320309651963202,93.0,1.7,0,False,▆▆▄▄▄▅▄▂▁▅▄▅▅▅▇█▄▆▅▇,False,False,False,6,-0.00012451749470798745,0.13530326594090214,-0.010294962715442724,0.07380103881330546,FLAT,True,67,47.0,IGNORE,SEED,,NEUTRAL,C,WAIT,"Delivery P93, CMF positive",Finance,29.7
JAIBALAJI,67.82,69.5,70.79,66.47,True,False,False,False,False,False,0.5087880767649963,10.252912305999999,0.4292447292117281,False,0.16618547078725748,False,71.32,True,1.6316072429452202,98.0,2.1,2,True,▂▂▂▁▂▂▂▂▂▂▂▁▃▂██▇▅▆▇,False,False,False,8,-0.05186634978330784,0.13165359586183878,-0.06203679500404258,0.0701513687342421,FLAT,True,66,47.0,IGNORE,SEED,DEL71% ▂▂▂▁▂▂▂▂▂▂▂▁▃▂██▇▅▆▇ P98 Z+2.1 2D,NEUTRAL,C,WAIT,"Delivery P98, 2D high delivery, CMF positive",Non-Energy Minerals,34.1
AGARWALEYE,502.6,501.0,508.35,495.0,False,False,True,True,False,True,0.23955924644231,31.59499406,0.23543304509324275,False,0.461436037710621,False,65.0,True,1.1740693242779474,88.0,1.15,0,True,▆▅▆▆▅▆▅▆▄▂▁▂▄▄▃█▅▆▅▆,False,False,False,6,0.03458213256484144,0.120624303232999,0.024411687344106703,0.05912207610540232,FLAT,True,65,47.0,IGNORE,SEED,,NEUTRAL,C,WAIT,CMF positive,Health Services,40.2
HERITGFOOD,359.6,364.3,366.4,356.25,True,True,True,False,False,False,0.500837730482155,5.93149412,0.5202584377812941,False,0.1536132954629095,False,56.69,True,1.04396666820128,79.0,0.7,0,True,▆▅▄▇▆█▄██▅▅▁▁▁▄▆▅▅▇▆,False,False,False,11,0.09019251174776421,0.12427700484602155,0.08002206652702948,0.06277477771842488,UP,True,65,47.0,IGNORE,NONE,,NEUTRAL,C,WAIT,CMF positive,Consumer Non-Durables,37.4
BHAGCHEM,287.35,284.9,299.0,284.9,True,True,True,True,False,True,1.653724403476868,7.9164350300000015,1.64569425320276,False,-0.16859698701172302,False,67.33,True,1.2909348876447582,85.0,0.88,0,True,▆▅▆▆▅▃▄▃▁▄▅▅▂▄▆▇▅▆█▆,False,False,False,1,0.053722038870553934,0.11423475125053328,0.0435515936498192,0.05273252412293661,FLAT,True,63,47.0,IGNORE,DISTRIBUTION,,NEUTRAL,C,WAIT,No standout factor,Process Industries,34.6
NRBBEARING,485.6,484.0,491.35,478.45,False,True,True,True,True,True,0.897300003257103,24.615161120000003,0.9638381130169338,False,0.25852596035207676,False,40.9,False,0.8710467468853157,12.0,-1.07,0,False,▄▂▄▆▇▇▆▆██▆▃▃▁▅▂▃▄▄▃,False,False,False,5,0.19916039017162612,0.10627634126893737,0.1889899449508914,0.04477411414134069,UP,True,62,47.0,IGNORE,NONE,,NEUTRAL,C,WAIT,CMF positive,Producer Manufacturing,34.1
GARUDA,182.88,182.4,184.5,180.72,False,True,True,True,False,False,0.3495261948289677,6.543300096,0.3377672434547127,False,0.04001206355343987,True,47.62,True,1.1823711980136562,95.0,1.39,0,True,▇▅▆█▆▆▆▆▇▅█▇▆▁▃▆▅▄▅▇,False,False,False,1,0.03673469387755102,0.10769230769230775,0.02656424865681628,0.04619008056471108,FLAT,True,62,47.0,IGNORE,SEED,,NEUTRAL,C,WAIT,"Delivery P95, CMF positive",Industrial Services,37.0
GLENMARK,2305.0,2317.4,2332.9,2305.0,True,True,True,True,False,True,0.7438818355297182,87.4634555,0.7646451787509567,False,0.02441292097648459,False,68.5,True,1.4804088954204577,98.0,2.22,0,True,▄▆▇▆▇▄▅▂▁▅▂▃▃▂▃▁▄▅▅█,False,False,False,0,0.02805405646492143,0.043175235336712525,0.017883611244186692,-0.01832699179088415,UP,False,48,47.0,IGNORE,SEED,,NEUTRAL,C,WAIT,"Delivery P98, CMF positive",Health Technology,28.9
AVANTEL,162.27,156.9,163.8,156.63,False,False,False,True,False,False,1.6788736672269045,21.383226612,1.6708663993823922,True,-0.16693494385436378,True,35.49,False,0.8264347340109679,43.0,-0.16,0,True,▅▁▂▂▇▄▅▃▅▆▃▄▄▅█▇▃▇▆▂,False,True,False,0,-0.05110812233202722,-0.033992141921657226,-0.06127856755276195,-0.0954943690492539,UP,False,27,47.0,IGNORE,NONE,,NEUTRAL,C,WAIT,No standout factor,Electronic Technology,39.9
ALLTIME,213.99,210.98,216.43,208.0,False,False,False,False,False,False,3.845667735226868,4.655459445,3.7127595766500496,True,-0.20196726803312554,True,81.13,True,1.3042464773448867,99.0,2.1,0,True,▆▅▅▂▁▅▆▅▅▆▆▂▅▅▆▆▃▄▄█,False,True,False,0,-0.1128477260478421,-0.061200315872598,-0.12301817126857684,-0.12270254300019467,FLAT,False,20,47.0,IGNORE,SEED,,NEUTRAL,C,WAIT,Delivery P99,Producer Manufacturing,34.1
GODREJCP,931.0,935.0,936.4,920.0,False,False,False,False,False,False,1.5571465828716802,135.2699243,1.4529501977256984,True,0.29356565168915344,True,52.99,True,1.0421460459810805,25.0,-0.7,0,False,▄▃▅▅▄▅██▅▅▆▄▁▄▄▅▅▅▄▅,False,True,False,1,-0.11560748551344169,-0.06816134521068962,-0.12577793073417642,-0.1296635723382863,UP,False,18,47.0,IGNORE,NONE,,NEUTRAL,C,WAIT,CMF positive,Consumer Non-Durables,37.4
KDDL,4093.5,4081.9,4128.5,4010.1,False,True,True,True,True,True,0.4806834609137754,11.01847395,0.5355375459289915,False,-0.24616796582678244,True,38.27,False,0.8258523953388003,6.0,-1.38,0,False,▇▆▄▇█▇▆▆▆▃▁▅▅▄▄▅▇▆▆▄,False,False,False,12,0.28880423147156997,0.35811685080123423,0.27863378625083524,0.29661462367363756,FLAT,True,91,46.0,IGNORE,NONE,,NEUTRAL,C,WAIT,RS leader,Consumer Durables,29.9
BLUEJET,607.25,589.95,612.95,589.15,False,True,True,True,False,False,1.4675684035633485,100.838902675,1.503446066201075,True,-0.1267458263485616,True,54.1,True,1.0926864737129123,70.0,0.52,0,True,▄▆▆▅▆▇▆█▁▃▅▃▅▇▆▅▆▇▆▆,False,False,False,1,0.030110262934690324,0.2978200470185939,0.019939817713955588,0.2363178198909972,FLAT,True,88,46.0,IGNORE,NONE,,NEUTRAL,C,WAIT,No standout factor,Health Technology,28.9
SMCGLOBAL,80.69,80.0,81.34,79.82,False,True,True,True,False,True,0.6524150879310936,3.4950712119999996,0.6594496225964003,False,0.20687564700254496,True,58.65,False,0.950798411283132,63.0,0.32,0,True,▇▅▄▁▃▆▃▃█▅▆▅▃▆▆▄▅█▅▄,False,False,False,4,0.020359129994941716,0.22257575757575765,0.01018868477420698,0.16107353044816097,FLAT,True,81,46.0,IGNORE,NONE,,NEUTRAL,C,WAIT,CMF positive,Finance,29.7
MANAKCOAT,125.36,121.35,129.5,121.0,False,True,True,True,False,False,3.487217069711435,19.595335,3.639530330465499,True,-0.003108586043728789,True,33.44,False,0.5389506257403721,19.0,-0.87,0,True,▇▇▃▆█▄▅▆▅▅▅▆▄▆▅▁▇█▅▃,False,False,False,0,0.017615066157967485,0.18678405755940553,0.007444620937232749,0.12528183043180885,FLAT,True,77,46.0,IGNORE,NONE,,NEUTRAL,C,WAIT,No standout factor,Non-Energy Minerals,34.1
EXIDEIND,465.25,474.0,477.6,463.75,True,True,True,True,False,True,0.23608509962913646,71.82073555,0.24131728437811645,False,0.04112307234298589,False,51.39,True,1.0744864356280384,83.0,0.84,0,True,▃▃▅▇█▄▁▃▅▅▃▆▃▄▃▆▆▄▇▅,False,False,False,12,0.04915999548990868,0.1839928744115027,0.038989550269173945,0.12249064728390602,FLAT,True,76,46.0,IGNORE,NONE,,NEUTRAL,C,WAIT,CMF positive,Producer Manufacturing,34.1
TORNTPHARM,4847.0,4888.0,4915.5,4835.5,True,False,True,True,False,True,0.267933376635198,78.826761,0.261888996870366,False,0.07297192777215945,True,53.03,False,0.8794507371598203,31.0,-0.4,0,True,▁▂▁▁▃▅▅▁▄▇▅█▆▆▄▅▆▃▃▂,False,False,False,7,0.017635943732941417,0.11684601027673458,0.007465498512206681,0.055343783149137904,FLAT,True,64,46.0,IGNORE,NONE,,NEUTRAL,C,WAIT,CMF positive,Health Technology,28.9
GRAPHITE,737.15,728.0,741.8,724.1,False,True,True,True,True,True,0.5107840330876174,69.563150055,0.5446807209828068,False,0.08232666878231426,True,30.07,False,0.8595480726628267,37.0,-0.31,0,False,▆▂▁▃▆▄▂█▇▂▃▃▅▆▄▅▅▅▅▄,False,False,False,1,0.15949665749115205,0.10500674561535006,0.1493262122704173,0.043504518487753385,UP,True,61,46.0,IGNORE,NONE,,NEUTRAL,C,WAIT,CMF positive,Process Industries,34.6
HARSHA,436.4,427.95,439.9,421.75,False,True,True,True,True,True,1.2152097110637938,9.7930342,1.2812492026461824,True,-0.05518772322430138,True,58.21,True,1.0412213467369043,54.0,0.11,0,False,▄▆▁▅▆▆█▆▇▇▆▆▂▃▃▄▄▅▃▅,False,False,False,2,0.053724495955571605,0.10215936355600452,0.04355405073483687,0.04065713642840785,UP,True,61,46.0,IGNORE,NONE,,NEUTRAL,C,WAIT,No standout factor,Producer Manufacturing,34.1
SAKAR,893.7,902.45,902.8,878.0,True,True,True,True,False,True,0.40514414180934083,5.49759555,0.4134353758000543,False,-0.14155864437859011,True,56.23,True,1.243393848263052,57.0,0.13,0,True,▇▅▁▆▄▆▆▆▆▇▆▆▆▆▅▆▇▆▇█,False,False,False,5,0.017012802275960137,0.09845132743362828,0.006842357055225401,0.0369491003060316,FLAT,True,60,46.0,IGNORE,NONE,,NEUTRAL,C,WAIT,No standout factor,Health Technology,28.9
BHEL,423.35,419.95,430.0,416.55,False,True,True,True,True,True,1.0916931237440248,476.093779445,1.1143002247942464,True,0.12170692636268246,True,38.0,False,0.9229349330872173,45.0,-0.11,0,False,▄▄▄▆▃▁▅▆▅▇▇▄▂▂▅▄█▂▄▃,False,False,False,0,0.003199052132701441,0.08774409044193221,-0.006971393088033295,0.026241863314335534,FLAT,True,58,46.0,IGNORE,NONE,,NEUTRAL,C,WAIT,CMF positive,Producer Manufacturing,34.1
GRINDWELL,2101.3,2159.0,2168.8,2094.5,True,False,True,True,False,True,0.5550157962955964,5.245685320000001,0.5587631372181211,False,0.12020598714848796,True,53.34,True,1.0154487563893888,40.0,-0.34,0,True,▃▅▁▃▄██▇▅▄▅▆▅▆▅▅▆▅▅▅,False,False,False,0,0.002863551758698124,0.08695427270846268,-0.007306893462036612,0.025452045580866,FLAT,True,58,46.0,IGNORE,NONE,,NEUTRAL,C,WAIT,CMF positive,Process Industries,34.6
SUNPHARMA,1918.0,1932.0,1937.0,1914.7,True,False,True,True,False,True,0.3381631753401965,159.451971,0.33050727048790735,False,0.11243028707625079,True,57.82,False,0.8755763857866482,21.0,-0.81,0,True,▄▃▅█▆▄▃▁▄▄▄▃▃▅▅▅▃▅▄▂,False,False,False,10,-0.007554589671944445,0.07746755800235938,-0.01772503489267918,0.015965330874762707,FLAT,True,55,46.0,IGNORE,NONE,,NEUTRAL,C,WAIT,CMF positive,Health Technology,28.9
GRASIM,3232.8,3264.8,3264.8,3221.0,True,True,True,True,False,True,0.6484594468307897,148.94996688,0.6455189872518982,False,0.10516828939531145,False,62.72,True,1.1699200716277594,79.0,0.72,0,False,▆▄▆█▅▅▅▅▅▃▃▅▃▇▅▁▁▅▆▆,False,False,False,7,0.039585812136219145,0.04166263895601752,0.02941536691548441,-0.01983958817157916,UP,False,47,46.0,IGNORE,NONE,,NEUTRAL,C,WAIT,CMF positive,Non-Energy Minerals,34.1
GOKULAGRO,236.92,229.5,240.2,229.5,False,True,True,True,True,True,0.5774864139126457,7.560519964,0.6056519733273196,False,-0.2845519934444504,False,54.2,True,1.3356168603146832,95.0,1.61,0,False,▃▄▃▄█▆▁▄▄▃▃▆▄▅▅▅▄▆▄▆,False,False,False,3,0.10251756712736748,0.012911500641299645,0.09234712190663275,-0.04859072648629703,UP,False,40,46.0,IGNORE,NONE,,NEUTRAL,C,WAIT,Delivery P95,Process Industries,34.6
NFL,70.23,71.22,71.69,70.05,True,False,False,False,False,False,2.058079391063141,6.7228720950000005,2.01510523081118,False,-0.3387323883477815,False,60.58,True,1.3627570072434425,99.0,2.34,0,True,▆▄▄▃▂▂▅▁▅▃▄▃▆▄▇▅▁▃▅█,False,True,False,0,-0.022818978711562576,-0.05554061323292081,-0.03298942393229731,-0.11704284036051749,UP,False,22,46.0,IGNORE,DISTRIBUTION,,NEUTRAL,C,WAIT,Delivery P99,Process Industries,34.6
HUHTAMAKI,276.0,279.9,279.9,275.1,True,False,True,True,False,True,0.02481029545994724,2.220282,0.023151599878433318,False,0.07889305582886505,False,56.44,True,1.4153522080397223,51.0,0.1,0,False,▁▁▁▂▂▃▄▆▅▆▅▆▇▆█▅▇▆▆▇,False,False,False,3,0.04470267610431877,0.6127147364730632,0.034532230883584036,0.5512125093454665,FLAT,True,97,45.0,IGNORE,NONE,,NEUTRAL,C,WAIT,"CMF positive, RS leader",Process Industries,34.6
BETA,2355.0,2435.0,2519.9,2326.2,True,False,True,True,False,True,1.106725700582684,12.2000775,1.0805218961683,False,-0.19211393527153284,False,49.38,True,1.0906440498277234,34.0,-0.42,0,True,▄▂▁█▅▃▁▃▃▆▅▃▂▃▅█▅▅▅▅,False,False,False,3,-0.04979018721755979,0.5463917525773194,-0.059960632438294525,0.48488952544972275,FLAT,True,96,45.0,IGNORE,NONE,,NEUTRAL,C,WAIT,RS leader,Health Technology,28.9
TBZ,251.05,241.5,252.1,241.45,False,False,True,True,False,True,0.22945814691261224,10.962826295000001,0.2143435571288796,False,-0.01400703157205138,False,44.03,True,1.5620953293243218,52.0,0.28,2,False,▂▂▄▃▁▃▁▂▃▅▃▄▄▄▅▄▃▆█▇,False,False,False,5,-0.03341932006314252,0.4799858515592761,-0.04358976528387726,0.4184836244316794,FLAT,True,95,45.0,IGNORE,NONE,DEL44% ▂▂▄▃▁▃▁▂▃▅▃▄▄▄▅▄▃▆█▇ P52 Z+0.3 2D,NEUTRAL,C,WAIT,"2D high delivery, RS leader",Consumer Durables,29.9
ARROWGREEN,573.05,584.0,587.95,565.1,True,True,True,True,False,False,0.22762832254471824,2.1538657299999997,0.2235035663049628,False,0.27892936623983877,False,51.27,True,1.1591417783907214,36.0,-0.09,0,False,▇▆▇█▆█▇▇██▃▅▆▇▆▅▅▁▃▇,False,False,False,3,0.054078911064103785,0.4797934151065202,0.04390846584336905,0.4182911879789235,FLAT,True,95,45.0,IGNORE,NONE,,NEUTRAL,C,WAIT,"CMF positive, RS leader",Process Industries,34.6
WESTLIFE,587.75,583.1,592.95,578.0,False,True,True,True,False,False,0.10947481212825039,2.1497544,0.1230354938791659,False,0.1250468144240864,False,51.13,True,1.1783821156948606,67.0,0.27,0,False,▁▆▄▄▄▄▁▄▄▅▂▄▃▄▃▂█▂▇▄,False,False,False,10,0.14671739342503187,0.34388933348576645,0.13654694820429714,0.28238710635816977,FLAT,True,90,45.0,IGNORE,NONE,,NEUTRAL,C,WAIT,"CMF positive, RS leader",Consumer Services,31.6
SAPPHIRE,231.99,234.5,234.9,229.05,True,True,True,True,False,False,0.22869565246438073,20.647852368000002,0.2504641864560512,False,0.3579035869004234,False,44.87,True,1.1364672508991438,33.0,-0.31,0,False,▆█▁▂▄▃▄▃▄▄▇█▂▂▁▃▂▃▃▄,False,False,False,9,0.27062109760105146,0.30882933709449945,0.2604506523803167,0.24732710996690277,UP,True,89,45.0,IGNORE,NONE,,NEUTRAL,C,WAIT,CMF positive,Consumer Services,31.6
ETERNAL,318.2,318.0,321.2,315.55,False,True,True,True,False,True,0.5373376998800551,561.7883049,0.5642306550761816,False,0.11568291862776302,False,56.87,True,1.2079952419389097,64.0,0.44,0,False,▃▁▄▃▆▆▅▆▃▇▅▄▄▅▄▆▇▆██,False,False,False,15,0.1102581995812979,0.2815142972211033,0.10008775436056316,0.22001207009350665,FLAT,True,87,45.0,IGNORE,NONE,,NEUTRAL,C,WAIT,CMF positive,Technology Services,32.9
DIVISLAB,8475.0,8499.5,8574.5,8465.5,True,True,True,True,False,True,0.6011217505437716,283.266705,0.6337131467200401,False,0.40748682711505396,False,56.08,False,0.9819388389378672,50.0,-0.03,0,True,▆▆▆▅▅▆▅▆▁▆▆▇▆█▆▇▆▇█▆,False,False,False,14,0.16936874784408418,0.2847722276965057,0.15919830262334944,0.223270000568909,FLAT,True,87,45.0,IGNORE,NONE,,NEUTRAL,C,WAIT,CMF positive,Health Technology,28.9
CARTRADE,2802.6,2787.0,2855.0,2780.1,False,True,True,True,False,True,0.4177147872696384,72.42422868,0.40805168220202104,False,0.135961569119678,False,48.22,True,1.344205171092062,76.0,0.65,0,True,▃▆▄▁▁▁▃▅▅▄▅▆▅█▆▆▆▆▇▇,False,False,False,2,0.028099779897285293,0.2811300054854635,0.017929334676550557,0.21962777835786684,FLAT,True,87,45.0,IGNORE,NONE,,NEUTRAL,C,WAIT,CMF positive,Technology Services,32.9
SHADOWFAX,257.26,259.3,262.7,252.48,True,True,True,True,False,True,0.2993384261985556,135.512270972,0.33773213420272313,False,0.3146208962433301,False,58.77,True,1.2077930084876385,88.0,1.08,0,False,▅▇▇▇█▇▇▁▃▅▅▆▅▅▆▆▆▇▆▇,False,False,False,10,0.16702957720921785,0.2666666666666666,0.1568591319884831,0.20516443953906993,FLAT,True,85,45.0,IGNORE,SEED,,NEUTRAL,C,WAIT,CMF positive,Technology Services,32.9
ROLEXRINGS,177.06,180.19,182.5,175.68,True,True,True,True,False,True,0.276340838989471,35.953856718,0.29743404264518514,False,0.25621308838758444,False,52.06,True,1.313386144608709,68.0,0.51,0,False,▆▇▅██▇▇▆██▁▃▅▇▁▂▃▆▆▇,False,False,False,6,0.17367095320164383,0.2513074204946997,0.1635005079809091,0.189805193367103,FLAT,True,84,45.0,IGNORE,NONE,,NEUTRAL,C,WAIT,CMF positive,Producer Manufacturing,34.1
PPLPHARMA,210.53,200.1,211.6,200.1,False,True,True,True,False,True,0.6593783019387601,112.24329053900001,0.703154431985115,False,0.07815643230711894,False,32.92,False,0.8663385878575752,25.0,-0.57,0,True,▆▃▆▆▆▇▃▄▅▅█▆▇▅▆▅▅▁▅▄,False,False,False,13,0.13916995833558787,0.24669864392728136,0.12899951311485314,0.18519641679968468,FLAT,True,83,45.0,IGNORE,NONE,,NEUTRAL,C,WAIT,CMF positive,Health Technology,28.9
MUNJALAU,118.39,121.9,123.9,116.65,True,True,True,True,False,True,0.7309527160588204,34.520996769,0.7286533872888442,False,0.3285328820746119,False,18.58,False,0.5362735052602716,4.0,-2.11,0,True,▅▅▆▃▆▆▆▆▇▆▇██▆▆▇▁▁▂▃,False,False,False,3,0.1468565339533081,0.22064130322713682,0.13668608873257337,0.15913907609954014,FLAT,True,81,45.0,IGNORE,NONE,,NEUTRAL,C,WAIT,CMF positive,Producer Manufacturing,34.1
ARTEMISMED,312.15,314.4,315.4,309.4,True,True,True,True,False,True,0.4685115932438677,7.003647119999999,0.47709256833169505,False,0.06718327863455824,False,54.25,True,1.033569577808261,46.0,-0.04,0,False,▆█▆▆█▁▃▇▆▅▃▅▅▁▄▅▂▅▇▅,False,False,False,7,0.12669193286410385,0.20918070889018026,0.11652148764336911,0.14767848176258358,FLAT,True,80,45.0,IGNORE,NONE,,NEUTRAL,C,WAIT,CMF positive,Health Services,40.2
AVTNPL,87.45,87.0,92.45,87.0,True,True,True,True,False,True,4.447449475102171,11.589389955,4.670198924357534,False,0.36034496292955004,False,48.07,False,0.7347625052543085,14.0,-0.93,0,False,▅▆▃▅▅▅▆▃▄▅█▅▅▆▆▆▄▁▂▃,False,False,True,3,0.2595419847328244,0.20770611793951121,0.24937153951208968,0.14620389081191454,UP,True,79,45.0,IGNORE,NONE,,NEUTRAL,C,WAIT,CMF positive,Consumer Non-Durables,37.4
SYRMA,1500.1,1489.9,1521.0,1488.9,False,True,True,True,False,True,1.4233896522265714,348.54193458,1.5187381946259813,True,-0.18905847709468274,False,29.66,False,0.7734028683181225,19.0,-0.77,0,True,▆▅██▇▆▁▅▇▆▆█▆▆▆▇▆▆▅▄,False,False,False,4,0.0914580908032594,0.19358688733290896,0.08128764558252466,0.1320846602053123,FLAT,True,77,45.0,IGNORE,NONE,,NEUTRAL,C,WAIT,No standout factor,Electronic Technology,39.9
BAJAJFINSV,2006.6,2033.5,2033.6,2006.6,True,True,True,True,False,True,0.6261783789135523,188.33285421999997,0.6297898384166806,False,0.261761618958787,False,52.22,False,0.9036165426544385,34.0,-0.45,0,True,▇▅▇▄▅▆▄▁▅█▇█▆▅▅▅▆█▆▅,False,False,False,11,0.08230852211434736,0.1735875540998948,0.07213807689361262,0.11208532697229812,FLAT,True,74,45.0,IGNORE,NONE,,NEUTRAL,C,WAIT,CMF positive,Finance,29.7
HONASA,474.6,480.0,485.7,470.05,True,True,True,True,False,True,0.9286716057297125,90.64285734,0.9081032378400846,False,0.12190116701246871,False,39.69,False,0.8076923076923076,16.0,-0.75,0,True,▆▄▆█▇▇▇▆▆▆▆▅▄▅▇▇▆▁▄▄,False,False,False,4,0.0520948791842164,0.1633778649344284,0.041924433963481667,0.10187563780683173,FLAT,True,72,45.0,IGNORE,NONE,,NEUTRAL,C,WAIT,CMF positive,Retail Trade,32.3
HIRECT,1261.0,1250.0,1266.0,1245.1,False,False,True,True,False,True,0.24798255786983348,4.2131271,0.24344336108588327,False,-0.2003926789403025,False,58.06,True,1.583440150544086,86.0,1.07,1,True,▁▄▁▂▃▄▂▂▄▂▄▇▅▆▁▂▁▄▃█,True,False,False,7,-0.03637475164297721,0.14824257876525215,-0.046545196863711946,0.08674035163765548,FLAT,True,69,45.0,IGNORE,SEED,DEL58% ▁▄▁▂▃▄▂▂▄▂▄▇▅▆▁▂▁▄▃█ P86 Z+1.1,NEUTRAL,C,WAIT,No standout factor,Producer Manufacturing,34.1
FEDERALBNK,357.8,354.2,358.6,352.5,False,True,True,True,False,True,0.6257579369130768,101.19646666,0.6274177167960074,False,0.1949008331069585,False,58.82,False,0.9705549917910387,68.0,0.47,0,True,▃▄▄▇▆▆▄▅▆▁▆▅▃▅█▇▇▃▄▄,False,False,False,9,0.004915040022468675,0.1355125357029514,-0.005255405198266061,0.07401030857535473,FLAT,True,67,45.0,IGNORE,NONE,,NEUTRAL,C,WAIT,CMF positive,Finance,29.7
ARE&M,935.8,945.7,952.8,929.1,True,True,True,True,False,True,0.29100208476941736,38.88333222,0.2894452713634605,False,0.013663158091861078,True,44.94,True,1.0635427760028398,34.0,-0.31,0,False,▃▅▅▅▃▄▃█▅▃▃▅▄▃▁▁▄▃▄▄,False,False,False,10,0.03403314917127065,0.12516532403510872,0.023862703950535913,0.06366309690751204,FLAT,True,65,45.0,IGNORE,NONE,,NEUTRAL,C,WAIT,CMF positive,Producer Manufacturing,34.1
MRPL,177.44,177.0,189.0,176.2,False,True,True,True,False,True,3.9881844463153615,855.5504708,4.07295454185586,True,-0.1419064066079077,False,15.38,False,0.5980596115334512,12.0,-1.28,0,False,▃▁▃▅▄▃▁▃▆▅▅▅▆█▁▂▄▆▃▂,False,False,False,4,0.006409165674096773,0.10664837220905565,-0.0037612795466379634,0.04514614508145898,FLAT,True,62,45.0,IGNORE,NONE,,NEUTRAL,C,WAIT,No standout factor,Energy Minerals,46.3
EDELWEISS,121.4,122.0,123.68,120.5,True,True,True,True,False,True,0.47058923500737554,18.757307620000002,0.47753516393370543,False,0.027207805318990832,True,49.46,True,1.0063993651504208,70.0,0.54,0,True,▆▇▄▅▅▅▄▄▅▅▃▁▅▄▅▅▄▅█▅,False,False,False,0,0.005716179272637012,0.10705817982856103,-0.004454265948097724,0.04555595270096435,FLAT,True,62,45.0,IGNORE,NONE,,NEUTRAL,C,WAIT,CMF positive,Finance,29.7
GANESHHOU,847.0,837.95,853.5,828.95,False,True,True,True,True,True,0.6665809091521645,3.2259689,0.7117910390395454,False,0.02738339935724422,True,56.78,True,1.1187185372725572,65.0,0.38,0,True,▃▂▃▂▅▂▆▆▁▆▅▅█▆█▅▂▅▄▆,False,False,False,0,0.047101001359871386,0.10028578851649783,0.03693055613913665,0.038783561388901155,FLAT,True,60,45.0,IGNORE,NONE,,NEUTRAL,C,WAIT,CMF positive,Consumer Durables,29.9
MAHASTEEL,1021.4,1002.9,1040.9,1002.9,True,True,True,True,False,True,0.2324515753160124,0.36269914,0.24380660333450233,False,0.43021949857080166,False,59.7,True,1.0421303448456443,47.0,0.11,0,False,█▆▂▄▅▇▄▄▄▅█▄▃▅▄▂▇▅▁▅,False,False,False,5,0.15850961265808428,0.07335014712063881,0.14833916743734954,0.011847919993042133,UP,True,54,45.0,IGNORE,NONE,,NEUTRAL,C,WAIT,CMF positive,Non-Energy Minerals,34.1
RBLBANK,383.0,380.5,384.9,376.4,False,True,True,True,False,True,0.6053640012947837,89.2582649,0.618526290987344,False,0.27365686449822757,True,41.8,False,0.8518703445183773,50.0,-0.02,0,False,▃▅▃▇▃█▆▆▆▁▃▆▄▆▃▆▆▅▅▃,False,False,False,11,0.04302832244008714,0.06094182825484773,0.032857877219352405,-0.0005603988727489462,UP,False,52,45.0,IGNORE,NONE,,NEUTRAL,C,WAIT,CMF positive,Finance,29.7
LTTS,3509.9,3525.2,3562.0,3495.0,True,False,True,False,False,False,0.4531643263611565,16.588840370000003,0.4505738970243441,False,0.0592981605156804,True,49.29,True,1.0915009522122325,62.0,0.27,0,True,▁▂▁▃▄▂▂▄██▄▄▂▂▁▅▃▄▃▄,False,False,False,7,0.0615473022017905,0.026977206893525008,0.05137685698105576,-0.03452502023407167,UP,False,44,45.0,IGNORE,NONE,,NEUTRAL,C,WAIT,CMF positive,Commercial Services,24.6
NATIONALUM,388.0,386.8,390.85,385.8,False,True,True,True,False,True,0.32686118345011156,109.5169964,0.3337421243405653,False,0.1512350854202247,True,42.74,True,1.0176069332507947,62.0,0.24,0,False,▇▁▂▅▅▃█▄▂▂▆▇▄▂▅▁▄▂▃▄,False,False,False,0,0.131525226013415,0.01067986454805947,0.12135478079268025,-0.050822362579537206,UP,False,40,45.0,IGNORE,NONE,,NEUTRAL,C,WAIT,CMF positive,Non-Energy Minerals,34.1
MIDHANI,437.5,429.0,439.0,429.0,False,True,True,True,False,True,0.909415374358968,67.582025,0.9228672477674744,False,0.21474410050572756,True,39.56,False,0.9634328994313408,58.0,0.2,0,True,▇▆▅▆███▆▇█▇▄▆▆▇▄▁▄▄▅,False,False,False,1,0.064217951836536,-0.02853336293993569,0.054047506615801266,-0.09003559006753237,UP,False,28,45.0,IGNORE,NONE,,NEUTRAL,C,WAIT,CMF positive,Non-Energy Minerals,34.1
CPPLUS,3342.0,3260.1,3388.0,3260.0,True,False,False,True,False,True,1.8684037847596446,137.7442062,1.7534778278779235,False,-0.23687342481659088,True,46.24,False,0.856621495197251,52.0,0.01,0,True,▁▂▂▂▃▁▄▂▁▃▃▃▂▃▂▁▂█▂▁,False,False,False,3,-0.04273602199816673,-0.04026190339440583,-0.052906467218901465,-0.1017641305220025,UP,False,25,45.0,IGNORE,NONE,,NEUTRAL,C,WAIT,No standout factor,Consumer Durables,29.9
CGPOWER,890.15,886.55,892.55,878.2,False,True,True,True,False,True,0.39418783372478255,133.378740775,0.4036438255198423,False,0.08864595613169816,True,50.91,True,1.1032853675450762,63.0,0.29,0,False,▂▇▂▇▇█▇▃█▁▄▆▆█▅▆▅▇▅▆,False,False,False,0,-0.016408839779005535,-0.050911611045953764,-0.02657928499974027,-0.11241383817355044,UP,False,22,45.0,IGNORE,NONE,,NEUTRAL,C,WAIT,CMF positive,Producer Manufacturing,34.1
GPIL,255.22,251.01,256.0,248.07,False,True,True,False,True,False,1.4583070190931169,68.8047598,1.5350648589834552,True,0.2421439202597525,True,43.35,False,0.8759964838895457,32.0,-0.29,0,False,█▇▅▅▅▆▅▇▇▅▅▆▆▅▇▆▁▅▅▅,False,False,False,0,0.037268847795163484,-0.0717585015457356,0.027098402574428748,-0.13326072867333227,UP,False,17,45.0,IGNORE,NONE,,NEUTRAL,C,WAIT,CMF positive,Non-Energy Minerals,34.1
HINDALCO,1036.05,1035.8,1036.8,1021.35,True,True,True,True,False,True,0.6279268276733444,339.99130765499996,0.6474078401849831,False,0.1948828050293813,True,61.06,True,1.1227876614719807,83.0,0.86,0,False,▅▄█▅▅▄▄▅▆▃▂▃▂▂▄▁▃▃▁▅,False,False,False,0,0.0973362283535455,-0.07955756929637525,0.08716578313281076,-0.14105979642397193,UP,False,15,45.0,IGNORE,NONE,,NEUTRAL,C,WAIT,CMF positive,Non-Energy Minerals,34.1
TATVA,1669.6,1686.0,1700.8,1639.7,True,False,True,True,False,True,0.42526055372227833,13.861854,0.4151680292842291,False,-0.017732471626070678,True,47.41,True,1.254415324981148,66.0,0.49,0,False,▂▁▃▅▄▃▆▅▅▆▅▇▇▆▇▆█▇▇▇,False,False,False,6,-0.009139465875370956,0.43931034482758613,-0.019309911096105692,0.37780811769998945,FLAT,True,94,44.0,IGNORE,NONE,,NEUTRAL,C,WAIT,RS leader,Process Industries,34.6
AZAD,2858.9,2885.0,2889.0,2787.4,True,True,True,True,False,True,1.0979195124745373,220.97324359,1.2300692094305783,False,0.1671326243202737,True,34.68,False,0.9002530988383411,8.0,-1.29,0,False,▆▂▃▃▃▄▇▅▅▄▇▆▅▃█▅▂▃▁▃,False,False,False,8,0.20192550239636775,0.2820179372197309,0.19175505717563301,0.22051571009213422,FLAT,True,87,44.0,IGNORE,NONE,,NEUTRAL,C,WAIT,CMF positive,Producer Manufacturing,34.1
SUDARSCHEM,1130.6,1092.9,1145.0,1092.9,False,True,True,True,False,False,1.3646266884716813,71.95466274,1.4170375807633755,True,0.22393441486111526,True,39.87,False,0.8046661352008637,17.0,-0.8,0,False,▂▃▃▃▂▃█▄▂▃▃▅▃▃▄▃▁▄▃▂,False,False,False,7,0.0720652380049307,0.2657150853624404,0.06189479278419596,0.2042128582348437,FLAT,True,85,44.0,IGNORE,NONE,,NEUTRAL,C,WAIT,CMF positive,Process Industries,34.6
NAVINFLUOR,8255.0,8155.0,8300.0,8151.0,False,True,True,True,False,True,0.3008823662672174,88.533224,0.2984390145846538,False,0.22614579738867313,True,56.77,True,1.083883039149237,72.0,0.58,0,False,▇█▆▆███▆▆▅▆▁▃▆▅▄▆▆▆▆,False,False,False,2,0.04732301446333409,0.20890385882697515,0.037152569242599354,0.14740163169937848,FLAT,True,79,44.0,IGNORE,NONE,,NEUTRAL,C,WAIT,CMF positive,Process Industries,34.6
STYLAMIND,3736.4,3555.0,3753.0,3545.0,False,True,True,True,True,True,0.5585816444391145,36.373854,0.5910061153376682,False,-0.30457505035649685,True,50.65,True,1.243860510805501,29.0,-0.47,0,False,▁▂▂▃▄▆▅▅▆▅▆▅▆▇█▆▇▇█▇,False,False,False,5,0.06428917309938198,0.2039310455936847,0.054118727878647244,0.14242881846608801,FLAT,True,79,44.0,IGNORE,NONE,,NEUTRAL,C,WAIT,No standout factor,Non-Energy Minerals,34.1
INDOBORAX,433.15,421.9,436.45,417.0,False,True,True,True,False,True,0.16999586361591504,6.34088285,0.17663290099967466,False,0.2884918783713908,True,36.2,True,1.1775421247804307,10.0,-1.22,0,False,▆▅▁▃▄▆▄▆▃▆▆▇█▂▄▆▅▅▆▆,False,False,False,0,0.007091374099046588,0.20620996936786407,-0.0030790711216881483,0.1447077422402674,FLAT,True,79,44.0,IGNORE,NONE,,NEUTRAL,C,WAIT,CMF positive,Process Industries,34.6
KIRLOSIND,3753.3,3842.9,3844.8,3740.0,True,False,True,True,False,True,0.3972059011822282,1.57188204,0.39189661940359377,False,0.019907548955405897,False,71.95,True,1.5711493738331024,97.0,1.75,1,True,▄▇▇▅▄▆▆▄▅▆▆▆▄▅▇▁▃▅▇█,False,False,False,0,-0.025749513303049976,0.19197789634146334,-0.03591995852378471,0.13047566921386666,FLAT,True,77,44.0,IGNORE,SEED,DEL72% ▄▇▇▅▄▆▆▄▅▆▆▆▄▅▇▁▃▅▇█ P97 Z+1.8,NEUTRAL,C,WAIT,"Delivery P97, CMF positive",Non-Energy Minerals,34.1
SAMBHV,124.34,120.0,124.9,119.52,False,True,True,True,False,True,1.0700491327509603,22.143188372,1.0997131084584597,True,-0.1552444720137568,True,54.89,True,1.2039921035314762,83.0,0.88,0,True,▆▂▄▅▃█▄▆▇▁▆▇▆▆▆▇▆▅▄▇,False,False,False,2,0.05185686490144659,0.1690485144791276,0.04168641968071185,0.10754628735153093,FLAT,True,74,44.0,IGNORE,NONE,,NEUTRAL,C,WAIT,No standout factor,Non-Energy Minerals,34.1
KIRLOSENG,2125.7,2101.5,2130.0,2076.5,False,False,False,True,False,False,0.4324013559953386,42.63920373,0.423791257924098,False,0.12364259751416436,True,57.09,True,1.0947477420468275,90.0,1.12,0,True,▂▁▂▃▄▃▃▂▆▃▅▂▂▅▆█▆▅▄▅,False,False,False,0,-0.04321015438628073,0.14822016961054385,-0.053380599607015466,0.08671794248294717,FLAT,True,69,44.0,IGNORE,SEED,,NEUTRAL,C,WAIT,"Delivery P90, CMF positive",Producer Manufacturing,34.1
JINDALSAW,268.65,270.65,270.9,266.0,True,True,True,True,False,True,0.49489306242493064,14.675516685,0.501480371992928,False,0.1109295879788003,True,44.16,False,0.9370424597364568,52.0,0.11,0,True,▄▆▆▄▂▂▃▃▅█▆▄▃▄▃▄▇▄▁▃,False,False,False,1,0.024404194470924567,0.12026187398357013,0.014233749250189831,0.05875964685597346,FLAT,True,64,44.0,IGNORE,NONE,,NEUTRAL,C,WAIT,CMF positive,Non-Energy Minerals,34.1
GNRL,104.8,103.5,105.56,103.5,False,True,True,True,False,True,0.2457975060386144,0.42519455999999994,0.2511200026088442,False,0.09665578275501442,True,46.75,False,0.9384346708954775,29.0,-0.53,0,True,▃█▁▁▄▃▂▃▅▄▅▄▆▁▅▅▅▆▄▄,False,False,False,2,0.08041237113402055,0.11846318036286019,0.07024192591328582,0.05696095323526351,UP,True,64,44.0,IGNORE,NONE,,NEUTRAL,C,WAIT,CMF positive,Energy Minerals,46.3
ABB,7650.0,7710.0,7825.0,7639.0,True,True,True,True,False,True,0.4733860536291518,123.508485,0.4820124442108006,False,-0.04042949282342035,True,36.5,True,1.0162743105344492,23.0,-0.86,0,False,▃▁▇█▆▃▅▃▇▁▄▅▄▅▆▇▄▅▄▅,False,False,False,8,0.01918465227817756,0.06903297931805485,0.009014207057442825,0.007530752190458179,UP,True,53,44.0,IGNORE,NONE,,NEUTRAL,C,WAIT,No standout factor,Producer Manufacturing,34.1
CARERATING,1725.1,1707.0,1735.7,1695.0,False,True,True,True,False,True,0.9124546052219649,8.04465883,0.920036958899616,False,-0.08442400611548165,True,56.91,True,1.0270709258256632,49.0,-0.2,0,False,▃▄▃▆▃█▁▆▃▃▃▆▁▁▄▁▄▂▃▄,False,False,False,4,0.03243760847447463,0.06159999999999988,0.022267163253739897,9.77728724032012e-05,UP,True,52,44.0,IGNORE,NONE,,NEUTRAL,C,WAIT,No standout factor,Commercial Services,24.6
NEPHROPLUS,698.0,694.9,713.65,691.0,False,True,True,True,False,True,1.0218257122695573,12.2249116,1.0361366010713542,True,0.11742114215262439,False,60.44,True,1.1460861650485437,86.0,0.8,0,False,▁▃▂▆▄▇▅▆▇█▅▇▆▄▆▇▅▄▇█,False,False,False,0,0.10268562401263814,0.04954514698143009,0.09251517879190341,-0.011957080146166588,UP,False,49,44.0,IGNORE,SEED,,NEUTRAL,C,WAIT,CMF positive,Health Services,40.2
GANDHITUBE,887.3,877.25,891.0,875.2,False,False,True,True,False,True,0.4448848991883597,0.51383543,0.43567030776358023,False,0.022369714409610362,True,80.82,True,1.1346900381178353,98.0,1.7,0,True,▅▆▅▅▆▇▅▅▅▅▃▆█▆▂▆▁▅▇▇,False,False,False,1,0.0177793071805461,0.04745602644315894,0.007608861959811364,-0.014046200684437737,UP,False,48,44.0,IGNORE,SEED,,NEUTRAL,C,WAIT,"Delivery P98, CMF positive",Non-Energy Minerals,34.1
MPHASIS,2432.0,2504.4,2504.4,2432.0,True,False,True,True,False,False,0.7972112062319753,122.73088,0.810635435942579,False,0.05596374330793986,False,53.74,True,1.2197419340195421,80.0,0.8,0,True,▄▄▁▅▆▆▆▃▄▇▅▄▄▆▇█▇▅▄▇,False,False,False,10,0.021805806478719436,0.0390942106387524,0.0116353612579847,-0.022408016488844273,UP,False,47,44.0,IGNORE,NONE,,NEUTRAL,C,WAIT,CMF positive,Technology Services,32.9
ENGINERSIN,244.78,239.25,249.0,239.25,False,True,True,True,False,True,1.1868921455086916,59.601212942,1.2203024176149053,True,0.02643226275217388,True,30.58,False,0.6956403052809973,12.0,-1.11,0,True,▄▄▅▇▅▆▆█▆▇▄▆▆▇▇▇▅▁█▃,False,False,False,0,0.07303173768192184,0.02260099427664275,0.0628612924611871,-0.038901232850953926,UP,False,43,44.0,IGNORE,NONE,,NEUTRAL,C,WAIT,CMF positive,Industrial Services,37.0
TATAPOWER,383.0,382.5,390.4,379.6,False,True,False,False,False,False,2.5110225595497897,311.0266017,2.539529595856385,True,0.12861330399965465,False,50.77,True,1.104463974939088,71.0,0.53,0,False,▃▃▂▄▁▃▃█▆▅▅▆▇▇▆▆█▄▆▆,False,False,False,0,0.015241882041086896,-0.06767283349561837,0.00507143682035216,-0.12917506062321504,UP,False,18,44.0,IGNORE,NONE,,NEUTRAL,C,WAIT,CMF positive,Utilities,32.3
TRITURBINE,581.9,597.65,601.9,579.0,True,False,False,False,False,False,1.7875445880010274,76.99433126,1.6967435614023572,False,-0.01865171906392249,False,72.61,True,1.586479636427198,94.0,1.69,1,True,▄▂▁█▄▇▂▄▃▁▂▂▂▃▂▂▂▄▂▇,False,False,False,0,-0.05925147522431484,-0.1356209150326798,-0.06942192044504958,-0.1971231421602765,UP,False,6,44.0,IGNORE,DISTRIBUTION,DEL73% ▄▂▁█▄▇▂▄▃▁▂▂▂▃▂▂▂▄▂▇ P94 Z+1.7,NEUTRAL,C,WAIT,Delivery P94,Producer Manufacturing,34.1
GENESYS,182.3,173.65,185.65,168.5,False,False,False,False,False,False,2.1291247762212193,20.801815480000002,1.5229858489458503,True,0.0007918774514268262,True,36.81,False,0.8208913617965501,27.0,-0.48,0,True,▄▃▁▄█▆▅▄▅▁▆▃▄▆█▆▃▄▄▃,False,True,False,0,-0.4366501854140915,-0.3560579300600495,-0.44682063063482624,-0.41756015718764616,FLAT,False,1,44.0,IGNORE,NONE,,NEUTRAL,C,WAIT,CMF positive,Technology Services,32.9
BLUESTONE,820.4,839.0,852.4,816.0,True,True,True,True,False,True,0.14229280254702845,134.98443196,0.14726137543359025,False,-0.07279814179373385,False,16.25,True,1.4283830703643476,13.0,-1.35,0,False,▃▁▂▂▇▂▃▆▃▃▃▄▃▅▆▇▇█▇█,False,False,False,7,0.12591779317916685,0.5534936565044497,0.11574734795843211,0.49199142937685303,FLAT,True,96,43.0,IGNORE,NONE,,NEUTRAL,C,WAIT,RS leader,Retail Trade,32.3
AETHER,1633.6,1606.0,1692.0,1604.3,False,True,True,True,False,True,0.8007733779319801,50.37189264,0.8496719628202216,False,-0.06912392159341771,False,29.89,False,0.6894642754166427,6.0,-1.47,0,True,▅▆▆▆▆█▆▁▆▅▆▅▅▅▄▆▇▅▅▃,False,False,False,13,0.1268538318272745,0.43929515418502185,0.11668338660653976,0.3777929270574252,FLAT,True,94,43.0,IGNORE,NONE,,NEUTRAL,C,WAIT,RS leader,Process Industries,34.6
SHILPAMED,809.8,808.0,823.0,807.8,False,True,True,True,False,True,0.19463386267502364,49.10036046,0.2128267101393232,False,-0.006475940201884685,False,54.43,True,1.3841771990946774,69.0,0.48,0,False,▆▇▅▆▇▇██▇▆▁▁▁▃▅▆▅▇▆█,False,False,False,8,0.26531249999999984,0.4228235087411052,0.2551420547792651,0.3613212816135085,FLAT,True,94,43.0,IGNORE,NONE,,NEUTRAL,C,WAIT,RS leader,Health Technology,28.9
AEGISVOPAK,274.8,267.1,280.0,267.1,False,False,True,True,False,True,0.5706461739291391,24.24651084,0.5383546151650509,False,0.07255184803094965,False,31.78,False,0.8623215933141586,15.0,-0.97,0,True,▂▃▃▅▂▄▅▆▅▆▆▁▄█▄▇▅▆▅▃,False,False,False,2,-0.04732189287571498,0.43371419627484764,-0.05749233809644971,0.37221196914725097,FLAT,True,94,43.0,IGNORE,NONE,,NEUTRAL,C,WAIT,"CMF positive, RS leader",Transportation,27.3
NEULANDLAB,23370.0,23670.0,23881.0,23264.0,True,True,True,True,False,True,0.511005229860974,129.380994,0.5511834996253322,False,-0.022666852695675123,False,43.04,True,1.0367836581311878,79.0,0.74,0,False,▅▄▃▅█▇▇▇▅▆▆▁▂▄▄▇▆▅▆▆,False,False,False,10,0.23683514157184438,0.35966953688619974,0.22666469635110964,0.29816730975860306,FLAT,True,91,43.0,IGNORE,NONE,,NEUTRAL,C,WAIT,RS leader,Health Technology,28.9
MARKSANS,326.5,331.8,336.35,325.2,True,True,True,True,False,True,0.5838264106220795,107.9863488,0.6203540389652361,False,0.27228937268935893,False,27.38,False,0.6919470804533795,6.0,-1.65,0,False,▅▅▅▆▇▆█▇█▆▆▇▇▇▇▁▂▂▂▄,False,False,False,5,0.2543219362274298,0.2917903066271019,0.2441514910066951,0.23028807949950525,UP,True,88,43.0,IGNORE,NONE,,NEUTRAL,C,WAIT,CMF positive,Health Technology,28.9
GCSL,512.3,490.35,531.0,481.25,False,True,True,True,False,True,1.397289394324081,42.20665518,1.3939932796394199,True,0.008253366482145067,True,31.27,False,0.9169281294900743,32.0,-0.55,0,False,▄▁▅▆▂▆▇▄▄▆█▇▄▆▆▄▄▄▅▄,False,False,False,6,-0.002919423900350382,0.2726369395106196,-0.013089869121085118,0.21113471238302295,FLAT,True,86,43.0,IGNORE,NONE,,NEUTRAL,C,WAIT,CMF positive,Finance,29.7
LUMAXTECH,2014.7,2050.4,2055.0,2000.0,True,True,True,True,False,True,0.20938542878663707,20.357939090000002,0.21551561888141368,False,0.5572163312089811,False,54.5,True,1.2507602097605195,89.0,1.35,0,False,▆▆▅▆▇▇▇█▆▆▇▇▇▇▁▂▆▅▆█,False,False,False,2,0.37747846301107635,0.22593403918705124,0.3673080177903416,0.16443181205945456,UP,True,82,43.0,IGNORE,SEED,,NEUTRAL,C,WAIT,CMF positive,Producer Manufacturing,34.1
CORONA,2112.2,2129.0,2150.0,2105.7,True,True,True,True,False,True,0.359590884622286,3.4921002599999995,0.3604773217059689,False,-0.395715969727052,False,63.17,True,1.2544806426308943,93.0,1.33,0,True,▆▇▂▅▇▆▂▆▁▂▃▅▅▇█▄▄▅▆█,False,False,False,9,0.01450528338136392,0.21348960128691252,0.004334838160629184,0.15198737415931585,FLAT,True,80,43.0,IGNORE,SEED,,NEUTRAL,C,WAIT,Delivery P93,Health Technology,28.9
NEOGEN,2328.5,2251.1,2483.9,2241.0,False,True,True,True,True,True,8.3014910759254,329.49462535,9.218976230310979,True,-0.18830895138160494,False,26.14,False,0.6427737136534087,7.0,-1.41,0,False,▄▃▆▂▃▃▄▅▅▆█▅▆▄▃▆▅▇▆▁,False,False,False,1,0.08036004268547292,0.20100061893955035,0.07018959746473818,0.13949839181195367,FLAT,True,78,43.0,IGNORE,NONE,,NEUTRAL,C,WAIT,No standout factor,Process Industries,34.6
APCOTEXIND,632.55,605.45,634.5,605.45,False,True,True,True,False,True,0.6184069159735893,25.566405899999996,0.6064236235011421,False,0.027716489522303094,True,41.14,False,0.9483742320681428,13.0,-1.08,0,False,▇▇▇▇▇▁▃▅▅▅▇▇▇▇▇█▇██▆,False,False,False,6,0.1329930145083289,0.17356215213358062,0.12282256928759416,0.11205992500598394,UP,True,74,43.0,IGNORE,NONE,,NEUTRAL,C,WAIT,CMF positive,Process Industries,34.6
ARVSMART,665.55,667.95,676.95,651.1,True,True,True,True,False,True,0.18401882860074448,5.6369422799999995,0.1883176390591828,False,0.04101558087085001,True,42.14,False,0.8173636434168672,16.0,-0.7,0,False,█▆▄▇▇▇▇▇▇▇█▇▁▂▅▄▅▅▆▅,False,False,False,7,0.129103401475952,0.1487874341934925,0.11893295625521727,0.08728520706589582,UP,True,69,43.0,IGNORE,NONE,,NEUTRAL,C,WAIT,CMF positive,Finance,29.7
JSL,732.4,744.0,756.0,728.2,True,True,True,False,False,False,1.6818328194635326,48.21477088,1.6767717228893406,False,0.032473507221544955,True,50.58,False,0.9042638777152051,44.0,-0.18,0,False,▃▄▁▄▆▄▇▂▁▄▅▆▅▄▄▄▅█▇▃,False,False,False,5,-0.008998038021784671,0.10044324243107217,-0.019168483242519407,0.03894101530347549,FLAT,True,61,43.0,IGNORE,NONE,,NEUTRAL,C,WAIT,CMF positive,Non-Energy Minerals,34.1
RAINBOW,1458.7,1475.0,1477.1,1453.0,True,False,False,True,False,True,0.5039727101094669,7.630022090000001,0.4831451075899606,False,0.260575160926799,False,61.75,True,1.1066407405084275,55.0,0.17,0,True,▃▃▁▅▆█▃▁▅▆▆▃▃█▆▅▄▇▄▆,False,False,False,8,-0.016849767473208876,0.09949498756312658,-0.027020212693943613,0.037992760435529904,FLAT,True,60,43.0,IGNORE,NONE,,NEUTRAL,C,WAIT,CMF positive,Health Services,40.2
ESCORTS,3062.1,3149.3,3149.3,3052.0,True,True,True,False,False,False,0.4055449927192189,15.845142659999999,0.4042215693652614,False,0.30908516108709116,False,56.84,True,1.0717753872552254,81.0,0.73,0,True,▅▅▆▅█▇▆▄▁▄▅▅▅▅▃▆▆▅▆▆,False,False,False,9,0.035823016034097765,0.0975662210115058,0.02565257081336303,0.03606399388390913,FLAT,True,59,43.0,IGNORE,NONE,,NEUTRAL,C,WAIT,CMF positive,Producer Manufacturing,34.1
INDIANB,893.0,890.0,902.8,885.3,True,True,True,True,False,True,0.3914861245588527,63.9609464,0.40772224744287033,False,0.13631445789143334,False,44.53,False,0.9793054914121089,46.0,-0.15,0,False,▅▆▃▅▇▄▅█▃▄▄▄▄▆▅▂▃▂▁▄,False,False,False,6,0.07280153772224884,0.08929007074896322,0.06263109250151411,0.027787843621366548,UP,True,58,43.0,IGNORE,NONE,,NEUTRAL,C,WAIT,CMF positive,Finance,29.7
LGEINDIA,1648.0,1651.0,1675.0,1640.1,True,True,True,True,False,True,0.9677021512392207,133.1228032,0.9551996990873586,False,0.39246257580514876,False,57.76,True,1.0199180675236617,52.0,0.1,0,False,▃▃▄▃▅▅▅▅▄▂▄▄▄▄▄▆█▁▄▄,False,False,False,1,0.05404541093700033,0.08428186064872678,0.04387496571626559,0.022779633521130105,UP,True,57,43.0,IGNORE,NONE,,NEUTRAL,C,WAIT,CMF positive,Consumer Durables,29.9
COHANCE,455.2,444.95,466.9,444.75,False,True,True,False,False,False,1.597657916083627,68.63018536,1.6456236951493102,True,-0.08884766308572035,True,28.62,False,0.5734206888261105,12.0,-1.08,0,True,▆▆▄▄▅▅▅▇▅▅▅▁█▅▂▅▄▅▂▂,False,False,False,1,0.021429372826208937,0.053947673072470614,0.0112589276054742,-0.0075545540551260615,UP,False,50,43.0,IGNORE,NONE,,NEUTRAL,C,WAIT,No standout factor,Health Technology,28.9
MONTECARLO,544.05,524.3,547.0,521.0,False,True,True,False,False,False,1.578700979080841,6.421422149999999,1.6813045079118214,True,-0.28711161404583146,True,60.56,False,0.9842833227688658,74.0,0.61,0,True,▆▅▅▆▅█▆▇▅▆▁▅▇▅▅█▆▆▅▅,False,False,False,0,0.010775661867161945,0.010400222861918218,0.0006052166464272091,-0.05110200426567846,UP,False,40,43.0,IGNORE,NONE,,NEUTRAL,C,WAIT,No standout factor,Consumer Non-Durables,37.4
KERNEX,1901.8,1820.0,1920.0,1756.1,False,False,False,True,False,False,3.308038138584706,271.03426628,2.927108998028845,True,-0.23550869204430858,True,23.04,False,0.49003030786409313,1.0,-2.12,0,True,▆▆▆▇▅▄▅▆█▇▅▄▅▇██▁▄▄▁,False,True,False,2,-0.1077226236276626,0.006296629451293612,-0.11789306884839734,-0.055205597676303064,FLAT,False,39,43.0,IGNORE,NONE,,NEUTRAL,C,WAIT,No standout factor,Electronic Technology,39.9
INFY,1169.2,1170.4,1174.1,1158.9,True,True,True,False,False,False,0.41718161876243004,660.177088,0.43461946440003174,False,0.17242287772744988,True,60.12,True,1.1050251810462082,76.0,0.66,0,True,▆▃▅▃▇▇▅▁▁▄▃▂▅▃▆█▄█▁█,False,False,False,0,0.06630186958504347,-0.005697763415256407,0.056131424364308735,-0.06719999054285308,UP,False,35,43.0,IGNORE,NONE,,NEUTRAL,C,WAIT,CMF positive,Technology Services,32.9
EFCIL,184.64,174.0,187.75,171.42,False,False,False,False,False,False,1.710154658385714,9.480950111999999,1.679739919007226,True,-0.0640816101973512,True,40.33,False,0.6613264243606877,5.0,-1.52,0,True,▆▇▅▄▇▄▂▄▄█▃▄▄▄▅▂▅▄▅▁,False,True,False,0,-0.012409071459135723,-0.00731182795698937,-0.02257951667987046,-0.06881405508458605,UP,False,34,43.0,IGNORE,NONE,,NEUTRAL,C,WAIT,No standout factor,Distribution Services,34.9
DCXINDIA,179.12,175.87,183.15,175.11,False,False,False,False,False,False,2.4235315100949655,21.41818444,2.430494107298099,True,-0.15187289123500514,True,23.7,False,0.5142559562556959,9.0,-1.24,0,True,▆▄▄▅▇▇▆▄█▆▆▄▆▆▇▅▅▄▆▁,False,True,False,0,-0.03543349488422176,-0.057114281202295114,-0.0456039401049565,-0.11861650832989179,UP,False,21,43.0,IGNORE,NONE,,NEUTRAL,C,WAIT,No standout factor,Producer Manufacturing,34.1
MIDWESTLTD,1159.4,1127.0,1174.9,1075.3,False,False,False,False,False,False,5.224002879522822,8.83416424,5.203267475074363,True,-0.19466071346075464,True,32.05,False,0.5693425470307143,30.0,-0.6,0,True,▆▃▄▄▅▅▆▅▆▇▅▄▅▅█▁▄▂▃▁,False,True,False,0,-0.08923802042419471,-0.06439638476436405,-0.09940846564492944,-0.12589861189196072,UP,False,19,43.0,IGNORE,NONE,,NEUTRAL,C,WAIT,No standout factor,Non-Energy Minerals,34.1
INDUSTOWER,383.4,370.0,385.2,369.75,False,False,False,False,False,False,2.261691892526106,386.15737445999997,2.209403328047304,True,-0.15594743192417862,True,58.69,True,1.089606134023968,60.0,0.28,0,False,▁▇▆▄▆▅▅▁▂▇▅█▇▆▇▄▆▅▄▆,False,True,False,0,-0.0627062706270628,-0.1326772989480829,-0.07287671584779754,-0.19417952607567956,UP,False,6,43.0,IGNORE,NONE,,NEUTRAL,C,WAIT,No standout factor,Finance,29.7
ISGEC,782.2,746.05,794.7,740.5,False,False,False,False,False,False,1.912144629301678,10.51065606,1.9233172806611698,True,-0.21193246660567444,True,38.95,False,0.662510737096349,10.0,-1.21,0,True,▄▅▃▄▅▃▆▂▇▆▆▇▇▆▃▅▆▆█▁,False,True,False,0,-0.11108585715097452,-0.13113024159955566,-0.12125630237170926,-0.19263246872715234,UP,False,6,43.0,IGNORE,NONE,,NEUTRAL,C,WAIT,No standout factor,Industrial Services,37.0
ZAGGLE,165.88,160.61,169.9,154.36,False,False,False,False,False,False,17.314717047227546,329.272579636,15.855809803634564,True,-0.1524653927611784,True,25.28,False,0.49823116112693266,3.0,-2.13,0,True,▇▆▆▆▃▅▇▅▆▇▅▇▅▅▆▇██▄▁,False,True,False,0,-0.19522608189404234,-0.16107823800131493,-0.20539652711477707,-0.2225804651289116,UP,False,4,43.0,IGNORE,NONE,,NEUTRAL,C,WAIT,No standout factor,Technology Services,32.9
WEBELSOLAR,86.93,81.14,86.94,81.14,False,False,False,False,False,False,2.200821484651229,36.885242221000006,2.076943390354857,True,-0.13303453593266856,True,50.69,False,0.8975335092161411,72.0,0.74,0,True,▁▂▂▅▆██▄▄▆█▄▃▆▃▄▁▇▂▂,False,True,False,0,-0.13751364222641138,-0.18083301922352046,-0.14768408744714612,-0.24233524635111714,UP,False,2,43.0,IGNORE,NONE,,NEUTRAL,C,WAIT,No standout factor,Electronic Technology,39.9
KPIGREEN,308.9,302.5,316.3,302.45,False,False,False,False,False,False,1.7027993689897716,68.96170876999999,1.5033052819391033,True,-0.3440538085074052,True,32.47,False,0.6496273695793527,22.0,-0.65,0,True,█▆▃▆█▇██▇▆▇██▇▁▅▇▇▇▃,False,True,False,0,-0.24000492065444712,-0.21608932876538522,-0.25017536587518185,-0.2775915558929819,UP,False,1,43.0,IGNORE,NONE,,NEUTRAL,C,WAIT,No standout factor,Utilities,32.3
E2E,602.8,572.0,604.2,551.35,False,True,False,False,False,False,1.476683766252969,203.63036099999997,1.7777679230008192,True,0.23633150084733284,True,35.63,False,0.6499927028604788,13.0,-0.91,0,True,▂▂▂▂▃▂██▁▆▂▁▁█▄▂▁▁▃▁,False,False,False,0,0.5578240082698023,-0.8536360325361175,0.5476535630490675,-0.9151382596637142,UP,False,0,43.0,IGNORE,NONE,,NEUTRAL,C,WAIT,CMF positive,Technology Services,32.9
PANAMAPET,502.65,491.7,512.2,489.0,False,True,True,True,False,True,0.6749869899454394,42.74585865,0.6978806394725549,False,-0.358406650331597,True,33.49,False,0.8782649742998008,12.0,-1.19,0,False,▆▃▂▇▅▆█▆▇▇█▆▄▆▆▁▁▃▄▄,False,False,False,6,0.09426363339501465,0.42859172943015467,0.08409318817427991,0.367089502302558,FLAT,True,94,42.0,IGNORE,NONE,,NEUTRAL,C,WAIT,RS leader,Process Industries,34.6
TAALTECH,4230.0,4240.1,4270.0,4169.4,True,True,True,True,False,True,0.3028281401250556,0.979245,0.29828508928341146,False,0.023233539553556937,False,74.41,True,1.1905599999999998,60.0,0.32,0,True,▄▄▄▄▆▄▄▄▅▄█▁▁▆▆▆▆▇▅▆,False,False,False,3,0.08740359897172234,0.2798789712556733,0.0772331537509876,0.21837674412807662,FLAT,True,86,42.0,IGNORE,NONE,,NEUTRAL,C,WAIT,CMF positive,Transportation,27.3
MANINDS,645.15,630.95,649.95,624.85,False,True,True,True,True,True,0.8991710860320679,49.587970905,0.9863560309738186,False,-0.09790188841620309,True,38.36,False,0.8319687686385078,31.0,-0.37,0,False,█▅▅▆▅▅▅▆▆▆▆▇█▇▇▁▄▃▆▅,False,False,False,4,0.22372913505311054,0.24282411866692333,0.2135586898323758,0.18132189153932665,UP,True,83,42.0,IGNORE,NONE,,NEUTRAL,C,WAIT,No standout factor,Producer Manufacturing,34.1
BIRLANU,1588.8,1550.0,1600.0,1540.0,False,True,True,True,False,False,0.25719384511691673,1.8673166399999999,0.2646502632994237,False,0.23888859238853863,True,51.99,True,1.0275820494322507,26.0,-0.51,0,False,▇▇▇▇█▆▅▆█▇▆▁▅▅▂▄▆▇▆▆,False,False,False,4,0.179772777901537,0.24690001569612297,0.16960233268080227,0.1853977885685263,FLAT,True,83,42.0,IGNORE,NONE,,NEUTRAL,C,WAIT,CMF positive,Non-Energy Minerals,34.1
NYKAA,320.6,325.4,328.45,320.6,True,False,True,True,False,True,0.255071307824604,53.884235860000004,0.24637953650444613,False,0.049105918563901264,False,68.15,True,1.1772021799400605,95.0,1.67,0,False,▅▇▄▅▆▆█▆▅▅▁▆▅▇▇▇█▅▆█,False,False,False,8,-0.022411953041622135,0.20052424639580613,-0.03258239826235687,0.13902201926820945,FLAT,True,78,42.0,IGNORE,SEED,,NEUTRAL,C,WAIT,"Delivery P95, CMF positive",Retail Trade,32.3
HAPPSTMNDS,419.95,425.0,427.4,416.3,True,True,True,True,False,False,0.7197524729684034,49.50320206,0.7547066401308636,False,0.0321912415357139,False,45.61,True,1.261617614516486,73.0,0.59,0,True,▅▃▃▃▁▄▄▅▅▆▂▃▄▆█▇▄▁▃▆,False,False,False,5,0.11599787403667272,0.19033446712018143,0.10582742881593799,0.12883223999258475,FLAT,True,77,42.0,IGNORE,NONE,,NEUTRAL,C,WAIT,CMF positive,Technology Services,32.9
TALBROAUTO,426.95,423.5,430.6,420.5,False,True,True,True,False,True,0.3612424457062042,3.2912721599999997,0.36798315843126317,False,-0.11315154608588376,True,51.24,True,1.0876325313352366,62.0,0.29,0,True,▅▆▅▆▇▅▆▆█▅▅▅▆▁▅▂▅▅▆▆,False,False,False,3,0.035406814599248104,0.1858075267323982,0.025236369378513368,0.12430529960480152,FLAT,True,76,42.0,IGNORE,NONE,,NEUTRAL,C,WAIT,No standout factor,Producer Manufacturing,34.1
PWL,123.0,119.65,125.0,115.65,False,False,False,False,False,False,5.161637692531894,639.6706389,5.208639430316486,True,-0.18031484245160495,True,12.92,False,0.4533015227001614,13.0,-1.26,0,True,▄▅▅█▂▄▄▅▅▆▇▆▃▆█▇▆▆▁▂,False,True,False,0,-0.08202104634674234,0.1655453425566189,-0.09219149156747708,0.10404311542902223,FLAT,True,73,42.0,IGNORE,NONE,,NEUTRAL,C,WAIT,No standout factor,Commercial Services,24.6
ITDC,692.95,698.3,703.55,688.0,True,False,True,True,False,True,0.18701066184569873,5.92943456,0.1783556822620709,False,-0.21866214040541276,True,34.33,True,1.6202185147603654,47.0,0.03,1,True,▂▂▃▅▄▄▆▆▄▇▇▅▆█▇▁▅▅▅█,False,False,False,0,-0.08509374174808548,0.16677891900993447,-0.09526418696882022,0.10527669188233779,FLAT,True,73,42.0,IGNORE,NONE,DEL34% ▂▂▃▅▄▄▆▆▄▇▇▅▆█▇▁▅▅▅█ P47 Z+0.0,NEUTRAL,C,WAIT,No standout factor,Consumer Services,31.6
SUPRAJIT,527.8,517.1,530.85,516.2,False,True,True,True,False,True,0.41080107883949,3.6923304599999995,0.4187548846767985,False,-0.24858231569070818,True,61.66,True,1.1726669329225385,87.0,0.93,0,True,▆▄▁▆▇▇▅▆▅▆▇▃▃▂▇██▇▇▇,False,False,False,12,0.07956637349151152,0.1327395643309368,0.06939592827077679,0.07123733720334013,FLAT,True,67,42.0,IGNORE,SEED,,NEUTRAL,C,WAIT,No standout factor,Producer Manufacturing,34.1
IRMENERGY,290.25,288.0,293.7,288.0,True,True,True,True,False,False,0.2591143435575245,1.351839375,0.2607234716874997,False,-0.16340415041942843,True,50.2,True,1.0745553010681337,77.0,0.76,0,True,▇▂▅▃▆▄▃█▇▆█▆▁▅▄▆▅▂▅▅,False,False,False,4,0.11313518696069025,0.13003698656803575,0.10296474173995551,0.06853475944043907,UP,True,66,42.0,IGNORE,NONE,,NEUTRAL,C,WAIT,No standout factor,Energy Minerals,46.3
PRECWIRE,458.2,454.2,462.45,450.65,False,True,True,True,False,True,0.4996326384076545,17.54869344,0.5235284348564845,False,0.3491578160536817,True,34.75,False,0.8877478029838545,39.0,-0.23,0,False,▃▄▆▆▇█▆▅▆▆▄▄▅▆▅▄▁▃▄▄,False,False,False,1,0.27561247216035634,0.11524887428501884,0.2654420269396216,0.05374664715742217,UP,True,64,42.0,IGNORE,NONE,,NEUTRAL,C,WAIT,CMF positive,Producer Manufacturing,34.1
PRIVISCL,3454.6,3444.0,3484.2,3409.0,False,False,False,True,False,True,1.0363339044397748,30.727285159999997,0.996002781324872,True,-0.20928848560242666,True,72.66,True,1.2077290671099106,98.0,2.13,0,True,▃▄▅▆█▆▁▅▆▆▇▅▅▇▇▇▇█▇█,False,False,False,1,-0.05981929022425436,0.08813153584477762,-0.0699897354449891,0.026629308717180944,FLAT,True,58,42.0,IGNORE,SEED,,NEUTRAL,C,WAIT,Delivery P98,Process Industries,34.6
PTCIL,19791.0,20451.0,20453.0,19549.0,True,True,True,True,False,True,2.168282189074716,128.1645369,2.2029027592891537,False,0.30670171928974693,False,27.91,False,0.6431987094543988,7.0,-1.41,0,False,▅▃▄▄▇▄▇██▆▆▄▃▅▇▄▇▇▁▃,False,False,True,3,0.1085531843387666,0.05879520650545689,0.09838273911803186,-0.0027070206221397886,UP,False,51,42.0,IGNORE,NONE,,NEUTRAL,C,WAIT,CMF positive,Producer Manufacturing,34.1
GIPCL,171.63,174.35,176.52,171.15,True,True,True,True,False,True,0.6381752999927308,7.541370711,0.6426034905948295,False,-0.2760867925218917,False,59.32,True,1.0441364136413642,73.0,0.59,0,True,▇▆▅▆▆▅▅▆▇▆▆▇█▆▇▁▆▇█▇,False,False,False,4,0.05833384719738555,0.032174645176810124,0.04816340197665081,-0.029327581950786552,UP,False,45,42.0,IGNORE,NONE,,NEUTRAL,C,WAIT,No standout factor,Utilities,32.3
GROWW,193.68,198.11,198.25,190.86,True,False,False,True,False,True,2.8114602816085594,1103.135758056,2.7795307024278535,False,-0.2319253127737041,False,50.35,True,1.040579500480506,91.0,1.37,0,True,▄▅▄▄▇▆▆▁▅▅▃▆▂▂█▄▅▇█▅,False,False,False,0,-0.06144601666989724,0.020120088486252907,-0.07161646189063198,-0.04138213864134377,FLAT,False,42,42.0,IGNORE,DISTRIBUTION,,NEUTRAL,C,WAIT,Delivery P91,Miscellaneous,11.1
DCAL,169.14,175.25,180.63,168.01,True,False,False,False,False,False,1.6721824112932027,9.321373055999999,1.5294100544501548,False,0.12650747342988558,False,54.65,True,1.0331105796950764,62.0,0.35,0,True,▅▄▄▄▄▅▆▄▅▅▅▇▆▅▆▇▁█▃▅,False,False,False,1,-0.11067879488932131,-0.09993614303959131,-0.12084924011005604,-0.16143837016718798,UP,False,12,42.0,IGNORE,NONE,,NEUTRAL,C,WAIT,CMF positive,Health Technology,28.9
TMPV,334.05,329.0,337.75,329.0,True,False,False,False,False,False,4.032521789793809,1047.77247789,3.9751144567066197,False,0.13693148339586828,False,50.86,True,1.09041013656926,65.0,0.36,0,True,█▅▅█▇▇▄▅▄█▄█▃▅▃▅▁▄▄▇,False,False,False,0,-0.004618593563766371,-0.16424818613960468,-0.014789038784501107,-0.22575041326720136,UP,False,3,42.0,IGNORE,NONE,,NEUTRAL,C,WAIT,CMF positive,Consumer Durables,29.9
COSMOFIRST,961.2,962.2,981.0,957.0,True,True,True,True,False,True,0.5487427599375592,9.11284884,0.5855294136631093,False,-0.0746520672496845,False,58.01,True,1.1546001890829476,73.0,0.53,0,True,▇▃█▅▅▆▆▂▇▇▇▅▁▆█▇▇▇▅█,False,False,False,12,0.15904980103701938,0.2965535846766034,0.14887935581628464,0.23505135754900675,FLAT,True,88,41.0,IGNORE,NONE,,NEUTRAL,C,WAIT,No standout factor,Process Industries,34.6
IIFL,622.35,630.0,640.4,620.0,True,True,True,True,False,True,0.6570569185662143,85.459297185,0.6866338014939044,False,-0.04161919616379014,False,53.79,True,1.0690117752273065,87.0,1.06,0,True,▄▁▃▄▅▄▂▃▅█▅▅▆▅▄▅▇▅▅▅,False,False,False,17,0.0884050367261282,0.2249778565101861,0.07823459150539347,0.16347562938258942,FLAT,True,82,41.0,IGNORE,SEED,,NEUTRAL,C,WAIT,No standout factor,Finance,29.7
AJANTPHARM,3706.4,3736.0,3796.0,3694.0,True,True,True,True,False,True,1.2812747642127584,53.9040284,1.3585496265848227,False,-6.604203080384324e-05,False,50.33,True,1.0781573000010711,30.0,-0.46,0,True,▄▅▅▇▇█▁▄▇▆▆▇▇▆▆▇▅▇▇▆,False,False,False,6,0.036668251615249,0.22842370409651336,0.026497806394514267,0.16692147696891668,FLAT,True,82,41.0,IGNORE,NONE,,NEUTRAL,C,WAIT,No standout factor,Health Technology,28.9
PIXTRANS,1884.8,1940.1,1953.4,1876.6,True,True,True,True,False,True,0.18722336916874746,3.27238976,0.17976739645414394,False,0.09838040249609574,False,53.48,True,1.1656368173842917,30.0,-0.23,0,True,▅▆▆▇█▇▇█▇▇▇▆▆▁▂▄▅▆▆▇,False,False,False,2,0.021405733485070133,0.17564870259481036,0.011235288264335397,0.11414647546721368,FLAT,True,75,41.0,IGNORE,NONE,,NEUTRAL,C,WAIT,CMF positive,Producer Manufacturing,34.1
KARURVYSYA,333.9,333.5,336.15,330.95,True,True,True,True,False,True,0.15289103011956612,34.61457825,0.1502327841145088,False,-0.21402425743183487,False,59.39,True,1.1666257427687472,85.0,0.83,0,True,▁▄▆▇▇▇▆▇▆█▆▅▆▇▆▇██▆▇,False,False,False,9,-0.018806935057302465,0.16911764705882337,-0.0289773802780372,0.1076154199312267,FLAT,True,74,41.0,IGNORE,SEED,,NEUTRAL,C,WAIT,No standout factor,Finance,29.7
CRISIL,4442.5,4500.0,4500.0,4401.2,True,True,True,True,False,False,0.5036591018070447,16.751779,0.5009267084929289,False,0.374288290887272,False,59.14,True,1.1642992843713393,61.0,0.17,0,False,▂▃▁▅▇▅▅▆███▆▇▇▇▆▇▆▆█,False,False,False,8,0.032563220528077474,0.15114531509121076,0.022392775307342738,0.08964308796361409,FLAT,True,70,41.0,IGNORE,NONE,,NEUTRAL,C,WAIT,CMF positive,Technology Services,32.9
TRAVELFOOD,1346.4,1363.0,1389.3,1315.2,True,False,True,True,False,True,1.2531761571532458,17.65682424,1.2033341945285545,False,0.07894734085096322,False,63.42,True,1.195881731784583,73.0,0.49,0,False,▇▆▅▇▅█▆█▇▆▆▅▁▅▆▆▅▅▆▇,False,False,False,4,0.03529411764705892,0.13697010640094587,0.025123672426324184,0.07546787927334919,FLAT,True,67,41.0,IGNORE,NONE,,NEUTRAL,C,WAIT,CMF positive,Consumer Services,31.6
STARHEALTH,583.9,578.85,585.8,578.85,True,False,True,True,False,True,0.3420689510722686,10.68034846,0.3375380534503109,False,0.11002717512023079,False,65.89,True,1.1728373086507655,85.0,0.86,0,True,▄▇▃▆▆█▁▅▅▆▆▇▆▄▄▅▇▇█▇,False,False,False,2,-0.008069311135649349,0.11986958189489827,-0.018239756356384085,0.058367354767301594,FLAT,True,64,41.0,IGNORE,SEED,,NEUTRAL,C,WAIT,CMF positive,Finance,29.7
KIRLOSBROS,1910.0,1942.9,1951.0,1900.7,True,False,True,True,False,True,0.41138928348872855,6.651384,0.4132913659325936,False,0.17602310875437427,False,43.92,True,1.0499766910912154,60.0,0.29,0,True,▇▇▅▄▆▆▅▁▄▄▆▇▇█▇▇▆▇▇▆,False,False,False,0,-0.0005232862375719183,0.11253494874184522,-0.010693731458306655,0.051032721614248544,FLAT,True,63,41.0,IGNORE,NONE,,NEUTRAL,C,WAIT,CMF positive,Producer Manufacturing,34.1
SGFIN,668.45,658.2,675.0,658.2,False,True,True,True,False,True,0.5148639607271929,13.001285655000002,0.5046173780476791,False,-0.10090320112624585,False,57.37,True,1.2361027320520555,69.0,0.43,0,True,▅▄▁▆▇▄▆▅▆▄▅▆▇▇█▇▇███,False,False,False,5,-0.013357933579335679,0.10277983997360396,-0.023528378800070415,0.04127761284600728,FLAT,True,61,41.0,IGNORE,NONE,,NEUTRAL,C,WAIT,No standout factor,Finance,29.7
TECHM,1635.0,1635.0,1652.0,1614.4,True,True,True,True,False,True,1.010950915831186,547.605318,1.0208904682699596,False,-0.2570423587141146,False,66.41,True,1.1353689393421322,89.0,1.31,0,True,▃▆▁▃▅▃▆▅█▅█▇▆▅▇▇▇▇▆▇,False,False,False,13,0.03948121304596608,0.09930746991192096,0.029310767825231343,0.03780524278432429,FLAT,True,60,41.0,IGNORE,SEED,,NEUTRAL,C,WAIT,No standout factor,Technology Services,32.9
CLEAN,831.9,839.0,840.55,819.3,True,True,True,False,False,False,0.4778602755001581,22.0669794,0.5089355730688861,False,0.0818415919287447,False,41.03,False,0.8636076615449378,13.0,-0.9,0,True,▆▅▅▆▅▇▇▇▁▆▅▆▆▅▆█▅▆▆▄,False,False,False,4,0.09959685414050634,0.08390879478827351,0.0894264089197716,0.022406567660676835,UP,True,57,41.0,IGNORE,NONE,,NEUTRAL,C,WAIT,CMF positive,Process Industries,34.6
DIAMONDYD,1193.8,1193.8,1203.8,1180.9,False,True,True,True,False,True,0.14570372041832255,1.32201412,0.1466357905369319,False,0.3132608758678402,True,52.94,False,0.8492480449167836,27.0,-0.62,0,True,▅▄▁▃▃▁▄▄▁▂█▅▆▃▁▂▄▅▁▂,False,False,False,1,0.03908085995299837,0.054314227678177174,0.028910414732263634,-0.007187999449419502,UP,False,50,41.0,IGNORE,NONE,,NEUTRAL,C,WAIT,CMF positive,Consumer Non-Durables,37.4
IEX,124.4,124.6,125.49,123.75,True,False,False,False,False,False,0.3606992152460133,24.56667372,0.3496543601464064,False,0.07548614923984637,True,56.14,True,1.3621584898335517,99.0,1.82,0,False,▄▃▂▅▅▆▇▆▁▁▇▅▄▅▇▆▇▇▆█,False,False,False,3,-0.00024109941332473017,0.0361485923704814,-0.010411544634059466,-0.025353634757115273,UP,False,46,41.0,IGNORE,SEED,,NEUTRAL,C,WAIT,"Delivery P99, CMF positive",Finance,29.7
COCHINSHIP,1485.1,1460.9,1501.6,1457.0,False,True,True,False,False,False,1.2830387187122516,201.97359999999998,1.3111132517728068,True,0.15883042266800976,True,22.51,False,0.5687215765538152,20.0,-0.92,0,True,█▅▃▅▇█▅███▆▃▅▅▇▄▄▄▂▁,False,False,False,1,0.05678502810787722,0.03046072717180115,0.046614582887142486,-0.031041499955795526,UP,False,45,41.0,IGNORE,NONE,,NEUTRAL,C,WAIT,CMF positive,Producer Manufacturing,34.1
ALKYLAMINE,1894.6,1920.1,1928.8,1885.1,True,True,True,True,False,True,0.23342931483087598,6.37400278,0.23231853773384759,False,-0.10734684076116652,True,48.96,True,1.225731345525555,65.0,0.49,0,True,▅▄▅▅▄▅▆█▆▁▂▅▆▆▅▇▆▇▆▇,False,False,False,2,0.031411617398878544,0.023333693421194734,0.021241172178143808,-0.03816853370640194,UP,False,43,41.0,IGNORE,NONE,,NEUTRAL,C,WAIT,No standout factor,Process Industries,34.6
GREENPLY,287.55,285.8,288.75,281.6,False,False,False,True,False,True,0.6883609515368819,5.06864385,0.6680156142500343,False,-0.3565878473887537,True,84.88,True,1.58399581980368,100.0,3.01,1,True,▅▄▁▃▄▄▃▄▃▆█▇▄▆▅▄▄▆▄█,False,False,False,1,-0.1103032178217821,-0.0039143688513232355,-0.12047366304251683,-0.06541659597891991,FLAT,False,35,41.0,IGNORE,SEED,DEL85% ▅▄▁▃▄▄▃▄▃▆█▇▄▆▅▄▄▆▄█ P100 Z+3.0,NEUTRAL,C,WAIT,Delivery P100,Producer Manufacturing,34.1
SKIPPER,538.95,528.05,542.5,525.95,False,True,True,True,False,True,0.5370184492187642,16.34495223,0.5446195904202903,False,-0.03312577303240441,True,45.35,True,1.0077329896449048,48.0,-0.03,0,True,▇▆▅▆▆▅▅▆█▇▄▆▇▆▁▄▆▇▅▆,False,False,False,0,-0.012459917544663246,-0.010283720503167615,-0.022630362765397982,-0.07178594763076429,UP,False,33,41.0,IGNORE,NONE,,NEUTRAL,C,WAIT,No standout factor,Producer Manufacturing,34.1
TEGA,1733.9,1744.0,1744.0,1702.1,True,True,True,True,False,False,0.3604130748269932,11.87617466,0.3863779820283121,False,0.2506451614085187,True,60.73,True,1.1206244348901149,67.0,0.3,0,False,█▅▇▆▇█▆▆▂▄▆▆▅▅▆▇▁▄▇▇,False,False,False,0,0.06042443887224036,-0.03634746845995662,0.050253993651505624,-0.0978496955875533,UP,False,26,41.0,IGNORE,NONE,,NEUTRAL,C,WAIT,CMF positive,Distribution Services,34.9
RAMKY,391.6,391.2,392.95,388.0,False,True,False,False,False,False,0.7622646638223441,1.01028884,0.7699617218252708,False,0.11407117188232099,True,76.38,True,1.24956033079484,99.0,1.7,0,True,▄▅▄▃▅▇▃▃▆▅▆▇▅▆▁▃▆▆▄█,False,False,False,0,0.022454308093994735,-0.11090929730956967,0.012283862873259999,-0.17241152443716634,UP,False,10,41.0,IGNORE,SEED,,NEUTRAL,C,WAIT,"Delivery P99, CMF positive",Industrial Services,37.0
UNICHEMLAB,529.6,548.8,552.9,521.6,True,False,True,True,False,False,0.4177593224908523,6.368122240000001,0.39774708882753396,False,0.046020999218789924,False,45.45,True,1.1663865114906393,33.0,-0.3,0,True,▆▅▅▃▇▄██▆▇█▅█▆▁▂▃▅▄▆,False,False,False,0,-0.0977853492333901,0.394969050441196,-0.10795579445412484,0.33346682331359934,FLAT,True,93,40.0,IGNORE,NONE,,NEUTRAL,C,WAIT,"CMF positive, RS leader",Health Technology,28.9
FERMENTA,457.15,460.15,465.7,442.05,True,False,True,True,False,False,0.499703070540605,5.435376355,0.47002191302014734,False,-0.00171282321647483,True,44.0,False,0.9938673864675921,27.0,-0.62,0,True,▇▅▄▅█▅▂▂▄▃▃▅▇▅▁▄▆▆▅▅,False,False,False,9,0.048509174311926584,0.32507246376811594,0.03833872909119185,0.26357023664051926,FLAT,True,90,40.0,IGNORE,NONE,,NEUTRAL,C,WAIT,RS leader,Health Technology,28.9
UNIMECH,1517.4,1512.4,1552.9,1498.0,False,True,True,True,False,True,0.7910974235335998,29.4557688,0.8696630280104435,False,0.0209762490055818,False,45.67,False,0.9714231018749934,37.0,-0.24,0,True,▇▆▄▇▆▆█▅▅▁▆▇▂▅▆▆▆▄▇▅,False,False,False,8,0.18899858956276439,0.3197651663405088,0.17882814434202965,0.2582629392129121,FLAT,True,89,40.0,IGNORE,NONE,,NEUTRAL,C,WAIT,CMF positive,Producer Manufacturing,34.1
VSSL,359.2,362.85,364.45,351.0,True,True,True,True,False,True,0.4435735713384227,5.415909839999999,0.49116578647786885,False,-0.14188181830593533,True,48.08,True,1.0442752733946548,37.0,-0.19,0,False,▁▄▄▅▇██▇▆█▄▃▄▅▅▆█▃▅▆,False,False,False,10,0.18411076314488195,0.3222897110252163,0.17394031792414721,0.26078748389761963,FLAT,True,89,40.0,IGNORE,NONE,,NEUTRAL,C,WAIT,No standout factor,Non-Energy Minerals,34.1
GULFOILLUB,1173.2,1174.6,1184.3,1167.2,True,True,True,True,False,True,0.4065899647115324,5.7111376,0.4221005388204251,False,-0.12281676519828086,True,56.62,True,1.0572111434759877,48.0,-0.09,0,False,█▃▃▄▆▅▄▆▅▁▄▃▄▅▃▄▅▅▄▅,False,False,False,6,0.18564931783729155,0.2833078101071975,0.1754788726165568,0.22180558297960085,FLAT,True,87,40.0,IGNORE,NONE,,NEUTRAL,C,WAIT,No standout factor,Energy Minerals,46.3
SOTL,718.4,690.85,725.0,688.6,False,True,True,True,False,True,0.3569474840026483,25.41131664,0.36685484753095565,False,-0.06553487046832228,True,42.19,True,1.1596871950632894,20.0,-0.73,0,False,▆▁▄▅▇▆▆▆▆▇▅▃▃▆▆▅█▇▆▆,False,False,False,6,0.19385126713751544,0.26467740515799676,0.1836808219167807,0.20317517803040008,FLAT,True,85,40.0,IGNORE,NONE,,NEUTRAL,C,WAIT,No standout factor,Process Industries,34.6
PRUDENT,3354.1,3352.0,3410.0,3311.1,False,True,True,True,False,True,0.2528102659185468,5.50173023,0.26489070380035284,False,0.01671351024888061,False,53.44,True,1.007266113147801,40.0,-0.35,0,False,▅▇▆▃▁▂▃▃▄▅▄▄▅▃▁▃██▄▄,False,False,False,11,0.15162231759656652,0.2602765461787029,0.1414518723758318,0.1987743190511062,FLAT,True,85,40.0,IGNORE,NONE,,NEUTRAL,C,WAIT,CMF positive,Finance,29.7
RATEGAIN,935.95,955.0,955.35,926.55,True,True,True,True,False,True,0.4993911373576809,28.889313485000002,0.4990423485438731,False,-0.25892993848515267,True,43.24,False,0.8593175540054453,19.0,-0.66,0,True,▇▇▄▇▇▇██▇▇█▁▅▄▅█▇▆▆▅,False,False,False,3,0.010308721934369602,0.24710193204530317,0.00013827671363486616,0.1855997049177065,FLAT,True,84,40.0,IGNORE,NONE,,NEUTRAL,C,WAIT,No standout factor,Technology Services,32.9
ASTRAMICRO,1767.4,1707.0,1800.0,1706.5,False,True,True,True,False,True,0.4978901144886082,55.221175820000006,0.49045800387399496,False,-0.33491207947063995,True,46.22,False,0.9896050786309963,53.0,0.18,0,True,▅▇▆▅▇▇▇▁▅▇▅▅▅▃▅▆▆▆█▆,False,False,False,4,0.011619254765039333,0.2124579817520753,0.0014488095443045967,0.15095575462447863,FLAT,True,80,40.0,IGNORE,NONE,,NEUTRAL,C,WAIT,No standout factor,Electronic Technology,39.9
IOLCP,159.19,161.28,162.25,157.8,True,True,True,True,False,True,0.43699291881831465,19.306786066,0.43417372064112597,False,-0.062062999184728164,True,52.04,True,1.2638123224129976,89.0,1.08,0,True,▄▃▄▅▇▅█▇█▆▅▇▆▁▄▆▆▄▆█,False,False,False,0,0.05423841059602652,0.1983589280337248,0.044067965375291784,0.13685670090612811,FLAT,True,78,40.0,IGNORE,SEED,,NEUTRAL,C,WAIT,No standout factor,Process Industries,34.6
INDIQUBE,187.12,179.51,190.0,178.58,False,True,True,True,True,False,1.4197746230712172,2.2044232960000003,1.490195197828373,True,-0.08229515579745096,True,59.45,True,1.1122544434050514,58.0,0.14,0,False,▃▂▄▂▄▄▂▄▁▄▅▆█▃▇▄▆▇▅▅,False,False,False,10,0.08968087584439788,0.19101266628476865,0.07951043062366314,0.12951043915717197,FLAT,True,77,40.0,IGNORE,NONE,,NEUTRAL,C,WAIT,No standout factor,Finance,29.7
VMART,809.4,793.9,812.6,788.25,False,True,True,True,False,True,0.4472447894094007,5.74245018,0.47760209633981515,False,-0.04950288821545239,True,56.06,True,1.202797802952283,70.0,0.45,0,False,▆█▁▃▅▅▃▅▅▆▆▆▆▇▇▇█▇▇▇,False,False,False,7,0.04546628778093509,0.17143063897532373,0.03529584256020035,0.10992841184772706,FLAT,True,74,40.0,IGNORE,NONE,,NEUTRAL,C,WAIT,No standout factor,Retail Trade,32.3
TATACAP,363.6,357.5,363.9,355.1,False,True,True,True,False,True,0.38461014996141213,30.979229040000003,0.38235716397905334,False,-0.1346291688624791,True,51.96,False,0.9887255601541317,29.0,-0.58,0,True,█▇▆▅▆▁▃▅▅▇▅▃▄▄▆▆█▇▆▅,False,False,False,3,0.03722721437740706,0.16333386658134708,0.027056769156672322,0.1018316394537504,FLAT,True,72,40.0,IGNORE,NONE,,NEUTRAL,C,WAIT,No standout factor,Finance,29.7
MONARCH,387.1,389.9,389.9,382.75,True,True,True,True,False,True,0.26771857041148445,4.57935429,0.2640547102026114,False,0.3608236517225477,True,45.33,False,0.9307912649767456,24.0,-0.64,0,False,▆▆█▁▅▇▅▆▆█▇▆▇▇▅▄▅▃▇▅,False,False,False,4,0.07542714265870276,0.1517405534067242,0.06525669743796803,0.09023832627912753,FLAT,True,70,40.0,IGNORE,NONE,,NEUTRAL,C,WAIT,CMF positive,Finance,29.7
GRWRHITECH,7101.0,7000.0,7138.0,6951.0,False,True,True,True,False,True,0.3845625419597222,22.7579949,0.38177083729869005,False,-0.1588882440037097,True,46.2,False,0.9185712439482658,58.0,0.21,0,True,▆▄▆▇▇▅▅█▆▅▆▁▄▅▆▅▅▆▅▅,False,False,False,7,0.026007802340702213,0.14072289156626505,0.015837357119967477,0.07922066443866838,FLAT,True,68,40.0,IGNORE,NONE,,NEUTRAL,C,WAIT,No standout factor,Process Industries,34.6
AVL,614.15,608.65,616.95,600.0,False,False,True,True,False,True,0.9496039009631627,11.226354925,0.9301423615977117,False,0.1317577809553659,True,65.25,True,1.3304515379204176,87.0,1.15,0,False,▄▅▇▄▅▃█▁▂▃▄▄▄▅▃▆▅▃▄▇,False,False,False,0,-0.04285825605859894,0.14133060769373706,-0.05302870127933368,0.07982838056614039,FLAT,True,68,40.0,IGNORE,SEED,,NEUTRAL,C,WAIT,CMF positive,Retail Trade,32.3
EPL,245.15,242.95,246.53,242.6,False,True,True,True,False,True,0.5992520816100798,20.17751202,0.608311549233419,False,-0.28238096520014716,True,62.06,True,1.1604880557243702,89.0,1.17,0,False,▄▄▄▄▄▅▅▇▄▅▇▆█▅▆▁▃▅▅▆,False,False,False,4,0.03242787955359039,0.13133970187825939,0.022257434332855652,0.06983747475066271,FLAT,True,66,40.0,IGNORE,SEED,,NEUTRAL,C,WAIT,No standout factor,Process Industries,34.6
HDBFS,698.15,683.0,701.0,674.85,False,True,True,False,False,True,1.2232077372955736,35.81048721,1.245822421470894,True,-0.056115070306754514,True,63.71,True,1.0456947772707874,59.0,0.11,0,True,▅▆▄▄▂▄▁▂▂▄▄▄▇▁▃▃█▂▁▄,False,False,False,0,-0.031154593394393637,0.11294436473776504,-0.04132503861512837,0.05144213761016836,FLAT,True,63,40.0,IGNORE,NONE,,NEUTRAL,C,WAIT,No standout factor,Finance,29.7
SUNDARMFIN,4619.6,4525.0,4658.0,4510.0,False,True,True,False,False,False,1.3245047175975537,37.45710268,1.3229909268369981,True,0.20745339162483026,True,66.79,True,1.1017088941673265,88.0,1.1,0,False,▆█▆▅▆▄▇▇▁▄▆▆▅▆▆▆█▆█▇,False,False,False,2,0.03286678889236683,0.1055377399128894,0.02269634367163209,0.04403551278529272,FLAT,True,62,40.0,IGNORE,SEED,,NEUTRAL,C,WAIT,CMF positive,Finance,29.7
IKS,1861.6,1830.2,1875.0,1823.0,False,True,True,True,False,True,0.8175437908934663,24.07718976,0.8508323202953142,False,-0.24189068017656312,True,61.74,True,1.1840742587549387,80.0,0.81,0,True,▃▂▄▄▃▃▅▃▄▅▄▂▁█▄▃▅▁▆▆,False,False,False,0,-0.011259825791374523,0.10579150579150576,-0.02143027101210926,0.04428927866390908,FLAT,True,62,40.0,IGNORE,NONE,,NEUTRAL,C,WAIT,No standout factor,Commercial Services,24.6
IFBIND,1416.4,1389.0,1424.0,1371.2,False,True,True,True,False,False,1.0024629386221422,10.74311072,1.032645299290768,True,-0.015528358310390903,True,56.02,True,1.1517388131045756,82.0,0.69,0,True,▇▃█▁▆▇▆▆██▄▃▁▅▄▆▅▅▅█,False,False,False,2,0.04531365313653146,0.10139968895800933,0.035143207915796726,0.03989746183041265,FLAT,True,61,40.0,IGNORE,NONE,,NEUTRAL,C,WAIT,No standout factor,Consumer Durables,29.9
JKPAPER,385.45,381.4,394.9,375.0,False,True,True,True,False,True,0.4982954253949739,21.60092636,0.4889764443518648,False,-0.28650565193525623,True,40.62,True,1.0298666396227372,23.0,-0.58,0,False,▁▁▂▅▃▅▅▄▇▇▆▆▆▇█▇▇██▆,False,False,False,3,0.025269317728421337,0.08363789710430147,0.0150988725076866,0.022135669976704797,FLAT,True,57,40.0,IGNORE,NONE,,NEUTRAL,C,WAIT,No standout factor,Process Industries,34.6
RITES,218.49,221.74,222.87,218.0,True,False,False,False,False,False,0.32134457296066027,5.2914126690000005,0.31308631425067707,False,0.28838106844404354,True,54.63,True,1.339561571281448,96.0,1.48,0,True,▄▅▃▅▇▄▄█▄▁▃▅▆▄▆▇▅▇▅█,False,False,False,2,-0.004419939852364885,0.06882888171411805,-0.014590385073099621,0.007326654586521375,FLAT,True,53,40.0,IGNORE,SEED,,NEUTRAL,C,WAIT,"Delivery P96, CMF positive",Commercial Services,24.6
DISAQ,11675.0,11665.0,11954.0,11650.0,True,False,False,False,False,True,1.3596412556053812,0.884965,1.317269472520925,False,0.1152135148556125,False,48.75,True,1.5070483492024236,66.0,0.49,1,True,▄▁▁▃▂▃▁▂▅▆▆▇▂▃▆▆▇█▂▆,False,True,False,1,-0.04287588129201514,0.06126715753113343,-0.053046326512749875,-0.00023506959646324432,FLAT,False,52,40.0,IGNORE,NONE,DEL49% ▄▁▁▃▂▃▁▂▅▆▆▇▂▃▆▆▇█▂▆ P66 Z+0.5,NEUTRAL,C,WAIT,CMF positive,Producer Manufacturing,34.1
SHREECEM,24725.0,24625.0,24935.0,24545.0,False,False,False,False,False,False,1.643156106253367,98.0370975,1.5543768857960927,True,-0.08733313862913308,False,61.6,True,1.363465326811129,71.0,0.61,0,False,▃▅▂▂▂▄▅▄▁▂▁▆▄▄▃▅▅▇▇█,False,True,False,5,-0.09249403560286296,0.05594704249412774,-0.10266448082359769,-0.005555184633468935,FLAT,False,50,40.0,IGNORE,NONE,,NEUTRAL,C,WAIT,No standout factor,Non-Energy Minerals,34.1
MARICO,861.9,864.45,867.05,857.65,True,True,True,True,False,True,0.5468424989766667,89.61096728999999,0.545215999990968,False,0.268454992021908,False,53.14,False,0.910921978521166,15.0,-0.84,0,False,▅▆▄▅▅▃▆█▆▃▁▇▆▆▆▇█▅▅▄,False,False,False,11,0.021208530805687076,0.05515088449531724,0.01103808558495234,-0.006351342632279433,UP,False,50,40.0,IGNORE,NONE,,NEUTRAL,C,WAIT,CMF positive,Consumer Non-Durables,37.4
ENRIN,3584.0,3600.0,3639.0,3580.0,True,True,True,True,False,True,0.23129227694661783,65.0685952,0.23638682887176335,False,0.15472375155967938,False,54.02,True,1.2461648480933816,68.0,0.41,0,False,▅█▆▆▇▇▇▆▆▇▆▆▁▃▄▆▆▄▇█,False,False,False,0,0.062429596253038344,0.02370751213938882,0.05225915103230361,-0.037794714988207856,UP,False,44,40.0,IGNORE,NONE,,NEUTRAL,C,WAIT,CMF positive,Producer Manufacturing,34.1
KNRCON,130.36,134.0,135.22,129.8,True,False,True,False,False,False,0.49184048995680735,9.006389896,0.47950960194476666,False,0.1556806544223718,False,50.44,True,1.007027631368791,71.0,0.38,0,True,█▇▃▅▆▅▅▄▆▆▂▁▃▅▅▄▅▂▁▄,False,False,False,3,0.05120554793968246,0.026295071642261192,0.041035102718947725,-0.035207155485335484,UP,False,44,40.0,IGNORE,NONE,,NEUTRAL,C,WAIT,CMF positive,Industrial Services,37.0
DREDGECORP,1160.8,1150.3,1170.0,1148.9,False,True,True,True,False,True,0.4735284525057437,11.4182092,0.4933638301244017,False,0.2758809113621878,False,35.55,False,0.8354974794063385,58.0,0.22,0,True,▆▃▂▅▆▇▇▇▅▄▃▆█▅▅▆▁▁▅▃,False,False,False,0,0.13971526755031904,0.01788846018940715,0.1295448223295843,-0.043613766938189524,UP,False,42,40.0,IGNORE,NONE,,NEUTRAL,C,WAIT,CMF positive,Transportation,27.3
SBILIFE,1794.0,1812.8,1820.9,1789.4,True,False,False,False,False,True,0.5921354068550366,97.921005,0.5709518802865081,False,0.10628185023115673,False,63.98,True,1.0512738356378215,67.0,0.46,0,True,▆▅▁▆▅▇█▇▇▆▆▆▅▆▅▆▇▆▅▆,False,False,False,6,-0.019350606756313615,0.01648818629950699,-0.02952105197704835,-0.045014040828089685,UP,False,41,40.0,IGNORE,NONE,,NEUTRAL,C,WAIT,CMF positive,Finance,29.7
BEL,410.5,410.45,412.5,408.25,False,True,True,False,True,True,0.5635578472257836,294.75324435,0.5835008573509636,False,0.16818358371227593,False,49.25,False,0.8446742644473599,40.0,-0.24,0,True,▅▄▂▅▃▆▆█▇▆▇▁▆▄▅▇▂▅▃▁,False,False,False,0,0.002564415679570109,0.0014637716516223698,-0.007606029541164627,-0.060038455475974306,UP,False,37,40.0,IGNORE,NONE,,NEUTRAL,C,WAIT,CMF positive,Electronic Technology,39.9
ASTRAL,1520.0,1538.4,1545.0,1517.1,True,True,True,True,False,True,0.16644961777730702,26.801248,0.16456535045610898,False,0.4782228318765705,False,44.85,True,1.063527068364516,44.0,-0.22,0,False,▆▅▄▄▄▄▅▆▇▅▇▅▆██▅▁▃▇▆,False,False,False,1,0.07412903681718608,-0.003931847968545177,0.06395859159645134,-0.06543407509614185,UP,False,35,40.0,IGNORE,NONE,,NEUTRAL,C,WAIT,CMF positive,Producer Manufacturing,34.1
MENONBE,161.7,170.69,174.57,159.65,True,True,True,True,False,True,0.7306672049386455,3.5119461299999997,0.716646782132681,False,-0.5029716769931594,False,50.79,True,1.1761300481659875,25.0,-0.42,0,False,▇▆▇██▃▂▁▃▄▇▅▄▆▅▄▃▃▆▆,False,False,False,11,0.08691268400887253,0.3803995219395595,0.0767422387881378,0.31889729481196283,FLAT,True,92,39.0,IGNORE,NONE,,NEUTRAL,C,WAIT,RS leader,Producer Manufacturing,34.1
THEJO,2051.4,2129.0,2142.6,2044.0,True,False,True,True,False,True,0.520041352055171,1.22283954,0.5114088711847726,False,0.24705194304816744,False,57.69,False,0.9223021582733812,26.0,-0.69,0,False,▅▇▄▅▆▄▄▁▄▄▄▄▄▅▄▄█▇▆▄,False,False,False,6,0.06169133630058998,0.32974654825954497,0.05152089107985525,0.2682443211319483,FLAT,True,90,39.0,IGNORE,NONE,,NEUTRAL,C,WAIT,"CMF positive, RS leader",Distribution Services,34.9
DEVYANI,142.09,143.61,144.56,140.42,True,True,True,True,False,False,0.22425375910354498,26.196778075,0.24745212871208194,False,0.317386681063283,False,36.35,False,0.9826980264936471,19.0,-0.75,0,False,▆▆▄▇▇▁▄▆▆▆▇█▃▅▄▄▃▃▄▅,False,False,False,11,0.28205359559686016,0.27939852332072745,0.2718831503761254,0.21789629619313078,UP,True,86,39.0,IGNORE,NONE,,NEUTRAL,C,WAIT,CMF positive,Consumer Services,31.6
SHRIRAMFIN,1124.9,1130.0,1134.9,1118.0,True,True,True,True,False,True,0.4116174045772057,268.18650908,0.43249192559253335,False,0.13219212911388234,False,52.05,False,0.9191322543903796,31.0,-0.4,0,False,▅▃▁▅███▇▃▅▆█▅▅██▄▇▅▄,False,False,False,10,0.08696492414726054,0.22832496178204864,0.0767944789265258,0.16682273465445197,FLAT,True,82,39.0,IGNORE,NONE,,NEUTRAL,C,WAIT,CMF positive,Finance,29.7
VRLLOG,297.5,295.0,302.95,295.0,False,True,True,True,False,True,0.14782690182265182,3.829539,0.15964384556723418,False,0.21187767942191216,False,49.55,False,0.9161250959111793,28.0,-0.62,0,False,▆█▅▁▄▄▄▄▅▁▃▃▅▅▄▅▄▄▅▄,False,False,False,10,0.22126436781609193,0.23331398723157282,0.2110939225953572,0.17181176010397614,UP,True,82,39.0,IGNORE,NONE,,NEUTRAL,C,WAIT,CMF positive,Transportation,27.3
BALRAMCHIN,653.25,657.7,669.4,650.5,True,True,True,True,False,True,1.3392787134109991,73.306996425,1.3848777225148627,False,0.12074213183768234,False,28.1,False,0.7203188885043771,8.0,-1.31,0,False,▂▇▂▂▄▃▅█▁▂▄▃█▃▄▄▃▄▃▁,False,False,False,6,0.05729546006312214,0.21659372381041053,0.0471250148423874,0.15509149668281386,FLAT,True,80,39.0,IGNORE,NONE,,NEUTRAL,C,WAIT,CMF positive,Process Industries,34.6
SJS,2500.2,2446.9,2516.7,2410.2,True,True,True,True,False,True,1.160535951847083,55.68270425999999,1.1962755532856624,False,0.023091126500129646,True,46.09,False,0.8564526618972407,22.0,-0.68,0,False,█▅▄▆▆▆▆▇▆▆▄▁▄▅▆▇▆▅█▄,False,False,False,10,0.12338245866283248,0.20306034067943424,0.11321201344209775,0.14155811355183756,FLAT,True,79,39.0,IGNORE,NONE,,NEUTRAL,C,WAIT,CMF positive,Producer Manufacturing,34.1
LALPATHLAB,1901.4,1885.0,1912.0,1874.0,False,True,True,True,False,True,0.42578789067608214,40.2412296,0.4365410911150464,False,0.012359696298989885,True,53.97,False,0.9424440331086509,30.0,-0.28,0,False,▇▇▃▁█▆▇▆█▇▆▇▇▅█▇█▆▄▆,False,False,False,15,0.11840479971766382,0.20662520624444736,0.10823435449692909,0.14512297911685068,FLAT,True,79,39.0,IGNORE,NONE,,NEUTRAL,C,WAIT,CMF positive,Health Services,40.2
ETHOSLTD,2892.2,2956.5,3062.7,2850.1,False,True,True,True,False,True,7.602544030769438,278.01098967999997,7.583158663486616,True,-0.054612282164623174,False,27.18,False,0.6798484223164372,3.0,-1.78,0,False,▅▆▅▇███▇▁▂▃▅▆▇▆█▇▇▇▄,False,False,False,1,0.09869320771919154,0.19675590681507837,0.08852276249845681,0.1352536796874817,FLAT,True,78,39.0,IGNORE,NONE,,NEUTRAL,C,WAIT,No standout factor,Retail Trade,32.3
JUBLFOOD,500.55,509.85,510.6,496.4,True,True,True,True,False,False,0.6048870724294804,114.36060844500001,0.6335934406404761,False,0.18666082727307684,False,42.46,False,0.9984832273160178,25.0,-0.7,0,False,▄▅▅▄▇▇▃█▃▄▆▆█▅█▇▁▁▆▅,False,False,False,8,0.1763807285546417,0.18389309366130568,0.16621028333390697,0.12239086653370901,UP,True,76,39.0,IGNORE,NONE,,NEUTRAL,C,WAIT,CMF positive,Consumer Services,31.6
ARIS,135.97,136.0,136.5,134.32,True,True,True,True,False,False,0.258855525308477,5.308377576,0.2726726132702386,False,0.027489295605963665,True,40.39,False,0.9158418647891795,29.0,-0.52,0,False,▄▃▄▂▄▂▄▆▃▅▅▁▇▂▄▁▁▄█▃,False,False,False,6,0.14318143601816047,0.17610933310267285,0.13301099079742573,0.11460710597507617,UP,True,75,39.0,IGNORE,NONE,,NEUTRAL,C,WAIT,CMF positive,Technology Services,32.9
SAILIFE,1440.1,1428.8,1473.0,1423.5,False,True,True,True,False,True,0.7996104687412695,64.91740383999999,0.8372875135610506,False,0.09446350884390631,False,43.58,False,0.8478764178291406,10.0,-1.12,0,False,▆▆█▅▇▆█▅▅▆▅▆▅▁▄▆▄▃▇▄,False,False,False,14,0.11748273453868219,0.17109864194518987,0.10731228931794745,0.10959641481759319,FLAT,True,74,39.0,IGNORE,NONE,,NEUTRAL,C,WAIT,CMF positive,Commercial Services,24.6
ANDHRSUGAR,100.46,102.59,103.96,99.52,True,True,True,True,False,True,0.563381888549981,7.3421191,0.5780992306651966,False,-0.13996595159022907,False,45.18,True,1.0377618522601983,31.0,-0.37,0,False,█▄▆▇▇▇▆▇▇▆█▇▄▁▃▅▄▅▅▆,False,False,False,6,0.1946723748364847,0.17058960615241214,0.18450192961574996,0.10908737902481547,UP,True,74,39.0,IGNORE,NONE,,NEUTRAL,C,WAIT,No standout factor,Process Industries,34.6
HYUNDAI,2186.0,2179.1,2221.9,2179.0,True,True,True,True,False,False,0.5296840496177254,101.7733834,0.5406083841239907,False,0.08728289933544402,False,47.65,False,0.9822615722369383,26.0,-0.58,0,False,▄▅▇▅▆▅▅▁▅▅▆▆█▄▆▇▄▅█▅,False,False,False,12,0.11610333911977944,0.15374465614609178,0.1059328938990447,0.09224242901849511,UP,True,71,39.0,IGNORE,NONE,,NEUTRAL,C,WAIT,CMF positive,Consumer Durables,29.9
KAJARIACER,1225.8,1243.9,1249.3,1219.0,True,True,True,True,False,True,0.3769249624066716,14.81599944,0.3796932791353912,False,0.012409629163663253,True,53.88,False,0.9120146247334034,36.0,-0.36,0,False,▇▄▃▄█▆▆▁▇▄▇▆▇▅█▄▅▆▇▄,False,False,False,6,-0.00284714878386072,0.1345797852647166,-0.013017594004595456,0.07307755813711991,FLAT,True,67,39.0,IGNORE,NONE,,NEUTRAL,C,WAIT,CMF positive,Producer Manufacturing,34.1
ORCHPHARMA,969.2,999.0,1000.0,951.0,True,False,True,True,False,True,1.3366543258378765,10.040912,1.2674772014821085,False,-0.04038745250746884,False,48.61,True,1.1071884110787171,50.0,-0.06,0,True,▅▇▁▄▇▂█▇▆▇▂▇▅▇▃█▆▇▃█,False,True,False,0,-0.052590420332355725,0.1272388927657595,-0.06276086555309046,0.06573666563816283,FLAT,True,66,39.0,IGNORE,NONE,,NEUTRAL,C,WAIT,No standout factor,Health Technology,28.9
BERGEPAINT,541.2,549.0,549.6,537.3,True,True,True,True,False,True,0.46115899280779976,13.17437748,0.4649303240377054,False,-0.04273458185463232,False,50.23,True,1.0889264654873394,52.0,0.02,0,True,▃▃▃▅▅▃▄▅▅▄▁▃▇▅█▃▄▆▇▅,False,False,False,2,0.06872037914691953,0.07830245068738817,0.058549933926184794,0.016800223559791494,UP,True,56,39.0,IGNORE,NONE,,NEUTRAL,C,WAIT,No standout factor,Process Industries,34.6
ACMESOLAR,371.75,363.7,372.95,361.8,False,True,True,True,False,True,0.3482106032012106,22.663552875,0.35172632424667005,False,0.024737617497989122,True,45.97,False,0.9269266443521393,52.0,0.03,0,True,▄▆▁▃▂▁▂▁▄▂▄▃▅▄▄▄▄▆█▃,False,False,False,0,-0.003618332886625608,0.06610266704903922,-0.013788778107360344,0.004600439921442545,FLAT,True,53,39.0,IGNORE,NONE,,NEUTRAL,C,WAIT,CMF positive,Industrial Services,37.0
TITAGARH,841.4,820.45,848.0,813.5,False,True,True,True,False,True,1.2009101019690125,36.60956642,1.2043483279902594,True,-0.06348538775629135,True,36.66,False,0.9954247389928995,68.0,0.55,0,True,▄▂▃▄▅▂▁▆▂▆▄▄▅▅▆█▃▆▆▄,False,False,False,0,-0.0026078710289236806,-0.005672417868116342,-0.012778316249658417,-0.06717464499571302,UP,False,35,39.0,IGNORE,NONE,,NEUTRAL,C,WAIT,No standout factor,Producer Manufacturing,34.1
GSFC,160.43,159.4,161.11,159.4,False,True,False,False,False,False,1.156722614342792,10.694247757000001,1.163598292251347,True,-0.27948348944979734,True,64.04,True,1.241578534107543,98.0,2.11,0,True,▄▄▃▃▂▂▁▅▄▃▅▂▅▄▆▄▄▄▇█,False,False,False,0,0.011028485001260302,-0.016189366529711036,0.0008580397805255657,-0.07769159365730771,UP,False,31,39.0,IGNORE,SEED,,NEUTRAL,C,WAIT,Delivery P98,Process Industries,34.6
SEAMECLTD,1574.7,1561.2,1599.0,1560.4,False,True,True,True,True,True,0.6131374680923737,9.25750383,0.6423960139749281,False,0.0064041605063200726,False,54.54,False,0.899006049417311,52.0,0.09,0,True,▁▄▄▂▂▂▁▃▂▂▃▂▂▄▄▁█▁▆▂,False,False,False,0,0.15134898003948227,-0.023623511904761862,0.14117853481874754,-0.08512573903235854,UP,False,30,39.0,IGNORE,NONE,,NEUTRAL,C,WAIT,CMF positive,Industrial Services,37.0
EMMVEE,318.7,319.25,325.0,316.4,True,False,False,True,False,True,0.6073040996332556,36.02129059,0.5992558039846728,False,-0.1476316726154662,True,49.15,True,1.1277721051363538,92.0,1.15,0,True,▃▁▂▄▄▅▂▂▆▃▄▄▄▁█▅▅▄▄▆,False,False,False,0,-0.028501752781588285,-0.03438872898045753,-0.03867219800232302,-0.0958909561080542,UP,False,27,39.0,IGNORE,SEED,,NEUTRAL,C,WAIT,Delivery P92,Electronic Technology,39.9
STARCEMENT,199.02,197.1,202.04,195.75,True,False,False,False,False,False,2.2541976509552133,7.469200698000001,2.2171679067683576,False,-0.10876091052442385,True,49.26,False,0.8214723465992946,27.0,-0.47,0,True,▆▅▆▇▆▆██▆▇▆▇▁▅▆▆▆▇▅▄,False,True,False,0,-0.045009596928982654,-0.04091369090646224,-0.05518004214971739,-0.10241591803405892,UP,False,25,39.0,IGNORE,NONE,,NEUTRAL,C,WAIT,No standout factor,Non-Energy Minerals,34.1
LUXIND,1228.9,1203.7,1234.9,1198.4,False,False,False,False,False,False,1.7499243245140317,4.90195921,1.736955681650103,True,-0.20407137235756684,True,44.82,False,0.8650422195416164,35.0,-0.39,0,True,▇▃▅▇▇▄▃▆▇▂▇▇▄▆▅██▆▁▃,False,True,False,0,-0.018920645058278618,-0.06739014950292177,-0.029091090279013354,-0.12889237663051845,UP,False,18,39.0,IGNORE,NONE,,NEUTRAL,C,WAIT,No standout factor,Consumer Non-Durables,37.4
SOLARWORLD,157.66,154.25,160.0,154.25,False,False,False,False,False,False,1.7162544998861398,10.111855186,1.5793763369275857,True,-0.3818218443080294,True,51.67,False,0.9905108789418193,69.0,0.48,0,True,▂▂▂▁▂▄▄▃▃▂▂▂▂▃▂█▃▂▄▃,False,True,False,0,-0.20369715642204156,-0.13733858612387828,-0.2138676016427763,-0.19884081325147496,FLAT,False,6,39.0,IGNORE,NONE,,NEUTRAL,C,WAIT,No standout factor,Industrial Services,37.0
GVT&D,4356.0,4325.3,4367.7,4272.0,False,False,False,True,False,False,0.724632233276876,337.1430744,0.7340620708851837,False,0.08230872092132811,True,53.67,True,1.0269903079822806,42.0,-0.2,0,True,▁██▅▅█▂▆▅▇▆▃▇▄▅▆▇▇▆▆,False,False,False,0,-0.007156858275972011,-0.14361545266882925,-0.017327303496706747,-0.20511767979642592,UP,False,5,39.0,IGNORE,NONE,,NEUTRAL,C,WAIT,CMF positive,Producer Manufacturing,34.1
ASTEC,585.55,580.8,606.05,564.3,False,False,False,False,False,False,1.9147771382265701,3.62502294,1.7735409141206626,True,-0.2153144520062958,True,28.24,False,0.5744274032789553,29.0,-0.56,0,True,▂▃▂▅▄▅▅▁▇▆▅▅▅▄▃▆▅▅█▂,False,True,False,0,-0.13699336772291826,-0.26322743000943694,-0.147163812943653,-0.3247296571370336,UP,False,1,39.0,IGNORE,NONE,,NEUTRAL,C,WAIT,No standout factor,Process Industries,34.6
ANANDRATHI,2194.8,2174.0,2199.0,2172.7,False,True,False,False,False,False,0.6069097539034817,29.030180640000005,0.6334492064254986,False,0.08964309403912449,True,64.39,True,1.169993367796564,83.0,0.98,0,True,▄▅▄▄▅▄▃▅▅▆▆█▆▇▅▁▅▅▆▇,False,False,False,0,0.04954093343534827,0.2681573929623853,0.03937048821461353,0.2066551658347886,FLAT,True,85,38.0,IGNORE,NONE,,NEUTRAL,C,WAIT,CMF positive,Finance,29.7
INDNIPPON,1120.3,1138.6,1142.9,1108.3,True,False,True,True,False,True,0.396814353623951,1.75719055,0.3826580543793606,False,-0.10610528514008839,True,59.96,True,1.2750800114833756,92.0,1.17,0,True,▅▂▅▅▄▅▅▃▁▅▇▆▄▃▃▃▅▆▅█,False,False,False,0,-0.09769652061855671,0.2508932559178203,-0.10786696583929145,0.18939102879022363,FLAT,True,84,38.0,IGNORE,SEED,,NEUTRAL,C,WAIT,Delivery P92,Producer Manufacturing,34.1
LUMAXIND,5726.0,5792.0,5849.0,5710.0,True,True,True,True,False,True,0.2309169143885435,3.2403434,0.2313446289893788,False,0.09731138724575998,True,46.08,False,0.9869668119558349,70.0,0.55,0,False,▄▂▁▄▄▄▂█▂▃▃▃▄▄▁▂▄▄▅▃,False,False,False,2,0.11781356759394823,0.08211282245110074,0.1076431223732135,0.020610595323504066,UP,True,56,38.0,IGNORE,NONE,,NEUTRAL,C,WAIT,CMF positive,Producer Manufacturing,34.1
FINEORG,5093.1,5147.0,5172.0,5070.2,True,True,True,True,False,True,0.57039181781179,10.063456290000001,0.5707132630554888,False,0.030697112917333375,False,56.21,True,1.0521193063237593,60.0,0.21,0,False,▂▃▂▃▃▃▅▄▄▃▃▃▃▁█▄▅▂▁▃,False,False,False,0,0.03919608243215689,0.07508337906868756,0.02902563721142215,0.013581151941090885,UP,True,55,38.0,IGNORE,NONE,,NEUTRAL,C,WAIT,CMF positive,Process Industries,34.6
TEXINFRA,107.05,109.47,109.48,103.5,True,False,False,True,False,True,0.9477365654781384,1.28654831,0.8985314523589834,False,0.27597390506648,True,59.26,False,0.8077916589990526,48.0,-0.04,0,True,▆▆▃▆▇▇▆▆▇▇▁█▃▆▆▃█▇▆▃,False,False,False,3,-0.06104727655468822,0.07728690751735923,-0.07121772177542296,0.01578468038976255,FLAT,True,55,38.0,IGNORE,NONE,,NEUTRAL,C,WAIT,CMF positive,Utilities,32.3
VERANDA,240.0,238.0,242.8,233.8,False,False,True,True,False,True,0.26961001511687616,3.731232,0.25898742017558746,False,0.06693867339731248,False,55.67,True,1.228511530398323,58.0,0.19,0,False,▅▇▅▄█▅▆▁▄▄▅▅▆█▅▇▁▄▃▆,False,False,False,5,0.011420624552235692,0.06077348066298338,0.0012501793315009557,-0.0007287464646132946,UP,False,52,38.0,IGNORE,NONE,,NEUTRAL,C,WAIT,CMF positive,Commercial Services,24.6
ZYDUSLIFE,1136.8,1168.9,1173.3,1135.9,True,False,True,True,False,True,0.5255909429596983,90.24361751999999,0.5168089443362947,False,0.2701046948779764,False,56.9,True,1.092151480834565,70.0,0.56,0,False,▆▅▆▆▇▆▆▇▁▆▇█▆▆▁▅▅▄▆▆,False,False,False,4,-0.006033050625164016,0.048128342245989275,-0.016203495845898752,-0.0133738848816074,FLAT,False,49,38.0,IGNORE,NONE,,NEUTRAL,C,WAIT,CMF positive,Health Technology,28.9
ASTERDM,818.0,824.7,828.8,815.95,True,False,True,True,False,True,0.7841125000008095,49.5248284,0.7715338002025789,False,-0.15556912231005057,False,57.28,True,1.0414261429233749,69.0,0.53,0,True,▆▄█▇▅▇▃▆▆▆▄▁▄▅▆▃▁▄▆▅,False,False,False,10,0.005593459954514657,0.034984500537736496,-0.004576985266220079,-0.02651772658986018,UP,False,46,38.0,IGNORE,NONE,,NEUTRAL,C,WAIT,No standout factor,Health Services,40.2
GODREJAGRO,588.7,599.0,599.0,585.2,True,True,True,False,False,False,1.0641441083803707,11.58308459,1.1015625712322976,False,0.15983796403185224,False,52.54,False,0.9639128919221384,64.0,0.32,0,True,▅▄▁▇▆▄▄▅█▇▆▁▆▄▅▅▅▁▄▄,False,False,False,3,0.02293657688966122,0.035532102022867385,0.012766131668926484,-0.02597012510472929,UP,False,46,38.0,IGNORE,NONE,,NEUTRAL,C,WAIT,CMF positive,Process Industries,34.6
OIL,480.5,480.0,487.2,478.7,False,True,True,True,True,True,1.489666034820804,240.2598022,1.5688599683605389,True,-0.05339647758955483,False,39.71,False,0.9210999385314823,38.0,-0.4,0,False,▄▄▃▄▂▃▁▅█▃▆▇▇▁▁▄▄▇▆▃,False,False,False,0,0.0794114343479726,0.009559827712995128,0.06924098912723786,-0.05194239941460155,UP,False,40,38.0,IGNORE,NONE,,NEUTRAL,C,WAIT,No standout factor,Energy Minerals,46.3
GOCLCORP,401.65,408.0,413.0,401.0,True,False,True,True,False,True,0.26942658075304954,1.71874068,0.2534067206566859,False,0.2009959087691569,False,55.98,True,1.0283919205650827,73.0,0.6,0,True,▇▅▆████▇█▇▇█▁▇▇▆▆▇▆▇,False,False,False,0,0.005759358958307148,0.007020183026200222,-0.004411086262427588,-0.054482044101396454,UP,False,39,38.0,IGNORE,NONE,,NEUTRAL,C,WAIT,CMF positive,Process Industries,34.6
JSWENERGY,548.3,554.0,556.6,547.7,True,False,False,True,False,True,0.6828560076410218,63.92733876999999,0.668869733957879,False,0.06306347740653408,False,49.85,True,1.0554061778841066,74.0,0.53,0,True,▁▄▅▅▆▅▅▅▇▆▅▆█▄▅▅▅▅▆▅,False,False,False,0,-0.03161427057576849,-0.03967072423154405,-0.041784715796503225,-0.10117295135914073,UP,False,25,38.0,IGNORE,NONE,,NEUTRAL,C,WAIT,CMF positive,Utilities,32.3
APOLLO,387.85,387.5,390.5,384.0,False,False,False,True,False,True,0.5265041026266124,110.550553255,0.5200564362682275,False,0.07550044532450077,False,36.45,True,1.2343588614775056,72.0,0.67,0,True,▁▃▂▃▄▂▃▃▄▄▃▄▅▆▃█▄▃▅▅,False,False,False,0,-0.006913327358852861,-0.06100956300689986,-0.017083772579587597,-0.12251179013449653,UP,False,20,38.0,IGNORE,NONE,,NEUTRAL,C,WAIT,CMF positive,Electronic Technology,39.9
PREMEXPLN,668.25,674.9,676.0,667.5,True,True,True,True,False,False,1.0399646065544348,23.5229346,1.055481478267445,False,-0.23843965886924826,False,78.15,True,1.2422508345255125,99.0,3.29,0,True,▁▆▃▂▄▄▇▃▃▅▅▂█▆▅▇▅▄▆▇,False,False,False,0,0.01604074806142619,-0.07438188240182841,0.005870302840691455,-0.1358841095294251,UP,False,16,38.0,IGNORE,SEED,,NEUTRAL,C,WAIT,Delivery P99,Process Industries,34.6
PARAGMILK,211.03,208.0,219.98,208.0,False,False,False,False,False,False,4.222869976214911,39.092906543,4.036192271502302,True,-0.2111923067545526,False,39.45,False,0.7717740042256829,29.0,-0.52,0,True,▆▁▄▃▅▅▆▂▄▃▅▂▁▆▆▇▃█▅▁,False,True,False,0,-0.06619761936368873,-0.1330265806663654,-0.07636806458442347,-0.1945288077939621,UP,False,6,38.0,IGNORE,NONE,,NEUTRAL,C,WAIT,No standout factor,Consumer Non-Durables,37.4
TNPETRO,112.45,115.0,118.19,111.78,True,True,True,True,False,True,1.6457220229168437,9.38694367,1.7514147271154248,False,-0.3702455919632466,False,49.23,True,1.1395173890399861,46.0,0.04,0,False,▄▂▂▄▃█▅▃▇▇▇▆▆▅▁▁▄▆▇▆,False,False,True,12,0.18793577012465668,0.30755813953488365,0.17776532490392194,0.24605591240728697,FLAT,True,89,37.0,IGNORE,DISTRIBUTION,,NEUTRAL,C,WAIT,No standout factor,Process Industries,34.6
SHK,159.48,163.99,165.0,158.12,True,False,True,True,False,False,0.327501927721573,9.436559183999998,0.3245881414099998,False,0.21759792982820503,False,59.09,True,1.3176056102482914,66.0,0.43,0,False,▆▆▆▇▆▁▂▅▆▅▆▆▆▇▆▆▆▆█▇,False,False,False,8,0.11665032908556228,0.28633650588804627,0.10647988386482754,0.2248342787604496,FLAT,True,87,37.0,IGNORE,NONE,,NEUTRAL,C,WAIT,CMF positive,Process Industries,34.6
TIMEX,547.0,548.0,569.4,545.15,False,False,True,True,False,True,1.4693207542924935,29.2938739,1.4423940983167458,True,-0.17965544535208247,False,32.64,False,0.7512774478663169,5.0,-1.5,0,False,▅▁▄▆▅▄▆▄▇▇▅▅▄▆▇▅█▇▅▃,False,True,False,3,-0.0369718309859155,0.2502857142857142,-0.047142276206650235,0.18878348715811755,FLAT,True,84,37.0,IGNORE,NONE,,NEUTRAL,C,WAIT,No standout factor,Consumer Durables,29.9
SHOPERSTOP,429.55,437.2,437.2,428.0,True,True,True,True,False,False,0.2639191969574163,0.7273140600000001,0.2821586217988445,False,0.03573974002924328,True,45.12,False,0.8816288248856929,39.0,-0.24,0,True,▃▂▁▆▇█▇▆▄▃▄▅▁▇█▅▃▆▁▄,False,False,False,12,0.11181571114274624,0.21668318934995034,0.10164526592201151,0.15518096222235367,FLAT,True,80,37.0,IGNORE,NONE,,NEUTRAL,C,WAIT,CMF positive,Retail Trade,32.3
TVSSRICHAK,4746.8,4839.8,4930.0,4681.0,True,True,True,True,False,True,1.0946874622498424,30.97097128,1.1544563441287128,False,0.42961214613954135,False,20.96,False,0.41121421985050327,4.0,-2.54,0,False,▅▆▅▅█▇▆▇▇█▆█▇▆▆▇▁▁▂▃,False,False,False,2,0.18441999151633115,0.1935929995725314,0.1742495462955964,0.13209077244493472,UP,True,77,37.0,IGNORE,NONE,,NEUTRAL,C,WAIT,CMF positive,Consumer Durables,29.9
VIMTALABS,621.2,624.0,627.8,617.0,True,True,True,True,False,False,0.12922814179209335,5.76467388,0.13333035220638617,False,-0.2588887862510211,False,44.99,True,1.1845084513717024,85.0,1.01,0,True,▁▅▄▅▆▇▇▆█▆▅▆▅▇▆▇▆█▆▇,False,False,False,8,0.03602401601067373,0.17684948375485465,0.025853570789938995,0.11534725662725798,FLAT,True,75,37.0,IGNORE,SEED,,NEUTRAL,C,WAIT,No standout factor,Commercial Services,24.6
63MOONS,757.65,778.05,780.2,753.0,True,False,True,True,False,False,0.16744847512373187,20.810448315000002,0.14434208167311083,False,0.3250744025198694,False,46.2,True,1.324104724646404,46.0,-0.1,0,False,█▇▇▆▅▇▁▁▂▄▃▄▅▆▆▆▄▄▆▇,False,False,False,4,0.030956592733705213,0.16123840907349218,0.020786147512970476,0.09973618194589551,FLAT,True,72,37.0,IGNORE,NONE,,NEUTRAL,C,WAIT,CMF positive,Technology Services,32.9
VIDHIING,325.9,322.7,329.9,313.55,False,True,True,True,False,False,0.7342780910543694,1.6996010899999998,0.7677626284669563,False,0.0014066091736193588,True,78.85,True,1.2432300330319201,88.0,1.21,0,False,▇▆▆▇▇▁█▄▄▄▄▄▄▄▄▅▄█▇▇,False,False,False,5,0.08723936613844874,0.14310768151525766,0.077068920917714,0.08160545438766098,FLAT,True,69,37.0,IGNORE,SEED,,NEUTRAL,C,WAIT,CMF positive,Consumer Non-Durables,37.4
PINELABS,160.18,163.35,165.41,159.25,True,True,True,False,False,False,0.5976805413993707,217.22251671800004,0.6184226566838199,False,0.10847742129204636,False,42.74,True,1.0904034799025424,49.0,-0.07,0,False,▅▄▃▄▃▄▄█▁▁▃▁▃▃▂▃▄▄▃▄,False,False,False,3,0.06227203395450642,0.12210157618213668,0.05210158873377169,0.06059934905454001,FLAT,True,65,37.0,IGNORE,NONE,,NEUTRAL,C,WAIT,CMF positive,Technology Services,32.9
ESTER,97.55,99.42,100.62,96.6,True,True,True,False,False,False,0.3459625065263863,1.0277575349999999,0.33951951319913193,False,0.21020383413875185,False,67.58,True,1.2496070708751688,90.0,1.19,0,False,▇▃▅▅▃▇▅▆▆█▇▆▇▁▂▅▂▆▇▇,False,False,False,2,0.09742378220272241,0.1032571816331147,0.08725333698198767,0.04175495450551803,UP,True,61,37.0,IGNORE,SEED,,NEUTRAL,C,WAIT,"Delivery P90, CMF positive",Process Industries,34.6
3MINDIA,34945.0,35085.0,35290.0,34900.0,False,False,True,True,False,True,0.39760706208506597,5.7135075,0.39132457199050985,False,-0.36632829023685304,False,47.89,True,1.120535348690291,46.0,-0.1,0,True,▃▂▃▅▅▄▅▅▄▄▄▆█▅▃▅▅▁▄▅,False,False,False,4,-0.006397497867500657,0.09941796444863926,-0.016567943088235393,0.037915737321042586,FLAT,True,60,37.0,IGNORE,NONE,,NEUTRAL,C,WAIT,No standout factor,Producer Manufacturing,34.1
LGBBROSLTD,1603.1,1602.0,1623.9,1600.0,False,True,True,False,True,False,0.6466846736952165,2.37964164,0.666625275609,False,-0.04735575509180881,False,57.76,True,1.005378496457851,77.0,0.76,0,True,▅▂▅▅█▆▂▂▃▅▆▅▁▆▇▁▆▆▄▅,False,False,False,5,0.03928687196110214,0.08346850500135172,0.029116426740367407,0.021966277873755047,UP,True,57,37.0,IGNORE,NONE,,NEUTRAL,C,WAIT,No standout factor,Producer Manufacturing,34.1
EMCURE,1874.5,1879.0,1889.0,1861.1,False,False,True,True,False,True,0.853175964540874,25.63959845,0.8246433499837723,False,-0.18337223247299414,False,59.96,True,1.0940108561784427,82.0,0.71,0,True,▄▅▄▇█▅▅▄▅▇▄▁▅▃▅█▆▆█▆,False,False,False,12,-0.025980774227072012,0.07445832855668932,-0.03615121944780675,0.012956101429092648,FLAT,True,55,37.0,IGNORE,NONE,,NEUTRAL,C,WAIT,No standout factor,Health Technology,28.9
SILVERTUC,195.47,194.33,197.0,192.1,True,False,True,True,False,True,0.5594339106649853,6.417788322,0.5434473386122746,False,-0.18804235182462678,True,40.23,True,1.0211048643983907,49.0,-0.17,0,True,▃▁▅▄▅▆█▆▆▅▆▅▂█▇▅▂▆▆▅,False,False,False,2,0.006487822460223391,0.05102699214969353,-0.003682622760511345,-0.010475234977903147,UP,False,49,37.0,IGNORE,NONE,,NEUTRAL,C,WAIT,No standout factor,Technology Services,32.9
ELPROINTL,175.5,179.75,179.75,175.1,False,False,True,True,False,True,0.15030704672087064,0.24010155,0.1481995489256796,False,0.30963392440282944,True,77.07,False,0.9392824062789451,35.0,-0.24,0,False,█▇▆▂▇▇██▆▆█▆▇▂▃▅▃▁▁▄,False,False,False,13,0.007173601147776099,0.05089820359281427,-0.0029968440729586376,-0.010604023534782403,UP,False,49,37.0,IGNORE,NONE,,NEUTRAL,C,WAIT,CMF positive,Electronic Technology,39.9
CIPLA,1450.0,1457.5,1474.3,1449.2,True,False,True,True,False,True,0.5477684680256564,107.111935,0.5522264521398562,False,0.028406209902867973,False,49.86,False,0.8910413353110422,20.0,-0.68,0,True,▅▁▂▃▄▅▅▆▃▄▅▄▄▅█▆▇▆▅▄,False,False,False,12,0.022062451540142414,0.03667691427754338,0.011892006319407677,-0.024825312850053294,UP,False,46,37.0,IGNORE,NONE,,NEUTRAL,C,WAIT,CMF positive,Health Technology,28.9
ALKEM,5475.0,5374.0,5510.0,5374.0,False,False,False,True,False,True,1.0348287404630063,69.540165,1.0185081317014058,True,0.10993939128079158,True,28.09,False,0.5752493293194896,2.0,-2.16,0,False,▃▄▇▇▅▇▂▇█▆▆█▂▆▅▇▅▂▃▁,False,False,False,5,-0.0363460353779812,0.022313509476239446,-0.04651648059871594,-0.03918871765135723,FLAT,False,43,37.0,IGNORE,NONE,,NEUTRAL,C,WAIT,CMF positive,Health Technology,28.9
TECHNOE,1002.45,965.0,1018.0,957.55,False,False,False,False,False,False,1.9905849802300715,44.54226183,1.9801801276653617,True,-0.028461078117125362,True,40.3,False,0.757212780549214,12.0,-1.21,0,False,▆██▇███▆▆▆▇▇▁▅▇▄▇▆▆▃,False,True,False,0,-0.017976097178683315,0.0039559339008512495,-0.02814654239941805,-0.057546293226745426,UP,False,38,37.0,IGNORE,NONE,,NEUTRAL,C,WAIT,No standout factor,Industrial Services,37.0
USHAMART,498.8,498.1,504.9,494.0,False,False,True,True,False,True,0.9052994938212818,24.97396828,0.8887688601867205,False,-0.1878172239089111,True,52.3,True,1.0272728165542164,69.0,0.48,0,False,▆▇▆▆▁▄▅▆▇█▇▆▅▇▇█▆█▆▆,False,False,False,5,-0.0027988804478208396,0.005543795988307565,-0.012969325668555576,-0.05595843113928911,UP,False,38,37.0,IGNORE,NONE,,NEUTRAL,C,WAIT,No standout factor,Producer Manufacturing,34.1
THANGAMAYL,5481.5,5328.0,5499.0,5321.0,False,False,False,True,False,False,0.2914828711345922,50.791579,0.2815349890893427,False,-0.2498805687969812,True,55.58,True,1.3771913522889176,91.0,1.46,0,True,▂▁▁▂▃▂▄▄▄▄▄▄▆▅▅█▆▆▆▆,False,False,False,3,-0.15055013172167986,0.0021939848249383775,-0.1607205769424146,-0.0593082423026583,FLAT,False,37,37.0,IGNORE,SEED,,NEUTRAL,C,WAIT,Delivery P91,Consumer Durables,29.9
IMFA,1418.4,1405.6,1423.0,1384.0,False,False,True,True,False,True,0.35934702283050934,11.187204480000002,0.350555216733139,False,-0.2913465208513962,True,51.7,True,1.1161605803171453,91.0,1.29,0,False,▅▆▃▇▅█▅▇█▁▄▄▇▆▃▅▆█▇▇,False,False,False,0,0.03216416824334156,-0.0008453085376161074,0.021993723022606826,-0.06234753566521278,UP,False,36,37.0,IGNORE,SEED,,NEUTRAL,C,WAIT,Delivery P91,Non-Energy Minerals,34.1
SIMPLEXINF,259.65,248.31,261.0,248.31,False,True,True,True,False,False,0.8298890516896894,2.200092345,0.8584265845299943,False,0.2690675712340081,True,57.09,False,0.9401399752984768,39.0,-0.22,0,True,▆█▇▅▅▃▂▅▇▃▄▅▆▁▆▄▂█▆▄,False,False,False,0,0.03963963963963946,-0.028619528619528767,0.02946919441890472,-0.09012175574712544,UP,False,28,37.0,IGNORE,NONE,,NEUTRAL,C,WAIT,CMF positive,Industrial Services,37.0
WHEELS,1442.6,1415.0,1452.0,1407.0,False,True,True,True,False,False,0.6374391599122012,7.832163919999998,0.6478299706354401,False,-0.1259457826638496,True,50.43,True,1.0060747523715474,53.0,0.15,0,True,▄▃▁▃▂▄▃▆▃▆▄█▅▃▅▅▅▃▄▄,False,False,False,0,-0.03103170338527672,-0.04311488458477053,-0.04120214860601146,-0.1046171117123672,UP,False,24,37.0,IGNORE,NONE,,NEUTRAL,C,WAIT,No standout factor,Producer Manufacturing,34.1
CUMMINSIND,5410.0,5348.0,5426.0,5339.5,False,False,False,True,False,True,0.9111539629595458,219.852121,0.9039581371077566,False,0.12236415811102366,True,62.54,True,1.1159188844379813,79.0,0.68,0,False,▄▆▄▇▄▄▃▄▃▂▁▂▁▄▇▆█▂▅▅,False,False,False,0,-0.006975036710719529,-0.06522678185745145,-0.017145481931454265,-0.12672900898504813,UP,False,19,37.0,IGNORE,NONE,,NEUTRAL,C,WAIT,CMF positive,Producer Manufacturing,34.1
BANCOINDIA,628.55,611.95,633.8,611.95,False,False,False,False,False,False,1.3173485541120655,13.793089764999998,1.3012788041054473,True,-0.1619465208130514,True,34.47,False,0.7140193885160329,31.0,-0.29,0,True,▆▇▃▃▇▇▅▁▅▅▆▅▅▅▄▇▆█▅▂,False,True,False,3,-0.03337178008458297,-0.07762858610316248,-0.043542225305317706,-0.13913081323075915,UP,False,16,37.0,IGNORE,NONE,,NEUTRAL,C,WAIT,No standout factor,Producer Manufacturing,34.1
GOCOLORS,346.85,344.0,349.6,340.35,False,True,True,False,True,False,0.5360533348241403,6.18600038,0.5618045995144897,False,-0.12275790966457238,True,47.0,True,1.3273086698672694,47.0,0.05,0,True,▆▆▃▄█▆▁▃▅▇▃▄▇▆█▅▅▇▇▇,False,False,False,0,0.006821480406386193,-0.1129156010230179,-0.003348964814348543,-0.17441782815061457,UP,False,9,37.0,IGNORE,NONE,,NEUTRAL,C,WAIT,No standout factor,Consumer Non-Durables,37.4
KPEL,262.3,243.7,264.95,240.0,False,False,False,False,False,False,2.446809601385297,22.534560220000003,2.2980585180017092,True,-0.2985469857177351,True,34.08,False,0.62288669968746,6.0,-1.52,0,False,▅▅▇▅▅▇█▇▆▆▆▇▅█▁▇▆▇▆▂,False,True,False,0,-0.15305134000645781,-0.24081041968162076,-0.16322178522719255,-0.30231264680921743,UP,False,1,37.0,IGNORE,NONE,,NEUTRAL,C,WAIT,No standout factor,Utilities,32.3
DIFFNKG,408.5,398.55,410.85,398.55,False,True,True,True,False,True,0.4404614862213115,4.42188995,0.44997518050491214,False,-0.11345373606574655,True,52.17,True,1.1865042813768636,65.0,0.27,0,False,█▅▆▅▅▇▆▆▅▆▇▂▅▅▃▆▁▄▃▇,False,False,False,4,0.03195654919792834,0.23488512696493347,0.021786103977193605,0.1733828998373368,FLAT,True,82,36.0,IGNORE,NONE,,NEUTRAL,C,WAIT,No standout factor,Producer Manufacturing,34.1
IVALUE,280.3,275.6,284.35,275.6,False,False,True,True,False,True,0.7918820582883402,6.50105396,0.7944660779956588,False,-0.06853056351327949,True,64.39,True,1.0564570378513183,85.0,0.94,0,True,▄▅▁▄▃▅▂▂▅▇▇▇█▄▅▇▇▆█▆,False,False,False,0,-0.03610729023383774,0.21816601477618436,-0.04627773545457248,0.15666378764858768,FLAT,True,81,36.0,IGNORE,SEED,,NEUTRAL,C,WAIT,No standout factor,Technology Services,32.9
SHARDAMOTR,936.2,909.0,938.45,903.55,False,True,True,True,False,False,0.8929522025390307,8.42523828,0.9345900501713928,False,-0.03787243625512475,True,62.97,True,1.2284312482320694,88.0,1.03,0,False,▆▅▅▄██▁▄▅▆█▂▇▇▅▃▅▄▇█,False,False,False,5,0.10930742342555844,0.1760567803529931,0.0991369782048237,0.11455455322539643,FLAT,True,75,36.0,IGNORE,SEED,,NEUTRAL,C,WAIT,No standout factor,Producer Manufacturing,34.1
STOVEKRAFT,774.25,748.5,776.6,740.3,False,False,True,True,False,True,0.29981772245604643,8.1906359,0.2943526320202605,False,-0.2853193913845852,True,54.84,True,1.1252462245567958,71.0,0.59,0,False,▅▆▇█▅█▇█▇▃▆▁▃▆▆▇▆▇▅▇,False,False,False,8,-0.0032185387833922885,0.16516177577125668,-0.013388984004127025,0.10365954864366,FLAT,True,73,36.0,IGNORE,NONE,,NEUTRAL,C,WAIT,No standout factor,Consumer Durables,29.9
BATAINDIA,753.1,755.0,758.0,747.8,True,True,True,False,False,False,0.8828132896755995,44.496988810000005,0.9185026569032416,False,-0.18994562197302364,True,56.05,True,1.2049876383962161,82.0,0.8,0,True,▆▆▄▅▇██▆▇▄▅▆▇▆▆▁▆▃▅▇,False,False,False,0,0.07755043640005721,0.12688912165195276,0.06737999117932247,0.06538689452435609,UP,True,66,36.0,IGNORE,NONE,,NEUTRAL,C,WAIT,No standout factor,Consumer Non-Durables,37.4
CHALET,834.45,847.75,848.75,826.0,True,True,True,True,False,False,0.564805958229247,4.821368655000001,0.5672193202565896,False,0.16572730972816177,True,41.54,False,0.7408398205862158,12.0,-1.07,0,True,▄▃▄▅▅▃▁▃▄█▆▅▅▆▆▇▄▇▃▂,False,False,False,2,-0.006548008810048245,0.0985387045813586,-0.01671845403078298,0.03703647745376193,FLAT,True,60,36.0,IGNORE,NONE,,NEUTRAL,C,WAIT,CMF positive,Consumer Services,31.6
GREENLAM,255.65,250.95,258.4,250.8,False,True,True,True,False,True,0.540753726604806,3.6980028149999997,0.5469579873935283,False,-0.13221303852592345,True,57.88,True,1.132780773257919,73.0,0.52,0,False,█▅▁▄▆▅▅▆▆█▂▃▆▃▆▅▃▄▇▆,False,False,False,3,0.029394000402657605,0.09033138567833832,0.01922355518192287,0.02882915855074164,FLAT,True,59,36.0,IGNORE,NONE,,NEUTRAL,C,WAIT,No standout factor,Non-Energy Minerals,34.1
TIMETECHNO,185.67,189.0,191.7,185.02,True,False,False,False,False,False,0.37532768187128923,26.047310093999997,0.3379603223149675,False,-0.08157186995705147,True,53.91,True,1.9989617709221696,94.0,1.81,1,True,▃▂▂▂▂▃▂▂▃▁▃▄▆▄▃▄▅▇▄█,False,False,False,2,-0.10675454632926018,0.07928849619252443,-0.11692499154999492,0.01778626906492775,FLAT,True,56,36.0,IGNORE,SEED,DEL54% ▃▂▂▂▂▃▂▂▃▁▃▄▆▄▃▄▅▇▄█ P94 Z+1.8,NEUTRAL,C,WAIT,Delivery P94,Process Industries,34.6
JYOTHYLAB,210.68,214.25,216.9,206.54,True,True,True,False,False,False,1.9215257974254474,34.594119496000005,1.9712572035103713,False,0.3366680401986879,False,37.58,False,0.7438490924566021,6.0,-1.47,0,False,█▆▆▆▆▅██▇▇█▇█▇▇▁▄▆▇▄,False,True,True,1,0.05182226660009981,0.05619892715696606,0.04165182137936507,-0.005303299970630615,UP,False,50,36.0,IGNORE,NONE,,NEUTRAL,C,WAIT,CMF positive,Consumer Non-Durables,37.4
KOTAKBANK,392.6,393.1,394.35,389.85,False,True,True,False,False,True,0.7281043998538889,357.14731702,0.7355071563128722,False,0.3700112376158952,False,58.35,False,0.8613944699508407,12.0,-1.06,0,True,▇▇██▄▇▆█▇▂▇▅▇▅▃▄▄█▁▂,False,False,False,0,0.006795743043980007,0.02909567496723464,-0.003374702176754729,-0.032406552160362034,UP,False,45,36.0,IGNORE,NONE,,NEUTRAL,C,WAIT,CMF positive,Finance,29.7
ASIANPAINT,2704.5,2751.0,2751.0,2690.3,True,False,True,True,False,True,0.6373128753550822,175.35518235,0.6292374144417763,False,0.1286223296975057,False,52.95,False,0.9759828949551177,41.0,-0.25,0,False,▆▅▇▃▅▁▄▅▇▅▆▆▇███▇▆▆▆,False,False,False,6,0.005764224618817426,0.016118124436429238,-0.00440622060191731,-0.04538410269116744,UP,False,41,36.0,IGNORE,NONE,,NEUTRAL,C,WAIT,CMF positive,Process Industries,34.6
BELRISE,236.73,237.0,238.7,232.25,False,False,True,True,False,True,1.0124305380034804,121.94627511299998,0.9887179246385077,True,-0.06443018246276656,False,32.99,False,0.7046209378570896,16.0,-0.93,0,True,▆█▅▇▅▇▄▃▃▆▆▆▅▄▃▁▄▅▅▁,False,False,False,5,-0.00012671059300561893,0.00852042772547179,-0.010297155813740355,-0.052981799402124885,UP,False,39,36.0,IGNORE,NONE,,NEUTRAL,C,WAIT,No standout factor,Producer Manufacturing,34.1
JSWSTEEL,1267.0,1267.3,1276.7,1260.3,True,False,True,True,False,True,0.5153529692736658,119.0933121,0.5128249551824953,False,0.05433785627375594,False,53.78,False,0.9256773038658819,68.0,0.43,0,True,█▆▃▄▃▁▂▅▅▃▃▄▁▄▅▄█▄▂▃,False,False,False,2,0.024003879414854934,-0.02620859272922904,0.013833434194120198,-0.08771081985682572,UP,False,29,36.0,IGNORE,NONE,,NEUTRAL,C,WAIT,CMF positive,Non-Energy Minerals,34.1
CREST,352.05,354.95,364.0,349.3,True,False,False,False,False,True,0.8877177372437631,0.136982655,0.8308423847167692,False,0.08722003899729464,False,93.45,True,1.51192797107194,98.0,1.89,1,False,▅▆▄▇▅▁▄▂▅▄▂▇▄▆▂▆▆▇▆█,False,False,False,0,-0.05856397914159639,-0.028559602649006477,-0.06873442436233113,-0.09006182977660315,UP,False,28,36.0,IGNORE,SEED,DEL93% ▅▆▄▇▅▁▄▂▅▄▂▇▄▆▂▆▆▇▆█ P98 Z+1.9,NEUTRAL,C,WAIT,"Delivery P98, CMF positive",Finance,29.7
JNKINDIA,463.95,472.7,473.7,461.0,True,True,True,True,False,False,0.4442929612723803,7.716926745,0.46905832853314094,False,0.06015093533219635,False,45.25,False,0.9902073417583017,41.0,-0.07,0,True,▄▃▂▃▃▆▇█▆▃▇▅█▆▆▄▅▁▅▅,False,False,False,0,-0.03414177162485699,-0.04152463588472266,-0.04431221684559172,-0.10302686301231934,UP,False,25,36.0,IGNORE,NONE,,NEUTRAL,C,WAIT,CMF positive,Producer Manufacturing,34.1
NH,1803.0,1823.9,1834.9,1799.1,True,False,False,False,False,True,0.6188537821408697,42.0268482,0.581022004208398,False,-0.22103158763334338,False,64.86,True,1.0717915244854626,91.0,1.21,0,True,▁▃▃▂▁▂▄▃▃▆▃█▂▅▅▃▅▄▃▄,False,False,False,4,-0.09746208139360268,-0.06787985317685985,-0.10763252661433742,-0.12938208030445653,UP,False,18,36.0,IGNORE,SEED,,NEUTRAL,C,WAIT,Delivery P91,Health Services,40.2
ONESOURCE,1542.3,1554.0,1570.2,1531.2,True,False,False,False,False,False,0.9452693357830003,35.70825498,0.8958284606006653,False,0.037950471939392376,True,67.43,True,1.32337644495908,91.0,1.37,0,True,▁▃▂▁▂▂▁▂▃▁▃█▄▁▄▅▂▄▄▇,False,False,False,0,-0.06595203488372103,-0.10090940888422528,-0.07612248010445577,-0.16241163601182196,UP,False,11,36.0,IGNORE,SEED,,NEUTRAL,C,WAIT,"Delivery P91, CMF positive",Health Technology,28.9
TATAELXSI,3662.0,3759.0,3759.0,3656.0,True,False,False,False,False,False,0.5217575184649029,70.2964844,0.5283005240537889,False,0.029265984638887476,True,48.8,True,1.224269640370793,92.0,1.28,0,True,▇▇▁▆▇▅▆▁▆▄▄▄▃▂▅▅▄▅██,False,False,False,0,0.05789230413681534,-0.13981020388988064,0.047721858916080606,-0.2013124310174773,UP,False,5,36.0,IGNORE,SEED,,NEUTRAL,C,WAIT,"Delivery P92, CMF positive",Technology Services,32.9
CEIGALL,309.15,310.0,312.0,302.3,True,False,False,False,False,False,4.6038263191879665,34.3632591,4.304142236620754,False,0.012855863636224036,True,31.26,False,0.5420354941348846,17.0,-1.1,0,True,▆▄▄▅▅▅▅▅▅▅▅▇▇▆▃█▃▃▇▁,False,False,False,0,-0.09618476830872691,-0.15625,-0.10635521352946165,-0.21775222712759668,UP,False,4,36.0,IGNORE,NONE,,NEUTRAL,C,WAIT,CMF positive,Industrial Services,37.0
NELCO,948.8,1092.3,1098.0,938.6,True,False,True,True,False,True,3.9716856402547975,201.93623503999999,3.7723127454997063,False,-0.0651808221448083,False,26.76,False,0.883051742344245,16.0,-1.04,0,False,▄▅▃▃▇▆▅▁▁▃▂█▃▃▂█▅▄▁▃,False,False,True,10,0.021863220247711368,0.3558159474135467,0.011692775026976632,0.29431372028595004,FLAT,True,91,35.0,IGNORE,DISTRIBUTION,,NEUTRAL,C,WAIT,RS leader,Electronic Technology,39.9
FLUOROCHEM,4674.8,4700.0,4775.0,4651.0,True,True,True,True,False,True,0.4588880044852873,57.52715384,0.4646218243106248,False,-0.1757927060342304,False,50.63,True,1.089766355643087,51.0,-0.01,0,False,▅█▅▇▆▆▅▄█▇▆▅▄▇▆▁▁▄▇▆,False,False,False,12,0.01469471033839076,0.3062479043254722,0.004524265117656023,0.24474567719787554,FLAT,True,89,35.0,IGNORE,NONE,,NEUTRAL,C,WAIT,No standout factor,Process Industries,34.6
ASHIKAG,425.1,454.8,461.0,422.4,True,False,True,True,False,True,0.7270617154751092,14.93219013,0.6754530038038408,False,0.1048807162254723,False,0.0,False,0.0,,,0,False,,False,False,False,10,0.06447977964191809,0.21822610689210498,0.05430933442118335,0.1567238797645083,FLAT,True,81,35.0,IGNORE,NONE,,NEUTRAL,C,WAIT,CMF positive,Miscellaneous,11.1
ELLEN,324.75,329.0,336.9,322.0,True,True,True,True,False,False,0.3699047994442541,10.063255575,0.3964315584576565,False,0.12465092251230943,False,44.95,False,0.9516550753173066,21.0,-0.74,0,False,▆▅▅▆▆▇█▄▆▆▇█▁▃▅▂▃▄▄▅,False,False,False,6,0.09749915511997309,0.2079226334387203,0.08732870989923835,0.14642040631112363,FLAT,True,79,35.0,IGNORE,NONE,,NEUTRAL,C,WAIT,CMF positive,Process Industries,34.6
PICCADIL,692.85,699.8,709.95,688.5,True,False,True,True,False,True,0.8465660332173022,27.822985305,0.8167483035962899,False,0.0346587177381012,True,36.99,False,0.7767092222408869,14.0,-1.02,0,False,▆▅▃▅▅▃▇▅█▄▅▆▇▇▁▁▅▅▂▂,False,False,False,5,-0.08103985675442671,0.18153137789904505,-0.09121030197516145,0.12002915077144838,FLAT,True,76,35.0,IGNORE,NONE,,NEUTRAL,C,WAIT,CMF positive,Process Industries,34.6
DHAMPURSUG,168.65,173.9,177.45,166.5,True,True,True,True,False,True,2.9214748433391704,27.052573090000003,3.191424528884327,False,-0.0027335510399429455,False,36.79,False,0.8722453382647557,28.0,-0.48,0,False,▆▆▄▆▆█▇▁▃▃▄▄▅▄▅▅▃▄▅▄,False,False,True,10,0.16054225158271418,0.17313578185865341,0.15037180636197944,0.11163355473105674,UP,True,74,35.0,IGNORE,DISTRIBUTION,,NEUTRAL,C,WAIT,No standout factor,Process Industries,34.6
INOXINDIA,1958.1,1949.9,1978.0,1920.0,False,True,True,True,False,True,0.7248650042572887,27.355048619999998,0.7215803340957019,False,-0.17747881152637557,False,49.41,True,1.069712058887205,52.0,0.09,0,True,▂▃▄▄▃█▇▆▅▁▆█▇▆▅▆▅▇▅▆,False,False,False,0,-0.06481039258763988,0.16090591095037632,-0.07498083780837461,0.09940368382277964,FLAT,True,72,35.0,IGNORE,NONE,,NEUTRAL,C,WAIT,No standout factor,Producer Manufacturing,34.1
RAMCOIND,344.75,354.35,356.25,342.1,True,False,True,True,False,True,0.13096375478393363,6.153615125,0.12121472630626574,False,0.201781112194804,False,40.18,False,0.9472840437570728,16.0,-0.81,0,True,▇▆▆▄▅▇▇▅▇█▇▅█▁▂▄▄▄▅▅,False,False,False,1,-0.013026052104208485,0.1520467836257311,-0.02319649732494322,0.09054455649813442,FLAT,True,71,35.0,IGNORE,NONE,,NEUTRAL,C,WAIT,CMF positive,Non-Energy Minerals,34.1
UDS,210.79,211.97,212.79,203.12,True,True,True,True,False,False,0.7240028395250151,5.6196614,0.7398159601283291,False,0.25689396276006954,False,47.63,False,0.9609409675987572,29.0,-0.48,0,False,▅▂▄▃▆▄▆▃▄▅▂▃▅█▇▁▄▇▆▄,False,False,False,14,0.05289710289710281,0.15236168816969164,0.042726657676368074,0.09085946104209497,FLAT,True,71,35.0,IGNORE,NONE,,NEUTRAL,C,WAIT,CMF positive,Commercial Services,24.6
MUFIN,135.82,135.4,136.8,135.1,True,True,True,True,False,True,0.5786668033946017,9.503760024,0.592907155864837,False,-0.05413666503253881,False,35.62,True,1.030462579917262,32.0,-0.59,0,False,█▆█▄█▅▁▄▅▁▄▂▅█▇▇▄▆▄▆,False,False,False,8,0.05737641105488511,0.12564230067959548,0.047205965834150376,0.0641400735519988,FLAT,True,66,35.0,IGNORE,NONE,,NEUTRAL,C,WAIT,No standout factor,Finance,29.7
SMARTWORKS,508.5,495.0,515.7,491.6,False,True,True,True,True,False,0.6578419819768612,7.12098315,0.687464614312513,False,-0.32295091223352307,False,59.87,False,0.9868383098312962,62.0,0.29,0,True,▁▁▄▅█▅▆▅▄▅▃▆▇▃█▅▆▆▆▅,False,False,False,3,0.016999999999999904,0.12029081295439537,0.006829554779265168,0.05878858582679869,FLAT,True,64,35.0,IGNORE,NONE,,NEUTRAL,C,WAIT,No standout factor,Finance,29.7
RACLGEAR,1399.1,1350.7,1411.0,1348.9,False,True,True,True,False,True,0.4352976292601985,2.59127311,0.43655218680909075,False,0.04233143637164168,True,51.78,False,0.9875554284079531,69.0,0.52,0,True,▁▅▄▃▇█▇▆▆▄█▄▅▄▃▆▅▇▇▅,False,False,False,2,0.03102431834929975,0.11775984660861227,0.020853873128565015,0.0562576194810156,FLAT,True,64,35.0,IGNORE,NONE,,NEUTRAL,C,WAIT,CMF positive,Producer Manufacturing,34.1
AARTIDRUGS,412.8,410.75,415.2,404.5,False,False,True,True,False,False,0.43572506347287226,4.07920704,0.4247601991705134,False,-0.10726729216690552,False,59.83,True,1.1972584921706937,90.0,1.28,0,True,▄▄▆▆▅▅▄▆▄▆▆▆▅█▁▄▄▇▆▇,False,False,False,3,-0.03302881236823607,0.09758043073650624,-0.04319925758897081,0.036078203608909565,FLAT,True,60,35.0,IGNORE,SEED,,NEUTRAL,C,WAIT,Delivery P90,Health Technology,28.9
WINDLAS,917.95,939.0,939.0,911.95,True,True,True,True,False,True,0.2100496237443121,3.369151885,0.20743957309327313,False,0.47108052478125,False,51.22,False,0.9709308387121234,27.0,-0.57,0,False,▆▇▇▇█▆▆██▆██▆▇▁▄▄▇▆▆,False,False,False,7,0.042532651902328356,0.09881493895140059,0.03236220668159362,0.03731271182380391,FLAT,True,60,35.0,IGNORE,NONE,,NEUTRAL,C,WAIT,CMF positive,Health Technology,28.9
ULTRACEMCO,11648.0,11657.0,11698.0,11587.0,True,False,False,False,False,True,0.6561074183405947,225.8558848,0.6400691170890275,False,0.2588883959323245,True,64.66,True,1.1647407434093795,69.0,0.48,0,False,▆▆▄▅▇█▆▆▄▃▄▅▅▄▄▆▁▆▆▇,False,False,False,8,-0.006736590773428808,0.05919796308084013,-0.016907035994163544,-0.0023042640467565434,FLAT,False,51,35.0,IGNORE,NONE,,NEUTRAL,C,WAIT,CMF positive,Non-Energy Minerals,34.1
GENUSPOWER,314.55,316.0,318.45,311.0,True,True,True,True,False,True,0.7522891940573314,34.793098965000006,0.7548456367515228,False,-0.10121613693703277,True,48.68,False,0.9576267852224888,48.0,-0.1,0,True,▃▂▁▄▆▄▇▄▅▃█▅▆▅▅▄▆▃▂▄,False,False,False,0,0.0,0.035385121790651786,-0.010170445220734736,-0.02611710533694489,UP,False,46,35.0,IGNORE,NONE,,NEUTRAL,C,WAIT,No standout factor,Electronic Technology,39.9
KIMS,805.5,800.0,808.9,800.0,False,True,True,True,False,True,0.3252005183266674,17.52840495,0.32597779556683804,False,-0.05451862603937951,True,55.4,False,0.873073407507801,58.0,0.11,0,True,▄▅▆▁▅▃▆▂▃▂▃▂█▂▇▅▄▁▅▂,False,False,False,0,0.019039787462837632,0.030578300921187296,0.008869342242102896,-0.03092392620640938,UP,False,45,35.0,IGNORE,NONE,,NEUTRAL,C,WAIT,No standout factor,Health Services,40.2
DCBBANK,183.08,182.8,183.64,180.5,True,False,False,True,False,True,0.4314033810619938,12.741013208000002,0.4161286148102787,False,-0.38297439180700105,True,57.48,True,1.0758303152811701,85.0,0.98,0,True,▆▅▄▁▅▅▇█▅▆▅█▇█▆▅▆█▇▇,False,False,False,4,-0.03753548522763106,0.030797815438319942,-0.047705930448365796,-0.030704411689276734,FLAT,False,45,35.0,IGNORE,SEED,,NEUTRAL,C,WAIT,No standout factor,Finance,29.7
YATHARTH,854.0,838.7,859.8,838.0,False,True,True,True,False,True,0.730626855173973,18.6296684,0.7247673956650366,False,-0.15386261581387028,True,49.74,False,0.9691938972350499,64.0,0.4,0,False,▁▅▅▂▆▆▇█▅▂▆▇▃▁▁▆▆▂▆▄,False,False,False,4,-0.0037330844610359293,0.017757120724585906,-0.013903529681770666,-0.04374510640301077,UP,False,42,35.0,IGNORE,NONE,,NEUTRAL,C,WAIT,No standout factor,Health Services,40.2
BLIL,71.3,71.2,71.38,70.72,False,True,True,False,True,True,1.081111708527326,0.31970206999999995,1.092269696435503,True,-0.0026805788918410757,True,74.75,True,1.0320024298652528,59.0,0.26,0,False,▅▃▆█▆▆▆▁▄▄▅▇▇█▄▆▆▆▄▆,False,False,False,0,0.017263518333570982,0.0029540019693345965,0.007093073112836246,-0.05854822515826208,UP,False,37,35.0,IGNORE,NONE,,NEUTRAL,C,WAIT,No standout factor,Commercial Services,24.6
SCI,295.75,285.0,297.45,284.1,False,True,True,True,False,True,0.9139291853783394,81.010095075,0.9155423370895984,False,-0.1661482401529786,True,32.03,False,0.8436718029764257,55.0,0.13,0,True,▇▃▂▄▂▄▃▅█▁▄▇▁▆▃▅▃▆█▃,False,False,False,0,0.068075117370892,-0.004711425206124775,0.057904672150157266,-0.06621365233372145,UP,False,35,35.0,IGNORE,NONE,,NEUTRAL,C,WAIT,No standout factor,Transportation,27.3
ZEEL,105.32,104.87,106.95,103.5,False,True,True,True,False,True,0.7259333414437213,258.700665068,0.7522730298435927,False,-0.011156558967785361,True,28.95,False,0.962753574991686,20.0,-1.02,0,True,▂▃▂▅▄▆█▇▄▃▅▅▂▃▁▄▂▂▂▃,False,False,False,1,-0.021007622234616163,-0.021371492287678984,-0.0311780674553509,-0.08287371941527566,UP,False,30,35.0,IGNORE,NONE,,NEUTRAL,C,WAIT,No standout factor,Consumer Services,31.6
RECLTD,338.5,340.0,341.85,338.5,True,False,False,False,False,True,1.0535293423718193,202.19488485,1.0023150880889111,False,0.028522771247055146,False,64.8,True,1.1604376712451425,92.0,1.53,0,False,▆▆▄▅▁▃▅▆▆▇▃▄▅▅███▄▄█,False,False,False,5,-0.06504626432813154,-0.038625390514058555,-0.07521670954886628,-0.10012761764165523,UP,False,26,35.0,IGNORE,SEED,,NEUTRAL,C,WAIT,"Delivery P92, CMF positive",Finance,29.7
PRAKASH,134.97,135.0,136.89,132.7,False,True,True,False,False,False,1.1034208108278394,8.178601629000001,1.1398562731708333,True,0.11976314374924912,True,52.7,False,0.9583822071887759,52.0,0.01,0,False,█▄▅▄▄▄▄▅▅▄▅▃▄▄▃▃▅▁▃▄,False,False,False,0,0.0863650998068255,-0.049707808209533244,0.07619465458609076,-0.11121003533712992,UP,False,23,35.0,IGNORE,NONE,,NEUTRAL,C,WAIT,CMF positive,Non-Energy Minerals,34.1
HDFCLIFE,538.0,539.5,540.0,535.6,True,False,False,False,False,False,0.22371972783622468,41.4968008,0.22015811299215238,False,0.14108505821583148,True,58.94,True,1.023192833830984,48.0,-0.01,0,True,▃▅▁▃▄▂██▆▅▇▇▄▄▇▇▅▄▄▅,False,False,False,0,-0.04550696354120465,-0.06230936819172117,-0.055677408761939384,-0.12381159531931785,UP,False,19,35.0,IGNORE,NONE,,NEUTRAL,C,WAIT,CMF positive,Finance,29.7
WAAREEENER,2709.1,2706.9,2719.5,2693.0,False,False,False,False,False,False,0.45141137001205134,107.40687497,0.4562458694407908,False,0.13493685099231967,True,53.86,True,1.3326240520579467,98.0,2.49,0,False,▄▂▄▆▄▂▁▃▅▆▆█▅▄▅▇▆▅▇█,False,False,False,0,-0.008418432707441137,-0.10908313601683772,-0.018588877928175873,-0.1705853631444344,UP,False,10,35.0,IGNORE,SEED,,NEUTRAL,C,WAIT,"Delivery P98, CMF positive",Electronic Technology,39.9
MBAPL,162.47,165.0,165.99,161.99,True,False,False,False,False,False,0.24156599712950533,6.142568278,0.25215236329233776,False,0.06602467149642821,True,55.93,True,1.002734077360943,83.0,0.92,0,True,▆▃▃▁▃▄▆▅▄▄█▄▅▆▇▅▆▆█▅,False,False,False,0,0.1302260869565217,-0.7066799061202382,0.12005564173578698,-0.7681821332478349,UP,False,0,35.0,IGNORE,NONE,,NEUTRAL,C,WAIT,CMF positive,Process Industries,34.6
BHARATSE,240.91,240.35,248.7,239.03,False,True,True,True,False,True,0.6422943209881675,7.445130822,0.6724915739430738,False,0.006019812333872721,False,29.76,False,0.8368130245898183,13.0,-1.02,0,True,▅▄▄█▆▆▄▄▇▁▇▇▆▆▅▃▃▄█▄,False,False,False,0,0.08767890198203077,0.291465637396805,0.07750845676129603,0.2299634102692083,FLAT,True,88,34.0,IGNORE,NONE,,NEUTRAL,C,WAIT,CMF positive,Producer Manufacturing,34.1
SUVEN,339.9,333.0,344.2,321.15,False,True,True,True,False,True,0.8144760294762673,19.47463848,0.8630586143808501,False,-0.01731211819467211,True,30.76,False,0.8111386530246295,12.0,-1.26,0,True,▅▁▄█▇▅█▃▆▄▅▃▇▄▄▆▆▅▁▂,False,False,False,0,-0.001615508885298933,0.285309132161089,-0.01178595410603367,0.22380690503349232,FLAT,True,87,34.0,IGNORE,NONE,,NEUTRAL,C,WAIT,No standout factor,Health Technology,28.9
BEPL,122.17,123.0,124.48,121.2,True,True,True,True,False,True,0.08813432249561355,7.164195404000001,0.08850472921185984,False,-0.10208737179231994,True,46.07,True,1.4172986110042918,23.0,-0.59,0,False,▁▃▁▅▃▄▆▆▆▆▆▆▆▆▇█▆▇▇█,False,False,False,1,-0.010288399222294187,0.2566344373585683,-0.020458844443028923,0.1951322102309716,FLAT,True,85,34.0,IGNORE,NONE,,NEUTRAL,C,WAIT,No standout factor,Process Industries,34.6
RGL,124.9,121.9,125.85,120.2,False,True,True,True,False,True,0.47865052124108604,5.42444447,0.5035470995223035,False,-0.018802484800298263,True,37.53,False,0.6802363517726383,31.0,-0.41,0,False,▆▇▇██▃▅█▆▅▄▅▅▄▅▄▅▁▃▃,False,False,False,6,0.04309336896609328,0.2481263115818928,0.032922923745358545,0.18662408445429612,FLAT,True,84,34.0,IGNORE,NONE,,NEUTRAL,C,WAIT,No standout factor,Consumer Durables,29.9
AARTIIND,530.1,526.0,533.8,520.85,False,True,True,True,False,True,0.4873278197866885,44.014309020000006,0.5106145603052412,False,-0.009303236099879096,True,37.84,False,0.9342748506246608,21.0,-0.64,0,False,▆█▆▆█▇▆▁▅▇▇▅▇▆▆▅▄▅▇▅,False,False,False,7,0.0612612612612613,0.2036784741144415,0.051090816040526565,0.14217624698684483,FLAT,True,79,34.0,IGNORE,NONE,,NEUTRAL,C,WAIT,No standout factor,Process Industries,34.6
SPORTKING,214.34,207.0,216.0,205.0,False,True,True,True,False,True,0.5223616921388775,12.840123436,0.5088803718165699,False,-0.1361189839986632,True,44.42,False,0.968367814087332,20.0,-0.83,0,False,▆▅▅▇▇▇▇▄▁▄▆▆▆▇▅▇█▇▇▆,False,False,False,7,0.08001612415600112,0.20524066576698163,0.06984567893526639,0.14373843863938496,FLAT,True,79,34.0,IGNORE,NONE,,NEUTRAL,C,WAIT,No standout factor,Process Industries,34.6
INDIGOPNTS,1150.8,1161.0,1169.5,1134.3,True,True,True,True,False,True,0.6757309737477495,13.92951336,0.6839505115381842,False,-0.5068475745248284,True,43.22,False,0.873722620359233,29.0,-0.5,0,False,▃▄▆▅▆▅▃▇█▇▄█▆▆▆▇▅▃▁▄,False,False,False,10,0.06802784222737812,0.1812769451857934,0.057857397006643385,0.11977471805819673,FLAT,True,76,34.0,IGNORE,NONE,,NEUTRAL,C,WAIT,No standout factor,Process Industries,34.6
GALAPREC,1059.6,1018.0,1067.9,1010.1,False,False,True,True,False,True,1.0096802475709303,5.3447283599999995,1.0026263077770667,True,-0.16096060241163773,True,45.98,False,0.9617637215528781,27.0,-0.67,0,True,▃▃▆▁▃▃▇▄█▇▁▂▁▄▅▆▄█▅▃,False,False,False,0,-0.117882117882118,0.17251300210246745,-0.12805256310285273,0.11101077497487077,FLAT,True,74,34.0,IGNORE,NONE,,NEUTRAL,C,WAIT,No standout factor,Producer Manufacturing,34.1
POWERICA,562.9,570.0,574.0,553.2,False,True,True,True,False,True,0.7003360373806473,7.36791068,0.7256142219827801,False,-0.10448463271027163,True,59.62,True,1.130815773002295,87.0,1.08,0,False,▃▅▄▄▄▅▅▄▄▅█▂▄▃▇▅▃▃▁▆,False,False,False,0,-0.0005326704545455252,0.13259557344064388,-0.010703115675280261,0.0710933463130472,FLAT,True,67,34.0,IGNORE,SEED,,NEUTRAL,C,WAIT,No standout factor,Producer Manufacturing,34.1
INDUSINDBK,1015.0,1007.0,1019.5,1007.0,False,True,True,True,False,True,0.26731741048658536,54.7443295,0.2647460201332413,False,0.031856901315032576,False,43.75,False,0.9027598658756771,32.0,-0.44,0,True,▅▂▁▅▄▅▂█▄▄▅▄▆▄▅▅▅▅▅▃,False,False,False,1,-0.04555926465748272,0.09991330732553094,-0.05572970987821746,0.038411080197934266,FLAT,True,60,34.0,IGNORE,NONE,,NEUTRAL,C,WAIT,CMF positive,Finance,29.7
KROSS,202.5,203.5,208.01,201.35,True,True,True,True,False,True,0.47090580062834764,6.676101,0.4655778900340394,False,-0.08659742195325641,True,45.33,True,1.304535512835271,74.0,0.67,0,False,▁▁▄▅▂▆▃▂█▅▄▆▆██▄▆▇▇▇,False,False,False,1,-0.04132935662547932,0.09988593775460308,-0.051499801846214055,0.03838371062700641,FLAT,True,60,34.0,IGNORE,NONE,,NEUTRAL,C,WAIT,No standout factor,Producer Manufacturing,34.1
KPRMILL,1123.5,1135.6,1140.0,1118.3,True,True,True,True,False,True,0.3303779521979074,12.4135515,0.3444007642522081,False,-0.1535095707499595,True,42.99,False,0.9191887875645453,42.0,-0.15,0,True,█▇▅▆▆▆▅▆▄▆▆▆▅▁▁▅▇▅▆▅,False,False,False,0,0.020528658370424058,0.09104151493080836,0.010358213149689321,0.02953928780321169,FLAT,True,59,34.0,IGNORE,NONE,,NEUTRAL,C,WAIT,No standout factor,Consumer Non-Durables,37.4
NEWGEN,528.45,533.1,534.5,526.4,True,False,True,False,False,False,0.15982999700414857,15.325736985000002,0.15549262504226996,False,-0.10603216761682742,True,44.14,True,1.5686971355462365,86.0,1.11,1,True,▄▅▃▅▁▂▃▃▄▄▄▆▃▅▅█▆▆▆▇,False,False,False,0,-0.032674354750137136,0.0843336411203448,-0.04284479997087187,0.02283141399274813,FLAT,True,57,34.0,IGNORE,SEED,DEL44% ▄▅▃▅▁▂▃▃▄▄▄▆▃▅▅█▆▆▆▇ P86 Z+1.1,NEUTRAL,C,WAIT,No standout factor,Technology Services,32.9
TRENT,2992.0,2947.7,3020.6,2945.0,False,False,False,False,False,False,1.5016816516954987,486.226928,1.4935747608887562,True,0.041048488063358736,True,45.06,False,0.9663410501935471,44.0,-0.19,0,True,▇▃▅▅█▆▅█▇▆▆▁▄▇▄▅▆█▇▅,False,False,False,0,0.05263157894736836,0.054412179306456254,0.042461133726633626,-0.007090047821140422,UP,False,50,34.0,IGNORE,NONE,,NEUTRAL,C,WAIT,CMF positive,Retail Trade,32.3
SBICARD,615.0,642.0,643.15,613.9,True,False,False,False,False,False,2.2138483342391866,170.3174235,2.1026880015215377,False,-0.2572789311892141,False,58.93,True,1.2281049088768248,85.0,1.1,0,True,▄▃▂▁▂▃▅▅▃▄▅▄▆▇▆▅█▅▃▆,False,False,False,11,-0.04658553600496074,0.05137191212924175,-0.05675598122569547,-0.010130314998354928,FLAT,False,49,34.0,IGNORE,DISTRIBUTION,,NEUTRAL,C,WAIT,No standout factor,Finance,29.7
GPPL,160.48,160.2,163.64,160.0,False,True,True,True,True,False,1.0336630955556843,30.266415664,1.0853278476206085,True,-0.38073709878377726,False,49.72,False,0.8616685730130671,40.0,-0.2,0,False,▆▅▄▇▇▅▅▅▆▆▅▇▆▇██▁▅▅▅,False,False,False,3,0.06419098143236068,0.03984967277910956,0.05402053621162595,-0.02165255434848712,UP,False,47,34.0,IGNORE,NONE,,NEUTRAL,C,WAIT,No standout factor,Transportation,27.3
OAL,341.95,349.5,358.0,339.5,True,False,False,True,False,True,0.49969355484551076,0.5227389649999999,0.45260337807088563,False,0.14023438002254004,False,56.44,False,0.9766226575072243,36.0,-0.28,0,True,▄▁▄▄▃▇▂▄▅▅▃▅▇██▅▅▃▅▄,False,False,False,3,-0.017526217497486063,0.030901416943020843,-0.0276966627182208,-0.030600810184575833,UP,False,45,34.0,IGNORE,NONE,,NEUTRAL,C,WAIT,CMF positive,Process Industries,34.6
ELGIEQUIP,614.2,622.0,628.0,612.0,True,True,True,True,False,True,0.9924539273627812,37.370446220000005,1.0142337821180465,False,0.22977038286935644,False,44.95,False,0.8952221624743583,20.0,-0.73,0,False,▇▆▆▆▇▆▇▇▇█▇▇▆▁▆█▆▂▄▅,False,False,False,1,0.021963394342762177,0.015710269555151424,0.01179294912202744,-0.04579195757244525,UP,False,41,34.0,IGNORE,NONE,,NEUTRAL,C,WAIT,CMF positive,Producer Manufacturing,34.1
BIOCON,417.5,413.5,421.6,412.2,False,False,False,True,False,True,0.6858026103750534,112.285289,0.6671356997004203,False,0.06634341426822238,False,44.06,False,0.8674167478762465,30.0,-0.44,0,True,▆▆▅█▆▆▆▅▇▅▆▁▅▆▆▅▆▇▅▄,False,False,False,4,-0.05178287531228709,0.002762099195388501,-0.06195332053302183,-0.058740127932208175,FLAT,False,37,34.0,IGNORE,NONE,,NEUTRAL,C,WAIT,CMF positive,Health Technology,28.9
WOCKPHARMA,1859.9,1898.8,1900.4,1855.1,True,False,False,True,False,True,0.7267830337830274,88.62851277,0.6982556539987798,False,-0.06990043275509118,False,55.49,True,1.303193987787694,100.0,1.78,0,True,█▄▄▄▄▃▄▆▆▃▅▄▆▂▁▇▃▃▆█,False,False,False,0,-0.019195275009228463,-0.014674719220173715,-0.0293657202299632,-0.07617694634777039,UP,False,32,34.0,IGNORE,SEED,,NEUTRAL,C,WAIT,Delivery P100,Health Technology,28.9
CCL,1132.1,1134.0,1142.9,1130.1,False,False,False,True,False,True,0.5029403485573053,8.93034443,0.49197276690290437,False,-0.27963822857322207,False,60.77,True,1.1449080136024945,92.0,1.2,0,True,▇▄▃▄▁█▇▆█▅▅▆█▇▄▆▇▆▇▇,False,False,False,0,-0.06065383338864927,-0.014794186754851668,-0.070824278609384,-0.07629641388244834,UP,False,32,34.0,IGNORE,SEED,,NEUTRAL,C,WAIT,Delivery P92,Consumer Non-Durables,37.4
CESC,167.98,170.22,171.75,167.9,True,True,True,True,False,False,1.9645610745149096,42.824451644,1.995997056482448,False,-0.055065299135570824,False,69.14,True,1.3504301883844252,99.0,2.15,0,False,▆▆▄▅▇▆▅▅▄▅▇▆▆▆▆▆▁▂▆█,False,False,True,0,0.01769053677450616,-0.02155172413793116,0.007520091553771424,-0.08305395126552784,UP,False,30,34.0,IGNORE,DISTRIBUTION,,NEUTRAL,C,WAIT,Delivery P99,Utilities,32.3
FEDFINA,150.86,151.25,152.0,150.35,True,False,False,True,False,True,0.5394540682559941,7.647380034,0.5346153045081543,False,-0.1304871890801909,False,61.94,True,1.1951299515696452,95.0,1.52,0,True,▃▃▁▂▄▃▂▃▆▅▅▅▆▅▆█▄▅▅█,False,False,False,0,-0.04458518049398352,-0.032886723507917104,-0.05475562571471826,-0.09438895063551378,UP,False,27,34.0,IGNORE,SEED,,NEUTRAL,C,WAIT,Delivery P95,Finance,29.7
ICEMAKE,728.25,716.0,758.8,711.0,False,False,False,False,False,False,1.9864265490261164,7.2781305,1.74867791137483,True,-0.34795595831367565,False,35.61,False,0.6221282691870927,2.0,-1.88,0,True,▁▃▂▅▅▇▁▂▇▆▆▅▅▅█▄▅█▇▁,False,True,False,1,-0.13169190413735543,-0.03549433812330305,-0.14186234935809017,-0.09699656525089972,FLAT,False,27,34.0,IGNORE,NONE,,NEUTRAL,C,WAIT,No standout factor,Producer Manufacturing,34.1
DRREDDY,1178.8,1185.0,1189.3,1176.1,True,False,False,False,False,True,0.3597564784655716,94.87253523999999,0.3590495321426517,False,0.22490259862501624,False,57.88,True,1.0492825612066388,58.0,0.29,0,True,▄▁▅▃▆▂▄▅▄▅▇▆██▅▇▅█▆▆,False,False,False,0,-0.05408441662654473,-0.08648481091134541,-0.06425486184727947,-0.1479870380389421,UP,False,14,34.0,IGNORE,NONE,,NEUTRAL,C,WAIT,CMF positive,Health Technology,28.9
VIKRAMSOLR,177.11,185.0,186.75,175.5,True,True,False,False,False,False,4.069900514483239,401.70811465800006,4.0555011086101045,False,0.2004102673168936,False,14.04,False,0.29293329716872873,0.0,-2.86,0,False,▆▆▅▇▇▇▆▅▆▅▆█▅▇▅▆▄▅▁▁,False,False,False,0,-0.05445518125033366,-0.1004164973587971,-0.0646256264710684,-0.16191872448639377,UP,False,11,34.0,IGNORE,NONE,,NEUTRAL,C,WAIT,CMF positive,Electronic Technology,39.9
OPTIEMUS,551.15,554.35,557.95,543.2,True,False,True,True,False,False,0.49307365402163994,6.514537884999999,0.45144585473196475,False,-0.04940770423271091,False,51.6,True,1.006495406401779,56.0,0.14,0,True,▆▃▁▃█▅▅▄▄▅▃▄▅▄▅▄▅▄▅▄,False,False,False,8,-0.08953497976377311,0.29105176856406656,-0.09970542498450785,0.22954954143646988,FLAT,True,88,33.0,IGNORE,NONE,,NEUTRAL,C,WAIT,No standout factor,Distribution Services,34.9
THYROCARE,608.25,623.4,623.4,603.4,True,True,True,True,False,True,0.17347492654948132,17.088966225,0.17978053414249337,False,-0.2532646689625333,False,44.58,False,0.9590293538706449,40.0,-0.2,0,False,▄▆▁▃▄▅▅▇▇▇█▅▅▆▅▆▅█▅▅,False,False,False,14,0.08066092209291997,0.11004653709280032,0.07049047687218524,0.04854430996520365,UP,True,63,33.0,IGNORE,NONE,,NEUTRAL,C,WAIT,No standout factor,Health Services,40.2
VGUARD,333.4,347.0,350.0,332.5,True,True,True,True,False,True,0.28267298321503015,28.95005552,0.2976708415429145,False,-0.13241157405785542,False,53.39,False,0.9770425202902395,57.0,0.09,0,False,▆▇▇▅▆▃▁▄▅▅▆▆▆█▇▆▆▆▆▆,False,False,False,7,0.1078252201362353,0.10543766578249314,0.09765477491550056,0.043935438654896464,UP,True,61,33.0,IGNORE,NONE,,NEUTRAL,C,WAIT,No standout factor,Producer Manufacturing,34.1
EXPLEOSOL,897.7,918.0,932.45,891.1,True,True,True,True,False,False,0.9417623445139074,36.72876711,0.9243849968112813,False,0.3361377618576588,False,15.57,False,0.29283155133015487,2.0,-3.65,0,False,█▇▆▅▅▂▅▄▅▅▆▄▆▆▆▆▇▇▁▂,False,False,False,1,0.10895614576899315,0.08950785848655873,0.09878570054825841,0.028005631358962058,UP,True,58,33.0,IGNORE,NONE,,NEUTRAL,C,WAIT,CMF positive,Technology Services,32.9
MRF,133505.0,133015.0,133900.0,132650.0,False,True,True,False,False,False,0.6187961985216474,35.2052685,0.6224178937346052,False,-0.14124197200496208,False,54.34,True,1.2162857846319135,93.0,1.7,0,True,▃▃▄▇█▅▅▆▅▅▅▄▅▇▁▅▅█▆▇,False,False,False,0,-0.0036940298507462943,0.0876171079429735,-0.01386447507148103,0.02611488081537683,FLAT,True,58,33.0,IGNORE,SEED,,NEUTRAL,C,WAIT,Delivery P93,Consumer Durables,29.9
SURAJEST,208.19,213.06,213.06,208.0,True,True,True,False,False,False,1.2120760176966527,2.267230738,1.2119341638698033,False,-0.09220446778961346,False,80.01,True,1.1690104832523653,98.0,2.02,0,True,▄▃▁▂▆▃▆▄▄▆▅█▇▄▇▆▆▇▆▇,False,False,False,0,0.06458375946001227,0.07775534503287274,0.05441331423927753,0.01625311790527606,UP,True,55,33.0,IGNORE,SEED,,NEUTRAL,C,WAIT,Delivery P98,Industrial Services,37.0
DATAMATICS,833.95,852.35,852.35,827.75,True,False,True,True,False,False,0.563554899583575,5.5724539,0.5501892225872895,False,-0.21332266050727833,False,53.14,True,1.152886555442258,91.0,1.24,0,True,▁▂▃▃▂▃▃▃▄▄▂▂▅▂▂█▂▁▅▄,False,False,False,0,0.007490184234370423,0.07433172302737523,-0.0026802609863643134,0.012829495899778554,FLAT,True,54,33.0,IGNORE,SEED,,NEUTRAL,C,WAIT,Delivery P91,Technology Services,32.9
ALEMBICLTD,89.87,90.31,90.4,87.8,True,True,True,False,False,False,0.9877989863201296,2.48337771,1.0074190732866992,False,0.10886692151048369,True,51.66,False,0.8781905806155493,44.0,-0.08,0,True,█▁▅▂▅▃▆▃▄▃▄▄▅▃▄▃▄▁▆▁,False,False,False,0,-0.005532809560694907,0.03620431223336795,-0.015703254781429643,-0.025297914894228724,UP,False,46,33.0,IGNORE,NONE,,NEUTRAL,C,WAIT,CMF positive,Health Technology,28.9
ORIENTTECH,249.6,253.95,255.65,247.35,True,False,False,False,False,False,0.2393776353589184,3.5410003199999998,0.21846907526241968,False,-0.06405700183814929,True,57.36,True,1.5056896483836673,99.0,1.93,1,True,▆▆▅▁▂▄▄▆▆▇▆▇▆▆▅▆▇▆▆█,False,False,False,0,-0.050625689399414364,-0.02251811239475232,-0.0607961346201491,-0.084020339522349,UP,False,30,33.0,IGNORE,SEED,DEL57% ▆▆▅▁▂▄▄▆▆▇▆▇▆▆▅▆▇▆▆█ P99 Z+1.9,NEUTRAL,C,WAIT,Delivery P99,Technology Services,32.9
VINCOFE,148.16,146.15,148.7,143.85,False,False,False,True,False,False,1.0635326090053776,34.976605312000004,1.0329307997094728,True,-0.1655862257628731,True,38.62,True,1.008394584644307,85.0,1.01,0,True,▂▃▂▅▃▁▆▁▄▂▂▄▄▄▇▁█▃▃▄,False,False,False,1,-0.05395568609922752,-0.030303030303030276,-0.06412613131996225,-0.09180525743062695,UP,False,28,33.0,IGNORE,SEED,,NEUTRAL,C,WAIT,No standout factor,Distribution Services,34.9
ABSLAMC,1013.3,1011.0,1022.6,1005.0,True,False,False,True,False,False,0.3339164787382448,10.95954881,0.3340923379843901,False,0.08798331461828664,True,50.89,False,0.927591706539075,41.0,-0.2,0,True,▁▃▂▂▁▂▃▅█▅▂▅▄▇▅▇▃▃▃▂,False,False,False,0,-0.02856868948327096,-0.04621611445783147,-0.038739134704005695,-0.10771834158542815,UP,False,24,33.0,IGNORE,NONE,,NEUTRAL,C,WAIT,CMF positive,Technology Services,32.9
PREMIERENE,1014.7,1020.0,1029.9,1010.6,True,False,False,True,False,True,0.5806705110267338,54.67376099,0.5736986915602444,False,-0.0733366187931796,True,42.24,True,1.065469358927468,72.0,0.47,0,True,▃▆█▄▄▅▅▇▆▅▇▇▁▇▄▅▆▆▆▆,False,False,False,0,-0.032144219763449056,-0.06625563633017395,-0.04231466498418379,-0.12775786345777063,UP,False,19,33.0,IGNORE,NONE,,NEUTRAL,C,WAIT,No standout factor,Electronic Technology,39.9
TIMKEN,3299.5,3300.0,3324.7,3289.1,False,True,False,False,False,True,0.27045784506571996,3.5680793,0.2783218806821999,False,0.1822380606671195,True,61.59,True,1.1137734296590323,68.0,0.32,0,False,▃▂▁▂▃▅▄▆▅▅▁▅▅▅▃█▅▁▄▅,False,False,False,0,0.06666020107975301,-0.06746368209824205,0.056489755859018276,-0.12896590922583873,UP,False,18,33.0,IGNORE,NONE,,NEUTRAL,C,WAIT,CMF positive,Producer Manufacturing,34.1
KRISHNADEF,1125.0,1067.9,1129.0,1067.9,False,False,False,True,False,False,1.1563899699259794,15.4171125,1.1057492646838798,True,-0.23338945271246578,True,48.28,True,1.0372534696859022,76.0,0.75,0,True,▄▄▁▄▅▃▇▄▆▆█▄▅▆▇▇▆▄▅▅,False,False,False,0,-0.13033395176252316,-0.09332688588007731,-0.1405043969832579,-0.154829113007674,UP,False,13,33.0,IGNORE,NONE,,NEUTRAL,C,WAIT,No standout factor,Electronic Technology,39.9
SASKEN,1943.0,1919.5,1960.0,1910.4,False,True,True,True,False,False,0.37056954450211993,2.1957843,0.3846168541192479,False,-0.23613525949088002,True,60.92,True,1.038155450656942,87.0,0.98,0,True,▁▃▃▄▄▃▂▃█▂▃▁▁▂▃▃▂▃▃▃,False,False,False,0,0.049362713329012875,-0.16047355686138964,0.03919226810827814,-0.22197578398898632,UP,False,4,33.0,IGNORE,SEED,,NEUTRAL,C,WAIT,No standout factor,Technology Services,32.9
ZFCVINDIA,2672.7,2612.0,2691.0,2601.0,False,False,False,False,True,False,0.9963087728352608,37.974256139999994,1.088207674773139,False,0.15772779247589422,True,64.58,True,1.1704576347983688,75.0,0.62,0,False,▄▆▁▄▃▄▅▆▆▇▅▆▇▄▃▆▆██▇,False,False,False,0,0.11427499374635208,-0.8132154588021525,0.10410454852561735,-0.8747176859297492,UP,False,0,33.0,IGNORE,NONE,,NEUTRAL,C,WAIT,CMF positive,Producer Manufacturing,34.1
JLHL,318.2,314.0,320.55,310.15,False,False,False,False,False,False,1.1268146054421502,7.3168499,1.033998053458804,True,0.17710166997523993,True,63.26,True,1.1643337658632655,73.0,0.5,0,False,█▅▁▁▂▃▁▂▃▃▅▃▇▃▆▃▄▃▃▅,False,False,False,2,-0.7969497798481271,-0.7619332635044141,-0.8071202250688618,-0.8234354906320108,UP,False,0,33.0,IGNORE,NONE,,NEUTRAL,C,WAIT,CMF positive,Health Services,40.2
JUSTDIAL,661.3,680.3,683.35,658.0,True,False,True,True,False,False,0.3522625736124863,11.524739619999998,0.32147194414025276,False,-0.14921522215514887,True,48.44,True,1.5279070134212311,62.0,0.32,2,False,▂▁▁▄▃▂▃▅▆▅▅▅▄▄▅▆█▅██,False,False,False,0,-0.11043852569276302,0.24808908181560807,-0.12060897091349776,0.1865868546880114,FLAT,True,84,32.0,IGNORE,NONE,DEL48% ▂▁▁▄▃▂▃▅▆▅▅▅▄▄▅▆█▅██ P62 Z+0.3 2D,NEUTRAL,C,WAIT,2D high delivery,Technology Services,32.9
BLUSPRING,111.21,109.0,112.0,107.26,False,False,True,True,False,True,0.8599017629543777,3.656017629,0.8414573373560541,False,-0.03926212289347596,True,50.08,True,1.0198346434244288,28.0,-0.44,0,True,▅▇▄▄▆▁▅█▄▆▇▅▂▇█▄▃▆█▆,False,False,False,0,0.028769657724329267,0.23552938562381942,0.01859921250359453,0.17402715849622274,FLAT,True,83,32.0,IGNORE,NONE,,NEUTRAL,C,WAIT,No standout factor,Commercial Services,24.6
LANDMARK,513.3,513.4,519.65,504.25,False,False,True,True,False,False,0.35331450349242155,6.09887661,0.33646011225956723,False,0.0026062910516341164,False,41.26,True,1.257715931779732,28.0,-0.53,0,False,▂▁▄▂▄▆▂▂▁▃▄▃▂█▄▁▄▃▅▆,False,False,False,10,-0.03551296505073298,0.22564469914040108,-0.04568341027146772,0.1641424720128044,FLAT,True,82,32.0,IGNORE,NONE,,NEUTRAL,C,WAIT,CMF positive,Retail Trade,32.3
ARIHANT,1021.5,1030.0,1046.8,975.2,True,False,True,True,False,True,0.5050591420835114,0.3620196,0.4787793389165904,False,0.04622789640620932,False,55.11,True,1.0178695110126057,40.0,-0.19,0,False,▆▅▅▆▃▂▅▆▅▄▁▇▅▇▆▇▆▄█▅,False,False,False,9,0.11657648794884401,0.21607142857142847,0.10640604272810927,0.1545692014438318,FLAT,True,80,32.0,IGNORE,NONE,,NEUTRAL,C,WAIT,CMF positive,Finance,29.7
SAKSOFT,166.36,165.0,167.78,162.21,False,False,True,True,False,False,0.5935787647083494,7.334363228,0.5854513277225224,False,-0.05032008407661086,True,33.99,True,1.0811756473058083,22.0,-0.59,0,True,▄▂▁▅▂▂▂▁▃▄▄▇▂▄▆▇▆█▇▅,False,False,False,0,-0.03932551827683761,0.1817858918803723,-0.04949596349757235,0.12028366475277563,FLAT,True,76,32.0,IGNORE,NONE,,NEUTRAL,C,WAIT,No standout factor,Technology Services,32.9
AIIL,553.25,552.5,561.0,550.0,False,False,True,True,False,False,0.19599523733806853,5.92276255,0.1896801177505255,False,0.03095167876499243,False,36.52,True,1.0193429536383176,24.0,-0.56,0,False,▂▃▅▅▃▅▅▅▅▅▅▂▁▃▇▆▅▆█▄,False,False,False,3,-0.009488855071166369,0.1753770979392395,-0.019659300291901105,0.11387487081164283,FLAT,True,75,32.0,IGNORE,NONE,,NEUTRAL,C,WAIT,CMF positive,Finance,29.7
MAHLOG,404.55,402.5,406.35,397.3,True,False,True,True,False,True,0.24527953129286456,3.980569725,0.243072018989656,False,-0.04907084951034759,True,48.84,False,0.9022889763343126,32.0,-0.4,0,True,▁▃▁▅▃▄▆▁▇▆▆▆█▆▄▆▆▆▅▄,False,False,False,4,0.034257957305381614,0.17158992180712418,0.024087512084646878,0.1100876946795275,FLAT,True,74,32.0,IGNORE,NONE,,NEUTRAL,C,WAIT,No standout factor,Transportation,27.3
AGI,711.7,710.55,720.0,707.0,True,True,True,True,False,False,0.3091823829700813,2.9796032200000004,0.3117206852834048,False,-0.3115029043189384,True,56.52,True,1.0571105271525163,71.0,0.46,0,True,▅▅▃▃▆▁▅▄▇▂▅█▅▄▇▆▅▆▄▅,False,False,False,0,0.03685897435897445,0.1506871463217463,0.026688529138239714,0.08918491919414961,FLAT,True,70,32.0,IGNORE,NONE,,NEUTRAL,C,WAIT,No standout factor,Process Industries,34.6
TANLA,576.75,571.0,578.5,555.5,False,False,True,True,False,False,0.3384403596589753,44.540037825,0.31917597017395866,False,-0.18983576037881247,True,40.04,True,1.0689876121315676,48.0,-0.06,0,False,▇▁▂▅▄▅▅▅▆▆▆▆▅▆▇█▇▇█▆,False,False,False,7,0.021610131963510915,0.1124505738258268,0.011439686742776178,0.05094834669823012,FLAT,True,63,32.0,IGNORE,NONE,,NEUTRAL,C,WAIT,No standout factor,Technology Services,32.9
EVEREADY,354.3,354.7,354.9,351.5,False,True,True,True,False,False,0.22257132254724574,0.9923943,0.22211457079147606,False,0.007579911712724874,False,55.72,True,1.0579679875443828,73.0,0.55,0,True,▃▂▂▅▃▆▄▆█▆▅▇▆▃▁▄▆██▆,False,False,False,0,0.010409239982889007,0.10408226861950776,0.00023879476215427076,0.04258004149191108,FLAT,True,61,32.0,IGNORE,NONE,,NEUTRAL,C,WAIT,CMF positive,Producer Manufacturing,34.1
MARUTI,13870.0,13905.0,13943.0,13760.0,True,False,True,False,False,False,0.5165780526375032,293.121645,0.514323724640572,False,0.13954055177635485,True,52.54,False,0.9988688105400242,38.0,-0.31,0,True,▄▅▁▅▇█▅▂▃▅▅▅▅▇▆▇▄▃▄▅,False,False,False,0,0.00485401724262835,0.06169626454378441,-0.005316427978106386,0.00019403741618773118,FLAT,True,52,32.0,IGNORE,NONE,,NEUTRAL,C,WAIT,CMF positive,Consumer Durables,29.9
ROSSTECH,1103.55,1116.05,1172.0,1092.5,True,True,True,True,False,True,2.8468024382152506,99.24379646999999,3.0734882789942883,False,-0.07416456361080419,False,33.92,False,0.8280845661832918,25.0,-0.54,0,False,██▇▇▁▆▅▆▁▃▅▄▇▇▅▆▄▅▄▃,False,False,True,7,0.09511759452217916,0.0506998000571266,0.08494714930144442,-0.010802427070470078,UP,False,49,32.0,IGNORE,DISTRIBUTION,,NEUTRAL,C,WAIT,No standout factor,Electronic Technology,39.9
FSL,263.85,267.6,268.45,263.15,True,False,False,False,False,False,0.11961984434316601,20.228060250000002,0.10689275691102929,False,0.27041551881964515,False,46.81,True,1.5304888017001799,79.0,0.74,1,False,▅▅▆▇▆▁▄▅▄▅▆▃▄▄▆▇▇▇▅█,False,False,False,6,-0.008269122345423763,0.05119521912350611,-0.0184395675661585,-0.010307008004090568,FLAT,False,49,32.0,IGNORE,NONE,DEL47% ▅▅▆▇▆▁▄▅▄▅▆▃▄▄▆▇▇▇▅█ P79 Z+0.7,NEUTRAL,C,WAIT,CMF positive,Commercial Services,24.6
CASTROLIND,186.85,186.71,187.9,186.1,True,False,True,True,False,True,0.35179706254096693,20.62341927,0.3463113021177163,False,-0.06175712474877758,False,66.33,True,1.0403808298891861,78.0,0.8,0,False,▅▁▇▇█▇▆▇▆▅▂▅▆█▇▆▇▆▇▆,False,False,False,10,0.01120251109427417,0.02377951893046948,0.001032065873539434,-0.0377227081971272,UP,False,44,32.0,IGNORE,NONE,,NEUTRAL,C,WAIT,No standout factor,Energy Minerals,46.3
TATAINVEST,647.2,654.55,659.35,645.3,True,False,False,False,False,False,0.4096876356528418,11.355124000000002,0.38992690746191605,False,-0.10070361498354198,False,49.91,True,1.1796544470443642,95.0,1.36,0,True,█▇▆▆▇▃▆▇▇▆▅█▁▅▅▃▆▇▇▇,False,False,False,3,-0.01484131212421036,-0.023315475741341518,-0.025011757344945096,-0.0848177028689382,UP,False,30,32.0,IGNORE,SEED,,NEUTRAL,C,WAIT,Delivery P95,Finance,29.7
POLYCAB,9146.0,9349.5,9349.5,9049.0,True,False,False,True,False,True,0.9127921586489484,226.9095162,0.9158852829980576,False,0.05659051045749622,False,46.96,False,0.9149804670375169,35.0,-0.36,0,True,▂▄▃▄▇▃█▅▅▂▁▅██▄▅▆▅▄▃,False,False,False,0,0.027236480035940813,-0.036756187467087975,0.017066034815206077,-0.09825841459468465,UP,False,26,32.0,IGNORE,NONE,,NEUTRAL,C,WAIT,CMF positive,Producer Manufacturing,34.1
TARC,120.81,124.05,124.05,120.1,True,False,False,False,False,False,0.30219783089246405,4.543966125,0.28335382750092497,False,0.13387246193736976,False,61.85,True,1.3588628174707793,91.0,1.16,0,False,▁▂▃▆▆▃▇▇▆▅▇▆▇▆▅█▆▇▇█,False,False,False,4,0.04688041594454062,-0.050534423137378104,0.036709970723805885,-0.11203665026497478,UP,False,23,32.0,IGNORE,SEED,,NEUTRAL,C,WAIT,"Delivery P91, CMF positive",Finance,29.7
NIITLTD,93.08,95.25,95.7,92.89,True,False,False,True,False,False,0.9378419979530491,3.791232172,0.9068141729703303,False,-0.1541554675301907,False,67.11,True,1.7106587986388142,99.0,2.24,1,True,▄▄▁▃▄▂▄▄▅▅▄▅▅▅▆▅▅▆▃█,False,False,False,0,-0.06188268494255189,-0.05107554286879401,-0.07205313016328663,-0.11257776999639069,UP,False,22,32.0,IGNORE,SEED,DEL67% ▄▄▁▃▄▂▄▄▅▅▄▅▅▅▆▅▅▆▃█ P99 Z+2.2,NEUTRAL,C,WAIT,Delivery P99,Commercial Services,24.6
BALAMINES,2103.7,2137.5,2146.8,2084.8,True,False,True,True,False,True,0.306117239826948,14.948471459999999,0.29588286184601736,False,-0.307604847697413,False,41.97,True,1.1626843964263451,52.0,0.18,0,True,▃▄▅▂▁▂▂█▇▄▆▅▅▄▃▅▅▆▅▆,False,False,False,1,-0.11105007394886968,-0.061727844431559764,-0.12122051916960441,-0.12323007155915644,UP,False,20,32.0,IGNORE,NONE,,NEUTRAL,C,WAIT,No standout factor,Process Industries,34.6
JINDALSTEL,1099.0,1098.9,1105.6,1086.0,True,True,False,False,False,True,0.5129235830107579,53.1766536,0.5224791415906572,False,0.047788100675985316,True,50.08,True,1.1752833775316232,73.0,0.57,0,False,▄▅▁▆▅▄▄▄▆▃▄█▃▄▆▅▃▄▃▆,False,False,False,0,0.07219512195121958,-0.08202472435683261,0.06202467673048484,-0.1435269514844293,UP,False,15,32.0,IGNORE,NONE,,NEUTRAL,C,WAIT,CMF positive,Non-Energy Minerals,34.1
BRIGADE,588.9,598.9,600.0,585.0,True,True,True,False,False,False,0.8439787079949558,21.109532729999998,0.8562012743900128,False,0.21884512323027533,False,54.99,True,1.2393788455903898,65.0,0.36,0,False,▃▅▂▅▁▂▆▅▆█▄▄▄▁▂▂▃▃▂▆,False,False,False,0,0.03643083421330506,-0.0933025404157044,0.026260388992570327,-0.15480476754330108,UP,False,13,32.0,IGNORE,NONE,,NEUTRAL,C,WAIT,CMF positive,Finance,29.7
NBCC,88.0,89.35,89.93,87.7,True,False,False,False,False,False,1.0748293630687826,59.0499536,1.0089870350706664,False,-0.29397046356029305,False,54.91,True,1.529739518038724,100.0,3.34,1,True,▄▃▁▂▂▄▂▁▄▄▃▁▅▃▄▃▃▇▃█,False,False,False,0,-0.09090909090909083,-0.1684777473306246,-0.10107953612982556,-0.22997997445822127,UP,False,3,32.0,IGNORE,SEED,DEL55% ▄▃▁▂▂▄▂▁▄▄▃▁▅▃▄▃▃▇▃█ P100 Z+3.3,NEUTRAL,C,WAIT,Delivery P100,Commercial Services,24.6
MOL,61.94,63.25,63.96,61.38,True,True,True,True,False,False,0.3522578167017447,8.250680535999999,0.3803247121739996,False,-0.15079565961553876,False,45.35,True,1.1264841770579763,26.0,-0.56,0,False,▁▁▄▄▄▂▄▆▅▅▆█▆▂▃▄▄▁▄▅,False,False,False,4,0.13860294117647065,0.2909545644018341,0.12843249595573591,0.22945233727423742,FLAT,True,88,31.0,IGNORE,NONE,,NEUTRAL,C,WAIT,No standout factor,Process Industries,34.6
MANORAMA,1901.0,1953.0,1968.0,1885.0,True,True,True,True,False,True,1.818647854270819,289.4531036,1.908332262122772,False,-0.11576354522170676,False,16.66,False,0.32854452409359375,1.0,-4.27,0,False,▇▆▆▇▇▇▇▇▆▇▇▆▆▇▇▇█▁▁▂,False,False,True,8,0.18177297028471973,0.2751542795814328,0.171602525063985,0.21365205245383612,FLAT,True,86,31.0,IGNORE,DISTRIBUTION,,NEUTRAL,C,WAIT,No standout factor,Consumer Non-Durables,37.4
ECLERX,1805.2,1850.1,1854.0,1773.9,True,False,True,True,False,False,0.5189638301487692,25.58185024,0.5001503771901219,False,0.12065257467888746,False,40.96,False,0.9894795327994589,42.0,-0.07,0,True,▅▃▄▄▁▄▄▅▄▄▅▇▇▆▄▆▆▅█▅,False,False,False,1,-0.06174636174636172,0.2756695639884108,-0.07191680696709646,0.21416733686081413,FLAT,True,86,31.0,IGNORE,NONE,,NEUTRAL,C,WAIT,CMF positive,Commercial Services,24.6
LOTUSDEV,176.54,176.54,186.3,176.54,True,False,True,True,False,False,1.1333134525205972,107.95029081199999,1.1149154892872097,False,0.3366873668543312,False,44.79,False,0.9765829408686552,41.0,-0.25,0,False,▆▅▅▅▅▁▃▁▂▃▃▃▅▅▂▃▄▃█▄,False,False,False,9,0.22206839263463918,0.27364548012408907,0.21189794741390444,0.2121432529964924,FLAT,True,86,31.0,IGNORE,NONE,,NEUTRAL,C,WAIT,CMF positive,Finance,29.7
PGEL,597.0,609.0,614.3,594.5,True,False,True,True,False,True,0.923420889514393,124.2651321,0.9029258912290238,False,-0.014509936683792123,False,33.73,True,1.1035859180735506,71.0,0.44,0,False,▅▄▂▃▃▄▃▆▄▅▇▅▁▂▁██▅▆▅,False,False,False,7,-0.021552077358026667,0.24426844518549395,-0.0317225225787614,0.18276621805789728,FLAT,True,83,31.0,IGNORE,NONE,,NEUTRAL,C,WAIT,No standout factor,Electronic Technology,39.9
TTKHLTCARE,1114.1,1134.0,1155.0,1101.3,True,True,True,True,False,True,0.5365933235287892,2.4003284499999995,0.5549473371550713,False,-0.25923540656821736,False,53.0,True,1.0572933290775615,12.0,-1.16,0,False,▆▄▅▂▆▄▆█▅▆▅▁▅▅▄▅█▆▅▅,False,False,False,8,0.08354405757634686,0.23878356590871164,0.07337361235561213,0.17728133878111496,FLAT,True,83,31.0,IGNORE,NONE,,NEUTRAL,C,WAIT,No standout factor,Health Technology,28.9
CHOICEIN,803.6,803.2,809.5,802.0,True,False,True,True,False,True,0.46689966467429916,19.1686726,0.4587675694440923,False,-0.13032903703014947,False,34.09,True,1.1528576259722694,51.0,0.01,0,False,█▁▁▄▂▆▇▂▅▄▃▄▃▄▆▆▆▇▆▆,False,False,False,7,-0.016281062553556103,0.23091062265451479,-0.02645150777429084,0.1694083955269181,FLAT,True,82,31.0,IGNORE,NONE,,NEUTRAL,C,WAIT,No standout factor,Commercial Services,24.6
JUBLCPL,2199.1,2362.4,2397.9,2142.0,True,True,True,True,False,False,0.517701971143502,3.6245566199999995,0.5092144112927182,False,0.3880157766758235,False,66.75,True,1.205864021895239,85.0,0.87,0,False,▆▄▆▆▇▆▇▇▇██▇▆▆▆▃▁▁▃▇,False,False,False,2,0.13907593494250503,0.21389931552219044,0.1289054897217703,0.15239708839459376,FLAT,True,80,31.0,IGNORE,SEED,,NEUTRAL,C,WAIT,CMF positive,Process Industries,34.6
ARMANFIN,1936.8,1976.8,1978.0,1932.0,True,False,True,True,False,True,0.5930936891209159,6.583376879999999,0.5759747185598225,False,-0.31887663491754364,False,54.03,False,0.997268263870944,46.0,-0.1,0,True,▇▆▅▇██▆▇▆█▄▇▆▅▆▆▁▇▄▆,False,False,False,6,-0.02433126794619911,0.2036542166428439,-0.034501713166933845,0.1421519895152472,FLAT,True,79,31.0,IGNORE,NONE,,NEUTRAL,C,WAIT,No standout factor,Finance,29.7
PDSL,363.0,375.0,375.4,361.75,True,False,True,True,False,True,0.5491339293846442,3.1406034,0.5481359517249824,False,0.06797324280027595,False,51.17,False,0.993476488176135,44.0,-0.01,0,True,▅▄▅▂▄█▄▁▂▅▃█▅▂▆▄▄▆▄▄,False,False,False,2,-0.004934210526315819,0.18627450980392157,-0.015104655747050555,0.1247722826763249,FLAT,True,77,31.0,IGNORE,NONE,,NEUTRAL,C,WAIT,CMF positive,Consumer Non-Durables,37.4
KAYNES,3644.1,3664.8,3714.2,3640.0,True,True,True,False,False,False,0.3426007985936067,187.21126458,0.33996943606982555,False,0.12211424247142136,False,25.19,True,1.0237340486060311,56.0,-0.04,0,False,█▃▄▅▆▄▂▂▂▄▂▄▃▅▁▅▅▇▃▅,False,False,False,2,0.11368845695424956,0.18592163499088765,0.10351801173351483,0.12441940786329098,FLAT,True,76,31.0,IGNORE,NONE,,NEUTRAL,C,WAIT,CMF positive,Electronic Technology,39.9
BASF,3979.8,4049.3,4086.1,3968.9,True,True,True,True,False,False,0.35735592826881785,12.25300824,0.3570532786034993,False,-0.026488739399410762,False,58.35,True,1.243115992202563,80.0,0.76,0,False,▅▅▄▆▅▆▆█▆▁▂▃▂▅▆▅▅▇▇▇,False,False,False,6,0.038109398231473524,0.18513445102885573,0.027938953010738787,0.12363222390125905,FLAT,True,76,31.0,IGNORE,NONE,,NEUTRAL,C,WAIT,No standout factor,Process Industries,34.6
KKCL,515.05,523.65,525.0,513.2,True,True,True,True,False,True,0.706492010939974,2.5910620349999998,0.6901008367513485,False,-0.1253696684395586,False,39.92,False,0.6840594610804096,6.0,-1.52,0,True,▃▆▆▆█▅▅▅▆▁▅▄▅▃▅▃▆▇▆▂,False,False,False,5,0.007137270238560811,0.18076570380559365,-0.003033174982173925,0.11926347667799697,FLAT,True,76,31.0,IGNORE,NONE,,NEUTRAL,C,WAIT,No standout factor,Consumer Non-Durables,37.4
OMNI,580.0,564.0,587.5,564.0,False,False,True,True,False,False,0.18308594580348064,25.614656,0.17015002582652938,False,0.05531461691500229,False,28.99,False,0.9508035421449655,39.0,-0.26,0,False,▅▆▅▅█▅▇█▄▆▂▂▃▂▁▃▃▃▅▄,False,False,False,5,0.007819287576020795,0.17623200162238883,-0.0023511576447139415,0.11472977449479216,FLAT,True,75,31.0,IGNORE,NONE,,NEUTRAL,C,WAIT,CMF positive,Producer Manufacturing,34.1
GRPLTD,2001.8,2049.2,2055.8,1989.9,True,True,True,True,False,True,0.33602167240372305,0.27064336,0.33523188421767586,False,-0.03824914797467553,False,65.01,True,1.0129323776877535,53.0,0.12,0,False,▇▂▁▄▆▇█▅▅▆▄▄▃▄▇▄▃▇█▅,False,False,False,6,0.028621345254611796,0.15059202207150246,0.01845090003387706,0.08908979494390579,FLAT,True,70,31.0,IGNORE,NONE,,NEUTRAL,C,WAIT,No standout factor,Producer Manufacturing,34.1
RAJRATAN,512.0,516.0,519.0,504.25,True,True,True,True,False,True,0.1450921014281947,2.7310592,0.14589506551419074,False,-0.2816026998883419,False,49.44,True,1.163184641445511,62.0,0.35,0,False,▆▅▁▅▇▅▇▇█▄▆▇▆▆█▇▇██▇,False,False,False,4,0.0041184545989410015,0.14901256732495516,-0.006051990621793735,0.08751034019735848,FLAT,True,69,31.0,IGNORE,NONE,,NEUTRAL,C,WAIT,No standout factor,Producer Manufacturing,34.1
INNOVACAP,1043.0,1030.1,1059.7,1030.1,False,True,True,True,False,True,0.361322785817458,2.8295547,0.37502223676017143,False,-0.16939728312473354,False,50.58,False,0.9351859555703469,47.0,-0.05,0,True,█▆█▇▇███▇▅▇▅▇█▄▁▃▅▅▆,False,False,False,6,0.06423141676445088,0.14026456761779804,0.05406097154371614,0.07876234049020137,FLAT,True,68,31.0,IGNORE,NONE,,NEUTRAL,C,WAIT,No standout factor,Health Technology,28.9
KFINTECH,957.6,976.55,979.0,946.0,True,True,True,False,False,False,0.9906536680933549,124.36657632000001,1.0028927097301696,False,0.426572736712027,False,36.56,False,0.9501780284325703,27.0,-0.51,0,False,▄▆▃▁▂▄▅▄▄▃▅▇▄▆▅▆█▇▅▄,False,False,False,3,0.07734713393710968,0.13466437585164992,0.06717668871637494,0.07316214872405324,FLAT,True,67,31.0,IGNORE,NONE,,NEUTRAL,C,WAIT,CMF positive,Technology Services,32.9
MANAPPURAM,346.6,348.25,351.95,342.75,True,False,True,True,False,True,0.33997519484038086,87.83752092,0.328626282018787,False,-0.2329839510097629,False,38.99,False,0.9664865400822964,43.0,-0.15,0,True,▄▄▅▆▁▅▄▆█▅▇▂▅▃▃▃▄▆▅▄,False,False,False,10,-0.014641080312722043,0.12807160292921083,-0.02481152553345678,0.06656937580161415,FLAT,True,66,31.0,IGNORE,NONE,,NEUTRAL,C,WAIT,No standout factor,Finance,29.7
PAISALO,67.57,67.9,69.1,67.2,True,False,True,True,False,True,0.6412399481399013,46.704715093,0.6164540503396897,False,-0.1825065180404044,False,47.0,True,1.0356757233203322,44.0,-0.15,0,True,▆▆▅▅▆▄▅▅▄▆▁▁▄▂█▇▂▃▅▅,False,False,False,1,-0.0638681075090054,0.12279827185111314,-0.07403855272974014,0.06129604472351646,FLAT,True,65,31.0,IGNORE,NONE,,NEUTRAL,C,WAIT,No standout factor,Finance,29.7
KISSHT,302.45,301.05,306.95,299.9,True,False,True,True,False,True,0.26400566427260524,13.60686256,0.2507220763013158,False,-0.11780440967379513,False,43.5,True,1.0261370069824494,81.0,1.08,0,True,▂▄▃▆▂▃▃▁▄▅▆▅▆▅▅▆▅▇█▅,False,False,False,0,-0.10570668243642811,0.11873497318291082,-0.11587712765716285,0.05723274605531414,FLAT,True,64,31.0,IGNORE,NONE,,NEUTRAL,C,WAIT,No standout factor,Finance,29.7
SKFINDUS,2656.0,2745.0,2745.0,2656.0,True,False,True,True,False,True,0.6557732463052118,6.4269888,0.6396532369326632,False,-0.10762150154478069,False,69.91,True,1.2070409282008336,78.0,0.75,0,True,▂▃▂▅▃▃▄▄▃▃▂▃▃▁▂▅▁▂█▅,False,False,False,0,-0.05855664256344817,0.11465502769850588,-0.0687270877841829,0.05315280057090921,FLAT,True,63,31.0,IGNORE,NONE,,NEUTRAL,C,WAIT,No standout factor,Producer Manufacturing,34.1
APOLLOPIPE,551.3,545.3,560.0,544.95,False,True,True,True,True,True,0.9364004166427086,20.29054137,0.9987890877066293,False,-0.21593414586184642,False,42.54,False,0.871007371007371,43.0,-0.1,0,False,▄▃▃▄▅▅▁▂▅█▇█▆▇▂▃▅▅▅▄,False,False,False,2,0.11689627228525112,0.09875435974090663,0.10672582706451639,0.03725213261330995,UP,True,60,31.0,IGNORE,NONE,,NEUTRAL,C,WAIT,No standout factor,Producer Manufacturing,34.1
BRITANNIA,5557.0,5614.5,5630.0,5550.0,True,True,True,False,False,True,0.7408781054536692,134.8728356,0.7493438308886123,False,-0.115237577389383,False,67.44,True,1.2507302417447907,81.0,0.98,0,False,▆▅▃▅▄▄▆▆▇▅█▅▁▃▇▇▄▅▃█,False,False,False,7,0.026697459584295702,0.09174852652259324,0.016527014363560966,0.030246299394996568,FLAT,True,59,31.0,IGNORE,NONE,,NEUTRAL,C,WAIT,No standout factor,Consumer Non-Durables,37.4
EXCELINDUS,985.2,995.65,997.45,981.05,True,False,True,True,False,False,0.21180740898900394,0.2443296,0.20965761793264875,False,0.16210472727181832,False,63.87,False,0.9900713837282301,65.0,0.43,0,False,▄▂▅▁▅▅▇▅█▅▂▃▇█▄▇▇▄▅▅,False,False,False,5,0.05015189468635084,0.0830539218380697,0.0399814494656161,0.021551694710473024,UP,True,57,31.0,IGNORE,NONE,,NEUTRAL,C,WAIT,CMF positive,Process Industries,34.6
WEWORK,696.05,707.0,707.0,690.0,True,False,True,True,False,True,0.4146272366698232,8.592946065,0.39632186433283806,False,-0.21574990230809005,False,51.46,True,1.0395014594632812,43.0,-0.14,0,False,▅▆▃█▅▄▄▄▄█▅▂▁▆▃▄▆▆▆▅,False,False,False,5,-0.043887362637362703,0.07398549606542182,-0.05405780785809744,0.012483268937825143,FLAT,True,54,31.0,IGNORE,NONE,,NEUTRAL,C,WAIT,No standout factor,Finance,29.7
MASTEK,1717.5,1811.0,1811.0,1702.0,True,False,False,False,False,False,0.9042893131708399,17.77698375,0.8470278469066364,False,0.2168385320604749,True,54.39,True,1.2729953658194075,82.0,0.62,0,False,▅▃▃█▁▃▅▅▅▇▆▄▃▆█▃▇▆▆█,False,False,False,3,-0.01666094125729989,0.05881265026817095,-0.026831386478034625,-0.002689576859425724,FLAT,False,51,31.0,IGNORE,NONE,,NEUTRAL,C,WAIT,CMF positive,Technology Services,32.9
ULTRAMAR,402.0,396.2,405.0,392.8,False,True,True,False,True,True,0.2163457752652763,1.1596896,0.22237070231014155,False,-0.5639402134779306,True,66.7,True,1.10530196949234,56.0,0.13,0,False,▅▆▅▆▇▆▄▄█▅▇█▁▅▄▅▆▅▅▆,False,False,False,1,0.041181041181041156,0.05789473684210522,0.03101059596030642,-0.003607490285491455,UP,False,51,31.0,IGNORE,NONE,,NEUTRAL,C,WAIT,No standout factor,Process Industries,34.6
CARYSIL,1181.1,1146.0,1189.8,1146.0,False,False,True,True,False,True,0.7991583207263521,9.935885639999999,0.790204060739229,False,-0.049525954159767405,True,43.62,False,0.8238038130671678,26.0,-0.45,0,True,▄▅▅▄▇▅█▆▆▅▅▆▆▁▅▅▅▂▅▃,False,False,False,1,0.009400905905478263,0.05117479530081881,-0.0007695393152564733,-0.010327431826777866,UP,False,49,31.0,IGNORE,NONE,,NEUTRAL,C,WAIT,No standout factor,Consumer Durables,29.9
SUPREMEIND,3604.0,3590.0,3622.8,3580.0,False,True,True,False,True,False,0.5511736093127451,38.1998772,0.5735912219656798,False,0.03821088961987214,False,53.11,True,1.292858968585304,57.0,0.22,0,False,▄▄▃▅▁▄▄▆▅▇▆▅█▅▄▅▅▅▃▆,False,False,False,2,0.06028066252831632,0.02980255450467184,0.050110217307581584,-0.031699672622924835,UP,False,45,31.0,IGNORE,NONE,,NEUTRAL,C,WAIT,CMF positive,Producer Manufacturing,34.1
MANGLMCEM,870.05,875.05,884.0,863.05,True,False,False,True,False,True,0.8693090302789941,2.3361712549999996,0.8015885636503521,False,-0.012731519932943247,True,70.13,True,1.0235341336154997,74.0,0.62,0,True,▇▇▃▂▄▄▃▂▅▆▂██▄▃▁▆▇▆▅,False,False,False,4,-0.11228446076930931,0.030559668344684487,-0.12245490599004405,-0.03094255878291219,FLAT,False,45,31.0,IGNORE,NONE,,NEUTRAL,C,WAIT,No standout factor,Non-Energy Minerals,34.1
RELIGARE,231.55,230.0,235.25,229.0,False,False,False,False,False,False,1.9398746931357307,45.55519331,1.859986802026533,True,-0.22706618146548857,True,48.92,False,0.8679452832531981,19.0,-0.87,0,True,▂▄▁▁▅▃▄▃▂▅▂▄▁▄▅▅▂█▂▁,False,False,False,0,-0.0962138953942232,0.02139391265990298,-0.10638434061495794,-0.040108314467693695,FLAT,False,43,31.0,IGNORE,NONE,,NEUTRAL,C,WAIT,No standout factor,Finance,29.7
AFSL,205.55,202.95,206.7,201.12,False,True,True,True,False,True,0.2990180551156161,0.14067842000000003,0.29540468610258547,False,-0.45592804680554255,True,55.87,False,0.8482759667795272,20.0,-0.69,0,False,▇▅▆▅▅█▇▆▅▄▄▅▅▅▁▂▅▅▃▄,False,False,False,11,0.020656437757584856,0.022636815920398012,0.01048599253685012,-0.038865411207198663,UP,False,43,31.0,IGNORE,NONE,,NEUTRAL,C,WAIT,No standout factor,Finance,29.7
CANBK,131.13,131.8,131.8,127.77,True,True,True,False,False,False,0.43626197774226566,129.455010945,0.4477212764182652,False,0.07768409018679619,True,42.84,False,0.951186207355929,37.0,-0.37,0,False,▄▅▇▁▅▅▄▇▇▆▆█▅▄▄▅▅▁▄▄,False,False,False,0,0.048956083513318926,0.01753705284395113,0.03878563829258419,-0.04396517428364555,UP,False,41,31.0,IGNORE,NONE,,NEUTRAL,C,WAIT,CMF positive,Finance,29.7
VOLTAMP,10093.5,9989.0,10138.5,9965.0,False,True,True,True,False,False,0.19809995438435882,12.64614615,0.20257828919902557,False,-0.07248866627239366,True,48.56,False,0.8997841333370393,52.0,-0.1,0,True,▆█▆▆▇█▇▁▄▃▅▆▅▄▅▅▅▄▄▅,False,False,False,0,0.061914781693845455,0.008946421431427432,0.05174433647311072,-0.052555805696169244,UP,False,39,31.0,IGNORE,NONE,,NEUTRAL,C,WAIT,No standout factor,Producer Manufacturing,34.1
INTERARCH,1725.1,1738.8,1739.3,1715.8,True,False,False,False,False,False,0.5581026183729901,5.6405594699999995,0.5434780949402339,False,-0.04580459254370349,True,67.47,True,1.2120395570046616,95.0,1.76,0,True,▃▇▂▁▃▆▃▄▅█▂▄▄▇▇▄▂▃▅▇,False,False,False,0,-0.04447767807688052,0.0011606987406418412,-0.05464812329761526,-0.060341528386954835,UP,False,37,31.0,IGNORE,SEED,,NEUTRAL,C,WAIT,Delivery P95,Producer Manufacturing,34.1
SWSOLAR,199.59,203.62,204.0,199.1,True,False,False,False,False,False,0.6487594042337985,11.237396016,0.6282579892916821,False,-0.2185443442554108,True,59.68,True,1.342934293429343,99.0,2.42,0,True,▄▃▁▃▃▅▅▅▄▇▄▆▇▅▆▅▃▆▅█,False,False,False,0,-0.03723891756306974,-0.006718423409973084,-0.047409362783804476,-0.06822065053756976,UP,False,34,31.0,IGNORE,SEED,,NEUTRAL,C,WAIT,Delivery P99,Industrial Services,37.0
VIPIND,309.4,300.0,311.7,299.8,False,True,True,False,False,False,1.42942655858408,9.076682159999999,1.4440120275612218,True,-0.0674138584466733,True,47.78,False,0.8994390271450623,36.0,-0.27,0,True,▇▆▆▅█▅▅▆▃▅▆▄▆▆█▅▁▆▃▄,False,False,False,0,0.03202134756504327,-0.021660079051383452,0.02185090234430853,-0.08316230617898013,UP,False,30,31.0,IGNORE,NONE,,NEUTRAL,C,WAIT,No standout factor,Consumer Durables,29.9
UTIAMC,894.6,910.0,910.0,893.15,True,False,False,False,False,False,0.3435403313653557,6.7726587600000006,0.3410411674898557,False,-0.2900391415809661,True,68.82,True,1.1603537375968436,92.0,1.2,0,True,▅▁▆▃▅▄▃▄▆▅█▅▆▄▆▅▆▅▄▆,False,False,False,0,-0.026656511805026706,-0.034795274316232416,-0.03682695702576144,-0.09629750144382909,UP,False,27,31.0,IGNORE,SEED,,NEUTRAL,C,WAIT,Delivery P92,Finance,29.7
DBL,421.2,419.35,422.95,416.55,False,False,False,False,False,False,0.048182625583456574,2.90990232,0.04734916030204661,False,0.376527386101712,True,55.08,True,1.4382703154376435,90.0,1.2,0,False,█▇▁▂▂▄▅▄▃▄▅▆▆▃▅▆▅▆▄▆,False,False,False,0,0.029577120508432975,-0.035051546391752564,0.01940667528769824,-0.09655377351934924,UP,False,27,31.0,IGNORE,SEED,,NEUTRAL,C,WAIT,"Delivery P90, CMF positive",Industrial Services,37.0
DOLATALGO,71.14,71.19,71.59,70.62,True,True,False,False,False,False,0.559504306760342,0.470256742,0.5709808851216838,False,0.0198266088570376,False,73.97,True,1.204870301746956,100.0,2.38,0,True,▅▇▇▅▅▇▂▁▇▆▆▅▁▆▄▃█▅▄█,False,False,False,0,0.03266076353607206,-0.03578205475738683,0.02249031831533732,-0.0972842818849835,UP,False,27,31.0,IGNORE,SEED,,NEUTRAL,C,WAIT,"Delivery P100, CMF positive",Finance,29.7
CHAMBLFERT,434.4,438.95,438.95,433.1,True,False,False,False,False,False,0.8768418231299997,15.5187228,0.8525603539390085,False,-0.09823922318604078,True,68.66,True,1.3104178793980397,100.0,2.41,0,True,▄▄▂▂▃▃▂▂▃▁▁▃▅▅▅▆▃█▆█,False,False,False,0,-0.011041548093341014,-0.04474986256184721,-0.02121199331407575,-0.10625208968944388,UP,False,24,31.0,IGNORE,SEED,,NEUTRAL,C,WAIT,Delivery P100,Process Industries,34.6
SMSPHARMA,359.35,358.1,363.0,352.75,False,False,False,True,False,False,0.6737244381170769,4.547322705,0.6474999010013612,False,-0.11613169158045314,True,59.58,True,1.0802284471036172,95.0,1.52,0,True,▆▇▄▃▇▂▆▃▅▃▄█▁▂▃▂▅█▇▆,False,False,False,0,-0.07431736218444096,-0.047953371307457804,-0.0844878074051757,-0.10945559843505448,UP,False,23,31.0,IGNORE,SEED,,NEUTRAL,C,WAIT,Delivery P95,Health Technology,28.9
IREDA,115.27,116.85,117.11,115.27,True,False,False,False,False,False,0.5552157818416504,31.902401847999997,0.5331362246742573,False,0.028920950877876477,False,44.23,True,1.255250312180724,96.0,1.67,0,True,▆▂▄▄▇▃▂█▃▁▄▅▄▅▆▆▆▄▃█,False,False,False,0,-0.04853487412298807,-0.05878990773250592,-0.058705319343722806,-0.1202921348601026,UP,False,21,31.0,IGNORE,SEED,,NEUTRAL,C,WAIT,"Delivery P96, CMF positive",Finance,29.7
VIDYAWIRES,88.35,89.0,89.51,88.0,True,False,False,True,False,False,0.49261697880066196,4.077538034999999,0.4734150542499903,False,-0.18409602066780703,True,65.79,True,1.1789583090666358,97.0,1.96,0,True,▃▄▁▂▆▂▃▄▇▄▆▆▇▅▃▆█▁▆█,False,False,False,0,-0.03178082191780829,-0.056190577929708385,-0.041951267138543025,-0.11769280505730506,UP,False,21,31.0,IGNORE,SEED,,NEUTRAL,C,WAIT,Delivery P97,Non-Energy Minerals,34.1
ITI,280.35,276.1,282.0,274.25,False,False,False,False,False,False,0.8257926547348672,6.501961305,0.8195775691999618,False,-0.09101445334906795,True,44.98,True,1.2271679375775846,97.0,1.65,0,True,▆▅▅▆▆▅█▅▅▇▇▅█▁▅▇▆▆▆▇,False,False,False,0,-0.01855417468930498,-0.06612258494337098,-0.028724619910039717,-0.12762481207096765,UP,False,19,31.0,IGNORE,SEED,,NEUTRAL,C,WAIT,Delivery P97,Communications,26.7
DELTACORP,60.71,59.7,61.08,59.5,False,False,False,False,False,False,1.2643969322030826,6.518256641000001,1.2278946681971161,True,-0.36568951460909516,True,42.92,False,0.9013492938520502,46.0,0.0,0,True,▆▃▄█▆██▁▆▇▆▆▆▅▄▇▆▇▅▅,False,True,False,0,-0.043334383863851245,-0.07114443084455324,-0.05350482908458598,-0.13264665797214992,UP,False,17,31.0,IGNORE,NONE,,NEUTRAL,C,WAIT,No standout factor,Consumer Services,31.6
INTELLECT,695.95,695.45,702.6,685.65,False,False,False,False,False,False,0.6016026387554796,23.269575415000002,0.5756899349795951,False,-0.08724704165567122,True,54.1,True,1.1313967835706966,90.0,1.09,0,True,▆▅▄▆▆▆▆▁▅▅▅▇▆▇▆█▆█▆▇,False,False,False,0,-0.083492460657141,-0.07441149088974586,-0.09366290587787574,-0.13591371801734253,UP,False,16,31.0,IGNORE,SEED,,NEUTRAL,C,WAIT,Delivery P90,Technology Services,32.9
ATLANTAELE,1774.4,1828.9,1849.8,1759.0,True,True,True,True,False,False,1.3370413724715373,39.7749504,1.4455249545702806,False,-0.11652898652759527,True,52.24,True,1.0540652334016,74.0,0.54,0,False,▄▇▃▅█▅▅▅▄▁▆▇▄▇▆▅▂▄▅▆,False,False,False,0,0.06891566265060245,-0.09219277601555298,0.05874521742986771,-0.15369500314314966,UP,False,13,31.0,IGNORE,NONE,,NEUTRAL,C,WAIT,No standout factor,Producer Manufacturing,34.1
IRCON,123.62,124.2,124.7,123.1,True,False,False,False,False,False,0.7872193531409604,11.691559292,0.7577686622020867,False,0.025481086657693212,False,49.79,True,1.2331125007739459,98.0,2.08,0,True,▆▃▂▃▆▁▆▅▂▃▃▃▄▄█▆▂▆▄▇,False,False,False,0,-0.042150937548427025,-0.09296353364149967,-0.05232138276916176,-0.15446576076909635,UP,False,13,31.0,IGNORE,SEED,,NEUTRAL,C,WAIT,"Delivery P98, CMF positive",Industrial Services,37.0
SJVN,66.29,66.49,66.85,66.11,True,False,False,False,False,False,0.5884443701207199,7.077160174000001,0.5719531191154297,False,-0.15255661444414265,True,55.36,True,1.0978136929254871,93.0,1.46,0,True,▅▃▃▅▇▅▅▁▆▆▄▇▅▇▆▅▇▆█▆,False,False,False,0,-0.03437727603787322,-0.0892979804918258,-0.04454772125860795,-0.15080020761942248,UP,False,13,31.0,IGNORE,SEED,,NEUTRAL,C,WAIT,Delivery P93,Utilities,32.3
LICHSGFIN,498.8,500.0,501.8,495.9,False,False,False,False,False,False,1.2838834238655195,92.45966296,1.238959229646632,True,-0.310563130327617,True,54.65,True,1.085305186229632,59.0,0.23,0,False,▅▃▃▄▂▇▂▁▅▁▂█▄▆▇▆▆▅█▅,False,True,False,0,-0.09077652205614295,-0.09760289461782001,-0.10094696727687769,-0.1591051217454167,UP,False,12,31.0,IGNORE,NONE,,NEUTRAL,C,WAIT,No standout factor,Finance,29.7
RAILTEL,277.15,278.7,279.6,275.0,True,False,False,False,False,False,0.6634042282117079,9.0051578,0.6366791279502229,False,-0.1507033497231512,True,50.6,True,1.3587175424934883,99.0,2.3,0,True,▅▂▆▄▄▁▄▄▄▅▂▁▄▅▅▆▄▇▇█,False,False,False,0,-0.057793642699303094,-0.1115563391569162,-0.06796408792003783,-0.17305856628451288,UP,False,9,31.0,IGNORE,SEED,,NEUTRAL,C,WAIT,Delivery P99,Communications,26.7
HBLENGINE,670.05,675.0,677.55,667.15,True,False,False,False,False,False,0.7726265639894614,42.594140429999996,0.7306577654492719,False,-0.23423612585159315,True,52.52,True,1.135628952916374,97.0,1.9,0,True,▇▄▅▅▇▃▄▁▄▄▅▅▇▅▄▅▇█▆▇,False,False,False,0,-0.08092723407173719,-0.14250063987714368,-0.09109767929247192,-0.20400286700474035,UP,False,5,31.0,IGNORE,SEED,,NEUTRAL,C,WAIT,Delivery P97,Producer Manufacturing,34.1
SAMMAANCAP,150.23,153.33,153.95,145.0,True,False,False,False,False,False,3.2903303800963037,346.549887965,3.085210744692172,False,-0.15071736874860361,True,29.53,False,0.5503937374772845,8.0,-1.49,0,True,▄█▄▆▅▆▆▄▄▆▅▅▄▅▅▅▆▅▃▁,False,False,False,0,-0.08076852475065788,-0.16839191807362308,-0.09093896997139261,-0.22989414520121976,UP,False,3,31.0,IGNORE,NONE,,NEUTRAL,C,WAIT,No standout factor,Finance,29.7
AGIIL,292.85,299.0,299.95,291.15,True,False,False,False,False,False,0.21843093265646976,11.73080959,0.2056567368945205,False,-0.2842711731015526,True,51.71,True,1.6442232785894848,83.0,1.0,1,True,▅▇▄▂▁▁▃▁▄▃█▆▂▂▃▄▃▃▅▇,False,False,False,0,-0.10743675708625422,-0.21551031342084115,-0.11760720230698896,-0.2770125405484378,UP,False,1,31.0,IGNORE,NONE,DEL52% ▅▇▄▂▁▁▃▁▄▃█▆▂▂▃▄▃▃▅▇ P83 Z+1.0,NEUTRAL,C,WAIT,No standout factor,Finance,29.7
KOLTEPATIL,473.95,471.65,478.8,466.25,False,True,True,True,False,True,0.10938160371774867,4.24592847,0.1041658730157598,False,-0.07637200067016492,True,43.37,False,0.9805561835858013,19.0,-0.67,0,False,▇█▇█▇█▆▇▄▇▆▃▆▆▁▂▄▆▅▆,False,False,False,10,0.2398953564421189,0.3159794530056921,0.22972491122138416,0.2544772258780954,FLAT,True,89,30.0,IGNORE,NONE,,NEUTRAL,C,WAIT,No standout factor,Finance,29.7
TINNARUBR,1065.1,1049.0,1080.0,1032.0,False,False,True,True,False,True,0.20521301111345966,5.516791959999999,0.1943080107898069,False,-0.2231224316929787,True,41.62,True,1.1259908557205853,23.0,-0.65,0,False,▁▁▁▃▅▄▅▄▅▅▄▆▅▅█▇▅██▅,False,False,False,0,-0.072939333275307,0.22284730195177938,-0.08310977849604173,0.1613450748241827,FLAT,True,81,30.0,IGNORE,NONE,,NEUTRAL,C,WAIT,No standout factor,Process Industries,34.6
AURUM,226.64,230.08,230.09,222.8,True,True,True,True,False,True,0.29504648891044105,1.7664548239999998,0.3007505749884344,False,-0.12626511269003787,True,58.33,True,1.2351377963176675,49.0,0.12,0,False,▅▅▆▆▁▇▆█▇▁▅▃▇█▆▅▆▂▇▇,False,False,False,0,-0.007401567906100914,0.2190189328743546,-0.01757201312683565,0.1575167057467579,FLAT,True,81,30.0,IGNORE,NONE,,NEUTRAL,C,WAIT,No standout factor,Technology Services,32.9
YATRA,115.5,114.5,117.2,112.86,False,True,True,False,False,False,0.4125252747037248,10.88487015,0.4171059664621164,False,0.31957684700919764,True,30.46,False,0.7307798423761142,40.0,-0.31,0,False,▆▅▄▆▄▅▆▅█▇▇██▃▁▃▂▄▂▃,False,False,False,1,0.07023721275018535,0.1713995943204869,0.060066767529450615,0.10989736719289023,FLAT,True,74,30.0,IGNORE,NONE,,NEUTRAL,C,WAIT,CMF positive,Consumer Services,31.6
MAHLIFE,384.15,391.0,391.0,381.1,True,True,True,True,False,True,0.24838404022778232,3.55976439,0.25141432471445074,False,-0.289431449758393,True,47.05,False,0.8766046242989957,18.0,-0.62,0,False,▆▁▅▇█▇▇▆▇▆▇▆▅▅█▇█▇▇▅,False,False,False,10,0.040492957746478764,0.1477442485808187,0.030322512525744028,0.08624202145322202,FLAT,True,69,30.0,IGNORE,NONE,,NEUTRAL,C,WAIT,No standout factor,Finance,29.7
CAPLIPOINT,2529.7,2540.0,2558.0,2506.1,False,False,True,True,False,True,0.6269333151078396,17.867777039999996,0.6234161010346794,False,-0.11534844121839002,True,45.44,False,0.9741874624817769,38.0,-0.22,0,True,▆▃▆▂▄█▇▆▆██▇▇▇█▁▃▆▅▆,False,False,False,0,-0.030023006134969443,0.12171869457254347,-0.04019345135570418,0.0602164674449468,FLAT,True,65,30.0,IGNORE,NONE,,NEUTRAL,C,WAIT,No standout factor,Health Technology,28.9
GRANULES,851.2,863.0,868.5,848.45,True,False,True,True,False,True,0.4765947553211777,34.6527776,0.47579486705349405,False,-0.15981354012581245,True,58.26,True,1.144687205281358,86.0,1.06,0,False,▄▃▇▃▇▆▄▅▅█▅▅▁▅▃▇▄▅▃▇,False,False,False,0,-0.027977617905675434,0.11260701914907534,-0.03814806312641017,0.05110479202147866,FLAT,True,63,30.0,IGNORE,SEED,,NEUTRAL,C,WAIT,No standout factor,Health Technology,28.9
PHOENIXLTD,1940.0,1938.1,1940.0,1905.1,False,False,True,True,False,True,0.7594547957913175,88.559836,0.7547003327754198,False,-0.1582606247761112,True,63.36,True,1.1152966027107902,82.0,0.86,0,False,▆█▃▃▅▁▁█▃█▄▅▆▆▅▆▆▆▆▇,False,False,False,0,-0.0723029839326702,0.10598027478479,-0.08247342915340494,0.04447804765719332,FLAT,True,62,30.0,IGNORE,NONE,,NEUTRAL,C,WAIT,No standout factor,Finance,29.7
GEOJITFSL,80.24,79.31,81.61,79.31,False,True,True,True,False,True,0.6994957161544952,2.0114402719999998,0.7195880809713002,False,-0.025553955660370102,True,56.31,True,1.0702271215432864,76.0,0.64,0,False,▅▄▂▅▃▆▄▃▅▇▅▁█▂▅█▄▃▄▆,False,False,False,0,-0.02146341463414636,0.08593855731492761,-0.0316338598548811,0.024436330187330935,FLAT,True,58,30.0,IGNORE,NONE,,NEUTRAL,C,WAIT,No standout factor,Finance,29.7
PURVA,224.36,227.5,231.8,220.13,True,True,True,False,False,False,0.8574699996000853,24.774459408000002,0.8541140514149546,False,-0.6823742858547482,True,13.25,False,0.30227332352370845,4.0,-2.04,0,True,▇▆▄▇▆█▆██▇▆▇█▆▇▇█▇▁▂,False,False,False,0,0.023166727471725768,0.07441815918015515,0.012996282250991031,0.012915932052558476,UP,True,54,30.0,IGNORE,NONE,,NEUTRAL,C,WAIT,No standout factor,Finance,29.7
BALAJITELE,92.79,92.2,93.35,91.21,False,True,True,False,True,False,0.3951829164633043,1.0029949470000001,0.40576628987492763,False,-0.3650899487120262,True,63.34,True,1.1924394743778002,88.0,1.13,0,False,▄▃▃▄▅▁▅▆▇▆▄▄█▂▄█▁▁▃▆,False,False,False,2,0.07123066266451161,0.07197319778188538,0.061060217443776876,0.010470970654288703,UP,True,54,30.0,IGNORE,NONE,,NEUTRAL,C,WAIT,No standout factor,Consumer Services,31.6
RAMCOCEM,909.8,922.6,924.25,897.15,True,False,False,False,False,False,0.9579555063424771,21.1965204,0.9359276947506722,False,-0.10362844401426306,True,59.77,True,1.1235595992255203,62.0,0.25,0,True,▄▅▄▅▆▅█▅▃▅▄▄▃▁▅▅▅▄▅▅,False,False,False,5,-0.008716495968620563,0.06827922268537545,-0.0188869411893553,0.0067769955577787755,FLAT,True,53,30.0,IGNORE,NONE,,NEUTRAL,C,WAIT,No standout factor,Non-Energy Minerals,34.1
CANHLIFE,149.27,148.15,150.49,148.15,False,True,True,True,False,True,0.09040367247821338,3.704508225,0.08790294656606897,False,-0.08425068679889808,True,52.05,True,1.1715452918734595,60.0,0.06,0,False,▁▂▃▅▄▂▅▃█▄▆▆▅▄█▄▇▃▅▅,False,False,False,0,-0.03634602969657841,0.06590974007426453,-0.046516474917313144,0.0044075129466678575,FLAT,True,53,30.0,IGNORE,NONE,,NEUTRAL,C,WAIT,No standout factor,Finance,29.7
DEEPAKNTR,1771.0,1780.0,1787.0,1753.5,True,True,True,True,False,True,0.4686907621985802,40.6134575,0.4753582528564702,False,-0.3120501203144691,False,55.84,True,1.162316306565089,73.0,0.55,0,False,▅▆▄▃▇▅█▆▆▆▁▄▂▅▆▆▆▃▆▇,False,False,False,2,0.036703155183515745,0.055234463445152926,0.02653270996278101,-0.00626776368244375,UP,False,50,30.0,IGNORE,NONE,,NEUTRAL,C,WAIT,No standout factor,Process Industries,34.6
SOMANYCERA,512.35,521.5,522.6,511.0,True,True,True,True,False,True,0.8089611494861549,10.010601710000001,0.8083946319890742,False,-0.3183562960886187,False,59.86,False,0.9930407518310537,55.0,0.2,0,True,▇▆▆▆▇▇█▇▇▆█▆▇▆▇▁▂▆█▆,False,False,False,0,-0.0012670565302144166,0.028195865944210308,-0.011437501750949153,-0.03330636118338637,UP,False,44,30.0,IGNORE,NONE,,NEUTRAL,C,WAIT,No standout factor,Producer Manufacturing,34.1
MAHSEAMLES,620.9,622.0,627.95,616.1,True,True,True,True,False,True,1.1980474381801687,7.90436745,1.257252574974897,False,-0.001308311182056816,False,56.71,True,1.010180179377789,56.0,0.12,0,False,▇▄▅▅▇▅▇█▅▆▆▆▅▁▅▆▄▄▆▆,False,False,False,0,0.07042496336522719,0.017785427423981703,0.06025451814449245,-0.04371679970361497,UP,False,42,30.0,IGNORE,NONE,,NEUTRAL,C,WAIT,No standout factor,Non-Energy Minerals,34.1
DODLA,1094.7,1100.0,1105.9,1090.1,True,True,True,False,False,False,0.8525810997949598,3.04293759,0.8790309027980735,False,-0.007262245887955088,False,71.36,True,1.3449432696294619,90.0,1.26,0,True,▃▅▂▂▃▁▄█▂▃▄▅▅▄▄▄▂▄▄▆,False,False,False,0,0.03079096045197738,0.013329630658150515,0.020620515231242642,-0.04817259646944616,UP,False,41,30.0,IGNORE,SEED,,NEUTRAL,C,WAIT,Delivery P90,Consumer Non-Durables,37.4
NPST,1591.0,1638.0,1638.0,1540.8,True,True,True,True,False,False,0.9210136215610519,6.2769723,0.9356851563677863,False,0.0704382770704834,False,47.47,False,0.8778548312528894,32.0,-0.37,0,False,▅▂▂▅▁▄▇▅▅▆▄▇██▆▄▃▇▅▄,False,False,False,0,0.028974259474841446,0.011571719226856514,0.01880381425410671,-0.04993050790074016,UP,False,40,30.0,IGNORE,NONE,,NEUTRAL,C,WAIT,CMF positive,Technology Services,32.9
NSIL,5558.5,5515.0,5598.5,5515.0,False,True,True,False,False,False,0.7865304249100177,0.9049238,0.7838924889884907,False,-0.14385178930837783,False,74.08,True,1.1296902044208583,95.0,1.43,0,False,▃▁▂▆▆▃▇█▆▄▇▃▆▄▂▇▃▄▄▆,False,False,False,3,0.004699502937189237,0.010544495954913247,-0.005470942283545499,-0.05095773117268343,UP,False,40,30.0,IGNORE,SEED,,NEUTRAL,C,WAIT,Delivery P95,Finance,29.7
MANKIND,2380.0,2370.0,2395.0,2363.3,True,False,False,True,False,True,0.8146360729471092,87.11038,0.7775414479374673,False,-0.20354044569961308,False,57.93,True,1.0716366831614483,58.0,0.12,0,True,▄▄▂▃▂▂▁▂▄▅▃▅▄▄▄▇▄▁█▄,False,False,False,6,-0.0652003142183818,0.004431314623338345,-0.07537075943911653,-0.05707091250425833,FLAT,False,38,30.0,IGNORE,NONE,,NEUTRAL,C,WAIT,No standout factor,Health Technology,28.9
IIFLCAPS,335.05,334.4,336.4,333.7,False,False,False,True,False,False,0.4539066893536921,5.277406055,0.45044744525518526,False,-0.1785316332521901,False,82.6,True,1.1927883955840837,99.0,2.29,0,True,▂▃▁▇▆▅▆▆▅▆▄▇▅▆▆█▅▄▆▇,False,False,False,0,-0.013978811065332497,-0.028418152820066767,-0.024149256286067233,-0.08992037994766344,UP,False,28,30.0,IGNORE,SEED,,NEUTRAL,C,WAIT,Delivery P99,Finance,29.7
FIEMIND,2219.1,2281.7,2293.9,2214.1,True,False,False,False,False,False,1.0132524877938625,29.273479559999995,0.9224323782566959,False,0.1077319507476716,False,56.29,True,1.1201321314150399,81.0,0.78,0,False,█▆▅▅▄▇▆▅█▆▁▇▄▄▄▆▂▆▅▇,False,False,False,8,-0.04820930731288875,-0.03425015231961015,-0.058379752533623486,-0.09575237944720683,UP,False,27,30.0,IGNORE,NONE,,NEUTRAL,C,WAIT,CMF positive,Producer Manufacturing,34.1
GVPIL,705.05,724.2,724.7,696.65,True,False,False,True,False,False,2.4049679417152556,37.446122065,2.2128954429652032,False,-0.2289747878079022,False,51.16,False,0.9425202652910833,73.0,0.47,0,True,▃▄▃▅▅▄▄▁▆▂▇█▇▄▆▄▄█▄▄,False,False,False,0,-0.1309626525329718,-0.22136940916620662,-0.14113309775370653,-0.2828716362938033,UP,False,1,30.0,IGNORE,DISTRIBUTION,,NEUTRAL,C,WAIT,No standout factor,Industrial Services,37.0
VADILALIND,7429.5,7448.5,7575.0,7311.0,False,True,True,True,False,True,0.6132317682644002,17.43480765,0.6067297129726497,False,-0.27948788928246654,False,32.43,False,0.7593691826771101,4.0,-1.66,0,False,▆▄▄▆▆▆▃▃▃▆▄▄█▃▅▇▁▃▃▃,False,False,False,14,0.08984890714390503,0.29038140892038333,0.0796784619231703,0.22887918179278666,FLAT,True,88,29.0,IGNORE,NONE,,NEUTRAL,C,WAIT,No standout factor,Consumer Non-Durables,37.4
RRKABEL,2784.9,2748.6,2870.0,2740.5,False,True,True,True,False,True,0.9498748744713233,194.38824792,1.0209061296247084,False,-0.08366090697306257,False,35.13,False,0.8147314957616801,14.0,-0.94,0,False,▅▆▆▄▁▆▅▇▇█▄▆▆▅▇▇▇▇█▄,False,False,False,15,0.18738807879252994,0.27923748277446037,0.1772176335717952,0.2177352556468637,FLAT,True,86,29.0,IGNORE,NONE,,NEUTRAL,C,WAIT,No standout factor,Producer Manufacturing,34.1
IKIO,196.99,200.25,202.71,196.36,True,False,True,True,False,False,0.4273785496174017,2.5177685880000005,0.4053912702793378,False,-0.03094200023676145,False,53.95,True,1.526728358377904,71.0,0.63,1,True,▁▁▁▂▂▄▄▂▃█▄▇▆▆▃▆▅▇▆█,False,False,False,0,-0.09011547344110848,0.27435632035192126,-0.10028591866184322,0.21285409322432458,FLAT,True,86,29.0,IGNORE,NONE,DEL54% ▁▁▁▂▂▄▄▂▃█▄▇▆▆▃▆▅▇▆█ P71 Z+0.6,NEUTRAL,C,WAIT,No standout factor,Producer Manufacturing,34.1
ENTERO,1408.2,1400.0,1433.4,1384.0,False,True,True,True,False,True,0.5898813294874768,16.00926252,0.6261603904501104,False,-0.19764266240177106,False,47.59,False,0.9766558924631882,27.0,-0.58,0,False,▇▄▆█▄▅▆▄█▂▆▄▅▁▄▅▅▄▅▅,False,False,False,3,0.15653745072273328,0.22740346901420727,0.14636700550199855,0.1659012418866106,FLAT,True,82,29.0,IGNORE,NONE,,NEUTRAL,C,WAIT,No standout factor,Distribution Services,34.9
AYE,171.99,170.0,172.89,166.55,False,True,True,True,False,True,0.2981135274879284,10.576920627000002,0.28091747897821195,False,-0.19262384878009756,False,47.02,True,1.1883940757215792,89.0,1.04,0,False,▁▃▃▅▄▃▄▃▄▅▄▄▅▄▄▄█▅▅▅,False,False,False,0,-0.09478947368421042,0.22946600900707725,-0.10495991890494516,0.16796378187948058,FLAT,True,82,29.0,IGNORE,SEED,,NEUTRAL,C,WAIT,No standout factor,Finance,29.7
ORISSAMINE,4747.5,4825.1,4916.8,4725.0,True,True,True,True,False,False,0.19376119370912515,5.5650195,0.19807637204353587,False,-0.12470540075103503,False,41.08,False,0.9449217357301406,37.0,-0.22,0,False,▅▇▅▆▄▂▆█▇▅▆▅▆▅▇▁▁▃▅▅,False,False,False,7,0.27477042049299194,0.1869343467173359,0.2645999752722572,0.1254321195897392,UP,True,77,29.0,IGNORE,NONE,,NEUTRAL,C,WAIT,No standout factor,Non-Energy Minerals,34.1
PARADEEP,147.82,146.66,149.65,145.07,False,True,True,True,False,False,0.15790474161669155,30.329441524,0.15214147518546262,False,0.3583820173346385,False,33.18,False,0.9446666761569888,22.0,-0.55,0,False,▇▇▅█▅▁▂▄▆▆▆█▆▆███▇█▆,False,False,False,1,0.05706521739130421,0.17075875178203703,0.046894772170569476,0.10925652465444036,FLAT,True,74,29.0,IGNORE,NONE,,NEUTRAL,C,WAIT,CMF positive,Process Industries,34.6
HSCL,781.8,786.95,789.8,768.5,True,True,True,True,False,True,0.5236823882361222,258.25285398,0.5298912790471576,False,-0.0637701037351515,False,16.33,False,0.50729252419192,19.0,-1.04,0,True,▂▃▂▃▂▃▅▇▃▄▃▄▃▅▄█▆▄█▁,False,False,False,2,-0.023848170807841185,0.15055187637969092,-0.03401861602857592,0.08904964925209424,FLAT,True,70,29.0,IGNORE,NONE,,NEUTRAL,C,WAIT,No standout factor,Process Industries,34.6
MUTHOOTMF,210.29,208.12,212.98,206.5,False,False,False,True,False,False,0.5083870849884117,8.310198161999999,0.47281392753676077,False,-0.454390970446507,False,52.51,True,1.1253027023551851,65.0,0.41,0,True,▃▅▆▅▆▃▆▆█▇▅▃▁▅▄█▆▅▄▆,False,False,False,3,-0.1730633110499411,0.14661941112322774,-0.18323375627067584,0.08511718399563106,FLAT,True,69,29.0,IGNORE,NONE,,NEUTRAL,C,WAIT,No standout factor,Finance,29.7
JAGSNPHARM,230.89,233.53,241.3,229.15,True,True,True,True,False,True,0.30569597693903694,5.668372589,0.2997717348370335,False,-0.6596459754628348,False,39.49,False,0.8934288073664326,10.0,-1.04,0,True,▆▅▆▅█▆▁▂▆▆▇▅▆▆▆█▆▆▇▅,False,False,False,0,0.03976402774025023,0.14443618339529118,0.029593582519515493,0.08293395626769451,FLAT,True,69,29.0,IGNORE,NONE,,NEUTRAL,C,WAIT,No standout factor,Health Technology,28.9
GRAVITA,1814.1,1821.7,1834.4,1802.0,True,True,True,True,False,True,0.5408171178477053,25.1760798,0.57666327563444,False,-0.12538512774807728,False,49.42,False,0.9810616587922341,56.0,0.25,0,True,▁█▄▆▅▄▇█▅▅▇▇█▇▅▇▆▆▇▅,False,False,False,0,0.00532003325020769,0.1431001890359167,-0.0048504119705270465,0.08159796190832003,FLAT,True,68,29.0,IGNORE,NONE,,NEUTRAL,C,WAIT,No standout factor,Non-Energy Minerals,34.1
DOLLAR,268.55,268.9,270.7,264.05,False,False,True,False,False,False,0.428036200730728,2.22590353,0.4218446565152157,False,0.021984215948024386,True,53.47,False,0.897200338946079,35.0,-0.28,0,True,▆▇▆▆▄█▁▃▅▂▃▆▆█▃▄▆▂▅▄,False,False,False,4,0.03407778205621881,0.08989448051948057,0.023907336835484072,0.028392253391883893,FLAT,True,58,29.0,IGNORE,NONE,,NEUTRAL,C,WAIT,CMF positive,Consumer Non-Durables,37.4
MAHSCOOTER,13226.0,13448.0,13688.0,13121.0,True,False,True,False,False,False,0.576303206769956,3.9135734,0.573199067061794,False,0.08546951271907144,False,51.03,True,1.0053884724124003,47.0,0.03,0,False,██▆▅▇▁▇▆▄▅▅▅▄▅▆▇▆▇▆▆,False,False,False,6,0.023763449183373364,0.07642223488239597,0.013593003962638628,0.014920007754799292,FLAT,True,55,29.0,IGNORE,NONE,,NEUTRAL,C,WAIT,CMF positive,Producer Manufacturing,34.1
HEIDELBERG,160.06,161.0,161.79,159.81,True,True,True,False,False,False,1.0965156599403507,1.3169896859999999,1.1201689048096701,False,-0.17127979586693493,False,69.59,True,1.1416806116087543,90.0,1.07,0,True,▇▇▄▇█▁▇▇▆▄▆▆▅▅▅▆▇▇▆▇,False,False,False,2,-0.005406077176412172,0.07171074656846343,-0.015576522397146908,0.010208519440866759,FLAT,True,54,29.0,IGNORE,SEED,,NEUTRAL,C,WAIT,Delivery P90,Non-Energy Minerals,34.1
ACUTAAS,3391.4,3190.0,3399.8,3189.9,False,True,True,True,False,True,1.1095921078708428,143.54744866000001,1.1533014414900813,True,-0.03234377757897742,True,44.12,False,0.8740354804520737,25.0,-0.59,0,False,▄▄▁▁▃▂▃▆▅▅▄▆▆█▇▆▆▄▄▃,False,False,False,1,-0.07767201522980693,0.06024322380967284,-0.08784246045054167,-0.0012590033179238347,FLAT,False,51,29.0,IGNORE,NONE,,NEUTRAL,C,WAIT,No standout factor,Health Technology,28.9
METROPOLIS,551.95,553.0,555.75,545.2,False,False,False,True,False,True,0.477941843215344,6.5457406350000005,0.4600206162518,False,-0.20371379235651785,True,49.48,False,0.8904245172668214,35.0,-0.27,0,True,▂▇█▅▆▅▁▄▂▅▁▄▄▆▇▂▂▄▄▃,False,False,False,7,-0.02962376933895905,0.03062272430211954,-0.039794214559693786,-0.030879502825477134,FLAT,False,45,29.0,IGNORE,NONE,,NEUTRAL,C,WAIT,No standout factor,Health Services,40.2
HDFCAMC,2511.7,2525.9,2536.9,2491.3,True,False,False,False,False,True,0.9100905516343358,164.11171513,0.9011025533923832,False,-0.06037334020322144,True,65.59,True,1.1211007606187506,77.0,0.77,0,True,▃▁▃▄▃▂▃▃▁▆▅▅▃▁▅▇▇█▄▆,False,False,False,0,-0.026887761032118096,0.023929881777415396,-0.03705820625285283,-0.03757234535018128,UP,False,44,29.0,IGNORE,NONE,,NEUTRAL,C,WAIT,No standout factor,Finance,29.7
CAMS,762.0,772.1,773.9,757.55,True,False,False,False,False,True,1.0075804367686687,96.771714,0.9737156407594694,False,-0.09686759871821589,True,55.5,True,1.2135524287447932,94.0,1.27,0,False,█▇▃▅▅▅▅█▁▁▅▇▅▁▆▇█▇▆█,False,False,False,0,-0.006842619745845546,0.016406562625050025,-0.017013064966580282,-0.04509566450254665,UP,False,41,29.0,IGNORE,SEED,,NEUTRAL,C,WAIT,Delivery P94,Technology Services,32.9
KIRIINDUS,408.95,413.5,413.5,403.8,True,False,True,False,False,False,0.6292311041052125,7.820146375,0.6067960800856046,False,-0.025368069439306553,True,46.63,False,0.9424009700889248,55.0,0.2,0,True,█▇▆▇█▇▅▆▆▆▆▄▇▇▆▁▆▅▅▅,False,False,False,4,0.0024512807942149717,0.006027060270602735,-0.0077191644265197645,-0.05547516685699394,UP,False,39,29.0,IGNORE,NONE,,NEUTRAL,C,WAIT,No standout factor,Process Industries,34.6
CANFINHOME,824.15,814.35,825.0,810.05,False,False,False,False,False,True,0.6917340411036546,12.447302279999999,0.6968302938960067,False,-0.04795270458800821,True,68.13,True,1.0981536254543403,89.0,1.25,0,True,▅▃▃▂▁▇▃▅█▇▇▂▆█▃▃▅▄▃▆,False,False,False,0,-0.010030030030030113,-0.0034461910519951733,-0.02020047525076485,-0.06494841817959185,UP,False,35,29.0,IGNORE,SEED,,NEUTRAL,C,WAIT,No standout factor,Finance,29.7
ICRA,4975.6,5050.0,5082.0,4954.0,True,False,False,False,False,False,0.4533386802326741,10.74331552,0.4487875356200655,False,0.11588623919260907,True,70.62,True,1.1414624684812829,85.0,0.93,0,False,▅▅▇▅▇▇▃▁▆▆▇▆▇█▅▅█▅▆█,False,False,False,0,-0.03629672670927753,-0.03160762942779283,-0.04646717193001226,-0.0931098565553895,UP,False,28,29.0,IGNORE,SEED,,NEUTRAL,C,WAIT,CMF positive,Commercial Services,24.6
POWERMECH,2443.8,2452.3,2494.0,2425.3,True,False,False,False,False,False,0.7294793701250442,13.15668606,0.6965069105798192,False,0.0797371525692924,True,44.12,False,0.8525109655478909,40.0,-0.32,0,True,▁▅▃▄█▄▃▅▇▄▇▃▆▁██▄▅▅▁,False,False,False,0,-0.03365099450353903,-0.0428481905060315,-0.04382143972427377,-0.10435041763362818,UP,False,24,29.0,IGNORE,NONE,,NEUTRAL,C,WAIT,CMF positive,Industrial Services,37.0
CELLO,362.6,371.45,371.45,362.0,True,False,False,False,False,False,0.10326825022754017,8.55612716,0.09570755916853996,False,0.38650146412787634,True,54.47,True,1.1920471829213581,50.0,0.01,0,False,▇▅▅▅▅▇█▅▇▇▁▂▄▄▄▄▆▄▇▆,False,False,False,1,0.004849660523763344,-0.048918032786885224,-0.005320784696971392,-0.1104202599144819,UP,False,23,29.0,IGNORE,NONE,,NEUTRAL,C,WAIT,CMF positive,Consumer Durables,29.9
SATIN,228.79,228.73,230.6,223.91,False,False,False,True,False,True,0.527780962546402,7.277603989,0.49489141184792523,False,-0.333342105689175,True,58.01,True,1.1561189002820045,62.0,0.24,0,True,▇▄▁▄▃▃▅▂▃▄▅▆▅█▆▆▅▇▇▇,False,False,False,1,-0.11479532616265564,-0.05497728211482855,-0.12496577138339038,-0.11647950924242523,FLAT,False,22,29.0,IGNORE,NONE,,NEUTRAL,C,WAIT,No standout factor,Finance,29.7
COCKERILL,8400.0,8419.0,8550.0,8260.0,True,False,False,True,False,False,0.9430035696828759,10.69572,0.8729719610585286,False,-0.15325490857470822,True,47.66,True,1.0952167568623394,63.0,0.19,0,True,▅▇▄▅▆██▅▃█▆▁▁▃▃▃▁▁▅▆,False,False,False,0,-0.08256880733944949,-0.06666666666666665,-0.09273925256018423,-0.12816889379426333,UP,False,18,29.0,IGNORE,NONE,,NEUTRAL,C,WAIT,No standout factor,Non-Energy Minerals,34.1
TRUALT,474.5,483.9,483.9,469.9,True,True,True,True,False,True,0.5715740741596524,14.67206195,0.6078602854332391,False,-0.19293337544931366,True,47.38,False,0.9543760700976938,35.0,-0.36,0,False,▆▅▄▄▄▁▄▅▆▅▅▅▅▆▆▅█▆▅▅,False,False,False,0,0.1433734939759037,-0.08024811009885635,0.13320304875516897,-0.14175033722645303,UP,False,15,29.0,IGNORE,NONE,,NEUTRAL,C,WAIT,No standout factor,Process Industries,34.6
SYNGENE,404.1,404.55,408.9,402.3,False,False,False,False,False,False,0.1905422827435329,13.526318070000002,0.19179717086070058,False,0.2969502178131721,True,60.71,True,1.0590308062659177,79.0,0.7,0,False,▇▇▇▇██▁▄▅▅▅▄██▆█▆▇█▇,False,False,False,0,-0.02214156079854801,-0.09047940580688718,-0.032312006019282746,-0.15198163293448386,UP,False,13,29.0,IGNORE,NONE,,NEUTRAL,C,WAIT,CMF positive,Commercial Services,24.6
PATANJALI,351.65,352.5,353.9,345.8,True,False,False,False,False,False,0.7477049265589184,136.80021926999999,0.7474682832850782,False,0.22032519436986106,True,29.92,True,1.0431993305672744,17.0,-0.93,0,False,▃▃▃▆▂▅▂▂▃▁▄▄▁▅█▄▁▅▂▄,False,False,False,0,0.0335047759000735,-0.1668048809382775,0.023334330679338766,-0.22830710806587418,UP,False,3,29.0,IGNORE,NONE,,NEUTRAL,C,WAIT,CMF positive,Process Industries,34.6
KPITTECH,596.65,609.0,609.05,596.0,True,False,False,False,False,False,0.3179263523480196,96.60401915499999,0.3115190124993765,False,0.0647642718742209,True,29.25,True,1.0215842414082146,21.0,-0.84,0,False,▆▂▄▂▆▁▂▁▃▃▆▃▅▆█▆▄▄▃▄,False,False,False,0,0.057046682611391564,-0.210936983402764,0.04687623739065683,-0.2724392105303607,UP,False,2,29.0,IGNORE,NONE,,NEUTRAL,C,WAIT,CMF positive,Technology Services,32.9
IPCALAB,1882.1,1877.1,1919.0,1862.3,True,True,True,True,False,True,1.2997793003808338,151.40685197,1.333954976489857,False,-0.05040431059564536,True,28.26,False,0.5802398160315375,5.0,-1.78,0,False,▆▇▅▆▆▆▇▇▇█▆▆▆▇▅▆▁▆▁▃,False,False,False,2,0.04619232907170656,0.1518359853121174,0.036021883850971825,0.09033375818452072,FLAT,True,71,28.0,IGNORE,NONE,,NEUTRAL,C,WAIT,No standout factor,Health Technology,28.9
APOLLOTYRE,436.0,435.5,438.95,434.25,True,False,True,False,False,False,0.36212555729901513,10.299628,0.36103581536821516,False,0.013118205259300256,False,50.24,True,1.101005895115163,62.0,0.31,0,True,▂▄▆▆▅▅▆▆▅▄▅▆▁▅▇▇█▅▅▆,False,False,False,0,0.0175029171528589,0.11409224479366298,0.007332471932124163,0.0525900176660663,FLAT,True,63,28.0,IGNORE,NONE,,NEUTRAL,C,WAIT,CMF positive,Consumer Durables,29.9
RELAXO,383.95,394.8,397.0,378.15,True,False,False,True,False,False,0.6887783716867065,13.26170979,0.6463875158708728,False,-0.17911985071071318,True,47.93,True,1.4636231773417816,64.0,0.43,0,True,▁▃▄▂▆▂▃█▄▅▅▆▆▆▇▅▅▆▆█,False,False,False,0,-0.06570142353084318,0.10616537021031403,-0.07587186875157792,0.04466314308271735,FLAT,True,62,28.0,IGNORE,NONE,,NEUTRAL,C,WAIT,No standout factor,Consumer Non-Durables,37.4
HAWKINCOOK,8200.0,8342.5,8410.0,8116.0,True,False,False,True,False,True,1.1865328521283434,1.968,1.1304225960517365,False,-0.4427885440323733,True,80.26,True,1.3317404217897026,85.0,1.03,0,True,▅▆▄▆▇▁▆▆▅▅▆▆▆▆▅▅▇▆██,False,False,False,0,-0.0888888888888889,0.07894736842105265,-0.09905933410962364,0.01744514129345598,FLAT,True,56,28.0,IGNORE,SEED,,NEUTRAL,C,WAIT,No standout factor,Producer Manufacturing,34.1
JASH,476.6,480.0,485.75,475.0,True,False,False,True,False,True,0.5623526091951706,3.0583422,0.533617431686565,False,0.020519706727810796,False,63.67,True,1.2129236279122928,85.0,0.9,0,True,█▁▅▅▅▇▄▂▇▇▇▇▆▃▁▃▆▆▆█,False,False,False,0,-0.08178402851363054,0.06657715116929608,-0.09195447373436527,0.005074924041699402,FLAT,True,53,28.0,IGNORE,SEED,,NEUTRAL,C,WAIT,CMF positive,Producer Manufacturing,34.1
DOMS,2218.6,2215.0,2225.7,2207.3,False,False,False,False,False,False,0.32371797019566095,3.7512088799999996,0.3186567296776192,False,0.2997527299694272,False,59.94,True,1.0516435219706473,91.0,1.18,0,True,▄▃▇█▃▅▄▄▃▁▃▄▆▇█▃▅▃▄▅,False,False,False,0,-0.023245575416042996,0.06112492825712623,-0.03341602063677773,-0.00037729887047044386,FLAT,False,52,28.0,IGNORE,SEED,,NEUTRAL,C,WAIT,"Delivery P91, CMF positive",Producer Manufacturing,34.1
EIDPARRY,780.6,794.45,795.0,772.2,True,True,True,False,False,False,1.9370785161517245,54.40368282000001,1.924779017971062,False,-0.04265227537026215,False,51.54,False,0.9719668467652967,38.0,-0.24,0,False,▅▃▃▅▄▄▄▅▄▃▄▃▄▅█▁▂▂▃▄,False,False,False,2,0.016604805626098784,0.06074194863432547,0.006434360405364048,-0.0007602784932712048,UP,False,51,28.0,IGNORE,DISTRIBUTION,,NEUTRAL,C,WAIT,No standout factor,Process Industries,34.6
VEEDOL,1511.3,1521.6,1525.9,1504.0,True,True,True,True,False,False,0.3618822625129991,0.9676853900000001,0.36908976702434604,False,-0.07760391428178277,False,65.22,True,1.140040378615066,83.0,0.96,0,False,█▅▆▇█▇██▇▁▆▃▇▇▄▅▆▆▃█,False,False,False,8,0.07535221289312632,0.03933704697063489,0.06518176767239159,-0.022165180156961783,UP,False,47,28.0,IGNORE,NONE,,NEUTRAL,C,WAIT,No standout factor,Energy Minerals,46.3
JTLIND,74.8,75.5,76.03,74.52,True,False,False,True,False,True,0.37348590956147176,6.4164188,0.36772352119842,False,-0.05082482158542823,False,51.58,True,1.0803678026098067,75.0,0.62,0,True,██▆▆█▆▅▅▇▆▁▄▅▄▆▇▄▆▆▆,False,False,False,0,-0.02030124426981006,0.0056466792148426315,-0.030471689490544795,-0.055855547912754044,UP,False,38,28.0,IGNORE,NONE,,NEUTRAL,C,WAIT,No standout factor,Non-Energy Minerals,34.1
RICOAUTO,133.32,132.45,137.5,132.0,False,False,False,True,False,True,0.6466163320045848,27.307908936,0.6120478127956754,False,-0.1776026120368582,False,35.54,True,1.130730807164901,77.0,0.63,0,True,▅▁▂█▄▆▆▂▆▆▆▇▅█▆▃▅█▅▆,False,False,False,2,-0.030963802878325453,-0.00194639916155126,-0.04113424809906019,-0.06344862628914794,UP,False,36,28.0,IGNORE,NONE,,NEUTRAL,C,WAIT,No standout factor,Producer Manufacturing,34.1
VIYASH,254.95,253.1,257.7,252.2,False,False,False,True,False,True,0.6808869049669699,34.84345561,0.660941522938483,False,-0.07425073883056003,False,55.52,True,1.0099962707270262,70.0,0.5,0,True,▅▅▆▅█▄▇▆▄▆▆▆▅▇▁▄▂█▅▅,False,False,False,0,-0.03846879125023572,-0.009518259518259464,-0.04863923647097046,-0.07102048664585614,UP,False,33,28.0,IGNORE,NONE,,NEUTRAL,C,WAIT,No standout factor,Health Technology,28.9
INDOSTAR,251.4,247.0,257.4,246.55,False,True,True,True,False,True,0.7678707351818798,3.77122626,0.7549744863106768,False,-0.07524661112937946,False,56.39,False,0.9511119357042259,56.0,0.21,0,True,▇▄▅▄▇▁▅▆▆▇███▆▇▆▆▇█▆,False,False,False,3,-0.07095343680709543,-0.00863598722347092,-0.08112388202783016,-0.0701382143510676,FLAT,False,33,28.0,IGNORE,NONE,,NEUTRAL,C,WAIT,No standout factor,Finance,29.7
ERIS,1350.1,1348.9,1357.0,1335.0,False,False,False,False,False,False,1.2155157692098706,16.913107729999997,1.178134112299046,True,-0.019143877430608507,False,75.74,True,1.2460720925258706,93.0,1.43,0,False,▆▇▄▅▆▁▄▆▅▇▆▅▆▆█▆▄▅▅▇,False,True,False,0,-0.08156462585034019,-0.017179879158477185,-0.09173507107107493,-0.07868210628607386,FLAT,False,31,28.0,IGNORE,SEED,,NEUTRAL,C,WAIT,Delivery P93,Health Technology,28.9
VAIBHAVGBL,223.5,226.85,229.75,222.55,True,False,False,False,False,False,0.4800697271248761,6.4616979,0.42244458977304844,False,-0.3292880735421693,False,62.93,True,1.4621112672947574,97.0,1.85,0,True,▃▄▂▅▁▅▄▄▆▄▄▅▃▅▆▆▅▆▆█,False,False,False,4,-0.13409011661694636,-0.021410744778668,-0.1442605618376811,-0.08291297190626468,FLAT,False,30,28.0,IGNORE,SEED,,NEUTRAL,C,WAIT,Delivery P97,Consumer Durables,29.9
LINCOLN,619.1,623.35,627.2,612.35,True,True,True,True,False,False,0.3443301182978688,1.7768789100000002,0.34828134527636806,False,-0.050798339166779345,False,63.68,True,1.136118321870456,73.0,0.7,0,True,▇▇▆▆▆▆▇██▆▇▆▅▇▆▇▁▄▆▇,False,False,False,0,0.034419381787802905,-0.029319535904672178,0.02424893656706817,-0.09082176303226885,UP,False,28,28.0,IGNORE,NONE,,NEUTRAL,C,WAIT,No standout factor,Health Technology,28.9
TENNIND,552.0,548.7,560.0,548.0,False,False,False,True,False,False,0.37847543861706245,82.3159512,0.3848683320967872,False,0.1033269038470704,False,56.01,False,0.9319467554076538,75.0,0.67,0,True,▅▃▃█▄█▅▇▇▅▁▁▃▆▂▅▂▅▄▄,False,False,False,0,-0.030898876404494402,-0.04150026046188571,-0.04106932162522914,-0.10300248758948238,UP,False,25,28.0,IGNORE,NONE,,NEUTRAL,C,WAIT,CMF positive,Producer Manufacturing,34.1
RAYMONDLSL,748.4,754.65,762.85,745.0,True,True,True,False,False,False,0.5752622206082747,8.216010039999999,0.589779858770994,False,-0.1698430981197358,False,59.97,True,1.2020806398268138,97.0,1.7,0,False,▇▅▅█▃▆▃▅▄▁▅▆▇▇▃▇▆▂▆█,False,False,False,0,0.03973325923867743,-0.041250320266461804,0.029562814017942696,-0.10275254739405848,UP,False,25,28.0,IGNORE,SEED,,NEUTRAL,C,WAIT,Delivery P97,Consumer Non-Durables,37.4
UGROCAP,90.8,92.8,93.39,90.5,True,False,False,False,False,False,0.6928920600756452,3.30512,0.65073379704582,False,-0.4575102600053532,False,85.8,True,1.501443695861405,99.0,2.62,1,True,▅▆▅▄▄▇▅▆▁▃▄▆▇▅▅▆▆▅▄█,False,False,False,0,-0.05965202982601492,-0.04189089374274557,-0.06982247504674965,-0.10339312087034225,UP,False,25,28.0,IGNORE,SEED,DEL86% ▅▆▅▄▄▇▅▆▁▃▄▆▇▅▅▆▆▅▄█ P99 Z+2.6,NEUTRAL,C,WAIT,Delivery P99,Finance,29.7
ICICIAMC,3092.0,3148.9,3148.9,3088.0,True,False,False,True,False,True,0.9448024824358341,66.4232716,0.9421130880343054,False,-0.11398458349886875,False,69.64,True,1.1040649375356713,89.0,1.24,0,True,▄▃▁▃▁▁▃▂▅▆▃▃▄▂▅▃▄▁█▆,False,False,False,0,-0.018412698412698436,-0.04376063089531468,-0.028583143633433172,-0.10526285802291135,UP,False,24,28.0,IGNORE,SEED,,NEUTRAL,C,WAIT,No standout factor,Finance,29.7
MADRASFERT,64.36,65.0,65.02,64.25,True,False,False,False,False,False,0.5668622289291975,0.15182524,0.5486425430596747,False,-0.24858580236272781,False,80.94,True,1.5146524944795836,100.0,3.13,1,True,▆▄▄▆▃▂▆▅▅▄▆█▆▄▁▆▅▅▅█,False,False,False,0,-0.04947570521341005,-0.06112326768781906,-0.059646150434144785,-0.12262549481541574,UP,False,20,28.0,IGNORE,SEED,DEL81% ▆▄▄▆▃▂▆▅▅▄▆█▆▄▁▆▅▅▅█ P100 Z+3.1,NEUTRAL,C,WAIT,Delivery P100,Process Industries,34.6
SAIL,170.2,173.5,174.67,169.86,True,False,False,True,False,False,0.6519428350621055,187.92175161999998,0.6524324535356054,False,0.11150070026956037,False,45.67,True,1.109141247328541,80.0,0.84,0,False,▃▅▄▄▅▄▄▇▆▂▇▂█▂▃▆▆▁▆▆,False,False,False,0,0.037362101542024684,-0.08489703747513322,0.027191656321289948,-0.1463992646027299,UP,False,14,28.0,IGNORE,NONE,,NEUTRAL,C,WAIT,CMF positive,Non-Energy Minerals,34.1
BENGALASM,6246.0,6234.5,6333.5,6234.5,False,True,False,True,False,True,0.3107142857142857,0.0543402,0.31157945907074974,False,-0.28145864724696634,False,87.91,True,1.5069855146995799,88.0,1.16,1,False,▆▆█▆▅▇▅▆▆▁▁▃▄▃▃▇▅▇▅█,False,False,False,0,0.00016012810248189346,-0.08355953341647715,-0.010010317118252843,-0.14506176054407383,UP,False,14,28.0,IGNORE,SEED,DEL88% ▆▆█▆▅▇▅▆▆▁▁▃▄▃▃▇▅▇▅█ P88 Z+1.2,NEUTRAL,C,WAIT,No standout factor,Consumer Durables,29.9
TIL,232.5,232.3,237.15,227.05,False,False,True,False,False,False,0.19242702993719493,12.5384925,0.17440533300921804,False,0.37509899246836775,False,36.92,False,0.8683279043240001,9.0,-1.5,0,False,▅▇▇▇▅▇▇█▇█▃▁▂▂▃▄▄▄▆▄,False,False,False,5,0.0817475457125576,0.25533178554073754,0.07157710049182286,0.19382955841314087,FLAT,True,84,27.0,IGNORE,NONE,,NEUTRAL,C,WAIT,CMF positive,Producer Manufacturing,34.1
PUNJABCHEM,1133.6,1125.3,1165.0,1116.7,False,True,True,True,False,False,0.43955137320372145,1.02670152,0.43625734453603066,False,-0.4010577285912322,False,52.36,True,1.0345270437144976,53.0,0.06,0,False,▇█▅▇▆▇▆▁▅▆▆▆▆▆▆██▆▇▆,False,False,False,4,-0.019461984257417186,0.19615912208504782,-0.029632429478151923,0.13465689495745115,FLAT,True,78,27.0,IGNORE,NONE,,NEUTRAL,C,WAIT,No standout factor,Process Industries,34.6
WENDT,8055.0,8115.0,8253.5,7985.0,True,True,True,True,False,False,0.5557473798279956,4.2135705,0.5500548759980891,False,-0.13043075977621404,False,55.61,True,1.0830338971497568,56.0,0.19,0,False,█▆▁▃▂▇▅▆█▇▇▆▆▄▆▇█▆▆▇,False,False,False,5,0.06519439301772012,0.18972010929768857,0.055023947796985384,0.1282178821700919,FLAT,True,77,27.0,IGNORE,NONE,,NEUTRAL,C,WAIT,No standout factor,Producer Manufacturing,34.1
FOSECOIND,5511.5,5550.0,5800.0,5480.0,True,True,True,True,False,False,0.7519282867865753,2.5011187,0.758905870244579,False,-0.04988717573223535,False,52.36,False,0.9324524068170891,58.0,0.32,0,True,▃▅▄▇█▆▆▁▆▃▆▄▅▆▄▆▅▄▅▄,False,False,False,9,0.06389344657851548,0.1655916252511367,0.05372300135778074,0.10408939812354001,FLAT,True,73,27.0,IGNORE,NONE,,NEUTRAL,C,WAIT,No standout factor,Process Industries,34.6
COROMANDEL,2062.7,2100.0,2104.8,2051.2,True,False,True,False,False,False,0.48516166902935104,12.13857696,0.48561760163650414,False,0.1933103199941634,False,51.16,False,0.970428118894516,21.0,-0.67,0,False,▅▁▇▆▆▄▇█▇▆▅▅▇▇▅▅▆▇▇▆,False,False,False,10,0.004088984082168956,0.14144208953572024,-0.00608146113856578,0.07993986240812356,FLAT,True,68,27.0,IGNORE,NONE,,NEUTRAL,C,WAIT,CMF positive,Process Industries,34.6
LXCHEM,174.19,179.05,181.09,173.31,True,False,True,True,False,False,0.31170907220244537,12.969560315999999,0.29314846217329316,False,-0.17019111665141864,False,47.7,True,1.2561226102069836,63.0,0.23,0,False,▇▁▂▄▄█▂▃▄▄▆▇▇▄▆▇▅▃▆█,False,False,False,5,-0.04043408802952686,0.11990484762761988,-0.050604533250261596,0.058402620500023206,FLAT,True,64,27.0,IGNORE,NONE,,NEUTRAL,C,WAIT,No standout factor,Process Industries,34.6
DALBHARAT,1837.1,1850.0,1858.4,1831.6,True,True,True,False,False,False,1.2339676926259453,45.31335747,1.2393661379080745,False,-0.022149398582649492,False,53.42,True,1.1586218862850142,56.0,0.1,0,False,▄▇▄▂▃▄▇▇▁█▅█▆▂▃▆▃▅▆▆,False,False,False,7,-0.014537066838322121,0.11224798692256455,-0.024707512059056858,0.05074575979496787,FLAT,True,63,27.0,IGNORE,NONE,,NEUTRAL,C,WAIT,No standout factor,Producer Manufacturing,34.1
VENUSPIPES,1572.2,1603.7,1603.7,1560.0,True,False,False,True,False,True,0.37115583038785827,6.17858878,0.35995669229231214,False,-0.35615137575742545,False,53.18,True,1.0515804356208536,60.0,0.12,0,True,▅▄▃▆▇▄▆▇▆▆▇█▇▁▆▇▆█▅▆,False,False,False,0,-0.07593746326554607,0.1141662532775849,-0.0861079084862808,0.05266402614998822,FLAT,True,63,27.0,IGNORE,NONE,,NEUTRAL,C,WAIT,No standout factor,Non-Energy Minerals,34.1
SWIGGY,274.0,277.8,277.8,272.0,True,False,True,False,False,False,0.3736902983883952,228.5263572,0.36554669032300036,False,0.09341403382753405,False,35.09,True,1.057867683634555,15.0,-1.06,0,False,▄▂▂▇▂▅▄▃▁▃▂▂█▃▄▄▄▄▃▄,False,False,False,2,0.01395107871072776,0.0962192438487699,0.003780633489993024,0.03471701672117322,FLAT,True,59,27.0,IGNORE,NONE,,NEUTRAL,C,WAIT,CMF positive,Transportation,27.3
EUROPRATIK,274.3,281.0,283.4,272.4,True,False,False,False,False,False,0.7994015301349441,4.1065453,0.7171857167565814,False,-0.08694969281506244,False,43.93,True,1.5055090046094004,67.0,0.43,1,True,▂▄▂▆▂▂▁▂▆█▆▅▄▅▆▄▅▁▁▇,False,False,False,5,-0.12573705179282868,0.09370015948963317,-0.13590749701356342,0.0321979323620365,FLAT,True,59,27.0,IGNORE,NONE,DEL44% ▂▄▂▆▂▂▁▂▆█▆▅▄▅▆▄▅▁▁▇ P67 Z+0.4,NEUTRAL,C,WAIT,No standout factor,Producer Manufacturing,34.1
VENKEYS,1514.8,1534.9,1546.8,1509.1,True,False,True,True,False,True,0.23596712231868977,3.47661748,0.23271896145999302,False,-0.33236736501586545,False,50.69,True,1.0560086663958417,69.0,0.57,0,True,▆▅▇▇▆██▇█▆██▆▆▁▆▆▆█▇,False,False,False,1,-0.008444066243372461,0.07799601480216323,-0.018614511464107197,0.01649378767456655,FLAT,True,56,27.0,IGNORE,NONE,,NEUTRAL,C,WAIT,No standout factor,Process Industries,34.6
JIOFIN,246.35,248.9,248.9,245.8,True,False,True,False,False,False,0.4443269800357627,215.360278575,0.4336052324117598,False,-0.016031201821308627,False,46.62,True,1.0993727302740177,48.0,-0.09,0,False,▇▆▃▅█▃▁▆▂▄▂▂▆▄▄▂▃█▁▆,False,False,False,6,0.026330042078073657,0.07642226688805365,0.01615959685733892,0.014920039760456971,UP,True,55,27.0,IGNORE,NONE,,NEUTRAL,C,WAIT,No standout factor,Finance,29.7
KPIL,1403.5,1404.0,1413.4,1392.1,True,True,True,True,False,True,0.3964565046530709,18.53083155,0.4073608378198623,False,-0.05046697037898574,False,47.16,False,0.9229233734845445,20.0,-0.67,0,False,▆▆▅▅▅▆▅▅▆▅▆█▄▆▄▁▄▂▄▅,False,False,False,0,0.046060967429380595,0.07424416379640264,0.03589052220864586,0.012741936668805964,UP,True,54,27.0,IGNORE,NONE,,NEUTRAL,C,WAIT,No standout factor,Industrial Services,37.0
BANSALWIRE,321.0,326.75,326.75,317.65,True,False,True,True,False,True,0.32660181062880694,2.6673174,0.3276886241462661,False,-0.3341116932508818,False,58.8,True,1.2236234236483954,74.0,0.56,0,True,▁▁▃▇█▆█▆▆▆▇▇▆▇▇▃▇▇▆▇,False,False,False,0,-0.03704814759262043,0.0629139072847682,-0.047218592813355165,0.0014116801571715243,FLAT,True,52,27.0,IGNORE,NONE,,NEUTRAL,C,WAIT,No standout factor,Non-Energy Minerals,34.1
AUTOAXLES,1789.0,1784.0,1817.7,1758.2,False,False,False,False,False,False,0.590353972266503,1.5834439,0.5644318321757661,False,0.059389416712275996,True,60.68,False,0.9909689219865104,62.0,0.43,0,True,▇▄▅▄▅█▄█▄▂▁▂▂▂▆▄▇▄▅▄,False,False,False,3,-0.02490870442034121,0.057578623788129724,-0.035079149641075946,-0.003923603339466952,FLAT,False,51,27.0,IGNORE,NONE,,NEUTRAL,C,WAIT,CMF positive,Producer Manufacturing,34.1
MAXHEALTH,1014.4,1000.7,1017.0,982.1,False,False,False,False,False,False,1.291271259550048,225.10286656,1.2256783283086277,True,-0.008729736308059722,True,45.6,False,0.8182674622044772,6.0,-1.74,0,True,▅▅▃▄▃▇▄▅▄▇▆▇▆█▅▅▁▅▄▃,False,True,False,0,-0.06927241031287279,0.04988615193541701,-0.07944285553360753,-0.011616075192179665,FLAT,False,49,27.0,IGNORE,NONE,,NEUTRAL,C,WAIT,No standout factor,Health Services,40.2
ABDL,612.6,612.95,617.9,607.8,False,False,False,True,False,True,0.742366405267153,16.2418638,0.7353778257900407,False,0.100295751466219,True,42.97,False,0.917329348348188,22.0,-0.65,0,False,▃▄▁▄▄▆▇▅▅█▅▆▄▆▅▇▄▆▄▄,False,False,False,0,-0.010978366160800723,0.050591665237523564,-0.02114881138153546,-0.010910561890073112,FLAT,False,49,27.0,IGNORE,NONE,,NEUTRAL,C,WAIT,CMF positive,Consumer Non-Durables,37.4
ZENSARTECH,484.9,490.5,493.2,483.0,True,False,False,False,False,False,0.28404785137592553,23.1597938,0.2680941150321298,False,-0.19575264164077424,True,49.78,True,1.6255490064819502,64.0,0.34,1,True,▅▄▁▂▃▃▄▄▅▇▇▅▄▅▅▆▅█▆█,False,False,False,1,-0.05643121229811243,0.044705375417429805,-0.06660165751884717,-0.01679685171016687,FLAT,False,48,27.0,IGNORE,NONE,DEL50% ▅▄▁▂▃▃▄▄▅▇▇▅▄▅▅▆▅█▆█ P64 Z+0.3,NEUTRAL,C,WAIT,No standout factor,Technology Services,32.9
TAJGVK,345.15,334.95,347.0,332.5,False,False,False,False,False,False,1.2261865858780858,4.901923845,1.173264879994944,True,0.11082000510596035,True,44.91,False,0.8625010802869241,33.0,-0.35,0,False,▆▅▆▆▅▇▅▁▅▆█▄▇▇▆▇▇█▇▅,False,True,False,2,-0.0362976406533575,0.04432677760968229,-0.046468085874092235,-0.017175449517914387,FLAT,False,48,27.0,IGNORE,NONE,,NEUTRAL,C,WAIT,CMF positive,Consumer Services,31.6
GOODYEAR,763.5,769.75,773.6,759.7,True,False,False,False,False,False,0.18002676604598258,0.31479105,0.16503979900716167,False,0.193151146739833,True,62.32,True,1.0815125904586709,36.0,-0.22,0,False,█▃▅▆█▇▇▇▄▆▃▂▁▃▆▂▄▆▇▆,False,False,False,10,-0.0722401117929401,0.03497356649044314,-0.08241055701367483,-0.026528660637153534,FLAT,False,46,27.0,IGNORE,NONE,,NEUTRAL,C,WAIT,CMF positive,Consumer Durables,29.9
ACCELYA,1130.8,1139.9,1140.0,1126.0,True,False,False,False,False,False,0.6014620288754354,0.46566343999999993,0.592773660387744,False,-0.284785635081105,True,66.85,True,1.0108341460833012,77.0,0.62,0,True,▃▆▄▂▄▅▁▃▄▃▅▄█▁▄▆▄▃▅▄,False,False,False,4,-0.015411406181976561,0.011358554690993783,-0.025581851402711298,-0.05014367243660289,UP,False,40,27.0,IGNORE,NONE,,NEUTRAL,C,WAIT,No standout factor,Technology Services,32.9
NIVABUPA,83.74,82.11,84.25,82.11,False,False,False,True,False,True,0.3816389276726108,5.398684304,0.3697536715310974,False,-0.17788496992210473,True,51.0,False,0.9799965411886782,45.0,-0.15,0,False,▄▅▃▅▆▇▄▁▃▅▄▆▅▄▇▄█▆▃▅,False,False,False,3,-0.026731752673175402,0.005644289660141633,-0.03690219789391014,-0.05585793746745504,UP,False,38,27.0,IGNORE,NONE,,NEUTRAL,C,WAIT,No standout factor,Finance,29.7
QUADFUTURE,341.0,350.0,353.1,338.75,True,False,False,False,False,False,0.6713995825229304,7.2822937,0.6318072150842852,False,-0.17096151449026745,True,47.96,True,1.1434020741447133,96.0,1.47,0,True,▅▃▁▅▄▃▅▄▃▅▄▂▄▅▅▃▃▅█▅,False,False,False,0,-0.13801820020222455,-0.005975805276198787,-0.1481886454229593,-0.06747803240379546,FLAT,False,34,27.0,IGNORE,SEED,,NEUTRAL,C,WAIT,Delivery P96,Producer Manufacturing,34.1
TEXRAIL,104.72,106.9,106.94,104.2,True,False,False,False,False,False,0.4748152202803071,6.293242648,0.45433971061095624,False,-0.33301807880946677,True,63.45,True,1.386991354529855,100.0,2.51,0,True,▅▃▃▄▆▃▄▅▅▅▇▃▁▆▄▅▅█▃█,False,False,False,0,-0.0829319555127419,-0.006168738730188861,-0.09310240073347664,-0.06767096585778554,FLAT,False,34,27.0,IGNORE,SEED,,NEUTRAL,C,WAIT,Delivery P100,Producer Manufacturing,34.1
ALLDIGI,814.75,809.25,817.3,801.0,False,False,False,False,False,False,0.44670484241020636,0.673390875,0.43013172095985436,False,-0.10913089257830311,True,73.9,True,1.0239428033032203,79.0,0.84,0,True,▇▅▃▂▆▇▇▁▄▄▃▆█▆█▇▇▇▇▆,False,False,False,4,-0.012723417146319305,-0.015110305228165588,-0.02289386236705404,-0.07661253235576226,UP,False,32,27.0,IGNORE,NONE,,NEUTRAL,C,WAIT,No standout factor,Commercial Services,24.6
PARKHOSPS,276.5,276.0,278.85,273.55,False,False,False,True,False,True,0.38878528927508,6.9919661,0.37749927361366625,False,-0.14129187512477226,True,57.45,True,1.1170631641373143,82.0,1.0,0,False,▃▆▂█▇▅▇▃▁▂▆▆▅▆▃█▇██▇,False,False,False,0,0.018791451731761333,-0.023140787846670285,0.008621006511026597,-0.08464301497426696,UP,False,30,27.0,IGNORE,NONE,,NEUTRAL,C,WAIT,No standout factor,Health Services,40.2
ADANIPORTS,1697.1,1658.0,1700.0,1657.2,False,False,False,True,False,True,0.8609081095126834,326.23098735,0.8496584501103092,False,-0.08218659279876825,True,49.63,False,0.9096824451267012,58.0,0.13,0,True,▄▅▄▆▆▁▃▆▄▂▇▅█▆▃▃▅▃▆▄,False,False,False,0,-0.07635789702840978,-0.05237590038528128,-0.08652834224914452,-0.11387812751287796,UP,False,22,27.0,IGNORE,NONE,,NEUTRAL,C,WAIT,No standout factor,Transportation,27.3
INDRAMEDCO,368.95,370.0,370.95,364.95,True,False,False,False,False,False,0.22673397971640452,4.981120160000001,0.22103110479448196,False,-0.5049838353270919,True,67.86,True,1.162623355263158,97.0,1.62,0,True,▇█▆▅▇█▆▇▆▅▇▇▁▅▆▇▇▆▇▇,False,False,False,0,-0.014293347582153393,-0.06310309801929914,-0.02446379280288813,-0.12460532514689582,UP,False,19,27.0,IGNORE,SEED,,NEUTRAL,C,WAIT,Delivery P97,Health Services,40.2
REPCOHOME,350.1,349.6,352.0,346.45,False,False,False,False,False,False,1.0861611666222921,3.5634578400000008,1.0078942132592692,True,-0.3412224758366545,True,72.23,True,1.1938546978174096,93.0,1.67,0,True,▅▃▃▅▆▄▅▆▄█▅▁▇▆▆▅▅███,False,False,False,0,-0.12431215607803903,-0.06390374331550797,-0.13448260129877376,-0.12540597044310464,FLAT,False,19,27.0,IGNORE,SEED,,NEUTRAL,C,WAIT,Delivery P93,Finance,29.7
JINDALPHOT,1065.9,1057.3,1098.0,1051.1,False,False,False,False,False,False,1.3100317127147452,0.30601989,1.3111254935656942,True,-0.3730115323408275,True,54.98,False,0.9244842023843552,67.0,0.5,0,True,█▄▄▄▁▅▂▆▃▇▅▄▇▄█▅▇▆▆▄,False,True,False,0,-0.025863644671906383,-0.07062516348417469,-0.03603408989264112,-0.13212739061177137,UP,False,17,27.0,IGNORE,NONE,,NEUTRAL,C,WAIT,No standout factor,Finance,29.7
V2RETAIL,219.58,219.25,220.8,217.72,False,False,False,True,False,True,0.7175844375349111,14.551434852000002,0.7194879474064314,False,-0.05472632345393122,True,49.96,False,0.9709077482169577,31.0,-0.47,0,True,▆▆▄▄▅▅▇▅▄▅▆▇▆▄▆█▁▅▅▅,False,False,False,0,-0.024349062472229566,-0.08083218217589672,-0.0345195076929643,-0.1423344093034934,UP,False,15,27.0,IGNORE,NONE,,NEUTRAL,C,WAIT,No standout factor,Retail Trade,32.3
WIPRO,184.0,183.55,185.84,183.1,False,True,True,False,False,False,0.4949032297195029,131.701128,0.499199774606676,False,0.016535923639239388,False,42.63,False,0.8689625651008491,20.0,-0.79,0,True,▃▄▂▁▅▅▃▁▅█▇▅▂▄▂▆▆▁▂▂,False,False,False,0,0.045454545454545414,-0.09945184025058729,0.03528410023381068,-0.16095406737818396,UP,False,12,27.0,IGNORE,NONE,,NEUTRAL,C,WAIT,CMF positive,Technology Services,32.9
HITECH,77.98,78.48,78.98,77.5,True,False,False,False,False,False,0.6963595156356435,2.802078734,0.6621665663234898,False,-0.47501126190974274,True,66.19,True,1.1674133126388937,97.0,1.93,0,True,▄▅▄▃█▄▄▁▄▃▄▅▇▅▆▁▂▅▃▇,False,False,False,0,-0.10274997123461038,-0.09619842373667131,-0.11292041645534512,-0.157700650864268,UP,False,12,27.0,IGNORE,SEED,,NEUTRAL,C,WAIT,Delivery P97,Non-Energy Minerals,34.1
JAICORPLTD,100.08,101.4,101.79,99.8,True,False,False,False,False,False,0.6943317423105883,2.469704184,0.6764401638482339,False,-0.21164753716667992,True,48.8,True,1.098010980109801,96.0,1.63,0,True,█▁▅▄▅▅▆▆▆▆▅▄▅▅▄▅▄█▇▆,False,False,False,0,-0.04993354850958809,-0.11691520338833494,-0.060103993730322824,-0.17841743051593162,UP,False,9,27.0,IGNORE,SEED,,NEUTRAL,C,WAIT,Delivery P96,Process Industries,34.6
FAZE3Q,483.7,487.85,491.55,480.6,True,False,False,False,False,False,0.3325022688570059,0.6308899099999999,0.30181955242200353,False,-0.4345051987226657,True,65.75,True,1.0464329765646758,91.0,1.22,0,True,▇▄▄▇▆▆▆▇▆▇█▆▅▅▁▅▆▆▅▆,False,False,False,0,-0.13447257761474463,-0.11701350857977355,-0.14464302283547936,-0.17851573570737023,UP,False,9,27.0,IGNORE,SEED,,NEUTRAL,C,WAIT,Delivery P91,Process Industries,34.6
ANGELONE,291.75,293.4,293.4,281.6,True,False,False,False,False,False,1.4425222939030653,211.811404425,1.4055638542504967,False,-0.1349526065289964,True,36.82,False,0.9549993515756712,75.0,0.69,0,True,▆▆▁▇▅▃█▃▇▅▃▆▆▃▁▇▆▆▃▄,False,True,False,0,-0.09366262814538673,-0.1356836024292698,-0.10383307336612146,-0.19718582955686648,UP,False,6,27.0,IGNORE,NONE,,NEUTRAL,C,WAIT,No standout factor,Finance,29.7
HINDOILEXP,156.49,155.99,159.5,154.84,False,False,False,False,False,True,1.1843207697670475,9.590223617,1.1526273556089144,True,-0.08939293944765658,True,38.56,False,0.8232455859433379,29.0,-0.62,0,True,▅▆▅█▆▆▄▁▄▆██▇▇▆█▄█▇▄,False,False,False,0,-0.03668821175746373,-0.145003551330383,-0.046858656978198465,-0.20650577845797968,UP,False,5,27.0,IGNORE,NONE,,NEUTRAL,C,WAIT,No standout factor,Energy Minerals,46.3
BAJAJCON,484.05,480.0,495.0,476.2,False,False,False,True,False,False,1.1522140769412013,33.423797715000006,1.0587458697231547,True,-0.1973731489254513,True,43.76,False,0.7983944535668673,38.0,-0.21,0,True,▁▂▄▃▄▂▅▇▆▂█▄▃▅▅▅▇▅▄▁,False,False,False,0,-0.07843883864826273,-0.16858467880453454,-0.08860928386899747,-0.2300869059321312,UP,False,3,27.0,IGNORE,NONE,,NEUTRAL,C,WAIT,No standout factor,Consumer Non-Durables,37.4
FIVESTAR,535.35,533.1,537.2,531.5,True,False,True,True,False,False,0.23815913805133743,8.382563835000001,0.23081543300192164,False,-0.014437395972604008,True,43.49,False,0.8955377550810287,33.0,-0.34,0,True,▅▃▆▆▃▄▇▃▄▅▄▇▇▇▄█▁▄▃▄,False,False,False,1,-0.051470588235294046,0.24225548207448666,-0.06164103345602878,0.18075325494688999,FLAT,True,83,26.0,IGNORE,NONE,,NEUTRAL,C,WAIT,No standout factor,Finance,29.7
CEATLTD,3605.4,3608.5,3643.9,3600.0,True,False,True,True,False,False,0.3791467777158697,13.714581059999999,0.3848484745734705,False,0.01295194794793436,False,45.5,False,0.9753065249078281,67.0,0.43,0,True,▅▃▆▄▅▆▁█▅▄▁▆▄▇▅▇▅▃▂▄,False,False,False,0,0.057922535211267556,0.14920473018200364,0.04775208999053282,0.08770250305440697,FLAT,True,70,26.0,IGNORE,NONE,,NEUTRAL,C,WAIT,CMF positive,Consumer Durables,29.9
IFGLEXPOR,222.83,219.89,229.0,215.01,False,True,True,True,False,False,0.3822779637862793,0.558701659,0.3958933171391079,False,-0.14855462689927973,True,45.69,False,0.9700122074199883,33.0,-0.27,0,True,▆▆▃▂▅▄▄▅▃▁▅▃▆▆█▅▁▆▅▄,False,False,False,0,0.06378001623144125,0.12426841574167513,0.053609571010706514,0.06276618861407846,FLAT,True,65,26.0,IGNORE,NONE,,NEUTRAL,C,WAIT,No standout factor,Producer Manufacturing,34.1
SANGAMIND,588.75,586.2,600.8,584.0,True,False,True,True,False,True,0.533618787723451,0.937702125,0.517217513904365,False,-0.1647606109395565,True,52.2,False,0.9861243612388896,42.0,-0.2,0,True,▂▁▂▅▆▄▄▁▅▅▅▄▁█▇▂▄▅▆▄,False,False,False,0,-0.04879230955650704,0.10781823313576067,-0.05896275477724178,0.04631600600816399,FLAT,True,62,26.0,IGNORE,NONE,,NEUTRAL,C,WAIT,No standout factor,Process Industries,34.6
WELENT,575.85,569.35,578.0,566.0,False,False,False,True,False,True,0.6751790999901508,12.000541245,0.661954224569549,False,-0.11735590312720644,True,54.72,False,0.9580670576906243,44.0,-0.18,0,True,█▁▂▃▄▅▄▃▃▂▁▅▄▄▂▂▃▄▁▃,False,False,False,0,-0.07233185662505026,0.06520532741398455,-0.082502301845785,0.0037031002863878726,FLAT,True,52,26.0,IGNORE,NONE,,NEUTRAL,C,WAIT,No standout factor,Industrial Services,37.0
ARVIND,526.5,554.45,555.2,522.6,True,False,True,True,False,True,1.4886474080061018,48.8938437,1.4340127336320416,False,0.07269305702490587,False,49.22,False,0.9955904365063311,70.0,0.31,0,False,▆█▄▄▃▂█▄▄▅▁▄▃▅▄▃▂▆▅▄,False,False,False,0,-0.007727101394647606,0.052789442111577545,-0.017897546615382343,-0.008712785016019131,FLAT,False,50,26.0,IGNORE,NONE,,NEUTRAL,C,WAIT,CMF positive,Process Industries,34.6
RAMCOSYS,564.5,593.1,598.0,564.5,True,False,False,True,False,False,0.5933594618725404,13.8487656,0.5038618051158267,False,-0.18998341885333758,False,57.83,True,1.3374035915403382,92.0,1.11,0,True,▁▁▄▂█▂▁▃▃▅▄▃▃▃▄▄▄▃▃▄,False,False,False,0,-0.2911853340030135,0.044306724632318994,-0.30135577922374823,-0.01719550249527768,FLAT,False,48,26.0,IGNORE,SEED,,NEUTRAL,C,WAIT,Delivery P92,Technology Services,32.9
TCIEXP,555.2,566.75,573.45,551.5,True,False,True,False,False,False,0.28653090666532227,2.0510198400000004,0.27773678771738364,False,0.08342900889652982,False,48.25,True,1.0280065195853885,31.0,-0.34,0,True,▅▆▅▆▇▅▆▅▄▆▄▁▃▄█▆▇▇▅▅,False,False,False,0,-0.05264055967920811,0.045672850550899424,-0.06281100489994285,-0.01582937657669725,FLAT,False,48,26.0,IGNORE,NONE,,NEUTRAL,C,WAIT,CMF positive,Transportation,27.3
KOVAI,6013.0,6181.5,6181.5,5990.0,True,True,True,True,False,True,0.5528591791938855,1.9007093,0.5609792449703743,False,-0.16775039924633592,False,63.05,False,0.9927570461344669,44.0,-0.15,0,True,▂▅▄▁▃▄█▅▆▅▄█▆▄▂▆▆▆▃▅,False,False,False,1,0.01305702973633216,0.04211438474870022,0.0028865845155974235,-0.019387842378896458,UP,False,48,26.0,IGNORE,NONE,,NEUTRAL,C,WAIT,No standout factor,Health Services,40.2
ORIENTELEC,184.22,187.6,188.31,183.75,True,True,True,True,False,True,0.05478339865116616,1.890907768,0.05721590796906621,False,-0.5199571179091932,False,58.66,True,1.25324474164913,77.0,0.6,0,False,▂▁▄▄█▅▆▆▆▆▅▇▃▆▆▆▆▄▆▇,False,False,False,2,0.03198700352921402,0.04379851549662872,0.021816558308479284,-0.017703711630967955,UP,False,48,26.0,IGNORE,NONE,,NEUTRAL,C,WAIT,No standout factor,Consumer Durables,29.9
BLS,267.74,272.01,277.76,264.82,True,True,True,False,False,False,0.8601731849093769,41.372603822,0.8952038552868261,False,0.07611793907223062,False,46.07,False,0.9942700521198649,73.0,0.7,0,False,█▄▅▄▆▄▇▆▇▇▃▅▆▁▅▆▅▄▅▅,False,False,False,2,0.13859238783755057,0.013974626017799752,0.12842194261681583,-0.047527601109796924,UP,False,41,26.0,IGNORE,NONE,,NEUTRAL,C,WAIT,CMF positive,Technology Services,32.9
RAIN,203.74,205.5,208.5,200.9,True,False,False,True,False,False,0.5378490820551545,70.62105151600001,0.49474565507359985,False,-0.16773562535596706,False,49.93,True,1.2895144628099173,69.0,0.55,0,True,▆▂▁▅▅▄▆█▅▇▅▇▁▅▃▄▄▅██,False,False,False,9,-0.0880035810205908,-0.0011276168063930614,-0.09817402624132554,-0.06262984393398974,FLAT,False,36,26.0,IGNORE,NONE,,NEUTRAL,C,WAIT,No standout factor,Process Industries,34.6
JAYNECOIND,90.23,88.69,91.2,88.05,False,True,True,True,False,False,0.6653154850703846,26.74408177,0.6769798798433387,False,-0.005283397574234102,False,44.55,True,1.0372646945831732,58.0,0.26,0,False,▃▂▃▅▁▄▅█▄▃▇▄▆▆▅▅▄▅▅▄,False,False,False,0,0.023828435266084247,-0.002983425414364582,0.01365799004534951,-0.06448565254196126,UP,False,36,26.0,IGNORE,NONE,,NEUTRAL,C,WAIT,No standout factor,Non-Energy Minerals,34.1
KRSNAA,540.2,560.0,563.0,537.1,True,False,False,False,False,False,0.9962028797266541,4.598992700000001,0.9671853168691867,False,0.06611687647706783,False,57.37,False,0.9856880229541433,49.0,-0.04,0,True,▂▃▁▅▅▅▅▃▄▂▄▄▅▄▄█▄▂▃▄,False,False,False,4,-0.02199692224133243,-0.007623771470561147,-0.032167367462067165,-0.06912599859815782,UP,False,33,26.0,IGNORE,NONE,,NEUTRAL,C,WAIT,CMF positive,Health Services,40.2
RPSGVENT,875.25,888.75,890.0,873.0,True,False,False,True,False,False,0.7075796536495682,1.960472475,0.6767832571235429,False,-0.14835934950311594,False,80.21,True,1.3084508535680204,98.0,1.64,0,True,▆▆▆█▆▅▅▄▅█▆▄▅▄▅▇▁▆▆█,False,False,False,2,-0.04610102991662579,-0.007653061224489832,-0.05627147513736053,-0.06915528835208651,UP,False,33,26.0,IGNORE,SEED,,NEUTRAL,C,WAIT,Delivery P98,Finance,29.7
GMBREW,880.3,891.35,906.45,875.0,True,False,False,False,False,False,4.143678047431923,7.38888608,4.043665284616763,False,-0.29759877804457335,False,46.95,False,0.8490131013842802,66.0,0.52,0,True,▁▅▅▃▅▃▃▅▄▅▆▆▅▃▄▄▆█▃▂,False,False,False,0,-0.034017337868978426,-0.015599664523343604,-0.04418778308971316,-0.07710189165094028,UP,False,32,26.0,IGNORE,DISTRIBUTION,,NEUTRAL,C,WAIT,No standout factor,Consumer Non-Durables,37.4
LINDEINDIA,6725.5,6720.0,6870.5,6701.5,True,False,False,False,False,True,1.2089414267307685,22.7806136,1.1829674554030147,False,-0.18184491765173846,False,53.26,False,0.9889426335286091,61.0,0.24,0,True,█▄▂▃▄▃▆▄▃▁▄▃▄▄▂▁▆▄▄▄,False,True,False,0,-0.03976299257567106,-0.018891320204230455,-0.0499334377964058,-0.08039354733182713,UP,False,31,26.0,IGNORE,NONE,,NEUTRAL,C,WAIT,No standout factor,Process Industries,34.6
ORIENTCEM,130.54,131.89,132.0,130.12,True,False,False,False,False,False,0.36598261681321775,1.3183365139999998,0.3512602786356057,False,0.07370132994333226,False,58.87,True,1.1473508804412438,81.0,0.8,0,True,▆▄▁█▄▃▆▅▆▆▆█▆▇▆█▆▅▄▇,False,False,False,0,-0.06436353211009183,-0.021732613908872933,-0.07453397733082656,-0.08323484103646961,UP,False,30,26.0,IGNORE,NONE,,NEUTRAL,C,WAIT,CMF positive,Non-Energy Minerals,34.1
SENCO,336.75,341.9,343.9,335.75,True,False,False,False,False,False,0.21684606301572676,20.95211355,0.18584552861000683,False,0.060129895566079325,False,46.58,True,1.3583937242093294,63.0,0.33,0,False,▄▅▅▁▅▅▆▆▇▅▅▆▅▅▆▅▅▇▆█,False,False,False,5,-0.1086553732133404,-0.025889499566097762,-0.11882581843407514,-0.08739172669369444,FLAT,False,29,26.0,IGNORE,NONE,,NEUTRAL,C,WAIT,CMF positive,Consumer Durables,29.9
SARDAEN,518.15,522.7,524.0,516.2,True,True,True,False,False,False,0.14127718212206689,11.134577165,0.14044463083164743,False,0.15488916958787852,False,40.27,False,0.888648600935652,31.0,-0.42,0,False,▆▅▄▅▆▄▅▅▅▅▆▆█▅▆▆▁▃▄▅,False,False,False,0,0.018777034998033626,-0.027769959658504706,0.00860658977729889,-0.08927218678610138,UP,False,29,26.0,IGNORE,NONE,,NEUTRAL,C,WAIT,CMF positive,Non-Energy Minerals,34.1
RVNL,225.0,226.2,227.88,225.0,True,False,False,False,False,False,0.48997095674850394,48.87027,0.483398354230279,False,-0.10121123469062364,False,42.83,True,1.3027146224621702,95.0,1.74,0,True,▄▃▆▄▆█▇█▅▅▇▅▃▇▂▁▆▆▅█,False,False,False,0,-0.0011542217881558292,-0.03800932062080464,-0.011324667008890565,-0.09951154774840132,UP,False,26,26.0,IGNORE,SEED,,NEUTRAL,C,WAIT,Delivery P95,Industrial Services,37.0
RCF,121.19,123.0,123.1,121.0,True,False,False,False,False,False,0.9175437928854826,6.968946117,0.8819519332737346,False,-0.32205830624640547,False,57.12,True,1.451994204224815,100.0,2.47,0,True,▄▃▁▂▂▃▅▃▄▅▃▄▅▆██▅▂▅█,False,False,False,0,-0.05053274835474775,-0.03702820818434638,-0.060703193575482484,-0.09853043531194305,UP,False,26,26.0,IGNORE,SEED,,NEUTRAL,C,WAIT,Delivery P100,Process Industries,34.6
MAHABANK,80.49,81.1,82.13,80.21,True,True,False,True,False,True,0.7647853601108017,67.589449152,0.7688671442614545,False,-0.03632114001707601,False,48.7,False,0.9533224363554502,71.0,0.55,0,True,▆▃▁▄▆█▄▅▆▆▃▅▄▆▅▃▃▄▄▄,False,False,False,0,-0.015412844036697293,-0.041443372633083286,-0.02558328925743203,-0.10294559976067996,UP,False,25,26.0,IGNORE,NONE,,NEUTRAL,C,WAIT,No standout factor,Finance,29.7
TRANSRAILL,459.0,463.2,465.6,457.7,True,False,False,False,False,False,0.9557330521124319,13.3279371,0.9069749249901086,False,-0.20426565917024248,False,64.4,True,1.2424756906930081,100.0,2.61,0,True,▅▃▂▅▇▄▅▁▃▃▄▄▅▃▇▇▂▆▆█,False,False,False,0,-0.06792567773378011,-0.049787806645274824,-0.07809612295451485,-0.1112900337728715,UP,False,23,26.0,IGNORE,SEED,,NEUTRAL,C,WAIT,Delivery P100,Industrial Services,37.0
SHAKTIPUMP,498.35,502.0,504.15,497.0,True,False,False,False,False,False,0.5267520754007675,10.67675007,0.5009266015049683,False,-0.27934573308244803,False,64.27,True,1.3516440761732509,99.0,2.0,0,True,▄▁▁▃▃▄▃▆▅▅▅▆▄▇▇▆█▆▅█,False,False,False,0,-0.08205931110701781,-0.05030967127203423,-0.09222975632775254,-0.1118118983996309,UP,False,23,26.0,IGNORE,SEED,,NEUTRAL,C,WAIT,Delivery P99,Producer Manufacturing,34.1
IGIL,349.7,353.05,355.1,346.5,True,False,False,True,False,True,0.7653987251851836,21.26221461,0.7656592653307953,False,0.05887282321496534,False,48.53,False,0.8395903255942702,40.0,-0.22,0,False,▅▆▃▅▅▆▂▆▆█▇▇▆▇▆▆▄▆▁▃,False,False,False,0,0.012449334105385068,-0.06007257089100937,0.002278888884650332,-0.12157479801860605,UP,False,20,26.0,IGNORE,NONE,,NEUTRAL,C,WAIT,CMF positive,Commercial Services,24.6
NMDC,84.19,85.03,85.41,83.1,True,False,False,True,False,True,1.0566209582311932,154.790109133,1.0481467405068927,False,0.12607925036015022,False,46.88,False,0.918099565234421,56.0,0.16,0,False,▅▄▅▆▅▅▆▇▆▅▆▄▅▁▆█▇▂▁▄,False,False,False,0,0.003097819611580954,-0.06497112394491344,-0.007072625609153782,-0.12647335107251012,UP,False,19,26.0,IGNORE,NONE,,NEUTRAL,C,WAIT,CMF positive,Non-Energy Minerals,34.1
FIRSTCRY,204.65,208.42,214.35,203.82,True,False,False,False,False,False,2.3294842362735797,30.992380185000002,2.265190553952478,False,-0.3569685615677567,False,39.77,False,0.8583422361790066,48.0,-0.06,0,True,▆▇▁▅▅█▇▅▇▇▄▆▅▅▅▇▄▁▂▄,False,False,False,0,-0.020766543853772967,-0.06624994296664677,-0.030936989074507704,-0.12775217009424344,UP,False,19,26.0,IGNORE,DISTRIBUTION,,NEUTRAL,C,WAIT,No standout factor,Retail Trade,32.3
WAAREERTL,890.1,897.0,899.35,888.0,True,False,False,False,False,False,0.33754176351005066,5.888723580000001,0.3210320628859662,False,-0.37178096886199985,False,54.58,True,1.1656913416769896,98.0,1.82,0,True,▅▃▁▂▄▅▅▅▆▆▆▆▅▂▇█▆▇▄▇,False,False,False,0,-0.12123605489189448,-0.08118709677419356,-0.13140650011262922,-0.14268932390179023,UP,False,15,26.0,IGNORE,SEED,,NEUTRAL,C,WAIT,Delivery P98,Utilities,32.3
JBMA,619.85,621.45,626.55,617.0,True,False,False,False,False,False,0.5407296890352677,8.553496104999999,0.5095625406592935,False,-0.2135160626733767,False,47.96,True,1.2349843566931464,97.0,1.73,0,True,▁▅▄▅▆▆▂▄▇▇▅▇▇▇▅█▅███,False,False,False,0,-0.07048061783009674,-0.08407831547838929,-0.08065106305083147,-0.14558054260598596,UP,False,14,26.0,IGNORE,SEED,,NEUTRAL,C,WAIT,Delivery P97,Producer Manufacturing,34.1
HINDWAREAP,199.89,197.63,200.7,196.25,False,False,False,False,False,False,0.44031750551533255,1.6845929640000001,0.4246496040083618,False,0.00797713303294335,True,60.4,True,1.0584328534753922,72.0,0.52,0,True,▅▂▁▄▂▂▄▅▄▄▄▄▃██▆▃▁█▅,False,False,False,0,-0.08496223392080571,-0.08705183831925101,-0.09513267914154044,-0.14855406544684768,UP,False,14,26.0,IGNORE,NONE,,NEUTRAL,C,WAIT,CMF positive,Producer Manufacturing,34.1
GMDCLTD,570.7,574.05,585.65,568.1,True,False,False,False,False,False,0.5626529312929572,44.854965480000004,0.5518100839732281,False,-0.05836979434002656,False,39.8,True,1.1481486823695712,92.0,1.54,0,True,█▃▆▆▇▃▇▁▇▅▇▃▆▅▆▅▇██▇,False,False,False,0,-0.016543167327244368,-0.09095253265371128,-0.026713612547979104,-0.15245475978130796,UP,False,13,26.0,IGNORE,SEED,,NEUTRAL,C,WAIT,Delivery P92,Distribution Services,34.9
INFOBEAN,158.03,158.67,159.89,157.0,True,False,False,False,False,False,0.28947515108492916,2.400491503,0.2743426626522432,False,0.031601401621753046,True,55.91,True,1.4191976240941224,87.0,1.31,0,True,▅▅▄▅▁▅▄▅▆▇▇▆▆▇▆▇▇▇▇█,False,False,False,0,-0.055748087954111014,-0.09469523373052247,-0.06591853317484575,-0.15619746085811914,UP,False,12,26.0,IGNORE,SEED,,NEUTRAL,C,WAIT,CMF positive,Technology Services,32.9
UPL,560.05,570.0,570.05,560.0,True,False,False,False,False,False,0.9644714203711224,97.807188005,0.918613488482556,False,-0.3660889993259214,False,67.7,True,1.227550067542452,94.0,1.37,0,True,▃▃▃▆█▄▅▅▃▁▆▆▄▄▃▅▄▅▅▇,False,False,False,0,-0.09399013184502147,-0.10876830044557606,-0.10416057706575621,-0.17027052757317274,UP,False,10,26.0,IGNORE,SEED,,NEUTRAL,C,WAIT,Delivery P94,Process Industries,34.6
PFC,377.05,376.95,379.8,374.95,True,False,False,False,False,False,0.7269076409024255,213.66944646500002,0.6786824713358462,False,-0.11060169880027053,False,66.74,True,1.101656446274853,94.0,1.6,0,True,▃▂▂▃▄▅▆▆▅▆▄▃▃▁▃██▅█▇,False,False,False,0,-0.06866740768185753,-0.11167393096948985,-0.07883785290259226,-0.17317615809708653,UP,False,9,26.0,IGNORE,SEED,,NEUTRAL,C,WAIT,Delivery P94,Finance,29.7
KITEX,128.98,128.51,134.07,128.1,False,False,False,False,False,False,1.4459661468686411,9.035165081999999,1.3340284468441705,True,-0.36926864881037,False,40.31,False,0.765353104796985,48.0,0.02,0,True,▆▂▂▃▄▆▆▄▅▂▅▆▂▆▄▂▃█▂▁,False,True,False,0,-0.1324993274145818,-0.11760279127043849,-0.14266977263531655,-0.17910501839803517,UP,False,9,26.0,IGNORE,NONE,,NEUTRAL,C,WAIT,No standout factor,Process Industries,34.6
KEC,428.6,436.35,438.0,427.0,True,False,False,False,False,False,1.448490424036683,60.093834560000005,1.3413589523523268,False,-0.4294372301348121,False,58.02,True,1.1026330542859586,91.0,1.21,0,True,▄▅▆█▃▃▅▆▁▄▃▄▄▆▂▂▄▄▂▆,False,False,False,0,-0.12673186634066824,-0.12360699314998469,-0.13690231156140298,-0.18510922027758137,UP,False,8,26.0,IGNORE,SEED,,NEUTRAL,C,WAIT,Delivery P91,Industrial Services,37.0
SHARDACROP,771.1,789.9,794.7,770.05,True,False,False,False,False,False,0.8380073896183224,12.99087592,0.7811603876224287,False,-0.3508136458239343,False,65.19,True,1.2242828301798205,99.0,2.1,0,True,▅▄▃▄▆▁▅█▅▇▆▅█▅▆▄▃▆▅█,False,False,False,0,-0.12270322543944479,-0.12899582062577652,-0.13287367066017952,-0.1904980477533732,UP,False,7,26.0,IGNORE,SEED,,NEUTRAL,C,WAIT,Delivery P99,Distribution Services,34.9
CUB,222.18,215.0,223.0,214.85,False,True,True,False,False,False,0.9625263256829362,86.917860246,0.967542675589481,False,0.027699909983592227,True,51.22,False,0.9605971380881828,30.0,-0.43,0,False,▅▆▆▄▁▃▄▄▄█▅▄▄▆▄▃▅▄▅▄,False,False,False,0,-0.033285471870513006,-0.1334633385335412,-0.04345591709124774,-0.19496556566113787,UP,False,6,26.0,IGNORE,NONE,,NEUTRAL,C,WAIT,CMF positive,Finance,29.7
ASHAPURMIN,596.3,615.8,616.4,594.0,True,False,False,False,False,False,0.5358680326410978,20.53472347,0.4661901190092961,False,-0.1633087137866413,False,57.37,True,1.2667115620273568,99.0,2.09,0,True,▃▁▁▅▄█▂▄▄▄▆▅▆▃▂▃▆▅▄▇,False,False,False,2,-0.13164409494684737,-0.13113798630336593,-0.1418145401675821,-0.1926402134309626,UP,False,6,26.0,IGNORE,SEED,,NEUTRAL,C,WAIT,Delivery P99,Non-Energy Minerals,34.1
VIKRAN,61.09,62.48,62.84,60.8,True,False,False,False,False,False,0.5726573805173711,5.877578862000001,0.5045983337975634,False,-0.31331689365641885,False,59.73,True,1.40837764232914,100.0,2.75,0,True,▆▂▃▆▆▃▄▁▅▅▄▆▆▅▄▄▄▆▅█,False,False,False,0,-0.1515277777777777,-0.14785883665783228,-0.16169822299851244,-0.20936106378542896,UP,False,5,26.0,IGNORE,SEED,,NEUTRAL,C,WAIT,Delivery P100,Industrial Services,37.0
GOLDIAM,361.75,372.0,372.0,360.05,True,False,False,False,False,False,0.7972633077603937,39.35210555,0.7844249784111604,False,-0.1694534900648134,False,53.36,True,1.2604823660028819,90.0,1.18,0,True,▅▃▂▃▃▄▃▄▅▃▅▄▁▄▃▅▅█▄▆,False,False,False,0,0.053436225975538765,-0.16733801358038902,0.04326578075480403,-0.2288402407079857,UP,False,3,26.0,IGNORE,SEED,,NEUTRAL,C,WAIT,Delivery P90,Consumer Durables,29.9
GUJENERGY,269.4,276.0,278.0,267.3,True,False,False,False,False,False,1.6711317244451431,77.31491741999999,1.6273984883171244,False,-0.3224861717844249,False,60.08,True,1.0094170817967218,,,0,False,██▅▆▆▅▇▅▆▅█▅▇▅▄▁▇▄▅▆,False,False,False,0,0.008988764044943753,-0.3265,-0.0011816811757909829,-0.3880022271275967,UP,False,1,26.0,IGNORE,DISTRIBUTION,,NEUTRAL,C,WAIT,No standout factor,Utilities,32.3
OSWALPUMPS,297.95,302.45,303.55,293.8,True,False,False,False,False,False,1.002954030251465,23.632023429999997,0.9072856641226742,False,-0.30988374040892724,False,57.35,True,1.0820244328097732,90.0,1.31,0,True,▆▅▁▅▅▆█▇▇▇▄▆▅▃▄▆▄▆▄▆,False,False,False,0,-0.23749200255918113,-0.2580926294820718,-0.24766244777991586,-0.31959485660966847,UP,False,1,26.0,IGNORE,SEED,,NEUTRAL,C,WAIT,Delivery P90,Producer Manufacturing,34.1
ALGOQUANT,66.05,66.2,67.49,65.26,True,False,True,True,False,True,0.7882152967449123,6.8566505,0.7727434910052915,False,-0.0213673504204783,False,20.03,False,0.8655632859426993,51.0,-0.08,0,False,▄▂▂▄▃▃▂▇▆▂▅█▄▁▅▁▄▃▁▃,False,False,False,5,0.01537279016141424,0.24622641509433962,0.005202344940679504,0.18472418796674295,FLAT,True,83,25.0,IGNORE,NONE,,NEUTRAL,C,WAIT,No standout factor,Finance,29.7
INDIANHUME,360.15,363.6,367.7,355.7,True,False,False,False,False,False,0.4587193676165887,0.9444573599999999,0.4224631376023834,False,0.0011083832393766176,True,53.6,True,1.047355719910506,46.0,0.01,0,True,▇▇▄▄█▁▆▅▆▆▆██▇▇█▇▇▇▇,False,False,False,1,-0.08765041165294496,0.2126262626262625,-0.0978208568736797,0.15112403549866582,FLAT,True,80,25.0,IGNORE,NONE,,NEUTRAL,C,WAIT,CMF positive,Producer Manufacturing,34.1
NOVARTIND,1596.5,1589.1,1601.9,1579.0,False,True,True,True,False,True,0.11701254941825884,0.60459455,0.11410476130041895,False,-0.38409452952328826,False,53.79,False,0.9679683282346588,33.0,-0.34,0,True,▆▁▄▅▆█▅▆▇▆▇▅▆▅▆▅▆▆▆▅,False,False,False,1,-0.06193078324225865,0.21406844106463874,-0.07210122846299338,0.15256621393704206,FLAT,True,80,25.0,IGNORE,NONE,,NEUTRAL,C,WAIT,No standout factor,Health Technology,28.9
PRESTIGE,1590.0,1588.0,1612.6,1563.1,True,False,True,True,False,True,1.1172014691156298,108.386325,1.0985842195201325,False,-0.0726104930223787,False,49.84,True,1.035173896337221,50.0,0.02,0,False,▆▂▆▇▂▆▁▆▆▃▂█▆▄▆▁▅▅█▅,False,False,False,0,-0.06848673032983776,0.1742983751846381,-0.0786571755505725,0.11279614805704141,FLAT,True,75,25.0,IGNORE,NONE,,NEUTRAL,C,WAIT,No standout factor,Finance,29.7
JUBLINGREA,726.7,733.7,737.85,722.75,True,False,True,True,False,True,0.24122486861928313,9.828108810000002,0.23588297446988762,False,-0.17275699284928636,False,52.38,True,1.0357510084631814,62.0,0.24,0,False,▁▅▆▆▅▆▆▇▆▆▇▆▅▇▄███▇▆,False,False,False,2,-0.04857292484943687,0.16160485933503832,-0.05874337007017161,0.10010263220744164,FLAT,True,72,25.0,IGNORE,NONE,,NEUTRAL,C,WAIT,No standout factor,Process Industries,34.6
DLF,665.4,664.0,669.85,659.6,False,True,True,True,False,False,0.41876338530958035,99.81279468,0.42441995605699434,False,-0.021965781970719803,False,42.98,True,1.0242356361556608,32.0,-0.52,0,False,▄▂▁▅█▇▄▅▁▇▁▇▄▁▇▅▅▃▂▅,False,False,False,0,-0.003593890386343168,0.1516095534787123,-0.013764335607077904,0.09010732635111562,FLAT,True,70,25.0,IGNORE,NONE,,NEUTRAL,C,WAIT,No standout factor,Finance,29.7
OBEROIRLTY,1858.0,1950.4,1960.7,1858.0,True,True,True,True,False,True,4.5814199396614175,304.778888,4.605082116905671,False,-0.022626305643085893,False,20.77,False,0.4935425998312878,2.0,-2.42,0,False,▂▁▃▅▄▅▃█▆▄▅▇▆▆▅▅▆▃▂▁,False,False,True,1,-0.014219015280135805,0.1381316998468607,-0.02438946050087054,0.07662947271926401,FLAT,True,68,25.0,IGNORE,DISTRIBUTION,,NEUTRAL,C,WAIT,No standout factor,Finance,29.7
SHRINGARMS,224.93,227.0,229.69,224.0,True,False,True,True,False,True,0.5716963952533771,6.461249208000001,0.5657195389304512,False,-0.2778871750907517,False,29.54,False,0.8659201500850091,24.0,-0.67,0,False,▆▃▃▂█▆▅▄▃▃▃▁▅▂▄▆▄▂▆▃,False,False,False,7,0.011330425790207377,0.09732656844570209,0.0011599805694726406,0.03582434131810541,FLAT,True,59,25.0,IGNORE,NONE,,NEUTRAL,C,WAIT,No standout factor,Consumer Durables,29.9
IDBI,81.11,82.0,82.54,81.0,True,False,False,False,False,False,0.3899158219044583,15.877996268,0.3738103603851416,False,-0.17059971725771975,False,55.06,True,1.3146772999689598,99.0,2.14,0,True,▄▆▄▃▁▆▄▅▅▆▄▄▆█▆▆▆▇▆█,False,False,False,0,-0.06371926584324128,0.07615762239617885,-0.07388971106397602,0.014655395268582172,FLAT,True,55,25.0,IGNORE,SEED,,NEUTRAL,C,WAIT,Delivery P99,Finance,29.7
GUJALKALI,678.55,690.0,692.95,675.1,True,True,True,True,False,False,0.3046827005243523,3.2879140249999996,0.3042507733358715,False,-0.18934956779253137,False,44.06,True,1.0915937863885241,40.0,0.0,0,False,▃▁▁▃▅▄▄▅▃▅▆▂▂▆▅▇▇█▅▅,False,False,False,2,0.08221690590111641,0.07153572838531375,0.07204646068038167,0.01003350125771707,UP,True,54,25.0,IGNORE,NONE,,NEUTRAL,C,WAIT,No standout factor,Process Industries,34.6
EIEL,197.18,200.24,201.89,196.5,True,False,False,False,False,False,0.4256919426740602,8.659061110000001,0.39063058568592096,False,-0.3070198058217033,False,53.63,True,1.3080966376818666,97.0,1.6,0,True,▄▅▄▅▆▅▆▁▅▄▇▇▇▄▅▆▇▇▄█,False,False,False,0,-0.1406781138324763,0.06843673801137906,-0.15084855905321104,0.0069345108837823854,FLAT,True,53,25.0,IGNORE,SEED,,NEUTRAL,C,WAIT,Delivery P97,Industrial Services,37.0
IONEXCHANG,370.3,374.0,378.7,369.0,True,False,False,False,False,False,0.4773714510994527,8.097794460000001,0.43968268913806224,False,-0.3426388247185647,False,63.09,True,1.449561731018875,95.0,1.47,0,True,▃▃▂▂▄▄▃▂▆▅▇▁▅▃▇▇▄▅▄█,False,False,False,0,-0.1539867489147818,0.06760847628657918,-0.16415719413551655,0.006106249158982502,FLAT,True,53,25.0,IGNORE,SEED,,NEUTRAL,C,WAIT,Delivery P95,Producer Manufacturing,34.1
SHREEPUSHK,376.9,376.35,380.1,375.15,False,False,False,True,False,False,0.3996008614611707,0.5863810199999999,0.38512276277930435,False,-0.24030660765449957,False,61.19,True,1.104253514518254,94.0,1.33,0,True,▇▁▄▃▅▂▅█▄▅▅▆▅▄▆▆▃▃▆▆,False,False,False,0,-0.07270266945503756,0.06725187597338245,-0.0828731146757723,0.005749648845785771,FLAT,True,53,25.0,IGNORE,SEED,,NEUTRAL,C,WAIT,Delivery P94,Process Industries,34.6
MGL,1111.4,1106.0,1118.4,1100.0,True,False,False,False,False,False,0.8113774544420359,30.8196777,0.8060747281921108,False,-0.10614027172448597,True,55.96,True,1.021904474940879,71.0,0.52,0,True,▄▅▃▅▅▅▁▃▄▅▄▅█▆▆▆▅▃▅▅,False,False,False,0,0.027741816164231548,0.04938155037295844,0.01757137094349681,-0.012120676754638238,UP,False,49,25.0,IGNORE,NONE,,NEUTRAL,C,WAIT,No standout factor,Utilities,32.3
JMFINANCIL,125.4,127.08,128.21,124.72,True,False,False,False,False,False,0.38189722887724414,17.272733940000002,0.38223909490321434,False,-0.1449688537968176,True,54.34,True,1.2111216359280104,94.0,1.58,0,False,▆▇▃▇▇███▁▁▁▆▃▅█▆▄▇▇█,False,False,False,0,0.01096420509513063,0.05183694011071971,0.000793759874395894,-0.009665287016876967,UP,False,49,25.0,IGNORE,SEED,,NEUTRAL,C,WAIT,Delivery P94,Finance,29.7
STUDDS,448.25,450.0,451.45,443.6,False,True,False,False,False,False,0.962152420185376,2.512665375,0.9813906984409936,False,-0.02281197548785955,True,70.76,True,1.2158284506606645,86.0,1.03,0,True,▄▃▃▄█▁▂▅▃▅▆▁█▄▃▄▃▄▃▇,False,False,False,0,-0.0005574136008918984,0.020838077886586204,-0.010727858821626635,-0.04066414924101047,UP,False,43,25.0,IGNORE,SEED,,NEUTRAL,C,WAIT,No standout factor,Consumer Durables,29.9
GOODLUCK,1330.0,1319.0,1346.3,1310.0,False,False,False,True,False,False,0.7969570530729354,29.875657,0.7459859773119482,False,-0.25966539387435705,True,59.05,True,1.1913889113065934,88.0,1.06,0,True,▅▅▆▇▄▆▇▇▆█▇▁▄▆▄▅▆▅▆▇,False,False,False,0,-0.14419921497973098,-0.0020259623321078335,-0.15436966020046572,-0.06352818945970451,FLAT,False,36,25.0,IGNORE,SEED,,NEUTRAL,C,WAIT,No standout factor,Non-Energy Minerals,34.1
MAITHANALL,987.65,977.5,992.9,974.15,False,True,False,False,False,False,0.6875505244073765,2.5956429649999997,0.6949977860649836,False,-0.10595297680192224,True,61.09,True,1.0311244640988422,82.0,0.81,0,True,▇▄█▆▇▄▃▅▆▄▄▄▄▅▁█▄▅▃▅,False,False,False,0,-0.0011630258899676393,-0.01432135728542916,-0.011333471110702376,-0.07582358441302584,UP,False,32,25.0,IGNORE,NONE,,NEUTRAL,C,WAIT,No standout factor,Non-Energy Minerals,34.1
ZYDUSWELL,496.65,507.6,509.95,492.1,True,False,False,True,False,False,0.5652569443595868,9.993839625,0.5138548658066071,False,-0.10837261551665239,True,49.39,True,1.2138117473580734,78.0,0.75,0,True,▇█▄▅▆▃▅▆▆▁▇▄▇▆▆▅▇▇▆█,False,False,False,0,-0.16141831996623046,-0.024742268041237137,-0.1715887651869652,-0.08624449516883381,FLAT,False,29,25.0,IGNORE,NONE,,NEUTRAL,C,WAIT,No standout factor,Consumer Non-Durables,37.4
BAYERCROP,4105.7,4128.0,4128.0,4060.0,False,False,False,False,False,False,0.6563113141118788,9.318296720000001,0.6326058858298744,False,-0.17137708904881038,True,57.31,True,1.013063230276997,59.0,0.11,0,True,▇▁▂▂▄▇▄▆▅▄▄▄▆█▇▅▇▇▄▅,False,False,False,0,-0.05646458611021732,-0.03897289452740982,-0.06663503133095205,-0.1004751216550065,UP,False,26,25.0,IGNORE,NONE,,NEUTRAL,C,WAIT,No standout factor,Process Industries,34.6
BSOFT,305.55,310.85,311.2,304.5,True,False,False,False,False,False,0.2965954374538429,17.26993044,0.29373140556417177,False,-0.17345473659705918,True,57.03,True,1.3239698200812535,97.0,1.91,0,False,▆▆▄▇▂▁▃▄▆▅▆▄▃▆▇█▆▇▇█,False,False,False,0,0.06910426871938413,-0.043212775951150806,0.058933823498649396,-0.10471500307874748,UP,False,24,25.0,IGNORE,SEED,,NEUTRAL,C,WAIT,Delivery P97,Technology Services,32.9
IRCTC,493.05,499.95,501.0,492.0,True,False,False,False,False,False,0.6251528191053282,29.145220905000002,0.609195281044294,False,0.03852805142006563,False,63.68,True,1.2477100171442566,97.0,1.8,0,False,▇▃▂▆█▄▄▆▁▃▄▄▅▄▃▁▃▅▂█,False,False,False,0,-0.013505402160864377,-0.04789031572849278,-0.023675847381599113,-0.10939254285608946,UP,False,23,25.0,IGNORE,SEED,,NEUTRAL,C,WAIT,"Delivery P97, CMF positive",Consumer Services,31.6
ADFFOODS,269.6,261.9,270.0,260.35,False,False,False,True,False,False,0.6898633499134057,3.8601328,0.6813198633959069,False,-0.2009600877160257,True,54.49,True,1.1651876403293062,77.0,0.67,0,True,▆▅▆▄█▄▁▃▄▄▅▅▃▅▂▇▇▂▃▆,False,False,False,0,-0.10787557908669743,-0.05882352941176461,-0.11804602430743216,-0.12032575653936128,UP,False,21,25.0,IGNORE,NONE,,NEUTRAL,C,WAIT,No standout factor,Consumer Non-Durables,37.4
EPACK,209.57,211.0,212.75,208.26,True,False,False,False,False,False,0.7217613288408652,5.605536446,0.6705702834509748,False,-0.32656634172144644,True,50.57,True,1.1167669629547838,82.0,0.91,0,True,▁▃▂▄▄▆▃▅▅▁█▆▁▅▃▆▄██▆,False,False,False,0,-0.12126294603547327,-0.07490950825461284,-0.131433391256208,-0.13641173538220952,UP,False,16,25.0,IGNORE,NONE,,NEUTRAL,C,WAIT,No standout factor,Producer Manufacturing,34.1
ICICIGI,1623.8,1626.3,1637.5,1615.2,True,False,False,False,False,False,0.71482558132893,101.60457597999999,0.7035143403173613,False,0.019609560283970852,False,67.89,True,1.1656736663175427,82.0,0.84,0,True,▅▄▃▂▁▄▄▇▅▅▂█▃▅▅█▇▆▄▇,False,False,False,0,-0.00012315270935958633,-0.08657253754851779,-0.010293597930094323,-0.14807476467611447,UP,False,14,25.0,IGNORE,NONE,,NEUTRAL,C,WAIT,CMF positive,Finance,29.7
ABFRL,54.97,55.29,55.86,54.82,True,False,False,False,False,False,0.36538870271642826,15.395673277,0.33552742339388614,False,0.04875280993870705,False,60.24,True,1.204595218812802,96.0,1.5,0,False,█▇▄▃▆▆▁▃▆▅▅▄▄▁▃▅▇▆▆█,False,False,False,0,-0.04250130639261451,-0.09065343258891656,-0.05267175161334925,-0.15215565971651324,UP,False,13,25.0,IGNORE,SEED,,NEUTRAL,C,WAIT,"Delivery P96, CMF positive",Retail Trade,32.3
JUBLPHARMA,866.0,863.95,873.9,860.0,True,False,False,False,False,False,0.8086577497799254,15.083122,0.7511622504578434,False,-0.10578264728414452,True,58.39,True,1.1091166386490772,75.0,0.65,0,True,▄▄▃▇▆█▆▇▆▆▆█▅▆▁▂▃▆▄▆,False,False,False,0,-0.14070252034133757,-0.1090076650033438,-0.1508729655620723,-0.17050989213094048,UP,False,10,25.0,IGNORE,NONE,,NEUTRAL,C,WAIT,No standout factor,Health Technology,28.9
GRAUWEIL,66.43,67.96,68.39,66.2,True,False,False,True,False,False,0.379364019849759,0.7369744200000001,0.35343706321020496,False,-0.427473540376641,True,67.55,True,1.080126001375142,70.0,0.56,0,True,▅▃▄▃▆▃▃█▃▁▆▆▇▆▇▆▆▆▄▆,False,False,False,0,-0.1224570673712021,-0.11308411214953273,-0.13262751259193684,-0.1745863392771294,UP,False,9,25.0,IGNORE,NONE,,NEUTRAL,C,WAIT,No standout factor,Process Industries,34.6
INSECTICID,619.5,618.7,625.0,612.0,False,False,False,False,False,False,0.36264373244144676,0.60655245,0.3548420548948457,False,0.09126735400141286,True,65.7,True,1.2416139090994993,83.0,0.82,0,False,▇▇▇▆▇▆█▇▄▆▇▇▇▆▁▇▆▃██,False,False,False,0,-0.007291082445316843,-0.1453404152583293,-0.01746152766605158,-0.20684264238592598,UP,False,5,25.0,IGNORE,NONE,,NEUTRAL,C,WAIT,CMF positive,Process Industries,34.6
BANDHANBNK,170.5,173.25,174.0,170.21,True,False,False,False,False,False,0.23277940876403147,77.48875475,0.22933915233149826,False,-0.32246915153704797,True,51.78,True,1.154849789236568,88.0,1.13,0,True,▂▄▁▂▂▅▄▆▅▆█▇▆█▄▇▆▃▄▆,False,False,False,0,-0.18354642532203236,-0.1760896878322219,-0.1937168705427671,-0.23759191495981857,UP,False,3,25.0,IGNORE,SEED,,NEUTRAL,C,WAIT,No standout factor,Finance,29.7
BBL,2339.8,2309.9,2360.0,2282.5,False,False,False,False,False,False,0.7907638865238565,6.79103552,0.7663784752593694,False,-0.42938298701158495,True,57.8,True,1.0095188193170903,75.0,0.62,0,True,▅▄▃▅▇▃▅▂▄▁█▅▆▅▃▅▅█▃▅,False,False,False,0,-0.12334207568377664,-0.1794494125898649,-0.13351252090451138,-0.24095163971746159,UP,False,2,25.0,IGNORE,NONE,,NEUTRAL,C,WAIT,No standout factor,Producer Manufacturing,34.1
MEDPLUS,664.85,657.05,670.0,653.1,False,False,False,False,False,False,0.5780510426249417,13.26601799,0.5487466987942359,False,-0.05603643872301822,True,63.37,True,1.0645142324393788,67.0,0.42,0,True,▁▂▆▇▆▆▇█▇█▅▆▆▆▇██▇▇▇,False,False,False,0,-0.16218259718984307,-0.22781649245063873,-0.1723530424105778,-0.2893187195782354,UP,False,1,25.0,IGNORE,NONE,,NEUTRAL,C,WAIT,No standout factor,Retail Trade,32.3
PANACEABIO,405.85,411.45,424.5,401.2,True,False,False,False,False,False,0.6851008777675881,6.451919205,0.6386227582627813,False,-0.3242954743442499,True,52.64,True,1.1198451278014743,72.0,0.63,0,True,▂▁▂▂▄▄▃▅▆▄▂▃▅█▇█▆▂▃▅,False,False,False,0,-0.17844129554655863,-0.33220896750308515,-0.18861174076729337,-0.3937111946306818,UP,False,1,25.0,IGNORE,NONE,,NEUTRAL,C,WAIT,No standout factor,Health Technology,28.9
POCL,500.85,486.85,503.1,486.0,False,False,False,False,False,False,0.787353958909663,21.930518610000004,0.77015238719576,False,-0.2561117093444381,True,52.36,True,1.0199867534187868,90.0,1.18,0,False,▅▄▃▄█▁▄▃▅▄▃█▄▄▃▃▄▃▅▄,False,False,False,0,-0.1073783639279986,-0.5941576857629041,-0.11754880914873334,-0.6556599128905007,UP,False,0,25.0,IGNORE,SEED,,NEUTRAL,C,WAIT,Delivery P90,Non-Energy Minerals,34.1
HESTERBIO,2451.2,2418.8,2496.0,2408.6,False,True,True,True,False,True,0.18944204419995275,1.45527744,0.1875148635423424,False,-0.1911272408706444,True,37.78,False,0.8439911981860221,10.0,-1.31,0,False,▄█▇▅█▇▁▄▇▅▆▆▅▅▆▅▇█▇▅,False,False,False,2,0.0004897959183671752,0.2619439868204281,-0.009680649302367561,0.2004417596928314,FLAT,True,85,24.0,IGNORE,NONE,,NEUTRAL,C,WAIT,No standout factor,Health Technology,28.9
EMSLIMITED,375.75,369.1,380.6,365.95,False,False,False,False,False,False,0.7754926088170806,7.37123805,0.7330841530584226,False,-0.009004416202319603,True,38.55,True,1.0603039262875609,33.0,-0.33,0,True,▅▅▄▅▆▄▆▁▅▆▅▅▄▇▆█▅▇▂▅,False,False,False,0,-0.10906935388263184,0.18908227848101267,-0.11923979910336657,0.127580051353416,FLAT,True,77,24.0,IGNORE,NONE,,NEUTRAL,C,WAIT,No standout factor,Industrial Services,37.0
MAPMYINDIA,1012.6,991.9,1019.0,985.2,False,False,False,False,False,False,0.4691869790151174,19.09540828,0.4381741446673263,False,-0.2041303615670186,True,33.23,False,0.9612102629371438,17.0,-0.77,0,True,▆▁▃▃▄▃▄▄▆▇▅▅█▇▆▆▇██▅,False,False,False,3,-0.05386591917776218,0.15389436499344766,-0.06403636439849691,0.09239213786585099,FLAT,True,71,24.0,IGNORE,NONE,,NEUTRAL,C,WAIT,No standout factor,Commercial Services,24.6
FMGOETZE,462.65,454.25,469.75,451.05,False,False,False,True,False,False,0.8321482078621351,1.771810705,0.8038721283789663,False,-0.040306600638074674,True,56.96,False,0.9209749787784469,59.0,0.23,0,True,▃▅▆▅▄▆█▁█▅▄▆▅▅▄▅▂▄▂▄,False,False,False,8,-0.04716301101843279,0.09736717267552164,-0.057333456239167524,0.035864945547924965,FLAT,True,59,24.0,IGNORE,NONE,,NEUTRAL,C,WAIT,No standout factor,Producer Manufacturing,34.1
ITCHOTELS,164.43,166.0,166.15,164.0,True,False,False,False,False,False,0.3857945868011987,13.444207875,0.38371763052645247,False,-0.06565166149632487,True,64.15,True,1.1663742397658161,86.0,1.06,0,True,▁▂▃▄▇▄▅▂▁▄▅▄▇▄█▄▅▆▅▇,False,False,False,0,0.0003650301149844548,0.08987870351958649,-0.009805415105750281,0.028376476391989813,FLAT,True,58,24.0,IGNORE,SEED,,NEUTRAL,C,WAIT,No standout factor,Consumer Services,31.6
DDEVPLSTIK,272.75,270.0,274.3,268.55,False,False,False,True,False,False,0.48417925076639057,2.87527595,0.4571643019851522,False,-0.23696960166571202,True,55.58,True,1.012201784738663,53.0,0.11,0,True,▆█▂▅▅▄▃▄▂▅▄▁▂▄▁▁▆▇▅▄,False,False,False,1,-0.04815913453149545,0.07738189287407171,-0.05832957975223019,0.015879665746475036,FLAT,True,55,24.0,IGNORE,NONE,,NEUTRAL,C,WAIT,No standout factor,Process Industries,34.6
PIRAMALFIN,2055.0,2052.0,2079.8,2038.0,True,False,False,True,False,True,0.909463381235473,36.1957425,0.9004437838621403,False,-0.2929742774720648,False,64.23,True,1.160590865970999,83.0,0.99,0,True,▄▅▄▆▄▄▃▄█▄▅▂█▃▅▁▃▃▅▆,False,False,False,0,-0.061215166742804916,0.04612095296273666,-0.07138561196353965,-0.015381274164860015,FLAT,False,48,24.0,IGNORE,NONE,,NEUTRAL,C,WAIT,No standout factor,Finance,29.7
TVSHLTD,14096.0,14136.0,14201.0,13870.0,False,False,False,True,False,True,0.27566070546812943,4.524816,0.2639476540872735,False,-0.39070534637382126,False,53.96,True,1.0019682846213838,61.0,0.16,0,False,▁▂▅▄▆▆▅▅▇▄▇▅▅█▄▄▇▇▄▅,False,False,False,12,-0.009834223096375383,0.039144858090674584,-0.02000466831711012,-0.022357369036922092,UP,False,47,24.0,IGNORE,NONE,,NEUTRAL,C,WAIT,No standout factor,Producer Manufacturing,34.1
GPTHEALTH,153.13,153.32,154.54,151.48,True,False,False,True,False,True,0.3002947082858406,1.1729758,0.2817704213990324,False,-0.05528581336736447,False,58.24,True,1.0764752090938496,54.0,0.03,0,False,▆▅▂▆▆▆▃▂▆▁▅▄█▇▅▅▆▆█▆,False,False,False,7,0.013904522280341558,0.02100280037338309,0.003734077059606822,-0.040499426754213586,UP,False,43,24.0,IGNORE,NONE,,NEUTRAL,C,WAIT,No standout factor,Health Services,40.2
OLECTRA,1324.1,1329.0,1337.0,1316.7,False,False,False,True,False,False,0.5824235211157011,25.044027399999997,0.5686588219466168,False,-0.15556357803119636,False,40.35,True,1.0221141424120375,71.0,0.61,0,True,▃▂▁▄▃▄▄▇▄▆▄▄▄▅█▃▄▅▅▄,False,False,False,0,-0.023092813929467493,0.018538461538461393,-0.03326325915020223,-0.04296376558913528,UP,False,42,24.0,IGNORE,NONE,,NEUTRAL,C,WAIT,No standout factor,Consumer Durables,29.9
WONDERLA,476.0,468.7,486.0,468.05,False,False,False,False,False,False,1.0007625593115677,7.093352,0.9655844205118851,True,-0.07396630500048883,False,66.5,True,1.0906556234367952,90.0,1.02,0,False,▄▆▄▇▅▆▄▅▆▁▄▄▄▅▄▇▄▅█▆,False,False,False,2,0.007834003811136858,-0.0032457334310543873,-0.002336441409597878,-0.06474796055865106,UP,False,35,24.0,IGNORE,SEED,,NEUTRAL,C,WAIT,Delivery P90,Consumer Services,31.6
SAIPARENT,543.8,558.95,558.95,540.6,True,False,False,True,False,True,0.4640394210650126,3.2610598399999997,0.4558362704199431,False,-0.030091045183728887,False,62.72,True,1.1513115626778274,72.0,0.48,0,True,▂▇▃▃▆▁█▅▃▅▇▄▃▅▆▂▄█▄▇,False,False,False,0,-0.03564461784004258,-0.012888001452169173,-0.04581506306077732,-0.07439022857976585,UP,False,32,24.0,IGNORE,NONE,,NEUTRAL,C,WAIT,No standout factor,Health Technology,28.9
SIS,413.6,416.1,420.7,412.45,True,False,False,True,False,True,0.8263725655542375,4.84350416,0.7906440967366827,False,-0.1939327268864546,False,61.35,False,0.9594932749452613,53.0,0.05,0,True,▄▄▆▆▇█▅▆▄▆▅▁▃▆▄▆▅█▄▄,False,False,False,8,-0.0630875523841884,-0.018043684710351338,-0.07325799760492313,-0.07954591183794801,UP,False,31,24.0,IGNORE,NONE,,NEUTRAL,C,WAIT,No standout factor,Commercial Services,24.6
BANKINDIA,142.1,143.0,144.42,142.1,True,False,False,False,False,False,0.29946929732942373,33.81589225,0.30093898041782524,False,0.006635040432209246,True,46.15,True,1.0594338972934505,71.0,0.47,0,False,▆▄▁▅▄▆▇▆▆▇▅█▆▆▇▅▅▇▅▆,False,False,False,0,-0.03399048266485383,-0.03804494990522611,-0.04416092788558856,-0.09954717703282279,UP,False,26,24.0,IGNORE,NONE,,NEUTRAL,C,WAIT,CMF positive,Finance,29.7
TEJASNET,519.3,522.0,529.6,517.3,True,False,False,True,False,False,0.4780865856502445,39.33245709,0.4781208687178506,False,-0.11261500256747131,False,31.31,True,1.1006819939534558,59.0,0.31,0,True,▆█▄▄▆▁▅▂▅▄▅▇▇▄▃▆█▅▇▆,False,False,False,0,-0.033590769517074626,-0.03931181204328926,-0.04376121473780936,-0.10081403917088594,UP,False,25,24.0,IGNORE,NONE,,NEUTRAL,C,WAIT,No standout factor,Electronic Technology,39.9
NTPC,339.95,343.65,343.65,337.5,True,False,False,False,False,False,0.7543201702376889,242.53015455499997,0.7420868718257717,False,0.2249171245929616,False,63.31,True,1.039743800295615,56.0,0.17,0,False,█▅▆▇██▆▇▆▆▂▇▇▇██▁▇▇▇,False,False,False,0,-0.005557993271902983,-0.0721888646288209,-0.01572843849263772,-0.13369109175641758,UP,False,17,24.0,IGNORE,NONE,,NEUTRAL,C,WAIT,CMF positive,Utilities,32.3
NTPCGREEN,92.17,92.09,92.79,91.9,False,False,False,False,False,False,0.14250842311632933,11.910262701999999,0.13770035255062624,False,0.06284014640446278,False,52.06,True,1.0479909815605122,57.0,0.28,0,False,▇▁▃▅▆▇▇▇█▇▆▆▆▇█▆▆▇▆▆,False,False,False,0,-0.00399827101793826,-0.08206353948809875,-0.014168716238672996,-0.14356576661569542,UP,False,15,24.0,IGNORE,NONE,,NEUTRAL,C,WAIT,CMF positive,Utilities,32.3
WALCHANNAG,222.6,223.2,225.63,221.82,True,False,False,True,False,False,0.7363004188951477,10.506341579999999,0.7052018859128395,False,-0.3116940326948249,False,49.39,True,1.1275998264879796,73.0,0.64,0,True,▅▅▄▆▇▆▁▃▅▄▅▅▆▅▆▄█▅▅▆,False,False,False,0,-0.1104895104895105,-0.12603062426383982,-0.12065995571024524,-0.1875328513914365,UP,False,8,24.0,IGNORE,NONE,,NEUTRAL,C,WAIT,No standout factor,Producer Manufacturing,34.1
TATASTEEL,183.49,184.0,184.19,180.0,True,False,False,False,False,False,0.7359502768539402,284.404123743,0.7196472670711396,False,0.05963268718630407,False,54.85,True,1.0693571184871082,83.0,1.02,0,False,▆▅▇▇▆▅▁▅▆██▆▃▆███▂▅▇,False,False,False,0,-0.012910861262036555,-0.12860331481217635,-0.02308130648277129,-0.19010554193977303,UP,False,7,24.0,IGNORE,NONE,,NEUTRAL,C,WAIT,CMF positive,Non-Energy Minerals,34.1
ATGL,647.3,646.9,655.0,645.8,False,False,False,True,False,False,0.41531536384550993,22.20795678,0.40352708684337457,False,-0.33335802172842605,False,34.94,True,1.1330544475792068,69.0,0.62,0,True,▂▁▂▃▆▃▃▂▁▂▅▅▅▄▃█▃▃▅▄,False,False,False,0,-0.07581382067390063,-0.13940038556139067,-0.08598426589463537,-0.20090261268898735,UP,False,6,24.0,IGNORE,NONE,,NEUTRAL,C,WAIT,No standout factor,Utilities,32.3
COALINDIA,406.1,409.8,410.4,405.6,True,False,False,False,False,False,0.7003436566307774,196.38943207,0.6814716295996767,False,0.11254801081441813,False,59.65,False,0.9316964215984881,72.0,0.62,0,True,▄▅▃▄▁▆▆▆▆▆▆▆▅▇▇█▆██▄,False,False,False,0,-0.05039167543551959,-0.15685663863801502,-0.060562120656254326,-0.2183588657656117,UP,False,4,24.0,IGNORE,NONE,,NEUTRAL,C,WAIT,CMF positive,Energy Minerals,46.3
PTC,158.89,160.99,162.5,158.57,True,False,False,False,False,False,0.4251155705139683,22.226518317999997,0.3582279065064178,False,0.308979407472333,False,60.62,True,1.091829291355601,76.0,0.58,0,False,▆▂█▆█▆▆▄▆▆▁▆▆▂▅▆▆▇▅▇,False,False,False,0,-0.06540791718134231,-0.15032085561497333,-0.07557836240207705,-0.21182308274257,UP,False,4,24.0,IGNORE,NONE,,NEUTRAL,C,WAIT,CMF positive,Utilities,32.3
VEDL,267.95,270.0,271.1,266.55,True,False,False,False,False,False,0.8700200258641849,280.42564482,0.8659629694437303,False,0.044286666959199375,True,52.88,True,1.1107610225387023,87.0,1.07,0,False,▆▁▅▅▅▃▁▄▅▆█▃▆▂▄▅▃▄▁▆,False,False,False,0,0.05888164394388462,-0.1818320610687023,0.048711198723149884,-0.243334288196299,UP,False,2,24.0,IGNORE,SEED,,NEUTRAL,C,WAIT,CMF positive,Non-Energy Minerals,34.1
RELTD,158.85,160.67,163.9,158.01,True,False,False,True,False,True,0.6387905587898844,2.046416895,0.598650156263025,False,-0.154372716053344,False,54.56,True,1.0741743367623173,58.0,0.23,0,True,▁▁▂▂▅▃▆▇▅▃█▇▆▄▄▆▆█▄▅,False,False,False,0,-0.09877453761488708,0.23493741739874063,-0.10894498283562182,0.17343519027114396,FLAT,True,82,23.0,IGNORE,NONE,,NEUTRAL,C,WAIT,No standout factor,Utilities,32.3
RML,1100.1,1094.9,1112.9,1085.0,False,False,True,True,False,False,0.16746446707784965,1.18865805,0.16564643020282005,False,-0.5149260206742504,False,51.24,True,1.15492545050883,39.0,-0.17,0,True,▆▆▆▆▇▅▄▅▄█▁▇▄▄▄▆▆▆▃▆,False,False,False,0,-0.08263842561707813,0.1860916442048517,-0.09280887083781286,0.12458941707725502,FLAT,True,77,23.0,IGNORE,NONE,,NEUTRAL,C,WAIT,No standout factor,Producer Manufacturing,34.1
ABREL,1390.8,1400.0,1401.6,1378.7,True,False,True,False,False,False,0.6406346419414924,12.5039874,0.6364313262736199,False,-0.2884564022752638,False,52.62,True,1.1455317296179384,72.0,0.55,0,True,▄▃▂▂▂▄▄▁▃▃▁▄█▂▅▄▁▃▃▄,False,False,False,0,-0.03770843423510695,0.14112241549064652,-0.04787887945584168,0.07962018836304985,FLAT,True,68,23.0,IGNORE,NONE,,NEUTRAL,C,WAIT,No standout factor,Process Industries,34.6
KRBL,393.6,394.65,403.8,390.5,True,True,True,True,False,False,1.4301237744541953,28.159285440000005,1.49806032413585,False,-0.22664121192322376,False,42.16,False,0.8820268206447833,31.0,-0.34,0,False,▅▇▅▆█▇▃▅▅▄▄▅█▆▆▆▇▁▅▅,False,False,False,2,0.1085762568652302,0.13038483630097653,0.09840581164449547,0.06888260917337985,UP,True,66,23.0,IGNORE,NONE,,NEUTRAL,C,WAIT,No standout factor,Process Industries,34.6
FUSION,189.87,195.38,196.01,188.13,True,False,False,True,False,False,0.9836908605717487,15.835347870000001,0.8910020618810797,False,-0.3206879195911596,False,54.42,True,1.092814972488855,56.0,0.08,0,True,▆▇▄▄██▇▅▆▁▆▅▆▄▄▆▅▇▆▆,False,False,False,0,-0.16639592571453665,0.130447725648964,-0.1765663709352714,0.06894549852136733,FLAT,True,66,23.0,IGNORE,NONE,,NEUTRAL,C,WAIT,No standout factor,Finance,29.7
TTKPRESTIG,594.6,590.05,599.0,589.05,False,False,False,True,False,False,0.04286068643358768,1.94232036,0.03684308707243676,False,0.02633651663099147,True,50.06,True,1.2250391542678154,44.0,0.06,0,False,▇█▇▆▁▂▅▄▅▆▆▅▆▇▆▆▅▆▇▇,False,False,False,1,-0.09380477025070477,0.09291425420457688,-0.10397521547143951,0.03141202707698021,FLAT,True,59,23.0,IGNORE,NONE,,NEUTRAL,C,WAIT,CMF positive,Consumer Durables,29.9
MOTILALOFS,938.0,951.0,961.35,933.1,True,True,True,True,False,True,0.6145297175367519,97.6379208,0.6479843869062675,False,-0.060818814496211265,False,33.13,False,0.8142349803998674,11.0,-1.22,0,False,▅▆▁▄▄▆▆▅▆▆█▇▇▇▆▇▆▇▃▄,False,False,False,0,-0.02772739051567763,0.08527131782945752,-0.037897835736412366,0.02376909070186084,FLAT,True,58,23.0,IGNORE,NONE,,NEUTRAL,C,WAIT,No standout factor,Technology Services,32.9
BLUEDART,5085.5,5100.0,5125.0,5070.0,True,False,True,False,False,False,0.12244612025373283,3.15555275,0.11725234558779442,False,-0.3366063460386873,False,63.14,True,1.4128756517263756,90.0,1.23,0,False,▆▆▂▅▄▅▆█▁▆▃▆▆▆▇▆▅▃▅█,False,False,False,2,0.04429340013963601,0.08409720741846094,0.03412295491890127,0.022594980290864264,UP,True,57,23.0,IGNORE,SEED,,NEUTRAL,C,WAIT,Delivery P90,Transportation,27.3
ESABINDIA,6177.5,6289.0,6323.5,6151.0,True,True,True,True,False,True,0.3268302323611621,1.7877685,0.33569973077977017,False,-0.24549548870945995,False,48.51,False,0.906186953597848,29.0,-0.38,0,False,▆▅█▆▄▇▇█▇▆▆█▆▆▅▁▅▄▄▅,False,False,False,0,0.04979182598351595,0.0809273840769904,0.03962138076278121,0.01942515694939373,UP,True,56,23.0,IGNORE,NONE,,NEUTRAL,C,WAIT,No standout factor,Producer Manufacturing,34.1
ATULAUTO,493.3,494.25,501.05,491.0,True,False,False,True,False,False,0.1636454637953732,3.65076531,0.15061504520261146,False,-0.05892013990444788,False,46.38,True,1.1540040556848012,82.0,0.91,0,False,▄▄▃▆▅▇▁▂▁▁▁▄▃▃▅▂▅█▄▅,False,False,False,7,0.019636213311285733,0.06925327842202234,0.009465768090550997,0.007751051294425659,UP,True,53,23.0,IGNORE,NONE,,NEUTRAL,C,WAIT,No standout factor,Consumer Durables,29.9
TSFINV,416.2,420.6,421.4,415.0,True,False,False,False,False,False,0.3116050355800444,0.87535184,0.29468403651448355,False,-0.2426100003356481,True,72.52,True,1.2717563811411086,97.0,1.97,0,True,▄▄▃▃▆▄▄▃▄▁▄▅▅▄▇▆▇▅▅█,False,False,False,0,-0.11257995735607673,0.048626858150667696,-0.12275040257681147,-0.01287536897692898,FLAT,False,49,23.0,IGNORE,SEED,,NEUTRAL,C,WAIT,Delivery P97,Finance,29.7
ANDHRAPAP,61.93,59.96,62.1,59.76,False,True,True,False,False,False,0.8661250933505587,1.563627219,0.8778994627379978,False,-0.25417736246036504,True,56.3,False,0.7798594036776674,23.0,-0.59,0,True,▄▁█▂▅▃▆▅▇▆▂▄█▅▅▅▅▅▇▂,False,False,False,0,0.031135531135531025,0.008631921824104216,0.02096508591479629,-0.05287030530349246,UP,False,39,23.0,IGNORE,NONE,,NEUTRAL,C,WAIT,No standout factor,Process Industries,34.6
ADVAIT,2138.0,2077.0,2140.0,2070.0,False,False,False,True,False,True,0.9548444878091403,11.2146652,0.9179837158988133,False,-0.14384090360906202,True,31.35,False,0.6449290269491874,13.0,-1.42,0,True,▄▆▄▆▇▄▇▆█▆▇▅▂▅▃▇▅▃▃▁,False,False,False,0,-0.04977777777777781,0.00375586854460086,-0.059948222998512546,-0.057746358582995816,FLAT,False,38,23.0,IGNORE,NONE,,NEUTRAL,C,WAIT,No standout factor,Producer Manufacturing,34.1
ARSSBL,512.0,511.0,517.0,505.5,False,False,False,False,False,False,1.3608179381335865,8.424192,1.3701129194515658,True,-0.1500894179550719,True,33.54,False,0.6686003049965613,24.0,-0.75,0,True,▅▆▄▆▇▄▆▆▆▆▅▇▃▇▃▇▆█▁▂,False,False,False,0,-0.016141429669484952,0.005597564568398328,-0.02631187489021969,-0.05590466255919835,UP,False,38,23.0,IGNORE,NONE,,NEUTRAL,C,WAIT,No standout factor,Finance,29.7
DCMSHRIRAM,1026.4,1039.9,1049.8,1013.2,False,True,False,False,False,False,0.8186522057313641,17.779608720000002,0.8067504825224106,False,-0.5198827477392833,True,23.21,False,0.5065418317128797,8.0,-1.58,0,True,▇▆▄▇▄▁▃▄▅▅▅▆▅█▅▇▂▆▇▂,False,False,False,0,-0.011270590501878286,0.001170503316426208,-0.021441035722613022,-0.06033172381117047,UP,False,37,23.0,IGNORE,NONE,,NEUTRAL,C,WAIT,No standout factor,Producer Manufacturing,34.1
GHCL,439.55,432.55,443.95,430.4,False,True,False,False,False,False,0.9628959749343834,5.988209425,0.9687636025659447,False,-0.1402706654523284,True,59.97,False,0.9518820980452846,61.0,0.21,0,True,▇▅▅█▆▇▁▆▃▄▄▄▅██▇▆█▃▅,False,False,False,0,0.01583082967413918,0.003195252767317136,0.005660384453404443,-0.05830697436027954,UP,False,37,23.0,IGNORE,NONE,,NEUTRAL,C,WAIT,No standout factor,Process Industries,34.6
NAVKARCORP,97.92,99.5,100.0,97.5,True,False,False,False,False,False,0.6802189384974696,2.8326591359999997,0.655665627676588,False,-0.30637305908827533,True,62.18,True,1.14248966467616,90.0,1.23,0,True,▄▁▂▃▄▄▃▂▁▄▅▅▇▂▂▄█▃▄▆,False,False,False,0,-0.058733057771796604,0.0025596396027438573,-0.06890350299253134,-0.05894258752485282,FLAT,False,37,23.0,IGNORE,SEED,,NEUTRAL,C,WAIT,Delivery P90,Transportation,27.3
SDBL,74.0,73.28,74.99,72.9,False,True,True,False,False,False,0.3267124462722181,3.9571722,0.33094840601962194,False,-0.02090545751598146,True,41.73,True,1.0693145419602819,17.0,-0.84,0,False,▁▂▄▅▇▆▆▆██▄▆█▄▆▅▅▆▇▆,False,False,False,0,0.021535063500828233,-0.005242640139803689,0.011364618280093497,-0.06674486726740037,UP,False,35,23.0,IGNORE,NONE,,NEUTRAL,C,WAIT,No standout factor,Consumer Non-Durables,37.4
TIPSMUSIC,655.7,656.25,662.4,650.0,True,False,False,True,False,True,0.18480081020037617,12.800575400000001,0.1799204677373112,False,-0.060880579660560735,True,53.9,True,1.2890727764092507,69.0,0.44,0,False,▄▁▁▄▅▃▆▅▅▆▄▆▇▅▆▇▆▆█▆,False,False,False,1,-0.07933164841336704,-0.026067582621611463,-0.08950209363410178,-0.08756980974920814,FLAT,False,29,23.0,IGNORE,NONE,,NEUTRAL,C,WAIT,No standout factor,Consumer Services,31.6
NITCO,91.81,92.01,93.0,90.8,True,False,False,False,False,False,0.8018558778703291,4.476260817,0.7360584502590221,False,-0.1321262970878956,True,74.86,True,1.3196072555483087,95.0,1.68,0,True,▂▃▆▃▄▅▅▁▅▄▅▆▅▃▄▂▄▄█▇,False,False,False,0,-0.14156147732585322,-0.05389530090684258,-0.15173192254658796,-0.11539752803443926,FLAT,False,22,23.0,IGNORE,SEED,,NEUTRAL,C,WAIT,Delivery P95,Producer Manufacturing,34.1
HINDZINC,560.0,575.0,575.0,557.8,True,False,False,True,False,False,1.0302091706125627,261.561664,1.0189387782451835,False,0.03184689912683819,False,50.95,True,1.18950342026008,88.0,1.24,0,False,▆▄▁▅▆▇██▆▄▅▁▄▅▄▄▄▃▃▆,False,False,False,0,0.08035111411208629,-0.07261737186387351,0.07018066889135155,-0.1341195989914702,UP,False,17,23.0,IGNORE,SEED,,NEUTRAL,C,WAIT,CMF positive,Non-Energy Minerals,34.1
GESHIP,1302.9,1274.0,1326.0,1269.1,False,False,False,False,False,False,1.0137311479497377,132.85241343,0.9530252114769036,True,-0.5669659647568265,True,36.51,False,0.7422391185021041,10.0,-1.17,0,True,▅▇▅▇▇▇▆█▆▁▄▅▅▅▇▇▆▆▆▃,False,False,False,0,-0.07523599971609052,-0.09658854527804739,-0.08540644493682525,-0.15809077240564406,UP,False,12,23.0,IGNORE,NONE,,NEUTRAL,C,WAIT,No standout factor,Transportation,27.3
AFCONS,280.25,269.85,281.45,269.85,False,True,False,False,False,False,0.9492301709494172,29.520890425,0.9695389695649914,False,-0.20495596391797816,True,48.55,False,0.9609865204568396,47.0,-0.07,0,True,▅▅▆▆█▅▇█▅▅▆▃▄▆▅▁▅▇▆▅,False,False,False,0,-0.0334540438006552,-0.11172741679873222,-0.043624489021389934,-0.1732296439263289,UP,False,9,23.0,IGNORE,NONE,,NEUTRAL,C,WAIT,No standout factor,Industrial Services,37.0
FRACTAL,821.0,817.9,834.0,804.0,False,False,False,False,False,False,1.207481806799397,38.3689424,1.215203273626226,True,0.014970037298146664,False,51.33,True,1.1050473084250978,86.0,0.96,0,False,█▅▆▅▃▄█▁▆▅▆▂▅▅▄▄▇▄▅▆,False,False,False,0,-0.05735116826453879,-0.13020447081258602,-0.06752161348527352,-0.1917066979401827,UP,False,7,23.0,IGNORE,SEED,,NEUTRAL,C,WAIT,CMF positive,Technology Services,32.9
BSE,3446.1,3501.0,3502.0,3435.0,True,False,False,True,False,False,0.924930351926052,1021.9419888299999,0.8961497492980178,False,-0.09760072904618605,True,33.99,False,0.8573590616723422,68.0,0.41,0,True,▁▃▂▄▅▃▆▄█▃▄▅▃▄▃▅▆▄▄▃,False,False,False,0,-0.037885979116645374,-0.14560916348490116,-0.04805642433738011,-0.20711139061249784,UP,False,5,23.0,IGNORE,NONE,,NEUTRAL,C,WAIT,No standout factor,Finance,29.7
BBOX,777.4,774.1,784.3,753.35,False,False,False,True,False,False,0.8205170610749936,28.927131739999997,0.8171529604728358,False,-0.09151899023707749,True,47.74,True,1.0649475222235856,66.0,0.36,0,False,▅▅▄▆█▆▇▂▅▆▆▅▇▇▇▆▁▆▅▆,False,False,False,0,-0.04202094886013563,-0.198639315534481,-0.05219139408087037,-0.2601415426620777,UP,False,2,23.0,IGNORE,NONE,,NEUTRAL,C,WAIT,No standout factor,Technology Services,32.9
KRISHANA,190.04,188.0,190.98,184.1,False,False,False,False,False,False,0.40068030068021143,13.22573878,0.4477415437414807,False,0.25867751548568657,True,45.32,False,0.973472237138868,18.0,-0.88,0,False,█▇▅▅▄▃▁▁▃▂▅▃▆▄▆▅▅▆▅▄,False,False,False,0,0.3303465173258664,-0.7195602449642146,0.32017607210513166,-0.7810624720918112,UP,False,0,23.0,IGNORE,NONE,,NEUTRAL,C,WAIT,CMF positive,Process Industries,34.6
SEIL,205.1,211.03,211.36,204.51,True,False,False,True,False,True,0.4416090235843387,2.7957181,0.4386208256373571,False,-0.3373590186630055,True,62.44,False,0.8792075304322114,63.0,0.44,0,True,█▆▇▆▇▅▄██▆▆▅▇▅▆▁▆▆▄▄,False,False,False,0,-0.030672527057044374,0.13944444444444448,-0.04084297227777911,0.0779422173168478,FLAT,True,68,22.0,IGNORE,NONE,,NEUTRAL,C,WAIT,No standout factor,Commercial Services,24.6
EPACKPEB,223.85,222.0,225.3,218.3,False,False,False,True,False,False,0.29348692564710677,11.92529536,0.25848851241908405,False,-0.04833346352060399,True,41.87,True,1.1685249012740186,57.0,0.24,0,False,▇▆▄▅▅▅▇▆▆▁▄▅▅▆▄█▆▇█▇,False,False,False,0,-0.09361460906182939,0.11584666766362584,-0.10378505428256413,0.05434444053602916,FLAT,True,64,22.0,IGNORE,NONE,,NEUTRAL,C,WAIT,No standout factor,Industrial Services,37.0
CDSL,1340.6,1356.8,1361.5,1336.0,True,False,True,False,False,False,0.7107027691647084,101.71252854,0.7120906179543128,False,-0.16292702688809826,True,36.96,False,0.9727467726441289,52.0,0.15,0,True,▄▁▂▅▃▅▃▅▇▁▅▆▆▄▅▄█▇▃▄,False,False,False,0,-0.017803502088065137,0.10583188979625513,-0.027973947308799874,0.044329662668658454,FLAT,True,62,22.0,IGNORE,NONE,,NEUTRAL,C,WAIT,No standout factor,Finance,29.7
ONEPOINT,56.25,56.93,57.28,55.76,True,False,False,True,False,True,0.594122056019968,4.31919,0.5762374423878637,False,0.10893272392119091,False,46.04,False,0.9874213162043044,35.0,-0.34,0,False,▆▅▄█▁▆▂▄▆▆▄▂▃▅▇▇▄▂▅▄,False,False,False,0,0.04807154835103411,0.041859603630301834,0.037901103130299374,-0.019642623497294842,UP,False,47,22.0,IGNORE,NONE,,NEUTRAL,C,WAIT,CMF positive,Commercial Services,24.6
EMBDL,63.04,62.5,64.2,62.5,True,True,True,False,False,False,0.8385170755282815,11.821122112000001,0.8415951613506941,False,-0.17480689538476615,False,41.54,False,0.8689285863699118,40.0,-0.32,0,True,▄▆▃▆▁▆▄▆▆▃▆▁█▆▄▇▇▇▇▃,False,False,False,0,-0.00786905886056033,0.035139573070607666,-0.018039504081295066,-0.02636265405698901,UP,False,46,22.0,IGNORE,NONE,,NEUTRAL,C,WAIT,No standout factor,Finance,29.7
DELHIVERY,451.8,451.65,456.95,448.8,True,False,False,True,False,True,0.36483277606740994,65.98023948000001,0.3486893690301048,False,0.009363712703288838,True,50.67,False,0.9691208675611319,46.0,-0.01,0,False,▃▄▃▆▆▆▄▃▁▃▄▆▂▁▄█▆▅▄▄,False,False,False,0,-0.06797318205260439,0.028220300409649512,-0.07814362727333912,-0.03328192671794716,FLAT,False,44,22.0,IGNORE,NONE,,NEUTRAL,C,WAIT,CMF positive,Transportation,27.3
JAMNAAUTO,122.58,123.0,124.3,122.0,True,False,False,False,False,False,0.3395245122150019,11.834719002,0.310412509113019,False,-0.09291147523211131,False,51.99,True,1.1626710797030149,92.0,1.24,0,False,▄▅▅▆█▇▆▆▄▄▆▅▁▁▆▆▄█▅▇,False,False,False,5,-0.09914014845300212,0.026547190352566696,-0.10931059367373686,-0.03495503677502998,FLAT,False,44,22.0,IGNORE,SEED,,NEUTRAL,C,WAIT,Delivery P92,Producer Manufacturing,34.1
SUBROS,746.25,760.0,768.95,740.0,True,False,False,False,False,False,1.1299295923099624,5.00002425,1.0547762497575688,False,-0.1594133784745882,False,56.55,True,1.1634007097670112,91.0,1.15,0,True,▅▆▄▅█▅█▁▅▆▅▆▆▇▇▆▇▇▇▇,False,False,False,0,-0.07003551623154092,0.022260273972602773,-0.08020596145227565,-0.0392419531549939,FLAT,False,43,22.0,IGNORE,SEED,,NEUTRAL,C,WAIT,Delivery P91,Producer Manufacturing,34.1
NIRLON,622.95,625.4,626.0,620.15,False,False,True,True,False,True,0.49413740192814337,0.26581276500000006,0.4904893610313425,False,-0.3375298130842968,False,68.18,True,1.0642731707317075,24.0,-0.56,0,False,▆▅█▆▆▇▇▆▅▆▆▇▇▁▄▆▅▅▇▆,False,False,False,2,-0.0047132129733182815,0.012926829268292694,-0.014883658194053018,-0.04857539785930398,UP,False,40,22.0,IGNORE,NONE,,NEUTRAL,C,WAIT,No standout factor,Finance,29.7
MASFIN,302.95,305.4,306.75,302.2,True,False,False,False,False,True,0.9518829633132789,4.213458895,0.9193165415890316,False,-0.15558328276202157,False,73.96,True,1.211138676688528,98.0,2.03,0,True,▆▆▆▅▇▁▇▇▆▆▆▆▇▆▆▅▆▆█▇,False,False,False,0,-0.05608350210313129,-0.0009892827699917728,-0.06625394732386602,-0.06249150989758845,FLAT,False,36,22.0,IGNORE,SEED,,NEUTRAL,C,WAIT,Delivery P98,Finance,29.7
SUNFLAG,357.4,362.9,363.9,355.75,True,False,True,True,False,True,0.35003756077829234,3.0309306999999994,0.33818508092459976,False,-0.011409653146383992,False,50.36,False,0.9432743006452701,48.0,-0.03,0,True,▄▃▁▆▄▄▅█▄▃▇▆▂▅▆▁▃▂▄▃,False,False,False,0,-0.007360088876545046,0.0008401008120972886,-0.017530534097279782,-0.06066212631549939,UP,False,36,22.0,IGNORE,NONE,,NEUTRAL,C,WAIT,No standout factor,Non-Energy Minerals,34.1
ATUL,6608.5,6769.5,6770.5,6585.0,True,False,False,True,False,True,0.2689114768688402,15.4149871,0.266915446477309,False,-0.02298264655531994,False,57.0,True,1.1143368229670685,62.0,0.3,0,False,▅▃▂▁▃▇▅▆▅▆▅█▅▅▇▆▆▆▆▆,False,False,False,0,0.06735039974158119,-0.006837992185151798,0.057179954520846454,-0.06834021931274847,UP,False,34,22.0,IGNORE,NONE,,NEUTRAL,C,WAIT,No standout factor,Process Industries,34.6
NDRAUTO,794.25,803.55,809.95,789.3,True,False,False,False,False,False,0.5244317399542375,1.27064115,0.501745961698361,False,-0.06004151928263874,False,63.99,True,1.2814017521902379,97.0,1.74,0,True,▆▅▃▆█▆▆▆▇▆▆▅▇▁▆█▅▅▆█,False,False,False,0,-0.030338176046880716,-0.011881064941527741,-0.04050862126761545,-0.07338329206912442,UP,False,33,22.0,IGNORE,SEED,,NEUTRAL,C,WAIT,Delivery P97,Producer Manufacturing,34.1
PARACABLES,63.64,63.11,66.0,63.11,False,False,False,True,False,True,0.8932762194734576,9.664154024,0.8655606144312799,False,-0.13540902669683733,False,46.38,False,0.9582941620091533,38.0,-0.31,0,True,▇▅▄▅▇▇█▇▂█▅▄▇▄▆▅▅▁▇▅,False,False,False,0,-0.033414337788578385,-0.04659176029962542,-0.04358478300931312,-0.1080939874272221,UP,False,24,22.0,IGNORE,NONE,,NEUTRAL,C,WAIT,No standout factor,Producer Manufacturing,34.1
CAPACITE,209.11,210.99,212.39,208.1,True,False,False,False,False,False,0.44549092254355127,3.7293095620000005,0.4309062747046943,False,-0.2725198434480724,False,61.04,True,1.1839438286152086,90.0,1.13,0,True,▇▃▅▂▄▂▄▇▅▄▄▄▁▅▃▄▆▇█▇,False,False,False,0,-0.0722715173025732,-0.05174133865409036,-0.08244196252330793,-0.11324356578168704,UP,False,22,22.0,IGNORE,SEED,,NEUTRAL,C,WAIT,Delivery P90,Industrial Services,37.0
GATEWAY,54.51,55.22,55.22,54.4,True,False,False,False,False,False,0.5998395715030682,4.729865405999999,0.5734555091304965,False,-0.32543377997633627,False,73.77,True,1.2082350628930818,97.0,2.01,0,True,▆▂▅▃▄▅▇▄▆▃▂▁▆▆▄▆▆█▅▇,False,False,False,0,-0.06500857632933099,-0.05968604450577886,-0.07517902155006573,-0.12118827163337553,UP,False,21,22.0,IGNORE,SEED,,NEUTRAL,C,WAIT,Delivery P97,Transportation,27.3
EPIGRAL,1079.6,1097.0,1103.7,1075.0,True,False,False,False,False,False,0.30957963379317516,4.164557,0.29170406967762,False,-0.19666497313516235,False,70.17,True,1.386430095629495,97.0,1.65,0,True,▅▄▃▁▃▆▅▅▅▇▆█▅▆▇▇▅▇▆█,False,False,False,0,-0.07266792647311471,-0.060972427589806144,-0.08283837169384944,-0.12247465471740282,UP,False,20,22.0,IGNORE,SEED,,NEUTRAL,C,WAIT,Delivery P97,Process Industries,34.6
NIBE,1444.4,1469.0,1480.0,1420.0,False,False,False,True,False,False,1.0676345165691519,9.54502852,1.0738967794646919,True,-0.15583810102466297,False,48.09,False,0.9388727279826634,45.0,-0.12,0,True,▄▄▃▇█▇▆▃▅▄▅▁▄▆▆▆▇▄▃▄,False,False,False,0,-0.07172236503856033,-0.06286900668267037,-0.08189281025929507,-0.12437123381026705,UP,False,19,22.0,IGNORE,NONE,,NEUTRAL,C,WAIT,No standout factor,Process Industries,34.6
KIOCL,384.0,387.3,391.85,382.1,True,True,True,True,False,False,0.19584007357065733,2.4466944,0.19549780385982274,False,-0.10382975456134791,False,38.59,True,1.016904488978484,75.0,0.62,0,False,█▅▆▅▆▅▄▂▁▃▃▃▅▄▅▃▂▄▅▄,False,False,False,0,0.040932502033071305,-0.06626139817629184,0.03076205681233657,-0.12776362530388852,UP,False,18,22.0,IGNORE,NONE,,NEUTRAL,C,WAIT,No standout factor,Non-Energy Minerals,34.1
AURIONPRO,712.55,726.4,727.6,711.0,True,False,False,False,False,False,0.6180923462279975,9.733931785,0.5945033573881686,False,-0.4788910371196235,False,62.79,True,1.1575047008074328,93.0,1.43,0,True,▅▅▃▄▁▅▃▄▇▆▇█▇▇▆▃▁▅▆▆,False,False,False,0,-0.14843143113235735,-0.0702635699373696,-0.15860187635309209,-0.13176579706496627,FLAT,False,17,22.0,IGNORE,SEED,,NEUTRAL,C,WAIT,Delivery P93,Technology Services,32.9
TECHNVISN,5003.8,5120.0,5122.2,4792.9,True,True,True,False,False,False,0.23210489014883062,0.3277489,0.2288431538094893,False,0.686283458944449,False,44.62,False,0.7992977930639151,6.0,-1.68,0,False,▄▂▁▃▆▆▅▅▆█▇▆▅▇▅▇█▆█▅,False,False,False,1,0.4717058823529412,-0.08856102003642985,0.46153543713220646,-0.15006324716402653,UP,False,14,22.0,IGNORE,NONE,,NEUTRAL,C,WAIT,CMF positive,Technology Services,32.9
SANDHAR,631.8,633.0,639.8,625.0,True,False,False,True,False,True,0.31114843671224013,5.8097800799999995,0.31314406136294565,False,-0.0008595666192908735,False,47.09,True,1.028963497907767,50.0,0.09,0,False,▄▆▆▇▇▇▅▃▅▆▅▅▇▇▁▄█▄▄▆,False,False,False,0,0.03471994759253172,-0.10876005078290307,0.024549502371796983,-0.17026227791049975,UP,False,10,22.0,IGNORE,NONE,,NEUTRAL,C,WAIT,No standout factor,Consumer Durables,29.9
SALZERELEC,568.1,573.45,578.5,566.0,True,False,False,False,False,False,0.49067618371996363,1.78394762,0.4801696235971495,False,-0.2613563171018402,False,58.83,True,1.068267039522067,91.0,1.21,0,True,▅▂▃▅▆▆▅▅▆▄▃▄▄▁▃█▆▆▅▅,False,False,False,0,-0.03532008830022071,-0.12052016409938848,-0.045490533520955445,-0.18202239122698516,UP,False,8,22.0,IGNORE,SEED,,NEUTRAL,C,WAIT,Delivery P91,Producer Manufacturing,34.1
GULPOLY,187.75,193.45,194.38,187.2,True,False,False,True,False,True,0.21067533176604747,5.3805395,0.20473290848808656,False,-0.4176913942715514,False,49.76,True,1.0715362418708816,38.0,-0.23,0,False,▁▃▄▆▅▅▆█▇▇█▇▃▆▆▇▆▇▅▆,False,False,False,0,0.03826798650666374,-0.12654105605954868,0.028097541285929006,-0.18804328318714536,UP,False,7,22.0,IGNORE,NONE,,NEUTRAL,C,WAIT,No standout factor,Consumer Non-Durables,37.4
THERMAX,4079.9,4170.0,4188.2,4055.4,True,False,False,True,False,False,0.31696620248173984,51.57931977,0.30398558491685423,False,0.1526711749263624,False,47.64,False,0.975010744765764,28.0,-0.47,0,False,▆▆▄▆▇▄▇▁▅▄▆▆▅▆▇█▆▅▆▅,False,False,False,0,-0.1572195827308407,-0.1392434439545137,-0.16739002795157543,-0.2007456710821104,UP,False,6,22.0,IGNORE,NONE,,NEUTRAL,C,WAIT,CMF positive,Producer Manufacturing,34.1
SUPRIYA,801.65,784.0,824.0,781.6,False,False,False,True,False,False,1.127212890194212,31.13656699,1.0744389728458072,True,-0.15181152706390094,False,40.33,False,0.878266550522648,20.0,-0.7,0,True,▆▄▅▆▅▇▅▆▇▆█▄▅▇▃▅▄▁▇▄,False,False,False,0,-0.07173459935155169,-0.16746287257243742,-0.08190504457228642,-0.2289650997000341,UP,False,3,22.0,IGNORE,NONE,,NEUTRAL,C,WAIT,No standout factor,Health Technology,28.9
HLEGLAS,306.2,306.1,314.6,303.5,True,False,False,False,False,False,1.0488066516168444,14.073625640000001,0.8100305818214942,False,-0.22907446067943377,False,55.29,True,1.178388746803069,87.0,0.99,0,True,▂▂▂▄▂▄▃▃▃▃▃▃▂▃█▂▁▃▃▄,False,False,False,3,-0.300753596711578,-0.1765496840123707,-0.3109240419323127,-0.23805191113996738,FLAT,False,2,22.0,IGNORE,SEED,,NEUTRAL,C,WAIT,No standout factor,Producer Manufacturing,34.1
RPGLIFE,2702.7,2741.3,2770.0,2663.0,True,False,True,True,False,True,0.5772208854789325,3.09269961,0.5501699017846777,False,-0.12842022891517824,False,40.9,False,0.8690663380221835,10.0,-1.03,0,True,▄▅▅▃▄▁▇▃▃▃▄▇▄██▆▂▄▃▃,False,False,False,1,-0.09846892824977493,0.27660478957063894,-0.10863937347050967,0.21510256244304227,FLAT,True,86,21.0,IGNORE,NONE,,NEUTRAL,C,WAIT,No standout factor,Health Technology,28.9
CENTENKA,576.55,578.5,585.6,573.3,False,False,True,True,False,True,0.09670186728738427,1.88935435,0.09229527187853433,False,-0.4929382814790305,False,47.15,False,0.9263625289795276,11.0,-1.13,0,False,▇█▇▇▁▁▄▅█▇██▆▇▇▇▇▇█▆,False,False,False,11,0.059153118398089344,0.13527616422171884,0.04898267317735461,0.07377393709412217,FLAT,True,67,21.0,IGNORE,NONE,,NEUTRAL,C,WAIT,No standout factor,Process Industries,34.6
APLLTD,824.55,820.0,838.0,820.0,False,True,True,True,False,False,0.44128361365241353,4.227550304999999,0.4430274411299849,False,-0.08558730652429095,False,50.15,False,0.9566229207996337,63.0,0.18,0,True,▆▅▃▅▄▄▆▆▄▁▄▆▆▄▇▇▅▅█▅,False,False,False,2,-0.010856525911708381,0.12720437457279554,-0.021026971132443117,0.06570214744519887,FLAT,True,66,21.0,IGNORE,NONE,,NEUTRAL,C,WAIT,No standout factor,Health Technology,28.9
BHARTIHEXA,1600.4,1634.0,1634.0,1595.0,True,True,True,False,False,False,0.540045042938575,16.72626052,0.5472817001025373,False,-0.04076043539148332,False,46.3,False,0.8661328943430111,21.0,-0.79,0,False,▆▅▄█▅▅▃▆▆▅▅▅▅▄▆█▁▃▅▄,False,False,False,5,-0.030706801526255156,0.08442878438812862,-0.04087724674698989,0.022926557260531943,FLAT,True,57,21.0,IGNORE,NONE,,NEUTRAL,C,WAIT,No standout factor,Communications,26.7
HEXT,552.75,562.0,568.75,550.2,True,False,True,False,False,False,0.09082325078647507,4.68720945,0.08583891708608211,False,0.017097111658715934,False,49.5,True,1.1767782426778242,43.0,-0.27,0,False,▆▇▄▆▁▄▄▅▆▇▆▇▆█▅▇▅▅▆▇,False,False,False,3,-0.013034550486563656,0.05972009202453976,-0.023204995707298393,-0.0017821351030569144,FLAT,False,51,21.0,IGNORE,NONE,,NEUTRAL,C,WAIT,CMF positive,Technology Services,32.9
JKTYRE,383.15,381.0,384.45,381.0,False,False,False,False,False,False,0.2901581234195404,10.06496735,0.279839426958102,False,-0.20256331550714493,True,51.86,True,1.09734550725251,88.0,1.15,0,True,▅▂▃▃▃▅▃▄▄▄▃▅▁▅▃▆▅█▃▅,False,False,False,1,-0.03888122413144357,0.03330636461704417,-0.049051669352178306,-0.028195862510552505,FLAT,False,46,21.0,IGNORE,SEED,,NEUTRAL,C,WAIT,No standout factor,Consumer Durables,29.9
SHYAMMETL,990.6,996.2,1003.0,985.5,False,False,True,True,False,True,0.9238649178627913,41.90346966,0.9012438251630471,False,-0.062140021371608754,True,13.22,False,0.3528815097562929,1.0,-2.54,0,False,▇▇▆▇█▅▂▁▂▁▃▄▆▂▅▁█▅▁▁,False,False,False,0,-0.06780219263162857,0.017774581321278182,-0.0779726378523633,-0.043727645806318494,FLAT,False,42,21.0,IGNORE,NONE,,NEUTRAL,C,WAIT,No standout factor,Producer Manufacturing,34.1
SIGNPOST,273.4,266.6,277.05,265.4,False,False,False,True,False,False,0.6200088369581226,2.15797354,0.5907980288665539,False,-0.278332922970319,True,56.47,True,1.0798974986613632,46.0,0.03,0,True,▂▃▁█▆▇▄▄▅▄▃▅▇▂▄▆▂█▆▆,False,False,False,0,-0.10536649214659699,0.012405110164784183,-0.11553693736733173,-0.04909711696281249,FLAT,False,40,21.0,IGNORE,NONE,,NEUTRAL,C,WAIT,No standout factor,Commercial Services,24.6
SOBHA,1308.3,1328.6,1329.9,1301.5,True,False,False,False,False,False,0.17261344573855752,5.58146946,0.1599743116679948,False,-0.3373880465685354,True,50.47,True,1.1116740088105728,86.0,0.79,0,True,▁▃▂▂▂▃▄▃▃▃▁▃▆▂█▃▃▃▅▄,False,False,False,0,-0.1016274119343542,0.006075053829590837,-0.11179785715508894,-0.05542717329800584,FLAT,False,39,21.0,IGNORE,SEED,,NEUTRAL,C,WAIT,No standout factor,Finance,29.7
RHIM,380.0,375.7,381.45,372.25,False,False,False,False,False,False,0.5172231198603463,16.48934,0.4926017837099105,False,-0.37109579562874073,True,55.55,True,1.1736494052523714,88.0,0.94,0,True,▆▅▄▅▅▆▆▃▁▅█▃▆▃▄▄▂▅▅▆,False,False,False,1,-0.07271839921913126,-0.006795608991113533,-0.082888844439866,-0.06829783611871021,FLAT,False,34,21.0,IGNORE,SEED,,NEUTRAL,C,WAIT,No standout factor,Producer Manufacturing,34.1
SHILCTECH,3944.0,3861.0,3970.0,3861.0,False,False,False,False,False,False,0.7567869363134846,11.4403608,0.720080232162729,False,-0.23299812974426065,True,50.83,False,0.9983893777498428,62.0,0.24,0,True,▅▃▂▅▇▅█▅▆▅▅▄▅▄▅▁▃▅▇▅,False,False,False,3,-0.10241238051888935,-0.007049345417925457,-0.11258282573962408,-0.06855157254552213,FLAT,False,34,21.0,IGNORE,NONE,,NEUTRAL,C,WAIT,No standout factor,Producer Manufacturing,34.1
AIAENG,4447.6,4383.6,4479.0,4326.1,False,False,False,True,False,True,0.8447214430286619,23.184004520000002,0.8170630557607806,False,-0.03685224862398222,True,49.97,False,0.9557874200242916,32.0,-0.42,0,False,▄▇▆▇█▇█▆▄▅▇▄▆▇▄▁▅▁▅▅,False,False,False,0,-0.049962618818754634,-0.009244614733465495,-0.06013306403948937,-0.07074684186106217,UP,False,33,21.0,IGNORE,NONE,,NEUTRAL,C,WAIT,No standout factor,Producer Manufacturing,34.1
CERA,5792.0,5775.0,5830.0,5717.5,False,False,False,False,False,True,0.4048267808485792,3.0720768,0.3864919086584172,False,-0.27230023639205136,True,55.52,True,1.1445770713505268,72.0,0.42,0,True,▄▅▄▄▂▄▃▃▄▄▄▃▁▄▄▄▄█▄▅,False,False,False,0,-0.0704541807093565,-0.007369323050556931,-0.08062462593009123,-0.0688715501781536,FLAT,False,33,21.0,IGNORE,NONE,,NEUTRAL,C,WAIT,No standout factor,Consumer Durables,29.9
GOPAL,274.15,272.0,276.5,270.75,False,True,False,False,False,False,1.0558059530511439,5.007870635,1.068776555819231,True,-0.2928536606521697,True,40.52,False,0.9268599531080232,33.0,-0.56,0,False,██▇▄▂▆▂▅▇▃▃▂▄▆▄▄▁▃▂▃,False,False,False,0,0.05320783711102561,-0.028697962798937215,0.04303739189029088,-0.09020018992653389,UP,False,28,21.0,IGNORE,NONE,,NEUTRAL,C,WAIT,No standout factor,Consumer Non-Durables,37.4
BLKASHYAP,52.36,53.47,53.47,52.1,True,False,False,False,False,False,0.5188100807123062,0.985326188,0.4995074570790553,False,-0.21827991977152875,True,65.03,True,1.08894228756583,78.0,0.78,0,True,█▅▅▆▃▆▅▅▆▆▆▃▄▅▆▁▅▅▅▆,False,False,False,0,-0.07146657208724949,-0.032699057823757705,-0.08163701730798423,-0.09420128495135438,UP,False,28,21.0,IGNORE,NONE,,NEUTRAL,C,WAIT,No standout factor,Industrial Services,37.0
VTL,598.9,606.2,611.0,587.65,True,False,False,True,False,True,0.7457459257272382,15.152409559999999,0.7415645321128533,False,-0.39295644320664874,True,40.01,False,0.8221598906800646,35.0,-0.25,0,False,▅▇▆▇▇█▁▇▅▆▆▇▆█▇▇██▇▅,False,False,False,0,-0.04191329387298037,-0.035354755577031605,-0.05208373909371511,-0.09685698270462828,UP,False,27,21.0,IGNORE,NONE,,NEUTRAL,C,WAIT,No standout factor,Process Industries,34.6
ROSSARI,495.9,498.6,498.9,490.8,True,False,False,False,False,False,0.49623069986902757,1.88169255,0.48111640510031095,False,-0.2153528401069754,True,60.61,True,1.1468740538904028,82.0,0.79,0,True,▆▅▆▂▃▄▃▇▅▅▃▁▄▄▂▆█▃▅▆,False,False,False,0,-0.03182350644279597,-0.03820791311093885,-0.041993951663530704,-0.09971014023853553,UP,False,26,21.0,IGNORE,NONE,,NEUTRAL,C,WAIT,No standout factor,Process Industries,34.6
AJAXENGG,558.4,565.0,570.0,552.0,True,False,False,False,False,False,0.72834767430242,2.99173968,0.7052796401587049,False,0.023148022216084748,False,63.94,True,1.125605140392571,73.0,0.58,0,True,▁▁▂▂▅▃▂▅▃▅▁█▁▃▇▇█▃▂▅,False,False,False,1,-0.05163043478260865,-0.04038494586698749,-0.061800880003343384,-0.10188717299458416,UP,False,25,21.0,IGNORE,NONE,,NEUTRAL,C,WAIT,CMF positive,Producer Manufacturing,34.1
RIIL,738.65,749.95,751.85,735.9,True,False,False,False,False,False,0.5755157635657773,1.8757278099999999,0.5715377488466167,False,-0.1195318294709426,True,40.63,True,1.0669923054702066,83.0,0.99,0,True,▇▄▆▅▇▄▆▄▅▄▅▄▆▄█▇▁▅▅▆,False,False,False,0,-0.036019575856443775,-0.05070042411001163,-0.04619002107717851,-0.11220265123760831,UP,False,22,21.0,IGNORE,NONE,,NEUTRAL,C,WAIT,No standout factor,Industrial Services,37.0
JAYBARMARU,130.42,129.25,132.0,127.1,False,False,False,True,False,False,0.4174854739314393,3.453286844,0.3648222276787809,False,-0.2566872501818095,True,59.35,True,1.06620916382973,80.0,0.79,0,True,▂▃▁▄▂▃▂▃▃▃██▃▅▂▂▂▄▃▄,False,False,False,0,-0.24050780340088518,-0.06051001296643144,-0.2506782486216199,-0.12201224009402811,FLAT,False,20,21.0,IGNORE,NONE,,NEUTRAL,C,WAIT,No standout factor,Distribution Services,34.9
REDTAPE,124.71,121.35,125.3,120.84,False,False,False,False,False,False,0.7554918997479749,4.974145647,0.7123791739733111,False,-0.33720531779248236,True,52.62,True,1.0335988371522014,72.0,0.61,0,True,▅▅▃▅▆▅▅▄█▇▆▆▆▁▅▅▆▇▅▅,False,False,False,0,-0.058366052552099146,-0.0680068754203722,-0.06853649777283388,-0.12950910254796888,UP,False,18,21.0,IGNORE,NONE,,NEUTRAL,C,WAIT,No standout factor,Retail Trade,32.3
RATNAMANI,2368.6,2355.0,2425.0,2352.9,False,True,False,False,False,False,1.0704708563043488,14.72179644,1.104208997280045,True,-0.4213787966875293,True,47.86,False,0.8386265868809083,34.0,-0.41,0,False,▇▆▄▅▅▃█▆▄▆▆▇▂▁█▄▃▅▄▃,False,False,False,0,-0.06707629288274453,-0.07628110131814991,-0.07724673810347926,-0.1377833284457466,UP,False,16,21.0,IGNORE,NONE,,NEUTRAL,C,WAIT,No standout factor,Non-Energy Minerals,34.1
GALLANTT,576.3,585.2,588.1,575.05,True,False,False,False,False,False,0.09283879533184797,1.08384741,0.09309973232826067,False,-0.37659251203248795,True,61.83,True,1.2589847488342731,95.0,1.57,0,False,▄▂▂▃▃█▃▅▁▂▃▃▃▃▃▄▇▃▅▆,False,False,False,0,-0.02487309644670055,-0.08298193969289536,-0.035043541667435285,-0.14448416682049203,UP,False,15,21.0,IGNORE,SEED,,NEUTRAL,C,WAIT,Delivery P95,Non-Energy Minerals,34.1
FACT,794.85,790.0,799.85,789.0,False,False,False,False,False,False,0.6328881150460194,4.322235330000001,0.6137073445075265,False,-0.21617233532547794,True,40.54,True,1.1370393223761708,87.0,1.15,0,True,▆▄▄▄▄▄▆▅▆▅▅▆▇███▆▁▆▆,False,False,False,0,-0.046256299496040265,-0.09268877347183369,-0.056426744716775,-0.15419100059943036,UP,False,13,21.0,IGNORE,SEED,,NEUTRAL,C,WAIT,No standout factor,Process Industries,34.6
CHEMPLASTS,177.69,179.01,184.0,174.91,True,False,False,False,False,False,0.4311638470012571,4.865738576999999,0.38579017651715986,False,-0.1183185964536508,True,69.38,True,1.4768929476126615,95.0,1.56,0,False,▆▁▃▄▄▆▆█▆▆▄▆█▄▅▁▃▃▅█,False,False,False,0,-0.09188940563193126,-0.10021267976503945,-0.102059850852666,-0.16171490689263612,UP,False,11,21.0,IGNORE,SEED,,NEUTRAL,C,WAIT,Delivery P95,Process Industries,34.6
LAXMIDENTL,198.39,200.0,202.39,197.38,True,False,False,False,False,False,0.9416893385326467,2.870008935,0.8793662601397506,False,-0.41607263564919,True,54.62,True,1.0293230815618875,82.0,0.8,0,True,▆▃▁█▆▄▄▂▁▃▃▄▄▃▇▅▂█▂▄,False,False,False,0,-0.11763921010496359,-0.11610603697928268,-0.12780965532569832,-0.17760826410687935,UP,False,9,21.0,IGNORE,NONE,,NEUTRAL,C,WAIT,No standout factor,Health Services,40.2
ASALCBR,721.9,731.5,731.5,719.0,True,False,False,False,False,False,0.5852884152450846,1.7859084099999998,0.5554657484942467,False,-0.2100499274911477,True,61.65,True,1.0568813001440034,82.0,0.9,0,True,▆▄▁▃█▃▁▂▅▅▆▄█▄▇▅▄▆▄▅,False,False,False,0,-0.09388728505083477,-0.12284325637910087,-0.1040577302715695,-0.18434548350669755,UP,False,8,21.0,IGNORE,NONE,,NEUTRAL,C,WAIT,No standout factor,Consumer Non-Durables,37.4
TCC,253.9,252.25,255.45,250.1,True,False,False,False,False,False,0.2636654368558337,0.32697242000000004,0.2427591812492729,False,-0.33795975714215065,True,63.26,True,1.0006485392049858,58.0,0.08,0,True,▄▃█▃▇█▃█▁▇▃▄▃▁▅▅▃▂▄▄,False,False,False,0,-0.12145328719723181,-0.30892759934676095,-0.13162373241796654,-0.3704298264743576,UP,False,1,21.0,IGNORE,NONE,,NEUTRAL,C,WAIT,No standout factor,Distribution Services,34.9
WAKEFIT,132.0,124.01,134.79,124.01,False,True,True,False,False,False,0.7499451400487036,83.4744636,0.7414870996665103,False,-0.3458690335715905,True,14.2,False,0.5239175752209123,6.0,-1.55,0,False,▁▁▂▄▄▃▃▄▆▄▆▅▅▆█▇▆▇▄▃,False,False,False,0,0.0483678818203479,0.16772823779193202,0.038197436599613166,0.10622601066433535,FLAT,True,73,20.0,IGNORE,NONE,,NEUTRAL,C,WAIT,No standout factor,Retail Trade,32.3
ARKADE,130.02,130.94,131.97,129.24,False,False,False,False,False,False,0.4517964623605065,2.483147964,0.42962008169365756,False,-0.023842741286218307,True,40.67,False,0.9924111173470632,45.0,-0.15,0,True,▁▄▇▁▃▅▅▄▃▃▂▃▂▇▃█▄▂▃▄,False,False,False,9,-0.05184861080726311,0.15439936073870197,-0.06201905602799784,0.0928971336111053,FLAT,True,71,20.0,IGNORE,NONE,,NEUTRAL,C,WAIT,No standout factor,Consumer Durables,29.9
DIGITIDE,98.08,96.99,98.62,94.6,False,False,False,False,False,False,0.6656370446574165,2.499098016,0.644422502197677,False,-0.06818033107288446,True,40.38,True,1.0165523318018754,18.0,-0.82,0,True,▃▆▅▃▄▄▂▄▅█▁▅▁▄▄▅▅▆▇▄,False,False,False,0,-0.027080646761234006,0.15117370892018767,-0.03725109198196874,0.08967148179259099,FLAT,True,70,20.0,IGNORE,NONE,,NEUTRAL,C,WAIT,No standout factor,Commercial Services,24.6
BAJAJELEC,355.55,357.0,369.7,354.65,True,True,True,False,False,False,0.35712398838594916,11.71636804,0.33949566877169096,False,0.0018160490984165467,False,39.77,False,0.9502078654369953,36.0,-0.23,0,False,▆▆▆▆▆█▇█▇▃▆▁▃▆▅▆▆▄▆▅,False,False,False,0,0.06723698033918657,0.13848863272494394,0.05706653511845183,0.07698640559734726,FLAT,True,68,20.0,IGNORE,NONE,,NEUTRAL,C,WAIT,CMF positive,Consumer Durables,29.9
BAJAJHCARE,322.25,325.65,325.65,320.95,True,False,False,False,False,False,0.19829173129249875,1.9050131,0.19268619546178284,False,-0.41791048484100496,True,46.45,True,1.0587015236640875,61.0,0.45,0,True,▃▁▂▃▆▇▇▂▇▆▆▇▆▄▆▇▃██▆,False,False,False,0,-0.12752132124001625,0.10321807600136923,-0.137691766460751,0.041715848873772554,FLAT,True,61,20.0,IGNORE,NONE,,NEUTRAL,C,WAIT,No standout factor,Health Technology,28.9
BFINVEST,460.7,462.8,466.95,455.7,True,False,True,True,False,True,0.3978565728809552,0.9923017299999999,0.3931990408235395,False,-0.15964075240514447,True,41.05,False,0.8739621034703001,15.0,-0.93,0,False,▅▅▃▆▆▅▇▆▅▆▅▇▅▅▆█▅▁▄▄,False,False,False,0,-0.015282676071390444,0.06532547115273446,-0.02545312129212518,0.003823244025137784,FLAT,True,52,20.0,IGNORE,NONE,,NEUTRAL,C,WAIT,No standout factor,Finance,29.7
CRAMC,254.4,253.95,256.9,251.0,False,False,False,False,False,False,0.0998047923067484,5.0032084800000005,0.09554704104648494,False,-0.697982786474891,False,54.08,True,1.1821281804669055,70.0,0.43,0,False,▁▂▄▅▅▆▆▇▇▆▆▆▇▇█▆▇▆▇▇,False,False,False,6,0.005136309758988489,0.05215269448695148,-0.0050341354617462475,-0.009349532640645197,UP,False,50,20.0,IGNORE,NONE,,NEUTRAL,C,WAIT,No standout factor,Finance,29.7
ICICIPRULI,498.2,503.85,510.6,498.2,True,False,False,False,False,False,1.0001327215412112,78.93251628,0.9805316107019121,False,0.3064538362206512,False,45.79,False,0.7568657592211506,16.0,-0.95,0,True,▆▅▃▅▃▃▇▄▆▆▄▆▃▅▅▄▅▃█▁,False,False,False,0,-0.00459540459540464,0.04939441811479717,-0.014765849816139376,-0.012107809012799509,FLAT,False,49,20.0,IGNORE,NONE,,NEUTRAL,C,WAIT,CMF positive,Finance,29.7
FORCEMOT,18200.0,18549.0,18726.0,18081.0,True,False,False,False,False,False,0.7610367326865868,140.5404,0.7659615815198343,False,-0.09566790056453918,False,40.16,True,1.339425674548911,96.0,1.83,0,False,█▁▁▇▃▃▂▅▅▂▅▇▅▅▅▅▆▆▄█,False,False,False,0,0.029644715999094906,0.031570594570084376,0.01947427077836017,-0.0299316325575123,UP,False,45,20.0,IGNORE,SEED,,NEUTRAL,C,WAIT,Delivery P96,Consumer Durables,29.9
PSPPROJECT,942.35,946.0,960.3,937.7,True,False,False,True,False,True,0.44614309713056677,4.79882314,0.43414145995888376,False,-0.2901034356674408,False,48.64,True,1.0086368679170943,48.0,0.0,0,True,▅█▅▃▅▅▁▃▅▄▄▆▅▃▃▆▁▃▄▄,False,False,False,0,-0.12534806014479305,0.026860629835458116,-0.13551850536552779,-0.03464159729213856,FLAT,False,44,20.0,IGNORE,NONE,,NEUTRAL,C,WAIT,No standout factor,Industrial Services,37.0
CLSEL,279.05,280.2,283.2,277.75,True,False,False,False,False,True,0.35994813328975506,0.705298875,0.35258814392964744,False,-0.1133106922551572,False,50.99,True,1.065054150870487,60.0,0.22,0,True,▇▄▄▄▆█▂▁▇▆▆▃▇▆▇▆▅▄▇▆,False,False,False,0,0.0005378271782001676,0.0249770431588614,-0.009632618042534569,-0.036525183968735275,UP,False,44,20.0,IGNORE,NONE,,NEUTRAL,C,WAIT,No standout factor,Process Industries,34.6
CLEANMAX,1241.2,1239.9,1251.0,1229.0,False,False,False,True,False,False,0.2990631523010591,6.69888052,0.2760971385647758,False,-0.15211091261245357,False,45.77,True,1.0480999324471314,52.0,-0.02,0,True,▅▆▅▅▄▄▆▅▁▅▄▄▅▆▄▄█▅▅▅,False,False,False,0,-0.09625746322994033,0.015545737195221676,-0.10642790845067507,-0.045956489932375,FLAT,False,41,20.0,IGNORE,NONE,,NEUTRAL,C,WAIT,No standout factor,Utilities,32.3
AWL,190.04,193.9,193.9,189.26,True,False,False,False,False,False,0.37260879628447224,19.546355156,0.3689029527471385,False,-0.2751783359936908,False,61.23,True,1.2015659801603265,85.0,0.98,0,True,▅▄▄▄▅▆▅▁▄▄▄▄▃▅▅▅▆█▄▆,False,False,False,0,-0.020058784097354843,0.007101218865924741,-0.03022922931808958,-0.054401008261671935,UP,False,39,20.0,IGNORE,SEED,,NEUTRAL,C,WAIT,No standout factor,Process Industries,34.6
GPTINFRA,115.12,114.4,116.59,114.06,False,False,False,False,False,False,0.2776826910654183,0.409493352,0.27262077069105217,False,0.05698572799369894,False,54.06,False,0.950071176253493,62.0,0.41,0,True,▆▁▄▅▂▄▆▇█▄▅▆▇▇▆▆▇▆▆▅,False,False,False,0,-0.03325495465233452,0.007967778653357849,-0.04342539987306926,-0.05353444847423883,UP,False,39,20.0,IGNORE,NONE,,NEUTRAL,C,WAIT,CMF positive,Industrial Services,37.0
IOC,139.4,140.85,140.85,138.82,True,False,False,False,False,False,0.9092015866217217,119.16878042,0.89532297236612,False,-0.0049393111081364825,False,61.33,True,1.1405564234173917,92.0,1.25,0,False,▅▅▅▅▃▇▄▆▁▆▃▅▃▄▅▆▇█▄▇,False,False,False,0,-0.016162043898651945,0.0032385750269883218,-0.02633248911938668,-0.058263652100608354,UP,False,38,20.0,IGNORE,SEED,,NEUTRAL,C,WAIT,Delivery P92,Energy Minerals,46.3
AKCAPIT,1750.0,1750.7,1800.0,1740.1,False,True,True,True,False,True,0.7005641648218239,0.34335,0.7090822683071519,False,-0.40187224108425523,False,77.11,False,0.9868627338055839,28.0,-0.54,0,False,█▅▇▆▅▇▂▁▅▃█▃▄▇▁▆▂▅▄▄,False,False,False,0,-0.022346368715083775,0.002865329512893977,-0.03251681393581851,-0.0586368976147027,UP,False,37,20.0,IGNORE,NONE,,NEUTRAL,C,WAIT,No standout factor,Finance,29.7
JSWDULUX,3110.4,3156.4,3165.0,3088.0,True,True,True,True,False,True,0.6042488786312198,3.2410368,0.614765493840902,False,-0.06606706833321385,False,31.85,False,0.6541451442302756,2.0,-1.8,0,False,▂▄▁▂▆▄▇█▆▃▂▅▇▅▃▃▄▅▆▁,False,False,False,0,0.04295342520873158,-0.002053388090349051,0.03278297998799684,-0.06355561521794573,UP,False,36,20.0,IGNORE,NONE,,NEUTRAL,C,WAIT,No standout factor,Process Industries,34.6
CMPDI,233.7,234.49,236.55,232.25,True,False,False,True,False,False,0.2568289476581571,13.424335619999999,0.23671228942877134,False,-0.18343656601449343,False,45.54,True,1.0421291105059614,78.0,0.72,0,True,▁▃▁▂▅▅▇▄▄█▇▂▁▅▆██▅▅▅,False,False,False,0,-0.12142857142857144,-0.004472843450479269,-0.13159901664930618,-0.06597507057807594,FLAT,False,35,20.0,IGNORE,NONE,,NEUTRAL,C,WAIT,No standout factor,Commercial Services,24.6
LUPIN,2233.9,2255.0,2263.1,2230.1,True,False,False,False,False,True,0.4814604301948647,128.45639848,0.45258045485791704,False,-0.04120043515404441,False,64.84,True,1.0863064074319175,83.0,0.84,0,True,▃▄▆▆▆▆▆▇▆▆█▆▁▄▄▅▆▅▅▆,False,False,False,2,-0.08566633922724287,-0.007067294870655161,-0.09583678444797761,-0.06856952199825184,FLAT,False,34,20.0,IGNORE,NONE,,NEUTRAL,C,WAIT,No standout factor,Health Technology,28.9
ITC,277.2,278.35,278.35,275.95,True,False,False,False,False,False,0.4478962554657583,196.54095384,0.4377678632716333,False,-0.05648068758186544,False,59.18,True,1.065874195146112,42.0,-0.19,0,True,▆▅▇▇▄▅▅▅▁▂▆▅▆▆█▆▇▅▆▆,False,False,False,0,-0.012468827930174564,-0.011059579022476007,-0.0226392731509093,-0.07256180615007268,UP,False,33,20.0,IGNORE,NONE,,NEUTRAL,C,WAIT,No standout factor,Consumer Non-Durables,37.4
ACC,1303.8,1317.0,1319.2,1301.1,True,False,False,False,False,False,0.5671352552792583,15.190052279999998,0.5430085504575712,False,-0.1142182463801503,False,58.04,True,1.3087547212356951,79.0,0.77,0,True,▆▆▁▅▅▆▄▆▅▇▅▆▆█▇█████,False,False,False,0,-0.06052745352356248,-0.015777157092171867,-0.07069789874429722,-0.07727938421976854,UP,False,32,20.0,IGNORE,NONE,,NEUTRAL,C,WAIT,No standout factor,Non-Energy Minerals,34.1
AMBUJACEM,417.5,419.6,419.85,416.0,True,False,False,False,False,False,0.5824679636615381,65.40584225,0.5619545724566771,False,-0.15401310346679584,False,62.72,True,1.3053341380673895,89.0,1.2,0,True,▃▃▁▂▁▃▅▆▇█▅▇▆▆▅█▇▆▆▇,False,False,False,0,-0.04789053591790193,-0.02075759352644546,-0.05806098113863667,-0.08225982065404214,UP,False,31,20.0,IGNORE,SEED,,NEUTRAL,C,WAIT,No standout factor,Non-Energy Minerals,34.1
SWANCORP,304.55,305.5,307.35,303.95,True,False,False,False,False,False,0.9522735578178021,24.304155925,0.9396250965048605,False,-0.1356808670547736,False,51.39,True,1.3680833788118787,92.0,1.15,0,False,▂▄▅▁▃▂▃▃▄▄▄▃▅▁▅██▇▇▇,False,False,False,0,-0.01805577946155079,-0.019320560296248623,-0.028226224682285528,-0.0808227874238453,UP,False,31,20.0,IGNORE,SEED,,NEUTRAL,C,WAIT,Delivery P92,Utilities,32.3
MOSCHIP,209.0,209.3,211.0,208.34,True,False,False,True,False,False,0.33207510033225773,17.4475499,0.3198418377073825,False,-0.3176081355940554,False,41.79,True,1.1294441967000446,80.0,0.84,0,True,▂▅▂▂▃▁▄▃▆▅▄▄▇█▃▆▄▆▃▅,False,False,False,0,-0.1479125896934116,-0.023866236980991107,-0.15808303491414633,-0.08536846410858778,FLAT,False,29,20.0,IGNORE,NONE,,NEUTRAL,C,WAIT,No standout factor,Electronic Technology,39.9
HINDPETRO,366.0,368.9,373.75,365.95,True,False,False,False,False,False,0.7582428131888432,194.6950542,0.7118149914417463,False,0.07911510589135784,False,52.25,False,0.956591787041614,62.0,0.27,0,True,▄▃▂▁▃▅▆█▄▆▅▄█▇▅██▅▃▄,False,False,False,0,-0.10062661260597128,-0.041884816753926746,-0.11079705782670601,-0.10338704388152342,FLAT,False,25,20.0,IGNORE,NONE,,NEUTRAL,C,WAIT,CMF positive,Energy Minerals,46.3
PRAJIND,336.5,333.15,346.95,332.7,False,True,False,False,True,False,1.3935704430277296,48.29182165,1.446530973081419,True,-0.22966951721733442,False,27.65,False,0.6189282356628016,14.0,-1.0,0,False,█▆▆▇█▆▇▇▇▃▆▄▄▆▅▇▆▁▅▂,False,False,False,0,0.0022338049143708627,-0.055438596491228065,-0.007936640306363874,-0.11694082361882474,UP,False,22,20.0,IGNORE,NONE,,NEUTRAL,C,WAIT,No standout factor,Industrial Services,37.0
COLPAL,1903.0,1954.5,1958.9,1901.7,True,False,False,False,False,False,1.9334587884094516,137.3048754,1.7658467479321078,False,-0.15228775143362283,False,30.12,False,0.6134856863523875,1.0,-2.22,0,False,▄▅▃▃▄▁▃▄▅▅▅▆▄▆▅█▄▄▃▂,False,False,False,1,-0.09073534330355015,-0.05950380547593159,-0.10090578852428489,-0.12100603260352827,UP,False,21,20.0,IGNORE,DISTRIBUTION,,NEUTRAL,C,WAIT,No standout factor,Consumer Non-Durables,37.4
SANSTAR,107.29,109.03,110.19,106.91,True,False,False,True,False,False,0.41474500149997784,1.4691970730000001,0.39082713815371917,False,-0.13026339415077606,False,55.15,True,1.2122344459220344,57.0,0.19,0,True,▇▅▄▃▅▄▆▄▁▃▄▄▄▆▆▇▅▄█▆,False,False,False,0,-0.004453929665027223,-0.0556289059061702,-0.01462437488576196,-0.11713113303376688,UP,False,21,20.0,IGNORE,NONE,,NEUTRAL,C,WAIT,No standout factor,Consumer Non-Durables,37.4
SUNTV,482.8,485.0,486.95,482.15,True,False,False,False,False,False,0.356158423578502,7.829374479999999,0.34913395017808396,False,-0.4733873536561569,False,59.04,True,1.126319906140008,88.0,1.18,0,True,▅▄▅▅█▄▄▄▄▅▅▅▄▄▄▅▁▄▃▅,False,False,False,0,-0.0233640133508648,-0.060609008658429886,-0.033534458571599535,-0.12211123578602656,UP,False,20,20.0,IGNORE,SEED,,NEUTRAL,C,WAIT,No standout factor,Consumer Services,31.6
ELCIDIN,110000.0,110895.0,110995.0,110000.0,False,False,False,False,False,False,0.25236593059936907,0.044,0.24875017172241964,False,0.1353653994970663,False,80.0,True,1.1375189290259284,70.0,0.52,0,False,▆▆▇▅▆▆▆█▅▃▅▁▆▅▅▅▇▁▃▆,False,False,False,0,-0.00990099009900991,-0.0613533577950337,-0.020071435319744646,-0.12285558492263038,UP,False,20,20.0,IGNORE,NONE,,NEUTRAL,C,WAIT,CMF positive,Finance,29.7
TARIL,297.5,296.1,299.3,295.15,False,False,False,False,False,False,0.41559653740784186,17.96486475,0.41124476101432034,False,-0.3179793341386087,False,48.2,True,1.0876187467563239,81.0,0.85,0,True,▅▇▃▄▆▄▆▄▇▆▆▅▅▇██▇▁▆▆,False,False,False,0,-0.061069906896007664,-0.06885758998435054,-0.0712403521167424,-0.13035981711194722,UP,False,18,20.0,IGNORE,NONE,,NEUTRAL,C,WAIT,No standout factor,Producer Manufacturing,34.1
LATENTVIEW,281.6,287.2,289.95,280.4,True,False,False,False,False,False,0.5750495645901934,14.3663872,0.5311245140981407,False,-0.1477951180963497,False,51.65,True,1.2080882266948905,87.0,0.99,0,True,▅▇▅▁▄▅▆▆▃▆▇▅▄▆██▇▇▆▇,False,False,False,0,-0.07793058284217402,-0.07520525451559923,-0.08810102806290876,-0.1367074816431959,UP,False,16,20.0,IGNORE,SEED,,NEUTRAL,C,WAIT,No standout factor,Commercial Services,24.6
SPARC,192.93,197.36,199.08,191.88,True,False,False,True,False,False,0.649712761673183,13.642331109,0.5925553803328939,False,-0.4034408970346466,False,55.91,True,1.2440340435000277,89.0,1.17,0,True,▄▁▂▅▅▄▅▇▅▆▅▆▅▁▅▇▆█▆█,False,False,False,0,-0.14070016034206312,-0.07772838089774836,-0.15087060556279785,-0.13923060802534504,FLAT,False,16,20.0,IGNORE,SEED,,NEUTRAL,C,WAIT,No standout factor,Health Technology,28.9
IRFC,86.12,86.76,87.56,86.05,True,False,False,False,False,False,0.7519273342671883,46.7926561,0.7314389602727362,False,-0.10934089633700772,False,47.59,True,1.2349331153581669,92.0,1.63,0,False,▆▃▄▄▅▄▁▁▄▅▅▄▅▆▇▆▇█▃▇,False,False,False,0,-0.02479900351036124,-0.09060190073917629,-0.034969448731095976,-0.15210412786677296,UP,False,13,20.0,IGNORE,SEED,,NEUTRAL,C,WAIT,Delivery P92,Finance,29.7
CSBBANK,317.45,313.0,320.2,312.95,True,False,False,False,False,False,0.6264603692258258,10.818473785,0.5918698311031179,False,-0.28971678164070036,False,61.4,True,1.1997108188905605,92.0,1.35,0,False,▁▃▂▆▅▆▆▆▆▆▇▇█▅▆▆▅▇▆▇,False,False,False,0,-0.14202702702702708,-0.10083557569749335,-0.1521974722477618,-0.16233780282509003,UP,False,11,20.0,IGNORE,SEED,,NEUTRAL,C,WAIT,Delivery P92,Finance,29.7
AHLUCONT,707.7,776.0,782.4,702.5,True,False,False,False,False,False,16.436327501580898,38.62867218,14.186985599234164,False,-0.36038164833694425,False,29.96,False,0.5703733318103071,4.0,-2.0,0,False,▇█▁▆▆█▄▆▆▇▇▇▆▆▆▇▇▅▄▃,False,False,False,0,-0.16228693181818177,-0.11282437006393375,-0.1724573770389165,-0.17432659719153043,UP,False,9,20.0,IGNORE,DISTRIBUTION,,NEUTRAL,C,WAIT,No standout factor,Industrial Services,37.0
MOIL,257.25,271.2,271.8,255.6,True,False,False,False,False,False,1.210711730546017,72.3126663,1.0901077439506819,False,-0.2768653846926475,False,54.37,True,1.3491147752509274,94.0,1.54,0,False,▆█▆▇▇▅▁▄▄▅▇▅▇▅█▄▇▇▆█,False,False,False,0,-0.051263138484233695,-0.11840301576422207,-0.06143358370496843,-0.17990524289181875,UP,False,8,20.0,IGNORE,SEED,,NEUTRAL,C,WAIT,Delivery P94,Non-Energy Minerals,34.1
SHANTIGEAR,388.95,391.2,396.3,384.0,True,False,False,False,False,False,0.5354054150832066,0.668799525,0.5031848767252048,False,0.25933726149049874,False,55.21,False,0.8630675556319808,40.0,-0.2,0,True,▆▆▆▇█▁▄▄▅▆▄▅▅▇▆▆▅▅▆▅,False,False,False,0,-0.07359771346909616,-0.11812719646298608,-0.0837681586898309,-0.17962942359058276,UP,False,8,20.0,IGNORE,NONE,,NEUTRAL,C,WAIT,CMF positive,Producer Manufacturing,34.1
JAINREC,296.2,303.0,303.3,295.8,True,False,False,False,False,False,0.3072263039387981,16.08552606,0.27907888418849963,False,-0.01228483926054875,False,42.37,True,1.1584257221364027,82.0,0.9,0,True,▄▄▃▃▄▃▅▅▁▃▄█▆█▆▃▆▆▅▆,False,False,False,0,-0.09695121951219521,-0.12702623047450645,-0.10712166473292994,-0.18852845760210313,UP,False,7,20.0,IGNORE,NONE,,NEUTRAL,C,WAIT,No standout factor,Non-Energy Minerals,34.1
TIRUMALCHM,151.34,155.0,157.39,150.4,True,False,False,False,False,False,0.6007094107995585,5.44332145,0.5343813527538758,False,-0.06963888285679355,False,59.79,True,1.0947742337129673,85.0,0.92,0,True,▁▃▁▇▁▃█▄▆▄▃▅▄▄▆▆▇▅▅▅,False,False,False,0,-0.07972027972027962,-0.12972972972972974,-0.08989072494101435,-0.1912319568573264,UP,False,7,20.0,IGNORE,SEED,,NEUTRAL,C,WAIT,No standout factor,Process Industries,34.6
TATACOMM,1689.8,1700.1,1709.2,1682.0,True,False,False,False,False,False,1.0783973558408826,60.37131561999999,1.0354546377907172,False,-0.026750731807086762,False,63.77,True,1.2079824968507593,88.0,1.08,0,True,▁▅▇▅▆▄▅▇█▆▆▇▅▆▅▅▅▇▅▇,False,False,False,0,-0.07092588519903231,-0.1447514930660998,-0.08109633041976705,-0.20625372019369648,UP,False,5,20.0,IGNORE,SEED,,NEUTRAL,C,WAIT,No standout factor,Communications,26.7
JSLL,507.95,510.05,518.0,505.5,True,False,False,False,False,False,0.6183971835329858,21.66274683,0.5675766753505277,False,-0.07827784657838388,False,53.27,True,1.109225499484638,65.0,0.28,0,True,▇▃▇▅▆▆▆▅▅▇▄▅▇▁█▇▂▄▂▇,False,False,False,0,-0.11483837239696792,-0.156719515232008,-0.12500881761770266,-0.21822174235960468,UP,False,4,20.0,IGNORE,NONE,,NEUTRAL,C,WAIT,No standout factor,Health Services,40.2
INA,95.19,98.68,99.15,93.85,True,False,False,False,False,False,1.1965762135584213,6.622967997,1.0529294066029817,False,-0.05896731477100528,False,52.45,True,1.137855105162109,64.0,0.36,0,True,▁▂▄▃▅▃▆▅▅▂█▆▆▇▂▃▃▁▅▆,False,False,False,0,-0.2000840336134454,-0.17226086956521736,-0.21025447883418014,-0.23376309669281403,UP,False,3,20.0,IGNORE,NONE,,NEUTRAL,C,WAIT,No standout factor,Electronic Technology,39.9
ADVENZYMES,303.0,303.0,307.2,302.0,True,False,False,False,False,False,0.6198244709063038,6.4533849,0.6009995549432542,False,-0.34479422462245707,False,73.62,True,1.3029396669203406,99.0,2.03,0,False,▆▆▅▅▇▆▆▆▁▅▆▆▆▆▆▄▆▅▆█,False,False,False,0,-0.05710284736268867,-0.18581217251108417,-0.0672732925834234,-0.24731439963868085,UP,False,2,20.0,IGNORE,SEED,,NEUTRAL,C,WAIT,Delivery P99,Consumer Non-Durables,37.4
HIKAL,217.18,213.0,217.5,212.12,False,False,True,False,False,False,0.30919690101617614,3.005858072,0.30284246533306786,False,-0.18744058819645315,False,53.51,True,1.2003678944770961,72.0,0.64,0,True,▆▄▃▃▅▅▆▅▄▆▆▁▄▅▆█▂▄▆▆,False,False,False,0,-0.03363887158494261,0.19777189499227887,-0.043809316805677345,0.1362696678646822,FLAT,True,78,19.0,IGNORE,NONE,,NEUTRAL,C,WAIT,No standout factor,Health Technology,28.9
GODREJPROP,1997.4,2045.1,2055.2,1990.1,True,False,True,True,False,True,0.9836383315303847,137.25094152,0.9448684776654535,False,-0.12468605281562582,False,29.32,False,0.6691390426199577,8.0,-1.52,0,False,▄▆▅▇▅▆▅▇▅▁▂▄▆▅█▅▆█▇▃,False,False,False,2,-0.07711500254123738,0.1858932494211245,-0.08728544776197211,0.12439102229352783,FLAT,True,76,19.0,IGNORE,NONE,,NEUTRAL,C,WAIT,No standout factor,Finance,29.7
POKARNA,923.7,940.0,950.15,917.0,True,False,False,True,False,False,0.42419812613653446,3.9884442300000003,0.40797485577232734,False,-0.487517168338238,False,54.15,True,1.0869128863910076,85.0,0.93,0,True,▅▄▅▄▇▇▄▅█▆▅█▄▁▄▃▅▇▅▆,False,False,False,0,-0.059368635437881845,0.12413289521723248,-0.06953908065861658,0.0626306680896358,FLAT,True,65,19.0,IGNORE,SEED,,NEUTRAL,C,WAIT,No standout factor,Producer Manufacturing,34.1
SIKA,1028.1,1078.9,1078.9,1025.2,True,False,False,True,False,False,0.707950006716667,2.73618534,0.638519139150409,False,-0.18205168273769834,False,50.63,True,1.1015142285266732,64.0,0.29,0,True,▁▃▁▃▄▆▄▁▆▃█▅▅▅▄▅▄▅▂▅,False,False,False,0,-0.15382716049382728,0.12360655737704906,-0.163997605714562,0.06210433024945239,FLAT,True,65,19.0,IGNORE,NONE,,NEUTRAL,C,WAIT,No standout factor,Electronic Technology,39.9
NITTAGELA,1600.0,1597.1,1631.0,1591.5,False,False,False,True,False,False,0.6739736319746575,1.06208,0.6125256850752284,False,-0.3222707163020378,False,69.57,True,1.2543045163616695,86.0,0.99,0,True,▄▂▃▄▆▅▅▁▄▆▅▄▄▇▇▆█▅▇▇,False,False,False,0,-0.1351351351351351,0.11498257839721249,-0.14530558035586982,0.05348035126961581,FLAT,True,63,19.0,IGNORE,SEED,,NEUTRAL,C,WAIT,No standout factor,Consumer Non-Durables,37.4
RANEHOLDIN,1567.9,1620.0,1631.8,1558.1,True,False,False,True,False,False,0.8641292527574957,3.27048261,0.7641266031940057,False,-0.05948044828991677,False,58.78,True,1.0449870665517027,55.0,0.13,0,True,▇█▅▆█▇▆▅▅▆▅▆▅▇▇▆▁▇█▆,False,False,False,2,-0.10960304389800668,0.10782166325160758,-0.11977348911874142,0.046319436124010904,FLAT,True,62,19.0,IGNORE,NONE,,NEUTRAL,C,WAIT,No standout factor,Producer Manufacturing,34.1
LAOPALA,189.31,191.0,192.42,188.6,True,False,True,False,False,False,0.35203833166389575,4.0336092390000005,0.3425371318554476,False,-0.37523332879978205,False,52.09,True,1.0424358858903933,26.0,-0.46,0,False,▇▆▇▅▇▆██▇█▁▅▆▇█▆▇▇▇▇,False,False,False,9,-0.0021084813662959334,0.0985956360259983,-0.01227892658703067,0.037093408898401625,FLAT,True,60,19.0,IGNORE,NONE,,NEUTRAL,C,WAIT,No standout factor,Consumer Durables,29.9
ROTO,66.34,65.99,66.7,65.49,False,False,False,True,False,False,0.4209102350979781,1.5035297600000002,0.41214377131070246,False,-0.25377125872918227,False,42.67,True,1.0857644499293884,49.0,0.11,0,True,▃▄▃▆▅▁▃▆▅▇█▄▃▃▂▆▆▆▇▅,False,False,False,0,-0.050658271322266635,0.080456026058632,-0.06082871654300137,0.018953798931035326,FLAT,True,56,19.0,IGNORE,NONE,,NEUTRAL,C,WAIT,No standout factor,Producer Manufacturing,34.1
CHOLAHLDNG,1563.3,1570.0,1587.3,1557.0,True,False,False,False,False,False,0.2854191195437585,10.482395489999998,0.2865469040849036,False,-0.07968932379261263,False,65.53,True,1.0625567518484886,80.0,0.76,0,True,▅▆▄▄█▆▇▅▅▅▅▄▅▅▇▄▃▁▁▅,False,False,False,0,0.00845052251322409,0.07214868664700647,-0.001719922707510646,0.01064645951940979,FLAT,True,54,19.0,IGNORE,NONE,,NEUTRAL,C,WAIT,No standout factor,Finance,29.7
NHPC,76.73,76.59,76.99,76.2,False,False,False,False,False,True,0.3892702745232721,40.917346720000005,0.37744993425581963,False,-0.11214009483719364,True,61.39,True,1.3714145295326603,89.0,1.3,0,False,▆▁▃▁▄▇▅▆▄▄▂▃▅▄▆▅▇▆▆█,False,False,False,1,-0.04457726310546628,0.036891891891891904,-0.05474770832620102,-0.024610335235704772,FLAT,False,46,19.0,IGNORE,SEED,,NEUTRAL,C,WAIT,No standout factor,Utilities,32.3
CAPILLARY,515.0,524.4,527.5,509.3,True,False,False,False,False,False,0.07451591600999469,6.3232215,0.0708937392210207,False,0.007812286540708568,False,52.77,True,1.4081763355926775,82.0,0.81,0,False,█▇▆▁▃▄▇▃▇▂▂▄▅█▅█▆▇▇▇,False,False,False,2,0.07403545359749741,0.02589641434262946,0.06386500837676268,-0.03560581278496722,UP,False,44,19.0,IGNORE,NONE,,NEUTRAL,C,WAIT,CMF positive,Technology Services,32.9
SFL,668.8,675.1,680.0,661.9,True,False,False,True,False,False,0.469136712101276,10.34787424,0.43118197906798594,False,-0.48005073084401056,True,46.45,True,1.034118105415484,28.0,-0.47,0,False,▄▄▇▆▅▅▅▄█▃▁▃▄▄▄▂▃▅▇▅,False,False,False,0,-0.10336506234079634,-0.017770597738287597,-0.11353550756153108,-0.07927282486588427,FLAT,False,31,19.0,IGNORE,NONE,,NEUTRAL,C,WAIT,No standout factor,Process Industries,34.6
NCC,140.38,138.83,141.0,138.24,False,False,False,False,False,False,0.602632922150673,12.991691708,0.5932181304337123,False,-0.18295263415913043,True,49.35,False,0.9327600056702735,72.0,0.58,0,True,▄▅▄▃▇▆▅▄▃▇▄▆▁▆▇█▆▆█▄,False,False,False,0,0.007753050969131259,-0.02323963261898143,-0.0024173942516034774,-0.08474185974657811,UP,False,30,19.0,IGNORE,NONE,,NEUTRAL,C,WAIT,No standout factor,Consumer Durables,29.9
MOLDTKPAC,678.65,684.2,685.45,674.65,True,False,False,True,False,False,0.250428344712498,2.057734665,0.2481251477765872,False,-0.34535383987782375,True,52.37,True,1.0733756917401107,38.0,-0.3,0,False,▄▅▅▁▄▅▄▅▇▅▅▄▇▆▅▅█▆▇▆,False,False,False,1,-0.02848758141865293,-0.021695257315842653,-0.038658026639387666,-0.08319748444343933,UP,False,30,19.0,IGNORE,NONE,,NEUTRAL,C,WAIT,No standout factor,Producer Manufacturing,34.1
AXISBANK,1217.7,1216.0,1218.7,1208.6,True,False,False,False,False,True,0.6751705946227208,655.53223428,0.6586966746251929,False,0.024923999243459134,False,60.01,False,0.9067899695520448,35.0,-0.35,0,True,█▆▆▅▂▃▄▇▃▂▁▃▃▄▃▆▇▇▄▃,False,False,False,0,-0.08340233345878811,-0.02840501077156299,-0.09357277867952285,-0.08990723789915966,FLAT,False,28,19.0,IGNORE,NONE,,NEUTRAL,C,WAIT,CMF positive,Finance,29.7
PASHUPATI,85.32,85.7,85.7,84.71,False,True,False,False,False,False,0.0969758946455569,0.08624998799999999,0.09750861876427044,False,-0.5054699364373118,True,48.45,False,0.802012895109294,35.0,-0.51,0,True,▃▄▇▄▅▅▇▅▇████▆▅▆▁▃▅▄,False,False,False,0,-0.01455301455301461,-0.03778053456636976,-0.024723459773749346,-0.09928276169396644,UP,False,26,19.0,IGNORE,NONE,,NEUTRAL,C,WAIT,No standout factor,Process Industries,34.6
MMTC,63.54,63.45,64.12,62.9,True,False,False,False,False,False,0.8687626030509665,7.577100522,0.8751270528146871,False,-0.22034148227986014,True,34.02,False,0.8330680510321522,63.0,0.38,0,True,▅▁▆▅▇▆█▃▅▄▄▃▃▂▇▁▄▅▃▃,False,False,False,0,0.003315963998105076,-0.049940191387559785,-0.00685448122262966,-0.11144241851515646,UP,False,23,19.0,IGNORE,NONE,,NEUTRAL,C,WAIT,No standout factor,Distribution Services,34.9
TVSSCS,122.17,122.4,123.48,121.25,False,False,False,False,False,True,0.5270206818986367,3.3993558160000004,0.49627475946616884,False,-0.47736327278556573,True,53.03,False,0.9856510910375079,54.0,0.22,0,True,▅▇▆▇▇███▇█▅█▇▆▅▁▅▇▆▆,False,False,False,0,-0.09677657844151999,-0.04903868607456996,-0.10694702366225473,-0.11054091320216664,UP,False,23,19.0,IGNORE,NONE,,NEUTRAL,C,WAIT,No standout factor,Transportation,27.3
PGHL,5838.0,5836.5,5853.0,5746.5,False,False,False,True,False,False,0.7453900343347147,7.5917352,0.6988164236816524,False,-0.36988732791656104,True,62.62,True,1.1137097276195387,62.0,0.22,0,False,▄▃▄▄▅▁▆▆▅▅▂▁▄▄▅▅▅█▄▅,False,False,False,0,-0.13887454827052137,-0.06028169014084506,-0.1490449934912561,-0.12178391726844173,FLAT,False,20,19.0,IGNORE,NONE,,NEUTRAL,C,WAIT,No standout factor,Health Technology,28.9
RALLIS,213.27,212.81,214.17,211.2,False,False,False,False,False,False,0.4054697027073649,11.860712472,0.39074866022849486,False,-0.19134615605631664,True,50.4,False,0.9741577594371532,61.0,0.28,0,True,▁▄▂▃▆▂▃▄▇▆▇▇▆▄█▇▃▄▃▄,False,False,False,0,-0.06714198232875512,-0.07591316781489654,-0.07731242754948986,-0.13741539494249322,UP,False,16,19.0,IGNORE,NONE,,NEUTRAL,C,WAIT,No standout factor,Process Industries,34.6
IGL,149.39,151.0,151.58,149.1,True,False,False,False,False,False,0.5731557881738347,11.281454752,0.5622853954258488,False,-0.1284481893324257,True,55.66,True,1.0305880610279958,69.0,0.43,0,False,▆▇▆▆▇▆▅▆▇▇▇█▇▆▇▆▁▄▂▆,False,False,False,0,-0.027851890414524627,-0.0806769230769232,-0.03802233563525936,-0.14217915020451988,UP,False,15,19.0,IGNORE,NONE,,NEUTRAL,C,WAIT,No standout factor,Utilities,32.3
CAMPUS,216.63,217.93,219.91,216.2,True,False,False,False,False,False,0.6328368928871781,10.872118125,0.6209534233485283,False,-0.26668210418346494,True,51.44,True,1.218163519033805,83.0,0.77,0,False,▄▂▆▂▇▂▄▁▅▅▄▁▄▄█▅▅▄▃▆,False,False,False,0,-0.029348507930818224,-0.0867200674536256,-0.03951895315155296,-0.14822229458122227,UP,False,14,19.0,IGNORE,NONE,,NEUTRAL,C,WAIT,No standout factor,Consumer Non-Durables,37.4
KOTIC,145.9,146.32,156.36,143.35,False,False,False,False,False,False,1.1023063165710176,0.17220577,1.0372656180991275,True,-0.32188145956424674,True,58.81,False,0.9918540131212792,42.0,-0.21,0,True,▄▃▁▃▄▂▃▁▄▂▄▃▄▄▃▄▅█▃▃,False,False,False,0,-0.13154761904761902,-0.09603469640644358,-0.14171806426835376,-0.15753692353404025,UP,False,12,19.0,IGNORE,NONE,,NEUTRAL,C,WAIT,No standout factor,Process Industries,34.6
MUTHOOTFIN,2845.4,2875.7,2883.0,2841.3,True,False,False,False,False,False,0.40345948797776565,143.26418276,0.39110568759320224,False,0.02640307725093809,False,48.97,False,0.9645554909936084,60.0,0.2,0,True,▁▁▂▄▄▄▇▄▁▂▂▃▅▅▄▆█▆▄▃,False,False,False,0,-0.048202040474995766,-0.10231252168974969,-0.0583724856957305,-0.16381474881734637,UP,False,11,19.0,IGNORE,NONE,,NEUTRAL,C,WAIT,CMF positive,Finance,29.7
HUDCO,188.01,187.9,189.4,186.4,True,False,False,False,False,False,0.5070768710539458,21.314148471,0.4837324064447919,False,-0.1690089554084018,True,45.18,False,0.9370333499253359,85.0,1.0,0,True,▂▄▁▁▂▃▁▃▃▅▂▂▄▃▅▄▂█▃▃,False,False,False,0,-0.061357963055416964,-0.1003445305770887,-0.0715284082761517,-0.16184675770468537,UP,False,11,19.0,IGNORE,SEED,,NEUTRAL,C,WAIT,No standout factor,Finance,29.7
JWL,250.7,250.2,253.6,250.0,True,False,False,False,False,False,0.2207720021694981,7.402469039999999,0.21400393842542764,False,-0.09280710886518853,True,42.59,True,1.118288039910726,76.0,0.8,0,False,▇▆▅▇█▁▅▅▅▆▅▆▇▆▃▇▆▆▅▇,False,False,False,0,0.0013980427401636408,-0.10095033171956258,-0.008772402480571095,-0.16245255884715926,UP,False,11,19.0,IGNORE,NONE,,NEUTRAL,C,WAIT,No standout factor,Producer Manufacturing,34.1
JAYKAY,154.0,151.95,156.52,150.01,False,False,False,False,False,False,1.1875879661617326,3.3947452,1.1721281504660306,True,-0.19277558318301302,True,48.31,False,0.9049612708046494,47.0,-0.02,0,True,▅▆▄▅▅▅▃▁▃▇█▄▆▃▅▅▁▂▄▃,False,False,False,0,-0.08333333333333337,-0.12994350282485878,-0.0935037785540681,-0.19144572995245546,UP,False,7,19.0,IGNORE,NONE,,NEUTRAL,C,WAIT,No standout factor,Commercial Services,24.6
NLCINDIA,276.65,277.2,278.7,274.3,True,False,False,False,False,False,0.37973698026352476,23.964308279999997,0.3616284320125124,False,-0.023267213617244816,True,45.72,False,0.8684915373363981,58.0,0.21,0,True,▇▅▁▇█▇▆▆▄▄▅▅▆▃▃█▅▆▃▃,False,False,False,0,-0.06267999322378448,-0.15591151792524793,-0.07285043844451922,-0.2174137450528446,UP,False,4,19.0,IGNORE,NONE,,NEUTRAL,C,WAIT,No standout factor,Utilities,32.3
AVANTIFEED,866.15,879.95,883.5,862.1,True,False,False,False,False,False,0.390363675109709,16.358022285,0.3726688591127759,False,-0.19975752875665903,True,41.04,False,0.9709013484740951,80.0,0.84,0,True,▃▄▂▄▆▇▇▅▅▄█▅▅▅▄▃▅▁▃▄,False,False,False,0,-0.13622538020443786,-0.1566212268743915,-0.1463958254251726,-0.21812345400198818,UP,False,4,19.0,IGNORE,NONE,,NEUTRAL,C,WAIT,No standout factor,Process Industries,34.6
HARIOMPIPE,352.95,347.0,357.0,346.05,False,False,False,False,False,False,1.0475667453963946,4.96868892,0.9642318685615565,True,-0.10742403307168966,True,35.87,False,0.7650879307218957,19.0,-0.8,0,True,▃▂▁▂▄▃▄▃▄▆▃█▄▅▇▅▃▆▄▂,False,False,False,0,-0.09892775082971661,-0.1744825166647176,-0.10909819605045135,-0.23598474379231427,UP,False,3,19.0,IGNORE,NONE,,NEUTRAL,C,WAIT,No standout factor,Non-Energy Minerals,34.1
TEMBO,59.75,60.35,61.75,59.05,True,False,False,False,False,False,1.6382772330740456,9.3508033,0.8067873412517859,False,-0.5300163087257471,True,36.39,False,0.9454280926462373,21.0,-0.84,0,False,▅▃█▂▂▆▅▆▆▅▁▃▄▄▃▃▅▃▂▄,False,False,False,0,-0.8908077485380117,-0.8999246294280211,-0.9009781937587464,-0.9614268565556178,UP,False,0,19.0,IGNORE,NONE,,NEUTRAL,C,WAIT,No standout factor,Producer Manufacturing,34.1
SPAL,952.45,940.7,961.65,934.6,False,False,False,True,False,False,0.5444350528490685,4.858828430000001,0.5185330146412905,False,-0.008214948492987626,True,34.83,False,0.7974905265086033,13.0,-1.07,0,True,▅▁▂▃▅██▆▇▁▃▇▅▅▅▅▅▇▇▃,False,False,False,0,-0.046023637820512775,0.15455482150433353,-0.05619408304124751,0.09305259437673685,FLAT,True,71,18.0,IGNORE,NONE,,NEUTRAL,C,WAIT,No standout factor,Consumer Non-Durables,37.4
KICL,5309.5,5252.5,5369.5,5252.5,False,False,False,True,False,False,0.29983193277310927,0.2368037,0.2924724931941924,False,-0.34394027280089806,True,70.85,True,1.1173404616027565,83.0,0.93,0,False,█▇▇▇█▅▅▅▆▄▇▆▆▃▄▄▁▇▇▇,False,False,False,1,-0.04625471528650982,0.06285657091382246,-0.056425160507244554,0.0013543437862257868,FLAT,True,52,18.0,IGNORE,NONE,,NEUTRAL,C,WAIT,No standout factor,Finance,29.7
EMAMILTD,400.1,403.5,404.25,397.5,True,False,False,False,False,False,0.5491534685082113,14.411321930000002,0.5420384270246494,False,0.00607789148021999,True,48.94,False,0.8329858303901961,18.0,-0.74,0,False,▂▅▅▄▃▄▃▄▄▁▄█▄▂▄▄▄▂▃▂,False,False,False,0,-0.0022443890274314038,0.023535431056536327,-0.01241483424816614,-0.03796679607106035,UP,False,43,18.0,IGNORE,NONE,,NEUTRAL,C,WAIT,CMF positive,Consumer Non-Durables,37.4
EKC,108.59,109.53,109.9,108.11,True,False,False,False,False,False,0.6101241994241214,1.415199175,0.5989417615482909,False,-0.03558142393299255,False,61.56,True,1.1480469587758642,95.0,1.42,0,True,▂▆▂▃▃▄█▂▃▃▃▂▃▁▃▅▄▂▁▆,False,False,False,0,-0.040809115802490914,0.010703648548026967,-0.05097956102322565,-0.05079857857956971,FLAT,False,40,18.0,IGNORE,SEED,,NEUTRAL,C,WAIT,Delivery P95,Producer Manufacturing,34.1
BUTTERFLY,656.4,648.4,658.8,648.4,False,False,False,False,False,False,0.24224106074227691,0.5765817599999999,0.2240112471221152,False,-0.30269437449944797,False,74.02,True,1.4352332108544115,94.0,1.3,0,True,▃▅▄▃▄▅▄▄▁▄▂▂▃▃▅▄▂▅▆█,False,False,False,0,-0.13340814575219495,0.012884808270966719,-0.1435785909729297,-0.04861741885662996,FLAT,False,40,18.0,IGNORE,SEED,,NEUTRAL,C,WAIT,Delivery P94,Consumer Durables,29.9
DEEPAKFERT,1472.0,1504.8,1522.0,1466.2,True,False,False,True,False,True,0.3102128136403747,22.1684672,0.29270186324831676,False,-0.39255538833449516,False,48.22,True,1.2145177946250914,74.0,0.67,0,False,▅▃▄▅▅▅▁▂▄▂▃▆▇▆▇█▅▅▄▆,False,False,False,1,-0.08383643492873594,-0.030686158303700695,-0.09400688014947067,-0.09218838543129737,FLAT,False,28,18.0,IGNORE,NONE,,NEUTRAL,C,WAIT,No standout factor,Process Industries,34.6
ARFIN,82.5,83.0,83.45,82.0,True,False,False,True,False,False,0.5908799466991042,8.102391,0.5584626745901872,False,-0.05236645709293418,False,6.95,False,0.5169207883971737,6.0,-1.23,0,True,▂▄▄▄▂▂▂▂▅█▂▂▁▁▄▇▄▁▄▁,False,False,False,0,-0.047234091696500835,-0.03745187259362959,-0.05740453691723557,-0.09895409972122626,UP,False,26,18.0,IGNORE,NONE,,NEUTRAL,C,WAIT,No standout factor,Non-Energy Minerals,34.1
BANKBARODA,248.49,248.0,250.79,247.5,False,True,False,False,False,False,0.8545396710810497,190.68521254200002,0.8610952176700051,False,-0.013625804778903051,False,51.39,True,1.0219340982758964,59.0,0.27,0,False,▅▄▂▁▃▇▄█▆▄▆▅▄▆█▅▇▄▄▅,False,False,False,0,0.006847649918962695,-0.05445205479452053,-0.0033227953017720413,-0.11595428192211721,UP,False,22,18.0,IGNORE,NONE,,NEUTRAL,C,WAIT,No standout factor,Finance,29.7
TATACONSUM,1083.1,1090.5,1093.4,1081.8,True,False,False,False,False,True,0.6631196161562156,109.59033251,0.6581190300262058,False,-0.09464787691761012,False,61.13,True,1.0787773973811459,71.0,0.56,0,False,▁▃▂▁▄▃▆▆█▅▆▆▆▂▂▅▃▆▅▆,False,False,False,0,-0.005052360830424374,-0.05760027843034898,-0.01522280605115911,-0.11910250555794566,UP,False,21,18.0,IGNORE,NONE,,NEUTRAL,C,WAIT,No standout factor,Consumer Non-Durables,37.4
CONFIPET,69.9,72.7,73.25,69.0,True,False,False,True,False,False,0.5171150393979739,12.624827730000002,0.4584620768535404,False,-0.12886907750760973,False,40.74,False,0.9670183600564926,27.0,-0.52,0,False,▅▁▆▃▅▃▄▄▇▅▆█▆▆▁▆▄▇▆▅,False,False,False,4,-0.07600793126239258,-0.07417218543046356,-0.08617837648312732,-0.13567441255806023,UP,False,17,18.0,IGNORE,NONE,,NEUTRAL,C,WAIT,No standout factor,Retail Trade,32.3
MAYURUNIQ,726.1,737.2,759.8,724.0,True,False,False,True,False,False,0.6456455021721021,5.39681086,0.6060289984552747,False,-0.11870877107930473,False,53.61,False,0.9602020346754548,31.0,-0.29,0,True,▇▅▅▅▆▅▇▆▄▅▅▁▄▅▆▆█▆▆▅,False,False,False,0,-0.08724072910119418,-0.09106841084058337,-0.09741117432192892,-0.15257063796818005,UP,False,13,18.0,IGNORE,NONE,,NEUTRAL,C,WAIT,No standout factor,Process Industries,34.6
BOMDYEING,114.83,113.9,116.8,113.9,False,False,False,False,False,False,1.159742555219601,5.848257450999999,1.1151304747267232,True,-0.49474551138810796,False,42.98,False,0.8972672804325589,59.0,0.19,0,True,▇▃▅▆▇██▇█▆▆▅█▇▇▆▁▆▇▅,False,False,False,0,-0.06922266353246342,-0.10422029799516341,-0.07939310875319816,-0.1657225251227601,UP,False,11,18.0,IGNORE,NONE,,NEUTRAL,C,WAIT,No standout factor,Process Industries,34.6
FRONTSP,1298.0,1310.9,1310.9,1260.0,False,False,False,False,False,False,1.0714737931365714,4.777938,1.0085906713780455,True,0.04087931166204983,True,38.64,False,0.690709210349913,2.0,-1.93,0,False,▇▆▅▂▆▆▆▄▄▇▅█▄▆▃▄▁▂▃▁,False,False,False,0,-0.07285714285714284,-0.10967830441045345,-0.08302758807787758,-0.17118053153805013,UP,False,10,18.0,IGNORE,NONE,,NEUTRAL,C,WAIT,CMF positive,Producer Manufacturing,34.1
ADANIGREEN,1315.0,1327.6,1336.4,1313.2,True,False,False,True,False,False,0.402680899968214,117.854508,0.38098003578681805,False,-0.38271397462579854,False,29.39,False,0.9404198131319597,61.0,0.0,0,True,▂▂▃▂▃▁▁▃▅▄▄▅▇▂▂▃█▂▃▃,False,False,False,0,-0.14715610610286012,-0.11774572291177454,-0.15732655132359485,-0.17924795003937122,UP,False,8,18.0,IGNORE,NONE,,NEUTRAL,C,WAIT,No standout factor,Utilities,32.3
GODAVARIB,250.3,245.1,256.45,245.1,False,False,False,False,False,False,0.4200159317613533,6.21141977,0.3884036692613651,False,0.46686875212721457,False,40.32,False,0.7776427703523693,22.0,-0.7,0,False,▆▇▇▇█▇▇█▇▇▇▇▇█▁▄▇▇▆▅,False,False,False,0,-0.10655006246653564,-0.1177299964751497,-0.11672050768727038,-0.17923222360274638,UP,False,8,18.0,IGNORE,NONE,,NEUTRAL,C,WAIT,CMF positive,Process Industries,34.6
IGARASHI,450.4,456.0,460.8,441.3,True,False,True,True,False,False,0.2208479136785511,4.79770584,0.20421015470068388,False,-0.10905528473593745,False,43.99,False,0.9905538229432892,35.0,-0.17,0,True,▆▆▇▇█▆▇▇██▇▁▄▅▅▇▆▆▇▆,False,False,False,1,-0.015411520384741473,0.2009065457938941,-0.02558196560547621,0.13940431866629743,FLAT,True,78,17.0,IGNORE,NONE,,NEUTRAL,C,WAIT,No standout factor,Producer Manufacturing,34.1
PNGJL,607.85,614.85,619.4,604.25,True,False,False,True,False,False,0.17969435624961952,10.110612190000001,0.16683255495486068,False,-0.03898383961531595,False,57.85,True,1.1589122051384784,82.0,0.79,0,False,▃▄▄▁▄▂▆▅▆▃▅▇▆▆▆▇▇█▆▇,False,False,False,0,0.011818560133166844,0.1175767604339033,0.0016481149124321082,0.05607453330630663,FLAT,True,64,17.0,IGNORE,NONE,,NEUTRAL,C,WAIT,No standout factor,Retail Trade,32.3
SANATHAN,454.6,461.05,463.45,449.75,True,False,False,True,False,True,0.6636556764393967,2.22608528,0.6250757686236056,False,-0.02197736519693,False,49.98,False,0.9344239308249591,19.0,-0.82,0,False,▅▄▃▅▅▆▄▆▃▄█▆▂▃▁▇▃▅▄▄,False,False,False,3,-0.027281480688991167,0.08302561048243007,-0.0374519259097259,0.021523383354833392,FLAT,True,56,17.0,IGNORE,NONE,,NEUTRAL,C,WAIT,No standout factor,Process Industries,34.6
BORORENEW,563.65,570.9,576.5,562.0,True,False,False,True,False,False,0.6357316508132639,15.309015825,0.6303892010485302,False,-0.248517669252421,False,44.42,False,0.9127522294825957,43.0,-0.04,0,True,▄▃▁▅▇▆▄▆█▆▂█▆▄▂▄▇▅▆▄,False,False,False,0,-0.055071248952221374,0.07351680792305504,-0.06524169417295611,0.012014580795458363,FLAT,True,54,17.0,IGNORE,NONE,,NEUTRAL,C,WAIT,No standout factor,Process Industries,34.6
SUNTECK,298.8,297.3,300.95,296.1,True,False,False,False,False,False,0.2588017477820943,3.0765942,0.25610019524502703,False,-0.28681911817402117,True,69.27,True,1.325272391593407,97.0,1.87,0,False,▆▁▄▆▅▆▆▇▆▆▆▆▇▆▆▅▅▆▆█,False,False,False,0,-0.05142857142857138,0.05976236921439981,-0.061599016649306115,-0.0017398579131968628,FLAT,False,51,17.0,IGNORE,SEED,,NEUTRAL,C,WAIT,Delivery P97,Finance,29.7
MBEL,284.35,285.3,285.3,278.8,False,False,False,False,False,False,0.4884366981749269,4.202323345,0.4996310051786654,False,-0.36550230246116366,True,60.77,True,1.2025804919557517,94.0,1.4,0,False,▆▆▄▅▅▅▃█▆▆▆█▃▂▁▂▃▄▃▆,False,False,False,0,-0.0945709281961471,0.031000725163161658,-0.10474137341688183,-0.03050150196443502,FLAT,False,45,17.0,IGNORE,SEED,,NEUTRAL,C,WAIT,Delivery P94,Producer Manufacturing,34.1
VINATIORGA,1338.5,1344.2,1370.8,1333.3,True,True,True,False,False,False,0.39500305375672695,3.4886664,0.3992871734081017,False,0.009566640064553758,False,52.24,False,0.9203664552501761,25.0,-0.65,0,False,▄▅▃▄▅▁▅▄▄▄▄▃▄▄▄█▅▃▄▄,False,False,False,0,0.004201365443769145,0.028270722900821887,-0.005969079776965591,-0.03323150422677479,UP,False,44,17.0,IGNORE,NONE,,NEUTRAL,C,WAIT,CMF positive,Process Industries,34.6
RUPA,149.97,148.0,151.68,148.0,False,False,False,False,False,False,0.9090574066394026,1.313272293,0.8483468847752607,False,-0.2763216563896556,True,55.12,True,1.0756276283308452,68.0,0.41,0,True,▄▂▅▄▆▇▃▅▄▁▄▃▅▅▄▅▅█▇▆,False,False,False,0,-0.08904816862054299,0.000867592098238168,-0.09921861384127773,-0.06063463502935851,FLAT,False,37,17.0,IGNORE,NONE,,NEUTRAL,C,WAIT,No standout factor,Consumer Non-Durables,37.4
GMRAIRPORT,101.95,103.07,103.47,101.64,True,False,False,True,False,True,0.6583325306442294,82.54561182,0.624036687225205,False,-0.0959315312787825,True,56.03,False,0.9907958373489183,62.0,0.29,0,False,▇█▅▆▅▅▅█▆▅▇▇▆▅▇▇▁▃▆▆,False,False,False,0,-0.0777094264519631,-0.0003921953132659528,-0.08787987167269784,-0.06189442244086263,FLAT,False,36,17.0,IGNORE,NONE,,NEUTRAL,C,WAIT,No standout factor,Transportation,27.3
AJMERA,116.58,117.1,120.8,116.0,True,False,False,False,False,False,0.6037943398156469,2.4290841960000003,0.5699532066087408,False,-0.3470129412576481,True,54.37,True,1.078759139294253,78.0,0.71,0,True,▇▃▂▅▃▅█▆▆▁▄▆▅▄▆█▆▅▅▆,False,False,False,0,-0.07306988948079829,-0.01562104196571823,-0.08324033470153303,-0.0771232690933149,FLAT,False,32,17.0,IGNORE,NONE,,NEUTRAL,C,WAIT,No standout factor,Finance,29.7
ANUP,1825.2,1832.0,1852.8,1811.9,True,False,False,False,False,False,0.305624594126867,3.28134456,0.27972813522421897,False,-0.42123083268460415,True,55.01,True,1.1407656256480443,79.0,0.78,0,True,▇▆▅█▅▇▅▆▆▇▇▁▆▅▅▆▇▇▆▇,False,False,False,0,-0.14686360661867814,-0.026040554962646678,-0.15703405183941288,-0.08754278209024335,FLAT,False,29,17.0,IGNORE,NONE,,NEUTRAL,C,WAIT,No standout factor,Producer Manufacturing,34.1
MOBIKWIK,198.99,202.0,204.38,198.5,True,False,False,False,False,False,0.41120636272082484,15.875780381999999,0.3903670846204092,False,-0.09397466919250222,False,47.63,True,1.417833807135309,98.0,2.17,0,False,▅▅▄▄▆▅▆▄▁▅▅▄▇▃▄▆█▅▅█,False,False,False,0,-0.046343333652832275,0.0391665361115463,-0.05651377887356701,-0.022335691016050374,FLAT,False,47,16.0,IGNORE,SEED,,NEUTRAL,C,WAIT,Delivery P98,Commercial Services,24.6
NOCIL,162.93,162.6,167.33,162.51,True,False,False,False,False,True,0.2107415588584064,3.6970609230000004,0.20043919223025686,False,-0.2566831316802682,False,53.98,True,1.1767911838763474,61.0,0.36,0,True,▆▆▆▇▇▅▇▆▁▃▄▅▆▅▇█▆▇▇▇,False,False,False,0,-0.021911393924840983,0.04148555356686279,-0.03208183914557572,-0.02001667356073389,FLAT,False,47,16.0,IGNORE,NONE,,NEUTRAL,C,WAIT,No standout factor,Process Industries,34.6
NUVOCO,326.45,331.1,331.45,325.1,True,False,False,False,False,False,0.35331702135799925,6.330812205,0.32587951823910954,False,-0.18221766218991575,False,47.56,True,1.088454056528207,42.0,-0.07,0,True,▁▄▃▅▅▅▆▇▆▅▅▄▇▇█▇▇▆▆▆,False,False,False,0,-0.09720685840707977,0.03618473258212984,-0.1073773036278145,-0.025317494545466834,FLAT,False,46,16.0,IGNORE,NONE,,NEUTRAL,C,WAIT,No standout factor,Non-Energy Minerals,34.1
DBCORP,209.85,212.98,212.98,209.37,True,False,True,False,False,False,0.39530882719943816,1.1268525299999999,0.3925676602800206,False,-0.09428502254853069,False,66.54,True,1.2205926863495036,89.0,1.1,0,True,▃▁▃▄▃▆▅▅▄▅▆▅▄▅▅▃▆▆█▆,False,False,False,0,-0.03161052145823717,0.03160947792744073,-0.04178096667897191,-0.029892749200155944,FLAT,False,45,16.0,IGNORE,SEED,,NEUTRAL,C,WAIT,No standout factor,Consumer Services,31.6
NIITMTS,235.53,240.0,241.0,234.0,True,False,False,False,False,False,0.7425277395543763,2.548882107,0.7240369770917718,False,-0.12250749222832778,False,58.5,True,1.141385466358395,65.0,0.25,0,True,▃▂▂▂▃▅▃▂▁▃▄█▄▅▄▃▃▂▃▅,False,False,False,0,-0.011831340465701667,0.022842749815433994,-0.022001785686436404,-0.03865947731216268,UP,False,43,16.0,IGNORE,NONE,,NEUTRAL,C,WAIT,No standout factor,Commercial Services,24.6
SKFINDIA,1621.4,1660.5,1678.0,1616.0,True,True,True,False,False,False,1.046504169587168,21.956836660000004,1.0739544255056306,False,-0.15704390928840692,False,51.94,False,0.9583909954792876,35.0,-0.32,0,False,▄▅▄▅▆▆▆▆█▇▇▇▆▆▆▅▁▄█▅,False,False,False,0,0.11176631925397706,0.017764107714518973,0.10159587403324233,-0.0437381194130777,UP,False,42,16.0,IGNORE,NONE,,NEUTRAL,C,WAIT,No standout factor,Producer Manufacturing,34.1
UBL,1355.5,1365.0,1381.2,1349.1,True,False,False,False,False,False,0.41105865047373014,8.3523199,0.3936043896082766,False,-0.23794045819778098,False,47.86,False,0.9271151145333913,25.0,-0.64,0,True,▂▃▄▃▅▃▂▆▃█▂▄▁▃▄▅▂▅▅▃,False,False,False,6,-0.03481913984619778,0.019939804364183633,-0.044989585066932514,-0.04156242276341304,FLAT,False,42,16.0,IGNORE,NONE,,NEUTRAL,C,WAIT,No standout factor,Consumer Non-Durables,37.4
NINSYS,729.0,735.0,749.3,712.6,True,False,False,True,False,False,0.5718016076512875,0.2649915,0.5350132415784861,False,-0.06788468365404758,False,64.76,True,1.1182869970644103,65.0,0.31,0,True,▃▅▃▃▃▃▃▅▅█▁▄▅▃▃▆█▇▅▅,False,False,False,0,-0.18547486033519556,0.017587939698492594,-0.1956453055559303,-0.04391428742910408,FLAT,False,42,16.0,IGNORE,NONE,,NEUTRAL,C,WAIT,No standout factor,Technology Services,32.9
APTUS,257.0,256.6,261.7,255.2,False,False,False,False,False,False,0.6798461209660184,18.1488774,0.6599787539676345,False,-0.3558553026274015,False,56.43,True,1.0046019778713404,50.0,0.01,0,True,▃▅▆▄▄▄▆▁▄▆▅▇▆▇▆█▇▆▅▅,False,False,False,0,-0.14632120910147817,0.015609563327405596,-0.1564916543222129,-0.04589266380019108,FLAT,False,41,16.0,IGNORE,NONE,,NEUTRAL,C,WAIT,No standout factor,Finance,29.7
NACLIND,172.4,173.97,175.1,170.6,True,False,False,False,False,False,0.2703174894143792,6.17774712,0.24074473588629897,False,-0.5057647076745563,False,44.14,True,1.2282947462154943,40.0,-0.28,0,True,▁▃▃▃▄▃▃▄▄▄▄▄▄█▅▆▅▆▃▅,False,False,False,0,-0.1849855812414315,0.005716952514292384,-0.19515602646216623,-0.05578527461330429,FLAT,False,39,16.0,IGNORE,NONE,,NEUTRAL,C,WAIT,No standout factor,Process Industries,34.6
SPMLINFRA,194.47,195.7,198.78,192.99,True,True,False,False,False,False,0.8134581624066771,2.8312692829999997,0.8122219627069879,False,-0.15944006902625096,False,54.36,True,1.0082630832150905,81.0,0.75,0,True,▅▄▁▆▅▃▆▆▆▅▅▄█▇▆▂▃▃▄▅,False,False,False,0,-0.0626596616378271,0.004234443583785108,-0.07283010685856184,-0.05726778354381157,FLAT,False,38,16.0,IGNORE,NONE,,NEUTRAL,C,WAIT,No standout factor,Industrial Services,37.0
INOXGREEN,179.66,182.0,182.19,177.41,True,False,False,False,False,False,1.0982074973527858,28.546015706,1.0321266615711386,False,-0.10733619073461884,False,51.63,True,1.086547061608881,71.0,0.42,0,True,▄▄▅▅▇▄▅▅▄▆▄▄▂▁█▅▇▇▄▆,False,False,False,0,-0.12185346302360822,0.0020636956885493607,-0.13202390824434296,-0.059438531439047315,FLAT,False,37,16.0,IGNORE,NONE,,NEUTRAL,C,WAIT,No standout factor,Utilities,32.3
CENTURYPLY,748.25,751.0,762.0,744.05,True,False,False,False,False,True,0.4170486458178189,2.90186315,0.3974221204328209,False,-0.40751421653767317,False,54.23,True,1.06254163564403,71.0,0.43,0,False,▅▇▅█▅█▆▁▄▄▅▄▅▅▆▆▄█▇▆,False,False,False,4,-0.056252759033865174,-0.0019341069761238394,-0.06642320425459991,-0.06343633410372052,FLAT,False,36,16.0,IGNORE,NONE,,NEUTRAL,C,WAIT,No standout factor,Producer Manufacturing,34.1
ARIHANTSUP,251.45,259.05,259.2,248.3,True,False,False,False,False,False,0.6142489475889312,0.19354106499999998,0.5908581314310887,False,-0.18492667435262375,False,71.22,True,1.028165557464378,85.0,1.12,0,True,▆█▇▅▇▇█▆▆▅█▆▄▇▅▆▅▁▅▆,False,False,False,1,-0.03381364073006732,-0.006911532385466046,-0.043984085950802054,-0.06841375951306272,UP,False,34,16.0,IGNORE,SEED,,NEUTRAL,C,WAIT,No standout factor,Finance,29.7
SAGCEM,168.29,169.0,172.78,167.9,True,False,False,False,False,False,0.4469322952249593,0.350093687,0.4241325955322328,False,0.10971500388765247,False,58.02,False,0.989587330826106,55.0,0.1,0,True,▆▅▃▁▁▆▅▇▆▇▅▇▇▇█▆▄▄█▅,False,False,False,0,-0.09076665406018702,-0.02711296103595795,-0.10093709928092176,-0.08861518816355463,FLAT,False,29,16.0,IGNORE,NONE,,NEUTRAL,C,WAIT,CMF positive,Non-Energy Minerals,34.1
JAGRAN,61.56,61.92,62.28,61.4,True,False,False,False,False,False,0.8054526816288251,1.136680776,0.7898966239721917,False,-0.31379426002646427,False,64.65,True,1.0263941258186149,42.0,-0.23,0,True,▅█▄▃▅▃▅▃▂▄▅▄▁▄▅▅▄▇▅▅,False,False,False,0,-0.022546840266751245,-0.03887587822014049,-0.03271728548748598,-0.10037810534773717,UP,False,26,16.0,IGNORE,NONE,,NEUTRAL,C,WAIT,No standout factor,Consumer Services,31.6
KANSAINER,201.05,205.8,207.63,200.11,True,False,False,False,False,False,0.44515969169263475,3.577624435,0.43584516297283454,False,-0.02676523438575835,False,60.05,True,1.1157769560935729,69.0,0.38,0,True,▅▇▇▂▅▃▆█▃▂▁▆▅▅▄▇▅▅▅▆,False,False,False,1,-0.005884098101265778,-0.041386544604968156,-0.016054543322000514,-0.10288877173256483,UP,False,25,16.0,IGNORE,NONE,,NEUTRAL,C,WAIT,No standout factor,Process Industries,34.6
BLUESTARCO,1493.0,1520.5,1535.4,1490.0,True,False,False,False,False,False,1.0116687696613043,86.1031016,0.9624277062567179,False,-0.2922100908626977,False,52.1,True,1.178319819972634,75.0,0.66,0,True,▁▇▃▄▆▃▆▂▆█▁▄▁▇▆▄▂▄▃▆,False,False,False,1,-0.1232088325111581,-0.049528902470078906,-0.13337927773189284,-0.11103112959767558,FLAT,False,23,16.0,IGNORE,NONE,,NEUTRAL,C,WAIT,No standout factor,Producer Manufacturing,34.1
VENTIVE,585.7,590.0,595.45,580.2,True,False,False,False,False,False,0.6138167086889319,0.67800632,0.5909745620670136,False,-0.205559342281065,False,61.98,True,1.0358658956446167,64.0,0.31,0,True,▆▃▁▃▁▅▄▅▄█▃▃▇▄▆▅▄█▇▅,False,False,False,0,-0.05577946155086233,-0.06430226056394284,-0.06594990677159707,-0.1258044876915395,UP,False,19,16.0,IGNORE,NONE,,NEUTRAL,C,WAIT,No standout factor,Consumer Services,31.6
ASHOKA,111.83,113.0,113.0,111.5,True,False,False,False,False,False,0.5277102480570296,3.974762507,0.4966529824402319,False,-0.3212015376661674,False,54.04,True,1.0106318319104568,87.0,0.99,0,True,▄▁▂▁▄▅▃██▄▄▆▇█▅▆▇▅▃▅,False,False,False,0,-0.10097274700538628,-0.07715794685591693,-0.11114319222612101,-0.1386601739835136,UP,False,16,16.0,IGNORE,SEED,,NEUTRAL,C,WAIT,No standout factor,Industrial Services,37.0
KCP,151.22,156.2,157.16,150.0,True,False,False,False,False,False,1.4423103384767804,3.606022364,1.3988911306241654,False,-0.28569358474410633,False,62.66,True,1.1453953862464812,76.0,0.68,0,True,▅▆▄▅▆▆▅▇▁▆█▇▇▅▇▅▆▃▇▇,False,False,False,0,-0.10350960398387488,-0.08190152389047423,-0.11368004920460961,-0.1434037510180709,UP,False,15,16.0,IGNORE,NONE,,NEUTRAL,C,WAIT,No standout factor,Producer Manufacturing,34.1
XPROINDIA,1088.6,1094.0,1120.0,1080.1,True,False,False,False,False,False,0.5304834912730165,5.77948626,0.48478717675184624,False,-0.24566413813967397,False,67.74,True,1.2194968270399207,88.0,0.99,0,True,▄▁▃█▆▄▇▆▂▄▆▁▃▆▂▆▇▄▇█,False,False,False,1,-0.21287057122198128,-0.08420964078404991,-0.223041016442716,-0.1457118679116466,FLAT,False,14,16.0,IGNORE,SEED,,NEUTRAL,C,WAIT,No standout factor,Process Industries,34.6
THOMASCOOK,102.4,103.75,104.43,102.0,True,False,False,False,False,False,0.30691617628800183,4.53987328,0.29917679935636426,False,-0.17425634651152597,False,48.58,True,1.114808270417881,55.0,0.07,0,True,▅▅▇▅▇▅▅▁▄▁▄▃▅▅▃▆▄█▄▅,False,False,False,0,-0.02252768232149671,-0.09252038284296349,-0.03269812754223145,-0.15402260997056016,UP,False,13,16.0,IGNORE,NONE,,NEUTRAL,C,WAIT,No standout factor,Consumer Services,31.6
HGINFRA,507.7,514.5,517.3,505.0,True,False,False,False,False,False,1.1302514388235732,3.6237595199999997,1.0628325980833768,False,-0.4145902497206285,False,56.13,True,1.120728383599389,79.0,0.84,0,True,▅▆▇▆▇█▅▄▇▇█▂▇▆▆▁▅▆▇▇,False,False,False,0,-0.08158465991316921,-0.10663382016540557,-0.09175510513390395,-0.16813604729300224,UP,False,10,16.0,IGNORE,NONE,,NEUTRAL,C,WAIT,No standout factor,Industrial Services,37.0
AWFIS,265.6,268.0,268.95,265.0,True,False,False,False,False,False,0.4400330707786556,2.68232096,0.4235851876451595,False,-0.32637888636749474,False,56.42,True,1.0724196920737503,76.0,0.57,0,True,▇▅▆▁▅▅▇▆▇▇▄▇▆▆█▆▆▅▅▆,False,False,False,0,-0.08508439545297963,-0.10542270124621067,-0.09525484067371437,-0.16692492837380735,UP,False,10,16.0,IGNORE,NONE,,NEUTRAL,C,WAIT,No standout factor,Finance,29.7
KRISHIVAL,355.75,403.0,403.0,350.6,True,False,False,False,False,False,4.984547229445189,6.076174425,4.491533460381586,False,-0.566737884112123,False,68.46,False,0.8745528870720489,30.0,-0.09,0,False,█▇▁▄▆▂▃██▃▅▁▄▅▅▁▇▃▄▃,False,False,True,5,-0.09570411794611078,-0.1187763190487986,-0.10587456316684551,-0.18027854617639527,UP,False,8,16.0,IGNORE,DISTRIBUTION,,NEUTRAL,C,WAIT,No standout factor,Process Industries,34.6
DSSL,1147.2,1184.4,1189.9,1135.0,True,False,False,False,False,False,1.0661557421627474,3.67700544,1.0032821233328852,False,-0.16548508053127864,False,60.88,True,1.0382345919028617,88.0,1.13,0,True,▄▁▆▃▄▁▆▄▆▆▇▅▄▇▆▇█▇▅▆,False,False,False,0,-0.05549151984192313,-0.12380661422133954,-0.06566196506265787,-0.18530884134893622,UP,False,8,16.0,IGNORE,SEED,,NEUTRAL,C,WAIT,No standout factor,Technology Services,32.9
INOXWIND,74.95,78.0,78.19,74.69,True,False,False,False,False,False,1.3781079412272734,136.30141677,1.3550084565084484,False,-0.21974326275463968,False,35.23,False,0.9977767393120637,46.0,-0.23,0,False,▅▃▁▁▅▂▃▄▃▃▄▅▄▄▂▄█▄▃▄,False,True,False,0,-0.051505947861300805,-0.12990480612955646,-0.06167639308203554,-0.19140703325715314,UP,False,7,16.0,IGNORE,NONE,,NEUTRAL,C,WAIT,No standout factor,Producer Manufacturing,34.1
AMRUTANJAN,488.25,491.1,500.8,487.25,True,False,False,False,False,False,0.940024267900614,3.022218675,0.9122244023101378,False,-0.35599870363891634,False,62.66,True,1.0236805776786662,63.0,0.36,0,True,▃▁▅▃▃▂▃█▂▂▂▄▂▁▂▁▂▁▁▃,False,False,False,0,-0.09348310434459717,-0.12975670617592006,-0.1036535495653319,-0.19125893330351673,UP,False,7,16.0,IGNORE,NONE,,NEUTRAL,C,WAIT,No standout factor,Health Technology,28.9
BFUTILITIE,533.2,542.15,552.7,531.2,True,False,False,False,False,False,0.3562646186261425,1.39202524,0.33963719000306963,False,-0.4264732524383378,False,57.93,True,1.1961223583824576,88.0,1.13,0,True,▇▅▄▆█▅▆▆▅█▇▇▆▅▇▇▇▁▅▇,False,False,False,0,-0.11896893588896229,-0.1288293440078424,-0.12913938110969703,-0.19033157113543908,UP,False,7,16.0,IGNORE,SEED,,NEUTRAL,C,WAIT,No standout factor,Industrial Services,37.0
MARATHON,346.85,358.8,363.9,344.05,True,False,False,False,False,False,2.249301917982832,4.896446765,2.030691765479533,False,-0.3573850695587479,False,65.42,False,0.9359419149468864,65.0,0.45,0,False,▆▆▁▂▄▅▄▆▄▅▅▆█▆▆▅▆▆▅▄,False,False,False,0,-0.11257515670973517,-0.1488343558282208,-0.1227456019304699,-0.21033658295581747,UP,False,5,16.0,IGNORE,DISTRIBUTION,,NEUTRAL,C,WAIT,No standout factor,Finance,29.7
IPL,138.19,140.0,141.52,138.0,True,False,False,False,False,False,0.7391497960281653,1.796013973,0.6906076071956476,False,-0.07928530494081457,False,54.33,True,1.0599527869364183,76.0,0.61,0,True,▅▅▃▆▆▅▄▅▁▆▄▅▅▅▇█▇▆▄▆,False,False,False,0,-0.0754666488258513,-0.14533984785701037,-0.08563709404658604,-0.20684207498460705,UP,False,5,16.0,IGNORE,NONE,,NEUTRAL,C,WAIT,No standout factor,Process Industries,34.6
PNBGILTS,79.5,80.84,80.9,79.02,True,False,False,False,False,False,0.34881393236977437,0.81869895,0.33311235283055257,False,-0.37563488171323445,False,51.51,True,1.0704377552186697,72.0,0.66,0,True,▃▃▁▄▄▃▃▂▅▄▃▄▄▅▆▃█▄▄▄,False,False,False,0,-0.09751390623226253,-0.14635455814452913,-0.10768435145299726,-0.2078567852721258,UP,False,5,16.0,IGNORE,NONE,,NEUTRAL,C,WAIT,No standout factor,Finance,29.7
GREENPANEL,166.15,170.52,172.06,164.9,True,False,False,False,False,False,1.3078273415423762,4.43394536,1.184811769495781,False,-0.3176222268527822,False,61.76,True,1.025377086740327,83.0,0.68,0,True,▄▁▅▃▂▄█▂▃▅▃▅▄▂▅▆▇▅▄▄,False,False,False,1,-0.15664179483274954,-0.15509788965166538,-0.16681224005348427,-0.21660011677926205,UP,False,4,16.0,IGNORE,NONE,,NEUTRAL,C,WAIT,No standout factor,Non-Energy Minerals,34.1
AWHCL,378.4,385.9,388.85,377.0,True,False,False,False,False,False,0.6793706902471695,3.7060874399999997,0.632453646338653,False,-0.2860018204308251,False,57.59,True,1.112495532825283,88.0,1.06,0,True,▆▄▅▅▆▃█▅▇▅▆▇▆▅▁▅▆▆▆▆,False,False,False,0,-0.15004492362982935,-0.15166461159062894,-0.1602153688505641,-0.21316683871822562,UP,False,4,16.0,IGNORE,SEED,,NEUTRAL,C,WAIT,No standout factor,Transportation,27.3
BOROSCI,130.46,132.34,134.09,130.0,True,False,False,False,False,False,0.3619913105759817,0.47440474400000004,0.32078327730084194,False,-0.43354050394166915,False,64.51,True,1.162143416892604,79.0,0.78,0,True,▄█▅▆▆▆▁▄▃▂▆▇▅▆▆█▆▆▇▇,False,False,False,0,-0.18868159203980095,-0.15114841564187642,-0.19885203726053569,-0.2126506427694731,UP,False,4,16.0,IGNORE,NONE,,NEUTRAL,C,WAIT,No standout factor,Process Industries,34.6
NELCAST,118.35,116.94,120.15,116.94,False,False,False,False,False,False,0.14220342069819886,0.9629192699999999,0.12795579286260783,False,-0.49320203968208853,False,51.57,True,1.1700775967690702,64.0,0.4,0,True,▃▃▃▁▄▃▅▄▆▅▄▅▅▅▆█▅▆▅▅,False,False,False,0,-0.16319027080534543,-0.17600779781382725,-0.17336071602608016,-0.23751002494142393,UP,False,3,16.0,IGNORE,NONE,,NEUTRAL,C,WAIT,No standout factor,Non-Energy Minerals,34.1
SERVOTECH,82.19,82.55,84.9,81.96,True,False,False,False,False,False,0.5676771337629094,4.393778772,0.5184640292899582,False,-0.4225482782852433,False,47.85,True,1.0302619255240126,63.0,0.31,0,True,▁▄▄▇▆▇▅▂▆▆▆▆▆▅▇▅█▇▇▆,False,False,False,0,-0.18202627388535042,-0.20597043763887557,-0.19219671910608516,-0.26747266476647225,UP,False,2,16.0,IGNORE,NONE,,NEUTRAL,C,WAIT,No standout factor,Producer Manufacturing,34.1
TRIVENI,276.52,280.0,284.39,273.75,True,False,False,False,False,False,1.043905431899387,27.810335352,0.8660362352418827,False,-0.0035946527240069636,False,40.83,False,0.8242823111398231,26.0,-0.52,0,True,▄▄▆▁▄▄▃▂▅▄▆▇▆▅▅█▅▂▁▂,False,False,False,7,-0.3976911348290133,-0.26749668874172194,-0.40786158004974804,-0.3289989158693186,FLAT,False,1,16.0,IGNORE,NONE,,NEUTRAL,C,WAIT,No standout factor,Process Industries,34.6
GANECOS,1101.7,1101.9,1114.9,1079.0,False,False,True,True,False,False,0.39346201955094545,6.44064837,0.3778524785805293,False,-0.20566581880945312,False,37.45,False,0.8062345938149214,15.0,-0.79,0,False,█▂▅▇▅▆█▅▆▁▂▆▄▆█▇▄▅▇▂,False,False,False,0,-0.11006098792358332,0.190190676821693,-0.12023143314431806,0.12868844969409632,FLAT,True,77,15.0,IGNORE,NONE,,NEUTRAL,C,WAIT,No standout factor,Process Industries,34.6
CGCL,225.54,225.78,229.78,224.28,True,False,False,True,False,True,0.7193846526478129,60.985068731999995,0.6986553707796173,False,-0.19474001331280935,False,31.91,False,0.9296972875331411,18.0,-0.95,0,False,▃▁▅▆▂▅▃▇▅▂▄█▆▃▁▅▁▂▄▃,False,False,False,0,-0.09653901618330396,0.10994094488188977,-0.1067094614040387,0.04843871775429309,FLAT,True,62,15.0,IGNORE,NONE,,NEUTRAL,C,WAIT,No standout factor,Finance,29.7
CEMPRO,1324.0,1340.0,1351.3,1305.9,False,False,True,True,False,False,0.6215456876041289,53.54256,0.6092231296203825,False,-0.019725219972823175,False,45.97,False,0.8710481189188165,39.0,-0.17,0,False,▇▃▅▆▁▃▄▃▆▄▅▇▆▅▅▅▇█▇▄,False,False,False,0,-0.19248597218833863,0.09985047350058163,-0.20265641740907336,0.03834824637298495,FLAT,True,60,15.0,IGNORE,NONE,,NEUTRAL,C,WAIT,No standout factor,Industrial Services,37.0
JTEKTINDIA,130.04,130.1,133.3,129.4,True,False,False,False,False,False,0.489873973452743,1.716541004,0.46430268103803607,False,-0.041724432084095854,False,48.9,True,1.0202378468600042,47.0,0.11,0,True,▆▇▇▆▆▇▆▂▆▇▇██▇▆▇▁▇█▇,False,False,False,0,-0.02824689881930953,0.07622279235289242,-0.038417344040044266,0.014720565225295745,FLAT,True,55,15.0,IGNORE,NONE,,NEUTRAL,C,WAIT,No standout factor,Consumer Durables,29.9
PNCINFRA,213.96,215.15,215.19,210.82,True,False,False,False,False,False,0.6200752128532754,9.723390804000001,0.5788445067898959,False,-0.13557555846834032,True,49.02,False,0.9678088074155241,41.0,-0.03,0,False,▅▆▆▃▆▅▆█▆▇▇▅▅▄▁▇▅▇▆▅,False,False,False,4,-0.11968730713844888,0.053782505910165535,-0.12985775235918362,-0.007719721217431141,FLAT,False,50,15.0,IGNORE,NONE,,NEUTRAL,C,WAIT,No standout factor,Industrial Services,37.0
BALMLAWRIE,174.72,174.5,176.4,174.0,False,False,False,False,False,False,0.6575783300141054,1.4237932800000002,0.6574084099154589,False,-0.16522613106829515,True,57.61,False,0.9742609754447675,62.0,0.33,0,True,▇▅▄▅▇▆▆█▄▆▆▅▆▆▄▁▂▆▆▅,False,False,False,0,-0.021614962481800948,0.009825453704773945,-0.031785407702535684,-0.05167677342282273,UP,False,40,15.0,IGNORE,NONE,,NEUTRAL,C,WAIT,No standout factor,Producer Manufacturing,34.1
GRINFRA,868.8,871.6,874.35,866.55,True,False,False,False,False,False,0.1636373293673979,0.6691497599999999,0.16221289254584942,False,-0.3720772894584379,True,52.21,False,0.9360656913367758,50.0,0.02,0,True,█▇▆▆█▇▆▅▅▇▇▆▁▄▆▅█▅▆▅,False,False,False,0,-0.027752909579230156,0.007537979821407914,-0.03792335479996489,-0.05396424730618876,UP,False,39,15.0,IGNORE,NONE,,NEUTRAL,C,WAIT,No standout factor,Industrial Services,37.0
SHREDIGCEM,70.3,70.1,71.9,70.0,True,False,False,False,False,False,1.0409142200415717,0.61379633,0.9985021112341895,False,-0.0060075590629863,True,44.48,False,0.7417412910434071,17.0,-0.88,0,True,▃▃▃▃▆▂▄▃▃▄▄▄▄▂▂▄█▃▄▁,False,False,False,0,-0.03817211656861408,0.003282431853860457,-0.048342561789348815,-0.05821979527373622,UP,False,38,15.0,IGNORE,NONE,,NEUTRAL,C,WAIT,No standout factor,Non-Energy Minerals,34.1
ASIANHOTNR,302.0,296.95,303.5,296.3,False,False,False,False,False,False,0.06945596395567233,0.1763982,0.06891877860745767,False,-0.2052121092951575,True,48.25,False,0.9950813079389959,54.0,0.03,0,True,█▃▁▄▅▃▅▅▄▅▅▆▅▅▃▆▄▅▆▅,False,False,False,0,0.025292819555253754,-0.006088530524930191,0.015122374334519018,-0.06759075765252687,UP,False,34,15.0,IGNORE,NONE,,NEUTRAL,C,WAIT,No standout factor,Consumer Services,31.6
MEDIASSIST,346.8,345.05,348.0,343.0,False,False,False,False,False,False,0.3581202461364875,1.8756331199999998,0.35331981427613035,False,-0.20905248342338126,True,63.8,True,1.09538239662114,82.0,0.67,0,False,▅▂▁▂▂▃▃▂▄▂▁▃█▁▂▁▄▅▃▄,False,False,False,0,-0.029522876731495784,-0.011543394613082514,-0.03969332195223052,-0.07304562174067919,UP,False,33,15.0,IGNORE,NONE,,NEUTRAL,C,WAIT,No standout factor,Finance,29.7
CARRARO,512.8,513.0,518.75,499.05,True,False,False,False,False,False,0.911204471489237,6.7961896799999995,0.8930757089794217,False,-0.2055252448928224,True,55.39,False,0.92754933728534,68.0,0.4,0,True,▂▂▃▃▅▄▂█▅▄▅▄▃▄▂▆▁▂▂▃,False,False,False,0,-0.07586952604072805,-0.01460415065334364,-0.08603997126146279,-0.07610637778094032,FLAT,False,32,15.0,IGNORE,NONE,,NEUTRAL,C,WAIT,No standout factor,Producer Manufacturing,34.1
RAYMONDREL,578.0,575.8,583.8,574.9,True,False,False,False,False,False,0.2953249386311264,6.8112098,0.2690798732349013,False,-0.2579948625342099,True,39.83,False,0.9388332351208014,27.0,-0.66,0,True,▅▆▂▅▃▅▆▆▇▇██▂▅▃▆▂▅▁▄,False,False,False,0,-0.1644984099450708,-0.019508057675996615,-0.17466885516580555,-0.08101028480359329,FLAT,False,31,15.0,IGNORE,NONE,,NEUTRAL,C,WAIT,No standout factor,Finance,29.7
RSYSTEMS,242.3,240.1,244.95,240.0,False,False,False,False,False,False,0.37596835181089294,3.42924767,0.3571229031981092,False,-0.14332259975531828,True,57.75,True,1.2075779436672731,81.0,0.79,0,False,▇▃▁▃▄▂▄▂▅▅▃▃▅▄▆▇▅▆█▇,False,False,False,0,-0.024046401095581427,-0.02041641398827565,-0.03421684631631616,-0.08191864111587233,UP,False,31,15.0,IGNORE,NONE,,NEUTRAL,C,WAIT,No standout factor,Technology Services,32.9
ELECTCAST,71.25,71.6,72.35,71.0,True,False,False,False,False,False,0.49641591270871566,4.063708125,0.48843154861715044,False,-0.18774870237813085,True,46.6,False,0.8843595509882622,42.0,-0.14,0,True,█▅▄▄▅▆▆▅▄▅▃▆▁▂▂▄▄█▅▃,False,False,False,0,-0.023035787741670144,-0.027170944838885824,-0.03320623296240488,-0.0886731719664825,UP,False,29,15.0,IGNORE,NONE,,NEUTRAL,C,WAIT,No standout factor,Non-Energy Minerals,34.1
BBTC,1473.2,1465.0,1481.8,1465.0,False,False,False,False,False,False,0.7882653875440572,3.8203022399999997,0.7765603350476719,False,-0.09222336077993212,True,49.29,False,0.8739051806673522,61.0,0.28,0,True,▅▆▄▅▄▆▆█▄▆▆▅▄▄▇▆▁▅▇▄,False,False,False,0,-0.012203298913772365,-0.03535882661079104,-0.0223737441345071,-0.09686105373838771,UP,False,27,15.0,IGNORE,NONE,,NEUTRAL,C,WAIT,No standout factor,Consumer Non-Durables,37.4
NESCO,1034.7,1041.4,1049.3,1030.6,True,False,False,False,False,False,0.49964822983133383,2.1126504600000002,0.4954591384467339,False,-0.18043666230430058,True,56.53,True,1.0243168804812641,60.0,0.3,0,False,█▆▇▁▂▄▄▂▄▅▄▆▂▄▄▅█▅▃▅,False,False,False,0,-0.03981069042316243,-0.04406873614190687,-0.04998113564389717,-0.10557096326950355,UP,False,24,15.0,IGNORE,NONE,,NEUTRAL,C,WAIT,No standout factor,Producer Manufacturing,34.1
NAVNETEDUL,134.09,135.0,135.0,131.78,True,False,False,False,False,False,0.3047331223516153,1.053263541,0.3045503964754781,False,-0.14730348247390063,True,62.39,True,1.0085269751464943,62.0,0.36,0,False,▄▅▅▄▁▅█▇▆▇▆▅▅▅▆▆▅▆▆▅,False,False,False,0,-0.08276899924755454,-0.045011039099779215,-0.09293944446828928,-0.10651326622737589,UP,False,24,15.0,IGNORE,NONE,,NEUTRAL,C,WAIT,No standout factor,Producer Manufacturing,34.1
SWARAJENG,3594.0,3635.0,3635.0,3580.0,True,False,False,False,False,False,0.6139336781259507,1.813173,0.6125100681004845,False,-0.11972840949328713,True,57.82,False,0.9540230833326457,67.0,0.44,0,True,▂▃▂▃▆▅▁▃▃▄▄▄▄▂██▆▄▄▃,False,False,False,0,-0.003521224387944555,-0.049256653087138225,-0.013691669608679291,-0.1107588802147349,UP,False,23,15.0,IGNORE,NONE,,NEUTRAL,C,WAIT,No standout factor,Producer Manufacturing,34.1
VESUVIUS,434.9,442.4,442.4,430.0,True,False,False,False,False,False,0.7761133411877157,1.9280856599999998,0.7489063387381233,False,-0.24278317287757603,True,62.23,True,1.128540858148054,77.0,0.6,0,False,▇▇▁▅▅▆██▄▄▄▇▅▃▄▄▆▅▃▇,False,False,False,0,-0.06753859348198976,-0.05977732137066272,-0.0777090387027245,-0.12127954849825939,UP,False,21,15.0,IGNORE,NONE,,NEUTRAL,C,WAIT,No standout factor,Non-Energy Minerals,34.1
AMNPLST,185.83,185.35,188.85,184.75,False,False,False,False,False,False,0.20200237682294322,0.068069529,0.19123987210197355,False,-0.3619303859407816,True,65.55,True,1.2857226918776847,64.0,0.53,0,False,▄▂▅▄█▁█▄▆▅▇▆▆▅▅▇▄▇▆█,False,False,False,0,-0.03874405131388359,-0.059945366248482346,-0.048914496534618324,-0.12144759337607902,UP,False,21,15.0,IGNORE,NONE,,NEUTRAL,C,WAIT,No standout factor,Process Industries,34.6
BIRLACORPN,895.55,893.0,904.75,893.0,True,False,False,False,False,False,0.2556614301334245,2.4374184349999997,0.25099713724447525,False,-0.23856610260849442,True,37.87,False,0.6724196097231839,5.0,-1.5,0,True,█▇▆▅▅▅▆▆▄█▅▆▅▇▅▆▅█▆▁,False,False,False,0,-0.1127018725849599,-0.06185836999790495,-0.12287231780569463,-0.12336059712550163,UP,False,20,15.0,IGNORE,NONE,,NEUTRAL,C,WAIT,No standout factor,Non-Energy Minerals,34.1
CIEINDIA,409.7,408.1,412.0,406.2,True,False,False,False,False,False,0.30378281621576114,10.008233539999999,0.2988106012729603,False,-0.3764320191141213,True,52.79,False,0.8961735646623435,47.0,0.05,0,True,▄▁▂▃▆▅▅█▆▇██▇▇▇▄▆▅▅▅,False,False,False,0,-0.1332769198222974,-0.0697093551316984,-0.14344736504303213,-0.13121158225929508,FLAT,False,18,15.0,IGNORE,NONE,,NEUTRAL,C,WAIT,No standout factor,Producer Manufacturing,34.1
INDIASHLTR,669.05,674.0,674.0,661.2,True,False,False,False,False,False,0.4517025127792195,5.389532275,0.42971129504509564,False,-0.2124080211010862,True,59.69,True,1.0698858238784033,56.0,0.11,0,False,▄▆▄▅▄█▇▅▅▅▄▁▃▅▃▃▄▅▅▅,False,False,False,0,-0.17923081641415695,-0.09612266954877069,-0.18940126163489168,-0.15762489667636737,FLAT,False,12,15.0,IGNORE,NONE,,NEUTRAL,C,WAIT,No standout factor,Finance,29.7
SHRIRAMPPS,77.98,76.5,79.49,76.5,False,False,False,False,False,False,0.6706684880336269,2.662361968,0.6331247486929741,False,-0.255178057011381,True,53.75,False,0.9515884888774796,55.0,0.11,0,True,▅▅▄▁▃▄▆▅▅▅▃▆█▃▆▇▄▆▅▄,False,False,False,0,-0.11577276335185394,-0.09933009933009929,-0.12594320857258867,-0.16083232645769596,UP,False,12,15.0,IGNORE,NONE,,NEUTRAL,C,WAIT,No standout factor,Finance,29.7
TEAMLEASE,1246.5,1228.1,1261.4,1228.1,False,False,False,False,False,False,0.3920254803854405,2.11493655,0.38116095479388235,False,-0.26861119716227405,True,54.44,False,0.8535925679118812,42.0,-0.22,0,True,██▄▇▆▇▅▁█▅▄▂▅▇▅▄▅▅▆▄,False,False,False,0,-0.05952919873245821,-0.1043971835033769,-0.06969964395319295,-0.16589941063097358,UP,False,11,15.0,IGNORE,NONE,,NEUTRAL,C,WAIT,No standout factor,Commercial Services,24.6
FLAIR,252.05,252.0,253.4,248.7,True,False,False,False,False,False,1.0737460965110315,4.5793956300000005,1.074128842271871,False,-0.09548847437619586,True,55.2,False,0.8964313263773295,66.0,0.35,0,True,▂▄▁▁▆▁▃▂▃▄▇▄▆▆▂▆█▁▇▃,False,False,False,0,0.013470044229995981,-0.13026224982746726,0.003299599009261245,-0.19176447695506393,UP,False,7,15.0,IGNORE,NONE,,NEUTRAL,C,WAIT,No standout factor,Producer Manufacturing,34.1
CEINSYS,782.7,786.5,791.95,780.0,True,False,False,False,False,False,0.31871255784415303,1.82259522,0.30570647716439264,False,-0.151403583858774,True,57.39,True,1.1171672733643494,70.0,0.63,0,False,▇▄▆█▇▅▇▇▆▅▃▆▇▆▃▅▁▅▅▆,False,False,False,0,-0.11308781869688378,-0.14817434837024535,-0.12325826391761852,-0.20967657549784202,UP,False,5,15.0,IGNORE,NONE,,NEUTRAL,C,WAIT,No standout factor,Industrial Services,37.0
DLINKINDIA,418.85,421.05,422.0,413.1,False,False,False,False,False,False,0.7721589441362652,3.036117995,0.7332553247329964,False,-0.13263649160222715,True,50.4,False,0.980153829698272,44.0,-0.06,0,True,▅▄▁▅▄▅▃▆▅▆▅▇▅▇▇▇██▅▅,False,False,False,0,-0.07589630446773299,-0.1508362899138368,-0.08606674968846773,-0.21233851704143347,UP,False,4,15.0,IGNORE,NONE,,NEUTRAL,C,WAIT,No standout factor,Electronic Technology,39.9
KALAMANDIR,85.72,87.0,87.0,85.5,True,False,False,False,False,False,0.34677548655683127,1.7075252559999998,0.3383807257641326,False,-0.3072292847610518,True,52.98,False,0.9715218308180367,73.0,0.71,0,True,▅▃▃█▁▃▆▅▅▅▅▅▆███▆▅▆▅,False,False,False,0,-0.04660215771326881,-0.21227715493475463,-0.056772602934003547,-0.2737793820623513,UP,False,1,15.0,IGNORE,NONE,,NEUTRAL,C,WAIT,No standout factor,Retail Trade,32.3
WAAREEINDO,297.55,300.65,302.4,296.0,True,False,False,False,False,False,0.2522524638978606,0.894584075,0.2341450162446309,False,-0.22821351703475506,True,64.05,True,1.030538035783241,52.0,0.12,0,False,▅▄█▅▃▄▆▂▄▄▃▁▆▄▃▄▄▄▁▄,False,False,False,0,-0.21376667987845155,-0.2311369509043928,-0.22393712509918628,-0.29263917803198947,UP,False,1,15.0,IGNORE,NONE,,NEUTRAL,C,WAIT,No standout factor,Electronic Technology,39.9
CAPITALSFB,287.75,280.15,290.9,280.15,False,False,False,True,False,True,0.45849611223531506,0.5401643,0.44586470635101294,False,-0.22218871183729505,False,61.4,True,1.0200945331904536,32.0,-0.36,0,False,█▄▁▄▆▁▄▄▂▃▇▇█▄▃▆▁██▅,False,False,False,1,-0.056712014423864976,0.05383629371909904,-0.06688245964459971,-0.007665933408497638,FLAT,False,50,14.0,IGNORE,NONE,,NEUTRAL,C,WAIT,No standout factor,Finance,29.7
GREAVESCOT,198.59,194.2,200.95,194.01,False,False,False,True,False,False,0.5426054889327386,23.113155317,0.5123749643769828,False,-0.4095800621627979,False,35.09,False,0.8787108567994293,24.0,-0.62,0,True,▃▂▁▆▄▃▄▆█▂▄▃▆▇▅▇▃█▄▂,False,False,False,0,-0.19958889202369923,0.04394680124060346,-0.20975933724443396,-0.017555425886993214,FLAT,False,48,14.0,IGNORE,NONE,,NEUTRAL,C,WAIT,No standout factor,Producer Manufacturing,34.1
SKMEGGPROD,258.6,259.42,266.0,257.35,True,False,False,True,False,False,0.3054693815551756,6.001356060000001,0.2951230824099823,False,-0.35774950095109126,False,36.26,False,0.9013510322283953,18.0,-0.83,0,True,▅▃▅█▃▁▆▄▇▅▇▃▆▇▆█▆▇▆▅,False,False,False,0,-0.17564552119859733,0.04455305570141799,-0.18581596641933207,-0.01694917142617869,FLAT,False,48,14.0,IGNORE,NONE,,NEUTRAL,C,WAIT,No standout factor,Process Industries,34.6
AADHARHFC,487.4,487.65,493.85,482.0,True,False,False,False,False,True,0.9246273672353811,13.987356459999999,0.8968291349631543,False,-0.0868730319960824,False,49.76,False,0.8944170830786928,28.0,-0.63,0,True,▆▁▁▄▅▅█▂▂▃▅▄▅▄▂▅▆▆▅▃,False,False,False,0,-0.05082765335929895,0.04178689750988562,-0.06099809858003369,-0.019715329617711053,FLAT,False,47,14.0,IGNORE,NONE,,NEUTRAL,C,WAIT,No standout factor,Finance,29.7
ASHIANA,365.75,365.0,367.2,362.0,False,False,False,True,False,True,0.05312722592365575,0.876227275,0.049512489530577075,False,-0.4295352646919104,False,60.56,True,1.3947489636112391,71.0,0.52,0,False,▁▄▄▅▄▇▄▄▇▅▆██▅▆▅▇▆▆█,False,False,False,1,-0.0747533518846446,0.009801214798453861,-0.08492379710537934,-0.051701012329142815,FLAT,False,40,14.0,IGNORE,NONE,,NEUTRAL,C,WAIT,No standout factor,Finance,29.7
LEMONTREE,109.02,109.2,110.13,107.88,True,False,False,False,False,False,1.0008976206974813,33.085313286,0.988143652305232,False,-0.18375749723711646,False,56.25,False,0.986963311283842,82.0,0.87,0,True,▅▁▃▆▅▇▆▆▄▄▄▆▇▅▄▅▅▇█▅,False,False,False,0,-0.017395223073456534,0.009537920177794312,-0.02756566829419127,-0.051964306949802364,UP,False,39,14.0,IGNORE,NONE,,NEUTRAL,C,WAIT,No standout factor,Consumer Services,31.6
BAJAJHFL,84.36,84.58,84.9,84.07,False,False,False,False,False,False,0.6369310661540902,15.943036116,0.6253851100797804,False,-0.19420737077786415,False,52.88,False,0.9839237868413218,44.0,-0.07,0,True,█▅▄▇▄▄▃▂▄▁▆█▇▆▃▇▇█▅▅,False,False,False,0,-0.021004990135778168,0.004046655558200385,-0.031175435356512904,-0.05745557156939629,UP,False,38,14.0,IGNORE,NONE,,NEUTRAL,C,WAIT,No standout factor,Finance,29.7
HINDUNILVR,2072.1,2089.0,2090.9,2066.4,True,False,False,False,False,False,0.6132835473673889,229.64296901999998,0.6084876377827271,False,-0.07953098255754665,False,59.56,True,1.0144693027652634,53.0,0.07,0,False,▂▂▄▂▁▁▃█▂▂▂▂▂▃▁▃▃▄▃▃,False,False,False,0,-0.03344528407500713,-0.0035106280657882794,-0.04361572929574187,-0.06501285519338496,UP,False,35,14.0,IGNORE,NONE,,NEUTRAL,C,WAIT,No standout factor,Consumer Non-Durables,37.4
SAMHI,160.03,159.0,161.24,158.6,False,False,False,False,False,False,0.42770800510326923,7.0116344349999995,0.3947433007269514,False,-0.03515017593823983,False,55.72,False,0.9811154641898139,56.0,0.1,0,True,▂▅▁▃▅█▅▆▅▄▂▆▅█▇█▅▆▅▅,False,False,False,2,-0.028413575374901412,-0.003921324536287796,-0.03858402059563615,-0.06542355166388447,UP,False,35,14.0,IGNORE,NONE,,NEUTRAL,C,WAIT,No standout factor,Consumer Services,31.6
WHIRLPOOL,769.0,778.0,785.15,765.15,True,False,False,False,False,False,0.38541535512421465,12.1465088,0.3718613158506588,False,-0.07465872914662092,False,58.49,True,1.114286258596712,71.0,0.5,0,False,▆▁▃▆▅█▄▅▄▅▁▄▅▅▅▆█▅▅▅,False,False,False,0,-0.0009094452384046381,-0.006138933764135657,-0.011079890459139374,-0.06764116089173233,UP,False,34,14.0,IGNORE,NONE,,NEUTRAL,C,WAIT,No standout factor,Consumer Durables,29.9
MUKANDLTD,135.69,135.99,136.88,134.17,False,False,False,True,False,True,0.3555660681526035,0.856692384,0.34887941667526146,False,-0.45446920455192896,False,59.06,True,1.1050199262821112,72.0,0.54,0,False,▅▆▄▇▇▆▆▇█▇▆▆▅▆▆▁▇▆▆▇,False,False,False,0,-0.06985193309569504,-0.013809143106330413,-0.08002237831642978,-0.07531137023392709,FLAT,False,32,14.0,IGNORE,NONE,,NEUTRAL,C,WAIT,No standout factor,Non-Energy Minerals,34.1
GILLETTE,7517.5,7569.5,7583.5,7506.0,True,False,False,False,False,False,0.6890289324727722,9.526176,0.670930859427402,False,-0.31544962440301305,False,63.62,True,1.1803449011586378,85.0,1.02,0,False,▅▆▄▄▅▅▁▇▆▇▅▅▇▇▆█▅▅▇█,False,False,False,0,-0.04913989375158112,-0.018282729350310167,-0.05931033897231586,-0.07978495647790684,UP,False,31,14.0,IGNORE,SEED,,NEUTRAL,C,WAIT,No standout factor,Consumer Non-Durables,37.4
ARVINDFASN,438.05,441.0,443.6,434.0,True,False,False,False,False,False,0.7869944306639811,12.6876802,0.7439623419632654,False,-0.023620143207314048,False,57.89,True,1.0308323762208749,71.0,0.43,0,False,█▄▅▂▆▆▂▄▇▅▇▅▄▅▆▁▄▄▂▅,False,False,False,1,-0.07005625729752685,-0.03310892837435164,-0.08022670251826158,-0.09461115550194832,UP,False,27,14.0,IGNORE,NONE,,NEUTRAL,C,WAIT,No standout factor,Retail Trade,32.3
BRIGHOTEL,60.71,61.5,61.8,60.35,True,True,False,False,False,False,0.6020650561287059,0.426214555,0.6026565614523663,False,-0.2144081787249497,False,66.91,True,1.038596164443099,72.0,0.56,0,False,▄▄▇▇▂█▁▇▃▂▂▃▄▁▅▇▅▄▄▅,False,False,False,0,-0.026927392210290058,-0.03833359733882469,-0.037097837431024794,-0.09983582446642136,UP,False,26,14.0,IGNORE,NONE,,NEUTRAL,C,WAIT,No standout factor,Consumer Services,31.6
J&KBANK,150.24,148.1,151.75,147.68,False,False,False,True,False,False,0.42239862103754183,38.20107408,0.39443832329095435,False,-0.24428797242032105,False,44.22,True,1.0111935605584204,46.0,-0.12,0,False,█▅▄▅▆▂▁▅▅▆▄▃▇▅▃▄▄▅▇▅,False,False,False,0,-0.19627668111057617,-0.042935405784176206,-0.2064471263313109,-0.10443763291177288,FLAT,False,24,14.0,IGNORE,NONE,,NEUTRAL,C,WAIT,No standout factor,Finance,29.7
INDPRUD,6187.5,6200.5,6250.0,6141.0,False,False,False,False,False,True,0.3004807692307692,0.0309375,0.29050067033469834,False,-0.14949128588694702,False,98.04,True,1.1924613672438016,67.0,0.81,0,False,▇█▃▆█▄█▆▆▅▄▇▇▆▇▁▇▇▄█,False,False,False,0,-0.05814749980972678,-0.04807692307692313,-0.06831794503046151,-0.1095791502045198,UP,False,23,14.0,IGNORE,NONE,,NEUTRAL,C,WAIT,No standout factor,Finance,29.7
DABUR,403.5,406.8,406.8,402.1,True,False,False,False,False,False,0.8610854483669691,74.7917109,0.830305895192514,False,-0.023903839058476782,False,43.85,False,0.8410695105109713,16.0,-0.98,0,True,▄▆▃▅▄▃▁▅▅▅▅▆▄▅▆▆▅█▅▄,False,False,False,0,-0.05303919267777524,-0.05315029919042591,-0.06320963789850997,-0.11465252631802259,UP,False,22,14.0,IGNORE,NONE,,NEUTRAL,C,WAIT,No standout factor,Consumer Non-Durables,37.4
JKLAKSHMI,556.0,557.0,561.9,553.0,True,False,False,False,False,False,0.44218433093178383,7.252464,0.43293105618760536,False,-0.6644126106816142,False,55.35,True,1.0870098881567964,47.0,-0.16,0,False,▅▅▄▅▅▇▄▇▆▇▆▁▆▆█▅▆▇▇▆,False,False,False,0,-0.04483765676000695,-0.057866644073540585,-0.055008101980741686,-0.11936887120113726,UP,False,21,14.0,IGNORE,NONE,,NEUTRAL,C,WAIT,No standout factor,Non-Energy Minerals,34.1
NAVA,558.9,559.65,571.0,557.0,True,False,False,False,False,False,0.8342495659176864,15.45542937,0.8146838665671593,False,-0.14293536130508225,False,54.29,True,1.0403272939801285,79.0,0.8,0,False,██▆▆▆▅▆█▄▆▆▅▆▆▇▃▆▁▆▆,False,False,False,0,-0.04534973097617234,-0.06004036326942486,-0.05552017619690708,-0.12154259039702153,UP,False,20,14.0,IGNORE,NONE,,NEUTRAL,C,WAIT,No standout factor,Utilities,32.3
POWERGRID,266.65,267.0,268.2,265.75,False,False,False,False,False,False,0.7290267521978328,174.36702137999998,0.6924027921200845,False,-0.019433284878373723,False,68.58,True,1.1037701685913168,73.0,0.56,0,False,▅▅▅█▄▆▅▇█▁▆▂▆▆▅▅▅▅▆▇,False,False,False,0,-0.059601481220243446,-0.06307097680955742,-0.06977192644097818,-0.1245732039371541,UP,False,19,14.0,IGNORE,NONE,,NEUTRAL,C,WAIT,No standout factor,Utilities,32.3
PAGEIND,36425.0,37370.0,37495.0,36425.0,True,False,False,False,False,False,1.4247773159602297,168.4401275,1.3481155176430553,False,-0.3388292322100272,False,54.12,True,1.2059092225762604,58.0,0.24,0,False,▇▅▆▅▃█▃▄▁▆▄▇▇▅▄▄▃▂▅▇,False,False,False,0,-0.09153261005112856,-0.06374501992031878,-0.1017030552718633,-0.12524724704791546,UP,False,19,14.0,IGNORE,NONE,,NEUTRAL,C,WAIT,No standout factor,Consumer Non-Durables,37.4
STAR,949.1,984.8,984.8,944.1,True,False,False,False,False,False,0.8689081938889318,22.95882391,0.8119200024624857,False,-0.25706943122694287,False,49.31,True,1.0405587912551701,76.0,0.62,0,False,▅▄▅▆▅▅▄▁▄█▆▅▅▆▅▅▇▅▆▆,False,False,False,0,-0.09721297441263188,-0.06676499508357914,-0.10738341963336662,-0.1282672222111758,UP,False,18,14.0,IGNORE,NONE,,NEUTRAL,C,WAIT,No standout factor,Health Technology,28.9
GODFRYPHLP,2102.3,2130.0,2141.7,2102.3,True,False,False,False,False,False,0.22383220191465464,30.436258480000003,0.21554619471997852,False,-0.015682136475721902,False,37.59,True,1.1951165230661625,87.0,1.0,0,False,█▆▃▄▂▁▆▃▄▁▁▃▄▅▆▄▇▇▆▆,False,False,False,0,-0.014023074758465315,-0.0710940261576527,-0.02419351997920005,-0.13259625328524938,UP,False,17,14.0,IGNORE,SEED,,NEUTRAL,C,WAIT,No standout factor,Consumer Non-Durables,37.4
DHANUKA,996.4,1011.6,1011.6,990.0,True,False,False,False,False,False,0.4230727519958623,2.02129704,0.41359073614422126,False,0.18117989763310047,False,44.9,False,0.8504271076008105,17.0,-0.79,0,False,▄▄▅▇▆█▆▇▁▄▆▆▅▅▅▅▆▆▇▄,False,False,False,0,-0.0183251231527094,-0.0834329868457363,-0.028495568373444136,-0.14493521397333298,UP,False,15,14.0,IGNORE,NONE,,NEUTRAL,C,WAIT,CMF positive,Process Industries,34.6
FINPIPE,158.34,159.9,160.3,157.0,True,False,False,False,False,False,0.9396941766415668,7.3022766180000005,0.9059020636683305,False,-0.050946727069903906,False,42.22,False,0.7920012005702708,18.0,-0.69,0,True,▃█▂▄▇▇▅▆▅▅▆▆▅▆▄▄▅▇▅▁,False,False,False,0,-0.044532947139753754,-0.08489857250187827,-0.05470339236048849,-0.14640079962947494,UP,False,14,14.0,IGNORE,NONE,,NEUTRAL,C,WAIT,No standout factor,Producer Manufacturing,34.1
IZMO,903.9,912.0,929.0,885.0,True,False,False,True,False,False,1.1059363958642374,10.138775129999999,0.9830427942156041,False,-0.3336866091640195,False,58.81,True,1.195495294045901,82.0,0.77,0,False,▄▃▄▄▁▅█▃▄▇▆▁█▄▇▃▂▃▅▇,False,False,False,0,-0.18110164884942925,-0.08963641857186022,-0.191272094070164,-0.1511386456994569,FLAT,False,13,14.0,IGNORE,NONE,,NEUTRAL,C,WAIT,No standout factor,Technology Services,32.9
PROTEAN,551.75,550.0,554.0,543.2,False,False,False,False,False,False,0.46374450220367486,8.42356725,0.43072689652051166,False,-0.29441455180366977,False,54.08,True,1.0923156161948717,72.0,0.62,0,False,▄▄▁▃▂▄▇▇▄▃▆▆▄▄███▇▆▆,False,False,False,0,-0.07393420610943258,-0.09697217675941083,-0.08410465133016731,-0.1584744038870075,UP,False,12,14.0,IGNORE,NONE,,NEUTRAL,C,WAIT,No standout factor,Technology Services,32.9
TATACHEM,653.0,663.0,667.05,651.0,True,False,False,False,False,False,0.4943418832902115,21.2330786,0.4786834429237683,False,-0.514136691367533,False,50.39,True,1.2242170987099439,72.0,0.6,0,False,▄█▄▇▃▃▇▅█▇▇▇▁▇▅▂▆▇▆█,False,False,False,0,-0.05451386375153833,-0.10110812857044538,-0.06468430897227306,-0.16261035569804205,UP,False,11,14.0,IGNORE,NONE,,NEUTRAL,C,WAIT,No standout factor,Process Industries,34.6
GMRP&UI,96.3,96.7,98.61,96.03,True,False,False,False,False,False,1.1483062064150118,8.16892677,1.1255554996197026,False,-0.02271106897080106,False,52.44,True,1.0364046009723704,66.0,0.3,0,False,▁▃▃▅▅▅▇▇▇▅█▆▃█▆▅▄▆▅▆,False,False,False,0,-0.003930492345883385,-0.10134378499440089,-0.014100937566618121,-0.16284601212199756,UP,False,11,14.0,IGNORE,NONE,,NEUTRAL,C,WAIT,No standout factor,Industrial Services,37.0
TORNTPOWER,1264.1,1313.0,1319.0,1259.0,True,False,False,False,False,False,1.161660861633718,45.037860439999996,1.060849568445325,False,-0.25801221264737845,False,49.62,False,0.8085120250276999,50.0,-0.02,0,True,▆█▆▄▇▄▆▅▅▃▂▃▂▁▄▂▁▁▂▁,False,False,False,0,-0.11964621491747351,-0.11465191203249758,-0.12981666013820825,-0.17615413916009426,UP,False,9,14.0,IGNORE,NONE,,NEUTRAL,C,WAIT,No standout factor,Utilities,32.3
INDIAMART,1753.1,1767.2,1785.9,1737.4,True,False,False,False,False,False,0.5986047781039918,18.3795004,0.585112152112186,False,-0.28512357076252937,False,55.66,False,0.8837656099903939,17.0,-0.82,0,True,▁▆▄▅▆▄▅▃▅▅▆▄▅▄▅▅▇▆█▃,False,False,False,0,-0.08597497393117837,-0.1281145869597653,-0.0961454191519131,-0.18961681408736197,UP,False,7,14.0,IGNORE,NONE,,NEUTRAL,C,WAIT,No standout factor,Retail Trade,32.3
CAMLINFINE,109.6,113.54,115.59,108.7,True,False,False,False,False,False,0.7934723519293376,13.737625679999999,0.7578323209582947,False,-0.0999126142306066,False,43.75,False,0.9305738716127112,33.0,-0.4,0,True,▇▇▇▇▇██▇█▅▆▇▇█▆▇▆▅▁▆,False,False,False,0,-0.11534425700217943,-0.17624953025178514,-0.12551470222291417,-0.2377517573793818,UP,False,2,14.0,IGNORE,NONE,,NEUTRAL,C,WAIT,No standout factor,Process Industries,34.6
ELECON,433.95,440.5,444.75,431.65,True,False,False,False,False,False,0.6698623002403772,13.406234325,0.6734552894035714,False,-0.20946677091018825,False,46.56,False,0.9672493845626501,60.0,0.28,0,True,▄▁█▆▄▇▂▅▄▄▃▃▄▃▅▃▁▇▄▄,False,False,False,0,-0.03502334889926617,-0.1856057051703106,-0.04519379412000091,-0.24710793229790728,UP,False,2,14.0,IGNORE,NONE,,NEUTRAL,C,WAIT,No standout factor,Producer Manufacturing,34.1
ORIENTHOT,121.21,122.0,124.04,119.12,True,False,False,True,False,False,0.31361525425014186,2.330819816,0.27706474072708787,False,-0.1595266883573313,False,51.84,False,0.9845686339679979,42.0,-0.04,0,True,▃▅▁▄▅▅▅▅▄▃▆▅▇▆▃▇█▆▆▅,False,False,False,0,-0.1728538283062645,0.17679611650485438,-0.18302427352699924,0.11529388937725771,FLAT,True,75,13.0,IGNORE,NONE,,NEUTRAL,C,WAIT,No standout factor,Consumer Services,31.6
AAVAS,1388.3,1375.0,1393.9,1375.0,True,False,False,False,False,False,0.5450858008493167,6.85625838,0.5349228866263422,False,-0.22605751996156362,False,57.91,True,1.1413986124251023,51.0,-0.05,0,False,▄▂▁▄▃▃▆▆▂▅▃▃▄▄▆▄▃▆█▆,False,False,False,0,-0.08766511138857858,0.10454292306468282,-0.09783555660931331,0.04304069593708615,FLAT,True,61,13.0,IGNORE,NONE,,NEUTRAL,C,WAIT,No standout factor,Finance,29.7
JUNIPER,197.29,196.4,198.5,192.62,False,True,False,False,False,False,0.6742978553929272,3.6509303659999994,0.6785552829831466,False,-0.49957944541832705,True,46.45,False,0.7973359195969548,16.0,-0.94,0,False,█▇▆▇▅▇▅▇█▇▆▁▇▆▇▅▂▆▄▄,False,False,False,0,0.002082486793986149,0.002387968702367571,-0.008087958426748587,-0.059114258425229105,UP,False,37,13.0,IGNORE,NONE,,NEUTRAL,C,WAIT,No standout factor,Consumer Services,31.6
SUNCLAY,1292.1,1288.0,1297.1,1270.1,False,True,False,False,False,False,0.16453874829469353,0.25635263999999996,0.16552398760547452,False,-0.43609997239849524,True,52.37,False,0.895267238210833,28.0,-0.43,0,False,▇█▅▇▁▄▆▅▆▆▅▆▆▆▅▇▅▅▇▅,False,False,False,0,-0.04465804066543444,-0.01629234868671492,-0.054828485886169176,-0.0777945758143116,UP,False,31,13.0,IGNORE,NONE,,NEUTRAL,C,WAIT,No standout factor,Producer Manufacturing,34.1
REFEX,299.45,301.0,302.95,297.0,True,False,False,False,False,False,0.4150006028872908,7.776177489999999,0.40248810465538637,False,-0.2948674781415782,True,44.1,False,0.9651263308785714,65.0,0.4,0,False,▅▅▆▆█▁▆▅▅▅▇▇▆▃▅██▄▆▅,False,False,False,0,-0.0207652060170046,-0.03168957154405827,-0.030935651237739337,-0.09319179867165495,UP,False,28,13.0,IGNORE,NONE,,NEUTRAL,C,WAIT,No standout factor,Energy Minerals,46.3
CROMPTON,244.8,245.3,245.75,242.95,True,False,False,False,False,False,0.37271858679607167,31.9361184,0.3595185141967128,False,-0.19762235646030815,True,39.26,False,0.8921307973731452,17.0,-0.92,0,False,▆▆▂▆▄▁▄█▂▃▄▅▂▂▃▂▄▂▃▃,False,False,False,0,-0.05263157894736825,-0.060088308696486736,-0.06280202416810299,-0.12159053582408341,UP,False,20,13.0,IGNORE,NONE,,NEUTRAL,C,WAIT,No standout factor,Producer Manufacturing,34.1
FORTIS,916.7,912.4,918.25,905.35,False,False,False,False,False,False,0.7756977779955584,101.58181875,0.762257275148423,False,-0.07580825960269194,True,41.88,False,0.7303101376742727,6.0,-1.72,0,False,▆▇▄█▇█▄▆▄▅▇▇▂▃▅▃▄▆▇▁,False,False,False,0,-0.053973168214654255,-0.07380651679717098,-0.06414361343538899,-0.13530874392476766,UP,False,17,13.0,IGNORE,NONE,,NEUTRAL,C,WAIT,No standout factor,Health Services,40.2
SURYAROSNI,223.44,221.27,226.84,221.27,False,False,False,False,False,False,0.5608847535470161,9.959368776,0.5285693850264492,False,-0.321979414952311,True,40.16,False,0.7800178689352444,8.0,-1.25,0,False,▆▅▅▅▆▆▆█▇▆▄▆▆▇▁▆▇▇▇▄,False,False,False,0,-0.06157076858462829,-0.10606121224244847,-0.07174121380536302,-0.16756343937004514,UP,False,10,13.0,IGNORE,NONE,,NEUTRAL,C,WAIT,No standout factor,Non-Energy Minerals,34.1
SAATVIKGL,401.45,405.65,417.95,399.45,True,False,False,False,False,False,1.2747052544908533,5.348076755,1.2005270090448532,False,-0.034503110458595006,True,32.36,False,0.6520578308397562,10.0,-1.37,0,False,▃▁▃▅▅▅▆▅▄▅▅▅▆█▄▁▁▂▃▂,False,False,False,0,-0.10689655172413792,-0.1275670976855373,-0.11706699694487266,-0.189069324813134,UP,False,7,13.0,IGNORE,NONE,,NEUTRAL,C,WAIT,No standout factor,Producer Manufacturing,34.1
CMSINFO,249.5,254.35,254.4,248.25,True,False,False,False,False,False,1.4907612597206024,24.6802406,1.3860631363397191,False,-0.25608301785162707,True,58.93,False,0.983207227649262,44.0,-0.19,0,False,▂▄▅▅▆▆▇█▇▆▇▇▆▁▅▇▅█▅▆,False,False,False,0,-0.09272727272727277,-0.1530889341479974,-0.1028977179480075,-0.21459116127559408,UP,False,4,13.0,IGNORE,NONE,,NEUTRAL,C,WAIT,No standout factor,Finance,29.7
JKCEMENT,5375.5,5338.0,5399.0,5322.0,False,False,False,False,False,False,0.3591738186022589,11.3552062,0.34550967207556005,False,0.012511315206146722,False,35.77,False,0.7030681840517328,2.0,-1.78,0,False,▄█▂▄▃▅▄▄▄▄▃▅▄▃▄▇▄▄▂▁,False,False,False,2,-0.049929303640862455,0.11478639568643723,-0.06009974886159719,0.05328416855884055,FLAT,True,63,12.0,IGNORE,NONE,,NEUTRAL,C,WAIT,CMF positive,Non-Energy Minerals,34.1
IXIGO,172.26,171.2,174.8,170.25,True,False,False,False,False,False,0.34769990533473755,6.006861234,0.3266367681656544,False,-0.209409323108372,True,41.06,False,0.9678940172551977,33.0,-0.36,0,False,█▅█▁▅▆▇█▇█▇▅▃▁▅▅█▄▆▅,False,False,False,0,-0.11851396991096097,0.10309938524590168,-0.1286844151316957,0.041597158118305,FLAT,True,61,12.0,IGNORE,NONE,,NEUTRAL,C,WAIT,No standout factor,Technology Services,32.9
FINOPB,151.74,147.49,153.0,147.0,False,False,False,False,False,False,0.5978651770197924,7.716646656,0.5483047141941071,False,-0.13652720242893782,True,22.27,False,0.8610423755026292,9.0,-1.37,0,False,▂▂▁▄▄▂▄▅▅▇▆▇█▅▄▅▄▅▆▃,False,False,False,0,-0.12187499999999996,0.08478696025164445,-0.1320454452207347,0.023284733124047774,FLAT,True,57,12.0,IGNORE,NONE,,NEUTRAL,C,WAIT,No standout factor,Finance,29.7
JKIL,502.9,509.0,514.9,500.1,True,True,True,False,False,False,0.8868978811633904,4.13237959,0.9030723749349212,False,-0.00080527785121266,False,47.86,False,0.844568363097339,17.0,-0.86,0,False,█▄▅▆▇▇▆▇▇▆▆▁▃▆▄▇▆█▇▅,False,False,False,2,0.015139281388776737,0.05773477757913548,0.004968836168042001,-0.003767449548461199,UP,False,51,12.0,IGNORE,NONE,,NEUTRAL,C,WAIT,No standout factor,Industrial Services,37.0
CANTABIL,228.58,236.3,238.0,227.07,True,False,False,False,False,False,0.8389879221762542,3.44972936,0.8035598847568703,False,-0.33050150992314836,False,59.19,True,1.1174671499773448,74.0,0.62,0,True,▅▅▃▅▅▄▅▄▄█▁▅▄▅▆▆▄▅▅▅,False,False,False,0,-0.08917755817660178,0.060351625921974295,-0.09934800339733652,-0.0011506012056223813,FLAT,False,51,12.0,IGNORE,NONE,,NEUTRAL,C,WAIT,No standout factor,Consumer Non-Durables,37.4
HONAUT,36400.0,36970.0,36970.0,36105.0,False,False,False,True,False,True,0.4688553275102907,11.89916,0.43838538217980544,False,-0.07789767034752547,False,41.17,False,0.765213189100777,17.0,-0.8,0,False,▅▆▆▄▄▁▄▃▃▄▅▄▅▅▄▅▃█▅▃,False,False,False,2,-0.056383668178872304,0.036298932384341676,-0.06655411339960704,-0.025203294743255,FLAT,False,46,12.0,IGNORE,NONE,,NEUTRAL,C,WAIT,No standout factor,Electronic Technology,39.9
HGS,406.95,410.0,413.8,403.5,True,False,False,False,False,False,0.6082604657512206,0.50771082,0.5885167305340778,False,-0.3710211895686397,False,63.79,True,1.0933523014560318,69.0,0.4,0,True,█▄▄▆▅█▅▇▆█▇▅▁▆▆▇▆▆▄▇,False,False,False,0,-0.05525246662797445,0.01673953778888193,-0.06542291184870919,-0.044762689338714745,FLAT,False,41,12.0,IGNORE,NONE,,NEUTRAL,C,WAIT,No standout factor,Commercial Services,24.6
SPANDANA,240.35,247.5,247.5,240.0,True,False,False,False,False,False,0.45872430702728145,3.7101147049999996,0.41575334213913767,False,-0.3857994092648199,False,57.31,True,1.1905602758792613,87.0,0.99,0,True,▃▂▁▃▃▃▄▂▅▅▄▅█▅▅▇▃▆▅▆,False,False,False,0,-0.20715817252185387,-0.0008314279775515354,-0.2173286177425886,-0.06233365510514821,FLAT,False,36,12.0,IGNORE,SEED,,NEUTRAL,C,WAIT,No standout factor,Finance,29.7
INDIACEM,374.5,376.15,377.95,372.05,True,False,False,False,False,False,0.2895150551850615,2.7497288,0.2724315166071212,False,-0.02521203056496465,False,46.3,True,1.1216492847366062,74.0,0.49,0,False,▁▁▁▅▅▄▃▆▆▃▄▅▇▅█▇▆█▅▅,False,False,False,3,-0.07576505429417568,-0.00939029228937971,-0.08593549951491042,-0.07089251941697639,FLAT,False,33,12.0,IGNORE,NONE,,NEUTRAL,C,WAIT,No standout factor,Non-Energy Minerals,34.1
PARKHOTELS,116.4,116.48,117.79,115.5,True,False,False,False,False,False,0.863724678572032,1.19014344,0.8259679485850349,False,-0.23969008880019907,False,66.06,True,1.0933284785091275,82.0,0.8,0,True,▄▅▃▅▆▅█▅▂▅▆▇▄▄▆▇▁▅▇▆,False,False,False,0,-0.09076706764568043,-0.012471366759989833,-0.10093751286641517,-0.07397359388758651,FLAT,False,33,12.0,IGNORE,NONE,,NEUTRAL,C,WAIT,No standout factor,Consumer Services,31.6
DMART,4052.5,4074.8,4098.9,4038.0,True,True,False,False,False,False,0.6398643479342039,142.23423975,0.6570315718982493,False,-0.08183730254086147,False,45.23,False,0.8673391117588402,19.0,-0.82,0,False,▆▂▂▄▁▄▅▅▄▇▅▄█▃▇██▆▆▃,False,False,False,0,0.025456109719375508,-0.02096972918126261,0.015285664498640772,-0.08247195630885928,UP,False,30,12.0,IGNORE,NONE,,NEUTRAL,C,WAIT,No standout factor,Retail Trade,32.3
PLATIND,209.69,216.05,217.83,206.2,True,False,False,False,False,False,1.1485871811593853,1.7486678169999998,1.05876291917207,False,-0.15068197542517914,False,54.7,True,1.0205033488181192,67.0,0.45,0,True,▄▁▅▄▄█▄▂▅▁▂▆▇▂▃▅▁▁▅▄,False,False,False,0,-0.09448546875674735,-0.02369866840487944,-0.10465591397748208,-0.08520089553247612,FLAT,False,29,12.0,IGNORE,NONE,,NEUTRAL,C,WAIT,No standout factor,Process Industries,34.6
RUSTOMJEE,371.9,375.1,378.25,370.2,True,False,False,False,False,False,0.06595948931742145,1.1730097899999998,0.060564701297333205,False,-0.2307436094124737,False,64.52,True,1.167497534539072,79.0,0.75,0,True,▇█▆██▇▇▇█▁▅█▆▇▆██▇▇█,False,False,False,0,-0.09458307973219726,-0.026312344547715694,-0.104753524952932,-0.08781457167531237,FLAT,False,29,12.0,IGNORE,NONE,,NEUTRAL,C,WAIT,No standout factor,Finance,29.7
JINDALPOLY,646.65,665.0,668.05,644.05,True,True,False,True,False,False,0.5913519380904126,1.0075453650000001,0.5848440410522685,False,-0.2185691744476333,False,46.19,False,0.8884742632915288,54.0,0.09,0,False,▅▆▆▅▄▅▆▆▆▇█▆█▆▇▁▃▅▁▅,False,False,False,0,-0.0346346196909757,-0.0347066726377071,-0.044805064911710435,-0.09620889976530378,UP,False,27,12.0,IGNORE,NONE,,NEUTRAL,C,WAIT,No standout factor,Process Industries,34.6
METROBRAND,928.6,942.0,949.1,927.0,True,False,False,False,False,False,0.7563567921078181,4.1271627,0.7097719096510862,False,-0.45162089818039053,False,66.82,True,1.084458582186445,85.0,0.92,0,True,▃▄▂▃▂▄▄▃▅▃▁▂█▃▅▇▂▃▅▅,False,False,False,0,-0.13546224746299218,-0.07093546773386694,-0.14563269268372692,-0.13243769486146362,FLAT,False,17,12.0,IGNORE,SEED,,NEUTRAL,C,WAIT,No standout factor,Retail Trade,32.3
GKENERGY,123.72,124.0,126.72,123.3,True,False,False,False,False,False,0.544448420589548,3.487926612,0.5040629928050024,False,-0.29177748052370195,False,55.56,True,1.1105558775909972,89.0,1.18,0,True,█▆▆▅██▅▅▇▆█▇▁▇▆▆▆▆▇▇,False,False,False,0,-0.13482517482517486,-0.0823319982198486,-0.1449956200459096,-0.14383422534744528,FLAT,False,15,12.0,IGNORE,SEED,,NEUTRAL,C,WAIT,No standout factor,Industrial Services,37.0
ADANIPOWER,205.28,205.91,208.14,205.0,True,False,False,True,False,False,0.7069244409755183,280.26796288,0.6827388213387762,False,-0.14214319554979035,False,36.47,False,0.9824098267920156,60.0,0.17,0,False,▁▄▄▅▅▂▄▆▄▇▇▇▆█▄▅▄▇▆▅,False,False,False,0,-0.04276055024481229,-0.10759466156588271,-0.052930995465547026,-0.16909688869347939,UP,False,10,12.0,IGNORE,NONE,,NEUTRAL,C,WAIT,No standout factor,Utilities,32.3
KIRLFER,435.85,434.0,437.7,429.0,False,False,False,False,False,False,0.3697112597457275,2.1930664450000004,0.35535784261372716,False,-0.08479508879110248,True,61.45,False,0.9781838730987497,38.0,-0.1,0,True,▆▆▇▆▄▆▆▇▇▅▁▄▅▅▅█▆▆█▅,False,False,False,0,-0.06879606879606881,0.03724416944312248,-0.07896651401680355,-0.0242580576844742,FLAT,False,46,11.0,IGNORE,NONE,,NEUTRAL,C,WAIT,No standout factor,Non-Energy Minerals,34.1
WPIL,430.0,433.85,439.4,418.65,True,False,False,False,False,False,0.5427567587558711,1.577627,0.5287083739600512,False,-0.4353863179334547,True,57.7,True,1.0697566628041715,58.0,0.2,0,False,▆▆▁▄▅▄▅▆▄▆▆▆▆▅█▆▇▅▆▆,False,False,False,0,-0.0401785714285714,0.028708133971291794,-0.05034901664930613,-0.03279409315630488,FLAT,False,45,11.0,IGNORE,NONE,,NEUTRAL,C,WAIT,No standout factor,Producer Manufacturing,34.1
SANOFI,3242.1,3197.4,3258.0,3178.1,False,False,False,False,False,False,0.4881784422635828,4.247151,0.47042795505511686,False,-0.017135516690538487,True,59.77,False,0.997005813226132,60.0,0.28,0,True,▅▇▁▆▄█▅▃▆▃▄▆▇▆▆▇▅▆▅▅,False,False,False,0,-0.04173440132415107,0.028650295069484022,-0.05190484654488581,-0.032851932058112654,FLAT,False,44,11.0,IGNORE,NONE,,NEUTRAL,C,WAIT,No standout factor,Health Technology,28.9
EIHOTEL,296.7,296.0,297.45,294.05,False,False,False,False,False,False,0.5639093569642437,3.3146730599999996,0.5329786428836734,False,-0.3525924418405253,True,43.46,False,0.8071465715771486,23.0,-0.57,0,True,▄▅▃▆▄▁▄▅▅▄▅▄█▄▃▆▅▅▅▃,False,False,False,1,-0.11498881431767338,0.01906233900051535,-0.12515925953840812,-0.04243988812708133,FLAT,False,42,11.0,IGNORE,NONE,,NEUTRAL,C,WAIT,No standout factor,Consumer Services,31.6
NUCLEUS,711.85,713.5,720.65,707.05,True,False,False,False,False,False,0.23148641010585466,0.75071701,0.2313938304101305,False,-0.3160500593912833,True,52.62,False,0.9951396637479434,39.0,-0.08,0,True,▆▆▇█▆▆▃▃▆▅▇▂▆▃█▅▁█▅▅,False,False,False,0,-0.05029684477353069,0.015767694063927085,-0.06046728999426543,-0.04573453306366959,FLAT,False,41,11.0,IGNORE,NONE,,NEUTRAL,C,WAIT,No standout factor,Technology Services,32.9
DAMCAPITAL,147.05,145.8,148.0,145.11,False,False,False,False,False,False,0.9240986645200505,3.7568628100000003,0.8876378913707864,False,-0.2520491347147529,True,46.26,False,0.8840898232202579,62.0,0.27,0,True,▄▁▁▃▅▆█▂▄▄▄▄▅▃▄▃▁▅▂▂,False,False,False,0,-0.0966334930581152,-0.011428571428571344,-0.10680393827884993,-0.07293079855616802,FLAT,False,33,11.0,IGNORE,NONE,,NEUTRAL,C,WAIT,No standout factor,Finance,29.7
PENIND,152.49,151.5,153.45,150.06,False,False,False,False,False,False,0.6298235454018981,3.087952998,0.5968089312305239,False,-0.08237705022471822,True,53.49,False,0.9976406516650659,89.0,1.06,0,True,▅▄▄▃▅▄▅▆▆▆▆█▇▄█▇▁▇▅▅,False,False,False,0,-0.09194307151789438,-0.013456686291000719,-0.10211351673862912,-0.0749589134185974,FLAT,False,32,11.0,IGNORE,SEED,,NEUTRAL,C,WAIT,No standout factor,Non-Energy Minerals,34.1
RESPONIND,158.09,159.68,160.22,156.41,True,False,False,False,False,False,0.3021336488645373,1.2588548609999999,0.27022936991671737,False,-0.47191383340107484,True,33.62,False,0.9567172248939982,39.0,-0.37,0,True,▁▁▃▅▄▃▄▃▄▄▅▃▄▄█▂▄▇▄▃,False,False,False,0,-0.1306093268807743,-0.0777084184119946,-0.14077977210150905,-0.13921064553959128,FLAT,False,16,11.0,IGNORE,NONE,,NEUTRAL,C,WAIT,No standout factor,Non-Energy Minerals,34.1
NATCOPHARM,898.35,890.6,901.0,890.0,False,False,False,False,False,False,0.6264684579005557,25.240670445000003,0.612727972686973,False,-0.19043316300799826,False,42.33,False,0.9160949639664985,54.0,0.12,0,True,▅▅▅▆▆▆▅█▆▆▅▅▅▅▄▆▄▁▄▄,False,False,False,0,-0.0660671587483106,0.038554913294797766,-0.07623760396904533,-0.02294731383279891,FLAT,False,47,10.0,IGNORE,NONE,,NEUTRAL,C,WAIT,No standout factor,Health Technology,28.9
PILANIINVS,4385.7,4444.8,4464.0,4380.0,True,False,False,False,False,False,0.8738525109759819,0.8161787699999999,0.8634190761967399,False,-0.44087661091862207,False,66.36,False,0.9886254441440031,77.0,0.67,0,True,▅█▇▄▇▇▅▇▅▇▇▅█▂█▃▁▄▂▅,False,False,False,0,-0.011650966782350003,0.039634941329856455,-0.02182141200308474,-0.02186728579774022,UP,False,47,10.0,IGNORE,NONE,,NEUTRAL,C,WAIT,No standout factor,Finance,29.7
KSL,821.35,829.8,842.95,818.85,True,False,False,True,False,False,0.7878054059479856,2.062820525,0.7495608444451808,False,-0.35744905716238096,False,62.18,True,1.2188571988630794,85.0,0.94,0,False,▄▁▂▂▆▄▇▆▅▅▇▆▁▄█▅▄▆▇█,False,False,False,0,-0.08774365524518246,0.019171113041320353,-0.0979141004659172,-0.04233111408627632,FLAT,False,42,10.0,IGNORE,SEED,,NEUTRAL,C,WAIT,No standout factor,Non-Energy Minerals,34.1
STYRENIX,2157.3,2178.0,2200.0,2147.7,True,False,False,False,False,False,0.2553940123842936,6.12565335,0.22850955748195803,False,-0.5390460895273884,False,43.28,False,0.7819402162621162,2.0,-1.93,0,False,▇▆▆▇██▆▆▇▁▇▅▅▆▆▇▇█▅▃,False,False,False,11,-0.12051041624199921,-0.00013904338153492013,-0.13068086146273394,-0.061641270509131596,FLAT,False,36,10.0,IGNORE,NONE,,NEUTRAL,C,WAIT,No standout factor,Process Industries,34.6
SRM,485.45,474.8,491.15,473.25,False,False,False,False,False,False,0.8391573079652653,3.71097398,0.8026294354083742,False,-0.14546288696579743,False,48.06,False,0.9371617998342514,49.0,0.07,0,True,▁▁▁▄▃▄▃▅▃█▅▂▄▆▇▄▄▅▆▃,False,False,False,1,-0.05314999024770828,-0.004409351927809779,-0.06332043546844301,-0.06591157905540646,UP,False,35,10.0,IGNORE,NONE,,NEUTRAL,C,WAIT,No standout factor,Industrial Services,37.0
PACEDIGITK,176.66,176.46,178.05,176.0,False,False,False,False,False,False,0.35197303796223556,7.097527492,0.32493184661319524,False,-0.29359315498903116,False,43.2,False,0.9816062441063861,61.0,0.29,0,True,▅▃▃▇▆▅▂▇█▇▄▆▁▆▄▃▇▃█▅,False,False,False,0,-0.14138517618469015,-0.012686525456882647,-0.1515556214054249,-0.07418875258447932,FLAT,False,32,10.0,IGNORE,NONE,,NEUTRAL,C,WAIT,No standout factor,Utilities,32.3
EUREKAFORB,431.95,432.05,436.15,429.2,True,False,False,False,False,False,0.8631307558289028,6.46689623,0.8271411554031293,False,-0.16199471468459822,False,57.75,True,1.0697713190141431,58.0,0.14,0,False,▇▇▇▇▅▆▅▆▇▄▆▆▅▅▇▁▆▆█▆,False,False,False,0,-0.0688726018538478,-0.017290410647252896,-0.07904304707458254,-0.07879263777484957,FLAT,False,31,10.0,IGNORE,NONE,,NEUTRAL,C,WAIT,No standout factor,Producer Manufacturing,34.1
SRF,2630.0,2603.4,2644.7,2603.4,False,False,False,False,False,False,0.41716420774919893,62.740491,0.4103081181026967,False,-0.3592977445801299,False,50.14,False,0.9887693627426812,33.0,-0.37,0,True,▁▃▃█▅▅▇▆▅▆▆▇▇▇▆▅▄▆▅▅,False,False,False,0,-0.10513780197346034,-0.022159428911362244,-0.11530824719419508,-0.08366165603895892,FLAT,False,30,10.0,IGNORE,NONE,,NEUTRAL,C,WAIT,No standout factor,Process Industries,34.6
VSTTILLERS,4473.3,4530.0,4559.8,4444.0,True,False,False,False,False,False,0.5540026903912801,2.9568513,0.5492882130627892,False,-0.21846078027588903,False,61.78,True,1.0720390084767086,88.0,1.12,0,False,▆▅▅▆█▇▄█▆▅▃▂▆▅▇▇▁▃▃▆,False,False,False,0,-0.0033420225920727242,-0.025912941227707265,-0.01351246781280746,-0.08741516835530394,UP,False,29,10.0,IGNORE,SEED,,NEUTRAL,C,WAIT,No standout factor,Producer Manufacturing,34.1
SPIC,66.73,67.25,67.77,66.26,True,False,False,False,False,False,1.1514626108262862,1.6410241600000002,1.1466611445322434,False,-0.06327435202845552,False,50.54,False,0.8856411873970491,60.0,0.27,0,True,▆▄▃▂▃▁▃▅▃▁▃▄▅█▄▄▆▅▄▂,False,False,False,0,0.0002998051266678292,-0.031213704994192626,-0.009870640094066907,-0.0927159321217893,UP,False,28,10.0,IGNORE,NONE,,NEUTRAL,C,WAIT,No standout factor,Process Industries,34.6
KAMAHOLD,2450.0,2462.5,2474.8,2440.0,True,False,False,False,False,True,0.8285874181123877,1.23333,0.8097208188049261,False,-0.688278986936751,False,77.91,True,1.1711738797107767,80.0,0.79,0,False,▃▅▄▁▄▆▇▄▆▆▆▅▅▅▇██▁▄▇,False,False,False,0,-0.09959573686144796,-0.039215686274509776,-0.1097661820821827,-0.10071791340210645,FLAT,False,26,10.0,IGNORE,NONE,,NEUTRAL,C,WAIT,No standout factor,Process Industries,34.6
MHRIL,221.39,222.65,224.86,220.8,True,False,False,False,False,False,0.288779215844511,1.100396856,0.2898553113650005,False,-0.06939961146025174,False,57.2,True,1.0582695812249656,53.0,0.15,0,False,▁▄▅█▇█▇▆▆▅▇▇▆▅▆▆▇▆▅▆,False,False,False,0,-0.028863446944773496,-0.04193352951358853,-0.03903389216550823,-0.1034357566411852,UP,False,24,10.0,IGNORE,NONE,,NEUTRAL,C,WAIT,No standout factor,Consumer Services,31.6
HONDAPOWER,2111.2,2145.0,2149.0,2092.2,True,False,False,False,False,False,1.3900102135110162,1.20676192,1.3901446640172619,False,-0.21402463020289386,False,57.49,False,0.9918652898907033,85.0,0.99,0,True,▃▅▁▃▅▄▄▂▄▇▆▄▅▄▆▅█▂▆▄,False,False,False,0,0.0039469304294068586,-0.052381166120562095,-0.006223514791327878,-0.11388339324815877,UP,False,22,10.0,IGNORE,SEED,,NEUTRAL,C,WAIT,No standout factor,Producer Manufacturing,34.1
SAFARI,1482.8,1497.3,1511.9,1477.0,True,False,False,False,False,False,0.3689743021209009,2.4181502399999997,0.3579082694289382,False,-0.21175966119200387,False,56.51,True,1.0131506996674227,59.0,0.27,0,False,▄▃▃▅▄▅▆█▆▁▄█▄▄▅▆▆▄▅▅,False,False,False,0,-0.08145945611100791,-0.05620266055629808,-0.09162990133174265,-0.11770488768389475,UP,False,21,10.0,IGNORE,NONE,,NEUTRAL,C,WAIT,No standout factor,Consumer Durables,29.9
ROUTE,499.45,507.3,507.5,497.2,True,False,False,False,False,False,0.08048594450473842,7.976466225,0.06834619170543597,False,-0.2841058941332114,False,45.81,True,1.3236058942502167,60.0,0.3,0,False,█▁▂▄▃▄▃▅▄▅▄▆▆▅▅▇▆▇▅▆,False,False,False,1,-0.13282402986370356,-0.06303348653972418,-0.1429944750844383,-0.12453571366732086,FLAT,False,19,10.0,IGNORE,NONE,,NEUTRAL,C,WAIT,No standout factor,Communications,26.7
BIKAJI,608.65,613.0,615.8,608.0,True,False,False,False,False,False,0.34525936409608265,2.24129276,0.3346447313197931,False,-0.32742353565249116,False,61.11,True,1.1118793326176744,77.0,0.61,0,False,▄▅▄▅▄▅▁▅▄▄▃▆▂▄▄▄▄█▅▅,False,False,False,0,-0.0552580519984478,-0.06770314773684616,-0.06542849721918254,-0.12920537486444283,UP,False,18,10.0,IGNORE,NONE,,NEUTRAL,C,WAIT,No standout factor,Consumer Non-Durables,37.4
HEMIPROP,132.33,134.0,134.5,132.0,True,False,False,False,False,False,0.6345104292391226,3.1194018570000006,0.6134594240900799,False,-0.30011999351023244,False,53.49,False,0.9746897720439514,69.0,0.45,0,True,▇▅▄▅▄▂▄▇▂▅▄▅▅▇▁▇█▆▄▅,False,False,False,0,-0.04066985645933008,-0.07448594208980264,-0.050840301680064814,-0.1359881692173993,UP,False,16,10.0,IGNORE,NONE,,NEUTRAL,C,WAIT,No standout factor,Finance,29.7
SYMPHONY,615.65,621.5,623.95,615.0,True,False,False,False,False,False,0.4617892451236199,2.889060755,0.4279961533899839,False,-0.5719311451560729,False,54.69,False,0.9718174710356102,62.0,0.33,0,True,▆▇▄▆▅▆█▅█▁▇▅▆▆▆▅▇▇▅▅,False,False,False,0,-0.12031149532042584,-0.08603028503562948,-0.13048194054116058,-0.14753251216322616,UP,False,14,10.0,IGNORE,NONE,,NEUTRAL,C,WAIT,No standout factor,Producer Manufacturing,34.1
BAJEL,183.22,186.0,187.19,182.9,True,False,False,False,False,False,0.2586100488134318,1.742770318,0.2513832760696383,False,-0.05409258894818955,False,54.53,True,1.2018425460636517,64.0,0.46,0,False,▁▅▆██▇▇█▆▆█▃▄▁▇▁▄█▆▇,False,False,False,0,0.03479046650852813,-0.08618453865336662,0.024620021287793392,-0.1476867657809633,UP,False,14,10.0,IGNORE,NONE,,NEUTRAL,C,WAIT,No standout factor,Industrial Services,37.0
BHARATRAS,1277.8,1307.0,1307.0,1252.1,True,False,False,False,False,False,0.8738205062164883,1.4306248799999999,0.8406218302705977,False,-0.2590543404559492,False,53.45,False,0.9332413769020578,66.0,0.36,0,True,▇▇█▅▄▆▇▆▆▁▅▃▆▂▂▃▁▄▃▄,False,False,False,0,-0.033287940686942075,-0.09253604147432704,-0.04345838590767681,-0.1540382686019237,UP,False,13,10.0,IGNORE,NONE,,NEUTRAL,C,WAIT,No standout factor,Process Industries,34.6
SHALBY,152.7,152.26,156.2,151.25,True,False,False,False,False,False,0.5121311406667188,0.48488358,0.4873072953976812,False,-0.3875322974787923,False,56.91,False,0.9815115035700733,75.0,0.65,0,True,▅▁▁▇▅▅▅▄▅▅█▂▄▄▆█▆▅▅▄,False,False,False,0,-0.07967695274831244,-0.09693062865929392,-0.08984739796904717,-0.1584328557868906,UP,False,12,10.0,IGNORE,NONE,,NEUTRAL,C,WAIT,No standout factor,Health Services,40.2
JPOLYINVST,1004.6,1012.2,1021.4,1001.1,True,False,False,False,False,False,0.25420249427098046,0.4385079,0.2445936512093025,False,-0.2636908007358323,False,56.47,False,0.855858928016611,73.0,0.59,0,True,▄▂▄▁▄▄▃▃▆▄▂██▁█▄█▅▃▃,False,False,False,0,-0.07953087777166945,-0.09901345291479824,-0.08970132299240419,-0.16051568004239491,UP,False,12,10.0,IGNORE,NONE,,NEUTRAL,C,WAIT,No standout factor,Finance,29.7
ABLBL,88.72,90.01,90.65,88.6,True,False,False,False,False,False,0.40502647531424235,3.7907660560000003,0.38773606591575643,False,-0.12761597213999626,False,57.76,False,0.9347639623893448,63.0,0.14,0,True,▄▄▂▂▂▆▃▃▁▄▅▁▃▄▄▂█▃▇▃,False,False,False,0,-0.06502265781431138,-0.10138762280968305,-0.07519310303504612,-0.16288984993727973,UP,False,11,10.0,IGNORE,NONE,,NEUTRAL,C,WAIT,No standout factor,Retail Trade,32.3
BHARATWIRE,189.26,192.9,194.79,186.4,True,False,False,False,False,False,0.9057746551627807,2.439201806,0.870140062449671,False,-0.23659747652168317,False,48.48,True,1.080141701757904,58.0,0.19,0,False,▇▄▃▆▅▃█▁▄▄▁▄▂▇▂▆▃▅▂▅,False,False,False,0,-0.05185110966384465,-0.10911316136320848,-0.06202155488457939,-0.17061538849080515,UP,False,10,10.0,IGNORE,NONE,,NEUTRAL,C,WAIT,No standout factor,Producer Manufacturing,34.1
FDC,351.55,354.3,355.75,350.9,True,False,False,False,False,False,0.2256458679267347,2.36403313,0.20667077396066666,False,-0.4804295255267387,False,54.92,False,0.9917116596543817,50.0,-0.0,0,True,▄▇▇▆▆▇█▇▄▆▁▆▆▇▅▅▄▆▆▆,False,False,False,0,-0.14930429522081057,-0.10660736975857688,-0.1594747404415453,-0.16810959688617355,UP,False,10,10.0,IGNORE,NONE,,NEUTRAL,C,WAIT,No standout factor,Health Technology,28.9
PRSMJOHNSN,104.99,105.71,106.19,104.1,True,False,False,False,False,False,0.09648141798528279,2.931226309,0.09120347223190671,False,-0.5784888385642432,False,54.25,True,1.1993986425239327,65.0,0.38,0,False,▇▇▅▆▇▇▆▆▇█▆▆▁▄▃▄▄█▆▇,False,False,False,0,-0.0688248337028825,-0.11460617304773157,-0.07899527892361724,-0.17610840017532825,UP,False,9,10.0,IGNORE,NONE,,NEUTRAL,C,WAIT,No standout factor,Non-Energy Minerals,34.1
HPL,314.4,310.0,318.9,310.0,False,False,False,False,False,False,0.9341617291693517,2.72311272,0.8797959965802132,False,-0.23836345077595883,False,49.53,False,0.9894423524476363,75.0,0.69,0,True,▁▄▃▅▇▃▅▂▄▆▁▇▅▄▅▅▆▅█▄,False,False,False,0,-0.09538195943029792,-0.13340683572216105,-0.10555240465103266,-0.19490906284975773,UP,False,6,10.0,IGNORE,NONE,,NEUTRAL,C,WAIT,No standout factor,Electronic Technology,39.9
VSTIND,214.88,215.57,216.07,213.93,False,False,False,False,False,False,0.4479936971496992,2.441273168,0.43221418105455844,False,-0.1483014121762831,False,65.36,True,1.1582081088743974,84.0,0.92,0,False,▅▇▁▃▆▁▅▆▄▅▆▆▇▆██▇▇█▇,False,False,False,0,-0.08308086195860886,-0.17178647138176906,-0.0932513071793436,-0.23328869850936573,UP,False,3,10.0,IGNORE,NONE,,NEUTRAL,C,WAIT,No standout factor,Consumer Non-Durables,37.4
CRIZAC,174.58,176.99,177.0,174.0,True,False,False,False,False,False,0.5073860726812263,3.307365726,0.4662929736787246,False,-0.1196463478999549,False,56.12,True,1.1321363728061327,75.0,0.69,0,False,▆▅█▆▇▇▆▆▁▇█▇▆▄▇██▇██,False,False,False,0,-0.0768335889165036,-0.17751813813247896,-0.08700403413723834,-0.23902036526007564,UP,False,2,10.0,IGNORE,NONE,,NEUTRAL,C,WAIT,No standout factor,Technology Services,32.9
BNAGROCHEM,222.1,235.3,239.0,221.15,True,False,False,False,False,False,0.4532061997151201,0.30951856,0.39486213717966234,False,-0.7025525394587215,False,84.29,True,1.4639271944145336,,,0,False,▆▂▂█▆▄▃▄▇▇▄▇▆▅▁▁▇▇▇▇,False,False,False,0,-0.19689025492677636,-0.19659974678965453,-0.2070607001475111,-0.2581019739172512,UP,False,2,10.0,IGNORE,NONE,,NEUTRAL,C,WAIT,No standout factor,Process Industries,34.6
JSWCEMENT,127.31,127.0,127.69,126.76,True,False,False,False,False,False,0.3455229932527577,6.00330305,0.32921690226325034,False,-0.30851902358702415,True,53.49,False,0.968732172448453,58.0,0.23,0,False,▇▄▄▂▆▆▇▅▅▆▇▃▁▄▄█▁▃▆▄,False,False,False,0,-0.09690004965595511,0.004576659038901587,-0.10707049487668985,-0.05692556808869509,FLAT,False,38,9.0,IGNORE,NONE,,NEUTRAL,C,WAIT,No standout factor,Non-Energy Minerals,34.1
SESHAPAPER,228.87,230.0,232.24,225.23,False,False,False,False,False,False,0.14502268817387154,0.9466292070000001,0.1409127124778936,False,-0.5386266984549556,True,48.21,False,0.9581445265919389,18.0,-0.92,0,False,▃▃▆▁▄▄▆▃▆▇▇▇▇█▆▆█▆▆▅,False,False,False,0,0.05193730753320769,-0.004436904606550884,0.04176686231247295,-0.06593913173414756,UP,False,35,9.0,IGNORE,NONE,,NEUTRAL,C,WAIT,No standout factor,Process Industries,34.6
TCI,910.3,905.6,913.45,901.0,False,False,False,False,False,False,0.3113769374837788,1.21224651,0.30565566498511126,False,-0.0497853320830791,True,54.46,False,0.9078331027355016,43.0,-0.16,0,False,▇▇▄▅▅▁▁█▆▄▃▃▄▇▃▆▂▆▇▄,False,False,False,0,-0.02223415682062302,-0.06626320648271622,-0.032404602041357755,-0.1277654336103129,UP,False,18,9.0,IGNORE,NONE,,NEUTRAL,C,WAIT,No standout factor,Transportation,27.3
PRECAM,133.16,133.75,136.04,132.25,True,False,False,False,False,False,0.47976661887601874,0.769318584,0.45492744457005396,False,-0.35415668688577073,True,44.55,False,0.9972578208069841,71.0,0.57,0,False,▅▇▄▁▇▅▂▄▅▄▃▆▇██▇▅▆▇▅,False,False,False,0,-0.06258359732488572,-0.07341173196019768,-0.07275404254562046,-0.13491395908779436,UP,False,17,9.0,IGNORE,NONE,,NEUTRAL,C,WAIT,No standout factor,Producer Manufacturing,34.1
KALPATARU,280.65,286.0,286.0,279.0,True,False,False,False,False,False,0.22984620920099158,0.9752868149999998,0.22660331933292077,False,-0.024847571918469986,True,38.1,False,0.8879876940288072,13.0,-1.0,0,False,▃▆█▆▄▅▂▅▅▆▆▇▅█▂▁█▁▄▄,False,False,False,0,0.015559978288402165,-0.10748926697408179,0.005389533067667429,-0.16899149410167846,UP,False,10,9.0,IGNORE,NONE,,NEUTRAL,C,WAIT,No standout factor,Finance,29.7
SIGNATURE,800.95,806.0,810.2,792.2,True,False,False,False,False,False,0.7560576429299918,13.93252525,0.7520133158643436,False,-0.12006694508003606,False,5.57,False,0.5362988638551898,8.0,-0.92,0,False,▅▄▃██▆▃▂█▃▃▃▄▃▂▂▁▂▁▂,False,False,False,0,0.0011249296918942608,-0.007250867625185786,-0.009045515528840475,-0.06875309475278246,UP,False,34,8.0,IGNORE,NONE,,NEUTRAL,C,WAIT,No standout factor,Finance,29.7
VOLTAS,1252.9,1262.0,1272.0,1247.0,True,False,False,False,False,False,1.2281256809443573,124.52974028000001,1.186362167785911,False,-0.24291479582730538,False,35.65,False,0.8934053403836756,24.0,-0.73,0,False,▄▄▄▇▁▃▃█▄▂▄▃▄▆▆█▇▁▃▃,False,False,False,0,-0.07820776927604467,-0.03948175406317078,-0.0883782144967794,-0.10098398119076746,UP,False,25,8.0,IGNORE,NONE,,NEUTRAL,C,WAIT,No standout factor,Producer Manufacturing,34.1
SULA,146.85,149.15,152.49,145.95,True,False,False,False,False,False,0.8370190203389642,8.319478364999998,0.7537297763247097,False,-0.040414696095539875,False,42.54,False,0.8569011360889534,25.0,-0.62,0,False,█▅▄▆▄▁▄▄▆▅▄▄▄▅▇█▆▇▅▄,False,False,False,2,-0.021130515931209293,-0.05556627435847972,-0.03130096115194403,-0.11706850148607639,UP,False,22,8.0,IGNORE,NONE,,NEUTRAL,C,WAIT,No standout factor,Process Industries,34.6
PGHH,8317.0,8400.0,8410.0,8300.0,True,False,False,False,False,False,0.5413041177580328,9.7841188,0.5222265351913385,False,-0.34357573637090544,False,43.76,False,0.7146414952599475,4.0,-1.57,0,False,▆▃▅▆▇▁▇▃▄▄▅▃▅▄▅▆▄▆█▂,False,False,False,0,-0.051761486717592065,-0.07921394962634931,-0.0619319319383268,-0.140716176753946,UP,False,16,8.0,IGNORE,NONE,,NEUTRAL,C,WAIT,No standout factor,Consumer Non-Durables,37.4
SANDUMA,200.0,201.0,203.4,199.21,True,False,False,False,False,False,0.35867358124394405,5.75054,0.3472377571388041,False,-0.2112102843150703,False,42.35,False,0.8994085353551443,67.0,0.46,0,False,▇▅▄▇▅▂▃▅▆▆▆▆▆▁▆▃██▆▄,False,False,False,0,0.010917913465426698,-0.08504506153071967,0.0007474682446919623,-0.14654728865831634,UP,False,14,8.0,IGNORE,NONE,,NEUTRAL,C,WAIT,No standout factor,Non-Energy Minerals,34.1
ASTRAZEN,7645.0,7640.5,7759.5,7595.0,False,False,False,False,False,False,0.5071751786275257,5.801026,0.48124045649896763,False,-0.07667342198820697,False,40.14,False,0.7482105577095138,22.0,-0.73,0,False,▃▄▆▄▂▅▄█▂▂▁▂▂▁▃▄▅▃▅▂,False,False,False,0,-0.0548309328058354,-0.09558736543239088,-0.06500137802657013,-0.15708959255998756,UP,False,12,8.0,IGNORE,NONE,,NEUTRAL,C,WAIT,No standout factor,Health Technology,28.9
GRMOVER,87.51,88.87,90.3,87.21,True,False,False,False,False,False,1.0380261779268145,9.721372137000001,0.9949953390387561,False,-0.17137493782629232,False,26.19,False,0.7320652401783343,41.0,-0.38,0,False,▆▂▄▇█▆▃▁▄▅▂▄▁▂▂▂▂▁▂▂,False,False,False,0,-0.04224581372441716,-0.11003762839418274,-0.052416258945151895,-0.17153985552177942,UP,False,10,8.0,IGNORE,NONE,,NEUTRAL,C,WAIT,No standout factor,Process Industries,34.6
ONGC,235.4,239.49,239.6,235.25,True,False,False,False,False,False,1.0361513708067756,276.53207758,1.0064513400368111,False,-0.3242290628898088,False,52.46,False,0.9229821860567408,41.0,-0.21,0,False,▄▅▁▃▃▆▃▇▅▇▂▆▂█▄▆▅██▄,False,False,False,0,-0.048081200210279396,-0.1201644552420108,-0.05825164543101413,-0.18166668236960748,UP,False,8,8.0,IGNORE,NONE,,NEUTRAL,C,WAIT,No standout factor,Energy Minerals,46.3
VMM,103.71,105.8,106.17,103.67,True,False,False,False,False,False,0.5242598569114485,54.92194323299999,0.49764433949803716,False,-0.013009296653785255,False,48.73,False,0.9567752765969979,30.0,-0.48,0,False,▇▁▄▅▅▇▅█▅▆▄▆▆▅█▅█▇█▅,False,False,False,0,-0.08657741765016747,-0.12303399289700667,-0.0967478628709022,-0.18453622002460335,UP,False,8,8.0,IGNORE,NONE,,NEUTRAL,C,WAIT,No standout factor,Retail Trade,32.3
MARSONS,102.34,104.9,105.65,102.0,True,False,False,False,False,False,0.6729600618072566,13.464096016,0.6348711365753609,False,-0.4742265520351948,False,16.86,False,0.5931085430847977,19.0,-1.02,0,False,▁▁▂▂▂▄▃▆▂▆▃▂▅▅▇▆█▅▄▂,False,False,False,0,-0.13197625106022048,-0.14288107202680067,-0.14214669628095522,-0.20438329915439735,UP,False,5,8.0,IGNORE,NONE,,NEUTRAL,C,WAIT,No standout factor,Producer Manufacturing,34.1
VBL,434.0,440.05,440.35,431.85,True,False,False,False,False,False,0.25370408403559497,76.174378,0.24844003166517292,False,-0.2761700148640063,False,54.88,False,0.9968304134993508,48.0,-0.07,0,False,█▃▄▆▁▂▅▇▆▃▄▃▄▆█▄▆▃▆▅,False,False,False,0,-0.06334304521420098,-0.17865253595760788,-0.07351349043493571,-0.24015476308520456,UP,False,2,8.0,IGNORE,NONE,,NEUTRAL,C,WAIT,No standout factor,Consumer Non-Durables,37.4
SPLPETRO,707.0,727.95,727.95,705.0,True,False,False,False,False,False,0.19464227151339475,3.2121131,0.18774783598982545,False,-0.2833021597343582,False,53.79,True,1.2065407563590687,66.0,0.42,0,False,▄▄▅▅▁▂▅▄▅▅▇█▆▇█▂▅▆▆▇,False,False,False,0,-0.026573041442929823,0.04477611940298498,-0.03674348666366456,-0.016726107724611694,FLAT,False,48,6.0,IGNORE,NONE,,NEUTRAL,C,WAIT,No standout factor,Process Industries,34.6
ACI,512.9,517.35,517.35,508.55,True,False,False,False,False,False,0.2735317752856289,4.2257831,0.2567048173015826,False,-0.3255534100392261,False,53.37,False,0.9344714379514117,80.0,0.77,0,True,▅▂▂▂▅▄▇▄▅▂█▅█▁▄▅▂▇▁▃,False,False,False,0,-0.1283881383295098,-0.057688774572845825,-0.13855858355024453,-0.1191910017004425,FLAT,False,21,6.0,IGNORE,NONE,,NEUTRAL,C,WAIT,No standout factor,Process Industries,34.6
SURYODAY,151.92,154.01,154.01,151.15,True,False,False,False,False,False,0.039225954156521706,3.2736481199999994,0.03187270365753575,False,-0.660300238785979,False,55.81,True,1.4827114411338853,73.0,0.59,0,False,█▃▁▂▄▃▄▅▅▆▇▇▆▆▇▆▇█▇█,False,False,False,2,-0.2021427446037498,-0.13173686917757332,-0.21231318982448455,-0.19323909630517,FLAT,False,6,6.0,IGNORE,NONE,,NEUTRAL,C,WAIT,No standout factor,Finance,29.7
ABBOTINDIA,26580.0,26900.0,26900.0,26510.0,True,False,False,False,False,False,0.4106015143719636,11.984922,0.39022154987333335,False,-0.015594079670029074,False,52.07,False,0.9034205755033703,28.0,-0.6,0,False,▃▇▂▃▆▅▄▆▂▂▁▆▄▄▃▃▄█▄▃,False,False,False,2,-0.07708333333333328,0.018195747941007534,-0.08725377855406802,-0.04330647918658914,FLAT,False,42,4.0,IGNORE,NONE,,NEUTRAL,C,WAIT,No standout factor,Health Technology,28.9
VHL,3439.5,3430.0,3519.4,3420.0,True,False,False,False,False,False,0.4364621481964581,0.14961825,0.42797940995637607,False,-0.09391114247303574,False,62.53,False,0.9331721585482329,43.0,-0.18,0,False,███▄▅▇▆▄▆▄▂▁▅▆▄▂▅▅▇▄,False,False,False,0,-0.030826453267209564,0.011617647058823621,-0.0409968984879443,-0.049884580068773055,UP,False,40,4.0,IGNORE,NONE,,NEUTRAL,C,WAIT,No standout factor,Finance,29.7
SUNDROP,649.55,665.05,665.05,648.0,True,False,False,False,False,False,0.618454183451741,1.38562006,0.5945662916276737,False,-0.2396489072867534,False,60.9,False,0.9213243470170422,30.0,-0.57,0,False,▅▂▅▅█▅▆█▅▇▇▆▁▅▅█▆▄▆▅,False,False,False,0,0.010658160883771473,-0.020508180652944352,0.0004877156630367363,-0.08201040778054103,UP,False,31,4.0,IGNORE,NONE,,NEUTRAL,C,WAIT,No standout factor,Process Industries,34.6
SUMMITSEC,1428.8,1430.0,1460.0,1420.9,True,False,False,False,False,False,0.4770680725983296,0.2921896,0.45087414233215306,False,-0.5211204392074322,False,58.36,False,0.9291588055946951,60.0,0.29,0,False,▅▅▅▇▅▅▆▆█▁▆█▇▅▅▅▆▅▄▅,False,False,False,0,-0.04772060783790999,-0.03946218487394959,-0.057891053058644726,-0.10096441200154627,UP,False,25,4.0,IGNORE,NONE,,NEUTRAL,C,WAIT,No standout factor,Miscellaneous,11.1
JSWHL,11489.0,11800.0,11918.0,11445.0,True,False,False,False,False,False,0.7414597398081881,2.9400351,0.7289462167885158,False,-0.06854918039033507,False,44.28,False,0.9004575495678699,36.0,-0.38,0,False,▅▆▄▄▁▇▆█▅▃▅▁▄▄▃▇▇▄▄▄,False,False,False,0,0.046261724797377335,-0.07384119306731152,0.0360912795766426,-0.1353434201949082,UP,False,17,4.0,IGNORE,NONE,,NEUTRAL,C,WAIT,No standout factor,Finance,29.7
HUBTOWN,180.52,182.91,183.59,179.57,True,False,False,False,False,False,0.47997400309851607,4.186114384000001,0.4595634669637562,False,-0.26215808270958246,False,57.5,False,0.9507353731429659,53.0,0.15,0,False,▆▄▁▃▄█▂▃▆▁▄▆▃▅▅▇▄▄▆▄,False,False,False,0,-0.1252604545234287,-0.08332910171126795,-0.13543089974416345,-0.14483132883886463,UP,False,15,4.0,IGNORE,NONE,,NEUTRAL,C,WAIT,No standout factor,Finance,29.7
SANOFICONR,4336.6,4384.8,4384.8,4311.0,True,False,False,False,False,False,0.18153485308528924,0.9800716,0.16788650675723496,False,-0.1811153249325511,False,55.75,False,0.9720841833621036,49.0,0.0,0,False,▂▂▁▃█▆▂▁▂▂▁▂▄▄▁▄▂▅▄▃,False,False,False,0,-0.0524820835518266,-0.07992277173105888,-0.06265252877256133,-0.14142499885865556,UP,False,15,4.0,IGNORE,NONE,,NEUTRAL,C,WAIT,No standout factor,Health Technology,28.9
ZOTA,1085.4,1116.9,1127.2,1076.4,True,False,False,False,False,False,1.3437154347077653,10.950817680000002,1.2067506574292073,False,-0.37970813889272215,False,49.59,False,0.8721727813148545,31.0,-0.42,0,False,▅▄▅▄▁▅▆▅▅▄▄▆▃▅▅█▇▄▅▄,False,False,False,0,-0.18458417849898567,-0.1038639365918097,-0.1947546237197204,-0.16536616371940638,FLAT,False,11,4.0,IGNORE,NONE,,NEUTRAL,C,WAIT,No standout factor,Health Technology,28.9
ORKLAINDIA,542.3,544.3,551.45,542.3,True,False,False,False,False,False,0.4354120150161413,2.3577577099999996,0.42018646238627266,False,-0.23870150838628984,False,57.65,False,0.9055281986036174,47.0,0.03,0,False,▅▅▄▂▂▅▄▇▆▆▅▃▆▁▅▄▄█▆▃,False,False,False,0,-0.05481481481481487,-0.13266693322670942,-0.06498526003554961,-0.1941691603543061,UP,False,6,4.0,IGNORE,NONE,,NEUTRAL,C,WAIT,No standout factor,Consumer Non-Durables,37.4
GODIGIT,255.75,254.8,256.9,254.05,False,False,False,False,False,False,0.04920758998700762,1.4991042,0.04722478597960276,False,-0.24266272758772867,False,43.88,False,0.9461688570720085,25.0,-0.67,0,False,▅▆▄▆▅▃▅▅▅▅▁▄▄▅▅▅█▅▇▅,False,False,False,0,-0.10278898438870376,-0.15019106163814588,-0.1129594296094385,-0.21169328876574256,UP,False,4,4.0,IGNORE,NONE,,NEUTRAL,C,WAIT,No standout factor,Finance,29.7
INDOCO,221.16,218.74,223.48,217.41,False,False,False,False,False,False,0.16150892960408303,1.2245408039999999,0.15710084641091973,False,-0.7387302788377187,False,34.31,False,0.8566470669013646,15.0,-1.01,0,False,█▅▆▅▁▄▆▄▆▅▇▄▅▄█▅█▆▆▅,False,False,False,0,-0.10039049788480314,0.07432235499854256,-0.11056094310553788,0.012820127870945885,FLAT,True,54,3.0,IGNORE,NONE,,NEUTRAL,C,WAIT,No standout factor,Health Technology,28.9
EIHAHOTELS,293.5,294.45,296.75,289.45,False,False,False,False,False,False,0.8441778937236984,0.5290044,0.8049928317068794,False,-0.21230269146177874,False,52.69,False,0.9376362455400439,45.0,0.03,0,False,▃▇▃▅▇▂▃█▅▁▃▂▇▇▆▆▆▅▅▄,False,False,False,0,-0.09594948405975656,-0.019214703425229795,-0.1061199292804913,-0.08071693055282647,FLAT,False,31,0.0,IGNORE,NONE,,NEUTRAL,C,WAIT,No standout factor,Consumer Services,31.6
KSB,794.5,797.05,801.45,789.65,True,False,False,False,False,False,0.21847925002363322,3.04809925,0.21142108085760924,False,-0.3578785068833795,False,50.35,False,0.9540954095409541,46.0,0.03,0,False,▆█▆▃▇▇█▅▅▁▄▇█▆▆█▇▇▆▆,False,False,False,0,-0.12384208204675784,-0.029618320610687032,-0.13401252726749258,-0.09112054773828371,FLAT,False,28,0.0,IGNORE,NONE,,NEUTRAL,C,WAIT,No standout factor,Producer Manufacturing,34.1
