symbol,close,open,high,low,price_down,close_gt_ema20,close_gt_ema50,close_gt_ema200,breakout20,within_15pct_52w_high,volume_ratio,turnover_cr,turnover_ratio,up_day_volume_above_avg,cmf20,cmf_rising,latest_delivery_pct,latest_delivery_above_avg20,delivery_ratio,delivery_percentile,delivery_zscore,consecutive_high_delivery_days,delivery_slope_positive,delivery_sparkline,absorption_day,failed_breakdown_reclaim,failed_breakout,resistance_touches,stock_return_20d,stock_return_50d,rs_raw_20,rs_raw_50,rs_trend,outperform_benchmark_50d,rs_percentile,ics,rating,stage,delivery_tag,regime,action_rank,action,reason,sector,sector_score
STYLEBAAZA,394.5,383.8,394.55,383.75,False,True,True,True,False,True,5.172310749295672,174.73584555,5.292651192210609,True,0.02589853645271959,True,62.06,True,1.0504311913406286,90.0,1.15,0,True,▇▇▅█▃▁▇▄▇▆▆▇▅▃▄▄▃▄▂▆,False,True,False,0,-0.015841337158538193,0.3603448275862069,0.03465732384432452,0.39235341341864194,FLAT,True,94,83.0,BUILDING,BUILDING,,NEUTRAL,B,WAIT,"Delivery P90, CMF positive, RS leader",Retail Trade,28.0
REDINGTON,404.85,407.0,409.75,399.1,True,True,True,True,False,True,0.6949813024798102,171.49065441000002,0.7286231225538143,False,0.119775297495788,True,59.56,True,1.546771931647016,99.0,2.0,1,True,▇▆▃▅▆▃▅▅▁▄▄▅▅▄▄▅▅▆▅█,True,False,False,16,0.13165618448637328,0.5022263450834881,0.182154845489236,0.5342349309159231,FLAT,True,97,82.0,BUILDING,BUILDING,DEL60% ▇▆▃▅▆▃▅▅▁▄▄▅▅▄▄▅▅▆▅█ P99 Z+2.0,NEUTRAL,B,WAIT,"Delivery P99, CMF positive, RS leader",Distribution Services,36.7
KABRAEXTRU,863.15,888.7,888.7,840.0,False,True,True,True,True,True,1.7649411211894614,51.808075615,2.2437242384937206,True,0.32857031955164795,False,54.14,True,1.2781227130007793,51.0,0.02,0,True,▇▇█▅▅▃▂▃▁▂▂▅▆▅█▆▇▇▇█,False,False,False,10,0.43786440113276703,1.4545713066969999,0.48836306213562974,1.486579892529435,FLAT,True,100,79.0,BUILDING,NONE,,NEUTRAL,B,WAIT,"CMF positive, RS leader",Producer Manufacturing,27.6
RUBYMILLS,510.6,492.1,522.0,486.8,False,True,True,True,True,True,2.6138463345702303,4.82859102,2.898309631862942,True,0.11105673604195318,True,49.64,True,1.1018378762319099,26.0,-0.51,0,False,▆█▁▃▂▃▄▅▆▅▅▅▂▆▄▆▃▅▅▅,False,False,False,8,0.3284766488877324,0.2994019595368369,0.37897530989059514,0.33141054536927195,UP,True,92,78.0,BUILDING,NONE,,NEUTRAL,B,WAIT,"CMF positive, RS leader",Process Industries,26.7
KRISHIVAL,413.65,415.0,415.0,411.25,False,True,True,True,False,True,14.369088443512455,8.744271444999999,14.30621925307982,True,0.24467159739146618,True,97.71,True,1.2189143167231151,99.0,1.12,0,True,▆▅▆▃▃▆▇▇▆▄▄▃▅▁▄▂▅▆▆█,False,False,False,16,0.006570142353084396,0.03814782281340201,0.057068803355947106,0.07015640864583705,FLAT,True,66,78.0,BUILDING,BUILDING,,NEUTRAL,B,WAIT,"Delivery P99, CMF positive",Process Industries,26.7
SUNFLAG,449.2,415.8,451.7,412.35,False,True,True,True,True,True,12.542471635501238,200.64744316,14.802758107050643,True,0.42065484093010275,True,28.82,False,0.5796110451903546,2.0,-2.17,0,False,▆▆▂▄▇█▇█▆▇▇▃█▆▆▅▇▃▁▁,False,False,False,4,0.32001175433441076,0.2794075761891197,0.37051041533727347,0.31141616202155475,UP,True,91,76.0,BUILDING,NONE,,NEUTRAL,B,WAIT,"CMF positive, RS leader",Non-Energy Minerals,33.3
FINEORG,5124.0,5083.0,5170.5,5034.5,False,False,True,True,False,True,1.865962021709282,18.4535736,1.8451889660252525,True,0.05960434206171107,True,70.08,True,1.2941708756151835,94.0,1.63,0,True,▁▄▅▁▅▅▅▂▄▅▅▅▁▇▅▆▄▆▃█,False,True,False,0,-0.0300598167638374,0.03871883235353746,0.02043884423902531,0.0707274181859725,FLAT,True,66,76.0,BUILDING,BUILDING,,NEUTRAL,B,WAIT,"Delivery P94, CMF positive",Process Industries,26.7
SANGAMIND,629.3,622.0,634.0,609.05,False,True,True,True,True,True,2.286935230763726,5.630976399999999,2.3971796139418236,True,0.448082048335256,True,41.47,False,0.7217634210228608,13.0,-0.99,0,True,▅▇█▅▅▆█▄▅▆▆▅▅▇▅▅▆▄▁▃,False,True,False,1,0.048483838720426276,0.013202382869103024,0.09898249972328899,0.04521096870153807,UP,True,61,76.0,BUILDING,NONE,,NEUTRAL,B,WAIT,CMF positive,Process Industries,26.7
WELSPUNLIV,227.95,224.9,229.0,221.8,False,True,True,True,True,True,0.9350243110601624,94.80032469499999,1.0082327024866313,False,0.10844297775389547,True,52.22,True,1.4966824780384347,91.0,1.27,0,True,▄▄▆▄▃▃▅▁▄▆▆▄▃▇▅▅▂▄▅█,False,False,False,15,0.16176545537944031,0.3952136124372627,0.21226411638230303,0.42722219826969776,FLAT,True,95,74.0,BUILDING,NONE,,NEUTRAL,B,WAIT,"Delivery P91, CMF positive, RS leader",Consumer Non-Durables,29.3
FERMENTA,490.0,470.0,497.55,426.3,False,True,True,True,False,True,19.300661850281028,108.605217,19.4688199489622,True,0.26888254936391187,True,57.64,True,1.1528807016491156,61.0,0.24,0,True,▄▃▅▅▅▆▆▄▇██▇▅▇▇█▄▁▄▇,False,True,False,0,-0.03827281648675174,0.1342592592592593,0.012225844516110973,0.16626784509169434,FLAT,True,80,74.0,BUILDING,BUILDING,,NEUTRAL,B,WAIT,CMF positive,Health Technology,33.7
GESHIP,1533.4,1515.0,1567.9,1490.1,False,True,True,True,True,True,4.088570539557669,502.6132518,4.488530676502591,True,0.2275556843546038,True,25.76,False,0.48439718312507646,3.0,-2.23,0,True,█▅▇▆▅▆▆▆▆▆▆▆█▆▅▆▇▆▇▁,False,False,False,5,0.17790751267475824,0.10547184773988905,0.22840617367762095,0.1374804335723241,UP,True,77,74.0,BUILDING,NONE,,NEUTRAL,B,WAIT,CMF positive,Transportation,31.9
SIGMAADV,763.65,730.95,763.65,730.95,False,True,True,True,True,True,1.7437673274959988,71.98256538,2.3807896635157135,True,0.08891886335422795,True,58.91,False,0.9522731865023237,34.0,-0.49,0,False,▃▂▂▁▁▅▂▂▂▂▂▄▄█▃▁▃█▄▃,False,False,False,13,0.7909240150093808,2.8941866394696585,0.8414226760122435,2.9261952253020933,FLAT,True,100,72.0,BUILDING,NONE,,NEUTRAL,B,WAIT,"CMF positive, RS leader",Technology Services,25.7
TFCILTD,139.68,138.0,141.9,135.9,False,True,True,True,False,True,2.1291074110265695,293.484818736,2.1056108960955693,True,-0.0553137503076774,True,42.17,False,0.9923987480290871,27.0,-0.64,0,True,▆▁▃▃▄▄▂▃▄▄▄▂▅▃▇▇▆█▄▄,False,True,False,3,-0.0017152658662090703,0.6881798404641046,0.04878339513665364,0.7201884262965397,FLAT,True,98,72.0,BUILDING,NONE,,NEUTRAL,B,WAIT,RS leader,Finance,27.7
MACPOWER,2194.6,2170.0,2226.0,2116.0,False,True,True,True,True,True,2.482210894559425,32.498075719999996,2.750338132796417,True,0.1430154126893604,True,34.66,False,0.722158558183144,7.0,-1.53,0,False,▄▅▆▇▇▇▅▅▇██▃▅▃▃▄▄▃▄▁,False,False,False,3,0.10320213140300605,0.6851723873147508,0.15370079240586876,0.7171809731471859,FLAT,True,98,72.0,BUILDING,NONE,,NEUTRAL,B,WAIT,"CMF positive, RS leader",Producer Manufacturing,27.6
QPOWER,1592.7,1517.0,1593.6,1496.2,False,True,True,True,True,True,1.0852769617570357,58.16604108000001,1.1745713871155081,True,0.09072185580596252,True,56.49,True,1.1161053869027038,96.0,1.91,0,False,▃▃▂▄█▁▂▆▃▆▆▃▄▇▂▆▇▆▄▇,False,False,False,8,0.10927705808608446,0.39833187006145754,0.15977571908894717,0.4303404558938926,FLAT,True,95,72.0,BUILDING,NONE,,NEUTRAL,B,WAIT,"Delivery P96, CMF positive, RS leader",Producer Manufacturing,27.6
SEDEMAC,3540.0,3445.0,3595.0,3370.0,False,True,True,True,True,True,2.810207541079624,232.692342,3.1533363605022475,True,0.20905913749676017,True,29.28,False,0.695189705114203,6.0,-1.6,0,False,█▅▆▄▇▅▅▅▇▄▄▂▂▄▆▅▅▂▁▂,False,False,False,3,0.17764471057884235,0.30530973451327426,0.22814337158170506,0.3373183203457093,FLAT,True,92,72.0,BUILDING,NONE,,NEUTRAL,B,WAIT,"CMF positive, RS leader",Producer Manufacturing,27.6
NAZARA,379.65,376.0,383.1,371.15,False,True,True,True,True,True,1.5441694949299183,86.41957764,1.5848617873761457,True,0.04060939432165658,True,53.75,True,1.037344398340249,80.0,0.76,0,True,▃▄▅▃▆▄▃▃▅▄▄▄█▅▅▄█▃▁▅,False,False,False,11,0.018647705929702107,0.2276475343573161,0.06914636693256482,0.25965612018975115,FLAT,True,88,71.0,BUILDING,NONE,,NEUTRAL,B,WAIT,CMF positive,Technology Services,25.7
APOLLO,408.3,397.45,414.4,388.0,False,True,True,True,False,True,1.546988441851183,469.70076645,1.5909631323723403,True,0.012174505281486125,True,45.8,True,1.5496269729830316,94.0,1.66,1,False,▃▅▃▂▄▆▃▃▂▃▃▂▁▄▁▂▄▂▁█,False,False,False,0,0.057498057498057475,0.039460285132382866,0.10799671850092019,0.07146887096481791,UP,True,66,71.0,BUILDING,SEED,DEL46% ▃▅▃▂▄▆▃▃▂▃▃▂▁▄▁▂▄▂▁█ P94 Z+1.7,NEUTRAL,B,WAIT,"Delivery P94, CMF positive",Electronic Technology,27.3
INVPRECQ,960.0,942.8,999.0,889.0,False,True,True,True,True,True,2.31796391669096,2.748,2.5249461237151496,True,0.2792263726426544,False,55.27,False,0.784695108965713,23.0,-0.74,0,True,▁▇██▄▇▅▅▆▆▅█▇▅▇▇▄▂▂▃,False,False,False,4,0.1578122173310017,0.5192277259059979,0.2083108783338644,0.5512363117384329,FLAT,True,97,69.0,WATCH,NONE,,NEUTRAL,C,WAIT,"CMF positive, RS leader",Producer Manufacturing,27.6
CRISIL,4650.6,4500.5,4706.2,4450.0,False,True,True,True,False,True,2.668850928097673,62.998422780000006,2.645753353945667,True,0.07195409832604296,False,36.59,False,0.6368351434140909,3.0,-2.01,0,True,▃▃▃▄█▃▅▄▄▃▃▆▃▆█▄▂▄▃▁,False,True,False,4,-0.03550541291633824,0.09844584061599515,0.014993248086524469,0.1304544264484302,FLAT,True,76,69.0,WATCH,NONE,,NEUTRAL,C,WAIT,CMF positive,Technology Services,25.7
INDOBORAX,477.55,441.05,508.7,435.0,False,True,True,True,False,True,58.47355224967068,392.81228637000004,55.97866989583111,True,0.03580069755731413,True,4.7,False,0.11410121020113372,0.0,-2.78,0,True,▇▄▆▅▆▅▆▆▆▆▆▆▆▇▇████▁,False,True,False,5,-0.06077293735863898,-0.00727575096143851,-0.010274276355776268,0.024732834870996534,FLAT,True,57,69.0,WATCH,NONE,,NEUTRAL,C,WAIT,CMF positive,Process Industries,26.7
TBZ,665.35,650.0,665.35,636.95,False,True,True,True,True,True,0.22578976043926938,58.648539915,0.3528006242440089,False,0.48026697991830763,True,48.43,True,1.2448751397689153,70.0,0.6,0,True,▃▂▂▂▂▂▁▂▂██▃▄▃▃▃▅▃▃▄,False,False,False,15,1.3732833957553057,1.559333769281071,1.4237820567581685,1.591342355113506,FLAT,True,100,68.0,WATCH,NONE,,NEUTRAL,C,WAIT,"CMF positive, RS leader",Consumer Durables,24.3
UFBL,811.05,809.0,828.9,783.0,False,True,True,True,True,True,0.6606451474355552,8.982297645,0.7336182503286376,False,0.3020118661306201,True,62.37,True,1.0503271220834771,64.0,0.47,0,True,▁▂▃▁▃▄▂▂▃▆▅▃▃▂▂█▃▄▁▃,False,False,False,5,0.09608757348469488,0.6647167487684729,0.1465862344875576,0.6967253346009079,FLAT,True,98,68.0,WATCH,NONE,,NEUTRAL,C,WAIT,"CMF positive, RS leader",Consumer Services,25.2
MANKIND,2437.8,2312.7,2452.0,2303.0,False,True,True,True,True,True,4.338794628082079,327.25758540000004,4.54389514682808,True,0.23794433697973608,True,58.93,True,1.0295967572856244,64.0,0.28,0,False,▇▇▄▅▅▄▆▆▅▇▇█▇▆▁▄▅▅▆▆,False,False,False,0,0.026658243840808726,-0.021435452793834187,0.07715690484367144,0.010573133038600857,UP,True,54,68.0,WATCH,NONE,,NEUTRAL,C,WAIT,CMF positive,Health Technology,33.7
NILKAMAL,1918.0,1885.0,1944.4,1885.0,False,False,True,True,False,True,1.2668730851435583,5.9799404,1.2187332717510648,True,0.025759298057768578,True,49.21,True,1.1065762696619106,23.0,-0.76,0,True,▄▁▁▂▄▁▂▃▃▅▅▂▂▃▁▆▄█▇▅,False,True,False,3,-0.04396371249127706,0.29910593335139524,0.006534948511585648,0.3311145191838303,FLAT,True,92,67.0,WATCH,NONE,,NEUTRAL,C,WAIT,"CMF positive, RS leader",Consumer Durables,24.3
SBC,53.54,53.5,56.9,53.06,False,True,True,True,True,True,2.32314145760772,118.73696973,2.598839248223699,True,-0.054694972701892504,False,28.36,False,0.692577261682357,7.0,-1.55,0,True,▁▅▄█▅▅▅▅▇██▄▃▅▆▁▇▅▂▁,False,False,False,14,0.27022538552787667,0.2675189393939392,0.3207240465307394,0.29952752522637427,UP,True,90,67.0,WATCH,NONE,,NEUTRAL,C,WAIT,RS leader,Distribution Services,36.7
3BBLACKBIO,1580.2,1502.9,1599.0,1475.5,False,True,True,True,True,True,4.500639265018724,13.322350160000001,4.911182441566301,True,0.016283937669067175,True,31.62,False,0.586930494584536,0.0,-2.81,0,False,▆▃▅▆▃▄▄▄▄▅▅▃▅█▄▆▄▇▄▁,False,False,False,4,0.0972849107700855,0.26314948041566755,0.1477835717729482,0.2951580662481026,FLAT,True,90,67.0,WATCH,NONE,,NEUTRAL,C,WAIT,"CMF positive, RS leader",Process Industries,26.7
BLUSPRING,149.44,145.12,151.9,138.43,False,True,True,True,True,True,1.3390997029399934,10.320685056,1.503008559961215,True,0.2754281965278425,True,41.32,False,0.8934054054054054,16.0,-1.0,0,False,▅▅▃▄▃▆█▁▅▃▃▁▄▆█▄▅▁▃▃,False,False,False,8,0.1822784810126581,0.36263335460928237,0.2327771420155208,0.3946419404417174,FLAT,True,95,66.0,WATCH,NONE,,NEUTRAL,C,WAIT,"CMF positive, RS leader",Commercial Services,27.2
OPTIEMUS,809.95,761.3,828.9,754.0,False,True,True,True,False,True,2.399549182449284,245.18028848000003,2.6128194698534175,True,0.4567052789074307,True,19.04,False,0.4407254377741514,1.0,-3.38,0,False,▅▇▇▆▆▇█▇▃███▇▆▅▁▂▂▃▁,False,False,False,2,0.41069406949403486,0.33434925864909393,0.4611927304968976,0.36635784448152897,UP,True,93,66.0,WATCH,NONE,,NEUTRAL,C,WAIT,"CMF positive, RS leader",Distribution Services,36.7
APOLLOHOSP,8890.0,8891.0,8934.5,8821.5,False,True,True,True,False,True,1.518669927408945,386.415407,1.5270693133887687,True,-0.0003442500968394252,True,66.35,True,1.059633320557046,78.0,0.68,0,True,▅▄▅▅█▄▄▁▅▅▅▅▆█▄▆▅▅▇▆,False,False,False,3,0.010227272727272751,0.00022502250225020504,0.06072593373013546,0.03223360833468525,UP,True,59,66.0,WATCH,NONE,,NEUTRAL,C,WAIT,No standout factor,Health Services,24.1
BLISSGVS,527.1,523.55,532.8,523.55,False,True,True,True,False,True,0.35569503174414324,20.72968338,0.3979034185775732,False,0.20976216365175146,False,53.68,True,1.2372084447312621,93.0,1.41,0,True,▆▄▄▆▅▄▆▇▅▄▅▇▆█▃▃▁▃▆▇,False,False,False,8,0.15541429197720302,0.9266055045871562,0.20591295298006573,0.9586140904195912,FLAT,True,99,65.0,WATCH,SEED,,NEUTRAL,C,WAIT,"Delivery P93, CMF positive, RS leader",Health Technology,33.7
DIACABS,322.85,322.0,329.0,316.5,True,True,True,True,False,True,0.3035503607574197,101.369766685,0.3698383485409561,False,0.181608737827822,False,55.18,True,1.444578250170166,91.0,1.5,0,True,▁▂▃▄▄▃▃▄▅▆▂▂▂▂▃▄▅▇█▇,False,False,False,11,0.4757507884993373,0.6422503687878327,0.5262494495022,0.6742589546202677,FLAT,True,98,65.0,WATCH,SEED,,NEUTRAL,C,WAIT,"Delivery P91, CMF positive, RS leader",Producer Manufacturing,27.6
GODIGIT,263.25,254.5,267.0,252.1,False,True,True,False,True,False,6.797947948907701,114.32141955,7.258138510571606,True,0.2554545501466505,True,37.59,False,0.7591178965224767,11.0,-1.11,0,True,▄▃▅▃█▇▁▆█▇▇▇▁█▄▅▆▆▅▃,False,True,False,0,0.022727272727272707,-0.06283374866500524,0.07322593373013542,-0.030825162832570197,UP,False,42,65.0,WATCH,NONE,,NEUTRAL,C,WAIT,CMF positive,Finance,27.7
TI,561.65,575.25,578.95,560.0,True,True,True,True,False,True,0.699080575398729,30.385545825,0.7002822297636158,False,0.08319505304540292,True,54.8,True,1.0042423742635405,82.0,0.85,0,True,▃▃▂▄▂▃▄▆▂▅▅▁▆▁▇▇▃▃█▄,False,False,False,3,0.0010694234025487859,0.2682623913288922,0.051568084405411496,0.3002709771613272,FLAT,True,90,64.0,WATCH,NONE,,NEUTRAL,C,WAIT,"CMF positive, RS leader",Consumer Non-Durables,29.3
TRUALT,458.15,446.0,465.0,440.55,False,True,True,True,True,True,2.661959062070415,29.70268917,2.8582452868797565,True,0.06975483854506727,True,47.11,False,0.8090817754802366,32.0,-0.45,0,True,▄▄▂▅▄▃▃▅▃▅▅▃▁▄▆▅▇▆█▂,False,False,False,0,0.06645716945996272,0.09083333333333332,0.11695583046282543,0.12284191916576837,FLAT,True,75,64.0,WATCH,NONE,,NEUTRAL,C,WAIT,CMF positive,Process Industries,26.7
GCSL,667.35,656.75,670.5,652.5,False,True,True,True,True,True,0.3921479989951546,18.235872630000003,0.43205729993504877,False,0.30495293439414006,False,40.08,True,1.1473720371006526,58.0,-0.12,0,True,▄▄▄▄▄▅▅▁▂▂▂▃▄▃█▅▄▄▄▅,False,False,False,15,0.19908364028389203,0.28484790142472094,0.24958230128675474,0.316856487257156,FLAT,True,91,63.0,WATCH,NONE,,NEUTRAL,C,WAIT,"CMF positive, RS leader",Finance,27.7
SMCGLOBAL,97.23,86.04,100.98,84.86,False,True,True,True,True,True,9.4559276371959,259.49143959900005,10.802449715147848,True,0.010584712839797625,True,13.25,False,0.2509469696969697,0.0,-2.96,0,False,▆▇▆█▄▄▄▄▁▃▃▄▅▅▅▆▄▄▅▂,False,False,False,8,0.22641271442986888,0.20722622299478521,0.2769113754327316,0.23923480882722026,UP,True,86,63.0,WATCH,NONE,,NEUTRAL,C,WAIT,CMF positive,Finance,27.7
MUKANDLTD,171.03,170.95,173.95,167.47,False,True,True,True,True,True,5.140990399609438,27.321546513,5.71243590216105,True,0.34769357608464385,False,43.44,False,0.7761786068451663,12.0,-1.02,0,False,▇▄▅▆▅▆▆█▃▅▅▃▅▇▆▄▁▂▂▂,False,False,False,4,0.24494103945261325,0.1888641735020158,0.29543970045547596,0.22087275933445083,UP,True,85,63.0,WATCH,NONE,,NEUTRAL,C,WAIT,CMF positive,Non-Energy Minerals,33.3
ABDL,723.45,731.95,739.0,720.25,False,True,True,True,True,True,1.8187829666342257,130.771328415,1.937833216191255,True,0.13014010820412272,False,28.35,False,0.6126550546743311,2.0,-2.24,0,False,▆▃▅▄▆█▆▅▅▆▆▄▃▅▄▄▅▂▁▃,False,False,False,3,0.1698738680465719,0.15502514568531978,0.2203725290494346,0.18703373151775482,UP,True,82,63.0,WATCH,NONE,,NEUTRAL,C,WAIT,CMF positive,Consumer Non-Durables,29.3
FILATEX,110.75,108.95,111.98,107.47,False,True,True,True,True,True,0.8193575384687483,59.484268,0.9697363401561824,False,0.3675247346296828,True,47.56,True,1.1467148884870404,60.0,0.22,0,False,█▇▆▅▆▆▅█▆▁▁▄▄▄▃▃▃▆▇▆,False,False,False,9,0.47332712518291875,0.5282185732027045,0.5238257861857815,0.5602271590351395,FLAT,True,97,62.0,WATCH,NONE,,NEUTRAL,C,WAIT,"CMF positive, RS leader",Process Industries,26.7
OAL,553.15,533.45,558.0,521.8,False,True,True,True,False,True,1.4588912449888285,5.529619289999999,1.5686421093907572,True,0.1867693711374377,True,30.08,False,0.6737898438724995,4.0,-2.01,0,False,▃▅▄▇▃▇▄█▇▆▆▄▆▆▇▇▇▅▁▁,False,False,False,9,0.19239060142272035,0.5765996864757017,0.24288926242558306,0.6086082723081367,FLAT,True,97,62.0,WATCH,NONE,,NEUTRAL,C,WAIT,"CMF positive, RS leader",Process Industries,26.7
SSWL,388.65,382.0,390.0,376.0,False,True,True,True,True,True,0.4991493377461438,53.710574969999996,0.5399903965650774,False,0.37120973449904027,True,41.94,True,1.1126144050935136,19.0,-0.76,0,False,█▁▃▄▆▄▄▆▅▄▄▅▇▅▅▄▅▄▄▅,False,False,False,14,0.27155242924914114,0.4064705243730322,0.32205109025200385,0.43847911020546726,FLAT,True,96,62.0,WATCH,NONE,,NEUTRAL,C,WAIT,"CMF positive, RS leader",Producer Manufacturing,27.6
ARTEMISMED,365.9,362.2,372.0,350.2,False,True,True,True,True,True,1.578757864037251,76.55261006999999,1.6405123455831712,True,-0.1339592041522794,True,21.83,False,0.49003322259136217,0.0,-3.09,0,False,█▅▇▇▅▆▆▆▅▅▅▆▆▆▆▅▇▇▁▃,False,False,False,7,0.1526224602299575,0.3514312096029546,0.20312112123282022,0.38343979543538964,FLAT,True,94,62.0,WATCH,NONE,,NEUTRAL,C,WAIT,RS leader,Health Services,24.1
RSYSTEMS,275.21,250.0,282.74,245.45,False,True,True,False,True,False,367.6208712618268,1687.338517345,410.7412812984438,True,0.5636455499489339,True,3.76,False,0.07029811260785432,0.0,-3.5,0,False,▆▇▆▇▇██▆███▆▆▆▆▆▇█▆▁,False,True,False,1,0.12193232776192398,0.0989498063331069,0.17243098876478669,0.13095839216554195,UP,True,76,62.0,WATCH,NONE,,NEUTRAL,C,WAIT,CMF positive,Technology Services,25.7
AVADHSUGAR,808.4,825.3,833.05,800.0,False,True,True,True,False,True,2.0926785119643165,22.32768464,2.1301058160335655,True,-0.04923087428251583,False,27.23,False,0.6760766203617494,9.0,-1.54,0,True,▁▇▄▃▆▄▃▇▅▆▆▄█▅▆▅▃█▁▁,False,True,False,0,-0.05483456097275807,0.5212645841174257,-0.004335899969895363,0.5532731699498608,FLAT,True,97,61.0,WATCH,NONE,,NEUTRAL,C,WAIT,RS leader,Process Industries,26.7
NRBBEARING,541.5,533.0,559.9,524.2,False,True,True,True,True,True,1.442603274913963,76.539942,1.5154064945152557,True,0.4398084733268291,False,31.03,False,0.7225941666181521,3.0,-1.78,0,False,▇▇▇██▅▆▇▅▆▆▆▇▁▄▅▄▆▅▄,False,False,False,11,0.14276669832225375,0.33786287831995065,0.19326535932511646,0.3698714641523857,FLAT,True,94,61.0,WATCH,NONE,,NEUTRAL,C,WAIT,"CMF positive, RS leader",Producer Manufacturing,27.6
BOROLTD,280.8,275.0,283.76,269.0,False,True,True,True,True,False,4.971331233773747,42.04463328,5.4244701796735235,True,0.09682788553003056,True,27.87,False,0.6157075002761516,4.0,-1.9,0,False,▂▃▃▄▄▆▇█▃██▅▄▇▅▁▅▆▃▁,False,False,False,7,0.1421133978687057,0.19352233603944402,0.1926120588715684,0.22553092187187906,FLAT,True,85,60.0,WATCH,NONE,,NEUTRAL,C,WAIT,CMF positive,Producer Manufacturing,27.6
ETERNAL,335.4,326.85,336.5,326.85,False,True,True,True,True,True,0.572155547738003,658.0189122,0.5877957586386776,False,0.2708348986647455,True,60.91,True,1.029432890811834,80.0,0.85,0,True,█▂▃▂▄▂▂▅▃▃▃▁▂▃▃▂▅▃▄▄,False,False,False,11,0.022560975609756007,0.15794924909373376,0.07305963661261872,0.1899578349261688,FLAT,True,82,60.0,WATCH,NONE,,NEUTRAL,C,WAIT,CMF positive,Transportation,31.9
SHILPAMED,1025.25,1018.0,1039.0,998.0,False,True,True,True,False,True,0.6178094093794748,69.515948475,0.657124525939204,False,0.19428379778506885,False,41.05,True,1.0611210918819711,23.0,-0.57,0,True,▅▅▆▆▅▆▄██▁▁▄█▄▃▅▄▆▃▆,False,False,False,9,0.08000632044664502,0.6392197617715243,0.13050498144950773,0.6712283476039593,FLAT,True,98,59.0,WATCH,NONE,,NEUTRAL,C,WAIT,"CMF positive, RS leader",Health Technology,33.7
PAYTM,1809.0,1823.0,1829.3,1792.0,True,True,True,True,False,True,1.0684325032852875,909.2898702,1.118268848784973,False,0.19833606968596482,False,47.43,True,1.0960138648180242,77.0,0.67,0,True,▄▄▆▄▄▄█▄▁▂▂▁▄▅▇▁▅▇▆▅,False,False,False,8,0.10845588235294112,0.34818899985094665,0.15895454335580383,0.3801975856833817,FLAT,True,94,59.0,WATCH,NONE,,NEUTRAL,C,WAIT,"CMF positive, RS leader",Finance,27.7
SANSERA,4457.2,4660.7,4662.1,4436.0,True,True,True,True,False,True,1.0191327972525157,121.5523012,1.0672852156215205,False,0.1804255133951817,False,49.87,True,1.0375425201027764,55.0,0.02,0,True,█▁▆▅▆▆▃▆▆▅▅▇▇▄▇▁▅▅▅▆,False,False,False,11,0.10930811348929814,0.33641160949868065,0.15980677449216085,0.3684201953311157,FLAT,True,93,59.0,WATCH,NONE,,NEUTRAL,C,WAIT,"CMF positive, RS leader",Producer Manufacturing,27.6
SHADOWFAX,274.4,283.9,283.9,272.55,True,True,True,True,False,True,0.5078439261154016,53.9475888,0.5254459437087231,False,0.23600157196663302,False,57.44,True,1.084817465863378,83.0,0.91,0,True,▅█▇▆▅▅▅▃▆▁▁▅▆█▁▅▆▅▅▇,False,False,False,5,0.11658189216683623,0.276872964169381,0.16708055316969894,0.30888155000181605,FLAT,True,91,59.0,WATCH,NONE,,NEUTRAL,C,WAIT,"CMF positive, RS leader",Technology Services,25.7
PROTEAN,691.5,690.7,719.0,675.0,False,True,True,True,True,False,1.565694927836663,185.91952515,1.7718931965100726,True,0.34535073160841584,False,21.27,False,0.4528759860751812,1.0,-2.9,0,False,█▆▇██▇█▇▇▇▇█▆▇▂▁▂▃▃▂,False,False,False,4,0.32763751559950083,0.18063855215980862,0.37813617660236354,0.21264713799224366,UP,True,84,59.0,WATCH,NONE,,NEUTRAL,C,WAIT,CMF positive,Technology Services,25.7
TORNTPHARM,4971.0,4911.5,4990.5,4906.5,False,True,True,True,False,True,1.1782221688663876,190.026417,1.1874716588044794,True,0.2043104414856462,False,70.75,True,1.152524150064346,95.0,1.48,0,True,█▁▄▁▅▂▇▄▁▃▃▅▂▆▂▄▅▁▅▆,False,False,False,2,-0.005601120224044798,-0.00332825407009385,0.04489754077881791,0.028680331762341194,UP,True,58,59.0,WATCH,SEED,,NEUTRAL,C,WAIT,"Delivery P95, CMF positive",Health Technology,33.7
SETL,422.65,402.05,422.65,394.0,False,True,True,True,False,True,0.9015472495843679,41.18817232999999,0.9346231879133554,False,0.26292594292976096,True,60.26,True,1.1092907240027243,75.0,0.59,0,False,▂▄▂▃▃▄▂▃▇▁▁█▂▂▃▂▄▃▄▄,False,False,False,8,0.14384303112313934,0.46727998611352173,0.19434169212600205,0.49928857194595677,FLAT,True,96,58.0,WATCH,NONE,,NEUTRAL,C,WAIT,"CMF positive, RS leader",Health Technology,33.7
ROSSTECH,1398.8,1405.0,1410.8,1342.2,True,True,True,True,False,True,0.3079256796045826,21.13712692,0.3240537288289767,False,0.14178922071155825,True,37.57,True,1.0384620700139586,34.0,-0.28,0,False,▆▆▆█▆▆▅▅▆▇▇▁▂▂▄▂▄▅▅▅,False,False,False,14,0.2602369476102526,0.4293889229511547,0.31073560861311533,0.46139750878358976,FLAT,True,96,58.0,WATCH,NONE,,NEUTRAL,C,WAIT,"CMF positive, RS leader",Electronic Technology,27.3
FINCABLES,1408.1,1460.9,1460.9,1400.0,True,True,True,True,False,True,0.3386508588144879,60.81316360999999,0.35126311167382396,False,0.22416332605253966,True,40.59,True,1.2412274666299714,33.0,-0.44,0,False,█▆▇▂█▇▄▄▅▁▁▃▃█▆▇▄▇▆▇,False,False,False,9,0.12905424367558016,0.38674414024029935,0.17955290467844287,0.4187527260727344,FLAT,True,95,58.0,WATCH,NONE,,NEUTRAL,C,WAIT,"CMF positive, RS leader",Producer Manufacturing,27.6
RGL,163.23,166.77,166.9,161.7,True,True,True,True,False,True,0.28951512776744387,5.508637070999999,0.30316497173606993,False,0.2182982991934332,True,46.73,True,1.3699393157632433,61.0,0.28,0,False,▂▂▃▆▃▄▄▄█▃▃▅▅▆▇█▁▅▄█,False,False,False,7,0.20714391362224527,0.36229344016024045,0.257642574625108,0.3943020259926755,FLAT,True,94,58.0,WATCH,NONE,,NEUTRAL,C,WAIT,"CMF positive, RS leader",Consumer Durables,24.3
DIVISLAB,9575.5,9602.0,9668.5,9530.0,True,True,True,True,False,True,0.7377878048500216,368.8769865,0.756212356089375,False,0.21706478759256614,True,61.49,False,0.9704171894357251,73.0,0.59,0,True,▇▄▅▆▅▅▂▃▁██▆▅▇▃▄▄▄▆▄,False,False,False,8,0.05689845474613686,0.3088436303991251,0.10739711574899957,0.34085221623156015,FLAT,True,92,58.0,WATCH,NONE,,NEUTRAL,C,WAIT,"CMF positive, RS leader",Health Technology,33.7
JYOTICNC,1046.1,1089.1,1094.55,1025.0,True,True,True,True,False,True,0.9178153907833343,125.80032465,0.9175653116700946,False,0.19807093926641772,True,40.88,True,1.0275487633219385,40.0,-0.11,0,False,▆▅▇▂▅▇▆▆▅▆▆▇▄▃▁▄▄▇█▅,False,False,False,5,0.051409618573797555,0.3026586140339953,0.10190827957666027,0.33466719986643034,FLAT,True,92,58.0,WATCH,NONE,,NEUTRAL,C,WAIT,"CMF positive, RS leader",Producer Manufacturing,27.6
ELECON,480.75,458.5,489.5,452.25,False,True,True,True,True,False,3.001202121115008,323.2113018,3.1566512950637127,True,0.43741907054593504,True,10.82,False,0.3003469812630118,1.0,-2.86,0,False,█▆▆▂▄▆▆▅▅▅▅▆▅▄▆▅▁▃▄▂,False,False,False,0,0.16729391768847868,0.056593406593406614,0.2177925786913414,0.08860199242584166,UP,True,69,58.0,WATCH,NONE,,NEUTRAL,C,WAIT,CMF positive,Producer Manufacturing,27.6
PREMEXPLN,677.05,680.35,680.35,671.55,True,True,True,True,False,False,1.6822226308431298,25.9838249,1.6998791953498438,False,-0.24077515868944235,True,87.54,True,1.2349754528525478,99.0,2.95,0,True,▅▆▁▆▆▆▅█▆▆▆▆▆▆▇▇▆▅▆█,False,False,False,0,0.02149969824984921,0.02335247883917768,0.07199835925271192,0.055361064671612725,UP,True,64,58.0,WATCH,SEED,,NEUTRAL,C,WAIT,Delivery P99,Process Industries,26.7
SATIN,234.4,237.91,239.39,229.01,True,True,True,True,False,True,1.7170954765053539,7.77743888,1.8196359802948159,False,0.11529536951459753,False,60.73,True,1.0482527682123777,73.0,0.53,0,True,▂▂▂▁▂▄▂▄▆▂▂▃▁█▅▅▅▂▂▄,False,False,False,0,0.04633514864744215,-0.08462529777014094,0.09683380965030486,-0.052616711937705896,UP,False,33,58.0,WATCH,NONE,,NEUTRAL,C,WAIT,CMF positive,Finance,27.7
STLTECH,405.15,398.3,414.0,396.1,False,True,True,True,True,True,0.8374995805746792,255.440146935,1.1466837399167924,False,0.45204278519638547,False,47.91,False,0.9142519106548227,73.0,0.58,0,True,▂▃▃▃▄▃▂▂▁▁▁▁▃▃▃█▅▇▂▂,False,False,False,17,0.7522273159761266,1.41736276849642,0.8027259769789893,1.449371354328855,FLAT,True,100,57.0,WATCH,NONE,,NEUTRAL,C,WAIT,"CMF positive, RS leader",Technology Services,25.7
MVGJL,215.94,226.99,227.0,215.0,True,True,True,True,False,True,0.3399236137726143,6.064631712,0.3550760688737093,False,0.060341009955784244,False,41.65,True,1.0964277252744359,17.0,-0.91,0,False,█▁▄▃▂▂▁▃▅▇▇▂▄▃▃▄▅▇▄▅,False,False,False,10,0.4297821624842746,0.3729654120040691,0.4802808234871373,0.4049739978365041,UP,True,95,57.0,WATCH,NONE,,NEUTRAL,C,WAIT,"CMF positive, RS leader",Retail Trade,28.0
ANTELOPUS,1159.45,1260.0,1260.0,1120.85,True,True,True,True,False,True,0.33399340573484465,167.877345225,0.3587143347417803,False,0.21947691973890798,False,19.31,True,1.1043120210454078,14.0,-1.28,0,False,▇█▁▁▂▂▁▁▂▂▂▁▂▃▃▃▃▄▁▃,False,False,False,7,0.478324620680862,0.34538175910884217,0.5288232816837247,0.3773903449412772,UP,True,94,57.0,WATCH,NONE,,NEUTRAL,C,WAIT,"CMF positive, RS leader",Energy Minerals,27.5
SYRMA,1746.4,1733.3,1781.9,1723.9,False,True,True,True,True,True,0.6783263157968614,320.70208504,0.7208065675016946,False,0.3752190408253434,False,34.87,True,1.154807835604643,44.0,-0.1,0,False,▆▆▇▅█▂▃▅▅▅▅▄▁▁▃▃▄▃▃▅,False,False,False,10,0.2153096729297148,0.3025059665871124,0.2658083339325775,0.3345145524195474,FLAT,True,92,57.0,WATCH,NONE,,NEUTRAL,C,WAIT,"CMF positive, RS leader",Electronic Technology,27.3
MARINE,428.2,413.75,434.9,406.25,False,True,True,True,False,True,1.2337667822573781,105.70027078,1.2626203849781539,True,0.24868668423864224,True,27.07,False,0.7281873327146297,2.0,-2.18,0,False,▄▃▃▄▃█▄▄█▆▆▅▇█▃▄▁▇▆▂,False,False,False,5,0.06823001122614425,0.6818538884524745,0.11872867222900696,0.7138624742849096,FLAT,True,98,56.0,WATCH,NONE,,NEUTRAL,C,WAIT,"CMF positive, RS leader",Distribution Services,36.7
APLAPOLLO,2197.0,2210.2,2210.2,2174.9,True,True,True,True,False,True,0.5001899816771838,70.2941135,0.5006022574578916,False,0.1537100422960571,True,60.22,True,1.1156293709532499,68.0,0.44,0,True,▆▂█▅▄▄▇▅▄▂▂▄▁█▄▇▄▅▇▇,False,False,False,3,-0.011873706935324302,0.21093534696577199,0.03862495406753841,0.24294393279820703,FLAT,True,87,56.0,WATCH,NONE,,NEUTRAL,C,WAIT,CMF positive,Non-Energy Minerals,33.3
STLNETWORK,52.06,55.4,56.5,51.88,True,True,True,True,False,True,2.745485959208238,96.760621396,3.4402886040064886,False,0.5990583788981677,False,45.57,False,0.7158959696486501,16.0,-0.84,0,True,▃▃▄▄▅▆▄▃▃▄▄▂▃██▄▅▁▁▂,False,False,True,16,0.849378330373002,1.1397451705713113,0.8998769913758647,1.1717537564037463,FLAT,True,100,55.0,WATCH,NONE,,NEUTRAL,C,WAIT,"CMF positive, RS leader",Communications,33.3
VALIANTORG,397.75,419.35,419.35,396.4,True,True,True,True,False,True,0.4199573877543802,1.32220055,0.43867768207743424,False,0.4509143808053738,False,66.3,True,1.2564552044345478,81.0,0.83,0,True,▆▁▅▅▅▃▅▅▄▅▆▃▃▆▇▆█▇▆▇,False,False,False,8,0.33742434431741763,0.4625850340136055,0.38792300532028035,0.49459361984604056,FLAT,True,96,55.0,WATCH,NONE,,NEUTRAL,C,WAIT,"CMF positive, RS leader",Process Industries,26.7
LUMAXTECH,2032.0,2041.0,2057.4,2014.4,False,True,True,True,False,True,0.5039567220710263,15.9841184,0.5047645100475779,False,-0.1406879113507406,False,52.42,True,1.2419152313487647,90.0,1.22,0,True,▅▁▆▅▇▆▆▆▇▄▄▄▆▆▆▆▅▄▆█,False,False,False,3,-0.02237190281452972,0.3954127180332372,0.02812675818833299,0.42742130386567223,FLAT,True,95,55.0,WATCH,SEED,,NEUTRAL,C,WAIT,"Delivery P90, RS leader",Producer Manufacturing,27.6
IGPL,581.55,609.9,609.9,579.05,True,True,True,True,False,True,0.4642197899428002,2.81318997,0.4776914128663769,False,0.19872435510607242,False,53.7,True,1.0197106072689985,31.0,-0.52,0,True,▁▄▃▄▃▅▂▆▇██▁▃▇▃█▅▆▇▅,False,False,False,9,0.0874158563949139,0.35638483965014567,0.1379145173977766,0.3883934254825807,FLAT,True,94,55.0,WATCH,NONE,,NEUTRAL,C,WAIT,"CMF positive, RS leader",Process Industries,26.7
JINDRILL,624.15,586.7,643.95,579.3,False,True,True,True,False,True,15.459786266503782,438.44952158999996,15.136672289081492,True,0.02709496245757016,True,5.62,False,0.18205672265504788,2.0,-1.72,0,False,▅▆▄▆▇▆▇▅▅▄▄▆█▅█▇▆▆▅▁,False,False,False,6,0.006044487427466105,0.03782840039906876,0.056543148430328816,0.0698369862315038,FLAT,True,66,55.0,WATCH,NONE,,NEUTRAL,C,WAIT,CMF positive,Industrial Services,34.5
RATNAVEER,330.95,335.7,340.45,329.0,True,True,True,True,False,True,0.8778413554384812,192.51076883,0.9396781065715202,False,0.027789457105005917,False,43.37,True,1.3921836128721612,60.0,0.3,0,True,▂▄▄▃▃▅▆▄▃██▅▃▂▁▂▃▆▃▆,False,False,False,8,0.08146526370825447,0.8360610263522885,0.13196392471111718,0.8680696121847236,FLAT,True,99,54.0,IGNORE,NONE,,NEUTRAL,C,WAIT,"CMF positive, RS leader",Non-Energy Minerals,33.3
MTARTECH,7777.0,8122.0,8297.5,7732.0,True,True,True,True,False,True,0.5773861021911433,944.1099129,0.5949148041307928,False,0.0410156816841065,False,21.68,True,1.2187306762606107,19.0,-0.9,0,True,▄▅▆▂▄▆▅▇▃█▅▃▂▂▁▁▂▃█▆,False,False,False,4,-0.014259458774320333,0.8632900474387848,0.03623920222854238,0.8952986332712198,FLAT,True,99,54.0,IGNORE,NONE,,NEUTRAL,C,WAIT,"CMF positive, RS leader",Electronic Technology,27.3
SPECTRUM,2530.2,2440.8,2565.0,2440.8,False,True,True,True,False,True,0.2844750627151808,4.32967824,0.3125229861542668,False,0.2963370852181603,True,52.66,True,1.351157181710884,48.0,0.02,0,False,▆██▇▇▄▃▁▃▇▁▅▄▅▃▅▆▆█▇,False,False,False,11,0.2616305160807777,0.7447248655357881,0.3121291770836404,0.7767334513682231,FLAT,True,99,54.0,IGNORE,NONE,,NEUTRAL,C,WAIT,"CMF positive, RS leader",Electronic Technology,27.3
ENTERO,1790.1,1805.0,1821.7,1746.2,True,True,True,True,False,True,0.7451517398132883,32.81736627,0.7500045079385479,False,0.028780596953648242,False,56.49,True,1.0951176248218908,64.0,0.37,0,True,█▂▁▂▃▅▃▄▇▂▂▂▃▂▆▅▅▄▆▅,False,False,False,5,-0.010939830929885708,0.5046650416071277,0.039558830072977,0.5366736274395627,FLAT,True,97,54.0,IGNORE,NONE,,NEUTRAL,C,WAIT,"CMF positive, RS leader",Distribution Services,36.7
ELANTAS,13965.0,14047.0,14047.0,13427.0,False,True,True,True,False,True,0.37833664240017645,2.873997,0.3885884332561037,False,0.28990592522636344,True,46.55,True,1.2203594227214931,47.0,-0.11,0,False,▄▆▃▇▇▂▄▄▅▁▁▄▇▅▅▅▄▆█▆,False,False,False,4,0.21434782608695646,0.5079365079365079,0.26484648708981917,0.539945093768943,FLAT,True,97,54.0,IGNORE,NONE,,NEUTRAL,C,WAIT,"CMF positive, RS leader",Process Industries,26.7
SURAKSHA,347.05,345.9,349.8,335.0,False,True,True,True,False,True,0.682710061023314,2.27137284,0.6960827764414339,False,0.14846287520222307,True,46.63,False,0.8407027792050915,8.0,-1.26,0,True,▄▅▃▄▄▆▄▃▃▂▂▄█▆▁▂▂▃▃▁,False,False,False,9,0.02510707428740222,0.344633862843859,0.07560573529026493,0.37664244867629404,FLAT,True,94,54.0,IGNORE,NONE,,NEUTRAL,C,WAIT,"CMF positive, RS leader",Health Services,24.1
BIL,1001.2,1010.85,1020.0,990.0,True,True,True,True,False,True,0.12589651306625954,0.315378,0.1234466910560158,False,0.18893999357939037,True,74.44,True,1.2295596445442833,68.0,0.54,0,False,█▁▄▅▅▅▆▁▃▃▃▃▄▃▅▅▆▆▄▆,False,False,False,7,0.1748415864820465,0.342901213868956,0.22534024748490922,0.37490979970139104,FLAT,True,94,54.0,IGNORE,NONE,,NEUTRAL,C,WAIT,"CMF positive, RS leader",Consumer Non-Durables,29.3
AEROFLEX,513.4,524.25,524.95,508.2,True,False,True,True,False,True,0.5525241603097684,38.31730096,0.5386162782480841,False,0.06955421442184302,True,45.44,True,1.3227952200049486,83.0,0.93,0,False,▇▂▄▆▄▅▁▇▄▆▆▂▄▅▅▅▅▃▅█,False,False,False,3,-0.0228397411496003,0.263753846153846,0.02765891985326241,0.29576243198628105,FLAT,True,90,54.0,IGNORE,NONE,,NEUTRAL,C,WAIT,"CMF positive, RS leader",Producer Manufacturing,27.6
SHREEJISPG,752.8,755.0,761.9,741.5,False,True,True,True,True,True,0.614512665859201,51.827344079999996,0.6698959078010212,False,0.2893381204711981,True,43.72,True,1.0817498020585905,66.0,0.4,0,False,▅▁█▅▅▅▅▆▆▆▆▅▇▄█▅▅▄▇▆,False,False,False,13,0.1678560347502327,0.22237557846878286,0.2183546957530954,0.2543841643012179,FLAT,True,87,54.0,IGNORE,NONE,,NEUTRAL,C,WAIT,CMF positive,Transportation,31.9
AEQUS,260.5,259.0,274.0,246.96,False,True,True,True,True,True,14.718960791371131,873.27500965,16.162031294306754,True,-0.053255479178662725,True,29.06,False,0.6198474910680958,25.0,-0.73,0,True,▄▆▅▃▆▅▄▄▂▅▅▄▄▅▂▄█▄▄▁,False,False,False,1,0.05894308943089421,0.14034319733846967,0.10944175043375692,0.17235178317090472,FLAT,True,80,54.0,IGNORE,NONE,,NEUTRAL,C,WAIT,No standout factor,Electronic Technology,27.3
WOCKPHARMA,2187.6,2267.0,2267.0,2181.0,True,True,True,True,False,True,0.483099906240667,142.18153068,0.48935728913116416,False,0.2773544349031662,True,40.17,True,1.1197056487017603,64.0,0.33,0,False,██▇▇▃▁▂▃▄▅▅▄▅▄▂▃▁▄▄▅,False,False,False,6,0.1613314222009874,0.1373609233648747,0.2118300832038501,0.16936950919730975,UP,True,80,54.0,IGNORE,NONE,,NEUTRAL,C,WAIT,CMF positive,Health Technology,33.7
CAPLIPOINT,2854.0,2856.7,2869.8,2801.8,False,True,True,True,False,True,0.3613593602134806,34.6284382,0.3733377693395077,False,0.298159837319056,True,36.63,True,1.1069307828294275,15.0,-0.94,0,False,█▁▃▄▅▆▆▇▃▆▆▅▄▃▆▆▇▁▃▅,False,False,False,8,0.13370938269643284,0.07730635663596575,0.18420804369929555,0.10931494246840079,UP,True,73,54.0,IGNORE,NONE,,NEUTRAL,C,WAIT,CMF positive,Health Technology,33.7
JSL,745.7,752.75,756.0,738.5,True,True,True,True,False,True,0.9990583552532167,95.35139131,0.9908512596534297,False,0.3037880062953005,True,61.55,True,1.0866974461285852,83.0,0.95,0,False,█▂▂▆▆▇▅▁▃▆▆▆▅▆▇▇▆▆▇▆,False,False,False,7,0.06202378409171838,0.020458433116661068,0.11252244509458109,0.05246701894909611,UP,True,63,54.0,IGNORE,NONE,,NEUTRAL,C,WAIT,CMF positive,Non-Energy Minerals,33.3
MOREPENLAB,120.71,121.15,126.22,119.42,False,True,True,True,False,True,0.9772560286858487,230.75762534499998,1.0279932800894094,False,0.11651209555130522,False,24.92,False,0.8790898668312902,10.0,-1.23,0,True,▂▃▂▂▅▃▃▂▃▅▅▁▁▃▃▅▅█▄▂,False,False,False,9,0.1264464352370287,1.072986433110081,0.1769450962398914,1.104995018942516,FLAT,True,100,53.0,IGNORE,NONE,,NEUTRAL,C,WAIT,"CMF positive, RS leader",Health Technology,33.7
BODALCHEM,201.93,202.5,207.7,196.0,True,True,True,True,False,True,0.20407015812655388,22.082519589,0.26103414015028753,False,0.297110621001035,False,47.26,True,1.2652771642370453,26.0,-0.52,0,False,▆▂▁▃▃▅▅▆▇▄▄▅▆▆▅▆▆▆█▇,False,False,False,12,0.6984607620489529,2.0674464529849614,0.7489594230518156,2.0994550388173963,FLAT,True,100,53.0,IGNORE,NONE,,NEUTRAL,C,WAIT,"CMF positive, RS leader",Process Industries,26.7
MANINDS,953.35,1020.0,1030.9,943.7,True,True,True,True,False,True,0.6578615876294732,123.413540875,0.7021536338971319,False,0.2645965170516612,False,34.29,True,1.0244842473222688,23.0,-0.65,0,False,▆▅▆▅▅▆▆▆▁▂▂▄▄▅▆█▁▃▂▅,False,False,False,10,0.26615313101799587,0.7794680354643024,0.3166517920208586,0.8114766212967375,FLAT,True,99,53.0,IGNORE,NONE,,NEUTRAL,C,WAIT,"CMF positive, RS leader",Producer Manufacturing,27.6
GMMPFAUDLR,1480.1,1510.0,1510.0,1457.2,True,True,True,True,False,True,0.3307736188588005,28.265765719999997,0.3708131565480959,False,0.26879072263484904,False,49.26,True,1.0722448357676149,19.0,-0.76,0,False,▅▄▅▆▁▃▂▃▆▆▆▄█▃▃▄▆▄▅▅,False,False,False,16,0.41982828912657677,0.8443613707165107,0.4703269501294395,0.8763699565489458,FLAT,True,99,53.0,IGNORE,NONE,,NEUTRAL,C,WAIT,"CMF positive, RS leader",Producer Manufacturing,27.6
BHAGERIA,380.85,397.0,397.0,370.1,True,True,True,True,False,True,0.9185088635911722,9.033762,1.067281454371201,False,0.5217709494824518,False,56.32,True,1.0299079263776756,63.0,0.52,0,False,▇▅▁▅▁▃▆▇▆█▇█▆▆▄▆▅▅▃▆,False,False,False,11,0.5951832460732984,0.8715907415597819,0.6456819070761611,0.9035993273922169,FLAT,True,99,53.0,IGNORE,NONE,,NEUTRAL,C,WAIT,"CMF positive, RS leader",Process Industries,26.7
TIRUPATIFL,77.48,82.6,82.72,73.4,True,True,True,True,False,True,0.8928619365032289,10.424097216000002,1.0192024565860591,False,0.24964309800259785,False,54.64,True,1.1173024425654605,37.0,-0.48,0,False,█▂▁▅▅▆▆▅▆▅▅▆▅▆▄▅▇▅▃▇,False,False,False,8,0.5844580777096116,0.7782878127151711,0.6349567387124743,0.8102963985476062,FLAT,True,99,53.0,IGNORE,NONE,,NEUTRAL,C,WAIT,"CMF positive, RS leader",Producer Manufacturing,27.6
WELCORP,2739.7,2830.0,2838.0,2684.5,True,True,True,True,False,True,0.6204217844463293,369.48662683,0.6481018819027895,False,0.24170825051101827,False,36.82,True,1.0863760418971748,15.0,-1.0,0,False,▅▃▅▃▆▅▇█▁▅▅▃▄█▃▃▁▆▁▅,False,False,False,8,0.14583856127143457,0.6955687585097166,0.19633722227429729,0.7275773443421516,FLAT,True,98,53.0,IGNORE,NONE,,NEUTRAL,C,WAIT,"CMF positive, RS leader",Producer Manufacturing,27.6
SMLMAH,6515.5,6849.0,6884.0,6485.0,True,True,True,True,False,True,0.6044283027480398,43.74180925,0.6434698340851203,False,0.3428223126814867,False,48.69,True,1.2995435983665626,71.0,0.46,0,False,█▁▂▂▂▁▅▄▇▅▅▅▄▆▄▆▅▅▅▇,False,False,False,9,0.2755481597494127,0.6347601364913689,0.3260468207522754,0.6667687223238039,FLAT,True,98,53.0,IGNORE,NONE,,NEUTRAL,C,WAIT,"CMF positive, RS leader",Consumer Durables,24.3
MODISONLTD,514.8,485.05,514.8,485.05,False,True,True,True,False,True,0.6074904851402899,8.779090319999998,0.6899321870887319,False,0.2956952711471167,False,61.28,True,1.2325515909730882,85.0,0.86,0,False,▃▅▃▂▄▅█▃▁▁▂▄▂▂▃▃▃▄▄▄,False,False,False,11,0.5938080495356035,0.6706149602466331,0.6443067105384662,0.7026235460790682,FLAT,True,98,53.0,IGNORE,SEED,,NEUTRAL,C,WAIT,"CMF positive, RS leader",Industrial Services,34.5
EMIL,192.89,203.5,204.5,190.15,True,True,True,True,False,True,1.322594776139153,83.576613696,1.341410809089151,False,0.10538319792040658,False,35.76,False,0.8336635971558457,19.0,-0.77,0,True,▄▅▆▆▅▅▃▆▃▆▆▂█▁▅▄▄▆▃▃,False,False,False,3,0.06799180554786544,0.48514012935016937,0.11849046655072815,0.5171487151826044,FLAT,True,97,53.0,IGNORE,NONE,,NEUTRAL,C,WAIT,"CMF positive, RS leader",Retail Trade,28.0
MAXESTATES,571.85,590.85,592.6,569.1,True,True,True,True,False,True,0.39117877309418797,5.2476958950000006,0.39284675088842164,False,0.005658297178557389,True,47.36,False,0.7783840641640917,21.0,-0.64,0,True,▅▅▅▆▇▇▆▇█▆▆▇▄█▅▆▄▁▃▄,False,False,False,11,0.11580487804878059,0.4214516529952772,0.1663035390516433,0.45346023882771225,FLAT,True,96,53.0,IGNORE,NONE,,NEUTRAL,C,WAIT,"CMF positive, RS leader",Finance,27.7
ASKAUTOLTD,650.35,645.15,664.15,634.9,False,True,True,True,False,True,1.5012282551378546,27.976040915000002,1.5287483532320876,True,-0.14889236324627217,False,28.5,False,0.6273732871058281,2.0,-1.94,0,True,▆▄▄▂▆▄█▄▅▅▅▄▄▄▄▃▂▅▃▁,False,False,False,0,-0.01447188968025448,0.3624175133549805,0.03602677132260823,0.39442609918741556,FLAT,True,95,53.0,IGNORE,NONE,,NEUTRAL,C,WAIT,RS leader,Producer Manufacturing,27.6
TIMEX,704.8,733.6,733.6,700.2,True,True,True,True,False,True,0.4701532967917238,24.223694079999998,0.47977658097274384,False,0.3210781911490285,False,44.22,True,1.1192669839019946,41.0,-0.35,0,False,▆▇▆▆▇▆█▆▇▆▆▆█▁▂▆▃▇▇▇,False,False,False,7,0.07439024390243887,0.3250611017108478,0.12488890490530158,0.35706968754328283,FLAT,True,93,53.0,IGNORE,NONE,,NEUTRAL,C,WAIT,"CMF positive, RS leader",Consumer Durables,24.3
KPL,3581.1,3672.3,3730.0,3556.8,True,True,True,True,False,True,0.5932625655454662,10.38232512,0.592404238922958,False,0.16222866918014894,False,41.93,True,1.0242943166689058,32.0,-0.55,0,False,▁▃▇▄▆█▂▄▄▃▃▃▄▄▁▃▄▂▃▄,False,False,False,4,0.0809236341684274,0.3283011869436201,0.13142229517129012,0.36030977277605514,FLAT,True,93,53.0,IGNORE,NONE,,NEUTRAL,C,WAIT,"CMF positive, RS leader",Health Technology,33.7
SAMBHV,154.0,159.97,162.15,153.0,True,True,True,True,False,True,0.45996408467014877,46.3765764,0.4742102519660547,False,0.15418844086099703,False,38.9,True,1.0776817375886525,10.0,-1.02,0,False,▅▅▇▇▅█▇▅▆▆▆▆▆▂▁▄▅▇▄▆,False,False,False,7,0.20397154249081395,0.2954239569313595,0.25447020349367666,0.3274325427637945,FLAT,True,91,53.0,IGNORE,NONE,,NEUTRAL,C,WAIT,"CMF positive, RS leader",Non-Energy Minerals,33.3
GLAND,2896.0,2910.0,2928.0,2884.2,True,False,True,True,False,True,0.37783500204279197,64.7728048,0.37291493971946243,False,0.20358828241635807,False,70.19,True,1.306468124709167,90.0,1.19,0,True,█▃▁▆▃▂▄▅▄▄▄▆▆▆▄▄▃▇▄▇,False,False,False,4,0.003534548478757893,0.1776666260013826,0.0540332094816206,0.20967521183381765,FLAT,True,84,53.0,IGNORE,SEED,,NEUTRAL,C,WAIT,"Delivery P90, CMF positive",Health Technology,33.7
HFCL,226.27,230.0,238.89,225.01,True,False,True,True,False,True,0.889808176634009,385.58682013500004,0.8885470439416827,False,0.07279300009767481,False,47.67,True,1.1737765466297323,92.0,1.47,0,True,▅▃▆▄▄▅▃▃█▂▃▃▅▂▃▄▁▃█▆,False,False,False,9,0.06615464354709522,0.10499584900131853,0.11665330454995793,0.13700443483375357,FLAT,True,77,53.0,IGNORE,SEED,,NEUTRAL,C,WAIT,"Delivery P92, CMF positive",Producer Manufacturing,27.6
NAVINFLUOR,8432.5,8582.5,8582.5,8385.5,True,False,True,True,False,True,0.346268099575899,37.23370375,0.3411169999966283,False,0.07319454262042416,False,63.9,True,1.17145607039736,93.0,1.31,0,True,▂▆▂▄▅▆▂▁▁▄▄▂▃▅▆▄█▃▆▆,False,False,False,6,-0.028009912973315676,0.07263244927812762,0.022488748029547034,0.10464103511056266,FLAT,True,72,53.0,IGNORE,SEED,,NEUTRAL,C,WAIT,"Delivery P93, CMF positive",Process Industries,26.7
MAHLOG,421.8,420.15,433.9,416.65,False,True,True,True,True,True,3.015264720088016,19.47286098,3.1278696603465677,True,-0.0032073568273837238,False,38.57,False,0.7256137710469382,6.0,-1.36,0,False,▄▃▃▅▆▅▄▃▅▃▃▃▅▅▅▄▄▁█▁,False,False,False,4,0.07753225188402091,0.0731459101895433,0.12803091288688362,0.10515449602197835,UP,True,72,53.0,IGNORE,NONE,,NEUTRAL,C,WAIT,No standout factor,Transportation,31.9
VIDYAWIRES,91.5,93.24,94.95,90.4,False,True,True,True,True,False,2.3563319378819574,21.9752622,2.4248298527701433,True,0.002352169699979127,False,48.5,False,0.9123572678191838,70.0,0.49,0,False,▅▁▆▃▃▄▂▃▂▅▅▃▂▄█▆▅▃█▃,False,True,False,0,0.0159893404397069,-0.04088050314465419,0.06648800144256961,-0.008871917312219146,UP,False,49,53.0,IGNORE,NONE,,NEUTRAL,C,WAIT,CMF positive,Non-Energy Minerals,33.3
INDSWFTLAB,408.1,399.75,419.4,399.6,False,True,True,True,True,True,0.7600281929664338,24.43233485,0.8121560582810914,False,0.03669031915728444,False,33.59,False,0.8976843005465212,12.0,-1.13,0,True,▃▂▄▄█▆▄▅▆▂▂▁▃▆▇▂▅▄▃▃,False,False,False,13,0.11848055471811891,0.744091627847344,0.16897921572098162,0.776100213679779,FLAT,True,99,52.0,IGNORE,NONE,,NEUTRAL,C,WAIT,"CMF positive, RS leader",Health Technology,33.7
INDORAMA,100.8,102.0,102.9,97.8,False,True,True,True,False,True,0.3624855970534983,10.57006944,0.40267873764540946,False,0.09937197646095211,True,30.01,False,0.9854853539997374,6.0,-1.82,0,False,▃▃█▄▇▆█▃▄▆▆▁▅▅▁▄▆▄▇▅,False,False,False,12,0.529126213592233,1.0483641536273116,0.5796248745950957,1.0803727394597467,FLAT,True,99,52.0,IGNORE,NONE,,NEUTRAL,C,WAIT,"CMF positive, RS leader",Process Industries,26.7
WSTCSTPAPR,722.35,730.0,744.2,712.8,True,True,True,True,False,True,0.39567276082137887,8.711468765000001,0.41021973064055683,False,0.22723427868603072,True,42.98,False,0.8947549208397956,12.0,-1.23,0,False,▅▄▄▆█▃▁▃▁▁▁▃▃█▁▆▆▅▃▂,False,False,False,13,0.1806963059823472,0.39746566066937516,0.23119496698520992,0.4294742465018102,FLAT,True,95,52.0,IGNORE,NONE,,NEUTRAL,C,WAIT,"CMF positive, RS leader",Producer Manufacturing,27.6
DIVGIITTS,1218.6,1141.1,1242.0,1123.0,False,True,True,True,False,True,2.7560498642160502,45.86359518,2.809538143798169,True,-0.0025701593593661256,True,28.28,False,0.6070232677942818,4.0,-1.73,0,False,▅▂▃▅▅▄▄█▆▄▄▃▇▅▆▅▆▆▅▁,False,False,False,0,0.026881267380129747,0.3334062807747018,0.07737992838299246,0.36541486660713685,FLAT,True,93,52.0,IGNORE,NONE,,NEUTRAL,C,WAIT,RS leader,Producer Manufacturing,27.6
WINDLAS,1102.55,1108.0,1138.95,1085.45,False,True,True,True,False,True,0.6265314603402911,12.832689705,0.6233681556671108,False,0.2693993578667142,True,37.95,False,0.8008610047165333,6.0,-1.78,0,False,▇▇▁▄▆▄▆▅▇███▆▇▆▇██▆▅,False,False,False,7,0.10898209615771459,0.26504503470827845,0.1594807571605773,0.2970536205407135,FLAT,True,90,52.0,IGNORE,NONE,,NEUTRAL,C,WAIT,"CMF positive, RS leader",Health Technology,33.7
KINGFA,6384.0,6195.5,6417.0,6195.5,False,True,True,True,True,True,0.7146371546616881,6.7689552,0.7530563565786498,False,-0.018753828606164327,True,49.32,False,0.9256843626535535,29.0,-0.45,0,True,▅▆▅██▇▆▇▁▅▅▅▆█▄▆▇▂▆▅,False,False,False,12,0.05511941161887446,0.26415841584158417,0.10561807262173717,0.2961670016740192,FLAT,True,90,52.0,IGNORE,NONE,,NEUTRAL,C,WAIT,RS leader,Process Industries,26.7
ROLEXRINGS,193.45,197.87,198.45,190.51,True,True,True,True,False,True,1.9028430648347638,61.38609565999999,2.0363472461723378,False,0.11014153246537108,True,39.48,False,0.8949438393272052,31.0,-0.31,0,True,▆█▅▆▆▅█▇▃▅▅▂▄▆▅█▂▆▁▄,False,False,True,3,0.07121103051110245,0.24605475040257652,0.12170969151396516,0.27806333623501156,FLAT,True,89,52.0,IGNORE,NONE,,NEUTRAL,C,WAIT,CMF positive,Producer Manufacturing,27.6
URBANCO,161.21,168.99,171.25,160.0,True,False,True,True,False,True,0.7004763020932491,80.816136737,0.6627949220729645,False,0.10135535124686211,True,44.89,True,1.2226443872478925,68.0,0.44,0,True,█▂▄▂▃▃▂▄▃▂▂▂▁▂▃▆▅▄▃▆,False,False,False,4,-0.03530608581174077,0.20666167664670665,0.015192575191121938,0.2386702624791417,FLAT,True,86,52.0,IGNORE,NONE,,NEUTRAL,C,WAIT,CMF positive,Technology Services,25.7
SOMANYCERA,620.05,618.05,627.3,610.0,False,True,True,True,True,True,1.0804180631454456,8.23612415,1.1602072642041836,True,0.2194693878590675,True,51.37,False,0.948162093819504,27.0,-0.47,0,False,▄▅▁▃▆▄██▂▆▆▅▇▃▁▇▂▄▁▄,False,False,False,14,0.11259644715593042,0.2006002517184624,0.16309510815879313,0.23260883755089745,FLAT,True,85,52.0,IGNORE,NONE,,NEUTRAL,C,WAIT,CMF positive,Producer Manufacturing,27.6
GLAXO,2896.4,2814.2,2987.0,2790.1,False,True,True,True,False,True,7.023080276667076,133.21064952,6.965336508498718,True,-0.11997666662478877,True,20.94,False,0.39508315802382954,0.0,-4.18,0,False,▇▆▄▆▃▅▅▄▃▄▄▆▆█▅██▅▄▁,False,True,False,0,-0.05039179043310049,0.16644516934477083,0.00010687056976221854,0.19845375517720587,FLAT,True,83,52.0,IGNORE,NONE,,NEUTRAL,C,WAIT,No standout factor,Health Technology,33.7
AEGISVOPAK,298.55,287.05,301.3,280.25,False,True,True,True,False,True,1.1153938466449929,63.294540575,1.1128398523037109,True,0.22743921756274577,True,34.44,False,0.8684907325684024,21.0,-0.69,0,False,▅▅▃▃▆▆▆▆▆██▅▁▄▆▆▅▅▆▄,False,False,False,4,0.11088372093023269,0.06237990178634978,0.1613823819330954,0.09438848761878482,UP,True,70,52.0,IGNORE,NONE,,NEUTRAL,C,WAIT,CMF positive,Transportation,31.9
SDBL,80.62,81.92,83.8,78.11,False,True,True,False,True,False,12.475260556539371,157.105064696,13.669793456775045,True,0.012167279102159615,False,12.0,False,0.25343991889922596,1.0,-3.7,0,False,▅▅▆▂█▅▆▆▆▇▇▆▅▆▅▆▇█▁▁,False,True,False,1,0.10894085281980748,0.04864724245577534,0.1594395138226702,0.08065582828821038,UP,True,68,52.0,IGNORE,NONE,,NEUTRAL,C,WAIT,CMF positive,Consumer Non-Durables,29.3
MRPL,169.8,164.5,173.6,163.5,False,True,True,True,False,False,2.282869603014522,369.44143308,2.2058998479703744,True,-0.07083801261721996,True,16.06,False,0.6689158232329543,13.0,-1.14,0,False,▂▁▃▆▇▇▂▁▃▆▆▆█▅▄█▃█▄▂,False,True,False,1,-0.003345659447085758,-0.0065527732272406825,0.04715300155577695,0.02545581260519436,UP,True,57,52.0,IGNORE,NONE,,NEUTRAL,C,WAIT,No standout factor,Energy Minerals,27.5
PRIVISCL,3605.3,3637.2,3637.2,3556.2,False,True,True,True,True,True,0.9931834177885297,29.558412580000002,1.0298711386810082,False,0.2604968796956306,True,61.28,True,1.0287920758834888,79.0,0.7,0,False,█▄▆▇██▇▅▃▄▄▃▄▂█▂▁▁▅▅,False,False,False,0,0.037765176592498895,-0.019126129067363107,0.0882638375953616,0.012882456765071937,UP,True,54,52.0,IGNORE,NONE,,NEUTRAL,C,WAIT,CMF positive,Process Industries,26.7
SHANTIGEAR,633.3,666.55,669.8,633.25,True,False,True,True,False,True,0.19407022072893088,3.5054421599999994,0.188625495297736,False,0.27265043195211797,False,61.64,True,1.6664413744626783,61.0,0.29,1,False,▂▆▅▃▁▃▅▂▃▄▄▅▅▄▅▄▅▇▆█,False,False,False,8,0.2051379638439581,0.5051693404634581,0.2556366248468208,0.5371779262958931,FLAT,True,97,51.0,IGNORE,NONE,DEL62% ▂▆▅▃▁▃▅▂▃▄▄▅▅▄▅▄▅▇▆█ P61 Z+0.3,NEUTRAL,C,WAIT,"CMF positive, RS leader",Producer Manufacturing,27.6
LAURUSLABS,2031.0,2009.5,2037.2,1999.7,False,True,True,True,True,True,0.3564816880137513,265.8394179,0.37780912706433656,False,0.3196693134650802,False,49.61,False,0.9291219133056774,50.0,-0.09,0,False,█▃▃▄▄▂▁▃▁▂▂▃▄▆▂▄▅▃▂▃,False,False,False,13,0.08830779123352261,0.3013391426923815,0.13880645223638532,0.33334772852481653,FLAT,True,92,51.0,IGNORE,NONE,,NEUTRAL,C,WAIT,"CMF positive, RS leader",Health Technology,33.7
MANINFRA,127.43,130.96,131.95,126.1,True,True,True,True,False,False,1.7174219100592274,54.900756101,1.7411285979116267,False,0.05193417525976502,False,27.01,False,0.6489512505706254,14.0,-1.23,0,True,▄▂▃▅▇▄▂▂▆██▂▃▁▄▅▃▄▅▂,False,False,True,11,0.03922687979122497,0.2674557390093495,0.08972554079408768,0.29946432484178453,FLAT,True,90,51.0,IGNORE,NONE,,NEUTRAL,C,WAIT,"CMF positive, RS leader",Finance,27.7
PAISALO,79.6,87.01,88.71,73.42,True,False,True,True,False,True,2.0656253667655555,299.23830591999996,1.9873243272661079,False,0.3156006332012763,False,36.1,False,0.8382190747083067,10.0,-1.18,0,False,▆█▄▆▅▃▆▃▂▅▅▃▁▁▂▂▃▂▂▂,False,False,False,12,0.18258802555340958,0.11468981935303169,0.2330866865562723,0.14669840518546673,UP,True,78,51.0,IGNORE,NONE,,NEUTRAL,C,WAIT,CMF positive,Finance,27.7
CLEANMAX,1365.0,1303.0,1475.0,1287.9,True,True,True,True,False,True,39.54945014872813,2072.602896,40.03725831028574,False,-0.16397272191665446,False,60.16,True,1.435799522673031,93.0,1.48,0,False,▆▅▆▁▅▅▄▄▇▆▆▆▄█▇▅▁▅▅█,False,False,False,1,0.08851674641148333,0.07862504938759374,0.13901540741434604,0.11063363522002878,UP,True,73,51.0,IGNORE,DISTRIBUTION,,NEUTRAL,C,WAIT,Delivery P93,Utilities,37.4
MOTILALOFS,1011.6,1028.9,1033.4,999.5,True,True,True,True,False,True,0.9318829270843744,71.74287432,0.9203618517559595,False,0.1092495226865724,False,47.57,True,1.1338744085713943,68.0,0.39,0,True,▅▄▅▃▃▅▆▄▃▃▃▄▄█▂▃▁▄▂▅,False,False,False,4,-0.03001246524115453,0.039510866772851205,0.02048619576170818,0.07151945260528625,FLAT,True,67,51.0,IGNORE,NONE,,NEUTRAL,C,WAIT,CMF positive,Finance,27.7
HLEGLAS,419.35,437.5,437.5,419.05,True,True,True,True,False,False,0.3563339050056735,7.20996842,0.3774009752301615,False,0.054020144184723104,False,69.83,True,1.6714538752453445,98.0,2.18,1,False,▆▅▅▄▃▃▄▅▂▃▃▁▁▃█▅▃▅▄▇,False,False,False,1,0.3329624920534011,0.0008353221957040358,0.3834611530562638,0.03284390802813908,UP,True,59,51.0,IGNORE,SEED,DEL70% ▆▅▅▄▃▃▄▅▂▃▃▁▁▃█▅▃▅▄▇ P98 Z+2.2,NEUTRAL,C,WAIT,"Delivery P98, CMF positive",Producer Manufacturing,27.6
BEPL,125.38,126.46,127.9,124.0,True,False,True,True,False,True,0.5035067366005365,9.952626786,0.48978329369960405,False,0.07815321718416984,False,44.41,True,1.0623385321978758,24.0,-0.6,0,True,▅▃▃▅▆▆▅▄▆▆▆▄█▇▆▁▆▅▇▆,False,False,False,3,0.03542819390535956,-0.01870548642091263,0.08592685490822227,0.013303099411522412,UP,True,54,51.0,IGNORE,NONE,,NEUTRAL,C,WAIT,CMF positive,Process Industries,26.7
EPACKPEB,241.74,246.0,248.49,240.45,True,True,True,True,False,False,0.683522640839714,10.427503248,0.6917492389327307,False,0.17878908518829195,False,56.56,True,1.4011444992196596,91.0,1.34,0,True,▅▄█▃▄▆▂▃▅▂▂▂▄▄▁▆▆▆▇█,False,False,False,0,0.09039242219215171,-0.02524193548387088,0.14089108319501442,0.006766650348564163,UP,True,53,51.0,IGNORE,SEED,,NEUTRAL,C,WAIT,"Delivery P91, CMF positive",Industrial Services,34.5
BHEL,422.85,417.75,423.0,411.8,False,False,True,True,False,True,0.9784439745254652,285.27693648,0.9652887072661608,False,0.10985371074957918,False,46.85,True,1.1026642816795331,81.0,0.82,0,True,█▅▆▄▄▅▄▅▅▃▃▇▁▇▇▃█▅▅▆,False,False,False,3,-0.025578983753888673,-0.02882406982085428,0.024919677248974037,0.0031845160115807625,UP,True,52,51.0,IGNORE,NONE,,NEUTRAL,C,WAIT,CMF positive,Producer Manufacturing,27.6
SPANDANA,228.35,225.5,229.01,221.1,False,False,False,False,False,False,2.2689528841274784,4.38550742,2.2369145906854007,True,-0.04354701928603453,True,59.6,True,1.1306079863416485,91.0,1.21,0,True,▆▆▄▆▄▆▅█▄▅▅▄▄▇▂▂▁█▅▇,False,True,False,0,-0.05229300684789373,-0.20073503675183757,-0.0017943458450310201,-0.16872645091940253,UP,False,8,51.0,IGNORE,SEED,,NEUTRAL,C,WAIT,Delivery P91,Finance,27.7
DOLPHIN,648.0,667.05,681.9,633.5,True,False,True,True,False,True,0.311574118321705,1.6794216,0.2950657659582113,False,0.136319981422165,True,47.64,True,1.0855398076835436,49.0,-0.09,0,False,█▅▅▇█▁▄▆▆▂▂▇▅▅▂▄▅▅▅▆,False,False,False,4,0.1110158594084869,0.7142857142857142,0.16151452041134962,0.7462943001181492,FLAT,True,98,50.0,IGNORE,NONE,,NEUTRAL,C,WAIT,"CMF positive, RS leader",Industrial Services,34.5
SPLPETRO,864.85,884.3,884.3,858.0,True,True,True,True,False,True,0.21205393176410586,7.838827429999999,0.22764448312127306,False,0.503860493678047,True,43.34,True,1.0658731232246719,32.0,-0.28,0,False,▁▇▇█▂▄▄▆▄▅▅▇▆▃▄▇▃▆▅▅,False,False,False,12,0.18626980316850705,0.22612887219111077,0.23676846417136976,0.2581374580235458,FLAT,True,88,50.0,IGNORE,NONE,,NEUTRAL,C,WAIT,CMF positive,Process Industries,26.7
PITTIENG,1136.8,1171.4,1171.4,1130.0,True,True,True,True,False,True,0.3879579663325519,8.12084448,0.38196073281564447,False,0.1455020055568702,True,49.06,True,1.0411825252814653,31.0,-0.45,0,False,▆▇▇▇█▁▄▆▇▆▆▇▅▇███▆▅▇,False,False,False,9,0.02752293577981657,0.21771731562315888,0.07802159678267928,0.24972590145559392,FLAT,True,87,50.0,IGNORE,NONE,,NEUTRAL,C,WAIT,CMF positive,Producer Manufacturing,27.6
DVL,281.9,289.75,292.95,281.0,True,False,True,True,False,False,0.7029150001801607,0.27496526,0.6890089646103212,False,0.055901168767797396,True,74.41,True,1.1901886611377248,91.0,1.18,0,True,▄▅▇▆▆▅▆▇▇▄▄▁▅▇▆▇▇█▃█,False,False,False,3,0.03267638654846494,0.1516463763379361,0.08317504755132765,0.18365496217037114,FLAT,True,81,50.0,IGNORE,SEED,,NEUTRAL,C,WAIT,"Delivery P91, CMF positive",Consumer Non-Durables,29.3
GULFOILLUB,1110.5,1114.1,1114.1,1088.1,False,True,True,True,False,True,0.8306154273161156,5.26743465,0.8489500461791605,False,0.05583786710320771,True,57.73,True,1.0046115026537892,54.0,0.04,0,True,▅▂▆█▃▂▂▃▁▄▄▂▃▆▂▃▆▁▅▄,False,False,False,0,-0.010073096808700277,0.11072214442888573,0.04042556419416243,0.14273073026132077,FLAT,True,77,50.0,IGNORE,NONE,,NEUTRAL,C,WAIT,CMF positive,Process Industries,26.7
PETRONET,289.85,286.95,293.05,285.75,False,True,True,True,False,True,2.0455541496471312,85.115409005,2.0518108285098005,True,0.012610748509207821,False,44.24,False,0.7294071094110665,13.0,-1.19,0,True,▆▂▄▃▅▄▂▃▅▄▄▅▅█▃▅▄▂▄▁,False,False,False,0,-0.035761809713905524,0.05380839847300489,0.014736851288957187,0.08581698430543994,FLAT,True,69,50.0,IGNORE,NONE,,NEUTRAL,C,WAIT,CMF positive,Utilities,37.4
DLF,680.9,671.2,683.6,670.6,False,True,True,True,False,True,0.972110037349674,241.23497156,0.9999683954186426,False,0.0795774533987966,True,46.49,False,0.8888931377985124,47.0,-0.15,0,True,▇▅▃▄▅▅▅█▃▃▃▁▂▇▅█▄▅▄▃,False,False,False,5,0.007025068401981915,0.050609473846628505,0.057523729404844626,0.08261805967906355,FLAT,True,68,50.0,IGNORE,NONE,,NEUTRAL,C,WAIT,CMF positive,Finance,27.7
JAMNAAUTO,139.68,138.2,141.0,134.99,False,True,True,True,True,True,1.3201172578884446,51.385296816,1.399510356987583,True,0.29509254077585545,True,40.27,False,0.94212053153659,36.0,-0.33,0,False,█▆▇▇█▅▇▇▅▅▅▅▅▄▆▄▄▁▄▅,False,False,False,0,0.15057660626029645,0.038821954484605126,0.20107526726315916,0.07083054031704017,UP,True,66,50.0,IGNORE,NONE,,NEUTRAL,C,WAIT,CMF positive,Producer Manufacturing,27.6
TEXINFRA,116.56,118.0,118.0,115.91,True,True,True,True,False,True,0.14523325267288775,0.647420864,0.14190601239629613,False,0.10587229006697463,True,60.37,True,1.0789798216296402,51.0,0.0,0,False,█▇▆▆▇▃█▇▂▄▄▅▄▆▅█▁▄▂▆,False,False,False,5,0.04791872696215038,0.02236645908253654,0.09841738796501309,0.05437504491497158,UP,True,63,50.0,IGNORE,NONE,,NEUTRAL,C,WAIT,CMF positive,Utilities,37.4
IIFLCAPS,343.7,346.15,347.05,341.75,True,True,True,True,False,True,1.3558069631059557,25.48415205,1.355271154132551,False,0.0010442158718914664,False,73.6,True,1.1371625014484916,92.0,1.42,0,False,▇▇▁▆▆▃▃▇▅▅▅██▆▇▄▅▃▅█,False,False,False,5,0.020032645793144344,0.015962163759976278,0.07053130679600705,0.04797074959241132,UP,True,62,50.0,IGNORE,SEED,,NEUTRAL,C,WAIT,"Delivery P92, CMF positive",Finance,27.7
AIIL,548.25,555.9,556.95,541.6,True,True,True,True,False,False,0.17991593304636658,6.14336055,0.18171998770478498,False,0.20886591705534657,True,44.68,True,1.0704616785260788,56.0,0.13,0,True,▅▆▇▆▇▆▆▆▆▁▁█▆█▅▆▆▇▄▆,False,False,False,0,-0.022553039757532534,-0.006703505752332695,0.027945621245330177,0.02530508008010235,UP,True,57,50.0,IGNORE,NONE,,NEUTRAL,C,WAIT,CMF positive,Finance,27.7
BIRLACABLE,351.4,365.05,369.7,348.0,True,False,True,True,False,True,0.5363676734142516,9.6218591,0.5093063743403697,False,0.24076831825576742,False,47.16,False,0.9427757509120894,43.0,-0.1,0,True,▃▃▂▃▂▃█▁▁▂▂▂▃▂▄▂▂▃▁▂,False,False,False,9,0.13406054347124496,0.9474617601418753,0.18455920447410767,0.9794703459743104,FLAT,True,99,49.0,IGNORE,NONE,,NEUTRAL,C,WAIT,"CMF positive, RS leader",Producer Manufacturing,27.6
SALSTEEL,93.03,96.0,96.9,90.25,True,True,True,True,False,True,1.9060522107690914,9.361246083,2.168754122744019,False,0.15152171560901956,False,25.84,False,0.6444131326608227,4.0,-1.9,0,False,▇▆▄▂▆▁▂▂▂▂▂▃▅█▁▁█▆▆▂,False,False,True,10,0.18058375634517776,0.7832087406555492,0.23108241734804047,0.8152173264879843,FLAT,True,99,49.0,IGNORE,NONE,,NEUTRAL,C,WAIT,"CMF positive, RS leader",Non-Energy Minerals,33.3
SBCL,1110.2,1146.6,1156.9,1095.0,True,True,True,True,False,True,0.5317529187955244,19.70860346,0.5347388651394716,False,-0.052314942399781246,False,59.56,True,1.2913017084381233,72.0,0.57,0,True,▂▅▄▅▂▅▃▁▅▇▇▁▁▆▂▅▆▂▄█,False,False,False,5,0.03757009345794393,0.4862115127175368,0.08806875446080664,0.5182200985499719,FLAT,True,97,49.0,IGNORE,NONE,,NEUTRAL,C,WAIT,RS leader,Non-Energy Minerals,33.3
SHANTIGOLD,308.77,315.0,316.19,302.41,True,True,True,True,False,True,1.8827469210275392,227.663006571,1.9730483316381042,False,0.3348019553289639,False,20.73,False,0.5657673885454619,3.0,-1.97,0,False,▆█▆▇▆▆▇▆▅▇▇▆▇▅▆▇▃▄▁▃,False,False,True,3,0.2517533546843962,0.45426714393368495,0.3022520156872589,0.48627572976612,FLAT,True,96,49.0,IGNORE,NONE,,NEUTRAL,C,WAIT,"CMF positive, RS leader",Consumer Durables,24.3
UFLEX,641.95,669.0,669.0,638.0,True,False,True,True,False,True,0.40223658817216806,7.451883990000001,0.379085234483928,False,0.13957239770166738,False,56.49,True,1.2407749077490775,53.0,0.1,0,True,▆▆▁▃▆▆▅▆▆██▆▆█▇▄▇▅▇█,False,False,False,2,-0.011015251887228406,0.46748199794262213,0.039483409115634305,0.4994905837750572,FLAT,True,96,49.0,IGNORE,NONE,,NEUTRAL,C,WAIT,"CMF positive, RS leader",Process Industries,26.7
STALLION,254.0,255.55,257.95,244.05,True,True,True,True,False,False,0.3758244830377899,41.9856412,0.391712847302216,False,0.3306195603569056,False,33.91,True,1.2179878596314786,34.0,-0.42,0,False,▇▅▆▇▆▁▂▄▅▄▅▆▅▄▅▅▅▅█▆,False,False,False,13,0.21021536115875739,0.43746462931522356,0.2607140221616201,0.4694732151476586,FLAT,True,96,49.0,IGNORE,NONE,,NEUTRAL,C,WAIT,"CMF positive, RS leader",Distribution Services,36.7
YASHO,4117.9,4250.1,4250.1,4080.2,True,True,True,True,False,False,0.7648549783397811,11.214688859999999,0.7737817327208862,False,0.011577235020783979,True,45.56,True,1.0128495842781557,32.0,-0.39,0,True,▄▄▇▇▄█▅▆▆▃▃▁▂▆▅▇▂▃▄▅,False,False,False,0,-0.021527860282761213,0.3406804492918769,0.028970800720101497,0.37268903512431195,FLAT,True,94,49.0,IGNORE,NONE,,NEUTRAL,C,WAIT,"CMF positive, RS leader",Consumer Non-Durables,29.3
IRISDOREME,62.78,66.9,66.9,62.41,True,True,True,True,False,True,0.38236891999085465,2.285719352,0.38192545189605637,False,0.15390497284210325,False,51.95,True,1.416322468954048,87.0,1.25,0,False,▅▄▄▃▆▄▅▅▃▆▆█▄▄▂▁▄▄▃▇,False,False,False,9,0.07352941176470607,0.3556467285683438,0.12402807276756878,0.3876553144007788,FLAT,True,94,49.0,IGNORE,SEED,,NEUTRAL,C,WAIT,"CMF positive, RS leader",Consumer Non-Durables,29.3
AARTIPHARM,914.0,940.0,946.4,910.5,True,True,True,True,False,True,0.6733668463468692,48.2606624,0.705666065867465,False,-0.06025299991646335,False,52.1,True,1.2461729812476081,71.0,0.47,0,True,▅▄▃▃▆▆▅▅▄▅▅▃▄██▂▁▄▂▆,False,False,False,4,0.08114502010882418,0.30954939465577747,0.1316436811116869,0.3415579804882125,FLAT,True,92,49.0,IGNORE,NONE,,NEUTRAL,C,WAIT,RS leader,Health Technology,33.7
DYNAMATECH,13139.0,13380.0,13500.0,13014.0,True,True,True,True,False,True,2.1340713849250568,58.5066531,2.3069906578100516,False,0.10940224967440933,False,32.1,False,0.7974659959008759,33.0,-0.52,0,False,█▇▇▃▂▆▂▅▅▃▃▆▄▃▆█▇▇▁▂,False,False,True,11,0.0980277452782885,0.27749149246475446,0.1485264062811512,0.3095000782971895,FLAT,True,91,49.0,IGNORE,NONE,,NEUTRAL,C,WAIT,"CMF positive, RS leader",Producer Manufacturing,27.6
TEGA,2011.5,2090.0,2090.0,2005.1,True,True,True,True,False,True,0.3175696526741261,53.8715907,0.3305976180759852,False,0.31317472386488737,False,46.64,True,1.1498305084745764,18.0,-0.71,0,False,███▇█▆▅▇▂▇▇▆▁▂▁▂▃▄▅▆,False,False,False,3,0.2680451364811196,0.24197332674734517,0.3185437974839823,0.2739819125797802,UP,True,88,49.0,IGNORE,NONE,,NEUTRAL,C,WAIT,CMF positive,Producer Manufacturing,27.6
CENTUM,4571.2,4775.0,4801.9,4538.9,True,True,True,True,False,True,0.5094737048999889,28.4374352,0.5328753575314477,False,0.34396425720895485,False,41.79,True,1.1724273369992144,38.0,-0.14,0,False,▇▆▄▅▅▁▃▃▅▇▇▅▆▇▃▄▄▃█▆,False,False,False,8,0.32671600638514,0.23060356431378892,0.3772146673880027,0.26261215014622397,UP,True,88,49.0,IGNORE,NONE,,NEUTRAL,C,WAIT,CMF positive,Electronic Technology,27.3
SMSPHARMA,462.15,474.05,476.0,460.0,True,True,True,True,False,True,0.2535414535516664,17.921160269999998,0.2665954754577536,False,0.16829051671249917,False,48.71,True,1.3262000054452885,73.0,0.57,0,False,▇█▆█▆▂▆▄▅▁▁▃▅▄▄▄▆▅▅▇,False,False,False,6,0.24283985478015313,0.20210690596956682,0.29333851578301584,0.23411549180200186,UP,True,86,49.0,IGNORE,NONE,,NEUTRAL,C,WAIT,CMF positive,Health Technology,33.7
JAYKAY,203.81,204.95,211.49,201.78,False,True,True,True,False,True,0.5217268386374062,14.1872141,0.5603173863870278,False,0.37948289435595184,False,39.07,True,1.0445406908352046,18.0,-0.75,0,False,▇▁▄▇█▆▇▅███▇▇▄▃▄▁▆▆▆,False,False,False,3,0.31532752500806716,0.20597633136094684,0.36582618601092987,0.23798491719338188,UP,True,86,49.0,IGNORE,NONE,,NEUTRAL,C,WAIT,CMF positive,Commercial Services,27.2
NEOGEN,2396.3,2395.2,2436.2,2345.9,False,True,True,True,False,True,0.8238442401948125,42.042843870000006,0.8435640949195385,False,0.13033150409212113,False,42.2,True,1.0022443623754618,46.0,-0.02,0,False,▇▇▄▆█▆▇█▄▅▅▆▁▄▇▄▆▆▅▆,False,False,False,5,0.08863347265128119,0.09791074864840121,0.1391321336541439,0.12991933448083626,UP,True,76,49.0,IGNORE,NONE,,NEUTRAL,C,WAIT,CMF positive,Process Industries,26.7
AEROPLANE,201.0,209.54,212.07,200.0,True,True,True,True,False,True,0.5493719211697691,9.2495979,0.5513716813845851,False,0.30285211473884915,False,67.99,True,1.1959858219653992,,,0,False,▇▂█▅▃▆▆▃▁▃▃▂▄▄▄▁▂▄▄▆,False,False,False,7,0.15517241379310343,0.08584085138566255,0.20567107479596614,0.1178494372180976,UP,True,74,49.0,IGNORE,NONE,,NEUTRAL,C,WAIT,CMF positive,Process Industries,26.7
TEXRAIL,123.14,125.5,127.16,122.88,True,True,True,True,False,True,0.638478405145646,26.355691141999998,0.6643575800612523,False,0.11494660020774787,False,40.92,True,1.0944834503510532,50.0,0.04,0,False,█▃▂▇█▃▆▇▂▁▁▆▅▅▂▇▇▃▃▆,False,False,False,4,0.1302432308398347,0.07208775901096987,0.1807418918426974,0.10409634484340491,UP,True,72,49.0,IGNORE,NONE,,NEUTRAL,C,WAIT,CMF positive,Producer Manufacturing,27.6
GLENMARK,2325.7,2380.0,2392.5,2307.3,True,False,False,True,False,True,2.1625256929233783,229.28425103999996,2.059403650614462,False,0.06702591849993099,False,53.63,True,1.0219617931494451,77.0,0.67,0,True,▅▁▅▆▆▂▄▁▆▅▅▃▃█▄▆█▅▆▅,False,False,False,0,-0.062217741935483906,0.03849073453895957,-0.011719080932621195,0.07049932037139461,FLAT,True,66,49.0,IGNORE,NONE,,NEUTRAL,C,WAIT,CMF positive,Health Technology,33.7
SHYAMMETL,1068.7,1085.0,1085.3,1065.2,True,False,True,True,False,True,0.8169483328149195,45.40115462000001,0.8009846666433383,False,-0.11334909090967454,False,84.59,True,1.5735332415640462,99.0,2.38,2,True,▂▄▃▆▄▃▃▅▃▄▄▃▁▇▅▆▃▃██,False,False,False,6,-0.022679469593049784,0.012985781990521472,0.027819191409812927,0.044994367822956516,FLAT,True,61,49.0,IGNORE,SEED,DEL85% ▂▄▃▆▄▃▃▅▃▄▄▃▁▇▅▆▃▃██ P99 Z+2.4 2D,NEUTRAL,C,WAIT,"Delivery P99, 2D high delivery",Producer Manufacturing,27.6
DIXON,13640.0,13325.0,13766.0,13234.0,False,True,False,True,False,False,1.8965581930305893,779.114072,1.8983938226329784,True,-0.04031616141219525,True,45.26,True,1.1743490613769931,86.0,1.21,0,True,▅▂▁▅▃▄▃▇▂▆▆▇▂█▃▂▁▃▂▆,False,False,False,0,-0.08148148148148149,-0.06504900952772641,-0.030982820478618778,-0.033040423695291365,UP,False,41,49.0,IGNORE,SEED,,NEUTRAL,C,WAIT,No standout factor,Electronic Technology,27.3
MMP,452.25,461.5,463.95,440.3,True,True,True,True,False,True,0.5531901984032488,3.0099951,0.5618655318423557,False,0.22301010279417274,True,50.17,False,0.9795862580664058,21.0,-0.86,0,False,▅▅▅▇█▄▁▇▅▆▆▂▆▆▂▅▄▄▂▅,False,False,False,4,0.14944719786504002,0.6379934806229626,0.19994585886790273,0.6700020664553976,FLAT,True,98,48.0,IGNORE,NONE,,NEUTRAL,C,WAIT,"CMF positive, RS leader",Non-Energy Minerals,33.3
YUKEN,1125.85,1149.0,1149.0,1088.05,True,True,True,True,False,True,0.5555648217644715,1.6875365649999998,0.576032828139262,False,0.195772247691818,True,42.59,False,0.7943153948730384,2.0,-2.01,0,False,▅▆▇█▄▇▄▆▁▄▄▃▆▂▄▄▂▄▃▂,False,False,False,17,0.13825700131432606,0.5804730820523618,0.18875566231718877,0.6124816678847969,FLAT,True,97,48.0,IGNORE,NONE,,NEUTRAL,C,WAIT,"CMF positive, RS leader",Producer Manufacturing,27.6
FCL,57.4,61.33,61.4,56.86,True,True,True,True,False,True,1.1523566359948563,165.13736623999998,1.1755584409701065,False,0.005519166479136407,False,35.52,True,1.1491054964252208,33.0,-0.4,0,False,▅▇▄█▆▄▂▁▁▃▃▃▃▃▅▄▅▄▃▅,False,False,False,6,0.13014372908052763,0.4572226453414572,0.18064239008339034,0.4892312311738922,FLAT,True,96,48.0,IGNORE,NONE,,NEUTRAL,C,WAIT,"CMF positive, RS leader",Process Industries,26.7
VARROC,848.35,834.85,863.8,821.05,False,True,True,True,False,True,0.7097870788178304,23.37424821,0.7008928360684762,False,0.030565054217241854,False,32.61,False,0.8146593719553323,5.0,-1.44,0,True,▅▆▇▄██▇▇▁▃▃▄▄▅▇▂▇▅▇▃,False,False,False,5,-0.015835266821345728,0.321417445482866,0.03466339418151698,0.35342603131530104,FLAT,True,93,48.0,IGNORE,NONE,,NEUTRAL,C,WAIT,"CMF positive, RS leader",Producer Manufacturing,27.6
WESTLIFE,579.85,577.95,587.15,562.05,False,True,True,True,False,False,0.5976293636233525,5.32673404,0.6019561092229904,False,0.3016917963280173,True,37.32,False,0.7384323153177218,23.0,-0.67,0,True,▅▂▃▂▄▃▄▁▄▄▄▃▂▄▄▃█▄▆▂,False,False,False,1,0.015143557422969245,0.28826927349477893,0.06564221842583196,0.320277859327214,FLAT,True,91,48.0,IGNORE,NONE,,NEUTRAL,C,WAIT,"CMF positive, RS leader",Consumer Services,25.2
UNIMECH,1616.2,1672.8,1672.8,1605.0,True,True,True,True,False,True,0.5030740106549231,25.009563659999998,0.5040466715063285,False,0.013844541757483656,False,45.48,True,1.093177256721189,43.0,-0.14,0,False,▁▅█▆▅▆▅▄▆▇▇▃▂▇▄▁▅▄▄▆,False,False,False,7,0.0846979865771813,0.2681051392703022,0.13519664758004402,0.30011372510273726,FLAT,True,90,48.0,IGNORE,NONE,,NEUTRAL,C,WAIT,"CMF positive, RS leader",Producer Manufacturing,27.6
WELENT,749.5,755.5,762.0,734.25,True,False,True,True,False,True,0.6502151388459689,43.9593742,0.6316891252357032,False,0.00041537749696717794,False,68.97,True,1.371445615430503,91.0,1.28,0,True,▆▄▃▃▁▄▅▅▄▅▅▄▆█▆▆▇▄▅█,False,False,False,5,0.09368159929957698,0.19814563184397738,0.1441802603024397,0.23015421767641242,FLAT,True,85,48.0,IGNORE,SEED,,NEUTRAL,C,WAIT,"Delivery P91, CMF positive",Industrial Services,34.5
JASH,588.75,593.85,596.75,583.35,True,True,True,True,False,True,0.23826644809946237,14.19605775,0.2465892234524597,False,0.17161017568266107,True,43.18,False,0.9357054629770082,15.0,-0.97,0,False,█▇██▄▅▇▇▆██▇▇▇▁▂▅▆▆▆,False,False,False,5,0.26463322951347856,0.1140018921475876,0.3151318905163413,0.14601047798002265,UP,True,78,48.0,IGNORE,NONE,,NEUTRAL,C,WAIT,CMF positive,Producer Manufacturing,27.6
KISSHT,344.0,347.0,348.35,337.9,True,True,True,True,False,True,0.5118442178386742,31.97136,0.5247402683691641,False,0.07466205351383476,True,36.91,False,0.7886752136752136,44.0,-0.2,0,False,▆▆▆▂▅▆▇▅▄██▄▁▄▂▃▃▇▄▁,False,False,False,4,0.1225322238538098,0.1029176017954474,0.1730308848566725,0.13492618762788244,UP,True,76,48.0,IGNORE,NONE,,NEUTRAL,C,WAIT,CMF positive,Finance,27.7
SUNTV,519.9,510.6,533.0,506.1,False,True,True,False,True,False,1.3750354811854524,66.08599671,1.4791784198526525,True,0.19232182886629953,True,28.41,False,0.6370526504619249,8.0,-1.4,0,False,▇▆▇▇▅▆▇▆▅▁▁▆▅█▆▂▇▁▃▃,False,False,False,3,0.1153062318996032,0.061236987140232735,0.16580489290246592,0.09324557297266778,UP,True,70,48.0,IGNORE,NONE,,NEUTRAL,C,WAIT,CMF positive,Consumer Services,25.2
RAIN,215.45,219.0,219.0,210.1,True,True,True,True,False,True,0.5360267784595086,49.36588614,0.5437693110512603,False,0.08993715388015669,True,45.36,True,1.0815579584878219,54.0,0.19,0,False,█▂▂▅▂█▅▁▄▇▇▄▅▆▄▇▆▇▃▆,False,False,False,0,0.1028922446890197,0.01617771908310517,0.1533909056918824,0.04818630491554021,UP,True,62,48.0,IGNORE,NONE,,NEUTRAL,C,WAIT,CMF positive,Process Industries,26.7
ELECTCAST,72.35,72.34,73.71,70.1,False,False,False,False,False,False,8.916401845511716,129.37745654,8.059850471123282,True,-0.11451273900618475,True,57.53,True,1.1658611220881336,89.0,1.1,0,True,▁▁▃▃▃▇▆▆▆▄▄▄▆▇▅▇▇█▃▇,False,True,False,2,-0.1329098753595398,-0.020046051740484905,-0.08241121435667709,0.011962534091950139,FLAT,True,54,48.0,IGNORE,SEED,,NEUTRAL,C,WAIT,No standout factor,Non-Energy Minerals,33.3
NITTAGELA,1726.0,1702.0,1790.0,1699.1,False,True,True,True,False,True,0.7546766206402344,0.6089328,0.7693149702649976,False,0.07426290178533325,False,80.68,True,1.2237592525178984,96.0,1.83,0,True,▂▄▄▇▄▃▁▄▄▅▅▃▂▆▃▄▄▇▅█,False,False,False,0,0.038507821901323736,-0.08454439376259681,0.08900648290418645,-0.05253580793016177,UP,False,33,48.0,IGNORE,SEED,,NEUTRAL,C,WAIT,"Delivery P96, CMF positive",Consumer Non-Durables,29.3
RAYMOND,1179.95,1193.75,1236.0,1142.0,True,True,True,True,False,True,0.7438580366156704,573.9203643100001,0.920747281783226,False,0.22206086519889362,False,13.17,False,0.7058256069457098,4.0,-2.32,0,False,██▆▁▃▄▁▃▃▂▂▁▁▂▂▃▁▂▂▂,False,False,False,14,0.8674527182084355,0.9253487802888145,0.9179513792112982,0.9573573661212496,FLAT,True,99,47.0,IGNORE,NONE,,NEUTRAL,C,WAIT,"CMF positive, RS leader",Process Industries,26.7
WHEELS,2323.8,2320.0,2394.0,2264.7,False,True,True,True,False,True,0.3903812958075707,79.57388340000001,0.4063324472621308,False,0.43363765035546664,False,18.24,False,0.5165090332446055,2.0,-2.45,0,False,██▇▆▅█▂▁▁▄▄▄▃▅▄▄█▄▇▂,False,False,False,3,0.5027159855147441,0.5902278792855677,0.5532146465176068,0.6222364651180028,FLAT,True,98,47.0,IGNORE,NONE,,NEUTRAL,C,WAIT,"CMF positive, RS leader",Producer Manufacturing,27.6
DEEPINDS,768.0,784.1,784.1,761.0,True,True,True,True,False,True,0.30610958655608556,12.1041408,0.30938940771231943,False,0.261205353405172,False,36.98,False,0.9131991603901716,23.0,-0.65,0,False,██▆▅▃▄▅▄▅▄▄▃▅▄▁▄▄▆▄▃,False,False,False,4,0.11328549684714062,0.6132759163953365,0.16378415785000333,0.6452845022277716,FLAT,True,98,47.0,IGNORE,NONE,,NEUTRAL,C,WAIT,"CMF positive, RS leader",Industrial Services,34.5
CYIENTDLM,917.95,925.0,941.9,913.05,True,True,True,True,False,True,0.3930565907175038,25.194881855000002,0.3974534020890056,False,0.0787348440770177,False,36.48,False,0.8696170395356321,12.0,-0.99,0,False,▆▇▇▅▃▅▄▄▅██▄▁▅▅▅▆▅▂▄,False,False,False,6,0.088908659549229,0.5400553644828456,0.1394073205520917,0.5720639503152807,FLAT,True,97,47.0,IGNORE,NONE,,NEUTRAL,C,WAIT,"CMF positive, RS leader",Electronic Technology,27.3
EMUDHRA,649.25,658.0,666.6,638.05,True,True,True,True,False,True,0.20112091459239104,29.05640465,0.2050072907497231,False,0.10390159258405614,False,26.95,False,0.6783628674989931,4.0,-1.73,0,False,▆▆▇▅▇▆▇▇███▁▁▃▃▃▃▃▄▄,False,False,False,6,0.18508715889385785,0.4168030551009274,0.23558581989672056,0.44881164093336245,FLAT,True,96,47.0,IGNORE,NONE,,NEUTRAL,C,WAIT,"CMF positive, RS leader",Technology Services,25.7
ENGINERSIN,313.9,316.9,321.4,309.0,True,True,True,True,False,True,1.1524410851721425,308.71628678999997,1.2566463045764205,False,0.3337594598787878,False,21.7,False,0.6342154871330246,3.0,-1.97,0,False,▆▁▃▄▆▅▅▆▅██▅▅█▃▂▃▄▂▂,False,False,False,10,0.19868637110016407,0.36608930281138474,0.24918503210302678,0.3980978886438198,FLAT,True,95,47.0,IGNORE,NONE,,NEUTRAL,C,WAIT,"CMF positive, RS leader",Industrial Services,34.5
KOPRAN,277.97,285.0,293.5,274.77,True,True,True,True,False,True,0.4876128337392981,31.445245062,0.5305560095730283,False,0.13297778666128143,False,28.22,False,0.7847826691509776,7.0,-1.53,0,False,▆▇▇▆██▆▇▇▇▇▁▃▃▅▅▆▆▆▄,False,False,False,12,0.2760868567231327,0.3684340077782702,0.3265855177259954,0.4004425936107052,FLAT,True,95,47.0,IGNORE,NONE,,NEUTRAL,C,WAIT,"CMF positive, RS leader",Health Technology,33.7
FEDDERSHOL,61.5,63.54,63.8,61.0,True,True,True,True,False,True,0.36153816232109254,18.61159125,0.37212261228217924,False,-0.2534014246692902,False,25.52,True,1.169435215946844,40.0,-0.55,0,False,▅▃▅▂▂▄█▃▃▁▁▄▅▂▂▁▁▃▃▄,False,False,False,5,0.3977272727272727,0.38983050847457634,0.4482259337301354,0.4218390943070114,UP,True,95,47.0,IGNORE,NONE,,NEUTRAL,C,WAIT,RS leader,Finance,27.7
AVALON,2310.2,2328.1,2364.6,2296.0,True,True,True,True,False,True,0.1928261227914202,31.050705139999998,0.1872372863040359,False,0.05166974591867853,False,35.62,True,1.0386202271435028,26.0,-0.58,0,False,▆▆▆▅▄▁█▇▇▆▆▄▅▅▅▃▇▇▅▆,False,False,False,2,-0.026587452070956252,0.345878240605884,0.023911208931906458,0.37788682643831906,FLAT,True,94,47.0,IGNORE,NONE,,NEUTRAL,C,WAIT,"CMF positive, RS leader",Electronic Technology,27.3
YATHARTH,1100.4,1122.4,1129.3,1093.6,True,True,True,True,False,True,0.39285225617994224,35.78049636,0.39736744317867256,False,0.17962632826160907,False,36.97,False,0.9699466096469941,13.0,-0.99,0,False,█▇▅▇▆▅▆▆▄▇▇▆▃▁▄▄▆▆▆▅,False,False,False,9,0.09831320491066986,0.2962657556838262,0.14881186591353257,0.3282743415162612,FLAT,True,92,47.0,IGNORE,NONE,,NEUTRAL,C,WAIT,"CMF positive, RS leader",Health Services,24.1
WHIRLPOOL,917.1,910.0,932.0,889.85,True,True,True,True,False,False,1.6165129618784522,379.6784829,1.6807178564512815,False,0.4094681268426108,False,9.51,False,0.22346762539212575,0.0,-3.27,0,False,▇▇▅▆▇██▇▆██▇▆▇▅▇▂▂▁▂,False,False,False,4,0.1418788520201706,0.18557300756253636,0.1923775130230333,0.2175815933949714,FLAT,True,84,47.0,IGNORE,NONE,,NEUTRAL,C,WAIT,CMF positive,Consumer Durables,24.3
SONACOMS,807.9,824.5,827.9,805.1,True,True,True,True,False,True,1.9119897900172436,292.1463348,1.928458059921973,False,-0.0017734065939514012,False,51.16,True,1.0706736705522883,63.0,0.32,0,True,▅▅▆█▆▆▅▅▁▆▆▇▇▇▃▃▄▆▇▇,False,False,False,2,-0.006334173790049746,0.13064166258484367,0.044164487212812964,0.1626502484172787,FLAT,True,79,47.0,IGNORE,DISTRIBUTION,,NEUTRAL,C,WAIT,No standout factor,Producer Manufacturing,27.6
LGBBROSLTD,1730.6,1743.9,1752.5,1723.8,True,True,True,True,False,True,1.2283349709782312,5.2463139,1.2369318643891682,False,-0.017720338060795236,False,62.46,True,1.0469238440844446,90.0,1.13,0,True,▅▅▅▄█▅▅▁▂██▅▅▄▄▆▃█▁▆,False,False,False,18,0.022571496100212585,0.1157243246728128,0.0730701571030753,0.14773291050524784,FLAT,True,78,47.0,IGNORE,SEED,,NEUTRAL,C,WAIT,Delivery P90,Producer Manufacturing,27.6
BELRISE,248.62,248.0,254.28,244.24,False,True,True,True,False,True,1.3482208570701792,103.185081806,1.4176519903527147,True,0.06812293011663925,False,42.35,False,0.8725392230589349,50.0,-0.0,0,True,▆▅▅▄▃▅▅▄▆▄▄▄▁█▁▄▅▆▅▂,False,False,False,0,0.0700697254024274,0.06284199726402195,0.1205683864052901,0.094850583096457,UP,True,71,47.0,IGNORE,NONE,,NEUTRAL,C,WAIT,CMF positive,Producer Manufacturing,27.6
AJAXENGG,589.9,614.0,618.05,585.2,True,True,True,True,False,True,1.6843798033012627,10.27517315,1.6888202330521638,False,0.07621183336756882,False,40.68,False,0.7669755559535818,9.0,-1.33,0,False,▆▇▆▆▅▆▅▇▇▆▆▆▇█▇▆▆▁▃▅,False,True,True,1,0.026805918189730216,-0.006651511324408554,0.07730457919259293,0.02535707450802649,UP,True,57,47.0,IGNORE,NONE,,NEUTRAL,C,WAIT,CMF positive,Producer Manufacturing,27.6
ARSSBL,500.6,496.0,509.0,488.45,False,False,False,False,False,False,1.8526056504840889,12.95938262,1.841407414229736,True,-0.09978834486286593,True,62.65,True,1.1446162840621545,98.0,2.02,0,True,▆▄▄▆▁▃▃▇▆██▁▄▆▃▄▇▆▅▇,False,False,False,0,-0.016019656019655937,-0.048288973384030376,0.034479004983206774,-0.016280387551595332,UP,False,46,47.0,IGNORE,SEED,,NEUTRAL,C,WAIT,Delivery P98,Finance,27.7
SUDEEPPHRM,1138.8,1192.0,1192.0,1124.1,True,False,True,True,False,False,0.5500431967666541,16.73033856,0.5168074258808713,False,0.012919669452552482,False,58.95,True,1.1645709657345489,86.0,1.02,0,True,▄▂▁▅▂▃▂▅▃▂▂▄▅▆▅▄█▇▅▆,False,False,False,7,-0.01590044936052548,0.32264808362369335,0.03459821164233723,0.3546566694561284,FLAT,True,93,46.0,IGNORE,SEED,,NEUTRAL,C,WAIT,"CMF positive, RS leader",Health Technology,33.7
PRECWIRE,480.65,500.0,500.0,472.7,True,True,True,True,False,True,0.6568378350892731,23.655622335,0.6529448419873524,False,0.07053977722696098,True,31.32,False,0.9957081545064377,32.0,-0.45,0,False,▁▅▆▄▄█▄▇█▅▅▅▆▂▅▄▅▅▄▅,False,False,False,1,-0.04934731012658233,0.3172101945738559,0.001151350876280377,0.34921878040629095,FLAT,True,92,46.0,IGNORE,NONE,,NEUTRAL,C,WAIT,"CMF positive, RS leader",Producer Manufacturing,27.6
KRISHANA,186.42,187.24,187.49,182.2,True,True,False,False,False,False,1.042765069007537,11.433101316,1.0560094838740088,False,0.16917557067775993,True,55.37,True,1.0729268599885673,64.0,0.38,0,True,▃▁▄▇█▇▇▅▆▅▅▄▅▆▄▆▅▄█▇,False,False,False,0,-0.024132335235303448,0.28300068823124547,0.026366325767559262,0.3150092740636805,FLAT,True,91,46.0,IGNORE,NONE,,NEUTRAL,C,WAIT,"CMF positive, RS leader",Process Industries,26.7
JGCHEM,620.8,624.0,637.15,609.05,False,True,True,True,False,True,1.0039373530774633,20.968699519999998,1.0269592926056519,True,-0.10841009730255335,True,30.55,False,0.853852818692529,7.0,-1.44,0,True,▃▂▆▃██▆▃▄▄▄▄▇▆▄▃▆▂▁▁,False,False,False,0,-0.01973788094110218,0.26901062959934574,0.03076078006176053,0.3010192154317808,FLAT,True,90,46.0,IGNORE,NONE,,NEUTRAL,C,WAIT,RS leader,Process Industries,26.7
PTCIL,21685.0,21820.0,22040.0,21510.0,True,False,True,True,False,True,0.26111194420954503,18.3129825,0.24624469686291162,False,0.06602037379560101,True,40.56,True,1.2588845091405692,53.0,0.05,0,False,▁▂▂▃▇▄▅█▅▄▄▄▄▅▆▅▂█▆▇,False,False,False,8,-0.0193994754454192,0.2027176927343317,0.03109918555744351,0.23472627856676676,FLAT,True,86,46.0,IGNORE,NONE,,NEUTRAL,C,WAIT,CMF positive,Producer Manufacturing,27.6
JTLIND,87.87,91.05,93.85,86.37,True,True,True,True,False,True,1.7550780881207597,52.034663286000004,1.727005537426089,False,0.01584243022389155,False,28.13,False,0.7796347107896122,14.0,-1.12,0,False,▅▆▄█▇█▁▃▅▆▆▃▇▄▇█▃▇▅▄,False,False,False,4,-0.022906705215167356,0.17113154738104752,0.027591955787695355,0.20314013321348257,FLAT,True,83,46.0,IGNORE,NONE,,NEUTRAL,C,WAIT,CMF positive,Non-Energy Minerals,33.3
MANORAMA,1865.1,1873.9,1888.4,1835.1,True,False,True,True,False,True,0.4639755965431768,20.774229839999997,0.43797618793254894,False,0.09053137192480236,True,46.77,False,0.9936054046015594,23.0,-0.49,0,True,▄▆▅▂▃▅▁▄▄▅▅▄▄▇▆▆▇█▇▅,False,False,False,4,-0.01359213031521056,0.16488664043470114,0.03690653068765215,0.19689522626713618,FLAT,True,83,46.0,IGNORE,NONE,,NEUTRAL,C,WAIT,CMF positive,Consumer Non-Durables,29.3
PFOCUS,315.2,316.5,328.0,313.25,True,False,True,True,False,True,1.5843041509214772,124.14391552000001,1.5132776387705293,False,0.011839548910607449,False,8.01,False,0.2482912540103222,0.0,-1.33,0,False,█▅▇▅█▅▅▅▇██▃▂▃▂▂▃▂▂▁,False,False,False,11,0.09711103376261732,0.10942944634120577,0.14760969476548003,0.14143803217364082,UP,True,77,46.0,IGNORE,NONE,,NEUTRAL,C,WAIT,CMF positive,Consumer Services,25.2
UNIONBANK,179.97,178.78,180.72,178.34,False,False,True,True,False,True,0.8791667963745011,113.750686392,0.8654961010230146,False,0.1303932810655764,True,41.03,False,0.8321249302844396,43.0,-0.23,0,True,▇▃▅▅▅▆▄▄▃▅▅▅▁█▆▄▄▃▅▃,False,False,False,4,-0.02455284552845527,0.06636250518457065,0.02594581547440744,0.0983710910170057,FLAT,True,71,46.0,IGNORE,NONE,,NEUTRAL,C,WAIT,CMF positive,Finance,27.7
TMCV,444.5,440.1,445.45,437.2,False,False,True,True,False,True,0.6394901105282689,206.95231025,0.6214486760349663,False,0.07156065238558576,True,49.35,False,0.911256370485265,44.0,-0.18,0,True,▅▁▅▅▁▂▅▄▃▅▅▃▂▅▄▁█▂▂▂,False,False,False,3,-0.05935879801079258,0.05207100591715985,-0.00886013700792987,0.0840795917495949,FLAT,True,69,46.0,IGNORE,NONE,,NEUTRAL,C,WAIT,CMF positive,Consumer Durables,24.3
APOLLOPIPE,521.2,511.0,526.85,503.5,False,False,False,True,False,False,1.6183104264209838,16.7537134,1.520732849223361,True,-0.17747631631706415,True,46.39,True,1.103853612687535,64.0,0.31,0,False,▁█▃▂▆▆▅▃▅▇▇▆▅▇▄▄▂▄▄▆,False,True,False,0,-0.1688063152858622,0.05645079558123034,-0.1183076542829995,0.08845938141366538,FLAT,True,69,46.0,IGNORE,NONE,,NEUTRAL,C,WAIT,No standout factor,Producer Manufacturing,27.6
LODHA,1162.8,1153.0,1177.0,1148.9,False,False,True,True,False,True,0.7683504487094163,142.83556128,0.7652925846494034,False,0.18887575814745547,True,48.9,True,1.046403389576624,57.0,0.1,0,True,█▅▆▄▄▄▃▆▆▃▃▄▇█▂▁▅▄▄▅,False,False,False,0,-0.08079051383399216,0.00034411562284919484,-0.03029185283112945,0.03235270145528424,FLAT,True,59,46.0,IGNORE,NONE,,NEUTRAL,C,WAIT,CMF positive,Finance,27.7
GRANULES,851.4,870.0,872.15,846.3,True,False,False,True,False,True,0.3118773992843289,38.958446339999995,0.30293389638439727,False,0.13022297481170284,True,58.39,True,1.1406636126549392,85.0,1.03,0,False,▆▄▂▂▃▄▁▇▂██▅▃▅▃▁▅▄▃▆,False,False,False,4,0.02764031382015686,-0.028193128638283382,0.07813897482301957,0.0038154571941516613,UP,True,52,46.0,IGNORE,SEED,,NEUTRAL,C,WAIT,CMF positive,Health Technology,33.7
BLUESTARCO,1575.4,1585.7,1593.5,1562.3,False,True,True,False,True,False,2.5638854075897335,232.69272406,2.6775358372637825,True,0.07459191865517559,False,39.21,False,0.8901349618043337,32.0,-0.5,0,False,▆▄▄▅▄▇▆█▆▄▄▅▄▇▅▅▁▂▅▄,False,False,False,0,0.07623992348681519,-0.08102432479729327,0.1267385844896779,-0.049015738964858224,UP,False,34,46.0,IGNORE,NONE,,NEUTRAL,C,WAIT,CMF positive,Producer Manufacturing,27.6
KPIGREEN,357.35,342.0,368.25,342.0,False,True,True,False,True,False,3.930433219036548,337.13192317000005,4.336898037668388,True,0.41092136458315404,False,18.52,False,0.42682645770914956,6.0,-1.78,0,False,▇▆██▅▅▇▄▆▆▆▅▅▅▁▂▂▄▅▂,False,False,False,0,0.17317793827971117,-0.13464099769947924,0.22367659928257388,-0.1026324118670442,UP,False,18,46.0,IGNORE,NONE,,NEUTRAL,C,WAIT,CMF positive,Utilities,37.4
MENONBE,291.0,311.8,315.05,288.4,True,False,True,True,False,True,1.3083748448335761,2.964417,1.252632967455237,False,0.26445272804666964,False,60.19,True,1.419190549732973,68.0,0.51,0,False,▆▇██▃▂▁▃▄▇▅▄▆▅▄▃▃▆▆█,False,False,False,5,0.022415852715901963,0.45740471778434433,0.07291451371876467,0.48941330361677937,FLAT,True,96,45.0,IGNORE,NONE,,NEUTRAL,C,WAIT,"CMF positive, RS leader",Producer Manufacturing,27.6
COMSYN,280.85,288.2,297.5,277.7,True,False,True,True,False,True,1.3414355754420304,23.905193705000002,1.2645627405533846,False,-0.26279300964612223,False,60.32,True,1.221003198251083,67.0,0.57,0,True,▆▅▃██▄▂▆▅▅▅▃▂▅▃▁▂▁▃▆,False,False,False,8,-0.05469538875799396,0.3415333174110342,-0.0041967277551312465,0.37354190324346925,FLAT,True,94,45.0,IGNORE,NONE,,NEUTRAL,C,WAIT,RS leader,Process Industries,26.7
GRAPHITE,799.0,820.0,820.0,794.55,True,True,True,True,False,True,0.2507820048700313,80.9735364,0.2451010120376382,False,0.068077425257773,False,37.71,True,1.2263215232272646,71.0,0.61,0,False,▇▂▇▅▄█▆▁▁▃▃▂▄▇▇▆▅▇▃▆,False,False,False,5,0.1372856024482243,0.2543171114599685,0.187784263451087,0.28632569729240354,FLAT,True,89,45.0,IGNORE,NONE,,NEUTRAL,C,WAIT,CMF positive,Process Industries,26.7
GNFC,620.65,631.1,632.95,617.4,True,True,True,True,False,True,0.39281845883288846,30.768165165,0.4114694717103201,False,0.19727108761562137,False,50.72,True,1.0874902175194845,58.0,0.27,0,False,█▆▅▆▆██▅▇██▄▁▃▅▆▅▄▇▆,False,False,False,3,0.07986080904741177,0.22512830635609937,0.13035947005027448,0.2571368921885344,FLAT,True,88,45.0,IGNORE,NONE,,NEUTRAL,C,WAIT,CMF positive,Process Industries,26.7
SAILIFE,1582.8,1600.2,1611.1,1564.1,True,True,True,True,False,True,0.30324683317865264,43.35969804,0.3038417784326108,False,0.04182978486161115,True,51.95,True,1.0723722235983817,42.0,-0.17,0,False,█▁▁▄▂▅▃▄▅▅▅▅▆▅▄▄▃▁▄▅,False,False,False,7,0.08433239706789064,0.2203546646106398,0.13483105807075335,0.25236325044307484,FLAT,True,87,45.0,IGNORE,NONE,,NEUTRAL,C,WAIT,CMF positive,Commercial Services,27.2
MAHSEAMLES,714.35,718.5,718.5,702.6,True,True,True,True,False,True,0.48840085491980834,15.34195208,0.500491414663454,False,0.1356984424312741,False,62.79,True,1.4818223653934652,84.0,0.83,0,False,▅▃▅▄▁▄▄▅▂▃▃▃▃▄▄▅▅▄▂█,False,False,False,8,0.07712605548854046,0.22173764323584733,0.12762471649140317,0.25374622906828237,FLAT,True,87,45.0,IGNORE,NONE,,NEUTRAL,C,WAIT,CMF positive,Non-Energy Minerals,33.3
SAKAR,1089.65,1136.0,1146.0,1075.0,True,False,True,True,False,True,0.4517417136162119,10.889853135000001,0.46021503649736234,False,0.12012789263626758,False,52.16,True,1.1316742965004014,48.0,-0.07,0,False,▆▁▃▅▆▄▂▄▅▅▅▆▇█▄▅▅▅▅▆,False,False,False,11,0.26211849192100556,0.21233867378727211,0.31261715292386827,0.24434725961970716,UP,True,87,45.0,IGNORE,NONE,,NEUTRAL,C,WAIT,CMF positive,Health Technology,33.7
SKYGOLD,796.95,799.0,812.0,791.1,False,True,True,True,False,True,1.253940735247601,77.78216061,1.2599150883719177,True,-0.07904296595033226,False,56.63,True,1.1928383359662982,94.0,1.46,0,True,▅▅▆█▄▃▃▂▄▃▃▂▅▆▄█▁▅▄▇,False,False,False,0,-0.012575888985255856,0.21052631578947367,0.037922772017606854,0.24253490162190872,FLAT,True,86,45.0,IGNORE,SEED,,NEUTRAL,C,WAIT,Delivery P94,Consumer Durables,24.3
ANDHRAPAP,72.62,73.81,75.0,72.03,True,True,True,True,False,True,0.07000955621445597,1.898751568,0.07075135258198978,False,0.06120610126171224,False,46.92,True,1.2314637411091574,9.0,-1.15,0,False,▆█▆▇▆▁▁▂▁▃▃▄▅▄▄▄▄▄▅▅,False,False,False,10,0.1965727467457572,0.19303433546903248,0.2470714077486199,0.22504292130146752,UP,True,85,45.0,IGNORE,NONE,,NEUTRAL,C,WAIT,CMF positive,Process Industries,26.7
DEVYANI,131.09,134.73,135.17,128.31,True,False,False,True,False,False,2.4053015173492795,49.496791783,2.2660705172141546,False,0.08871104909238303,False,51.16,True,1.1605117502948916,73.0,0.48,0,True,▅▁▆▃▂▆▆▃▂██▇▇▇▃▄▄▂▃▆,False,False,False,0,-0.05534337392808253,0.18184276956364953,-0.0048447129252198184,0.21385135539608457,FLAT,True,84,45.0,IGNORE,NONE,,NEUTRAL,C,WAIT,CMF positive,Consumer Services,25.2
BOSCHLTD,48000.0,47700.0,48445.0,47700.0,False,True,True,True,False,True,0.6296521073211468,89.3904,0.6276583748004256,False,0.057426964810737766,False,47.68,True,1.005451113946206,68.0,0.44,0,True,█▁▂▃▃▄▆▆▆▄▄▄▃▅▁▆▂▁▄▄,False,False,False,2,-0.01599015990159902,0.1675991243006567,0.03450850110126369,0.19960771013309175,FLAT,True,83,45.0,IGNORE,NONE,,NEUTRAL,C,WAIT,CMF positive,Producer Manufacturing,27.6
ACMESOLAR,437.9,440.85,452.45,433.3,True,True,True,True,False,True,0.6527659787378991,81.81062370999999,0.6654601512395069,False,0.20757960041562945,False,46.41,True,1.019462261664177,51.0,0.03,0,False,▇▃▃▄▁▃▄▄▄▄▄▂▁▇▁▃▄▅█▄,False,False,False,10,0.08943898494837654,0.15984637796318357,0.13993764595123925,0.19185496379561862,FLAT,True,82,45.0,IGNORE,NONE,,NEUTRAL,C,WAIT,CMF positive,Industrial Services,34.5
DELTACORP,72.2,80.79,81.0,70.8,True,True,True,True,False,True,2.857783329118151,99.95123242000001,2.973159006996124,False,0.29985669565569495,False,28.58,False,0.6647825732993731,13.0,-1.21,0,False,▆▂▇▇▅▅▆▇█▆▆▆▅▆▃▄▃▁▁▃,False,False,True,3,0.23482127586796664,0.12953692115143922,0.28531993687082935,0.16154550698387427,UP,True,79,45.0,IGNORE,NONE,,NEUTRAL,C,WAIT,CMF positive,Consumer Services,25.2
CASTROLIND,201.04,201.9,203.4,199.32,True,True,True,True,False,True,1.5244913444683224,98.182789376,1.5816329558788569,False,0.35676610885885857,False,49.61,False,0.7992717781823454,10.0,-1.19,0,False,▇▃▄▆█▅▃█▅▆▆▅▃▃▅▅▂▅▁▁,False,False,True,6,0.08970675917393889,0.0910077603516577,0.1402054201768016,0.12301634618409274,UP,True,75,45.0,IGNORE,NONE,,NEUTRAL,C,WAIT,CMF positive,Energy Minerals,27.5
AUROPHARMA,1697.5,1712.0,1713.4,1686.8,True,True,True,True,False,True,0.8261845241468073,111.62437475,0.8287187641100587,False,0.13600504139825725,False,59.22,True,1.2271540469973892,88.0,1.28,0,False,▅▂▂▅▂▄▁▄▆▅▅▄▃▇▅██▃▄▇,False,False,False,7,-0.011357018054746648,0.08842010771992825,0.03914164294811606,0.1204286935523633,FLAT,True,74,45.0,IGNORE,SEED,,NEUTRAL,C,WAIT,CMF positive,Health Technology,33.7
STAR,1151.4,1175.8,1186.0,1148.2,True,False,True,True,False,True,0.29819413667900646,13.33597536,0.2949374594675722,False,0.373279944473862,False,52.75,True,1.14503402541867,86.0,0.96,0,False,▇▇█▇▇▁▃▆█▆▆█▆▆▄▆▆▇██,False,False,False,9,0.12331707317073182,0.08673902784332244,0.17381573417359453,0.11874761367575748,UP,True,74,45.0,IGNORE,SEED,,NEUTRAL,C,WAIT,CMF positive,Health Technology,33.7
JAGSNPHARM,241.02,241.76,246.53,237.11,True,True,True,True,False,True,0.8072313496798825,10.896923934,0.8006982604309909,False,0.3490956505360654,False,52.52,True,1.1095032374594658,50.0,0.07,0,False,▆▆█▆▆▇▇▆▇▇▇▆▇▆▇▇▇▁▄▇,False,False,False,3,0.0007473841554559435,0.08071025020177558,0.051246045158318654,0.11271883603421062,FLAT,True,74,45.0,IGNORE,NONE,,NEUTRAL,C,WAIT,CMF positive,Health Technology,33.7
SESHAPAPER,242.23,248.73,249.04,241.55,True,False,True,False,False,True,0.20732655308673964,0.310102846,0.20599902128418246,False,0.0880817628872964,False,79.0,True,1.3926717261196464,95.0,1.51,0,True,▃▄▅▄▆▁▄▇▃▂▂▂▁▂▄▆▆▆▃█,False,False,False,10,0.056204761489491606,0.0875011223848432,0.10670342249235432,0.11950970821727824,FLAT,True,74,45.0,IGNORE,SEED,,NEUTRAL,C,WAIT,"Delivery P95, CMF positive",Process Industries,26.7
RATNAMANI,2748.4,2756.1,2784.0,2724.1,True,True,True,True,False,True,0.3630839064795126,5.64548844,0.3619940257682744,False,0.20563144298770158,False,49.29,True,1.133103448275862,42.0,-0.15,0,False,▄▂▂▂▂▅▂▂█▁▁▄▇▇▆▄▄▆▆▆,False,False,False,5,0.037249499943389885,0.07674828599412353,0.0877481609462526,0.10875687182655858,FLAT,True,73,45.0,IGNORE,NONE,,NEUTRAL,C,WAIT,CMF positive,Non-Energy Minerals,33.3
BHAGYANGR,411.35,446.0,446.0,407.1,True,False,True,True,False,True,0.685413716366579,5.50493251,0.671987049692547,False,0.23085834558666005,False,56.19,True,1.0781097104702697,64.0,0.36,0,False,▃▄▃▄▄▄▅▁▁▁▁▃█▄▁▂▃▃▄▄,False,False,False,4,0.06927475955289841,0.07486281682780249,0.11977342055576112,0.10687140266023754,UP,True,72,45.0,IGNORE,NONE,,NEUTRAL,C,WAIT,CMF positive,Producer Manufacturing,27.6
MAHASTEEL,1021.4,1002.9,1040.9,1002.9,True,True,True,True,False,True,0.2324515753160124,0.36269914,0.24380660333450233,False,0.43021949857080166,False,59.7,True,1.0421303448456443,47.0,0.11,0,False,█▆▂▄▅▇▄▄▄▅█▄▃▅▄▂▇▅▁▅,False,False,False,5,0.15850961265808428,0.07335014712063881,0.20900827366094699,0.10535873295307385,UP,True,72,45.0,IGNORE,NONE,,NEUTRAL,C,WAIT,CMF positive,Non-Energy Minerals,33.3
VERANDA,238.02,232.9,244.02,230.0,False,True,True,True,False,True,1.5008860293710782,10.329806178,1.529936394922192,True,-0.09682821849688893,False,47.37,False,0.818813524165111,25.0,-0.54,0,True,▁▄▄▃▃▄▆▂▄▄▄▂▂▄▂█▄▁▄▂,False,False,False,0,-0.045246690734055406,0.06225733029856739,0.0052519702688073044,0.09426591613100244,FLAT,True,70,45.0,IGNORE,NONE,,NEUTRAL,C,WAIT,No standout factor,Commercial Services,27.2
AARTIDRUGS,429.65,430.85,442.2,425.15,False,True,True,True,False,False,2.654473536320014,18.99525615,2.658226341302342,True,-0.2626656000743693,False,39.42,False,0.7993349014518616,5.0,-1.56,0,False,▇▁▇▄▄▇▅▇▅▅▅▄▄▇█▆▂▂▅▂,False,False,False,4,0.04359970852562545,0.027870813397129046,0.09409836952848816,0.05987939922956409,UP,True,64,45.0,IGNORE,NONE,,NEUTRAL,C,WAIT,No standout factor,Health Technology,33.7
NESCO,1086.4,1070.3,1094.9,1040.4,False,True,True,False,False,False,2.0402023957788087,11.0519472,2.0451387235219984,True,0.006354661454397645,True,51.84,False,0.9668124469642574,34.0,-0.33,0,False,▅▃▃▄▅▃▃▅▄▆▆▂▄▅▆█▅▃▁▄,False,False,False,0,0.04371217215870882,0.00129032258064532,0.09421083316157153,0.033298908413080364,UP,True,59,45.0,IGNORE,NONE,,NEUTRAL,C,WAIT,CMF positive,Finance,27.7
BANSALWIRE,317.6,322.15,335.0,310.6,True,True,True,True,False,True,4.037727550094319,10.35013936,4.087234588506108,False,-0.1909110401138563,False,21.59,False,0.37038943214959685,3.0,-2.29,0,True,▆▅▅▇▇▆▆▆▆▆▆▄▅▄▅▆█▅▅▁,False,False,False,0,0.00300015790304764,0.0,0.05349881890591035,0.032008585832435044,UP,True,58,45.0,IGNORE,DISTRIBUTION,,NEUTRAL,C,WAIT,No standout factor,Non-Energy Minerals,33.3
AKCAPIT,1753.6,1750.0,1763.8,1744.5,False,True,True,True,False,True,0.9305135951661632,0.2025408,0.9439741176686074,False,0.2528562682957559,False,95.65,True,1.159639923620162,80.0,1.06,0,True,▃▁▅▃▅▆▇▆▄██▃▄▅██▅▃▇▇,False,False,False,0,0.019594162451305186,-0.014831460674157304,0.0700928234541679,0.01717712515827774,UP,True,55,45.0,IGNORE,NONE,,NEUTRAL,C,WAIT,CMF positive,Finance,27.7
SHRINGARMS,218.04,215.05,227.0,215.05,False,True,True,True,False,False,3.0359110783145242,20.488499268,3.089805900936663,True,-0.33902536354725005,False,40.93,True,1.2791424464029002,72.0,0.54,0,False,▇▃▇▂▄▃▄▇▇▆▆▇▄▄██▆▄▁▇,False,False,False,0,-0.006696733634003027,-0.02786570957242851,0.04380192736885968,0.004142876260006534,UP,True,52,45.0,IGNORE,NONE,,NEUTRAL,C,WAIT,No standout factor,Consumer Durables,24.3
DMART,3820.9,3789.8,3833.6,3771.6,False,True,False,False,False,False,0.6925773188544091,111.62186215,0.7028021140823572,False,0.14388435078739104,True,67.91,True,1.1159863274830737,95.0,1.56,0,True,▄▁▂▂▄▃█▂▃▅▅▅▃▆▄▄▃▄▃▅,False,False,False,0,-0.006887768363050384,-0.032903895314991494,0.043610892639812326,-0.00089530948255645,UP,False,51,45.0,IGNORE,SEED,,NEUTRAL,C,WAIT,"Delivery P95, CMF positive",Retail Trade,28.0
DABUR,385.75,386.5,386.5,381.85,False,False,False,False,False,False,1.3495097131724574,110.00394175,1.3616171463840532,True,0.05099557191989511,True,72.93,True,1.2114819183042909,99.0,2.12,0,True,█▄▄▄▂▃▅▄▅▅▅▂▃▆▆▅▁▄▃█,False,False,False,0,0.01246719160104992,-0.09554513481828841,0.06296585260391263,-0.06353654898585337,UP,False,30,45.0,IGNORE,SEED,,NEUTRAL,C,WAIT,"Delivery P99, CMF positive",Consumer Non-Durables,29.3
ASIANENE,474.15,490.45,495.9,472.0,True,False,True,True,False,True,0.6225377622563991,14.010753179999998,0.5766502292586477,False,0.024161547009784564,False,42.12,True,1.0670314637482898,34.0,-0.37,0,False,█▆▃▅▅▆▁▅▆▂▂▃▄▆▅▆▅█▇▆,False,False,False,5,0.005620360551431558,0.3333802024746906,0.05611902155429427,0.3653887883071256,FLAT,True,93,44.0,IGNORE,NONE,,NEUTRAL,C,WAIT,"CMF positive, RS leader",Energy Minerals,27.5
UTTAMSUGAR,294.75,294.0,309.55,288.0,False,True,True,True,False,True,2.039524127669413,20.7219861,2.099922757894125,True,0.006224544285252253,False,19.38,False,0.6132329209252286,4.0,-1.77,0,False,▂▅▅▃▅▃▃▄▅▄▄▅▅▆▆▄▇█▁▃,False,False,False,0,-0.055500368507065745,0.2557515337423313,-0.0050017075042030346,0.2877601195747663,FLAT,True,89,44.0,IGNORE,NONE,,NEUTRAL,C,WAIT,CMF positive,Process Industries,26.7
ACE,1212.9,1226.4,1226.4,1197.5,True,True,True,True,False,True,0.675237595646351,27.946671480000003,0.6983857751149659,False,0.050813925731670866,True,43.01,False,0.9841317056986281,32.0,-0.39,0,False,▅▇▃▃▁█▂▁▄▃▃▂▄▁▁▆▆▅▄▃,False,False,False,6,0.09221071589374175,0.22317466720451806,0.14270937689660446,0.2551832530369531,FLAT,True,87,44.0,IGNORE,NONE,,NEUTRAL,C,WAIT,CMF positive,Producer Manufacturing,27.6
AGI,804.8,798.0,836.6,792.35,False,True,True,True,False,True,0.6232793147633332,11.3702144,0.634254998653098,False,0.27446722096324255,True,42.99,False,0.9488704711244524,17.0,-0.81,0,False,▃▅█▇██▅▅▅▄▄▇▇▄▁▄▆▇▆▅,False,False,False,6,0.03697977064811231,0.15690361532379793,0.08747843165097502,0.18891220115623297,FLAT,True,82,44.0,IGNORE,NONE,,NEUTRAL,C,WAIT,CMF positive,Process Industries,26.7
MEESHO,219.5,216.0,221.2,216.0,True,True,True,True,False,True,0.5498100349292103,239.2392399,0.5684646513704745,False,0.16345993222564653,True,34.34,False,0.7699120004484055,35.0,-0.33,0,False,▆▆▆▄▅▇▆▇▅▇▇▆▇█▆▁▂▃▄▄,False,False,False,13,0.0665694849368319,0.13056914756631466,0.11706814593969461,0.1625777333987497,FLAT,True,79,44.0,IGNORE,NONE,,NEUTRAL,C,WAIT,CMF positive,Retail Trade,28.0
KSL,952.35,970.0,980.0,940.55,True,True,True,True,False,True,0.7649434895564218,12.089797545,0.7589027302249111,False,0.013148567257257108,False,57.15,True,1.2382190445238868,68.0,0.51,0,False,▄▅▆▆▆▆▆▅▁▅▅▄▃▆▅▇▅██▇,False,False,False,6,0.046826051112943246,0.03325377020722575,0.09732471211580596,0.0652623560396608,UP,True,65,44.0,IGNORE,NONE,,NEUTRAL,C,WAIT,CMF positive,Non-Energy Minerals,33.3
GAIL,173.0,173.9,173.98,171.59,True,False,True,True,False,True,0.8736731145268333,92.4556461,0.8702697934077223,False,0.16045897612987972,True,62.33,False,0.9855869958808694,72.0,0.55,0,True,█▄▃▆▁▂▅▃▃▆▆▄▂▆▄▄▄▄▃▄,False,False,False,0,0.0032475063790304848,0.007512666705491666,0.053746167381893195,0.03952125253792671,UP,True,60,44.0,IGNORE,NONE,,NEUTRAL,C,WAIT,CMF positive,Utilities,37.4
ZOTA,1322.2,1336.0,1336.0,1305.0,True,True,True,True,False,False,0.3691155141070151,5.949106680000001,0.3857707917248476,False,0.08062040475343218,True,62.1,True,1.13062238850807,74.0,0.66,0,False,█▆▅▆▅▆▅▆▅▅▅▆█▇▃▁▃▃▃▆,False,False,False,0,0.2546972860125263,-0.006760817307692291,0.305195947015389,0.025247768524742753,UP,True,57,44.0,IGNORE,NONE,,NEUTRAL,C,WAIT,CMF positive,Health Technology,33.7
TATACAP,343.5,350.0,351.0,341.05,True,False,False,True,False,True,1.9113160424267597,66.3420786,1.807511006427342,False,0.06086176351621823,False,51.62,False,0.9043051723382822,25.0,-0.61,0,True,▄▄▃▆█▅▆▅▅▅▅▄▅▆▅▅▁▄▅▄,False,False,False,0,-0.05903300917682508,-0.04742096505823634,-0.00853434817396237,-0.015412379225801298,UP,False,47,44.0,IGNORE,NONE,,NEUTRAL,C,WAIT,CMF positive,Finance,27.7
CHOICEIN,756.9,749.45,799.0,741.0,False,False,False,True,False,True,1.1048906544580197,30.23679258,1.0992469494830632,True,-0.0778000449295196,False,51.72,True,1.7721735852935636,95.0,1.75,1,True,▃▃▅▃▄▄▃█▃▃▃▅▁▂▂▅▆▃▁▆,False,False,False,0,-0.03048546176508271,-0.07134531623826756,0.02001319923778,-0.03933673040583252,UP,False,39,44.0,IGNORE,SEED,DEL52% ▃▃▅▃▄▄▃█▃▃▃▅▁▂▂▅▆▃▁▆ P95 Z+1.8,NEUTRAL,C,WAIT,Delivery P95,Commercial Services,27.2
FEDERALBNK,325.0,322.3,327.3,320.5,False,False,False,True,False,True,1.5456784200162896,254.02754,1.481514064438109,True,0.12449705790526325,False,54.88,False,0.9177257525083613,49.0,0.01,0,False,█▃▆▁▅▄▅▆▄▃▃▄▂▅▄▅▅▃▁▃,False,True,False,0,-0.08887019904681803,-0.0734141126158232,-0.03837153804395532,-0.04140552678338816,UP,False,38,44.0,IGNORE,NONE,,NEUTRAL,C,WAIT,CMF positive,Finance,27.7
GKSL,174.5,179.44,179.9,171.97,True,True,True,True,False,True,0.403260887257776,5.33912415,0.4124094702965019,False,-0.1470245737089863,False,43.59,True,1.0817719320014891,44.0,-0.2,0,False,▄▁▄▂▂▂▄▁▆▅▅▆▄▃▅▇▅█▂▄,False,False,False,10,0.08722741433021808,0.36328125,0.1377260753330808,0.39528983583243504,FLAT,True,95,43.0,IGNORE,NONE,,NEUTRAL,C,WAIT,RS leader,Health Services,24.1
RSL,167.5,182.41,182.41,165.92,True,False,False,True,False,False,1.8650923516383349,13.359599,1.6963818746324935,False,-0.0505577758281893,False,43.44,True,1.027229625075375,43.0,-0.21,0,False,▁▃▁▃▄▅▅▄███▃▄▆▁▄▄▄▃▅,False,False,False,10,-0.05420666290231502,0.3001630055111386,-0.0037080018994523067,0.33217159134357366,FLAT,True,92,43.0,IGNORE,DISTRIBUTION,,NEUTRAL,C,WAIT,RS leader,Non-Energy Minerals,33.3
LENSKART,685.3,687.9,698.3,682.1,True,True,True,True,False,True,3.360892808138741,3057.00734724,3.4395391711441374,False,-0.030929678943222023,False,61.36,True,1.0195993718895657,78.0,0.82,0,True,▃▁▂▂▃▃▁▅▄▃▃▄▄▄█▁▄▃▂▃,False,False,True,13,0.0361354702146961,0.25974264705882355,0.08663413121755881,0.2917512328912586,FLAT,True,89,43.0,IGNORE,DISTRIBUTION,,NEUTRAL,C,WAIT,No standout factor,Health Technology,33.7
VENUSPIPES,2132.6,2166.5,2249.0,2090.0,True,True,True,True,False,True,0.752788007616921,55.67621471999999,0.782435195715347,False,0.3280750136698053,False,33.28,False,0.8084734233796521,2.0,-1.8,0,False,▅█▆▆▅▂▂▃▃▃▃▃▁▁▂▄▃▄▄▂,False,False,False,7,0.2979124825025865,0.25329102021626704,0.3484111435054492,0.2852996060487021,UP,True,89,43.0,IGNORE,NONE,,NEUTRAL,C,WAIT,CMF positive,Non-Energy Minerals,33.3
KAPSTON,537.8,547.9,549.0,535.7,False,False,True,True,False,True,1.4204318253443056,11.901621559999999,1.384637399314816,True,-0.4212821286947146,False,58.15,True,1.0419373045807614,34.0,-0.27,0,False,▂▃▂▅▆▅▅▇▄▄▄▁▅▇▇▄▇▄█▅,False,True,False,7,-0.08350374914792091,0.2441873915558126,-0.0330050881450582,0.27619597738824764,FLAT,True,88,43.0,IGNORE,NONE,,NEUTRAL,C,WAIT,No standout factor,Commercial Services,27.2
SHAREINDIA,206.1,209.7,209.99,203.78,True,True,True,True,False,True,0.10272619105187966,18.44081811,0.10340309494509384,False,0.10418937661166874,False,28.63,False,0.7958746837906208,19.0,-0.82,0,False,█▆▇▆█▆▆▁▁▂▂▃▁▁▃▄▄▄▃▃,False,False,False,8,0.19332985930171964,0.13785678794236178,0.24382852030458235,0.16986537377479682,UP,True,80,43.0,IGNORE,NONE,,NEUTRAL,C,WAIT,CMF positive,Finance,27.7
RML,1325.9,1328.9,1359.9,1302.6,False,True,True,True,False,True,0.21870266368389868,6.222581290000001,0.2180183188409694,False,0.4757138468015497,False,37.0,False,0.9554798058051853,11.0,-1.12,0,False,█▆█▇▁▂▄▅▄▆▆▆▅▅▆▆▆▄▆▅,False,False,False,4,0.17367442683898382,0.12555178268251277,0.22417308784184653,0.1575603685149478,UP,True,79,43.0,IGNORE,NONE,,NEUTRAL,C,WAIT,CMF positive,Producer Manufacturing,27.6
GRAUWEIL,83.96,88.6,88.75,83.0,True,True,True,True,False,True,0.7415811967868874,7.955646591999999,0.7440897537089,False,0.2744509183230605,False,42.01,False,0.8272290485192186,11.0,-1.21,0,False,█▇█▆▇▇▇█▅▆▆▅█▁▅▆▄▆▇▅,False,False,False,5,0.17213458048303787,0.1104351276286204,0.22263324148590058,0.14244371346105544,UP,True,77,43.0,IGNORE,NONE,,NEUTRAL,C,WAIT,CMF positive,Process Industries,26.7
CEIGALL,378.55,387.0,387.0,374.0,True,True,True,True,False,True,0.2896183156834372,5.82596021,0.29910754119192795,False,0.10632506176251502,False,48.57,True,1.0093621089163436,53.0,0.23,0,False,█▅▄▁▂▆▄▅▅▅▅▄▆▆▅▄▅▅▅▅,False,False,False,1,0.10897905375714068,0.10897905375714068,0.1594777147600034,0.14098763958957572,UP,True,77,43.0,IGNORE,NONE,,NEUTRAL,C,WAIT,CMF positive,Industrial Services,34.5
ZYDUSLIFE,1202.9,1185.5,1208.6,1182.4,False,True,True,True,True,True,1.452150476051075,238.20234786000003,1.5105730363386205,True,-0.02620710536191276,False,40.48,False,0.7636943336068899,13.0,-1.01,0,True,█▃▇▆▄▂▅▇▇▄▄▆▄▃▇▆▇▅▁▁,False,False,False,2,0.011520349815001829,0.04246468498136746,0.06201901081786454,0.0744732708138025,FLAT,True,67,43.0,IGNORE,NONE,,NEUTRAL,C,WAIT,No standout factor,Health Technology,33.7
IPCALAB,1919.3,1956.0,1972.9,1902.3,True,False,True,True,False,True,0.7450679442989471,32.64671721,0.7245657658427922,False,-0.0724079162723764,False,63.51,True,1.1520565960727405,90.0,1.22,0,True,▇▅▄▄▅▄▄▆█▄▄▄▃█▆▇▄▁▅▇,False,False,False,13,-0.028153324218947895,0.04389209180898512,0.022345336783914815,0.07590067764142017,FLAT,True,67,43.0,IGNORE,SEED,,NEUTRAL,C,WAIT,Delivery P90,Health Technology,33.7
JUBLPHARMA,1060.45,1077.9,1077.9,1044.15,True,True,True,True,False,True,0.35224149989180775,10.11584464,0.37582063938773247,False,0.3548795623808183,False,42.32,False,0.9230198802604173,13.0,-1.0,0,False,▇▆▇▇▅▇▁▆▆██▅▆█▄▅▆▄▆▅,False,False,False,10,0.20246059643950565,0.03574742393905361,0.25295925744236836,0.06775600977148866,UP,True,66,43.0,IGNORE,NONE,,NEUTRAL,C,WAIT,CMF positive,Health Technology,33.7
LICHSGFIN,564.15,568.0,574.7,562.5,True,True,True,True,False,True,0.8548086680730734,164.52690072000001,0.8686047050836373,False,0.07580190007209621,False,45.41,False,0.9196217015330402,24.0,-0.66,0,False,▇▁▇█▄▅▅▅▅▃▃▅▅▇▃▅▆▃▄▄,False,False,False,12,0.04782689450222888,0.021178387184360492,0.09832555550509159,0.053186973016795536,UP,True,63,43.0,IGNORE,NONE,,NEUTRAL,C,WAIT,CMF positive,Finance,27.7
JSWINFRA,348.75,362.95,363.35,347.0,True,True,True,True,False,True,0.6359502491514711,101.394145125,0.6359377434740225,False,0.09096668720264678,False,45.12,False,0.7899228809775996,11.0,-1.15,0,False,▅▄▆▆█▇▇▆▆▅▅▅▅▇▆▁▃▄▆▃,False,False,False,4,0.025735294117646967,0.0008609556607834801,0.07623395512050968,0.032869541493218524,UP,True,59,43.0,IGNORE,NONE,,NEUTRAL,C,WAIT,CMF positive,Industrial Services,34.5
ADANIPORTS,1788.9,1791.8,1800.6,1775.0,False,True,True,True,False,True,0.34169070792955525,156.97007163,0.3571264145473832,False,0.06845004285425998,False,56.87,False,0.9728019158398905,74.0,0.72,0,True,█▁▂▃▄▄▅▄▅▄▄▃▃▇▄▁▅▅▂▄,False,False,False,0,0.04369894982497091,-0.02053219448094612,0.09419761082783362,0.011476391351488924,UP,True,54,43.0,IGNORE,NONE,,NEUTRAL,C,WAIT,CMF positive,Transportation,31.9
MANAKCOAT,125.54,131.4,132.29,124.57,True,False,True,True,False,False,1.543530115959816,9.440017962,1.523838386904785,False,-0.1035527293906961,False,69.55,True,1.3841622385416044,89.0,1.23,0,False,▇▆█▅▅▆▆▃▂▃▃▄▁▃▄▆▆▄▅▇,False,False,False,5,0.02540227068528944,-0.021817048465014754,0.07590093168815215,0.01019153736742029,UP,True,54,43.0,IGNORE,DISTRIBUTION,,NEUTRAL,C,WAIT,No standout factor,Non-Energy Minerals,33.3
OBEROIRLTY,1830.0,1854.9,1855.0,1821.1,True,True,True,True,False,True,0.7576644479696197,66.654822,0.7608228491706975,False,0.20036019076814993,False,46.02,False,0.8627024595080983,43.0,-0.12,0,True,█▂▄▄▂▆▃▂▃▂▂▆▅█▆▄▃▄▁▂,False,False,False,0,-0.020342612419700257,-0.027991714027726156,0.030156048583162454,0.004016871804708888,UP,True,52,43.0,IGNORE,NONE,,NEUTRAL,C,WAIT,CMF positive,Finance,27.7
PWL,128.07,133.75,134.19,126.41,True,False,True,True,False,False,0.5671732659743512,91.201169979,0.5620442800650772,False,0.2089212377374529,True,36.88,True,1.0897057085450892,82.0,0.86,0,True,▆▃▃█▁▁▂▃▆▁▁▄▂▂█▄▄▅█▄,False,False,False,0,0.0984647053778196,-0.04418240167176668,0.1489633663806823,-0.012173815839331636,UP,False,48,43.0,IGNORE,NONE,,NEUTRAL,C,WAIT,CMF positive,Commercial Services,27.2
WABAG,1977.2,2008.4,2008.4,1972.0,True,False,False,True,False,True,0.3158347416885361,42.24149396,0.2953524263370136,False,0.0637370400438003,True,44.1,True,1.1283245276260412,37.0,-0.26,0,False,█▅▅▇▇▂▆▃▂▁▁▅▂▆▆▇▅▆▅▆,False,False,False,3,-0.0010105092966855578,-0.06603684459140291,0.04948815170617715,-0.034028258758967866,UP,False,40,43.0,IGNORE,NONE,,NEUTRAL,C,WAIT,CMF positive,Industrial Services,34.5
OFSS,10800.0,10749.0,10910.0,10599.0,False,False,False,True,False,True,0.8165480659352589,210.40992,0.7524058242457804,False,0.2553808697109241,True,33.03,False,0.763531709797848,25.0,-0.61,0,True,█▅▆▇▇▅▄▇▇▇▇▆▆█▄▄▅▄▁▄,False,False,False,3,-0.0847457627118644,-0.07096774193548383,-0.03424710170900169,-0.038959156103048787,UP,False,39,43.0,IGNORE,NONE,,NEUTRAL,C,WAIT,CMF positive,Technology Services,25.7
AGIIL,271.6,267.0,276.0,257.0,False,False,False,False,False,False,2.012399889709183,86.23902952,1.9944643887295224,True,-0.31891194281569196,True,19.75,False,0.5567065522247121,16.0,-0.99,0,True,▄▄▅▄▆▃█▁▃▇▇▂▃▅▅▄▄▆▂▂,False,True,False,0,-0.04701754385964907,-0.1874345549738219,0.003481117143213641,-0.15542596914138684,UP,False,9,43.0,IGNORE,NONE,,NEUTRAL,C,WAIT,No standout factor,Finance,27.7
ALLTIME,197.91,204.75,205.0,192.11,True,False,False,False,False,False,3.337614258495526,8.764246439999999,3.1822380583993284,False,-0.1106181098839441,True,79.1,True,1.5775985001844852,98.0,1.93,1,False,▅▁▄▄▄▄▅▅▄▁▁▃▂▃▅▄▅▂▅█,False,False,False,0,-0.008913816415443976,-0.1805647565419013,0.041584844587418734,-0.14855617070946625,UP,False,9,43.0,IGNORE,SEED,DEL79% ▅▁▄▄▄▄▅▅▄▁▁▃▂▃▅▄▅▂▅█ P98 Z+1.9,NEUTRAL,C,WAIT,Delivery P98,Producer Manufacturing,27.6
E2E,602.8,572.0,604.2,551.35,False,True,False,False,False,False,1.476683766252969,203.63036099999997,1.7777679230008192,True,0.23633150084733284,True,35.63,False,0.6499927028604788,13.0,-0.91,0,True,▂▂▂▂▃▂██▁▆▂▁▁█▄▂▁▁▃▁,False,False,False,0,0.5578240082698023,-0.8536360325361175,0.608322669272665,-0.8216274467036825,UP,False,0,43.0,IGNORE,NONE,,NEUTRAL,C,WAIT,CMF positive,Technology Services,25.7
RPEL,1703.9,1689.0,1729.5,1659.3,False,True,True,True,False,True,0.42863565345589205,9.36548635,0.4266056949285161,False,-0.07803769293796725,True,47.05,True,1.1179622435280558,27.0,-0.59,0,False,▂▅▆▅▂▃▄▆▂▄▄▃▁▆▅▅▅▄█▆,False,False,False,2,-0.037996838301716296,0.32795573221105156,0.012501822701146414,0.3599643180434866,FLAT,True,93,42.0,IGNORE,NONE,,NEUTRAL,C,WAIT,RS leader,Process Industries,26.7
QUADFUTURE,531.5,537.0,564.9,527.6,True,True,True,True,False,True,0.9528719125084946,70.2291147,1.041281318734374,False,0.001645393560462946,False,23.35,False,0.8755319747276853,27.0,-0.63,0,False,▅▄▅▃█▅▅▅▅▁▁▃▃▃▄▅▆▇▂▄,False,False,False,8,0.26082315265093103,0.3018983466013472,0.31132181365379374,0.3339069324337822,FLAT,True,92,42.0,IGNORE,NONE,,NEUTRAL,C,WAIT,"CMF positive, RS leader",Producer Manufacturing,27.6
SOLARA,736.3,741.7,750.0,723.75,True,True,True,True,False,True,0.43443409266847527,19.57144304,0.4544991323316087,False,0.025263152537796936,False,35.87,False,0.9106487769583265,15.0,-0.91,0,False,▅▄▇█▆▃▅█▁▅▅▅▅▇██▆▅▃▄,False,False,False,12,0.16383466371611477,0.29141454003332457,0.21433332471897748,0.3234231258657596,FLAT,True,91,42.0,IGNORE,NONE,,NEUTRAL,C,WAIT,"CMF positive, RS leader",Health Technology,33.7
HINDZINC,590.0,591.1,596.4,587.65,False,True,True,True,False,False,0.6825219366868512,196.460029,0.6785277314941343,False,-0.059098278155326235,True,51.45,True,1.1100443370478648,90.0,1.3,0,True,▁▃▃▅▃▅▁▅▃▃▃▄█▅▆▇▅▅▆▆,False,False,False,1,-0.03294541878380597,0.1303764728422261,0.01755324221905674,0.16238505867466113,FLAT,True,79,42.0,IGNORE,SEED,,NEUTRAL,C,WAIT,Delivery P90,Non-Energy Minerals,33.3
SURAJEST,217.27,225.95,225.95,216.0,True,True,True,False,False,False,0.14009477704936255,1.078897639,0.15169493948869547,False,0.16870328051774514,True,66.16,True,1.1032734670735571,83.0,0.79,0,False,█▇█▅▅██▆▅▅▅▄▄▃▁▂▃▄▃▆,False,False,False,5,0.13747971310402618,0.0940080563947634,0.1879783741068889,0.12601664222719844,UP,True,75,42.0,IGNORE,NONE,,NEUTRAL,C,WAIT,CMF positive,Industrial Services,34.5
HAL,4795.3,4774.2,4819.5,4760.1,False,False,True,True,False,True,0.4804800125375265,180.39055446,0.4728823727623257,False,-0.15839724205703287,True,65.53,True,1.3887740937364232,98.0,2.33,0,True,▇▅▄▃▁▄▃▅▄▆▆▄▂▅▄▄▅▃▅█,False,False,False,1,-0.021167585221473773,0.08153277098651279,0.029331075781388938,0.11354135681894784,FLAT,True,74,42.0,IGNORE,SEED,,NEUTRAL,C,WAIT,Delivery P98,Electronic Technology,27.3
UDS,207.84,208.5,208.52,203.1,True,True,True,True,False,False,0.32875884743889083,2.232638064,0.30762953974235335,False,0.22441279489139504,True,57.69,True,1.1809137803979366,78.0,0.68,0,False,▆▃▆█▆▄▁▁▅▆▆▅▆▆▃▃▆▇▄▇,False,False,False,4,-0.07515685489253765,0.07399751963621326,-0.02465819388967494,0.1060061054686483,FLAT,True,72,42.0,IGNORE,NONE,,NEUTRAL,C,WAIT,CMF positive,Commercial Services,27.2
NRL,55.46,55.55,55.99,54.44,False,True,True,False,False,False,0.5741551846696717,0.18702221200000002,0.6235736619296179,False,0.09849236039666343,True,54.22,False,0.8340704391099353,56.0,0.16,0,True,▃▁▆█▁▁█▄▂▃▄▄█▅▃▄▇▂▃▁,False,False,False,6,0.16488132745221584,0.04582311898925129,0.21537998845507855,0.07783170482168633,UP,True,67,42.0,IGNORE,NONE,,NEUTRAL,C,WAIT,CMF positive,Non-Energy Minerals,33.3
GRASIM,3190.0,3175.0,3212.5,3161.0,False,False,False,True,False,True,0.8695377616594417,239.834089,0.8493128913274414,False,0.17207013665564933,True,62.2,True,1.0230347289040207,75.0,0.63,0,True,▆▅▃▅▅▇▅▆█▆▆▇▄█▁▇▂▃▅▅,False,False,False,1,-0.020871700429711426,0.03810732532786609,0.029626960573151284,0.07011591116030114,FLAT,True,66,42.0,IGNORE,NONE,,NEUTRAL,C,WAIT,CMF positive,Non-Energy Minerals,33.3
INDOCO,249.06,252.55,255.52,245.25,True,False,True,True,False,False,0.06370507496719503,2.821177338,0.059601042684477724,False,0.19794401982692666,True,56.92,True,1.731775587197274,70.0,0.49,1,False,▇▇▁▃▅▅▆█▁▂▂▃▄▅▅▇▆▆▆█,False,False,False,2,0.023506205309443473,0.018442036393375494,0.07400486631230618,0.05045062222581054,UP,True,62,42.0,IGNORE,NONE,DEL57% ▇▇▁▃▅▅▆█▁▂▂▃▄▅▅▇▆▆▆█ P70 Z+0.5,NEUTRAL,C,WAIT,CMF positive,Health Technology,33.7
PIRAMALFIN,2149.0,2142.0,2170.0,2054.9,False,False,False,True,False,True,0.789207353549593,70.6937189,0.7605291279418342,False,0.05429342228048503,True,44.27,False,0.7544629542840102,12.0,-1.02,0,True,▄▅▆▅▄▄▆▆▅███▄▇▅▅▆▁▃▃,False,False,False,4,-0.06581464093201184,-0.0041705282669137755,-0.015315979929149126,0.027838057565521268,FLAT,True,58,42.0,IGNORE,NONE,,NEUTRAL,C,WAIT,CMF positive,Finance,27.7
COALINDIA,425.4,424.0,426.65,421.35,False,True,True,True,False,True,0.421447424491112,199.17028061999997,0.43023552665119813,False,0.07165003860771232,True,53.38,False,0.9422688237526589,44.0,-0.03,0,False,▆▅▁▃▆▇▅▄▇▄▄█▇▇▆▄▇▆▆▅,False,False,False,0,0.06349999999999989,-0.0045630045630046245,0.1139986610028626,0.02744558126943042,UP,True,57,42.0,IGNORE,NONE,,NEUTRAL,C,WAIT,CMF positive,Energy Minerals,27.5
PNGJL,585.35,617.0,617.8,582.0,True,False,False,False,False,False,1.6021485094917987,43.97793085,1.550213506280442,False,0.004492201091995198,False,53.3,True,1.007561436672968,63.0,0.25,0,False,█▂▅▄▁▂█▄▅▆▆▄▄█▄▃▂▆▁▅,False,True,False,0,0.002483301935263027,-0.008049483138451108,0.05298196293812574,0.023959102693983936,UP,True,56,42.0,IGNORE,NONE,,NEUTRAL,C,WAIT,CMF positive,Retail Trade,28.0
IONEXCHANG,422.9,419.85,425.9,411.75,False,True,True,True,False,True,0.3778399407038645,10.11826311,0.372105145177799,False,0.18717361607501437,True,42.37,False,0.9656319795797438,31.0,-0.39,0,False,▇▆▇▆▃▁▅▅▆▄▄▆▅█▇█▇█▇▅,False,False,False,0,0.16229215335990088,-0.025688284759820323,0.2127908143627636,0.00632030107261472,UP,True,53,42.0,IGNORE,NONE,,NEUTRAL,C,WAIT,CMF positive,Producer Manufacturing,27.6
PAGEIND,37500.0,37350.0,37680.0,37280.0,True,True,True,False,False,True,0.8076470180785481,59.02875,0.840806211680508,False,0.21293163595944645,False,48.32,True,1.0496361464103399,42.0,-0.16,0,True,█▅▆█▅▄▅▅▄▅▅█▄▇▃▂▁▃▃▅,False,False,False,0,0.04748603351955305,-0.07005579665220085,0.09798469452241576,-0.03804721081976581,UP,False,39,42.0,IGNORE,NONE,,NEUTRAL,C,WAIT,CMF positive,Consumer Non-Durables,29.3
RAMRAT,568.2,577.4,584.0,559.75,True,True,True,True,False,True,0.8600493353988091,13.8723189,0.8862290703102662,False,0.0058316758716502985,True,29.09,False,0.6797126000350487,5.0,-1.92,0,False,▂▃▃▂▃▃▁▂▂▃▃▃▃▃▂█▃▄▃▁,False,False,False,0,0.007982969664715345,0.3347427766032418,0.058481630667578055,0.36675136243567685,FLAT,True,93,41.0,IGNORE,NONE,,NEUTRAL,C,WAIT,"CMF positive, RS leader",Producer Manufacturing,27.6
MANYAVAR,541.3,526.0,543.25,520.25,False,False,True,True,False,False,0.4340585441018981,8.976540289999999,0.42032417990623105,False,-0.019340227039060513,False,48.2,True,1.1123932610200786,43.0,-0.21,0,True,▇▃▅▁▄▄▆▄▃▄▄▄▃█▅█▄▄▄▆,False,False,False,5,-0.007244383310408109,0.3076458509481821,0.0432542776924546,0.33965443678061713,FLAT,True,92,41.0,IGNORE,NONE,,NEUTRAL,C,WAIT,RS leader,Retail Trade,28.0
ELLEN,359.05,375.35,382.85,357.0,True,True,True,True,False,False,0.4655659089960258,17.657612235,0.46368724377843573,False,0.19324107029579804,False,44.44,False,0.9658559909586837,22.0,-0.73,0,True,▄▅▅▆▄▆▆▁▁▃▃▁█▃▃▄▄▇▃▄,False,False,False,5,0.11419705197827779,0.24995648389904268,0.1646957129811405,0.2819650697314777,FLAT,True,89,41.0,IGNORE,NONE,,NEUTRAL,C,WAIT,CMF positive,Process Industries,26.7
APARINDS,17263.0,17750.0,17770.0,17147.0,True,False,True,True,False,True,1.0511231492693047,222.1644522,1.0202446287750426,False,0.050647176480248704,False,44.75,True,1.1994746435080947,72.0,0.52,0,False,▃▄▅▅▄▃█▄▄▄▄▂▆▆▁▆▄▁▃▆,False,False,False,3,-0.024799457688396753,0.24346322840884538,0.025699203314465957,0.2754718142412804,FLAT,True,88,41.0,IGNORE,NONE,,NEUTRAL,C,WAIT,CMF positive,Electronic Technology,27.3
PVRINOX,1225.0,1252.0,1257.4,1219.0,True,False,True,True,False,True,0.560400642819903,48.561205,0.5576003886720721,False,0.14385223544811795,False,51.83,True,1.1351416463167576,49.0,0.01,0,False,▇▄██▆▃▁▄▄▆▆▄▄▅▇▆▄▇▅▆,False,False,False,8,0.014324749523888292,0.2018641157714005,0.064823410526751,0.23387270160383555,FLAT,True,85,41.0,IGNORE,NONE,,NEUTRAL,C,WAIT,CMF positive,Consumer Services,25.2
BLSE,320.65,324.5,327.7,319.85,True,True,True,True,False,True,0.49935641138160075,5.24698834,0.4976629886658379,False,-0.06722008972824016,False,51.26,True,1.0616683063221664,75.0,0.64,0,True,▃▃▅█▃▄▃▁▄██▃▆▇▄▁▃▁▂▅,False,False,False,5,-0.022110399512046408,0.17514476288206393,0.028388261490816302,0.20715334871449897,FLAT,True,83,41.0,IGNORE,NONE,,NEUTRAL,C,WAIT,No standout factor,Technology Services,25.7
SANATHAN,517.55,526.0,530.35,515.0,True,True,True,True,False,True,0.4334408863481001,3.8443614,0.457583417864287,False,0.09626595144239582,False,41.45,False,0.7570637979214992,6.0,-1.5,0,True,▄▇█▇▁▄▄▄▅▄▄▄▅▅▇▆▅▂▄▃,False,False,False,3,0.1443891652846876,0.1661784587652093,0.1948878262875503,0.19818704459764436,FLAT,True,83,41.0,IGNORE,NONE,,NEUTRAL,C,WAIT,CMF positive,Process Industries,26.7
SUNDROP,740.2,764.4,764.4,739.75,True,True,True,True,False,True,0.5320285846437264,1.49424174,0.5507045627862869,False,0.227610801114419,False,77.6,True,1.2254534256634582,81.0,0.81,0,False,▆▂▃▄▅▅▅█▅▅▅▆▆▄▁▁▂▆▂▆,False,False,False,5,0.12134525071958802,0.16539400141698812,0.17184391172245073,0.19740258724942317,FLAT,True,83,41.0,IGNORE,NONE,,NEUTRAL,C,WAIT,CMF positive,Process Industries,26.7
VINCOFE,179.97,184.98,184.98,179.38,True,True,True,True,False,True,0.3139279872932317,15.70544199,0.31659365146189616,False,-0.17152262018606318,False,44.79,True,1.2557826562368575,93.0,1.7,0,False,▃▄▂▃▅▅▄▆▅▄▄▃▃▄▄▁█▄▇▇,False,False,False,3,-0.031221402809926357,0.13238532687346627,0.019277258192936353,0.1643939127059013,FLAT,True,80,41.0,IGNORE,SEED,,NEUTRAL,C,WAIT,Delivery P93,Distribution Services,36.7
RBLBANK,407.0,412.0,413.85,404.3,True,False,True,True,False,True,0.4569703009969429,79.581117,0.45343291589874163,False,0.3204222733676973,False,40.02,False,0.8499341630208556,44.0,-0.18,0,True,▆▆▄▁▅▃▅▆▅▅▅▄▄█▄▁▂▂▁▃,False,False,False,11,0.0700670435125541,0.10462749355407786,0.12056570451541682,0.1366360793865129,FLAT,True,76,41.0,IGNORE,NONE,,NEUTRAL,C,WAIT,CMF positive,Finance,27.7
PENIND,182.17,185.0,190.0,181.5,True,True,True,True,False,False,2.0461970951116664,21.480794153999998,2.1158071280571566,False,0.06310601251962632,False,39.33,False,0.8197080063775909,16.0,-0.87,0,False,▅▆▃▆█▂▅▁▅▃▃▅▆▄▇▄▃▄▂▂,False,False,True,6,0.09655089387828797,0.07690943485457558,0.14704955488115068,0.10891802068701062,UP,True,73,41.0,IGNORE,NONE,,NEUTRAL,C,WAIT,CMF positive,Non-Energy Minerals,33.3
GMBREW,966.6,978.8,983.95,963.0,True,True,True,True,False,False,1.6782759553796727,5.9049594,1.7340349427612027,False,0.14949266803732253,False,56.84,True,1.0396261442929389,89.0,1.21,0,False,▅▇█▁▇▇▆▇▅██▁▄▆▇▅▅▂▂▇,False,False,True,2,0.10185237959532634,0.04780487804878053,0.15235104059818905,0.07981346388121557,UP,True,68,41.0,IGNORE,SEED,,NEUTRAL,C,WAIT,CMF positive,Consumer Non-Durables,29.3
HONASA,466.05,475.95,480.95,462.6,False,False,True,True,False,True,2.113425888874845,71.382688065,2.081950629541014,True,-0.1940264167345519,False,40.25,False,0.8592899383019151,18.0,-0.66,0,True,▃▃▆▃▄▄▅▇▃██▄▁▄▁▅█▄▄▂,False,False,False,0,-0.030879600748596303,0.018577204677084458,0.019619060254266407,0.0505857905095195,FLAT,True,63,41.0,IGNORE,NONE,,NEUTRAL,C,WAIT,No standout factor,Retail Trade,28.0
MAMATA,401.2,413.3,413.5,399.1,True,False,False,False,False,False,10.809597687490188,24.72487276,10.56669840946271,False,-0.2596449769695569,False,97.14,True,1.8531802052729982,100.0,4.48,1,False,▃▄▄▄▃▄▄▂▃▃▃▁▄▄▄▄▁▃▂█,False,False,False,2,-0.00037373863211664915,0.012747696579578527,0.05012492237074606,0.04475628241201357,UP,True,61,41.0,IGNORE,DISTRIBUTION,DEL97% ▃▄▄▄▃▄▄▂▃▃▃▁▄▄▄▄▁▃▂█ P100 Z+4.5,NEUTRAL,C,WAIT,Delivery P100,Producer Manufacturing,27.6
METROPOLIS,572.3,580.25,582.6,567.45,True,False,False,True,False,True,0.44412707095600223,5.4085211499999994,0.43271051153261064,False,0.06094870836580392,False,54.55,True,1.0570783555697663,57.0,0.11,0,False,▁▁▂▃▄▄█▃▄▄▄▅▃▃▄▄▅▄▄▄,False,False,False,6,-0.017257662917489647,-0.0025272331154685412,0.033240998085373064,0.029481352716966502,UP,True,58,41.0,IGNORE,NONE,,NEUTRAL,C,WAIT,CMF positive,Health Services,24.1
NSIL,5398.5,5495.0,5510.0,5381.0,True,False,False,False,False,False,4.102548616982728,3.66720105,3.9602096665410627,False,-0.24895177950155567,False,85.09,True,1.1998364308074114,99.0,2.26,0,True,▆▁▆▃▇▃▅▇▇▆▆▄▃▇▅▄▅▁▁█,False,True,False,1,-0.053392951078379824,-0.009358656757500694,-0.002894290075517114,0.02264992907493435,FLAT,True,56,41.0,IGNORE,DISTRIBUTION,,NEUTRAL,C,WAIT,Delivery P99,Finance,27.7
THYROCARE,548.3,563.25,564.15,546.6,True,False,False,True,False,False,1.977127041019183,26.092719719999998,1.8972393432092343,False,-0.2975169666919612,False,70.4,True,1.2417320751389012,99.0,2.24,0,True,▇▃▂▅▃▃▄▂▅▇▇▃▂▆▃▁▃▁▄█,False,False,False,0,-0.09296939619520272,-0.012961296129613054,-0.042470735192340014,0.01904728970282199,FLAT,True,55,41.0,IGNORE,DISTRIBUTION,,NEUTRAL,C,WAIT,Delivery P99,Health Services,24.1
SKIPPER,535.65,553.0,555.0,533.9,True,False,False,True,False,True,0.24725748405054546,20.17922106,0.22983032055205718,False,0.08620800284009249,False,44.83,True,1.2015867485057226,45.0,-0.04,0,False,▄▇▆▆▁▅▆▇▆▆▆▇▅▆█▆▃▇▆█,False,False,False,3,-0.010254988913525609,-0.016975591851715932,0.0402436720893371,0.015032993980719112,UP,True,55,41.0,IGNORE,NONE,,NEUTRAL,C,WAIT,CMF positive,Producer Manufacturing,27.6
KIRLFER,468.95,478.1,481.35,465.3,True,False,True,True,False,True,0.3138183801929149,2.074494115,0.31387636272445896,False,0.09240924805211963,False,67.74,True,1.0795821280868254,68.0,0.36,0,False,▃▃▄▄▆▇█▇▂▄▄▃▅▄▂▃▁▁▁▅,False,False,False,6,0.03704113224237071,-0.023631063918384432,0.08753979324523342,0.008377521914050612,UP,True,53,41.0,IGNORE,NONE,,NEUTRAL,C,WAIT,CMF positive,Non-Energy Minerals,33.3
CREST,359.9,359.25,362.25,356.35,True,False,False,False,False,True,0.1668685978632008,0.02180994,0.16574941226624262,False,0.19442456200520503,True,91.58,True,1.2427147577466127,96.0,1.63,0,True,▇▆█▄▆▂▄▄▂███▇▁▄▃▃▇▂▇,False,False,False,0,-0.01153529250205998,-0.04599072233267065,0.03896336850080273,-0.013982136500235609,UP,False,47,41.0,IGNORE,SEED,,NEUTRAL,C,WAIT,"Delivery P96, CMF positive",Finance,27.7
GALAPREC,1140.2,1150.0,1165.0,1125.0,True,True,True,True,False,True,1.0931737820572327,4.4310452399999996,1.155525195273354,False,0.09229914280898024,True,42.7,False,0.8500811260090981,19.0,-0.89,0,True,▂█▄▄▇▇▆▇▇▇▇▇▃▆▆▇▂▄▁▃,False,False,False,0,0.11195630973278714,-0.061563786008230426,0.16245497073564985,-0.029555200175795382,UP,False,42,41.0,IGNORE,NONE,,NEUTRAL,C,WAIT,CMF positive,Producer Manufacturing,27.6
IKIO,199.62,206.6,208.57,199.0,True,False,False,True,False,True,0.18202748196523694,2.2577022,0.1666212245081543,False,-0.08994307080029987,True,61.76,True,1.8537639572577742,96.0,1.18,1,False,▁▅▃▅▃▇▁▂▂▂▂▅▅▂▅▄▅▆▆█,False,False,False,3,-0.07360311861889723,-0.06880626953398328,-0.023104457616034524,-0.036797683701548234,UP,False,40,41.0,IGNORE,SEED,DEL62% ▁▅▃▅▃▇▁▂▂▂▂▅▅▂▅▄▅▆▆█ P96 Z+1.2,NEUTRAL,C,WAIT,Delivery P96,Producer Manufacturing,27.6
ASIANPAINT,2447.0,2401.9,2451.0,2397.0,False,False,False,False,False,False,0.7365592811362534,98.716874,0.7170198418717959,False,0.10315660527397114,True,73.2,True,1.3030243694038486,97.0,1.86,0,True,█▁▂▅▅▃▆▅▇▄▄▅▆▇▅▃▅▄▂█,False,False,False,0,-0.06993538578487268,-0.08513104273376448,-0.019436724782009973,-0.05312245690132944,UP,False,33,41.0,IGNORE,SEED,,NEUTRAL,C,WAIT,"Delivery P97, CMF positive",Process Industries,26.7
CUMMINSIND,4956.5,4972.0,4991.5,4922.5,True,False,False,False,False,False,0.8438228754216782,157.35053595,0.8240867598840124,False,0.05262634349133392,True,69.15,True,1.1215817303013593,94.0,1.43,0,True,█▆▆▂█▃▆▁▇▂▂▄▄█▆▅▃▃▅▇,False,False,False,0,-0.04499036608863194,-0.11364449213161665,0.005508294914230771,-0.0816359062991816,UP,False,25,41.0,IGNORE,SEED,,NEUTRAL,C,WAIT,"Delivery P94, CMF positive",Producer Manufacturing,27.6
PRABHA,223.39,231.0,231.0,218.97,True,False,True,True,False,True,0.05956230701558501,1.2518552209999998,0.05694233440220694,False,-0.19620198470147748,True,59.05,True,1.2691009907799435,56.0,0.15,0,False,▆▇▇▃▁▃▅▅▆██▇▆▄▄▇▇▇▇█,False,False,False,5,0.09178437026538289,0.5374397797660011,0.1422830312682456,0.5694483655984361,FLAT,True,97,40.0,IGNORE,NONE,,NEUTRAL,C,WAIT,RS leader,Energy Minerals,27.5
KENNAMET,4134.1,4207.0,4238.7,4106.0,True,False,True,True,False,False,0.3994668926639004,5.90432162,0.36569863153247273,False,-0.1885082697896663,True,48.08,True,1.0533580168475938,21.0,-0.84,0,False,▄▃▅▂▆▇▆▅▂██▄▁▃▃▁▃▇▆▅,False,False,False,7,-0.05959828029389691,0.4851097460214824,-0.0090996192910342,0.5171183318539174,FLAT,True,96,40.0,IGNORE,NONE,,NEUTRAL,C,WAIT,RS leader,Producer Manufacturing,27.6
RAMBHAJO,265.95,282.44,282.44,263.0,True,True,True,True,False,True,0.8071742056755132,22.85888121,0.8134546522744331,False,-0.149276242436585,True,57.39,True,1.6364414029084688,,,1,False,▁▂▃▅▃▁▃▄▄▄▄▃▂▇▃▅▅▆▂█,False,False,False,0,0.0685443368556391,0.2486501713695477,0.11904299785850181,0.28065875720198274,FLAT,True,89,40.0,IGNORE,NONE,DEL57% ▁▂▃▅▃▁▃▄▄▄▄▃▂▇▃▅▅▆▂█,NEUTRAL,C,WAIT,No standout factor,Consumer Durables,24.3
PARAGMILK,274.95,269.0,276.55,260.05,False,True,True,True,False,False,1.1083861915490247,64.85325385499999,1.1535016537615748,True,0.03556508027619402,False,43.8,True,1.0486747911030239,48.0,-0.02,0,False,▃▅▃▅▇▄▅▆▁▄▄▆▆█▅▄▇▆▅▅,False,False,False,8,0.08069334171841835,0.22075212005505485,0.13119200272128106,0.2527607058874899,FLAT,True,87,40.0,IGNORE,NONE,,NEUTRAL,C,WAIT,CMF positive,Consumer Non-Durables,29.3
INDIQUBE,199.44,198.93,201.28,193.39,False,True,True,True,False,True,0.6096941239336491,0.673568712,0.6205110167767149,False,0.2284274766454529,True,51.91,False,0.918387205208499,27.0,-0.52,0,False,▇█▅▆▇▃▄▅▅▆▆▅▅▁▇▆▆▄▅▅,False,False,False,9,0.03983315954118871,0.22153488087217488,0.09033182054405142,0.2535434667046099,FLAT,True,87,40.0,IGNORE,NONE,,NEUTRAL,C,WAIT,CMF positive,Finance,27.7
EBGNG,672.15,672.8,677.85,640.5,False,True,True,True,False,True,0.647211971807315,40.250425664999995,0.6557224955792366,False,-0.025914528807445044,True,38.36,True,1.0173042498176756,10.0,-1.16,0,False,█▂▃▆▇▆▄▃▁▄▄▅▅▃▆▅▅▇▇▅,False,False,False,8,0.09738775510204079,0.20370702005730656,0.1478864161049035,0.2357156058897416,FLAT,True,86,40.0,IGNORE,NONE,,NEUTRAL,C,WAIT,No standout factor,Technology Services,25.7
HERITGFOOD,402.05,405.0,409.35,397.05,True,True,True,True,False,False,0.2536427195037642,9.382198595,0.2581721506822342,False,0.3678535332099407,True,35.9,False,0.8676737160120845,9.0,-1.37,0,False,█▆▁▄▄▇▆▆▃▁▁▃▄▆▅▅▅▄▄▃,False,False,False,7,0.11278715748685308,0.2088093806374023,0.1632858184897158,0.24081796646983733,FLAT,True,86,40.0,IGNORE,NONE,,NEUTRAL,C,WAIT,CMF positive,Consumer Non-Durables,29.3
AXISCADES,1879.5,1890.5,1943.3,1861.0,True,True,True,True,False,True,1.3212962190292676,52.37659035,1.378185046633366,False,0.04100875853231915,False,53.97,True,1.1371322018899528,56.0,-0.06,0,False,▂▅▁█▇▄▅▄▁▁▁▃▃▂▅▅▄▆▃▆,False,False,False,4,0.1246409765438008,0.18670286652355106,0.1751396375466635,0.2187114523559861,FLAT,True,84,40.0,IGNORE,NONE,,NEUTRAL,C,WAIT,CMF positive,Commercial Services,27.2
CHENNPETRO,1408.1,1380.0,1445.6,1368.2,False,False,True,True,False,True,1.542550000056292,395.50374855999996,1.4544825225928064,True,0.027263821943189718,False,19.52,False,0.7650401724475798,15.0,-1.05,0,False,▄▄▄▄▅▄▅▁▁▃▃▅▄▅█▅██▄▃,False,False,False,5,0.029764516600848223,0.15988467874794066,0.08026317760371093,0.1918932645803757,FLAT,True,82,40.0,IGNORE,NONE,,NEUTRAL,C,WAIT,CMF positive,Energy Minerals,27.5
TVSMOTOR,4130.0,4075.0,4177.9,4075.0,False,False,True,True,False,True,0.4477540731012368,167.247241,0.44070586769039977,False,0.13597093026933196,True,62.53,True,1.116756708487744,76.0,0.68,0,False,▇▁▄▆▃▃▅▆▅▂▂▅▃█▂▇▇▆▅▆,False,False,False,0,-0.06344958955054658,0.15897291988213835,-0.012950928547683871,0.1909815057145734,FLAT,True,82,40.0,IGNORE,NONE,,NEUTRAL,C,WAIT,CMF positive,Consumer Durables,24.3
JINDALSTEL,1152.6,1154.4,1168.9,1137.0,True,True,True,True,False,True,0.5531683466374671,48.183175139999996,0.5557427276551276,False,-0.034293492191078946,True,53.87,True,1.3167768665745958,85.0,1.02,0,False,▇▃▆▅▅▃▄▄▆▂▂▃▄█▅▆▁▄▃▆,False,False,False,3,-0.014871794871794908,0.12120622568093387,0.0356268661310678,0.1532148115133689,FLAT,True,78,40.0,IGNORE,SEED,,NEUTRAL,C,WAIT,No standout factor,Non-Energy Minerals,33.3
HARSHA,465.55,465.0,474.9,463.1,False,True,True,True,False,True,0.9943285696970251,9.127712965,1.0153904471114805,False,0.03177890674909727,False,51.68,True,1.0209504242436216,30.0,-0.49,0,False,▆▄▆▆██▆▇▇▇▇█▅▇▁▄▅▃▅▆,False,False,False,11,0.021166922570739377,0.1054256203252999,0.07166558357360209,0.13743420615773494,FLAT,True,77,40.0,IGNORE,NONE,,NEUTRAL,C,WAIT,CMF positive,Producer Manufacturing,27.6
GMRP&UI,101.9,102.19,102.49,97.74,True,True,True,False,False,False,1.2763234213630645,25.051839870000002,1.3773205617050106,False,0.2920604685225842,True,37.7,False,0.7923414003635944,8.0,-1.27,0,False,▇▇▅█▄▅▅▆▇██▁▅▅▇▅▆▇▄▃,False,False,False,3,0.12833573247702357,0.04910944095542069,0.17883439347988628,0.08111802678785573,UP,True,68,40.0,IGNORE,NONE,,NEUTRAL,C,WAIT,CMF positive,Industrial Services,34.5
ASTEC,711.8,740.0,740.1,706.25,True,True,True,True,False,False,0.0496177962661707,1.9885556599999998,0.04722700329100513,False,0.4799754396185565,True,40.95,True,1.1827056377079483,58.0,0.25,0,False,█▆▇▇█▇▂▁▂▃▃▅▁▃▅▁▄▄▃▅,False,False,False,2,0.2694845728553592,0.03783626157323017,0.3199832338582219,0.06984484740566521,UP,True,66,40.0,IGNORE,NONE,,NEUTRAL,C,WAIT,CMF positive,Process Industries,26.7
MIDHANI,416.0,406.0,417.5,397.55,False,False,False,True,False,True,0.4563884183627425,56.4547776,0.4126406009020118,False,0.3896744034608928,True,41.22,True,1.1496625202208959,65.0,0.41,0,False,▇█▆▆▇▇▁▃▃▇▇▆▇▇█▇██▇▇,False,False,False,1,0.0044669805625980885,0.015748992796972283,0.0549656415654608,0.04775757862940733,UP,True,62,40.0,IGNORE,NONE,,NEUTRAL,C,WAIT,CMF positive,Non-Energy Minerals,33.3
WELSPLSOL,53.8,55.5,55.63,53.05,True,False,True,True,False,True,0.34804812807064983,1.8526460399999998,0.3323300868271286,False,0.129199841713001,True,55.38,True,1.1942937859199276,54.0,0.13,0,False,█▄▅▃▁▆▇▃▃▆▆▅▄▅▆▆▇▅▃█,False,False,False,1,0.011088141326818235,0.011848786909911535,0.061586802329680945,0.04385737274234658,UP,True,61,40.0,IGNORE,NONE,,NEUTRAL,C,WAIT,CMF positive,Non-Energy Minerals,33.3
ABCAPITAL,390.75,390.9,392.2,384.8,False,False,False,True,False,True,1.0149116504478837,104.270582475,0.9937994312889482,True,0.29718461156053644,True,49.07,False,0.931349289198474,63.0,0.24,0,True,▆▁▆▃▄▇▇▃▃▁▁▃▁█▅█▆▅▄▃,False,False,False,0,-0.046951219512195164,-0.022391793845384034,0.0035474414906675467,0.00961679198705101,FLAT,True,54,40.0,IGNORE,NONE,,NEUTRAL,C,WAIT,CMF positive,Finance,27.7
ORCHPHARMA,1023.4,1064.9,1075.65,1015.0,True,False,True,True,False,True,0.5252269372484355,6.15769546,0.5119552823804079,False,0.03106883399192887,False,43.42,False,0.8627061394794358,31.0,-0.45,0,True,▆▅▆▆▄▇▇▅▆▇▇▆█▇▁▁▂▁▃▄,False,False,False,3,0.05407354001441966,-0.022167017007452605,0.10457220101728237,0.009841568824982438,UP,True,54,40.0,IGNORE,NONE,,NEUTRAL,C,WAIT,CMF positive,Health Technology,33.7
CARERATING,1628.4,1628.9,1634.0,1604.9,False,False,False,False,False,True,0.7415389774852205,7.5973002,0.712265115049723,False,-0.040660484107315015,True,81.05,True,1.3300076305187933,97.0,1.93,0,True,▁▄▆▄█▃▄▃▃▄▄▄▂▄▆▆▅▆▆▇,False,False,False,3,-0.05818392134181605,-0.025726935503170956,-0.007685260338953337,0.006281650329264088,FLAT,True,53,40.0,IGNORE,SEED,,NEUTRAL,C,WAIT,Delivery P97,Commercial Services,27.2
LLOYDSENT,76.33,79.59,79.59,75.89,True,True,True,True,False,True,0.9546110464407687,19.830923282999997,0.9938269395678949,False,0.16782208881570615,False,47.13,False,0.9950910530482978,54.0,-0.04,0,True,▂▅▄▄▆▅▄▅█▄▄▆▆▃█▄▇▂▁▄,False,False,False,0,0.05501036627505185,-0.0717499695974706,0.10550902727791456,-0.039741383765035554,UP,False,38,40.0,IGNORE,NONE,,NEUTRAL,C,WAIT,CMF positive,Distribution Services,36.7
RICOAUTO,127.36,132.0,132.23,127.1,True,False,False,True,False,False,0.7083122475900508,7.378244992,0.690754374219246,False,0.08903535184895417,False,50.23,True,1.4042690001258054,96.0,1.95,0,True,▁▄▄▄▃▆█▇▃▃▃▅▃▃▇▃▅▁▂█,False,False,False,0,-0.017435580928868988,-0.07950274645851407,0.03306308007399372,-0.04749416062607903,UP,False,35,40.0,IGNORE,SEED,,NEUTRAL,C,WAIT,"Delivery P96, CMF positive",Producer Manufacturing,27.6
JUBLINGREA,654.8,664.0,673.5,646.45,True,False,False,False,False,True,2.2776815442541674,43.13606316,2.278304133045539,False,0.061871226811895996,False,32.25,False,0.5873942462684529,7.0,-1.56,0,True,▆█▅▄▄▅▅▅▄▇▇▅▄▅▄▄▁▃▃▁,False,False,False,0,-0.02978218995406734,-0.11135237836737477,0.02071647104879537,-0.07934379253493973,UP,False,26,40.0,IGNORE,NONE,,NEUTRAL,C,WAIT,CMF positive,Process Industries,26.7
PVP,58.85,58.85,59.99,58.85,True,False,True,True,False,True,0.5414822134777979,6.771204495,0.4894885135659095,False,-0.1252013504243297,False,65.88,True,1.3049291380693464,77.0,0.74,0,True,▁▁▇▂▁▃▁▁▂▃▃█▂▂▂▂▅▃▃▅,False,False,False,2,-0.140625,1.024423804609563,-0.09012633899713729,1.056432390441998,FLAT,True,99,39.0,IGNORE,NONE,,NEUTRAL,C,WAIT,RS leader,Technology Services,25.7
VINDHYATEL,2598.4,2722.0,2722.0,2565.2,True,False,True,True,False,True,0.4834822842506782,11.85987712,0.45730497086336097,False,-0.036057207623826214,False,45.94,True,1.3138477378024365,40.0,-0.2,0,False,▃▂▂▂▄▁▁▂▃▄▄▄▂▁▄▂▅█▅▆,False,False,False,7,0.02480773023072369,0.4474959612277869,0.0753063912335864,0.47950454706022194,FLAT,True,96,39.0,IGNORE,NONE,,NEUTRAL,C,WAIT,RS leader,Industrial Services,34.5
ARROWGREEN,891.85,900.0,905.35,876.0,True,True,True,True,False,True,0.3860101912514063,2.0808644199999997,0.3955596988621107,False,-0.019873447491704773,False,51.64,True,1.1764973913835919,39.0,-0.05,0,False,▇▃▅▆▆▅▅▄▁▃▇▅▆██▅▇▇▆▇,False,False,False,11,0.27080364776289545,0.3365053199460515,0.32130230876575816,0.36851390577848653,FLAT,True,94,39.0,IGNORE,NONE,,NEUTRAL,C,WAIT,RS leader,Process Industries,26.7
KIRIINDUS,541.95,557.0,558.0,532.65,True,True,True,True,False,False,0.367780873893995,31.905626205,0.35710456866672763,False,-0.02796291760432001,False,51.46,True,1.3413092491952405,78.0,0.69,0,False,▃▅▄▁▃▄▄▆▆▆▆▆▅█▅▇█▆▆█,False,False,False,4,0.02081371256357145,0.3274954072259646,0.07131237356643416,0.35950399305839964,FLAT,True,93,39.0,IGNORE,NONE,,NEUTRAL,C,WAIT,RS leader,Process Industries,26.7
TNPETRO,124.99,133.79,134.39,123.5,True,False,True,True,False,True,0.3647820389223366,17.157302306000002,0.35219609742778435,False,-0.034573531303074376,False,39.42,True,1.3667094268973408,19.0,-0.81,0,False,▁▃▃▅▇█▃▅▆▄▄▄▇▇▅▇▇▆▃▇,False,False,False,5,0.034942452595843276,0.32713952006795477,0.08544111359870599,0.3591481059003898,FLAT,True,93,39.0,IGNORE,NONE,,NEUTRAL,C,WAIT,RS leader,Process Industries,26.7
VSSL,407.75,414.6,418.0,403.8,True,True,True,True,False,True,0.18989011387273588,4.44374105,0.19747964166683285,False,-0.03306773709124167,False,50.21,True,1.1077649446779407,49.0,0.04,0,False,▄█▇▆▆▇▆▇▁▄▄▆▄█▇█▆▆▆▇,False,False,False,14,0.14488277411203154,0.3204339378238341,0.19538143511489425,0.35244252365626916,FLAT,True,93,39.0,IGNORE,NONE,,NEUTRAL,C,WAIT,RS leader,Non-Energy Minerals,33.3
MANALIPETC,82.02,83.9,86.48,81.2,True,False,True,True,False,True,0.13877464036475531,12.3628746,0.13439265214226628,False,-0.02866218286816052,False,31.62,True,1.24019454032005,12.0,-1.1,0,False,▁▁▂▁▄▅▄▆▅▅▅▄▆▆▄▆▇█▄▆,False,False,False,3,0.003302752293578015,0.2841709722874588,0.053801413296440725,0.31617955811989384,FLAT,True,91,39.0,IGNORE,NONE,,NEUTRAL,C,WAIT,RS leader,Process Industries,26.7
LOTUSDEV,176.54,176.54,186.3,176.54,True,False,True,True,False,False,1.1333134525205972,107.95029081199999,1.1149154892872097,False,0.3366873668543312,False,44.79,False,0.9765829408686552,41.0,-0.25,0,False,▆▅▅▅▅▁▃▁▂▃▃▃▅▅▂▃▄▃█▄,False,False,False,9,0.22206839263463918,0.27364548012408907,0.2725670536375019,0.3056540659565241,FLAT,True,90,39.0,IGNORE,NONE,,NEUTRAL,C,WAIT,"CMF positive, RS leader",Finance,27.7
IOLCP,196.29,203.4,204.0,195.5,True,False,True,True,False,True,0.3634659203449772,30.670744338,0.35630350616299283,False,-0.019409198438519817,False,39.7,True,1.2754200533299067,41.0,-0.12,0,False,▆▅▇▃▃▃▄▃▄██▁▄▅▆▆▅▃▁▇,False,False,False,5,0.013423511797201693,0.2628836132020844,0.0639221728000644,0.29489219903451946,FLAT,True,90,39.0,IGNORE,NONE,,NEUTRAL,C,WAIT,RS leader,Process Industries,26.7
TCPLPACK,3987.8,4106.8,4106.8,3965.0,True,True,True,True,False,True,0.7062340068825554,2.55338834,0.7169203024369145,False,-0.06481101176707844,False,52.4,True,1.1669988753159695,42.0,-0.18,0,True,▁█▄▅▅▃▅▇▅▅▅▅▄▅▃▆▃▆▂▆,False,False,False,0,0.02039354161868956,0.26850526449724854,0.07089220262155227,0.3005138503296836,FLAT,True,90,39.0,IGNORE,NONE,,NEUTRAL,C,WAIT,RS leader,Commercial Services,27.2
KROSS,260.23,267.0,271.79,258.3,True,True,True,True,False,True,0.32109352559826154,13.505312448000002,0.3368463136219641,False,0.2870561022021987,False,33.74,False,0.8584477209408832,30.0,-0.48,0,False,▅▇▇▆▇█▇▆▁▄▄▅▄▄▂▄▂▃▄▄,False,False,False,9,0.2234027549245452,0.24918394777265762,0.2739014159274079,0.28119253360509266,FLAT,True,89,39.0,IGNORE,NONE,,NEUTRAL,C,WAIT,CMF positive,Producer Manufacturing,27.6
AETHER,1739.2,1768.0,1785.2,1705.0,True,True,True,True,False,True,1.2288105169782217,55.3639536,1.2715729008446919,False,0.14911329068538098,False,34.25,False,0.7581459181866478,10.0,-1.09,0,False,▅▄▇▅▇▆▆▅▅▇▇▂▅▆▅█▇▅▁▃,False,False,False,4,0.02832140956660556,0.1989521577278368,0.07882007056946827,0.23096074356027185,FLAT,True,85,39.0,IGNORE,NONE,,NEUTRAL,C,WAIT,CMF positive,Process Industries,26.7
TARSONS,338.0,332.75,345.0,325.05,False,True,True,True,False,True,0.41588028201380656,5.7345756,0.416664761269737,False,0.25980429312605774,False,32.33,False,0.7876816625857301,11.0,-1.12,0,True,▇▆▆▆▆█▇▇▄▆▆▇▇▄▁▄▇█▅▅,False,False,False,0,0.019146690788481857,0.2013506308867956,0.06964535179134457,0.23335921671923066,FLAT,True,85,39.0,IGNORE,NONE,,NEUTRAL,C,WAIT,CMF positive,Process Industries,26.7
GNA,594.7,617.65,622.95,581.35,True,True,True,True,False,True,0.6357598743636428,32.06063382000001,0.637803497868346,False,0.13486305639498566,False,42.35,False,0.959360275462124,21.0,-0.66,0,False,▆█▆▆▇▇▇▇█▇▇▆▇▄▄█▄▁▄▆,False,False,False,3,0.10160229693433376,0.17066929133858277,0.15210095793719647,0.20267787717101782,FLAT,True,83,39.0,IGNORE,NONE,,NEUTRAL,C,WAIT,CMF positive,Producer Manufacturing,27.6
CRAFTSMAN,10534.0,10735.0,10762.0,10402.0,True,False,False,True,False,True,0.7598493513396839,52.101164,0.716151081425388,False,-0.004930260755497503,False,63.4,True,1.3137990343369874,92.0,1.31,0,True,▇▁▇▆▅▆▄▅▃▆▆▅▅█▅█▅▆▆▇,False,False,False,7,-0.059338304237174566,0.12141374354606915,-0.008839643234311856,0.1534223293785042,FLAT,True,78,39.0,IGNORE,SEED,,NEUTRAL,C,WAIT,Delivery P92,Producer Manufacturing,27.6
BIRLANU,1441.0,1438.8,1511.9,1408.1,False,True,True,False,False,False,2.7890289258913668,3.0580902,2.8277035665568313,True,-0.11274224175464213,False,56.0,True,1.007257651111131,42.0,-0.12,0,True,▅▃▃▅▄▂▇▆▁▇▇▄▇▆▅█▆▅▆▅,False,False,False,0,0.0003471017007983246,0.11740074441687343,0.050845762703661035,0.14940933024930847,FLAT,True,78,39.0,IGNORE,NONE,,NEUTRAL,C,WAIT,No standout factor,Non-Energy Minerals,33.3
HINDOILEXP,172.98,174.55,177.59,171.02,True,False,True,True,False,True,0.17245984601843656,8.43787791,0.16197649361354766,False,0.21608652926119484,False,35.68,False,0.9664400444215716,26.0,-0.74,0,False,▇▄▆▁▅▅▅▅▆▆▆▆▆▇██▆▇█▆,False,False,False,5,0.06738245094409478,0.0681733975546499,0.1178811119469575,0.10018198338708495,UP,True,71,39.0,IGNORE,NONE,,NEUTRAL,C,WAIT,CMF positive,Energy Minerals,27.5
INDNIPPON,1290.6,1325.0,1327.0,1279.5,True,True,True,True,False,True,0.1458908883654812,5.371606259999999,0.1415932852816072,False,-0.1642755467800122,False,42.35,True,1.0334183331096498,25.0,-0.55,0,False,█▆██▇█▅▁▁▃▃▇▅▅▆▅▆▆▅▆,False,False,False,4,0.22844089091947462,0.0671407309409624,0.2789395519223373,0.09914931677339744,UP,True,71,39.0,IGNORE,NONE,,NEUTRAL,C,WAIT,No standout factor,Producer Manufacturing,27.6
LLOYDSENGG,95.97,98.68,99.35,95.1,True,True,True,True,False,True,2.177822405712831,182.326771473,2.320833847925572,False,0.17572265408519194,False,33.68,False,0.7944707852711532,26.0,-0.62,0,False,▆▆▅▅▅▆▆█▆▅▅▄▄▅█▄▅▄▁▃,False,False,True,1,0.11024988431281812,0.05798699151140996,0.16074854531568084,0.089995577343845,UP,True,70,39.0,IGNORE,NONE,,NEUTRAL,C,WAIT,CMF positive,Industrial Services,34.5
TALBROAUTO,437.85,457.35,463.8,426.6,True,False,True,True,False,True,1.3688572637728997,21.477067920000003,1.33738144083185,False,0.15472484628883035,False,40.04,False,0.9090599493705374,16.0,-0.83,0,False,█▆▇▆█▁▆█▆▆▆▅▅▂▅▄▅▅▄▅,False,False,False,3,0.06429265921244531,0.0511343176089305,0.11479132021530802,0.08314290344136555,UP,True,69,39.0,IGNORE,NONE,,NEUTRAL,C,WAIT,CMF positive,Producer Manufacturing,27.6
ASAHIINDIA,933.55,953.0,959.65,931.2,True,False,False,True,False,True,0.8340333434193044,10.691854795,0.8087270597880835,False,-0.14438199662901693,False,67.87,True,1.380860825423953,99.0,2.1,0,True,▆▇▃▄▅█▇▃▃▃▃▃▄▄█▄▆▁▂█,False,False,False,9,-0.01943175253400553,0.04910940046075174,0.03106690846885718,0.08111798629318678,FLAT,True,68,39.0,IGNORE,SEED,,NEUTRAL,C,WAIT,Delivery P99,Consumer Durables,24.3
RUBICON,1592.8,1676.3,1685.9,1575.1,True,False,False,True,False,True,0.8801240417185844,34.252686159999996,0.7956499482560843,False,-0.09331620120622451,False,60.69,True,1.1694317590612173,94.0,1.4,0,True,▅▄▂▆▁▂▁▅▆▇▇▄▆█▆▅█▅▄█,False,False,False,5,-0.12464277863266648,0.04445901639344263,-0.07414411762980377,0.07646760222587767,FLAT,True,67,39.0,IGNORE,SEED,,NEUTRAL,C,WAIT,Delivery P94,Health Technology,33.7
ARFIN,88.48,89.42,92.89,87.8,True,True,True,True,False,True,1.1272285328159666,12.605143936,1.1108142273016535,False,-0.0538423405997395,False,28.1,True,1.1817895068867628,53.0,-0.03,0,True,▂▁▁▂▁▇██▅▆▆▂▅▆▂▄▄▂▂▄,False,False,False,0,0.014329932362719289,0.028598000465008155,0.064828593365582,0.0606065862974432,UP,True,64,39.0,IGNORE,NONE,,NEUTRAL,C,WAIT,No standout factor,Non-Energy Minerals,33.3
GRPLTD,1950.4,1999.6,1999.6,1945.0,True,False,False,True,False,True,0.47671952328047673,0.18411776000000002,0.46025816560059046,False,0.5074587187823585,False,85.06,True,1.1406120095475636,95.0,1.61,0,True,▇▆▃▁▆▆▅▄▄▇▇▂▅▇█▇▅▅▆▇,False,False,False,0,-0.0076825235309081474,0.02858348275498357,0.04281613747195456,0.06059206858741861,FLAT,True,64,39.0,IGNORE,SEED,,NEUTRAL,C,WAIT,"Delivery P95, CMF positive",Producer Manufacturing,27.6
APLLTD,854.35,870.0,870.0,843.65,True,True,True,True,False,True,1.0727783692603,18.08231775,1.100460673657029,False,-0.086663458357032,False,58.11,True,1.1699803694568882,84.0,0.88,0,False,▇▅▄▆▅▅▇▅▄▄▄▅▁▄▃▅▆█▇▆,False,False,False,8,0.023296203138100324,0.013884768290512106,0.07379486414096303,0.04589335412294715,UP,True,61,39.0,IGNORE,NONE,,NEUTRAL,C,WAIT,No standout factor,Health Technology,33.7
INDHOTEL,726.0,726.1,731.25,721.95,True,False,True,True,False,True,0.8364436999271428,110.966922,0.8360333888028407,False,0.07281779044635135,False,67.18,True,1.1586354385843882,86.0,1.08,0,False,█▂▄▄▆▄▇█▅▄▄▇▆▅▁▂▆▅▇█,False,False,False,2,0.010438413361169019,-0.0074509535853442,0.06093707436403173,0.024557632247090844,UP,True,57,39.0,IGNORE,SEED,,NEUTRAL,C,WAIT,CMF positive,Consumer Services,25.2
SIGNATURE,780.35,805.0,828.0,761.25,True,True,False,False,False,False,6.566199141159122,128.372647275,6.628169468610825,False,-0.24490840999959804,False,8.45,True,1.0054137664346479,26.0,-0.6,0,True,▄▁▂▇▅▃▄▂▄▄▄▃▃▇▄▄▁▃█▄,False,False,False,0,0.013573191323548617,-0.0237693125664602,0.06407185232641133,0.008239273265974845,UP,True,53,39.0,IGNORE,DISTRIBUTION,,NEUTRAL,C,WAIT,No standout factor,Finance,27.7
GNRL,98.02,101.3,119.4,96.72,True,False,False,False,False,False,3.8167170344717296,15.966360175999998,3.5235969993080714,False,0.1111468357861698,False,65.0,True,1.1285995815500014,63.0,0.39,0,False,▄▄█▆█▃▁▂▃▆▆▄▅▃▇▇██▃▆,False,False,False,1,0.011558307533539702,-0.02950495049504953,0.06205696853640241,0.0025036353373855125,UP,True,51,39.0,IGNORE,NONE,,NEUTRAL,C,WAIT,CMF positive,Energy Minerals,27.5
SWARAJENG,3552.5,3526.0,3596.7,3506.0,False,False,False,False,False,False,1.5209060820453648,4.4484405,1.5095388567072716,True,-0.10933613591144979,True,62.59,True,1.0406258053253306,85.0,0.75,0,False,▁█▃▅▄▃▅▅▇▅▅▆▄▅▄▆▅▅▄▅,False,True,False,0,-0.004706805255932589,-0.033622589156987015,0.04579185574693012,-0.0016140033245519714,UP,False,51,39.0,IGNORE,SEED,,NEUTRAL,C,WAIT,No standout factor,Producer Manufacturing,27.6
JSFB,499.2,537.0,541.1,496.2,True,False,False,True,False,True,1.8118761584092582,71.98508928,1.7114777431424688,False,0.045962049747620325,False,47.54,True,1.0115969784019576,23.0,-0.71,0,False,▅█▃▅▄▆▃▆▇▂▂▄▅▆▆▆██▁▅,False,False,False,0,-0.07125581395348835,-0.060948081264108445,-0.020757152950625635,-0.0289394954316734,UP,False,43,39.0,IGNORE,NONE,,NEUTRAL,C,WAIT,CMF positive,Finance,27.7
VBL,435.0,428.3,436.6,428.3,False,True,False,False,False,False,0.8671560776521045,231.4530165,0.9098017745701695,False,0.07596541105091434,True,63.24,True,1.0885431010740843,84.0,1.03,0,True,█▂▃▇▅▇█▅▂▄▄▅▁█▂▃▅▅▅▆,False,False,False,0,0.0388059701492538,-0.06762404886936024,0.08930463115211651,-0.0356154630369252,UP,False,40,39.0,IGNORE,NONE,,NEUTRAL,C,WAIT,CMF positive,Consumer Non-Durables,29.3
GROWW,190.2,192.0,192.23,189.2,True,False,False,True,False,True,0.2879512967858983,301.96174823999996,0.28267646749232883,False,-0.1770557379561486,True,59.08,True,1.0585537160467282,96.0,1.66,0,True,▆▄▁▂▂▂▄▄▃▃▃█▂▅▁▃▂▂▃▄,False,False,False,0,-0.0345667732602406,-0.06979018926981961,0.01593188774262211,-0.03778160343738457,UP,False,39,39.0,IGNORE,SEED,,NEUTRAL,C,WAIT,Delivery P96,Miscellaneous,22.2
EXICOM,156.07,162.35,162.88,155.05,True,False,False,True,False,False,0.3946397664103159,9.831333117,0.35466282869153326,False,0.06268403908777878,True,45.76,True,1.2785694328024588,75.0,0.69,0,False,▅▅▂▄▂▃▃▁▃▃▃▃▃▄▄▄▄▆█▆,False,False,False,5,-0.05976263630339185,-0.07222684579717042,-0.009263975300529137,-0.04021825996473538,UP,False,38,39.0,IGNORE,NONE,,NEUTRAL,C,WAIT,CMF positive,Producer Manufacturing,27.6
BHARATFORG,1957.0,1980.1,1994.5,1951.2,True,False,False,True,False,True,0.6348485021733555,114.0870333,0.6254710821765298,False,0.04886272031305365,False,61.34,True,1.1386988685409842,91.0,1.35,0,True,█▆█▄▄▆▆▂▃▁▁▄▂▁▄▄▄▅▅▅,False,False,False,0,-0.07026462064706163,-0.07675614473746273,-0.019765959644198916,-0.044747558905027685,UP,False,36,39.0,IGNORE,SEED,,NEUTRAL,C,WAIT,"Delivery P91, CMF positive",Producer Manufacturing,27.6
DIAMONDYD,1066.2,1060.0,1077.0,1038.1,True,False,False,False,False,True,1.7154004627705874,2.0907115800000002,1.6258136551257907,False,-0.038474597097739045,True,64.33,True,1.1306495127116782,65.0,0.38,0,False,▁▁▃█▅▃▂▅▅▃▃▃▅▆▄▅▁▃▃▅,False,True,False,0,-0.07052567343736371,-0.07744224279657352,-0.020027012434501,-0.04543365696413848,UP,False,36,39.0,IGNORE,NONE,,NEUTRAL,C,WAIT,No standout factor,Consumer Non-Durables,29.3
SIS,394.2,418.4,418.4,378.5,True,False,False,True,False,True,5.620978952140722,72.48001661999999,5.213684590126512,False,-0.32073170567592474,True,56.56,True,1.1481582980623815,38.0,-0.23,0,False,▇▃▅▆▂▃▁▄▄▅▅▃▇█▂▆▇▆▇▆,False,False,False,1,-0.0803685990901668,-0.09597523219814241,-0.029869938087304093,-0.06396664636570737,UP,False,30,39.0,IGNORE,NONE,,NEUTRAL,C,WAIT,No standout factor,Commercial Services,27.2
BHARATWIRE,166.35,163.99,171.5,162.6,False,False,False,False,False,False,2.123727839140548,4.688657925,2.040125655504258,True,-0.16765057586496024,True,36.8,False,0.743885182939155,17.0,-0.84,0,True,▆▅▁▄▅▅▇█▄▆▆▂█▅▆▇▅▇▆▃,False,True,False,0,-0.0845302955258379,-0.1713161303178241,-0.034031634522975196,-0.13930754448538907,UP,False,11,39.0,IGNORE,NONE,,NEUTRAL,C,WAIT,No standout factor,Producer Manufacturing,27.6
CUPID,264.5,270.1,272.5,261.4,True,False,True,True,False,True,0.7086102073515196,334.89812975,0.6957894366888077,False,0.038779894231833506,False,33.04,False,0.9585146504206556,54.0,0.12,0,True,▇▃▆▆█▇█▂▅▅▅▅▅█▃▁▁▃▃▄,False,False,False,0,-0.05690651073236819,0.2761132821923096,-0.006407849729505477,0.3081218680247446,FLAT,True,91,38.0,IGNORE,NONE,,NEUTRAL,C,WAIT,"CMF positive, RS leader",Consumer Non-Durables,29.3
RPTECH,883.95,893.0,893.0,866.2,True,True,True,True,False,True,0.8517181495254724,22.417590765,0.9051956755104562,False,0.16319384769640707,True,40.88,False,0.9002918020150857,17.0,-0.71,0,False,▂▂▆▅█▄▄▄▁▄▄▁▅▆▂▆▆▆▃▂,False,False,False,2,0.08313932116162248,0.16816439804413896,0.1336379821644852,0.200172983876574,FLAT,True,83,38.0,IGNORE,NONE,,NEUTRAL,C,WAIT,CMF positive,Distribution Services,36.7
MOTHERSON,165.5,162.6,166.22,160.72,False,True,True,True,False,True,1.194623237221759,229.49347125,1.2095863749867946,True,-0.02006316815716295,True,48.26,False,0.8699100528146799,49.0,-0.02,0,True,▅▁▃▃▄▄▃▄▅▅▅▄▃█▂▄▃▆▃▂,False,False,False,1,-0.003012048192771122,0.1521058127392969,0.04748661281009159,0.18411439857173195,FLAT,True,81,38.0,IGNORE,NONE,,NEUTRAL,C,WAIT,No standout factor,Producer Manufacturing,27.6
BALRAMCHIN,680.7,691.0,705.35,672.3,True,True,True,True,False,True,0.46128612529931995,132.81260226,0.4540056056337288,False,0.0722022398821824,True,17.35,False,0.9203511656897331,7.0,-1.68,0,False,▁▃▄▂▄▂▃▅▄▅▅▅▅██▇▅█▂▄,False,False,False,0,-0.018457101658255204,0.13440546621114913,0.032041559344607506,0.16641405204358417,FLAT,True,80,38.0,IGNORE,NONE,,NEUTRAL,C,WAIT,CMF positive,Process Industries,26.7
SHOPERSTOP,421.8,428.9,428.9,413.05,True,True,True,True,False,False,0.32282909957166095,5.2313745,0.33118792474735714,False,0.09144205775975667,True,14.43,False,0.3552787078983652,2.0,-2.36,0,False,▆▇█▆▅▆▄▆▄▅▅▃▁▅▅▅▄▇▁▂,False,False,False,0,0.09886674482219604,0.07519755289319408,0.14936540582505875,0.10720613872562912,UP,True,73,38.0,IGNORE,NONE,,NEUTRAL,C,WAIT,CMF positive,Retail Trade,28.0
CONCORDBIO,1392.7,1453.6,1453.6,1383.9,True,False,False,True,False,False,0.6724596190843221,15.3099511,0.6255757121361221,False,0.05711169365202876,True,53.91,True,1.1544268017173998,72.0,0.44,0,True,▆▄▅▅▅▃█▆▆▄▄▄▆▃▁▄▄▄▄▆,False,False,False,1,-0.036926906852914665,0.043220973782771566,0.013571754149948045,0.07522955961520661,FLAT,True,67,38.0,IGNORE,NONE,,NEUTRAL,C,WAIT,CMF positive,Commercial Services,27.2
ASHIANA,388.8,389.7,391.45,378.7,True,True,True,True,False,True,0.3556435684153529,1.21426128,0.3553395970062238,False,0.30967469358716054,True,40.81,False,0.77,13.0,-0.95,0,False,▆▅▄▆█▆▆▇▆▇▇▅▇▇▁▁▁▄▄▃,False,False,False,1,0.05968928863450551,0.04068522483940029,0.11018794963736822,0.07269381067183533,UP,True,67,38.0,IGNORE,NONE,,NEUTRAL,C,WAIT,CMF positive,Finance,27.7
MINDACORP,673.0,678.5,678.75,668.15,True,False,False,True,False,True,0.770045589769816,8.5324286,0.7429054591956116,False,0.04301140441353902,False,57.91,True,1.1409713328736084,92.0,1.12,0,True,▅▁█▂▅▆▁▃▃▃▃▆▃▅█▆▆▇▆▇,False,False,False,0,-0.05550487685074723,-0.004805914972273562,-0.005006215847884521,0.027202670860161482,FLAT,True,57,38.0,IGNORE,SEED,,NEUTRAL,C,WAIT,"Delivery P92, CMF positive",Producer Manufacturing,27.6
PNBHOUSING,1085.0,1086.0,1098.1,1065.4,True,False,False,True,False,True,1.078137603748735,107.2341305,1.0269124781956631,False,-0.045312622405863597,True,55.91,True,1.1060992739430628,80.0,0.83,0,True,▆▁▅█▄▆▅▆▆▅▅▆▅█▆▄▇▃▄▆,False,False,False,4,-0.05545399146861674,-0.012199563000728442,-0.0049553304657540265,0.019809022831706602,FLAT,True,56,38.0,IGNORE,NONE,,NEUTRAL,C,WAIT,No standout factor,Finance,27.7
MAHLIFE,363.1,355.0,363.95,348.1,False,True,False,True,False,True,1.4606810612856844,4.74738726,1.4741268232748788,True,0.08176574306250042,True,50.17,False,0.9782206017119348,34.0,-0.31,0,False,▇█▄▄▃▅▆▂▅▄▄▃▁▅▃▅▃▃▆▄,False,False,False,0,-0.006973882127717657,-0.02706323687031076,0.043524778875145054,0.004945348962124285,UP,True,52,38.0,IGNORE,NONE,,NEUTRAL,C,WAIT,CMF positive,Finance,27.7
ORIENTHOT,138.03,142.11,142.11,137.5,True,False,True,True,False,True,0.9706232553011027,9.258693522,0.9506638549458089,False,-0.002319438633124226,False,68.68,True,1.351077537450697,92.0,1.33,0,True,▂▃▃▂▃▅▃▇▂▆▆▃▃▃▂▁▆▅▇█,False,False,False,0,-0.0071212775140268025,-0.03932349665924284,0.04337738348883591,-0.007314910826807797,UP,False,49,38.0,IGNORE,SEED,,NEUTRAL,C,WAIT,Delivery P92,Consumer Services,25.2
KAJARIACER,1189.5,1213.0,1217.7,1185.6,True,False,False,True,False,True,0.5694466087253753,13.4751318,0.5487705557757737,False,0.06169223058268063,False,58.65,True,1.042518397383483,60.0,0.16,0,False,▄▃▂▂▅▅▅▆▁▆▆▄█▆█▆▄▇▇▆,False,False,False,4,-0.044424807197943394,-0.04242473031717919,0.006073853804919316,-0.01041614448474415,UP,False,48,38.0,IGNORE,NONE,,NEUTRAL,C,WAIT,CMF positive,Producer Manufacturing,27.6
IREDA,114.82,113.26,117.39,111.81,False,True,False,False,True,False,4.673642517467085,196.08764406,4.776479582328933,True,-0.06416724247845443,False,16.95,False,0.4565964037982355,1.0,-2.37,0,True,▄▄▅▄▅▅▆▄▃▄▄▅▅█▆▅▅▄▂▁,False,False,False,0,-0.01442060085836916,-0.05753919395879503,0.03607806014449355,-0.025530608126359988,UP,False,43,38.0,IGNORE,NONE,,NEUTRAL,C,WAIT,No standout factor,Finance,27.7
DHANUKA,954.4,964.35,968.9,951.0,True,False,False,False,False,False,1.5066817051187802,2.85585112,1.4592474434103464,False,0.08728528388064814,False,69.12,True,1.246910684971046,97.0,1.6,0,True,▅▃▃▄▃▂▆▄▃▃▃▁█▃▂▄▂▄▅▆,False,False,False,0,-0.022231328757299496,-0.058219853956976486,0.028267332245563215,-0.026211268124541443,UP,False,43,38.0,IGNORE,SEED,,NEUTRAL,C,WAIT,"Delivery P97, CMF positive",Process Industries,26.7
VENUSREM,1629.2,1699.0,1732.9,1621.0,True,True,True,True,False,False,1.582108962548962,6.65951792,1.5896555952270242,False,-0.14517985745134,False,53.37,False,0.8064857350096711,43.0,-0.24,0,True,▃████▅█▄▄▂▁▂▃▂▂▃▃▂▄▃,False,False,False,0,0.0015368537529969473,-0.07954802259887006,0.05203551475585966,-0.04753943676643502,UP,False,35,38.0,IGNORE,DISTRIBUTION,,NEUTRAL,C,WAIT,No standout factor,Health Technology,33.7
ABB,7027.0,7111.0,7201.5,7025.0,True,False,False,True,False,True,0.4353951589595778,54.9420049,0.41835699538616006,False,0.015922349177019502,True,52.76,True,1.083578932235241,82.0,0.78,0,True,▆▃▄█▆▄▅▆▅▄▄▂▄▆▃▂▃▃▁▅,False,False,False,1,-0.06181575433911879,-0.0835343984349527,-0.011317093336256079,-0.05152581260251765,UP,False,34,38.0,IGNORE,NONE,,NEUTRAL,C,WAIT,CMF positive,Producer Manufacturing,27.6
SENCO,318.3,331.1,331.1,310.15,True,False,False,False,False,False,4.126329129851803,84.23497566,3.7631219051000047,False,-0.06953970576356754,False,57.27,True,1.3553906776953388,91.0,1.42,0,True,▃▁▄▄▁▃▂▂▃▆▆▄▅▁▅▄▅▆▃█,False,False,False,0,-0.08691910499139421,-0.13032786885245895,-0.0364204439885315,-0.0983192830200239,UP,False,19,38.0,IGNORE,DISTRIBUTION,,NEUTRAL,C,WAIT,Delivery P91,Consumer Durables,24.3
CERA,5196.0,5300.0,5323.0,5165.0,True,False,False,False,False,False,4.198793849262732,13.8192816,3.8898714077052485,False,-0.369549788222392,False,62.93,True,1.1876385940080207,90.0,1.1,0,True,▄▄▇▄▁▅▃▆▄▅▅▄▆▄▇▅▅▅█▆,False,False,False,0,-0.09327283832126343,-0.15963124696749154,-0.04277417731840072,-0.1276226611350565,UP,False,13,38.0,IGNORE,DISTRIBUTION,,NEUTRAL,C,WAIT,Delivery P90,Consumer Durables,24.3
DELHIVERY,407.5,421.3,421.9,405.05,True,False,False,False,False,False,2.0510047144432275,182.47780725,1.912895170559444,False,-0.1175940016076355,False,61.65,True,1.0473650232747782,90.0,1.21,0,True,█▂▄▄▆▂▅▂▃▁▁▆▄▆▅▆▇▅▄▅,False,False,False,0,-0.10675142481367816,-0.16298654616411634,-0.056252763810815454,-0.1309779603316813,UP,False,12,38.0,IGNORE,DISTRIBUTION,,NEUTRAL,C,WAIT,Delivery P90,Transportation,31.9
GOKEX,671.85,686.45,689.3,666.8,True,False,False,False,False,False,2.616690924912906,42.141992805,2.3721701067985275,False,-0.22856494356823442,False,78.19,True,1.7082682455239615,99.0,3.34,1,False,▁▃▄▃▄▃▂▂▄▃▃▃▄▃▅▂▂▃▃█,False,False,False,0,-0.1396465616596234,-0.20524043295676342,-0.0891479006567607,-0.17323184712432838,UP,False,7,38.0,IGNORE,DISTRIBUTION,DEL78% ▁▃▄▃▄▃▂▂▄▃▃▃▄▃▅▂▂▃▃█ P99 Z+3.3,NEUTRAL,C,WAIT,Delivery P99,Consumer Non-Durables,29.3
VAIBHAVGBL,199.72,204.5,205.81,198.35,True,False,False,False,False,False,1.6295812631142217,6.220618924,1.5279204964920825,False,-0.3382831028768435,False,59.14,True,1.1483272169472438,94.0,1.43,0,True,▆▄▅▄▁▅▄▆▃▆▆▆▅▅▆▆▆█▆▇,False,False,False,0,-0.08845276129621171,-0.21647704982346017,-0.037954100293349,-0.18446846399102512,UP,False,5,38.0,IGNORE,DISTRIBUTION,,NEUTRAL,C,WAIT,Delivery P94,Consumer Durables,24.3
INNOVACAP,1271.2,1290.2,1308.2,1260.3,True,True,True,True,False,True,0.5117389483592547,7.7126246400000005,0.5497793875205894,False,-0.023506252992976536,False,38.14,False,0.879450285925106,12.0,-0.99,0,False,▆▃▂▂▁▄▄▅▇▇▇▄▆█▃▆▁▄▇▃,False,False,False,12,0.17911139968463052,0.30613922424865136,0.22961006068749323,0.3381478100810864,FLAT,True,92,37.0,IGNORE,NONE,,NEUTRAL,C,WAIT,RS leader,Health Technology,33.7
ONEPOINT,69.43,71.1,71.95,68.61,True,True,True,True,False,True,0.8380731282646546,17.773045493,0.9062994828344039,False,-0.012370609065380744,False,37.44,False,0.8692018386961973,18.0,-0.88,0,False,▅▁▂▃▃▄▆▄▅▅▅▃▅▆█▃▃▃▄▃,False,False,False,7,0.2674333698430085,0.28932219127205205,0.3179320308458712,0.3213307771044871,FLAT,True,91,37.0,IGNORE,NONE,,NEUTRAL,C,WAIT,RS leader,Commercial Services,27.2
AVTNPL,86.61,92.5,92.6,86.02,True,False,True,True,False,True,0.8342362357788641,4.275909717,0.7669505326226282,False,0.0854312804075823,False,49.81,True,1.028282411230388,20.0,-0.72,0,False,▇▇▇▃▇█▇▅▇██▅▆█▃▁▄▆▅▆,False,False,False,5,-0.0592005213990876,0.24332472006890615,-0.008701860396224892,0.2753333059013412,FLAT,True,88,37.0,IGNORE,NONE,,NEUTRAL,C,WAIT,CMF positive,Consumer Non-Durables,29.3
RACLGEAR,1613.1,1696.0,1696.0,1601.2,True,False,True,True,False,True,0.24543052992222056,4.73428719,0.22763801620102975,False,0.14065763120931618,False,48.67,True,1.279409058647249,60.0,0.39,0,False,▇▅▇▇▆▇▇▅▅▁▁▄▄▆▇▅▆▆█▇,False,False,False,11,0.050332074488865786,0.21780160048316466,0.1008307354917285,0.2498101863155997,FLAT,True,87,37.0,IGNORE,NONE,,NEUTRAL,C,WAIT,CMF positive,Producer Manufacturing,27.6
INDGN,613.3,614.9,620.0,600.05,False,True,True,True,True,True,1.1712438586216178,45.668096569999996,1.1923935149514222,True,-0.10288399082222237,False,45.77,False,0.8754530761359182,9.0,-1.22,0,False,▄▆▆▇█▆▆▇▅▆▆▆▆▇▇▅▆▃▁▅,False,False,False,3,0.002697621188588295,0.20467491651934777,0.053196282191451005,0.23668350235178282,FLAT,True,86,37.0,IGNORE,NONE,,NEUTRAL,C,WAIT,No standout factor,Health Technology,33.7
SUPRIYA,984.75,982.05,1007.55,965.3,True,True,True,True,False,True,1.2660234264787487,43.4404737,1.3651544512958305,False,0.32572446815105005,False,38.4,False,0.9413379746525139,18.0,-0.79,0,False,▇█▁▆▇▂▅▅▄▅▅▅▆▅▆▃▁▆▄▄,False,False,False,1,0.23355881247651267,0.1761017556431388,0.2840574734793754,0.20811034147557383,UP,True,83,37.0,IGNORE,NONE,,NEUTRAL,C,WAIT,CMF positive,Health Technology,33.7
KSHINTL,988.0,1042.85,1046.7,975.6,True,False,True,True,False,False,1.0605579747765368,31.7783284,0.9738417677774068,False,0.16339888386270338,False,45.97,True,1.0562474151004089,62.0,0.28,0,False,█▇▇▇▂▁▂▄▃▃▃▂▄▂█▆▄▅▃▅,False,False,False,5,0.029166666666666563,0.14226255852939462,0.07966532766952927,0.17427114436182967,FLAT,True,80,37.0,IGNORE,NONE,,NEUTRAL,C,WAIT,CMF positive,Producer Manufacturing,27.6
PNB,116.25,117.12,118.01,116.23,True,False,True,True,False,True,0.6134225305097937,92.892317625,0.6127910296577944,False,-0.09334724011762598,False,51.22,True,1.0588660912708667,87.0,1.14,0,True,█▄▄▅▆▆▇▆▄▄▄▅▁█▄▅▆▄▅▆,False,False,False,3,0.007365684575389997,0.1048279794715834,0.05786434557825271,0.13683656530401844,FLAT,True,76,37.0,IGNORE,SEED,,NEUTRAL,C,WAIT,No standout factor,Finance,27.7
VISHNU,691.95,687.25,695.0,683.0,True,False,True,True,False,True,0.26817963559864955,2.9603004900000003,0.26446835675821195,False,0.03896870549927095,True,53.7,True,1.0937086295036558,52.0,0.07,0,False,▆▄▅▆▂▃▁▄▄▅▅▄▅▄▅▄▆█▇▆,False,False,False,10,0.06102890439316111,0.08100296828620523,0.11152756539602382,0.11301155411864028,FLAT,True,74,37.0,IGNORE,NONE,,NEUTRAL,C,WAIT,CMF positive,Process Industries,26.7
TITAN,4871.5,4855.0,4880.0,4821.5,False,False,False,True,False,True,0.5885185093840494,173.7868653,0.5766331059900899,False,0.03311999185498479,True,65.51,True,1.1416472064410441,87.0,1.02,0,True,█▁▆▂▄▆▅▆▅▄▄▆▅▇▃▄▆▄▃▆,False,False,False,2,-0.05210826377133071,0.053115136841195065,-0.0016096027684679992,0.08512372267363011,FLAT,True,69,37.0,IGNORE,SEED,,NEUTRAL,C,WAIT,CMF positive,Consumer Durables,24.3
SUPREMEIND,3499.8,3560.6,3560.7,3460.0,True,True,True,False,False,False,1.1414970336015493,69.47907954000001,1.136466247725294,False,0.03273974807904731,True,52.44,True,1.0977486105441643,56.0,0.18,0,True,█▂▄▅▅▁▄▃▄▃▃▄▃▂▃▆▄▂▂▄,False,False,False,2,-0.01663388592301207,0.018360636657258622,0.03386477507985064,0.050369222489693666,FLAT,True,62,37.0,IGNORE,NONE,,NEUTRAL,C,WAIT,CMF positive,Producer Manufacturing,27.6
CORONA,2060.0,2120.0,2121.0,2044.8,True,False,False,True,False,True,0.30840995047699604,3.54526,0.2902999292344526,False,0.21664702625405394,False,53.45,True,1.0685832525315127,74.0,0.53,0,False,▆█▃▅▃▅▅▁▃▄▄▄▃▅▄▅▅█▄▅,False,False,False,6,-0.011990407673860948,0.0,0.03850825332900176,0.032008585832435044,UP,True,59,37.0,IGNORE,NONE,,NEUTRAL,C,WAIT,CMF positive,Health Technology,33.7
POWERICA,563.5,584.55,594.25,555.0,True,True,True,True,False,True,0.8778091166622473,8.01201205,0.8988776908994867,False,0.16202878302436405,False,49.89,False,0.983325449385052,46.0,-0.23,0,False,▅▇█▇▄▄▆▅▄▆▆▂▅█▄▁▄▄▄▅,False,False,False,1,0.08783783783783794,-0.012875536480686733,0.13833649884070065,0.01913304935174831,UP,True,55,37.0,IGNORE,NONE,,NEUTRAL,C,WAIT,CMF positive,Producer Manufacturing,27.6
SAIPARENT,509.05,507.6,518.0,492.1,False,False,False,True,False,False,1.7203485827794056,4.862801935,1.6976909458050005,True,-0.14609599036445373,True,47.35,False,0.8556275354855031,28.0,-0.6,0,False,▄▄▆▆▆▆▄▄▃▅▅▄██▅▆▅▁▇▃,False,True,False,0,-0.029919009051929457,-0.08328831262380687,0.020579651950933253,-0.05127972679137183,UP,False,34,37.0,IGNORE,NONE,,NEUTRAL,C,WAIT,No standout factor,Health Technology,33.7
FIRSTCRY,184.72,181.8,195.3,178.19,False,True,False,False,True,False,5.251909663399859,710.3550573279999,5.539810577051312,True,-0.20616188784964162,True,9.46,False,0.27229682080508905,3.0,-2.16,0,False,▇▇▆▂▄▇▇▆▅██▂▅▃▆▂▆▇▅▁,False,False,False,0,0.012663779398059294,-0.12388541073800041,0.063162440400922,-0.09187682490556537,UP,False,22,37.0,IGNORE,NONE,,NEUTRAL,C,WAIT,No standout factor,Retail Trade,28.0
FORTIS,830.75,831.0,840.2,817.25,True,False,False,False,False,False,2.4752624209565353,216.70097135,2.308496749989233,False,-0.15836451458964296,True,57.87,True,1.0750910306903472,56.0,0.28,0,True,▇▃▅▅▃▃▅▁▄▂▂▄▂█▃▄▅▄▂▄,False,False,False,0,-0.08396736134083138,-0.12662952060555088,-0.03346870033796867,-0.09462093477311584,UP,False,21,37.0,IGNORE,NONE,,NEUTRAL,C,WAIT,No standout factor,Health Services,24.1
TANLA,497.3,493.5,510.5,489.3,False,False,False,False,False,False,1.950358996481776,35.793266960000004,1.9139628419120303,True,-0.21248953694057934,True,27.02,False,0.6411731903230782,8.0,-1.37,0,False,█▄▇▅▄▅▇▄▆▆▆▂▄█▄█▃▇▅▁,False,True,False,0,-0.061963595208903044,-0.1319602024786175,-0.011464934206040334,-0.09995161664618246,UP,False,19,37.0,IGNORE,NONE,,NEUTRAL,C,WAIT,No standout factor,Technology Services,25.7
RCF,109.95,109.51,110.8,106.7,False,False,False,False,False,False,1.8004432910674977,24.833537895000003,1.768620235480946,True,-0.14362998834975566,True,34.31,False,0.833444669816477,40.0,-0.14,0,False,█▄▄▄▅▅▄▆▁▅▅▄▃▄▃▅▄▄▃▃,False,True,False,0,-0.03144820295983086,-0.13581702428672482,0.019050458043031848,-0.10380843845428978,UP,False,18,37.0,IGNORE,NONE,,NEUTRAL,C,WAIT,No standout factor,Process Industries,26.7
KALAMANDIR,78.14,76.2,79.64,76.2,False,False,False,False,False,False,1.7711564693780488,5.405240732,1.7073353312458919,True,-0.22775120343976585,True,37.04,False,0.6526929752685046,17.0,-0.96,0,False,▄▅▇▆▅▆▄█▆▆▆▅▇▃▅▇▁▅█▁,False,True,False,0,-0.08970177073625352,-0.14395267309377735,-0.039203109733390806,-0.1119440872613423,UP,False,16,37.0,IGNORE,NONE,,NEUTRAL,C,WAIT,No standout factor,Retail Trade,28.0
AYMSYNTEX,291.15,290.0,297.5,285.95,True,True,True,True,False,True,0.2332715198809886,1.5166294649999998,0.23258855824594502,False,0.028474106721778233,False,56.16,True,1.0701219512195121,55.0,0.1,0,False,▂▂▁▄▄▇▄▇███▄▅▆▅▅▄▆▄▅,False,False,False,5,0.038152968443572854,0.20924533787431976,0.08865162944643556,0.2412539237067548,FLAT,True,86,36.0,IGNORE,NONE,,NEUTRAL,C,WAIT,CMF positive,Process Industries,26.7
OMAXE,110.27,110.0,116.04,108.01,True,False,True,True,False,False,0.2257161287770968,12.473180023,0.19383498122043263,False,0.07838327042305163,True,36.33,True,1.3847385272145143,27.0,-0.49,0,False,▃▁▁▃▃▄▆▆▄▅▅▆▄▅█▄▅▆▃▆,False,False,False,2,-0.12149458253664758,0.19120665442367946,-0.07099592153378487,0.2232152402561145,FLAT,True,85,36.0,IGNORE,NONE,,NEUTRAL,C,WAIT,CMF positive,Finance,27.7
ALIVUS,1345.5,1368.9,1373.1,1337.5,True,False,True,True,False,True,0.40180811715173115,11.1611916,0.3849967628579286,False,-0.19956726133025077,True,57.66,True,1.108260054778723,73.0,0.39,0,True,▁▄▆▅▅▄▆▅▅▇▇▅▆▇█▆▅▅▆▆,False,False,False,2,-0.04282563847193577,0.18828932261768094,0.007673022530926943,0.220297908450116,FLAT,True,84,36.0,IGNORE,NONE,,NEUTRAL,C,WAIT,No standout factor,Health Technology,33.7
COFORGE,1773.0,1786.0,1786.0,1767.5,True,False,False,True,False,True,0.4753712522378684,195.5074689,0.45452417701084297,False,0.21126828698114794,True,48.13,False,0.9562599962250281,56.0,0.13,0,True,▄▆█▇▄▇▆▃▁▆▆▆▂▇▅▅▇▂▂▄,False,False,False,1,-0.10693597944894973,0.1761974260315775,-0.056437318446087015,0.20820601186401255,FLAT,True,83,36.0,IGNORE,NONE,,NEUTRAL,C,WAIT,CMF positive,Technology Services,25.7
AZAD,2723.2,2740.0,2798.0,2673.1,True,False,True,True,False,True,1.2221011429744941,119.596136,1.2040788334923138,False,-0.1741381866771888,True,43.43,True,1.1152626375460626,47.0,-0.15,0,True,▂▆▅▄▂▄▆▄▅▁▁▄▄▅▆▃█▄▆▆,False,False,False,1,-0.04843105737647646,0.16093277060152622,0.0020676036263862496,0.19294135643396126,FLAT,True,82,36.0,IGNORE,NONE,,NEUTRAL,C,WAIT,No standout factor,Producer Manufacturing,27.6
MSTCLTD,710.4,743.8,743.8,705.1,True,False,True,True,False,True,0.4459229162962182,10.0656576,0.42423217504977434,False,0.04388459837516671,False,46.96,True,1.0773607414884832,56.0,0.22,0,False,▅▇▇▄▇▅▃▅▇▁▁▄▂▃▂▆▅█▁▅,False,False,False,3,-0.054187192118226646,0.15540375701390574,-0.0036885311153639355,0.18741234284634078,FLAT,True,82,36.0,IGNORE,NONE,,NEUTRAL,C,WAIT,CMF positive,Retail Trade,28.0
GANDHAR,262.05,261.4,264.85,257.3,False,False,True,True,False,True,0.5842568831486233,11.727156780000001,0.5762171856457267,False,0.004044863714220246,False,47.2,True,1.0487490556814647,61.0,0.27,0,True,▆▁▄▅▆▇█▄▄▆▆▃▆█▅▆▇▇▆▆,False,False,False,0,0.01680117957473226,0.14773125437981793,0.06729984057759497,0.17973984021225298,FLAT,True,81,36.0,IGNORE,NONE,,NEUTRAL,C,WAIT,CMF positive,Process Industries,26.7
BEML,1995.1,2030.0,2035.0,1974.0,True,False,True,True,False,True,0.45110027244379974,42.717884139999995,0.43570214417608605,False,-0.02036983884119752,True,40.1,True,1.1603177129298745,67.0,0.47,0,False,▇▇▇▆▅▅▁▂████▃▂▆▅▅█▅█,False,False,False,8,0.030473632560301667,0.12685682010731436,0.08097229356316438,0.1588654059397494,FLAT,True,79,36.0,IGNORE,NONE,,NEUTRAL,C,WAIT,No standout factor,Producer Manufacturing,27.6
PARADEEP,155.7,155.5,157.07,153.4,False,True,True,True,False,False,0.6994972932839202,28.9781055,0.6963765243270827,False,-0.0970796864502818,True,43.9,True,1.112645892207677,77.0,0.72,0,True,▆▅▄▆▅█▁▆▇▆▆▇▃▆▇▄▃▄▅▇,False,False,False,0,-0.027118220444888763,0.12638356362584102,0.023380440557973947,0.15839214945827607,FLAT,True,79,36.0,IGNORE,NONE,,NEUTRAL,C,WAIT,No standout factor,Process Industries,26.7
KAYNES,3658.0,3623.8,3695.0,3589.0,False,True,True,False,True,False,0.9023168439676587,359.4544674,0.9304819921557888,False,-0.08284590956488136,True,27.68,True,1.0462457241131669,66.0,0.29,0,True,▆▃▂▅▄▃▆▇█▄▄▆▁▃▃▃▃▅▅▅,False,False,False,0,-0.007327001356852159,0.09889449651526072,0.04317165964601055,0.13090308234769577,FLAT,True,76,36.0,IGNORE,NONE,,NEUTRAL,C,WAIT,No standout factor,Electronic Technology,27.3
DATAPATTNS,4276.8,4418.8,4421.9,4261.1,True,False,False,True,False,True,0.5097673825544269,132.68301552,0.47170178505525506,False,0.13101533232267248,True,33.63,True,1.376614339221024,87.0,1.13,0,False,█▅▁▂▃▄▄▃▂▃▃▂▁▅▃▃▆▄▃▇,False,False,False,2,-0.05411920822735816,0.07169168316335495,-0.0036205472244954517,0.10370026899578999,FLAT,True,72,36.0,IGNORE,SEED,,NEUTRAL,C,WAIT,CMF positive,Electronic Technology,27.3
LGEINDIA,1656.5,1689.4,1693.9,1649.0,True,True,True,True,False,True,1.250477966034777,110.7019072,1.2415007218593668,False,0.039974821321033326,False,54.62,False,0.9281933197950565,36.0,-0.32,0,False,▁▃▂▁▃▃▅▅█▃▃▂▄▆▄▄▁▂▁▂,False,True,False,0,0.020452165342204287,0.05866939349396039,0.070950826345067,0.09067797932639543,FLAT,True,70,36.0,IGNORE,NONE,,NEUTRAL,C,WAIT,CMF positive,Consumer Durables,24.3
GARUDA,178.81,180.23,180.23,176.13,False,False,True,True,False,False,0.3259081177261078,6.453181376,0.3207356142247916,False,-0.40435069222866665,True,46.76,True,1.1234578282858618,89.0,1.13,0,True,▇▅▅█▆▇▁▃▄▄▄▄▆▆▄▆▅▇▆▆,False,False,False,0,0.04195559699318219,0.02481659789087587,0.0924542579960449,0.05682518372331091,UP,True,64,36.0,IGNORE,SEED,,NEUTRAL,C,WAIT,No standout factor,Industrial Services,34.5
CANHLIFE,147.78,150.7,150.99,146.01,True,False,False,True,False,True,0.5533116317655326,9.184275774,0.5313913193414462,False,0.28039196164988456,True,59.71,True,1.2033090495047511,78.0,0.65,0,False,▃▂▄▅▃█▂▅▂▂▂▂▄▆▆▆▃▁▁▆,False,False,False,2,-0.05354169335211978,-0.014800000000000035,-0.0030430323492570688,0.01720858583243501,FLAT,True,55,36.0,IGNORE,NONE,,NEUTRAL,C,WAIT,CMF positive,Finance,27.7
AEGISLOG,1308.1,1366.6,1366.6,1300.0,True,False,True,True,False,True,0.3946152808650099,48.91169034,0.381532450664545,False,0.13293464458592757,False,38.09,True,1.0525879459474399,39.0,-0.18,0,False,█▅▆█▅▇▄▁▄▂▂▁▃▇▅▄▅▄▄▅,False,False,False,2,0.03439822868891351,-0.05477274369535379,0.08489688969177622,-0.022764157862918744,UP,False,45,36.0,IGNORE,NONE,,NEUTRAL,C,WAIT,CMF positive,Distribution Services,36.7
YATRA,101.67,104.0,104.99,101.05,True,False,False,False,False,False,0.5356932228118076,7.224009345000001,0.48890037440954087,False,0.07158427721388944,False,51.59,True,1.1471582317886686,96.0,1.68,0,True,▄▁▄▆▅▃█▆▆▄▄▆▄▅▆▂▄▆▅▆,False,False,False,0,-0.04463446720541253,-0.06217138640346831,0.005864193797450179,-0.030162800571033266,UP,False,42,36.0,IGNORE,SEED,,NEUTRAL,C,WAIT,"Delivery P96, CMF positive",Consumer Services,25.2
CHOLAFIN,1660.5,1678.1,1681.9,1637.6,True,False,False,False,False,True,2.0641212066127888,476.2842039,1.9078760677086315,False,0.1375321389263756,False,59.1,False,0.9801726497002263,52.0,0.13,0,True,▇▁▇▆▇▆▆██▅▅▇▇██▇█▄▇▆,False,False,False,0,-0.11458888770395648,-0.0718797160583533,-0.06409022670109377,-0.03987113022591826,FLAT,False,38,36.0,IGNORE,NONE,,NEUTRAL,C,WAIT,CMF positive,Finance,27.7
DOMS,2046.5,2083.9,2088.6,2045.0,True,False,False,False,False,False,0.7886690875847533,6.35581505,0.7395377406332022,False,0.0769199904344006,False,74.68,True,1.344543866913923,96.0,2.19,0,True,▂▃█▁▃▂▄█▂▁▁▁▃▅▁▂▄▁▂▇,False,False,False,0,-0.0833146696528555,-0.09694643014738324,-0.03281600864999279,-0.0649378443149482,UP,False,30,36.0,IGNORE,SEED,,NEUTRAL,C,WAIT,"Delivery P96, CMF positive",Producer Manufacturing,27.6
MPSLTD,2631.7,2641.1,2688.6,2616.5,True,False,True,True,False,True,0.6983467413974987,2.28221024,0.6933301425829107,False,-0.13477516111205332,False,59.58,True,1.055484693877551,76.0,0.71,0,True,▄▁▆▅▅▃▄▄▄▆▆▃▃▅▆█▆▅▇▅,False,False,False,0,-0.01941277293389987,0.2765327900659682,0.03108588806896284,0.30854137589840325,FLAT,True,91,35.0,IGNORE,NONE,,NEUTRAL,C,WAIT,RS leader,Consumer Services,25.2
PNGSREVA,505.0,528.4,531.0,502.45,True,False,True,True,False,False,0.6880523108101633,5.873958,0.6662120045343117,False,-0.10433854970134847,False,53.89,True,1.149751445456679,67.0,0.29,0,True,▃▄▆▆█▂▃▃▇▅▅▂▃▃▅▂▅▃▁▆,False,False,False,0,-0.07228804996785165,0.26884422110552775,-0.021789388964988943,0.3008528069379628,FLAT,True,90,35.0,IGNORE,NONE,,NEUTRAL,C,WAIT,RS leader,Consumer Durables,24.3
EIMCOELECO,2268.9,2315.0,2325.0,2257.6,True,True,True,True,False,True,0.6657258510823332,3.82105449,0.6665888369151456,False,0.005136889872402918,True,44.88,False,0.9183642148988633,23.0,-0.52,0,False,▁▄▃▄█▅▆▄▅▇▇▃▂▅▅▄▃▄▄▃,False,False,False,10,0.03347909264826465,0.24507490533940635,0.08397775365112736,0.2770834911718414,FLAT,True,89,35.0,IGNORE,NONE,,NEUTRAL,C,WAIT,CMF positive,Producer Manufacturing,27.6
MARKSANS,331.55,335.4,341.0,329.0,True,True,True,True,False,True,0.8077649896768132,62.19705594,0.8084778839739486,False,-0.0054421925505670704,False,33.69,False,0.8691950464396283,16.0,-0.89,0,True,▆▆▁▄▃▄▂▄▃▆▆▅▅█▄▆▆▄▃▃,False,False,False,6,0.030939054726368154,0.2419928825622777,0.08143771572923086,0.27400146839471273,FLAT,True,88,35.0,IGNORE,NONE,,NEUTRAL,C,WAIT,No standout factor,Health Technology,33.7
ASHIKAG,425.1,454.8,461.0,422.4,True,False,True,True,False,True,0.7270617154751092,14.93219013,0.6754530038038408,False,0.1048807162254723,False,0.0,False,0.0,,,0,False,,False,False,False,10,0.06447977964191809,0.21822610689210498,0.1149784406447808,0.25023469272454,FLAT,True,87,35.0,IGNORE,NONE,,NEUTRAL,C,WAIT,CMF positive,Miscellaneous,22.2
CAPILLARY,576.35,602.6,604.75,572.9,True,True,True,True,False,False,0.3688376574340921,8.999762885,0.4073235017991118,False,0.24209076038416344,False,35.32,False,0.6836812713529417,45.0,-0.16,0,True,▄▄▅▅▅▅▄▃▅▄▄█▅▂▁▁▄▂▁▂,False,False,False,1,0.16670040485829962,0.1951270088128565,0.21719906586116233,0.22713559464529154,FLAT,True,85,35.0,IGNORE,NONE,,NEUTRAL,C,WAIT,CMF positive,Technology Services,25.7
AKUMS,799.95,819.55,825.0,798.0,True,True,True,True,False,True,0.47638864814252724,12.58657329,0.487241404690735,False,-0.1411775942502604,False,48.21,False,0.9036889855289796,30.0,-0.38,0,True,▄▅█▆▅▅▇▅▇▄▄▅▆█▁▅▅▇▅▄,False,False,False,11,0.029934337582077974,0.18239597960239462,0.08043299858494068,0.21440456543482966,FLAT,True,84,35.0,IGNORE,NONE,,NEUTRAL,C,WAIT,No standout factor,Health Technology,33.7
GHCLTEXTIL,134.83,138.16,139.37,133.61,True,True,True,True,False,True,0.8946941693847025,8.273896882,0.9046652576655942,False,-0.14903415452757637,False,52.25,True,1.0210961393771802,28.0,-0.57,0,False,▂▁▃▆▄▆█▅▇▅▅▄▆▅▇▂▅▃▅▅,False,False,False,3,0.0004452029383394951,0.1809582201979505,0.050943863941202205,0.21296680603038554,FLAT,True,84,35.0,IGNORE,NONE,,NEUTRAL,C,WAIT,No standout factor,Process Industries,26.7
NOVARTIND,1935.0,1965.0,2035.0,1922.0,True,False,True,True,False,False,0.15466000351188086,7.413759,0.13369221079772223,False,0.19859312786091082,False,33.41,False,0.8577663671373554,10.0,-1.38,0,False,▅▅▆██▄▁▂▁▁▁▄▃▄▅▄▃▅▄▃,False,False,False,3,0.24485331960885226,0.16014149529348276,0.29535198061171497,0.1921500811259178,UP,True,82,35.0,IGNORE,NONE,,NEUTRAL,C,WAIT,CMF positive,Health Technology,33.7
VIDHIING,354.0,349.0,358.35,340.0,False,True,True,True,False,True,0.5041784722580388,0.5363808,0.5095982570513412,False,0.11311115744709783,False,56.08,False,0.8746919549552359,25.0,-0.69,0,False,█▄▆▅▅▅▆▆▅▇▇▁▇▆▆█▇▇▆▄,False,False,False,5,-0.001551262163305589,0.15629593336599723,0.04894739883955712,0.18830451919843227,FLAT,True,82,35.0,IGNORE,NONE,,NEUTRAL,C,WAIT,CMF positive,Consumer Non-Durables,29.3
CARBORUNIV,1247.8,1274.1,1285.9,1237.2,True,True,True,True,False,True,0.39264361406445775,29.274885359999995,0.4066302731852157,False,-0.1414681168436154,False,48.89,True,1.1320012040102805,40.0,-0.29,0,False,▆▆█▅▅▅▆▅▆▇▇▇▇▆▁▄▅▁▃▆,False,False,False,5,0.12759804807518527,0.14771891096394407,0.17809670907804798,0.17972749679637912,FLAT,True,81,35.0,IGNORE,NONE,,NEUTRAL,C,WAIT,No standout factor,Process Industries,26.7
HEROMOTOCO,5412.0,5308.0,5425.0,5308.0,False,True,True,True,False,True,0.6009028899443335,188.1649572,0.6032347388532179,False,-0.16715930066395143,False,56.48,True,1.025948430106355,67.0,0.43,0,True,▇▁▁▅▆▄▆▃▇▄▄▃▅█▄▆▄▃▄▅,False,False,False,0,-0.05632083696599821,0.09353215736194453,-0.005822175963135501,0.12554074319437958,FLAT,True,75,35.0,IGNORE,NONE,,NEUTRAL,C,WAIT,No standout factor,Consumer Durables,24.3
SHARDAMOTR,945.1,950.0,978.0,936.0,True,True,True,True,False,False,0.8434091074740243,5.90564637,0.8453831872067483,False,0.11481664189809754,False,49.26,False,0.9542350719163155,31.0,-0.51,0,False,▆▂▆█▇▇▇▇▃▆▆▇▇▄▅▄▁▄▃▅,False,False,False,8,0.07044965454751395,0.09653092006033193,0.12094831555037666,0.12853950589276697,FLAT,True,75,35.0,IGNORE,NONE,,NEUTRAL,C,WAIT,CMF positive,Producer Manufacturing,27.6
RISHABH,713.5,717.3,733.25,701.1,False,False,True,True,False,True,0.4094646628939995,7.9158544,0.38186101813219614,False,0.17682906017313257,False,41.06,False,0.8975157655442255,23.0,-0.61,0,False,▄▄▁▅▄▃▄▂▅▄▄▅▅▇▄▆▅█▃▃,False,False,False,10,0.011411155999716538,0.08574906794491377,0.06190981700257925,0.11775765377734881,FLAT,True,74,35.0,IGNORE,NONE,,NEUTRAL,C,WAIT,CMF positive,Producer Manufacturing,27.6
HBLENGINE,785.65,813.4,829.9,782.2,True,True,True,True,False,False,1.64090075277752,332.15537857,1.7601639285145818,False,0.09536447558917573,False,24.73,False,0.6875460472357758,12.0,-1.3,0,False,█▆▆▆▁▆▆▄▅▆▆▆▂▆▆▆▅▆▄▃,False,False,True,1,0.1951776070586444,0.0752754396769999,0.2456762680615071,0.10728402550943494,UP,True,73,35.0,IGNORE,NONE,,NEUTRAL,C,WAIT,CMF positive,Producer Manufacturing,27.6
MEDANTA,1433.4,1490.0,1495.1,1426.6,True,False,True,True,False,True,0.47591779264231787,16.7198943,0.46517448587046534,False,0.06312091108087971,False,47.64,False,0.9312417534085912,18.0,-0.85,0,False,▅▅▂▇▄▄▆▇█▁▁▇▃▄▄▆▁▆▅▃,False,False,False,6,-0.031290126376968264,0.07661108607480838,0.019208534625894447,0.10861967190724342,FLAT,True,73,35.0,IGNORE,NONE,,NEUTRAL,C,WAIT,CMF positive,Health Services,24.1
ALGOQUANT,69.0,72.2,72.28,68.61,True,True,True,True,False,True,0.8352691004238477,8.2553049,0.8483672422790954,False,-0.08124128375498033,False,22.76,False,0.7716169715050938,66.0,0.11,0,True,▁▂▃▁▃▄▃▄▄██▇▂▂▃▃▅▂▁▂,False,False,False,6,0.0542398777692894,0.07728337236533966,0.10473853877215211,0.10929195819777471,FLAT,True,73,35.0,IGNORE,NONE,,NEUTRAL,C,WAIT,No standout factor,Finance,27.7
PRIMESECU,301.85,305.0,305.0,296.05,True,True,True,True,False,True,0.20375926867851626,0.263605605,0.21204208028228358,False,0.2365240424595615,False,58.89,False,0.9477063703441451,46.0,-0.13,0,False,▆▄▄▄▇▅▃▄█▇▇▆▆▄▃▅▁▄▂▄,False,False,False,4,0.051925422547482336,0.07305367934589402,0.10242408355034505,0.10506226517832906,FLAT,True,72,35.0,IGNORE,NONE,,NEUTRAL,C,WAIT,CMF positive,Finance,27.7
ANANDRATHI,2146.2,2145.1,2164.1,2112.0,False,False,False,False,False,False,1.460828823378066,84.56865017999999,1.4273834979836486,True,0.007533141307003482,True,45.63,False,0.8482358627356211,16.0,-0.82,0,False,▆▂▅▆▇▁▄▅▆▄▄▅▆▅▅▆▇▁█▂,False,True,False,13,-0.026313401687687143,0.030489268737696307,0.024185259315175567,0.06249785457013135,FLAT,True,65,35.0,IGNORE,NONE,,NEUTRAL,C,WAIT,CMF positive,Finance,27.7
UNOMINDA,1173.0,1211.5,1214.2,1167.2,True,False,False,False,False,True,1.0144875449738189,71.022804,0.9587750161901155,False,-0.1391424497545994,False,63.39,True,1.1883582509256223,90.0,1.21,0,True,▆▄▇▅▆▅▆▆▇▄▄▃▅█▂▂█▁▄▇,False,False,False,3,-0.08072100313479624,0.016112266112266127,-0.030222342131933533,0.04812085194470117,FLAT,True,62,35.0,IGNORE,SEED,,NEUTRAL,C,WAIT,Delivery P90,Producer Manufacturing,27.6
ANANTRAJ,607.95,615.0,619.8,601.8,True,False,True,True,False,False,0.35806998925712463,63.706533345000004,0.35195893291936203,False,0.15259910007001715,False,35.42,False,0.9460470085470086,49.0,-0.0,0,False,▆▆▅▁▂▄▆█▆▆▆▃▂▄▆▆▄▄▆▄,False,False,False,4,0.006706408345752646,0.011900798934753709,0.057205069348615356,0.04390938476718875,UP,True,61,35.0,IGNORE,NONE,,NEUTRAL,C,WAIT,CMF positive,Consumer Durables,24.3
JMFINANCIL,125.25,126.6,127.83,124.9,True,False,False,False,False,False,0.9228251193839689,27.791409375,0.9049228827644344,False,0.05696404690628012,False,58.59,True,1.1906721536351168,98.0,1.88,0,True,▂▁▂▂▁▄▃▄▁▃▃▁▃▆▆▅▄█▆▆,False,False,False,1,-0.021407922493944853,0.011875908870576879,0.029090738508917857,0.04388449470301192,FLAT,True,61,35.0,IGNORE,SEED,,NEUTRAL,C,WAIT,"Delivery P98, CMF positive",Finance,27.7
CMRGREEN,220.06,222.6,223.7,218.05,True,False,False,False,False,False,0.6244986494071896,7.144093858,0.6071482639682335,False,0.08125573467030311,False,65.38,True,1.3161285127627023,99.0,2.18,0,True,▆▂▃▃▃█▁▄▁▄▄▅▃▂▄▃▅▄▄▇,False,False,False,0,-0.02282415630550616,0.015036900369003625,0.02767450469735655,0.04704548620143867,FLAT,True,61,35.0,IGNORE,SEED,,NEUTRAL,C,WAIT,"Delivery P99, CMF positive",Producer Manufacturing,27.6
ISGEC,886.45,890.55,893.9,870.3,True,True,True,False,False,False,1.1940700217049034,9.163322295,1.268960449028475,False,0.4108759118353673,False,59.85,True,1.1466286053662602,79.0,0.7,0,False,▄▅▆▅▆▅█▆▁▄▄▅▅▆▂▅▅▆▁▆,False,False,False,0,0.12116612913425673,0.005501361161524443,0.17166479013711944,0.037509946993959487,UP,True,60,35.0,IGNORE,NONE,,NEUTRAL,C,WAIT,CMF positive,Industrial Services,34.5
BUILDPRO,1251.6,1281.3,1281.3,1250.0,True,False,True,True,False,True,0.7888959373834834,8.646303119999999,0.7692487848426203,False,-0.002080052094858007,False,72.62,True,1.1442256938699946,88.0,1.21,0,True,▁▅▃▃█▄▁▅▂▂▂▃▅▄▂▃▁█▆▆,False,False,False,0,0.005059021922428242,0.01049572097529472,0.05555768292529095,0.042504306807729764,UP,True,60,35.0,IGNORE,SEED,,NEUTRAL,C,WAIT,No standout factor,Distribution Services,36.7
RSWM,211.35,216.15,217.94,208.5,True,False,True,True,False,True,0.6283246960797422,0.9584933849999999,0.6006625029203894,False,0.24987026952279193,False,66.65,True,1.3409248659578108,66.0,0.38,0,False,█▅▆▇▅▁▃▄▃▃▆▆▇▆▇▆▇█▅█,False,False,False,0,0.07831632653061216,-0.006253526424675582,0.12881498753347487,0.025755059407759462,UP,True,57,35.0,IGNORE,NONE,,NEUTRAL,C,WAIT,CMF positive,Process Industries,26.7
CIPLA,1402.0,1402.9,1421.0,1388.4,False,True,False,False,False,False,1.2918620213208365,161.8632834,1.3063681544300096,True,0.11955287554715396,False,55.05,False,0.9802001353228161,42.0,-0.05,0,True,█▁▅▅▅▇█▇▆▆▆▇▆▇▄▄▅▁▂▅,False,False,False,0,-0.012676056338028152,-0.01923749562784194,0.03782260466483456,0.012771090204593105,UP,True,54,35.0,IGNORE,NONE,,NEUTRAL,C,WAIT,CMF positive,Health Technology,33.7
SHRIRAMFIN,990.7,990.0,1002.0,986.4,False,False,False,True,False,True,0.6249507882564707,259.2889761,0.6009076060794564,False,-0.07158949587153877,True,67.92,True,1.080960641701017,94.0,1.53,0,True,▇▂▅▆█▅▁▄▃▂▂▆▁▇▄▅▅▅▃▆,False,False,False,0,-0.10018165304268845,-0.032897305739945426,-0.049682992039825735,-0.0008887199075103824,FLAT,False,51,35.0,IGNORE,SEED,,NEUTRAL,C,WAIT,Delivery P94,Finance,27.7
ABBOTINDIA,26740.0,26955.0,27175.0,26530.0,True,True,True,False,False,True,0.7000685470562847,14.74711,0.7105640450683605,False,0.09706981941479327,True,46.07,False,0.8597555285994215,11.0,-1.19,0,False,▅▂▄▅▂▃▆█▄▅▅▄▃█▅▇▄▁▃▂,False,False,False,0,0.034429400386847275,-0.05428824049513703,0.08492806138970999,-0.022279654662701986,UP,False,45,35.0,IGNORE,NONE,,NEUTRAL,C,WAIT,CMF positive,Health Technology,33.7
DEEDEV,655.5,662.7,678.0,642.6,True,False,True,True,False,True,0.4321575383290201,7.36670565,0.43398954056185085,False,0.13423096860234246,True,52.13,False,0.9277203847557016,67.0,0.52,0,False,▄▃▃▃▁▂▂▂▃▄▄▃▃█▂▃▃▄▃▂,False,False,False,1,0.11045231238353392,-0.05737704918032782,0.16095097338639663,-0.025368463347892778,UP,False,43,35.0,IGNORE,NONE,,NEUTRAL,C,WAIT,CMF positive,Producer Manufacturing,27.6
OMNI,527.35,530.0,536.8,519.05,True,False,False,True,False,False,0.49220602356083315,21.345809625,0.47293978612137005,False,-0.2376630039520972,True,50.74,True,1.275739823498353,97.0,2.04,0,True,▅▁▁▅▃▅▃▆▅▆▆▃▄▄▃▄▆▇█▇,False,False,False,0,-0.06828621908127208,-0.06165480427046255,-0.01778755807840937,-0.029646218438027505,UP,False,42,35.0,IGNORE,SEED,,NEUTRAL,C,WAIT,Delivery P97,Producer Manufacturing,27.6
UPL,549.5,550.05,551.65,542.85,True,False,False,False,False,False,0.7060812396424568,85.5605569,0.6848751744762451,False,0.12369886468683323,True,60.85,True,1.0275678642293242,69.0,0.57,0,True,▇▁▆▆▆▅▇▆▆▆▆▆▅█▇▆▇▆▆▆,False,False,False,0,-0.02267674522009777,-0.0933091329098259,0.02782191578276494,-0.061300547077390855,UP,False,31,35.0,IGNORE,NONE,,NEUTRAL,C,WAIT,CMF positive,Process Industries,26.7
ADFFOODS,266.6,270.0,270.0,265.3,True,False,False,True,False,False,0.3451613365282106,0.8994017600000002,0.34194113210834864,False,0.2873002686398708,True,49.49,True,1.0515580014236086,60.0,0.27,0,True,▃▅▃▇▅▇▁▁▃▇▇▄▆▇▅▆▆█▆▅,False,False,False,0,-0.013323464100666094,-0.11281198003327775,0.03717519690219662,-0.0808033942008427,UP,False,26,35.0,IGNORE,NONE,,NEUTRAL,C,WAIT,CMF positive,Consumer Non-Durables,29.3
GODREJCP,868.0,872.0,876.75,859.5,True,False,False,False,False,False,0.9041380920877813,103.5905052,0.8964641542488748,False,0.09158258393348263,True,58.97,True,1.056866856641038,49.0,0.04,0,True,▇▁▄▂▁█▆▇▄▄▄▅▄▇▂▄▄▃▂▅,False,False,False,0,-0.036946632641739696,-0.1823662396382818,0.013552028361123014,-0.15035765380584676,UP,False,9,35.0,IGNORE,NONE,,NEUTRAL,C,WAIT,CMF positive,Consumer Non-Durables,29.3
RAMCOSYS,563.8,580.0,582.45,560.0,True,False,False,True,False,False,0.44936699552504805,1.8949318,0.4289681812437894,False,0.05893808795094812,True,54.15,True,1.0394172353229103,87.0,0.9,0,True,▃▄▂▄▁▅▃▅▆▅▅▄▁▇▆█▆▇▂▅,False,False,False,0,-0.01990438939591488,-0.29840716774514686,0.03059427160694783,-0.2663985819127118,UP,False,2,35.0,IGNORE,SEED,,NEUTRAL,C,WAIT,CMF positive,Technology Services,25.7
KDDL,4014.1,4035.0,4116.5,3950.0,True,True,True,True,False,True,1.2344748939388568,16.77291685,1.2327928613755974,False,0.023232472206526508,False,41.2,False,0.7952823541901923,9.0,-1.11,0,True,▃▄▄▄▆▄▅▆▅▄▄▅▇▄█▁▂▂▃▁,False,False,False,1,0.02150346091205213,0.2579442181134439,0.07200212191491484,0.28995280394587897,FLAT,True,89,34.0,IGNORE,NONE,,NEUTRAL,C,WAIT,CMF positive,Consumer Durables,24.3
ATHERENERG,1454.9,1495.0,1520.0,1450.0,True,False,False,True,False,False,0.6193732976039531,443.72093062,0.5519027607851724,False,0.03436009526194717,False,42.3,True,1.5017040613462085,91.0,1.54,1,False,▆▂▃▃▄▂▄▄▁▂▂▄▄█▆▆▆▃▅█,False,False,False,1,-0.15299528439191945,0.12200200508984338,-0.10249662338905674,0.15401059092227842,FLAT,True,78,34.0,IGNORE,SEED,DEL42% ▆▂▃▃▄▂▄▄▁▂▂▄▄█▆▆▆▃▅█ P91 Z+1.5,NEUTRAL,C,WAIT,"Delivery P91, CMF positive",Consumer Durables,24.3
EDELWEISS,135.45,138.33,138.6,134.23,True,True,True,True,False,True,0.6514149590419165,91.703727045,0.6532463597401001,False,0.017298199676799454,False,31.82,False,0.7519347787558338,4.0,-2.02,0,False,▇▁▃▃▅▅▄█▆▅▅▃▆▇▃▅▅▅▅▁,False,False,False,8,0.06393841803471823,0.10933660933660927,0.11443707903758094,0.1413451951690443,FLAT,True,77,34.0,IGNORE,NONE,,NEUTRAL,C,WAIT,CMF positive,Finance,27.7
VOLTAMP,10513.0,10709.0,10724.0,10450.0,True,False,False,True,False,False,0.665575907282414,15.3531852,0.6384474493981357,False,-0.03280613425324358,True,54.47,True,1.148247694334651,79.0,0.6,0,True,▆▃▆▁▅▁▄▁█▁▁▅▃▃▄▂▄▅▅▆,False,False,False,3,-0.03625613054040422,0.10314795383001041,0.014242530462458491,0.13515653966244545,FLAT,True,76,34.0,IGNORE,NONE,,NEUTRAL,C,WAIT,No standout factor,Producer Manufacturing,27.6
JUNIPER,214.76,217.44,217.44,211.49,True,False,True,False,False,False,0.6022919783633102,2.69867416,0.587996378190398,False,0.06758874966915653,True,66.16,True,1.1692041247316007,82.0,0.82,0,False,▅██▄▅▇▆▆▁▄▄▅▃▅▃▂▄▅▆▇,False,False,False,8,0.0018660197798094913,0.09907881269191399,0.0523646807826722,0.13108739852434903,FLAT,True,76,34.0,IGNORE,NONE,,NEUTRAL,C,WAIT,CMF positive,Consumer Services,25.2
GUJTHEM,397.55,414.4,415.0,392.7,True,False,False,True,False,False,0.29500539536633735,8.391048095,0.2757127510756189,False,-0.15428058041908996,True,58.34,True,1.0504046596627687,69.0,0.44,0,True,▁▅█▅▂▂▂▃▂▄▄▂▃▃▃▄█▃▃▄,False,False,False,4,-0.058384651823780165,0.09232037367770296,-0.007885990820917455,0.124328959510138,FLAT,True,75,34.0,IGNORE,NONE,,NEUTRAL,C,WAIT,No standout factor,Health Technology,33.7
RADICO,4478.3,4545.0,4550.7,4452.5,True,False,True,True,False,True,0.5218654702727187,57.16773865,0.5207302554454555,False,0.22512340086199298,True,44.19,False,0.8034983726385075,13.0,-1.06,0,False,▆▄▄▄▄▅▅▅▄▂▂▆▂█▄▅▁▅▁▂,False,False,False,0,-0.0014938684503901234,0.08370438486109788,0.04900479255247259,0.11571297069353292,FLAT,True,74,34.0,IGNORE,NONE,,NEUTRAL,C,WAIT,CMF positive,Consumer Non-Durables,29.3
NITINSPIN,596.45,616.0,616.0,592.65,True,False,False,True,False,True,0.3196535941846899,2.1244952550000002,0.2991635092156939,False,-0.032044249357159604,True,53.69,True,1.0420083259745174,58.0,0.21,0,True,▂▃▅▄▆█▁▅▃▅▅▆▆▅█▅▆▆▄▅,False,False,False,9,-0.04933057060886181,0.08504638893942151,0.001168090394000898,0.11705497477185656,FLAT,True,74,34.0,IGNORE,NONE,,NEUTRAL,C,WAIT,No standout factor,Process Industries,26.7
AGARWALEYE,503.6,499.7,506.5,488.65,False,True,True,True,False,True,0.9566592793597787,17.183436320000002,0.9465705392219296,False,0.040352107736491866,False,39.38,False,0.6836983602003525,22.0,-0.71,0,True,▅▃▄▂▃▄█▇▇▃▃▄▄▄▅▆▁▃▂▁,False,False,False,0,-0.01870615744349191,0.038993191664947524,0.0317925035593708,0.07100177749738257,FLAT,True,66,34.0,IGNORE,NONE,,NEUTRAL,C,WAIT,CMF positive,Health Services,24.1
EMCURE,1927.8,1935.0,1948.8,1918.1,True,False,True,True,False,True,0.19370156127635751,7.526709539999999,0.19002740221016434,False,-0.06713342930199818,True,45.3,False,0.8995234312946783,30.0,-0.43,0,False,▃▅▅█▃▄▄▄▄▃▃█▅█▁▅▄▄▅▃,False,False,False,4,0.03907723818250419,0.03578336557059947,0.0895758991853669,0.06779195140303451,UP,True,66,34.0,IGNORE,NONE,,NEUTRAL,C,WAIT,No standout factor,Health Technology,33.7
TATVA,1760.2,1808.0,1880.0,1736.4,True,True,True,True,False,True,3.572279514471187,37.02598302,3.7126436993285377,False,0.0012407504343096261,False,37.23,False,0.804155776832192,26.0,-0.51,0,False,▃█▂▅▆▆▄▅▁▇▇▁▁▃▄▂▃▃▃▂,False,False,True,2,0.08206799041003254,0.027134270875882605,0.13256665141289525,0.05914285670831765,UP,True,64,34.0,IGNORE,NONE,,NEUTRAL,C,WAIT,CMF positive,Process Industries,26.7
AFFLE,1548.4,1570.0,1575.5,1543.1,True,False,False,False,False,False,0.26481322092541154,15.56157484,0.2587377630271481,False,0.21777764781247538,True,55.8,True,1.1278423446184942,69.0,0.46,0,True,▇▆▇█▁▂▃▄▄▅▅▆▇▇▄▆▆▅▄▆,False,False,False,0,-0.030978158833468883,0.019824804057169354,0.019520502169393827,0.0518333898896044,FLAT,True,63,34.0,IGNORE,NONE,,NEUTRAL,C,WAIT,CMF positive,Technology Services,25.7
LTM,4070.0,4038.0,4080.0,3996.0,False,False,False,False,False,False,0.710326986616907,121.343387,0.6595452712131052,False,0.1305032485296061,True,44.42,True,1.13683186814593,65.0,0.47,0,True,█▁▄▆▅▄▃█▃▆▆▂▂█▃▁▅▆▄▆,False,False,False,0,-0.08826164874551967,0.0023889860355146286,-0.03776298774265696,0.03439757186794967,FLAT,True,59,34.0,IGNORE,NONE,,NEUTRAL,C,WAIT,CMF positive,Technology Services,25.7
NTPCGREEN,92.21,93.01,93.38,91.01,True,True,True,False,False,False,0.5738835181203182,14.951381228999999,0.581799230417591,False,0.06917898160827743,True,38.75,False,0.7341726584628794,18.0,-0.76,0,False,▆▄█▅▄█▆▄▅▇▇▂▂▅▄▁▆▄▂▁,False,False,False,0,0.030164227460618864,0.002500543596433813,0.08066288846348157,0.03450912942886886,UP,True,59,34.0,IGNORE,NONE,,NEUTRAL,C,WAIT,CMF positive,Utilities,37.4
USHAMART,508.0,520.05,520.05,501.7,True,False,True,True,False,True,0.32586284416773054,21.2419184,0.32405373343184135,False,0.010399218232341998,False,41.28,False,0.753958831802159,21.0,-0.68,0,False,▆▇█▄▂▅▄▆▇██▆▇▅▁▄▆▂▁▃,False,False,False,5,0.018138089988976924,-0.0007867820613689513,0.06863675099183963,0.031221803771066092,UP,True,58,34.0,IGNORE,NONE,,NEUTRAL,C,WAIT,CMF positive,Producer Manufacturing,27.6
CANBK,124.86,125.79,126.7,124.8,True,False,False,False,False,False,0.6883377777919908,101.052019836,0.6870648610595694,False,-0.09474244136238827,True,57.5,True,1.2332571931066285,94.0,1.43,0,True,▇▂▅▅▇█▆▆▁▅▅▇▁█▃▄▆▃▅▇,False,False,False,0,-0.02559700327766501,-0.008260524225575883,0.0249016577251977,0.02374806160685916,UP,True,56,34.0,IGNORE,SEED,,NEUTRAL,C,WAIT,Delivery P94,Finance,27.7
RAYMONDREL,672.95,712.5,712.5,668.2,True,True,True,True,False,True,0.653045332382803,112.71199173000002,0.6585227434732487,False,0.2849119916292284,False,28.19,False,0.7212301079670471,6.0,-1.49,0,False,▇█▇▇▇▆▅▆▇▅▅▆▄▆▆▆▁▁▁▄,False,False,False,0,0.2644682450206688,-0.04342572850035531,0.3149669060235315,-0.011417142667920266,UP,False,48,34.0,IGNORE,NONE,,NEUTRAL,C,WAIT,CMF positive,Finance,27.7
GREAVESCOT,230.4,233.94,237.79,229.4,True,True,True,True,False,True,1.1596479982704633,58.4313984,1.2423837205865786,False,0.4775674921939116,False,30.75,False,0.7418845072801187,8.0,-1.31,0,False,▄▄▅▅▅▄▄▅▄▅▅▅█▅▆▅▆▁▁▃,False,False,False,0,0.16481294236602628,-0.0623473872700635,0.215311603368889,-0.03033880143762846,UP,False,42,34.0,IGNORE,NONE,,NEUTRAL,C,WAIT,CMF positive,Producer Manufacturing,27.6
NMDC,77.43,80.7,80.9,77.43,True,False,False,False,False,False,2.194971860762405,186.324578688,2.0432273158184144,False,-0.2766197895531716,False,62.0,True,1.2381675120821185,97.0,2.05,0,True,█▁▅▄▅▃▅▅▆▅▅▅▄█▆▅▄▅▄█,False,False,False,0,-0.12210884353741491,-0.07656529516994615,-0.0716101825345522,-0.0445567093375111,FLAT,False,36,34.0,IGNORE,DISTRIBUTION,,NEUTRAL,C,WAIT,Delivery P97,Non-Energy Minerals,33.3
SCHNEIDER,1188.2,1209.5,1209.5,1180.9,True,False,False,True,False,False,0.5911730397050976,16.17128318,0.5810257758183327,False,0.07934523133611479,False,60.16,True,1.1906858912826195,85.0,0.88,0,True,▇▅▃▃▄▂▂▅▂▁▁▅▅▆▅▃▄▆█▆,False,False,False,0,-0.025426509186351698,-0.11394481730052197,0.025072151816511012,-0.08193623146808693,UP,False,25,34.0,IGNORE,SEED,,NEUTRAL,C,WAIT,CMF positive,Producer Manufacturing,27.6
SUNCLAY,1229.9,1253.8,1253.8,1228.0,True,False,False,False,False,False,2.5597838744235877,1.68975961,2.464001412047419,False,-0.19952694162731138,False,80.45,True,1.195775767890188,94.0,1.73,0,True,▁▅▅▅▇▅▅▇▄▇▇▂▇▆▅▄▅▄██,False,False,False,0,-0.057981004901960675,-0.11352169525731581,-0.007482343899097965,-0.08151310942488077,UP,False,25,34.0,IGNORE,DISTRIBUTION,,NEUTRAL,C,WAIT,Delivery P94,Producer Manufacturing,27.6
TIMETECHNO,183.44,181.0,185.4,179.91,False,True,False,False,False,False,1.5156067742367272,65.717820256,1.518160627377544,True,-0.11004294181919001,False,25.34,False,0.772254898972968,36.0,-0.55,0,True,▂▂▄▄▂▇▅▄▅██▅▂▃▂▃▁▅▂▃,False,False,False,0,-0.020033121427426637,-0.13922387499413458,0.030465539575436074,-0.10721528916169953,UP,False,17,34.0,IGNORE,NONE,,NEUTRAL,C,WAIT,No standout factor,Process Industries,26.7
NRAIL,647.6,680.95,706.4,633.0,True,True,True,True,False,True,1.3978990194364542,3.9874027200000004,1.4742976227769569,False,-0.01397317633468285,False,40.0,False,0.725242049534032,8.0,-1.38,0,False,▇▅▅█▂▃▂▄▄▃▃▁▅▄▇▃▅▄▅▂,False,False,False,7,0.2698039215686274,0.47972123843253756,0.32030258257149014,0.5117298242649726,FLAT,True,96,33.0,IGNORE,NONE,,NEUTRAL,C,WAIT,RS leader,Process Industries,26.7
RBA,91.61,93.61,94.49,91.1,True,False,True,True,False,True,0.8008575178743619,22.749575427,0.7607819023918059,False,-0.05446754563496261,False,44.62,False,0.9785624211853718,15.0,-1.06,0,True,▂▄▁▂▄▄▇▃▄▁▁▃▄█▆▅▅█▃▄,False,False,False,0,-0.0661569826707441,0.3724344569288389,-0.015658321667881392,0.40444304276127396,FLAT,True,95,33.0,IGNORE,NONE,,NEUTRAL,C,WAIT,RS leader,Consumer Services,25.2
KMEW,2876.9,2865.0,2899.9,2802.0,False,True,True,True,False,True,0.5997332702359698,16.042169780000002,0.5928836614129112,False,0.021057173075460726,True,35.2,False,0.9200329329970334,56.0,0.2,0,False,▅▅▆▅▇▇▅▅▆▅▅▅▃▇▁▂▆█▆▄,False,False,False,1,-0.016242648064560217,0.17650186071238694,0.034256012938302494,0.20851044654482198,FLAT,True,84,33.0,IGNORE,NONE,,NEUTRAL,C,WAIT,CMF positive,Producer Manufacturing,27.6
ARIS,132.61,140.22,140.22,132.0,True,False,True,True,False,False,0.7350241033598419,18.270435577,0.7353163530891407,False,-0.09408519476178792,False,59.31,True,1.5616730518582882,90.0,1.25,1,False,▇▄▄▅▅▅▃▅▁▄▄▇▅▄▃▄▃▆▅█,False,False,False,0,-0.06789906515779853,0.15453595681699483,-0.017400404154935822,0.18654454264942988,FLAT,True,81,33.0,IGNORE,SEED,DEL59% ▇▄▄▅▅▅▃▅▁▄▄▇▅▄▃▄▃▆▅█ P90 Z+1.2,NEUTRAL,C,WAIT,Delivery P90,Technology Services,25.7
DALMIASUG,414.8,431.0,448.0,412.1,True,False,True,True,False,False,1.8958626417028743,21.72278564,1.7982788677498283,False,-0.21999373199667452,False,24.73,False,0.7160643965716933,10.0,-1.31,0,True,▂▆▄▂▅▄▂█▆▄▄▅▅▄▆▃▃▄▁▂,False,False,False,0,-0.1432407311783538,0.14396028681742967,-0.09274207017549108,0.17596887264986472,FLAT,True,80,33.0,IGNORE,DISTRIBUTION,,NEUTRAL,C,WAIT,No standout factor,Process Industries,26.7
SOLARINDS,19610.0,19570.0,19890.0,19455.0,False,False,False,True,False,True,0.4496569459196887,233.441362,0.43932272409854645,False,-0.212693546436162,False,45.54,True,1.127841894100748,72.0,0.48,0,True,▇▇▅▄▅▃▄█▅▆▆▁▂▆▃▅▆▁▃▆,False,False,False,9,-0.0471331389698737,0.06576086956521743,0.00336552203298901,0.09776945539765247,FLAT,True,71,33.0,IGNORE,NONE,,NEUTRAL,C,WAIT,No standout factor,Process Industries,26.7
NPST,1635.0,1812.6,1813.0,1625.1,True,False,False,True,False,False,0.49245864022574226,18.00789,0.44185000541824215,False,0.07746016360839807,False,52.45,True,1.231741111267672,54.0,0.14,0,False,▆▇▄▆▆▆▆▆▆██▁▂▅▅▄▆█▆▇,False,False,False,8,-0.021309709086555717,0.0684179572632817,0.029188951916306993,0.10042654309571675,FLAT,True,71,33.0,IGNORE,NONE,,NEUTRAL,C,WAIT,CMF positive,Technology Services,25.7
NOCIL,175.17,188.05,188.05,174.0,True,False,False,True,False,False,0.6925495960926463,26.491169304,0.6351055415827909,False,0.13975103925293034,False,50.53,True,1.2944793134366592,56.0,0.25,0,False,▅▆▇▅█▆▃▆▅▆▆▁▂▆▅▅▄▃▅▇,False,False,False,6,0.02169728783902003,0.06221575404766222,0.07219594884188274,0.09422433988009726,FLAT,True,70,33.0,IGNORE,NONE,,NEUTRAL,C,WAIT,CMF positive,Process Industries,26.7
CPPLUS,3723.4,3759.9,3833.9,3710.0,False,True,True,True,False,True,0.5932048173175289,61.3821107,0.6099704445055654,False,-0.02056949779590399,False,51.6,False,0.8536050753107967,67.0,0.33,0,True,▅▃▂▂▃▃▁▂▂▁▁▄▅▅▃▁█▃▂▁,False,False,False,0,0.04413909141895678,0.04416837264084794,0.09463775242181949,0.07617695847328299,UP,True,67,33.0,IGNORE,NONE,,NEUTRAL,C,WAIT,No standout factor,Consumer Durables,24.3
JINDALSAW,276.15,282.55,283.55,275.25,True,False,False,True,False,True,0.5911315255696601,30.331542779999996,0.540389640115172,False,-0.08869879834326738,False,48.93,True,1.0817562787407144,74.0,0.6,0,True,▃▄▆▄▆▇▄▄▃▅▅▄▄█▆▆▆▆▁▅,False,False,False,7,-0.10818666236072982,0.03835307388606868,-0.057688001357867114,0.07036165971850372,FLAT,True,66,33.0,IGNORE,NONE,,NEUTRAL,C,WAIT,No standout factor,Non-Energy Minerals,33.3
PCBL,332.55,338.15,339.6,329.9,True,True,True,True,False,True,0.5258339000095568,30.099599325,0.5263451271143168,False,-0.06950914295199195,False,41.95,True,1.0531468882584794,63.0,0.34,0,False,▇▄▇▆█▃▁▂▃▄▄▄▅▆▅▄▄▄▃▅,False,False,False,0,0.0488881879829679,0.021502073414222167,0.09938684898583061,0.05351065924665721,UP,True,63,33.0,IGNORE,NONE,,NEUTRAL,C,WAIT,No standout factor,Process Industries,26.7
ELGIEQUIP,598.85,603.3,604.0,592.2,True,False,False,True,False,True,0.3649816464242701,8.534151465,0.3523171182114074,False,-0.08031618248309537,False,50.25,True,1.0409222260199484,41.0,-0.13,0,True,▇▇█▃▄▃▄▅▂▄▄▄▅▆▅▆▁▁▃▅,False,False,False,5,-0.045429186259663634,0.018452380952380887,0.005069474743199076,0.05046096678481593,FLAT,True,63,33.0,IGNORE,NONE,,NEUTRAL,C,WAIT,No standout factor,Producer Manufacturing,27.6
LXCHEM,177.47,180.5,183.28,176.5,True,True,True,True,False,False,0.7138227396860363,15.634823048,0.7113375339352815,False,0.08459726621817054,False,37.64,False,0.894901392042415,20.0,-0.8,0,False,▇▇▅▃█▆▃▅▅▆▆▃▁▆▅▅▄▇▁▃,False,False,False,0,0.06543795401332786,0.005210988388558491,0.11593661501619057,0.037219574220993534,UP,True,60,33.0,IGNORE,NONE,,NEUTRAL,C,WAIT,CMF positive,Process Industries,26.7
POWERINDIA,31850.0,32480.0,32595.0,31805.0,True,False,False,True,False,False,0.6976330687205984,198.071965,0.6907587889190056,False,0.0959422308258516,False,42.15,True,1.0120898514881203,85.0,1.02,0,True,▆▁▅▄▇▆▂▅▆▁▁▅▂█▆▄██▆▅,False,False,False,0,-0.0684410646387833,-0.023155957675203176,-0.01794240363592059,0.008852628157231868,FLAT,True,53,33.0,IGNORE,SEED,,NEUTRAL,C,WAIT,CMF positive,Electronic Technology,27.3
DYCL,435.15,449.95,451.45,432.1,True,False,False,True,False,False,0.29434051715322207,15.123768794999998,0.25238930996201864,False,0.10485980370749824,False,46.49,True,1.3630832832451294,67.0,0.43,0,False,▅▁▄▅▇▇▆▆▅▆▆▆▆▅▇▆█▆▇█,False,False,False,3,-0.11770072992700731,-0.02356109054190514,-0.0672020689241446,0.008447495290529905,FLAT,True,53,33.0,IGNORE,NONE,,NEUTRAL,C,WAIT,CMF positive,Producer Manufacturing,27.6
BAJAJFINSV,1770.0,1774.0,1778.1,1755.0,False,False,False,False,False,False,2.2417230846985423,246.83004,2.0823373200803883,True,-0.22221384017505144,True,51.4,False,0.9317333139977523,30.0,-0.54,0,False,▇▂▅▄▄▆▄▇▃▃▃▅▃█▃▃▁▄▅▃,False,True,False,0,-0.11984087518647435,-0.0373109974980963,-0.06934221418361164,-0.005302411665661255,FLAT,False,50,33.0,IGNORE,NONE,,NEUTRAL,C,WAIT,No standout factor,Finance,27.7
GRWRHITECH,6653.5,6609.5,6738.5,6526.5,False,False,False,True,False,True,0.6093749859965819,22.61990395,0.59992312273452,False,0.08757275168796634,True,50.91,True,1.036314782396287,78.0,0.66,0,False,▇▆▅▆█▅▅▆▄▄▄▇▄▆▆▅▁▅▅▆,False,False,False,0,-0.06781085814360766,-0.03892821031344795,-0.017312197140744945,-0.006919624481012909,FLAT,False,49,33.0,IGNORE,NONE,,NEUTRAL,C,WAIT,CMF positive,Process Industries,26.7
WEWORK,650.65,646.65,664.9,635.5,True,False,False,True,False,True,0.5329434898029095,8.644600964999999,0.5144352298839945,False,-0.20653018652332455,True,58.38,True,1.0279797855293973,71.0,0.39,0,True,█▆▁▇▅▆▆▇▆▆▆▃▇▇▇▂▇█▆▆,False,False,False,0,-0.049660410428686186,-0.0431617647058824,0.0008382505741765245,-0.011153178873447356,UP,False,48,33.0,IGNORE,NONE,,NEUTRAL,C,WAIT,No standout factor,Finance,27.7
SAREGAMA,489.6,496.85,496.9,487.05,True,False,False,True,False,True,0.3674404782376915,6.69523104,0.36361405884491926,False,-0.08590477882911489,True,52.81,True,1.2264424807533763,75.0,0.71,0,True,▇▃▆█▇▅▄▄▃▃▃▃▅▅▆▁▁▅▆█,False,False,False,0,0.020212544280058475,-0.047748711465525506,0.07071120528292119,-0.015740125633090463,UP,False,46,33.0,IGNORE,NONE,,NEUTRAL,C,WAIT,No standout factor,Consumer Services,25.2
ULTRACEMCO,11156.0,11100.0,11184.0,11027.0,False,True,False,False,False,True,0.6962287532238541,210.2537852,0.6974410980333143,False,-0.2030967417146505,True,61.58,True,1.0000243591513271,59.0,0.16,0,True,█▂▅▁▄▅▃▇▄▅▅▁▁▆▄▄▆▁▂▄,False,False,False,0,-0.04787914995305964,-0.05224704782941125,0.0026195110498030694,-0.02023846199697621,UP,False,45,33.0,IGNORE,NONE,,NEUTRAL,C,WAIT,No standout factor,Non-Energy Minerals,33.3
TVSSCS,128.5,129.5,129.8,127.18,True,False,False,True,False,True,0.6537790477894757,6.45045585,0.6469499117180915,False,-0.08019555204861714,True,51.28,True,1.1424752144368941,48.0,0.08,0,True,▆▄▅▂▂▅▆█▇▁▁▃▄▅▅▂▅▅▅▆,False,False,False,0,0.0110944999606577,-0.05618802791039301,0.06159316096352041,-0.02417944207795797,UP,False,44,33.0,IGNORE,NONE,,NEUTRAL,C,WAIT,No standout factor,Transportation,31.9
ASTRAMICRO,1590.1,1622.4,1623.3,1585.0,True,False,False,True,False,True,0.38665255197241866,18.65759736,0.3677343901638415,False,-0.1259865070609857,True,52.3,True,1.0929646928518437,79.0,0.77,0,True,▇▃█▄▅▄▁▄▆▆▆▄█▆▇▆▇▆▂▆,False,False,False,0,-0.0455582232893158,-0.09189034837235865,0.004940437713546908,-0.05988176253992361,UP,False,31,33.0,IGNORE,NONE,,NEUTRAL,C,WAIT,No standout factor,Electronic Technology,27.3
BAJAJCON,480.05,501.0,501.05,478.3,True,False,False,True,False,False,0.4873194787721839,19.975024515,0.4635247284005736,False,0.0712054706490582,True,52.64,True,1.0576546347736109,73.0,0.59,0,False,▄▃▄▁▃▇▆▆▄██▄▄▄▇█▆▆▅▆,False,False,False,0,0.012656892732834102,-0.10928657574914191,0.06315555373569681,-0.07727798991670687,UP,False,27,33.0,IGNORE,NONE,,NEUTRAL,C,WAIT,CMF positive,Consumer Non-Durables,29.3
SANOFICONR,3976.2,3964.7,3997.5,3834.9,False,False,False,False,False,False,2.006994702032619,3.4569082799999995,1.9599531164507737,True,-0.06975264246050675,True,41.61,False,0.728077619618376,12.0,-1.01,0,False,▆▅▄▄▄▅▅█▅▅▅▄▁▅▅▄▄▄▄▃,False,True,False,0,-0.039611612965557264,-0.12201907790143096,0.010887048037305447,-0.09001049206899592,UP,False,22,33.0,IGNORE,NONE,,NEUTRAL,C,WAIT,No standout factor,Health Technology,33.7
MHRIL,195.92,200.7,200.7,194.0,True,False,False,False,False,False,1.6589121581286161,3.9499431199999995,1.6187982701581756,False,-0.22044492968939164,True,66.5,True,1.1504294648340527,86.0,1.04,0,True,▇▆▄▇█▄▃▅▃▆▆▂▁▄▃▅▂▇▃▆,False,False,False,0,-0.06549010255187226,-0.13524011299435035,-0.014991441549009554,-0.1032315271619153,UP,False,18,33.0,IGNORE,SEED,,NEUTRAL,C,WAIT,No standout factor,Consumer Services,25.2
SERVOTECH,72.34,70.25,72.99,69.51,False,False,False,False,False,False,1.6922923404516075,4.704841686,1.6359016585638535,True,-0.17233078083435563,True,44.23,False,0.8611424788754332,46.0,-0.04,0,False,█▆▅▅▂▅█▅▆▇▇▁▅▅▇▆▅▆▅▄,False,True,False,0,-0.09337009650332129,-0.27616569941965174,-0.04287143550045858,-0.2441571135872167,UP,False,2,33.0,IGNORE,NONE,,NEUTRAL,C,WAIT,No standout factor,Producer Manufacturing,27.6
SEAMECLTD,1684.3,1719.0,1719.0,1673.0,True,False,True,True,False,True,0.42050682977373777,4.93516743,0.4036537914639711,False,0.043262521001338414,False,52.76,True,1.0416995735270889,48.0,-0.01,0,False,▂▄▆▅▇▆██▇▁▁▆▄▄▄▅▄▆▇▆,False,False,False,10,0.0056723190828755765,0.23763685796164302,0.05617098008573829,0.26964544379407807,FLAT,True,88,32.0,IGNORE,NONE,,NEUTRAL,C,WAIT,CMF positive,Industrial Services,34.5
PINELABS,173.02,176.97,177.08,170.61,True,False,True,False,False,False,0.4792865050660952,402.687042134,0.4409139263572801,False,0.11820813931458957,True,32.58,False,0.926028565337881,18.0,-0.8,0,False,█▆▄▆▅▇▄▃▅▂▂▂▁▆▃▁▄▅▄▄,False,False,False,5,0.06147239263803694,0.15577822311289258,0.11197105364089965,0.18778680894532762,FLAT,True,82,32.0,IGNORE,NONE,,NEUTRAL,C,WAIT,CMF positive,Technology Services,25.7
GALAXYSURF,2190.7,2241.0,2249.4,2185.0,True,False,True,True,False,True,0.41915607636023544,3.3381886599999997,0.411998789448115,False,-0.024369324060405137,True,53.18,True,1.0727505622963882,38.0,-0.26,0,True,▅▄▆▄▄▆▃▅▂▅▅▄▅▃█▄▆▄▁▅,False,False,False,0,-0.028772832062422427,0.1202188586623032,0.021725828940440284,0.15222744449473824,FLAT,True,78,32.0,IGNORE,NONE,,NEUTRAL,C,WAIT,No standout factor,Consumer Non-Durables,29.3
DCBBANK,207.46,213.0,213.54,207.0,True,False,False,True,False,True,0.890054553733921,30.418573548,0.8284364183130334,False,0.038530361590413655,False,56.73,True,1.1396944341205186,88.0,1.03,0,False,▅▅▇▅▅▅▃▁▆██▄▆▇▆▆▅▆█▇,False,False,False,9,-0.04922089825847842,0.09275744008427722,0.001277762744384292,0.12476602591671226,FLAT,True,75,32.0,IGNORE,SEED,,NEUTRAL,C,WAIT,CMF positive,Finance,27.7
HYUNDAI,2145.0,2170.0,2178.0,2136.2,True,False,True,True,False,False,0.5383844710624044,80.571777,0.5243932886988967,False,-0.07470246784327593,True,52.08,True,1.0250354274917335,42.0,-0.2,0,False,▆▂▃▅▄▆█▆▅▄▄▄▄█▆▃▃▃▁▅,False,False,False,5,-0.03326122228231487,0.0806589752632374,0.017237438720547837,0.11266756109567244,FLAT,True,73,32.0,IGNORE,NONE,,NEUTRAL,C,WAIT,No standout factor,Consumer Durables,24.3
KRBL,382.95,398.65,398.65,381.55,True,False,False,True,False,True,0.6998415384963601,11.72232927,0.6471449870243234,False,-0.19884777121286865,True,47.87,True,1.1028556288949556,58.0,0.24,0,True,█▁▂▆▄▄▃▄▅▅▅▅▇▆▇▆▂▂▆▆,False,False,False,0,-0.09307282415630558,0.07736671824447883,-0.04257416315344287,0.10937530407691387,FLAT,True,73,32.0,IGNORE,NONE,,NEUTRAL,C,WAIT,No standout factor,Process Industries,26.7
OIL,468.0,476.0,476.45,463.4,True,False,False,True,False,True,0.764650242800452,82.7058492,0.7343649385811641,False,-0.14379303368188365,True,56.3,True,1.2735683666429145,88.0,1.1,0,False,▃▄▄▃▇█▆▄▂▃▃▇▄█▇▃▆▁▂▇,False,False,False,5,-0.03135672151505742,0.03185977290265685,0.019141939487805293,0.06386835873509189,FLAT,True,65,32.0,IGNORE,SEED,,NEUTRAL,C,WAIT,No standout factor,Energy Minerals,27.5
FLUOROCHEM,4443.7,4441.4,4488.0,4380.0,False,False,False,True,False,True,0.25914185973338005,15.060143669999999,0.24935726489872828,False,-0.12312702915574579,True,48.94,False,0.8993265157988553,40.0,-0.21,0,True,▄▁▅▂▁▃▅▄▃▃▃▅▄█▇▄▅▄▄▃,False,False,False,6,-0.053222541813145896,0.029539873036467323,-0.0027238808102831857,0.06154845886890237,FLAT,True,65,32.0,IGNORE,NONE,,NEUTRAL,C,WAIT,No standout factor,Process Industries,26.7
MANGLMCEM,1000.5,1022.2,1025.3,995.8,True,False,True,True,False,True,0.324921205652859,3.14947395,0.3056344122252667,False,-0.12125846910592132,True,59.27,True,1.0386674494203827,41.0,-0.2,0,False,▂▄▅▅▁▆▇▁▂▅▅▅▂█▄▄▄▆▁▅,False,False,False,5,-0.06648005598320506,0.020762128245676692,-0.015981394980342345,0.052770714078111736,FLAT,True,63,32.0,IGNORE,NONE,,NEUTRAL,C,WAIT,No standout factor,Non-Energy Minerals,33.3
WINDMACHIN,300.25,298.0,303.0,294.65,False,False,False,True,False,True,0.661715299699181,1.605586875,0.6580175971220632,False,0.3025542225466986,True,52.64,False,0.9061488673139159,44.0,-0.24,0,True,▁▃▃▃▂▃▆▄▃▃▃▂▅▅▂█▄▆▁▃,False,False,False,0,-0.023418442023093178,0.021258503401360596,0.027080218979769533,0.05326708923379564,FLAT,True,63,32.0,IGNORE,NONE,,NEUTRAL,C,WAIT,CMF positive,Producer Manufacturing,27.6
CGCL,248.9,253.45,254.85,247.5,True,False,False,True,False,True,0.4952556691705625,51.00677832,0.46086518344997907,False,0.033232552697801704,False,29.46,False,0.8151632540121749,18.0,-1.0,0,True,▄▅▃▂▃▄▅▅▁▆▆▃▅▇▇██▄▅▃,False,False,False,3,-0.029478281213444535,-0.0044796416286697616,0.021020379789418175,0.027528944203765282,FLAT,True,58,32.0,IGNORE,NONE,,NEUTRAL,C,WAIT,CMF positive,Finance,27.7
SARDAEN,501.3,494.05,504.2,485.1,False,False,False,False,False,False,0.9272504397659742,27.98131275,0.8840646135364479,False,0.11376823230691169,True,41.26,False,0.86683403888778,30.0,-0.4,0,True,▆▅█▅▅▆▆▁▃▆▆▄▂▆▆▆▆▆▇▄,False,False,False,1,0.004810583283223258,-0.001891488302638078,0.05530924428608597,0.030117097529796966,UP,True,58,32.0,IGNORE,NONE,,NEUTRAL,C,WAIT,CMF positive,Non-Energy Minerals,33.3
KALYANKJIL,564.0,573.0,573.75,559.25,True,False,False,True,False,True,0.3954686763656006,150.0103512,0.3768395874631587,False,-0.1610530810287819,True,27.87,True,1.0279770577061396,46.0,-0.22,0,True,▅▃▅▃▂▃▂▄▃▄▄▃▃█▆▁▂▄▅▄,False,False,False,0,-0.061564059900166335,-0.010526315789473717,-0.011065398897303624,0.021482270042961327,FLAT,True,56,32.0,IGNORE,NONE,,NEUTRAL,C,WAIT,No standout factor,Retail Trade,28.0
RPGLIFE,2955.1,3055.0,3087.9,2930.7,True,True,True,True,False,True,1.4343680385754187,13.642810169999999,1.4765586500777916,False,0.019288264814386585,False,37.71,False,0.8172597633392571,9.0,-1.2,0,False,▆▇▆▃▅▄▇▃▆██▂▅▃▇▃▁▄▆▃,False,False,False,2,0.1240395587675922,-0.02054953432103679,0.17453821977045492,0.011459051511398255,UP,True,54,32.0,IGNORE,NONE,,NEUTRAL,C,WAIT,CMF positive,Health Technology,33.7
CUB,215.99,224.7,224.7,212.6,True,False,False,False,False,False,2.167601519853239,104.203576337,2.0262254762747283,False,-0.19812238242609093,False,49.9,True,1.1895680366167636,31.0,-0.32,0,False,▆▄▇▄▅▂▄▃▇▁▁▅▁▆▅▆▆█▇▇,False,False,False,4,-0.05759413586980233,-0.03995910747622,-0.007095474866939622,-0.007950521643784958,UP,False,49,32.0,IGNORE,DISTRIBUTION,,NEUTRAL,C,WAIT,No standout factor,Finance,27.7
JINDALPHOT,1051.0,1041.0,1085.0,1041.0,True,False,False,False,False,False,0.253279195785724,0.1763578,0.2433001826697962,False,0.23163965567243347,False,77.18,True,1.1496581413015954,97.0,1.7,0,True,█▁▃▄▂█▅▆█▆▆▅▄▆▄▅█▆▅█,False,False,False,0,0.03333005604168715,-0.04688491883558543,0.08382871704454986,-0.014876333003150388,UP,False,47,32.0,IGNORE,SEED,,NEUTRAL,C,WAIT,"Delivery P97, CMF positive",Finance,27.7
ASTERDM,747.35,759.4,763.0,739.0,True,False,False,True,False,True,0.4971653810248514,40.266545385,0.4844481629777207,False,0.08038580729553102,False,50.44,False,0.8728153659802734,39.0,-0.15,0,True,▅▄▃▅▄▂▂█▃▁▁▂▃▅▄▄▅▄▇▂,False,False,False,0,-0.011441798941798864,-0.08317487578973193,0.039056862061063846,-0.051166289957296884,UP,False,34,32.0,IGNORE,NONE,,NEUTRAL,C,WAIT,CMF positive,Health Services,24.1
GENESYS,282.13,286.17,288.71,272.68,True,True,True,False,False,False,0.29511011306057194,14.519143338,0.2927081070567992,False,0.18427375092091264,False,33.34,True,1.1259709557581898,24.0,-0.56,0,False,▆▆▇▆█▇▂▃▁▂▂▃▃▅▅▄▇▄▅▅,False,False,False,0,0.24095007697382886,-0.12150085629768015,0.2914487379766916,-0.0894922704652451,UP,False,22,32.0,IGNORE,NONE,,NEUTRAL,C,WAIT,CMF positive,Technology Services,25.7
HARIOMPIPE,342.1,344.0,356.9,336.4,True,False,False,False,False,False,1.9014200369506291,6.02934145,1.8205386121237335,False,-0.18085977753267488,False,52.57,True,1.0403617617082752,79.0,0.75,0,True,▆▅▄▅▁▂▄▃▇▄▄▄▆▁█▂▅▇▅▅,False,False,False,0,-0.009267303793802473,-0.14442916093535074,0.04123135720906024,-0.1124205751029157,UP,False,15,32.0,IGNORE,DISTRIBUTION,,NEUTRAL,C,WAIT,No standout factor,Non-Energy Minerals,33.3
ADANIGREEN,1303.0,1332.0,1332.0,1300.1,True,True,False,True,False,False,0.40822504593669606,81.1075804,0.4114305224784413,False,0.13883664673202592,False,36.92,False,0.991340538363429,80.0,0.62,0,True,█▂▂▃▃▄▃▂▃▃▃▂▂▃▂▁▂▇▅▃,False,False,False,0,-0.012878787878787934,-0.15202394897826366,0.037619873124074776,-0.12001536314582861,UP,False,14,32.0,IGNORE,NONE,,NEUTRAL,C,WAIT,CMF positive,Utilities,37.4
HUBTOWN,167.87,170.55,171.95,167.55,True,False,False,False,False,False,2.0236197513265313,12.372757628,1.8526580202419816,False,-0.18416214971757014,False,71.7,True,1.2642938381104363,98.0,1.62,0,False,▆▅▃▁▄▄▅▃▅▅▅▃▇▃▆▆▃▅▃█,False,False,False,0,-0.07915523861766327,-0.1582932210188528,-0.02865657761480056,-0.12628463518641775,UP,False,13,32.0,IGNORE,DISTRIBUTION,,NEUTRAL,C,WAIT,Delivery P98,Finance,27.7
ABREL,1191.5,1230.9,1231.0,1181.2,True,False,False,False,False,False,2.1537916589663033,39.991506,2.012411538033474,False,-0.26222268431413215,False,57.95,True,1.1977842541493562,86.0,1.06,0,True,█▅▆▄▃▇▅▆▄▇▇▅▇▆▄▇▇▁▅▇,False,False,False,0,-0.12098856510512723,-0.17360244139270353,-0.07048990410226452,-0.1415938555602685,UP,False,11,32.0,IGNORE,DISTRIBUTION,,NEUTRAL,C,WAIT,No standout factor,Process Industries,26.7
BLUESTONE,786.2,810.0,814.0,775.5,True,False,False,True,False,False,0.5785329917587174,76.95081878,0.5363119051604663,False,-0.10565671058721927,False,26.5,False,0.9827372012386197,27.0,-0.6,0,True,█▇▃▃▃▄▂▆▄▃▃▃▁▃▄▂▁▅▂▃,False,False,False,3,-0.038169806704183906,0.2880078636959371,0.012328854298678804,0.32001644952837216,FLAT,True,91,31.0,IGNORE,NONE,,NEUTRAL,C,WAIT,RS leader,Retail Trade,28.0
CYIENT,1082.3,1095.8,1099.1,1064.3,True,True,True,True,False,True,0.4413264521041975,26.69536242,0.42766267821457943,False,-0.13042346779063088,False,38.7,False,0.9577903998218065,17.0,-0.79,0,False,▁▁▄▂▂▃▄█▄▅▅▅▅█▄▆▄▃▃▄,False,False,False,1,-0.07873680626489621,0.2742685583092952,-0.0282381452620335,0.30627714414173024,FLAT,True,90,31.0,IGNORE,NONE,,NEUTRAL,C,WAIT,RS leader,Technology Services,25.7
FOSECOIND,6298.0,6488.0,6502.5,6257.0,True,False,True,True,False,True,0.40484457683166414,9.402914,0.38272767153625853,False,-0.29761859985683553,False,51.08,True,1.3296716169254597,54.0,0.16,0,False,▆▆▅▃▆█▆▆▃▅▅▂▁▃▄▆▇▆█▇,False,False,False,3,-0.02083333333333337,0.2260073973136072,0.02966532766952934,0.25801598314604224,FLAT,True,88,31.0,IGNORE,NONE,,NEUTRAL,C,WAIT,No standout factor,Process Industries,26.7
UNIPARTS,837.1,845.0,851.45,832.5,True,False,True,True,False,True,0.5885324145835461,8.22718622,0.5605606495645858,False,-0.024811898602700045,False,54.3,True,1.2584592565124686,68.0,0.49,0,False,▅▅▆▄▄▇▃▁▃▃▃▅▇▅▅▆█▆▆▇,False,False,False,8,-0.0630701214393643,0.2106442982138983,-0.012571460436501591,0.24265288404633334,FLAT,True,86,31.0,IGNORE,NONE,,NEUTRAL,C,WAIT,No standout factor,Producer Manufacturing,27.6
SHREEPUSHK,496.85,510.1,510.1,492.05,True,True,True,True,False,True,0.28258354606269154,1.659628055,0.2823078545949345,False,-0.02672420876685835,False,57.1,True,1.2608753257077243,85.0,0.99,0,False,▃▆▄▇▅▂▃█▇▅▅▃▃▅▇▇▆▅▁█,False,False,False,9,0.056004250797024424,0.20667880995749854,0.10650291179988713,0.2386873957899336,FLAT,True,86,31.0,IGNORE,SEED,,NEUTRAL,C,WAIT,No standout factor,Process Industries,26.7
MATRIMONY,521.35,536.1,536.1,515.0,True,False,True,True,False,True,0.5710393329553033,0.41739281,0.5626866123013331,False,0.167695453809193,False,70.7,True,1.130259623992838,66.0,0.49,0,False,▂▁▁▄▄▅▄▇▅▅▅▄▃▅▇▆▃▅█▆,False,False,False,1,0.005108926161557781,0.18569479190357074,0.05560758716442049,0.2177033777360058,FLAT,True,84,31.0,IGNORE,NONE,,NEUTRAL,C,WAIT,CMF positive,Technology Services,25.7
MCX,3263.5,3310.0,3321.0,3251.7,True,False,True,True,False,True,0.563647332185446,355.8513873,0.5568776220839895,False,-0.04212513917030375,False,39.58,True,1.0364783826956818,50.0,0.07,0,False,▇▁▇▂▃▃▃▆▇▄▄▃▅█▃▃▅▂▃▅,False,False,False,3,-0.040147058823529425,0.1580908445706175,0.010351602179333286,0.19009943040305255,FLAT,True,82,31.0,IGNORE,NONE,,NEUTRAL,C,WAIT,No standout factor,Finance,27.7
PPLPHARMA,206.59,209.9,212.32,205.21,True,False,True,True,False,True,0.6625916469018217,55.030225319,0.6343976293719663,False,-0.09132529683861561,False,42.82,True,1.0414437202062456,72.0,0.51,0,True,▅▂▅▄▄▃▁▅▇▇▇▇▇█▄▆▅▃▅▅,False,False,False,2,-0.03642723880597021,0.15497288533571862,0.014071422196892502,0.18698147116815367,FLAT,True,82,31.0,IGNORE,NONE,,NEUTRAL,C,WAIT,No standout factor,Health Technology,33.7
PATANJALI,390.8,400.5,403.05,385.2,True,True,True,False,False,False,0.6803654579160311,136.43390752,0.7069154027751279,False,0.4411294667740004,False,37.31,False,0.9912327311370882,44.0,-0.22,0,True,█▃▅▆▆▆▅▆▅▅▅▃▄▅▁▁▂▃▄▄,False,False,False,1,0.1327536231884059,0.1521226415094341,0.1832522841912686,0.18413122734186915,FLAT,True,81,31.0,IGNORE,NONE,,NEUTRAL,C,WAIT,CMF positive,Process Industries,26.7
TBOTEK,1654.8,1681.0,1699.0,1640.3,True,False,True,True,False,True,0.31721588580152904,8.375439239999999,0.3078823399219297,False,-0.014286677577558636,False,46.5,False,0.9304373055336007,48.0,-0.1,0,True,▃▁▂▂▂█▁▃▂▂▂▃▁▁▄▃▄▆▂▂,False,False,False,3,-0.05174488567990365,0.14550740689464225,-0.0012462246770409413,0.1775159927270773,FLAT,True,81,31.0,IGNORE,NONE,,NEUTRAL,C,WAIT,No standout factor,Technology Services,25.7
VIJAYA,1501.4,1513.3,1513.3,1480.1,True,False,True,True,False,True,0.6901095275798363,15.703593020000001,0.6860874811549339,False,-0.08786865930505934,False,52.01,True,1.2300015372063051,63.0,0.15,0,False,█▇▄▃▅▄▄▁▅▆▆▇▆▅▄▇▄▇▇▇,False,False,False,12,-0.011195995785036827,0.1248969805948903,0.03930266521782588,0.15690556642732534,FLAT,True,79,31.0,IGNORE,NONE,,NEUTRAL,C,WAIT,No standout factor,Health Services,24.1
63MOONS,818.6,857.9,857.9,811.65,True,False,True,True,False,True,0.3135492996135613,13.334420979999999,0.2968194553730719,False,-0.03066642636018473,False,51.41,True,1.3538032100488484,64.0,0.39,0,True,▅█▆▄▅▆▆▆▃▁▁▄▄▅▅▁▄▄█▇,False,False,False,0,0.05103678500353093,0.1235245676640131,0.10153544600639364,0.15553315349644814,FLAT,True,79,31.0,IGNORE,NONE,,NEUTRAL,C,WAIT,No standout factor,Technology Services,25.7
GODREJAGRO,642.5,659.55,662.5,640.0,True,False,True,True,False,True,0.12039227318957677,6.903791,0.11747741965530893,False,-0.15319949128795157,False,44.39,True,1.014454664914586,29.0,-0.37,0,False,▆▁▃▅▆▆▇▆▇██▅▇█▇▆▇▄▆▆,False,False,False,10,0.04420607833577117,0.12344815527190067,0.09470473933863388,0.15545674110433572,FLAT,True,79,31.0,IGNORE,NONE,,NEUTRAL,C,WAIT,No standout factor,Process Industries,26.7
ICIL,440.2,445.7,446.45,435.0,True,False,True,True,False,True,0.3620074966347037,11.2083724,0.3525114401193371,False,-0.02619811908706126,False,48.01,True,1.287977357781921,73.0,0.58,0,True,▅▂▃▄▃▅▄▃▂▅▅▅█▇▆▆▁▆▅█,False,False,False,1,-0.06230695494727878,0.12167155051598932,-0.01180829394441607,0.15368013634842437,FLAT,True,78,31.0,IGNORE,NONE,,NEUTRAL,C,WAIT,No standout factor,Process Industries,26.7
SKFINDUS,2881.7,2899.0,2922.2,2850.0,True,False,True,True,False,True,0.34233348846980644,11.01155204,0.335015681682052,False,-0.6813085255490718,False,70.48,True,1.3036521867803603,82.0,0.88,0,False,▅█▃▅▅▄▃▄▆▄▄▁▃▆▂▃▃▃▄▇,False,False,False,3,-0.026321124476280655,0.0977904761904762,0.024177536526582055,0.12979906202291125,FLAT,True,76,31.0,IGNORE,NONE,,NEUTRAL,C,WAIT,No standout factor,Producer Manufacturing,27.6
JKPAPER,398.15,408.0,408.0,397.2,True,False,True,True,False,True,0.2758621777716949,6.96173238,0.2653012882727324,False,-0.07669681719282864,False,48.23,True,1.1013427109974423,60.0,0.21,0,False,▇▇▇█▄▁▄█▅▇▇▄▂▇▆▇▇█▇▇,False,False,False,9,0.004794952681387965,0.07043957521172195,0.055293613684250675,0.102448161044157,FLAT,True,71,31.0,IGNORE,NONE,,NEUTRAL,C,WAIT,No standout factor,Process Industries,26.7
SMARTWORKS,511.65,528.0,529.3,509.0,True,False,False,True,False,False,0.6021830866337827,2.204648685,0.5723325080910763,False,-0.11003644530024616,False,71.18,True,1.152665883972309,91.0,1.12,0,True,▂▆▆▅▃▃▃▃▅▅▅▃▄█▅▁▄▅▅▆,False,False,False,3,-0.04818156450562738,0.052669478448719165,0.002317096497235327,0.08467806428115421,FLAT,True,69,31.0,IGNORE,SEED,,NEUTRAL,C,WAIT,Delivery P91,Finance,27.7
INDIGOPNTS,1110.0,1128.0,1144.3,1098.8,True,False,True,True,False,False,0.8927984229761713,5.801415,0.8737349200607021,False,0.10104305654159558,False,32.88,False,0.6463216865693646,6.0,-1.51,0,False,▇███▇▅▆▄█▃▃▆▆█▅▅▇▆▅▁,False,False,False,5,-0.0372105126203488,0.029684601113172615,0.013288148382513909,0.06169318694560766,FLAT,True,65,31.0,IGNORE,NONE,,NEUTRAL,C,WAIT,CMF positive,Process Industries,26.7
PANAMAPET,467.35,473.4,483.4,463.3,True,False,True,True,False,True,0.4202194662684241,4.5368935950000004,0.4086888834088183,False,0.05363707301998423,False,41.73,False,0.9885463181209803,29.0,-0.51,0,True,▃▁▃▄▄▅▃▁▃▅▅▂▅▆▆▅█▇█▄,False,False,False,0,-0.008486262861992167,0.03099492609750709,0.042012398140870544,0.06300351192994214,FLAT,True,65,31.0,IGNORE,NONE,,NEUTRAL,C,WAIT,CMF positive,Process Industries,26.7
INOXINDIA,2051.1,2150.0,2153.6,2043.1,True,False,True,True,False,True,0.5889237375977997,41.07307239,0.5623942657923078,False,-0.09893983226745244,False,52.04,True,1.3457808580516695,69.0,0.43,0,False,▄▂▆▄▂▆▄▅▂▆▆▇▄▆█▅▄▆▁▇,False,False,False,6,-0.038937306719145304,0.023809523809523725,0.011561354283717407,0.05581810964195877,FLAT,True,64,31.0,IGNORE,NONE,,NEUTRAL,C,WAIT,No standout factor,Producer Manufacturing,27.6
STOVEKRAFT,797.15,806.0,824.9,795.0,True,False,True,True,False,True,0.5144471177546039,5.92728854,0.48941521925746434,False,-0.24363264539353588,False,46.32,False,0.9604677926036514,40.0,-0.13,0,True,▃▃▅▃▅▂▄▅▅▆▆▆▇▄▅▁▆█▃▄,False,False,False,7,-0.06129298162976926,0.024943747990999743,-0.01079432062690655,0.056952333823434786,FLAT,True,64,31.0,IGNORE,NONE,,NEUTRAL,C,WAIT,No standout factor,Consumer Durables,24.3
JINDALPOLY,679.65,695.0,704.0,675.0,True,False,True,True,False,False,0.16158922277250687,0.69840834,0.15172726038017592,False,0.10861957328896737,False,42.47,False,0.9075271114909984,37.0,-0.23,0,False,▅█▃▄▆▅▄▆▆▄▄▁▄▆▃▆▆▇▅▄,False,False,False,3,0.07650273224043702,0.020112570356472848,0.12700139324329973,0.05212115618890789,UP,True,63,31.0,IGNORE,NONE,,NEUTRAL,C,WAIT,CMF positive,Process Industries,26.7
CENTENKA,553.05,570.95,574.7,550.35,True,False,False,True,False,True,0.043349089115575265,1.4920182899999999,0.039784984078989394,False,0.15139066614706426,False,59.57,True,1.365798855911316,48.0,0.08,0,False,▇▆▁▂▄▅▆▆▅▆▆▇▇█▇▆▇█▇█,False,False,False,1,0.011430138990490057,0.006643611212231448,0.06192879999335277,0.03865219704466649,UP,True,60,31.0,IGNORE,NONE,,NEUTRAL,C,WAIT,CMF positive,Process Industries,26.7
AMAGI,560.0,578.0,579.85,558.5,True,False,False,True,False,False,0.48385194869241166,10.972192,0.47126754386315034,False,0.12483399567584705,False,42.93,False,0.9553481023221657,37.0,-0.35,0,True,▇▂▃▁▃▅▃▅▃▂▂▅█▅▄▂▃▆▃▃,False,False,False,0,-0.01986523146932706,-0.007092198581560294,0.03063342953353565,0.02491638725087475,UP,True,57,31.0,IGNORE,NONE,,NEUTRAL,C,WAIT,CMF positive,Technology Services,25.7
ECLERX,1816.2,1889.9,1890.0,1806.2,True,False,False,True,False,False,1.4397125523902596,54.20866626,1.342518066382282,False,-0.04587415477101195,True,66.78,True,1.6213066595450243,100.0,2.47,1,False,▁▃▃▄▅▅▃▃▅▆▆▄▃▅▅▆▄▅▅█,False,False,False,2,-0.08128888664070011,-0.03264980026631159,-0.0307902256378374,-0.0006412144338765469,FLAT,False,51,31.0,IGNORE,SEED,DEL67% ▁▃▃▄▅▅▃▃▅▆▆▄▃▅▅▆▄▅▅█ P100 Z+2.5,NEUTRAL,C,WAIT,Delivery P100,Commercial Services,27.2
NIACL,169.84,178.3,178.4,168.3,True,False,False,False,False,False,0.1285937116727178,30.674666528000003,0.10511804660905161,False,0.09389120148810383,True,31.48,True,1.7828623208925638,46.0,-0.17,2,False,▂█▂▅▃▃▃▃▇▄▄▅▁▅▅▅▆▇▇█,False,False,False,2,-0.11185483449249589,-0.039366515837104155,-0.06135617348963318,-0.007357930004669111,FLAT,False,49,31.0,IGNORE,NONE,DEL31% ▂█▂▅▃▃▃▃▇▄▄▅▁▅▅▅▆▇▇█ P46 Z-0.2 2D,NEUTRAL,C,WAIT,"2D high delivery, CMF positive",Finance,27.7
CEATLTD,3274.7,3350.0,3352.2,3260.0,True,False,False,False,False,False,1.0873783630869118,19.91934516,1.0578189377241114,False,-0.08641887447310548,True,53.12,True,1.185330640752435,90.0,1.18,0,True,█▅▇▇▇▂▅▆▇▅▅▆▆▅▄▁▂▄▆█,False,False,False,0,-0.04240138023803253,-0.03891644410530337,0.008097280764830184,-0.006907858272868328,UP,False,49,31.0,IGNORE,SEED,,NEUTRAL,C,WAIT,Delivery P90,Consumer Durables,24.3
IKS,1768.4,1815.8,1815.8,1755.5,True,False,False,True,False,True,0.6136284997710425,24.242465080000002,0.5942199120433631,False,0.0635779437108757,True,49.94,False,0.964548869639115,38.0,-0.32,0,False,▅▄▅▃▂▃▅▂▃▅▅▅▅█▆▃▁▄▄▄,False,False,False,1,0.019662111514732183,-0.07019296492980698,0.0701607725175949,-0.038184379097371934,UP,False,39,31.0,IGNORE,NONE,,NEUTRAL,C,WAIT,CMF positive,Commercial Services,27.2
MANAPPURAM,313.0,328.0,330.65,312.15,True,False,False,False,False,False,2.2453046396032526,269.6314086,2.145878355950535,False,0.006155375005016923,False,39.59,False,0.9025316022842552,47.0,-0.07,0,True,▆▄▃█▃▂▁▁▅▂▂▅▂▄▄▅▇▂▂▂,False,False,False,0,-0.07968244633931199,-0.07149213883120742,-0.029183785336449275,-0.039483552998772375,UP,False,38,31.0,IGNORE,NONE,,NEUTRAL,C,WAIT,CMF positive,Finance,27.7
INGERRAND,4226.8,4226.2,4285.1,4170.0,True,False,False,True,False,True,0.4494022723594594,4.870964320000001,0.4189785547722711,False,-0.20398122252421524,True,54.56,True,1.0743012414716508,49.0,-0.03,0,True,▆▅▄▆▆▆▂▇▂▁▁▄▄▅▃▇█▅▄▆,False,False,False,4,-0.128225224296174,-0.07365929562339724,-0.07772656329331129,-0.04165070979096219,FLAT,False,37,31.0,IGNORE,NONE,,NEUTRAL,C,WAIT,No standout factor,Producer Manufacturing,27.6
IMFA,1207.8,1220.4,1224.4,1205.0,True,False,False,False,False,False,0.6279856836520736,6.8566806,0.5970685377290679,False,-0.3018686184886249,True,54.11,True,1.032052565826491,93.0,1.45,0,True,█▃▄▆▆▆▇▃▆▇▇▄▁▆▅▁▃▃▄▅,False,False,False,0,-0.08333333333333326,-0.10327418516593667,-0.03283467233047055,-0.07126559933350163,UP,False,28,31.0,IGNORE,SEED,,NEUTRAL,C,WAIT,Delivery P93,Non-Energy Minerals,33.3
JNKINDIA,420.0,419.0,423.0,402.0,True,False,False,True,False,False,1.2830910146761145,5.349834,1.2767987836185366,False,-0.04044365086127537,True,50.46,False,0.9581497797356828,67.0,0.43,0,True,▅▄▅▄▂▄▂▅▂██▄▂▃▇▄▄▁▃▃,False,True,False,0,-0.03170028818443804,-0.10399999999999998,0.01879837281842467,-0.07199141416756494,UP,False,28,31.0,IGNORE,NONE,,NEUTRAL,C,WAIT,No standout factor,Producer Manufacturing,27.6
ACUTAAS,3214.4,3272.5,3273.1,3184.3,True,False,False,True,False,True,0.6479629255981835,65.03309792,0.6313132558462822,False,0.08212326421830156,True,48.69,False,0.9792052127745152,50.0,0.03,0,False,█▃▇▇▇▆▄▆▁▂▂▃▅▅▃▅▃▂▄▄,False,False,False,0,0.017022084414351824,-0.1208358404901263,0.06752074541721453,-0.08882725465769126,UP,False,23,31.0,IGNORE,NONE,,NEUTRAL,C,WAIT,CMF positive,Health Technology,33.7
ACC,1213.5,1236.0,1236.4,1210.8,True,False,False,False,False,False,1.2926379596612791,18.39896565,1.2486182175207154,False,-0.2060031441237901,True,68.12,True,1.3384418901660282,98.0,1.94,0,True,▇▃▅▅▄▄▃▄▅▁▁▅▃▇▁▃▁▇▄█,False,False,False,0,-0.049353701527614535,-0.12154336180686265,0.001144959475248175,-0.0895347759744276,UP,False,22,31.0,IGNORE,SEED,,NEUTRAL,C,WAIT,Delivery P98,Non-Energy Minerals,33.3
MASFIN,279.1,282.75,283.45,276.3,True,False,False,False,False,False,0.752743364570136,6.09654876,0.7123843941489572,False,0.02410866108946693,False,77.88,True,1.1790442595774637,98.0,2.19,0,True,▃▂▂█▃▅▆▂▃▅▅▁█▄▂▂▆▂▂▆,False,False,False,0,-0.08356591692661297,-0.12301649646504309,-0.03306725592375026,-0.09100791063260805,UP,False,22,31.0,IGNORE,SEED,,NEUTRAL,C,WAIT,"Delivery P98, CMF positive",Finance,27.7
JKLAKSHMI,494.8,510.0,510.45,491.25,True,False,False,False,False,False,0.9610708045936274,5.9036072399999995,0.9245128265161531,False,-0.23331984086510912,True,69.77,True,1.271052895257007,90.0,1.13,0,True,▃▃▃▂█▅▃▄▂▁▁▂▃▂▅▃▄▂▂▆,False,False,False,0,-0.06799773968732337,-0.1342082239720035,-0.017499078684460656,-0.10219963813956845,UP,False,18,31.0,IGNORE,SEED,,NEUTRAL,C,WAIT,Delivery P90,Non-Energy Minerals,33.3
BAYERCROP,3671.8,3714.9,3714.9,3650.0,True,False,False,False,False,False,2.1491442020099156,20.30211656,2.053197108728784,False,-0.09965126714646085,True,53.72,False,0.885956955553723,36.0,-0.25,0,True,▄▂▅▂▆▃▆▃▃▃▃▂▂▆▃▁█▁▂▂,False,False,False,0,-0.07532297464050963,-0.13825717571405094,-0.024824313637646922,-0.1062485898816159,UP,False,17,31.0,IGNORE,NONE,,NEUTRAL,C,WAIT,No standout factor,Process Industries,26.7
LAXMIDENTL,192.7,197.1,198.76,191.07,True,False,False,False,False,False,0.7765785955662549,1.01697425,0.7583212221586207,False,0.07684035675539827,True,57.42,True,1.0402833512994483,85.0,0.97,0,True,▃▄▄▃▄▅▄▅▃▅▅▁▃▃▄▆█▄▄▄,False,False,False,0,-0.014322250639386302,-0.140537888586593,0.03617641036347641,-0.10852930275415795,UP,False,17,31.0,IGNORE,SEED,,NEUTRAL,C,WAIT,CMF positive,Health Services,24.1
RALLIS,199.42,200.3,200.5,198.14,True,False,False,False,False,False,0.7498671169833409,9.352977478,0.7301293698679121,False,-0.0680460207996043,True,68.81,True,1.2493191473909728,97.0,1.95,0,True,▆▂▄▂▄█▇▆▄▅▅▁▅▅▇▂▃▄▂█,False,False,False,0,-0.037501809932911856,-0.1686330095468379,0.012996851069950854,-0.13662442371440287,UP,False,11,31.0,IGNORE,SEED,,NEUTRAL,C,WAIT,Delivery P97,Process Industries,26.7
GODREJIND,1076.1,1100.0,1107.6,1060.3,True,False,False,False,False,False,1.2021416353325525,13.43134215,1.1422475244438464,False,-0.21498512531271452,True,68.0,True,1.7027883158672326,96.0,1.93,1,False,▆▁▅▄▃▅▅▆█▄▄▁▅▇▄▅▄▅▁█,False,False,False,0,-0.05147642133098285,-0.2115328253223916,-0.0009777603281201364,-0.17952423948995655,UP,False,6,31.0,IGNORE,SEED,DEL68% ▆▁▅▄▃▅▅▆█▄▄▁▅▇▄▅▄▅▁█ P96 Z+1.9,NEUTRAL,C,WAIT,Delivery P96,Process Industries,26.7
RKFORGE,703.1,701.2,715.45,690.15,True,False,True,True,False,True,1.2971484992054718,54.35511418000001,1.27027909456868,False,-0.04324968869202028,True,49.94,True,1.0501082911033075,48.0,-0.06,0,False,▄▂▄▂▅▂▄▄▂▅▅▃▃█▇▁▃▄▄▄,False,False,False,1,-0.05446476600322758,0.2507337899137241,-0.003966105000364872,0.2827423757461591,FLAT,True,89,30.0,IGNORE,NONE,,NEUTRAL,C,WAIT,No standout factor,Producer Manufacturing,27.6
KTKBANK,321.85,335.5,337.3,320.45,True,False,True,True,False,True,0.5287893731481655,35.268419555,0.5155272763253154,False,1.9027430216422554e-07,False,47.78,False,0.876447982683824,44.0,-0.08,0,False,▃▄▁▄▂▄██▅▃▃▃▂▆▆▂▂▂▁▂,False,False,False,4,-0.0396837237058032,0.16930063578564947,0.010814937297059513,0.2013092216180845,FLAT,True,83,30.0,IGNORE,NONE,,NEUTRAL,C,WAIT,CMF positive,Finance,27.7
QUESS,340.9,342.0,350.0,335.3,False,False,True,True,False,True,1.1274280718281005,23.01511352,1.081949888394339,False,0.003664689394761873,False,44.93,True,1.1207283611873287,30.0,-0.39,0,False,▂▄▄▃▁█▃▂▅▆▆▇█▅▂▅█▇▇▆,False,False,False,2,-0.10700720366732164,0.1557891167994574,-0.05650854266445893,0.18779770263189244,FLAT,True,82,30.0,IGNORE,NONE,,NEUTRAL,C,WAIT,CMF positive,Commercial Services,27.2
CONFIPET,85.65,88.27,88.8,84.36,True,False,True,True,False,True,0.5063222331645986,17.224377735,0.498671567774396,False,0.03728815469386049,False,43.67,False,0.9774823171277643,42.0,-0.16,0,False,▃▄▄▃▅██▂▃▂▂▁▂▃▄▄▁▃▂▃,False,False,False,4,0.052599238048420816,0.11727106704930867,0.10309789905128353,0.14927965288174372,FLAT,True,78,30.0,IGNORE,NONE,,NEUTRAL,C,WAIT,CMF positive,Retail Trade,28.0
ULTRAMAR,420.0,425.0,432.35,416.4,True,False,True,True,False,True,0.3000983554061163,1.046976,0.29078529139297016,False,0.17583067211810868,True,52.29,False,0.8995742118618554,12.0,-0.97,0,False,▁▃▇▅▅▄▅▃▄▅▅▆▅█▅▅▇▆▄▄,False,False,False,2,0.01941747572815533,0.11111111111111116,0.06991613673101804,0.1431196969435462,FLAT,True,77,30.0,IGNORE,NONE,,NEUTRAL,C,WAIT,CMF positive,Process Industries,26.7
SHRIPISTON,4645.3,4780.0,4843.0,4624.0,True,True,True,True,False,True,1.96085174506941,61.44895746,2.012208997590431,False,0.048039739394159356,False,49.08,False,0.93062942632043,49.0,0.05,0,False,▆▇▆▅▃▄▄▇▅▇▇▄▃█▄▅▇▁▄▄,False,False,True,1,0.007832161763429824,0.09719401010912176,0.058330822766292534,0.1292025959415568,FLAT,True,75,30.0,IGNORE,NONE,,NEUTRAL,C,WAIT,CMF positive,Producer Manufacturing,27.6
ASIANTILES,50.16,50.65,50.67,49.96,True,False,False,False,False,False,0.2676117830849575,3.3209631839999996,0.26709545123765466,False,0.22776733779116132,True,58.69,True,1.3801617909886181,88.0,1.21,0,True,▅▄▃▅▂▃▂▂▁▄▄▁▃▄█▂▂▄██,False,False,False,0,0.011086474501108556,0.08336933045356365,0.06158513550397127,0.1153779162859987,FLAT,True,74,30.0,IGNORE,SEED,,NEUTRAL,C,WAIT,CMF positive,Producer Manufacturing,27.6
BAJAJHLDNG,10900.0,10925.0,11027.0,10738.0,True,False,False,False,False,False,0.9103590462450107,43.60545,0.8857137694268478,False,-0.0019455526159866008,True,64.6,True,1.1691038077312867,92.0,1.4,0,True,█▅▄▆▃▅▃▃▂▂▂▄▄▅▅▅▃▅▁▆,False,False,False,1,-0.043775769804368814,0.04636651627147925,0.006722891198493897,0.0783751021039143,FLAT,True,67,30.0,IGNORE,SEED,,NEUTRAL,C,WAIT,Delivery P92,Finance,27.7
ELPROINTL,172.52,171.45,174.0,171.4,False,False,True,True,False,True,0.848037180042234,0.16558469600000003,0.8429459165276108,False,-0.2796764954989549,True,74.9,False,0.9035199884195037,29.0,-0.45,0,True,▆▂▆▇▁▂▄▅▆▅▅█▅▄▆▄█▇█▄,False,False,False,0,-0.014171428571428502,-0.010779816513761475,0.03632723243143421,0.021228769318673568,UP,True,56,30.0,IGNORE,NONE,,NEUTRAL,C,WAIT,No standout factor,Electronic Technology,27.3
TATAPOWER,367.0,363.0,367.8,362.65,False,True,False,False,False,False,0.35877151758092296,62.2206662,0.36441862571057376,False,0.08368078778117684,True,47.65,False,0.9852878839572801,56.0,0.13,0,False,█▄▁▂▇▅▆▁▃▆▆▃▂█▅▅▄▃▃▄,False,False,False,0,0.042613636363636465,-0.02678334659241588,0.09311229736649917,0.005225239240019164,UP,True,52,30.0,IGNORE,NONE,,NEUTRAL,C,WAIT,CMF positive,Utilities,37.4
BHARATSE,212.45,214.09,214.24,209.0,True,False,False,True,False,False,0.27905310723321197,0.9980263650000001,0.27003233746963734,False,0.03388298676457474,True,44.58,True,1.0662520928007655,60.0,0.29,0,True,▇▆▆▆▇▂▃▇▆██▆▃▆▇▁▆▅▅▆,False,False,False,0,-0.052619843924191834,-0.03912256897331523,-0.0021211829213291233,-0.007113983140880187,UP,False,49,30.0,IGNORE,NONE,,NEUTRAL,C,WAIT,CMF positive,Producer Manufacturing,27.6
VSTTILLERS,4307.3,4473.3,4473.4,4272.0,True,True,False,False,False,False,1.5895875518402616,6.3231164,1.6119789022869093,False,-0.09740990223042485,False,57.03,True,1.0231798772830027,67.0,0.48,0,False,▆▂▄▄▆▆▇▆▆██▇▄▁▄▃▅▂▁▅,False,False,False,0,-0.011656455794956555,-0.04092538576295346,0.038842205207906155,-0.008916799930518415,UP,False,48,30.0,IGNORE,DISTRIBUTION,,NEUTRAL,C,WAIT,No standout factor,Producer Manufacturing,27.6
POONAWALLA,445.15,461.55,461.8,442.05,True,False,False,False,False,False,0.9121721131176984,48.766672164999996,0.8727458721134949,False,0.12617271242335407,False,53.66,True,1.014568108981934,78.0,0.72,0,True,▅▇▃▆▇▇▆▆▆██▃▅▁▄█▇▆█▆,False,False,False,0,-0.04021129797326439,-0.04729802033172825,0.010287363029598318,-0.015289434499293209,UP,False,47,30.0,IGNORE,NONE,,NEUTRAL,C,WAIT,CMF positive,Finance,27.7
GEOJITFSL,78.3,80.81,80.81,78.12,True,False,False,True,False,True,0.6476124815731995,1.70048025,0.6234276142452267,False,-0.16062205304841276,False,60.75,True,1.1932119497967122,91.0,1.12,0,False,▅▇▇▃▆▆▅▆▅▇▇▄▁▅▅▆▆█▅█,False,False,False,5,-0.06024963994239074,-0.05571635311143275,-0.009750978939528032,-0.023707767278997705,UP,False,44,30.0,IGNORE,SEED,,NEUTRAL,C,WAIT,Delivery P91,Finance,27.7
NUVOCO,325.85,335.4,337.6,324.15,True,False,False,False,False,False,0.5513670408291086,7.14986587,0.5354339325568035,False,0.26298727822320533,False,51.83,True,1.0450544908308212,67.0,0.35,0,True,▅▃▃▁▂█▃▅▄▃▃▃▅▂▃▄▃▄▄▄,False,False,False,0,0.021793665725932998,-0.05796472969066191,0.07229232672879571,-0.025956143858226866,UP,False,43,30.0,IGNORE,NONE,,NEUTRAL,C,WAIT,CMF positive,Non-Energy Minerals,33.3
ADANIPOWER,202.75,200.0,203.6,196.1,False,False,False,True,False,False,0.7475533452008163,323.754302075,0.7315023073320791,False,-0.23340499913310458,False,52.15,True,1.3160219042571986,96.0,1.81,0,True,█▂▂▂▃▄▄▃▆▃▃▃▂▄▃▄▆▅▁▆,False,False,False,0,-0.05697674418604648,-0.06381308583829703,-0.006478083183183769,-0.03180450000586199,UP,False,41,30.0,IGNORE,SEED,,NEUTRAL,C,WAIT,Delivery P96,Utilities,37.4
AJMERA,119.62,119.8,120.9,118.0,True,True,False,False,False,False,0.9308778917945643,3.467831648,0.9503791457369446,False,0.10710688031557544,False,63.21,True,1.340387633063319,93.0,1.57,0,False,▆▅▅▄▅▃▆▅▁▅▅▂▃▆▃▃▄▄▄█,False,False,False,0,0.023267750213858074,-0.07906690276387696,0.07376641121672078,-0.04705831693144191,UP,False,35,30.0,IGNORE,SEED,,NEUTRAL,C,WAIT,"Delivery P93, CMF positive",Finance,27.7
SBICARD,591.0,608.55,610.0,590.5,True,False,False,False,False,False,0.4666948637749199,82.0426791,0.4267881082894745,False,0.0027549235231077883,True,49.48,False,0.8918207707004072,55.0,0.14,0,True,█▃▂▁▄▄▄▄▄▅▅▃▄▆▄▃▄▂▃▃,False,False,False,6,-0.08336564559906945,-0.0836498953407242,-0.03286698459620674,-0.05164130950828916,UP,False,34,30.0,IGNORE,NONE,,NEUTRAL,C,WAIT,CMF positive,Finance,27.7
SURYAROSNI,220.1,227.36,227.97,219.01,True,True,False,False,False,False,1.3078918700316564,11.26086625,1.3310864161483678,False,-0.15831470315075996,False,63.52,True,1.0999324663630539,96.0,1.39,0,True,▄▁▄▄▅█▅▅▄▅▅▂▄▇▇▃▃▅▁▆,False,False,False,0,0.0017750671339491486,-0.09011988424968997,0.05227372813681186,-0.05811129841725493,UP,False,32,30.0,IGNORE,SEED,,NEUTRAL,C,WAIT,Delivery P96,Non-Energy Minerals,33.3
GILLETTE,6925.5,7054.5,7055.0,6900.5,True,False,False,False,False,False,0.536406442360168,7.3174833,0.5146675261583563,False,0.07972039604040473,False,66.28,True,1.0968062220751285,88.0,1.13,0,True,▅▄▃▃▄▄▆▂▃▅▅▄█▆▄▃▄▃▁▅,False,False,False,0,-0.0550552599263201,-0.11393295803480041,-0.004556598923457389,-0.08192437220236537,UP,False,25,30.0,IGNORE,SEED,,NEUTRAL,C,WAIT,CMF positive,Consumer Non-Durables,29.3
GREENPLY,279.75,287.25,287.65,278.0,True,False,False,True,False,False,1.268325293195895,7.059015675,1.2050565257937393,False,-0.14578083005702655,False,66.53,True,1.1831657196717087,94.0,1.39,0,True,▄▃▄▁▆▃▃▄▃▆▆▃█▆▅▇▄█▇▇,False,False,False,0,-0.03600964851826327,-0.12999533509563055,0.01448901248459944,-0.0979867492631955,UP,False,19,30.0,IGNORE,SEED,,NEUTRAL,C,WAIT,Delivery P94,Producer Manufacturing,27.6
BANDHANBNK,181.0,187.0,187.0,180.6,True,True,True,True,False,False,0.7028613284322456,161.5599484,0.7153718526530654,False,0.2183595842393297,False,38.89,False,0.859086792286112,36.0,-0.37,0,False,█▅▆▁▆▃▄▃▇██▅▅█▆▇▄▄▄▄,False,False,False,0,0.10703363914373099,-0.14356014005867324,0.1575323001465937,-0.11155155422623819,UP,False,16,30.0,IGNORE,NONE,,NEUTRAL,C,WAIT,CMF positive,Finance,27.7
HINDPETRO,342.45,349.0,349.35,340.45,True,False,False,False,False,False,1.0531660381600465,139.01730353999997,1.013895502003096,False,0.1350210058686889,False,55.14,True,1.013342154592568,74.0,0.58,0,True,▆▂▆▄▇▃▃▆▅▁▁▅▇█▃▃▂▅▇▄,False,False,False,0,-0.06370471633629526,-0.1552787370498273,-0.013206055333432554,-0.12327015121739227,UP,False,14,30.0,IGNORE,NONE,,NEUTRAL,C,WAIT,CMF positive,Energy Minerals,27.5
SIGNPOST,264.4,273.8,273.8,263.5,True,False,False,True,False,False,0.12830009285784197,1.03110712,0.12650746500368013,False,0.09321439549344876,False,71.88,True,1.3615699348386119,90.0,1.05,0,False,████▇▁▄▂▄▇▇▃▅▆▇▇▇▆▇█,False,False,False,0,0.03788027477919531,-0.17349171616130044,0.08837893578205802,-0.1414831303288654,UP,False,11,30.0,IGNORE,SEED,,NEUTRAL,C,WAIT,"Delivery P90, CMF positive",Commercial Services,27.2
WALCHANNAG,203.03,211.0,211.01,202.0,True,False,False,False,False,False,0.49207081321778584,6.156986265,0.474100013822307,False,0.01098665898607227,True,49.83,True,1.0658937528743624,78.0,0.78,0,True,▇▅▇▅▄▄▁▄▄▆▆▆▄▇▆█▁▆▁▆,False,False,False,0,-0.05523499302000934,-0.18901537847014183,-0.004736332017146627,-0.15700679263770678,UP,False,9,30.0,IGNORE,NONE,,NEUTRAL,C,WAIT,CMF positive,Producer Manufacturing,27.6
INDIASHLTR,647.3,655.0,655.0,635.0,True,False,False,False,False,False,1.1795652775854908,6.01134564,1.1541977374094246,False,0.12163123482183506,False,60.74,True,1.060423540913773,60.0,0.23,0,True,█▆▄▄▇▇██▇▆▆▆█▇▄▅▁▅▄▆,False,False,False,0,-0.004153846153846175,-0.20591302214316387,0.046344814849016536,-0.17390443631072883,UP,False,6,30.0,IGNORE,NONE,,NEUTRAL,C,WAIT,CMF positive,Finance,27.7
HAPPYFORGE,1996.7,2059.9,2069.0,1981.3,True,False,False,True,False,False,0.9850999561369064,15.40354215,0.8800774884868322,False,-0.26415470454494666,False,67.38,True,1.1229251383241117,93.0,1.57,0,True,▅▃▄▂▅▄▃▇▅██▃▁▃▆▆▇▅▄▇,False,False,False,1,-0.17218076285240458,0.24172885572139302,-0.12168210184954187,0.27373744155382806,FLAT,True,88,29.0,IGNORE,SEED,,NEUTRAL,C,WAIT,Delivery P93,Producer Manufacturing,27.6
STEELCAS,370.75,379.5,380.05,365.35,True,True,True,True,False,True,0.8729515090881725,7.31111585,0.934060767220417,False,-0.0034591870992529456,False,50.17,False,0.9789268292682927,53.0,0.07,0,False,▅▅▇▇▆▇▅▇▅▆▆▇█▇▇▁▆▆▃▆,False,False,False,3,0.05989136649514015,0.21517535234349383,0.11039002749800286,0.24718393817592887,FLAT,True,87,29.0,IGNORE,NONE,,NEUTRAL,C,WAIT,No standout factor,Non-Energy Minerals,33.3
DHAMPURSUG,172.42,175.5,178.91,171.0,True,True,True,True,False,True,1.2966061915563647,17.033906302,1.3222316487544639,False,-0.062128204455353386,False,32.08,False,0.8698599492943233,19.0,-0.9,0,True,▂▅▅▄█▃▄▇▆▆▆▆▇▇▆▄▆█▁▄,False,False,False,0,-0.03778112617891627,0.18566909641039753,0.012717534823946441,0.21767768224283257,FLAT,True,84,29.0,IGNORE,NONE,,NEUTRAL,C,WAIT,No standout factor,Process Industries,26.7
SOTL,699.3,710.2,713.1,690.05,True,False,True,True,False,True,0.14556095595271826,12.185512289999998,0.13595484161658627,False,0.11649224635803129,False,30.54,False,0.9834481870290461,10.0,-1.34,0,False,▇▁▂▄▅▄▇▆▆▅▅▆▆▆▇▇▆█▆▅,False,False,False,1,0.015686274509803866,0.18595777155939963,0.06618493551266658,0.21796635739183468,FLAT,True,84,29.0,IGNORE,NONE,,NEUTRAL,C,WAIT,CMF positive,Process Industries,26.7
LALPATHLAB,1942.1,1952.3,1965.2,1907.5,True,True,True,True,False,True,0.4365000325079597,26.66425616,0.44310757580709326,False,-0.1200851546380876,False,50.56,False,0.9567603368341375,25.0,-0.5,0,False,▇▅▇█▆▄▇▆███▁▆█▇█▇▅▄▆,False,False,False,3,0.003876770391812334,0.14693202622098855,0.054375431394675044,0.1789406120534236,FLAT,True,81,29.0,IGNORE,NONE,,NEUTRAL,C,WAIT,No standout factor,Health Services,24.1
DIFFNKG,444.15,426.05,447.6,420.55,False,True,True,True,False,True,0.23484514655520486,7.577021339999999,0.21930105630489538,False,-0.38407724578074526,False,42.66,True,1.0876687531073517,23.0,-0.63,0,False,▁▂▅▇▃▅▆▅▅▇▇██▆▇█▆█▆▇,False,False,False,0,-0.08516992790937183,0.15020069921015144,-0.034671266906509124,0.1822092850425865,FLAT,True,81,29.0,IGNORE,NONE,,NEUTRAL,C,WAIT,No standout factor,Producer Manufacturing,27.6
ASTAR,702.0,725.0,730.0,700.0,False,True,True,True,False,True,0.265614581018004,0.0335556,0.250290734939532,False,-0.08393709649268065,False,79.34,True,1.259285124753984,43.0,0.13,0,False,█▄█▄▇▇█▇▇▂▂▃▅▁▂▂▃▅▄▆,False,False,False,2,0.16999999999999993,0.14893617021276606,0.22049866100286264,0.1809447560452011,UP,True,81,29.0,IGNORE,NONE,,NEUTRAL,C,WAIT,No standout factor,Commercial Services,27.2
ADOR,1611.7,1630.0,1656.9,1580.0,True,True,True,True,False,True,0.8277849198665714,5.5054060300000005,0.8067202639794709,False,-0.14352840013088317,False,38.56,False,0.7874771527472864,5.0,-1.47,0,False,▁▄▄▇▆▆▆▃█▇▇▆▆▇▅▅▄▄▃▃,False,False,False,3,-0.05483227773868171,0.1074692503263932,-0.004333616735819001,0.13947783615882825,FLAT,True,77,29.0,IGNORE,NONE,,NEUTRAL,C,WAIT,No standout factor,Producer Manufacturing,27.6
GANDHITUBE,952.5,982.0,986.15,950.0,True,True,True,True,False,True,0.3669630167632831,0.77962125,0.35585774629757616,False,0.2484357585992512,False,52.5,False,0.8091924259588931,22.0,-0.7,0,False,▅▆▆▇▆▅▅▆▅██▄▅▃▅▁▄▃▃▄,False,False,False,2,0.05721738165269996,0.10090152565880706,0.10771604265556267,0.1329101114912421,FLAT,True,76,29.0,IGNORE,NONE,,NEUTRAL,C,WAIT,CMF positive,Non-Energy Minerals,33.3
TARC,126.53,130.32,130.32,126.0,True,False,False,False,False,False,0.3916088852411559,2.709526073,0.38511798008257314,False,0.19190628939454757,False,64.43,True,1.1835482567324296,92.0,1.31,0,False,▃▁█▅▆▃▄▃▇▃▃▆▃▅▄▅▇▃▂▇,False,False,False,0,0.06830462681526517,0.08136056747286546,0.11880328781812788,0.11336915330530051,UP,True,74,29.0,IGNORE,SEED,,NEUTRAL,C,WAIT,"Delivery P92, CMF positive",Finance,27.7
JSWDULUX,3169.8,3229.9,3230.0,3149.7,True,True,True,True,False,True,0.8268572644363746,7.26803442,0.8289464529259991,False,-0.11159684231337871,False,44.48,False,0.7998201843110812,24.0,-0.81,0,True,▅▄▆▆█▂▆█▅▇▇▃▄▅▄█▂▆▁▄,False,False,False,2,0.0016748301469426963,0.055368736474113556,0.05217349114980541,0.0873773223065486,FLAT,True,69,29.0,IGNORE,NONE,,NEUTRAL,C,WAIT,No standout factor,Process Industries,26.7
SPORTKING,207.42,213.62,213.62,205.7,True,False,False,True,False,True,0.5679879219932285,3.5606961719999997,0.5416850041916255,False,-0.09877078015143305,False,51.78,True,1.038955827322251,42.0,-0.17,0,True,▃▁▄▄▅▅▄▄▄▆▆▅▅▆▅▄▅▇█▅,False,False,False,3,-0.08508667460632535,0.04996203492786622,-0.03458801360346264,0.08197062076030126,FLAT,True,68,29.0,IGNORE,NONE,,NEUTRAL,C,WAIT,No standout factor,Process Industries,26.7
GOKULAGRO,216.16,221.89,223.07,215.5,True,False,False,True,False,True,0.6814466939292496,4.99837576,0.6444630635808745,False,-0.37238600890695783,False,51.15,True,1.1022281601517046,90.0,1.2,0,True,▅▅▇▆▆▆▅██▇▇▅▆▆▃▇▄▁▅▆,False,False,False,0,-0.11446128635804997,0.023145737681639522,-0.06396262535518726,0.055154323514074566,FLAT,True,64,29.0,IGNORE,SEED,,NEUTRAL,C,WAIT,Delivery P90,Process Industries,26.7
SANGHVIMOV,444.3,458.9,460.05,442.45,True,True,True,True,False,True,0.7324983379699351,8.12873508,0.7459017119297408,False,-0.08313526630284879,False,47.75,False,0.9336566098977377,53.0,0.17,0,True,▅▇▄▆▇▆▅▅▇▇▇███▇▆▇▁▅▅,False,False,False,0,-0.028321487151448888,0.017519752662315424,0.022177173851413823,0.04952833849475047,FLAT,True,62,29.0,IGNORE,NONE,,NEUTRAL,C,WAIT,No standout factor,Finance,27.7
BECTORFOOD,211.52,215.0,215.0,210.4,True,False,False,False,False,False,0.4228446801390071,10.620567264,0.3922912709227056,False,0.02060496093232375,True,46.03,True,1.169892363802722,29.0,-0.36,0,True,█▅▄▂▆▅▅▃▁▂▂▅▄▅▄▄▃▆▄▆,False,False,False,0,-0.0678242474990084,0.006854531607006775,-0.017325586496145684,0.03886311743944182,FLAT,True,60,29.0,IGNORE,NONE,,NEUTRAL,C,WAIT,CMF positive,Consumer Non-Durables,29.3
MONARCH,350.1,365.45,365.45,348.0,True,False,False,True,False,True,0.6701736570332838,2.3266595700000003,0.6274893547142916,False,-0.043014746279324736,False,73.12,True,1.289537498346634,91.0,1.36,0,True,▅▃▄▁▆▄█▅▂▄▄▃▅▇▇▅▄▇▅█,False,False,False,0,-0.08013662637940089,-0.021657118904569006,-0.029637965376538178,0.010351466927866038,FLAT,True,54,29.0,IGNORE,SEED,,NEUTRAL,C,WAIT,Delivery P91,Finance,27.7
NIRLON,608.0,605.05,614.9,605.0,False,False,False,True,False,True,0.2398787115673703,0.1135136,0.23237848946992898,False,-0.25685713360695045,False,73.95,True,1.004980736170473,43.0,-0.09,0,True,▅▄▆▁▆▆▇█▇▄▄▆▂▃▄▃▅█▆▅,False,False,False,3,-0.054285269870897435,-0.022508038585209,-0.0037866088680347243,0.009500547247226043,FLAT,True,53,29.0,IGNORE,NONE,,NEUTRAL,C,WAIT,No standout factor,Finance,27.7
CHEMPLASTS,195.88,200.0,201.04,194.22,True,True,True,False,False,False,0.21333076910868842,6.701015624,0.2228965058441381,False,0.20678796850683073,False,36.67,False,0.937503994682279,16.0,-0.82,0,False,█▇▆▇▆▁▄▆▅██▆▆▅▃▁▄▆▃▅,False,False,False,0,0.10967595739859504,-0.028517581709071038,0.16017461840145775,0.0034910041233640055,UP,True,52,29.0,IGNORE,NONE,,NEUTRAL,C,WAIT,CMF positive,Process Industries,26.7
AARTIIND,476.6,485.6,487.75,475.5,True,False,False,True,False,True,0.49885555257498365,12.8958428,0.47882210525825153,False,-0.12533097522013453,True,50.75,True,1.1011065307008028,82.0,0.81,0,True,▆▃▆▄▆▄▃▅▃██▃▁▅▄▄█▅▄▆,False,False,False,0,-0.09115179252479011,-0.03794913201453365,-0.0406531315219274,-0.005940546182098605,FLAT,False,50,29.0,IGNORE,NONE,,NEUTRAL,C,WAIT,No standout factor,Process Industries,26.7
BAJAJHFL,82.52,83.14,83.14,82.0,True,False,False,False,False,False,1.0104556676766752,23.727850311999998,0.9963094620686848,False,0.054432527292652695,True,61.4,True,1.1511600656198735,88.0,1.03,0,False,▄█▄▅▅▁▃▅▇▅▅▂▃▆▄▆▃▅▃█,False,False,False,0,-0.017852892168531254,-0.040799721027548586,0.03264576883433146,-0.008791135195113542,UP,False,49,29.0,IGNORE,SEED,,NEUTRAL,C,WAIT,CMF positive,Finance,27.7
FSL,256.0,260.5,260.55,255.05,True,False,False,False,False,False,0.161108037621921,10.2541056,0.14799198419860574,False,0.40358070463447787,True,33.59,False,0.8914898416869038,35.0,-0.35,0,True,▇▆█▅▄▆▄▆▆▅▅▁▄▇▆▃▅▆▅▄,False,False,False,0,-0.0332326283987916,-0.03993999624976552,0.017266032604071113,-0.007931410417330476,UP,False,49,29.0,IGNORE,NONE,,NEUTRAL,C,WAIT,CMF positive,Commercial Services,27.2
POWERGRID,269.25,268.7,269.75,266.9,False,True,False,False,False,False,0.6642474593793202,159.8878659,0.6709714726215916,False,-0.12054883847861803,True,67.68,True,1.108055009823183,75.0,0.59,0,True,▅▁▃▁▁▂▃▇▄▁▁▃▆█▅▅▆▅▅▆,False,False,False,0,0.01642129105322776,-0.04096170970614421,0.06691995205609047,-0.008953123873709168,UP,False,48,29.0,IGNORE,NONE,,NEUTRAL,C,WAIT,No standout factor,Utilities,37.4
NESTLEIND,1357.0,1357.0,1362.6,1348.3,False,False,False,False,False,True,0.29557048685444764,47.1588711,0.28574472437656667,False,-0.05701187861126633,True,67.06,True,1.1105223064948828,90.0,1.1,0,False,█▁▃▃▃▆▄▆▆▃▃▂▅▅▂▆▄▆▂▆,False,False,False,0,-0.06413793103448273,-0.046715841236389166,-0.013639270031620021,-0.014707255403954123,UP,False,47,29.0,IGNORE,SEED,,NEUTRAL,C,WAIT,Delivery P90,Consumer Non-Durables,29.3
BANKBARODA,235.22,234.55,236.03,234.12,False,False,False,False,False,False,0.34774975542581243,57.670369286,0.3449738420648891,False,0.08740511108496059,True,52.33,False,0.9790366787962694,65.0,0.36,0,True,▆▁▇▄█▄▇▇▃▄▄▄▁█▆▅▆▂▄▅,False,False,False,0,-0.023983402489626604,-0.052678211840515576,0.026515258513236106,-0.020669626008080533,UP,False,45,29.0,IGNORE,NONE,,NEUTRAL,C,WAIT,CMF positive,Finance,27.7
INDIGO,4945.0,4890.0,4956.0,4890.0,False,False,False,False,False,False,0.6377753190378844,198.916581,0.6341130631759597,False,0.1375577633886168,True,51.89,False,0.9322757121425812,42.0,-0.1,0,True,▆▃▃▃▅▂▅▄▆▃▃▁▂▅▁▄█▆▄▂,False,False,False,0,-0.0470225476970515,-0.06086791377836864,0.0034761133058112126,-0.0288593279459336,UP,False,43,29.0,IGNORE,NONE,,NEUTRAL,C,WAIT,CMF positive,Transportation,31.9
PHOENIXLTD,1952.2,1973.1,1973.1,1940.1,True,True,True,True,False,True,0.3699720416285832,30.190187340000005,0.3772215488542406,False,0.04038411364592871,False,53.01,False,0.951654309462686,35.0,-0.26,0,False,█▁▇▆▆▇▆▆▇▇▇▇▄▇▅▇▆▅▆▆,False,False,False,0,0.027473684210526317,-0.058727097396335526,0.07797234521338903,-0.026718511563900482,UP,False,43,29.0,IGNORE,NONE,,NEUTRAL,C,WAIT,CMF positive,Finance,27.7
AXISBANK,1221.3,1191.5,1225.0,1191.5,False,False,False,False,False,True,1.4135296710424456,833.3816563799999,1.3855834642376104,True,-0.025262917715117725,True,59.16,False,0.9535168590032879,34.0,-0.39,0,False,▆▄▅▁▄▄▄▆▅▃▃▅▃█▅▂▃▂▃▄,False,True,False,0,-0.027627388535031883,-0.06599877638421536,0.022871272467830828,-0.03399019055178032,UP,False,40,29.0,IGNORE,NONE,,NEUTRAL,C,WAIT,No standout factor,Finance,27.7
AURUM,218.95,219.05,221.22,215.0,True,False,False,True,False,True,0.6785656322248006,1.382297035,0.6673180037458076,False,-0.10962178487357548,True,72.39,True,1.2017830017182558,89.0,1.07,0,True,▃▄▄▄▆▆▅▄▆▆▆▅▇█▁▆▄▅▄▆,False,False,False,0,-0.053189189189189245,-0.06750425894378198,-0.002690528186326535,-0.03549567311134694,UP,False,40,29.0,IGNORE,SEED,,NEUTRAL,C,WAIT,No standout factor,Technology Services,25.7
PIXTRANS,1724.8,1733.0,1748.7,1711.6,True,False,False,True,False,True,0.7718934066789486,1.28273376,0.7589462776346342,False,-0.25660732475176146,True,56.26,True,1.0129180357383984,43.0,0.01,0,True,▄▇▆▇▆▇█▆▇▇▇▅▄▇██▁▄▆▆,False,False,False,0,-0.05157813702848346,-0.07134011737468371,-0.0010794760256207514,-0.039331531542248666,UP,False,39,29.0,IGNORE,NONE,,NEUTRAL,C,WAIT,No standout factor,Producer Manufacturing,27.6
RAINBOW,1372.6,1374.2,1384.1,1347.6,True,False,False,False,False,True,1.3283987938804787,20.01264526,1.276675337330749,False,-0.018009044747086464,True,72.64,True,1.277534976565042,89.0,1.21,0,True,▅▃▃▇▃▅▇▇▅▆▆▃▁▄▆▇▆▅▅█,False,False,False,0,-0.029758959496713144,-0.08021175366883337,0.020739701506149566,-0.04820316783639833,UP,False,35,29.0,IGNORE,SEED,,NEUTRAL,C,WAIT,No standout factor,Health Services,24.1
RAMCOCEM,848.65,867.55,869.75,845.7,True,False,False,False,False,False,0.38665259076167224,6.465100565,0.37609757716446696,False,0.0919073523750057,True,46.04,False,0.8159792992219485,23.0,-0.75,0,True,▄▂▁▂▁▃▄▃█▄▄▅▃▄▂▇▇▂▅▂,False,False,False,0,-0.03513160138707294,-0.08333333333333326,0.015367059615789769,-0.051324747500898216,UP,False,34,29.0,IGNORE,NONE,,NEUTRAL,C,WAIT,CMF positive,Non-Energy Minerals,33.3
VIYASH,241.0,244.35,244.35,239.15,True,False,False,True,False,False,0.5047162359082535,33.883877,0.4772877916078451,False,-0.2258046771817549,True,56.22,True,1.0444087349873212,76.0,0.62,0,True,▂▄▄▃▃▆▆▃▄▃▃█▃▅▃▁▃▅▁▅,False,False,False,0,-0.08573596358118374,-0.08901908901908906,-0.03523730257832103,-0.057010503186654016,UP,False,32,29.0,IGNORE,NONE,,NEUTRAL,C,WAIT,No standout factor,Health Technology,33.7
RANEHOLDIN,1584.4,1580.6,1607.7,1534.5,False,False,False,True,False,False,1.050466425102151,2.69855008,1.014018089191614,True,-0.07301605370282195,True,67.72,True,1.1684020738619207,83.0,0.87,0,True,██▇▅▁▃▅▅▅▆▆▆▇▅▄▆█▆▆▇,False,False,False,0,0.011233086545825888,-0.09198234855865661,0.0617317475486886,-0.05997376272622157,UP,False,31,29.0,IGNORE,NONE,,NEUTRAL,C,WAIT,No standout factor,Producer Manufacturing,27.6
NGLFINE,2730.0,2906.1,2906.1,2709.2,True,False,False,True,False,False,0.9039019767011913,2.903082,0.8759199449935157,False,0.26980876350367555,True,49.48,False,0.9820188147501289,33.0,-0.48,0,True,▆▅▄▁▄▅▄▅▆▆▆▅▆█▅▅▄▃▃▅,False,False,False,0,0.03038309114927351,-0.09302325581395354,0.08088175215213622,-0.0610146699815185,UP,False,31,29.0,IGNORE,NONE,,NEUTRAL,C,WAIT,CMF positive,Health Technology,33.7
SYNGENE,376.0,380.0,380.0,374.0,True,False,False,False,False,False,0.4326427997983979,10.2073472,0.4233317520753659,False,0.07724516114082382,True,57.84,True,1.0683413372737347,73.0,0.54,0,False,▆▇▆▃▆▅▇▃▄▅▅▄▅█▂▃▁▃▄▆,False,False,False,0,-0.06175920149719272,-0.09961685823754796,-0.011260540494330007,-0.06760827240511291,UP,False,29,29.0,IGNORE,NONE,,NEUTRAL,C,WAIT,CMF positive,Commercial Services,27.2
HAWKINCOOK,8125.5,8074.5,8148.0,7940.5,False,False,False,True,False,True,0.9383614197618574,1.34152005,0.924511027938025,False,-0.37280333160925827,True,67.56,True,1.0385218433916439,53.0,0.07,0,True,▆▅▄▁▃▂▄▃▆██▇▄▇▆▅▇▄▇▅,False,False,False,0,-0.017472793228536898,-0.10561364887176661,0.03302586777432581,-0.07360506303933156,UP,False,28,29.0,IGNORE,NONE,,NEUTRAL,C,WAIT,No standout factor,Producer Manufacturing,27.6
JSWENERGY,495.0,506.4,506.4,493.05,True,False,False,False,False,False,0.7943350935595701,78.3561735,0.7500777160947066,False,0.07644269463856125,True,53.76,False,0.9763539282990084,81.0,0.78,0,True,█▄▁▃▇▆▆▂▆▅▅█▅█▇▅▆▄▅▅,False,False,False,0,-0.04880860876249038,-0.11170928667563929,0.0016900522403723306,-0.07970070084320424,UP,False,26,29.0,IGNORE,NONE,,NEUTRAL,C,WAIT,CMF positive,Utilities,37.4
HDFCAMC,2444.0,2434.9,2456.2,2412.4,False,False,False,False,False,False,0.6565955025792531,121.0156376,0.6350533432655024,False,0.0514872808100461,True,62.84,True,1.0457646863038776,65.0,0.44,0,False,▇▄▄▃█▅▇▁▃▄▄▅▅█▃▆▆▆▄▆,False,False,False,0,-0.06360153256704981,-0.11487758945386062,-0.013102871564187102,-0.08286900362142557,UP,False,25,29.0,IGNORE,NONE,,NEUTRAL,C,WAIT,CMF positive,Finance,27.7
NUVAMA,1640.6,1651.0,1668.9,1605.1,True,False,False,True,False,False,1.68863755738209,84.73354474,1.5688179068360568,False,-0.021696456497527678,True,40.5,False,0.768603040252026,26.0,-0.55,0,False,▅▄▁▂▃▃▄▄▅▅▅▃▄▅▄▅▅▅█▂,False,False,False,0,-0.06443886861313874,-0.11510248112189869,-0.013940207610276034,-0.08309389528946365,UP,False,25,29.0,IGNORE,NONE,,NEUTRAL,C,WAIT,No standout factor,Finance,27.7
LINDEINDIA,6191.0,6200.0,6370.5,6145.0,False,False,False,False,False,False,1.579513078905249,20.8339532,1.552452257285323,True,-0.2607801370138243,True,29.67,False,0.5725422845730055,4.0,-1.72,0,False,▄▃▄▄▅▅██▅▅▅▄▁▅▆▃▃▄▅▁,False,False,False,0,-0.030459635110797856,-0.11512899306796254,0.020039025892064855,-0.0831204072355275,UP,False,25,29.0,IGNORE,NONE,,NEUTRAL,C,WAIT,No standout factor,Process Industries,26.7
HSCL,669.95,677.1,678.95,666.6,True,False,False,True,False,False,0.39889582778306987,93.23875036500002,0.4017694045868511,False,-0.020868361318051202,True,44.87,True,1.2356796651244768,87.0,1.15,0,True,▅▁▁▄▅▄▃▅▄▅▅▄▄█▄▆▅▄▄▆,False,False,False,0,0.016307645631068013,-0.12982205481231324,0.06680630663393072,-0.0978134689798782,UP,False,20,29.0,IGNORE,SEED,,NEUTRAL,C,WAIT,No standout factor,Process Industries,26.7
JAINREC,281.75,285.45,286.6,280.15,True,False,False,False,False,False,0.20685682711310924,11.6415719,0.2014817165216933,False,0.05206920690157786,True,41.61,True,1.1954320189614307,78.0,0.79,0,False,█▅▆▅▇▆▆▆▇██▆█▇▇▁▃███,False,False,False,0,0.017882947976878505,-0.1378518971848226,0.06838160897974122,-0.10584331135238756,UP,False,17,29.0,IGNORE,NONE,,NEUTRAL,C,WAIT,CMF positive,Non-Energy Minerals,33.3
HESTERBIO,2147.3,2172.3,2174.8,2136.0,True,False,False,True,False,False,0.18544263098263772,0.32510122,0.1704295772380846,False,0.06725972336423451,True,62.22,True,1.2622737969650246,55.0,0.26,0,False,▇▇▆▅▁▃▅▅▅▅▅▆▄█▆▇▅▆▅▇,False,False,False,0,-0.049404577449200904,-0.14904493936751995,0.0010940835536618065,-0.1170363535350849,UP,False,15,29.0,IGNORE,NONE,,NEUTRAL,C,WAIT,CMF positive,Health Technology,33.7
APTUS,237.47,244.0,244.0,237.0,True,False,False,False,False,False,0.4667616386091049,16.863837062,0.4495074586464795,False,0.14291002787764173,True,63.22,True,1.056952025880445,79.0,0.76,0,False,▂▂▁▅▄▂▅▁▅▂▂▃▃▄▅█▂▂▄▄,False,False,False,0,-0.0457303596544103,-0.22255688328695367,0.004768301348452408,-0.19054829745451862,UP,False,5,29.0,IGNORE,NONE,,NEUTRAL,C,WAIT,CMF positive,Finance,27.7
CEMPRO,1224.5,1243.0,1259.9,1220.0,True,False,False,True,False,False,0.5388748644884677,16.20882895,0.5211187062241474,False,-0.000742679630031202,True,59.64,True,1.0434326203910247,87.0,1.03,0,True,█▃▇▄▇▅▄▆▆▇▇▁▄▆▅▅▄▆▃▆,False,False,False,0,-0.0008975195822453763,-0.24738783036263057,0.049601141420617334,-0.21537924453019552,UP,False,3,29.0,IGNORE,SEED,,NEUTRAL,C,WAIT,No standout factor,Industrial Services,34.5
SAIL,184.2,185.71,188.22,182.76,True,True,True,True,False,True,0.8894439997566927,262.76209206,0.8768893803319949,False,-0.21160643424648787,True,31.75,False,0.7898402905617194,15.0,-1.02,0,False,▆▄▂▃▃▃▄▄▅▄▄▂▅█▄▄▄▂▁▂,False,False,False,0,-0.055384615384615477,0.13256271519921303,-0.004885954381752766,0.16457130103164808,FLAT,True,80,28.0,IGNORE,NONE,,NEUTRAL,C,WAIT,No standout factor,Non-Energy Minerals,33.3
TIIL,2929.4,3000.0,3005.4,2912.1,True,False,False,True,False,False,0.5144480245436597,5.13318762,0.4806656981652114,False,-0.33371201035684744,True,54.05,True,1.0566133635688313,44.0,-0.12,0,True,▃▆▇▄▅▆▅▆▆▄▄▃▅▅▇▆▃▁█▆,False,False,False,0,-0.10729849154350146,0.14113201667250985,-0.05679983054063875,0.1731406025049449,FLAT,True,80,28.0,IGNORE,NONE,,NEUTRAL,C,WAIT,No standout factor,Producer Manufacturing,27.6
JUBLFOOD,478.7,484.5,485.6,476.5,True,False,True,False,False,False,1.2780882470171946,55.91177704,1.258741244684022,False,0.015188112957494275,False,52.64,True,1.217067616152041,63.0,0.39,0,True,▃▆▄▂▃▁█▄▂▂▂▃▂▇▅▇▅▁▄▆,False,False,False,0,-0.034879032258064546,0.12675061786512876,0.015619628744798164,0.1587592036975638,FLAT,True,79,28.0,IGNORE,NONE,,NEUTRAL,C,WAIT,CMF positive,Consumer Services,25.2
NETWEB,4566.5,4545.0,4595.0,4456.0,False,False,False,True,False,False,0.5641499978679885,300.2720341,0.5233034480333301,False,-0.15860928351492184,True,23.37,True,1.0446326799722863,79.0,0.68,0,True,▅▁▁▃▂▃▇█▃▄▄▃▂▅▃▄█▄▆▄,False,False,False,0,-0.11989746752495867,0.09296091524855776,-0.06939880652209596,0.1249695010809928,FLAT,True,75,28.0,IGNORE,NONE,,NEUTRAL,C,WAIT,No standout factor,Electronic Technology,27.3
LTFOODS,408.5,422.0,422.0,405.3,True,False,False,False,False,True,0.9245499683249015,17.90018405,0.8596522022996953,False,0.035237211865907545,False,50.71,True,1.2778610757619668,86.0,0.93,0,True,▃▃▄▃▄▂▁▄▆▄▄▅▄▅▂▅▇▄▆█,False,False,False,2,-0.0852088232000896,0.06007525626054222,-0.03471016219722689,0.09208384209297726,FLAT,True,70,28.0,IGNORE,SEED,,NEUTRAL,C,WAIT,CMF positive,Process Industries,26.7
GPPL,159.88,163.18,163.4,159.6,True,False,False,True,False,False,0.5385175910246304,13.509348384,0.5263418655257317,False,-0.1950166159818248,True,57.88,True,1.0651257797979428,75.0,0.6,0,True,▅▄▁▂▁▅▄▂▄▃▃▃▃▃█▂▅▄▅▅,False,False,False,1,-0.045834328001909785,0.055452865064695045,0.004664333000952925,0.08746145089713009,FLAT,True,69,28.0,IGNORE,NONE,,NEUTRAL,C,WAIT,No standout factor,Transportation,31.9
VEDL,265.8,266.25,267.25,264.3,True,False,False,False,False,False,0.42549391666492475,94.41383454000001,0.41639511546823976,False,0.18082656053853735,True,50.27,False,0.9851261047639578,75.0,0.71,0,True,▄▁▃▃▂▃▃▅▅▄▄▃▂█▄▄▃▅▃▃,False,False,False,0,-0.05409252669039144,0.030632027917797622,-0.00359386568752873,0.06264061375023267,FLAT,True,65,28.0,IGNORE,NONE,,NEUTRAL,C,WAIT,CMF positive,Non-Energy Minerals,33.3
DOLLAR,269.5,270.45,272.0,265.35,True,False,True,False,False,False,0.6368099353146781,1.25255515,0.6367862397375114,False,0.11924785213035306,True,66.32,True,1.2278411878511852,83.0,0.86,0,False,▃▅▆▆▅▇▅▅▇▅▅▄▅▄▁▄▅▄▆█,False,False,False,0,0.002044989775051187,0.029018709431080758,0.0525436507779139,0.0610272952635158,FLAT,True,65,28.0,IGNORE,NONE,,NEUTRAL,C,WAIT,CMF positive,Consumer Non-Durables,29.3
ICICIAMC,3217.0,3233.0,3287.0,3179.1,False,True,True,True,False,True,0.594278653861352,136.1926601,0.6178342379737503,False,0.027226642036640426,False,57.53,False,0.9878684330273969,44.0,-0.12,0,False,▇▇▇▆▅▄▆▇▅▄▄▆▁█▅▆▆▆▆▅,False,False,False,0,-0.016117686637917794,0.01816685656412198,0.034380974364944916,0.050175442396557024,FLAT,True,62,28.0,IGNORE,NONE,,NEUTRAL,C,WAIT,CMF positive,Finance,27.7
COSMOFIRST,842.75,846.3,852.45,833.7,True,False,False,True,False,True,0.8176232466005503,4.74990755,0.7511009120798225,False,-0.3487900742932019,True,65.9,True,1.3308560696326515,93.0,1.37,0,False,▅▁▂▅█▃▆▄▇▅▅▁▅▆▄▆▅▄▆█,False,False,False,1,-0.09303702109341372,0.011826149597790936,-0.04253836009055101,0.04383473543022598,FLAT,True,61,28.0,IGNORE,SEED,,NEUTRAL,C,WAIT,Delivery P93,Process Industries,26.7
AUBANK,995.3,1015.2,1016.5,995.0,True,False,False,False,False,True,1.1770498102379985,134.12025807999999,1.1205573772914572,False,0.013806392764667387,False,61.6,True,1.1003143755358673,80.0,0.8,0,True,█▂▇▂▁▂▅▆▃▁▁▅▂▇▅▂▄▂▅▅,False,False,False,0,-0.08368624562695648,0.0020134903855835162,-0.03318758462409377,0.03402207621801856,FLAT,True,59,28.0,IGNORE,NONE,,NEUTRAL,C,WAIT,CMF positive,Finance,27.7
GPTINFRA,116.27,115.25,118.88,113.3,False,True,True,True,False,True,0.826171478235602,3.312404403,0.8348825601932798,False,-0.23999041463925275,True,46.69,False,0.9809132640734476,37.0,-0.15,0,False,██▁▂▆▆▆▃▄██▅▆▁▅▅▇▇▆▅,False,False,False,0,0.050695825049701826,-0.005048776313537617,0.10119448605256454,0.026959809518897426,UP,True,57,28.0,IGNORE,NONE,,NEUTRAL,C,WAIT,No standout factor,Industrial Services,34.5
POLYPLEX,1063.1,1086.2,1090.0,1055.0,True,False,False,True,False,True,0.6681838811740237,3.26329176,0.6235810461830628,False,-0.12326202371932114,True,59.95,True,1.0085631130028097,66.0,0.51,0,True,▆▃▄▇▇▆▇▅█▆▆▆▁▅▆▆▅▅█▆,False,False,False,0,-0.10104853712159645,-0.011391639931185193,-0.05054987611873374,0.02061694590124985,FLAT,True,56,28.0,IGNORE,NONE,,NEUTRAL,C,WAIT,No standout factor,Process Industries,26.7
BPCL,307.3,308.1,309.4,305.8,False,False,False,False,False,False,0.37962560250544547,56.27763134,0.372634664375572,False,0.31753546041457115,True,59.37,True,1.0965811492214772,80.0,0.84,0,False,▅▄▅▅▃▄▃▄▅▁▁▅▃█▅▅▅▄▄▅,False,False,False,0,-0.0336477987421383,-0.01506410256410251,0.01685086226072441,0.016944483268332533,FLAT,True,55,28.0,IGNORE,NONE,,NEUTRAL,C,WAIT,CMF positive,Energy Minerals,27.5
ALKYLAMINE,1799.8,1826.3,1845.9,1791.0,True,False,False,False,False,True,0.6150115139063168,6.42186638,0.5734632395998414,False,-0.37098044758074455,True,47.3,True,1.1472646349006148,67.0,0.48,0,True,▆▃▁▄▁▂▅▄▅▇▇▄▃█▃▄▂▅▅▅,False,False,False,0,-0.1018065675217088,-0.017039868924085266,-0.05130790651884609,0.014968716908349777,FLAT,True,55,28.0,IGNORE,NONE,,NEUTRAL,C,WAIT,No standout factor,Process Industries,26.7
VEEDOL,1364.1,1390.0,1390.0,1355.6,True,False,False,False,False,False,1.3024953616128896,1.46995416,1.2556445481091352,False,-0.30819740909297066,True,61.66,True,1.0499518956518776,70.0,0.47,0,True,▆▄▄▅▅▇▆▆▇██▆▁█▇▄▆▅▇▆,False,True,False,0,-0.07367920684503604,-0.02327080051553776,-0.023180545842173328,0.008737785316897284,FLAT,True,53,28.0,IGNORE,NONE,,NEUTRAL,C,WAIT,No standout factor,Energy Minerals,27.5
M&M,3030.0,2965.0,3045.0,2965.0,False,False,False,False,False,False,1.011011823926155,607.692255,0.975424269328761,True,-0.2930682847468593,True,65.68,True,1.0640745240988254,84.0,0.91,0,True,█▁▄▄▅▅▄▅▄▃▃▄▃▇▅▄▆▄▅▅,False,False,False,0,-0.09009009009009006,-0.02816088267368022,-0.03959142908722735,0.0038477031587548227,FLAT,True,52,28.0,IGNORE,NONE,,NEUTRAL,C,WAIT,No standout factor,Consumer Durables,24.3
TECHNOE,981.85,1006.2,1015.0,977.9,True,False,False,False,False,False,0.7642059365992547,10.235688065,0.759753813929425,False,-0.11274208021494224,True,55.23,True,1.0799976534543108,73.0,0.61,0,True,█▅▄█▆▆▇▃▂▇▇▁▃▅▂▁▄▃▄▆,False,False,False,0,-0.00020365561834934098,-0.03132399368587213,0.05029500538451337,0.0006845921465629123,UP,True,51,28.0,IGNORE,NONE,,NEUTRAL,C,WAIT,No standout factor,Industrial Services,34.5
CGPOWER,886.1,889.5,895.9,877.5,True,False,False,True,False,True,0.3540981675262533,83.62914329,0.35053744036647205,False,-0.03452975528004616,False,57.11,True,1.2257995277956644,83.0,0.94,0,True,█▆▆▄▅▃▅▅▆▆▆▄▁▅▃▄▅▅▄▆,False,False,False,0,-0.013141775253368904,-0.03888497207006891,0.03735688574949381,-0.006876386237633869,UP,False,50,28.0,IGNORE,NONE,,NEUTRAL,C,WAIT,No standout factor,Producer Manufacturing,27.6
EMMVEE,315.55,321.1,322.6,314.55,True,False,False,True,False,True,0.4151181991631316,31.831011585000002,0.3938067356954689,False,-0.018259472215040862,False,49.77,True,1.1505386286929586,92.0,1.15,0,False,▇▇▅▅▅▄▆▄▄▃▃▄▃▆▁▆▅█▄▆,False,False,False,0,-0.0215503875968992,-0.06225854383358098,0.02894827340596351,-0.030249958001145938,UP,False,42,28.0,IGNORE,SEED,,NEUTRAL,C,WAIT,Delivery P92,Electronic Technology,27.3
GVT&D,4282.4,4292.0,4327.6,4250.0,True,False,False,True,False,False,0.35628564771877,136.21415095999998,0.3411710149282516,False,0.015103289464215955,True,53.08,True,1.1047171087546956,47.0,-0.13,0,False,▇▅▇▅▆▅▁▃▄▄▄▅▄▇▅▃█▅▅▆,False,False,False,0,-0.028449566677254068,-0.06581444558364802,0.022049094325608642,-0.033805859751212974,UP,False,41,28.0,IGNORE,NONE,,NEUTRAL,C,WAIT,CMF positive,Producer Manufacturing,27.6
AVL,595.15,619.5,619.5,591.2,True,False,False,True,False,True,0.3831047823776513,4.741143445,0.37188188794728216,False,0.11826142428156106,False,54.91,False,0.9824304014885852,65.0,0.19,0,True,▆▄█▃▇▇▄▆▄▆▆▂▃▂▂▃▁▂▄▄,False,False,False,0,-0.008909242298084985,-0.06613839635964225,0.041589418704777725,-0.034129810527207205,UP,False,40,28.0,IGNORE,NONE,,NEUTRAL,C,WAIT,CMF positive,Retail Trade,28.0
INDUSINDBK,909.7,912.2,913.0,889.4,True,False,False,False,False,True,0.8744310265968819,163.27468443,0.8234987206338331,False,0.06269365704685542,False,49.99,False,0.8802606092621941,55.0,0.11,0,True,▅▁▅▄▄▄▆▅▄▆▆▅▅█▄▅▇▃▃▄,False,False,False,0,-0.10515443635648236,-0.11923318971777108,-0.05465577535361965,-0.08722460388533604,UP,False,23,28.0,IGNORE,NONE,,NEUTRAL,C,WAIT,CMF positive,Finance,27.7
DRREDDY,1198.3,1185.0,1211.9,1185.0,False,True,True,False,True,True,1.3555632643673374,205.93995783,1.3906219458330433,True,-0.22638631267915385,False,49.95,False,0.9068956752242275,28.0,-0.47,0,False,▆▁▅▄▅▂▄▅█▁▁▅▃▅▄▅▆▆▅▃,False,False,False,0,0.006974789915966451,-0.12398567146721262,0.05747345091882916,-0.09197708563477758,UP,False,21,28.0,IGNORE,NONE,,NEUTRAL,C,WAIT,No standout factor,Health Technology,33.7
KOTIC,151.05,150.42,152.57,150.42,False,True,True,False,True,False,0.23501876935432117,0.29926026,0.24573883600589,False,-0.3120979352159896,False,72.64,True,1.5099673644168208,72.0,0.69,1,False,▆█▇▇▆▆▆█▁▄▄▆▃▃▃▂▅▅▅▇,False,False,False,0,0.0003973773097556421,-0.1243985855892411,0.05089603831261835,-0.09238999975680606,UP,False,21,28.0,IGNORE,NONE,DEL73% ▆█▇▇▆▆▆█▁▄▄▆▃▃▃▂▅▅▅▇ P72 Z+0.7,NEUTRAL,C,WAIT,No standout factor,Process Industries,26.7
ZYDUSWELL,524.4,523.6,525.4,514.0,False,False,False,True,False,True,0.27428654480333964,8.37241308,0.2616340377374626,False,-0.12901206901062462,False,47.92,True,1.1389185977421272,70.0,0.62,0,True,▇▇██▇▁▅▆▅▇▇█▇▄▆▄▇▆▆▇,False,False,False,0,-0.011312217194570096,-0.12962655601659756,0.039186443808292615,-0.09761797018416252,UP,False,20,28.0,IGNORE,NONE,,NEUTRAL,C,WAIT,No standout factor,Consumer Non-Durables,29.3
LAOPALA,155.88,160.56,161.71,155.0,True,False,False,False,False,False,1.6448996241999359,3.5513516880000005,1.5752378610390458,False,-0.37032797784361665,False,59.45,True,1.1144959460092798,60.0,0.31,0,True,▄▄▆▅▅▇█▇███▇▄▁█▆▅▇▃▇,False,False,False,0,-0.10212545360290315,-0.16134933017700548,-0.05162679260004044,-0.12934074434457044,UP,False,13,28.0,IGNORE,DISTRIBUTION,,NEUTRAL,C,WAIT,No standout factor,Consumer Durables,24.3
JPOLYINVST,911.5,946.55,961.05,903.0,True,False,False,False,False,False,2.5389926978314104,1.04904535,2.3408322817146137,False,-0.31011768270427503,False,70.17,True,1.3721828403813248,94.0,1.39,0,False,▃▁▄▄▁▃▃▃▂▅▅▄▁▄▅▄▇█▇▇,False,False,False,0,-0.07966478190630044,-0.16307042512166003,-0.02916612090343773,-0.131061839289225,UP,False,12,28.0,IGNORE,DISTRIBUTION,,NEUTRAL,C,WAIT,Delivery P94,Finance,27.7
THANGAMAYL,5011.5,5100.0,5137.0,5001.5,True,False,False,True,False,False,0.4471844114952793,19.4736867,0.43561820485544045,False,0.12763200856356455,False,47.87,False,0.9245507131613763,80.0,0.95,0,True,▃▃▄▆▅▆▆▅▁▃▃▄▄█▄▄▃▆▄▃,False,False,False,0,-0.0740022172949002,-0.21517500587268024,-0.023503556292037486,-0.1831664200402452,UP,False,5,28.0,IGNORE,NONE,,NEUTRAL,C,WAIT,CMF positive,Consumer Durables,24.3
VRLLOG,287.0,288.4,288.5,285.0,True,False,True,True,False,True,1.0257885119313226,3.6749202,1.003074000603606,False,-0.06903741932319868,False,63.62,True,1.0348585649917856,75.0,0.63,0,True,▄▅▄▅█▅▅▅▇▇▇▄▅▅▃▁▅▅▆▆,False,False,False,0,-0.05327395678706903,0.25021780798048443,-0.002775295784206322,0.2822263938129195,FLAT,True,89,27.0,IGNORE,NONE,,NEUTRAL,C,WAIT,No standout factor,Transportation,31.9
TIL,232.5,232.3,237.15,227.05,False,False,True,False,False,False,0.19242702993719493,12.5384925,0.17440533300921804,False,0.37509899246836775,False,36.92,False,0.8683279043240001,9.0,-1.5,0,False,▅▇▇▇▅▇▇█▇█▃▁▂▂▃▄▄▄▆▄,False,False,False,5,0.0817475457125576,0.25533178554073754,0.1322462067154203,0.2873403713731726,FLAT,True,89,27.0,IGNORE,NONE,,NEUTRAL,C,WAIT,CMF positive,Producer Manufacturing,27.6
ASIANHOTNR,372.0,395.0,396.05,362.0,True,False,True,True,False,True,0.11743610624800631,0.3814116,0.11677707866704382,False,-0.0392687563146472,False,60.59,True,1.1429056475647943,73.0,0.64,0,False,▁▁▄▄▄▅▃▄▅▄▄▄▆█▄▅█▅▆▅,False,False,False,7,0.015283842794759916,0.2563323201621073,0.06578250379762263,0.2883409059945423,FLAT,True,89,27.0,IGNORE,NONE,,NEUTRAL,C,WAIT,No standout factor,Consumer Services,25.2
ARIHANTCAP,89.81,93.34,93.97,89.05,True,True,True,True,False,False,0.28938969417741633,2.820527955,0.28666505799029773,False,-0.15271770783818092,False,49.0,True,1.0009805523778394,63.0,0.45,0,False,▇██▇▆██▇█▇▇▆▆▇▇▂▁▅▄▆,False,False,False,7,0.15511254019292608,0.18890653958167847,0.2056112011957888,0.2209151254141135,FLAT,True,85,27.0,IGNORE,NONE,,NEUTRAL,C,WAIT,No standout factor,Finance,27.7
ANDHRSUGAR,95.13,97.4,97.4,94.46,True,False,True,True,False,True,0.8326473119962439,3.2897190689999998,0.811499011671457,False,-0.05959303185446395,False,43.4,True,1.0251564899019723,30.0,-0.41,0,True,▂▅▃▂▆▄▁▅█▆▆▅▆▄█▁▄▇▁▅,False,False,False,1,-0.04526294660778807,0.16168030284528023,0.005235714395074642,0.19368888867771528,FLAT,True,83,27.0,IGNORE,NONE,,NEUTRAL,C,WAIT,No standout factor,Process Industries,26.7
SUDARSCHEM,1199.6,1216.0,1225.3,1193.1,True,False,True,True,False,False,0.3161690856374134,11.34785612,0.3046219091145396,False,-0.25907626028296526,False,51.38,True,1.1060760992411605,64.0,0.23,0,False,█▁▄▄▄▅▇▅▇▅▅▃▃▄▆▇▅▅▅▆,False,False,False,5,-0.05304704767919166,0.1374389607926798,-0.002548386676328951,0.16944754662511485,FLAT,True,80,27.0,IGNORE,NONE,,NEUTRAL,C,WAIT,No standout factor,Process Industries,26.7
THEJO,2146.5,2185.0,2185.0,2141.6,True,False,True,True,False,True,0.6350634922867067,0.9693594,0.630023173751261,False,-0.053588028302173525,False,78.79,True,1.2629031223953326,88.0,1.17,0,False,▅▅▄▄▇▆▄▄▅▁▁▂▂▄▆▇▃▄▄█,False,False,False,4,0.033660791678705726,0.12358668341708534,0.08415945268156844,0.15559526924952038,FLAT,True,79,27.0,IGNORE,SEED,,NEUTRAL,C,WAIT,No standout factor,Distribution Services,36.7
WENDT,8459.0,8650.0,8650.0,8450.0,True,False,True,True,False,True,0.3438815418242196,4.4849618,0.33821701145440025,False,-0.05486562456180115,False,50.11,True,1.0696865227182975,32.0,-0.31,0,False,▄█▇▄▆▅▅█▁▄▄▃▃▃▆▂▂▇▄▅,False,False,False,8,0.03530995655100666,0.11611030478954998,0.08580861755386937,0.14811889062198502,FLAT,True,78,27.0,IGNORE,NONE,,NEUTRAL,C,WAIT,No standout factor,Producer Manufacturing,27.6
THELEELA,547.9,546.15,555.0,536.15,False,True,True,True,False,True,1.2039432360347702,20.73050877,1.1927696925361595,True,-0.06260065330676126,False,49.69,False,0.8943565006884511,26.0,-0.69,0,False,▁▄▁▆▆▄█▅▁▃▃▄▃▄▃▅▆▇▅▃,False,False,False,2,-0.03944600280504906,0.11237437823571206,0.011052658197813647,0.1443829640681471,FLAT,True,77,27.0,IGNORE,NONE,,NEUTRAL,C,WAIT,No standout factor,Consumer Services,25.2
STEL,608.7,619.3,626.05,600.05,True,False,True,True,False,True,0.8213898389922416,0.29966301,0.7881358338386591,False,-0.0708545324704985,False,68.13,True,1.0980474321678095,75.0,0.71,0,False,▂▂▂▂▆▁▃▁▃▄▄█▅▆█▃▁▂▃▅,False,False,False,3,-0.0794010889292196,0.10132078885471318,-0.02890242792635689,0.13332937468714823,FLAT,True,76,27.0,IGNORE,NONE,,NEUTRAL,C,WAIT,No standout factor,Finance,27.7
ANTHEM,851.1,868.0,875.6,849.0,True,False,False,True,False,True,0.5183327716111968,42.82164963,0.47635123226352716,False,-0.27842773012526423,False,62.21,True,1.1193378615446898,78.0,0.72,0,False,▅▁▂▃▂▂▄▄▆██▆▂█▃▂▁▄▂▆,False,False,False,4,-0.046973853647612085,0.07523213947318563,0.0035248073552506254,0.10724072530562068,FLAT,True,73,27.0,IGNORE,NONE,,NEUTRAL,C,WAIT,No standout factor,Health Technology,33.7
SGMART,729.5,725.05,746.0,720.0,True,False,False,True,False,True,0.5054695742205964,8.82702295,0.4819210770876512,False,-0.3186525052547321,False,54.31,True,1.0431291955170992,39.0,-0.17,0,True,█▁▃▂▂▃▃▆▃▆▆▂▆▅▁▅▅▆▃▅,False,False,False,1,-0.0918710319930287,0.07619679870177754,-0.041372370990165996,0.10820538453421258,FLAT,True,73,27.0,IGNORE,NONE,,NEUTRAL,C,WAIT,No standout factor,Utilities,37.4
TMB,861.75,875.0,879.35,858.0,True,False,False,True,False,True,0.9522471454427894,14.163636825,0.898502808610408,False,-0.13992872096905173,False,50.45,True,1.0456283615034665,53.0,0.09,0,False,▂▃▃▁▄▄▅▅▃██▅▄█▅▄▅▂▅▅,False,False,False,3,-0.07597040531846455,0.06910241300167486,-0.02547174431560184,0.1011109988341099,FLAT,True,71,27.0,IGNORE,NONE,,NEUTRAL,C,WAIT,No standout factor,Finance,27.7
GUFICBIO,420.4,424.55,425.05,413.6,True,False,True,True,False,True,0.4851776947894385,2.44824144,0.4690753879027944,False,-0.024317069331270102,False,53.37,True,1.0431978107896793,55.0,0.08,0,False,▃▄▁▄▅▃▅▅▅▅▅█▇▄▄█▇▆▅▅,False,False,False,5,0.009727392818541958,0.06768253968253957,0.06022605382140467,0.09969112551497461,FLAT,True,71,27.0,IGNORE,NONE,,NEUTRAL,C,WAIT,No standout factor,Health Technology,33.7
SHAILY,3033.5,3149.9,3159.1,3022.2,True,False,False,True,False,True,0.6890693102950498,35.1867799,0.6419729444087281,False,-0.14046943074371443,False,46.93,True,1.022161720664307,62.0,0.27,0,True,▇▆▆▆▆▇▅█▇▇▇▇▇▇▁▆▄▅▅▆,False,False,False,2,-0.07297619411423162,0.061480859402337495,-0.022477533111368908,0.09348944523477254,FLAT,True,70,27.0,IGNORE,NONE,,NEUTRAL,C,WAIT,No standout factor,Process Industries,26.7
HCG,691.2,703.3,709.3,684.0,True,False,True,True,False,True,0.39644211730359075,3.98151936,0.3919164279389874,False,-0.09668029859407944,False,60.06,True,1.0615996464869641,60.0,0.13,0,True,▃▄▂▇▂▃▃▃▁▄▄▄█▂▃▄▄▂▃▄,False,False,False,0,-0.05741170053184219,0.057365764111978024,-0.006913039528979481,0.08937434994441307,FLAT,True,70,27.0,IGNORE,NONE,,NEUTRAL,C,WAIT,No standout factor,Health Services,24.1
SIEMENS,3863.0,3841.1,3881.6,3828.1,False,False,False,True,False,True,0.2763067792940803,30.5431958,0.2707868742975184,False,-0.027950512382328305,False,49.99,True,1.1317636404799638,76.0,0.79,0,True,█▅▅▃▅▅▅▆▆▁▁▁▆▆▄▄▄▅▂▆,False,False,False,1,-0.056654456654456675,0.056157042869641405,-0.006155795651593965,0.08816562870207645,FLAT,True,69,27.0,IGNORE,NONE,,NEUTRAL,C,WAIT,No standout factor,Producer Manufacturing,27.6
BLACKBUCK,601.2,599.95,609.3,595.15,False,False,True,True,False,False,0.5431255795668964,27.011435040000002,0.5313368028521622,False,-0.015084945529839506,False,47.88,False,0.9652836579170196,46.0,-0.19,0,True,▇▄█▄▇█▇▆█▄▄▃▅▅▆▁▃▇▅▅,False,False,False,4,0.012462108454025067,0.047751829905890775,0.06296076945688778,0.07976041573832582,FLAT,True,68,27.0,IGNORE,NONE,,NEUTRAL,C,WAIT,No standout factor,Technology Services,25.7
NEPHROPLUS,671.0,696.65,696.65,667.25,True,False,False,True,False,True,0.43885074790935835,20.5059613,0.4125318815359149,False,-0.003731386653610371,False,60.47,True,1.1813546408267726,85.0,0.79,0,False,▅▁▃▇▃▄▂▄▅▂▂▄▄▄▄▅▄▆█▅,False,False,False,5,-0.02894356005788712,0.04851941557934203,0.02155510094497559,0.08052800141177707,FLAT,True,68,27.0,IGNORE,SEED,,NEUTRAL,C,WAIT,No standout factor,Health Services,24.1
PRSMJOHNSN,115.15,116.75,118.2,114.94,True,True,True,False,False,False,0.7543556431006484,2.828049455,0.7618779779183229,False,-0.06556678634924587,False,45.66,False,0.9373075501909102,34.0,-0.22,0,True,▄▄▅▄▇▄▂█▂▃▃▃▃▃▅▆▄▅▁▃,False,False,False,5,0.03533537133609066,0.049107142857142794,0.08583403233895337,0.08111572868957784,UP,True,68,27.0,IGNORE,NONE,,NEUTRAL,C,WAIT,No standout factor,Non-Energy Minerals,33.3
MUNJALAU,106.87,110.1,110.1,105.75,True,False,True,True,False,True,0.6106740557027376,2.704708708,0.5875800226537252,False,-0.20248703808518098,False,47.13,True,1.2763364566971782,64.0,0.45,0,True,▄▂▆▄▆▁▇▇▅██▅▅█▃▆▄▃▅█,False,False,False,0,-0.07703601347266609,0.043856221918343596,-0.026537352469803377,0.07586480775077864,FLAT,True,67,27.0,IGNORE,NONE,,NEUTRAL,C,WAIT,No standout factor,Producer Manufacturing,27.6
SIRCA,406.6,410.0,410.8,405.1,True,False,False,False,False,False,0.33975530906668167,2.9888759400000002,0.32767986228267026,False,-0.22395042550854902,False,59.45,True,1.5512270218789548,100.0,2.36,1,True,▄▂▃▁▆▄▅▆▃▆▆▅▅▇▆▄▃▂▂█,False,False,False,0,-0.0651799057362914,0.03486892339017578,-0.014681244733428689,0.06687750922261082,FLAT,True,65,27.0,IGNORE,SEED,DEL59% ▄▂▃▁▆▄▅▆▃▆▆▅▅▇▆▄▃▂▂█ P100 Z+2.4,NEUTRAL,C,WAIT,Delivery P100,Process Industries,26.7
KOVAI,6025.0,6085.0,6155.0,5993.0,True,False,True,True,False,True,0.9736748803403651,2.647385,0.9562960312918205,False,-0.05203011736882085,False,59.67,True,1.0197036758548799,32.0,-0.42,0,False,▆▆▇▇▅▅█▆▃▅▅▅▂█▁▄▃▅▅▅,False,False,False,5,-0.0081488188328257,0.016706041174485264,0.04234984217003701,0.04871462700692031,FLAT,True,62,27.0,IGNORE,NONE,,NEUTRAL,C,WAIT,No standout factor,Health Services,24.1
MUFIN,130.16,133.2,133.2,129.4,True,False,False,True,False,True,0.8381949558773502,5.90262584,0.8139362552790234,False,-0.20816448630125595,False,43.72,True,1.2061355109247405,62.0,0.28,0,True,▄▄▄▄▄▅▄▅▅██▆▂▁▆▄▂▅▅▅,False,False,False,1,-0.04665641251007113,0.011815920398009938,0.003842248492791578,0.04382450623044498,FLAT,True,61,27.0,IGNORE,NONE,,NEUTRAL,C,WAIT,No standout factor,Finance,27.7
TNPL,147.64,151.8,151.9,146.21,True,False,False,True,False,True,0.25823228139409354,1.7859272599999998,0.24771513116149732,False,-0.009646345477366631,False,54.52,True,1.1661782635665547,46.0,-0.06,0,False,▆▅▆▁▅▃▇█▅▇▇▇▅▇▇▇▇▆▅█,False,False,False,3,0.047984099943213954,0.011648622721666335,0.09848276094607666,0.04365720855410138,UP,True,60,27.0,IGNORE,NONE,,NEUTRAL,C,WAIT,No standout factor,Process Industries,26.7
PARKHOSPS,277.1,283.7,287.75,275.7,True,False,False,True,False,True,0.6424572628986076,9.76553049,0.6284556770539966,False,-0.005968854083560178,False,58.21,True,1.0509781264387532,81.0,0.93,0,True,▄█▃▁▇▂▃▅▁▄▄▅▂▂▅▃▃▅▅▄,False,False,False,0,-0.04448275862068962,0.003985507246376807,0.006015902382173088,0.03599409307881185,FLAT,True,59,27.0,IGNORE,NONE,,NEUTRAL,C,WAIT,No standout factor,Health Services,24.1
EICHERMOT,7355.0,7340.5,7381.0,7305.0,False,False,False,True,False,True,0.45261714073161374,143.1952305,0.4322829779395953,False,-0.10414202653276038,False,64.11,True,1.073518699922136,88.0,1.07,0,True,█▁▃▅█▅▇▅▄▆▆▆▅█▅▇▆▅▅▆,False,False,False,1,-0.09197530864197534,-0.008559681876390113,-0.04147664763911263,0.02344890395604493,FLAT,True,56,27.0,IGNORE,SEED,,NEUTRAL,C,WAIT,No standout factor,Consumer Durables,24.3
KPRMILL,1101.2,1106.3,1112.0,1087.2,True,False,False,True,False,True,0.3637415391445971,9.38255436,0.34942793452793414,False,-0.04600139818197879,False,46.84,True,1.000961641200983,54.0,0.21,0,True,▁▆▃▄▆▄▅█▇▇▇▆▄▇▇▁▃█▆▅,False,False,False,0,-0.06487771739130421,-0.010868588879906493,-0.014379056388441502,0.02113999695252855,FLAT,True,56,27.0,IGNORE,NONE,,NEUTRAL,C,WAIT,No standout factor,Consumer Non-Durables,29.3
IDFCFIRSTB,80.55,83.25,83.5,80.45,True,False,False,True,False,True,1.0083751855379774,169.65275067000002,0.9439722471734147,False,-0.13155775672954464,False,53.31,False,0.956430474447644,63.0,0.33,0,True,█▄▅▅▁▆▅▆▂▆▆▆▃▆▄▃▁▄▃▃,False,False,False,9,-0.06304524834244507,-0.015040352164343407,-0.01254658733958236,0.016968233668091637,FLAT,True,55,27.0,IGNORE,NONE,,NEUTRAL,C,WAIT,No standout factor,Finance,27.7
EPL,235.0,238.1,238.1,233.1,True,False,False,True,False,True,0.11789284549003001,27.592807,0.11473937365652062,False,-0.353353543700082,False,61.78,True,1.1735096067090254,88.0,1.19,0,True,▇█▁▄▄▆▅▇▄▆▆▄▇▇▇▇▄▅▆▇,False,False,False,0,-0.10325879569564222,-0.019812304483837306,-0.052760134692779515,0.012196281348597737,FLAT,True,54,27.0,IGNORE,SEED,,NEUTRAL,C,WAIT,No standout factor,Process Industries,26.7
KIRLOSENG,2141.2,2138.1,2160.0,2086.3,False,False,False,True,False,False,0.9163535482496755,83.08862364,0.9041200017524708,False,0.15146582290313965,True,52.96,False,0.9985105299873678,77.0,0.72,0,False,▇▆▇▆▄▄▄▆▃▃▃▄▆█▇▆▆▁▅▅,False,False,False,0,0.01991045060493457,-0.03623351487599591,0.07040911160779728,-0.0042249290435608655,UP,False,50,27.0,IGNORE,NONE,,NEUTRAL,C,WAIT,CMF positive,Producer Manufacturing,27.6
FEDFINA,150.72,151.41,151.44,148.21,True,False,False,True,False,True,1.4294143321367523,17.283650208,1.374685137542229,False,-0.025838948657844293,True,54.75,True,1.0478168090868205,78.0,0.58,0,False,▅▄▅▆▃▁▅▅▄▆▆▅▅▄█▄▄▇▃▆,False,False,False,2,-0.0414652760111931,-0.04462474645030423,0.009033384991669613,-0.012616160617869188,UP,False,48,27.0,IGNORE,NONE,,NEUTRAL,C,WAIT,No standout factor,Finance,27.7
DLINKINDIA,418.45,421.9,422.9,416.6,True,False,False,False,False,False,0.43584401341284074,1.24388447,0.41718498438932045,False,0.0048383229768081985,False,61.76,True,1.1900609867717475,90.0,1.1,0,True,▆▆▁▇▅▅▆█▆▇▇▅▆▇▆▅▆▆▇▇,False,False,False,0,-0.05242300724637694,-0.06710511648645645,-0.00192434624351423,-0.03509653065402141,UP,False,40,27.0,IGNORE,SEED,,NEUTRAL,C,WAIT,"Delivery P90, CMF positive",Electronic Technology,27.3
DREDGECORP,941.4,979.7,985.0,934.2,True,False,False,False,False,False,1.590604937903725,11.30649642,1.4410994985778836,False,-0.35046907716398645,True,46.16,True,1.0608811564891636,88.0,1.12,0,True,▁▃▄▅▁▅▆▅▇▅▅▄▅▅▄▇▆█▅▆,False,False,False,0,-0.14596752245305267,-0.07669674382110636,-0.09546886145018996,-0.04468815798867132,FLAT,False,36,27.0,IGNORE,SEED,,NEUTRAL,C,WAIT,No standout factor,Transportation,31.9
PILANIINVS,3997.5,4052.0,4052.0,3950.0,True,False,False,False,False,False,0.6304690234511726,0.57603975,0.6117838978032248,False,-0.26186839502434234,True,76.2,True,1.1800506399684083,91.0,1.37,0,True,▃▃▂▅▅▆▃▁▂▅▅█▆▆▃█▇█▂▇,False,False,False,0,-0.08175219368769227,-0.08492617603296326,-0.031253532684829555,-0.05291759020052822,UP,False,33,27.0,IGNORE,SEED,,NEUTRAL,C,WAIT,Delivery P91,Finance,27.7
TRANSRAILL,449.65,468.95,468.95,448.0,True,True,False,False,False,False,0.2106805249371944,20.44882298,0.2012197974784631,False,0.4162097637608551,True,38.74,False,0.8842427216598382,31.0,-0.46,0,False,█▆▇▇▆▅▆▆▇▆▆▄▅▆▆▁▁▄▃▅,False,False,False,0,0.02683261018497385,-0.09344758064516134,0.07733127118783656,-0.0614389948127263,UP,False,31,27.0,IGNORE,NONE,,NEUTRAL,C,WAIT,CMF positive,Industrial Services,34.5
SHILCTECH,4061.3,4075.6,4088.4,4025.0,True,False,False,False,False,False,0.601483408207928,3.7002504300000005,0.597984846651226,False,-0.018118604472753687,True,61.56,True,1.1309731586779594,90.0,1.19,0,True,▄▃▃▇▅▃▄▅▄▄▄▁▄▅██▁▃▄▆,False,False,False,0,0.006767476450173504,-0.099490022172949,0.057266137453036214,-0.06748143634051396,UP,False,29,27.0,IGNORE,SEED,,NEUTRAL,C,WAIT,Delivery P90,Producer Manufacturing,27.6
HOMEFIRST,1094.0,1105.0,1114.5,1081.6,True,False,False,False,False,True,0.7655799183617069,21.9413734,0.6955264219188716,False,0.2630397759972963,True,48.13,False,0.849130668736713,19.0,-0.73,0,False,▆▃▄▃▄▄█▄▆▄▄▁▆▄▄▃▂▃▂▃,False,False,False,0,-0.06070232677942822,-0.14074772227458376,-0.010203665776565507,-0.10873913644214872,UP,False,17,27.0,IGNORE,NONE,,NEUTRAL,C,WAIT,CMF positive,Finance,27.7
SAGCEM,149.64,151.65,152.92,148.01,True,False,False,False,False,False,0.6623074251461061,0.577849824,0.6528309703336221,False,-0.45146439333888033,True,79.77,True,1.185994647636039,96.0,1.69,0,True,▂▅▅▄█▄█▁▅▇▇▅▁▅▆▅▃▅▂▇,False,False,False,0,-0.06252349329657947,-0.17521909276304926,-0.012024832293716758,-0.1432105069306142,UP,False,10,27.0,IGNORE,SEED,,NEUTRAL,C,WAIT,Delivery P96,Non-Energy Minerals,33.3
POKARNA,718.15,728.85,734.45,714.1,True,False,False,False,False,False,0.2805681871045776,2.771987185,0.25856629102502887,False,-0.5002322471986946,True,58.28,True,1.1568312193572718,91.0,1.23,0,True,▄▇▅▅█▇█▇▁▄▄▄▆▃▇▄▆▆▇▇,False,False,False,0,-0.15991109551383287,-0.26063008339339033,-0.10941243451097016,-0.2286214975609553,UP,False,3,27.0,IGNORE,SEED,,NEUTRAL,C,WAIT,Delivery P91,Producer Manufacturing,27.6
PANACEABIO,366.45,374.6,374.6,364.3,True,False,False,False,False,False,0.45047066967999017,1.739501505,0.4322348555435852,False,-0.14238381164464778,True,61.98,True,1.164665426461469,94.0,1.3,0,True,▅▆▄▄▇▅▅▄▅▅▅▁▂▂▅▁▄█▁▆,False,False,False,0,-0.05334538878842687,-0.3323312380431812,-0.0028467277855641626,-0.30032265221074617,UP,False,1,27.0,IGNORE,SEED,,NEUTRAL,C,WAIT,Delivery P94,Health Technology,33.7
GIPCL,182.22,185.51,188.79,181.1,True,False,False,True,False,True,0.8264554576652064,7.066145381999999,0.7610720353125751,False,-0.10324148651088255,True,46.39,False,0.8685232857477182,13.0,-0.95,0,False,▄▃▂▂▇▇▄▆▅▃▃▃▄▆▁▄▃█▂▂,False,False,False,3,-0.0859751203852328,0.11674940246368837,-0.035476459382370096,0.1487579882961234,FLAT,True,78,26.0,IGNORE,NONE,,NEUTRAL,C,WAIT,No standout factor,Utilities,37.4
BALAJITELE,93.87,94.4,95.22,93.01,False,True,True,False,False,False,0.23594934081133048,0.623090286,0.23581223219533684,False,0.10327168410049126,True,51.0,False,0.9977208924711198,61.0,0.36,0,False,▅▇█▇▁▅▄▆▅██▄▄▅▅▆▄▅▆▅,False,False,False,0,0.021436343852013096,0.07096406160867086,0.0719350048548758,0.1029726474411059,FLAT,True,71,26.0,IGNORE,NONE,,NEUTRAL,C,WAIT,CMF positive,Consumer Services,25.2
WAKEFIT,138.26,142.3,142.3,137.8,True,False,False,False,False,False,0.21324440859562246,2.6928208899999997,0.19586234859819443,False,-0.22566656092962192,True,55.6,True,1.4047321281944392,82.0,0.88,0,True,▃▄▅▁▄▄▅▃▅▅▅▆▄▅▅▅▃█▁▇,False,False,False,7,-0.043845089903181256,0.06272098385857028,0.0066535710996814545,0.09472956969100532,FLAT,True,70,26.0,IGNORE,NONE,,NEUTRAL,C,WAIT,No standout factor,Retail Trade,28.0
NAUKRI,1253.9,1250.8,1263.0,1234.4,True,False,False,True,False,True,0.8184929893750233,134.21921146000003,0.7992615349983657,False,-0.02697459794515811,True,53.56,False,0.9534490431686694,34.0,-0.31,0,True,█▂▄▃▄▅▄▄▄▄▄▄▅▅▄▂▄▃▁▄,False,False,False,0,-0.0450114242193449,0.05237096097356275,0.005487236783517813,0.0843795468059978,FLAT,True,69,26.0,IGNORE,NONE,,NEUTRAL,C,WAIT,No standout factor,Technology Services,25.7
TECHM,1550.5,1540.0,1554.7,1526.6,False,False,False,True,False,True,0.48735420626380016,141.6077852,0.478994643051218,False,-0.006084333944763027,True,58.9,True,1.0868061001374651,72.0,0.62,0,False,█▇▄▆▆▆▆▃▁▃▃▅▇▆▄▅▅▅▅▆,False,False,False,0,-0.021766561514195537,0.02661722836522551,0.028732099488667173,0.05862581419766055,FLAT,True,64,26.0,IGNORE,NONE,,NEUTRAL,C,WAIT,No standout factor,Technology Services,25.7
MARATHON,392.8,404.0,409.9,391.85,True,False,False,False,False,False,0.5295979254963195,2.98425872,0.4801100289887047,False,-0.07076898256454334,True,75.72,True,1.4681816419125917,92.0,1.3,0,False,█▄▄▁▂▆▄▇▅▆▆▆▆▇▄▆▅▅▄█,False,False,False,5,-0.04902554170197315,-0.009955891619407686,0.0014731193008895582,0.022052694213027357,FLAT,True,56,26.0,IGNORE,SEED,,NEUTRAL,C,WAIT,Delivery P92,Finance,27.7
ENDURANCE,2700.4,2646.0,2715.0,2606.5,False,False,False,True,False,True,0.9945183463199737,22.45814664,0.9852738279600467,False,-0.07927497220775988,True,47.79,False,0.812865696013063,22.0,-0.7,0,True,▆▂▄▇▆▂▁▄▃▃▃█▄█▄▃▃▆▅▁,False,False,False,0,-0.05948732237392018,-0.014991792814152749,-0.008988661371057471,0.017016793018282295,FLAT,True,55,26.0,IGNORE,NONE,,NEUTRAL,C,WAIT,No standout factor,Producer Manufacturing,27.6
SENORES,1351.8,1349.8,1374.7,1340.0,True,False,False,True,False,True,0.5384999670927239,16.480199340000002,0.5090420660138166,False,-0.1610036203715129,True,44.94,False,0.9596207640238302,43.0,-0.16,0,True,▅█▃▃▁▅▂▃▄▂▂▄▃▄▄▄▃▄▁▃,False,False,False,0,-0.05653266331658291,-0.02397111913357408,-0.006034002313720199,0.008037466698860962,FLAT,True,53,26.0,IGNORE,NONE,,NEUTRAL,C,WAIT,No standout factor,Health Technology,33.7
AYE,162.89,168.7,168.7,160.41,True,False,False,True,False,True,0.5203240880085244,12.171938960999999,0.4687026350537572,False,-0.24420619653681613,True,42.18,False,0.9558232021663513,73.0,0.46,0,True,▅▄█▃▄▅▆▄▁▆▆▃▃▅▅▄▃▆▅▄,False,False,False,0,-0.12022684310018916,-0.030358949937496438,-0.06972818209732645,0.0016496358949386059,FLAT,True,51,26.0,IGNORE,NONE,,NEUTRAL,C,WAIT,No standout factor,Finance,27.7
UJJIVANSFB,63.09,64.81,64.97,63.0,True,False,False,True,False,True,1.2298932913884126,99.431953515,1.2049097461707265,False,-0.03973917237029394,False,53.11,True,1.0489620983192116,70.0,0.44,0,False,▄▆▄█▆▅▁▂▃▄▄▂▅▆▅▃▅▄▇▅,False,True,False,0,-0.08710750976703796,-0.03840877914951979,-0.03660884876417525,-0.006400193317084746,FLAT,False,50,26.0,IGNORE,NONE,,NEUTRAL,C,WAIT,No standout factor,Finance,27.7
INDRAMEDCO,360.0,366.8,366.8,358.6,True,False,False,False,False,False,1.0505477029787686,7.629156,1.0496794769574125,False,-0.07931640451125983,False,69.54,True,1.176948464077177,96.0,1.69,0,True,▄▂▂▂▆▃▃▃▁▅▅▂▂▅▃▃▅▃█▆,False,False,False,0,-0.008401046687784075,-0.03884661593912697,0.042097614315078635,-0.006838030106691928,UP,False,50,26.0,IGNORE,SEED,,NEUTRAL,C,WAIT,Delivery P96,Health Services,24.1
STARHEALTH,552.5,550.8,559.5,540.5,True,False,False,True,False,True,0.6143808619906128,20.38785775,0.6122703903444034,False,0.022896914752540905,True,43.98,False,0.7696615449231738,12.0,-1.06,0,False,▄▂▄▄▄▄▄▅▄▅▅▄▄▆▅▅▅█▁▃,False,False,False,0,-0.026860413914575054,-0.04938059187887134,0.023638247088287656,-0.017372006046436295,UP,False,46,26.0,IGNORE,NONE,,NEUTRAL,C,WAIT,CMF positive,Finance,27.7
NAVA,547.0,550.0,554.55,543.15,True,False,False,False,False,False,1.1862100314805981,14.645378,1.1673719361394572,False,-0.1822590022495055,False,59.47,True,1.1380946913154975,92.0,1.21,0,True,▅▅▅▄▆▅▅▂▄▆▆▁▄▂█▇▆▃▆▆,False,False,False,0,-0.03714134835416305,-0.05158214130905936,0.01335731264869966,-0.019573555476624316,UP,False,45,26.0,IGNORE,SEED,,NEUTRAL,C,WAIT,Delivery P92,Utilities,37.4
MUTHOOTFIN,2820.0,2830.0,2839.6,2808.0,True,False,False,False,False,False,0.46991433275730315,87.71046,0.4595981010206957,False,0.0017497439863924055,True,50.54,True,1.0660198270407086,65.0,0.4,0,True,▄▆▆▃▅▄▇▆▄▁▁▄▇▆▇▇█▆█▆,False,False,False,0,-0.08589951377633709,-0.058776409332131796,-0.03540085277347438,-0.026767823499696752,FLAT,False,43,26.0,IGNORE,NONE,,NEUTRAL,C,WAIT,CMF positive,Finance,27.7
BBOX,783.15,800.0,811.5,775.55,True,True,False,True,False,False,1.0787171133099582,47.657888414999995,1.0832207631146564,False,0.07114164317878242,False,26.01,False,0.6696876850588327,4.0,-1.59,0,False,▆▇▅▅█▂▄▅▆▁▁▃▃▃▄▃▄▆▂▁,False,False,False,0,0.0474821106132548,-0.06506297379573811,0.09798077161611751,-0.03305438796330307,UP,False,41,26.0,IGNORE,NONE,,NEUTRAL,C,WAIT,CMF positive,Technology Services,25.7
TRENT,2665.1,2720.0,2720.0,2646.0,True,False,False,False,False,False,1.5832788801938331,279.48210774,1.4982555211735853,False,-0.08460935849162218,False,56.16,True,1.0564234723149706,83.0,0.98,0,True,▆▄▆▃▁▄▄▃▅▄▄▃▅█▅▃▆▄▄▅,False,False,False,0,-0.07413583463609519,-0.06821201314593384,-0.023637173633232478,-0.03620342731349879,UP,False,40,26.0,IGNORE,DISTRIBUTION,,NEUTRAL,C,WAIT,No standout factor,Retail Trade,28.0
INDPRUD,6060.0,6120.0,6205.0,6050.0,True,False,False,False,False,True,6.026490066225166,0.165438,5.841767714009103,False,-0.3135553663683565,False,86.59,False,0.9504783126512736,47.0,0.22,0,True,▅▇▇▇▄█▇▃███▆▁▆██▃█▆▅,False,False,False,0,-0.05156898035840052,-0.07480916030534346,-0.0010703193555378077,-0.042800574472908415,UP,False,37,26.0,IGNORE,DISTRIBUTION,,NEUTRAL,C,WAIT,No standout factor,Finance,27.7
KSCL,769.5,806.35,806.6,754.8,True,True,True,False,False,False,0.692453572120537,79.60315905,0.6759768163938982,False,0.15152839452653624,False,10.96,False,0.2132192014007101,1.0,-3.89,0,False,█▇▆▅▇▇▆▆▆▇▇▅▆▆▇█▇▁▁▂,False,False,False,0,0.0052253429131285944,-0.08940299390568596,0.055724003915991305,-0.05739440807325091,UP,False,32,26.0,IGNORE,NONE,,NEUTRAL,C,WAIT,CMF positive,Process Industries,26.7
VMM,100.81,103.99,103.99,100.2,True,False,False,False,False,False,0.9038363769270021,91.772625444,0.8690769664482746,False,-0.10160916288620968,False,63.26,True,1.2209291104549052,91.0,1.26,0,True,▄▁▂▁▆▅▂▄▁▅▅▅▂█▄▆▃▂▄▇,False,False,False,0,-0.08884671005061462,-0.09351677007463355,-0.03834804904775191,-0.061508184242198505,UP,False,31,26.0,IGNORE,SEED,,NEUTRAL,C,WAIT,Delivery P91,Retail Trade,28.0
GOLDIAM,312.6,322.05,324.05,310.9,True,False,False,False,False,False,1.4747971398962882,19.13621538,1.3870455376214772,False,-0.2546842930972177,False,59.69,True,1.2721925019714828,97.0,1.78,0,True,▃▅▃▄▃▄▃▄▄██▂▁▄▄▆▄▆▂▇,False,False,False,0,-0.10339882403556566,-0.09114696903619701,-0.05290016303270295,-0.05913838320376197,UP,False,31,26.0,IGNORE,SEED,,NEUTRAL,C,WAIT,Delivery P97,Consumer Durables,24.3
WPIL,423.2,431.5,432.0,420.0,True,False,False,False,False,False,0.7862997310345413,1.56876008,0.7571838647801162,False,0.13491531514943386,False,58.11,True,1.0478577611079054,60.0,0.28,0,True,▅▆▆▄▆▆█▅▁██▅▇▆▂▃▆▄▄▆,False,False,False,0,-0.05345560277342887,-0.09135802469135801,-0.002956941770566157,-0.059349438858922965,UP,False,31,26.0,IGNORE,NONE,,NEUTRAL,C,WAIT,CMF positive,Producer Manufacturing,27.6
GODFRYPHLP,1931.5,1961.7,1993.4,1921.8,True,False,False,False,False,False,1.75263580440908,50.3035997,1.6945223266720395,False,-0.2301868332594625,False,29.57,False,0.83516918036491,44.0,-0.09,0,True,▄▄█▃▂▇▅▇▅██▂▂▁▂▃▃▅▅▂,False,False,False,0,-0.08233561383504384,-0.09468010311694397,-0.03183695283218113,-0.06267151728450893,UP,False,30,26.0,IGNORE,DISTRIBUTION,,NEUTRAL,C,WAIT,No standout factor,Consumer Non-Durables,29.3
DALBHARAT,1651.6,1692.0,1698.5,1650.0,True,False,False,False,False,False,0.4800010966753601,15.036001240000001,0.4393387321563457,False,-0.20332182271087507,False,68.94,True,1.3415583404685918,96.0,1.8,0,True,▇▃▃▃▅▂▄▁▂▂▂▆▄▄▄▄▇▄██,False,False,False,0,-0.11022519125094288,-0.10618032254573007,-0.05972653024808017,-0.07417173671329502,UP,False,27,26.0,IGNORE,SEED,,NEUTRAL,C,WAIT,Delivery P96,Non-Energy Minerals,33.3
ADVENZYMES,283.15,290.0,291.2,282.0,True,False,False,False,False,False,0.8538765602191277,5.011868259999999,0.8210335714209128,False,-0.31883416899162764,False,66.41,True,1.119379714297754,92.0,1.3,0,True,█▇▇▃▅▇▃▅▂██▃█▆▄▁▃▂▅▇,False,False,False,0,-0.037232233934036185,-0.11252154834665429,0.013266427068826525,-0.08051296251421924,UP,False,26,26.0,IGNORE,SEED,,NEUTRAL,C,WAIT,Delivery P92,Consumer Non-Durables,29.3
MMTC,56.4,57.87,58.09,56.1,True,False,False,False,False,False,0.693073604701518,5.173493039999999,0.6301372913843319,False,-0.31737654403894733,False,48.37,True,1.251244907197827,96.0,1.66,0,True,▆▄▆▅▁▆▇▆▇▆▆▄▅▆▇▇▅█▃█,False,False,False,0,-0.09542902967121092,-0.11404335532516496,-0.04493036866834821,-0.08203476949272992,UP,False,25,26.0,IGNORE,SEED,,NEUTRAL,C,WAIT,Delivery P96,Distribution Services,36.7
JWL,222.23,226.73,226.73,221.85,True,False,False,False,False,False,0.969599374416123,13.942799092,0.9134336877978192,False,-0.37660050405481704,False,50.27,True,1.3442434452422019,91.0,1.42,0,True,▇▁▄▅▁▃▄▃▁▇▇▆▅▅▇▄▃█▇█,False,False,False,0,-0.07615880274371245,-0.11655734446432131,-0.02566014174084974,-0.08454875863188627,UP,False,24,26.0,IGNORE,SEED,,NEUTRAL,C,WAIT,Delivery P91,Producer Manufacturing,27.6
CARYSIL,1038.3,1064.1,1064.1,1034.0,True,False,False,False,False,False,0.8682596862366669,7.6979562,0.801790933330889,False,-0.12827516325879548,False,62.26,True,1.1931202989507976,98.0,1.68,0,True,▄▃▇▆▄█▂▅▁▄▄▂▇▃▃▃▁▅▃█,False,False,False,0,-0.07992910943730624,-0.11844116148751915,-0.029430448434443535,-0.08643257565508411,UP,False,23,26.0,IGNORE,SEED,,NEUTRAL,C,WAIT,Delivery P98,Consumer Durables,24.3
GRSE,2245.3,2316.0,2316.0,2236.8,True,False,False,False,False,False,1.2761557813695226,87.40885541,1.1762181450874734,False,-0.3910668948547717,False,45.91,True,1.2090169330840332,99.0,2.28,0,True,█▆▇▃▅▇▃█▇▆▆▅▄▇▇▁▇▆▆█,False,False,False,0,-0.12480997856168385,-0.12351173049147035,-0.07431131755882114,-0.09150314465903531,UP,False,22,26.0,IGNORE,SEED,,NEUTRAL,C,WAIT,Delivery P99,Producer Manufacturing,27.6
TMPV,290.2,297.0,297.7,288.0,True,False,False,False,False,False,2.5759091301905235,649.83400652,2.4434063198035556,False,-0.32528955284397537,False,54.08,True,1.1265845198787587,76.0,0.72,0,False,█▁▅▄▄▅▄▄▄▃▃▅▁▆▄▄▃▆▅▅,False,False,False,0,-0.08164556962025316,-0.12537673297166974,-0.031146908617390445,-0.09336814713923469,UP,False,21,26.0,IGNORE,DISTRIBUTION,,NEUTRAL,C,WAIT,No standout factor,Consumer Durables,24.3
FRACTAL,743.5,750.0,752.9,735.0,True,False,False,False,False,False,0.3618942626809551,8.02749515,0.3406534386179044,False,-0.23716847542679256,False,57.25,True,1.0085706483920125,90.0,1.2,0,True,▃▂▁▂▃▅▂▁▁██▂▃▃▃▂▆▄▅▃,False,False,False,0,-0.12011834319526626,-0.14244521337946947,-0.06961968219240355,-0.11043662754703443,UP,False,16,26.0,IGNORE,SEED,,NEUTRAL,C,WAIT,Delivery P90,Technology Services,25.7
DEEPAKFERT,1350.5,1367.0,1367.0,1336.0,True,False,False,False,False,False,0.43184006749065956,14.4411666,0.42862344978232797,False,-0.22871653798297212,False,54.03,True,1.18949859651054,94.0,1.32,0,True,█▂▇▃▆▇▇▅▅▇▇▄▅▅▂▅▇▅▁█,False,False,False,0,-0.04015636105188347,-0.15861940066039493,0.010342299950979239,-0.12661081482795988,UP,False,13,26.0,IGNORE,SEED,,NEUTRAL,C,WAIT,Delivery P94,Process Industries,26.7
VIKRAMSOLR,160.08,160.98,161.25,160.06,True,False,False,False,False,False,1.0719634182710942,24.580876296,1.03469624522685,False,-0.41049162661253097,False,63.77,True,1.393803617288673,100.0,2.51,0,True,▄▁▅▄▄▅▄▅▇▂▂▁▃▄▄▇▄▆▇█,False,False,False,0,-0.05109662122110237,-0.1626739198660947,-0.0005979602182396571,-0.13066533403365965,UP,False,12,26.0,IGNORE,SEED,,NEUTRAL,C,WAIT,Delivery P100,Electronic Technology,27.3
CESC,136.18,139.69,139.84,135.9,True,False,False,False,False,False,0.7352370548699022,18.225023872,0.6908924361340275,False,-0.2090694006686786,False,64.48,True,1.1276472954303003,94.0,1.52,0,True,▆▅▃▄█▅▅▁▅▆▆▃▅▇▅▅▇▇▄▆,False,False,False,0,-0.06828133552271476,-0.17770666022583181,-0.01778267451985205,-0.14569807439339677,UP,False,10,26.0,IGNORE,SEED,,NEUTRAL,C,WAIT,Delivery P94,Utilities,37.4
NBCC,80.21,82.46,82.5,80.0,True,False,False,False,False,False,1.1720614525641857,40.57778982399999,1.1244445205582743,False,-0.05398004629335442,False,45.35,True,1.1194490385327442,96.0,1.69,0,True,▅▄▄▃▄▄▄▆▃▄▄▁▂█▄▅▅▅▃▆,False,False,False,0,-0.06948955916473332,-0.18244827234736527,-0.018990898161870606,-0.15043968651493023,UP,False,9,26.0,IGNORE,SEED,,NEUTRAL,C,WAIT,Delivery P96,Industrial Services,34.5
IXIGO,155.08,156.0,158.0,154.05,True,False,False,False,False,False,0.5443174619234967,11.946897960000001,0.5185674530433009,False,-0.18014401635101496,False,64.82,True,1.2018170019467875,95.0,1.63,0,True,▅▄█▁▅▅▅▅▆▄▄▃▆▆▆▃▅▅▇▇,False,False,False,0,-0.04870568028462763,-0.2243673101930579,0.001792980718235082,-0.19235872436062285,UP,False,4,26.0,IGNORE,SEED,,NEUTRAL,C,WAIT,Delivery P95,Technology Services,25.7
ELECTHERM,806.65,850.0,870.0,786.05,True,False,False,False,False,False,3.198889061742178,5.6395321449999996,2.7236551677125997,False,-0.17535278669043,False,51.03,False,0.6916696034048091,35.0,-0.28,0,True,▅▂▄▆▅▆▂▆▃██▁▃▆▅▅▄▃▄▁,False,False,False,0,-0.18569553805774286,-0.2450631726719701,-0.13519687705488015,-0.21305458683953504,UP,False,3,26.0,IGNORE,DISTRIBUTION,,NEUTRAL,C,WAIT,No standout factor,Non-Energy Minerals,33.3
SUNDRMFAST,1166.6,1178.9,1182.9,1160.7,True,False,True,True,False,True,0.32855588646702766,9.12479522,0.31043754126871,False,-0.31787025165888505,False,52.16,False,0.9484498590780979,28.0,-0.51,0,False,▅▅▆▅▅▅▄▅▁▄▄▅▅▆▄▄█▅▅▅,False,False,False,4,-0.030982639754132513,0.22073981060011505,0.019516021248730198,0.2527483964325501,FLAT,True,87,25.0,IGNORE,NONE,,NEUTRAL,C,WAIT,No standout factor,Producer Manufacturing,27.6
SRHHYPOLTD,570.0,607.95,607.95,566.1,True,True,True,True,False,True,0.39671798954243637,1.249839,0.38916460558528415,False,-0.054357105332376726,False,55.47,False,0.8763863873352924,22.0,-0.78,0,False,▇▅▆▆▃█▇█▇██▄▇█▃▁▃▃▄▅,False,False,False,5,0.136476921543216,0.172718856084765,0.1869755825460787,0.20472744191720005,FLAT,True,83,25.0,IGNORE,NONE,,NEUTRAL,C,WAIT,No standout factor,Process Industries,26.7
UTLSOLAR,409.05,418.0,421.75,400.05,True,False,False,True,False,False,1.434182186747751,14.076555840000001,1.3599715423569354,False,-0.15970692095125363,False,47.78,False,0.9512433056600769,31.0,-0.42,0,True,▅▄▃▅▆▆▁▄▃▃▃▇▃▅▅▆▃▆█▄,False,True,False,0,-0.11076086956521736,0.09371657754010698,-0.06026220856235465,0.12572516337254203,FLAT,True,75,25.0,IGNORE,NONE,,NEUTRAL,C,WAIT,No standout factor,Electronic Technology,27.3
MARSONS,120.92,122.73,123.7,119.14,True,False,False,False,False,False,0.6582719574469803,28.585246160000004,0.6168995964278393,False,-0.23177519653316286,False,55.74,True,1.9581254830323898,99.0,2.47,1,False,█▄▅▂▁▄▃▆▄▅▅▃▄▃▃▅▃▆▃█,False,False,False,1,-0.11088235294117643,0.07675868210151382,-0.06038369193831372,0.10876726793394886,FLAT,True,73,25.0,IGNORE,SEED,DEL56% █▄▅▂▁▄▃▆▄▅▅▃▄▃▃▅▃▆▃█ P99 Z+2.5,NEUTRAL,C,WAIT,Delivery P99,Producer Manufacturing,27.6
VENKEYS,1632.8,1652.8,1685.4,1625.0,True,False,True,True,False,True,0.26675592996550346,5.855384079999999,0.25608233660114543,False,-0.0695905354278787,False,40.06,False,0.9130276233020331,31.0,-0.47,0,False,▁▅▅▅▆▆▄▆▆▇▇▆▇██▇▅▇▇▅,False,False,False,6,-0.04065804935370154,0.0725875320239111,0.009840611649161168,0.10459611785634615,FLAT,True,72,25.0,IGNORE,NONE,,NEUTRAL,C,WAIT,No standout factor,Process Industries,26.7
AJANTPHARM,3525.2,3546.0,3560.0,3506.0,True,False,True,True,False,True,1.2984918321471215,34.311829159999995,1.296718187039997,False,-0.02177996977467746,False,50.91,False,0.9454829094353288,36.0,-0.33,0,True,▄▄▅▂▆▅▅▃▁▅▅█▆▆▄▅▄▃▇▄,False,False,False,0,-0.021294316888309073,0.016200634188526797,0.029204344114553638,0.04820922002096184,FLAT,True,62,25.0,IGNORE,NONE,,NEUTRAL,C,WAIT,No standout factor,Health Technology,33.7
DISAQ,12100.0,11679.0,12119.0,11679.0,False,True,True,True,False,True,0.4307310002070822,0.12584,0.43607635723351623,False,-0.014496990534680482,False,43.09,False,0.9419608700404417,58.0,0.19,0,True,▃▂▂▇▆▄▁▆▃▆▆▇█▇██▆▆▆▅,False,False,False,0,-0.012406137773424697,0.0117056856187292,0.03809252322943801,0.043714271451164244,FLAT,True,61,25.0,IGNORE,NONE,,NEUTRAL,C,WAIT,No standout factor,Producer Manufacturing,27.6
COHANCE,453.3,459.25,459.25,445.0,True,True,True,False,False,False,0.46847933916694545,25.78651446,0.4676677362440474,False,-0.09075463156939945,False,41.38,False,0.8855883234173694,38.0,-0.21,0,True,▅▂▄▆▅▄▇▇▇▅▅▅▆▅▁▃▄▄█▄,False,False,False,0,-0.0058120407939467045,0.005768804082538326,0.044686620208916006,0.03777738991497337,UP,True,60,25.0,IGNORE,NONE,,NEUTRAL,C,WAIT,No standout factor,Health Technology,33.7
ASHOKLEY,155.22,158.51,158.88,154.7,True,False,False,False,False,False,1.0874809130105847,189.52951836,1.0243981692921449,False,-0.027132352431617077,False,57.64,True,1.165845814666114,90.0,1.28,0,True,▇▁▃▃▄▁▃▂▃▃▃▂▁█▄▃▃▃▅▅,False,False,False,0,-0.11626053290822125,0.002713178294573515,-0.06576187190535854,0.03472176412700856,FLAT,True,59,25.0,IGNORE,SEED,,NEUTRAL,C,WAIT,Delivery P90,Producer Manufacturing,27.6
HINDCOPPER,479.6,484.65,484.8,478.15,True,False,False,False,False,False,0.7659960546736247,291.30678588,0.7126216718666094,False,-0.1505700713033509,False,45.95,True,1.2150941400465414,95.0,1.67,0,True,▆▆▅▃▂▇▁▂▂▆▆▇▄█▃▁▂▆▃▇,False,False,False,0,-0.08708480060911772,-0.005082460325692373,-0.03658613960625501,0.02692612550674267,FLAT,True,57,25.0,IGNORE,SEED,,NEUTRAL,C,WAIT,Delivery P95,Non-Energy Minerals,33.3
LLOYDSME,1823.0,1870.0,1881.5,1816.0,True,False,False,True,False,True,0.7842696260950791,50.6013756,0.7856594297697344,False,-0.06948497131946789,False,54.55,True,1.0694715379412427,69.0,0.35,0,False,▄▅▅▂▃▅▂▁▄▃▃▁▆█▇▃▂▅▁▅,False,False,False,0,-0.012298856802297253,-0.02309629709018801,0.03819980420056546,0.008912288742247032,UP,True,53,25.0,IGNORE,NONE,,NEUTRAL,C,WAIT,No standout factor,Non-Energy Minerals,33.3
MARICO,814.65,822.0,824.0,807.05,True,False,False,True,False,True,0.22743266556414912,35.499432795,0.22615374148906275,False,-0.13086177235016597,False,60.76,False,0.9460858733309977,48.0,-0.02,0,True,▇▂▆▅▆▄▄█▆▅▅▂▄▇▁▅▄▄▂▄,False,False,False,0,-0.02261547690461907,-0.02942753321022229,0.02788318409824364,0.002581052622212754,UP,True,52,25.0,IGNORE,NONE,,NEUTRAL,C,WAIT,No standout factor,Consumer Non-Durables,29.3
LINCOLN,581.85,591.1,591.1,581.4,True,False,False,False,False,False,0.6008312619697649,1.2011129550000001,0.5662024113843115,False,-0.20866711333179436,False,72.15,True,1.3931798872325638,95.0,1.52,0,False,▄▄▄▅▆▄▄▃▄▆▆▆▁▅▅▅▆▅▆█,False,False,False,3,-0.041038318912237304,-0.02602946099765646,0.009460342090625407,0.005979124834778582,UP,True,52,25.0,IGNORE,SEED,,NEUTRAL,C,WAIT,Delivery P95,Health Technology,33.7
DPABHUSHAN,1388.2,1400.1,1404.0,1369.1,True,False,True,True,False,False,0.6147333780690707,1.8567175,0.6066150696269487,False,-0.1902250634650839,True,60.73,True,1.1507015433005219,85.0,0.93,0,True,▇▆▇▆▁▂▆██▆▆▅▅▆▅▆▅▆▅▇,False,False,False,0,-0.0589112602535421,-0.032174852720744496,-0.008412599250679387,-0.00016626688830945202,FLAT,False,51,25.0,IGNORE,SEED,,NEUTRAL,C,WAIT,No standout factor,Retail Trade,28.0
BBTC,1415.7,1435.2,1435.3,1412.1,True,False,False,False,False,False,0.16677076106463026,4.2980652,0.15715528455066413,False,0.37960053103412206,True,39.91,True,1.0683549047689158,25.0,-0.48,0,False,▅▄▆▅▇▆▅▆▆▆▆▆█▁▅▆▆▅▅▆,False,False,False,0,-0.05802115909242134,-0.05443494523109804,-0.007522498089558627,-0.022426359398663,UP,False,45,25.0,IGNORE,NONE,,NEUTRAL,C,WAIT,CMF positive,Consumer Non-Durables,29.3
EVEREADY,321.75,322.0,330.0,318.0,True,False,False,False,False,False,0.2546194454782349,1.1963952,0.23803294397707117,False,0.1661365799094364,True,54.65,True,1.0300437273823884,66.0,0.37,0,False,▅▅▅▆▇▅▁▅▅▂▂▃▄▆▅▂▃██▅,False,False,False,0,-0.02440873256519105,-0.06195335276967928,0.02608992843767166,-0.029944766937244238,UP,False,42,25.0,IGNORE,NONE,,NEUTRAL,C,WAIT,CMF positive,Producer Manufacturing,27.6
CARRARO,523.7,535.0,535.05,522.3,True,False,False,False,False,True,0.48044534953440937,3.2605562000000003,0.466277779108566,False,-0.06669800391707416,True,65.4,True,1.1660040293105602,90.0,1.2,0,False,▆▃▁▄▂▆▄▃▃▄▄▄█▁▃▂▃▃▃▅,False,False,False,0,-0.06381837683232028,-0.06823236366871255,-0.013319715829457568,-0.036223777836277504,UP,False,40,25.0,IGNORE,SEED,,NEUTRAL,C,WAIT,Delivery P90,Producer Manufacturing,27.6
BRITANNIA,4925.0,4900.5,4939.5,4883.0,False,False,False,False,False,False,0.4277702065099648,51.918365,0.4153814398010197,False,-0.1740563261001277,True,66.3,True,1.1495946941783346,82.0,0.94,0,True,▇▁▄▂▆▂▆▂▂▃▃▅▄█▅▄▅▄▃▆,False,False,False,0,-0.07040392600981504,-0.07259203464833819,-0.019905265006952333,-0.040583448815903145,UP,False,38,25.0,IGNORE,NONE,,NEUTRAL,C,WAIT,No standout factor,Consumer Non-Durables,29.3
HINDUNILVR,1939.9,1933.5,1940.4,1915.0,False,False,False,False,False,False,0.5441591599108319,134.42575847999998,0.5391714193558247,False,-0.37174380161560655,True,64.22,True,1.0642670113685326,76.0,0.61,0,True,█▂▅▅▆▂▄▃▅▄▄▁▅█▂▃▅▁▂▅,False,False,False,0,-0.034395221503235374,-0.07553373999237512,0.016103439499627337,-0.04352515415994007,UP,False,37,25.0,IGNORE,NONE,,NEUTRAL,C,WAIT,No standout factor,Consumer Non-Durables,29.3
PRAJIND,311.95,315.55,315.65,310.4,True,False,False,False,False,False,0.7309551870322263,9.591557845,0.6969403713325941,False,-0.1902051625674348,True,46.03,True,1.0894158856385499,74.0,0.63,0,True,▂▃▄▄▇▁▅▇▆▃▃▁▆██▄▄█▁▆,False,False,False,0,-0.09290491421924973,-0.07597748815165883,-0.042406253216387024,-0.04396890231922379,UP,False,37,25.0,IGNORE,NONE,,NEUTRAL,C,WAIT,No standout factor,Industrial Services,34.5
RPSGVENT,842.05,848.0,858.95,833.0,False,False,False,False,False,False,1.8184333602243756,4.26110982,1.815921744066017,True,-0.18525519664026677,True,36.55,False,0.5920082929752668,15.0,-1.01,0,False,▇▅▅▇▃▅▃▁▆▄▄▄▄▅▆▅▄▄█▁,False,False,False,0,-0.00748467703913247,-0.07344850352112675,0.04301398396373024,-0.04143991768869171,UP,False,37,25.0,IGNORE,NONE,,NEUTRAL,C,WAIT,No standout factor,Finance,27.7
TATACOMM,1655.3,1660.0,1666.0,1637.0,True,False,False,False,False,False,0.6064393420286196,24.13559824,0.5751455494382804,False,0.030279366292598885,False,56.27,True,1.0056025662791632,70.0,0.48,0,True,▃▅█▆▂▅▆▂▃▃▃▁▂▅▃▁▆▆▃▄,False,False,False,0,-0.03951491238249982,-0.09179194557225934,0.010983748620362888,-0.05978335973982429,UP,False,31,25.0,IGNORE,NONE,,NEUTRAL,C,WAIT,CMF positive,Communications,33.3
MAYURUNIQ,717.05,729.5,729.5,710.0,True,False,False,True,False,False,0.6056543090406328,4.95897439,0.5889222049341224,False,-0.0511422558972737,True,56.13,True,1.0021693135863305,45.0,-0.03,0,True,▇▇█▄█▃▁▂▃▂▂▁▂▂▃▅▅▄▆▄,False,False,False,0,-0.043742081749683415,-0.09753948776036747,0.006756579253179296,-0.06553090192793243,UP,False,29,25.0,IGNORE,NONE,,NEUTRAL,C,WAIT,No standout factor,Process Industries,26.7
PTC,154.88,155.5,155.79,154.2,True,False,False,False,False,False,0.6881894833433179,17.02154432,0.6937170647464433,False,-0.1698438126347255,True,62.41,True,1.0312208260011069,81.0,0.77,0,True,█▁▆▆▆█▆▇▆▇▇▆▇▅▆▇▇▆▇▇,False,False,False,0,0.026443104248127902,-0.10468813226198048,0.07694176525099061,-0.07267954642954544,UP,False,28,25.0,IGNORE,NONE,,NEUTRAL,C,WAIT,No standout factor,Utilities,37.4
MOIL,242.05,242.05,245.1,238.0,False,False,False,False,False,False,0.7702074615730379,12.471650455,0.7550360018177796,False,-0.20979261698475196,True,48.69,True,1.0728568752960879,81.0,0.87,0,True,▇▁▃▂▄█▂▃▄▇▇▃▃▃▆▃▂▃▄▅,False,False,False,0,-0.023204196933010457,-0.10781422779211203,0.027294464069852253,-0.07580564195967698,UP,False,27,25.0,IGNORE,NONE,,NEUTRAL,C,WAIT,No standout factor,Non-Energy Minerals,33.3
SONATSOFTW,274.05,277.35,279.35,272.55,True,False,False,False,False,False,0.22126549280768604,7.16120055,0.21699557975482905,False,-0.05760494566584192,True,42.37,True,1.1603450636724633,71.0,0.58,0,True,▅▄▄▆▅▄▇▆▅▂▂▁█▇▅▅▅▅▄▆,False,False,False,0,-0.06163328197226503,-0.1153970303421562,-0.01113462096940232,-0.08338844450972116,UP,False,24,25.0,IGNORE,NONE,,NEUTRAL,C,WAIT,No standout factor,Technology Services,25.7
PRESTIGE,1470.8,1465.2,1470.8,1437.4,True,False,False,False,False,False,1.234524791465407,84.86192424,1.1901097764573194,False,0.04741733471335699,False,56.18,True,1.1640025277377783,77.0,0.74,0,True,▆▁▄▅▁▄▆▆▃▂▂▃▆▅▂█▂▇▃▅,False,False,False,0,-0.09932639314145741,-0.11880654244802591,-0.048827732138594704,-0.08679795661559087,UP,False,23,25.0,IGNORE,NONE,,NEUTRAL,C,WAIT,CMF positive,Finance,27.7
JUSTDIAL,658.95,666.95,669.05,655.5,True,False,False,True,False,False,0.25640436609651895,3.9348540300000003,0.24283630425457664,False,-0.03594087336982239,True,46.13,True,1.1202991997862861,52.0,0.17,0,True,▁▃▄▃▅▅▇▆███▅▆█▅▅▄▆▆▆,False,False,False,0,-0.07216277105040836,-0.11828460560647613,-0.02166411004754565,-0.08627601977404109,UP,False,23,25.0,IGNORE,NONE,,NEUTRAL,C,WAIT,No standout factor,Technology Services,25.7
RAMCOIND,310.9,316.1,319.0,306.45,True,False,False,False,False,False,0.8750802076332695,2.5058229099999996,0.8415123349033905,False,0.20098984593731595,True,46.32,False,0.9230769230769231,31.0,-0.36,0,True,▄▂▃█▅▅▇▄▄▁▁▁▇▃▂▅▆▄▂▃,False,False,False,0,-0.05227861606462436,-0.12261887963877538,-0.001779955061761651,-0.09061029380634034,UP,False,22,25.0,IGNORE,NONE,,NEUTRAL,C,WAIT,CMF positive,Non-Energy Minerals,33.3
STARCEMENT,182.42,187.18,187.18,182.0,True,False,False,False,False,False,0.3734470146479413,2.0981948399999997,0.3622729454082159,False,0.1589325608197764,True,58.34,False,0.9714024060275569,60.0,0.22,0,True,▅▁▅▄▅▅▅▅▅▆▆▅█▅▅▄▂▄▃▄,False,False,False,0,-0.012665079021433212,-0.12696817420435513,0.0378335819814295,-0.09495958837192009,UP,False,21,25.0,IGNORE,NONE,,NEUTRAL,C,WAIT,CMF positive,Non-Energy Minerals,33.3
JSLL,501.9,510.9,510.9,497.0,True,False,False,False,False,False,0.624432454597824,13.4514219,0.6139252053476708,False,-0.16309700614508965,True,54.37,True,1.1418670586999895,74.0,0.46,0,True,▄▆▃▇▃▃▇▄▅██▃▅█▃▁▄▇▅▇,False,False,False,0,-0.017904314646316477,-0.12720632988435787,0.03259434635654623,-0.09519774405192283,UP,False,20,25.0,IGNORE,NONE,,NEUTRAL,C,WAIT,No standout factor,Health Services,24.1
GMRAIRPORT,97.36,96.64,98.2,96.64,False,False,False,False,False,False,0.7148030700058893,97.052215832,0.7223801241395773,False,-0.2237094414940351,True,60.89,True,1.0193695277317396,77.0,0.74,0,True,█▁▅▄▄▄▆▃▅▄▄▄▄▆▁▄▆▄▄▅,False,False,False,0,-0.0133765707336847,-0.1302483473289262,0.03712209026917801,-0.09823976149649116,UP,False,19,25.0,IGNORE,NONE,,NEUTRAL,C,WAIT,No standout factor,Transportation,31.9
EIHOTEL,295.1,296.95,296.95,289.3,False,False,False,False,False,False,0.463263712782402,4.4458585600000005,0.45897021998183446,False,0.18903777539324249,True,52.24,True,1.0170943499084926,49.0,0.03,0,False,▆▁▄█▄▄▆▄▅▅▅▁▃▁▁▅▄▃▃▄,False,False,False,0,0.045341834927382196,-0.13256907701352139,0.0958404959302449,-0.10056049118108634,UP,False,18,25.0,IGNORE,NONE,,NEUTRAL,C,WAIT,CMF positive,Consumer Services,25.2
VTL,540.55,554.3,554.8,538.6,True,False,False,False,False,False,0.1594865717827995,14.511443134999999,0.14470604792874822,False,-0.14158816939333094,True,58.11,True,1.4402557810989667,91.0,1.22,0,False,█▁▃▄▄▅▆▅▆▅▅▄▅▅▅▅▅▁▄▇,False,False,False,0,-0.05506511668560443,-0.14341177402741467,-0.004566455682741721,-0.11140318819497963,UP,False,16,25.0,IGNORE,SEED,,NEUTRAL,C,WAIT,Delivery P91,Process Industries,26.7
ITDC,662.5,677.55,677.95,660.05,True,False,False,True,False,False,0.07325815842369207,3.98295,0.07154119586851564,False,-0.17236595922991374,True,36.69,True,1.431050958519414,58.0,0.26,0,True,█▄▅▆▅▆██▁▂▂▅▄▇█▂▄▆█▇,False,False,False,0,0.03483286472977176,-0.1439462462850497,0.08533152573263447,-0.11193766045261466,UP,False,16,25.0,IGNORE,NONE,,NEUTRAL,C,WAIT,No standout factor,Consumer Services,25.2
ARE&M,774.95,792.0,794.6,772.65,True,False,False,False,False,False,0.8494315561396696,28.010955225,0.796045770528752,False,-0.30590701681277105,True,57.56,True,1.1419048941615253,83.0,0.86,0,True,▃▂▄▄▃▄▄▁▃▃▃▅▅▇▄▂█▅▇▇,False,False,False,0,-0.1318545902649414,-0.1496214199495226,-0.08135592926207869,-0.11761283411708756,UP,False,15,25.0,IGNORE,NONE,,NEUTRAL,C,WAIT,No standout factor,Producer Manufacturing,27.6
JBMA,571.05,586.05,586.35,568.75,True,False,False,False,False,False,0.4928698099929627,7.498971494999998,0.46105796782475866,False,-0.19086162605258788,True,45.97,True,1.2374991587590012,92.0,1.43,0,False,▆▃▄▁▅█▆▅▆▃▃▄▄▄▇▃▂▆▅▆,False,False,False,0,-0.08500240346098398,-0.14870304114490163,-0.03450374245812127,-0.11669445531246658,UP,False,15,25.0,IGNORE,SEED,,NEUTRAL,C,WAIT,Delivery P92,Producer Manufacturing,27.6
NEWGEN,474.4,485.35,488.9,472.4,True,False,False,False,False,False,0.4584038865271098,16.4813676,0.4238951892273017,False,-0.4132793331135381,True,38.65,True,1.1035447628021187,72.0,0.65,0,True,▆▄▇▆▁▇█▇▄██▄▇▄▇▃▄▅▇▆,False,False,False,0,-0.10295925120544591,-0.15202430958977575,-0.0524605902025832,-0.12001572375734071,UP,False,14,25.0,IGNORE,NONE,,NEUTRAL,C,WAIT,No standout factor,Technology Services,25.7
ZAGGLE,175.55,177.75,178.48,175.16,True,False,False,False,False,False,0.6754560498188538,11.468892160000001,0.6522994100614214,False,-0.04013453924156167,True,50.79,True,1.3080261141657759,77.0,0.75,0,True,▃▃▄▄▅▁▆▇▁▂▂▂▂▄▂█▇█▄█,False,False,False,0,-0.04850948509485087,-0.1551566485393906,0.001989175908011842,-0.12314806270695555,UP,False,14,25.0,IGNORE,NONE,,NEUTRAL,C,WAIT,No standout factor,Technology Services,25.7
SHREECEM,22170.0,22305.0,22340.0,22055.0,True,False,False,False,False,False,0.9703767123287671,37.691217,0.9435753116819929,False,-0.08008723025823315,True,53.75,True,1.079826825911826,56.0,0.09,0,True,▇▂▅▄▅▆▄▃▃▅▅▅▄▂█▃▄▁▃▅,False,False,False,0,-0.04439655172413792,-0.17430167597765367,0.006102109278724788,-0.14229309014521863,UP,False,10,25.0,IGNORE,NONE,,NEUTRAL,C,WAIT,No standout factor,Non-Energy Minerals,33.3
FDC,343.6,343.0,345.55,337.4,False,False,False,False,False,False,0.9013788762242856,4.6963248,0.8930041161193752,False,0.0508881527495938,True,51.56,False,0.90407764266489,32.0,-0.4,0,True,▁▂▃▆▃█▆▄▂██▂▁▅▂▂▆▆▅▂,False,False,False,0,0.018979833926453304,-0.17779373055754955,0.06947849492931601,-0.1457851447251145,UP,False,10,25.0,IGNORE,NONE,,NEUTRAL,C,WAIT,CMF positive,Health Technology,33.7
METROBRAND,875.15,856.6,879.95,856.6,True,False,False,False,False,False,0.2364302283819717,2.14026684,0.22164544798400632,False,0.10359887138386228,True,65.75,True,1.0510246491256112,84.0,0.82,0,False,▄▂▃▂▄▂▃▃▃██▂▂▃▃▁▁▃▄▄,False,False,False,0,-0.048336233144845586,-0.1812611095518758,0.002162427858017124,-0.14925252371944076,UP,False,9,25.0,IGNORE,NONE,,NEUTRAL,C,WAIT,CMF positive,Retail Trade,28.0
TARIL,270.45,276.0,276.0,269.25,True,False,False,False,False,False,0.47736297830953967,18.0974322,0.43117007706582283,False,-0.3561558332927364,True,52.73,True,1.1895952713982763,89.0,1.31,0,True,▁▄▆▅▅▆▇▆█▆▆▅▆▅▇▆▆▇▆▇,False,False,False,0,-0.1381453154875718,-0.18929856115107924,-0.0876466544847091,-0.1572899753186442,UP,False,8,25.0,IGNORE,SEED,,NEUTRAL,C,WAIT,No standout factor,Producer Manufacturing,27.6
SWSOLAR,170.74,175.52,175.91,169.5,True,False,False,False,False,False,0.8140073493680502,15.401465108000002,0.7714476399408763,False,-0.42362956623071557,True,53.0,True,1.241901280564245,97.0,1.55,0,False,▇▅▆▅▆▆▅▇▃▆▆▅▃█▆▁▅▆▅▇,False,False,False,0,-0.09818834838641521,-0.20378660697631035,-0.047689687383552504,-0.1717780211438753,UP,False,7,25.0,IGNORE,SEED,,NEUTRAL,C,WAIT,Delivery P97,Industrial Services,34.5
JAYBARMARU,122.52,122.6,123.8,119.02,False,True,False,True,False,False,1.381780842775036,5.081394479999999,1.4362451231992341,True,-0.05281699044240701,True,39.29,False,0.676952764927334,22.0,-0.8,0,False,▅█▄▆▅█▇▄▄▅▅▁▃▆▇▃▇█▂▁,False,False,False,0,-0.018662394873848576,-0.2722736992159659,0.031836266129014135,-0.24026511338353085,UP,False,3,25.0,IGNORE,NONE,,NEUTRAL,C,WAIT,No standout factor,Distribution Services,36.7
PNCINFRA,131.26,135.96,138.4,130.1,True,False,False,False,False,False,0.905006507502843,25.610138599999996,0.8396216785010158,False,0.045805540898010644,False,63.34,True,1.258869124515552,94.0,1.27,0,False,▄▄█▆▆▆▅▆▆▆▆▂▁▅▃▅▅▇▅▇,False,False,False,0,-0.30236513420143507,-0.46810924710268254,-0.25186647319857236,-0.4361006612702475,UP,False,1,25.0,IGNORE,SEED,,NEUTRAL,C,WAIT,"Delivery P94, CMF positive",Industrial Services,34.5
KOLTEPATIL,425.6,429.3,431.35,423.1,True,False,False,True,False,False,0.17388082221341475,0.860776,0.1667918574200993,False,-0.27576386782801754,True,57.47,True,1.2545021937962497,65.0,0.45,0,True,▄▆▆▅▇▆▆▆▁▄▄▅▅▇▅▄█▆▇▇,False,False,False,0,-0.047448522829006246,0.13508467795706114,0.003050138173856465,0.16709326378949618,FLAT,True,80,24.0,IGNORE,NONE,,NEUTRAL,C,WAIT,No standout factor,Finance,27.7
VADILALIND,7397.5,7572.0,7587.0,7350.5,True,True,True,True,False,True,0.33305466183636073,4.376361,0.33409115518963595,False,-0.15828071582346237,True,32.03,False,0.7331784418527463,4.0,-1.72,0,False,▄▃▆▄▅▆▅▆█▅▅▇▅▆▂▁▂▅▄▂,False,False,False,0,-0.03577945776850888,0.08938958839555267,0.014719203234353828,0.12139817422798771,FLAT,True,74,24.0,IGNORE,NONE,,NEUTRAL,C,WAIT,No standout factor,Consumer Non-Durables,29.3
BALKRISIND,2153.8,2177.0,2178.6,2148.0,True,False,False,False,False,False,0.10088596272475724,16.00618008,0.09575020868361757,False,-0.023935299210289036,True,62.02,True,1.1086977895762387,67.0,0.47,0,True,█▆▁▄▄▆▅▇▆▄▄▇██▄▄▅▅▅▇,False,False,False,0,-0.055019305019304854,0.047975866095757214,-0.0045206440164421435,0.07998445192819226,FLAT,True,68,24.0,IGNORE,NONE,,NEUTRAL,C,WAIT,No standout factor,Consumer Durables,24.3
NATIONALUM,349.0,354.05,354.75,344.35,True,False,False,False,False,False,1.5360782240044217,248.7281469,1.4606596124463915,False,-0.21725595445540755,True,40.43,False,0.8273730955377516,48.0,-0.09,0,True,█▆▅▄▅▅▁▂▃▁▁▅▄█▄▄▆▂▂▂,False,False,False,0,-0.08519003931847968,0.01778944298629348,-0.03469137831561697,0.049798028818728524,FLAT,True,62,24.0,IGNORE,NONE,,NEUTRAL,C,WAIT,No standout factor,Non-Energy Minerals,33.3
TATASTEEL,187.79,188.57,190.34,187.01,True,True,True,False,False,False,0.529823095509745,293.281802439,0.5354995041706788,False,-0.013889255285368052,True,38.28,False,0.7758961418017086,16.0,-1.03,0,False,█▂▆▁▄▂▆▄▆▅▅▄▅█▂▂▄▃▄▁,False,False,False,1,0.005299785867237672,0.01239959027440829,0.05579844687010038,0.04440817610684333,UP,True,61,24.0,IGNORE,NONE,,NEUTRAL,C,WAIT,No standout factor,Non-Energy Minerals,33.3
KIMS,766.45,775.2,783.4,760.75,True,False,False,True,False,True,0.7515373694563787,26.001126445,0.7413356937261499,False,-0.012411678995985774,True,52.93,False,0.9036972537369494,44.0,-0.16,0,False,▆▇▆▅▅▅█▄▄▃▃▄▆▅▄▁▆▃▄▄,False,False,False,0,0.014493712772998046,-0.0280877504438245,0.06499237377586076,0.003920835388610544,UP,True,52,24.0,IGNORE,NONE,,NEUTRAL,C,WAIT,No standout factor,Health Services,24.1
IOC,135.86,136.5,137.06,135.33,True,False,False,False,False,False,0.9961459408900027,104.083989906,0.9932606473511112,False,0.12927817525233645,False,54.12,False,0.9702054426158975,58.0,0.32,0,True,▆▄▃▄▆▄▂▁▄▁▁▄▆█▅▁▇▆▂▃,False,False,False,0,-0.012430035618230528,-0.041889985895627646,0.03806862538463218,-0.009881400063192602,UP,False,48,24.0,IGNORE,NONE,,NEUTRAL,C,WAIT,CMF positive,Energy Minerals,27.5
EKC,107.03,110.83,110.83,106.4,True,True,False,False,False,False,0.16686441917817782,2.468914525,0.15841131364571498,False,0.28888134768838947,False,52.74,True,1.095634289987847,70.0,0.49,0,False,▇▇▆▆█▆▇▆▇▇▇▇▆▇█▇▁▃▃▇,False,False,False,0,-0.004094165813715467,-0.050141995030174025,0.046404495189147243,-0.01813340919773898,UP,False,46,24.0,IGNORE,NONE,,NEUTRAL,C,WAIT,CMF positive,Producer Manufacturing,27.6
BLUEJET,557.3,565.5,573.7,554.5,True,False,False,True,False,False,0.47190246332639135,10.83235156,0.45751410132663156,False,-0.09739366574852495,False,51.05,True,1.0055249707009128,62.0,0.38,0,True,▃▁▅▅█▆▂▅▅▅▅▃▇▆▂▄▆▅▄▅,False,False,False,0,-0.03706263498920093,-0.054622561492790545,0.013436026013661784,-0.0226139756603555,UP,False,45,24.0,IGNORE,NONE,,NEUTRAL,C,WAIT,No standout factor,Health Technology,33.7
CHAMBLFERT,418.45,417.95,420.8,415.5,False,False,False,False,False,False,0.7648401061844133,16.72327056,0.7704980581380152,False,0.04948717366650595,True,52.42,False,0.8970420884207644,60.0,0.3,0,True,█▄▅▁▅▅▁▅▂▆▆▄▁▄▄▆▅▂▄▃,False,False,False,0,0.021731168355512143,-0.05584386281588449,0.07222982935837485,-0.02383527698344945,UP,False,44,24.0,IGNORE,NONE,,NEUTRAL,C,WAIT,CMF positive,Process Industries,26.7
COROMANDEL,1899.1,1942.5,1954.0,1894.0,True,False,False,False,False,False,0.5038344975939858,11.10232851,0.4915852566163443,False,0.13066029947389857,False,48.35,False,0.7964944360704078,13.0,-1.04,0,True,▄▂▃▃▅▃▂▂▁▃▃▄▃▄▃▄▃█▁▁,False,False,False,0,-0.0035678681987513228,-0.06003761631360138,0.04693079280411139,-0.02802903048116634,UP,False,43,24.0,IGNORE,NONE,,NEUTRAL,C,WAIT,CMF positive,Process Industries,26.7
HIRECT,1179.4,1212.0,1227.9,1172.9,True,False,False,True,False,True,0.6261068144390153,3.8091081800000004,0.593243272462064,False,-0.10330196058260156,False,57.69,True,1.3149766932974711,88.0,1.17,0,True,▇▂▄▁█▆▁▂▃▃▃▃▂▁▄▃▆▇▅█,False,False,False,0,-0.034781897045584764,-0.05806245507547303,0.015716763957277946,-0.026053869243037986,UP,False,43,24.0,IGNORE,SEED,,NEUTRAL,C,WAIT,No standout factor,Producer Manufacturing,27.6
MFSL,1444.0,1452.0,1460.9,1432.1,True,False,False,False,False,False,0.37173780473126183,65.7801204,0.3678473720073274,False,0.32814647538355296,False,42.15,False,0.7342246222183512,4.0,-1.8,0,True,▇▂▅▄▄█▄▅▄▆▆▄▁▆▄▄▇▃▂▂,False,False,False,0,-0.08206725573707963,-0.06422137256172633,-0.031568594734216915,-0.03221278672929129,UP,False,41,24.0,IGNORE,NONE,,NEUTRAL,C,WAIT,CMF positive,Finance,27.7
V2RETAIL,211.22,213.25,214.52,208.0,True,False,False,False,False,False,0.787664373180426,14.419102275999998,0.7661429214429502,False,0.1473812378655555,False,50.92,False,0.9327972008756424,37.0,-0.33,0,True,▁▃▅▃▄▅▅▆▄▂▂▄▁▆▄▂█▅▅▃,False,False,False,0,-0.05146398419256337,-0.06506728045325771,-0.000965323189700662,-0.03305869462082267,UP,False,41,24.0,IGNORE,NONE,,NEUTRAL,C,WAIT,CMF positive,Retail Trade,28.0
WIPRO,164.14,163.05,164.5,161.66,False,False,False,False,False,False,0.8973500149008976,156.18086781399998,0.8600194256044167,False,0.04254129942903317,True,42.93,False,0.8970005954930578,22.0,-0.73,0,True,█▂▄▃▃▄▅▄▂▃▃▄▄▇▂▅▆▁▄▃,False,False,False,0,-0.06950113378684819,-0.0765162597051875,-0.01900247278398548,-0.04450767387275245,UP,False,36,24.0,IGNORE,NONE,,NEUTRAL,C,WAIT,CMF positive,Technology Services,25.7
HIKAL,208.8,218.0,219.86,207.64,True,False,False,False,False,False,0.16181146421587358,12.74408712,0.14195134277211646,False,0.26928286115236233,False,42.47,True,1.3713713713713713,41.0,-0.08,0,False,▇█▆▂▃▁▃▄▅▅▅▄▄▆▅▄▅▆▄▆,False,False,False,2,0.03669132615063808,-0.08122854879873265,0.08718998715350079,-0.049219962966297603,UP,False,34,24.0,IGNORE,NONE,,NEUTRAL,C,WAIT,CMF positive,Health Technology,33.7
MAXHEALTH,1000.1,1014.0,1015.8,989.1,True,False,False,False,False,False,1.4134850322813677,264.80067742000006,1.3770369649774818,False,0.15947472554586048,False,61.33,True,1.1064505362667894,63.0,0.4,0,False,█▁▅▃▅▄█▁▇▆▆▅▄▇▄▁▇▃▅▆,False,False,False,0,-0.008820614469772003,-0.08932799125842295,0.04167804653309071,-0.0573194054259879,UP,False,32,24.0,IGNORE,NONE,,NEUTRAL,C,WAIT,CMF positive,Health Services,24.1
NELCAST,116.65,119.6,125.5,115.0,True,True,False,False,False,False,5.04568362518256,7.117014804999999,5.138174742278119,False,-0.12670809969713437,False,44.16,False,0.7713941341904379,37.0,-0.26,0,False,▇▆▃██▅▆▄▇▅▅▃▁▃▆▄▇▃▃▂,False,False,False,0,-0.012779282329045238,-0.08831574833919498,0.03771937867381747,-0.056307162506759934,UP,False,32,24.0,IGNORE,DISTRIBUTION,,NEUTRAL,C,WAIT,No standout factor,Non-Energy Minerals,33.3
INOXWIND,72.0,74.81,74.83,72.0,True,False,False,False,False,False,0.47210211108690886,42.106032,0.4554697296073762,False,0.17723688434264756,False,36.75,False,0.9225323827693543,56.0,-0.01,0,True,▄▅▃▁▁▄▅▅▂▃▃▂▃▆█▇▅▅▃▃,False,False,False,0,0.023163279806735826,-0.0911386013632921,0.07366194080959854,-0.05913001553085706,UP,False,31,24.0,IGNORE,NONE,,NEUTRAL,C,WAIT,CMF positive,Producer Manufacturing,27.6
FIVESTAR,518.35,518.55,524.0,513.4,True,False,False,False,False,False,0.5993787225585063,19.790136484999998,0.5813200859196531,False,0.12960911240080528,False,39.96,False,0.8067837674136886,22.0,-0.56,0,True,█▆▅▆▆██▇▇▁▁▄▄▄▇▇▅▄█▃,False,False,False,0,-0.031212036258293496,-0.09141104294478519,0.019286624744569214,-0.05940245711235015,UP,False,31,24.0,IGNORE,NONE,,NEUTRAL,C,WAIT,CMF positive,Finance,27.7
CELLO,332.6,338.45,340.35,327.65,True,False,False,False,False,False,0.7403184643228415,7.735810360000001,0.7327288054477588,False,0.11438053634345532,False,48.15,False,0.9585141537604013,28.0,-0.5,0,True,▅▅▅▇▇▆▅▆▇▇▇▆▆█▅█▆▁▄▅,False,False,False,0,-0.05591825149020713,-0.0907599781301257,-0.005419590487344417,-0.05875139229769066,UP,False,31,24.0,IGNORE,NONE,,NEUTRAL,C,WAIT,CMF positive,Consumer Durables,24.3
CHOLAHLDNG,1390.4,1401.7,1411.5,1378.8,True,False,False,False,False,False,1.1238654795182386,25.35686384,1.0572084900191105,False,0.05512876840882455,False,69.55,True,1.2359610463463178,87.0,1.1,0,False,▄▅▂▁▂▃█▃▁▁▁▂▃▄▁▅▆▅▄▆,False,False,False,0,-0.06401884887243348,-0.1048734951393806,-0.013520187869570766,-0.07286490930694556,UP,False,28,24.0,IGNORE,SEED,,NEUTRAL,C,WAIT,CMF positive,Finance,27.7
CSBBANK,323.75,333.7,333.7,319.8,True,False,False,False,False,False,0.3379278702869811,10.2570475,0.3347083058773147,False,0.2917663041413862,False,49.05,True,1.0844332426875372,59.0,0.25,0,False,▅█▆█▆▆▆▆▅▆▆▁▃▅▅▅▆▄▄▆,False,False,False,0,-0.0576335322369379,-0.10306136584014403,-0.007134871234075191,-0.07105278000770898,UP,False,28,24.0,IGNORE,NONE,,NEUTRAL,C,WAIT,CMF positive,Finance,27.7
NIVABUPA,75.73,77.4,77.57,74.72,True,False,False,False,False,True,1.1926156053169596,6.540057946,1.1326870493744954,False,-0.2508488828914156,False,54.72,True,1.0100506686601878,55.0,0.09,0,True,▄▁▄██▅▃▅▃▆▆▂▂█▁▂▅▅▃▄,False,False,False,0,-0.06805316268766926,-0.1202369888475836,-0.017554501684806545,-0.08822840301514856,UP,False,23,24.0,IGNORE,NONE,,NEUTRAL,C,WAIT,No standout factor,Finance,27.7
HDBFS,637.4,650.0,652.8,636.05,True,False,False,False,False,False,0.5882806190622266,18.1031161,0.5512816080083481,False,0.05704813587441791,False,55.41,False,0.8469433766154363,21.0,-0.66,0,True,▃█▅▂▁█▄▇▃▄▄▄▃▅▇▃▄▄▄▃,False,False,False,0,-0.06587528394518949,-0.12457080071418769,-0.015376622942326779,-0.09256221488175265,UP,False,21,24.0,IGNORE,NONE,,NEUTRAL,C,WAIT,CMF positive,Finance,27.7
AWFIS,250.2,256.85,259.75,249.65,True,False,False,False,False,False,0.23200434183314542,9.85695426,0.20316744776809048,False,0.4360064993770601,False,50.28,True,1.1778761683885024,59.0,0.18,0,False,▅▃▇▇▆█▆▇▆▁▁▄▅▆▅▆▅▆▆▆,False,False,False,0,-0.03360370799536494,-0.1297391304347827,0.01689495300749777,-0.09773054460234765,UP,False,20,24.0,IGNORE,NONE,,NEUTRAL,C,WAIT,CMF positive,Finance,27.7
SUNTECK,276.75,281.0,282.15,275.1,True,False,False,False,False,False,1.53831351990651,4.535517375,1.4682423389871764,False,-0.17349424470563773,False,53.21,True,1.0247867033877087,64.0,0.39,0,False,▆▇█▆▆█▄█▃▆▆▃▆▇▃▁▃▅▃▆,False,True,False,0,-0.08587943848059454,-0.12697160883280756,-0.03538077747773183,-0.09496302300037252,UP,False,20,24.0,IGNORE,DISTRIBUTION,,NEUTRAL,C,WAIT,No standout factor,Finance,27.7
ATGL,594.45,611.5,611.5,593.0,True,False,False,False,False,False,0.2267749377005547,36.442400580000005,0.20775538590498854,False,0.37851052096156407,False,32.27,True,1.0716123997542633,63.0,0.34,0,False,▆▅▄▇▅▆▅▃▆██▄▅▁▂▄▄▅▄▅,False,False,False,0,-0.0430618158403091,-0.1661523355309299,0.007436845162553607,-0.13414374969849485,UP,False,11,24.0,IGNORE,NONE,,NEUTRAL,C,WAIT,CMF positive,Utilities,37.4
VIKRAN,57.26,58.82,59.07,57.01,True,False,False,False,False,False,0.3451428481201557,5.1817437,0.3295270952649039,False,0.17001305284742613,False,45.33,True,1.007254991278456,79.0,0.8,0,False,▅▆▆▆▇▅▇▇▇██▆▆▆█▇▇▁▃▆,False,False,False,0,-0.025527569775357417,-0.20867882808181315,0.024971091227505293,-0.1766702422493781,UP,False,6,24.0,IGNORE,NONE,,NEUTRAL,C,WAIT,CMF positive,Industrial Services,34.5
INDIAGLYCO,297.5,309.0,326.0,295.0,True,False,False,False,False,False,1.6781539917286599,34.28458425,1.2840834108139472,False,0.1210924393487475,False,30.22,False,0.6810447794830189,4.0,-2.0,0,False,▅▁▅▆▄▆▅▅▇▆▇█▅▃▇▆▇▁▁▃,False,False,False,0,-0.7475176101162693,-0.7433796256361598,-0.6970189491134066,-0.7113710398037247,UP,False,0,24.0,IGNORE,NONE,,NEUTRAL,C,WAIT,CMF positive,Process Industries,26.7
CORDELIA,103.25,105.7,105.7,101.81,True,False,False,False,False,False,0.40583975907366837,8.5030918,0.3872035127238697,False,0.11320545280105644,False,50.58,False,0.9532963926269364,71.0,0.63,0,True,█▇▅▆▁▇▅▃▆▄▄▆▆█▇▄▃▆▆▅,False,False,False,0,-0.004819277108433773,-0.875662331406551,0.04567938389442894,-0.843653745574116,UP,False,0,24.0,IGNORE,NONE,,NEUTRAL,C,WAIT,CMF positive,Consumer Services,25.2
ALEMBICLTD,106.91,106.53,108.46,105.15,False,True,True,True,False,True,0.2981753961488542,8.85909715,0.29441980639787285,False,-0.06574597784916444,False,37.27,False,0.9170203604601096,7.0,-1.52,0,False,▆▅▆▁▃▅▄▆▆▆▆▆▄█▅▅▆▆▆▅,False,False,False,2,0.08274255620822357,0.18433588124515343,0.13324121721108628,0.21634446707758848,FLAT,True,84,23.0,IGNORE,NONE,,NEUTRAL,C,WAIT,No standout factor,Health Technology,33.7
ALICON,716.85,730.0,730.0,712.0,True,False,True,False,False,False,1.028239064193163,2.3875406100000003,1.0236328740970488,False,0.21534597770274677,False,62.57,True,1.1042381780158304,77.0,0.72,0,False,▇▅▁█▃▅▄▂▃▅▅▅▁▃▆▆▇▅▅▆,False,False,False,0,0.07732191163210111,0.14925851703406812,0.12782057263496382,0.18126710286650316,FLAT,True,81,23.0,IGNORE,NONE,,NEUTRAL,C,WAIT,CMF positive,Producer Manufacturing,27.6
JUBLCPL,2117.3,2243.0,2248.7,2099.4,True,False,True,True,False,False,0.6361869694180219,1.38280863,0.6164340454477887,False,-0.15783973349802766,False,56.69,True,1.0264163241657764,50.0,0.13,0,True,▁▃▁▆▅▅▅▅▅▇▇█▅▇▂▆▂▃▆▅,False,False,False,0,-0.08555757104603956,0.07564519406624681,-0.03505891004317685,0.10765377989868186,FLAT,True,73,23.0,IGNORE,NONE,,NEUTRAL,C,WAIT,No standout factor,Process Industries,26.7
KOTAKBANK,401.8,406.9,407.95,399.3,True,False,False,False,False,True,1.4446571921755418,701.31835452,1.3880206507672055,False,-0.28671404776145787,False,67.51,False,0.9960753068932957,59.0,0.26,0,True,▅▃▄▃▅▄▅▄▄▅▅▅▄█▃▁▄▄▆▄,False,False,False,9,-0.05280528052805278,0.06535861063237447,-0.002306619525190068,0.09736719646480951,FLAT,True,71,23.0,IGNORE,NONE,,NEUTRAL,C,WAIT,No standout factor,Finance,27.7
DECNGOLD,204.92,213.0,213.92,204.2,True,False,False,True,False,False,0.9010001980858368,22.160335688,0.8315499137693514,False,-0.0920127910157792,False,49.94,True,1.1453209031385096,83.0,0.95,0,True,▂▃▃█▅▅▃▃▂▁▁▃▅▅▃▅▃█▅▆,False,False,False,0,-0.10071532013867568,0.06507276507276494,-0.05021665913581297,0.09708135090519998,FLAT,True,71,23.0,IGNORE,NONE,,NEUTRAL,C,WAIT,No standout factor,Non-Energy Minerals,33.3
APCOTEXIND,586.0,599.4,599.4,583.55,True,False,False,True,False,True,0.47937858514333176,3.9846242,0.45166293739573626,False,-0.12083355027119796,False,63.85,True,1.2714184729039517,78.0,0.78,0,True,▂▂▄▄▄▃▅▃█▅▅▄▆▅▃▅▄▂▁█,False,False,False,0,-0.09330032492650464,0.06140191994203947,-0.04280166392364193,0.09341050577447452,FLAT,True,70,23.0,IGNORE,NONE,,NEUTRAL,C,WAIT,No standout factor,Process Industries,26.7
JAYNECOIND,87.98,88.0,89.13,86.8,True,False,False,True,False,False,0.43917074520627086,19.691322882,0.4269675463128168,False,-0.1479059268388092,False,49.39,True,1.0513096137677072,81.0,0.8,0,True,▄▂▄▂▁▃▄▅▅▅▅▅▆▇▅▄█▅▅▅,False,False,False,0,-0.10598516410933845,0.04700702130191603,-0.05548650310647574,0.07901560713435107,FLAT,True,68,23.0,IGNORE,NONE,,NEUTRAL,C,WAIT,No standout factor,Non-Energy Minerals,33.3
NELCO,916.45,966.1,976.65,905.6,True,False,False,True,False,False,0.9351280228540853,27.74002505,0.881873874099206,False,-0.12091917450426919,False,40.03,True,1.0499947539607597,55.0,0.24,0,True,▃▆▁▂█▄▁▅▆▇▇▄▅▇▆▆▆▇▄▅,False,False,False,0,-0.03683657383079342,0.030182104316546887,0.013662087172069293,0.06219069014898193,FLAT,True,65,23.0,IGNORE,NONE,,NEUTRAL,C,WAIT,No standout factor,Electronic Technology,27.3
ARVSMART,615.75,616.95,629.6,600.0,False,True,True,True,False,True,0.468478885931229,11.585151525,0.45952530810931586,False,-0.14286270777989682,False,20.14,False,0.414595234419227,4.0,-2.34,0,False,▇█▇█▇▇█▇█▇▇█▇▆▇▇▁▄▅▃,False,False,False,0,-0.07482533243182321,0.030199096536724035,-0.0243266714289605,0.06220768236915908,FLAT,True,65,23.0,IGNORE,NONE,,NEUTRAL,C,WAIT,No standout factor,Finance,27.7
THEMISMED,116.85,116.9,126.0,115.68,True,False,False,True,False,False,0.7107729513873002,2.8226052299999997,0.6341120748679848,False,0.07721326196699928,False,22.66,False,0.5072926111241702,3.0,-2.14,0,False,▆▆█▅▇▁▆▄█▆▆▆▄▅▆▇▆▇▇▃,False,False,False,5,-0.0634017313241424,0.03215263669287172,-0.012903070321279686,0.06416122252530676,FLAT,True,65,23.0,IGNORE,NONE,,NEUTRAL,C,WAIT,CMF positive,Health Technology,33.7
DRAGARWQ,5190.0,5209.0,5224.0,5138.0,True,False,False,True,False,True,0.5915733440466028,0.611382,0.581900365659338,False,-0.16563762139406,False,74.96,True,1.159267879650178,81.0,0.86,0,True,▇▅▅▄▇▃▅▃█▇▇▇▃▃█▇█▇▁▇,False,False,False,2,-0.011428571428571455,0.027722772277227747,0.039070089574291256,0.05973135810966279,FLAT,True,64,23.0,IGNORE,NONE,,NEUTRAL,C,WAIT,No standout factor,Health Services,24.1
AEROENTER,121.66,125.64,125.64,120.79,True,False,False,True,False,False,0.2442016370354132,3.146151932,0.21978515117090314,False,0.005376111600382008,True,49.88,True,1.1310529359077564,70.0,0.43,0,False,█▁▇▇█▅▃▇▃▆▆▄▄▃▇█▅▁▃█,False,False,False,2,-0.12127121704586485,0.010968921389396646,-0.07077255604300214,0.04297750722183169,FLAT,True,60,23.0,IGNORE,NONE,,NEUTRAL,C,WAIT,CMF positive,Producer Manufacturing,27.6
GARFIBRES,772.85,773.5,779.95,762.0,True,False,False,True,False,True,0.6490050902360018,2.3412717900000004,0.6253260079925127,False,-0.12911305837517023,False,52.98,True,1.0373793346517592,49.0,-0.05,0,True,▃▄▁▄▃▂▄▅█▄▄▃▄▄▃▄▃▂▃▄,False,False,False,1,-0.05037783375314864,-0.001614778452396326,0.00012082724971407277,0.030393807380038718,FLAT,True,58,23.0,IGNORE,NONE,,NEUTRAL,C,WAIT,No standout factor,Process Industries,26.7
JAGRAN,62.05,62.65,62.66,61.85,True,False,False,False,False,False,0.7110204180814299,0.780719305,0.7120850504010203,False,0.009365273665661736,True,63.54,False,0.9576416153608489,33.0,-0.43,0,True,▄▆▇▇▇▃▁▃█▅▅▄▃▆▅▂▃▂▆▄,False,False,False,0,0.015880812049770876,-0.013670322683198233,0.06637947305263359,0.01833826314923681,UP,True,55,23.0,IGNORE,NONE,,NEUTRAL,C,WAIT,CMF positive,Consumer Services,25.2
ASTRAL,1370.5,1392.9,1392.9,1363.0,True,False,False,False,False,False,0.2010062875441944,32.0195397,0.1856219686863856,False,0.023158318729470204,True,45.5,False,0.759048103630919,45.0,-0.18,0,True,█▁▄▅▅▆▄▄▅▅▅▄▃▆▃▄▄▅▅▂,False,False,False,0,-0.09965838917356462,-0.018336795358498637,-0.04915972817070191,0.013671790473936407,FLAT,True,54,23.0,IGNORE,NONE,,NEUTRAL,C,WAIT,CMF positive,Producer Manufacturing,27.6
ITC,268.85,268.1,269.0,266.3,False,True,False,False,False,False,0.45413547468207777,161.61439197,0.46332080718518726,False,-0.22882107959726447,True,60.83,True,1.0618650281045978,58.0,0.15,0,False,█▁▃▆▃▄▃▄▄▄▄▂▂▆▃▅▄▃▄▅,False,False,False,0,-0.0005576208178438291,-0.03758725613030245,0.04994104018501888,-0.005578670297867405,UP,False,50,23.0,IGNORE,NONE,,NEUTRAL,C,WAIT,No standout factor,Consumer Non-Durables,29.3
UTIAMC,893.9,901.85,913.95,888.0,True,False,False,False,False,False,0.504876441664818,5.48282504,0.5034412422241895,False,0.22970873954758844,True,53.32,False,0.8695652173913043,45.0,-0.22,0,False,▅▂█▅▃▁▄▂▂▃▃▂▁▅▁▂▁▃▃▂,False,False,False,0,0.02682212394463268,-0.03866214980910909,0.07732078494749539,-0.006653563976674048,UP,False,50,23.0,IGNORE,NONE,,NEUTRAL,C,WAIT,CMF positive,Finance,27.7
EMAMILTD,388.75,388.0,390.05,379.95,True,True,False,False,False,False,0.804400177366631,79.013942875,0.8336806294762281,False,-0.2558568272579767,True,56.29,True,1.0097766615839985,47.0,-0.05,0,False,▇▄█▆▇▇▇▇█▇▇▆▁▅▄▆▄▇▅▆,False,False,False,0,0.06799450549450547,-0.04047883499938287,0.11849316649736819,-0.00847024916694783,UP,False,49,23.0,IGNORE,NONE,,NEUTRAL,C,WAIT,No standout factor,Consumer Non-Durables,29.3
PDSL,349.5,355.0,359.15,347.9,True,False,False,True,False,True,0.9395986570412201,3.6141096,0.932607419865216,False,0.003965800416638556,False,51.87,False,0.8223869356692693,46.0,0.01,0,True,▂▃▃▇▂▃▂▃▅▅▅▃█▁▂▃▃▂▃▁,False,False,False,0,-0.050529747351263254,-0.04075751337999178,-3.108634840054414e-05,-0.00874892754755674,UP,False,49,23.0,IGNORE,NONE,,NEUTRAL,C,WAIT,CMF positive,Consumer Non-Durables,29.3
3MINDIA,33415.0,33965.0,33990.0,33230.0,True,False,False,False,False,True,0.37042994123105477,5.0022255,0.374572832262467,False,-0.1963782687358848,True,45.69,True,1.0382793059958415,43.0,-0.13,0,False,▇▆█▆█▆▆▆▃▆▆▁▅▇▆▆▅▅▆▆,False,False,False,0,0.0028511404561823994,-0.051787741203178195,0.05334980145904511,-0.01977915537074315,UP,False,45,23.0,IGNORE,NONE,,NEUTRAL,C,WAIT,No standout factor,Producer Manufacturing,27.6
HDFCLIFE,530.2,526.9,535.0,516.45,False,False,False,False,False,False,0.9428460371033018,223.71820812000004,0.9317762924291643,False,0.06385864775608097,True,40.56,False,0.7754813299428331,4.0,-1.94,0,False,█▁▄▃▅▄▂▃▃▅▅▃▂▅▂▃▅▁▁▂,False,False,False,0,-0.032481751824817384,-0.06589147286821706,0.018016909178045326,-0.03388288703578202,UP,False,41,23.0,IGNORE,NONE,,NEUTRAL,C,WAIT,CMF positive,Finance,27.7
AMRUTANJAN,506.55,506.35,518.0,499.0,False,True,False,False,False,False,1.0897145891933357,2.38534395,1.1020872889924633,True,-0.10692616209707033,True,54.24,False,0.9557540836284824,32.0,-0.47,0,True,▃▃▃█▁▂▄▄▃▄▄▃▆▂▄▄▄▂▃▃,False,False,False,0,-0.0054972023166781625,-0.07335589499679862,0.04500145868618455,-0.04134730916436358,UP,False,38,23.0,IGNORE,NONE,,NEUTRAL,C,WAIT,No standout factor,Health Technology,33.7
ALKEM,5175.0,5254.0,5273.5,5131.0,True,False,False,False,False,True,0.7211273277437705,52.636995,0.709069405873065,False,0.004321969844194695,False,51.37,False,0.832118443645317,33.0,-0.26,0,True,▇▅▇▆▄▅▄▆▆██▆▅█▅▇▄▁▂▄,False,False,False,0,-0.028989586265128042,-0.08463783496948796,0.021509074737734668,-0.052629249137052914,UP,False,33,23.0,IGNORE,NONE,,NEUTRAL,C,WAIT,CMF positive,Health Technology,33.7
REFEX,275.8,287.9,287.9,274.1,True,False,False,False,False,False,0.33459985238764883,5.44834626,0.3210210418238579,False,0.2638070419750528,True,44.45,False,0.9554722010253324,65.0,0.44,0,False,▇▇▆▇▆█▇█▇▇▇▇▅▆▁▄▇█▅▆,False,False,False,0,-0.023716814159291943,-0.11474883646284706,0.026781846843570767,-0.08274025063041202,UP,False,25,23.0,IGNORE,NONE,,NEUTRAL,C,WAIT,CMF positive,Energy Minerals,27.5
PIIND,2349.0,2398.4,2398.4,2318.5,True,False,False,False,False,False,0.4038312673453152,26.5549752,0.40254025800836485,False,0.1978737384868253,True,38.47,False,0.8562684324745424,13.0,-1.1,0,False,▇▃▄▄▃▄▄▄▇▃▃▅▄█▅▁▃▄▆▄,False,False,False,0,-0.008860759493670933,-0.1160532851659517,0.04163790150919178,-0.08404469933351666,UP,False,24,23.0,IGNORE,NONE,,NEUTRAL,C,WAIT,CMF positive,Process Industries,26.7
INOXGREEN,170.0,172.2,172.32,167.8,True,False,False,False,False,False,1.0752774390170752,20.950936,1.0554614569573226,False,0.2473725529703072,True,43.79,False,0.8895976597019777,31.0,-0.35,0,False,▄▃▁▂▃▃▅▆█▄▄▂▂▃▃▃▃▃▁▃,False,False,False,0,0.01875711631809196,-0.1296779808529156,0.06925577732095467,-0.09766939502048055,UP,False,20,23.0,IGNORE,NONE,,NEUTRAL,C,WAIT,CMF positive,Utilities,37.4
CCL,1031.6,1038.0,1045.0,1025.7,True,False,False,False,False,False,0.5526891880432845,8.23660388,0.5292414183516648,False,0.0935533610934294,True,47.9,False,0.8969449567912217,52.0,0.05,0,False,▅▂▃▃▄▃▂▄▄▃▃▁▅▇▅▃▄▂█▂,False,False,False,0,-0.04463789590664946,-0.14112063941387065,0.00586076509621325,-0.10911205358143561,UP,False,16,23.0,IGNORE,NONE,,NEUTRAL,C,WAIT,CMF positive,Consumer Non-Durables,29.3
ACI,482.75,482.9,484.9,471.85,False,True,False,False,False,False,0.4545856040360135,9.080768875,0.45143200963865515,False,-0.07804653524329967,True,55.01,True,1.0416390524701293,81.0,0.8,0,False,▃▆█▅▁▃▆▄▅▄▄▄▁▄▁▂▃▁▃▄,False,False,False,0,-0.005561849830054588,-0.1484388781090139,0.04493681117280812,-0.11643029227657886,UP,False,15,23.0,IGNORE,NONE,,NEUTRAL,C,WAIT,No standout factor,Process Industries,26.7
RESPONIND,161.6,161.24,165.0,157.51,False,True,False,False,False,False,0.21830119297980732,11.51437168,0.22144421491472482,False,-0.28810935310320546,True,31.02,True,1.0977810807941395,40.0,-0.35,0,False,█▄▆▅▁▃▅▁▂▃▃▄▅▄▅▆▅▇▂▅,False,False,False,0,0.08419993290841998,-0.1616952845359756,0.1346985939112827,-0.12968669870354055,UP,False,13,23.0,IGNORE,NONE,,NEUTRAL,C,WAIT,No standout factor,Non-Energy Minerals,33.3
VOLTAS,1135.5,1124.9,1144.5,1120.2,False,False,False,False,False,False,1.3867867557623108,105.93340665,1.3714789773535117,True,-0.1906666510575254,True,23.32,False,0.48527223730894486,2.0,-1.87,0,True,█▅▅▃▄▅▄▆▄▄▄▅▄█▃▅▁▄▅▁,False,False,False,0,-0.049313462826523824,-0.16347428908206874,0.0011851981763388864,-0.1314657032496337,UP,False,12,23.0,IGNORE,NONE,,NEUTRAL,C,WAIT,No standout factor,Producer Manufacturing,27.6
IZMO,873.55,901.2,905.0,871.0,True,False,False,True,False,False,0.3622260638115016,5.2925773849999995,0.34351456269439584,False,0.0001013493793281322,False,53.28,True,1.3513067958456446,67.0,0.46,0,False,▇▃▁▄▅▃▄▅▅▄▄▅▃▃▅▄▇█▇▇,False,False,False,0,0.048679471788715345,-0.191456867826731,0.09917813279157806,-0.15944828199429595,UP,False,8,23.0,IGNORE,NONE,,NEUTRAL,C,WAIT,CMF positive,Technology Services,25.7
GVPIL,651.4,674.95,674.95,647.95,True,False,False,True,False,False,0.651133828329567,7.390523839999999,0.6486930880947515,False,-0.09847844114913094,True,55.73,True,1.1667661129081222,84.0,0.89,0,False,▇▅▄█▄▃▁▂▂▂▂▃▃▆▂▃▂▄▃▆,False,False,False,0,0.03825310806503035,-0.21758452945769025,0.08875176906789306,-0.1855759436252552,UP,False,5,23.0,IGNORE,NONE,,NEUTRAL,C,WAIT,No standout factor,Industrial Services,34.5
UNIVCABLES,1427.1,1497.6,1504.7,1420.0,True,False,False,True,False,False,0.680641785922087,12.21183741,0.6389657432641855,False,-0.2610510605941645,True,47.79,True,1.0908841891413767,62.0,0.28,0,False,▃▃▂▁▅▆▁▄▃██▂▃▂▃▁▄▂▁▄,False,False,False,0,-0.13414634146341475,0.18845769487008668,-0.08364768046055204,0.22046628070252172,FLAT,True,85,22.0,IGNORE,NONE,,NEUTRAL,C,WAIT,No standout factor,Electronic Technology,27.3
KRN,1387.4,1381.8,1424.9,1381.8,False,False,False,True,False,False,0.4646137554634917,14.706717480000002,0.42877790068590355,False,-0.1772563829144885,True,50.21,False,0.9568001219581913,86.0,1.12,0,True,▂▅▄▂▃█▁▅▆▃▃▆▄▆██▆▇▅▄,False,False,False,2,-0.10668984611422305,0.09295730266267532,-0.05619118511136034,0.12496588849511037,FLAT,True,75,22.0,IGNORE,SEED,,NEUTRAL,C,WAIT,No standout factor,Producer Manufacturing,27.6
LMW,16966.0,17176.0,17176.0,16858.0,True,False,False,True,False,False,0.6355540775228171,5.836304,0.59213141158754,False,-0.2417949915527933,True,51.63,False,0.9945677300046233,34.0,-0.38,0,True,▂▂▃▁▄▆▄█▇▅▅▄▄▆▅▆▄▄▃▄,False,False,False,0,-0.1058761528326746,0.05385427666314668,-0.05537749182981189,0.08586286249558173,FLAT,True,69,22.0,IGNORE,NONE,,NEUTRAL,C,WAIT,No standout factor,Producer Manufacturing,27.6
GPTHEALTH,156.1,160.9,160.9,153.83,True,False,False,True,False,True,1.3349550934952703,2.44052984,1.2923342792032557,False,0.04028567914969882,False,66.04,True,1.2158815785839878,85.0,0.86,0,False,▆▇▇▇▂▅▁▅▅▅▅▃▇▂▄▅▁▂▂█,False,False,False,0,0.02019475851251551,0.04729956390472978,0.07069341951537822,0.07930814973716482,FLAT,True,68,22.0,IGNORE,SEED,,NEUTRAL,C,WAIT,CMF positive,Health Services,24.1
HINDALCO,976.7,979.2,983.4,971.2,True,False,False,True,False,False,0.7038782907338791,235.5751565,0.689020198827794,False,-0.08361479918263671,True,52.44,False,0.9073135283838261,40.0,-0.13,0,True,▆▁▆▃▆▅▄▄▅▅▅▆▇██▇▅▆▆▄,False,False,False,0,-0.046191406249999956,0.018138225789638307,0.004307254752862755,0.05014681162207335,FLAT,True,62,22.0,IGNORE,NONE,,NEUTRAL,C,WAIT,No standout factor,Non-Energy Minerals,33.3
TIMKEN,3180.5,3200.1,3221.1,3134.5,True,False,False,False,False,False,0.5086523057368693,6.10942245,0.5067117942186177,False,0.008482874031474248,False,55.1,True,1.0373033877086137,48.0,-0.14,0,False,▆▅▇█▄▂▃▃▂▃▃▂▁▅▃▄▃▃▃▅,False,False,False,0,0.009810769621539261,0.016296532992490897,0.06030943062440197,0.04830511882492594,UP,True,62,22.0,IGNORE,NONE,,NEUTRAL,C,WAIT,CMF positive,Producer Manufacturing,27.6
INDIANB,831.6,829.85,835.8,825.3,False,False,False,False,False,False,1.0188380675235018,84.78968652,0.9822386790628959,True,-0.2378273117177968,True,38.55,False,0.7588358611458323,21.0,-0.82,0,True,█▆▃▂▅▇▆▆▄▅▅▆▁█▆▅▇▃▇▃,False,False,False,2,-0.05970149253731338,0.014270032930845389,-0.009202831534450673,0.04627861876328043,FLAT,True,61,22.0,IGNORE,NONE,,NEUTRAL,C,WAIT,No standout factor,Finance,27.7
IDBI,84.39,84.1,85.4,82.25,True,True,False,False,False,False,0.9591313408157635,123.995990751,0.9656435667565317,False,-0.2920973574554312,True,42.84,True,1.2233708378548176,79.0,0.83,0,False,▅▃▇▄▅▃▃▂▅▁▁▇▆▄▄▆▆█▁▇,False,False,False,0,-0.071412852112676,-0.007526755262848406,-0.020914191109813296,0.024481830569586638,FLAT,True,57,22.0,IGNORE,NONE,,NEUTRAL,C,WAIT,No standout factor,Finance,27.7
SUPRAJIT,483.6,486.0,487.0,479.1,True,False,False,True,False,True,0.4507297124082901,1.9369147199999999,0.4447916418937347,False,-0.020351681664888557,True,62.82,True,1.1277264159411184,88.0,1.02,0,False,▄▇█▆▆▆▆▇▇▅▅▁▄▆▆▅▆▆▇▇,False,False,False,0,-0.0395233366434955,-0.015372085920798084,0.010975324359367211,0.01663649991163696,FLAT,True,55,22.0,IGNORE,SEED,,NEUTRAL,C,WAIT,No standout factor,Producer Manufacturing,27.6
STYLAMIND,3281.3,3375.0,3388.7,3250.0,True,False,False,True,False,True,1.2705233107595277,17.02765009,1.2564311664656722,False,-0.10258248270967885,False,50.62,True,1.0602823509697958,31.0,-0.4,0,False,▆▅▆▄▂▃▆▃▆██▆▁▆▇▃▄▅▃▆,False,False,False,0,-0.05287920334824647,-0.03895381190873681,-0.0023805423453837626,-0.006945226076301769,UP,False,49,22.0,IGNORE,NONE,,NEUTRAL,C,WAIT,No standout factor,Non-Energy Minerals,33.3
ACCELYA,1099.9,1110.0,1121.9,1088.1,True,False,False,False,False,False,2.565195312111044,1.41678119,2.5150213052985118,False,-0.11880516851497351,False,59.96,False,0.8612220275200367,40.0,-0.26,0,True,▁▄▃▄▄▄▆▃▄▅▅▃▅▅▄▄▇▃█▁,False,False,False,0,-0.02482489582409786,-0.05091034601777544,0.02567376517876485,-0.0189017601853404,UP,False,46,22.0,IGNORE,DISTRIBUTION,,NEUTRAL,C,WAIT,No standout factor,Technology Services,25.7
BASF,3495.8,3539.8,3580.0,3482.1,True,False,False,False,False,False,0.8718511418505508,5.93027512,0.8264953070988651,False,-0.14342159679914981,False,68.38,True,1.3837483431647324,97.0,1.82,0,True,▅▄▄▅▅▆▇▄▆▅▅▃▅▄▁▅▃▅▃█,False,False,False,0,-0.07708960346375204,-0.051780725309897635,-0.026590942460889333,-0.01977213947746259,FLAT,False,45,22.0,IGNORE,SEED,,NEUTRAL,C,WAIT,Delivery P97,Process Industries,26.7
SPIC,62.75,64.35,64.59,62.4,True,False,False,False,False,False,0.7621707408690311,2.093183125,0.6932302337050672,False,-0.14468747485352448,False,65.63,True,1.3404409587124577,96.0,1.85,0,False,▅▄▁▂▆▄▂▇▆▅▅▂▃▄▄▆▁▄▇█,False,False,False,4,-0.07366400944788887,-0.057241586538461564,-0.023165348445026157,-0.02523300070602652,UP,False,43,22.0,IGNORE,SEED,,NEUTRAL,C,WAIT,Delivery P96,Process Industries,26.7
VHL,3329.3,3355.0,3391.6,3320.0,True,False,False,False,False,False,1.0335195530726256,0.20941297000000003,0.9859680459496686,False,-0.35986262241210304,False,83.08,True,1.1458757163447282,91.0,1.43,0,True,▃▂▃▆▅▇▆▄▃▅▅▆▇▆▄▅▁█▂▆,False,False,False,1,-0.06195762425335272,-0.06164036076662904,-0.011458963250490006,-0.029631774934194,UP,False,42,22.0,IGNORE,SEED,,NEUTRAL,C,WAIT,Delivery P91,Finance,27.7
PRAKASH,115.68,118.81,119.89,114.2,True,False,False,False,False,False,1.3416632444732515,6.901075488000001,1.2765562541502238,False,-0.20296301938024747,False,65.22,True,1.2054895799639573,93.0,1.43,0,True,▄▃▆▄▃█▅▇▇▇▇▃▆▅▄▁▅▇▃█,False,False,False,0,-0.0919937205651491,-0.06942321615316549,-0.041495059562286385,-0.037414630320730446,FLAT,False,40,22.0,IGNORE,SEED,,NEUTRAL,C,WAIT,Delivery P93,Non-Energy Minerals,33.3
ADANIENT,2914.9,2920.0,2939.9,2902.5,False,False,False,True,False,True,0.26985210930647163,163.08661457,0.26627478492262135,False,-0.27557010053308406,False,42.4,True,1.0360795142155483,78.0,0.8,0,False,█▄▃▃▂▄▄▃▃▄▄▁▁▅▃▁▃▄▁▃,False,False,False,1,-0.08018302303565794,-0.07504601129656663,-0.02968436203279523,-0.043037425464131585,UP,False,37,22.0,IGNORE,NONE,,NEUTRAL,C,WAIT,No standout factor,Distribution Services,36.7
TIPSMUSIC,657.35,668.9,670.4,651.6,True,False,False,True,False,True,0.8569564788503823,13.277221035,0.8592991352189121,False,-0.0707614310092413,False,52.36,True,1.0188356164383563,65.0,0.43,0,False,█▅▇▃▄█▂▂▄▁▁▅▇█▆▆▃▅▃▅,False,False,False,0,0.020967616680903856,-0.07487157835479552,0.07146627768376657,-0.04286299252236048,UP,False,37,22.0,IGNORE,NONE,,NEUTRAL,C,WAIT,No standout factor,Consumer Services,25.2
DEEPAKNTR,1550.8,1589.0,1589.0,1545.1,True,False,False,False,False,False,0.35939659641794863,15.57732076,0.3346014640570985,False,-0.23256183302672598,False,64.18,True,1.1765137211050212,93.0,1.45,0,True,▃▃▃▄▃▃▁▂█▄▄▆▃▇▃▄▄▃▃▅,False,False,False,1,-0.11352463701840643,-0.08220394152808197,-0.06302597601554372,-0.050195355695646926,FLAT,False,34,22.0,IGNORE,SEED,,NEUTRAL,C,WAIT,Delivery P93,Process Industries,26.7
ATULAUTO,440.55,450.45,450.5,438.25,True,False,False,False,False,False,0.42807698887846074,1.7471772449999998,0.4099735516257209,False,-0.41021891047103715,False,56.82,True,1.1604799591524126,97.0,1.67,0,True,▇▁▆▇▅█▆█▆▇▇▄▆▃▃█▆▇▇█,False,False,False,0,-0.09482227244709263,-0.0840004158436427,-0.044323611444229916,-0.05199183001120766,UP,False,33,22.0,IGNORE,SEED,,NEUTRAL,C,WAIT,Delivery P97,Consumer Durables,24.3
ENRIN,3211.0,3229.0,3264.0,3184.0,True,True,False,True,False,False,0.4796973236018847,65.7860047,0.47795903755208313,False,-0.25343033208880444,False,41.48,False,0.8297908518959359,17.0,-0.89,0,True,▃▃▅▃▆▃▄▄▃▄▄▅▁█▅▂▅▃▂▂,False,False,False,0,-0.06537431598556287,-0.08956874308883156,-0.01487565498270016,-0.057560157256396516,UP,False,32,22.0,IGNORE,NONE,,NEUTRAL,C,WAIT,No standout factor,Producer Manufacturing,27.6
KIRLOSBROS,1732.3,1780.6,1780.6,1720.7,True,False,False,False,False,False,0.9515834214429094,4.68500535,0.9145094142151187,False,-0.28289820815844785,False,61.07,True,1.2176739178114968,97.0,1.8,0,True,█▅▄▅▅▅▄▆▆▇▇▄▆▁▆▇▄▄▃▇,False,False,False,0,-0.08835912009262192,-0.08787910699241785,-0.03786045908975921,-0.05587052115998281,UP,False,32,22.0,IGNORE,SEED,,NEUTRAL,C,WAIT,Delivery P97,Producer Manufacturing,27.6
CANTABIL,230.67,236.95,237.51,230.0,True,False,False,False,False,False,0.8611132479966094,2.736991818,0.8266376607187643,False,-0.20199064685965745,False,68.37,True,1.2206312932942942,93.0,1.31,0,True,▄█▆▄▂▇▇▆▆▁▁▂▃▃▆▆▃▅▂▇,False,False,False,0,-0.04843034528278545,-0.09445295018254629,0.002068315720077263,-0.06244436435011125,UP,False,30,22.0,IGNORE,SEED,,NEUTRAL,C,WAIT,Delivery P93,Consumer Non-Durables,29.3
BANCOINDIA,594.2,600.15,605.0,589.7,True,False,False,False,False,False,0.7838276850574646,3.9927269,0.7593384005295898,False,-0.10958396957701066,False,55.91,True,1.112603603872521,97.0,1.48,0,True,▃▁▁▁▄▅▄▁▆▃▃▃▃▆▅▅▄▄█▆,False,False,False,0,-0.049888071634153985,-0.10194211441094225,0.0006105893687087249,-0.06993352857850721,UP,False,28,22.0,IGNORE,SEED,,NEUTRAL,C,WAIT,Delivery P97,Producer Manufacturing,27.6
SUMMITSEC,1337.4,1400.0,1409.0,1330.1,True,False,False,False,False,False,3.0399070502993433,1.2596970600000001,2.875508283142135,False,-0.3671540134928916,False,66.47,False,0.9561827492951264,80.0,0.75,0,True,▂▁▅▆▅█▅▃▃▆▆▄▃▅▆▃▅▆▃▄,False,False,False,0,-0.06259199551412342,-0.10691151919866437,-0.012093334511260712,-0.07490293336622933,UP,False,27,22.0,IGNORE,DISTRIBUTION,,NEUTRAL,C,WAIT,No standout factor,Miscellaneous,22.2
HONDAPOWER,1862.8,1924.0,1924.0,1858.3,True,False,False,False,False,False,1.5700122745727505,0.7743659599999999,1.4926077102897484,False,-0.26816393315444476,False,62.81,True,1.0941365014110025,93.0,1.41,0,False,▆▆▃▃▅▄▃▇▅██▆▁▇▅▅█▅▇▇,False,False,False,0,-0.07690782953419228,-0.11337458353165164,-0.026409168531329574,-0.0813659976992166,UP,False,26,22.0,IGNORE,DISTRIBUTION,,NEUTRAL,C,WAIT,Delivery P93,Producer Manufacturing,27.6
NUCLEUS,661.5,679.55,679.7,658.8,True,False,False,False,False,False,0.8615548264878657,0.95368455,0.799981279614718,False,-0.22189395434641332,False,67.41,True,1.0964541314248537,90.0,1.02,0,True,▄▄▃▄█▃▅▄▄▄▄▂▆▃▄▄▁▅▅▅,False,False,False,0,-0.11136485760343895,-0.11599625818521975,-0.06086619660057624,-0.0839876723527847,UP,False,24,22.0,IGNORE,SEED,,NEUTRAL,C,WAIT,Delivery P90,Technology Services,25.7
NDRAUTO,721.6,742.85,754.6,712.0,True,False,False,False,False,False,1.9355850620699586,2.7160302400000003,1.939744204801695,False,-0.03747727611827899,False,53.71,False,0.9693371112996083,67.0,0.46,0,True,▆▃▂▇▅▅▃▅▇▅▅▄▁▂█▄▁▃█▄,False,False,False,0,-0.01903208265361611,-0.12042905899561185,0.0314665783492466,-0.0884204731631768,UP,False,23,22.0,IGNORE,DISTRIBUTION,,NEUTRAL,C,WAIT,No standout factor,Producer Manufacturing,27.6
KICL,4869.5,4930.0,4975.0,4852.0,True,False,False,False,False,False,0.6894689468946895,0.3730037,0.6733662514096098,False,-0.1671638948240967,False,76.63,True,1.1417035414711183,90.0,1.35,0,True,▃▂▁▃▄▃▄█▄▆▆▇▃▇▆▇▂█▅▇,False,False,False,0,-0.059669788548807556,-0.1205526458370959,-0.009171127545944846,-0.08854406000466086,UP,False,23,22.0,IGNORE,SEED,,NEUTRAL,C,WAIT,Delivery P90,Finance,27.7
BHAGCHEM,241.1,244.0,244.0,240.1,True,False,False,False,False,False,0.9163013126788467,1.53209406,0.8673644293044773,False,-0.2907615554004768,False,72.84,True,1.1164244988044878,90.0,1.19,0,True,▁▇▄▃▃▅▅▂▄▅▅▄▄██▂▄▅▄▆,False,False,False,0,-0.14122885129118434,-0.12406902815622167,-0.09073019028832163,-0.09206044232378663,UP,False,21,22.0,IGNORE,SEED,,NEUTRAL,C,WAIT,Delivery P90,Process Industries,26.7
ITI,245.8,253.0,254.7,244.15,True,False,False,False,False,False,1.1002429354601344,3.82779424,1.0313502780600872,False,-0.21384162741391755,False,44.51,True,1.1416186824319992,94.0,1.46,0,True,▄▃▄▄▁▁▄▆▅▆▆▅▆▇▆▆▂█▄▆,False,False,False,0,-0.09282155379221246,-0.12775017743080197,-0.04232289278934975,-0.09574159159836693,UP,False,20,22.0,IGNORE,SEED,,NEUTRAL,C,WAIT,Delivery P94,Communications,33.3
GREENLAM,217.51,224.0,224.31,215.17,True,False,False,False,False,False,2.0230839121352036,1.8936855620000002,1.8782769673871933,False,-0.3014291314655913,False,60.71,False,0.9998764771276816,76.0,0.57,0,True,▇▄▆▄▅▆▇▆▆██▆▁▃▇▅▄▇▇▅,False,False,False,0,-0.12258975393303762,-0.1389152810768013,-0.0720910929301749,-0.10690669524436625,UP,False,17,22.0,IGNORE,DISTRIBUTION,,NEUTRAL,C,WAIT,No standout factor,Non-Energy Minerals,33.3
GOODYEAR,704.05,713.8,713.8,701.0,True,False,False,False,False,False,0.9433082250880342,0.284788225,0.9224260732993789,False,-0.3479948036911993,False,79.75,True,1.1876307696889823,94.0,1.37,0,True,▅▄▄▅▄█▅▆▅▄▄▆▆▇▄▅▆▁▃█,False,False,False,0,-0.052868769758525724,-0.1426570871894789,-0.002370108755663014,-0.11064850135704385,UP,False,16,22.0,IGNORE,SEED,,NEUTRAL,C,WAIT,Delivery P94,Consumer Durables,24.3
APEX,338.65,345.25,346.1,336.3,True,False,False,False,False,False,0.8817049337157024,3.383350555,0.8146295509530347,False,-0.07610517172206095,False,50.07,True,1.1793108321360435,93.0,1.62,0,True,▄▇▅▂▅▇▁▅▅██▄▄▅▃▅▅▇▄▆,False,False,False,0,-0.10881578947368431,-0.16134224863793967,-0.0583171284708216,-0.12933366280550462,UP,False,13,22.0,IGNORE,SEED,,NEUTRAL,C,WAIT,Delivery P93,Consumer Non-Durables,29.3
PARKHOTELS,103.57,103.76,106.3,102.0,True,False,False,False,False,False,3.463875363638468,4.6491951579999995,3.2878189438219962,False,-0.17249363206873708,False,49.08,False,0.7917661482867652,17.0,-0.97,0,True,▃▂▁█▇▅▄▄▃▆▆▄▃▄▅▂▃▄▃▂,False,False,False,0,-0.07921408250355633,-0.17657815232946417,-0.028715421500693616,-0.14456956649702912,UP,False,10,22.0,IGNORE,DISTRIBUTION,,NEUTRAL,C,WAIT,No standout factor,Consumer Services,25.2
PRECAM,116.78,120.79,120.79,116.0,True,False,False,False,False,False,0.5462665546715156,1.198069376,0.5297177993867823,False,-0.27067003958256663,False,56.79,True,1.1595356956907905,94.0,1.41,0,True,▅▇▅▅▆▄▇▇▇▇▇▇▇▅█▅▁▅▆▇,False,False,False,0,-0.06918539773633026,-0.17783722894959164,-0.018686736733467546,-0.1458286431171566,UP,False,9,22.0,IGNORE,SEED,,NEUTRAL,C,WAIT,Delivery P94,Producer Manufacturing,27.6
BBL,2112.2,2162.0,2165.7,2105.1,True,False,False,False,False,False,0.7966206915166402,3.11697354,0.7533548169956876,False,-0.3639699417778321,False,64.42,True,1.1055716210302309,90.0,1.31,0,True,▄▄▆██▅▄▃▁▄▄▁▃▃▄▂▃▃▆▆,False,False,False,0,-0.10632536492489963,-0.21074658097302146,-0.055826703922036924,-0.17873799514058641,UP,False,6,22.0,IGNORE,SEED,,NEUTRAL,C,WAIT,Delivery P90,Producer Manufacturing,27.6
ICEMAKE,648.75,655.6,662.45,645.9,True,False,False,False,False,False,1.102929979666604,1.59761175,1.0302175080257425,False,-0.21487916016041061,False,68.11,True,1.139458627496905,93.0,1.44,0,True,▅▃▅▅▇▆▅▄▁▅▅▅▅█▅▅▆█▄▇,False,False,False,0,-0.13419191245162143,-0.2252343703349854,-0.08369325144875872,-0.19322578450255035,UP,False,4,22.0,IGNORE,SEED,,NEUTRAL,C,WAIT,Delivery P93,Producer Manufacturing,27.6
POLICYBZR,1151.3,1180.0,1213.5,1136.1,True,False,False,False,False,False,2.3305969374692657,1246.84500544,1.9956032356336821,False,-0.42776326885858384,False,31.84,False,0.6022091087910425,1.0,-2.53,0,False,█▁▆▆▄▅▆▇▅▄▄▃▄▅▆▆▅▆▂▂,False,False,False,3,-0.3859733333333334,-0.2734444023728385,-0.3354746723304707,-0.24143581654040347,FLAT,False,3,22.0,IGNORE,DISTRIBUTION,,NEUTRAL,C,WAIT,No standout factor,Technology Services,25.7
INA,88.8,91.01,91.99,88.55,True,False,False,False,False,False,0.4651270596873354,2.43240072,0.45624486998536806,False,-0.1178952691228214,False,60.53,True,1.2116056326751203,90.0,1.09,0,True,▅▇▆▆▅▄▂▆▁▇▇▆▄▅▅▅▄▇▅█,False,False,False,0,-0.042794006683194996,-0.2500000000000001,0.007704654319667714,-0.21799141416756507,UP,False,3,22.0,IGNORE,SEED,,NEUTRAL,C,WAIT,Delivery P90,Electronic Technology,27.3
WEL,73.72,76.65,76.65,73.51,True,False,False,False,False,False,0.11918338971560824,1.347004468,0.11433704863847552,False,-0.47163620439304665,False,63.95,True,1.154352966660048,90.0,1.19,0,True,█▃▃▃▅▅▄▃▃▂▂▁▃▅▄▄▃▃▃▅,False,False,False,0,-0.1792473836562012,-0.27690044139283965,-0.12874872265333848,-0.2448918555604046,UP,False,2,22.0,IGNORE,SEED,,NEUTRAL,C,WAIT,Delivery P90,Electronic Technology,27.3
TURTLEMINT,83.0,90.0,90.2,81.11,True,False,False,False,False,False,3.4372850517732996,52.5350658,2.4468281829742082,False,-0.5260254694165125,False,26.49,False,0.6117782909930716,9.0,-1.19,0,True,▃▂▂▁▃▂▄▄▂▂▂▃▂▂▃▂▃█▁▁,False,False,False,0,-0.4557377049180328,-0.38745387453874536,-0.40523904391517007,-0.3554452887063103,FLAT,False,1,22.0,IGNORE,DISTRIBUTION,,NEUTRAL,C,WAIT,No standout factor,Finance,27.7
SKMEGGPROD,211.35,220.0,220.0,209.4,True,False,False,False,False,False,1.0719021476460162,4.3873723799999995,0.9158715047456999,False,-0.37826064383694585,False,58.48,True,1.1083629471689171,90.0,1.22,0,True,▁▆▄▄▇▇▄▅▆██▄▅▇███▇▇▇,False,False,False,0,-0.21108622620380735,-0.33818694222639745,-0.16058756520094464,-0.3061783563939624,UP,False,1,22.0,IGNORE,SEED,,NEUTRAL,C,WAIT,Delivery P90,Process Industries,26.7
EUROPRATIK,206.4,214.55,214.6,204.05,True,False,False,False,False,False,0.4864525877945488,2.04849936,0.4170641760998696,False,-0.43496023032977377,False,63.32,True,2.414720183048908,93.0,1.68,1,False,▃▁▂▃▃▂▁▁▃▃▃▃▃▃▇█▄▄▃█,False,False,False,0,-0.217292377701934,-0.33030499675535363,-0.16679371669907128,-0.2982964109229186,UP,False,1,22.0,IGNORE,SEED,DEL63% ▃▁▂▃▃▂▁▁▃▃▃▃▃▃▇█▄▄▃█ P93 Z+1.7,NEUTRAL,C,WAIT,Delivery P93,Producer Manufacturing,27.6
HATSUN,1119.4,1165.4,1165.4,1110.0,True,False,True,True,False,True,0.28883947890707773,3.79174362,0.2654835450205964,False,-0.031227706675428353,False,39.86,False,0.8847946725860156,12.0,-1.06,0,False,▇▆█▅▂▃▇▃▃▂▂▂▂▅▃▃▇▆▁▃,False,False,False,8,-0.05968331303288665,0.20307378150357347,-0.009184652030023943,0.2350823673360085,FLAT,True,86,21.0,IGNORE,NONE,,NEUTRAL,C,WAIT,No standout factor,Consumer Non-Durables,29.3
MBAPL,166.81,168.8,169.6,165.3,True,True,False,False,False,False,0.6341636817519262,9.491522362000001,0.6514819892319652,False,0.03473816852956552,True,49.32,False,0.912513760788921,54.0,0.21,0,False,▃▃█▄▄▄▄▆▄▅▅▃▃▆▁▄▂▃▂▃,False,False,False,1,0.033199132858470204,0.1460666437650291,0.08369779386133291,0.17807522959746414,FLAT,True,81,21.0,IGNORE,NONE,,NEUTRAL,C,WAIT,CMF positive,Process Industries,26.7
NEULANDLAB,21440.0,21890.0,21920.0,21395.0,True,False,False,True,False,True,0.44182271388733835,40.643808,0.41387004201784433,False,-0.20885789145596229,False,43.23,False,0.8981644037688415,72.0,0.56,0,True,▅▃▄▆▆▄▁▃▁▃▃▁▂▆█▆▂█▂▃,False,False,False,2,-0.06823120382442416,0.13145812443928429,-0.017732542821561448,0.16346671027171933,FLAT,True,80,21.0,IGNORE,NONE,,NEUTRAL,C,WAIT,No standout factor,Health Technology,33.7
GAEL,160.47,161.87,164.43,159.73,True,False,False,True,False,True,0.527876773917891,5.926847121,0.5109152246343133,False,-0.08835703481780713,False,48.65,False,0.9997020415292462,52.0,0.03,0,True,▁▅▅▅▆█▄▇▅▇▇▆▇█▇▆▄▆▅▆,False,False,False,0,-0.0929798779109201,0.11530442035029198,-0.042481216908057395,0.14731300618272702,FLAT,True,78,21.0,IGNORE,NONE,,NEUTRAL,C,WAIT,No standout factor,Consumer Non-Durables,29.3
IMAGICAA,51.29,52.29,52.32,51.1,True,False,True,True,False,True,0.3750626297330184,1.7993455219999999,0.3587993723876726,False,-0.2729013097809841,False,50.73,True,1.1349374140071813,39.0,-0.24,0,False,▃▅▆▅▆▄█▅▆██▂▁▃▄▅▆▅▂▆,False,False,False,0,-0.08882572392965005,0.11041350941762285,-0.038327062926787336,0.1424220952500579,FLAT,True,77,21.0,IGNORE,NONE,,NEUTRAL,C,WAIT,No standout factor,Consumer Services,25.2
WONDERLA,505.55,508.05,511.75,504.0,True,False,False,False,False,False,0.9654591188185941,2.4439803650000003,0.9354151599380137,False,-0.12180286135667341,False,70.84,True,1.202532719957901,94.0,1.38,0,True,▂▄▁▄▂▂▄▆▇▂▂▂▆▆▆▅▅█▇▇,False,False,False,1,-0.05900418799441598,0.07381053525913339,-0.00850552699155327,0.10581912109156844,FLAT,True,72,21.0,IGNORE,SEED,,NEUTRAL,C,WAIT,Delivery P94,Consumer Services,25.2
KARURVYSYA,320.75,326.45,327.0,320.1,True,False,False,True,False,True,0.5711014057747417,27.264038675,0.546113209460778,False,-0.23049781387649748,False,56.99,True,1.0964254107507023,76.0,0.67,0,False,▆▁▆▄▅▆▃▄▆▄▄▄▄▇▇▅▅██▆,False,False,False,1,-0.07724395857307254,0.0656146179401993,-0.026745297570209825,0.09762320377263434,FLAT,True,71,21.0,IGNORE,NONE,,NEUTRAL,C,WAIT,No standout factor,Finance,27.7
KPIL,1375.6,1420.0,1424.8,1368.0,True,False,False,True,False,True,1.2253839616593307,25.438007879999997,1.193437378054672,False,-0.17833120070206868,False,32.07,False,0.6473752737769614,3.0,-2.11,0,False,▆▂▄▄▄▅▄▄▅▄▄▄▅▆█▆▄▃▁▂,False,False,False,6,-0.01805981868798645,0.03944385673265827,0.03243884231487626,0.07145244256509331,FLAT,True,66,21.0,IGNORE,NONE,,NEUTRAL,C,WAIT,No standout factor,Industrial Services,34.5
UNITDSPR,1422.2,1434.0,1442.0,1421.2,True,False,False,True,False,True,0.3640506657295136,30.474474940000004,0.35735595567604134,False,-0.024260312955109747,False,63.08,True,1.0420073673951467,68.0,0.55,0,False,▇▄▅▅▄▄▅▃▆▄▄▃▅█▅▄▁▃▅▅,False,False,False,0,-0.07559311017224568,0.03553225571574181,-0.02509444916938297,0.06754084154817686,FLAT,True,65,21.0,IGNORE,NONE,,NEUTRAL,C,WAIT,No standout factor,Consumer Non-Durables,29.3
MAHABANK,80.85,84.5,84.5,80.49,True,False,False,True,False,True,1.1326000910940837,134.58854524499998,1.0954179475790466,False,-0.05122492084287413,False,49.94,True,1.0802158701318365,76.0,0.69,0,False,▅▄▂▁▅▃▃▃▂▆▆▂▁█▄▅▃▅▄▅,False,False,False,0,-0.014865358840014609,0.004098360655737654,0.0356333021628481,0.0361069464881727,FLAT,True,60,21.0,IGNORE,NONE,,NEUTRAL,C,WAIT,No standout factor,Finance,27.7
JAIBALAJI,63.51,64.6,65.49,63.1,True,False,False,False,False,False,0.43884054612877393,2.3936156879999997,0.4083416782350404,False,-0.14202164012024665,False,67.39,True,1.0907884300998691,92.0,1.56,0,True,█▃▃▇█▄▃▆█▄▄▃▇▅█▃▁▆▆▇,False,False,False,0,-0.11987250554323725,-0.0028261893546868144,-0.06937384454037454,0.02918239647774823,FLAT,True,58,21.0,IGNORE,SEED,,NEUTRAL,C,WAIT,Delivery P92,Non-Energy Minerals,33.3
STYL,370.35,377.0,381.15,365.05,True,False,True,True,False,True,0.8200386047652037,3.691167345,0.8077777505764223,False,-0.11279726790204077,False,43.25,False,0.8707556951449078,15.0,-0.95,0,True,▆▆▅█▄▇▄▃▆▇▇▆▆▇▇▅▇█▁▅,False,False,False,0,-0.04004665629860027,-0.007370678102385453,0.010452004704262441,0.02463790773004959,FLAT,True,57,21.0,IGNORE,NONE,,NEUTRAL,C,WAIT,No standout factor,Technology Services,25.7
PIDILITIND,1511.7,1525.0,1530.0,1495.7,True,False,False,False,False,True,0.7302269518818941,73.81540398000001,0.6886611285392342,False,0.07528851698304413,False,55.21,False,0.9143301922726595,26.0,-0.58,0,False,█▅▆▆▆▄▄▅▅▅▅▆▇▆▄▅▅▄▁▄,False,False,False,1,-0.08713768115942022,-0.030713003334188138,-0.03663902015655751,0.0012955824982469055,FLAT,True,51,21.0,IGNORE,NONE,,NEUTRAL,C,WAIT,CMF positive,Process Industries,26.7
RHIM,386.6,387.5,391.65,380.1,False,True,True,False,False,False,0.4245646245200039,16.685656,0.43113291813239996,False,-0.3604501622179182,True,44.93,False,0.9523002087726921,46.0,0.05,0,False,▆▅█▆▇▆▇▄▆▅▅▆▆▆▆▁▂▆▄▅,False,False,False,0,0.040365984930032184,-0.05407389283092723,0.0908646459328949,-0.022065306998492185,UP,False,45,21.0,IGNORE,NONE,,NEUTRAL,C,WAIT,No standout factor,Producer Manufacturing,27.6
GENUSPOWER,294.05,305.6,305.6,292.85,True,False,False,False,False,False,0.6852344765701688,37.244755265,0.6225914263384047,False,-0.2513009938514849,True,60.88,True,1.3095711842713789,92.0,1.38,0,False,▆▆▃▃▄▄▄▅▆▆▆▄▅▃▅▆▆▁▅█,False,False,False,0,-0.12276252983293545,-0.06428003182179787,-0.07226386883007274,-0.032271445989362824,FLAT,False,41,21.0,IGNORE,SEED,,NEUTRAL,C,WAIT,Delivery P92,Electronic Technology,27.3
EIDPARRY,706.45,706.0,708.4,694.15,False,False,False,False,False,False,0.9567763423777471,24.250803665,0.9057255294773264,False,-0.08691768142678838,True,51.96,True,1.1198879249959588,46.0,-0.09,0,True,▃▅▄▃▅▁▅▁▅▆▆▄▄▄▃█▃█▁▆,False,False,False,0,-0.11627470602952206,-0.07320432928829124,-0.06577604502665935,-0.04119574345585619,FLAT,False,38,21.0,IGNORE,NONE,,NEUTRAL,C,WAIT,No standout factor,Process Industries,26.7
KPITTECH,509.0,519.0,519.0,506.0,True,False,False,False,False,False,0.6174546013679006,45.6214155,0.5691444829137505,False,-0.3132545237057541,True,37.26,True,1.0320471982937707,58.0,0.02,0,True,▆▁▂▄▇▇▄▆▃▁▁▂▁█▂▂▅▄▄▄,False,False,False,0,-0.1299145299145299,-0.09301496792587316,-0.07941586891166719,-0.061006382093438116,FLAT,False,31,21.0,IGNORE,NONE,,NEUTRAL,C,WAIT,No standout factor,Technology Services,25.7
BALMLAWRIE,162.48,164.16,164.79,162.3,True,False,False,False,False,False,0.3798456183651351,0.8481943439999999,0.3606674351208894,False,-0.020551889563777216,True,74.49,True,1.3943432603934633,100.0,2.25,0,False,▇▂▅▆▆▅▇▇▄▆▆▄▅▇▅▁▇▅▅█,False,False,False,0,-0.070267795834287,-0.09370816599732268,-0.019769134831424284,-0.061699580164887635,UP,False,30,21.0,IGNORE,SEED,,NEUTRAL,C,WAIT,Delivery P100,Producer Manufacturing,27.6
UNICHEMLAB,536.4,546.2,558.0,526.6,True,False,True,True,False,False,1.010227619297168,6.30758124,0.978097133116996,False,-0.1465388218263875,True,22.79,False,0.6125932397016329,7.0,-1.64,0,False,▅▃▅▇█▁▇█▇▇▇█▆█▁▆▅▆▄▂,False,False,False,0,-0.036205192705057954,-0.09939556749496314,0.014293468297804757,-0.0673869816625281,UP,False,29,21.0,IGNORE,NONE,,NEUTRAL,C,WAIT,No standout factor,Health Technology,33.7
VENTIVE,558.9,575.0,575.0,555.5,True,False,False,False,False,False,0.9137303296720143,1.6656337799999998,0.8907894595660591,False,0.034721765871138455,False,70.86,True,1.0787686873915292,84.0,1.04,0,True,▂▄▃█▂▂▅▄▆▆▆▄▅▆▄▆▂▁▄▅,False,False,False,0,-0.05463464140730734,-0.0997825561729887,-0.004135980404444628,-0.06777397034055366,UP,False,29,21.0,IGNORE,NONE,,NEUTRAL,C,WAIT,CMF positive,Consumer Services,25.2
ARKADE,123.22,125.0,127.49,122.5,True,False,False,False,False,False,0.5302279093556048,1.283176114,0.534502449621871,False,-0.11884650002687107,True,54.61,True,1.3421977535822254,86.0,1.1,0,True,▆▅▅▅▃▅▅▆▂▆▆▆▁▄▇▇▆▃▅█,False,False,False,0,-0.0010539116335629428,-0.10748949732000579,0.04944474936929977,-0.07548091148757075,UP,False,27,21.0,IGNORE,SEED,,NEUTRAL,C,WAIT,No standout factor,Consumer Durables,24.3
GOCOLORS,304.8,314.0,316.5,303.0,True,False,False,False,False,False,0.7113295776229911,1.62141408,0.6803483363975233,False,-0.3128467052244271,True,56.57,True,1.238750082116189,79.0,0.66,0,True,▆▄▅▄▆▅▅▅█▃▃▃▅█▄▄▃▁▅▇,False,False,False,0,-0.07030654262620106,-0.11485407289095395,-0.019807881623338353,-0.08284548705851891,UP,False,25,21.0,IGNORE,NONE,,NEUTRAL,C,WAIT,No standout factor,Consumer Non-Durables,29.3
GANESHHOU,718.55,732.0,732.0,707.1,True,False,False,False,False,False,1.2744674087106245,2.3189045599999996,1.2107510619700523,False,-0.07216613352634965,True,61.26,True,1.0533646282014906,81.0,0.78,0,True,▆▁▄▄▄▄▃▂▄▄▄▅▄█▄▂▂▆▂▅,False,False,False,0,-0.07516571207928446,-0.12114726027397271,-0.024667051076421753,-0.08913867444153767,UP,False,22,21.0,IGNORE,NONE,,NEUTRAL,C,WAIT,No standout factor,Consumer Durables,24.3
ORIENTTECH,233.81,234.31,237.57,233.1,True,False,False,False,False,False,0.12848573804619806,1.62918808,0.1217418352735738,False,-0.255211858560984,True,57.81,True,1.4148830720657881,100.0,1.95,0,False,█▆█▅▆█▆█▃▁▁▅▅▆▇▆▇▆▇█,False,False,False,0,-0.02171548117154809,-0.12564975131820055,0.02878317983131462,-0.09364116548576551,UP,False,21,21.0,IGNORE,SEED,,NEUTRAL,C,WAIT,Delivery P100,Technology Services,25.7
RUSTOMJEE,359.9,364.0,364.45,351.0,True,False,False,False,False,False,0.41716910861067247,1.5607063499999998,0.41872096326341257,False,-0.008544196298783465,True,60.3,True,1.0196834415584415,69.0,0.49,0,True,▃▄▃▁▄▄▃▃▃▃▃▄▄▅▆▂▄▄█▄,False,False,False,0,-0.05027048423274838,-0.13036124199589239,0.00022817677011433002,-0.09835265616345734,UP,False,19,21.0,IGNORE,NONE,,NEUTRAL,C,WAIT,No standout factor,Finance,27.7
DCXINDIA,159.24,161.56,161.75,158.62,True,False,False,False,False,False,0.5598940971022898,3.329803944,0.5333402325034422,False,-0.13283110663279785,True,50.22,True,1.068612952303944,85.0,1.0,0,True,▄▂▃▄▅▃▂▄▆▅▅▄▃▆█▁▄▅▆▅,False,False,False,0,-0.07990986306118908,-0.14123928166963273,-0.02941120205832637,-0.10923069583719769,UP,False,16,21.0,IGNORE,SEED,,NEUTRAL,C,WAIT,No standout factor,Producer Manufacturing,27.6
REPCOHOME,346.75,345.0,348.8,340.0,True,False,False,False,False,False,1.106986977136418,2.8630454,1.0786961629350156,False,-0.08613929663058889,True,63.92,True,1.0151752177814484,79.0,0.71,0,True,▆▆▅▅▃▅▃▇█▆▆▁▅▆▃▅▄▃▃▅,False,False,False,0,-0.044765840220385655,-0.14446089316555644,0.005732820782477055,-0.11245230733312139,UP,False,15,21.0,IGNORE,NONE,,NEUTRAL,C,WAIT,No standout factor,Finance,27.7
GKENERGY,121.87,122.0,123.9,121.0,True,False,False,False,False,False,0.5815012464046276,2.664772859,0.559094789855583,False,-0.25597291627496604,True,51.65,True,1.070333222811671,79.0,0.72,0,True,▆▅▅▇▆▅▃█▄██▇▇▅▁▂▄▆▇▆,False,False,False,0,-0.08492266106021928,-0.14776223776223774,-0.034424000057356574,-0.11575365192980269,UP,False,15,21.0,IGNORE,NONE,,NEUTRAL,C,WAIT,No standout factor,Industrial Services,34.5
INFOBEAN,144.42,145.96,145.96,143.0,True,False,False,False,False,False,0.4290522053190325,1.811720016,0.3928581097018385,False,-0.2653784099629696,True,48.47,True,1.0612164469939134,77.0,0.83,0,True,▁▆▅▇▂▅▆█▅▇▇▄▄▆▅▆▅▆▆▅,False,False,False,0,-0.10559237009970901,-0.14801486637956462,-0.0550937090968463,-0.11600628054712958,UP,False,15,21.0,IGNORE,NONE,,NEUTRAL,C,WAIT,No standout factor,Technology Services,25.7
ROSSARI,440.4,445.0,445.25,435.95,True,False,False,False,False,False,0.47388492693863293,1.481946,0.45852959926849357,False,-0.3309660434343282,True,59.56,True,1.0803261293452926,78.0,0.74,0,True,▄▄▃▂▅▃█▄▁▅▅▂▅▅▄▅▂▂▄▅,False,False,False,0,-0.09223951355250959,-0.1507087069713624,-0.04174085254964688,-0.11870012113892736,UP,False,14,21.0,IGNORE,NONE,,NEUTRAL,C,WAIT,No standout factor,Process Industries,26.7
PICCADIL,600.5,610.35,611.2,598.7,True,False,False,False,False,False,0.45565026140608833,4.47366495,0.44795912820654277,False,-0.2612269188549298,True,58.27,True,1.2202502486780797,89.0,0.99,0,True,▆▃▇▄▆▃▇▅▁▅▅▂▅█▄▂▅▄▁█,False,False,False,0,-0.05447960951031339,-0.20103778605641298,-0.003980948507450677,-0.16902920022397794,UP,False,8,21.0,IGNORE,SEED,,NEUTRAL,C,WAIT,No standout factor,Process Industries,26.7
RAMKY,306.25,308.0,311.6,303.0,True,False,False,False,False,False,0.5903207106077121,0.71570625,0.5464180315546638,False,-0.2717229892510816,True,70.97,True,1.2154582587622775,94.0,1.26,0,False,▅▂▄▁▇▅▆▄▅▅▅▁▂▆▁▅▅▆▅█,False,False,False,0,-0.12848605577689243,-0.20423541639599851,-0.07798739477402972,-0.17222683056356347,UP,False,7,21.0,IGNORE,SEED,,NEUTRAL,C,WAIT,Delivery P94,Industrial Services,34.5
LATENTVIEW,241.6,243.75,244.9,240.6,True,False,False,False,False,False,0.3115684200403885,4.22311968,0.29076732009407175,False,-0.4673733781998666,True,52.64,True,1.0533582798883407,87.0,1.05,0,True,█▄▅▆▅▇▆▆▅▆▆▁▅█▇▆▆▇▇▆,False,False,False,0,-0.10452186805040775,-0.22240102993241062,-0.05402320704754504,-0.19039244409997558,UP,False,5,21.0,IGNORE,SEED,,NEUTRAL,C,WAIT,No standout factor,Commercial Services,27.2
CEINSYS,690.0,689.95,694.45,678.0,False,False,False,False,False,False,0.6261922346725631,2.86074,0.6211176034384858,False,-0.1365166158566536,True,57.02,True,1.1508497154159771,70.0,0.63,0,True,▇▇▇▇▆▄▆█▄▄▄▆▁▅▅▆█▆▇▇,False,False,False,0,-0.04432132963988922,-0.2375690607734806,0.006177331362973493,-0.20556047494104557,UP,False,4,21.0,IGNORE,NONE,,NEUTRAL,C,WAIT,No standout factor,Industrial Services,34.5
FINOPB,127.23,128.88,128.88,126.2,True,False,False,False,False,False,0.5391674620071948,1.5417222480000001,0.4997456500391535,False,-0.2536033363177774,True,48.87,True,1.161980621767818,79.0,0.83,0,True,▅▆▁▆▆▅▃▄▁▅▅▂▄▆▆█▆▆▆▆,False,False,False,0,-0.08717176065432619,-0.24488100183987183,-0.03667309965146348,-0.21287241600743678,UP,False,4,21.0,IGNORE,NONE,,NEUTRAL,C,WAIT,No standout factor,Finance,27.7
JLHL,263.85,267.0,267.25,258.75,True,False,False,False,False,False,1.5257958800107132,4.742360745,1.419071704850248,False,-0.21413307708382584,True,62.66,True,1.165030492339729,71.0,0.49,0,False,▄▂▁▃█▃▂▁▃▄▄▄█▄▅▄▄▆▃▅,False,False,False,0,-0.10740866035182683,-0.8306591361273346,-0.056909999348964124,-0.7986505502948995,UP,False,0,21.0,IGNORE,NONE,,NEUTRAL,C,WAIT,No standout factor,Health Services,24.1
PRUDENT,3171.3,3060.7,3186.9,3038.8,False,False,False,True,False,True,0.8396694522338016,8.58914892,0.7959256928998725,False,-0.1573009109080237,True,41.16,False,0.7645228697469235,6.0,-1.35,0,False,▅▁▄▂▅▆█▆▂▅▅▄▆▅▃▃▆▂▇▂,False,False,False,0,-0.13692031352057477,0.12028401865197114,-0.08642165251771206,0.15229260448440618,FLAT,True,78,20.0,IGNORE,NONE,,NEUTRAL,C,WAIT,No standout factor,Finance,27.7
PARAS,1315.0,1320.9,1332.8,1287.0,True,False,False,True,False,True,0.6733010177447062,82.299801,0.6251552986627785,False,-0.12746089539886052,True,23.57,False,0.8794119841802851,25.0,-0.67,0,False,▆▇▂▂▂▇▂▅▃██▃▁▃▅▅▂▅▄▃,False,False,False,0,-0.08228068951078238,0.08983921763633362,-0.03178202850791967,0.12184780346876867,FLAT,True,75,20.0,IGNORE,NONE,,NEUTRAL,C,WAIT,No standout factor,Electronic Technology,27.3
SJS,2261.7,2310.0,2310.0,2257.7,True,False,False,True,False,True,0.4043935592150086,13.7601828,0.38680027232318714,False,0.015146680697341304,False,54.08,False,0.9874379199532575,58.0,0.16,0,False,▃▂▃█▂▂▂▃▆▃▃▁▄▅▁▂▃▄▃▃,False,False,False,0,-0.09117576147231377,0.04019684496159659,-0.040677100469451055,0.07220543079403163,FLAT,True,67,20.0,IGNORE,NONE,,NEUTRAL,C,WAIT,CMF positive,Producer Manufacturing,27.6
NYKAA,325.5,332.1,332.95,324.0,True,False,False,True,False,True,0.8963346554926707,114.05835735,0.8657572682124165,False,0.0197388534121994,False,55.28,False,0.9793691147941783,62.0,0.26,0,False,▇▃▃▄▆▅▆▄▅▅▅▁▄█▄▄▇▄▄▄,False,False,False,2,-0.06880274638821349,0.0061823802163833985,-0.018304085385350777,0.03819096604881844,FLAT,True,60,20.0,IGNORE,NONE,,NEUTRAL,C,WAIT,CMF positive,Retail Trade,28.0
IFCI,70.55,73.8,73.85,70.31,True,False,False,True,False,False,0.26217401851497846,240.99365690499997,0.20488421444102675,False,-0.21388720644623818,False,23.06,True,1.3761823769880346,33.0,-0.43,0,False,▅█▁▃▁▂▄▃▃▃▃▂▂▂▃▂▃▄▄▅,False,False,False,3,-0.2134894091415831,-0.03527963899904274,-0.1629907481387204,-0.003271053166607696,FLAT,False,51,20.0,IGNORE,NONE,,NEUTRAL,C,WAIT,No standout factor,Finance,27.7
BEL,392.7,392.0,394.55,388.6,False,False,False,False,False,False,0.6033169385245165,232.60276809,0.5895656187116903,False,-0.13695979901152203,False,62.33,True,1.1142992500424589,94.0,1.38,0,False,▇▇▇▂▂▃▁▇▄██▄▁▆▇▇▇▂▅█,False,False,False,0,-0.0445255474452555,-0.03537214443625658,0.0059731135576072125,-0.003363558603821537,UP,False,50,20.0,IGNORE,SEED,,NEUTRAL,C,WAIT,Delivery P94,Electronic Technology,27.3
GSFC,153.04,156.85,156.85,152.85,True,False,False,False,False,False,0.6686015610057483,10.453534936,0.6513186608432224,False,-0.10790402002554059,False,66.81,True,1.3274784664752575,98.0,2.33,0,False,▄▅▆▆▄▆▆█▇▆▆▄▁▄▅▂▃▄▆█,False,False,False,0,-0.032311097059753435,-0.038874583935188056,0.018187563943109275,-0.006865998102753013,UP,False,50,20.0,IGNORE,SEED,,NEUTRAL,C,WAIT,Delivery P98,Process Industries,26.7
PURVA,209.99,212.4,212.65,209.0,True,False,False,False,False,False,0.06573041372427763,1.541851575,0.06067965443728754,False,0.3684132708252403,False,46.49,True,1.3826433499881037,68.0,0.46,0,False,▇▆▇▅▁▄▇▆▆▇▇▄▂▆▃▃▇█▇▇,False,False,False,0,-0.013807354529657645,-0.04432712874891909,0.036691306473205065,-0.012318542916484043,UP,False,48,20.0,IGNORE,NONE,,NEUTRAL,C,WAIT,CMF positive,Finance,27.7
RAJRATAN,460.95,472.5,472.5,458.0,True,False,False,True,False,True,0.37547139552605696,2.30410467,0.35947126874411833,False,-0.05283211942610748,False,51.29,True,1.0366956715075444,70.0,0.58,0,True,▆▅▇▅▅▆▅▄▆▆▆▅█▆▇▆▁▇▅▆,False,False,False,0,-0.07281504576083675,-0.046836228287841286,-0.02231638475797404,-0.014827642455406242,FLAT,False,47,20.0,IGNORE,NONE,,NEUTRAL,C,WAIT,No standout factor,Producer Manufacturing,27.6
SUVEN,321.65,335.0,336.0,320.2,True,False,False,True,False,False,0.6382285894811045,12.050649414999999,0.5626442692387809,False,-0.3922492991281992,False,55.47,True,1.2546793182614988,83.0,0.92,0,True,▂▃▄▁▅▃▆▅▄▇▇▃▄▄▅▅█▇▄▇,False,False,False,0,-0.17956893253411566,-0.049778434268833105,-0.12907027153125294,-0.01776984843639806,FLAT,False,46,20.0,IGNORE,NONE,,NEUTRAL,C,WAIT,No standout factor,Health Technology,33.7
JYOTHYLAB,189.66,191.6,191.96,188.31,True,False,False,False,False,False,0.33967002070820146,6.266195706,0.32269435024375065,False,-0.11707626034477321,False,54.06,True,1.027912990568908,62.0,0.17,0,True,▃▃▄█▃▆▃▄▆▅▅▂▄▁▄▄▄▄▄▄,False,False,False,0,-0.06787241362363006,-0.05674640672402642,-0.017373752620767346,-0.024737820891591378,UP,False,44,20.0,IGNORE,NONE,,NEUTRAL,C,WAIT,No standout factor,Consumer Non-Durables,29.3
GOCLCORP,379.0,388.0,389.0,375.65,True,False,False,True,False,False,0.1862593003502449,3.8402554,0.16482368498389577,False,-0.1904318288249043,False,53.35,True,1.1313752518290743,62.0,0.4,0,False,▇█▆▁▅█▇█▇██▇▄▇▇▄▆▆▆▇,False,False,False,5,-0.03439490445859872,-0.05509847918224886,0.016103756544263992,-0.023089893349813817,UP,False,44,20.0,IGNORE,NONE,,NEUTRAL,C,WAIT,No standout factor,Process Industries,26.7
BLS,221.22,223.5,223.71,221.0,True,False,False,False,False,False,0.5658576304990327,10.755296082,0.5355439438066347,False,-0.1440906202467566,False,48.71,True,1.0520291138420337,84.0,0.95,0,True,▃▃▄▄▅▃▄▄▅▅▅▃▃█▁▅▄▆▄▅,False,False,False,0,-0.0803957432657133,-0.06203095187619245,-0.029897082262850594,-0.03002236604375741,UP,False,42,20.0,IGNORE,NONE,,NEUTRAL,C,WAIT,No standout factor,Technology Services,25.7
CDSL,1289.0,1318.0,1318.0,1286.3,True,False,False,False,False,False,1.0113071463902576,142.9584785,0.9541439579294719,False,-0.11597632816840316,False,51.12,True,1.3708217690358393,99.0,2.26,0,False,▆▅▃▄▂▄▅▄▄▄▄▃▁▅▃▂▄▇▇█,False,False,False,0,-0.08092691622103387,-0.06944845509673692,-0.030428255218171163,-0.03743986926430187,UP,False,40,20.0,IGNORE,SEED,,NEUTRAL,C,WAIT,Delivery P99,Finance,27.7
MRF,123425.0,124005.0,124035.0,123195.0,True,False,False,False,False,False,0.4269731033301266,19.99485,0.41012072757199713,False,-0.3761366048566692,False,52.9,True,1.0397932207054474,87.0,1.24,0,True,█▂▃▃█▃▆▃▂▁▁▄▂▄▃▁▇▅▄▄,False,False,False,0,-0.07716176305656286,-0.0705948795180723,-0.02666310205370015,-0.03858629368563726,UP,False,39,20.0,IGNORE,SEED,,NEUTRAL,C,WAIT,No standout factor,Consumer Durables,24.3
ATLANTAELE,1613.3,1625.9,1625.9,1550.3,True,False,False,True,False,False,1.045450809566861,19.084693679999997,0.9473133897793085,False,-0.049200850285055386,False,55.25,True,1.1134398742467908,81.0,0.77,0,True,▁▃▂▂▄▄▇▃▄▅▅▁▂▃▆▅▅█▄▆,False,False,False,1,-0.11860795454545459,-0.07547277936962749,-0.06810929354259188,-0.04346419353719244,FLAT,False,37,20.0,IGNORE,NONE,,NEUTRAL,C,WAIT,No standout factor,Producer Manufacturing,27.6
GPIL,225.46,228.28,228.36,223.5,True,False,False,False,False,False,0.8632622691539562,28.478303519999997,0.8068773135321684,False,-0.020711283207323534,False,52.9,True,1.0528620332776053,80.0,0.74,0,True,▁▅▆▅▅▆▄▄▄▆▆▄▅█▄▅▅▇▄▅,False,False,False,0,-0.07473221980547451,-0.07636214666120433,-0.0242335588026118,-0.04435356082876929,UP,False,36,20.0,IGNORE,NONE,,NEUTRAL,C,WAIT,No standout factor,Non-Energy Minerals,33.3
BERGEPAINT,452.85,458.0,458.85,450.3,True,False,False,False,False,False,0.9945465495702792,16.066755720000003,0.9733391588376863,False,-0.1261895286261539,False,53.68,True,1.0247012560607796,72.0,0.39,0,True,▃▂▂▂▃▃▃▂▃▃▃▁▄▅█▄▂▅▂▃,False,False,False,0,-0.09020592667001504,-0.07713470552272261,-0.039707265667152325,-0.04512611969028757,UP,False,36,20.0,IGNORE,NONE,,NEUTRAL,C,WAIT,No standout factor,Process Industries,26.7
INTERARCH,1706.2,1736.9,1759.5,1695.6,True,False,False,False,False,False,1.8570157745933042,14.389408320000001,1.8496947322397443,False,-0.05587532709627285,False,51.84,False,0.9453988401356822,52.0,0.09,0,False,▅▄▄▆▆▇█▃▆▅▅▅▆█▄▇▇▅▁▅,False,False,False,0,0.0009973599295980407,-0.07758014813212954,0.05149602093246075,-0.0455715622996945,UP,False,36,20.0,IGNORE,DISTRIBUTION,,NEUTRAL,C,WAIT,No standout factor,Producer Manufacturing,27.6
ESCORTS,2740.7,2844.0,2847.4,2729.7,True,False,False,False,False,False,1.3829629603620748,26.987124759999997,1.3093577101219285,False,-0.24331696921910478,False,58.01,True,1.0979879999242896,83.0,0.8,0,True,█▁▇▅▆▆▇▆▆██▅▇█▆▆▅▅▅▇,False,False,False,0,-0.08490818030050085,-0.08073388341047838,-0.034409519297638136,-0.048725297578043336,UP,False,35,20.0,IGNORE,NONE,,NEUTRAL,C,WAIT,No standout factor,Producer Manufacturing,27.6
TEJASNET,491.1,504.0,505.3,489.95,True,False,False,False,False,False,0.28046695339052,50.53310958,0.24019626847930983,False,0.07307012403672243,False,33.01,True,1.380911543851576,74.0,0.58,0,False,▄▅▅▅▁▄▃▆▆▆▆▄▅▆▅▅▇▇▇█,False,False,False,0,-0.12264403751674846,-0.09624585940375407,-0.07214537651388575,-0.06423727357131903,FLAT,False,30,20.0,IGNORE,NONE,,NEUTRAL,C,WAIT,CMF positive,Electronic Technology,27.3
SIKA,1018.0,1050.65,1050.65,1011.0,True,False,False,False,False,False,0.25081942977339383,1.6666696,0.24117820758985617,False,0.2376421616170837,False,60.09,True,1.3206448280788123,89.0,1.06,0,False,▇▇▇▆▆█▅▆▅▁▁▃▅▅▅▃▇▆▄▇,False,False,False,0,-0.0018629277380135534,-0.09991158267020339,0.04863573326484916,-0.06790299683776835,UP,False,29,20.0,IGNORE,SEED,,NEUTRAL,C,WAIT,CMF positive,Electronic Technology,27.3
SPAL,948.5,971.1,971.1,944.1,True,False,False,True,False,False,0.21759440498978075,1.2890115,0.20091138712956022,False,-0.021967053333064736,False,47.61,True,1.0428440005256931,44.0,-0.06,0,True,▁▄▄▃▅▅▆▆▃██▄▄▄▇▅▆▅▆▅,False,False,False,0,-0.09688169483456321,-0.10273389461734928,-0.046383033831700504,-0.07072530878491423,UP,False,28,20.0,IGNORE,NONE,,NEUTRAL,C,WAIT,No standout factor,Consumer Non-Durables,29.3
RITES,196.11,199.0,199.21,195.01,True,False,False,False,False,False,0.8753902523797931,5.60600046,0.8227403212109832,False,-0.3804824371344921,False,51.58,True,1.2570217017802527,90.0,1.18,0,False,▄▄▆▇▃▅█▅▄▅▅▅▃▃▅▁▃▇▆▇,False,False,False,0,-0.10222486724043212,-0.10834773119941798,-0.051726206237569405,-0.07633914536698294,UP,False,27,20.0,IGNORE,SEED,,NEUTRAL,C,WAIT,Delivery P90,Commercial Services,27.2
BDL,1115.0,1140.0,1140.9,1110.3,True,False,False,False,False,False,1.3086366025408507,146.484909,1.2184331899300953,False,-0.2941945292424075,False,43.32,True,1.3269416323342473,97.0,1.86,0,False,▄▅▃▃▃▅▂▄▄▄▄▃▂▅▅▃▆▁█▇,False,False,False,0,-0.12549019607843137,-0.11339058524173018,-0.07499153507556866,-0.08138199940929514,UP,False,26,20.0,IGNORE,SEED,,NEUTRAL,C,WAIT,Delivery P97,Electronic Technology,27.3
LANDMARK,475.9,490.95,490.95,475.0,True,False,False,True,False,False,0.9446756133378574,3.27262153,0.9072435661715225,False,-0.06809486629417,False,56.05,True,1.1530193472737933,71.0,0.52,0,True,▁▁▃▃▄▅▃▆▂██▁▂▆▂▃▄▃▂▅,False,False,False,0,-0.08029761329597074,-0.11104884654898672,-0.029798952293108028,-0.07904026071655168,UP,False,26,20.0,IGNORE,NONE,,NEUTRAL,C,WAIT,No standout factor,Retail Trade,28.0
BANKINDIA,129.99,137.5,137.5,129.31,True,False,False,False,False,False,2.3383719111853236,136.703996499,2.162652567332838,False,-0.12900869555823172,False,42.32,False,0.8905349101468792,47.0,-0.09,0,False,▇▁▃▃▄▄▅▅▄▂▂▄▆█▇▅▆▄▃▃,False,False,False,0,-0.08192668973797579,-0.11541340592038096,-0.03142802873511308,-0.08340482008794592,UP,False,24,20.0,IGNORE,DISTRIBUTION,,NEUTRAL,C,WAIT,No standout factor,Finance,27.7
BHARTIHEXA,1426.5,1475.2,1476.2,1422.0,True,False,False,False,False,False,1.14450866281623,12.24978345,1.070772663174231,False,-0.09089638221732621,False,63.33,True,1.1503669258155924,79.0,0.71,0,True,▁▁▄▁▃▃▅▁█▂▂▅▆█▇▃▆▃█▆,False,False,False,0,-0.07699773536072474,-0.11791986148899336,-0.02649907435786203,-0.08591127565655832,UP,False,24,20.0,IGNORE,NONE,,NEUTRAL,C,WAIT,No standout factor,Communications,33.3
KSB,801.25,814.05,815.1,797.25,True,False,False,False,False,False,0.33658798360549463,4.492849125,0.33308424032228656,False,0.06382601816500526,False,45.87,False,0.8312116626951408,29.0,-0.43,0,True,█▂▃▁▅▃▄▄▅▆▆▆▁▁▂▇▆▃▆▁,False,False,False,0,-0.007432641684732122,-0.11678791887125228,0.04306601931813059,-0.08477933303881724,UP,False,24,20.0,IGNORE,NONE,,NEUTRAL,C,WAIT,CMF positive,Producer Manufacturing,27.6
COCKERILL,7875.0,7900.0,8012.0,7800.0,True,False,False,True,False,False,0.5120811867053943,2.8531125,0.4968439242926055,False,-0.2469444285111379,False,56.2,True,1.1490962623701644,82.0,0.82,0,True,▁▇▇▇█▂▅▅▇▄▄▁▄▃█▄▇▇▄▇,False,False,False,0,-0.03314917127071826,-0.11725142921197174,0.017349489732144452,-0.08524284337953669,UP,False,24,20.0,IGNORE,NONE,,NEUTRAL,C,WAIT,No standout factor,Non-Energy Minerals,33.3
HEXT,489.25,498.0,500.9,486.55,True,False,False,False,False,False,0.5465110614065428,8.259763125,0.5095101987712942,False,-0.031197948665456516,False,69.46,True,1.4666385135135134,89.0,1.31,0,True,▃▃▃▆▂▂▁▂▂▃▃▁▂▅▄█▂▂▃▇,False,False,False,0,-0.11807120324470477,-0.11949968505354092,-0.06757254224184206,-0.08749109922110587,UP,False,23,20.0,IGNORE,SEED,,NEUTRAL,C,WAIT,No standout factor,Technology Services,25.7
CRAMC,225.4,230.5,230.95,224.1,True,False,False,False,False,False,0.5973856417278329,5.4970552,0.5655660259053287,False,-0.2001973409342411,False,60.87,True,1.0383030985338895,85.0,0.99,0,True,▁▃▃█▄▆▁▃▂▂▂▂▁▄▆▃▄▂▅▄,False,False,False,0,-0.13073659853451602,-0.11953124999999998,-0.08023793753165331,-0.08752266416756493,UP,False,23,20.0,IGNORE,SEED,,NEUTRAL,C,WAIT,No standout factor,Finance,27.7
COLPAL,1845.9,1852.3,1857.9,1826.8,True,False,False,False,False,False,0.9305959377855678,78.92311581,0.9249756419708978,False,-0.0522207058985849,False,62.59,True,1.064410526763318,87.0,1.09,0,True,▇▄▄▆▇▆▅▇▆▅▅▁▄▇█▄▅▆▅▆,False,False,False,0,-0.027244940978077503,-0.12644929250863657,0.023253720024785207,-0.09444070667620152,UP,False,21,20.0,IGNORE,SEED,,NEUTRAL,C,WAIT,No standout factor,Consumer Non-Durables,29.3
ARMANFIN,1700.1,1830.2,1835.9,1666.2,True,False,False,False,False,False,10.07281753522624,39.462211169999996,8.720649457839079,False,-0.21171343727770917,False,34.85,False,0.6491268917345752,1.0,-2.65,0,False,▅▄▇▇█▇▇▅▃▅▅▄▄▅▇▇▃▆█▁,False,False,False,1,-0.14166708739334588,-0.12532798271338175,-0.09116842639048317,-0.0933193968809467,UP,False,21,20.0,IGNORE,DISTRIBUTION,,NEUTRAL,C,WAIT,No standout factor,Finance,27.7
NATCOPHARM,828.55,840.8,857.85,823.0,True,False,False,False,False,False,1.236966457472038,41.538774265,1.2386243397510877,False,-0.007987036090466273,False,54.61,True,1.0223145756112173,88.0,1.15,0,True,█▆▆▅█▅█▁▆▇▇▅▄██▆▅▁▃▆,False,False,False,0,-0.015389185977421338,-0.12843843685899126,0.03510947502544137,-0.09642985102655621,UP,False,20,20.0,IGNORE,SEED,,NEUTRAL,C,WAIT,No standout factor,Health Technology,33.7
MOSCHIP,200.21,204.07,204.08,199.26,True,False,False,False,False,False,0.6451742024929997,18.45856116,0.6160322344580841,False,-0.25903262107397385,False,47.77,True,1.322169941876557,94.0,1.51,0,False,▇▄▄█▆▄▄▅█▅▅▅▁▅▇▅▆█▅█,False,False,False,0,-0.06522551125221776,-0.1436331750716454,-0.01472685024935505,-0.11162458923921037,UP,False,16,20.0,IGNORE,SEED,,NEUTRAL,C,WAIT,Delivery P94,Electronic Technology,27.3
MEDIASSIST,307.75,317.0,318.6,307.0,True,False,False,False,False,False,0.9111592269849932,7.116380225,0.8501886025032076,False,-0.10456319909530999,False,61.87,True,1.031837360951285,73.0,0.42,0,True,▃▂▃▆█▃▄▄▄▃▃▂▁▅▅█▆▄▆▅,False,False,False,0,-0.06515795868772778,-0.14347342053993883,-0.014659297684865069,-0.11146483470750379,UP,False,16,20.0,IGNORE,NONE,,NEUTRAL,C,WAIT,No standout factor,Finance,27.7
AADHARHFC,436.95,439.15,442.25,435.05,True,False,False,False,False,False,0.4796835781468786,7.071249239999999,0.45183721950210026,False,-0.030680784492073725,False,58.8,True,1.0300880304821967,58.0,0.17,0,True,▂▂▄▆▂▃▁▃▆▃▃▂▅▇▃▃▆▃█▄,False,False,False,0,-0.06654560991241198,-0.14415826069924598,-0.016046948909549275,-0.11214967486681093,UP,False,16,20.0,IGNORE,NONE,,NEUTRAL,C,WAIT,No standout factor,Finance,27.7
TIINDIA,2459.0,2508.0,2523.2,2443.9,True,False,False,False,False,False,1.2596405530403756,53.9433289,1.1722607638546971,False,-0.1787096751884502,False,60.41,True,1.1789157331876194,80.0,0.8,0,True,█▁▃▃▆▄▆▁▇▂▂▁▁█▅▂▆▂▃▇,False,False,False,0,-0.11546762589928061,-0.14822127541653685,-0.0649689648964179,-0.1162126895841018,UP,False,15,20.0,IGNORE,NONE,,NEUTRAL,C,WAIT,No standout factor,Non-Energy Minerals,33.3
AFCONS,251.65,252.5,258.0,247.8,True,False,False,False,False,False,0.27181656919624325,19.693072070000003,0.25909609506716474,False,-0.3203313552451086,False,54.07,True,1.187555594601421,65.0,0.4,0,True,▆▆▇▅▅▅▄▆█▄▄▁▁▃▃▃▅▄▄▆,False,False,False,0,-0.11902678102573072,-0.14968744720391958,-0.06852812002286801,-0.11767886137148453,UP,False,15,20.0,IGNORE,NONE,,NEUTRAL,C,WAIT,No standout factor,Industrial Services,34.5
BETA,2040.3,2080.0,2100.0,2020.0,True,False,False,True,False,False,0.67435697583788,2.6479013399999998,0.6419359327220256,False,-0.11597023394732868,False,55.17,True,1.046660532531469,51.0,0.07,0,True,▄▅▆▅▅▅▄▇█▃▃▅▆▅▅▁▅▆▅▅,False,False,False,0,-0.0971724412584628,-0.16360580470607533,-0.046673780255600095,-0.1315972188736403,UP,False,12,20.0,IGNORE,NONE,,NEUTRAL,C,WAIT,No standout factor,Health Technology,33.7
ICRA,4310.4,4398.8,4398.8,4305.0,True,False,False,False,False,False,0.667112853363929,9.02252928,0.6072620455089358,False,-0.40471110690785317,False,64.88,True,1.0073126426431087,67.0,0.37,0,True,▃▃▅▄▁▃▄▅▄▃▃▂▄▅▃█▄▅▄▄,False,False,False,0,-0.12326092262631194,-0.17266794625719772,-0.07276226162344923,-0.14065936042476268,UP,False,11,20.0,IGNORE,NONE,,NEUTRAL,C,WAIT,No standout factor,Commercial Services,27.2
AIAENG,3841.4,3939.3,3939.3,3823.3,True,False,False,False,False,False,0.49196396202854575,11.963656160000001,0.4674515525840602,False,-0.18817173520371736,False,57.56,True,1.01866190016901,67.0,0.3,0,True,▂▃▄▂█▁▃▂▂▂▂▄▁▂▃▃▂█▃▃,False,False,False,0,-0.09773341162654137,-0.17522275899087492,-0.047234750623678656,-0.14321417315843987,UP,False,10,20.0,IGNORE,NONE,,NEUTRAL,C,WAIT,No standout factor,Producer Manufacturing,27.6
XPROINDIA,1142.2,1206.7,1206.7,1134.1,True,False,False,False,False,False,0.2633431851896092,4.658576920000001,0.23342180285877165,False,0.25032490714407446,False,53.81,True,1.0490710233365175,40.0,-0.1,0,False,▇▇▁▃▇▇▇▅▃▆▆▇▇▇██▇▇▇▇,False,False,False,0,-0.005225570458108342,-0.17655540335952702,0.04527309054475437,-0.14454681752709198,UP,False,10,20.0,IGNORE,NONE,,NEUTRAL,C,WAIT,CMF positive,Process Industries,26.7
SUMICHEM,433.75,446.6,448.2,432.05,True,False,False,False,False,False,0.8447285527230558,9.60504675,0.7781744484155054,False,-0.17478753130542735,False,66.26,True,1.2325607351463967,85.0,1.03,0,True,▃▃▄▅▄▄▂▁▇▆▆▂▄▄▆█▆▄▃█,False,False,False,0,-0.16175475891390478,-0.19772496069545908,-0.11125609791104207,-0.16571637486302404,UP,False,8,20.0,IGNORE,SEED,,NEUTRAL,C,WAIT,No standout factor,Process Industries,26.7
ROUTE,453.45,463.0,464.4,452.0,True,False,False,False,False,False,0.603470280315528,6.228634544999999,0.5712658562658992,False,-0.40861416868995615,False,48.11,True,1.0770332893057826,72.0,0.54,0,True,▆▄▇▆▅▅▇▆▆▆▆▄▂█▆█▁▅▅▆,False,False,False,0,-0.09310000000000007,-0.1934364994663822,-0.04260133899713736,-0.16142791363394715,UP,False,8,20.0,IGNORE,NONE,,NEUTRAL,C,WAIT,No standout factor,Communications,33.3
EMSLIMITED,342.55,351.0,353.15,340.0,True,False,False,False,False,False,0.2776843910164015,5.716714185,0.24766342286664345,False,-0.44566340953995787,False,50.77,True,1.312361060848886,77.0,0.7,0,True,▅▆▁▄▇▅▇▃▅▇▇▆▆▆▇▇██▆█,False,False,False,0,-0.08592394929953295,-0.20411245353159846,-0.03542528829667024,-0.17210386769916342,UP,False,7,20.0,IGNORE,NONE,,NEUTRAL,C,WAIT,No standout factor,Industrial Services,34.5
ASTRAZEN,6280.0,6477.0,6477.0,6262.0,True,False,False,False,False,False,1.787840774571989,6.354732,1.657182744011733,False,-0.29436647948401384,False,49.84,False,0.9610489780177401,50.0,0.03,0,False,█▄▃▃▂▁▄▁▂▅▅▃▁▅▄▂▄▂▄▃,False,False,False,0,-0.09659785657771702,-0.22031162704078466,-0.04609919557485431,-0.18830304120834962,UP,False,5,20.0,IGNORE,DISTRIBUTION,,NEUTRAL,C,WAIT,No standout factor,Health Technology,33.7
ZSARACOM,10045.0,10307.0,10307.0,9820.0,True,False,False,False,False,False,0.4986642920747997,0.028126,0.46881491553505716,False,0.03009043175678407,True,63.33,False,0.8178525076032,21.0,-0.48,0,True,▁▄▅▂▂▃▃▆▄▅▅▄▄█▂▆█▄▂▂,False,False,False,0,-0.08607042125375308,-0.2176486623310877,-0.03557176025089037,-0.18564007649865266,UP,False,5,20.0,IGNORE,NONE,,NEUTRAL,C,WAIT,CMF positive,Finance,27.7
OSWALPUMPS,268.55,273.0,273.6,267.85,True,False,False,False,False,False,0.4989337837134672,6.88814637,0.4781424604454493,False,-0.46304925257132584,False,58.57,True,1.2426669495570997,91.0,1.36,0,False,▆▇█▆▅▇▅▃▃▅▅▆▅▅▆▇▁▆▇█,False,False,False,0,-0.08125213821416355,-0.3107032854209446,-0.03075347721130084,-0.27869469958850956,UP,False,2,20.0,IGNORE,SEED,,NEUTRAL,C,WAIT,Delivery P91,Producer Manufacturing,27.6
TDPOWERSYS,722.0,730.05,737.8,711.15,True,False,False,False,False,False,1.1790328920031703,175.7353776,1.137102129168142,False,-0.05608550647922379,False,46.99,True,1.0498564518471352,72.0,0.47,0,True,█▂▇▄▇▅▂▃▅▅▅▁▃▅▅▄▃▆▃▅,False,False,False,0,-0.07078507078507079,-0.36727718867759174,-0.02028640978220808,-0.3352686028451567,UP,False,1,20.0,IGNORE,NONE,,NEUTRAL,C,WAIT,No standout factor,Producer Manufacturing,27.6
NACLIND,136.53,139.6,140.0,136.0,True,False,False,False,False,False,0.7621951961526386,5.130852012,0.6937252101915672,False,-0.4487673531948678,False,50.57,True,1.0437025953253185,57.0,0.11,0,True,▄▅▇▅▅▆█▁▃▇▇▂▄▅▇▆▆▄▄▆,False,False,False,0,-0.19796745579510067,-0.347651583926609,-0.14746879479223796,-0.31564299809417395,UP,False,1,20.0,IGNORE,NONE,,NEUTRAL,C,WAIT,No standout factor,Process Industries,26.7
KIRLPNU,678.65,690.3,691.0,676.6,True,False,False,False,False,False,0.424092020780509,4.004035,0.3974730844327092,False,0.04650483996986697,True,50.17,False,0.933542978889685,39.0,-0.32,0,True,▅▁▅▃▆▆█▆▆▄▄▅▅▅▄▃▄▇▅▄,False,False,False,0,-0.050307864539602676,-0.5998525943396227,0.00019079646326003452,-0.5678440085071876,UP,False,1,20.0,IGNORE,NONE,,NEUTRAL,C,WAIT,CMF positive,Producer Manufacturing,27.6
TEMBO,57.75,58.75,59.54,57.56,True,False,False,False,False,False,0.5247098381516802,5.8573977,0.5236221997261875,False,-0.33703727264106176,False,50.03,True,1.2138784423146913,62.0,0.31,0,True,▁▄▁▇▁▃▇█▅▂▂▄▂▇▃▄▇▄▄▅,False,False,False,0,-0.0051679586563306845,-0.8950381679389313,0.045330702346532026,-0.8630295821064963,UP,False,0,20.0,IGNORE,NONE,,NEUTRAL,C,WAIT,No standout factor,Producer Manufacturing,27.6
PRICOLLTD,753.1,759.4,764.45,751.1,True,False,True,True,False,True,0.6290574503318532,14.55727238,0.6176686628342862,False,-0.1334540830213074,False,43.78,False,0.911741430296972,28.0,-0.41,0,False,▅▆█▄▄▄▆▆▄▂▂▄▄▆▅▃▄▅▁▃,False,False,False,1,-0.0624338624338624,0.22734680573663613,-0.011935201430999687,0.25935539156907117,FLAT,True,88,19.0,IGNORE,NONE,,NEUTRAL,C,WAIT,No standout factor,Producer Manufacturing,27.6
PAUSHAKLTD,655.75,654.15,662.3,639.85,True,False,False,True,False,False,0.779433485597623,2.240632175,0.683734273616414,False,-0.14479105843203496,False,59.52,True,1.1425061425061425,48.0,0.02,0,True,▁▁▂▄▂▅▂▁▅▇▇▅▃▄██▅▇▅▆,False,False,False,2,-0.16037131882202305,0.19662408759124084,-0.10987265781916034,0.22863267342367588,FLAT,True,85,19.0,IGNORE,NONE,,NEUTRAL,C,WAIT,No standout factor,Process Industries,26.7
CNL,1072.7,1080.0,1101.3,1063.0,True,False,False,True,False,False,0.5431539615591474,1.5437225700000001,0.4945053972439247,False,-0.353648987823163,False,51.28,True,1.007742797626066,32.0,-0.4,0,True,▁▄▆▇█▇▅▆▇▄▄▅▄▅▅▇▇▆▅▅,False,False,False,0,-0.16169115348546415,0.15232570630572573,-0.11119249248260143,0.18433429213816077,FLAT,True,81,19.0,IGNORE,NONE,,NEUTRAL,C,WAIT,No standout factor,Distribution Services,36.7
VIMTALABS,585.35,595.1,603.5,582.1,True,False,False,True,False,False,0.27145411765025274,4.682273185000001,0.2503988560116934,False,-0.19378060090477603,False,42.26,True,1.0918768085985944,70.0,0.6,0,False,▁▄▅▆▆▇▇▆▆▇▇▇▇▇▅▇▇█▅▇,False,False,False,3,-0.09029450617763624,0.10391324846770389,-0.039795845174773525,0.13592183430013893,FLAT,True,76,19.0,IGNORE,NONE,,NEUTRAL,C,WAIT,No standout factor,Commercial Services,27.2
TVSSRICHAK,4490.5,4634.5,4634.5,4460.0,True,False,False,True,False,False,0.30277852447398645,2.2254918,0.2621760279901238,False,-0.36033981179412694,False,56.5,True,1.3966480446927374,76.0,0.63,0,True,▁▁▄▇▃▆▃█▅▅▅▅▃▆▇▃▆█▃▇,False,False,False,1,-0.1864446699036163,0.09832456891280428,-0.1359460089007536,0.13033315474523932,FLAT,True,76,19.0,IGNORE,NONE,,NEUTRAL,C,WAIT,No standout factor,Consumer Durables,24.3
CLEAN,781.7,807.25,810.0,778.1,True,False,False,False,False,False,0.5425275351771828,15.268086230000002,0.503639378658539,False,-0.0537522945251476,False,49.07,True,1.174330808534061,56.0,0.02,0,False,▄▄▄▅▆▄▇▇▁▅▅▅▄▃▅▇▅█▆▇,False,False,False,3,-0.05000911466245361,0.07111537407508917,0.0004895463404090972,0.10312395990752421,FLAT,True,72,19.0,IGNORE,NONE,,NEUTRAL,C,WAIT,No standout factor,Process Industries,26.7
SKFINDIA,1511.8,1533.0,1554.6,1498.1,True,False,False,False,False,False,0.793532570221424,5.85489904,0.7777219014916403,False,-0.1457815393633001,False,63.41,True,1.070138724811827,82.0,0.7,0,True,▅▄▃▃█▄▅▃▄▃▃▅▅▁▄▅▃▄▃▅,False,False,False,0,-0.027093120535427118,0.01990150441880867,0.023405540467435593,0.05191009025124371,FLAT,True,63,19.0,IGNORE,NONE,,NEUTRAL,C,WAIT,No standout factor,Producer Manufacturing,27.6
CHALET,868.95,872.0,887.85,862.9,True,False,True,True,False,True,0.4120584267437022,6.0367694400000005,0.4041436633113046,False,-0.1211753089010846,False,40.66,False,0.8747754434655393,12.0,-1.11,0,False,▄▄▄▅▅▅▃▅▄▇▇▆▁█▅▂▁▁▅▃,False,False,False,1,-0.03871895569445216,0.01512850467289728,0.011779705308410549,0.047137090505332324,FLAT,True,62,19.0,IGNORE,NONE,,NEUTRAL,C,WAIT,No standout factor,Consumer Services,25.2
FRONTSP,1415.0,1454.9,1544.0,1366.7,True,True,True,False,False,False,1.163781074460176,18.6170135,1.1367409814169265,False,-0.1340992046951039,False,17.41,False,0.32564577371266107,1.0,-3.68,0,False,▇█▇██▇▇▆▆▆▆▆▇▆▇▇▃▁▃▂,False,False,False,0,0.1057279049777291,0.005685856432125158,0.1562265659805918,0.0376944422645602,UP,True,60,19.0,IGNORE,NONE,,NEUTRAL,C,WAIT,No standout factor,Producer Manufacturing,27.6
KFINTECH,884.05,888.8,890.0,874.05,True,False,False,False,False,False,0.737242499318834,34.744844695,0.7110298076464825,False,-0.1246362097129967,False,49.46,True,1.1924681148588376,82.0,0.87,0,True,▄▃▄▃▁▂▂▄▃▅▅▂▄█▅▅▅▅▅▇,False,False,False,0,-0.08860824742268048,0.0025515990020412715,-0.038109586419817765,0.034560184834476315,FLAT,True,59,19.0,IGNORE,NONE,,NEUTRAL,C,WAIT,No standout factor,Technology Services,25.7
AFSL,201.0,201.3,202.7,201.0,False,False,False,False,False,True,0.7677151600687506,0.1104294,0.758796880681146,False,-0.7502908113004759,False,85.24,True,1.1660658955821095,81.0,0.95,0,True,▄▅▂▃▆▃▆▄▅██▆▆▆▃▇▆▁▄▆,False,False,False,0,-0.05233380480905225,-0.000447560793674473,-0.001835143806189543,0.03156102503876057,FLAT,True,58,19.0,IGNORE,NONE,,NEUTRAL,C,WAIT,No standout factor,Finance,27.7
MGL,1048.8,1070.1,1071.9,1041.0,True,False,False,False,False,False,0.9708173642944816,14.226552479999999,0.9411611017746959,False,-0.01789199920630106,True,52.59,False,0.9285695367746378,57.0,0.19,0,True,▆▂▆▅▄▅▆█▅▅▅▄▅▅▄▇▁▅▆▄,False,False,False,0,-0.019171420555503582,-0.038591988266568955,0.03132724044735913,-0.0065834024341339115,UP,False,50,19.0,IGNORE,NONE,,NEUTRAL,C,WAIT,No standout factor,Utilities,37.4
ONGC,235.26,238.0,238.0,234.71,True,False,False,False,False,False,0.4650301704403895,113.5729413,0.46582038682489,False,-0.012133750333534405,True,59.58,True,1.0675314902080235,71.0,0.57,0,False,▅▆▃▄▅▅▃▆▃▁▁▅▅█▆▅█▆▄▅,False,False,False,0,0.014051724137930988,-0.04656534954407299,0.0645503851407937,-0.014556763711637943,UP,False,47,19.0,IGNORE,NONE,,NEUTRAL,C,WAIT,No standout factor,Energy Minerals,27.5
NTPC,326.2,327.3,327.3,323.5,True,False,False,False,False,False,0.7032221580135899,192.86225965999998,0.6966555658783723,False,-0.04777853634754243,True,56.64,False,0.909076318112511,21.0,-0.74,0,True,▁▄▄▅▆▅▆▅███▅▅▇▂▆▅▅▅▃,False,False,False,0,-0.0142036869144756,-0.04745218280040886,0.03629497408838711,-0.015443596967973816,UP,False,47,19.0,IGNORE,NONE,,NEUTRAL,C,WAIT,No standout factor,Utilities,37.4
AWL,180.66,183.02,184.0,180.2,True,False,False,False,False,False,0.3869136330879081,12.372572364,0.37261869066945996,False,-0.047355198902014804,True,52.84,True,1.115497477253056,59.0,0.22,0,False,▆▇▇▅▆▆▆▆▇▆▆▅▁█▇▆▅▃▅▇,False,False,False,0,-0.0617501947546093,-0.04599461371917413,-0.01125153375174659,-0.013986027886739083,UP,False,47,19.0,IGNORE,NONE,,NEUTRAL,C,WAIT,No standout factor,Process Industries,26.7
TIRUMALCHM,155.04,160.93,160.94,154.06,True,False,False,False,False,False,0.7644957562602795,6.006265104,0.7406302831777366,False,-0.17818098233073162,True,51.47,True,1.1612088122821465,61.0,0.14,0,False,▆▆▁▄▆▅▆▆▅▁▁█▄▆▆▆▄▅▆▆,False,False,False,0,-0.03136323878545555,-0.04543775397118577,0.01913542221740716,-0.013429168138750724,UP,False,47,19.0,IGNORE,NONE,,NEUTRAL,C,WAIT,No standout factor,Process Industries,26.7
BALAMINES,2153.9,2194.9,2194.9,2136.0,True,False,False,True,False,False,0.3869274590380783,17.719919909999998,0.3538001590077085,False,-0.1205401562670896,True,31.16,False,0.9318460480277521,29.0,-0.53,0,False,▇▃▁▁▃▄▆▆▁▇▇▂▅▅█▄▂▃▃▃,False,False,False,4,-0.07303322430710957,-0.05356358203708589,-0.022534563304246857,-0.021554996204650845,FLAT,False,45,19.0,IGNORE,NONE,,NEUTRAL,C,WAIT,No standout factor,Process Industries,26.7
KNRCON,117.39,120.0,120.09,117.1,True,False,False,False,False,False,0.36127331005879604,7.382410581,0.3480209612381988,False,-0.06754482568903272,True,55.06,True,1.2013178277660201,85.0,0.77,0,False,█▅▅▄▄▄▅▃▅▃▃▄▁▅▆▆▄▄▄▆,False,False,False,0,-0.03135572241934148,-0.052848152331773424,0.01914293858352123,-0.02083956649933838,UP,False,45,19.0,IGNORE,SEED,,NEUTRAL,C,WAIT,No standout factor,Industrial Services,34.5
CAMPUS,211.04,209.94,212.99,207.4,False,False,False,False,False,False,0.9708478534721882,6.8498096959999994,0.9493843622013056,False,0.011303553752142483,False,41.4,False,0.8060276852987559,37.0,-0.32,0,True,▂▆▃▅▅▇▇▅█▅▅▁▃▇▅▂▃▅▁▂,False,False,False,0,-0.06697908837702815,-0.06291905332800507,-0.01648042737416544,-0.030910467495570026,UP,False,42,19.0,IGNORE,NONE,,NEUTRAL,C,WAIT,CMF positive,Consumer Non-Durables,29.3
BSOFT,271.25,274.55,275.9,270.0,True,False,False,False,False,False,0.6997010803935695,27.740222125,0.6666512890262793,False,-0.3892678792755996,True,48.66,True,1.0804209778409344,82.0,0.9,0,False,█▄▃▅▇▆▆▇▅▁▁▃▄▆▃▆▅▅▅▅,False,False,False,0,-0.06866952789699576,-0.06898918826154121,-0.018170866894133053,-0.03698060242910617,UP,False,40,19.0,IGNORE,NONE,,NEUTRAL,C,WAIT,No standout factor,Technology Services,25.7
MPHASIS,2237.5,2241.3,2245.6,2207.5,False,False,False,False,False,False,0.7810496940707744,69.3745825,0.7363248863715534,False,-0.012894027979441959,True,47.73,False,0.9658424056011979,56.0,0.14,0,True,▆▃█▇▂▂▆▃█▄▄▃▃▅▂▆▃▃▁▄,False,False,False,0,-0.07823185301145263,-0.0728847269412447,-0.027733192008589924,-0.04087614110880966,UP,False,38,19.0,IGNORE,NONE,,NEUTRAL,C,WAIT,No standout factor,Technology Services,25.7
IGL,143.44,144.98,145.1,143.0,True,False,False,False,False,False,0.6956022281666986,17.222008847999998,0.6589747551413557,False,-0.052642712130972456,True,56.42,True,1.0600381403301111,71.0,0.44,0,False,▁▄▇▅▄▅▆▇▆██▆▆█▆▆▅█▇▇,False,False,False,0,-0.0468469665758523,-0.07254623044096731,0.00365169442701041,-0.040537644608532264,UP,False,38,19.0,IGNORE,NONE,,NEUTRAL,C,WAIT,No standout factor,Utilities,37.4
RAYMONDLSL,672.0,686.0,689.15,665.15,True,False,False,False,False,False,0.5566329963260662,14.7721728,0.5548536536322575,False,-0.33738206373668483,True,45.59,True,1.0462541165130983,50.0,0.03,0,False,▆█▆▇▅▇▂▂▂▁▁▇▆▇▅▆▅▁▂▅,False,False,False,0,0.013956997359487078,-0.07514450867052025,0.06445565836234979,-0.043135922838085206,UP,False,37,19.0,IGNORE,NONE,,NEUTRAL,C,WAIT,No standout factor,Consumer Non-Durables,29.3
POWERMECH,2364.3,2401.2,2401.2,2355.4,True,False,False,False,False,False,0.5379776433163771,5.77976778,0.5309083169068568,False,-0.2026273869861359,True,48.07,True,1.0584608609490256,60.0,0.17,0,False,▇▆███▅▆▁▅▆▆▆▆▆▆▄█▇▇▇,False,False,False,0,-0.06223227034745349,-0.07950165466225412,-0.011733609344590779,-0.047493068829819074,UP,False,35,19.0,IGNORE,NONE,,NEUTRAL,C,WAIT,No standout factor,Industrial Services,34.5
POLYCAB,8381.0,8352.5,8429.0,8331.0,True,False,False,False,False,False,0.5063976198998092,174.4865533,0.49364843085619414,False,-0.02053001566007882,True,51.08,False,0.977448644718084,54.0,0.12,0,True,▇▅▂▃▂▄▃▂▆▂▂▁▃▇▅▆█▃▅▄,False,False,False,0,-0.06524648672763778,-0.09006025731502088,-0.014747825724775065,-0.05805167148258583,UP,False,32,19.0,IGNORE,NONE,,NEUTRAL,C,WAIT,No standout factor,Producer Manufacturing,27.6
TATAELXSI,3191.0,3190.0,3212.6,3161.7,False,False,False,False,False,False,0.7968208416507229,51.8231164,0.7533978747950298,False,-0.3722189172415322,True,32.07,False,0.8522681974009406,35.0,-0.35,0,True,▅▂▄▃▅▇▃▆▁▆▆▄▂█▆▃▅▄▄▃,False,False,False,0,-0.10831051249091816,-0.09774648683801279,-0.057811851488055455,-0.06573790100557775,UP,False,29,19.0,IGNORE,NONE,,NEUTRAL,C,WAIT,No standout factor,Technology Services,25.7
TENNIND,502.15,511.0,513.45,501.05,True,False,False,False,False,False,0.4137072958074434,15.13229025,0.3998253557081304,False,-0.11008540611481966,True,58.77,True,1.055021990844628,80.0,0.86,0,False,▅▄▁▄▄▆▅▃▄▇▇▂▄█▆▅▂▂▅▅,False,False,False,0,-0.05075614366729686,-0.1000896057347671,-0.0002574826644341499,-0.06808101990233206,UP,False,29,19.0,IGNORE,NONE,,NEUTRAL,C,WAIT,No standout factor,Producer Manufacturing,27.6
ARIHANTSUP,236.25,245.0,245.0,229.45,True,True,False,False,False,False,0.8282407631591691,0.202041,0.8425985393893104,False,-0.2845758520429821,True,65.81,False,0.8668220913844654,74.0,0.68,0,True,▃▂▃▆▆█▂▄▅▂▂▅▆▄▄▆▁▆▅▂,False,False,False,0,-0.0625,-0.09897025171624707,-0.01200133899713729,-0.06696166588381203,UP,False,29,19.0,IGNORE,NONE,,NEUTRAL,C,WAIT,No standout factor,Finance,27.7
TRITURBINE,551.65,555.35,559.0,544.15,True,False,False,False,False,False,0.6938026727422885,17.24226207,0.6831538088564068,False,-0.0796453757420497,True,52.04,False,0.9993758701809975,66.0,0.37,0,True,▁▂▇▆▆▄▃▇███▅▅▃▆▂▃▃▂▅,False,False,False,0,-0.04583585574677851,-0.10183979159882783,0.0046628052560842015,-0.06983120576639279,UP,False,28,19.0,IGNORE,NONE,,NEUTRAL,C,WAIT,No standout factor,Producer Manufacturing,27.6
IRCTC,453.5,458.7,458.7,453.0,True,False,False,False,False,False,0.5793707123122352,16.70308525,0.5610621826041284,False,-0.31212209258131546,True,57.62,True,1.133850210555315,85.0,1.05,0,False,█▃▆▆▄▅█▅▂▇▇▁▃▄▂▁▂▃▄▇,False,False,False,0,-0.05766233766233764,-0.10153541357107476,-0.007163676659474927,-0.06952682773863972,UP,False,28,19.0,IGNORE,SEED,,NEUTRAL,C,WAIT,No standout factor,Consumer Services,25.2
MASTEK,1555.9,1570.0,1586.7,1541.5,True,False,False,False,False,False,0.24478501320998547,7.19557073,0.22394267886195451,False,-0.1880797933563271,True,43.65,True,1.1102208996222958,38.0,-0.27,0,False,▃▂▃▅▅▇▅▅▅▆▆▆▅▇▆█▆▇▁▆,False,False,False,0,-0.11010066346373826,-0.10795780300424263,-0.05960200246087555,-0.07594921717180758,UP,False,27,19.0,IGNORE,NONE,,NEUTRAL,C,WAIT,No standout factor,Technology Services,25.7
ASHOKA,110.17,112.5,112.78,109.8,True,False,False,False,False,False,0.0894324447520212,5.919015454,0.08225667759538802,False,-0.18769149689358156,True,46.63,True,1.1498816334582758,58.0,0.22,0,False,▁▂▄▅▇▆█▇▇▆▆▇▇▆▇█▇▇▇▇,False,False,False,0,-0.08413001912045892,-0.10858483696091914,-0.03363135811759621,-0.0765762511284841,UP,False,27,19.0,IGNORE,NONE,,NEUTRAL,C,WAIT,No standout factor,Industrial Services,34.5
SGFIN,589.75,605.15,609.7,585.25,True,False,False,True,False,False,1.0582435872826648,9.884033075,0.9633829053384908,False,-0.291293365856881,True,56.23,True,1.0882839641174022,75.0,0.47,0,False,▄▅▂▁▅▄▅▄▅██▄▄▄▂▁▅▅▂▆,False,False,False,0,-0.14361431786829304,-0.12226521803839852,-0.09311565686543033,-0.09025663220596347,FLAT,False,22,19.0,IGNORE,NONE,,NEUTRAL,C,WAIT,No standout factor,Finance,27.7
MARUTI,12071.0,11997.0,12098.0,11975.0,False,False,False,False,False,False,0.6948706685898692,339.1395734,0.6640681917941552,False,-0.2431094521139909,True,53.67,False,0.9645331440329958,46.0,-0.13,0,True,█▄▆▃▅▆▅█▂▆▆▅▁▇▆▃▃▃▆▅,False,False,False,0,-0.10186011904761905,-0.12421098454618007,-0.051361458044756336,-0.09220239871374503,UP,False,21,19.0,IGNORE,NONE,,NEUTRAL,C,WAIT,No standout factor,Consumer Durables,24.3
OLECTRA,1173.8,1204.0,1204.0,1166.4,True,False,False,False,False,False,0.8844741659347984,39.24670728,0.8414187457271866,False,-0.25583974096849255,True,44.88,True,1.1209771083885953,84.0,0.96,0,False,▇▇▅▂██▅▄▅▆▆▄▄▃▅▃▁█▆▇,False,False,False,0,-0.08059841779588006,-0.12774020955636478,-0.03009975679301735,-0.09573162372392974,UP,False,20,19.0,IGNORE,NONE,,NEUTRAL,C,WAIT,No standout factor,Consumer Durables,24.3
ORIENTCEM,119.43,121.75,122.84,119.11,True,False,False,False,False,False,0.9827120683196384,5.523482241,0.9435916324446516,False,0.01697875960533363,False,56.43,True,1.0341225626740946,72.0,0.5,0,False,▅▁▅▆▆▃▃▅▇▄▄▃▁▇▆▄▅█▆▅,False,False,False,0,-0.07811655731377853,-0.13856030005770326,-0.027617896310915824,-0.10655171422526821,UP,False,17,19.0,IGNORE,NONE,,NEUTRAL,C,WAIT,CMF positive,Non-Energy Minerals,33.3
GANECOS,1019.2,1028.6,1036.0,1011.0,True,False,False,False,False,False,0.4400074909040768,4.585788480000001,0.44442321551084113,False,0.2270102114586872,True,37.53,False,0.8545957577620659,16.0,-0.71,0,False,▅█▆▂▃▅▄▅▃▆▆▁▁▅▅▄▄▆▅▃,False,False,False,0,-0.0024469022217872283,-0.1450381679389312,0.04805175878107548,-0.11302958210649616,UP,False,15,19.0,IGNORE,NONE,,NEUTRAL,C,WAIT,CMF positive,Process Industries,26.7
PFC,338.0,340.0,340.05,336.3,True,False,False,False,False,False,0.943982256683703,285.6858472,0.9174655045011427,False,-0.1784940988079046,True,61.19,False,0.9213141411708022,75.0,0.71,0,True,▄▁▆▁▄▂▂▁▁▅▅▂▄█▅▂▃▂▅▁,False,False,False,0,-0.05016158493747369,-0.15784228229724684,0.00033707606538901924,-0.1258336964648118,UP,False,14,19.0,IGNORE,NONE,,NEUTRAL,C,WAIT,No standout factor,Finance,27.7
CREDITACC,1255.2,1294.0,1298.8,1252.3,True,False,False,False,False,False,1.0108405015154436,23.13534432,0.9114695018582993,False,-0.016671735126724638,True,60.92,True,1.1906227707582109,88.0,1.09,0,False,█▅█▃▆▄▃▅▅▄▄▄▂▄▂▆▄▁▅▇,False,False,False,0,-0.07942794279427945,-0.162082777036048,-0.02892928179141674,-0.13007419120361297,UP,False,13,19.0,IGNORE,SEED,,NEUTRAL,C,WAIT,No standout factor,Finance,27.7
FIEMIND,1926.0,1963.1,1976.8,1920.0,True,False,False,False,False,False,0.6387812136697334,7.5982626,0.6206084706469273,False,-0.2074011585605063,True,52.92,False,0.9933271391164794,64.0,0.33,0,True,▄▁▄▄▅▄▇▅▇▄▄▅▇▅█▇▄▆▃▅,False,False,False,0,-0.05412042039092424,-0.16460637605725437,-0.0036217593880615295,-0.13259779022481932,UP,False,12,19.0,IGNORE,NONE,,NEUTRAL,C,WAIT,No standout factor,Producer Manufacturing,27.6
KEC,390.55,394.95,396.1,390.0,True,False,False,False,False,False,0.30078473360766866,12.509121225,0.2906313809521268,False,-0.24532903047721305,True,54.47,True,1.1782137526767753,84.0,0.86,0,False,█▄▆▆▆▇▄▄▁▆▆▃▄▆▆▇▆▆▅▇,False,False,False,0,-0.06230492196878745,-0.19928241927216805,-0.011806260965924742,-0.167273833439733,UP,False,8,19.0,IGNORE,NONE,,NEUTRAL,C,WAIT,No standout factor,Industrial Services,34.5
ASHAPURMIN,502.6,506.5,510.9,500.05,True,False,False,False,False,False,0.9402868255246823,14.5032769,0.8787070441297398,False,-0.416398888953651,True,49.49,True,1.0661008368966967,84.0,1.01,0,False,▇▅▄▅▄█▃▂▇▄▄▆▃▄▃▁▄▆▇▆,False,False,False,0,-0.1095756931526265,-0.2699542450432131,-0.059077032149763786,-0.23794565921077804,UP,False,3,19.0,IGNORE,NONE,,NEUTRAL,C,WAIT,No standout factor,Non-Energy Minerals,33.3
WEBELSOLAR,71.75,72.91,73.15,71.51,True,False,False,False,False,False,0.6122411017500013,8.5016001,0.5884172031050192,False,-0.0927462742364911,True,55.18,True,1.0676831391973993,87.0,1.07,0,False,▄█▄▄▄▇▄▆█▄▄▂▅▅█▅▆▁▆▇,False,False,False,0,-0.06172355171962862,-0.2989741084513923,-0.011224890716765912,-0.26696552261895723,UP,False,2,19.0,IGNORE,SEED,,NEUTRAL,C,WAIT,No standout factor,Electronic Technology,27.3
BALUFORGE,495.1,506.85,507.05,491.9,True,False,False,False,False,False,0.3290940144349654,17.78557632,0.2934814299051674,False,-0.3162690608919337,True,36.8,True,1.0975900739680267,39.0,-0.2,0,False,▁▄▃▃▃▂▄▄▂▅▅▆▄█▅▇▂▆▅▅,False,False,False,0,-0.21487472248652073,0.10897076940306882,-0.16437606148365802,0.14097935523550387,FLAT,True,77,18.0,IGNORE,NONE,,NEUTRAL,C,WAIT,No standout factor,Producer Manufacturing,27.6
HCLTECH,1260.0,1241.0,1266.5,1234.6,False,False,False,False,False,False,0.5901424557854897,186.241482,0.5822830432636668,False,-0.12694063912240874,True,56.83,True,1.1586490922250425,56.0,0.25,0,False,█▂▅▅▇▄▅▂▃▄▄▃▃▇▃▁▆▃▂▆,False,False,False,0,-0.01716068642745705,0.061141990904497234,0.03333797457540566,0.09315057673693228,FLAT,True,70,18.0,IGNORE,NONE,,NEUTRAL,C,WAIT,No standout factor,Technology Services,25.7
EXPLEOSOL,870.35,883.25,883.3,863.0,True,False,True,False,False,False,0.27013271361899094,0.9793178200000001,0.2648282384746151,False,-0.19001445993640767,True,53.26,False,0.9829560659610397,26.0,-0.37,0,True,█▆▁▄▅▅▇▆▅▆▆▅▇▆▇▆█▅▇▆,False,False,False,0,0.015518347821014133,0.05541744982719954,0.06601700882387684,0.08742603565963458,FLAT,True,69,18.0,IGNORE,NONE,,NEUTRAL,C,WAIT,No standout factor,Technology Services,25.7
BRIGADE,583.9,600.0,600.85,580.35,True,False,False,False,False,False,0.2723026518954793,10.1995652,0.23399997469486378,False,0.018632097669899643,False,48.07,True,1.2624087399548296,50.0,-0.0,0,False,▅▄▃▃▁▃▃▅▄▅▅▄▆█▅▅▅▆▇▆,False,False,False,1,-0.10970496302508204,0.03565094004966296,-0.059206302022219326,0.067659525882098,FLAT,True,66,18.0,IGNORE,NONE,,NEUTRAL,C,WAIT,CMF positive,Finance,27.7
PERSISTENT,5328.5,5372.0,5377.5,5285.0,True,False,False,False,False,False,0.7400098102181538,178.7839634,0.7150635722139751,False,-0.04520391102215278,True,41.21,True,1.100488690682832,44.0,-0.24,0,False,▇▁▇▂▂▅▅▄▂▂▂█▆▇▅▆▃▃▂▅,False,False,False,1,-0.047546697649477165,0.02694316495461302,0.002951963353385545,0.05895175078704806,FLAT,True,64,18.0,IGNORE,NONE,,NEUTRAL,C,WAIT,No standout factor,Technology Services,25.7
M&MFIN,331.75,333.0,336.5,326.2,True,False,False,False,False,False,0.4342820099561092,25.322776075,0.400992100356141,False,-0.10254632069257821,True,48.09,False,0.8431147382908036,44.0,-0.11,0,True,▅▆▆▄▃▂▇▄▄▆▆▃▃█▃█▃▄▃▁,False,False,False,0,-0.1105898123324397,0.028522709657417433,-0.060091151329576986,0.06053129548985248,FLAT,True,64,18.0,IGNORE,NONE,,NEUTRAL,C,WAIT,No standout factor,Finance,27.7
ZFCVINDIA,2332.8,2354.0,2354.0,2315.3,True,False,False,False,False,False,1.0090088511661572,21.495352320000002,0.9677770723199259,False,0.00681619261498929,False,60.43,True,1.093221412160573,67.0,0.35,0,False,▄▂▂▇▄▅▁█▄▅▅▃▂█▄▅▄▄▄▅,False,False,False,0,-0.07961808569399498,-0.002480116308902658,-0.029119424691132267,0.029528469523532386,FLAT,True,58,18.0,IGNORE,NONE,,NEUTRAL,C,WAIT,CMF positive,Producer Manufacturing,27.6
BLUEDART,4749.6,4725.0,4795.0,4705.0,False,False,False,False,False,False,0.759721009188983,2.93335296,0.731681322219907,False,-0.021786760236971268,True,35.56,False,0.7062421798971222,12.0,-0.91,0,True,▆▁▂▄▆█▅▃▃▆▆▂▄▅▃▅▃▂▃▁,False,False,False,0,-0.03541835905767665,-0.027319270939995866,0.015080301945186059,0.004689314892439178,UP,True,52,18.0,IGNORE,NONE,,NEUTRAL,C,WAIT,No standout factor,Transportation,31.9
GABRIEL,1349.2,1386.7,1395.9,1344.2,True,False,False,True,False,False,0.18441441581120907,17.49210816,0.1734975868849049,False,0.3015886477957419,False,34.68,False,0.8897326697111192,26.0,-0.55,0,False,▆▄▇▇▅▅▅▆▅▄▄██▇█▁▁▄▄▅,False,False,False,0,-0.061687182696988696,-0.03490701001430607,-0.011188521694125986,-0.002898424181871029,FLAT,False,51,18.0,IGNORE,NONE,,NEUTRAL,C,WAIT,CMF positive,Producer Manufacturing,27.6
NORTHARC,291.1,300.0,300.0,289.9,True,False,False,True,False,True,0.3509677743924898,25.019579240000002,0.33072158620499964,False,-0.049641124916578454,False,57.94,True,1.1706705998828115,78.0,0.66,0,False,▁▆▇▇▇▇▆▇▆██▆▅▇▇▇▇▇██,False,False,False,0,-0.06593935504572424,-0.046511627906976716,-0.015440694042861525,-0.014503042074541672,FLAT,False,47,18.0,IGNORE,NONE,,NEUTRAL,C,WAIT,No standout factor,Finance,27.7
BAJEL,169.47,171.39,172.0,168.97,True,False,False,False,False,False,0.4763682919022725,1.2712283640000002,0.4472491325417441,False,-0.026535240564173758,False,62.63,True,1.2594134266381123,94.0,1.17,0,True,▂▅▂▂▄▃▄▃█▃▃▁▃▆▄▅▄▄▃▇,False,False,False,0,-0.12698330929322077,-0.05498243461774388,-0.07648464829035806,-0.022973848785308837,FLAT,False,44,18.0,IGNORE,SEED,,NEUTRAL,C,WAIT,Delivery P94,Industrial Services,34.5
ANURAS,1187.1,1198.0,1198.0,1178.5,True,False,False,False,False,True,0.3393031286609342,23.1460758,0.3406536314857725,False,-0.3248763399959449,False,59.18,True,1.0272967929523065,72.0,0.67,0,False,▅▃▆▇▅▁▂█▅▂▂▄▂▂▄▁▃▂▄▄,False,False,False,0,-0.05994615140956605,-0.06372742329836756,-0.00944749040670334,-0.031718837465932515,UP,False,41,18.0,IGNORE,NONE,,NEUTRAL,C,WAIT,No standout factor,Health Technology,33.7
DATAMATICS,784.2,809.95,825.0,781.0,True,True,False,False,False,False,0.7913738582257085,9.1198539,0.8045743907468149,False,-0.32753335238114273,False,44.25,True,1.016213485210362,59.0,0.27,0,False,▅▆▆▂▅▆▄▂▅▅▅▂▄▅▃▅▁█▂▄,False,False,False,0,0.00287742183004025,-0.06392121754700086,0.05337608283290296,-0.03191263171456582,UP,False,41,18.0,IGNORE,NONE,,NEUTRAL,C,WAIT,No standout factor,Technology Services,25.7
BLIL,65.6,66.85,66.88,65.4,True,False,False,False,False,False,0.9800255539891404,0.5451819199999999,0.9209412052154712,False,-0.2771386902014772,False,80.82,True,1.0802213371113902,85.0,0.85,0,True,▅▆▇▄▁▁▃▅▆▃▃▅▆▆▅▅▆█▆▆,False,False,False,8,-0.09116098642283199,-0.06379334950763527,-0.04066232541996928,-0.03178476367520022,FLAT,False,41,18.0,IGNORE,SEED,,NEUTRAL,C,WAIT,No standout factor,Commercial Services,27.2
SWANCORP,289.7,293.0,294.7,288.6,True,False,False,False,False,False,0.14071663122817732,15.58194905,0.1375532880679389,False,0.11956982253697855,False,28.14,False,0.9518977065151207,16.0,-1.0,0,False,██▆▄▄▄▄▃▁▂▂▄▃▄▄▄▄▅▃▄,False,False,False,0,-0.012274122059324988,-0.06983464440520148,0.03822453894353772,-0.03782605857276644,UP,False,39,18.0,IGNORE,NONE,,NEUTRAL,C,WAIT,CMF positive,Utilities,37.4
NHPC,74.5,75.6,75.9,74.3,True,False,False,False,False,True,0.5360664460396771,41.41977245,0.523983988346368,False,-0.06256835612734012,False,47.41,False,0.8552744328688042,47.0,-0.16,0,True,█▁▆▃▄▂▂▁▃▂▂▂▆▆▄▃▃▃▂▂,False,False,False,0,-0.028936392075078143,-0.08024691358024694,0.021562268927784567,-0.04823832774781189,UP,False,35,18.0,IGNORE,NONE,,NEUTRAL,C,WAIT,No standout factor,Utilities,37.4
EFCIL,175.24,179.74,179.74,175.0,True,False,False,False,False,False,0.4324124187431101,1.9913397400000001,0.39321306604901907,False,-0.2526315818650812,False,75.57,True,1.2661897022602748,95.0,1.92,0,True,█▃▃▃▃▇▃▃▃▄▄▁▃▃▄▃▂▃▂▆,False,False,False,0,-0.14433593749999996,-0.08299319727891152,-0.09383727649713725,-0.05098461144647648,FLAT,False,34,18.0,IGNORE,SEED,,NEUTRAL,C,WAIT,Delivery P95,Distribution Services,36.7
CAPITALSFB,280.2,278.1,283.0,278.0,True,False,False,True,False,True,1.1905559362907006,0.6474021,1.195012243288959,False,-0.17803134543746013,False,74.14,True,1.1208623413535312,82.0,0.86,0,False,▇▇▆█▃▃▆▅▅▅▅▃▃▅▃▁▆▅▄▆,False,False,False,0,-0.010593220338983023,-0.08206388206388215,0.03990544066387969,-0.05005529623144711,UP,False,34,18.0,IGNORE,NONE,,NEUTRAL,C,WAIT,No standout factor,Finance,27.7
RELIGARE,234.32,242.0,242.0,233.05,True,False,False,False,False,False,0.20405773293636256,5.199631096,0.19121691380445152,False,0.09590150029770592,False,54.78,False,0.9806483951236104,46.0,-0.16,0,False,▅▁▂▄▄▃▂▄▃▆▆▃▂▄▃▂█▄▃▄,False,False,False,0,-0.034925864909390536,-0.08824902723735406,0.015572796093472174,-0.05624044140491902,UP,False,32,18.0,IGNORE,NONE,,NEUTRAL,C,WAIT,CMF positive,Finance,27.7
TSFINV,434.7,456.85,456.85,432.6,True,False,True,False,False,False,0.6087760123252451,2.10329595,0.6034670268724761,False,0.19131268324804335,False,49.96,False,0.9067562049094786,24.0,-0.64,0,False,▇▂▁▆▂▃▃▅▁▄▄▄▆▄▃▅▇▄█▃,False,False,False,0,0.08349950149551355,-0.08972882420688932,0.13399816249837626,-0.05772023837445428,UP,False,32,18.0,IGNORE,NONE,,NEUTRAL,C,WAIT,CMF positive,Finance,27.7
ABSLAMC,987.7,1010.0,1015.0,980.0,True,False,False,False,False,False,0.6719371242109186,14.002227820000002,0.627409365938777,False,0.14349236280216096,False,52.6,False,0.9716808601038184,52.0,-0.01,0,False,▄▃█▅▃▄▃▂▂▆▆▁▂▅▂▃▂▃▂▃,False,False,False,0,-0.060943145084616734,-0.11702127659574457,-0.010444484081754024,-0.08501269076330953,UP,False,24,18.0,IGNORE,NONE,,NEUTRAL,C,WAIT,CMF positive,Technology Services,25.7
RATEGAIN,828.7,827.0,834.0,814.05,False,False,False,True,False,False,0.5422545755402124,14.55603263,0.5185805879585698,False,-0.20013546939434818,False,48.64,False,0.9657308501767066,42.0,-0.22,0,True,▃▂▄▄▅▂█▆▁▃▃▅▂▄▄▅▄▃▂▃,False,False,False,0,-0.11624186840140771,-0.12625863250566716,-0.065743207398545,-0.09425004667323211,UP,False,21,18.0,IGNORE,NONE,,NEUTRAL,C,WAIT,No standout factor,Technology Services,25.7
PARACABLES,56.35,58.81,59.8,55.73,True,False,False,True,False,False,0.9637081061210091,10.962526225,0.8440703495754798,False,-0.26969383573593925,False,58.49,True,1.2428154050464808,85.0,1.09,0,False,▇▆▄▆▄▅▂▃▅▅▅▃▅▅▇▄▅▆▁█,False,False,False,0,-0.13758800122436488,-0.13107170393215106,-0.08708934022150217,-0.09906311809971602,UP,False,19,18.0,IGNORE,SEED,,NEUTRAL,C,WAIT,No standout factor,Producer Manufacturing,27.6
BIOCON,374.9,380.65,381.15,374.05,True,False,False,False,False,True,0.7000305729700618,83.71644466,0.6698086167304952,False,-0.2709031599014333,False,46.2,False,0.8825636372319595,37.0,-0.26,0,True,▅▃▄▅▄▄▂▁▄▂▂▁▄█▁▄▄▃▃▂,False,False,False,0,-0.09004854368932047,-0.14112256586483396,-0.03954988268645776,-0.10911398003239892,UP,False,16,18.0,IGNORE,NONE,,NEUTRAL,C,WAIT,No standout factor,Health Technology,33.7
CROMPTON,218.8,218.95,221.3,214.51,False,False,False,False,False,False,1.0599707718901137,54.94032992,1.014919630257703,True,-0.22920565423514772,False,41.36,False,0.8769865250257094,26.0,-0.65,0,True,▅▂▃▃▂▃▁▄▄▂▂▅▅█▆▄▂▁▁▂,False,False,False,0,-0.07248834251801606,-0.16520412056467004,-0.021989681515153348,-0.133195534732235,UP,False,12,18.0,IGNORE,NONE,,NEUTRAL,C,WAIT,No standout factor,Producer Manufacturing,27.6
IDEAFORGE,716.4,735.0,735.0,713.5,True,False,False,True,False,False,0.46656381272683595,8.23695228,0.44627071408240915,False,-0.27881099576818025,False,49.25,False,0.964428735080728,88.0,1.24,0,True,▃▃▅▄▄▇▃▄▃▄▄▁▂▄▂█▆▃▃▃,False,False,False,0,-0.09915121031122287,-0.16435320191298264,-0.04865254930836016,-0.1323446160805476,UP,False,12,18.0,IGNORE,SEED,,NEUTRAL,C,WAIT,No standout factor,Electronic Technology,27.3
ADANIENSOL,1338.6,1341.4,1344.0,1315.0,True,False,False,True,False,False,0.4000089790781554,203.34953706,0.3771829331512657,False,-0.5719080666551258,False,43.55,False,0.87248322147651,64.0,0.35,0,True,█▂▃▂▂▃▁▁▂▂▂▂▃▃▅▅▃▃▂▂,False,False,False,0,-0.17217068645640077,-0.20769458419650788,-0.12167202545353806,-0.17568599836407284,UP,False,6,18.0,IGNORE,NONE,,NEUTRAL,C,WAIT,No standout factor,Utilities,37.4
J&KBANK,142.25,145.51,145.88,142.0,True,False,False,True,False,False,0.7766848454423674,20.52488265,0.7513399748479551,False,-0.13880856276537773,False,48.11,True,1.0307224269431827,63.0,0.32,0,False,█▁▇▄▅▆▅▄▄▄▄▅▃██▅▅▅▅▅,False,False,False,0,-0.03676868905742148,-0.21947873799725648,0.013729971945441233,-0.18747015216482144,UP,False,5,18.0,IGNORE,NONE,,NEUTRAL,C,WAIT,No standout factor,Finance,27.7
LUMAXIND,5676.0,5750.0,5752.5,5560.0,True,False,False,True,False,False,0.5258884480800737,5.16516,0.4903871151462427,False,-0.16259501781094912,False,41.95,False,0.9449475154300132,52.0,0.07,0,False,▄▂▁▂▆▄▄▄▇▅▅▅▅▁█▅▄▅▃▄,False,False,False,3,-0.0894361113339216,0.09490740740740744,-0.03893745033105889,0.12691599323984248,FLAT,True,75,17.0,IGNORE,NONE,,NEUTRAL,C,WAIT,No standout factor,Producer Manufacturing,27.6
TASTYBITE,9633.0,9912.0,9916.0,9517.0,True,False,False,True,False,True,0.7563432634811184,2.0287098,0.7283785705690408,False,-0.057810143458921555,False,44.63,False,0.8244737352558122,19.0,-0.79,0,True,▅▅▁▅▄▅▇▃▂▃▃▄▄▃▅█▅▃▅▂,False,False,False,2,-0.04990630239668603,0.09584210226949552,0.0005923586061766795,0.12785068810193057,FLAT,True,75,17.0,IGNORE,NONE,,NEUTRAL,C,WAIT,No standout factor,Consumer Non-Durables,29.3
CLSEL,285.75,296.7,296.7,283.1,True,False,False,True,False,True,0.40996104141280654,0.853220925,0.39113694853764264,False,-0.07572572105245072,False,46.71,False,0.9876203867175525,45.0,0.0,0,True,▄▄▃▄▅▅▃▅▆▇▇▁▅▄▅▆█▄▃▅,False,False,False,0,-0.04955928820888067,0.07243385250516043,0.0009393727939820407,0.10444243833759548,FLAT,True,72,17.0,IGNORE,NONE,,NEUTRAL,C,WAIT,No standout factor,Process Industries,26.7
SYSTMTXC,67.0,67.97,68.0,66.0,True,True,False,False,False,False,1.0726899976028712,0.4287397,1.0863407862299266,False,0.066873775041837,False,7.96,False,0.40374324769851133,4.0,-0.95,0,False,▃▄▃▃▂▂▁▂▁▁▁▁▁▂▂▂█▃▂▁,False,False,False,0,-0.014705882352941124,0.06535220225791072,0.035792778649921586,0.09736078809034576,FLAT,True,71,17.0,IGNORE,NONE,,NEUTRAL,C,WAIT,CMF positive,Finance,27.7
RRKABEL,2459.8,2530.4,2536.5,2445.2,True,False,False,True,False,False,0.2457863119543486,34.60372846,0.24035620097153798,False,-0.2632915990716212,False,38.49,False,0.8306536892763882,21.0,-0.62,0,True,▅▅▅▄▁▄▂██▅▅▄▆▇▆▇▄▅▂▃,False,False,False,0,-0.16001912307061872,0.05439581636589663,-0.10952046206775601,0.08640440219833168,FLAT,True,69,17.0,IGNORE,NONE,,NEUTRAL,C,WAIT,No standout factor,Producer Manufacturing,27.6
HNDFDS,602.15,610.2,610.9,600.15,True,False,False,True,False,True,0.5709171405216084,2.88080603,0.5510799966765859,False,-0.14671123522814677,False,57.66,False,0.9894041439663678,64.0,0.3,0,True,▂▁▄▂▆▁█▃▄▅▅▄▄▃▄▄▂▂▃▃,False,False,False,0,-0.08515648738985115,0.05096430753119807,-0.034657826386988444,0.08297289336363312,FLAT,True,68,17.0,IGNORE,NONE,,NEUTRAL,C,WAIT,No standout factor,Consumer Non-Durables,29.3
SUNDARMFIN,4453.4,4508.0,4508.1,4388.9,True,False,False,False,False,False,0.5784066077643504,13.603355639999998,0.5542482664421458,False,0.01923001687470583,True,42.25,False,0.7068822727310751,6.0,-1.53,0,False,█▄▅▆▇▇▇▇▃▅▅▆▅▇▃▁▇▆▃▂,False,False,False,0,-0.01907488986784145,0.006372593329114995,0.03142377113502126,0.03838117916155004,FLAT,True,60,17.0,IGNORE,NONE,,NEUTRAL,C,WAIT,CMF positive,Finance,27.7
VMART,766.5,765.2,769.8,747.3,False,False,False,True,False,True,0.8494235249119714,4.7918514,0.8072677873206527,False,-0.04724684535465873,False,43.11,False,0.8562235595543108,34.0,-0.31,0,True,▄▄▄▅▃▄█▅▁▅▅▂▆▂▆▄▃▅▅▃,False,False,False,2,-0.09552185969673732,-0.023691249522353908,-0.04502319869387461,0.008317336310081136,FLAT,True,53,17.0,IGNORE,NONE,,NEUTRAL,C,WAIT,No standout factor,Retail Trade,28.0
SBILIFE,1746.7,1755.0,1758.4,1732.3,True,True,False,False,False,False,1.0172461922968008,176.50281231000002,1.0232483177928309,False,-0.023504926219294835,True,58.53,False,0.9585496470742373,41.0,-0.18,0,False,█▃▆▄▂▃▁▅▆▃▃█▃█▄▃▆▁▃▃,False,False,False,0,-0.014944732686668183,-0.04138082432358259,0.03555392831619453,-0.009372238491147544,UP,False,48,17.0,IGNORE,NONE,,NEUTRAL,C,WAIT,No standout factor,Finance,27.7
EPIGRAL,1038.0,1067.8,1068.9,1029.3,True,False,False,False,False,False,0.8584464699418628,2.9558088,0.7699405660830391,False,-0.2551904497899783,True,55.38,True,1.0885182746454651,60.0,0.28,0,False,▂▁▃▃▂▅▁▃█▇▇▅▄▇▃▅▃▂▄▆,False,False,False,3,-0.13737222637746194,-0.04172821270310201,-0.08687356537459923,-0.009719626870666964,FLAT,False,48,17.0,IGNORE,NONE,,NEUTRAL,C,WAIT,No standout factor,Process Industries,26.7
ICICIGI,1540.0,1544.0,1559.3,1526.2,True,True,False,False,False,False,0.5621811798916444,69.855632,0.5723052725043247,False,0.030816749292914936,False,58.16,False,0.967607766150365,38.0,-0.15,0,False,▇▅▄▅▇▄▅▆▅▅▅▅▃▆▅▆█▁▄▅,False,False,False,0,-0.01716765588103908,-0.05032067094227921,0.03333100512182363,-0.018312085109844167,UP,False,46,17.0,IGNORE,NONE,,NEUTRAL,C,WAIT,CMF positive,Finance,27.7
SCHAEFFLER,3955.5,4002.0,4009.9,3941.0,True,False,False,False,False,True,0.45719737352075496,8.7954498,0.44910812624180707,False,0.034824803602427575,False,47.66,False,0.7795479080113841,11.0,-1.08,0,False,▃▅▃█▂▃▆▇▁▃▃▂▅▄▃▄▄▇▁▂,False,False,False,1,-0.014770349706087482,-0.048060261840585206,0.03572831129677523,-0.016051676008150162,UP,False,46,17.0,IGNORE,NONE,,NEUTRAL,C,WAIT,CMF positive,Producer Manufacturing,27.6
TITAGARH,818.65,818.0,836.4,811.1,True,False,False,False,False,True,0.8427160537021811,44.365672505,0.8077874586303182,False,-0.13422524626887947,True,34.43,False,0.9499110234373922,54.0,0.17,0,False,█▄▆▇▂▅▅▄▄▅▅▂▁▃▄▅▂█▃▄,False,False,False,0,0.0006722894511672628,-0.055984778597786056,0.05117095045402997,-0.023976192765351012,UP,False,44,17.0,IGNORE,NONE,,NEUTRAL,C,WAIT,No standout factor,Producer Manufacturing,27.6
ORIENTELEC,160.0,161.1,162.26,158.98,True,False,False,False,False,False,1.4219990597632126,2.659376,1.322020616350605,False,-0.1998711187862749,True,59.7,True,1.0450125594055508,81.0,0.74,0,True,▃▄▂▆▅▆▄██▅▅▂▁▄▂▇▃▆▄▅,False,False,False,0,-0.11027081132180394,-0.07738438473071152,-0.05977215031894123,-0.045375798898276476,FLAT,False,36,17.0,IGNORE,NONE,,NEUTRAL,C,WAIT,No standout factor,Consumer Durables,24.3
NH,1820.1,1861.2,1861.4,1814.0,True,False,False,False,False,True,0.8016449536681882,25.94297736,0.7698374665744859,False,-0.050818043786384506,True,54.75,False,0.9716318979209739,53.0,0.11,0,False,▆▅█▄▄▁▄▄▅▅▅▄▅▆▅▄▄▄▄▄,False,False,False,0,-0.04566904362416113,-0.10158448097142014,0.004829617378701578,-0.0695758951389851,UP,False,28,17.0,IGNORE,NONE,,NEUTRAL,C,WAIT,No standout factor,Health Services,24.1
AMBER,6990.0,7001.5,7038.5,6880.0,False,False,False,False,False,False,1.1882082042787865,86.747997,1.1497395161096662,True,-0.11307632602305082,True,34.49,False,0.9722476708621687,63.0,0.24,0,False,▅▆▂▆▆█▄▅▄▅▅▄▁▆▄▅▄▆▂▄,False,False,False,0,-0.08267716535433067,-0.11057386435933325,-0.03217850435146796,-0.07856527852689821,UP,False,26,17.0,IGNORE,NONE,,NEUTRAL,C,WAIT,No standout factor,Producer Manufacturing,27.6
BSE,3188.0,3206.1,3209.7,3155.3,False,False,False,False,False,False,1.0571262050147863,1426.052972,1.0240010725995616,True,-0.07483531781961071,True,38.6,False,0.9534042211601399,79.0,0.83,0,False,▄▅▄▆▂▆▄▄▂▁▁▄▂▅▄▃▄▃█▃,False,False,False,0,-0.04206730769230771,-0.13487109905020356,0.008431353310555001,-0.10286251321776851,UP,False,18,17.0,IGNORE,NONE,,NEUTRAL,C,WAIT,No standout factor,Finance,27.7
KERNEX,1713.8,1700.0,1747.0,1655.0,False,False,False,True,False,False,0.8132221633973797,28.338711280000002,0.8041467965184247,False,-0.08572091153567662,True,35.5,False,0.8148930309429805,17.0,-0.91,0,False,██▃▆▁▅▆▆▄▄▄▇▅▄▅▅▅▅▅▃,False,False,False,0,-0.012731148107610002,-0.19164190368378853,0.03776751289525271,-0.15963331785135348,UP,False,8,17.0,IGNORE,NONE,,NEUTRAL,C,WAIT,No standout factor,Electronic Technology,27.3
DBL,406.9,412.0,412.45,402.6,True,False,False,False,False,False,0.5029845571464296,10.50440833,0.499183858312469,False,-0.5386751947798968,True,20.82,False,0.46766023877177415,6.0,-1.85,0,False,▇█▇▇▆▇▅▆▁▅▅▅▆▆▄▆█▆▆▃,False,False,False,0,0.0048154093097914075,0.0033288127234618603,0.05531407031265412,0.035337398555896904,UP,True,59,16.0,IGNORE,NONE,,NEUTRAL,C,WAIT,No standout factor,Industrial Services,34.5
GSPCROP,485.0,503.25,503.25,475.15,True,False,False,True,False,False,0.6234091467714291,12.8484745,0.588727898440027,False,-0.3268815694021041,True,8.29,False,0.3023671444724076,4.0,-1.5,0,False,█▅▆▅▅▅▄▅▇▆▆▃▂▂▂▁▁▁▂▂,False,False,False,1,-0.22746097483274919,-0.010002041232904602,-0.17696231382988648,0.022006544599530442,FLAT,True,56,16.0,IGNORE,NONE,,NEUTRAL,C,WAIT,No standout factor,Process Industries,26.7
LTTS,3211.6,3221.0,3280.0,3157.0,False,False,False,False,False,False,0.45942827217335386,11.49527988,0.4247207616036181,False,-0.18154414604513958,False,49.13,True,1.0645143816694655,64.0,0.3,0,True,█▁▁▁▄▃▂▄▂▂▂▅▃█▅▂▃▂▂▄,False,False,False,0,-0.10996563573883167,-0.0411703239289446,-0.05946697473596896,-0.009161738096509553,FLAT,False,48,16.0,IGNORE,NONE,,NEUTRAL,C,WAIT,No standout factor,Commercial Services,27.2
SUNPHARMA,1851.8,1858.7,1858.7,1841.6,False,False,False,True,False,True,0.42248035852576044,123.03099947999999,0.41488343018358165,False,-0.18203990711586643,False,64.31,False,0.9934731394585411,49.0,0.03,0,False,█▁▁▅▆▆▇▅▆██▇▆█▂▅█▅▃▅,False,False,False,1,-0.032143417132702634,-0.050407671401466625,0.018355243870160076,-0.01839908556903158,UP,False,46,16.0,IGNORE,NONE,,NEUTRAL,C,WAIT,No standout factor,Health Technology,33.7
POLYMED,1636.7,1724.4,1724.4,1611.2,True,False,False,False,False,False,1.5118866418716728,35.40853147,1.419398584104464,False,-0.21785542732053564,False,45.48,True,1.0146463350697736,47.0,-0.07,0,False,▅▇▁▅▇▂▄▅▅▆▆▇▃▅▆▇█▂▆▅,False,False,False,0,-0.06984541941350297,-0.04892788657098035,-0.019346758410640263,-0.016919300738545306,FLAT,False,46,16.0,IGNORE,DISTRIBUTION,,NEUTRAL,C,WAIT,No standout factor,Health Technology,33.7
ETHOSLTD,2518.2,2565.6,2566.1,2490.0,True,False,False,False,False,False,0.7905849792363646,7.941395519999999,0.740653706977744,False,-0.29752074727185823,False,54.68,True,1.065346997623037,68.0,0.29,0,True,▅▃▄▅█▅▄▄▆▆▆▅▅▅▆▆▁▆▅▆,False,False,False,0,-0.1312657398143996,-0.05109654080940551,-0.08076707881153689,-0.019087954976970467,FLAT,False,45,16.0,IGNORE,NONE,,NEUTRAL,C,WAIT,No standout factor,Retail Trade,28.0
TATATECH,707.05,701.0,709.7,691.2,False,False,False,False,False,False,0.9293195672074929,62.25532826999999,0.8555162128887667,False,-0.30968499555800194,False,42.25,True,1.1236702127659575,57.0,0.18,0,True,▅▁▂▄▃▆▄▇▂▆▆▁▃▆▃▇▇▄█▆,False,False,False,0,-0.14920883220022862,-0.05562975824762939,-0.09871017119736591,-0.023621172415194347,FLAT,False,44,16.0,IGNORE,NONE,,NEUTRAL,C,WAIT,No standout factor,Technology Services,25.7
GHCL,410.6,415.15,418.7,410.0,True,False,False,False,False,False,0.9317969457010975,4.16217008,0.8941283291849383,False,-0.38090920866875977,False,75.44,True,1.2714356740176456,96.0,1.85,0,False,█▄▄▅▆▇▆▆▇██▄▅▆▆▆▂▁▅█,False,False,False,0,-0.06212882594792135,-0.055005753739930885,-0.01163016494505864,-0.02299716790749584,UP,False,44,16.0,IGNORE,SEED,,NEUTRAL,C,WAIT,Delivery P96,Process Industries,26.7
INSECTICID,598.35,597.65,603.7,594.0,True,False,False,False,False,False,0.2923069801888539,0.377858025,0.28684645654586394,False,-0.055494340678310536,False,64.4,True,1.1893549042421556,77.0,0.68,0,True,▄▃▄▁▇▆▅▄▆▅▅▄▅█▇▅▆▇▄▇,False,False,False,0,-0.020463288859785544,-0.05793906951113903,0.030035372143077166,-0.025930483678703986,UP,False,43,16.0,IGNORE,NONE,,NEUTRAL,C,WAIT,No standout factor,Process Industries,26.7
NCC,130.29,133.9,133.9,130.0,True,False,False,False,False,False,0.7767322118158817,20.519502389999996,0.7153604233169931,False,-0.20399889684308545,False,54.95,True,1.1776303805064132,90.0,1.18,0,False,▅▁▅▄█▄▄▅▅▅▅▆▅▆▆▇▅█▆▇,False,False,False,0,-0.12185751836624659,-0.06842556842556857,-0.07135885736338388,-0.03641698259313353,FLAT,False,40,16.0,IGNORE,SEED,,NEUTRAL,C,WAIT,Delivery P90,Consumer Durables,24.3
SBFC,86.82,89.0,89.3,86.4,True,False,False,False,False,False,0.6086486377148775,8.203031423999999,0.5415264266612021,False,-0.1861906414747065,False,53.86,True,1.0366364170026847,65.0,0.23,0,False,▅█▁▃▂▃▃▃▄▄▄▄▄▆▆▄▄▆▅▄,False,False,False,3,-0.12143290831815423,-0.07144385026737976,-0.07093424731529152,-0.03943526443494472,FLAT,False,39,16.0,IGNORE,NONE,,NEUTRAL,C,WAIT,No standout factor,Finance,27.7
IFGLEXPOR,192.71,198.7,199.5,191.3,True,False,False,False,False,False,0.22637770988375866,0.238671335,0.20816355232110637,False,-0.01108511346430348,False,58.38,True,1.1703620544484985,73.0,0.64,0,True,▇█▆▆▇▇▆▁▅██▅▅▆▆▆▆█▇▇,False,False,False,0,-0.08394733089318818,-0.07319771076804693,-0.033448669890325466,-0.04118912493561189,UP,False,38,16.0,IGNORE,NONE,,NEUTRAL,C,WAIT,No standout factor,Producer Manufacturing,27.6
MOLDTKPAC,649.4,668.0,671.3,645.15,True,False,False,False,False,False,0.988903694444772,2.7229991399999998,0.9438956638396073,False,-0.2564920039632729,False,58.66,True,1.0806628409310721,67.0,0.3,0,True,▁█▅▃▆▆▂▇▆▄▄▄▇▇▆▆▃▁▂▆,False,False,False,0,-0.08438491364117029,-0.07479697962672749,-0.03388625263830758,-0.042788393794292445,UP,False,37,16.0,IGNORE,NONE,,NEUTRAL,C,WAIT,No standout factor,Producer Manufacturing,27.6
PUNJABCHEM,1054.6,1071.6,1090.0,1047.0,True,False,False,False,False,False,1.2223039215686275,0.52592902,1.196199068047446,False,-0.1917879675376569,False,66.33,True,1.1713286713286712,89.0,1.01,0,True,▆▆▆▂▆▇▅▃▅▆▆▅▁█▅▄▇▅▄▇,False,False,False,0,-0.057130084935181125,-0.0776631100227394,-0.006631423932318414,-0.04565452419030436,UP,False,36,16.0,IGNORE,SEED,,NEUTRAL,C,WAIT,No standout factor,Process Industries,26.7
BFINVEST,435.2,444.9,444.9,433.3,True,False,False,False,False,False,0.4690527322176793,0.5636710399999999,0.4480765274218252,False,-0.08194633545676182,False,61.97,True,1.250971486247792,77.0,0.71,0,True,▅▆▇▁▅▇▇▆▁▃▃▅█▂▇▇█▇▇█,False,False,False,0,-0.013934519089158326,-0.07845420857596619,0.036564141913704384,-0.046445622743531145,UP,False,35,16.0,IGNORE,NONE,,NEUTRAL,C,WAIT,No standout factor,Finance,27.7
KEI,4516.0,4653.0,4668.5,4510.5,True,False,False,False,False,False,0.34312065982397816,99.1401996,0.3228083248236243,False,-0.17066367908530056,False,47.29,True,1.005645993046178,58.0,0.18,0,True,▅▁█▅▃▅▆▇█▆▆▂▁▇▆▅▇▄▁▅,False,False,False,0,-0.21328153580823306,-0.08369686517195907,-0.16278287480537035,-0.051688279339524024,FLAT,False,33,16.0,IGNORE,NONE,,NEUTRAL,C,WAIT,No standout factor,Producer Manufacturing,27.6
VINATIORGA,1191.0,1206.4,1210.1,1190.0,True,False,False,False,False,False,0.446676399740859,3.1902126,0.4187326958649538,False,-0.34831751313572074,False,60.37,True,1.0152617195711582,58.0,0.11,0,True,▁▃▂▂▂▆▂▃▄▅▅▂▄█▄▄▁▃▃▄,False,False,False,0,-0.1044439431536206,-0.09690627843494082,-0.05394528215075789,-0.06489769260250577,UP,False,30,16.0,IGNORE,NONE,,NEUTRAL,C,WAIT,No standout factor,Process Industries,26.7
SPARC,202.85,209.0,211.67,201.62,True,True,False,True,False,False,1.2596421084674052,25.971250629999997,1.275176080813419,False,-0.10318507364370356,False,39.25,False,0.9805268614396883,52.0,0.06,0,False,▄▅▁▃▇▅▅█▇▇▇█▅█▄▆▄▅▃▅,False,False,False,0,0.0176591581799026,-0.10839083996307852,0.06815781918276531,-0.07638225413064348,UP,False,27,16.0,IGNORE,NONE,,NEUTRAL,C,WAIT,No standout factor,Health Technology,33.7
GATEWAY,51.88,52.49,52.5,51.8,True,False,False,False,False,False,1.0657480550117533,3.4666890440000007,1.0376409799651631,False,-0.2865177124892587,False,72.52,True,1.2271661970877645,96.0,1.83,0,False,▄▄▅▅▅▆▁▄▅▇▇▄▄█▆▇▃▅▆█,False,False,False,0,-0.03550845882134224,-0.10950909715070367,0.014990202181520473,-0.07750051131826863,UP,False,26,16.0,IGNORE,SEED,,NEUTRAL,C,WAIT,Delivery P96,Transportation,31.9
STUDDS,398.0,413.2,413.2,396.0,True,False,False,False,False,False,0.5716741666152971,1.9931442,0.5339399951950604,False,-0.22975741059394625,False,69.74,True,1.1190269888642854,84.0,0.9,0,True,▇█▇▇▇▇▇▇▇▇▇▇▇▆▁▆▇▇█▇,False,False,False,0,-0.10561797752808988,-0.11555555555555552,-0.05511931652522717,-0.08354696972312048,UP,False,24,16.0,IGNORE,NONE,,NEUTRAL,C,WAIT,No standout factor,Consumer Durables,24.3
SASKEN,1658.2,1700.0,1711.1,1650.2,True,False,False,False,False,False,0.7294769539333625,2.8466319400000004,0.6803913758208124,False,-0.31043813334657744,False,60.72,True,1.018894519582508,85.0,0.91,0,True,▂▆▆▄▆▇▃▆█▆▆▁▃▅▇▄▃▅▆▅,False,False,False,0,-0.12703342984996047,-0.13046670162558993,-0.07653476884709776,-0.09845811579315489,UP,False,19,16.0,IGNORE,SEED,,NEUTRAL,C,WAIT,No standout factor,Technology Services,25.7
STYRENIX,2036.4,2069.0,2074.7,2031.6,True,False,False,False,False,False,0.7090084956817352,4.51042236,0.6977338868710586,False,-0.12887274736006962,False,61.62,True,1.0356215493987444,66.0,0.33,0,True,▂▁▆▅▅▅▂▆▃██▃▄▄▅▃▁▃▃▅,False,False,False,0,0.017081210668264957,-0.13897932434146543,0.06757987167112767,-0.10697073850903038,UP,False,17,16.0,IGNORE,NONE,,NEUTRAL,C,WAIT,No standout factor,Process Industries,26.7
JAICORPLTD,92.18,94.89,94.89,91.8,True,False,False,False,False,False,0.8055611741385458,1.9732603880000004,0.7721009492275878,False,-0.15478830951250655,False,47.47,True,1.1191927289016728,92.0,1.31,0,False,▅▂▃▃▅▅▄▄▃██▂▁▃▃▃▄▄▂▅,False,False,False,0,-0.06530115595213948,-0.13971068595426972,-0.014802494949276768,-0.10770210012183468,UP,False,17,16.0,IGNORE,SEED,,NEUTRAL,C,WAIT,Delivery P92,Process Industries,26.7
HEMIPROP,115.95,120.49,120.49,115.55,True,False,False,False,False,False,1.573828429056523,4.294961925,1.4957128596617655,False,-0.3161547758693739,False,52.08,False,0.8913382053432372,52.0,0.13,0,True,▃▅▄▂▆█▆▄▅▄▄▁▃▄▄▇▂▄▃▂,False,False,False,0,-0.09920758234928528,-0.14528969482529852,-0.04870892134642257,-0.11328110899286348,UP,False,15,16.0,IGNORE,DISTRIBUTION,,NEUTRAL,C,WAIT,No standout factor,Finance,27.7
SIYSIL,533.35,540.0,540.0,528.05,True,False,False,False,False,False,0.5413042948671101,0.888827775,0.5351659243562055,False,-0.13158698228637758,False,59.71,True,1.1377450886987672,90.0,1.09,0,False,▃▁▂▃▅▄▅▇▂██▂▅▅▄▂▆▅▅▆,False,False,False,0,-0.053588856357022374,-0.17284429280397018,-0.003090195354159664,-0.14083570697153514,UP,False,11,16.0,IGNORE,SEED,,NEUTRAL,C,WAIT,Delivery P90,Process Industries,26.7
DBCORP,178.55,182.61,182.61,178.01,True,False,False,False,False,False,0.6592025700677165,0.7371436750000001,0.623069408493498,False,-0.39776965224786975,False,63.22,True,1.0015208161713451,75.0,0.73,0,True,▆▃▄▄▃▁▅▅▇▅▅▄▅█▅▅▄▅▃▅,False,False,False,0,-0.103664658634538,-0.16736616302928553,-0.05316599763167529,-0.1353575771968505,UP,False,11,16.0,IGNORE,NONE,,NEUTRAL,C,WAIT,No standout factor,Consumer Services,25.2
UGROCAP,80.29,82.02,82.38,80.2,True,False,False,False,False,False,1.425957948486204,1.8621338540000003,1.3579282541603885,False,-0.2365972604905947,False,72.15,True,1.2685937335161936,92.0,1.38,0,False,▅▆▆▆▁▇▇▇▆▆▆▅▅▅██▅▆██,False,False,False,0,-0.07776246266942333,-0.17912278908087098,-0.027263801666560616,-0.14711420324843594,UP,False,9,16.0,IGNORE,SEED,,NEUTRAL,C,WAIT,Delivery P92,Finance,27.7
HAPPSTMNDS,307.15,310.5,310.65,306.25,True,False,False,False,False,False,0.20170894291447186,11.530195994999998,0.17566742106882519,False,-0.4983666403581266,False,47.61,True,1.2967805196927602,86.0,0.97,0,True,▄▂▁▃▅▆▄▆█▃▃▃▅▆▇▆▇█▇█,False,False,False,0,-0.24523897284678708,-0.19688848215453003,-0.19474031184392437,-0.164879896322095,FLAT,False,8,16.0,IGNORE,SEED,,NEUTRAL,C,WAIT,No standout factor,Technology Services,25.7
HPL,270.95,279.45,279.55,269.25,True,False,False,False,False,False,1.382707197240631,3.19769771,1.295131190715122,False,-0.21634712569926867,False,56.71,True,1.1520451798356544,94.0,1.41,0,False,█▇▅▄▄▄▇▅▆▃▃▆▆▅▇▅█▆▁█,False,False,False,0,-0.10607060376113508,-0.2049589201877935,-0.055571942758272375,-0.17295033435535845,UP,False,7,16.0,IGNORE,SEED,,NEUTRAL,C,WAIT,Delivery P94,Electronic Technology,27.3
BHARATRAS,1046.2,1102.2,1102.2,1027.8,True,False,False,False,False,False,1.5293612667650571,2.7211662,1.3849628788960227,False,-0.45420188930650685,False,52.18,False,0.9297104677060134,56.0,0.21,0,True,▆▇█▇█▆▇▃▁██▄▃▄▄▅▅▆▇▅,False,False,False,0,-0.16169871794871793,-0.2033201340237587,-0.11120005694585522,-0.17131154819132366,UP,False,7,16.0,IGNORE,DISTRIBUTION,,NEUTRAL,C,WAIT,No standout factor,Process Industries,26.7
SURYODAY,144.99,149.12,149.12,144.12,True,False,False,False,False,False,0.669707570091024,2.0320203510000003,0.6489003145562701,False,-0.09754484489807978,False,54.01,True,1.0377856985022145,68.0,0.48,0,True,▁▄▂▄▁▃▅▅▅██▃▂██▅▆▆▅▅,False,False,False,0,-0.06270605727584189,-0.20792133296913407,-0.012207396272979176,-0.17591274713669902,UP,False,6,16.0,IGNORE,NONE,,NEUTRAL,C,WAIT,No standout factor,Finance,27.7
MBEL,251.85,258.6,259.75,251.0,True,False,False,False,False,False,0.48611729515376806,1.6429182900000001,0.47091449118563095,False,-0.18438511499302418,False,62.39,True,1.3534356526926623,97.0,1.5,0,False,▆▅▆▂▇▇▁▇▇▆▆▅▅▆▇▆▄▅▇█,False,False,False,0,-0.05762394761459311,-0.2065217391304347,-0.007125286611730397,-0.17451315329799966,UP,False,6,16.0,IGNORE,SEED,,NEUTRAL,C,WAIT,Delivery P97,Producer Manufacturing,27.6
SPMLINFRA,161.42,163.0,165.44,160.23,True,False,False,False,False,False,0.6318250889234591,1.8366690439999998,0.5879898657297082,False,-0.12062372366163965,False,65.67,True,1.2522286313581543,97.0,1.63,0,False,▄▆▆▆▁▄▇▆▇▆▆▂▄▆▃▆▃█▆█,False,False,False,0,-0.11063360881542705,-0.22008020486060786,-0.06013494781256434,-0.18807161902817282,UP,False,5,16.0,IGNORE,SEED,,NEUTRAL,C,WAIT,Delivery P97,Industrial Services,34.5
CAMLINFINE,95.4,97.96,97.96,95.1,True,False,False,False,False,False,0.6191348696302268,4.15768464,0.5892881021055607,False,-0.2547518580288431,False,55.15,True,1.0586530247914847,72.0,0.59,0,True,▆▅▃▂▃▅▁▃▄██▄▄▆▆▅▁▇▃▅,False,False,False,0,-0.07044723764980987,-0.23039690222652465,-0.019948576646947158,-0.1983883163940896,UP,False,4,16.0,IGNORE,NONE,,NEUTRAL,C,WAIT,No standout factor,Process Industries,26.7
HINDWAREAP,170.34,173.0,175.19,169.5,True,False,False,False,False,False,1.1096199431969058,1.8470988240000001,1.0609535414969258,False,-0.41695091683603297,False,70.87,True,1.1855432973393447,90.0,1.27,0,False,▅▄▂▂█▆▇▆▄▅▅▄▄▅▃▄▁▄▁▇,False,False,False,0,-0.08899347523799328,-0.23356580427446572,-0.03849481423513057,-0.20155721844203067,UP,False,4,16.0,IGNORE,SEED,,NEUTRAL,C,WAIT,Delivery P90,Producer Manufacturing,27.6
BNAGROCHEM,208.0,209.0,210.0,205.92,True,False,False,False,False,False,0.020481229508847416,0.0026832,0.019010430510338988,False,-0.19777129629424545,False,99.23,True,1.2136222152916645,,,0,True,▅█▂▂▇▁▅▅▅██▃▄▆██▇▆██,False,False,False,0,-0.11281723181915115,-0.26747666842754003,-0.06231857081628844,-0.235468082595105,UP,False,3,16.0,IGNORE,NONE,,NEUTRAL,C,WAIT,No standout factor,Process Industries,26.7
RELAXO,290.75,299.0,299.0,290.0,True,False,False,False,False,False,0.4189131878951801,3.28553315,0.3930305388594057,False,-0.594462048979569,False,42.75,True,1.0040042743573785,42.0,0.03,0,True,▄▅▃▄▄▄▅▅▁▅▅█▄▅▄▃▄▆▅▄,False,False,False,0,-0.18750873270923574,-0.3347443084315296,-0.13701007170637303,-0.30273572259909454,UP,False,1,16.0,IGNORE,NONE,,NEUTRAL,C,WAIT,No standout factor,Consumer Non-Durables,29.3
UEL,190.14,183.01,191.99,183.0,False,False,False,True,False,False,0.7589144222585458,0.40520735399999996,0.7014414419920769,False,-0.008332111707591214,False,55.38,False,0.8577136927532641,37.0,-0.35,0,False,▄█▄▅▄▅█▅▃▅▅▇▃▁▃▃▂▃▃▃,False,False,False,0,-0.04351325519392324,0.5338818973862536,0.006985405808939471,0.5658904832186886,FLAT,True,97,15.0,IGNORE,NONE,,NEUTRAL,C,WAIT,RS leader,Utilities,37.4
TECHNVISN,3950.0,4076.0,4244.5,3916.0,True,False,False,False,False,False,0.8083529808016167,0.1422,0.6990338786474336,False,-0.34039122335043515,False,91.69,True,1.2371732163939957,85.0,0.98,0,True,▃▂▂▁▄▄▂▃▃████▅▇▅▆▄▄█,False,False,False,0,-0.264938496752703,0.21501076591817903,-0.21443983574984027,0.24701935175061407,FLAT,True,87,15.0,IGNORE,SEED,,NEUTRAL,C,WAIT,No standout factor,Technology Services,25.7
MMFL,604.5,616.0,618.7,595.75,True,False,True,True,False,True,0.71502061248825,4.28088765,0.6892097592020562,False,-0.14447014118946358,False,44.86,False,0.9382287429282525,21.0,-0.61,0,False,▅▄▁▃▄█▃▆▃▆▆▄▅▅▇▄▆▃▃▃,False,False,False,0,-0.07014305491462858,0.13265879707700945,-0.019644393911765867,0.1646673829094445,FLAT,True,80,15.0,IGNORE,NONE,,NEUTRAL,C,WAIT,No standout factor,Producer Manufacturing,27.6
MOL,56.96,58.46,59.34,56.73,True,False,False,False,False,False,0.43319965697880297,3.5446435840000006,0.38561675428059144,False,-0.1784831482038191,False,49.66,True,1.2593672731883598,46.0,-0.03,0,False,▁▁▁▄█▄▁▇▆▃▃▂▃▂▅▄▆▇█▇,False,False,False,4,-0.1091648420394119,0.12280701754385981,-0.05866618103654919,0.15481560337629485,FLAT,True,79,15.0,IGNORE,NONE,,NEUTRAL,C,WAIT,No standout factor,Process Industries,26.7
IIFL,598.15,609.9,609.9,593.05,True,False,False,True,False,True,0.462060673806353,72.25747704,0.4433990691948917,False,-0.2107983652237802,False,48.75,False,0.9880721951417251,65.0,0.44,0,False,▇▅▅▆▅▁▃▆▄▆▆▆█▆▆▆▅▄▅▅,False,False,False,0,-0.07514495554696565,0.07253003406849556,-0.024646294544102942,0.10453861990093061,FLAT,True,72,15.0,IGNORE,NONE,,NEUTRAL,C,WAIT,No standout factor,Finance,27.7
SHK,137.78,143.32,143.32,136.42,True,False,False,False,False,False,0.3897030507015503,2.0258482300000002,0.3765459513002816,False,-0.07262668643875544,False,53.64,True,1.0140749213071054,44.0,-0.18,0,True,▇▅█▆▄▄▃▄▆▆▆█▁▇▄▅▃▅▄▅,False,False,False,0,-0.0903208767991549,0.058299408556724774,-0.03982221579629219,0.09030799438915982,FLAT,True,70,15.0,IGNORE,NONE,,NEUTRAL,C,WAIT,No standout factor,Process Industries,26.7
EXCELINDUS,942.8,928.0,965.4,924.0,False,False,False,False,False,False,1.4727584579433872,1.2062183199999998,1.415481072880477,True,-0.1778046754553851,False,48.56,False,0.8967102772673975,19.0,-0.8,0,False,▅▇▅▇▆█▇█▆▆▆▂▁▄▆▃▁▃▇▄,False,True,False,0,-0.0987908043779574,0.04778839742164931,-0.04829214337509469,0.07979698325408435,FLAT,True,68,15.0,IGNORE,NONE,,NEUTRAL,C,WAIT,No standout factor,Process Industries,26.7
JSWSTEEL,1270.7,1279.0,1288.6,1266.3,True,False,False,True,False,True,0.7121668750439101,128.35645668,0.69968159769333,False,-0.12306576686617596,False,54.12,False,0.9868259105620641,69.0,0.44,0,False,█▁▇▄▄▃▅▅▆▅▅▆▅▇▅▅▃▄▆▅,False,False,False,2,-0.04994392523364477,0.04070434070434081,0.00055473576921794,0.07271292653677586,FLAT,True,67,15.0,IGNORE,NONE,,NEUTRAL,C,WAIT,No standout factor,Non-Energy Minerals,33.3
CARTRADE,2880.1,2992.0,3009.0,2860.1,True,False,False,True,False,True,1.0383866597628681,95.76390101999999,0.98652615985301,False,-0.14412954723298302,False,35.01,False,0.9688935628493939,31.0,-0.46,0,False,▇▆▆▄▆▁▄▆▁▄▄▅▃▁▇█▄▂▃▄,False,False,False,2,-0.037238843389603926,0.0452565870653987,0.013259817613258784,0.07726517289783374,FLAT,True,67,15.0,IGNORE,NONE,,NEUTRAL,C,WAIT,No standout factor,Technology Services,25.7
ARVIND,543.6,550.25,551.95,542.0,True,False,False,True,False,True,0.33688290041229424,12.36885696,0.32740510204244866,False,-0.07056584247674204,False,40.6,False,0.9064118592605822,20.0,-0.61,0,False,▆▆▄▆▃▇▄▁▃▅▅▅▅▆▅▄█▃▆▄,False,False,False,1,-0.02168631332673432,0.02421102213848325,0.02881234767612839,0.056219607970918295,FLAT,True,64,15.0,IGNORE,NONE,,NEUTRAL,C,WAIT,No standout factor,Process Industries,26.7
IRMENERGY,265.4,265.2,270.65,263.4,True,False,False,False,False,False,0.6927751246930346,1.04856886,0.6626827490031558,False,-0.22346923448522005,False,52.0,True,1.1032375779691943,84.0,0.91,0,True,▂▁▄▅▆▄▅▃▂██▅▄▇▅▇█▃▇▆,False,False,False,0,-0.06811797752809001,0.019005567287387226,-0.017619316525227302,0.05101415311982227,FLAT,True,63,15.0,IGNORE,NONE,,NEUTRAL,C,WAIT,No standout factor,Energy Minerals,27.5
GUJALKALI,606.2,629.15,629.15,601.65,True,False,False,False,False,False,0.48222377182054443,3.2405027200000003,0.42304923181073456,False,-0.4507700965435417,False,53.56,True,1.2577936945928494,68.0,0.61,0,False,▄▄▃▁▄▃▅▅▃██▃▅▅▆▅▅███,False,False,False,4,-0.1332570774949956,0.0005777007510110455,-0.08275841649213289,0.03258628658344609,FLAT,True,59,15.0,IGNORE,NONE,,NEUTRAL,C,WAIT,No standout factor,Process Industries,26.7
THOMASCOOK,102.18,103.5,104.35,101.56,True,False,False,False,False,False,0.43258365206270283,3.2045487240000003,0.4100757714512306,False,-0.044848886147463504,False,55.86,True,1.2827519691367946,76.0,0.69,0,True,▆▂▁▃▁▂▄▃▃▃▃▆▆█▇▃▅▆▅█,False,False,False,0,-0.053187546330615176,-0.009307737056428067,-0.002688885327752466,0.022700848776006977,FLAT,True,56,15.0,IGNORE,NONE,,NEUTRAL,C,WAIT,No standout factor,Consumer Services,25.2
MONTECARLO,514.05,524.95,527.2,510.0,True,False,False,False,False,False,0.521039834581976,1.7895108599999998,0.488878674772647,False,-0.025399222900388017,True,55.67,False,0.9911072735203268,51.0,0.16,0,False,▆▇█▄▅▅▅▇▆▆▆▄▆▇▁▅▁▇▅▅,False,False,False,3,-0.030643032245898594,-0.03906907187587638,0.019855628756964117,-0.0070604860434413386,UP,False,49,15.0,IGNORE,NONE,,NEUTRAL,C,WAIT,No standout factor,Consumer Non-Durables,29.3
SANDHAR,576.55,570.1,585.7,568.3,False,False,False,False,False,False,0.9098192031899353,6.7736553299999995,0.8555219039013141,False,-0.33920774676777116,True,47.13,False,0.9418182908186206,49.0,0.06,0,True,▃▁▄▄▅▆▁▁▂▅▅▆▅▅▇█▆▅▅▄,False,False,False,0,-0.11781807053783189,-0.041399950120542206,-0.06731940953496918,-0.009391364288107162,FLAT,False,48,15.0,IGNORE,NONE,,NEUTRAL,C,WAIT,No standout factor,Consumer Durables,24.3
CRIZAC,177.14,184.0,184.0,176.23,True,False,False,False,False,False,0.2695187153997499,1.7341474579999998,0.2729084673512452,False,-0.14037210783640316,True,49.72,True,1.0336368550164234,42.0,-0.12,0,False,▇█▃▆█▅▂▅▆▄▄▆▇▇▄▅▇▁▄▆,False,False,False,0,0.07059107941496423,-0.047787991184217726,0.12108974041782694,-0.015779405351782683,UP,False,46,15.0,IGNORE,NONE,,NEUTRAL,C,WAIT,No standout factor,Technology Services,25.7
DODLA,1008.7,1044.5,1044.5,990.0,True,False,False,False,False,False,1.4241615121150297,3.10165163,1.3406068159630447,False,-0.2126214636503527,True,55.74,True,1.011266532411691,56.0,0.08,0,False,▁▂▅▅▅▅▅▃▂▃▃▄▆▅▂▅█▅▅▄,False,False,False,0,-0.06653710901351084,-0.06045081967213106,-0.016038448010648132,-0.02844223383969602,UP,False,43,15.0,IGNORE,NONE,,NEUTRAL,C,WAIT,No standout factor,Consumer Non-Durables,29.3
BAJAJELEC,314.65,322.0,324.35,313.0,True,False,False,False,False,False,0.9313039101618399,3.044962445,0.8872068072053099,False,-0.05759628675022705,True,46.2,False,0.9942860832230366,64.0,0.32,0,True,▄▂▃▄▅▁▁▄▃▁▁▃▄▅▂▃▄█▇▃,False,False,False,0,-0.03125000000000011,-0.058638743455497466,0.0192486610028626,-0.026630157623062423,UP,False,43,15.0,IGNORE,NONE,,NEUTRAL,C,WAIT,No standout factor,Consumer Durables,24.3
JKIL,461.25,473.55,475.75,460.0,True,False,False,False,False,False,0.9410894501196366,1.93660425,0.9008176603741627,False,-0.26798528463623983,True,65.85,False,0.9910377677946586,81.0,0.85,0,True,▅▃▄▃▂▂▁▃▂▄▄▁▆▄█▄▁█▅▃,False,False,False,0,-0.05896154238498419,-0.07071622846781511,-0.008462881382121479,-0.03870764263538007,UP,False,39,15.0,IGNORE,NONE,,NEUTRAL,C,WAIT,No standout factor,Industrial Services,34.5
FACT,767.5,777.9,779.7,760.0,True,False,False,False,False,False,0.35818501291989663,4.98698475,0.3460847604665078,False,-0.1849215387954523,True,34.44,True,1.2052493438320209,73.0,0.56,0,False,▅▃█▅▅█▃▄▄▇▇▄▃▅▁▄▂▅▅▆,False,False,False,0,-0.06544901065449016,-0.07663618864292598,-0.014950349651627448,-0.04462760281049094,UP,False,36,15.0,IGNORE,NONE,,NEUTRAL,C,WAIT,No standout factor,Process Industries,26.7
KCP,157.28,161.5,161.5,156.21,True,False,False,False,False,False,0.8112545981929519,1.377725616,0.7861382412378266,False,-0.06008404747765265,True,52.63,False,0.8906300238606941,32.0,-0.34,0,True,▂▂▄▃▃▃▄▆▅▄▄▄▄▇█▄▅▃▁▃,False,False,False,0,-0.0576957641842909,-0.07796928127564784,-0.007197103181428188,-0.045960695443212796,UP,False,36,15.0,IGNORE,NONE,,NEUTRAL,C,WAIT,No standout factor,Producer Manufacturing,27.6
IGARASHI,416.2,418.7,421.0,412.7,True,False,False,False,False,False,0.054021855086704276,1.6154803,0.051585462189128246,False,-0.22137747800366123,True,45.86,True,1.0086103566205176,41.0,-0.05,0,False,▇▅▇▇▆█▆▇▇▇▇▁▂▅▆▅▅▆▅▆,False,False,False,0,-0.008929634480295268,-0.08001768346595928,0.04156902652256744,-0.048009097633524234,UP,False,35,15.0,IGNORE,NONE,,NEUTRAL,C,WAIT,No standout factor,Producer Manufacturing,27.6
FINPIPE,151.61,153.57,153.82,150.86,True,False,False,False,False,False,0.7109146638582813,4.285605353,0.6926372032661555,False,-0.028610304579303112,True,49.2,True,1.0118043844856661,48.0,0.01,0,False,▅▇▆▆▁▅▆█▇▆▆▆▅▅▇▅▁▄▅▅,False,False,False,0,-0.03873953842252087,-0.08159680155076321,0.011759122580341841,-0.049588215718328166,UP,False,34,15.0,IGNORE,NONE,,NEUTRAL,C,WAIT,No standout factor,Producer Manufacturing,27.6
KKCL,462.15,467.2,467.25,453.5,True,False,False,False,False,False,0.8426313402308884,1.1376284399999999,0.7872386366698325,False,-0.024208274674474683,True,59.44,False,0.9568730984078944,55.0,0.13,0,True,▃▁▃▁▃▂▃▆▄██▄▃▄▅▅▄▃█▄,False,False,False,0,-0.08267169511711003,-0.08485148514851493,-0.03217303411424732,-0.05284289931607988,UP,False,33,15.0,IGNORE,NONE,,NEUTRAL,C,WAIT,No standout factor,Consumer Non-Durables,29.3
KIRLOSIND,3520.5,3562.0,3599.1,3500.1,True,False,False,False,False,False,0.0825365923268235,1.14028995,0.07622744569454327,False,0.008786958110490977,False,57.55,True,1.257167822620283,76.0,0.64,0,False,▇▇█▆▇▇▆█▇▁▁▃▆▅▆▇▅▆▆▇,False,False,False,0,-0.05816099949169318,-0.08955725664632264,-0.007662338488830467,-0.05754867081388759,UP,False,32,15.0,IGNORE,NONE,,NEUTRAL,C,WAIT,CMF positive,Non-Energy Minerals,33.3
APOLLOTYRE,389.6,396.1,398.4,388.3,True,False,False,False,False,False,0.7028404312425054,17.67798312,0.6607402683150537,False,-0.27810878924222027,True,55.41,True,1.1454145176794037,82.0,0.81,0,False,▇▇███▇▇▆▅▆▆▁█████▆▇█,False,False,False,0,-0.1124273835288756,-0.09120597154187071,-0.06192872252601289,-0.05919738570943567,FLAT,False,31,15.0,IGNORE,NONE,,NEUTRAL,C,WAIT,No standout factor,Consumer Durables,24.3
BLKASHYAP,51.9,53.5,53.77,51.5,True,False,False,False,False,False,0.24665857940650018,0.8965725,0.2298906120950926,False,-0.08631238578538993,True,57.97,True,1.1041904761904762,56.0,0.18,0,False,▁▅▄▇▃▅▅▅▅██▅▇▃▄▂▄▅█▆,False,False,False,0,-0.06788793103448276,-0.10517241379310349,-0.017389270031620052,-0.07316382796066845,UP,False,28,15.0,IGNORE,NONE,,NEUTRAL,C,WAIT,No standout factor,Industrial Services,34.5
TVSHLTD,12436.0,12522.0,12663.0,12350.0,True,False,False,False,False,False,0.4096578852026293,3.9372376,0.39044375872563,False,-0.08503697911563869,True,52.65,True,1.0701002012154224,54.0,0.05,0,False,▆▆▅▅▄▃▃▄▃▃▃▂▁█▅▅▄▅▄▅,False,False,False,0,-0.06022821733544925,-0.11367685838500463,-0.009729556332586542,-0.08166827255256959,UP,False,25,15.0,IGNORE,NONE,,NEUTRAL,C,WAIT,No standout factor,Producer Manufacturing,27.6
DDEVPLSTIK,252.6,256.15,258.6,251.0,True,False,False,False,False,False,0.7949211440171767,1.73293704,0.7642086306685734,False,-0.2023865632668398,True,57.36,False,0.977538430076008,59.0,0.21,0,True,▅▄▅▆▇▅█▆▆▂▂▁▁▃▄▂▄▄▅▄,False,False,False,0,-0.0864376130198915,-0.12352532963219987,-0.03593895201702879,-0.09151674379976482,UP,False,22,15.0,IGNORE,NONE,,NEUTRAL,C,WAIT,No standout factor,Process Industries,26.7
BOMDYEING,107.39,109.7,109.7,107.0,True,False,False,False,False,False,0.4966320047542167,2.613818905,0.47775577965604776,False,-0.13457838617942672,True,41.83,True,1.0549677809863682,50.0,-0.04,0,False,▆▄▂▆▄█▁█▂██▄▄▁█▇▃▄▁▅,False,False,False,0,-0.06004376367614883,-0.12854012821553196,-0.009545102673286121,-0.09653154238309691,UP,False,20,15.0,IGNORE,NONE,,NEUTRAL,C,WAIT,No standout factor,Process Industries,26.7
GODAVARIB,229.45,237.0,237.85,228.06,True,False,False,False,False,False,0.11265134170038847,1.5581720049999999,0.10864416254536687,False,-0.27354060468704716,True,60.42,True,1.2570608245170554,83.0,0.84,0,False,█▅▅▆▇▅▆█▇██▁▂▅▆▆█▆▇▇,False,False,False,0,-0.020908896949007882,-0.12988244216913158,0.029589764053854828,-0.09787385633669654,UP,False,20,15.0,IGNORE,NONE,,NEUTRAL,C,WAIT,No standout factor,Process Industries,26.7
JTEKTINDIA,116.21,118.93,118.93,115.55,True,False,False,False,False,False,0.35598330435951053,0.615738685,0.3439929936369281,False,-0.125332246080639,True,51.25,False,0.944108761329305,51.0,0.1,0,True,█▅▁▅▅█▅▆▇▄▄▃▅▇▇▆▃▇▆▅,False,False,False,0,-0.06785914815111904,-0.1360493643595272,-0.01736048714825633,-0.10404077852709215,UP,False,18,15.0,IGNORE,NONE,,NEUTRAL,C,WAIT,No standout factor,Consumer Durables,24.3
ERIS,1236.3,1258.0,1269.5,1231.1,True,False,False,False,False,False,0.5908881678343796,3.8802511799999997,0.5599927862473526,False,-0.2511982147701009,True,65.74,True,1.273414043583535,79.0,0.78,0,False,▇▇█▁▇▃▅▇▃▅▅▄▅▅▄▅█▅▆█,False,False,False,0,-0.046947271045328476,-0.15512881842410986,0.0035513899575342345,-0.12312023259167482,UP,False,14,15.0,IGNORE,NONE,,NEUTRAL,C,WAIT,No standout factor,Health Technology,33.7
DBREALTY,96.28,98.16,99.49,95.08,True,False,False,False,False,False,0.3220956133592996,3.8307405,0.3092296535858186,False,-0.2511000449508172,True,55.5,False,0.9264669059343962,71.0,0.57,0,True,█▃▃▄▂▃▄▅▄▄▄▃▁▂▂▂▄▃▃▂,False,False,False,0,-0.07217885708779026,-0.16168915977361775,-0.02168019608492755,-0.1296805739411827,UP,False,13,15.0,IGNORE,NONE,,NEUTRAL,C,WAIT,No standout factor,Finance,27.7
HEIDELBERG,131.45,134.9,135.75,131.1,True,False,False,False,False,False,0.8602213130866648,2.6029466099999996,0.7450085649120558,False,-0.3783740264205846,True,55.41,False,0.8968123588867938,27.0,-0.36,0,False,█▇▆▆▅▅▅▇█▁▁▂▄▅▅▄▄▄▇▄,False,False,False,4,-0.1649196366177499,-0.17581039563609013,-0.11442097561488718,-0.1438018098036551,UP,False,10,15.0,IGNORE,NONE,,NEUTRAL,C,WAIT,No standout factor,Non-Energy Minerals,33.3
BIRLACORPN,839.1,850.7,852.35,835.0,True,False,False,False,False,False,0.505777200516532,2.26112277,0.5035878294081367,False,-0.18368803067271453,True,53.35,True,1.0026687716132912,55.0,0.1,0,False,▆▂▄▄▄▆▇█▅▆▆▅▅▁▅▃▂▃▅▅,False,False,False,0,-0.03850120316259886,-0.17492625368731562,0.011997457840263848,-0.14291766785488058,UP,False,10,15.0,IGNORE,NONE,,NEUTRAL,C,WAIT,No standout factor,Non-Energy Minerals,33.3
GREENPANEL,159.21,162.5,163.81,158.65,True,False,False,False,False,False,0.24722641271824586,1.8800153640000001,0.2458689291239212,False,-0.09605278891500425,True,61.53,True,1.0469983664579365,80.0,0.59,0,False,▅█▄▄▂▁▂▆▄▆▆█▇▇▃▁▄▅▄▅,False,False,False,0,0.01679652573764212,-0.17447889660893912,0.06729518674050483,-0.14247031077650407,UP,False,10,15.0,IGNORE,NONE,,NEUTRAL,C,WAIT,No standout factor,Non-Energy Minerals,33.3
SAKSOFT,141.81,142.47,144.0,141.0,False,False,False,False,False,False,0.6590545873733801,2.354414706,0.6330188499811747,False,-0.09554089531404936,True,40.69,False,0.9291227108736356,36.0,-0.07,0,True,▇▄▅▁▃▆▆▄▇██▅▅█▂▄▅▅█▄,False,False,False,0,-0.0871580302542645,-0.20174500422178443,-0.036659369251401785,-0.16973641838934939,UP,False,7,15.0,IGNORE,NONE,,NEUTRAL,C,WAIT,No standout factor,Technology Services,25.7
NITCO,84.61,87.96,88.0,84.12,True,False,False,False,False,False,0.5096660374035636,2.093564457,0.471143805125935,False,0.018602885566623647,False,64.78,True,1.2382563485009224,86.0,0.98,0,False,▁▁▁▄▅▃▅▆▅▄▄▃▄▅█▄▄▄▇█,False,False,False,0,-0.09979785083519521,-0.22219157933443645,-0.0492991898323325,-0.1901829935020014,UP,False,5,15.0,IGNORE,SEED,,NEUTRAL,C,WAIT,CMF positive,Producer Manufacturing,27.6
DIGITIDE,76.55,79.4,79.4,75.01,True,False,False,False,False,False,1.068971001749558,1.6360725299999999,0.9286637894080365,False,-0.3593553409351944,True,48.38,False,0.9227893492027162,36.0,-0.15,0,True,▆▁▆▅▄█▆▄▇▄▄▁▅▇▆█▆▇▇▄,False,False,False,0,-0.21325796505652617,-0.23065326633165828,-0.16275930405366346,-0.19864468049922324,UP,False,4,15.0,IGNORE,NONE,,NEUTRAL,C,WAIT,No standout factor,Commercial Services,27.2
TTKPRESTIG,513.85,520.05,521.75,511.6,True,False,False,False,False,False,0.45446817959455565,1.34618423,0.42798893410647615,False,-0.34646900656478025,True,52.36,False,0.9778142974527526,51.0,0.24,0,True,▅▄▄▃▃▄█▄▄▄▄▁▅▃▄▅▆▃▅▄,False,False,False,0,-0.11981843096950995,-0.22781576376887824,-0.06931976996664724,-0.1958071779364432,UP,False,4,15.0,IGNORE,NONE,,NEUTRAL,C,WAIT,No standout factor,Consumer Durables,24.3
BUTTERFLY,564.05,561.0,577.5,559.95,True,False,False,False,False,False,0.6212379477704189,0.67325008,0.5955551117728157,False,-0.45099480511144946,True,59.58,False,0.9168904517509098,63.0,0.43,0,True,▃▇█▆▄▂▃▄▇▇▇▅▂▁▂▅▁▁▃▂,False,False,False,0,-0.10325914149443571,-0.25606700079134803,-0.052760480491573,-0.224058414958913,UP,False,3,15.0,IGNORE,NONE,,NEUTRAL,C,WAIT,No standout factor,Consumer Durables,24.3
AHLUCONT,572.4,585.0,588.75,567.0,True,False,False,False,False,False,0.4183139332342913,1.59802632,0.40398786579886015,False,-0.20780492486644087,True,54.74,False,0.9801428852799513,55.0,0.19,0,True,▆▃▃▃█▆▄▃▄▆▆▃▁▅▃▇▇▃▁▄,False,False,False,0,-0.07558139534883734,-0.32236296910145623,-0.025082734345974633,-0.2903543832690212,UP,False,2,15.0,IGNORE,NONE,,NEUTRAL,C,WAIT,No standout factor,Industrial Services,34.5
ORISSAMINE,3667.6,3753.0,3753.1,3650.0,True,False,False,False,False,False,0.5721467550565895,1.6111766799999998,0.5264354060451438,False,-0.5083348725241864,True,48.69,False,0.998380118517911,63.0,0.38,0,True,▄▃▅▂▃█▅▆▄██▄▅▁▆▅▆▇▅▅,False,False,False,0,-0.14991655850176144,-0.009586562609705362,-0.09941789749889873,0.02242202322272968,FLAT,True,56,14.0,IGNORE,NONE,,NEUTRAL,C,WAIT,No standout factor,Non-Energy Minerals,33.3
MAHSCOOTER,12804.0,13100.0,13100.0,12721.0,True,False,False,False,False,False,0.6897735607609358,2.829684,0.6603358342312783,False,-0.14966226064721377,True,50.27,False,0.9492876094078992,45.0,-0.03,0,True,▃▅▇▂█▆▆▂▆▅▅▃▅▄▁▄▅▅▇▄,False,False,False,1,-0.06362439666520403,-0.015379883112888293,-0.01312573566234132,0.01662870271954675,FLAT,True,55,14.0,IGNORE,NONE,,NEUTRAL,C,WAIT,No standout factor,Finance,27.7
BANARISUG,3383.7,3401.9,3478.8,3355.0,True,False,False,False,False,False,1.3651130411721806,0.69670383,1.2754273695954883,False,-0.27150662081540144,True,50.41,True,1.0810405095322853,17.0,-0.88,0,False,▂▆▃▃▆▂▅▅▄▅▅▅▂█▅▅▄█▁▅,False,False,False,0,-0.138064548997631,-0.027001380262249852,-0.08756588799476828,0.005007205570185191,FLAT,True,52,14.0,IGNORE,NONE,,NEUTRAL,C,WAIT,No standout factor,Process Industries,26.7
VOEPL,495.5,520.95,520.95,494.0,True,False,False,True,False,True,0.4686250015918755,2.0056849,0.4349217442836859,False,-0.1373649614416211,False,45.55,False,0.8773112480739599,27.0,-0.17,0,True,▃▂▄▅█▂▅▄▆▆▆▅▄▆▇▅▄▁▄▃,False,False,False,0,-0.14568965517241383,-0.0376772188774519,-0.09519099416955112,-0.005668633045016858,FLAT,False,50,14.0,IGNORE,NONE,,NEUTRAL,C,WAIT,No standout factor,Health Technology,33.7
FORCEMOT,17100.0,17321.0,17359.0,17042.0,True,False,False,False,False,False,0.9016951012915815,106.76214,0.8751605362254944,False,-0.18534612274691015,False,34.34,False,0.8543669996392452,79.0,0.74,0,True,▄▁▂▄▃▄▅▃▂▃▃▃▄█▅▇▄▄▂▂,False,False,False,0,-0.024306744265662483,-0.045226130653266305,0.026191916737200227,-0.013217544820831262,UP,False,47,14.0,IGNORE,NONE,,NEUTRAL,C,WAIT,No standout factor,Consumer Durables,24.3
JIOFIN,230.0,230.8,231.75,229.55,False,False,False,False,False,False,0.5118349699492937,130.914804,0.5014957093869489,False,-0.132615306087519,False,49.14,False,0.9367672569914405,58.0,0.19,0,True,█▄▄▃▄▆▄▄▄▄▄▄▂▆▄▁▅▆▃▃,False,False,False,0,-0.05737704918032782,-0.049429657794676785,-0.006878388177465111,-0.01742107196224174,UP,False,46,14.0,IGNORE,NONE,,NEUTRAL,C,WAIT,No standout factor,Finance,27.7
ZENTEC,1642.8,1675.0,1678.4,1638.2,True,False,False,False,False,False,0.6089105010848744,29.77558572,0.575123255247416,False,-0.16917562536438768,False,37.41,False,0.9302383409381955,57.0,0.16,0,True,█▆▄▃▃▁▂▇▅▇▇▄▄▇▄▃▆▇▆▄,False,False,False,0,-0.07661176999606545,-0.06114984569665105,-0.026113108993202738,-0.029141259864216007,UP,False,42,14.0,IGNORE,NONE,,NEUTRAL,C,WAIT,No standout factor,Technology Services,25.7
IMPAL,1043.1,1064.2,1090.0,1041.0,True,False,False,False,False,True,0.4576038876082487,0.15323139,0.4303756453667983,False,-0.09707466882861326,False,59.24,False,0.8511371963046508,21.0,-0.78,0,True,▄█▇▇█▄▁▆▂▆▆▇▆▆▅▅█▆▇▄,False,False,False,0,-0.027503263099011743,-0.06364452423698397,0.022995397903850967,-0.031635938404548924,UP,False,41,14.0,IGNORE,NONE,,NEUTRAL,C,WAIT,No standout factor,Distribution Services,36.7
SEIL,189.7,195.49,195.5,187.5,True,False,False,False,False,False,0.5094304060703382,2.45598899,0.4925929734479964,False,0.06762844627184626,False,65.2,False,0.9864812727424029,65.0,0.44,0,False,▅█▅▃▇▆▂▃▂▃▃▁▁▅▂▂▃▆▃▃,False,False,False,0,-0.08228919742634622,-0.07009803921568636,-0.031790536423483506,-0.038089453383251315,UP,False,39,14.0,IGNORE,NONE,,NEUTRAL,C,WAIT,CMF positive,Commercial Services,27.2
360ONE,1045.0,1067.0,1074.8,1043.4,True,False,False,False,False,True,0.6205090238316427,60.1528125,0.5836206159964629,False,-0.08910347482233687,False,48.42,False,0.9003514382937579,31.0,-0.3,0,True,▆▁▆▄▅▅▆▆▇▆▆█▆▇▆▅▆▆▆▅,False,False,False,0,-0.11063829787234047,-0.07234798047048385,-0.060139636869477764,-0.04033939463804881,FLAT,False,38,14.0,IGNORE,NONE,,NEUTRAL,C,WAIT,No standout factor,Finance,27.7
ONESOURCE,1565.8,1602.6,1617.4,1560.0,True,False,False,False,False,False,0.7233085184794472,41.064827380000004,0.723389327457946,False,-0.37220060296810076,False,59.69,True,1.1833275511721266,85.0,0.94,0,False,▅▄▃▄▅█▁▂▅▂▂▂▇▅▆▆█▇▇▇,False,False,False,0,0.030741886643407268,-0.07562429895507417,0.08124054764626998,-0.04361571312263912,UP,False,37,14.0,IGNORE,SEED,,NEUTRAL,C,WAIT,No standout factor,Health Technology,33.7
GICRE,329.3,339.0,339.0,328.2,True,False,False,False,False,False,0.44877129505859426,14.9386945,0.41948137377390987,False,-0.008201351305065387,False,55.05,True,1.0606527686794343,57.0,0.22,0,False,▅▅▅▆▁▄▅▅▅▄▄▅▃█▄█▃▃▄▅,False,False,False,0,-0.07174066243833688,-0.08591256072172104,-0.021242001435474167,-0.053903974889286,UP,False,33,14.0,IGNORE,NONE,,NEUTRAL,C,WAIT,No standout factor,Finance,27.7
JKCEMENT,4993.5,4975.0,5050.0,4954.5,True,False,False,False,False,False,0.3098973073502062,6.88953195,0.30936449483128975,False,-0.15288427391836393,False,39.49,False,0.7386900363826822,5.0,-1.35,0,True,▅▁▆▆▄▆█▅▅▄▄▄▅▅▆▃▇▄▄▄,False,False,False,0,-0.027177089421390965,-0.0842655419035393,0.023321571581471745,-0.052256956071104255,UP,False,33,14.0,IGNORE,NONE,,NEUTRAL,C,WAIT,No standout factor,Non-Energy Minerals,33.3
SAATVIKGL,422.4,424.05,430.0,417.65,True,True,False,False,False,False,0.5625001613190478,3.68214528,0.5647020905452472,False,-0.053864765547361124,False,47.21,True,1.0242225042576503,58.0,0.17,0,False,▇▄▄▂▆▆▆▅▇▇▇▁▃▅▅▅▅▅█▅,False,False,False,0,0.010647206603660697,-0.09063509149623261,0.06114586760652341,-0.05862650566379757,UP,False,32,14.0,IGNORE,NONE,,NEUTRAL,C,WAIT,No standout factor,Producer Manufacturing,27.6
GMDCLTD,522.25,535.15,535.2,521.0,True,False,False,False,False,False,0.7874867365727304,37.953108675,0.7271034114865799,False,-0.3295957952659912,False,38.18,True,1.03208715162328,83.0,1.08,0,False,▆▅▆▅▄▇▃▄▁▅▅▅▆▅▆▆▅█▆▆,False,False,False,0,-0.0724624811295621,-0.0954360439941111,-0.021963820126699396,-0.06342745816167605,UP,False,30,14.0,IGNORE,NONE,,NEUTRAL,C,WAIT,No standout factor,Distribution Services,36.7
UBL,1217.4,1258.8,1258.8,1215.2,True,False,False,False,False,False,0.29366082889273876,5.22495906,0.28370641982026557,False,-0.24924874623179055,False,47.19,False,0.7956164383561644,25.0,-0.62,0,True,▄▁▄▁▃▃▃▂▂██▂▃▄▃▃▂▂▅▂,False,False,False,0,-0.06962170424149783,-0.09882300688429935,-0.019123043238635118,-0.0668144210518643,UP,False,29,14.0,IGNORE,NONE,,NEUTRAL,C,WAIT,No standout factor,Consumer Non-Durables,29.3
GRINDWELL,1918.2,1969.9,1970.2,1912.0,True,False,False,True,False,False,0.9589225310589525,4.4454285,0.9501251963164578,False,-0.15792155034521738,False,67.77,True,1.2341677062181873,82.0,0.72,0,False,▅▅▅▅▅▇▅▆▃▆▆▆▅▇▆▄▄▁▃█,False,False,False,0,-0.05180425111220954,-0.09863258305530753,-0.0013055901093468325,-0.06662399722287249,UP,False,29,14.0,IGNORE,NONE,,NEUTRAL,C,WAIT,No standout factor,Process Industries,26.7
CAMS,691.55,709.2,709.3,690.2,True,False,False,False,False,False,0.7125993879598586,57.14070185,0.6743666471106643,False,-0.18486182931764072,False,49.0,False,0.9589697924515377,67.0,0.43,0,True,▆▄▄█▁█▄▅▄▄▄▆▆▆▅▆▆▄▇▄,False,False,False,0,-0.11566496163682871,-0.10264062804126395,-0.065166300633966,-0.0706320422088289,UP,False,28,14.0,IGNORE,NONE,,NEUTRAL,C,WAIT,No standout factor,Technology Services,25.7
IRFC,80.2,81.5,81.7,80.16,True,False,False,False,False,False,0.6500801877860864,40.70008046,0.6312961769028521,False,-0.15784195636593729,False,40.88,False,0.9546829205637488,75.0,0.69,0,True,▆▅▆▁▂▃▅▄▂▇▇▂▅█▆▂▂▄▁▃,False,False,False,0,-0.0717592592592593,-0.10789766407119028,-0.02126059825639659,-0.07588907823875524,UP,False,27,14.0,IGNORE,NONE,,NEUTRAL,C,WAIT,No standout factor,Finance,27.7
BATAINDIA,624.7,631.5,633.7,621.0,True,False,False,False,False,False,0.7641794546012881,7.40750519,0.7371716693772467,False,-0.2554896632230755,False,41.55,False,0.8677038738644668,24.0,-0.53,0,True,▄▂▄▁▆▆▆▆▄▅▅▄▅▄▇▄▅█▄▃,False,False,False,0,-0.08455451348182874,-0.1082084225553176,-0.03405585247896603,-0.07619983672288255,UP,False,27,14.0,IGNORE,NONE,,NEUTRAL,C,WAIT,No standout factor,Consumer Non-Durables,29.3
SAFARI,1453.2,1464.0,1474.8,1436.0,True,False,False,False,False,False,0.6128246753246753,3.3792712800000007,0.5873830755027845,False,0.17870334345792363,False,45.49,False,0.8041293607092036,20.0,-0.64,0,False,▅▆▄▅▃▂▆▆▅▆▆▂▃▁▄▂▅▃█▁,False,False,False,0,-0.038252812706816686,-0.11222432647076797,0.012245848296046025,-0.08021574063833292,UP,False,26,14.0,IGNORE,NONE,,NEUTRAL,C,WAIT,CMF positive,Consumer Durables,24.3
IEX,111.35,112.7,112.88,110.94,True,False,False,False,False,False,0.5955273387637302,22.8120518,0.5722883245776658,False,-0.29619238016512295,False,43.74,False,0.9000926021195597,58.0,0.31,0,True,▆▆█▃▂█▄▃▄▅▅▁▄▇▅▇▄▇▃▃,False,False,False,0,-0.07593360995850629,-0.11416070007955459,-0.025434948955643577,-0.08215211424711955,UP,False,25,14.0,IGNORE,NONE,,NEUTRAL,C,WAIT,No standout factor,Finance,27.7
TATACONSUM,960.0,983.2,983.6,955.5,True,False,False,False,False,False,1.2585583439793864,125.54784,1.1990802842123922,False,-0.22041857736374978,False,54.95,False,0.8771719783859716,35.0,-0.24,0,True,█▄▅▃▆▅▂▆▄▃▃▁▃▆▁▃▆▆▅▂,False,False,False,0,-0.07754396079561843,-0.11813338232592308,-0.027045299792755717,-0.08612479649348803,UP,False,24,14.0,IGNORE,NONE,,NEUTRAL,C,WAIT,No standout factor,Consumer Non-Durables,29.3
SJVN,61.06,61.76,61.85,60.55,True,False,False,False,False,False,0.9147950938396542,12.15533632,0.8628109836691729,False,-0.24208598864905198,False,50.96,True,1.064761128696942,79.0,0.86,0,False,▆▄▅▂▆▃▄▁▃▆▆▃▄█▄▅▅▅▄▅,False,False,False,0,-0.056405501468088315,-0.1163531114327061,-0.005906840465225605,-0.08434452560027106,UP,False,24,14.0,IGNORE,NONE,,NEUTRAL,C,WAIT,No standout factor,Utilities,37.4
EMBDL,56.03,58.07,58.27,55.73,True,False,False,False,False,False,0.49220811088057387,9.101468376,0.47052836510624285,False,-0.15336232272154268,False,54.77,True,1.1637592163695472,88.0,1.01,0,False,█▆▅▆▆▄▅▅▆▆▆▄▅▄▅▁▃▄▅▇,False,False,False,0,-0.09730948928628969,-0.12109803921568629,-0.046810828283426975,-0.08908945338325125,UP,False,22,14.0,IGNORE,SEED,,NEUTRAL,C,WAIT,No standout factor,Finance,27.7
WAAREEENER,2455.0,2494.9,2509.2,2437.0,True,False,False,False,False,False,0.9908653745268097,142.5864,0.9525950626659558,False,-0.15444261900991157,False,42.79,False,0.9275456565328131,80.0,0.93,0,True,█▃▅▄▂▆▃▄▆▅▅▂▃▇▃▂▁▄▃▃,False,False,False,0,-0.05758157389635321,-0.13134243861014783,-0.007082912893490501,-0.09933385277771278,UP,False,19,14.0,IGNORE,NONE,,NEUTRAL,C,WAIT,No standout factor,Electronic Technology,27.3
RAILTEL,256.15,264.1,265.3,255.05,True,False,False,False,False,False,0.9351143266789479,11.612585865,0.9055352643348171,False,-0.18175980017930599,False,21.79,False,0.6115461255648171,9.0,-1.19,0,True,▅▂▇▅▃▅█▆▄▇▇▅▁▄▇▂▅▆▄▂,False,False,False,0,-0.0715839072127582,-0.13081099423142184,-0.021085246209895492,-0.0988024083989868,UP,False,19,14.0,IGNORE,NONE,,NEUTRAL,C,WAIT,No standout factor,Communications,33.3
TORNTPOWER,1237.2,1255.9,1256.0,1234.6,True,False,False,False,False,False,0.20429077016371305,10.88661768,0.19834802539038002,False,-0.1368093236098399,False,62.38,True,1.2435584350859705,88.0,1.11,0,False,█▆▄▁▃▇▆▃▄▆▆▆▄▇▅▆▇▅▆▇,False,False,False,0,0.018187803472965225,-0.13681713528221584,0.06868646447582794,-0.1048085494497808,UP,False,17,14.0,IGNORE,SEED,,NEUTRAL,C,WAIT,No standout factor,Utilities,37.4
LUPIN,2062.0,2087.9,2098.6,2056.0,True,False,False,False,False,False,0.7853820828608287,109.1909418,0.7669682427282651,False,-0.10508874192336277,False,58.02,False,0.9733511160321094,50.0,0.06,0,True,█▁▅▅▅▃▄▄▄▅▅▅▄▇▄▆▆▆▅▄,False,False,False,0,-0.057759093401571926,-0.15602488539620163,-0.007260432398709216,-0.12401629956376659,UP,False,14,14.0,IGNORE,NONE,,NEUTRAL,C,WAIT,No standout factor,Health Technology,33.7
SAMMAANCAP,138.82,140.61,141.0,138.48,True,False,False,False,False,False,0.5818200850278056,40.246583344,0.5429953448281751,False,-0.10877483530820166,False,50.34,True,1.0381414916323817,79.0,0.74,0,False,▄▁▂▄▄▄▄█▁▄▄▂▅▆▃▆▃▇▂▅,False,False,False,0,-0.051192673091381424,-0.15224427480916036,-0.000694012088518714,-0.12023568897672532,UP,False,14,14.0,IGNORE,NONE,,NEUTRAL,C,WAIT,No standout factor,Finance,27.7
INTELLECT,631.55,630.1,637.7,625.5,True,False,False,False,False,False,0.6387992261432934,13.230277795,0.6003369052619845,False,-0.22097903931323348,False,49.23,True,1.0407813788292002,72.0,0.58,0,False,▇▁█▇▃▆▄█▆▆▆▇▇█▅█▂▇▄▆,False,False,False,0,-0.07254570820177708,-0.15955818750415873,-0.02204704719891437,-0.1275496016717237,UP,False,13,14.0,IGNORE,NONE,,NEUTRAL,C,WAIT,No standout factor,Technology Services,25.7
JKTYRE,337.8,343.95,343.95,337.1,True,False,False,False,False,False,0.9253589046850624,13.00658364,0.8788726996894446,False,-0.14122355815683238,False,51.03,True,1.128545364073644,87.0,1.08,0,False,▅▄▁▃▆▃██▇▅▅▄▅▇▃▄▂▅▄▆,False,False,False,0,-0.1083542299062954,-0.15970149253731336,-0.057855568903432686,-0.12769290670487832,UP,False,13,14.0,IGNORE,SEED,,NEUTRAL,C,WAIT,No standout factor,Consumer Durables,24.3
EIEL,193.0,197.77,200.61,191.98,True,False,False,False,False,False,0.27002370253011543,8.3207318,0.25508612282298265,False,-0.3037751015907041,False,47.75,True,1.2134380320703413,83.0,0.94,0,False,▇█▅▆▆▅█▁▂▆▆▅▇▇▆▆▆▇▇▇,False,False,False,0,-0.019906561040016202,-0.15849138870721602,0.03059209996284651,-0.12648280287478098,UP,False,13,14.0,IGNORE,NONE,,NEUTRAL,C,WAIT,No standout factor,Industrial Services,34.5
PREMIERENE,906.0,892.0,912.7,883.0,False,False,False,False,False,False,0.9712940598510393,94.2926748,0.9368971493192406,False,-0.01280648444571536,False,34.1,False,0.7141959535877352,41.0,-0.34,0,True,█▂▅▃▆▃▃▅▆▄▄▃▁█▅▆▄▃▂▁,False,False,False,0,-0.12573579079417152,-0.16605301914580273,-0.07523712979130881,-0.13404443331336768,UP,False,12,14.0,IGNORE,NONE,,NEUTRAL,C,WAIT,No standout factor,Electronic Technology,27.3
SFL,629.3,640.0,642.4,623.0,True,False,False,False,False,False,0.3802816614549884,7.049984969999999,0.35734016676975655,False,-0.08424036629349543,False,46.87,False,0.9935136510089875,32.0,-0.39,0,True,▇▇▆▆▇▇▁▄▆▆▆▇▅█▇▅▆▆▇▆,False,False,False,0,-0.019400077911959523,-0.17257248044178553,0.031098583090903187,-0.14056389460935048,UP,False,11,14.0,IGNORE,NONE,,NEUTRAL,C,WAIT,No standout factor,Process Industries,26.7
PGEL,507.0,521.0,521.0,505.1,True,False,False,False,False,False,0.6020662283563267,25.646088,0.5599404948754027,False,-0.10966448352631634,False,34.77,False,0.9266193185603689,74.0,0.56,0,True,▆▂█▅▄▃▅▅▅▆▆▃▁▅▆▅▄▁▂▄,False,False,False,0,-0.1273666092943201,-0.1834433886294089,-0.07686794829145738,-0.15143480279697386,UP,False,9,14.0,IGNORE,NONE,,NEUTRAL,C,WAIT,No standout factor,Electronic Technology,27.3
GRAVITA,1475.4,1501.7,1512.6,1470.6,True,False,False,False,False,False,0.8550048850606408,24.59004918,0.7725600379644141,False,-0.3800139920599174,False,51.71,True,1.0289523430504428,68.0,0.55,0,False,▄▄▅▅▅▄▄▁▄▆▆▄▅▇▃▄█▅▆▅,False,False,False,0,-0.18042439728919002,-0.184681697612732,-0.1299257362863273,-0.15267311178029697,UP,False,9,14.0,IGNORE,NONE,,NEUTRAL,C,WAIT,No standout factor,Non-Energy Minerals,33.3
CMSINFO,228.01,233.8,233.81,226.1,True,False,False,False,False,False,0.39047947609992645,10.270072021999999,0.3777554534416148,False,-0.23915255790698228,False,60.03,True,1.0661670026374446,54.0,0.01,0,False,█▇▆▇▇██▆▇▆▆▁▅▆▆▆▅▇▆▇,False,False,False,0,-0.06399835796387521,-0.1827598566308244,-0.013499696961012497,-0.15075127079838935,UP,False,9,14.0,IGNORE,NONE,,NEUTRAL,C,WAIT,No standout factor,Finance,27.7
MEDPLUS,653.0,654.9,661.5,647.0,True,False,False,False,False,False,1.1839547126946135,7.4322501,1.1661486547121291,False,-0.10256955741771935,False,67.42,True,1.152074913919054,81.0,0.8,0,False,▄▄▅▆▁▆▃▃▄██▅▆▅▅▆▃▆█▇,False,False,False,0,-0.028635180364447788,-0.18507425433670277,0.021863480638414923,-0.15306566850426773,UP,False,9,14.0,IGNORE,NONE,,NEUTRAL,C,WAIT,No standout factor,Retail Trade,28.0
AWHCL,367.65,378.0,378.05,365.0,True,False,False,False,False,False,0.1756153774242958,2.8731112199999997,0.17063799319986386,False,0.17836461894442782,False,40.98,False,0.9536220417471435,41.0,-0.07,0,False,▇█████▇▆▆██▇▁▄▅▆▂▆▇▆,False,False,False,0,-0.04082963735977052,-0.1812715733214565,0.00966902364309219,-0.14926298748902145,UP,False,9,14.0,IGNORE,NONE,,NEUTRAL,C,WAIT,CMF positive,Transportation,31.9
JSWCEMENT,112.49,115.9,115.9,112.25,True,False,False,False,False,False,1.2639749493693666,20.26518599,1.196465422182821,False,-0.21095463702919867,False,54.88,False,0.955931022469953,62.0,0.31,0,True,▅▁▄▆▄▆▃█▄▆▆█▂▄▆▄▆▆▂▄,False,False,False,0,-0.1073639104903984,-0.1998719681342913,-0.056865249487535685,-0.16786338230185627,UP,False,8,14.0,IGNORE,NONE,,NEUTRAL,C,WAIT,No standout factor,Non-Energy Minerals,33.3
WAAREERTL,826.05,833.3,835.0,822.95,True,False,False,False,False,False,0.6826537140070119,6.7521327,0.6762334474777035,False,-0.13385393747400556,False,49.6,True,1.1101039603406408,88.0,1.15,0,False,▆▇▆█▅▇▇▇▅▆▆▆▄▆▆▄▁▅▄▇,False,False,False,0,-0.05323782234957031,-0.19046452371618972,-0.002739161346707597,-0.15845593788375467,UP,False,8,14.0,IGNORE,SEED,,NEUTRAL,C,WAIT,No standout factor,Utilities,37.4
CIEINDIA,383.35,392.8,392.8,382.0,True,False,False,False,False,False,0.67803415910963,6.609145675000001,0.6741019709863831,False,-0.1557000691356788,False,56.64,True,1.006450237219468,61.0,0.32,0,False,▄▄▆▃▆▅▆▆▆▅▅▃▆▂▂▃█▁▁▄,False,False,False,0,-0.019690576652601988,-0.19090333474039678,0.030808084350260723,-0.15889474890796174,UP,False,8,14.0,IGNORE,NONE,,NEUTRAL,C,WAIT,No standout factor,Producer Manufacturing,27.6
IRCON,103.25,105.95,105.95,102.82,True,False,False,False,False,False,1.2335146049001637,20.332846975,1.1364126239426655,False,-0.40211446475055684,False,39.54,True,1.0465577935999577,76.0,0.78,0,False,█▂▃▃▂▂▄▄▁▆▆▄▄▃▃▂▂▅▃▄,False,False,False,0,-0.135042305436877,-0.20356371490280767,-0.0845436444340143,-0.17155512907037263,UP,False,7,14.0,IGNORE,NONE,,NEUTRAL,C,WAIT,No standout factor,Industrial Services,34.5
TINNARUBR,947.4,975.0,975.7,940.4,True,False,False,True,False,False,0.6355466784637952,2.9738886,0.5918916784016461,False,-0.13200090796990804,False,52.46,True,1.146002861730364,56.0,0.29,0,False,▇▆▇▅▅▇▅▁█▅▅▅▇▅█▆▇▇▇█,False,False,False,0,-0.049844549192658794,-0.20379863854105396,0.0006541118102039167,-0.1717900527086189,UP,False,7,14.0,IGNORE,NONE,,NEUTRAL,C,WAIT,No standout factor,Process Industries,26.7
PGHH,6888.5,7049.0,7112.0,6875.0,True,False,False,False,False,False,1.1965396937660653,15.6162295,1.0990198024721665,False,-0.5107616508772163,False,59.32,True,1.0479361910734633,52.0,0.02,0,False,▄▄▇▅▇▇▃▅▇██▄▁▇▅▅▃▆▄▆,False,False,False,0,-0.13672535873175007,-0.21035134980225823,-0.08622669772888736,-0.17834276396982318,UP,False,6,14.0,IGNORE,NONE,,NEUTRAL,C,WAIT,No standout factor,Consumer Non-Durables,29.3
MAPMYINDIA,866.1,888.0,895.0,861.0,True,False,False,False,False,False,0.3987713045049483,7.50233142,0.3673025338290977,False,-0.3871636221535863,False,45.89,True,1.1447315905008981,67.0,0.33,0,False,▃▆▆▆▆▆▆▇▆▆▆▆▆█▆▁▆█▅▇,False,False,False,0,-0.14535227945529894,-0.21048313582497724,-0.09485361845243623,-0.1784745499925422,UP,False,6,14.0,IGNORE,NONE,,NEUTRAL,C,WAIT,No standout factor,Commercial Services,27.2
PGHL,5399.5,5400.0,5490.0,5300.0,True,False,False,False,False,False,1.2026330922928214,5.30716855,1.1712312347858738,False,-0.23066940525348537,False,68.12,True,1.2339350245899412,83.0,0.81,0,False,▆▆▆▆▇▅▆▆▅▆▆▅▄▅▅▁▆▅▇█,False,False,False,0,-0.0638869625520111,-0.21203940167821966,-0.013388301549148385,-0.18003081584578462,UP,False,6,14.0,IGNORE,NONE,,NEUTRAL,C,WAIT,No standout factor,Health Technology,33.7
NINSYS,706.15,720.0,720.0,700.0,True,False,False,True,False,False,0.6703488646556202,0.15040995,0.666420988183003,False,-0.1715743057997091,False,65.73,False,0.9620127185311487,65.0,0.34,0,True,▁▁▄▅▄▄▃▆▆▅▅▂▆▂▅█▅▅▂▄,False,False,False,0,-0.010994397759103713,-0.21381652193275447,0.039504263243759,-0.18180793610031942,UP,False,5,14.0,IGNORE,NONE,,NEUTRAL,C,WAIT,No standout factor,Technology Services,25.7
AURIONPRO,642.5,665.0,670.55,638.55,True,False,False,False,False,False,0.7417315759761163,8.22637725,0.6895068931916603,False,-0.4473264307467325,False,59.28,True,1.089015238497644,89.0,1.12,0,False,▆▅▆▆▅▆▄█▄▂▂▁▄▄▂▇▄▂▆▇,False,False,False,0,-0.09404963338973493,-0.2348913367073534,-0.04355097238687222,-0.20288275087491836,UP,False,4,14.0,IGNORE,SEED,,NEUTRAL,C,WAIT,No standout factor,Technology Services,25.7
KRISHNADEF,995.8,1011.8,1018.8,983.7,True,False,False,False,False,False,0.6963500612330581,5.565924519999999,0.6673883754066736,False,-0.046757760544743975,False,49.21,False,0.9552186656831726,75.0,0.69,0,True,▃▃▂▁▄▂▂▃▂██▁▂▄▂▂▆▅▃▃,False,False,False,0,-0.008957006369426757,-0.2354702495201536,0.041541654633435954,-0.20346166368771856,UP,False,4,14.0,IGNORE,NONE,,NEUTRAL,C,WAIT,No standout factor,Electronic Technology,27.3
SILVERTUC,145.8,156.65,156.65,145.24,True,False,False,False,False,False,0.6962918866811505,5.644719900000001,0.6429547129012574,False,-0.20421705668981363,False,39.74,True,1.1038582261603846,53.0,-0.06,0,False,▂▆▂▃▂▄▆▇▅▆▆▄▇▄█▆▁▅▂▆,False,False,False,0,-0.15365414755906426,-0.2493822075782537,-0.10315548655620155,-0.21737362174581865,UP,False,3,14.0,IGNORE,NONE,,NEUTRAL,C,WAIT,No standout factor,Technology Services,25.7
ZEEL,76.5,77.0,77.63,76.07,True,False,False,False,False,False,0.500312160545761,85.14531855,0.44511404015092076,False,-0.4344556121019452,False,31.79,True,1.1039536054728871,31.0,-0.57,0,False,▁▁█▅▅▆▃▆▇▆▆▁█▆▆▂▄▆▇▆,False,False,False,0,-0.1825176319726437,-0.2873113471212968,-0.132018970969781,-0.25530276128886176,UP,False,2,14.0,IGNORE,NONE,,NEUTRAL,C,WAIT,No standout factor,Consumer Services,25.2
THERMAX,3386.0,3451.9,3464.2,3365.0,True,False,False,False,False,False,0.637742108594249,30.0585378,0.5989072212174374,False,-0.26301956381665426,False,52.45,False,0.9726832705895444,51.0,0.0,0,True,▃▄█▄▄▅▆▄▁▁▁▅▃▆▄█▅▇▃▄,False,False,False,0,-0.13215091244617594,-0.2811803417896189,-0.08165225144331323,-0.24917175595718388,UP,False,2,14.0,IGNORE,NONE,,NEUTRAL,C,WAIT,No standout factor,Producer Manufacturing,27.6
PGIL,1296.1,1329.1,1357.9,1288.8,True,False,False,False,False,False,1.0270075599899269,27.036775609999996,0.8639280525462596,False,0.10234962650209437,False,36.37,False,0.9327075960404164,18.0,-0.74,0,False,▄▇▇▅█▇▅▅▄▅▅▂▄▆▇▂▁▂▁▄,False,False,False,0,-0.4739426901534216,-0.3812479113954266,-0.4234440291505589,-0.34923932556299153,FLAT,False,1,14.0,IGNORE,NONE,,NEUTRAL,C,WAIT,CMF positive,Consumer Non-Durables,29.3
TRIVENI,242.4,250.0,251.75,236.4,True,False,False,False,False,False,0.8410350309720325,14.5787844,0.7841309381699291,False,-0.27433175168193025,False,41.41,False,0.8858132968255324,31.0,-0.45,0,True,▁▄▃▂▄▁▃▄▄▆▆▆▄▅▅▅▄█▁▃,False,False,False,0,-0.18008388580706258,-0.48463909854363774,-0.12958522480419987,-0.4526305127112027,UP,False,1,14.0,IGNORE,NONE,,NEUTRAL,C,WAIT,No standout factor,Process Industries,26.7
TAALTECH,1059.0,1104.7,1104.7,1047.5,True,False,False,False,False,False,1.2340700822169044,4.1614464,0.4653032616245349,False,-0.15627154301661972,False,46.27,False,0.8827204654933944,13.0,-1.32,0,False,█▇▄▅▆▇█▂▄▁▁▂▁▂▄▃▂▃▂▃,False,True,False,10,-0.7672527472527473,-0.7318308432514561,-0.7167540862498846,-0.699822257419021,FLAT,False,0,14.0,IGNORE,NONE,,NEUTRAL,C,WAIT,No standout factor,Transportation,31.9
SAPPHIRE,216.68,223.0,223.0,214.61,True,False,False,False,False,False,0.5567023272775031,8.633571264,0.5218971438154775,False,-0.005191631983874791,False,36.21,False,0.8575082293319441,17.0,-0.81,0,True,▄▃▅▃▅▄▄█▅▅▅▄▁▃▄▅▃▃▃▃,False,False,False,0,-0.07563670491873209,0.1961357990615511,-0.02513804391586938,0.22814438489398614,FLAT,True,85,13.0,IGNORE,NONE,,NEUTRAL,C,WAIT,No standout factor,Consumer Services,25.2
KRSNAA,534.05,551.75,551.75,531.7,True,False,False,False,False,False,0.30420773334764883,3.5559185199999996,0.29854571577608696,False,-0.5215329993404695,False,65.02,True,1.2458564065224471,81.0,0.74,0,False,▅▆▆▅▆▆▅█▇▆▆▅▁▄▅▄▅▆▅▇,False,False,False,0,-0.0354014268942473,-0.023049483215951794,0.01509723410861541,0.00895910261648325,UP,True,53,13.0,IGNORE,NONE,,NEUTRAL,C,WAIT,No standout factor,Health Services,24.1
LEMONTREE,103.82,106.15,106.15,102.96,True,False,False,False,False,False,1.0778258911422565,25.965371618,1.0577608270340288,False,-0.16787835527698203,True,50.01,False,0.9040620424101091,45.0,-0.07,0,False,▇▇▄▇█▅▇█▅▅▅▂▁▃▃▄▄▆▆▃,False,False,False,0,-0.022870588235294198,-0.06996327152199233,0.027628072767568512,-0.03795468568955729,UP,False,39,13.0,IGNORE,NONE,,NEUTRAL,C,WAIT,No standout factor,Consumer Services,25.2
REDTAPE,119.97,121.0,121.05,117.01,True,True,False,False,False,False,0.1540072071207079,3.9987440640000003,0.1533927750882237,False,-0.239970860380656,True,38.11,False,0.8652318031149253,15.0,-0.83,0,False,▇▃█▇█▇▇▄▇▇▇▁▂▄▅▃▃▅▅▄,False,False,False,0,-0.03366894885219496,-0.0950441276306856,0.016829712150667753,-0.06303554179825055,UP,False,30,13.0,IGNORE,NONE,,NEUTRAL,C,WAIT,No standout factor,Retail Trade,28.0
RVNL,202.75,206.06,206.38,202.0,True,False,False,False,False,False,0.5742076192991283,51.6803262,0.5594229893666433,False,-0.15393780443341223,True,27.75,False,0.8885260073963787,46.0,-0.2,0,False,▇▄▅▂▁▂▄▃▃▅▅▄▃█▃▂▄▅▃▃,False,False,False,0,-0.03452380952380951,-0.10631639264777182,0.015974851479053198,-0.07430780681533677,UP,False,27,13.0,IGNORE,NONE,,NEUTRAL,C,WAIT,No standout factor,Industrial Services,34.5
HONAUT,33855.0,33830.0,34040.0,33255.0,True,False,False,False,False,False,0.6504088827771844,7.5259665,0.6303312672939195,False,-0.06793951085919821,True,46.33,False,0.9629414087668613,36.0,-0.38,0,False,▆▄▅█▅▆▇▅▄▅▅▄▂▂▃▇▃▄▁▄,False,False,False,0,-0.04714325921756257,-0.11409132539578704,0.0033554017853001383,-0.08208273956335199,UP,False,25,13.0,IGNORE,NONE,,NEUTRAL,C,WAIT,No standout factor,Electronic Technology,27.3
GRMOVER,80.01,79.84,82.7,79.3,True,False,False,False,False,False,1.0046506242915405,8.539667325,0.9545065292948511,False,0.011732033605407794,False,22.52,False,0.98527771093562,35.0,-0.57,0,False,▆█▇▁▃▃▅▄▄▄▄▇▅▄▅▅▄▅▃▄,False,False,False,0,-0.0747079912108245,-0.12067260138476743,-0.024209330207961788,-0.08866401555233239,UP,False,23,13.0,IGNORE,NONE,,NEUTRAL,C,WAIT,CMF positive,Process Industries,26.7
AVANTEL,151.37,155.94,155.94,150.68,True,False,False,False,False,False,0.4503653514392613,13.113667484,0.4417629739335675,False,-0.16732575622887563,True,41.05,False,0.9861743402481651,67.0,0.42,0,False,▃▅▆▇▇▆▅▆▅██▆▆▆█▆▆▁▃▆,False,False,False,0,-0.05482360287230725,-0.12264533704283309,-0.004324941869444543,-0.09063675121039805,UP,False,22,13.0,IGNORE,NONE,,NEUTRAL,C,WAIT,No standout factor,Electronic Technology,27.3
SRF,2491.5,2527.3,2527.3,2487.4,True,False,False,False,False,False,0.9062683744115546,45.6024228,0.8908317143517833,False,-0.16314121382615485,True,49.84,False,0.9733424470266576,33.0,-0.34,0,False,█▄▆▄▃▅▇▅▃▅▅▅▁▇▅▅▅▃▁▄,False,False,False,0,-0.026909857834713335,-0.1323954452066719,0.023588803168149375,-0.10038685937423686,UP,False,18,13.0,IGNORE,NONE,,NEUTRAL,C,WAIT,No standout factor,Process Industries,26.7
GUJENERGY,235.07,236.02,237.45,233.8,True,False,False,False,False,False,0.5542204317579882,22.375772638999997,0.5216359628149024,False,-0.2278560308656722,True,56.51,False,0.9896152566415075,,,0,False,█▂▁▃▇▆▅▅▄▇▇▁▁▇▆▅▄▅▄▄,False,False,False,0,-0.050989099717400066,-0.1346585680103073,-0.0004904387145373557,-0.10264998217787225,UP,False,18,13.0,IGNORE,NONE,,NEUTRAL,C,WAIT,No standout factor,Utilities,37.4
NLCINDIA,256.7,261.65,261.7,254.4,True,False,False,False,False,False,0.44216743144170095,17.27419011,0.4241122890538686,False,-0.19286547303733814,True,47.32,False,0.9379304876961042,60.0,0.24,0,False,▄▂▁▄▅▂▆▁▃▆▆█▄▇▆▇▄▆▂▄,False,False,False,0,-0.04001495886312634,-0.13394062078272606,0.010483702139736373,-0.10193203495029102,UP,False,18,13.0,IGNORE,NONE,,NEUTRAL,C,WAIT,No standout factor,Utilities,37.4
CANFINHOME,737.6,753.3,755.0,735.0,True,False,False,False,False,False,0.3883806677772471,7.758150560000001,0.3668017079842734,False,-0.15021043223925667,True,54.47,False,0.880344574009875,46.0,-0.05,0,False,▅▁▅▅▇▆▇▅▆▇▇▇█▃▃▄▃▄▅▃,False,False,False,0,-0.07255123852634215,-0.13947383771801902,-0.022052577523479444,-0.10746525188558398,UP,False,17,13.0,IGNORE,NONE,,NEUTRAL,C,WAIT,No standout factor,Finance,27.7
AAVAS,1282.4,1256.0,1313.7,1250.0,False,False,False,False,False,False,0.8558203325904338,11.36308992,0.8574172401518897,False,-0.01712096424317313,True,46.63,False,0.8803677796342972,14.0,-0.92,0,False,▁▅▃▇▅▅▆▅▅▇▇▃▄▇▆█▅▅▆▄,False,False,False,0,0.016809387884554328,-0.14358220916254838,0.06730804888741704,-0.11157362333011334,UP,False,16,13.0,IGNORE,NONE,,NEUTRAL,C,WAIT,No standout factor,Finance,27.7
SHAKTIPUMP,465.15,463.75,473.8,459.0,True,False,False,False,False,False,0.3704677743566152,18.579439935,0.34980518118773485,False,-0.31411085187000487,True,27.24,False,0.6996814959416418,17.0,-0.88,0,False,██▇▇▆█▆▆▁▄▄▆▅▇▆▆▆▇▆▄,False,False,False,0,-0.04368832236842102,-0.14596529881575326,0.006810338634441693,-0.11395671298331822,UP,False,15,13.0,IGNORE,NONE,,NEUTRAL,C,WAIT,No standout factor,Producer Manufacturing,27.6
SOBHA,1218.7,1228.4,1233.6,1205.1,True,False,False,False,False,False,0.6429057684970687,6.28410468,0.6365589921192091,False,-0.09235925629481538,True,26.69,False,0.5830375184315438,8.0,-1.27,0,False,▄▄▄▃▄▃▂▅█▃▃▄▃▅▃▁▃▃▃▁,False,False,False,0,-0.02962019269050087,-0.16280827093494543,0.020878468312361842,-0.1307996851025104,UP,False,12,13.0,IGNORE,NONE,,NEUTRAL,C,WAIT,No standout factor,Finance,27.7
EQUITASBNK,66.02,66.54,66.8,64.63,True,False,False,False,False,False,1.495003001931485,15.60102115,1.3765214174506515,False,-0.1113165723473887,True,44.39,False,0.8284653141971967,22.0,-0.72,0,False,▅▄▄▆▇▄▆▃▄██▇▁█▇▂▂▂▃▂,False,False,False,0,-0.10747600378531841,-0.16725529767911207,-0.0569773427824557,-0.13524671184667703,UP,False,11,13.0,IGNORE,NONE,,NEUTRAL,C,WAIT,No standout factor,Finance,27.7
EPACK,178.23,182.0,184.25,177.41,True,False,False,False,False,False,1.0318303335297827,6.148845884999999,0.9956494173624209,False,-0.275363550216527,True,37.65,False,0.8763864480162008,40.0,-0.16,0,False,▆▃▁▄▅▇▇▂▆██▄▃▇▅▁▄█▇▃,False,False,False,0,-0.04867894315452359,-0.2599036624865044,0.0018197178483391196,-0.22789507665406938,UP,False,3,13.0,IGNORE,NONE,,NEUTRAL,C,WAIT,No standout factor,Producer Manufacturing,27.6
POCL,452.65,468.95,470.0,450.0,True,False,False,False,False,False,0.6755814022379247,12.387717814999998,0.6535464191380308,False,-0.18950582436964158,True,41.56,False,0.8920847866917092,38.0,-0.24,0,False,▅▆▃▆▄▅▃█▄▅▅▁▄▅▃▃▄▅▃▄,False,False,False,0,-0.08666263115415662,-0.6770937366243401,-0.03616397015129391,-0.6450851507919051,UP,False,0,13.0,IGNORE,NONE,,NEUTRAL,C,WAIT,No standout factor,Non-Energy Minerals,33.3
ATUL,5991.0,6070.0,6070.0,5941.0,True,False,False,False,False,False,0.8735092713703162,13.6031646,0.8371411221380822,False,-0.1405907898606592,True,54.43,False,0.9694886272554015,53.0,0.09,0,False,▅▂▅▂▃▃▃▁▄▂▂▂▄▄▂█▂▄▃▃,False,False,False,0,-0.0627346683354193,-0.016498399409012543,-0.012236007332556587,0.0155101864234225,FLAT,True,55,12.0,IGNORE,NONE,,NEUTRAL,C,WAIT,No standout factor,Process Industries,26.7
SCI,272.05,274.1,277.85,269.3,True,False,False,False,False,False,0.8688114482554494,38.11523879000001,0.8333507405170243,False,-0.32056237819152866,True,28.23,False,0.7364123700583025,35.0,-0.39,0,False,█▆▅▅▇██▆▇▅▅▆▃▅▂▃█▅▄▁,False,False,False,0,-0.06060082872928185,-0.030643149830749894,-0.010102167726419142,0.0013654360016851497,FLAT,True,51,12.0,IGNORE,NONE,,NEUTRAL,C,WAIT,No standout factor,Transportation,31.9
GOPAL,254.8,260.95,261.0,251.8,True,False,False,False,False,False,0.8736911502012003,2.4413662,0.8497961142721284,False,-0.13851919933560905,False,51.44,True,1.0359897689968378,63.0,0.33,0,True,▁▁▆▅▅▄▂▆▅██▅▄▆▄▅▂▇▆▅,False,False,False,0,-0.07261146496815285,-0.0344827586206895,-0.02211280396529014,-0.0024741727882544584,FLAT,False,51,12.0,IGNORE,NONE,,NEUTRAL,C,WAIT,No standout factor,Consumer Non-Durables,29.3
EXIDEIND,411.75,422.0,422.65,411.0,True,False,False,True,False,False,0.4501783637487599,38.9415033,0.43544561419035166,False,-0.13302129722576048,False,44.95,False,0.9853350577610207,59.0,0.2,0,False,█▅▇▇▆▆▇▇▃▇▇▆▄▆██▆▁▇▆,False,False,False,0,-0.06473594548551964,-0.057025077293026416,-0.014237284482656931,-0.025016491460591372,UP,False,44,12.0,IGNORE,NONE,,NEUTRAL,C,WAIT,No standout factor,Producer Manufacturing,27.6
TCI,864.85,883.95,897.5,856.5,True,True,False,False,False,False,0.41136751710593117,11.16677023,0.4041701584107143,False,-0.5299602628287019,False,26.71,False,0.4805901668840808,3.0,-2.48,0,False,▇▆▆▆▇█▇▇▇▇▇▇▆▆▆▆▇▇▁▃,False,False,False,0,-0.003629032258064435,-0.07020373058108897,0.046869628744798275,-0.03819514474865393,UP,False,39,12.0,IGNORE,NONE,,NEUTRAL,C,WAIT,No standout factor,Transportation,31.9
GULPOLY,166.05,171.2,172.64,165.0,True,False,False,False,False,False,0.7779617754887489,1.59371469,0.721787237649004,False,-0.2666614141386788,False,54.58,True,1.038669407018345,60.0,0.29,0,True,▄▄▃▅▂▅▅█▇▅▅▂▄▄▄▅▄█▁▅,False,False,False,0,-0.12848370335380255,-0.09043602103418047,-0.07798504235093984,-0.058427435201745426,FLAT,False,32,12.0,IGNORE,NONE,,NEUTRAL,C,WAIT,No standout factor,Consumer Non-Durables,29.3
BAJAJHCARE,336.6,346.35,346.35,335.0,True,True,True,False,False,False,0.41453663589832884,2.2116976200000003,0.41667902886117697,False,-0.1655304310423643,False,46.45,False,0.9942315307312793,59.0,0.38,0,False,▁▆▄▅▄▂▆█▅▅▅▃▃█▃▃▂▃▅▄,False,False,False,0,0.008690440515433107,-0.12922002328288706,0.05918910151829582,-0.09721143745045202,UP,False,20,12.0,IGNORE,NONE,,NEUTRAL,C,WAIT,No standout factor,Health Technology,33.7
SANSTAR,106.9,108.74,110.0,106.12,True,False,False,True,False,False,0.9732741494054528,1.8889871400000002,0.9358372317971106,False,-0.11746871229724522,False,40.92,False,0.8792720006016524,14.0,-0.94,0,False,▄█▇▅▁▆▆▄█▆▆▆▇▇▇▄▄▆▇▅,False,False,False,0,-0.03135193910837253,-0.019535907548381193,0.019146721894490182,0.01247267828405385,UP,True,54,11.0,IGNORE,NONE,,NEUTRAL,C,WAIT,No standout factor,Consumer Non-Durables,29.3
TATAINVEST,644.45,650.0,670.95,640.0,True,False,False,False,False,False,0.2097960414173476,32.18260854500001,0.19415352008531886,False,-0.157260321351555,False,25.19,False,0.7623053760837659,20.0,-0.76,0,False,▆█▇▇▆██▇▁▄▄▁▂▃▅▅▅▅▅▄,False,False,False,2,0.0035035814388040265,-0.026510574018126842,0.05400224244166674,0.005498011814308201,UP,True,52,11.0,IGNORE,NONE,,NEUTRAL,C,WAIT,No standout factor,Finance,27.7
SIMPLEXINF,241.1,248.2,250.25,239.0,True,False,False,False,False,False,0.7011538794781977,1.7754845099999998,0.6586610351612722,False,-0.23359375440724986,True,45.32,False,0.6740988093201747,10.0,-1.26,0,True,▄▆▅▇▆▅▅▆▆▇▇█▇▁▅▆▄█▆▃,False,False,False,0,-0.10315069002715471,-0.04495939790057435,-0.052652029024292,-0.012950812068139306,FLAT,False,47,11.0,IGNORE,NONE,,NEUTRAL,C,WAIT,No standout factor,Industrial Services,34.5
ESABINDIA,5518.5,5551.5,5556.0,5480.5,True,False,False,False,False,False,0.45684986084325524,1.0915593,0.43070485458307467,False,-0.18962569169589688,True,53.08,False,0.9307953319947744,50.0,0.08,0,True,▄▃▆▄▇█▆▅▆▅▅▁▇▇▇▅▇▄▆▄,False,False,False,0,-0.09821063812402975,-0.06386768447837154,-0.04771197712116704,-0.0318590986459365,FLAT,False,41,11.0,IGNORE,NONE,,NEUTRAL,C,WAIT,No standout factor,Producer Manufacturing,27.6
SWIGGY,256.0,266.0,266.05,255.15,True,False,False,False,False,False,0.4336006618363614,293.4404864,0.40299018180732826,False,-0.16794495372435822,False,47.13,False,0.9207505885340861,60.0,0.21,0,True,▅▃▂▅█▃▅▃▃▃▃▃▁▇▄▅▃▃▁▃,False,False,False,0,-0.0918765519687832,-0.05370938528074509,-0.04137789096592048,-0.02170079944831005,FLAT,False,45,10.0,IGNORE,NONE,,NEUTRAL,C,WAIT,No standout factor,Transportation,31.9
COCHINSHIP,1329.0,1370.2,1372.4,1327.0,True,False,False,False,False,False,0.42989299702946177,59.8323774,0.4049726163169166,False,-0.25387037623516323,False,39.3,True,1.1592407415601078,82.0,0.95,0,False,▄▃▃▂▃▃▄▅▃▅▅▁▂█▇▄▅▂▂▅,False,False,False,2,-0.11986754966887414,-0.0558397271952259,-0.06936888866601143,-0.023831141362790853,FLAT,False,44,10.0,IGNORE,NONE,,NEUTRAL,C,WAIT,No standout factor,Producer Manufacturing,27.6
BENGALASM,5900.0,6275.0,6275.0,5900.0,True,False,False,False,False,False,1.3237179487179487,0.73101,1.2455992110097438,False,-0.3599626626969823,False,14.6,False,0.20222306866581252,2.0,-2.74,0,True,▆▇▆▆▅▆▇█▇▆▆▇▇▃▂▅▃▇▇▁,False,False,False,2,-0.06932723400899121,-0.05652834412728869,-0.0188285730061285,-0.024519758294853644,UP,False,44,10.0,IGNORE,NONE,,NEUTRAL,C,WAIT,No standout factor,Consumer Durables,24.3
FMGOETZE,458.65,480.1,481.2,454.8,True,False,False,False,False,False,0.16201103219952753,7.537729289999999,0.129582878484517,False,-0.14342012803874032,False,47.84,True,1.241404364636583,24.0,-0.47,0,False,▁▃▆█▄▃▃▄▃▃▃▂▅▅▆▆▅▆▆▆,False,False,False,1,-0.265983836120669,-0.06168166939443542,-0.2154851751178063,-0.02967308356200038,FLAT,False,42,10.0,IGNORE,NONE,,NEUTRAL,C,WAIT,No standout factor,Producer Manufacturing,27.6
HUHTAMAKI,234.2,240.7,241.7,233.15,True,False,False,True,False,False,0.4316687882331982,2.19040234,0.3937413862734624,False,-0.1008623689072532,False,64.26,True,1.3020353166442096,83.0,0.79,0,False,▄▅▃▆▇▄▅▁▂▅▅▂▄▄▆▅▅█▅▇,False,False,False,0,-0.10916698364397104,-0.0624124264382081,-0.05866832264110833,-0.030403840605773058,FLAT,False,42,10.0,IGNORE,NONE,,NEUTRAL,C,WAIT,No standout factor,Process Industries,26.7
SANDUMA,181.51,186.09,186.4,180.5,True,False,False,False,False,False,1.104829464037278,9.617924484,1.0523845498360191,False,-0.3051921700770955,False,47.36,False,0.9697068970812559,81.0,0.95,0,True,▄▃▅▂▆▇▅▁▇▇▇▅▄▄█▄▄▇▅▅,False,False,False,0,-0.1031671525272988,-0.06360916219562529,-0.05266849152443609,-0.03160057636319025,FLAT,False,41,10.0,IGNORE,NONE,,NEUTRAL,C,WAIT,No standout factor,Non-Energy Minerals,33.3
MAITHANALL,939.0,960.85,960.9,935.7,True,False,False,False,False,False,0.32341197811096123,4.989846,0.28703860460836383,False,-0.24025061353383353,False,59.37,True,1.2547552624904896,77.0,0.65,0,False,▆█▁▅▃▁▆▃▅▆▆▅▂▆▆▆▆▇▇▇,False,False,False,0,-0.03840245775729645,-0.07259259259259254,0.012096203245566262,-0.0405840067601575,UP,False,38,10.0,IGNORE,NONE,,NEUTRAL,C,WAIT,No standout factor,Non-Energy Minerals,33.3
FLAIR,235.06,236.59,237.99,234.0,True,False,False,False,False,False,0.5333788727597888,1.25909889,0.5239615184938584,False,-0.34052755118957384,False,59.03,True,1.2000040657430653,75.0,0.68,0,False,▃▇▁▄▇▇█▄▄▄▄▄▅▄▄▆▄▄▅▆,False,False,False,0,-0.054655137743816584,-0.07237569060773485,-0.004156476740953874,-0.04036710477529981,UP,False,38,10.0,IGNORE,NONE,,NEUTRAL,C,WAIT,No standout factor,Producer Manufacturing,27.6
ALLDIGI,775.9,780.8,782.0,770.0,True,False,False,False,False,False,1.117213584368888,0.43877145,1.091712844748838,False,-0.2250430039107113,False,69.9,True,1.037623115689782,64.0,0.37,0,False,▆▆▇▆▄▇██▆▇▇▅▇▆▆▁▃▄▅▆,False,False,False,0,-0.04622003687768905,-0.0738839818572451,0.004278624125173658,-0.04187539602481005,UP,False,37,10.0,IGNORE,NONE,,NEUTRAL,C,WAIT,No standout factor,Commercial Services,27.2
TRAVELFOOD,1203.0,1213.1,1220.9,1195.3,True,False,False,False,False,False,0.6889172304965305,2.6837727,0.6565390915704479,False,-0.06977016811852323,False,50.45,False,0.9925729182037284,35.0,-0.43,0,True,▂▅▁▂█▃▁▄▃▅▅▃▃▃▄▄▃▄▃▃,False,False,False,0,-0.0743305632502308,-0.07759546081889279,-0.023831902247368086,-0.04558687498645775,UP,False,36,10.0,IGNORE,NONE,,NEUTRAL,C,WAIT,No standout factor,Consumer Services,25.2
ICICIPRULI,458.7,458.6,464.2,450.65,True,False,False,False,False,False,0.814469401064215,62.0249553,0.7766596304689086,False,-0.05333876843713377,False,55.79,True,1.0945654306454777,54.0,0.06,0,False,█▅▄▃▃▂▃▃▅▅▅▁▂▅▃▃▅▃▂▅,False,False,False,0,-0.11285175514940526,-0.0796548956661316,-0.062353094146542554,-0.047646309833696554,FLAT,False,35,10.0,IGNORE,NONE,,NEUTRAL,C,WAIT,No standout factor,Finance,27.7
INDOTECH,3133.7,3171.0,3200.0,3089.9,True,False,False,True,False,False,0.8232048564016802,3.9180651099999992,0.7439640716151776,False,-0.16205100060428157,False,61.15,False,0.9650209495553644,63.0,0.42,0,True,▅▅█▄▆▆▁▇█▅▅▇▅▆▇▅▆▆▄▅,False,False,False,0,-0.15380876515540198,-0.08046010739751763,-0.10331010415253927,-0.04845152156508259,FLAT,False,35,10.0,IGNORE,NONE,,NEUTRAL,C,WAIT,No standout factor,Producer Manufacturing,27.6
ELCIDIN,103500.0,103805.0,107200.0,103100.0,True,False,False,False,False,False,0.7453416149068323,0.0621,0.7264487593343109,False,-0.2554177459752318,False,71.43,False,0.8995541898597085,45.0,-0.15,0,True,▃▄▄█▃▅█▅▄██▁▄▃▆█▆█▆▄,False,False,False,0,-0.050458715596330306,-0.08053124861191308,3.9945406532404526e-05,-0.04852266277947803,UP,False,35,10.0,IGNORE,NONE,,NEUTRAL,C,WAIT,No standout factor,Finance,27.7
LTF,280.85,282.75,283.45,277.8,True,False,False,False,False,False,1.0395258861391368,158.60700432000002,0.976013812848165,False,-0.08552250951045026,False,48.01,True,1.0842734058290142,75.0,0.67,0,False,▇▆▅▅▅▆▄▅█▄▄▃▃▅▆▅▃▄▁▅,False,False,False,0,-0.1250778816199376,-0.08173941474579038,-0.07457922061707489,-0.04973082891335534,FLAT,False,34,10.0,IGNORE,NONE,,NEUTRAL,C,WAIT,No standout factor,Finance,27.7
AUTOAXLES,1689.2,1718.3,1732.9,1680.0,True,False,False,False,False,False,0.6061749458625894,0.6241594,0.6055343984062648,False,-0.23739839672689156,False,49.8,False,0.7800874073842009,24.0,-0.68,0,True,▅▄▄▁▇▆█▆▆▇▇▆█▂▅█▇▃▁▃,False,False,False,0,-0.022793011685757203,-0.08120750611911887,0.027705649317105507,-0.04919892028668382,UP,False,34,10.0,IGNORE,NONE,,NEUTRAL,C,WAIT,No standout factor,Producer Manufacturing,27.6
EIHAHOTELS,290.0,294.8,294.8,287.45,True,False,False,False,False,False,0.6829319996764412,0.355018,0.6677132418817954,False,-0.018724806055725463,False,49.39,False,0.8075209482934804,29.0,-0.46,0,True,█▇▄▆▆▄▃▆▅▃▃▃▆▃▆▇▅█▁▃,False,False,False,0,-0.03686482896047827,-0.0825688073394496,0.013633832042384442,-0.05056022150701456,UP,False,34,10.0,IGNORE,NONE,,NEUTRAL,C,WAIT,No standout factor,Consumer Services,25.2
MAZDOCK,2138.0,2195.0,2199.4,2131.0,True,False,False,False,False,False,1.1453218665465574,138.9052186,1.0524252205107267,False,-0.3301716513416091,False,34.67,False,0.9907271142608124,83.0,0.99,0,True,▇▆▅▄▁▆▁▅▇▇▇▄▄▆▆█▇▄▆▅,False,False,False,0,-0.16320939334637963,-0.08741676626259187,-0.11271073234351692,-0.05540818043015683,FLAT,False,33,10.0,IGNORE,NONE,,NEUTRAL,C,WAIT,No standout factor,Producer Manufacturing,27.6
DCMSHRIRAM,944.6,978.4,979.1,942.0,True,False,False,False,False,False,0.9459180908815145,4.96330624,0.8865816774989008,False,-0.2401404372500495,False,51.16,False,0.907349602724177,69.0,0.44,0,True,▂▂▁▂▅▃▅▅▁▃▃▁▂█▄▂▄▄▃▂,False,False,False,0,-0.0709157076817154,-0.08397982932505821,-0.02041704667885269,-0.051971243492623165,UP,False,33,10.0,IGNORE,NONE,,NEUTRAL,C,WAIT,No standout factor,Producer Manufacturing,27.6
CONCOR,450.0,460.4,461.45,449.0,True,False,False,False,False,False,0.7481197432221551,39.362535,0.6853345973974718,False,-0.258930386158785,False,45.8,False,0.9864099416338222,33.0,-0.47,0,True,▇▅▅▄▆▄▃▃▆▂▂▂▄█▃▄▆▄▁▄,False,False,False,0,-0.12092205508888454,-0.09819639278557113,-0.07042339408602183,-0.06618780695313609,FLAT,False,29,10.0,IGNORE,NONE,,NEUTRAL,C,WAIT,No standout factor,Transportation,31.9
BRIGHOTEL,55.52,56.13,56.59,55.25,True,False,False,False,False,False,0.6248408000572219,0.337078576,0.60797428409854,False,-0.4248279032223691,False,57.4,False,0.8575419620380813,29.0,-0.42,0,True,▇▅▅▃▁▆▄█▃▇▇█▅▅▄▅▇▅▇▃,False,False,False,0,-0.05530032329419776,-0.10147273021524517,-0.0048016622913350515,-0.06946414438281012,UP,False,29,10.0,IGNORE,NONE,,NEUTRAL,C,WAIT,No standout factor,Consumer Services,25.2
ADVAIT,1863.0,1906.0,1927.9,1851.5,True,False,False,False,False,False,1.1130286116096357,9.0236268,0.991757791188139,False,-0.18040480884158624,False,36.05,False,0.7267192807394193,20.0,-0.93,0,True,▃▅▄▆▅█▃▅▄▄▄▂▃▆▃▄█▇▅▁,False,False,False,0,-0.15647921760391192,-0.1086124401913876,-0.10598055660104921,-0.07660385435895256,FLAT,False,27,10.0,IGNORE,NONE,,NEUTRAL,C,WAIT,No standout factor,Producer Manufacturing,27.6
GLOBUSSPR,819.15,832.55,833.3,815.05,True,False,False,False,False,False,0.48696614509211256,3.2584148699999997,0.46232944238305973,False,-0.26062259926918696,False,54.24,False,0.9840883937805034,81.0,0.76,0,True,▄█▆▄▄▆▄▅▅▃▃▁▄▅▁█▄▂▂▄,False,False,False,0,-0.10699880082851843,-0.10680405626431144,-0.056500139825655715,-0.0747954704318764,UP,False,27,10.0,IGNORE,NONE,,NEUTRAL,C,WAIT,No standout factor,Consumer Non-Durables,29.3
SULA,133.5,135.0,135.99,133.0,True,False,False,False,False,False,0.39221800609854274,2.1577071,0.3782782933186997,False,-0.35038603189993206,False,53.89,True,1.1381323984413774,67.0,0.44,0,False,▅▆▆█▆▇▇▆█▇▇▁▆▇▆▆▆▇▆▇,False,False,False,0,-0.09307065217391297,-0.11005932937804142,-0.04257199117105026,-0.07805074354560637,UP,False,26,10.0,IGNORE,NONE,,NEUTRAL,C,WAIT,No standout factor,Process Industries,26.7
KANSAINER,177.48,181.52,183.26,176.56,True,False,False,False,False,False,0.5090829162812553,2.684225268,0.4748578844406993,False,-0.01288372165930957,False,47.34,False,0.8230395437989517,19.0,-0.73,0,True,▄▁▂▃█▂▄▂▂▂▂▃▃▃▃▄▂▄▂▂,False,False,False,0,-0.07950832425704069,-0.11789264413518885,-0.029009663254177975,-0.08588405830275381,UP,False,24,10.0,IGNORE,NONE,,NEUTRAL,C,WAIT,No standout factor,Process Industries,26.7
RIIL,685.6,704.0,704.0,680.0,True,False,False,False,False,False,1.2212047936136787,3.4589891200000005,1.1611219345300647,False,-0.3133321239753923,False,36.93,True,1.1388306401874924,67.0,0.49,0,False,▆▂▅▄▅▇▇▅█▅▅▅▅▅▃▂▁▆▆▆,False,False,False,0,-0.08884311249916943,-0.12203867332564988,-0.03834445149630672,-0.09003008749321484,UP,False,22,10.0,IGNORE,NONE,,NEUTRAL,C,WAIT,No standout factor,Industrial Services,34.5
TAJGVK,315.25,325.0,325.05,314.6,True,False,False,False,False,False,0.8380711664661906,1.73519905,0.7922568868656656,False,-0.08281924130222623,False,57.98,True,1.0902594960511471,82.0,0.89,0,False,▇▆▅▇▄▇▁▇▄▇▇▅▆▅▆▅▆█▄▆,False,False,False,0,-0.06077759570981667,-0.1270940052609718,-0.010278934706953957,-0.09508541942853677,UP,False,20,10.0,IGNORE,NONE,,NEUTRAL,C,WAIT,No standout factor,Consumer Services,25.2
SUBROS,700.3,720.0,720.0,694.8,True,False,False,False,False,False,1.101356278255797,2.6443328,1.0826194890666838,False,-0.04930224641884396,False,51.15,True,1.0418576229758632,68.0,0.54,0,False,▅▄▆▅▆██▂▄▆▆▄▅▃▃▆▂▅▁▅,False,False,False,0,-0.02397212543554017,-0.13017016519687008,0.02652653556732254,-0.09816157936443504,UP,False,19,10.0,IGNORE,NONE,,NEUTRAL,C,WAIT,No standout factor,Producer Manufacturing,27.6
HGS,372.35,378.0,380.0,369.95,True,False,False,False,False,False,0.5662382383998171,0.313481465,0.5438763976604849,False,-0.3809905399065387,False,64.26,True,1.034890930612705,65.0,0.36,0,False,▇▇▇▁█▆▆▇▇▆▆▆▆▇▇▅▇█▇▇,False,False,False,0,-0.07040319560604169,-0.13356602675974394,-0.01990453460317898,-0.1015574409273089,UP,False,18,10.0,IGNORE,NONE,,NEUTRAL,C,WAIT,No standout factor,Commercial Services,27.2
DCAL,164.27,168.16,168.19,163.66,True,False,False,False,False,False,0.3248778865599184,1.3143242700000002,0.31106734070758585,False,-0.14294171941575876,False,60.72,True,1.1709574775817182,88.0,0.98,0,False,█▁▅▄▇▇▆▇█▇▇▄▄▄▄▆▇▇▅▇,False,False,False,0,-0.07889424694403946,-0.13918147041869722,-0.02839558594117675,-0.10717288458626217,UP,False,17,10.0,IGNORE,SEED,,NEUTRAL,C,WAIT,No standout factor,Health Technology,33.7
CENTURYPLY,679.05,694.45,700.1,677.0,True,False,False,False,False,False,0.8958704055961219,4.01522265,0.8525780295786349,False,-0.42972012293799544,False,53.16,False,0.8819503778483795,63.0,0.25,0,True,▂▄▄▄▃▃▃▅▄▇▇▁▂▃█▅▅▅▃▃,False,False,False,0,-0.10326840541432825,-0.14735057759919645,-0.052769744411465536,-0.11534199176676141,UP,False,15,10.0,IGNORE,NONE,,NEUTRAL,C,WAIT,No standout factor,Producer Manufacturing,27.6
BFUTILITIE,515.9,526.9,529.6,511.1,True,False,False,False,False,False,0.16882790885347437,2.70470893,0.1605937992332513,False,-0.03157047268531355,False,45.53,True,1.1996258579577639,57.0,0.23,0,False,▇▇▅▁▃▆▇▅▃▃▃▅▅▃▇▇█▆█▆,False,False,False,0,0.025850069596341285,-0.15120105297795328,0.076348730599204,-0.11919246714551823,UP,False,14,10.0,IGNORE,NONE,,NEUTRAL,C,WAIT,No standout factor,Industrial Services,34.5
PNBGILTS,73.28,74.25,76.0,71.35,True,False,False,False,False,False,0.6581936374469892,2.1044477120000002,0.60573323418725,False,-0.1965202249683118,False,55.08,True,1.182976986930982,81.0,0.9,0,False,▆▆▅▅▁▆▂▇▄▇▇▃▅█▇▁▆█▅▇,False,False,False,0,-0.047817047817047764,-0.15634354133087724,0.002681613185814946,-0.1243349554984422,UP,False,14,10.0,IGNORE,NONE,,NEUTRAL,C,WAIT,No standout factor,Finance,27.7
RELTD,148.07,149.99,150.51,145.65,True,False,False,False,False,False,0.5542856841900138,1.246660558,0.5370904927943861,False,-0.1737703377592652,False,55.34,False,0.986347271236588,60.0,0.26,0,True,▆██▆▇█▇▆▅▅▅▆▅█▇▅▆▁▄▆,False,False,False,0,-0.0697367594395929,-0.15802342772660083,-0.01923809843673019,-0.12601484189416579,UP,False,13,10.0,IGNORE,NONE,,NEUTRAL,C,WAIT,No standout factor,Utilities,37.4
TCIEXP,486.0,498.0,499.45,482.3,True,False,False,False,False,False,0.5510471686686713,0.7628256,0.5071865759734561,False,-0.24329099237670615,False,54.11,False,0.9999353211305866,48.0,0.1,0,True,▄▆▂█▄▃▆▃▅▇▇▃▂▇▃▅▃▃▁▄,False,False,False,0,-0.11240982558670432,-0.1586600882887561,-0.061911164583841605,-0.12665150245632106,UP,False,13,10.0,IGNORE,NONE,,NEUTRAL,C,WAIT,No standout factor,Transportation,31.9
CAPACITE,184.41,190.01,191.13,184.0,True,False,False,False,False,False,0.8900861675884426,4.634721207,0.8222085231659391,False,-0.2427147976428879,False,45.22,False,0.8909730363423213,25.0,-0.51,0,True,▃▆▄█▂▅▅▃▆▅▅▂▂▅▃▁▅▅▁▂,False,False,False,0,-0.13827102803738323,-0.16894997746732765,-0.08777236703452052,-0.1369413916348926,UP,False,11,10.0,IGNORE,NONE,,NEUTRAL,C,WAIT,No standout factor,Industrial Services,34.5
NAVKARCORP,86.86,88.5,88.87,86.33,True,False,False,False,False,False,0.8455832588705988,3.171571296,0.8218782426572344,False,-0.4302970054197167,False,59.07,True,1.0434644361812062,81.0,0.84,0,False,▄▂▅▃▃▃▇▃▂▄▄█▃▃▄▃▁▂▃▄,False,False,False,0,-0.09549099239820891,-0.1672898092225098,-0.0449923313953462,-0.13528122339007476,UP,False,11,10.0,IGNORE,NONE,,NEUTRAL,C,WAIT,No standout factor,Transportation,31.9
VESUVIUS,385.4,388.0,396.95,383.0,True,False,False,False,False,False,1.2657063873126728,3.35267168,1.1979829939476647,False,-0.41381872764526756,False,57.18,False,0.9435098632917241,57.0,0.17,0,True,█▅▆▆▆▆▇▁▄▆▆▅▆▂▆▅▆▇▆▅,False,False,False,0,-0.05481299816063767,-0.17526214423282693,-0.004314337157774961,-0.1432535584003919,UP,False,10,10.0,IGNORE,NONE,,NEUTRAL,C,WAIT,No standout factor,Non-Energy Minerals,33.3
ABLBL,77.17,78.71,78.85,76.91,True,False,False,False,False,False,0.602143149167673,3.064791116,0.5614368701978549,False,-0.38563341792738925,False,61.48,True,1.073464577240386,75.0,0.44,0,False,▄▃▇▅▁▁█▃▆██▆█▅▆▆▆▅▄▇,False,False,False,0,-0.11002191212086254,-0.1907508389261745,-0.05952325111799983,-0.15874225309373946,UP,False,8,10.0,IGNORE,NONE,,NEUTRAL,C,WAIT,No standout factor,Retail Trade,28.0
RUPA,132.75,135.6,135.6,132.0,True,False,False,False,False,False,1.1096753777590254,1.4523912,1.0597282431458273,False,-0.11526314859298972,False,62.69,True,1.2136288839415352,88.0,1.13,0,False,▅▆▇▁▆█▄▄▃▄▄▄▃▆▁▅▄▇▅█,False,False,False,0,-0.10091432441584836,-0.20217561151511498,-0.050415663412985645,-0.17016702568267994,UP,False,7,10.0,IGNORE,SEED,,NEUTRAL,C,WAIT,No standout factor,Consumer Non-Durables,29.3
EUREKAFORB,361.3,370.0,372.95,359.0,True,False,False,False,False,False,0.816645290195778,4.52614962,0.7461839748801676,False,-0.3064857307915721,False,57.52,True,1.042529475200957,57.0,0.1,0,False,▂▁▅▃▁▅▃▇▇▆▆▆▂▇▅▅▅█▃▆,False,False,False,0,-0.1585933861201676,-0.21788072302197203,-0.10809472511730489,-0.185872137189537,UP,False,5,10.0,IGNORE,NONE,,NEUTRAL,C,WAIT,No standout factor,Producer Manufacturing,27.6
FUSION,171.93,175.65,177.74,171.09,True,False,False,False,False,False,0.5102931952463348,4.485120717,0.4560589136888615,False,-0.22396211153538867,False,50.83,False,0.9287326079608264,34.0,-0.33,0,True,▂▆▁██▃▄▅█▃▃▁▃▄▃▃▄▅▃▃,False,False,False,0,-0.1417232428115015,-0.23918045844765012,-0.0912245818086388,-0.20717187261521508,UP,False,4,10.0,IGNORE,NONE,,NEUTRAL,C,WAIT,No standout factor,Finance,27.7
ANUP,1632.0,1683.2,1689.5,1626.0,True,False,False,False,False,False,0.9846764578050589,3.4570656,0.9455471113652832,False,-0.22414524257182963,False,46.67,False,0.8970169908510802,42.0,-0.19,0,True,▄▃▁▄▅▅▇▄▄██▁▅▇▄▄▃▃▄▃,False,False,False,0,-0.09004739336492895,-0.24625900609643447,-0.03954873236206624,-0.21425042026399943,UP,False,3,10.0,IGNORE,NONE,,NEUTRAL,C,WAIT,No standout factor,Producer Manufacturing,27.6
MIDWESTLTD,899.9,929.5,959.9,892.3,True,False,False,False,False,False,1.4116414153557375,3.8305143399999997,1.2567267767239412,False,-0.36551135670557106,False,52.26,True,1.0274659379116449,74.0,0.71,0,False,▃▃▄▁▅▄▂▃█▄▄▂▂▂▂▂▂▅▄▃,False,False,False,0,-0.17952224653537563,-0.30240310077519383,-0.12902358553251292,-0.2703945149427588,UP,False,2,10.0,IGNORE,NONE,,NEUTRAL,C,WAIT,No standout factor,Non-Energy Minerals,33.3
MUTHOOTMF,178.84,182.0,182.98,178.5,True,False,False,False,False,False,0.5500851725004773,2.32652956,0.5039028948481541,False,-0.3300817981581509,False,48.88,False,0.9280425289538637,45.0,0.07,0,True,▆▆▃▃▆█▅▆▆▅▅▄▄▁▅▆▆▇▆▄,False,False,False,0,-0.12264521193092626,-0.2939318567649729,-0.07214655092806355,-0.26192327093253787,UP,False,2,10.0,IGNORE,NONE,,NEUTRAL,C,WAIT,No standout factor,Finance,27.7
HEGAM,240.0,246.2,246.5,237.0,True,False,False,False,False,False,0.33769934888657666,16.096584,0.20473223551495767,False,-0.13816468571946805,False,0.0,False,0.0,,,0,False,,False,False,False,3,-0.6745100698447142,-0.5913850344768877,-0.6240114088418515,-0.5593764486444527,FLAT,False,1,10.0,IGNORE,NONE,,NEUTRAL,C,WAIT,No standout factor,Electronic Technology,27.3
SOLARWORLD,131.49,135.7,135.7,130.5,True,False,False,False,False,False,0.8319772523071145,3.078614817,0.7730612324823523,False,-0.19409491272836318,False,45.7,False,0.8708660066887083,45.0,-0.02,0,True,▅▆▆▇▄▄█▅▅▅▅▄▃▄▁▇▆▅▄▄,False,False,False,0,-0.10349764778073212,-0.34582089552238804,-0.052998986777869406,-0.313812309689953,UP,False,1,10.0,IGNORE,NONE,,NEUTRAL,C,WAIT,No standout factor,Industrial Services,34.5
TTKHLTCARE,1013.6,1023.0,1038.9,1004.2,True,False,False,False,False,False,0.3170218511600693,1.7134908,0.28231335754441794,False,-0.29671975446434956,False,50.9,False,0.9389584755298935,11.0,-1.15,0,True,▂▂▃▅▄█▃▁▃▃▃▃▅▅▂▅▃▅▆▃,False,False,False,2,-0.12598085711822027,-0.0022640023624371786,-0.07548219611535756,0.029744583469997865,FLAT,True,58,9.0,IGNORE,NONE,,NEUTRAL,C,WAIT,No standout factor,Health Technology,33.7
JSWHL,11026.0,11265.0,11265.0,10913.0,True,False,False,False,False,False,0.18734994855378986,1.4455086,0.18294594675209228,False,-0.37108138053870654,False,46.76,True,1.1138106807679482,47.0,-0.02,0,False,█▆▆▁▅▇▆▇▇▅▅▄▅▆▇▃▆▇▆▆,False,False,False,0,-0.08322940051550676,-0.0022622387114288323,-0.03273073951264405,0.02974634712100621,FLAT,True,58,9.0,IGNORE,NONE,,NEUTRAL,C,WAIT,No standout factor,Finance,27.7
VIPIND,296.25,301.0,301.0,295.15,True,False,False,False,False,False,0.33188990610188746,3.382138125,0.32323450374962326,False,-0.12163494291210948,False,56.55,True,1.0578200115976728,73.0,0.42,0,False,▇▅▆▆▁▃▄▃▅▅▅▂▇▂▂▃▄█▄▅,False,False,False,1,-0.03344208809135396,-0.013814913448734978,0.01705657291150875,0.018193672383700066,FLAT,True,55,9.0,IGNORE,NONE,,NEUTRAL,C,WAIT,No standout factor,Consumer Durables,24.3
MASTERTR,83.13,84.8,84.8,82.58,True,False,False,False,False,False,0.13616247598354012,1.14154116,0.12655627493725272,False,-0.07172739252469727,True,21.6,False,0.7971067975496346,29.0,-0.62,0,False,▅▃▅▄▁▃▃▄▅▅▅▃▅▄▆▇▄█▅▄,False,False,False,0,0.010453385195089426,-0.035838552540014,0.06095204619795214,-0.003829966707578958,UP,False,50,9.0,IGNORE,NONE,,NEUTRAL,C,WAIT,No standout factor,Finance,27.7
INFY,998.8,999.5,1004.2,991.6,True,False,False,False,False,False,1.1281224282600624,994.16886404,1.044960010300011,False,-0.04401930786439385,True,52.25,False,0.9265580805617869,40.0,-0.2,0,False,▇▁▄▃▆▂▅▅▅▄▄▄▂█▂▄▅▄▄▃,False,False,False,0,-0.1008282319049334,-0.07723577235772372,-0.050329570902070686,-0.045227186525288676,FLAT,False,36,9.0,IGNORE,NONE,,NEUTRAL,C,WAIT,No standout factor,Technology Services,25.7
SANOFI,3103.5,3143.4,3149.9,3075.0,True,False,False,False,False,False,0.7360541050490694,4.66114665,0.7317232403143309,False,-0.28603443483167473,True,38.69,False,0.6738011685721997,4.0,-2.01,0,False,▇▅▆▆▇█▆▅▅▇▇▆▅▆█▇█▁▂▃,False,False,False,0,-0.006562099871958993,-0.0849991155138865,0.04393656113090372,-0.05299052968145146,UP,False,33,9.0,IGNORE,NONE,,NEUTRAL,C,WAIT,No standout factor,Health Technology,33.7
NFL,65.76,66.11,66.34,65.16,True,False,False,False,False,False,1.2432968054468587,3.5524669920000003,1.193854747901655,False,-0.1256302993044156,True,40.97,False,0.9666725653276705,59.0,0.18,0,False,▆▃▇▃▆▇▄▆▂██▄▁█▃▆▃█▃▅,False,False,False,0,-0.06551087110984788,-0.089070508380662,-0.015012210106985169,-0.05706192254822695,UP,False,32,9.0,IGNORE,NONE,,NEUTRAL,C,WAIT,No standout factor,Process Industries,26.7
ARVINDFASN,413.75,412.8,416.3,410.0,True,False,False,False,False,False,0.5300959179540007,4.087891375,0.5011921673456743,False,0.02125628788378169,False,51.47,False,0.9593036800954272,42.0,-0.16,0,False,▇▄▅▁▅▃▅▅█▆▆▅▅▃▂▃▃▄▅▄,False,False,False,0,-0.08563535911602205,-0.1284886782517114,-0.03513669811315934,-0.09648009241927635,UP,False,20,9.0,IGNORE,NONE,,NEUTRAL,C,WAIT,CMF positive,Retail Trade,28.0
BIKAJI,557.9,570.7,570.7,555.25,True,False,False,False,False,False,0.14999934765527337,3.14292965,0.14285528504754105,False,0.039384604494667436,False,48.36,False,0.9374000523362311,34.0,-0.4,0,False,▅▅▆▅▅▄▄▅█▅▅▄▅▄▄▇▁▃▃▄,False,False,False,0,-0.10835863832507597,-0.13092920009346531,-0.05785997732221326,-0.09892061426103027,UP,False,19,9.0,IGNORE,NONE,,NEUTRAL,C,WAIT,CMF positive,Consumer Non-Durables,29.3
PFIZER,3968.0,4001.0,4028.9,3952.0,True,False,False,False,False,False,0.41091445858848635,8.3673216,0.39087811556346463,False,-0.6098466486420031,True,49.68,False,0.8580977796201776,28.0,-0.43,0,False,▅▅▅▅█▄▂▁█▇▇▁▃▁▃▄▂▃▃▃,False,False,False,0,-0.15293313978310985,-0.1332270254920378,-0.10243447878024714,-0.10121843965960275,FLAT,False,18,9.0,IGNORE,NONE,,NEUTRAL,C,WAIT,No standout factor,Health Technology,33.7
INDIAMART,1637.0,1642.0,1646.0,1620.0,True,False,False,False,False,False,0.268409371190793,4.9185302,0.26255789740594315,False,-0.14378395043427789,True,51.68,False,0.8878199622058065,11.0,-1.09,0,False,▆▆▅▆▆▇▇▆▅▆▆▁▄█▅▅▅▄▆▅,False,False,False,0,-0.06744901446963658,-0.15308603652542818,-0.01695035346677387,-0.12107745069299314,UP,False,14,9.0,IGNORE,NONE,,NEUTRAL,C,WAIT,No standout factor,Retail Trade,28.0
HITECH,73.34,73.65,74.2,73.1,True,False,False,False,False,False,0.5343766063403974,3.029140018,0.5159059018303019,False,-0.20870540975357194,True,53.96,False,0.9982609982609983,62.0,0.39,0,False,▇▃█▇▄▆▅▅▁▆▆▄▄▆▆▇▆▇▆▅,False,False,False,0,-0.07105763141228627,-0.1597158570119156,-0.02055897040942356,-0.12770727117948055,UP,False,13,9.0,IGNORE,NONE,,NEUTRAL,C,WAIT,No standout factor,Non-Energy Minerals,33.3
DSSL,1011.3,1035.0,1041.8,1006.3,True,False,False,False,False,False,0.679358312354141,1.86938805,0.667035119159122,False,-0.34324785264298224,True,46.33,False,0.7754688716116128,45.0,-0.03,0,False,█▆▅█▃▅▃▅▃▄▄▂▁▃▄▇▃▆▄▂,False,False,False,0,-0.028810141169691716,-0.163108242303873,0.021688519833170994,-0.13109965647143795,UP,False,12,9.0,IGNORE,NONE,,NEUTRAL,C,WAIT,No standout factor,Technology Services,25.7
NAVNETEDUL,121.73,122.76,125.48,120.55,True,False,False,False,False,False,0.8915847088671032,1.10883857,0.8442744920329593,False,-0.14102255971823097,True,51.29,False,0.785722492436138,21.0,-0.72,0,False,▂▇▁▆▄▅▇▅▅██▂▁▃▇▆▇▆▇▂,False,False,False,0,-0.09568382735309422,-0.17510334078742285,-0.04518516635023151,-0.1430947549549878,UP,False,10,9.0,IGNORE,NONE,,NEUTRAL,C,WAIT,No standout factor,Producer Manufacturing,27.6
NIBE,1237.4,1260.0,1266.1,1225.0,True,False,False,False,False,False,0.7768115488071793,4.9100032,0.7255491729959965,False,-0.34765963690174734,True,39.92,False,0.8043116909283232,23.0,-0.76,0,False,▇▇▆▅▆█▅▇▆▇▇▆▆▇▁▇▆▆▇▄,False,False,False,0,-0.09784193642461347,-0.20582761055131238,-0.04734327542175076,-0.17381902471887734,UP,False,7,9.0,IGNORE,NONE,,NEUTRAL,C,WAIT,No standout factor,Process Industries,26.7
IVALUE,219.21,227.02,228.01,214.82,True,False,False,False,False,False,0.5935100019564068,2.344165977,0.5642752428419744,False,-0.022437970259024418,True,48.6,False,0.8645533141210375,27.0,-0.5,0,False,▅▄▂▅▅▆▇▅▇██▄▇▃▁▄▆▃▄▃,False,False,False,0,-0.11501816713766644,-0.2693,-0.06451950613480373,-0.23729141416756494,UP,False,3,9.0,IGNORE,NONE,,NEUTRAL,C,WAIT,No standout factor,Technology Services,25.7
BOROSCI,114.13,115.95,116.29,113.2,True,False,False,False,False,False,0.5934182570373239,0.543019127,0.5529702902928992,False,-0.34022144462493037,True,49.86,False,0.8849604643113869,26.0,-0.48,0,False,▅▃▅▄▇▃▄▇▁██▅▅▆▇▃▆▅▆▄,False,False,False,0,-0.07143438288178339,-0.2970992178358072,-0.020935721878920677,-0.26509063200337213,UP,False,2,9.0,IGNORE,NONE,,NEUTRAL,C,WAIT,No standout factor,Process Industries,26.7
ITCHOTELS,158.57,161.61,161.95,158.3,True,False,False,False,False,False,0.8076569826227176,21.175564656,0.8086235757869588,False,-0.05623671888601874,False,51.7,False,0.9693447079778758,29.0,-0.47,0,False,█▇▁▅▃██▇▆▆▆▄▃▆▃▂▄▃▁▄,False,False,False,0,-0.00949465925416959,-0.050763244537563756,0.04100400174869312,-0.018754658705128713,UP,False,46,8.0,IGNORE,NONE,,NEUTRAL,C,WAIT,No standout factor,Consumer Services,25.2
IGIL,323.15,329.95,329.95,322.1,True,False,False,False,False,False,0.6513080378988014,11.389518695,0.6476118407048886,False,-0.09204452078083462,False,50.29,False,0.9314170355416443,46.0,-0.13,0,False,▄▄▇▄▆▅▄▅▁▁▁▅█▂▅▄▅▃▆▃,False,False,False,0,-0.05220706848511514,-0.05553119976618448,-0.0017084074822524276,-0.023522613933749437,UP,False,44,8.0,IGNORE,NONE,,NEUTRAL,C,WAIT,No standout factor,Commercial Services,27.2
MOBIKWIK,199.06,200.62,203.68,197.53,True,False,False,False,False,False,0.2847850036362164,15.788185122,0.27786008082292263,False,-0.1193043843823644,False,29.21,False,0.932824500614751,44.0,-0.1,0,False,▆▅▇▅▆▇▅▄▂▁▁▁▁▅▃▄█▅▇▄,False,False,False,0,0.04928575193716722,-0.0703778078737215,0.09978441294002993,-0.038369222041286455,UP,False,39,8.0,IGNORE,NONE,,NEUTRAL,C,WAIT,No standout factor,Commercial Services,27.2
TATACHEM,641.45,644.9,676.4,635.6,True,False,False,False,False,False,0.6638452968904791,146.68184683500002,0.5922231358806727,False,-0.24948647989501038,False,21.76,False,0.6321079463754012,6.0,-1.85,0,False,▇▇█▇▇▇▆▆▅▇▇▁▃▄▃▆▆▆▆▃,False,False,False,1,-0.0024105754276826374,-0.07518742791234134,0.04808808557518007,-0.0431788420799063,UP,False,37,8.0,IGNORE,NONE,,NEUTRAL,C,WAIT,No standout factor,Process Industries,26.7
SAMHI,150.16,154.05,155.98,149.7,True,False,False,False,False,False,0.8524223951041328,22.029102672,0.8067155487771438,False,-0.0903609440934942,False,48.28,False,0.9814204984347684,22.0,-0.69,0,False,▆█▇▆▆▆▆▇▁▄▄▁▅▆▄▅▅▆▅▅,False,False,False,0,-0.03965208493220784,-0.07956356503616524,0.010846576070654868,-0.0475549792037302,UP,False,35,8.0,IGNORE,NONE,,NEUTRAL,C,WAIT,No standout factor,Consumer Services,25.2
INDUSTOWER,359.3,373.5,374.25,355.55,True,False,False,False,False,False,1.4533609884023415,217.60016425,1.3734904400656547,False,-0.07372102504371948,False,47.63,False,0.8739048667492317,15.0,-0.92,0,False,▆▁▅▆▅▄▇▅▆▂▂▇▅▇▄▅█▆▇▄,False,False,False,0,-0.05447368421052634,-0.109541511771995,-0.0039750232076636305,-0.07753292593955996,UP,False,26,8.0,IGNORE,NONE,,NEUTRAL,C,WAIT,No standout factor,Finance,27.7
ANGELONE,279.2,286.4,286.4,278.05,True,False,False,False,False,False,0.8570404722245469,132.33767296,0.8102046272608252,False,-0.15302808257589456,False,30.25,False,0.8067527202901644,38.0,-0.29,0,False,█▆▇▇▁▅▄▅▅▅▅▄▃▆▆▅▆▆▄▃,False,False,False,0,-0.026838619728128177,-0.1392014798828427,0.023660041274734533,-0.10719289405040766,UP,False,17,8.0,IGNORE,NONE,,NEUTRAL,C,WAIT,No standout factor,Finance,27.7
AMBUJACEM,374.35,383.8,383.8,374.0,True,False,False,False,False,False,1.2608403581417802,61.89049936500001,1.1888746627548346,False,-0.3027261021030585,False,46.3,False,0.9832653754672103,40.0,-0.34,0,False,▆▂▁█▁▅▃▂▄▁▁▂▅▄▃▆▂▂▃▃,False,False,False,0,-0.10698950381679384,-0.13991958644457203,-0.05649084281393113,-0.10791100061213699,UP,False,17,8.0,IGNORE,NONE,,NEUTRAL,C,WAIT,No standout factor,Non-Energy Minerals,33.3
RECLTD,303.25,310.1,311.6,303.25,True,False,False,False,False,False,1.399201946487725,189.314274625,1.3521717655406962,False,-0.23700135546561624,False,50.45,False,0.915848998375253,38.0,-0.31,0,False,▆▂▄▅▆▄▆▅▁▅▅▇▅▇██▅▅▆▄,False,False,False,0,-0.0620167027528612,-0.16574965612104542,-0.011518041749998487,-0.13374107028861038,UP,False,12,8.0,IGNORE,NONE,,NEUTRAL,C,WAIT,No standout factor,Finance,27.7
HUDCO,168.66,173.25,174.0,168.0,True,False,False,False,False,False,0.8785910771349977,25.93206531,0.839543910516069,False,-0.13004995348056267,False,44.28,False,0.9327014218009478,75.0,0.66,0,False,▅▅▆▁▆▆█▆▅▆▆▅▅▆▆▇▅▄▄▅,False,False,False,0,-0.07355122219170562,-0.1647187004754358,-0.023052561188842913,-0.13271011464300075,UP,False,12,8.0,IGNORE,NONE,,NEUTRAL,C,WAIT,No standout factor,Finance,27.7
ZENSARTECH,436.7,434.9,452.0,432.5,False,False,False,False,False,False,0.7126170178112189,107.08482279,0.7034247081741563,False,-0.38537745701052745,False,18.63,False,0.5145911306917839,5.0,-1.82,0,False,█▆▅▅███▇▇▆▆▁▃▆▇▇▇▇▆▃,False,False,False,0,-0.05137395459976113,-0.17032392894461867,-0.0008752935968984188,-0.13831534311218363,UP,False,11,8.0,IGNORE,NONE,,NEUTRAL,C,WAIT,No standout factor,Technology Services,25.7
SYMPHONY,585.95,591.0,623.3,578.05,True,False,False,False,False,False,0.5908258675644611,10.617003835,0.5683006790449977,False,-0.16249475471310423,False,16.35,False,0.34727753528530925,1.0,-3.54,0,False,▇▇▇▇▆▆▁▄▄▇▇▆▆▇▅█▇█▆▂,False,False,False,0,-0.0008525876033762536,-0.17086458185934628,0.04964607339948646,-0.13885599602691123,UP,False,11,8.0,IGNORE,NONE,,NEUTRAL,C,WAIT,No standout factor,Producer Manufacturing,27.6
SHARDACROP,729.1,741.15,750.0,727.0,True,False,False,False,False,False,1.4049333705713374,10.269592229999999,1.340870229636484,False,-0.25228506766925846,False,46.34,False,0.8852718953873782,58.0,0.24,0,False,▆▅▄▆▅▅▂▅▃██▇▅▅▄▂▄▅▁▃,False,False,False,0,-0.04928934672056329,-0.17662337662337657,0.001209314282299423,-0.14461479079094153,UP,False,10,8.0,IGNORE,NONE,,NEUTRAL,C,WAIT,No standout factor,Distribution Services,36.7
CMPDI,204.6,209.9,209.9,203.78,True,False,False,False,False,False,0.40345113901203533,15.8349147,0.36898989842876334,False,-0.1233749491625824,False,44.66,False,0.9750665909785599,67.0,0.38,0,False,▁▇▄▂▅▅▁█▆▅▅▄▅▃▇▅▄▅▄▄,False,False,False,0,-0.11764705882352944,-0.19752117979290873,-0.06714839782066673,-0.1655125939604737,UP,False,8,8.0,IGNORE,NONE,,NEUTRAL,C,WAIT,No standout factor,Commercial Services,27.2
PACEDIGITK,161.81,166.0,167.0,161.0,True,False,False,False,False,False,0.2773099536816838,8.870440381,0.2702258359722535,False,-0.4541466815296059,False,40.02,False,0.8769969101308265,47.0,-0.05,0,False,██▇▇▇█▆▆▇██▇█▇▆▁▄▅▅▆,False,False,False,0,-0.05727103239338138,-0.20290640394088666,-0.006772371390518672,-0.17089781810845162,UP,False,7,8.0,IGNORE,NONE,,NEUTRAL,C,WAIT,No standout factor,Utilities,37.4
GODREJPROP,1669.8,1708.0,1708.0,1667.0,True,False,False,False,False,False,0.6199707105191165,70.51615493999999,0.5716885857249281,False,-0.32811393020680407,False,39.13,False,0.9478707426965749,33.0,-0.45,0,False,▆▃▆▆▃▃▂▅█▁▁▂▄█▄▃▅▆▄▄,False,False,False,0,-0.17119174070581233,-0.2118752064945485,-0.12069307970294962,-0.17986662066211345,UP,False,6,8.0,IGNORE,NONE,,NEUTRAL,C,WAIT,No standout factor,Finance,27.7
HGINFRA,444.55,454.9,454.9,442.0,True,False,False,False,False,False,0.18559276345107198,6.000491445000001,0.17647948400614616,False,-0.346527371325408,False,33.55,False,0.6972225397188249,19.0,-0.78,0,False,██▇▇▇▇██▆███▆█▇▆▇▁▃▅,False,False,False,0,-0.0928476686052444,-0.20594802179155136,-0.042349007602381694,-0.17393943595911632,UP,False,6,8.0,IGNORE,NONE,,NEUTRAL,C,WAIT,No standout factor,Industrial Services,34.5
BORORENEW,452.25,455.45,462.65,449.9,True,False,False,False,False,False,0.7009491243416367,13.9578822,0.6612592668151225,False,-0.20465706015224108,False,44.54,False,0.9242581448433285,39.0,-0.13,0,False,▇▇▅▁▅▃▆█▄▇▇▆▅▅▃▁▄▆▇▄,False,False,False,0,-0.10017906884202155,-0.2407454041803072,-0.049680407839158836,-0.20873681834787217,UP,False,4,8.0,IGNORE,NONE,,NEUTRAL,C,WAIT,No standout factor,Process Industries,26.7
PSPPROJECT,779.1,806.65,806.65,775.0,True,False,False,False,False,False,1.484225795598737,5.79143985,1.3788741959206563,False,-0.39305250136083714,False,42.64,False,0.8083335702979119,25.0,-0.5,0,False,▄▁▆▆▃█▆▁▄██▄▆▄▆▄▅▄▅▂,False,False,False,0,-0.11132656552982778,-0.27343094283316227,-0.06082790452696507,-0.24142235700072723,UP,False,3,8.0,IGNORE,NONE,,NEUTRAL,C,WAIT,No standout factor,Industrial Services,34.5
AVANTIFEED,741.5,753.1,756.95,739.0,True,False,False,False,False,False,0.5142475799007573,10.79631415,0.47786218857905377,False,-0.13265475230346946,False,37.59,False,0.890652766259922,64.0,0.39,0,False,▅▃▇▄▆█▁▇▅▆▆▆▅▆▅▇▅█▃▄,False,False,False,0,-0.10088517036498124,-0.2830206923225682,-0.050386509362118526,-0.25101210649013317,UP,False,2,8.0,IGNORE,NONE,,NEUTRAL,C,WAIT,No standout factor,Process Industries,26.7
KPEL,220.54,219.14,229.4,219.14,True,False,False,False,False,False,1.1060469526428545,7.9569949840000005,1.0651555338997771,False,-0.2695444798952903,False,32.25,False,0.6557877077931982,6.0,-1.65,0,False,▅▇▅▅▄▄▇▂▇██▃▅▃▂▃▂▂▇▁,False,False,False,0,-0.09836467702371221,-0.30396086476250594,-0.0478660160208495,-0.2719522789300709,UP,False,2,8.0,IGNORE,NONE,,NEUTRAL,C,WAIT,No standout factor,Utilities,37.4
GOODLUCK,522.0,525.9,531.45,515.0,True,False,False,False,False,False,0.45140391921515194,14.7708252,0.4645203400241369,False,-0.051383229281562776,False,37.54,False,0.8416662929913458,5.0,-1.56,0,False,▃▅▅▃██▆▂▄▃▃▁▄▅▃▁▂▅▅▁,False,False,False,0,0.12403100775193798,-0.6654703922071263,0.1745296687548007,-0.6334618063746913,UP,False,1,8.0,IGNORE,NONE,,NEUTRAL,C,WAIT,No standout factor,Non-Energy Minerals,33.3
VGUARD,307.25,306.85,308.3,298.8,False,False,False,False,False,False,0.7758797540342501,11.78309895,0.7161837191380694,False,-0.1473852538165052,False,50.58,False,0.8894594309429185,39.0,-0.18,0,False,▃▄▃▄▁▂▂▁▁▂▂▃█▆▁▆▅▃▅▁,False,False,False,2,-0.11289158365814933,0.020933709918591115,-0.06239292265528662,0.05294229575102616,FLAT,True,63,7.0,IGNORE,NONE,,NEUTRAL,C,WAIT,No standout factor,Producer Manufacturing,27.6
KALPATARU,275.8,286.8,286.8,272.8,True,True,False,False,False,False,1.3774377154330146,2.05106944,1.3925736440680896,False,-0.18531240597985754,False,28.17,False,0.5835983384953232,7.0,-1.63,0,False,▆▆▄▄█▆█▆▅▆▆▅▄█▆▅▁▂▃▃,False,False,False,0,-0.006484149855907839,0.013225569434239581,0.04401451114695487,0.045234155266674625,FLAT,True,61,7.0,IGNORE,NONE,,NEUTRAL,C,WAIT,No standout factor,Finance,27.7
PRINCEPIPE,257.75,262.0,263.95,255.45,True,False,False,False,False,False,0.7328590426599754,2.705163575,0.6860082454807752,False,-0.27016295969430415,False,52.68,True,1.0115790080073737,67.0,0.47,0,False,▁▂▃▄▁▁▃█▂▅▅▁▂▁▃▃▂▇▃▃,False,False,False,0,-0.12359741584495076,-0.036448598130841114,-0.07309875484208805,-0.004440012298406071,FLAT,False,50,6.0,IGNORE,NONE,,NEUTRAL,C,WAIT,No standout factor,Producer Manufacturing,27.6
DOLATALGO,65.79,67.5,67.6,65.6,True,False,False,False,False,False,0.775365884854936,0.5882612850000001,0.7369346485015211,False,-0.2922731497041152,False,63.22,True,1.0968268012977325,89.0,1.17,0,False,▃▄▁▇▁▆▅▃▁▅▅▄▂▆▅▄█▆▅▆,False,False,False,0,-0.08650374895862245,-0.04263678696158313,-0.03600508795575974,-0.010628201129148085,FLAT,False,48,6.0,IGNORE,SEED,,NEUTRAL,C,WAIT,No standout factor,Finance,27.7
PLATIND,205.91,210.0,212.89,204.0,True,False,False,False,False,False,0.5521049466309266,0.672007876,0.507510982026229,False,-0.17614317115047382,False,51.67,False,0.9022727074293,51.0,0.03,0,True,▂▂▁▆▆▂▃▅▂▃▃▁▇▃▅█▄▄▂▂,False,False,False,0,-0.12490437739056526,-0.10051546391752575,-0.07440571638770255,-0.0685068780850907,FLAT,False,29,6.0,IGNORE,NONE,,NEUTRAL,C,WAIT,No standout factor,Process Industries,26.7
KIOCL,331.0,342.45,342.5,328.4,True,False,False,False,False,False,0.9679705068551353,2.4733975,0.8948042628497548,False,-0.4066020328904876,False,36.54,False,0.8222507257138999,62.0,0.22,0,True,▄▃▇▄▅▆▄▅▅██▇▃▄▅▂▅█▁▃,False,False,False,0,-0.13168940188877232,-0.1097364174287252,-0.0811907408859096,-0.07772783159629015,FLAT,False,26,6.0,IGNORE,NONE,,NEUTRAL,C,WAIT,No standout factor,Non-Energy Minerals,33.3
ORKLAINDIA,554.3,554.9,559.75,547.05,True,False,False,False,False,False,0.6356119110763909,2.8953860499999995,0.6077333533905056,False,-0.3052225289112697,True,48.39,False,0.8247264546477145,15.0,-0.81,0,False,▆▃▁▄▂▂▄▄▃▅▅█▅▄▇▃▆▆▅▂,False,False,False,0,-0.06777665657584941,-0.04783990380486136,-0.017277995572986704,-0.015831317972426318,FLAT,False,46,5.0,IGNORE,NONE,,NEUTRAL,C,WAIT,No standout factor,Consumer Non-Durables,29.3
NIITLTD,86.92,87.9,88.34,86.2,True,False,False,False,False,False,0.5495669064134145,1.242425788,0.5030390022411583,False,-0.416942915622109,True,45.52,False,0.9646520301771637,60.0,0.34,0,False,▃▄▅▄▄▃▅▅▆██▁▃▁▄▄▃▄▂▄,False,False,False,0,-0.14313880126182965,-0.11801116184677829,-0.09264014025896694,-0.08600257601434325,FLAT,False,24,5.0,IGNORE,NONE,,NEUTRAL,C,WAIT,No standout factor,Commercial Services,27.2
HAVELLS,1085.0,1099.9,1099.9,1074.5,True,False,False,False,False,False,0.9504159477358755,79.762039,0.903174194271263,False,-0.1744531397427505,False,53.28,False,0.9312568821771275,39.0,-0.32,0,False,▇▆▃▄▃▅█▅▇▆▆▆▅▆▃▃▄▁▃▄,False,False,False,0,-0.1278836106422313,-0.09605931850370741,-0.0773849496393686,-0.06405073267127237,FLAT,False,30,4.0,IGNORE,NONE,,NEUTRAL,C,WAIT,No standout factor,Producer Manufacturing,27.6
IFBIND,1214.2,1245.8,1249.7,1206.9,True,False,False,False,False,False,0.9339887979236117,3.5260368,0.8909570189301449,False,-0.1378476542113219,False,26.78,False,0.5439441025328541,2.0,-2.04,0,False,▄▆▄▅█▅▇▆▅▄▄▄▅▅▅▇▂▄▆▁,False,False,False,0,-0.08802764007811326,-0.09637567909503608,-0.037528979075250546,-0.06436709326260104,UP,False,30,4.0,IGNORE,NONE,,NEUTRAL,C,WAIT,No standout factor,Consumer Durables,24.3
ROTO,62.55,62.52,64.5,62.12,True,False,False,False,False,False,0.7093232062448542,2.039974425,0.6909830991241699,False,-0.20430390221067288,False,24.66,False,0.6686369675442639,17.0,-1.03,0,False,▇▄▆▇▇█▂▃▄██▆▃▆▃▇▇▁▅▃,False,False,False,0,-0.004773269689737569,-0.09701169337375481,0.04572539131312514,-0.06500310754131977,UP,False,30,4.0,IGNORE,NONE,,NEUTRAL,C,WAIT,No standout factor,Producer Manufacturing,27.6
PASHUPATI,77.27,80.15,80.15,77.0,True,False,False,False,False,False,0.47916626996509937,0.476385004,0.45972596993031317,False,-0.6964314197273013,False,32.5,False,0.7439454287414733,13.0,-1.1,0,False,███▆▆▃▁▇▃▁▁▆▅▄▅▅▅▄▆▄,False,False,False,0,-0.07283417326613884,-0.11407933960100902,-0.022335512263276125,-0.08207075376857398,UP,False,25,4.0,IGNORE,NONE,,NEUTRAL,C,WAIT,No standout factor,Process Industries,26.7
LUXIND,1124.6,1170.0,1171.9,1120.1,True,False,False,False,False,False,0.48839698069413595,2.8869606599999997,0.4753282959665711,False,-0.05643244501930662,False,49.17,False,0.9690101985515102,43.0,-0.04,0,False,█▆▇▄▆▇▇▇▇████▁▁▅▆▇▃▆,False,False,False,0,-0.07073211039497618,-0.12106291520125056,-0.020233449392113467,-0.08905432936881552,UP,False,23,4.0,IGNORE,NONE,,NEUTRAL,C,WAIT,No standout factor,Consumer Non-Durables,29.3
VSTIND,204.0,205.4,206.09,203.1,True,False,False,False,False,False,0.8486657174330738,1.8372444,0.8373568668775097,False,-0.08196773531343741,False,58.99,False,0.9829373146265872,58.0,0.29,0,False,▅▇▆▇▃▆▇▆▆▇▇▅▄▁█▆▄▅█▆,False,False,False,0,-0.027367216553828566,-0.11821914847633452,0.023131444449034144,-0.08621056264389948,UP,False,23,4.0,IGNORE,NONE,,NEUTRAL,C,WAIT,No standout factor,Consumer Non-Durables,29.3
IPL,131.56,133.9,133.9,131.0,True,False,False,False,False,False,0.07523031060290025,1.566327048,0.07194966845519381,False,-0.5633711687687298,False,47.06,False,0.9536354056902002,38.0,-0.15,0,False,▆▅▅█▆▆▇▆▅▇▇▁▃▆▅▅▆▆▄▅,False,False,False,0,-0.038725705100102426,-0.12141044477093632,0.011772955902760285,-0.08940185893850128,UP,False,22,4.0,IGNORE,NONE,,NEUTRAL,C,WAIT,No standout factor,Process Industries,26.7
NIITMTS,205.39,212.1,212.2,204.65,True,False,False,False,False,False,0.5377305514558365,2.211660059,0.4909129983651906,False,-0.1298597460429682,False,51.86,False,0.9847053573971576,48.0,-0.17,0,False,▅█▇▇▄▇▆▅▆▁▁▄▅▃▃▃▅▅▃▄,False,False,False,0,-0.0956762944698838,-0.12592561069027153,-0.04517763346702108,-0.09391702485783648,UP,False,21,4.0,IGNORE,NONE,,NEUTRAL,C,WAIT,No standout factor,Commercial Services,27.2
SHALBY,143.25,146.5,146.99,142.15,True,False,False,False,False,False,0.5724803687500862,0.9507789,0.5765947521655801,False,-0.2564160320237604,False,55.62,False,0.9936933878834437,66.0,0.41,0,False,▅▄█▆▅▆▅▇█▄▄▆▄▅▅▆▄▁▁▅,False,False,False,0,-0.07741353770850778,-0.1311863173216885,-0.026914876705645074,-0.09917773148925346,UP,False,19,4.0,IGNORE,NONE,,NEUTRAL,C,WAIT,No standout factor,Health Services,24.1
INDIANHUME,350.35,359.85,359.85,348.6,True,False,False,False,False,False,0.38232893881601415,0.7903195300000001,0.36064259353510053,False,-0.2924065744312154,False,49.14,False,0.9335815791473516,31.0,-0.36,0,False,▆▇▁▄▅▆▆▅▇▆▆▄▁▁▇▄▆▄█▄,False,False,False,0,-0.08020477815699645,-0.13161482215887954,-0.029706117154133738,-0.0996062363264445,UP,False,19,4.0,IGNORE,NONE,,NEUTRAL,C,WAIT,No standout factor,Producer Manufacturing,27.6
GALLANTT,536.55,539.1,545.85,534.35,True,False,False,False,False,False,0.3426594626920218,1.77082962,0.3327601512831853,False,-0.44368251069302506,False,43.53,False,0.959412847271966,57.0,0.25,0,False,▇█▆▆▂▆▇▆▆▇▇▇▆▅▆▁▄▆▃▅,False,False,False,0,-0.05412075804319094,-0.13480609529952436,-0.0036220970403282315,-0.10279750946708932,UP,False,18,4.0,IGNORE,NONE,,NEUTRAL,C,WAIT,No standout factor,Non-Energy Minerals,33.3
GRINFRA,799.3,814.7,814.7,792.3,True,False,False,False,False,False,0.46472755037815866,1.08001416,0.4455969890505122,False,-0.3212528914112001,False,37.38,False,0.8508023216114715,13.0,-1.02,0,False,▃▇▅▃▆▆▇▄▃▇▇█▂▄▁▆▅▇▅▄,False,False,False,0,-0.08776535037662647,-0.13369099875359025,-0.03726668937376376,-0.10168241292115521,UP,False,18,4.0,IGNORE,NONE,,NEUTRAL,C,WAIT,No standout factor,Industrial Services,34.5
KAMAHOLD,2211.0,2238.1,2238.1,2201.0,True,False,False,False,False,False,0.2858795834497067,0.3168363,0.2767039849630291,False,-0.48924973555381945,False,53.22,False,0.7927133526472188,11.0,-1.2,0,False,▆▇█▅▄▅▇▇▆▆▆▆▅▇▆▅▅▁▄▄,False,False,False,0,-0.0721779269827948,-0.15481651376146788,-0.021679265979932083,-0.12280792792903283,UP,False,14,4.0,IGNORE,NONE,,NEUTRAL,C,WAIT,No standout factor,Process Industries,26.7
TEAMLEASE,1140.2,1178.8,1184.0,1135.4,True,False,False,False,False,False,0.9744436818779298,1.9102910800000001,0.8968466352294673,False,-0.22836324691922402,False,47.67,False,0.8158829318386035,22.0,-0.75,0,False,▄▃█▅▅▃▄▄▆▆▆▃▅▅▆▅▆▄▁▃,False,False,False,0,-0.11164783794312427,-0.17520254629629628,-0.06114917694026156,-0.14319396046386124,UP,False,10,4.0,IGNORE,NONE,,NEUTRAL,C,WAIT,No standout factor,Commercial Services,27.2
INDIACEM,312.4,323.2,324.8,310.8,True,False,False,False,False,False,0.8475704732145697,4.74448128,0.7565507987139174,False,-0.07285604046529215,False,40.53,False,0.9731559738762965,54.0,0.08,0,False,▄▇▆▅▆▇▇█▆▅▅▆▁▅▅▆▆▇▄▆,False,False,False,0,-0.1571563469580467,-0.2040764331210192,-0.10665768595518399,-0.17206784728858415,UP,False,7,4.0,IGNORE,NONE,,NEUTRAL,C,WAIT,No standout factor,Non-Energy Minerals,33.3
SHRIRAMPPS,70.09,71.29,72.0,69.9,True,False,False,False,False,False,0.6110803659751641,1.6825384859999999,0.5777763592028095,False,-0.29122718440939915,False,51.94,False,0.9052565532626883,43.0,-0.19,0,False,▁▃▁█▃▂▂▃▂▃▃▂▂▂▂▂▄▃▂▂,False,False,False,0,-0.09009476827210172,-0.20989741855484156,-0.03959610726923901,-0.17788883272240652,UP,False,6,4.0,IGNORE,NONE,,NEUTRAL,C,WAIT,No standout factor,Finance,27.7
INDOSTAR,210.85,215.5,222.06,208.65,True,False,False,False,False,False,0.3609574096174943,1.0101401799999998,0.3106152716467907,False,-0.3122186424395053,False,45.4,False,0.7481563877559427,21.0,-0.79,0,False,█▄▆█▆▄▄█▁▅▅▅▄▇▄█▄▄▅▁,False,False,False,0,-0.1542318491776976,-0.2092630789424339,-0.1037331881748349,-0.17725449310999886,UP,False,6,4.0,IGNORE,NONE,,NEUTRAL,C,WAIT,No standout factor,Finance,27.7
ASALCBR,641.55,644.95,667.0,638.0,True,False,False,False,False,False,1.4477279386212958,2.72620257,1.377526772742504,False,-0.22775461419944473,False,55.41,False,0.9481681753623435,63.0,0.29,0,False,█▇▅▄▅▃▅▄▁▆▆▃▄▅▆▄▅▃█▄,False,False,False,0,-0.08454623287671237,-0.21489322645781073,-0.03404757187384966,-0.18288464062537568,UP,False,5,4.0,IGNORE,NONE,,NEUTRAL,C,WAIT,No standout factor,Consumer Non-Durables,29.3
KITEX,116.13,116.59,118.58,115.0,True,False,False,False,False,False,0.9026928561062487,3.676710639,0.8568005265023743,False,-0.147867919416271,False,42.33,False,0.9832295828300659,57.0,0.24,0,False,▅█▅▆▄▆▄▃▆▆▆▅▄▇▇▁▄▆▃▅,False,False,False,0,-0.08717182832887915,-0.22908921933085502,-0.03667316732601644,-0.19708063349841998,UP,False,4,4.0,IGNORE,NONE,,NEUTRAL,C,WAIT,No standout factor,Process Industries,26.7
FAZE3Q,427.25,434.15,441.8,420.0,True,False,False,False,False,False,0.6947970310195595,0.491123875,0.6467329603103831,False,-0.1872608765682776,False,36.15,False,0.646343643840515,23.0,-0.74,0,False,▅▆▃█▄▆▆▇▁▄▄▇▆█▇▆▅█▄▂,False,False,False,0,-0.12358974358974362,-0.2427330733782347,-0.0730910825868809,-0.21072448754579964,UP,False,4,4.0,IGNORE,NONE,,NEUTRAL,C,WAIT,No standout factor,Process Industries,26.7
