symbol,close,open,high,low,price_down,close_gt_ema20,close_gt_ema50,close_gt_ema200,breakout20,within_15pct_52w_high,volume_ratio,turnover_cr,turnover_ratio,up_day_volume_above_avg,cmf20,cmf_rising,latest_delivery_pct,latest_delivery_above_avg20,delivery_ratio,delivery_percentile,delivery_zscore,consecutive_high_delivery_days,delivery_slope_positive,delivery_sparkline,absorption_day,failed_breakdown_reclaim,failed_breakout,resistance_touches,stock_return_20d,stock_return_50d,rs_raw_20,rs_raw_50,rs_trend,outperform_benchmark_50d,rs_percentile,ics,rating,stage,delivery_tag,regime,action_rank,action,reason,sector,sector_score
EMUDHRA,592.85,535.0,592.85,531.0,False,True,True,True,True,True,10.057979212331189,91.922874625,11.074883126347492,True,0.28811616671593754,True,64.01,True,1.2799312144449666,87.0,1.01,0,False,▁▂▃▄▇▇▅▅▅▅▅▆▃▅▅▆▆▇██,False,True,False,3,0.05479939507161302,0.3472332689467106,0.09159488696240092,0.3642745920828825,FLAT,True,94,86.0,STRONG,MARKUP,,RED,A,NO_DEPLOY,"CMF positive, RS leader",Technology Services,21.0
BALAJITELE,95.48,90.71,98.0,90.51,False,True,True,True,False,False,5.8084898154373015,15.331510040000001,5.861144351086219,True,0.20567589251017643,True,70.28,True,1.2864373118072907,96.0,1.64,0,True,▇▇▅▆▅▆▆▇▆▅▇█▇▁▅▄▆▅██,False,True,False,3,0.028990192908718626,0.04842428900845519,0.06578568479950653,0.0654656121446271,UP,True,68,86.0,STRONG,BUILDING,,RED,B,NO_DEPLOY,"Delivery P96, CMF positive",Consumer Services,29.2
GRPLTD,2046.2,1925.1,2050.0,1925.1,False,True,True,True,True,True,18.088752593127086,4.1036541,18.56949830692673,True,0.44663273097859846,True,88.18,True,1.2715946125227122,98.0,1.95,0,True,▅▅█▅▅▅▁▅▆▇▆▄▂▇▆▆▅▅██,False,True,False,0,0.02218003796583079,0.11924297122853078,0.05897552985661869,0.13628429436470268,FLAT,True,78,80.0,BUILDING,BREAKOUT,,RED,B,NO_DEPLOY,"Delivery P98, CMF positive",Producer Manufacturing,24.3
ROSSTECH,1265.4,1234.9,1308.2,1211.8,False,True,True,True,True,True,5.139979000852637,134.4860793,5.775558724296039,True,0.021585477736214026,True,47.43,True,1.083000342504852,73.0,0.56,0,True,▁▄▃▂▄▅█▃▃▃▃▃▆▃▃▂▂▂▄▄,False,False,False,13,0.1466630420008157,0.3077718065316246,0.1834585338916036,0.3248131296677965,FLAT,True,92,79.0,BUILDING,NONE,,RED,B,NO_DEPLOY,"CMF positive, RS leader",Electronic Technology,25.8
VENUSREM,1797.5,1749.9,1800.8,1706.8,False,True,True,True,True,True,1.7646673076254629,44.25894375,2.1710958540240632,True,0.4306109637173773,True,44.1,False,0.6447886891489814,16.0,-0.95,0,True,▃▅▃▄▃▅▃████▅█▄▄▂▁▂▃▂,False,False,False,14,0.9713753016012285,1.0834540712836858,1.0081707934920163,1.1004953944198577,FLAT,True,100,78.0,BUILDING,NONE,,RED,B,NO_DEPLOY,"CMF positive, RS leader",Health Technology,30.5
PAYTM,1807.5,1745.0,1840.0,1726.8,False,True,True,True,True,True,2.4065257540330136,1675.4501955,2.6191649305410043,True,0.24596455635222741,True,35.19,False,0.7919343767933296,23.0,-0.68,0,True,▁▃▇█▇▃█▇▃▅▄▆▅▅▄█▅▂▃▃,False,False,False,7,0.1275733000623831,0.47985917799246747,0.164368791953171,0.49690050112863937,FLAT,True,97,78.0,BUILDING,NONE,,RED,B,NO_DEPLOY,"CMF positive, RS leader",Finance,28.2
JINDALPHOT,1099.6,1001.5,1154.0,1001.5,False,True,True,False,True,False,40.152195309311765,9.196064759999999,42.897154220916946,True,0.056241353450585084,True,69.45,True,1.0740050568704622,90.0,1.28,0,True,▃█▆▅▇▃▁▃▄█▂▄▅▂█▅▆█▆▆,False,True,False,0,0.0316164743409324,-0.04473981409086958,0.0684119662317203,-0.027698490954697674,UP,False,45,77.0,BUILDING,BREAKOUT,,RED,B,NO_DEPLOY,"Delivery P90, CMF positive",Finance,28.2
ARROWGREEN,838.55,835.9,883.85,815.25,False,True,True,True,True,True,11.013705329306909,18.885068405,12.359580135955088,True,0.010627272532624608,False,51.27,True,1.1591417783907214,36.0,-0.09,0,False,▇▆▇█▆█▇▇██▃▅▆▇▆▅▅▁▃▇,False,True,False,6,0.1483053748716192,0.264018691588785,0.1851008667624071,0.2810600147249569,FLAT,True,90,76.0,BUILDING,NONE,,RED,B,NO_DEPLOY,"CMF positive, RS leader",Process Industries,22.6
RATNAVEER,289.6,285.9,296.3,278.3,False,True,True,True,False,True,1.1248524242538447,187.82407648000003,1.1607972830837252,True,0.10612710442063837,False,56.29,True,2.078080295339179,92.0,1.24,2,True,▁▁▁▁▄▄▁▂▂▂▃▃▃▃▄▆▄▃██,False,False,False,11,0.14834053689678428,0.6271491178784134,0.18513602878757218,0.6441904410145853,FLAT,True,98,75.0,BUILDING,BUILDING,DEL56% ▁▁▁▁▄▄▁▂▂▂▃▃▃▃▄▆▄▃██ P92 Z+1.2 2D,RED,B,NO_DEPLOY,"Delivery P92, 2D high delivery, CMF positive, RS leader",Non-Energy Minerals,28.3
HEG,728.25,709.0,744.9,695.8,False,True,True,True,False,True,1.5305678333689678,186.50555325,1.559009930400783,True,0.06070578111905269,True,40.65,True,1.1074634591546226,75.0,0.68,0,False,▆▄▄▆▃▅▁▇▄▃▄▄▃▄▆▆▁██▆,False,False,False,10,0.08048961424332335,0.4003461205653305,0.11728510613411125,0.4173874437015024,FLAT,True,95,74.0,BUILDING,NONE,,RED,B,NO_DEPLOY,"CMF positive, RS leader",Electronic Technology,25.8
PFOCUS,319.0,310.95,323.7,310.1,False,True,True,True,True,True,1.6264209895985735,57.6433957,1.7351489431751266,True,0.03982229863544336,False,52.36,True,1.2348619742226101,92.0,1.54,0,False,▁█▇▇▄▇▅▆▇▆▄▅▄▆▄▄▄▆▇▇,False,False,False,7,0.11441048034934487,0.35519775691405764,0.15120597224013277,0.37223908005022954,FLAT,True,94,74.0,BUILDING,BREAKOUT,,RED,B,NO_DEPLOY,"Delivery P92, CMF positive, RS leader",Consumer Services,29.2
ACMESOLAR,420.4,402.15,426.15,402.15,False,True,True,True,True,True,2.384862774668455,221.19606647999998,2.4970733413117996,True,0.18442776856237322,True,47.95,True,1.0459041781636147,58.0,0.16,0,False,▄▂▂▃▆▃▄▅▄█▃▃▄▁▃▅▄▄▅▅,False,False,False,8,0.13086751849361122,0.14503608879204677,0.16766301038439912,0.16207741192821867,UP,True,81,74.0,BUILDING,NONE,,RED,B,NO_DEPLOY,CMF positive,Industrial Services,34.0
GMMPFAUDLR,1348.0,1325.0,1384.8,1323.7,False,True,True,True,True,True,3.3373726581459127,155.9614432,3.7698946742327046,True,0.14240772434337123,False,52.6,True,1.0554407368019745,28.0,-0.47,0,False,▇▇▇██▆▆▇▆▆▄▆▇▁▄▂▄▆▆▆,False,False,False,12,0.3071515151515152,0.7566951195673421,0.3439470070423031,0.773736442703514,FLAT,True,99,73.0,BUILDING,NONE,,RED,B,NO_DEPLOY,"CMF positive, RS leader",Producer Manufacturing,24.3
GRANULES,872.6,917.0,923.65,872.5,True,True,True,True,False,True,1.725339659605244,183.74975197999998,1.7182863565339972,False,0.1646863526493044,False,63.58,True,1.207780859389841,97.0,1.7,0,True,▅▃▃▅▃▆▅▅█▅▃▁▂▃▃▁▆▁▇▇,False,False,False,4,0.025140977443609103,0.010479995367957962,0.061936469334397004,0.027521318504129866,UP,True,59,73.0,BUILDING,BUILDING,,RED,B,NO_DEPLOY,"Delivery P97, CMF positive",Health Technology,30.5
SIGMAADV,763.65,730.95,763.65,730.95,False,True,True,True,True,True,1.7437673274959988,71.98256538,2.3807896635157135,True,0.08891886335422795,True,58.91,False,0.9522731865023237,34.0,-0.49,0,False,▃▂▂▁▁▅▂▂▂▂▂▄▄█▃▁▃█▄▃,False,False,False,13,0.7909240150093808,2.8941866394696585,0.8277195069001687,2.9112279626058304,FLAT,True,100,72.0,BUILDING,NONE,,RED,B,NO_DEPLOY,"CMF positive, RS leader",Technology Services,21.0
OPTIEMUS,604.95,569.6,622.1,567.85,False,True,True,True,True,True,7.891539484968445,119.73908439000002,8.270623504330015,True,0.18565983116452273,True,54.97,True,1.1855670103092784,72.0,0.47,0,False,▇█▆▇▁▃▆▆▅▅▇▇▆▆▇█▇▃██,False,True,False,0,0.0976140796516376,0.16157834101382518,0.1344095715424255,0.17861966414999708,FLAT,True,82,72.0,BUILDING,NONE,,RED,B,NO_DEPLOY,CMF positive,Distribution Services,31.7
SHREEJISPG,684.0,691.75,711.65,655.85,True,True,True,True,False,True,3.106138821947102,223.6339368,3.221845983192149,False,0.1692486314734167,False,41.76,True,1.028482766263992,62.0,0.21,0,True,▃▃▄▇▅▇▄▅█▅▁▇▄▅▄▄▅▅▅▅,False,False,False,6,0.09291363745306369,0.3132379763847557,0.1297091293438516,0.3302792995209276,FLAT,True,93,71.0,BUILDING,BUILDING,,RED,B,NO_DEPLOY,"CMF positive, RS leader",Transportation,28.8
ADANIPORTS,1765.2,1719.0,1785.9,1706.0,False,True,True,True,True,True,2.450017499434721,962.1690378,2.5931064712352945,True,0.08538338661104983,True,61.38,True,1.0360367963541226,87.0,1.22,0,True,▂▅▆▅▄▂▅▄▅█▁▂▂▄▄▅▃▅▄▄,False,False,False,0,0.06018018018018023,-0.04490855967968832,0.09697567207096813,-0.027867236543516416,UP,False,45,71.0,BUILDING,NONE,,RED,B,NO_DEPLOY,CMF positive,Transportation,28.8
MAXHEALTH,1037.5,992.7,1040.4,992.2,False,True,True,False,False,True,2.4430145380732196,476.31075125,2.514645667084667,True,0.2558929320768665,True,58.79,True,1.052970939864774,50.0,0.0,0,True,▂▇▅▃▅▄▄▆█▇▁▄▃▅▄▇▁▆▅▅,False,True,False,0,-0.016587677725118488,-0.09782608695652173,0.020207814165669413,-0.08078476382034983,UP,False,30,71.0,BUILDING,BUILDING,,RED,B,NO_DEPLOY,CMF positive,Health Services,27.6
KISSHT,340.3,332.0,350.5,332.0,False,True,True,True,True,True,3.362341782845303,143.90956909000002,3.6590261662689394,True,0.041348089828025875,False,55.05,True,1.11537721226611,96.0,1.82,0,True,▃▇▁▅▂▇▇█▅▅▅▅▁▄▄▅▄▃▇▇,False,False,False,0,0.11537200917731893,0.05683229813664603,0.15216750106810684,0.07387362127281794,UP,True,69,70.0,BUILDING,BREAKOUT,,RED,B,NO_DEPLOY,"Delivery P96, CMF positive",Finance,28.2
INVPRECQ,960.0,942.8,999.0,889.0,False,True,True,True,True,True,2.31796391669096,2.748,2.5249461237151496,True,0.2792263726426544,False,55.27,False,0.784695108965713,23.0,-0.74,0,True,▁▇██▄▇▅▅▆▆▅█▇▅▇▇▄▂▂▃,False,False,False,4,0.1578122173310017,0.5192277259059979,0.1946077092217896,0.5362690490421698,FLAT,True,97,69.0,WATCH,NONE,,RED,C,NO_DEPLOY,"CMF positive, RS leader",Producer Manufacturing,24.3
AEGISVOPAK,302.0,298.4,311.0,292.8,False,True,True,True,True,True,4.917541365313804,134.3174596,5.25439497941902,True,0.18812598937522085,False,49.66,True,1.226082018615905,74.0,0.59,0,True,▁▅▄▂▃▅█▄▅▃▄▁▂▄▅▄▄▄▇▇,False,False,False,1,0.09898107714701587,0.02609404729546072,0.13577656903780377,0.043135370431632625,UP,True,63,69.0,WATCH,NONE,,RED,C,NO_DEPLOY,CMF positive,Transportation,28.8
MANKIND,2280.5,2280.0,2300.9,2251.8,False,False,False,False,False,True,1.6217142049657887,101.8079054,1.5665988433263898,True,0.14852000998730813,True,71.5,True,1.2209699453551912,92.0,1.52,0,True,▅▁▆▇▃█▃▆▄█▇▂▄▄▃▆▅▅██,False,True,False,0,-0.04180672268907559,-0.08299489324058063,-0.005011230798287691,-0.06595357010440872,UP,False,34,69.0,WATCH,SEED,,RED,C,NO_DEPLOY,"Delivery P92, CMF positive",Health Technology,30.5
UFBL,811.05,809.0,828.9,783.0,False,True,True,True,True,True,0.6606451474355552,8.982297645,0.7336182503286376,False,0.3020118661306201,True,62.37,True,1.0503271220834771,64.0,0.47,0,True,▁▂▃▁▃▄▂▂▃▆▅▃▃▂▂█▃▄▁▃,False,False,False,5,0.09608757348469488,0.6647167487684729,0.13288306537548278,0.6817580719046448,FLAT,True,98,68.0,WATCH,NONE,,RED,C,NO_DEPLOY,"CMF positive, RS leader",Consumer Services,29.2
KOPRAN,249.9,235.26,267.0,233.15,False,True,True,True,True,True,37.81077968129661,396.27795039,41.461530913869254,True,-0.005447741814501266,True,42.9,True,1.1794949342204748,31.0,-0.4,0,False,▁▅▆▅▁▂▄▄▃▅▆▆▅▇█▅▆▇▆▆,False,False,False,8,0.2401369659073993,0.3194994455884683,0.2769324577981872,0.3365407687246402,FLAT,True,93,68.0,WATCH,NONE,,RED,C,NO_DEPLOY,RS leader,Health Technology,30.5
MAXESTATES,568.9,559.75,571.5,542.0,False,True,True,True,True,True,0.8034883288910174,14.6406415,0.8580301306656017,False,0.1485519807041288,True,64.33,True,1.1356795452338706,85.0,0.89,0,True,▂▂▄▄▁▂▅▅▆▄▄▄▅▇▇▆▇█▆▆,False,False,False,11,0.1905409647378884,0.28318484267508737,0.2273364566286763,0.30022616581125927,FLAT,True,91,68.0,WATCH,NONE,,RED,C,NO_DEPLOY,"CMF positive, RS leader",Finance,28.2
FSL,283.35,250.15,292.0,250.15,False,True,True,True,True,False,42.17230027584246,961.4244860550001,44.634039069482526,True,0.40670957508592254,True,38.06,False,0.987289234760052,50.0,0.01,0,True,▇▁▄▅▅▄▇▇▃▇▆█▄▄▆▄▆▆▅▅,False,True,False,0,0.07390562819783963,0.16246153846153866,0.11070112008862754,0.17950286159771056,FLAT,True,83,68.0,WATCH,NONE,,RED,C,NO_DEPLOY,CMF positive,Commercial Services,28.1
MEESHO,217.2,211.4,217.86,210.5,False,True,True,True,True,True,1.1099843472885476,372.10623635999997,1.171739423415237,True,0.11434942048507732,True,54.17,True,1.1786207721848108,87.0,1.07,0,True,█▄▁▃▁▁▅▅▅▅▅▄▁▃▆▆▆▃▆▆,False,False,False,12,0.13183949973944764,0.14436248682824004,0.16863499163023554,0.16140380996441195,UP,True,81,68.0,WATCH,NONE,,RED,C,NO_DEPLOY,CMF positive,Retail Trade,31.1
TATACHEM,734.9,734.9,734.9,734.9,False,True,True,True,True,False,3.5840469324410593,134.009015,4.168356918828654,True,-0.20533972245581553,True,41.4,True,1.000870322019147,35.0,-0.2,0,True,▇▇▅▄▁▅▃█▁▅▄▆▅▄▃▃▃▁▄▄,False,True,False,0,0.1254211332312405,0.022682994711939797,0.1622166251220284,0.0397243178481117,UP,True,62,68.0,WATCH,NONE,,RED,C,NO_DEPLOY,No standout factor,Process Industries,22.6
KKCL,498.6,498.55,501.95,480.75,False,False,False,True,False,False,3.803782638981727,5.39091306,3.7153151107390614,True,0.13588797319372936,True,85.42,True,1.4532401027577877,99.0,2.5,0,True,▁▅▅▂▆▃▄▅▄▃▁▃▁▄▃▃▇▄██,False,True,False,0,-0.03193864673332669,0.005444646098003769,0.004856845157461209,0.022485969234175673,FLAT,True,58,68.0,WATCH,SEED,,RED,C,NO_DEPLOY,"Delivery P99, CMF positive",Consumer Non-Durables,28.4
HATSUN,1275.0,1207.2,1349.7,1207.2,False,True,True,True,True,True,7.687696345663299,111.5115,8.720101318916774,True,0.17031058916298575,False,38.05,False,0.8143479330971973,8.0,-1.21,0,False,▄█▃▅▂▃▂▁▄▅▅▆▄▂▂▅▃▂▂▂,False,False,False,15,0.2939564621708022,0.4221974344673731,0.3307519540615901,0.439238757603545,FLAT,True,96,67.0,WATCH,NONE,,RED,C,NO_DEPLOY,"CMF positive, RS leader",Consumer Non-Durables,28.4
COFORGE,1775.5,1887.3,1893.6,1765.6,True,False,True,True,False,True,1.843043243571255,813.73703965,1.7234711423527287,False,0.2665444892637125,False,52.76,True,1.0422140133931215,75.0,0.61,0,True,▅▁▅▅█▃▄▇▁▅▆▇▆▅▇▆▄▂▆▆,False,True,False,10,0.0014100394811054073,0.17101965439915578,0.03820553137189331,0.1880609775353277,FLAT,True,83,67.0,WATCH,NONE,,RED,C,NO_DEPLOY,CMF positive,Technology Services,21.0
BHAGERIA,226.35,229.25,229.8,217.0,True,True,True,True,False,True,1.7349288012623318,5.30224875,1.9184443932858108,False,-0.03203481227702186,True,58.51,True,1.0326600128839822,71.0,0.67,0,True,█▆▄▇▇▅▇▅▁▅▁▃▆▇▆█▇█▆▆,False,False,False,7,0.4080870917573871,0.4403436207445115,0.444882583648175,0.4573849438806834,FLAT,True,96,66.0,WATCH,NONE,,RED,C,NO_DEPLOY,RS leader,Process Industries,22.6
ADANIENT,3104.1,2959.9,3142.0,2935.2,False,True,True,True,False,True,2.800334590917633,1631.41128306,2.9479574513128366,True,-0.19633276961990492,True,47.55,True,1.0220641181338463,90.0,1.33,0,True,▃▄▅▄▄▂▄▅▂█▃▂▂▁▃▃▂▂▃▃,False,False,False,2,0.0396556921324982,-0.012565211859015157,0.0764511840232861,0.004476111277156747,UP,True,53,66.0,WATCH,SEED,,RED,C,NO_DEPLOY,Delivery P90,Distribution Services,31.7
BLISSGVS,527.1,523.55,532.8,523.55,False,True,True,True,False,True,0.35569503174414324,20.72968338,0.3979034185775732,False,0.20976216365175146,False,53.68,True,1.2372084447312621,93.0,1.41,0,True,▆▄▄▆▅▄▆▇▅▄▅▇▆█▃▃▁▃▆▇,False,False,False,8,0.15541429197720302,0.9266055045871562,0.19220978386799092,0.9436468277233281,FLAT,True,99,65.0,WATCH,SEED,,RED,C,NO_DEPLOY,"Delivery P93, CMF positive, RS leader",Health Technology,30.5
DIACABS,322.85,322.0,329.0,316.5,True,True,True,True,False,True,0.3035503607574197,101.369766685,0.3698383485409561,False,0.181608737827822,False,55.18,True,1.444578250170166,91.0,1.5,0,True,▁▂▃▄▄▃▃▄▅▆▂▂▂▂▃▄▅▇█▇,False,False,False,11,0.4757507884993373,0.6422503687878327,0.5125462803901252,0.6592916919240046,FLAT,True,98,65.0,WATCH,SEED,,RED,C,NO_DEPLOY,"Delivery P91, CMF positive, RS leader",Producer Manufacturing,24.3
DIVISLAB,9443.0,9575.0,9615.0,9410.0,True,True,True,True,False,True,0.8402678318239413,353.6809549,0.8801766424850395,False,0.3421809381921509,False,75.46,True,1.2643995945074187,99.0,2.13,0,True,▃▄▄▆▂▁▁▃▄▇▄▅▆▅▅▂▄▂██,False,False,False,15,0.09802325581395355,0.44267053701015957,0.13481874770474145,0.4597118601463315,FLAT,True,97,65.0,WATCH,SEED,,RED,C,NO_DEPLOY,"Delivery P99, CMF positive, RS leader",Health Technology,30.5
RUBICON,1815.6,1852.9,1880.5,1805.1,True,True,True,True,False,True,0.6859186374257434,36.38044812,0.6927831222020798,False,0.05081383971217093,False,58.89,True,1.2842516164909334,92.0,1.28,0,True,▂▁▅▅▃▇▂▃▄▆▅▄▇▂▄▃▆▇██,False,False,False,9,0.0063743694917133276,0.3118497109826588,0.04316986138250123,0.3288910341188307,FLAT,True,93,65.0,WATCH,SEED,,RED,C,NO_DEPLOY,"Delivery P92, CMF positive, RS leader",Health Technology,30.5
CORONA,2235.0,2250.0,2292.4,2192.1,False,True,True,True,True,True,1.744579415277272,20.291118,1.789087511469797,True,0.2517635187248104,False,45.4,False,0.88358650487043,49.0,-0.03,0,True,▆▇▄▅▄▆▅▅▄▆█▃▅▃▅▅▁▃▄▄,False,False,False,8,0.055240793201133176,0.1158262606090863,0.09203628509192108,0.1328675837452582,FLAT,True,78,65.0,WATCH,NONE,,RED,C,NO_DEPLOY,CMF positive,Health Technology,30.5
CYIENTDLM,882.7,910.0,924.6,874.0,True,True,True,True,False,True,0.59541203946367,41.26128188,0.6179083527464905,False,0.20573688560182035,True,52.96,True,1.1664170557660118,69.0,0.48,0,True,▃▃▂█▅▂▃▄▄▃▄▄▂▁▂▂▁▂▅▅,False,False,False,12,0.19915772313544355,0.6443740685543966,0.23595321502623146,0.6614153916905685,FLAT,True,98,64.0,WATCH,NONE,,RED,C,NO_DEPLOY,"CMF positive, RS leader",Electronic Technology,25.8
NRAIL,638.85,638.0,685.0,631.0,False,True,True,True,False,True,3.4445534391710875,7.257016575,3.713158684717404,True,0.034067887541445435,False,50.26,False,0.8169036976838683,23.0,-0.61,0,True,▄█▇▆█▃█▅▆▆▄▄█▁▂▁▃▄▃▃,False,False,False,4,0.26768528623871424,0.4483110405803672,0.30448077812950214,0.4653523637165391,FLAT,True,97,64.0,WATCH,NONE,,RED,C,NO_DEPLOY,"CMF positive, RS leader",Process Industries,22.6
PAISALO,84.47,84.92,85.25,83.47,False,True,True,True,True,True,1.1692991833877364,122.14381428099999,1.3255985814975673,True,0.5107348186098548,True,48.59,False,0.9815963313872448,51.0,0.01,0,True,▄▂▂▃▄█▇▆▇▆▇▂▅▄▂▅▂▁▄▄,False,False,False,7,0.2501109960041439,0.214696577509347,0.2869064878949318,0.2317379006455189,UP,True,87,62.0,WATCH,NONE,,RED,C,NO_DEPLOY,CMF positive,Finance,28.2
LUMAXTECH,1991.3,2019.9,2048.9,1951.9,True,True,True,True,False,True,1.6485668216870146,46.44010295,1.6384587580239247,False,0.008484916258908692,True,37.93,False,0.8859665514341774,28.0,-0.46,0,False,█▅▆▆▆▄▅▃▆▄▁▆▅▆▆▅▅▆▄▄,False,True,False,2,-0.011614632451481643,0.3345620266738154,0.025180859439306258,0.3516033498099873,FLAT,True,93,61.0,WATCH,NONE,,RED,C,NO_DEPLOY,"CMF positive, RS leader",Producer Manufacturing,24.3
PINELABS,193.8,201.4,201.4,191.0,True,True,True,True,False,False,1.9384858544931864,1216.65748512,2.0734536787333475,False,0.2580899978406812,False,21.0,False,0.5232731984451311,3.0,-1.79,0,True,▅▆▅▅▆▄▄▃▆█▆▃▆▅▇▃▃▅▁▁,False,False,False,6,0.20988887501560738,0.3063700707785644,0.24668436690639528,0.3234113939147363,FLAT,True,92,61.0,WATCH,NONE,,RED,C,NO_DEPLOY,"CMF positive, RS leader",Technology Services,21.0
WELENT,737.6,790.65,796.35,728.05,True,True,True,True,False,True,5.317120384151151,342.11717248,5.62077057402813,False,0.19208469883903975,False,51.75,True,1.1376501753190367,33.0,-0.39,0,False,▇▆█▁▆▄▅▅▇█▆▄▅▂▅▆▇▅▇▇,False,False,False,9,0.2808891204306676,0.20838794233289648,0.3176846123214555,0.22542926546906839,UP,True,87,61.0,WATCH,NONE,,RED,C,NO_DEPLOY,CMF positive,Industrial Services,34.0
ABB,7388.0,7377.0,7480.0,7361.0,False,False,True,True,False,True,1.9063439186290634,226.0417704,1.8710453476372042,True,-0.06810997976293727,False,49.7,True,1.0426938004825343,69.0,0.4,0,True,▂▅▅▂▁▂▇▅▃▆▄▅█▆▄▅▇▅▅▅,False,True,False,5,-0.04176394293125807,0.06501369468069762,-0.004968451040470168,0.08205501781686952,FLAT,True,70,61.0,WATCH,NONE,,RED,C,NO_DEPLOY,No standout factor,Producer Manufacturing,24.3
PIRAMALFIN,2224.4,2299.0,2299.0,2214.0,True,True,True,True,False,True,0.6171253290831279,57.309664039999994,0.6167266041207997,False,0.06850506990233364,False,72.14,True,1.2819988804279252,96.0,1.8,0,True,▆▃▆▁▃▂▂▂▃▄▅▆▄▃▃▅▆▅██,False,False,False,10,0.08243309002433086,0.036919634532910806,0.11922858191511876,0.05396095766908271,UP,True,65,61.0,WATCH,SEED,,RED,C,NO_DEPLOY,"Delivery P96, CMF positive",Finance,28.2
NIVABUPA,81.5,79.92,83.9,79.63,False,True,False,True,False,True,2.5082275630360495,11.5371563,2.4956485996963838,True,0.015186702968085906,False,60.28,True,1.1164410201322394,70.0,0.52,0,True,▄▃▆▁▇▆▄▇▄▄▂▅██▆▄▅▄▆▆,False,True,False,0,-0.02674946262240263,-0.05780346820809246,0.01004602926838527,-0.04076214507192055,UP,False,42,61.0,WATCH,NONE,,RED,C,NO_DEPLOY,CMF positive,Finance,28.2
IGARASHI,437.05,414.9,476.9,411.0,False,True,True,True,False,False,284.6778433549756,568.65764276,290.86170990807625,True,-0.21843844801830528,True,55.23,True,1.0852713178294573,77.0,0.7,0,True,▃▅▆▇▇▆▆▅▅▅▁▅▅▃█▄▇▅▇▇,False,True,False,0,-0.02964031971580805,-0.0721791741853306,0.007155172174979851,-0.05513785104915869,UP,False,37,61.0,WATCH,NONE,,RED,C,NO_DEPLOY,No standout factor,Producer Manufacturing,24.3
UEL,215.54,216.97,216.97,207.0,False,True,True,True,False,False,2.64413214860126,1.080760668,2.8236564178551524,True,0.30774789132509994,True,67.01,False,0.8169908742326615,66.0,0.17,0,True,████▅█▃██▃█▂▄▃▃█▄▁▃▃,False,False,False,0,0.019776684330052863,0.6905098039215685,0.056572176220840764,0.7075511270577404,FLAT,True,99,60.0,WATCH,NONE,,RED,C,NO_DEPLOY,"CMF positive, RS leader",Utilities,34.3
JSWDULUX,3133.8,3175.1,3199.0,3083.1,True,False,True,True,False,True,2.798022521285361,15.96295044,2.781995747622034,False,0.01038051924452995,False,69.13,True,1.1955243497509684,89.0,1.2,0,True,▁▅▆▅▆▅▅▆▆▅▄▅▆█▂▆█▅▇▇,False,True,False,0,0.00752314814814814,0.008560762100926933,0.04431864003893604,0.025602085237098837,UP,True,58,60.0,WATCH,SEED,,RED,C,NO_DEPLOY,CMF positive,Process Industries,22.6
CGPOWER,925.3,910.7,930.55,910.0,False,True,True,True,True,True,1.4438345639905343,311.66445008999995,1.502192295725243,True,0.19801533999209914,False,52.05,True,1.0908519333542912,68.0,0.39,0,True,▅▄▅▄▅▅▅▁▄█▆▆▄▅▃▅▅▆▅▅,False,False,False,0,0.04200450450450455,-0.05243215565796211,0.07879999639529245,-0.035390832521790205,UP,False,43,60.0,WATCH,NONE,,RED,C,NO_DEPLOY,CMF positive,Producer Manufacturing,24.3
BIRLACABLE,377.95,384.95,411.95,372.75,True,True,True,True,False,True,3.3078054572228317,38.743616705,3.567953496416034,False,0.4212185880624268,False,42.75,False,0.9049630076524943,32.0,-0.45,0,False,▂▂▂▃▄▂▃▁▃▃▄▃▄▃▃█▂▂▂▂,False,False,False,8,0.28953563751748623,1.0531833985223815,0.32633112940827413,1.0702247216585534,FLAT,True,99,59.0,WATCH,NONE,,RED,C,NO_DEPLOY,"CMF positive, RS leader",Producer Manufacturing,24.3
RAYMOND,995.95,1015.6,1122.0,971.3,True,True,True,True,False,True,6.777001513454245,2263.320974965,8.08905840034042,False,0.2973563675898906,False,11.76,False,0.34100794525314615,2.0,-2.86,0,False,▇▇█▇█▆█▇▇▆▆▄▁▃▃▁▂▂▂▂,False,False,False,9,0.59352,0.6317686573277628,0.630315491890788,0.6488099804639347,FLAT,True,98,59.0,WATCH,NONE,,RED,C,NO_DEPLOY,"CMF positive, RS leader",Process Industries,22.6
FILATEX,82.41,89.5,91.3,80.05,True,True,True,True,False,True,2.041283956035764,68.86849593299999,2.032171356279475,False,0.1548933996963533,False,14.15,False,0.2970567241886048,0.0,-3.3,0,True,▅▆▇▅▆▆▅▆██▇▆▅▆▆▅█▅▁▁,False,False,False,2,-0.050028818443804024,0.42973629424011106,-0.013233326553016123,0.44677761737628297,FLAT,True,96,59.0,WATCH,NONE,,RED,C,NO_DEPLOY,"CMF positive, RS leader",Process Industries,22.6
EMIL,185.06,190.49,191.82,183.5,True,True,True,True,False,True,0.7399517440263519,25.874052864000003,0.7391458399533578,False,0.03979107749063084,True,47.52,True,1.1028464671548095,59.0,0.22,0,True,▄▃█▁▆▆▄▅▅▄▆▇▆▅▆▂▇▂▆▆,False,False,False,3,-0.03287170107133519,0.3840400867549172,0.0039237908194527105,0.4010814098910891,FLAT,True,95,59.0,WATCH,NONE,,RED,C,NO_DEPLOY,"CMF positive, RS leader",Retail Trade,31.1
SAKAR,1137.55,1178.0,1179.0,1117.1,True,True,True,True,False,True,0.6189136753112445,13.537413775,0.6917574366935961,False,0.1586219661373057,False,49.37,True,1.0377735270006094,40.0,-0.3,0,True,▇▇▆▇▇▅█▇█▇▁▃▅▇▄▂▅▆▆▆,False,False,False,9,0.27285442542240124,0.3816117082650148,0.30964991731318914,0.3986530314011867,FLAT,True,95,59.0,WATCH,NONE,,RED,C,NO_DEPLOY,"CMF positive, RS leader",Health Technology,30.5
RSL,183.0,191.62,193.09,180.0,True,True,True,True,False,True,1.4428910515225675,12.266856,1.5097815165438826,False,0.2069424918350299,False,57.63,True,1.3147478526697618,80.0,0.86,0,False,█▃▄▃▅▂▁▁▇▂▃▁▃▃▄▄▃▆▆▆,False,False,False,17,0.11239438332016305,0.4022988505747127,0.14918987521095095,0.4193401737108846,FLAT,True,95,59.0,WATCH,NONE,,RED,C,NO_DEPLOY,"CMF positive, RS leader",Non-Energy Minerals,28.3
RACLGEAR,1755.2,1841.0,1850.0,1685.2,True,True,True,True,False,True,2.0599141424302996,38.45590544,2.197405227592355,False,0.11947250017821064,False,9.31,False,0.21775994947782054,2.0,-2.55,0,False,▇▃▆█▆▅▆▇▆▆▅▇▇▆▆▆▅▅▁▁,False,False,False,16,0.25452076334786655,0.32708301829729325,0.29131625523865445,0.34412434143346515,FLAT,True,93,59.0,WATCH,NONE,,RED,C,NO_DEPLOY,"CMF positive, RS leader",Producer Manufacturing,24.3
KSHINTL,1079.5,1184.0,1186.9,1048.25,True,True,True,True,False,True,1.9186435713383754,53.88119145,1.959045978826727,False,0.17120603023435133,False,38.72,False,0.8540768272104641,31.0,-0.51,0,False,▅▅▆▅█▆█▂▇██▇▇▂▁▂▄▃▃▃,False,False,False,5,0.06041257367387032,0.25625509135342717,0.09720806556465822,0.27329641448959907,FLAT,True,90,59.0,WATCH,NONE,,RED,C,NO_DEPLOY,"CMF positive, RS leader",Producer Manufacturing,24.3
AETHER,1583.1,1674.7,1680.0,1567.7,True,False,True,True,False,True,1.8366692033752878,64.15021989,1.757751709900779,False,0.07560280432172839,False,53.29,True,1.1289895448237874,77.0,0.49,0,True,▁▅▅▅▆█▅▄▅▄▃▆▄▆▅▄▄▃▆▆,False,False,False,11,-0.030913320274240985,0.19030075187969908,0.005882171616546916,0.20734207501587099,FLAT,True,85,59.0,WATCH,NONE,,RED,C,NO_DEPLOY,CMF positive,Process Industries,22.6
HAL,5014.0,5031.1,5097.4,5002.9,True,True,True,True,False,True,1.6147532149560129,817.7101956,1.6319484259273935,False,-0.1610530338349689,False,57.15,True,1.2340480663341322,90.0,1.33,0,True,▅█▅▃▃▁▃▅▄▇▆▄▃▁▄▃▅▄▆▆,False,False,False,5,0.0038038038038037403,0.13070539419087157,0.04059929569459164,0.14774671732704348,FLAT,True,80,59.0,WATCH,DISTRIBUTION,,RED,C,NO_DEPLOY,Delivery P90,Electronic Technology,25.8
SAFARI,1532.1,1550.0,1550.0,1490.0,True,True,False,False,False,False,2.6797730808336655,11.42762748,2.6997702190069712,False,0.23659395151919693,True,62.77,True,1.0795332398895874,82.0,0.7,0,True,▅▇▆█▁▃█▄▆▆▆▄▅▃▂▇▆▅▇▇,False,True,False,0,0.033247909360669015,-0.04868053399565353,0.07004340125145692,-0.031639210859481626,UP,False,44,59.0,WATCH,NONE,,RED,C,NO_DEPLOY,CMF positive,Consumer Durables,20.7
SETL,444.75,444.75,444.75,444.75,True,True,True,True,False,True,0.14576050831922763,8.586476925,0.17576367605633184,False,0.5857136297569678,True,33.65,False,0.5674584102732738,5.0,-1.9,0,True,▅▅▅▄▇▃▇▆▆▃▅▂▃▃▅▃▃█▁▁,False,False,False,15,0.44001942690626517,0.7036966098448572,0.47681491879705307,0.7207379329810291,FLAT,True,99,58.0,WATCH,NONE,,RED,C,NO_DEPLOY,"CMF positive, RS leader",Health Technology,30.5
OMAXE,118.04,123.03,123.54,116.65,True,True,True,True,False,True,0.10938536254805642,9.456833620000001,0.10291952546068586,False,0.2272830651258317,True,30.85,True,1.2698086025931263,20.0,-0.84,0,False,▄▇█▇▇▇▂▃▁▄▁▁▄▄▅▇▇▄▆▆,False,False,False,8,0.15804964191111548,0.33726067746686317,0.19484513380190338,0.35430200060303507,FLAT,True,93,58.0,WATCH,NONE,,RED,C,NO_DEPLOY,"CMF positive, RS leader",Finance,28.2
PTCIL,22560.0,23450.0,23885.0,22400.0,True,True,True,True,False,True,0.7719628225265875,78.332832,0.7860558645986355,False,0.24171251787530387,True,31.61,True,1.0225636878285482,15.0,-0.93,0,False,▃▅██▂▄▄▄▂▁▂▂▃▇▄▅█▅▄▄,False,False,False,12,0.13991208124905263,0.2958814406341548,0.17670757313984053,0.3129227637703267,FLAT,True,92,58.0,WATCH,NONE,,RED,C,NO_DEPLOY,"CMF positive, RS leader",Producer Manufacturing,24.3
MANORAMA,1987.1,2050.0,2057.3,1975.0,True,True,True,True,False,True,0.41342093055068996,30.0866811,0.420330101927478,False,0.09573374384869124,True,48.27,True,1.2664803809673737,32.0,-0.31,0,False,▁▂▃▅▅▅▆██▆█▇▅▆▇▄▆▇▇▇,False,False,False,6,0.04529195160441879,0.30276011276470194,0.08208744349520669,0.31980143590087384,FLAT,True,92,58.0,WATCH,NONE,,RED,C,NO_DEPLOY,"CMF positive, RS leader",Consumer Non-Durables,28.4
CYIENT,1078.9,1076.6,1107.2,1065.6,False,True,True,True,False,False,0.5000460751185061,92.53142694,0.5210752484283585,False,0.47690163434811084,True,45.75,True,1.1371686365161628,44.0,-0.16,0,False,█▄▃▄▄▂▁▄▃▂▂▄▃▃▃▄▅▄▄▄,False,False,False,6,0.25665366024110425,0.27213771960853683,0.29344915213189215,0.28917904274470874,UP,True,90,58.0,WATCH,NONE,,RED,C,NO_DEPLOY,"CMF positive, RS leader",Technology Services,21.0
OFSS,11554.0,11762.0,11762.0,11550.0,True,False,True,True,False,True,0.7119384312304696,174.367191,0.6883005605976409,False,0.1963006157966309,True,52.37,True,1.1864253188645475,90.0,1.3,0,True,▇▇▄▄▁▄▃▆▃█▄▆▆▆▃▂▆▆▇▇,False,False,False,10,-0.0031061259706643973,0.06361042069409928,0.033689365920123504,0.08065174383027118,FLAT,True,70,58.0,WATCH,SEED,,RED,C,NO_DEPLOY,"Delivery P90, CMF positive",Technology Services,21.0
APOLLOHOSP,8935.0,8825.0,8974.5,8803.5,False,True,True,True,True,True,0.9399356206695919,322.6044295,0.9583829290001847,False,0.0744661505188989,True,61.09,True,1.0294997430042383,51.0,0.03,0,True,▄▄▅▃▅▃▂▅▃▅▄▅▅█▄▄▁▅▅▅,False,False,False,2,0.03931604047923698,0.036723327725242116,0.07611153237002488,0.05376465086141402,UP,True,65,58.0,WATCH,NONE,,RED,C,NO_DEPLOY,CMF positive,Health Services,27.6
AVL,611.2,616.45,622.35,595.2,True,True,True,True,False,True,1.82335701439063,25.74900032,1.8434167428232449,False,0.10829217966530505,False,65.08,True,1.0421637548641247,85.0,1.04,0,True,▅▃▄▅▃▄█▅▆▅▂█▁▇▆▃▆▃▅▅,False,False,False,0,-0.004803386794756892,-0.061497120921305104,0.03199210509603101,-0.0444557977851332,UP,False,41,58.0,WATCH,SEED,,RED,C,NO_DEPLOY,CMF positive,Retail Trade,31.1
ABDL,631.6,635.0,644.4,622.0,True,True,True,True,False,True,1.8149055559946259,32.99674196,1.8656973200056903,False,0.12644435889926628,False,55.22,True,1.12823970496593,79.0,0.84,0,True,▃▄▆▃▄▁▃▃▄▅▂▄▂▅█▆▄▄▅▅,False,False,False,0,0.03101534443356191,-0.07930029154518947,0.06781083632434981,-0.06225896840901757,UP,False,35,58.0,WATCH,NONE,,RED,C,NO_DEPLOY,CMF positive,Consumer Non-Durables,28.4
STLTECH,405.15,398.3,414.0,396.1,False,True,True,True,True,True,0.8374995805746792,255.440146935,1.1466837399167924,False,0.45204278519638547,False,47.91,False,0.9142519106548227,73.0,0.58,0,True,▂▃▃▃▄▃▂▂▁▁▁▁▃▃▃█▅▇▂▂,False,False,False,17,0.7522273159761266,1.41736276849642,0.7890228078669145,1.434404091632592,FLAT,True,100,57.0,WATCH,NONE,,RED,C,NO_DEPLOY,"CMF positive, RS leader",Technology Services,21.0
SHANTIGEAR,679.25,714.95,728.5,679.25,True,True,True,True,False,True,0.09237296433706452,6.971754075,0.11132107795487736,False,0.5889694647959101,False,36.27,True,1.108174582563131,11.0,-1.2,0,False,▇█▇▂▁▃▂▃▄▃▆▅▄▂▄▆▄▄▅▅,False,False,False,12,0.7463684278184857,0.5296700821979505,0.7831639197092736,0.5467114053341224,UP,True,97,57.0,WATCH,NONE,,RED,C,NO_DEPLOY,"CMF positive, RS leader",Producer Manufacturing,24.3
SOLARA,715.8,761.45,774.0,711.1,True,True,True,True,False,True,0.7616722027016914,49.87257762,0.830895108008187,False,0.23958906250503012,False,38.99,True,1.0498115239633818,21.0,-0.61,0,False,▅█▁▄▅▅▇█▅▆▆██▇▄▆█▃▆▆,False,False,False,10,0.3037064019670339,0.2774159007763004,0.3405018938578218,0.2944572239124723,UP,True,91,57.0,WATCH,NONE,,RED,C,NO_DEPLOY,"CMF positive, RS leader",Health Technology,30.5
QUADFUTURE,484.6,482.0,519.6,473.6,False,True,True,True,True,True,1.4568577006918224,194.30511908000003,1.6019054176226304,True,0.2757371857833059,False,8.98,False,0.2989745638567053,5.0,-1.9,0,False,▇▇█▂▁▂▃▃▄▅▄▅▃▇▄▅▅▅▁▁,False,False,False,3,0.4211143695014663,0.08996851102114256,0.4579098613922542,0.10700983415731447,UP,True,75,57.0,WATCH,NONE,,RED,C,NO_DEPLOY,CMF positive,Producer Manufacturing,24.3
COALINDIA,430.5,420.85,435.35,419.8,False,True,True,True,True,True,2.267830060382682,973.8394743,2.3867392445091844,True,0.04826996379216504,True,47.38,False,0.7878611515277489,27.0,-0.62,0,False,▅▅▆▇▇▇▆▇█▅▅▁▂▅▆▄▄▆▄▄,False,False,False,0,0.051795748839482014,-0.009775733179988477,0.08859124073026992,0.007265589956183427,UP,True,53,57.0,WATCH,NONE,,RED,C,NO_DEPLOY,CMF positive,Energy Minerals,25.9
TSFINV,442.95,437.0,446.45,436.95,False,True,True,True,True,False,1.6149212032016254,4.111949145,1.7064427533933328,True,0.0966311777130291,True,54.93,False,0.9465059576631142,49.0,-0.06,0,True,█▄▅█▅▇▃█▄▆▂▁▅▂▃▃▄▁▄▄,False,False,False,0,0.0642719846227775,-0.04112999242342241,0.1010674765135654,-0.024088669287250508,UP,False,46,57.0,WATCH,NONE,,RED,C,NO_DEPLOY,CMF positive,Finance,28.2
INDUSTOWER,388.0,372.0,390.85,372.0,False,True,False,False,False,False,3.566716521864117,648.1611004,3.6291760463589493,True,0.16016278074944013,True,41.12,False,0.7492438322218576,8.0,-1.65,0,True,▅▅▆▆▅▃▇█▂▅▁▄▆▅▄▆▅▆▂▂,False,True,False,0,-0.012471366759989722,-0.06246224477467688,0.02432412513079818,-0.045420921638504974,UP,False,41,57.0,WATCH,NONE,,RED,C,NO_DEPLOY,CMF positive,Finance,28.2
CAMS,717.35,711.3,732.6,708.05,False,False,False,False,False,True,1.5854800891598289,141.52282516000002,1.5176589413052481,True,0.07981189868489452,True,48.22,False,0.9343693684965216,64.0,0.34,0,True,▆▆██▄▂▄▅▄▅▃▃▇▁▇▃▄▄▃▃,False,True,False,0,-0.058595800524934405,-0.07629410249806845,-0.021800308634146504,-0.059252779361896546,UP,False,36,57.0,WATCH,NONE,,RED,C,NO_DEPLOY,CMF positive,Technology Services,21.0
HAPPYFORGE,2074.3,2171.0,2186.9,2060.6,True,False,True,True,False,True,0.815541410551936,15.562020890000001,0.7398846367589283,False,0.0005303719966325187,False,70.11,True,1.231069086311797,97.0,1.88,0,True,▁▁▃▅▄▅▅▂▅▅▃▄▂▅▄▃▇▅██,False,False,False,5,-0.08241174909316096,0.3868422812061243,-0.045616257202373056,0.4038836043422962,FLAT,True,95,56.0,WATCH,SEED,,RED,C,NO_DEPLOY,"Delivery P97, CMF positive, RS leader",Producer Manufacturing,24.3
YATHARTH,981.8,1000.0,1024.0,972.0,False,True,True,True,False,True,1.6347029004503695,68.1099205,1.6880732128874745,True,0.021399256106598936,False,46.07,True,1.048689991122442,51.0,-0.02,0,False,▆▇█▆▂▃▄▅▁▆▄▂▄▄▂▃▃▁▅▅,False,False,False,9,0.14964871194379392,0.1871825876662636,0.18644420383458182,0.20422391080243552,FLAT,True,85,56.0,WATCH,NONE,,RED,C,NO_DEPLOY,CMF positive,Health Services,27.6
GLAND,2895.5,2930.0,2940.0,2856.9,True,True,True,True,False,True,0.8836761689578572,144.18344935,0.8757526580882209,False,0.1670694263103309,True,52.71,True,1.0025200893918502,50.0,-0.07,0,True,▇▄▇▃▅▂▅▄▅█▃▁▆▃▂▄▅▄▄▄,False,False,False,4,0.012908416707479109,0.13549019607843138,0.04970390859826701,0.15253151921460328,FLAT,True,80,56.0,WATCH,NONE,,RED,C,NO_DEPLOY,CMF positive,Health Technology,30.5
GLENMARK,2371.7,2420.8,2429.8,2346.6,True,False,True,True,False,True,0.5598640904630843,65.3687954,0.5491020038337857,False,0.1319234030067354,True,55.31,True,1.1652060335383838,83.0,0.87,0,True,█▃▂▁▃▃▂▃▄▅▂▅▆▆▂▄▂▆▅▅,False,False,False,8,0.02893709327548799,0.04715439975274838,0.06573258516627589,0.06419572288892028,UP,True,68,56.0,WATCH,NONE,,RED,C,NO_DEPLOY,CMF positive,Health Technology,30.5
TATASTEEL,188.14,184.8,190.26,183.41,False,True,False,False,False,True,1.6031341803667156,826.2745689799999,1.6267367673202453,True,0.05190457717795729,True,50.34,False,0.9515258626392841,67.0,0.42,0,True,▅▄▆▇▆▆▄▆█▇▂▅▁▃▂▅▃▅▄▄,False,False,False,0,0.010418904403866724,0.01603931522384827,0.047214396294654626,0.033080638360020176,UP,True,60,56.0,WATCH,NONE,,RED,C,NO_DEPLOY,CMF positive,Non-Energy Minerals,28.3
WINDMACHIN,300.7,302.8,306.0,283.8,False,False,False,True,False,True,3.51191572816688,14.215472219999999,3.342200200976021,True,0.08668885817346243,False,54.77,False,0.9553129142538198,50.0,-0.07,0,True,▁▂█▃▂▄▄▄▃▁▃▃▃▂▂▆▄▃▃▃,False,True,False,0,-0.05707118218877383,-0.04615384615384621,-0.020275690297985927,-0.029112523017674308,UP,False,45,56.0,WATCH,NONE,,RED,C,NO_DEPLOY,CMF positive,Producer Manufacturing,24.3
UFLEX,636.1,663.5,670.3,631.75,True,False,True,True,False,True,0.18214621847403695,8.23635002,0.18072582553958122,False,0.14147321350370556,False,58.78,True,1.5438965132313347,57.0,0.24,2,False,▁▂▅▅▅▆▆▅▄▆▆▂▄▇▆▆▆▇██,False,False,False,7,0.03717593347464554,0.476898072904574,0.07397142536543344,0.4939393960407459,FLAT,True,97,55.0,WATCH,NONE,DEL59% ▁▂▅▅▅▆▆▅▄▆▆▂▄▇▆▆▆▇██ P57 Z+0.2 2D,RED,C,NO_DEPLOY,"2D high delivery, CMF positive, RS leader",Process Industries,22.6
ELLEN,355.1,382.05,382.45,351.1,True,True,True,True,False,False,1.5830769656958714,42.51289159,1.6216972800510128,False,0.22186621054324743,False,40.18,False,0.8842721480682681,9.0,-1.17,0,False,▅▃▃▅▆▇▄▅█▅▇▆▇▅▇█▁▁▃▃,False,False,False,4,0.09345650500384917,0.37369439071566735,0.13025199689463707,0.39073571385183925,FLAT,True,94,55.0,WATCH,NONE,,RED,C,NO_DEPLOY,"CMF positive, RS leader",Process Industries,22.6
TAALTECH,5090.0,5550.0,5550.0,4957.2,True,True,True,True,False,True,2.0933850949103947,10.443662,2.1973888909328414,False,0.2100207871168767,False,34.15,False,0.5216687289002948,3.0,-2.46,0,True,▆▇█▅▄▆▅▆▅▇▆▄▄▅▆▇▂▄▁▁,False,False,True,9,0.2004433857692034,0.3054629392151833,0.2372388776599913,0.3225042623513552,FLAT,True,92,55.0,WATCH,NONE,,RED,C,NO_DEPLOY,"CMF positive, RS leader",Transportation,28.8
GCSL,601.55,604.75,610.9,588.35,False,True,True,True,False,True,1.9932961531233493,71.04600259499999,2.160482255949251,True,0.18032645245182768,False,25.51,False,0.8122134488028528,20.0,-0.76,0,False,▅▄▃▃▆▂▅▄▆▅▅▆▆▅▇█▁▂▃▃,False,False,False,12,0.1742143275424557,0.2375025714873482,0.2110098194332436,0.2545438946235201,FLAT,True,89,55.0,WATCH,NONE,,RED,C,NO_DEPLOY,CMF positive,Finance,28.2
SOLARINDS,22330.0,22515.0,22625.0,22230.0,True,True,True,True,False,True,0.4653695692153316,203.703192,0.5054438022727407,False,0.36329143983916307,False,46.78,True,1.2014588041914938,75.0,0.54,0,True,▂▃▁▁▁▁▅▁▇▇▆▅▃▄▂▃█▄▆▆,False,False,False,11,0.19220501868659912,0.19989253089736692,0.22900051057738702,0.21693385403353882,UP,True,86,55.0,WATCH,NONE,,RED,C,NO_DEPLOY,CMF positive,Process Industries,22.6
DCBBANK,221.89,226.23,228.94,220.81,True,True,True,True,False,True,0.24486578174532053,18.749815944999998,0.25395557403346336,False,0.19599517777884956,False,61.78,True,1.2759453933373264,94.0,1.6,0,False,▇▆▅▄▆▅▂▇▇▅▅▇▅▅▅▃▁▆██,False,False,False,14,0.21198383220450068,0.1997945279550124,0.24877932409528858,0.2168358510911843,UP,True,86,55.0,WATCH,SEED,,RED,C,NO_DEPLOY,"Delivery P94, CMF positive",Finance,28.2
INDIAGLYCO,1111.7,1149.8,1173.7,1097.5,True,False,True,True,False,True,2.5832944201932344,97.8484989,2.5150441140503252,False,-0.04306160934468448,False,66.77,True,1.377467868710416,100.0,2.59,0,True,▆▅▇▆▆▇▅▇▅▁▅▆▄▆▅▅▇▆▇█,False,False,False,3,-0.04501331500730166,0.18942919809554382,-0.008217823116513756,0.20647052123171572,FLAT,True,85,55.0,WATCH,DISTRIBUTION,,RED,C,NO_DEPLOY,Delivery P100,Process Industries,22.6
KIRLFER,464.85,469.4,469.4,461.0,True,True,True,True,False,True,1.6779700218013147,9.813866715000001,1.7149935916360037,False,0.1376926627921758,False,63.97,False,0.94250942951438,50.0,0.03,0,True,▂▄▆█▃▁▂▄▃▁▂▃▃▄▅▇▆▁▃▃,False,False,False,0,0.06653665251806817,0.012083605486610027,0.10333214440885607,0.02912492862278193,UP,True,59,55.0,WATCH,NONE,,RED,C,NO_DEPLOY,CMF positive,Non-Energy Minerals,28.3
GAIL,174.16,173.7,175.59,173.61,True,True,True,True,False,True,0.6117508601448192,71.29344096,0.6111596324314439,False,0.18163705483066486,False,70.78,True,1.127186731110704,95.0,1.62,0,True,▆▃▄▆▄▃▃▅▇█▄▃▆▁▂▅▃▃▆▆,False,False,False,0,-0.021298117448721454,-0.00194842406876794,0.015497374442066447,0.015092899067403964,UP,True,55,55.0,WATCH,SEED,,RED,C,NO_DEPLOY,"Delivery P95, CMF positive",Utilities,34.3
MTARTECH,7777.0,8122.0,8297.5,7732.0,True,True,True,True,False,True,0.5773861021911433,944.1099129,0.5949148041307928,False,0.0410156816841065,False,21.68,True,1.2187306762606107,19.0,-0.9,0,True,▄▅▆▂▄▆▅▇▃█▅▃▂▂▁▁▂▃█▆,False,False,False,4,-0.014259458774320333,0.8632900474387848,0.02253603311646757,0.8803313705749567,FLAT,True,99,54.0,IGNORE,NONE,,RED,C,NO_DEPLOY,"CMF positive, RS leader",Electronic Technology,25.8
INDORAMA,82.81,90.0,96.5,81.56,True,True,True,True,False,True,3.4466453828051176,39.335122645,3.77966860831773,False,0.006909827951975554,False,34.02,False,0.8973412112259972,6.0,-1.74,0,False,▁▇▂▄▆█▆▅▆▂▁▄▂▄▃▅▂▂▃▃,False,False,False,11,0.45766590389016026,0.7159138002486531,0.49446139578094817,0.732955123384825,FLAT,True,99,54.0,IGNORE,NONE,,RED,C,NO_DEPLOY,"CMF positive, RS leader",Process Industries,22.6
SPECTRUM,2530.2,2440.8,2565.0,2440.8,False,True,True,True,False,True,0.2844750627151808,4.32967824,0.3125229861542668,False,0.2963370852181603,True,52.66,True,1.351157181710884,48.0,0.02,0,False,▆██▇▇▄▃▁▃▇▁▅▄▅▃▅▆▆█▇,False,False,False,11,0.2616305160807777,0.7447248655357881,0.2984260079715656,0.76176618867196,FLAT,True,99,54.0,IGNORE,NONE,,RED,C,NO_DEPLOY,"CMF positive, RS leader",Electronic Technology,25.8
KAPSTON,563.45,590.0,590.0,550.2,True,True,True,True,False,True,0.6457757786709486,2.5538371250000003,0.6501300128922298,False,0.17164612776714863,True,52.78,False,0.9365628604382931,21.0,-0.73,0,True,▂▃▄▆▆▂█▆▄▁▂▁▄▅▄▄▆▃▃▃,False,False,False,6,0.0663323239969722,0.541797783554522,0.1031278158877601,0.5588391066906939,FLAT,True,98,54.0,IGNORE,NONE,,RED,C,NO_DEPLOY,"CMF positive, RS leader",Commercial Services,28.1
AVADHSUGAR,732.7,777.0,777.0,724.0,True,False,True,True,False,True,0.5101968563380869,14.359894220000001,0.4616237306151452,False,0.2795664155366776,True,43.04,True,1.2737119351306563,32.0,-0.45,0,False,▄▂▁▃▂▅▄▆▆▃▇▅▅▇▅▄█▆▇▇,False,False,False,6,0.0300857584704064,0.4089029900971062,0.0668812503611943,0.4259443132332781,FLAT,True,96,54.0,IGNORE,NONE,,RED,C,NO_DEPLOY,"CMF positive, RS leader",Process Industries,22.6
JINDALPOLY,737.9,671.3,738.4,666.0,False,True,True,True,True,False,16.06554558991263,25.51613926,17.445289734536004,True,0.5235712179890825,True,39.34,False,0.783033608343866,31.0,-0.41,0,False,▃█▄▅▅▄▆▅▅▄█▁▂▅▄▃▅▅▂▂,False,False,False,1,0.14111188432691568,0.1890106348694811,0.17790737621770358,0.206051958005653,FLAT,True,85,54.0,IGNORE,NONE,,RED,C,NO_DEPLOY,CMF positive,Process Industries,22.6
SHREEPUSHK,501.45,487.5,524.0,470.0,False,True,True,True,False,True,2.3467245681820152,15.592236735,2.508465611387544,True,-0.0026939329046070026,True,44.68,False,0.951225224074429,37.0,-0.14,0,False,█▆▅▆▂▆▅▁▇▃▅▄▆▅▃▃▇▆▅▅,False,False,False,12,0.33045900769434877,0.18967971530249117,0.3672544995851367,0.20672103843866307,UP,True,85,54.0,IGNORE,NONE,,RED,C,NO_DEPLOY,No standout factor,Process Industries,22.6
ALKEM,5161.0,5170.0,5290.0,5140.5,False,False,False,False,False,True,2.273747981557478,130.5923957,2.2229894125198624,True,-0.23564918513688954,False,78.42,True,1.3060422356938246,99.0,1.91,0,True,▁▆█▅▅▅▄▇▆▇▅▇▆▅▆▄▆▆██,False,True,False,0,-0.05735159817351598,-0.08936921041023382,-0.02055610628272808,-0.07232788727406192,UP,False,32,54.0,IGNORE,SEED,,RED,C,NO_DEPLOY,Delivery P99,Health Technology,30.5
COLPAL,1820.3,1797.4,1846.6,1788.8,False,False,False,False,False,False,1.796228673712881,122.03910102,1.755621654501486,True,0.028421995306729446,True,58.26,True,1.0590609150897092,74.0,0.65,0,True,▁▅▅▅▄▆▅▄▇█▅▅▆█▇▆▇▆▆▆,False,True,False,0,-0.043457698370993225,-0.12367610244559979,-0.006662206480205324,-0.10663477930942789,UP,False,21,54.0,IGNORE,NONE,,RED,C,NO_DEPLOY,CMF positive,Consumer Non-Durables,28.4
TBZ,524.45,552.6,552.6,511.4,True,True,True,True,False,True,0.4741764916377882,101.40681288,0.6246029288313244,False,0.4349060136846735,False,37.32,False,0.9377002223646025,40.0,-0.22,0,True,▄▄▅▂▂▃▂▂▂▂▂▁▂▂██▃▄▃▃,False,False,False,10,1.089026090420235,1.6392733128679988,1.1258215823110227,1.6563146360041707,FLAT,True,100,53.0,IGNORE,NONE,,RED,C,NO_DEPLOY,"CMF positive, RS leader",Consumer Durables,20.7
PVP,61.58,63.99,64.79,61.58,True,True,True,True,False,True,0.24153721163333994,5.25329743,0.2596513101922396,False,0.4407966588281639,False,48.53,True,1.0964010573164946,36.0,-0.22,0,False,▃▂▃▂▄▁▃▂▄▂▂█▃▂▄▂▂▃▄▄,False,False,False,9,0.5318407960199003,1.0888738127544095,0.5686362879106882,1.1059151358905814,FLAT,True,100,53.0,IGNORE,NONE,,RED,C,NO_DEPLOY,"CMF positive, RS leader",Technology Services,21.0
MOREPENLAB,106.22,116.0,116.68,104.8,True,True,True,True,False,True,0.845795865106788,197.80083395399998,0.8555122614397895,False,0.23731401334981148,False,32.83,True,1.2007607622252294,32.0,-0.47,0,False,▂▃▂▁▄▆█▆▆▂▃▁▂█▃▂▁▃██,False,False,False,11,0.20104025327905917,0.7359045595685569,0.23783574516984707,0.7529458827047288,FLAT,True,99,53.0,IGNORE,NONE,,RED,C,NO_DEPLOY,"CMF positive, RS leader",Health Technology,30.5
TFCILTD,138.18,141.75,142.44,137.32,True,True,True,True,False,True,0.9126951274419368,133.841963262,0.9194209273827776,False,0.11894191641908085,False,43.35,True,1.1855113286751533,30.0,-0.58,0,False,▄▄▅▆▃▃▁▃▂█▂▄▄▅▅▃▄▅▆▆,False,False,False,11,0.11705739692805173,0.7502216592780242,0.15385288881883963,0.7672629824141961,FLAT,True,99,53.0,IGNORE,NONE,,RED,C,NO_DEPLOY,"CMF positive, RS leader",Finance,28.2
MODISONLTD,514.8,485.05,514.8,485.05,False,True,True,True,False,True,0.6074904851402899,8.779090319999998,0.6899321870887319,False,0.2956952711471167,False,61.28,True,1.2325515909730882,85.0,0.86,0,False,▃▅▃▂▄▅█▃▁▁▂▄▂▂▃▃▃▄▄▄,False,False,False,11,0.5938080495356035,0.6706149602466331,0.6306035414263914,0.687656283382805,FLAT,True,99,53.0,IGNORE,SEED,,RED,C,NO_DEPLOY,"CMF positive, RS leader",Industrial Services,34.0
DEEPINDS,730.4,778.4,778.4,724.55,True,True,True,True,False,True,0.927554339594223,35.939332,0.9201298049977429,False,0.20504995164912557,False,39.49,False,0.8933782774924779,30.0,-0.44,0,True,▃█▂▄▄█▂▅▂▆▆▄▃▁▂▃▂▃▂▂,False,False,False,4,0.01734104046242768,0.6400583810486133,0.05413653235321558,0.6570997041847852,FLAT,True,98,53.0,IGNORE,NONE,,RED,C,NO_DEPLOY,"CMF positive, RS leader",Industrial Services,34.0
SMLMAH,6254.0,6640.0,6654.0,6254.0,True,True,True,True,False,True,0.41705815663628154,28.4819668,0.4450271153177686,False,0.32561273478735536,False,38.44,False,0.9957388387364167,26.0,-0.53,0,True,▃▅▆▄▆▄▄█▅▆▁▂▂▁▁▄▃▅▄▄,False,False,False,6,0.17788869008381214,0.6298342541436466,0.21468418197460004,0.6468755772798185,FLAT,True,98,53.0,IGNORE,NONE,,RED,C,NO_DEPLOY,"CMF positive, RS leader",Consumer Durables,20.7
OAL,510.95,524.0,559.8,505.5,True,True,True,True,False,True,0.6686175325187386,5.17704759,0.739448064872928,False,0.531469038198281,False,49.39,True,1.0917571122261767,23.0,-0.67,0,False,▇▆▇▆█▇▁▁▂▄▅▅▆▄▆▄▇▆▆▆,False,False,False,8,0.4942243017985086,0.6029803921568626,0.5310197936892965,0.6200217152930345,FLAT,True,98,53.0,IGNORE,NONE,,RED,C,NO_DEPLOY,"CMF positive, RS leader",Process Industries,22.6
SHILPAMED,911.9,968.0,968.75,902.25,True,True,True,True,False,True,0.6109989105612578,69.00447609,0.6173816537453246,False,0.26766265281244617,False,26.1,False,0.6291582296789124,4.0,-1.99,0,True,█▇▆▇▂▁▅▆▆▄▄▅▅▄▅▄▆▆▁▁,False,False,False,14,0.12608051370708817,0.5203401133711238,0.16287600559787607,0.5373814365072958,FLAT,True,97,53.0,IGNORE,NONE,,RED,C,NO_DEPLOY,"CMF positive, RS leader",Health Technology,30.5
COMSYN,289.8,303.0,303.0,281.35,True,True,True,True,False,True,0.5896363492613605,6.02998452,0.577045965186353,False,0.23624730539485128,False,54.18,False,0.9801367632692934,58.0,0.26,0,True,▁▇▁▇▄▄█▁▃▄▄▂▆▆▃▂▅▄▄▄,False,False,False,12,0.03573981415296634,0.5104763890336703,0.07253530604375424,0.5275177121698422,FLAT,True,97,53.0,IGNORE,NONE,,RED,C,NO_DEPLOY,"CMF positive, RS leader",Process Industries,22.6
REDINGTON,378.95,395.7,398.85,375.0,True,True,True,True,False,True,0.6541313093439849,164.37035829500002,0.6732520397282944,False,0.0683001679845064,False,35.38,False,0.9555447523361964,37.0,-0.13,0,True,▇▇▄▄▄▆▄▅▃█▇▃▆▇▄▆▆▁▅▅,False,False,False,12,0.16135458167330663,0.38025860498998343,0.19815007356409453,0.39729992812615533,FLAT,True,95,53.0,IGNORE,NONE,,RED,C,NO_DEPLOY,"CMF positive, RS leader",Distribution Services,31.7
UNIMECH,1538.5,1625.0,1631.4,1533.0,True,True,True,True,False,True,1.2755740213266245,41.459498,1.272589571884652,False,0.07724478957891397,False,48.39,True,1.0801700949808586,52.0,0.1,0,False,▆██▆▅▄▅▅▅▁▄▇▅▅▅▅▄▅▆▆,False,False,False,7,0.01390536443917223,0.31304941537936326,0.05070085632996013,0.33009073851553516,FLAT,True,93,53.0,IGNORE,NONE,,RED,C,NO_DEPLOY,"CMF positive, RS leader",Producer Manufacturing,24.3
LENSKART,681.9,691.6,696.05,680.0,True,True,True,True,False,True,0.30060289040477206,279.80995952999996,0.31270104798325216,False,0.11816138917945714,False,60.24,True,1.0700202493871895,77.0,0.78,0,False,▃▅▇▅▁▃▃▅▅▆▃▄▄▅▆▃██▆▆,False,False,False,16,0.11448884530522174,0.27936210131332073,0.15128433719600964,0.29640342444949264,FLAT,True,91,53.0,IGNORE,NONE,,RED,C,NO_DEPLOY,"CMF positive, RS leader",Health Technology,30.5
VARROC,836.0,872.0,884.5,831.15,True,True,True,True,False,True,0.7825489309134833,23.2778348,0.7686855095945349,False,0.09256963149425546,False,34.39,False,0.8112188332979501,8.0,-1.3,0,True,▇▆██▃▆▆▃▄▄▅▆▃▇▇▆▆▁▃▃,False,False,False,5,-0.00936129873207725,0.2838823619749673,0.02743419315871065,0.3009236851111392,FLAT,True,91,53.0,IGNORE,NONE,,RED,C,NO_DEPLOY,"CMF positive, RS leader",Producer Manufacturing,24.3
KROSS,228.87,240.0,243.29,226.01,True,True,True,True,False,True,1.0222639352459557,20.269436697,1.03734755988042,False,0.16136989046379605,False,32.99,False,0.7243226628024415,28.0,-0.54,0,True,▆█▄▇▆▆▅▄▅▅▇▇▆▇█▇▆▁▄▄,False,False,False,9,0.13022222222222224,0.27938956900888834,0.16701771411301014,0.29643089214506024,FLAT,True,91,53.0,IGNORE,NONE,,RED,C,NO_DEPLOY,"CMF positive, RS leader",Producer Manufacturing,24.3
WINDLAS,1098.15,1137.0,1144.0,1084.0,True,True,True,True,False,True,0.4072848125862693,9.17811807,0.4168318937975381,False,0.23822135555903762,False,55.35,True,1.2365537347944104,48.0,-0.02,0,False,▇▄▅▅▇▇▇▇█▇█▁▅▆▄▆▅▇██,False,False,False,15,0.19630698839806104,0.285965220446162,0.23310248028884895,0.3030065435823339,FLAT,True,91,53.0,IGNORE,NONE,,RED,C,NO_DEPLOY,"CMF positive, RS leader",Health Technology,30.5
LAURUSLABS,1920.6,1975.0,1981.0,1915.6,True,True,True,True,False,True,0.4192615968325758,286.16114142,0.42507504284743075,False,0.36107554084176824,False,46.96,False,0.8333703049716502,38.0,-0.32,0,True,▆▄▅▅█▃▅▆▅█▃▃▄▄▂▁▃▁▂▂,False,False,False,9,0.061280875283195924,0.2559508239602406,0.09807636717398382,0.2729921470964125,FLAT,True,90,53.0,IGNORE,NONE,,RED,C,NO_DEPLOY,"CMF positive, RS leader",Health Technology,30.5
MANINFRA,124.83,127.48,127.48,122.89,True,True,True,True,False,False,0.619551608805097,21.653136630000002,0.6399814495944792,False,0.23059946163160894,False,64.68,True,1.4568387859676786,94.0,1.4,0,True,▃▄▃▃▄▅▆▃▄▃▁▂▄▆▃▁▁▅██,False,False,False,14,0.17741935483870974,0.22154809668264996,0.21421484672949764,0.23858941981882187,FLAT,True,88,53.0,IGNORE,SEED,,RED,C,NO_DEPLOY,"Delivery P94, CMF positive",Finance,28.2
HFCL,226.27,230.0,238.89,225.01,True,False,True,True,False,True,0.889808176634009,385.58682013500004,0.8885470439416827,False,0.07279300009767481,False,47.67,True,1.1737765466297323,92.0,1.47,0,True,▅▃▆▄▄▅▃▃█▂▃▃▅▂▃▄▁▃█▆,False,False,False,9,0.06615464354709522,0.10499584900131853,0.10295013543788312,0.12203717213749044,FLAT,True,77,53.0,IGNORE,SEED,,RED,C,NO_DEPLOY,"Delivery P92, CMF positive",Producer Manufacturing,24.3
BLACKBUCK,611.9,641.0,644.0,609.25,True,True,True,True,False,False,2.327094399139915,108.44783247000001,2.3251814901000163,False,0.17565576857309373,False,46.4,False,0.9339962559632844,37.0,-0.33,0,True,▅▁▅▆▄▇▇▇▅▇▅█▅▇█▇▆█▅▅,False,False,False,5,0.03923233695652173,0.07294406452744173,0.07602782884730963,0.08998538766361364,FLAT,True,72,53.0,IGNORE,NONE,,RED,C,NO_DEPLOY,CMF positive,Technology Services,21.0
LGBBROSLTD,1703.2,1711.0,1720.0,1697.2,True,True,True,True,False,False,0.7441084565091567,3.6238986399999997,0.7515117128871631,False,0.14391547185911693,False,68.88,True,1.1628162166268536,98.0,1.73,0,True,▄▂▇▇▃▆▄▃▄▅▅▅▄█▅▅▁▂██,False,False,False,19,0.062441519555860525,0.06383510306058726,0.09923701144664843,0.08087642619675917,UP,True,70,53.0,IGNORE,SEED,,RED,C,NO_DEPLOY,"Delivery P98, CMF positive",Producer Manufacturing,24.3
ENTERO,1802.1,1812.0,1825.4,1730.0,True,True,True,True,False,True,0.3531892984104977,26.015656229999998,0.3758470936295774,False,0.35895764984382067,True,43.77,False,0.9209308197273186,17.0,-0.81,0,False,▅▆▇▇▂▁▅▃▅█▅▄▅▅▇▆▆█▅▅,False,False,False,11,0.2797187899446101,0.4892157672919595,0.316514281835398,0.5062570904281314,FLAT,True,97,52.0,IGNORE,NONE,,RED,C,NO_DEPLOY,"CMF positive, RS leader",Distribution Services,31.7
LODHA,1218.5,1195.0,1226.2,1175.1,False,False,True,True,False,True,1.0274337601050922,154.05434575,1.013714642622089,True,0.14893997702233525,True,38.99,False,0.8796787221081606,23.0,-0.82,0,True,▃▅▁▅▃▃▅▃▃█▅▆▄▅▄▃▆▇▃▃,False,False,False,0,0.005363036303630331,0.28601583113456464,0.04215852819441823,0.30305715427073654,FLAT,True,91,52.0,IGNORE,NONE,,RED,C,NO_DEPLOY,"CMF positive, RS leader",Finance,28.2
MOTHERSON,164.17,162.99,165.04,162.5,False,True,True,True,False,True,0.4883077011415098,92.633168755,0.48076974884602475,False,-0.023740384958300588,True,59.1,True,1.1087244041309834,90.0,1.27,0,True,▂▂▇█▅▂█▄▄█▁▄▄▆▆▄▆█▇▇,False,False,False,8,-0.031445427728613695,0.11294149549183108,0.005350064162174206,0.12998281862800298,FLAT,True,78,52.0,IGNORE,SEED,,RED,C,NO_DEPLOY,Delivery P90,Producer Manufacturing,24.3
APLLTD,824.75,811.0,839.35,810.2,False,True,True,True,False,False,1.5069433155703573,13.647385675,1.5211218546222234,True,-0.10542246796876319,True,41.35,False,0.8110148963921114,28.0,-0.46,0,False,▄▇▂▅▁▄▂▃█▇▄▂▅▃▃▇▄▃▂▂,False,True,False,1,0.00024255654599492082,-0.005546512328932329,0.03703804843678282,0.011494810807239575,UP,True,55,52.0,IGNORE,NONE,,RED,C,NO_DEPLOY,No standout factor,Health Technology,30.5
SMSPHARMA,410.15,477.95,482.0,397.5,True,True,True,True,False,True,4.6919914135855585,176.98612333999998,4.4536639457003355,False,0.14491813824855837,False,15.66,False,0.31597106625102145,2.0,-2.19,0,False,▇█▇▇▇▇▇▇▇▆▆▅▆▅▂▅▄▄▁▁,False,False,False,3,0.1413663559204117,-0.03152302243211336,0.1781618478111996,-0.014481699295941453,UP,False,49,52.0,IGNORE,NONE,,RED,C,NO_DEPLOY,CMF positive,Health Technology,30.5
JAMNAAUTO,129.06,137.5,139.4,127.99,True,True,True,True,False,True,2.0169101275094716,41.091452118,2.0553713940980907,False,0.125643397449899,False,40.48,False,0.8191844581604776,38.0,-0.29,0,True,▅█▅▆▇▂▄▇▅▆▂▅▅▇▂▄▅▁▁▁,False,False,False,0,0.052863436123347984,-0.04668340966169293,0.08965892801413589,-0.029642086525521028,UP,False,45,52.0,IGNORE,NONE,,RED,C,NO_DEPLOY,CMF positive,Producer Manufacturing,24.3
WHEELS,2129.1,2249.9,2249.9,2084.0,True,True,True,True,False,True,0.4812534041737889,81.72933588,0.4679080175787392,False,0.497448452672822,False,26.99,False,0.6620388540031397,6.0,-1.65,0,False,▇▆▇▆▇▇▅▆▇██▇▆▅█▂▁▁▄▄,False,False,False,3,0.47587688895050606,0.40599616984745435,0.512672380841294,0.42303749298362625,UP,True,96,51.0,IGNORE,NONE,,RED,C,NO_DEPLOY,"CMF positive, RS leader",Producer Manufacturing,24.3
RPGLIFE,2718.8,2709.0,2918.2,2685.0,False,True,True,True,False,True,4.390826478284,16.49305644,4.426731791175619,True,-0.2877945140499121,False,58.71,True,1.1993871297242082,71.0,0.5,0,True,▂▇▆▄▅▅▄▅█▅▆▅▁▄▃▆▁▅▇▇,False,False,False,0,0.00595700595700599,0.11412531246158264,0.04275249784779389,0.13116663559775454,FLAT,True,78,51.0,IGNORE,NONE,,RED,C,NO_DEPLOY,No standout factor,Health Technology,30.5
PRUDENT,3251.5,3397.9,3436.7,3222.2,True,False,True,True,False,True,1.506888208787017,14.06436325,1.4483404438720384,False,-0.08922665936118594,False,55.56,True,1.0196646998908026,45.0,-0.24,0,True,▄▄▃▅█▄▄▃▄▄▁▄▂▅▅▇▅▂▄▄,False,True,False,5,-0.030589427864404772,0.08166999334664005,0.006206064026383129,0.09871131648281195,FLAT,True,74,51.0,IGNORE,DISTRIBUTION,,RED,C,NO_DEPLOY,No standout factor,Finance,28.2
RBLBANK,403.6,412.65,414.3,402.15,True,True,True,True,False,True,0.366242823588124,50.3644368,0.3676090017199854,False,0.2944061088335233,False,54.34,True,1.150381590507341,90.0,1.31,0,False,▄▄▃▄▆▃▅▅▆██▅▁▆▄▆█▆▇▇,False,False,False,11,0.05378590078328993,0.07597973873633701,0.09058139267407783,0.09302106187250891,FLAT,True,72,51.0,IGNORE,SEED,,RED,C,NO_DEPLOY,"Delivery P90, CMF positive",Finance,28.2
AUROPHARMA,1660.0,1688.0,1688.0,1642.1,True,True,True,True,False,True,0.5794509329693869,72.828848,0.5803553086964348,False,0.21556936994920106,False,50.35,True,1.0115723068268574,61.0,0.23,0,True,▇▇██▅▅▃▇▄▄▂▂▅▂▄▁▄▆▅▅,False,False,False,4,0.00911854103343468,0.048575579559092974,0.04591403292422258,0.06561690269526488,FLAT,True,68,51.0,IGNORE,NONE,,RED,C,NO_DEPLOY,CMF positive,Health Technology,30.5
STOVEKRAFT,804.7,819.5,828.95,800.75,True,False,True,True,False,True,0.6480772493154969,8.469226090000001,0.6302724676006831,False,0.08356718642986118,False,53.16,True,1.0805646743162622,67.0,0.43,0,True,▅█▁▆▅▂▃▅▄▁▂▃▂▃▁▃▄▄▄▄,False,False,False,11,0.03932838230545688,0.02929137886927613,0.07612387419624478,0.046332702005448034,UP,True,63,51.0,IGNORE,NONE,,RED,C,NO_DEPLOY,CMF positive,Consumer Durables,20.7
AYE,177.5,185.0,189.28,176.11,True,False,True,True,False,True,0.5844970829717822,20.06639275,0.5734613803296978,False,0.20969125658405108,False,49.92,True,1.1494226407708867,91.0,1.19,0,True,▅▄▇▅█▁▄▂▁▆▅█▄▅▆▆▅▂▆▆,False,False,False,0,0.041361102962745644,0.009957325746799528,0.07815659485353355,0.026998648882971432,UP,True,59,51.0,IGNORE,SEED,,RED,C,NO_DEPLOY,"Delivery P91, CMF positive",Finance,28.2
ADANIPOWER,214.0,207.1,216.1,206.5,False,True,True,True,False,True,1.6265736964389446,703.3215074,1.685372957135089,True,-0.058913220679785716,True,37.17,False,0.9300172642430006,62.0,0.22,0,True,▂▂▄▄▄▃▁▃▂█▁▁▁▂▃▃▃▅▃▃,False,False,False,0,0.033866370356055775,-0.05668694348937675,0.07066186224684368,-0.03964562035320485,UP,False,42,51.0,IGNORE,NONE,,RED,C,NO_DEPLOY,No standout factor,Utilities,34.3
FDC,349.7,340.0,354.85,339.75,False,True,False,False,False,False,3.8366546592198465,16.44212466,3.9043825524933506,True,-0.039773137239381404,True,68.83,True,1.1891845196959228,94.0,1.4,0,True,▃▃▆█▅▂▆▄▅▁▁▂▅▃█▆▄▁██,False,False,False,0,-0.005262409330109574,-0.17939692596503576,0.03153308256067833,-0.16235560282886385,UP,False,10,51.0,IGNORE,SEED,,RED,C,NO_DEPLOY,Delivery P94,Health Technology,30.5
LTM,4414.0,4399.9,4437.5,4290.0,True,False,True,False,False,False,3.0362492017550156,462.2314316,2.9230295714326218,False,0.13439766421085106,True,44.3,True,1.1069603568260473,63.0,0.43,0,True,▆▂▇▆▃▄▅▄▁█▁▅▆▅▄▃█▃▆▆,False,False,False,0,-0.07309800298187785,0.24453717540248698,-0.03630251109108995,0.2615784985386589,FLAT,True,89,50.0,IGNORE,NONE,,RED,C,NO_DEPLOY,CMF positive,Technology Services,21.0
ETERNAL,322.75,317.95,324.8,316.05,False,True,True,True,False,True,0.5889885426532123,690.862673875,0.5828587529324161,False,0.2952424208540283,True,57.46,False,0.9265201477014368,67.0,0.44,0,True,▂▂▃▄▄▁▄▅▄█▁▂▁▃▁▂▅▃▂▂,False,False,False,14,0.013343799058084693,0.14592579442570575,0.050139290948872595,0.16296711756187765,FLAT,True,81,50.0,IGNORE,NONE,,RED,C,NO_DEPLOY,CMF positive,Technology Services,21.0
VADILALIND,7035.5,6923.0,7119.5,6745.0,False,False,False,True,False,True,1.6630673438026866,22.72818275,1.569553929809717,True,-0.12633437705836528,True,44.13,False,0.945970568375473,27.0,-0.57,0,True,▁▃▇▆▄▆▇█▃▃▂▅▃▄▅▄▅▇▄▄,False,True,False,1,-0.05303183255939159,0.08371842267406038,-0.016236340668603688,0.10075974581023228,FLAT,True,74,50.0,IGNORE,NONE,,RED,C,NO_DEPLOY,No standout factor,Consumer Non-Durables,28.4
EBGNG,671.45,690.0,712.0,666.1,True,True,True,True,False,True,1.626892672476698,87.72561395,1.7169149630301788,False,0.026340830093413505,False,34.74,False,0.8157706261520941,5.0,-1.62,0,False,█▇▄▇█▇▇▇▄▆▂▃▅▅▅▃▂▁▃▃,False,False,False,6,0.17653758542141218,0.07898119877872434,0.21333307731220008,0.09602252191489624,UP,True,73,50.0,IGNORE,NONE,,RED,C,NO_DEPLOY,CMF positive,Technology Services,21.0
JSWSTEEL,1305.1,1303.9,1313.0,1290.1,False,True,True,True,False,True,0.8850279870130949,187.59494349,0.8842720974122572,False,0.1399040284649092,True,53.87,True,1.0098415971506232,69.0,0.44,0,False,▅▂▅▆▅▃▅▆▄█▁▇▄▄▃▅▅▆▅▅,False,False,False,6,0.028366558978803802,0.07309653017595785,0.0651620508695917,0.09013785331212976,FLAT,True,72,50.0,IGNORE,NONE,,RED,C,NO_DEPLOY,CMF positive,Non-Energy Minerals,28.3
SOMANYCERA,550.8,568.0,568.0,544.0,True,True,True,True,False,True,0.4757519333705999,4.2353766,0.4780221344000489,False,0.10748456086400596,True,59.68,True,1.0172929575304055,55.0,0.18,0,False,▅▇▇█▄▄▃▄▄▃▄▁▂▄▃▆▆▂▅▅,False,False,False,11,0.07504635503074053,0.059027110171120833,0.11184184692152843,0.07606843330729274,UP,True,69,50.0,IGNORE,NONE,,RED,C,NO_DEPLOY,CMF positive,Producer Manufacturing,24.3
GRASIM,3295.0,3305.0,3320.0,3279.0,True,True,True,True,False,True,0.6776433828465416,270.748832,0.6775510777814551,False,0.3216490939622685,True,63.08,True,1.030836860425212,80.0,0.75,0,True,▅▆▆▄▄▁▃▅▁▆▄▂▅▅▇▅▅█▅▅,False,False,False,1,-0.0038696414535340784,0.04922939752897726,0.03292585043725382,0.06627072066514916,FLAT,True,68,50.0,IGNORE,NONE,,RED,C,NO_DEPLOY,CMF positive,Non-Energy Minerals,28.3
KRISHIVAL,419.5,420.65,421.1,418.0,True,True,True,True,False,True,0.19952732968019185,0.31290505,0.21383106817161593,False,0.3857937742648506,True,78.2,False,0.9822393046449117,46.0,0.29,0,True,▂▁▃▃▄▅▅▆▃▇▆▆▂▂▆██▆▄▄,False,False,False,17,0.1791988756148981,0.03593036177305842,0.215994367505686,0.05297168490923032,UP,True,65,50.0,IGNORE,NONE,,RED,C,NO_DEPLOY,CMF positive,Process Industries,22.6
KAJARIACER,1213.6,1226.4,1226.7,1211.0,True,False,True,True,False,True,0.5705370382309329,12.08235888,0.559507334159337,False,0.15206940073880904,True,59.02,True,1.117855959088972,63.0,0.22,0,False,▅▄█▅▄▄▂▃█▅▃▂▃▆▅▆▇▁▆▆,False,False,False,5,-0.009952683961494624,0.0019815059445176253,0.026842807929293278,0.01902282908068953,UP,True,57,50.0,IGNORE,NONE,,RED,C,NO_DEPLOY,CMF positive,Producer Manufacturing,24.3
LATENTVIEW,252.9,254.05,264.8,251.7,False,False,False,False,False,False,2.1974007313488477,29.424813840000002,2.047976749890648,True,-0.4077022231325294,False,53.49,True,1.1284214967565,90.0,1.13,0,True,▆▅▂▄▁▃▅▆▅█▃▄▆▄▆▆▅▅▆▆,False,True,False,0,-0.10191761363636365,-0.15994020926756358,-0.06512212174557575,-0.14289888613139168,UP,False,13,50.0,IGNORE,SEED,,RED,C,NO_DEPLOY,Delivery P90,Commercial Services,28.1
WELCORP,2413.3,2661.2,2718.4,2363.6,True,False,True,True,False,True,1.0471761838835794,806.13535338,1.04522523345527,False,0.37790037180276487,False,37.77,True,1.082203948310937,15.0,-1.02,0,False,█▇▇▁▂▃▃▃▄▅▄▅▃▅▅▆▆▃▅▅,False,False,False,12,0.2588284387877524,0.5660609993510708,0.2956239306785403,0.5831023224872427,FLAT,True,98,49.0,IGNORE,NONE,,RED,C,NO_DEPLOY,"CMF positive, RS leader",Producer Manufacturing,24.3
MMP,457.7,474.35,498.0,453.25,True,True,True,True,False,True,0.464836662245282,3.11254308,0.5069319604373808,False,0.21973390021954786,False,54.83,True,1.0179529547184523,31.0,-0.49,0,False,▇▄▄▃▆▄▆█▇▅▅▅▇█▄▁▇▅▆▆,False,False,False,9,0.2138973610926933,0.6673952641165755,0.2506928529834812,0.6844365872527474,FLAT,True,98,49.0,IGNORE,NONE,,RED,C,NO_DEPLOY,"CMF positive, RS leader",Non-Energy Minerals,28.3
MANYAVAR,566.65,584.0,584.0,556.0,True,True,True,True,False,False,1.1551313201769555,22.61556815,1.1705728512120648,False,0.22324740615361846,False,39.14,False,0.8355570736289306,12.0,-1.03,0,True,▃▃▃▃▃█▂▄▃▄▂▃▁▂▃▃▂▂▂▂,False,False,False,12,0.05541069100391138,0.4343753955195544,0.09220618289469928,0.4514167186557263,FLAT,True,96,49.0,IGNORE,NONE,,RED,C,NO_DEPLOY,"CMF positive, RS leader",Retail Trade,31.1
STALLION,254.0,255.55,257.95,244.05,True,True,True,True,False,False,0.3758244830377899,41.9856412,0.391712847302216,False,0.3306195603569056,False,33.91,True,1.2179878596314786,34.0,-0.42,0,False,▇▅▆▇▆▁▂▄▅▄▅▆▅▄▅▅▅▅█▆,False,False,False,13,0.21021536115875739,0.43746462931522356,0.2470108530495453,0.45450595245139547,FLAT,True,96,49.0,IGNORE,NONE,,RED,C,NO_DEPLOY,"CMF positive, RS leader",Distribution Services,31.7
YUKEN,1077.6,1124.0,1124.0,1046.0,True,True,True,True,False,True,1.4921302131195873,4.66299072,1.6009422176544217,False,0.09869827750357628,False,51.41,False,0.8667796295827959,8.0,-1.41,0,False,▇▆▄█▅▅▆█▃▅▆▇▇▄▇▄▅▁▄▄,False,False,False,13,0.2218379726741877,0.40339910138698953,0.2586334645649756,0.42044042452316144,FLAT,True,96,49.0,IGNORE,NONE,,RED,C,NO_DEPLOY,"CMF positive, RS leader",Producer Manufacturing,24.3
SSWL,339.0,370.0,370.0,336.0,True,False,True,True,False,True,0.7312386359667884,58.4541768,0.7032850874266033,False,0.40490292770693054,False,32.7,False,0.6995625060168794,6.0,-1.65,0,True,▆▇▆▇▇▇▆▇█▇▁▂▄▅▄▄▅▅▄▄,False,False,False,9,0.07533703409992065,0.4005949429846307,0.11213252599070855,0.4176362661208026,FLAT,True,95,49.0,IGNORE,NONE,,RED,C,NO_DEPLOY,"CMF positive, RS leader",Producer Manufacturing,24.3
KIRIINDUS,522.85,540.65,544.15,520.0,True,True,True,True,False,False,0.2624025447864846,28.82147883,0.2605513420638062,False,0.11194556229133035,False,40.79,True,1.1708311207428563,37.0,-0.2,0,False,▇▂▁▅▄▆▅██▃▅▄▁▃▄▅▆▆▆▆,False,False,False,11,0.2785181562538208,0.3633637548891786,0.3153136481446087,0.3804050780253505,FLAT,True,94,49.0,IGNORE,NONE,,RED,C,NO_DEPLOY,"CMF positive, RS leader",Process Industries,22.6
ELANTAS,13503.0,14890.0,14890.0,13125.0,True,True,True,True,False,True,1.9447654386429896,12.3849516,2.0130341095293787,False,0.2240255419202084,False,14.55,False,0.3680422932449695,2.0,-1.83,0,False,▃▃▃▃▅▆▇▆█▄▅▃▆▆▂▄▄▄▁▁,False,False,True,3,0.1444190185608949,0.3708629441624365,0.1812145104516828,0.3879042672986084,FLAT,True,94,49.0,IGNORE,NONE,,RED,C,NO_DEPLOY,"CMF positive, RS leader",Process Industries,22.6
MACPOWER,1882.3,1843.0,1950.0,1786.2,False,True,True,True,False,True,0.9986244602480611,9.72283242,0.9752536411603653,False,-0.032807049728219136,False,57.67,True,1.1312723135470202,71.0,0.62,0,True,▁▅▅▅▆▃█▅▅▄▄▅▅▅▅▄▄▆▆▆,False,False,False,3,-0.0510687638636822,0.3429651826484019,-0.014273271972894297,0.3600065057845738,FLAT,True,93,49.0,IGNORE,NONE,,RED,C,NO_DEPLOY,RS leader,Producer Manufacturing,24.3
CONFIPET,86.1,90.2,91.65,84.1,True,True,True,True,False,True,1.1588281728489276,41.924957129999996,1.2151770213058437,False,0.09369327910270452,False,36.8,False,0.7591698642571274,17.0,-0.87,0,True,▂▆█▄▄▁▃▂▃▂▃▄▃▄▇▆▂▂▂▂,False,False,False,3,0.2317596566523603,0.22353275543555484,0.2685551485431482,0.24057407857172675,UP,True,88,49.0,IGNORE,NONE,,RED,C,NO_DEPLOY,CMF positive,Retail Trade,31.1
ASIANHOTNR,385.45,381.6,409.0,375.35,False,True,True,True,False,True,1.1939819660706323,4.289094875,1.275557038734431,True,0.4185121786270272,False,48.64,False,0.8763253429902081,57.0,0.1,0,True,▄▅▄▅▆▅███▁▁▄▄▄▅▃▄▄▄▄,False,False,False,8,0.27632450331125824,0.13735615225730302,0.31311999520204614,0.15439747539347493,UP,True,80,49.0,IGNORE,NONE,,RED,C,NO_DEPLOY,CMF positive,Consumer Services,29.2
CARTRADE,3017.1,3090.0,3170.2,3001.1,True,True,True,True,False,True,0.7775792001951052,101.87117466000001,0.766887481853042,False,0.13044786368426728,False,35.49,False,0.9719958918178706,31.0,-0.44,0,True,▇█▅▂▃▁▃▂▆▇▆▆▄▆▂▄▆▂▄▄,False,False,False,6,0.0765360736459002,0.08396206078896307,0.1133315655366881,0.10100338392513497,UP,True,74,49.0,IGNORE,NONE,,RED,C,NO_DEPLOY,CMF positive,Technology Services,21.0
IDFCFIRSTB,84.8,86.56,86.65,84.8,True,False,True,True,False,True,1.7657755280059793,213.52522976,1.7427514782786544,False,-0.04278574549271899,False,61.64,True,1.1283694110109377,87.0,1.24,0,True,█▅▅▇▆▄▅▄▁█▅▆▆▄▇▆▇▄▇▇,False,False,False,12,0.0004719207173193851,0.054332960338182135,0.037267412608107287,0.07137428347435404,FLAT,True,69,49.0,IGNORE,DISTRIBUTION,,RED,C,NO_DEPLOY,No standout factor,Finance,28.2
SHARDAMOTR,933.15,968.0,974.4,928.0,True,True,True,True,False,False,2.9688509784244856,13.803434744999999,3.024705870575571,False,-0.03810047409789212,False,54.96,True,1.0150709219858158,58.0,0.14,0,True,█▃▄▆▇▆▄▃▅▅▁▅▇▆▇▆▆▂▅▅,False,False,False,4,-0.0032578508865627187,0.04332513416815753,0.03353764100422518,0.060366457304329435,FLAT,True,67,49.0,IGNORE,DISTRIBUTION,,RED,C,NO_DEPLOY,No standout factor,Producer Manufacturing,24.3
JUBLPHARMA,1011.95,1040.0,1041.0,1002.15,True,True,True,True,False,True,0.4925396435748813,19.299202035,0.5369491924823495,False,0.21941823649306455,False,55.03,True,1.1138436004088612,62.0,0.31,0,False,▆█▅▅▃▃▆▅▄▅▅▅▅▄▅▁▄▄▅▅,False,False,False,4,0.1685334872979216,0.033868001634654865,0.20532897918870952,0.05090932477082677,UP,True,65,49.0,IGNORE,NONE,,RED,C,NO_DEPLOY,CMF positive,Health Technology,30.5
ONEPOINT,56.68,57.49,61.38,56.0,False,True,True,True,False,True,7.295218561893958,30.978692056,7.342684985985193,True,-0.15597873929307268,False,52.32,True,1.2846514597195964,59.0,0.18,0,False,▆▂▄▇▅▇▄▃█▇▁▃▃▃▅█▅▆▇▇,False,False,False,0,0.007644444444444343,0.01942446043165469,0.044439936335232244,0.03646578356782659,UP,True,61,49.0,IGNORE,NONE,,RED,C,NO_DEPLOY,No standout factor,Commercial Services,28.1
SHRIPISTON,4275.4,4358.5,4407.8,4246.4,True,False,False,True,False,True,1.0235689875907354,32.76324527999999,0.9568840568075297,False,0.16735481419840184,False,59.57,True,1.1118265722257996,92.0,1.1,0,True,▂▃█▃▅▅▆▁▂▅▅▄▄▃▃▃▅▃▅▅,False,False,False,3,-0.05182852453926523,0.0014757208779365705,-0.015033032648477329,0.018517044014108475,FLAT,True,57,49.0,IGNORE,SEED,,RED,C,NO_DEPLOY,"Delivery P92, CMF positive",Producer Manufacturing,24.3
CREST,354.65,350.5,357.95,347.5,True,False,False,False,False,True,1.44562410994431,0.22140799499999997,1.4035046988459854,False,0.21170758056771777,True,96.08,True,1.268165199371725,99.0,1.96,0,True,▇▁▃▅▇▆▅▆▅▇▆█▄▅▁▃▃▁██,False,True,False,0,0.007385314585996117,-0.057784272051009555,0.04418080647678402,-0.04074294891483765,UP,False,42,49.0,IGNORE,SEED,,RED,C,NO_DEPLOY,"Delivery P99, CMF positive",Finance,28.2
BLUESTONE,828.55,899.0,904.0,822.35,True,False,True,True,False,True,1.3280385140449567,78.72749531999999,1.3134477735670824,False,0.14927841195938188,True,25.24,False,0.9821202747135157,21.0,-0.73,0,True,▁▂▂▂▄▄▄▃▄█▇▄▃▃▄▃▆▅▃▃,False,False,False,2,0.009934178449536812,0.4311253130667585,0.046729670340324714,0.4481666362029304,FLAT,True,96,48.0,IGNORE,NONE,,RED,C,NO_DEPLOY,"CMF positive, RS leader",Retail Trade,31.1
GKSL,173.11,170.7,183.05,170.0,False,True,True,True,False,True,0.888530883706479,14.732855459,0.9679333567558068,False,0.0037454771881464026,False,46.72,True,1.1705752655842854,53.0,0.02,0,False,▄▃▅▆█▄▆█▁▄▁▄▂▂▂▄▁▆▅▅,False,False,False,11,0.13701149425287373,0.35263322394124086,0.17380698614366163,0.36967454707741276,FLAT,True,94,48.0,IGNORE,NONE,,RED,C,NO_DEPLOY,"CMF positive, RS leader",Health Services,27.6
RSWM,193.12,203.0,206.16,182.85,True,True,True,True,False,True,0.7056465414623903,5.5838330560000005,0.6926783341089849,False,0.04818753969458724,False,55.21,True,1.1021610021460297,25.0,-0.64,0,False,▆▆▇▆▇▇█▅▆▇▅▁▃▄▃▃▆▆▇▆,False,False,False,8,0.13827655310621245,0.3463469046291132,0.17507204499700035,0.3633882277652851,FLAT,True,94,48.0,IGNORE,NONE,,RED,C,NO_DEPLOY,"CMF positive, RS leader",Process Industries,22.6
WSTCSTPAPR,713.3,713.0,734.0,705.85,True,True,True,True,False,True,1.3063105817959721,26.75138921,1.4286356947090224,False,0.03777800136187504,False,40.76,False,0.7989650305786419,8.0,-1.39,0,True,▃▅▆▆▄▆▂█▆▄▃▃▅▆▂▁▂▁▁▁,False,False,False,11,0.15197028423772596,0.33752109506844175,0.18876577612851386,0.35456241820461365,FLAT,True,93,48.0,IGNORE,NONE,,RED,C,NO_DEPLOY,"CMF positive, RS leader",Producer Manufacturing,24.3
CUPID,284.4,280.55,286.85,279.0,False,True,True,True,False,True,0.6581637597429589,309.07036331999996,0.6642771704875273,False,0.025115239067496457,False,36.69,True,1.0916556330799325,65.0,0.4,0,True,▁▁▄▄▄▆▄▅▃▇▃▆▆███▂▅▆▆,False,False,False,0,0.0013026792944408339,0.28623761928451885,0.038098171185228735,0.30327894242069076,FLAT,True,92,48.0,IGNORE,NONE,,RED,C,NO_DEPLOY,"CMF positive, RS leader",Consumer Non-Durables,28.4
SAILIFE,1541.5,1587.9,1601.0,1535.8,True,True,True,True,False,True,0.52153191677903,66.7725389,0.5152237582286435,False,0.03125795732523032,False,56.49,True,1.1074407708368048,67.0,0.27,0,False,▃▅▅▅▆▄▆▅▄█▁▁▄▂▅▃▄▅▅▅,False,False,False,13,0.0704117769599335,0.2754426609300018,0.1072072688507214,0.2924839840661737,FLAT,True,91,48.0,IGNORE,NONE,,RED,C,NO_DEPLOY,"CMF positive, RS leader",Commercial Services,28.1
BLSE,310.1,313.0,315.95,307.25,True,False,True,True,False,True,0.8360696712744792,9.37698986,0.8097143559887946,False,0.03778613302963305,False,62.6,True,1.2981088254810882,92.0,1.4,0,True,▆▅▁▇▆▄▄▃▅▄▄▆█▄▄▄▂▅██,False,False,False,7,-0.0016097875080489654,0.1608580092089995,0.035185704382738936,0.1778993323451714,FLAT,True,82,48.0,IGNORE,SEED,,RED,C,NO_DEPLOY,"Delivery P92, CMF positive",Technology Services,21.0
SHOPERSTOP,398.5,378.2,442.0,372.55,False,True,True,True,False,False,107.28934705763271,109.823412,109.13455273869143,True,-0.26711824358488095,True,42.43,False,0.9016532789323813,31.0,-0.42,0,False,▄▅▂▇▆▄▁▆▂▅▆█▅▃▅▂▄▂▃▃,False,True,False,0,-0.07228494936561525,0.1195392611321815,-0.035489457474827346,0.1365805842683534,FLAT,True,79,48.0,IGNORE,NONE,,RED,C,NO_DEPLOY,No standout factor,Retail Trade,31.1
STAR,1150.6,1183.0,1203.0,1127.0,True,True,True,True,False,True,0.6883016627175362,48.49399302,0.7480759509764571,False,0.07597130005088625,True,43.14,False,0.9839094091753999,44.0,-0.08,0,False,▆▆▁▄▅▅▅▅█▆▆▆▆▆▁▃▅▆▅▅,False,False,False,4,0.21230639553260966,0.019854635702889478,0.24910188742339756,0.03689595883906138,UP,True,61,48.0,IGNORE,NONE,,RED,C,NO_DEPLOY,CMF positive,Health Technology,30.5
GPTHEALTH,159.45,158.2,161.26,155.0,False,True,True,True,False,True,1.448494386262077,2.24030439,1.4807291457645364,True,0.07386311014979419,True,55.15,False,0.977377650571983,40.0,-0.23,0,True,▆▃▃▇▆▃▃▄▅▆█▇▇▂▅▁▆▅▅▅,False,False,False,0,0.04127212172663741,0.0206759697861989,0.07806761361742531,0.037717292922370804,UP,True,61,48.0,IGNORE,NONE,,RED,C,NO_DEPLOY,CMF positive,Health Services,27.6
NITTAGELA,1690.3,1625.4,1807.0,1602.2,False,True,True,True,True,False,3.5871946298407655,2.36658903,3.750216429581008,True,-0.03835116984751583,False,71.22,True,1.0988875345234603,89.0,1.07,0,True,▆▅▃▂▅▄▃▆▂▃▄▄█▅▄▁▅▅▆▆,False,False,False,0,0.05650353147071674,-0.042268683778117766,0.09329902336150464,-0.025227360641945862,UP,False,46,48.0,IGNORE,NONE,,RED,C,NO_DEPLOY,No standout factor,Consumer Non-Durables,28.4
REDTAPE,120.87,115.07,132.75,114.11,False,True,False,False,False,False,112.61614310199471,408.564774,112.19118352152817,True,-0.24806847990028083,False,55.02,True,1.0669924658928935,81.0,0.78,0,True,▆▆▅▆▅▆▄▄▅▆▁▇▆█▆▆▃▆▆▆,False,True,False,0,-0.030791436131825778,-0.11353135313531348,0.0060040557589621235,-0.09649002999914158,UP,False,24,48.0,IGNORE,NONE,,RED,C,NO_DEPLOY,No standout factor,Retail Trade,31.1
BODALCHEM,176.66,173.12,181.02,172.0,False,True,True,True,False,True,0.6174016282931817,51.053132394,0.7515424341840863,False,0.4103789118472208,False,31.89,False,0.8187419768934531,4.0,-1.95,0,False,█▅█▄▆▆▂▅▅▆▂▁▃▃▅▄▆▆▄▄,False,False,False,14,1.567732558139535,1.8932197838191942,1.6045280500303227,1.910261106955366,FLAT,True,100,47.0,IGNORE,NONE,,RED,C,NO_DEPLOY,"CMF positive, RS leader",Process Industries,22.6
KABRAEXTRU,650.85,741.9,741.9,650.85,True,True,True,True,False,True,0.8862229354072301,20.38084707,0.9348544908707614,False,0.2577384319158856,False,30.1,False,0.7397485837869722,6.0,-1.62,0,False,▅▄▄▄▃▆▇▇▄▇▇█▅▅▃▂▃▁▂▂,False,False,False,11,0.26970347249317195,1.221710189452125,0.30649896438395985,1.2387515125882969,FLAT,True,100,47.0,IGNORE,NONE,,RED,C,NO_DEPLOY,"CMF positive, RS leader",Producer Manufacturing,24.3
KALYANKJIL,604.2,610.0,616.0,604.2,False,True,True,True,False,True,1.0661351472582277,514.87682418,1.0697662235005845,True,-0.04801169916283712,False,26.72,True,1.060401619176125,40.0,-0.36,0,True,▆▁▁▃▄▂█▃▂▆▃▅▃▂▄▂▅▃▄▄,False,False,False,1,0.0043218085106382365,0.703171247357294,0.04111730040142614,0.7202125704934659,FLAT,True,99,47.0,IGNORE,NONE,,RED,C,NO_DEPLOY,RS leader,Retail Trade,31.1
INDSWFTLAB,378.75,394.45,394.6,376.0,True,True,True,True,False,True,0.29082656053450756,13.8669465,0.30589427363140886,False,0.18117874462610778,False,31.79,False,0.8814151440374858,7.0,-1.32,0,False,▃▆▅▆▅▆▁▅▅▅▄▅▅█▇▅▆▇▄▄,False,False,False,11,0.09190763110098876,0.7603997211247966,0.12870312299177666,0.7774410442609685,FLAT,True,99,47.0,IGNORE,NONE,,RED,C,NO_DEPLOY,"CMF positive, RS leader",Health Technology,30.5
NOVARTIND,2188.0,2360.2,2360.2,2153.3,True,True,True,True,False,True,0.6207136646134754,29.6679672,0.6041533309956408,False,0.27562544937671174,False,15.81,False,0.3107097585661364,4.0,-2.74,0,False,▆▇▇▆▅▇█▇▆▅▅▆██▄▁▂▁▁▁,False,False,False,3,0.3704979642968995,0.5008917546988614,0.4072934561876874,0.5179330778350333,FLAT,True,97,47.0,IGNORE,NONE,,RED,C,NO_DEPLOY,"CMF positive, RS leader",Health Technology,30.5
MANINDS,808.2,866.1,866.65,802.6,True,True,True,True,False,True,0.6997376898330206,83.00521116,0.706135138004053,False,0.15880218120047865,False,19.05,False,0.5115329878359872,4.0,-2.14,0,False,▆█▅▄▆█▇▄▅▇▆█▆▆▇▇▇▁▃▃,False,False,False,15,0.2527319228086493,0.4368000000000001,0.2895274146994372,0.453841323136172,FLAT,True,96,47.0,IGNORE,NONE,,RED,C,NO_DEPLOY,"CMF positive, RS leader",Producer Manufacturing,24.3
ANTELOPUS,1057.8,1146.1,1173.15,1036.95,True,True,True,True,False,True,0.3219842682764103,119.45714243999998,0.3254350772343611,False,0.18300514311264077,False,10.62,False,0.30320766298839413,6.0,-1.88,0,False,▅▇▇▇██▆█▆▆▇▁▁▂▂▁▁▁▂▂,False,False,False,4,0.23495417663884188,0.328894472361809,0.2717496685296298,0.3459357954979809,FLAT,True,93,47.0,IGNORE,NONE,,RED,C,NO_DEPLOY,"CMF positive, RS leader",Energy Minerals,25.9
UNIPARTS,865.7,897.45,899.0,861.1,True,True,True,True,False,True,0.6398514902768397,10.025844840000001,0.6361885828768735,False,0.10479799581944238,False,35.66,False,0.7922771859274153,11.0,-1.36,0,False,▆▇▆█▆▅█▆▄▅▄▅▄▄▇▃▁▃▃▃,False,False,False,13,0.048253314766604216,0.32969817986329786,0.08504880665739212,0.34673950299946976,FLAT,True,93,47.0,IGNORE,NONE,,RED,C,NO_DEPLOY,"CMF positive, RS leader",Producer Manufacturing,24.3
GRAPHITE,781.5,825.5,830.0,776.05,True,True,True,True,False,True,0.5384920296989012,146.25045705,0.5201983723199227,False,0.07564261261200098,False,23.65,False,0.6792268588988769,15.0,-1.01,0,False,▄▇▆█▇█▅▆▇▆▂▆▅▄█▆▁▁▃▃,False,False,False,5,0.060164145696262716,0.2949461474730737,0.09695963758705062,0.3119874706092456,FLAT,True,92,47.0,IGNORE,NONE,,RED,C,NO_DEPLOY,"CMF positive, RS leader",Process Industries,22.6
FINCABLES,1339.9,1420.0,1421.6,1326.4,True,True,True,True,False,True,1.141598978466474,169.60574791000002,1.1587092491903785,False,0.14888186137100148,False,17.29,False,0.5095485087822703,1.0,-2.61,0,False,▅▄▆█▅▇▇▅▇█▆▇▂█▇▄▄▅▁▁,False,False,False,5,0.007936209425659202,0.27853053435114505,0.0447317013164471,0.29557185748731696,FLAT,True,91,47.0,IGNORE,NONE,,RED,C,NO_DEPLOY,"CMF positive, RS leader",Producer Manufacturing,24.3
TNPETRO,125.71,132.9,132.9,122.68,True,True,True,True,False,True,0.3098217810298303,12.847448861,0.30393791196280806,False,0.008174510522686276,True,20.68,False,0.5344981326165338,4.0,-2.37,0,False,▆▅▄▅▆▇▇█▅▁▂▂▃▄▅▂▃▄▂▂,False,False,False,10,0.1179190751445085,0.2840653728294176,0.1547145670352964,0.3011066959655895,FLAT,True,91,47.0,IGNORE,NONE,,RED,C,NO_DEPLOY,"CMF positive, RS leader",Process Industries,22.6
RGL,151.77,157.3,163.45,151.2,True,True,True,True,False,True,0.3508410071299088,18.574341096,0.36106424692785505,False,0.2754358536109391,False,30.92,False,0.9085166086356091,20.0,-0.77,0,False,▅▆█▆▆▆▁▂▃▄▃▄▆▄▅▅▅▇▄▄,False,False,False,10,0.21513210568454766,0.25616619764939585,0.25192759757533556,0.27320752078556776,FLAT,True,90,47.0,IGNORE,NONE,,RED,C,NO_DEPLOY,"CMF positive, RS leader",Consumer Durables,20.7
RPEL,1622.4,1860.0,1875.0,1605.0,True,False,True,True,False,True,1.662680724365742,36.65228736,1.5723461383227944,False,0.06466704264779298,False,42.34,False,0.9266797986430292,14.0,-1.08,0,False,▅▃▂▄▆█▅▆▄▁▃▄▃▁▂▃▄▁▃▃,False,False,False,9,0.08507223113964679,0.2420762517225541,0.1218677230304347,0.259117574858726,FLAT,True,89,47.0,IGNORE,NONE,,RED,C,NO_DEPLOY,CMF positive,Process Industries,22.6
CRAFTSMAN,11099.0,11763.0,11798.0,10968.0,True,False,True,True,False,True,1.4530955917799102,82.1337099,1.4406346196086197,False,0.059559936747259096,False,52.51,True,1.1215771711734803,69.0,0.41,0,True,▄▆▆▆▇█▇▇▆█▁█▇▆▆▅▆▄▇▇,False,False,False,11,0.01914512648638711,0.2198043741070448,0.05594061837717501,0.2368456972432167,FLAT,True,88,47.0,IGNORE,NONE,,RED,C,NO_DEPLOY,CMF positive,Producer Manufacturing,24.3
BEPL,120.69,128.8,129.3,120.0,True,False,True,True,False,True,0.9931761628085818,22.094488989,0.9355699744256828,False,0.0781793004275858,False,45.53,True,1.1077858880778588,27.0,-0.53,0,True,▇▆█▃▄▁▃▅▄▄▁▂▄▆▆▄▃▅▆▆,False,False,False,5,-0.012114267004993073,0.22577696526508229,0.024681224885794828,0.2428182884012542,FLAT,True,88,47.0,IGNORE,NONE,,RED,C,NO_DEPLOY,CMF positive,Process Industries,22.6
STYLEBAAZA,376.05,388.05,395.45,374.4,True,False,True,True,False,True,0.2606730861869986,16.218171585,0.23961401685022773,False,0.09699183772998689,False,64.83,True,1.0490630764749667,94.0,1.43,0,True,▇▆▃▆▄▃▄▄▄▇▇▅█▃▁▇▄▇▆▆,False,False,False,2,-0.06606233701726061,0.2160064672594988,-0.029266845126472707,0.2330477903956707,FLAT,True,88,47.0,IGNORE,SEED,,RED,C,NO_DEPLOY,"Delivery P94, CMF positive",Retail Trade,31.1
WAKEFIT,149.5,154.27,156.0,147.9,True,True,True,False,False,False,0.2660199178384652,6.2806445,0.27714657854308883,False,0.05996349470682291,False,43.85,True,1.2639255191894736,62.0,0.18,0,True,▁▅▇▆▅▆▆▇▆▅▆▇▃▇▇█▆███,False,False,False,11,0.20080321285140568,0.20273531777956566,0.23759870474219358,0.21977664091573756,UP,True,87,47.0,IGNORE,NONE,,RED,C,NO_DEPLOY,CMF positive,Retail Trade,31.1
INNOVACAP,1140.1,1147.2,1236.1,1125.2,True,True,True,True,False,True,2.4694964084572906,24.68555921,2.5258882691030715,False,-0.05926720360252432,False,54.39,True,1.2032520325203253,65.0,0.32,0,False,▆▆▇▄▄███▅▆▃▂▂▁▄▄▅█▇▇,False,False,False,10,0.09309683604985608,0.1776675963226939,0.12989232794064398,0.19470891945886581,FLAT,True,84,47.0,IGNORE,DISTRIBUTION,,RED,C,NO_DEPLOY,No standout factor,Health Technology,30.5
TMB,868.35,910.9,920.0,860.0,True,False,True,True,False,True,1.3035314647886622,18.187851255,1.248601459783261,False,0.1331868145778202,False,59.69,True,1.24544876008054,83.0,0.92,0,True,█▅▆▁▇▆▄▄▄▃▃▄▁▄▄▅▆▃██,False,False,False,7,0.025085586117341574,0.1305168597838824,0.061881078008129475,0.1475581829200543,FLAT,True,79,47.0,IGNORE,NONE,,RED,C,NO_DEPLOY,CMF positive,Finance,28.2
EMCURE,1993.0,1977.0,2014.3,1974.0,False,True,True,True,True,True,1.9936982479661884,47.6554202,2.0965636881300633,True,-0.0721034924224428,False,40.7,False,0.7410914255539977,17.0,-0.83,0,False,▆▆▅█▃▅▆▇▆▂▄▄▇▁▂▂▃▃▁▁,False,False,False,1,0.06321685782875441,0.08109574179549761,0.10001234971954232,0.09813706493166952,UP,True,73,47.0,IGNORE,NONE,,RED,C,NO_DEPLOY,No standout factor,Health Technology,30.5
ORCHPHARMA,988.2,1009.15,1060.0,972.85,True,True,True,True,False,True,1.959158220214754,13.4118504,1.96595581756672,False,-0.021418747622578258,False,61.07,True,1.1338655774229485,87.0,0.95,0,True,▂▁▄█▄▅▄▂▂▄▃▄▄▂▅▅▃▄▅▅,False,False,False,0,0.019603796945934837,0.06872870815984444,0.05639928883672274,0.08577003129601635,FLAT,True,71,47.0,IGNORE,DISTRIBUTION,,RED,C,NO_DEPLOY,No standout factor,Health Technology,30.5
BHEL,433.35,422.15,436.0,421.65,False,True,True,True,False,True,1.0578857768336325,361.445231205,1.0757373356134972,True,0.2739224956745142,False,35.09,False,0.8760235670061914,29.0,-0.49,0,False,▄▁▅▄▆▆▄▁▃█▆▆▄▄▅▄▅▆▃▃,False,False,False,4,0.031785714285714306,0.046865563473849514,0.06858120617650221,0.06390688661002142,UP,True,68,47.0,IGNORE,NONE,,RED,C,NO_DEPLOY,CMF positive,Producer Manufacturing,24.3
GROWW,200.0,194.7,200.91,192.6,False,True,True,True,False,True,0.6472696624193626,620.58688,0.6644433204472967,False,-0.08902063851576038,True,54.18,True,1.0011918951132301,93.0,1.42,0,True,▃▃▅▃▃▁█▂▆▇▅▂▃▃▄▅▆▅▄▄,False,False,False,0,0.019523882346944132,-0.03147699757869249,0.056319374237732034,-0.014435674442520585,UP,False,49,47.0,IGNORE,SEED,,RED,C,NO_DEPLOY,Delivery P93,Miscellaneous,33.3
NIITMTS,232.02,231.98,238.45,227.82,False,True,False,False,False,False,1.6118021402707439,6.899578740000001,1.636294028609172,True,-0.047762208701292067,True,34.43,False,0.6165941367144827,5.0,-1.53,0,True,▆▄▄▅▅▅▅▅▆▅█▇▇▄▇▆▅▆▁▁,False,True,False,0,-0.01490256018341607,-0.051392125597939375,0.021892931707371832,-0.03435080246176747,UP,False,43,47.0,IGNORE,NONE,,RED,C,NO_DEPLOY,No standout factor,Commercial Services,28.1
PVRINOX,1221.0,1234.9,1234.9,1206.2,True,True,True,True,False,True,0.3942599838587281,35.6481939,0.39768576595465605,False,-0.013820627547186808,True,50.21,True,1.076716882002895,40.0,-0.18,0,True,▅▅▆▇▇▃▄█▇▇▄██▆▃▁▄▄▆▆,False,False,False,9,0.01911359652783573,0.2186236838165576,0.05590908841862363,0.23566500695272952,FLAT,True,88,46.0,IGNORE,NONE,,RED,C,NO_DEPLOY,No standout factor,Consumer Services,29.2
SONACOMS,790.0,788.0,793.9,777.45,False,False,True,True,False,True,1.0634805776269984,129.161445,1.0399113069887789,True,0.035901671038478515,False,48.61,True,1.0175416562002846,50.0,-0.01,0,True,▅▇▄▂▇▇▆▅▅▅▅▆█▆▆▅▅▁▆▆,False,False,False,7,-0.04126213592233008,0.17699642431466023,-0.004466644031542177,0.19403774745083213,FLAT,True,84,46.0,IGNORE,NONE,,RED,C,NO_DEPLOY,CMF positive,Producer Manufacturing,24.3
TNPL,152.39,154.25,156.6,151.56,True,True,True,True,False,True,0.575225664881145,3.6544036339999995,0.572031184160898,False,0.004898600965219478,False,53.47,True,1.0545103143612196,42.0,-0.12,0,True,▅▆▆▄▆▆▆█▆▅▄▄▁▃▂▅▆▃▅▅,False,False,False,3,0.10371550662707318,0.05416436081903697,0.14051099851786109,0.07120568395520888,UP,True,69,46.0,IGNORE,NONE,,RED,C,NO_DEPLOY,CMF positive,Process Industries,22.6
TATACAP,363.05,361.2,365.15,356.8,True,False,True,True,False,True,0.5304459733473883,17.89633192,0.5230072772251871,False,0.21816171835457934,True,58.96,True,1.0461320085166785,56.0,0.07,0,True,▄▁▄▅▇▄▅▄▇▄▄▃▆█▅▆▅▅▆▆,False,False,False,0,-0.0031576057111476485,0.03906697195191766,0.03363788617964025,0.056108295088089566,FLAT,True,66,46.0,IGNORE,NONE,,RED,C,NO_DEPLOY,CMF positive,Finance,28.2
ELGIEQUIP,612.05,627.55,641.4,606.8,True,False,True,True,False,True,1.1126130211484468,38.330426915,1.0840636613759553,False,0.1222502245739677,True,47.47,True,1.007844927336228,29.0,-0.45,0,False,▃▁▂▂▃▁▄█▆▆▇█▂▃▃▃▅▁▄▄,False,False,False,9,-0.00350048844024764,0.03913412563667218,0.03329500345054026,0.05617544877284408,FLAT,True,66,46.0,IGNORE,NONE,,RED,C,NO_DEPLOY,CMF positive,Producer Manufacturing,24.3
KOVAI,6019.0,6111.5,6189.0,5980.5,True,False,True,True,False,True,2.6509342576707167,6.8357783,2.612349679068395,False,0.011592318738524721,False,60.02,False,0.9725035241505583,30.0,-0.44,0,False,▅▂▆▄▆▅█▆▁▄▄▅▅▄▄▆▄▂▄▄,False,False,False,4,0.0009978380176285384,-0.0028990308953863453,0.03779332990841644,0.014142292240785559,UP,True,55,46.0,IGNORE,NONE,,RED,C,NO_DEPLOY,CMF positive,Health Services,27.6
NILKAMAL,2017.9,2050.8,2069.9,1989.0,True,False,True,True,False,True,0.18005575801682297,3.95407505,0.17825872098331721,False,0.3654371906678746,False,50.98,True,1.3616271150225023,25.0,-0.7,0,False,█▁▂▅▅▅▄▇▆█▅▅▆▇▆▆▇▇██,False,False,False,10,0.09270590783559873,0.5584646277417362,0.12950139972638663,0.5755059508779081,FLAT,True,98,45.0,IGNORE,NONE,,RED,C,NO_DEPLOY,"CMF positive, RS leader",Consumer Durables,20.7
KENNAMET,4266.4,4700.0,4739.6,4210.5,True,False,True,True,False,False,0.8193319072179707,21.36570456,0.8167096947441431,False,0.1605555655824521,False,63.14,True,1.3235371183616145,60.0,0.29,0,False,▇▇█▁▄▃▄▃▂▄▃▅▂▅▆▆▅▃▇▇,False,False,False,13,0.21820569927474165,0.5019362106597196,0.25500119116552955,0.5189775337958915,FLAT,True,97,45.0,IGNORE,NONE,,RED,C,NO_DEPLOY,"CMF positive, RS leader",Producer Manufacturing,24.3
ASKAUTOLTD,604.7,634.0,649.95,600.35,True,False,True,True,False,True,1.6359727971976998,29.043801470000005,1.5686114339833932,False,-0.05893650533044544,False,48.02,False,0.990910122677232,51.0,-0.04,0,True,▃▃▂▃▂█▃▄▁▅▃▂▁▅▃▆▃▃▃▃,False,False,False,0,-0.0525656090873482,0.29223207607650403,-0.015770117196560296,0.30927339921267594,FLAT,True,92,45.0,IGNORE,DISTRIBUTION,,RED,C,NO_DEPLOY,RS leader,Producer Manufacturing,24.3
IRISDOREME,58.09,61.89,62.42,57.21,True,False,True,True,False,True,0.4557003982156278,2.9901072330000003,0.44519331786205973,False,0.0751441002248483,False,48.43,True,1.2737865099091281,85.0,1.05,0,False,▃▁▂▄▃▁▁█▅▃▂▂▂▅▃▃▃▂▅▅,False,False,False,7,-0.015423728813559245,0.2903154153709462,0.021371763077228656,0.3073567385071181,FLAT,True,92,45.0,IGNORE,SEED,,RED,C,NO_DEPLOY,"CMF positive, RS leader",Consumer Non-Durables,28.4
SUDARSCHEM,1183.2,1259.0,1259.0,1175.4,True,False,True,True,False,False,0.36571418624645935,20.88135024,0.35221217936335747,False,0.12993648242480044,False,49.76,True,1.0392431235772017,57.0,0.09,0,False,▄▅▅▄▆▆▅▇▄█▁▄▄▄▅▇▅▇▅▅,False,False,False,12,0.04652396957367788,0.2806580798787748,0.08331946146446578,0.2976994030149467,FLAT,True,91,45.0,IGNORE,NONE,,RED,C,NO_DEPLOY,"CMF positive, RS leader",Process Industries,22.6
RISHABH,779.5,829.55,830.0,772.7,True,True,True,True,False,True,0.5394678032030645,17.4949421,0.5811273352759172,False,0.04338635434833723,True,44.09,True,1.0224835055252144,33.0,-0.33,0,False,██▁▆▆▇▆▆▇▆▇▂█▆▄▆▄▇▆▆,False,False,False,15,0.17085993240705966,0.23808767471410408,0.20765542429784756,0.255128997850276,FLAT,True,89,45.0,IGNORE,NONE,,RED,C,NO_DEPLOY,CMF positive,Producer Manufacturing,24.3
VENKEYS,1713.6,1810.0,1814.9,1702.0,True,True,True,True,False,True,0.8926174262631758,19.740672,0.9081959045483976,False,0.20670754178430847,False,49.12,True,1.1015181754983965,63.0,0.43,0,False,▇▇██▇▆▆▇▇▁▅▅▅▇▇▅▇▆▇▇,False,False,False,10,0.13123844731977807,0.20803665844201613,0.16803393921056597,0.22507798157818804,FLAT,True,87,45.0,IGNORE,NONE,,RED,C,NO_DEPLOY,CMF positive,Process Industries,22.6
BOSCHLTD,48870.0,48475.0,48925.0,48360.0,False,True,True,True,False,True,0.6259569881530072,132.256881,0.6367759972160764,False,0.24290880929116265,False,48.29,False,0.9840040753948038,70.0,0.44,0,True,▂▃▅▆▃▅▆▆▄█▁▂▃▃▄▆▆▆▄▄,False,False,False,12,0.05141996557659212,0.1982346450901067,0.08821545746738002,0.2152759682262786,FLAT,True,86,45.0,IGNORE,NONE,,RED,C,NO_DEPLOY,CMF positive,Producer Manufacturing,24.3
NITINSPIN,643.15,654.8,665.0,640.25,True,True,True,True,False,True,0.5317245253473122,11.749257145,0.5548428023354236,False,0.07828868684536336,False,50.7,True,1.1165556350823103,44.0,-0.04,0,False,▁▄▅▇▇▄▆▆▆▅▆▇▆▇█▅▇▆▆▆,False,False,False,14,0.05972977426264614,0.187828977744944,0.09652526615343404,0.2048703008811159,FLAT,True,85,45.0,IGNORE,NONE,,RED,C,NO_DEPLOY,CMF positive,Process Industries,22.6
WELSPUNLIV,201.63,208.0,208.83,199.25,True,True,True,True,False,True,0.6692489245313304,102.579847227,0.7118963390080325,False,0.2752478364369392,False,40.77,True,1.3395761458846722,57.0,0.17,0,False,▁▄▃▄▆▅▆▅▅▆▆█▆▅▅▆▃▆▇▇,False,False,False,16,0.1340907812587886,0.18306636155606393,0.1708862731495765,0.20010768469223583,FLAT,True,84,45.0,IGNORE,NONE,,RED,C,NO_DEPLOY,CMF positive,Consumer Non-Durables,28.4
NEOGEN,2310.3,2381.0,2399.8,2234.3,True,True,True,True,False,True,1.2235371860134787,61.085256120000004,1.2396034497470638,False,0.039447917864963045,True,40.32,False,0.9232037367770298,39.0,-0.24,0,True,▁▅▅▅█▅▅▇▆▆▆▄▆▇▅▆▇▄▅▅,False,False,False,4,-0.007816190680695612,0.18143697264126835,0.02897930121009229,0.19847829577744025,FLAT,True,84,45.0,IGNORE,NONE,,RED,C,NO_DEPLOY,CMF positive,Process Industries,22.6
KINGFA,5754.0,6280.0,6280.0,5701.5,True,False,True,True,False,True,2.626525791017241,21.4629954,2.510755489737918,False,-0.020150184213490227,False,49.72,False,0.9781432590348409,33.0,-0.36,0,False,▇▄▁▅▆▅▂▅█▅▆▅██▇▆▆▁▅▅,False,True,False,9,-0.03690685413005268,0.12790355777712437,-0.0001113622392647784,0.14494488091329627,FLAT,True,79,45.0,IGNORE,DISTRIBUTION,,RED,C,NO_DEPLOY,No standout factor,Process Industries,22.6
NRBBEARING,480.85,516.0,516.8,478.0,True,True,True,True,False,True,1.2857920723665146,24.270759495,1.2682580564601753,False,0.14090125217441637,False,47.29,True,1.0108912901743248,33.0,-0.4,0,False,▃▁▄▃▅▅▆▅█▅▇▆█▇▁▄▅▁▅▅,False,False,False,10,-0.009781713344316323,0.11050808314087757,0.02701377854647158,0.12754940627704947,FLAT,True,77,45.0,IGNORE,NONE,,RED,C,NO_DEPLOY,CMF positive,Producer Manufacturing,24.3
ENGINERSIN,262.45,270.0,273.0,261.6,True,False,True,True,False,True,0.414258604118673,63.179011110000005,0.39924061517982734,False,0.20517167641697673,False,50.15,True,1.2582008856329265,87.0,1.04,0,False,▄▆▅▆▇▆██▆▆▁▃▄▅▄▅▅▄▇▇,False,False,False,6,0.07218727020181381,0.08360858794384796,0.10898276209260171,0.10064991108001986,UP,True,74,45.0,IGNORE,SEED,,RED,C,NO_DEPLOY,CMF positive,Industrial Services,34.0
CGCL,255.1,264.0,264.8,254.25,True,False,True,True,False,True,0.3791382906791241,73.70201241999999,0.3785284097928354,False,0.2524225094811456,False,43.57,True,1.3691140195138811,52.0,0.08,0,False,▅▄█▇▄▃▁▃▆▅▅▄▃▄▅▆▆▂▇▇,False,False,False,6,0.13106322603529308,0.07424095675243181,0.16785871792608098,0.09128227988860371,UP,True,72,45.0,IGNORE,NONE,,RED,C,NO_DEPLOY,CMF positive,Finance,28.2
MAHASTEEL,1021.4,1002.9,1040.9,1002.9,True,True,True,True,False,True,0.2324515753160124,0.36269914,0.24380660333450233,False,0.43021949857080166,False,59.7,True,1.0421303448456443,47.0,0.11,0,False,█▆▂▄▅▇▄▄▄▅█▄▃▅▄▂▇▅▁▅,False,False,False,5,0.15850961265808428,0.07335014712063881,0.19530510454887218,0.09039147025681071,UP,True,72,45.0,IGNORE,NONE,,RED,C,NO_DEPLOY,CMF positive,Non-Energy Minerals,28.3
NYKAA,336.2,345.4,346.15,336.2,True,False,True,True,False,True,0.5675775239625754,78.6175123,0.5658129536270496,False,0.35290637177159584,False,56.77,False,0.9783123809852057,67.0,0.45,0,True,█▇▆▇▁▄▇▄▆▇▃▄▄▆▅▆▄▅▅▅,False,False,False,4,0.04865876481596998,0.0666243654822336,0.08545425670675788,0.08366568861840551,UP,True,71,45.0,IGNORE,NONE,,RED,C,NO_DEPLOY,CMF positive,Retail Trade,31.1
RML,1306.5,1362.1,1371.6,1300.0,True,True,True,True,False,True,0.17911298173989948,4.72312815,0.17755040821857304,False,0.5172820070215955,False,42.13,True,1.0336874647299852,20.0,-0.77,0,False,▇▇█▄▄▇▆█▇▇▅█▇▁▂▄▅▄▆▆,False,False,False,4,0.18761930733569687,0.06566068515497547,0.22441479922648477,0.08270200829114738,UP,True,71,45.0,IGNORE,NONE,,RED,C,NO_DEPLOY,CMF positive,Producer Manufacturing,24.3
ARVIND,550.6,578.8,597.9,542.25,True,False,True,True,False,True,2.1669156244770553,87.05382432,2.1704796586457946,False,0.059808497432039136,False,42.99,False,0.8956156706700972,32.0,-0.35,0,False,▄▆▄█▄▅▄▃▇▄▄▃▄▂▄▃▁▂▃▃,False,False,False,1,0.0457739791073124,0.021331849378593892,0.0825694709981003,0.038373172514765796,UP,True,62,45.0,IGNORE,NONE,,RED,C,NO_DEPLOY,CMF positive,Process Industries,22.6
JIOFIN,230.3,228.7,231.37,226.44,False,False,False,False,False,False,2.0946158608726635,498.59648307,2.007841979964699,True,-0.010588495638815004,True,50.88,True,1.001979145127463,67.0,0.41,0,True,▂▂▁▂▃▁▃▄▃█▃▃▂▃▆▄▄▃▃▃,False,True,False,0,-0.07528608713109819,-0.03781073741382901,-0.03849059524031029,-0.020769414277657106,FLAT,False,47,45.0,IGNORE,NONE,,RED,C,NO_DEPLOY,No standout factor,Finance,28.2
KAMAHOLD,2280.9,2273.5,2299.9,2250.0,False,False,False,False,False,False,1.9706985885295694,2.01266616,1.893753222287352,True,-0.5222887983678508,True,72.93,True,1.0129377695368653,62.0,0.35,0,True,▆▄▅▁▇▅▆▇▆▄▇█▃▁▂▅▆▄▅▅,False,True,False,0,-0.07280487804878044,-0.12374183634268143,-0.03600938615799254,-0.10670051320650953,UP,False,21,45.0,IGNORE,NONE,,RED,C,NO_DEPLOY,No standout factor,Process Industries,22.6
FOSECOIND,6223.5,6277.5,6367.5,6100.0,False,True,True,True,False,True,0.68682676721809,7.43646015,0.6949531087210608,False,0.12436905261340475,True,37.67,False,0.8490544774269163,16.0,-0.9,0,False,▆▆▆█▅▅▃▂▁▄▄▄▂▄▇▅▄▂▃▃,False,False,False,6,0.12918443255012257,0.22125196232339084,0.16597992444091048,0.23829328545956274,FLAT,True,88,44.0,IGNORE,NONE,,RED,C,NO_DEPLOY,CMF positive,Process Industries,22.6
TVSMOTOR,4156.6,4102.0,4217.5,4071.3,False,False,True,True,False,True,1.1863557392681028,423.46484782000005,1.1459094739432998,True,0.27374053171520857,True,43.87,False,0.7679851549712464,7.0,-1.5,0,False,▅▄▆█▄▅▆▄▂▇▁▄▅▃▃▅▅▅▂▂,False,False,False,3,-0.049919999999999964,0.18963938179736695,-0.013124508109212063,0.20668070493353885,FLAT,True,85,44.0,IGNORE,NONE,,RED,C,NO_DEPLOY,CMF positive,Consumer Durables,20.7
GUJTHEM,430.45,424.8,438.45,417.0,False,True,True,True,False,True,0.9028433274753406,28.692763919999997,0.9220058845681357,False,-0.04100565240956707,True,59.79,True,1.101500538867549,73.0,0.57,0,False,▂▂▃▄▃▃▃▃▄▁▅█▅▂▂▂▃▂▄▄,False,False,False,7,0.15930514408833818,0.14102054340622927,0.19610063597912608,0.15806186654240117,UP,True,81,44.0,IGNORE,NONE,,RED,C,NO_DEPLOY,No standout factor,Health Technology,30.5
KOTAKBANK,415.8,418.2,420.65,413.95,True,True,True,True,False,True,0.877737819224904,430.01254296,0.8863610249721008,False,0.025184513263154917,False,68.41,True,1.0511839456660368,64.0,0.38,0,False,▂▁▃▆▇▂▄▅█▆▃▅▃▇▅▆▅▄▆▆,False,False,False,10,0.06478873239436633,0.03833187663878146,0.10158422428515423,0.05537319977495336,UP,True,66,44.0,IGNORE,NONE,,RED,C,NO_DEPLOY,CMF positive,Finance,28.2
MOTILALOFS,990.8,1029.0,1030.0,985.1,True,False,True,True,False,True,0.5935731237958486,57.59044816,0.5816134876457668,False,0.23771815238736407,True,35.43,False,0.8889613729598174,17.0,-0.92,0,False,▃▃▂▂▆▁▅▅▅▇▅▆▃▃▆█▄▄▃▃,False,False,False,11,0.05628997867803842,0.041905462958094386,0.09308547056882632,0.05894678609426629,UP,True,66,44.0,IGNORE,NONE,,RED,C,NO_DEPLOY,CMF positive,Finance,28.2
INDUSINDBK,956.5,978.2,984.5,955.0,True,False,False,True,False,True,1.2246040042045285,144.54847995,1.1723020866091576,False,0.1966571671830062,False,62.44,True,1.2278045423262214,92.0,1.42,0,True,▃▅▃▄▃▁▂▅▆▆▁▇▅▅▄█▆▅▇▇,False,False,False,0,-0.05763546798029562,-0.06431890437759846,-0.020839976089507717,-0.04727758124142656,UP,False,40,44.0,IGNORE,SEED,,RED,C,NO_DEPLOY,"Delivery P92, CMF positive",Finance,28.2
EMAMILTD,373.7,374.0,382.65,371.2,False,False,False,False,False,False,1.8716869542854904,107.75882405,1.851398758514602,True,-0.33680342599942925,False,64.42,True,1.0974726781774662,79.0,0.63,0,True,▂▃▄▃▁█▇▂▃▅▁▅▄▄▅▄▄▅▅▅,False,True,False,0,-0.06598350412396914,-0.1024378527681038,-0.029188012233181237,-0.0853965296319319,UP,False,28,44.0,IGNORE,NONE,,RED,C,NO_DEPLOY,No standout factor,Consumer Non-Durables,28.4
ABSLAMC,1037.9,1102.0,1104.0,1034.0,True,False,False,True,False,True,0.5954235294144695,13.4397671,0.5895414109779806,False,0.32550304328091645,False,66.37,True,1.1888832164512635,91.0,1.15,0,True,▂▂▄▂▃▃▃▄▄▃▃█▄▂▃▂▁▁▅▅,False,False,False,0,0.024277114378762565,-0.10386807114487995,0.06107260626955047,-0.08682674800870804,UP,False,28,44.0,IGNORE,SEED,,RED,C,NO_DEPLOY,"Delivery P91, CMF positive",Technology Services,21.0
PRABHA,239.42,247.4,251.0,235.25,True,True,True,True,False,True,0.2011786875595369,7.356466803999999,0.22016431301164635,False,-0.034766550084162226,False,58.22,True,1.3621899859616287,54.0,0.08,0,False,▁▁▂▄▆▆▅▆█▅▆▅▃▂▃▄▄▅▆▆,False,False,False,8,0.24568158168574405,0.583675089297526,0.28247707357653196,0.6007164124336979,FLAT,True,98,43.0,IGNORE,NONE,,RED,C,NO_DEPLOY,RS leader,Energy Minerals,25.9
MARINE,376.75,422.0,426.55,373.3,True,False,True,True,False,True,1.3215435858130749,46.326724675,1.2180005618093384,False,0.148763850207038,False,39.81,False,0.9948023389474737,25.0,-0.66,0,False,▇▆▂▇█▇▂▇▄▃▁▁▂▁▇▂▂▇▄▄,False,False,False,10,-0.0001326963906581602,0.48180924287118976,0.03666279550012974,0.49885056600736166,FLAT,True,97,43.0,IGNORE,NONE,,RED,C,NO_DEPLOY,"CMF positive, RS leader",Distribution Services,31.7
ASIANENE,485.25,541.75,541.75,477.5,True,False,True,True,False,True,1.1409132988966422,41.425355775,1.120680845262461,False,0.12031840983828711,False,29.27,False,0.7807311185500325,9.0,-1.44,0,False,▁▃▃▄▅█▃▆▅▇▆▃▅▅▆▁▅▆▂▂,False,False,False,9,0.04794298671849684,0.47537245363332326,0.08473847860928474,0.49241377676949516,FLAT,True,97,43.0,IGNORE,NONE,,RED,C,NO_DEPLOY,"CMF positive, RS leader",Energy Minerals,25.9
VSSL,389.1,397.4,401.4,382.0,True,True,True,True,False,True,0.3723266316996285,7.902154080000002,0.3750467832817623,False,-0.024619744590619462,False,33.23,False,0.7060448316158504,7.0,-1.54,0,True,▆▇▇█▇▆▆▆█▄█▇▆▆▇▆▆▁▄▄,False,False,False,8,0.0832405345211582,0.42972625390409713,0.1200360264119461,0.44676757704026904,FLAT,True,96,43.0,IGNORE,NONE,,RED,C,NO_DEPLOY,RS leader,Non-Energy Minerals,28.3
ATHERENERG,1568.5,1660.7,1662.0,1545.5,True,False,True,True,False,True,0.752847267671895,582.2243767,0.7256487949677523,False,0.38610536517685246,False,22.74,False,0.7261463788478731,19.0,-0.91,0,False,█▅▅▅▇▅██▁▅▂▃▃▄▂▄▄▁▂▂,False,False,False,3,0.07006412880338386,0.37515342802034035,0.10685962069417176,0.39219475115651226,FLAT,True,95,43.0,IGNORE,NONE,,RED,C,NO_DEPLOY,"CMF positive, RS leader",Consumer Durables,20.7
BIL,1027.55,1073.0,1095.5,1025.0,True,True,True,True,False,True,0.4284966601318206,1.24086938,0.44979500630011965,False,0.1428393616547595,False,47.82,False,0.6602920363146813,13.0,-1.04,0,False,▆███▇▇█▄▆█▁▃▅▅▅▅▁▃▃▃,False,False,False,11,0.23615037593984955,0.3919669466269302,0.27294586783063746,0.4090082697631021,FLAT,True,95,43.0,IGNORE,NONE,,RED,C,NO_DEPLOY,"CMF positive, RS leader",Consumer Non-Durables,28.4
MANALIPETC,80.19,84.93,87.4,79.0,True,False,True,True,False,True,0.1548501662949195,13.872781791,0.148537334592568,False,0.10549208529889725,False,27.83,False,0.9139422997980329,8.0,-1.49,0,False,▆▄▇█▇▇▇█▇▁▁▂▁▄▄▄▅▅▅▅,False,False,False,6,0.12848297213622284,0.2763011300334235,0.16527846402701074,0.2933424531695954,FLAT,True,91,43.0,IGNORE,NONE,,RED,C,NO_DEPLOY,"CMF positive, RS leader",Process Industries,22.6
RAMRAT,515.85,535.1,555.0,513.0,True,False,True,True,False,True,0.4298939303412228,11.196059985000002,0.4002775147002155,False,0.28152274010239026,False,40.99,False,0.9229487525893904,16.0,-0.87,0,False,▆▆█▇▅▇▅▁▂▄▄▅▄▅▅▃▄▄▄▄,False,False,False,7,0.0913995556966043,0.2766984284123253,0.1281950475873922,0.2937397515484972,FLAT,True,91,43.0,IGNORE,NONE,,RED,C,NO_DEPLOY,"CMF positive, RS leader",Producer Manufacturing,24.3
QPOWER,1355.2,1456.0,1459.0,1355.2,True,False,True,True,False,True,1.4258383681290736,56.30815344,1.3670347441729183,False,-0.10556258830643186,False,54.14,True,1.0284856716786506,96.0,1.83,0,True,▄▆▄▃▂▃▂█▂▂▂▁▂▄▁▁▃▂▃▃,False,False,False,9,0.022715266772319165,0.22200180342651032,0.059510758663107066,0.23904312656268223,FLAT,True,88,43.0,IGNORE,SEED,,RED,C,NO_DEPLOY,Delivery P96,Producer Manufacturing,24.3
INDIQUBE,199.43,205.91,205.91,197.62,True,True,True,True,False,False,0.3792226771463409,0.601341279,0.3920315151877961,False,0.10920404295647243,False,58.19,True,1.0002320524610453,51.0,-0.03,0,True,▃▂▂▃▁▁▂█▅▄▅▃▄▄▁▁▂▂▃▃,False,False,False,16,0.06578666096622499,0.16245045465143382,0.10258215285701289,0.17949177778760572,FLAT,True,82,43.0,IGNORE,NONE,,RED,C,NO_DEPLOY,CMF positive,Finance,28.2
CENTUM,4010.6,4254.9,4298.9,3972.8,True,True,True,True,False,True,0.434727784627087,17.076332679999997,0.4394113963827429,False,0.3180963775863409,False,45.8,True,1.1200645626734818,55.0,0.19,0,False,▆▅▆▆▇█▄▆▆▆▅▃▄▄▁▂▂▄▆▆,False,False,False,1,0.16920296192641837,0.1278402699662542,0.20599845381720627,0.1448815931024261,UP,True,79,43.0,IGNORE,NONE,,RED,C,NO_DEPLOY,CMF positive,Electronic Technology,25.8
INDOBORAX,460.8,482.0,485.35,457.2,True,False,True,True,False,True,0.1718442277071788,4.753336320000001,0.1580350358056557,False,0.3346486856672182,False,35.84,True,1.0550485722696499,14.0,-1.07,0,True,▆▆▁▂▆▇▄▆██▄▇▅▇▆▇▆▇▆▆,False,False,False,9,0.06383469929585606,0.12458816351433799,0.10063019118664396,0.1416294866505099,FLAT,True,79,43.0,IGNORE,NONE,,RED,C,NO_DEPLOY,CMF positive,Process Industries,22.6
WOCKPHARMA,2064.1,2190.0,2193.8,2055.0,True,True,True,True,False,True,0.8131271697191734,175.81714825999998,0.8104505715477949,False,0.2099906304661704,False,39.58,False,0.9642252457458859,60.0,0.26,0,False,█▇▅▆▅▅▄▄▃▇▇▆▇▃▁▂▃▄▅▅,False,False,False,5,0.10979084897037472,0.1112845913642726,0.14658634086116262,0.1283259145004445,UP,True,78,43.0,IGNORE,NONE,,RED,C,NO_DEPLOY,CMF positive,Health Technology,30.5
NAUKRI,1261.5,1268.1,1310.0,1261.5,False,False,True,True,False,True,1.5416659838784152,216.59235945,1.465948656974805,True,-0.09511206815465845,False,55.62,False,0.9685423976735479,46.0,-0.1,0,True,▅▁▃▃▅▃▅▃▃█▂▄▃▄▅▄▄▄▄▄,False,True,False,2,-0.06893497675105176,0.08801586959334173,-0.032139484860263856,0.10505719272951364,FLAT,True,75,43.0,IGNORE,NONE,,RED,C,NO_DEPLOY,No standout factor,Technology Services,21.0
KSL,930.45,970.0,985.0,922.1,True,True,True,True,False,True,1.2030929334091658,15.204576495000001,1.211572277370501,False,0.09705356837168219,False,43.4,False,0.9260839877091158,15.0,-0.9,0,False,█▂▆▅▆▇▅▄▅▃▅▆▆▆▅▆▅▁▄▄,False,False,False,3,0.13283009679186697,0.07722141823444284,0.16962558868265487,0.09426274137061474,UP,True,73,43.0,IGNORE,NONE,,RED,C,NO_DEPLOY,CMF positive,Non-Energy Minerals,28.3
SPLPETRO,789.35,828.0,828.0,781.35,True,True,True,True,False,True,0.5387955530874794,13.414134965,0.5497578988544448,False,0.4038286353590111,False,38.14,False,0.8458825877708532,25.0,-0.63,0,False,▇▆▆▆▇▇▇▇▇▁▇▇█▂▄▄▆▄▅▅,False,False,False,6,0.11647807637906649,0.07761092150170645,0.1532735682698544,0.09465224463787836,UP,True,73,43.0,IGNORE,NONE,,RED,C,NO_DEPLOY,CMF positive,Process Industries,22.6
TATAINVEST,718.35,700.15,750.5,700.15,False,True,True,True,True,False,43.4907422362802,1761.12927252,48.49907254335326,True,-0.2399909606366904,False,24.36,False,0.5762066396224853,21.0,-0.74,0,False,█▇▆▇▇█▇▇▅▆█▇▇▆██▇▁▄▄,False,False,False,1,0.1099351050679851,0.07561578198697316,0.146730596958773,0.09265710512314507,UP,True,72,43.0,IGNORE,NONE,,RED,C,NO_DEPLOY,No standout factor,Finance,28.2
UNIONBANK,182.67,181.75,183.7,180.82,True,False,True,True,False,True,0.6907789167510717,124.52701581599999,0.676229351172354,False,-0.07624303650298893,False,52.61,True,1.0979287316742317,90.0,1.2,0,True,▄▄▄▇▄▁▂▃▃█▂▆▅▅▆▄▃▂▆▆,False,False,False,10,-0.023155080213903778,0.07541504768632978,0.013640411676884123,0.09245637082250169,FLAT,True,72,43.0,IGNORE,SEED,,RED,C,NO_DEPLOY,Delivery P90,Finance,28.2
IONEXCHANG,432.0,446.85,457.2,430.0,True,True,True,True,False,True,0.6610732179420498,17.3508048,0.6786245211781835,False,0.18063809687066168,False,34.43,False,0.7680895918617752,10.0,-1.16,0,True,█▅▇▇▄▆▅▅▆▆▅▅▅▃▁▄▄▅▃▃,False,False,False,0,0.16662165811504193,0.06508875739644959,0.20341715000582983,0.0821300805326215,UP,True,70,43.0,IGNORE,NONE,,RED,C,NO_DEPLOY,CMF positive,Producer Manufacturing,24.3
VENUSPIPES,1941.6,2026.0,2033.9,1931.1,True,True,True,True,False,True,1.2316312479314904,46.3149264,1.3303621195407258,False,0.22137217670862197,False,35.07,False,0.6866036904703636,3.0,-1.73,0,False,▄▇▇▅█▆▄▃▅▄▆▄▄▃▁▁▁▂▁▁,False,False,False,5,0.23495738455667214,0.052129619594667664,0.27175287644746005,0.06917094273083957,UP,True,68,43.0,IGNORE,NONE,,RED,C,NO_DEPLOY,CMF positive,Non-Energy Minerals,28.3
NOCIL,183.6,191.61,192.0,182.15,True,True,True,True,False,True,1.0075591002608542,23.70940632,1.0092021788960577,False,0.2657737785562199,False,45.75,False,0.9402455942043878,39.0,-0.15,0,True,▆█▇▅▄▃▆▇▇▃▄▄▃▆▄▁▄▃▄▄,False,False,False,2,0.1268642975510954,0.04211601770916107,0.1636597894418833,0.05915734084533297,UP,True,67,43.0,IGNORE,NONE,,RED,C,NO_DEPLOY,CMF positive,Process Industries,22.6
RATNAMANI,2691.4,2833.0,2833.7,2673.0,True,True,True,True,False,True,0.3468943341889596,14.870792420000003,0.3465196924367284,False,0.08840421232225706,False,34.79,False,0.8590865877298038,8.0,-1.28,0,False,▅█▆▅▁▁▂▁▄▄▃▄▃▄▅▄▄▆▃▃,False,False,False,3,0.13628303639280603,0.03396081444487131,0.17307852828359394,0.051002137581043216,UP,True,65,43.0,IGNORE,NONE,,RED,C,NO_DEPLOY,CMF positive,Non-Energy Minerals,28.3
ORIENTHOT,138.98,142.18,144.0,138.5,True,True,True,True,False,True,0.2860977904634019,15.531598716,0.2846411763798996,False,0.4029585916992904,False,59.22,True,1.2916734827416978,79.0,0.59,0,False,▇▁▂▄▆▇▆▇▆▆▆▆▆▆▇▆█▆▇▇,False,False,False,0,0.14660506558864772,0.007977951842181641,0.18340055747943562,0.025019274978353545,UP,True,58,43.0,IGNORE,NONE,,RED,C,NO_DEPLOY,CMF positive,Consumer Services,29.2
VMART,789.85,805.5,809.65,774.55,True,False,False,True,False,True,1.1416278664070758,9.665868360000001,1.0791024299955163,False,0.07356078707406419,False,53.1,True,1.0986396317177884,64.0,0.39,0,True,▆▆▆▁▃▅▅▆▆▆▅▅▆▅▆█▆▄▆▆,False,False,False,8,-0.024153694094390832,0.009521983640081944,0.01264179779639707,0.026563306776253848,FLAT,True,58,43.0,IGNORE,NONE,,RED,C,NO_DEPLOY,CMF positive,Retail Trade,31.1
MPHASIS,2378.0,2353.0,2461.1,2353.0,False,False,False,False,False,False,3.0335901566279255,279.8494606,2.9740211914851273,True,-0.03376940802443636,False,49.53,True,1.0011116725619,63.0,0.32,0,True,▅▅▄▃▃▁▆▄█▆▄█▇▂▃▆▄█▅▅,False,True,False,0,-0.022203947368421018,0.0014318200960161676,0.014591544522366884,0.018473143232188072,FLAT,True,57,43.0,IGNORE,NONE,,RED,C,NO_DEPLOY,No standout factor,Technology Services,21.0
LICHSGFIN,542.0,563.9,565.25,538.5,True,True,True,True,False,True,1.2067203607427226,252.2770978,1.2166908551307833,False,0.2191399983705258,False,42.53,False,0.846098754625393,16.0,-0.94,0,False,▆▅▅▃▇▇▅▁▅▇▁▇█▄▅▅▅▅▄▄,False,False,False,6,0.0866078588612671,-0.00285162358568658,0.123403350752055,0.014189699550485324,UP,True,55,43.0,IGNORE,NONE,,RED,C,NO_DEPLOY,CMF positive,Finance,28.2
PREMEXPLN,668.3,667.5,669.95,663.2,False,True,True,True,False,False,0.9382729134891165,12.896786569999998,0.9395739700627779,False,-0.4587230266090076,True,69.87,True,1.0418406298461174,94.0,2.02,0,True,▇▆▆▄▄▅▄▅▇▅▆▁▆▆▆▅█▆▆▆,False,False,False,0,7.48222970443635e-05,-0.0318000724375227,0.036870314187832265,-0.014758749301350793,UP,False,49,43.0,IGNORE,SEED,,RED,C,NO_DEPLOY,Delivery P94,Process Industries,22.6
GNRL,102.9,104.79,104.8,101.9,True,False,True,True,False,True,0.2468059096783207,0.7271222700000001,0.23031960399468862,False,0.32458297219378013,True,63.8,True,1.089508781816474,64.0,0.34,0,True,▄▄▆▇▆█▆█▅▄▄█▆█▃▁▂▃▆▆,False,False,False,1,-0.01057692307692304,-0.03966402239850675,0.026218568813864862,-0.022622699262334844,UP,False,47,43.0,IGNORE,NONE,,RED,C,NO_DEPLOY,CMF positive,Energy Minerals,25.9
KIRLOSIND,3834.0,3974.6,3983.0,3762.0,False,True,True,True,True,True,1.055988267744397,14.245227,1.0605182672693012,True,0.028551922565814597,False,6.46,False,0.12142628897953046,0.0,-3.12,0,True,█▅▆▆▆▅▆█▇▆▆▇▅▆▇▅▇▆▁▁,False,False,False,0,0.021501079050435523,-0.04688509918957884,0.058296570941223425,-0.029843776053406934,UP,False,45,43.0,IGNORE,NONE,,RED,C,NO_DEPLOY,CMF positive,Non-Energy Minerals,28.3
CAPILLARY,472.2,466.0,477.4,464.8,False,False,False,False,False,False,2.703746705574367,20.2439223,2.629238231955239,True,-0.13018868690837895,True,53.76,False,0.9978191267226579,80.0,0.78,0,True,▅▁▃▅▄▄▆▅▃▄▆█▇▇█▅▂▆▅▅,False,True,False,0,-0.08310679611650484,-0.10872027180067945,-0.04631130422571694,-0.09167894866450754,UP,False,26,43.0,IGNORE,NONE,,RED,C,NO_DEPLOY,No standout factor,Technology Services,21.0
VBL,406.0,396.2,406.8,396.2,False,False,False,False,False,False,1.8351233716463915,449.3171144,1.7740415781446754,True,-0.26174446786736305,True,56.87,False,0.9841995050447363,55.0,0.21,0,True,▄▇▄▃▂▆▁▄▅█▂▃▇▅██▅▂▄▄,False,True,False,0,-0.07832009080590241,-0.21272057397711852,-0.04152459891511451,-0.19567925084094662,UP,False,5,43.0,IGNORE,NONE,,RED,C,NO_DEPLOY,No standout factor,Consumer Non-Durables,28.4
GOLDIAM,324.15,329.0,340.9,322.0,True,False,False,False,False,False,1.817403347523264,25.853490869999998,1.6913917670268057,False,-0.2726502739141026,True,64.38,True,1.3644889524717851,97.0,2.21,0,True,▅▄▁▄▂▂▅▄▄▁▄▁▃▁▃▁▃▃██,False,False,False,0,-0.10393918451969597,-0.28006662965019435,-0.06714369262890807,-0.26302530651402245,UP,False,2,43.0,IGNORE,SEED,,RED,C,NO_DEPLOY,Delivery P97,Consumer Durables,20.7
E2E,602.8,572.0,604.2,551.35,False,True,False,False,False,False,1.476683766252969,203.63036099999997,1.7777679230008192,True,0.23633150084733284,True,35.63,False,0.6499927028604788,13.0,-0.91,0,True,▂▂▂▂▃▂██▁▆▂▁▁█▄▂▁▁▃▁,False,False,False,0,0.5578240082698023,-0.8536360325361175,0.5946195001605902,-0.8365947093999456,UP,False,0,43.0,IGNORE,NONE,,RED,C,NO_DEPLOY,CMF positive,Technology Services,21.0
FCL,53.88,58.0,58.39,52.25,True,True,True,True,False,True,1.3115191738502043,158.770184172,1.330573447356853,False,0.027508287689569012,False,25.42,False,0.7267944704150049,13.0,-1.24,0,False,▅▃▆▇▄▅▅█▄▅▇▃█▆▄▂▁▁▃▃,False,False,False,11,0.22985619721524775,0.44644295302013437,0.26665168910603565,0.4634842761563063,FLAT,True,97,42.0,IGNORE,NONE,,RED,C,NO_DEPLOY,"CMF positive, RS leader",Process Industries,22.6
SANSERA,3871.7,4155.0,4183.6,3820.0,True,False,True,True,False,True,1.7631360589891505,106.90847776,1.720811883693884,False,0.002880973216792918,False,47.73,False,0.9946547466474945,40.0,-0.23,0,False,▆▆▅▆▅▅▅▅▅█▁▆▅▆▆▂▆▆▅▅,False,False,False,6,-0.03284872102318148,0.22852609868316676,0.0039467708676064195,0.24556742181933866,FLAT,True,89,42.0,IGNORE,NONE,,RED,C,NO_DEPLOY,CMF positive,Producer Manufacturing,24.3
TVSSRICHAK,4960.5,5164.0,5164.0,4940.5,True,False,True,True,False,True,0.14205737302861807,2.7798642,0.135762856423128,False,0.29480350337231503,True,44.41,True,1.3586856758245118,29.0,-0.35,0,False,▂▂▃▅▆▃▁▄▅▂▂▅▇▄▆▄█▅▆▆,False,False,False,9,0.045019802814527665,0.17851797296334126,0.08181529470531557,0.19555929609951317,FLAT,True,84,42.0,IGNORE,NONE,,RED,C,NO_DEPLOY,CMF positive,Consumer Durables,20.7
SONATSOFTW,281.3,274.75,291.95,272.45,False,False,False,False,False,False,6.821015746441641,190.96137703000002,6.606683146031869,True,-0.17150516535503427,True,20.12,False,0.5357975047601294,8.0,-1.46,0,True,█▃▃▃▃▅▄▅▂▄▃▃▅▄▃▆▅▄▁▁,False,True,False,0,-0.09096784617870413,0.005001786352268889,-0.054172354287916225,0.022043109488440793,FLAT,True,58,42.0,IGNORE,NONE,,RED,C,NO_DEPLOY,No standout factor,Technology Services,21.0
CEIGALL,382.25,382.35,383.4,370.0,False,True,True,True,True,True,0.40803397086630083,12.11740145,0.45586453092525625,False,0.03202718993293681,False,48.92,True,1.1262417552058752,57.0,0.29,0,False,▂▃▂▃▃▁▃▆▇█▅▅▁▂▆▄▅▅▅▅,False,False,False,0,0.23645479540676062,0.008442158026645608,0.2732502872975485,0.025483481162817512,UP,True,58,42.0,IGNORE,NONE,,RED,C,NO_DEPLOY,CMF positive,Industrial Services,34.0
VEDL,274.0,271.5,275.75,268.55,False,True,False,False,False,False,0.7010496561656938,215.5519914,0.695755085286091,False,0.08474009852176971,True,51.49,True,1.0683459208233048,83.0,0.92,0,True,▆▇▄▆▁▂▆▃▅▆▃▅▅▅▅▅██▆▆,False,False,False,0,-0.006526468455402501,-0.005625113409544635,0.0302690234353854,0.011416209726627269,UP,True,55,42.0,IGNORE,NONE,,RED,C,NO_DEPLOY,CMF positive,Non-Energy Minerals,28.3
MARICO,813.6,821.85,823.0,808.45,True,False,False,True,False,True,1.5300047694221377,187.78839912,1.4879325837172417,False,-0.07868529512565184,False,63.99,True,1.0142171080785507,61.0,0.29,0,True,▂▃▄▁▂▁▅▆▆▇▂▆▅▆▃▄█▆▄▄,False,True,False,0,-0.04842105263157892,-0.043948296122209185,-0.011625560740791019,-0.02690697298603728,UP,False,46,42.0,IGNORE,DISTRIBUTION,,RED,C,NO_DEPLOY,No standout factor,Consumer Non-Durables,28.4
AWFIS,275.15,297.85,304.5,268.3,True,True,False,False,False,False,2.628227036721502,104.610021405,2.510256296838247,False,0.4552421847237012,False,6.95,False,0.1372541274982226,0.0,-3.24,0,False,▆▆▇▅▆█▇▇▆▄▃▆▆▆▇▆▆▅▁▁,False,True,False,0,0.03595632530120474,-0.08890728476821197,0.07275181719199264,-0.07186596163204007,UP,False,32,42.0,IGNORE,NONE,,RED,C,NO_DEPLOY,CMF positive,Finance,28.2
TENNIND,512.9,521.0,532.8,510.25,False,False,False,False,False,False,1.2452782665396667,67.07218945,1.171841763779804,True,0.05266672299322527,False,62.67,True,1.1235109043482938,92.0,1.24,0,False,▅▅█▄▇▃▃▅▄▆▅▁▅▅▇▅▃▅██,False,True,False,0,-0.07083333333333341,-0.12437046521553563,-0.03403784144254551,-0.10732914207936373,UP,False,21,42.0,IGNORE,SEED,,RED,C,NO_DEPLOY,"Delivery P92, CMF positive",Producer Manufacturing,24.3
ECLERX,1894.8,1890.8,1968.8,1885.0,True,False,True,True,False,False,0.9290800698672398,38.35435212,0.9105179566938011,False,-0.02876444090526025,False,55.77,True,1.360774936560609,91.0,1.32,0,False,▄▄█▅▅▄▄▅▄▁▃▃▄▅▅▃▃▅▇▇,False,False,False,4,0.04963438954132493,0.261938061938062,0.08642988143211283,0.2789793850742339,FLAT,True,90,41.0,IGNORE,SEED,,RED,C,NO_DEPLOY,"Delivery P91, RS leader",Commercial Services,28.1
BUILDPRO,1284.2,1274.8,1334.0,1274.8,False,True,True,True,False,True,1.2822568236137586,12.25332272,1.2949096311516468,True,-0.09977132820592574,False,53.93,False,0.8556718205834054,38.0,-0.32,0,True,▃▅▆▆▇▂▂▁▄▂▆▃▃█▄▁▅▂▂▂,False,False,False,0,0.0314859437751005,0.253979103603164,0.0682814356658884,0.2710204267393359,FLAT,True,90,41.0,IGNORE,NONE,,RED,C,NO_DEPLOY,RS leader,Distribution Services,31.7
MPSLTD,2522.6,2612.1,2649.0,2510.5,True,False,False,True,False,True,0.9370254304529734,5.01972174,0.8587280320819759,False,-0.10119331093502856,False,62.51,True,1.1551112425160766,87.0,1.03,0,True,▆▁▂▅█▄▄▇▆▅▁▇▆▆▄▅▄▅▇▇,False,False,False,3,-0.1087163904886409,0.2619309654827413,-0.071920898597853,0.2789722886189132,FLAT,True,90,41.0,IGNORE,SEED,,RED,C,NO_DEPLOY,RS leader,Consumer Services,29.2
AEROFLEX,507.6,565.4,567.45,507.6,True,False,True,True,False,True,1.2417015931507622,93.21124788,1.1923485346150404,False,0.18669281351098194,False,39.47,True,1.1036391852027905,62.0,0.3,0,False,▆█▅▅▄▇▄▆▄█▂▄▇▄▅▁▇▄▇▇,False,False,False,6,0.044766903365236255,0.22756952841596134,0.08156239525602416,0.24461085155213325,FLAT,True,89,41.0,IGNORE,NONE,,RED,C,NO_DEPLOY,CMF positive,Producer Manufacturing,24.3
ANTHEM,942.85,944.95,962.0,938.2,False,True,True,True,False,True,0.7450907780006867,56.49330916,0.7627502015670508,False,-0.14456983518944008,False,68.1,True,1.223752661796814,92.0,1.32,0,False,▆▅▇▅▅█▁▄▄▆▃▄▄▄▃▅▅▇██,False,False,False,6,0.0581336625329667,0.22983108328441926,0.0949291544237546,0.24687240642059116,FLAT,True,89,41.0,IGNORE,SEED,,RED,C,NO_DEPLOY,Delivery P92,Health Technology,30.5
JYOTICNC,961.45,989.0,990.6,954.0,True,False,True,True,False,True,0.4204465362463863,52.906382165000004,0.4107980713896518,False,0.1568680050021761,False,41.8,True,1.0448302150900477,44.0,-0.06,0,False,▁▂▄▇▆▄▅▇▆▆▅▇▁▅█▆▆▆▆▆,False,False,False,10,0.034707275075333666,0.23643261316872421,0.07150276696612157,0.2534739363048961,FLAT,True,89,41.0,IGNORE,NONE,,RED,C,NO_DEPLOY,CMF positive,Producer Manufacturing,24.3
PITTIENG,1109.3,1168.0,1168.0,1100.0,True,False,True,True,False,True,0.4651109738130317,12.21306021,0.4549771117998068,False,0.040610090083150516,True,47.31,True,1.0087312501998913,25.0,-0.6,0,False,█▄▆▆▅▄▄▅▅▅▆▆▆▆▁▃▅▆▅▅,False,False,False,12,0.07095964471905769,0.19369417841385994,0.10775513660984559,0.21073550155003185,FLAT,True,86,41.0,IGNORE,NONE,,RED,C,NO_DEPLOY,CMF positive,Producer Manufacturing,24.3
KTKBANK,315.95,324.7,331.35,314.3,True,False,True,True,False,True,1.3284148979443273,110.843948625,1.2672787720510237,False,0.13093499708045422,False,51.24,False,0.9143061069723871,60.0,0.25,0,True,▆▄▅▄▃▅▄▃▃▃▄▁▄▂▄██▅▃▃,False,False,False,8,0.01673370876910707,0.18889934148635934,0.05352920065989497,0.20594066462253124,FLAT,True,85,41.0,IGNORE,NONE,,RED,C,NO_DEPLOY,CMF positive,Finance,28.2
NAZARA,357.4,369.05,375.05,354.9,True,False,True,True,False,True,0.5793660303555982,35.96973672,0.5636223663361121,False,0.17515206908531158,False,48.97,False,0.9782554411338734,69.0,0.4,0,True,▃▄▁▇▅▂▃▄▁▂▄▆▃█▃▃▂▅▄▄,False,False,False,13,0.005203206300098406,0.1863900414937758,0.04199869819088631,0.2034313646299477,FLAT,True,85,41.0,IGNORE,NONE,,RED,C,NO_DEPLOY,CMF positive,Technology Services,21.0
CRISIL,4596.9,4700.0,4717.4,4531.6,True,False,True,True,False,True,0.8901608088738724,21.097472549999996,0.8689480438148317,False,0.18564337771256528,False,51.41,False,0.9240502916303439,31.0,-0.55,0,True,▄▃▅▃▂▃▃▁▂▂▂▂▄█▁▄▃▃▂▂,False,False,False,7,0.03475520540236343,0.16930786253910912,0.07155069729315133,0.18634918567528103,FLAT,True,83,41.0,IGNORE,NONE,,RED,C,NO_DEPLOY,CMF positive,Technology Services,21.0
INDGN,571.5,581.8,584.85,568.3,True,False,True,True,False,True,0.47012372606933955,18.1715283,0.45435492417058515,False,0.15487277020550153,False,53.4,False,0.920657908347988,33.0,-0.47,0,True,▅▃█▄▃▄▄▅▃▁▃▃▄▆▄▃▄▂▃▃,False,False,False,10,0.006693676237449209,0.16193961573650495,0.04348916812823711,0.17898093887267685,FLAT,True,82,41.0,IGNORE,NONE,,RED,C,NO_DEPLOY,CMF positive,Health Technology,30.5
QUESS,342.1,346.35,359.0,340.15,True,False,True,True,False,True,0.9492181040083437,26.793272,0.8981643059180581,False,0.2510683513127213,False,44.88,True,1.1471219711685923,29.0,-0.43,0,False,▇█▇▆▅█▁▆▄▅▅▅▅▄█▅▅▆▇▇,False,False,False,6,0.015434847135648688,0.14319131161236442,0.05223033902643659,0.16023263474853633,FLAT,True,81,41.0,IGNORE,NONE,,RED,C,NO_DEPLOY,CMF positive,Commercial Services,28.1
IKIO,211.06,223.85,223.87,210.0,True,False,True,True,False,True,0.4059291312207398,7.376504787999999,0.3953402330082168,False,0.22306601439726584,False,25.26,False,0.656999804928799,12.0,-1.44,0,True,▇█▇▇█▇▆█▁▃▆▄▅▄▇▂▃▃▄▄,False,False,False,3,0.07142494542870192,0.11195405932248037,0.10822043731948983,0.12899538245865227,FLAT,True,78,41.0,IGNORE,NONE,,RED,C,NO_DEPLOY,CMF positive,Producer Manufacturing,24.3
JINDALSAW,289.0,313.0,313.9,286.25,True,False,True,True,False,True,0.7720063930637058,74.6735251,0.7391121326560487,False,0.19206075807840373,False,44.78,True,1.1515564527535265,60.0,0.25,0,False,▆▄▆▁▄▅▂▂▅▄▅▇▅▇█▅▅▄▆▆,False,False,False,12,0.07574911595012113,0.10495125215064038,0.11254460784090903,0.12199257528681229,FLAT,True,77,41.0,IGNORE,NONE,,RED,C,NO_DEPLOY,CMF positive,Non-Energy Minerals,28.3
SHYAMMETL,1050.5,1082.3,1082.7,1045.1,True,False,True,True,False,True,0.5132656823770222,24.35426675,0.5061369272512606,False,0.02153202686346483,True,50.29,False,0.9752266446889999,48.0,0.02,0,True,▁▅█▇██▇▆▆▄▆▅█▆▅▅▇▅▅▅,False,False,False,3,0.06046840298808798,0.09245008319467551,0.09726389487887588,0.10949140633084742,FLAT,True,76,41.0,IGNORE,NONE,,RED,C,NO_DEPLOY,CMF positive,Producer Manufacturing,24.3
TBOTEK,1656.1,1680.8,1680.8,1646.2,True,False,True,True,False,True,0.5217985701259467,13.43842345,0.5058432545666364,False,0.16476965077479488,False,46.31,False,0.9704424723127377,49.0,-0.09,0,True,▃▄▁▄▄▂▂▃▁▃▂▂▃▃█▂▄▂▃▃,False,False,False,9,-0.030499941458845603,0.10047179214565749,0.006295550431942298,0.1175131152818294,FLAT,True,76,41.0,IGNORE,NONE,,RED,C,NO_DEPLOY,CMF positive,Technology Services,21.0
IOLCP,179.52,195.11,197.9,176.3,True,False,True,True,False,False,1.0711935823722898,95.41830883200001,1.0032681917116708,False,0.09067097359240586,False,42.37,True,1.2208263700801012,55.0,0.15,0,False,█▇▆▃▅▄▁▂▂▄▃▅▁▁▁▂▁▂▅▅,False,False,False,10,0.12770902694892894,0.08773630634997587,0.16450451883971684,0.10477762948614777,UP,True,75,41.0,IGNORE,NONE,,RED,C,NO_DEPLOY,CMF positive,Process Industries,22.6
NAVINFLUOR,8228.0,8586.0,8618.5,8208.0,True,False,True,True,False,True,0.9107366252115682,91.6467552,0.8779192009557376,False,0.09111897539354064,False,56.37,True,1.0794714668709304,73.0,0.57,0,False,▆▇▂▃▂▅▃▃▅▂█▂▅▆█▃▁▁▆▆,False,False,False,9,-0.0032707450030284857,0.09023453027693118,0.033524746887759416,0.10727585341310308,FLAT,True,75,41.0,IGNORE,NONE,,RED,C,NO_DEPLOY,CMF positive,Process Industries,22.6
WENDT,8580.0,8900.0,9100.0,8521.0,True,True,True,True,False,True,2.727810524365124,32.837376,2.7688112497154638,False,-0.10741887236931962,False,42.56,False,0.8303580138523072,13.0,-1.15,0,False,▆▄▇▅▂█▇▅▇▄█▇▄▆▅▅█▁▄▄,False,False,False,10,0.06517690875232773,0.08552631578947367,0.10197240064311563,0.10256763892564558,FLAT,True,74,41.0,IGNORE,DISTRIBUTION,,RED,C,NO_DEPLOY,No standout factor,Producer Manufacturing,24.3
POLICYBZR,1736.0,1799.0,1804.3,1736.0,True,False,True,True,False,True,0.7234811868450939,130.2966952,0.6926963479464161,False,0.1674520088755074,False,48.37,False,0.8670789638791789,25.0,-0.73,0,True,▆▅▆▅▅▅▅▇▆█▁▆▆▄▅▆▇▅▄▄,False,False,False,10,-0.006296508299942771,0.07960199004975133,0.03049898359084513,0.09664331318592323,FLAT,True,73,41.0,IGNORE,NONE,,RED,C,NO_DEPLOY,CMF positive,Technology Services,21.0
THELEELA,522.45,538.0,541.45,519.15,True,False,True,True,False,True,0.31432561227996075,9.904816080000002,0.2979546947577138,False,0.1865266261577901,False,48.5,False,0.8553414752435959,19.0,-0.79,0,True,▅▂▆▄▁▂▆█▄▁▄▁▆▆▄█▅▁▃▃,False,False,False,9,0.006356544351343585,0.07136265764380201,0.043152036242131486,0.08840398077997391,FLAT,True,72,41.0,IGNORE,NONE,,RED,C,NO_DEPLOY,CMF positive,Consumer Services,29.2
MANGLMCEM,989.4,1016.0,1022.4,983.8,True,False,True,True,False,True,0.17008494317690598,4.9148445,0.1647821357377493,False,0.15979860156185977,False,59.12,True,1.1004085583196062,38.0,-0.25,0,False,██▁▃▄▄▇▇▇▅▆▇▇▅▇█▅▅▇▇,False,False,False,13,0.13717602436641574,0.0688127903208382,0.17397151625720364,0.0858541134570101,UP,True,71,41.0,IGNORE,NONE,,RED,C,NO_DEPLOY,CMF positive,Non-Energy Minerals,28.3
CANHLIFE,151.78,151.7,153.0,149.0,True,False,True,True,False,True,0.5146737612375877,8.97588975,0.504118124863123,False,0.022760901327289706,True,42.64,False,0.8183161571381963,23.0,-0.65,0,True,▄▂▂▅█▂█▇▆▂▁▄▅▂█▁▅▁▁▁,False,False,False,6,0.016815167146780885,0.06036048623725043,0.053610659037568786,0.07740180937342234,FLAT,True,70,41.0,IGNORE,NONE,,RED,C,NO_DEPLOY,CMF positive,Finance,28.2
SESHAPAPER,242.8,251.0,251.48,241.6,True,True,True,False,False,True,0.753601434607839,1.0580981200000001,0.762242910518104,False,0.07297917815693267,False,48.03,False,0.9032100344133742,18.0,-0.89,0,True,▃▃▄▁▄▄▄▂▂▅▅▆▅▇▃▆█▄▃▃,False,False,False,6,0.06086424607856,0.06439875498662917,0.0976597379693479,0.08144007812280107,UP,True,70,41.0,IGNORE,NONE,,RED,C,NO_DEPLOY,CMF positive,Process Industries,22.6
TALBROAUTO,421.3,425.0,443.45,418.0,True,True,True,True,False,True,2.2043219993545056,19.149264640000002,2.2014547954943993,False,-0.01909014926415202,False,44.87,False,0.8932197316558507,29.0,-0.36,0,True,▆▇▃▆▅██▆▅▇▅▅▅▇▁▅▆▅▅▅,False,False,False,0,-0.013233399695514625,0.04814031595969648,0.023562092195273276,0.06518163909586838,FLAT,True,68,41.0,IGNORE,DISTRIBUTION,,RED,C,NO_DEPLOY,No standout factor,Producer Manufacturing,24.3
SHADOWFAX,242.9,253.4,254.9,239.0,True,False,True,True,False,True,0.7501667894856088,81.36987257,0.7144791125296789,False,0.22350839832424288,False,43.44,False,0.8288731789690602,24.0,-0.59,0,True,▆▅▄▂▁▄▄▂█▅▇▆▅▄▄▄▃▅▂▂,False,False,False,3,-0.057613967022308366,0.04248927038626604,-0.020818475131520464,0.05953059352243795,FLAT,True,67,41.0,IGNORE,NONE,,RED,C,NO_DEPLOY,CMF positive,Technology Services,21.0
THEMISMED,121.57,129.85,129.85,120.1,True,False,True,True,False,True,0.25515174222555265,1.548157479,0.2421387795055587,False,0.17470183195850159,False,46.81,True,1.014268225301453,38.0,-0.25,0,False,▇█▇▆▄▃▃▅█▅▅▇▄▆▁▅▄▇▅▅,False,False,False,10,0.1380827560381952,0.04101729748244565,0.1748782479289831,0.05805862061861755,UP,True,66,41.0,IGNORE,NONE,,RED,C,NO_DEPLOY,CMF positive,Health Technology,30.5
SANGAMIND,565.65,570.55,573.4,552.35,True,False,False,True,False,True,1.3869843543345255,1.9664256599999999,1.356452416802421,False,0.04309291426778049,True,61.87,True,1.0698784346953951,70.0,0.47,0,True,▄▆▆▄▂▅▁▄▄▄▇█▄▄▆█▃▅▅▅,False,True,False,0,-0.039235668789809,0.02444987775061125,-0.002440176899021096,0.04149120088678315,FLAT,True,63,41.0,IGNORE,NONE,,RED,C,NO_DEPLOY,CMF positive,Process Industries,22.6
RSYSTEMS,240.47,240.34,252.74,240.0,False,False,False,False,False,False,1.2719491571558774,5.225172629999999,1.239675485893052,True,0.08409113430556621,False,62.77,True,1.1577442707612857,88.0,1.14,0,True,▆▆▄▅▂▅▃▁▆▂▃▂▃▆██▂▇██,False,True,False,0,-0.00755262071811813,0.015884415529551,0.02924287117266977,0.0329257386657229,FLAT,True,60,41.0,IGNORE,SEED,,RED,C,NO_DEPLOY,CMF positive,Technology Services,21.0
MUFIN,132.49,135.33,135.9,131.31,True,False,False,True,False,True,0.4840317303978017,4.378648761,0.4667638418742707,False,-0.13224312273926606,False,62.64,True,1.713582273286828,98.0,1.92,2,True,▄▄▄▃▁▅▆▅▁▄▃▃▃▃▄▃▅▅██,False,False,False,6,-0.02451774407303775,0.003940289459725799,0.012277747817750151,0.020981612595897703,FLAT,True,57,41.0,IGNORE,SEED,DEL63% ▄▄▄▃▁▅▆▅▁▄▃▃▃▃▄▃▅▅██ P98 Z+1.9 2D,RED,C,NO_DEPLOY,"Delivery P98, 2D high delivery",Finance,28.2
EMMVEE,328.55,346.0,349.7,322.45,True,False,True,True,False,True,1.5571847220557595,94.95643678500001,1.5500703131052693,False,-0.08510334630422023,False,34.61,False,0.7776304850922328,21.0,-0.65,0,True,▇█▁▅▆▆▇▅▇█▇▆▆▅▄▇▅▄▄▄,False,False,False,0,0.0309068089112019,0.0010664229128580782,0.0677023008019898,0.018107746049029982,UP,True,56,41.0,IGNORE,DISTRIBUTION,,RED,C,NO_DEPLOY,No standout factor,Electronic Technology,25.8
ICIL,427.1,443.25,444.35,423.1,True,False,True,True,False,True,0.13580334222660287,12.02346294,0.13172138450949109,False,0.055627111977521224,False,39.87,True,1.2407611993713725,40.0,-0.19,0,False,▁▃▅▅▇█▆▇▆▇▆▆▇▆▇▇▆▅██,False,False,False,3,-0.02421750057116734,-0.0008188092174522543,0.012577991319620563,0.01622251391871965,FLAT,True,56,41.0,IGNORE,NONE,,RED,C,NO_DEPLOY,CMF positive,Process Industries,22.6
ABBOTINDIA,26125.0,25690.0,26245.0,25550.0,False,True,False,False,False,False,1.5152178363914914,28.0347375,1.5204233655383912,True,-0.04718057849975245,True,54.7,False,0.9771346909610577,40.0,-0.31,0,False,▃▅▅▄▁█▅▄▃▄▁▃▄▁▂▄▆▃▃▃,False,True,False,0,-0.017118133935289714,-0.022450888681010306,0.019677357955498187,-0.005409565544838402,UP,False,50,41.0,IGNORE,NONE,,RED,C,NO_DEPLOY,No standout factor,Health Technology,30.5
KPRMILL,1120.2,1110.0,1129.0,1105.1,False,False,True,True,False,True,0.8946913328911451,22.891959120000003,0.870644348176469,False,0.11130084259369892,True,51.12,True,1.109495387954422,71.0,0.56,0,False,▃▂▅▂▅▃▅█▁▁▅▃▄▅▄▄▇▇▆▆,False,False,False,0,-0.002937249666221553,-0.02404600104547827,0.03385824222456635,-0.007004677909306367,UP,False,50,41.0,IGNORE,NONE,,RED,C,NO_DEPLOY,CMF positive,Consumer Non-Durables,28.4
ZYDUSWELL,549.95,549.35,558.45,544.35,True,True,True,True,False,True,0.43012787670474845,14.29891998,0.4330126878849862,False,-0.052649308419871324,True,51.04,True,1.1938483129641542,85.0,0.88,0,True,▇▇▇▇▅▄▆█▆████▇▁▅▇▆██,False,False,False,0,0.10731903755159578,-0.04497699053572979,0.14411452944238368,-0.027935667399557884,UP,False,45,41.0,IGNORE,SEED,,RED,C,NO_DEPLOY,No standout factor,Consumer Non-Durables,28.4
GMBREW,905.7,910.0,914.0,901.6,True,True,False,False,False,False,0.6912541826130633,1.7700095100000002,0.6936145491234768,False,0.06318253848184627,True,59.43,True,1.0580757726819543,96.0,1.36,0,True,▂▄▃▄▄▃▃█▇▃▅▅▁▅▅▄▄▃▅▅,False,False,False,0,0.02885379984096348,-0.07430498773507765,0.06564929173175138,-0.05726366459890575,UP,False,37,41.0,IGNORE,SEED,,RED,C,NO_DEPLOY,"Delivery P96, CMF positive",Consumer Non-Durables,28.4
RELIGARE,247.55,256.81,256.81,245.14,True,False,True,True,False,True,0.43106030121893635,14.44607731,0.4397121320252921,False,0.1638955164515674,True,63.34,True,1.1439717528919875,83.0,0.84,0,False,▂▃▃▄▂▃▃▃█▄▁▂▃▃▃▂▃▂▄▄,False,False,False,0,0.0690995465342259,-0.0903913283115928,0.1058950384250138,-0.0733500051754209,UP,False,31,41.0,IGNORE,NONE,,RED,C,NO_DEPLOY,CMF positive,Finance,28.2
ARFIN,82.72,85.3,86.51,82.02,True,False,False,True,False,False,0.9684153078802441,8.983152112,0.9103002392472587,False,0.02014004802936681,False,34.33,True,1.9884734570940366,67.0,0.29,6,True,▂▂▂▃▁▁▂▂▁▃▂▂▃▂▇██▅▆▆,False,False,False,0,0.002666666666666595,-0.0932807190617122,0.039462158557454496,-0.0762393959255403,UP,False,31,41.0,IGNORE,NONE,DEL34% ▂▂▂▃▁▁▂▂▁▃▂▂▃▂▇██▅▆▆ P67 Z+0.3 6D,RED,C,NO_DEPLOY,"6D high delivery, CMF positive",Non-Energy Minerals,28.3
METROBRAND,944.45,954.75,954.75,938.4,False,True,False,False,False,False,0.6706370334164453,3.2655303200000003,0.6792671998113547,False,0.14545616947246898,True,92.08,True,1.4673051334964027,98.0,2.73,0,True,▅▃▄▅▇▂▁▂▅▅▃▄▃▄▃▄▄▃██,False,False,False,0,0.017068705578289878,-0.10732514177693753,0.05386419746907778,-0.09028381864076562,UP,False,27,41.0,IGNORE,SEED,,RED,C,NO_DEPLOY,"Delivery P98, CMF positive",Retail Trade,31.1
DABUR,384.9,379.0,390.95,376.75,False,False,False,False,False,False,6.004044969620429,382.43910336,6.009392821771076,True,-0.07793629300945958,True,62.71,True,1.0829994473611495,84.0,0.97,0,True,▁▄▃▃▂▆▄▅▆█▅▄▅▃▄▅▄▆▅▅,False,False,False,0,-0.04609665427509302,-0.15126791620727675,-0.009301162384305117,-0.13422659307110485,UP,False,15,41.0,IGNORE,NONE,,RED,C,NO_DEPLOY,No standout factor,Consumer Non-Durables,28.4
SUDEEPPHRM,1142.7,1238.0,1238.0,1142.7,True,False,True,True,False,False,0.5022120769324463,14.181706890000001,0.47345969504057916,False,0.027055924287864755,False,42.58,False,0.8959683528322532,40.0,-0.23,0,True,▇▇▄▁▅▃▄█▇▆▃▂▇▃▅▄▆▅▃▃,False,False,False,10,0.052694610778443174,0.3952380952380954,0.08949010266923108,0.4122794183742673,FLAT,True,95,40.0,IGNORE,NONE,,RED,C,NO_DEPLOY,"CMF positive, RS leader",Health Technology,30.5
BALRAMCHIN,677.1,697.3,698.0,667.55,True,False,True,True,False,True,0.13990259703017685,73.25172495,0.13316947949058086,False,0.05900909126201677,True,21.93,True,1.2195528862195528,8.0,-1.44,0,False,▆█▃▂▃▃▃▅▃▁▂▄▂▃▂▃▄▄▅▅,False,False,False,2,0.03650975889781871,0.18446601941747587,0.07330525078860661,0.20150734255364777,FLAT,True,84,40.0,IGNORE,NONE,,RED,C,NO_DEPLOY,CMF positive,Process Industries,22.6
HINDZINC,604.8,595.0,608.75,593.1,False,True,True,True,False,False,0.909162270589318,379.20554783999995,0.9221118824670403,False,0.0856925848142821,True,42.21,True,1.0209832496825302,62.0,0.35,0,False,█▇▅▃█▄▁▄▅▄▆▆▇▆▇▅▇▆▆▆,False,False,False,2,0.03455354088265472,0.15331807780320372,0.07134903277344262,0.17035940093937563,FLAT,True,82,40.0,IGNORE,NONE,,RED,C,NO_DEPLOY,CMF positive,Non-Energy Minerals,28.3
OIL,485.6,494.4,494.4,483.0,True,True,True,True,False,True,0.838068480674628,95.45749984000001,0.8353953312665305,False,-0.16368267828865743,True,36.27,False,0.7890014031042323,25.0,-0.69,0,True,▃▅▁▇▇▇▄▇▄▃▄▄▃▇█▆▄▂▃▃,False,False,False,7,0.010613943808532866,0.14758359919650244,0.04740943569932077,0.16462492233267434,FLAT,True,81,40.0,IGNORE,NONE,,RED,C,NO_DEPLOY,No standout factor,Energy Minerals,25.9
3BBLACKBIO,1355.0,1423.5,1437.3,1352.0,True,False,True,True,False,True,0.4355225565235794,1.338469,0.4266252050503526,False,0.08844558583772588,True,56.9,False,0.9964799215425298,38.0,-0.41,0,False,█▄▅▆▅▄▅▆▃▆▁▄▅▂▃▃▃▃▄▄,False,False,False,6,0.18227030800104704,0.11983471074380159,0.21906579989183494,0.1368760338799735,UP,True,79,40.0,IGNORE,NONE,,RED,C,NO_DEPLOY,CMF positive,Process Industries,22.6
SYRMA,1507.7,1613.7,1614.0,1500.3,True,False,True,True,False,True,0.7609418728253692,177.93815092,0.7336143813340914,False,0.37115223589342655,True,34.22,False,0.9364823075449493,37.0,-0.23,0,False,▄▅▅▆▆▆▇▇▇▆▆▇▅█▁▂▅▄▅▅,False,False,False,4,0.005066328911405904,0.11187315634218287,0.041861820802193805,0.12891447947835477,FLAT,True,78,40.0,IGNORE,NONE,,RED,C,NO_DEPLOY,CMF positive,Electronic Technology,25.8
ULTRAMAR,419.0,434.5,434.5,415.2,True,False,True,True,False,True,0.40969285351193,1.6378291,0.39881427866851343,False,0.21079684679028382,True,57.6,False,0.9848173984407058,31.0,-0.52,0,False,▇▅█▆▆█▁▇█▂▃▇▅▅▄▅▄▅▅▅,False,False,False,8,0.06860494771741887,0.08408796895213455,0.10540043960820678,0.10112929208830645,UP,True,74,40.0,IGNORE,NONE,,RED,C,NO_DEPLOY,CMF positive,Process Industries,22.6
IPCALAB,1932.4,1976.7,1995.9,1924.0,True,True,True,True,False,True,1.01154428009943,53.04032196,1.0109931754419006,False,-0.0381699932853461,True,49.83,False,0.9831989976618687,58.0,0.06,0,True,▁▄▅▅▆▄▄▅▅▇▆▅▅▆▅▅▇█▅▅,False,False,False,17,0.02672546623452532,0.07768668785901522,0.06352095812531322,0.09472801099518713,FLAT,True,73,40.0,IGNORE,NONE,,RED,C,NO_DEPLOY,No standout factor,Health Technology,30.5
EPIGRAL,1092.2,1134.8,1136.6,1076.7,True,False,False,False,False,False,0.656875816733332,5.40780986,0.6072229021625832,False,0.11205887797896281,True,60.36,True,1.1834365932083757,77.0,0.75,0,True,█▆▃▄▁▁▃▃▃▃▂▃▃▂▄▂▃▆▆▆,False,False,False,7,0.011670989255279762,0.06795736775202887,0.048466481146067664,0.08499869088820078,FLAT,True,71,40.0,IGNORE,NONE,,RED,C,NO_DEPLOY,CMF positive,Process Industries,22.6
SBICARD,618.6,652.1,655.75,617.1,True,False,False,False,False,False,0.5130891519317716,108.29502342,0.4900776659032486,False,-0.05443528234351913,True,61.18,True,1.1148060751282356,90.0,1.21,0,True,▄▄▃▄▄▄▃▅▄█▃▂▁▄▄▄▄▄▅▅,False,False,False,7,0.005853658536585371,0.022563848251921703,0.04264915042737327,0.03960517138809361,UP,True,62,40.0,IGNORE,SEED,,RED,C,NO_DEPLOY,Delivery P90,Finance,28.2
WABAG,2103.4,2283.0,2289.0,2091.1,True,True,True,True,False,True,1.0774158612234666,188.09612432,1.0742398455524818,False,0.15914279509543322,False,27.22,False,0.673679000123747,4.0,-1.99,0,False,▇▇▆█▇▁▂▅██▆▅▇▇▂▆▃▃▂▂,False,False,False,3,0.06200141371301626,-0.04529774872912118,0.09879690560380416,-0.028256425592949275,UP,False,45,40.0,IGNORE,NONE,,RED,C,NO_DEPLOY,CMF positive,Industrial Services,34.0
WAAREEENER,2555.0,2590.0,2624.9,2540.0,True,False,False,False,False,False,1.5345398993360697,187.4805345,1.4945798967300896,False,-0.1520695384839459,False,49.28,True,1.0789390141107182,96.0,1.73,0,True,▆▄▄▃▂▂▅▆▁█▄▆▅▃▆▄▅▆▅▅,False,True,False,0,-0.05688235945516962,-0.10073208503449238,-0.020086867564381716,-0.08369076189832048,UP,False,29,40.0,IGNORE,DISTRIBUTION,,RED,C,NO_DEPLOY,Delivery P96,Electronic Technology,25.8
LAOPALA,160.63,158.93,165.79,158.7,False,False,False,False,False,False,2.6114611754773622,7.115186164999999,2.41427988795551,True,-0.23077308768219773,False,60.98,True,1.1240967408936733,69.0,0.47,0,True,▆█▅█▇▅█▇▁▅▅▆▆▆▇█▇███,False,True,False,0,-0.15149754371137292,-0.10795801632698399,-0.11470205182058502,-0.09091669319081208,FLAT,False,26,40.0,IGNORE,NONE,,RED,C,NO_DEPLOY,No standout factor,Consumer Durables,20.7
NUVAMA,1668.2,1740.0,1746.4,1660.0,True,False,False,True,False,False,0.7394480487704829,36.2366404,0.6878896906403369,False,0.12651797039515925,False,59.72,True,1.1536529768573969,96.0,1.72,0,True,█▇▅▅▆▇▇▆▆▇▅▁▂▄▄▅▆▆▇▇,False,False,False,0,-0.044996565147698564,-0.12983151635282453,-0.008201073256910663,-0.11279019321665262,UP,False,19,40.0,IGNORE,SEED,,RED,C,NO_DEPLOY,"Delivery P96, CMF positive",Finance,28.2
SBCL,1020.2,1087.0,1120.0,1000.0,True,False,True,True,False,True,1.4515845614258716,49.2598469,1.3782247717532357,False,-0.1522152612446852,False,55.17,True,1.153520464168104,56.0,0.16,0,True,▅█▅▃▃▆▃▅▃▂▅▄▅▂▅▃▁▅▇▇,False,False,False,1,-0.006476116277937205,0.4096027633851469,0.030319375612850696,0.4266440865213188,FLAT,True,96,39.0,IGNORE,NONE,,RED,C,NO_DEPLOY,RS leader,Non-Energy Minerals,28.3
SKYGOLD,789.4,835.0,851.95,785.0,True,False,True,True,False,True,0.9276828192142419,61.07840408,0.9120376828323431,False,-0.03288588955348564,False,44.18,False,0.9243257945059312,44.0,-0.08,0,True,▇█▆▄▁▁▅▄▅▄▅▅█▃▂▂▁▃▂▂,False,False,False,3,-0.007106471291113747,0.37370573392499784,0.029689020599674154,0.39074705706116974,FLAT,True,95,39.0,IGNORE,NONE,,RED,C,NO_DEPLOY,RS leader,Consumer Durables,20.7
MENONBE,161.7,170.69,174.57,159.65,True,True,True,True,False,True,0.7306672049386455,3.5119461299999997,0.716646782132681,False,-0.5029716769931594,False,50.79,True,1.1761300481659875,25.0,-0.42,0,False,▇▆▇██▃▂▁▃▄▇▅▄▆▅▄▃▃▆▆,False,False,False,11,0.08691268400887253,0.3803995219395595,0.12370817589966043,0.3974408450757314,FLAT,True,95,39.0,IGNORE,NONE,,RED,C,NO_DEPLOY,RS leader,Producer Manufacturing,24.3
GANDHAR,260.45,274.2,275.85,257.8,True,False,True,True,False,True,0.9237241196837864,23.077719195,0.9234470239718897,False,-0.05031153897485758,False,46.9,True,1.0492991621267884,59.0,0.23,0,True,▄▄▅▇▅▆▅█▅▆▁▄▅▅▇▇▄▃▆▆,False,False,False,0,0.020972167777342232,0.3519335582662859,0.057767659668130134,0.3689748814024578,FLAT,True,94,39.0,IGNORE,NONE,,RED,C,NO_DEPLOY,RS leader,Process Industries,22.6
AVALON,2160.7,2272.7,2312.0,2150.2,True,False,True,True,False,True,0.6776809784181428,76.91141291999999,0.6504699773869637,False,-0.02310102211248922,False,35.82,True,1.0289407540394973,25.0,-0.61,0,False,▇▅▃▆▅▅▅▅▅▆▆▆▅▄▁█▇▇▆▆,False,False,False,7,-0.01665680608018949,0.3175803402646502,0.02013868581059841,0.3346216634008221,FLAT,True,93,39.0,IGNORE,NONE,,RED,C,NO_DEPLOY,RS leader,Electronic Technology,25.8
LOTUSDEV,176.54,176.54,186.3,176.54,True,False,True,True,False,False,1.1333134525205972,107.95029081199999,1.1149154892872097,False,0.3366873668543312,False,44.79,False,0.9765829408686552,41.0,-0.25,0,False,▆▅▅▅▅▁▃▁▂▃▃▃▅▅▂▃▄▃█▄,False,False,False,9,0.22206839263463918,0.27364548012408907,0.2588638845254271,0.290686803260261,FLAT,True,90,39.0,IGNORE,NONE,,RED,C,NO_DEPLOY,"CMF positive, RS leader",Finance,28.2
RUBYMILLS,432.4,468.0,468.0,420.6,True,True,True,True,False,True,0.6076291061513482,0.5898368399999999,0.6009371166542998,False,-0.15007004921762188,False,52.11,True,1.066069291435235,31.0,-0.38,0,False,█▅▄▄█▃▃▄▄▆▇▁▃▂▃▄▄▆▅▅,False,False,False,4,0.0768272942348398,0.261560904449307,0.1136227861256277,0.2786022275854789,FLAT,True,90,39.0,IGNORE,NONE,,RED,C,NO_DEPLOY,RS leader,Process Industries,22.6
DYCL,432.6,459.0,459.75,430.2,True,False,False,True,False,False,0.31693474857684456,17.580258360000002,0.27143818116981355,False,0.1568494741649782,False,35.81,True,1.0136292228653918,26.0,-0.6,0,True,██▇▅▆▆▆▇▄▅▁▄▅▇▆▆▆▅▆▆,False,False,False,7,-0.04482225656877892,0.2206546275395036,-0.008026764677991016,0.2376959506756755,FLAT,True,88,39.0,IGNORE,NONE,,RED,C,NO_DEPLOY,CMF positive,Producer Manufacturing,24.3
SEAMECLTD,1736.9,1814.9,1814.9,1721.0,True,True,True,True,False,True,0.7215606054585255,14.507978320000001,0.7313444170236987,False,0.2126592319352836,False,37.24,False,0.6914157870795853,7.0,-1.46,0,False,▅█▁▄▆▅▅▇▆▂▃▅▄▆▅▇▇▆▁▁,False,False,False,15,0.1030037467454119,0.21300370137579439,0.1397992386361998,0.2300450245119663,FLAT,True,87,39.0,IGNORE,NONE,,RED,C,NO_DEPLOY,CMF positive,Industrial Services,34.0
MAHSEAMLES,701.1,735.0,738.6,696.0,True,True,True,True,False,True,0.6980488679650148,23.047120080000003,0.7249600628124612,False,0.09009054947292909,False,39.11,False,0.8029316964010759,4.0,-1.67,0,False,▆▆█▃▆▃▆▅▄▄▃▅▄▁▃▄▄▂▃▃,False,False,False,10,0.12916733773554534,0.1631688096225632,0.16596282962633324,0.1802101327587351,FLAT,True,83,39.0,IGNORE,NONE,,RED,C,NO_DEPLOY,CMF positive,Non-Energy Minerals,28.3
ANDHRAPAP,71.64,73.36,75.0,71.0,True,True,True,True,False,False,0.43341066584479143,10.792171979999999,0.4342195961007857,False,0.052628710768825256,False,29.7,False,0.6071633003516231,2.0,-2.57,0,False,▆▆▆▇▇▆▇▇▇▆█▆▇▆▁▁▂▁▃▃,False,False,False,6,0.15678992410786363,0.165636186137325,0.19358541599865153,0.1826775092734969,UP,True,83,39.0,IGNORE,NONE,,RED,C,NO_DEPLOY,CMF positive,Process Industries,22.6
AEROPLANE,196.8,205.12,205.13,195.0,True,True,True,True,False,True,1.1750140396146735,18.10339584,1.1921205517778068,False,0.27954798196659864,False,51.83,False,0.8734264673665763,,,0,False,▅▂█▄▁▃▄▃▄▇▂█▅▃▆▆▃▁▃▃,False,False,False,4,0.07811986413936678,0.15608294660165667,0.11491535603015468,0.17312426973782857,FLAT,True,82,39.0,IGNORE,NONE,,RED,C,NO_DEPLOY,CMF positive,Process Industries,22.6
LALPATHLAB,1906.4,1907.0,1921.0,1885.5,True,True,True,True,False,True,0.9592618769684761,32.64023696,0.9590634363012455,False,0.06490847668032004,False,63.97,True,1.1692026502170436,77.0,0.63,0,False,▄█▅▃▅▄▄▅▆▅▁▆▇▄▁▅▃▆▇▇,False,False,False,0,0.002629641316924447,0.13422179914326526,0.03942513320771235,0.15126312227943717,FLAT,True,80,39.0,IGNORE,NONE,,RED,C,NO_DEPLOY,CMF positive,Health Services,27.6
HINDOILEXP,175.72,185.5,186.3,174.01,True,False,True,True,False,True,0.30032730467691376,14.836514044,0.28884778405196687,False,0.22615401448856223,False,36.53,False,0.8717960956517589,28.0,-0.69,0,False,▅█▅▆▅▇▇▇▆▅▃▄▁▃▄▄▄▅▄▄,False,False,False,5,0.12288325132596323,0.1306138206151075,0.15967874321675113,0.14765514375127942,UP,True,80,39.0,IGNORE,NONE,,RED,C,NO_DEPLOY,CMF positive,Energy Minerals,25.9
ALGOQUANT,63.8,64.61,66.59,63.5,True,False,False,True,False,True,1.1488024389734595,8.84509164,1.127196369175791,False,-0.1454807494533218,False,54.32,True,2.0966901476406448,100.0,4.02,2,True,▂▁▂▂▆▅▃▂▁▂▃▃▁▄▄▃▅▄██,False,False,False,0,-0.03625377643504535,0.1095652173913042,0.000541715455742553,0.1266065405274761,FLAT,True,77,39.0,IGNORE,SEED,DEL54% ▂▁▂▂▆▅▃▂▁▂▃▃▁▄▄▃▅▄██ P100 Z+4.0 2D,RED,C,NO_DEPLOY,"Delivery P100, 2D high delivery",Finance,28.2
PARAGMILK,252.15,269.0,276.75,250.0,True,True,True,True,False,False,0.8436239195851872,38.891237775,0.8567264953529544,False,0.19603998023471297,False,35.47,False,0.8589937640007265,15.0,-0.99,0,False,▃▅█▁▃▂▃▃▄▂▃▃▃▅▃▃▄▁▃▃,False,False,False,7,0.19485381225418186,0.09406864233956691,0.23164930414496976,0.11110996547573881,UP,True,76,39.0,IGNORE,NONE,,RED,C,NO_DEPLOY,CMF positive,Consumer Non-Durables,28.4
PARADEEP,149.34,155.51,156.71,148.5,True,False,False,True,False,False,0.33621181940386097,31.756016016000004,0.31577139991594194,False,0.2861228581671089,False,41.3,True,1.1102598223046627,67.0,0.42,0,True,▅▆█▆▆▁▄▅▆▇▆▆▇▆█▄▇▇▇▇,False,False,False,3,0.010282776349614497,0.07284482758620703,0.0470782682404024,0.08988615072237893,FLAT,True,72,39.0,IGNORE,NONE,,RED,C,NO_DEPLOY,CMF positive,Process Industries,22.6
GOCLCORP,435.65,444.15,448.0,432.05,True,True,True,True,False,True,0.5570105711275251,9.143030114999998,0.5738586503658171,False,-0.36011490418756403,False,57.3,True,1.1053560577563009,77.0,0.69,0,False,▇▇▇█▇█▇▇█▇▇▅▁▅▇▆▇▇▇▇,False,False,False,3,0.08465081538653063,0.07594467769819713,0.12144630727731853,0.09298600083436903,UP,True,72,39.0,IGNORE,NONE,,RED,C,NO_DEPLOY,No standout factor,Process Industries,22.6
GOKULAGRO,218.69,226.18,226.89,218.0,True,False,False,True,False,True,0.32992419348827556,5.478731225,0.29710495597960673,False,-0.34650418588730325,False,56.13,True,1.281653156753054,96.0,1.69,0,True,▇▆▁▃▄▂▂▁▂▅▅▇▅▅▆▄██▇▇,False,False,False,5,-0.07694580449096733,0.055097216191441145,-0.04015031260017943,0.07213853932761305,FLAT,True,69,39.0,IGNORE,SEED,,RED,C,NO_DEPLOY,Delivery P96,Process Industries,22.6
GPPL,161.18,162.5,165.5,160.8,True,False,True,True,False,False,1.7747026700169695,57.29578286,1.7276938513005704,False,-0.26130136411154425,False,52.47,True,1.0018329705579103,54.0,0.06,0,False,▆▆▇▇██▁▆▅█▇▅▆▅█▇▆▇▆▆,False,False,False,10,0.0043619142572284275,0.04553710430721325,0.04115740614801633,0.06257842744338515,FLAT,True,67,39.0,IGNORE,DISTRIBUTION,,RED,C,NO_DEPLOY,No standout factor,Transportation,28.8
CPPLUS,3663.4,3825.4,3879.8,3634.3,True,False,True,True,False,True,0.7875972851779823,66.99186312,0.803542899355695,False,0.2490581375079686,False,52.69,False,0.9315359116022099,71.0,0.48,0,True,▁▄▂▂▃▄▅▇▄█▅▃▃▅▅▂▄▃▃▃,False,False,False,0,0.09616995810891682,0.03118842537859612,0.13296544999970472,0.04822974851476802,UP,True,64,39.0,IGNORE,NONE,,RED,C,NO_DEPLOY,CMF positive,Consumer Durables,20.7
FINEORG,5153.5,5160.5,5167.5,5081.0,True,False,True,True,False,True,0.6853094166308348,9.2814535,0.6811764287465663,False,0.03529888139186753,True,58.8,True,1.1192112225669528,74.0,0.52,0,False,▅█▂▆▂▅▅▄▁▁▄▆▁▆▅▅▂▄▆▆,False,False,False,0,0.011859182030590443,0.03069999999999995,0.048654673921378344,0.047741323136171854,UP,True,64,39.0,IGNORE,NONE,,RED,C,NO_DEPLOY,CMF positive,Process Industries,22.6
BHAGYANGR,405.0,427.95,429.0,401.55,True,True,True,True,False,True,1.0258859949957326,7.419195,1.0312958045167766,False,0.21721312368349902,False,40.76,False,0.7507275205363391,16.0,-1.03,0,True,▂▃▅▇██▆█▅▅▆▄▇▆▅█▁▁▂▂,False,False,False,1,0.009849145991771557,0.032636409994900584,0.04664463788255946,0.04967773313107249,FLAT,True,64,39.0,IGNORE,NONE,,RED,C,NO_DEPLOY,CMF positive,Producer Manufacturing,24.3
EXICOM,168.43,183.2,184.34,167.0,True,False,True,True,False,True,0.8952563309057678,27.690414132999997,0.8803127223339356,False,0.10854434972085646,False,32.09,False,0.9234000920810316,33.0,-0.42,0,False,▁▂▅▆▆▄█▆▄▆▆▃▆▃▄▄▂▄▄▄,False,False,False,5,0.06567541917114839,0.02770150710842656,0.10247091106193629,0.044742830244598464,UP,True,63,39.0,IGNORE,NONE,,RED,C,NO_DEPLOY,CMF positive,Producer Manufacturing,24.3
RAJRATAN,485.1,495.2,498.1,474.8,True,False,False,True,False,True,1.8509493080906188,7.46505837,1.789566601621374,False,-0.06903047358353459,False,49.68,True,1.0013504525023684,64.0,0.41,0,True,▅▆▄█▆▃▆▆▃▅▅█▄▃▇▅▁▅▅▅,False,False,False,0,-0.052539062499999956,0.011889862327910006,-0.015743570609212054,0.02893118546408191,FLAT,True,59,39.0,IGNORE,DISTRIBUTION,,RED,C,NO_DEPLOY,No standout factor,Producer Manufacturing,24.3
METROPOLIS,572.5,586.0,591.5,569.85,True,False,True,True,False,True,0.4253942440006622,6.75979375,0.4230398239531294,False,0.05444096026125802,False,51.48,False,0.9549248747913187,43.0,-0.12,0,False,▃▄▆▆▃▅▅▅▃▁▁▂▃▄▄█▃▄▄▄,False,False,False,5,0.037231633300117695,0.011216108805087055,0.0740271251909056,0.02825743194125896,UP,True,59,39.0,IGNORE,NONE,,RED,C,NO_DEPLOY,CMF positive,Health Services,27.6
GANDHITUBE,871.2,887.75,887.75,870.05,True,False,False,True,False,True,0.6741491934028655,0.32548032000000005,0.6552043972429317,False,0.23511825693828708,False,91.11,True,1.2627246079538763,100.0,2.39,0,True,▆▅▅▃▄▁▄▆▂▂▄▅▇▄▂▃▄▃██,False,False,False,0,-0.018144934069649343,0.009969858567122625,0.018650557821138558,0.02701118170329453,FLAT,True,59,39.0,IGNORE,SEED,,RED,C,NO_DEPLOY,"Delivery P100, CMF positive",Non-Energy Minerals,28.3
JTLIND,82.47,89.39,89.39,80.25,True,False,True,True,False,True,0.7630942699150792,26.603469492,0.7219967212054006,False,0.1785352173840091,False,39.46,False,0.9597587225917864,38.0,-0.29,0,False,▇█▇▅▅▇▆▅▄▄▅▄▆▅▆▁▃▄▅▅,False,False,False,5,0.10254010695187166,0.00024257125530624535,0.13933559884265956,0.01728389439147815,UP,True,56,39.0,IGNORE,NONE,,RED,C,NO_DEPLOY,CMF positive,Non-Energy Minerals,28.3
ONESOURCE,1599.6,1614.9,1657.5,1589.0,False,True,True,False,True,False,2.4154013304360578,115.93037016,2.4986834021614204,True,-0.36221387364177104,False,39.84,False,0.8031205587977384,19.0,-0.87,0,False,█▃▃▅▃▁▄▆▃▄▄▃▃▄▇▁▂▅▁▁,False,False,False,0,0.03715230499902744,-0.01671994098844365,0.07394779688981534,0.00032138214772825524,UP,True,52,39.0,IGNORE,NONE,,RED,C,NO_DEPLOY,No standout factor,Health Technology,30.5
SUNDARMFIN,4695.0,4718.9,4864.8,4668.5,True,True,True,False,False,False,1.5651044115258699,30.0879075,1.6016304367760346,False,0.02753435173470141,False,55.68,False,0.9048656027561998,43.0,-0.1,0,True,▇▅▁▄▄▆▆▄▆█▃▅▅▇▆▆▆▂▄▄,False,False,False,0,0.016321759459693386,-0.018603678929765888,0.05311725135048129,-0.0015623557935939836,UP,False,51,39.0,IGNORE,NONE,,RED,C,NO_DEPLOY,CMF positive,Finance,28.2
PRIVISCL,3452.2,3561.4,3599.3,3425.5,True,False,False,True,False,True,1.5894742813611793,33.8539993,1.5901226787816645,False,0.007820420976123373,False,58.18,False,0.9039986948110971,66.0,0.31,0,True,█▅▇▃▇▆▂▇▄▆▂▄▅▆▆▅▃▁▂▂,False,False,False,0,-0.0006947258727494354,-0.05141098562910462,0.036100766018038466,-0.03436966249293272,UP,False,43,39.0,IGNORE,NONE,,RED,C,NO_DEPLOY,CMF positive,Process Industries,22.6
IKS,1783.0,1762.8,1800.0,1747.0,False,True,True,True,False,True,1.3876983172762245,30.7143146,1.3982959220768392,True,-0.17939619239244378,True,57.63,True,1.1014276704317414,67.0,0.47,0,False,▆▆▄▄▃▃▂█▅▆▃▅▂▁▃▅▁▃▅▅,False,False,False,0,-0.042221744735711164,-0.05686326368685535,-0.005426252844923263,-0.03982194055068344,UP,False,42,39.0,IGNORE,NONE,,RED,C,NO_DEPLOY,No standout factor,Commercial Services,28.1
SANOFICONR,4055.3,4023.4,4112.0,3978.0,False,False,False,False,False,False,1.7376364371378519,3.1375856100000004,1.6936090975717453,True,-0.27455082676613024,True,59.93,False,0.9777067206121067,66.0,0.31,0,True,▂▄▅▃▂▃▃▄▁▄▂▂▁▂▃▃█▂▃▃,False,True,False,0,-0.0648664852649542,-0.11900675631639546,-0.028070993374166298,-0.10196543318022355,UP,False,23,39.0,IGNORE,NONE,,RED,C,NO_DEPLOY,No standout factor,Health Technology,30.5
MAYURUNIQ,745.2,743.3,770.75,725.0,False,False,False,True,False,False,3.0845229442121296,23.43296304,3.0842545359355564,True,-0.02928844999068125,True,50.07,False,0.8849416755037116,23.0,-0.6,0,True,▃▄▃▃▂▆▄▅▆▇▇█▄█▃▁▂▃▂▂,False,False,False,0,0.026304916678143497,-0.12867582578193504,0.0631004085689314,-0.11163450264576313,UP,False,20,39.0,IGNORE,NONE,,RED,C,NO_DEPLOY,No standout factor,Process Industries,22.6
AURIONPRO,698.65,691.0,725.95,687.0,False,True,False,False,False,False,1.6274531121146152,21.439821875,1.6352006145833589,True,-0.16698884512052964,True,48.25,False,0.8546932846792908,50.0,0.06,0,True,▇▇▄▆▁▄▆█▆▆▅▆▆▅▆▄▇▄▃▃,False,False,False,0,-0.0195074029892639,-0.17805882352941182,0.017288088901524,-0.16101750039323992,UP,False,10,39.0,IGNORE,NONE,,RED,C,NO_DEPLOY,No standout factor,Technology Services,21.0
DOLPHIN,651.05,663.0,685.0,644.1,False,True,True,True,False,True,0.4857065713894714,3.41983544,0.48865106380337825,False,0.01830328885218799,False,35.14,False,0.8118567121420402,26.0,-0.74,0,False,▁▃▄▄▆▅█▅▇▆▅▅▆▆▃▅▅▅▄▄,False,False,False,5,0.05109783661608014,0.8047124047124046,0.08789332850686804,0.8217537278485765,FLAT,True,99,38.0,IGNORE,NONE,,RED,C,NO_DEPLOY,"CMF positive, RS leader",Industrial Services,34.0
TI,510.75,524.05,526.4,503.1,True,False,False,True,False,True,1.3188935612952115,40.189232025,1.2015984885663364,False,-0.20937692159742788,True,63.71,True,1.2859017055202342,98.0,2.04,0,False,▄▃▄▄▃▁▂▂▃▃▃▂▅▂▄▅█▃▇▇,False,False,False,4,-0.12362731640356894,0.13223232099312776,-0.08683182451278104,0.14927364412929967,FLAT,True,80,38.0,IGNORE,SEED,,RED,C,NO_DEPLOY,Delivery P98,Consumer Non-Durables,28.4
SPORTKING,201.01,215.0,215.0,199.0,True,False,False,True,False,True,1.1837423015887267,9.473943017,1.0699686495560818,False,0.048321946375771335,False,53.58,True,1.1272880286135072,50.0,-0.01,0,True,▄▇▃▅▇▂▇▄█▃▁▄▅▆▅▅▅▅▇▇,False,False,False,6,-0.06219091163571899,0.10251206669591917,-0.02539541974493109,0.11955338983209107,FLAT,True,76,38.0,IGNORE,NONE,,RED,C,NO_DEPLOY,CMF positive,Process Industries,22.6
CASTROLIND,187.82,187.8,188.25,187.2,True,True,True,True,False,True,1.174253716162591,39.085229307999995,1.1738398838260629,False,-0.10518813178747313,True,65.31,False,0.9984253894485806,71.0,0.6,0,True,▅▁▆▅█▃█▅▆▇▁▃▅▇▄▂█▄▅▅,False,False,False,0,0.005191329943805112,0.018767628552831317,0.04198682183459301,0.03580895168900322,UP,True,61,38.0,IGNORE,NONE,,RED,C,NO_DEPLOY,No standout factor,Energy Minerals,25.9
TMCV,434.1,436.0,436.95,425.35,True,False,False,True,False,True,0.9647598127994608,307.86215724,0.8975059552370745,False,-0.08094168089182104,True,60.31,True,1.1521085056592961,87.0,1.16,0,True,▄▆▃▃▃▃▅▅▅█▁▇▇▁▂▇▅▄██,False,False,False,8,-0.08475648323845664,0.004861111111111205,-0.047960991347668736,0.02190243424728311,FLAT,True,58,38.0,IGNORE,SEED,,RED,C,NO_DEPLOY,No standout factor,Consumer Durables,20.7
MARATHON,414.0,435.45,435.45,410.2,True,False,True,False,False,False,0.11393441243572146,2.3544594,0.11284842578858409,False,0.1640843834310774,True,63.18,True,1.3915993039800887,61.0,0.33,0,False,▇▄▆▅▁▁▁▃▅█▄▄▁▂▆▄▇▅▇▇,False,False,False,6,0.1935995387054923,-0.009095260890378154,0.2303950305962802,0.00794606224579375,UP,True,54,38.0,IGNORE,NONE,,RED,C,NO_DEPLOY,CMF positive,Finance,28.2
SKIPPER,534.15,557.5,557.8,531.0,True,False,False,True,False,True,0.6564765097999092,58.349584529999994,0.6082800860923269,False,0.118861282723835,False,39.23,True,1.0072274927147384,18.0,-0.78,0,False,▇▇▇▇▆▆▇▃█▄▆▅▆▁▅▆▆▆▆▆,False,False,False,4,-0.008906206512663606,-0.035395033860045166,0.027889285378124296,-0.018353710723873262,UP,False,48,38.0,IGNORE,NONE,,RED,C,NO_DEPLOY,CMF positive,Producer Manufacturing,24.3
TATAELXSI,3440.0,3450.0,3532.1,3418.1,False,False,False,False,False,False,2.606525263442313,146.013208,2.498620347742668,True,-0.31186521972654335,False,43.19,True,1.1878437843784377,75.0,0.75,0,False,█▂▁▃▁▅▆▅▅▆▂▄▃▆█▄▇▁▆▆,False,True,False,0,-0.06062261059530316,-0.07207596029348295,-0.02382711870451526,-0.05503463715731105,UP,False,37,38.0,IGNORE,NONE,,RED,C,NO_DEPLOY,No standout factor,Technology Services,21.0
J&KBANK,144.75,145.27,147.5,143.75,True,False,False,True,False,False,1.7867214171427601,43.95990915,1.7398284187826571,False,-0.21068760834054068,False,43.44,False,0.8959564396869101,44.0,-0.19,0,True,▄▅▅▆▆▃█▆▄▇▁▆▃▅▅▄▃▃▄▄,False,True,False,0,-0.036541533546325944,-0.11581455011911312,0.00025395834446195753,-0.09877322698294122,UP,False,24,38.0,IGNORE,DISTRIBUTION,,RED,C,NO_DEPLOY,No standout factor,Finance,28.2
NATCOPHARM,819.15,816.95,831.45,812.3,False,False,False,False,False,False,1.2810534462006042,35.60107815,1.2341926440014883,True,-0.32238777591552925,False,57.38,True,1.139418971782601,93.0,1.42,0,True,▃▃▅▁▃█▄▅▇█▆▆▆█▆█▂▆▇▇,False,True,False,0,-0.08816162965436636,-0.16765736930345987,-0.05136613776357846,-0.15061604616728796,UP,False,12,38.0,IGNORE,SEED,,RED,C,NO_DEPLOY,Delivery P93,Health Technology,30.5
AVANTEL,144.5,156.46,159.0,143.0,True,False,False,False,False,False,2.2310147418207924,26.77066245,2.025191545968963,False,-0.4191369233482814,False,55.73,True,1.3045411985018727,100.0,2.36,0,True,▄▄▅▇▇▅▅▄▇▁▄▆▆▇▆▄▅▅██,False,False,False,0,-0.10950884328588162,-0.1866028708133971,-0.07271335139509372,-0.1695615476772252,UP,False,8,38.0,IGNORE,DISTRIBUTION,,RED,C,NO_DEPLOY,Delivery P100,Electronic Technology,25.8
FIRSTCRY,171.53,170.0,189.75,167.01,False,False,False,False,False,False,28.056768995969904,914.887434028,26.33326529162488,True,-0.4059874880403026,False,48.71,True,1.226535057348257,70.0,0.54,0,False,▆▇▅▅██▇▇▇▇▇▆▁▃▇▆▆▅██,False,True,False,0,-0.16183728316638168,-0.19295191493365949,-0.12504179127559378,-0.17591059179748758,UP,False,7,38.0,IGNORE,NONE,,RED,C,NO_DEPLOY,No standout factor,Retail Trade,31.1
BUTTERFLY,580.25,582.15,634.8,577.05,True,False,False,False,False,False,7.319431163916749,5.218942575,6.816479768512621,False,-0.543291290407016,False,76.73,True,1.1535050136051352,96.0,1.42,0,True,▇▆▅▆▇▄▄▆▁▅▇█▇▅▄▅▅█▇▇,False,False,False,0,-0.11601157830591102,-0.21720067453625636,-0.07921608641512312,-0.20015935140008445,UP,False,5,38.0,IGNORE,DISTRIBUTION,,RED,C,NO_DEPLOY,Delivery P96,Consumer Durables,20.7
VALIANTORG,290.95,309.9,309.9,287.25,True,False,True,True,False,False,0.7644216291626442,2.9062704549999996,0.7403523002298629,False,-0.19287859260954376,False,63.1,True,1.3148572619295689,75.0,0.6,0,True,▅▅▆▆▅▆█▁▆▆▆▄▆▆▅▆█▃▄█,False,False,False,5,-0.049804049640757686,0.42678501373087485,-0.013008557749969785,0.44382633686704676,FLAT,True,96,37.0,IGNORE,NONE,,RED,C,NO_DEPLOY,RS leader,Process Industries,22.6
CHENNPETRO,1471.8,1580.0,1583.2,1461.1,True,True,True,True,False,True,1.0018604892578395,303.40553561999997,0.9948018244347623,False,-0.030478751079067598,False,18.95,False,0.7834463370266248,14.0,-1.14,0,False,▃▁▅▅▄▆██▇▄▄▄▄▅▅▅▁▁▃▃,False,False,False,6,0.04829059829059834,0.3551238375840162,0.08508609018138624,0.3721651607201881,FLAT,True,94,37.0,IGNORE,NONE,,RED,C,NO_DEPLOY,RS leader,Energy Minerals,25.9
SUNDRMFAST,1237.3,1277.3,1280.2,1232.5,True,True,True,True,False,True,0.559987443204291,16.09022039,0.5586723465507545,False,-0.2758148305902155,False,50.5,False,0.9241552214770012,21.0,-0.65,0,False,█▆▆▆▆▇█▇▆▆▆█▆▆▇▅▆▁▆▆,False,False,False,8,0.007327200195391903,0.3302870659068917,0.044122692086179804,0.3473283890430636,FLAT,True,93,37.0,IGNORE,NONE,,RED,C,NO_DEPLOY,RS leader,Producer Manufacturing,24.3
JGCHEM,564.65,598.45,600.0,561.1,True,False,True,True,False,True,0.4032886610115942,14.101625565,0.3606650201096115,False,0.08875348492789273,False,36.37,False,0.9797556672009482,15.0,-0.89,0,False,▅▆▇▆▇█▇█▁▆▆▇▆██▇▆▆▆▆,False,False,False,1,-0.12572578772160725,0.32050982226379787,-0.08893029583081935,0.3375511453999698,FLAT,True,93,37.0,IGNORE,NONE,,RED,C,NO_DEPLOY,"CMF positive, RS leader",Process Industries,22.6
BECTORFOOD,223.4,239.7,240.0,221.5,True,False,False,True,False,False,1.6889645985871926,51.28120192,1.5497206847337104,False,-0.07833616518087859,False,30.94,False,0.7591799678563104,8.0,-1.4,0,True,▂▂▂▅▃▂▃█▃▅▃▃▂▄▃▃▂▁▁▁,False,False,False,1,-0.14379886555265986,0.2903598452030267,-0.10700337366187196,0.3074011683391986,FLAT,True,92,37.0,IGNORE,DISTRIBUTION,,RED,C,NO_DEPLOY,RS leader,Consumer Non-Durables,28.4
KPL,3427.9,3700.0,3786.4,3392.5,True,True,True,True,False,True,1.209273745258128,19.63089772,1.1854785664516234,False,-0.0766388762061836,False,39.73,False,0.9056715601349502,18.0,-0.83,0,False,▅▇▃▄▃▅█▃▃▁▃▇▄▅█▁▃▄▃▃,False,False,False,3,-0.053040139230365435,0.29120837727889093,-0.016244647339577534,0.30824970041506283,FLAT,True,92,37.0,IGNORE,NONE,,RED,C,NO_DEPLOY,RS leader,Health Technology,30.5
PAUSHAKLTD,687.4,730.15,736.45,675.3,True,False,True,True,False,False,0.6329538843230947,2.40431898,0.5624330225240597,False,-0.2674202993384211,False,66.97,True,1.4240452496385132,69.0,0.62,0,True,▅▁▄▅▅▅▇█▃▃▃▄▆▄▆▄▃▆██,False,False,False,6,-0.058356164383561726,0.30933333333333324,-0.021560672492773825,0.32637465646950514,FLAT,True,92,37.0,IGNORE,NONE,,RED,C,NO_DEPLOY,RS leader,Process Industries,22.6
UNIVCABLES,1417.3,1492.5,1501.6,1387.0,True,False,False,True,False,False,1.6836220183696504,33.3164711,1.4879196192584152,False,-0.276668871999714,False,61.62,True,1.3860740274200622,92.0,1.4,0,False,▃▃▄▄▁▂▆▂▃▃▃▂▂▅▆▂▅▃██,False,False,False,0,-0.1877936962750717,0.2768468468468468,-0.1509982043842838,0.2938881699830187,FLAT,True,91,37.0,IGNORE,DISTRIBUTION,,RED,C,NO_DEPLOY,"Delivery P92, RS leader",Electronic Technology,25.8
IGPL,525.25,544.4,547.0,516.4,True,False,True,True,False,True,0.5714391931942806,3.63315425,0.568062580702395,False,0.1528742204057652,False,62.93,True,1.2550356986159308,58.0,0.28,0,False,█▁▂▄▁▄▅▃▄▁▃▃▃▃▅▂▆▆▇▇,False,False,False,9,0.09438483175330759,0.22321844434094085,0.1311803236440955,0.24025976747711275,FLAT,True,88,37.0,IGNORE,NONE,,RED,C,NO_DEPLOY,CMF positive,Process Industries,22.6
RKFORGE,688.2,715.0,715.2,684.6,True,False,True,True,False,True,0.9203457079698624,47.148031440000004,0.8656737208072414,False,-0.12379677406860773,False,51.73,True,1.0674783326454806,60.0,0.14,0,True,▅▁▄▅▅█▄▆▃▄▁▄▁▅▁▄▄▁▅▅,False,False,False,4,-0.08769138993835746,0.2148278905560459,-0.050895898047569554,0.2318692136922178,FLAT,True,87,37.0,IGNORE,NONE,,RED,C,NO_DEPLOY,No standout factor,Producer Manufacturing,24.3
GUJALKALI,692.7,710.15,727.5,681.3,True,False,True,True,False,True,0.9971483433309751,9.602761560000001,0.9640901041889948,False,-0.1424256112220486,False,55.56,True,1.3696705247198908,74.0,0.71,0,True,▅▇▄▅▁▅▅▅▆▄▄▃▁▄▃▅▅▃██,False,False,False,7,0.020853290103898248,0.16459314055144603,0.05764878199468615,0.18163446368761793,FLAT,True,83,37.0,IGNORE,NONE,,RED,C,NO_DEPLOY,No standout factor,Process Industries,22.6
PPLPHARMA,203.47,211.07,211.35,202.55,True,False,True,True,False,True,0.7246259440901045,63.127991789999996,0.6783790741857366,False,-0.04735450511234884,False,47.14,True,1.1782790726738737,88.0,1.0,0,True,▃▂██▇▂▇▆▅▆▃▅▄▄▃▁▅▇▇▇,False,False,False,6,-0.03353441314776995,0.16115961878673746,0.0032610787430179533,0.17820094192290936,FLAT,True,82,37.0,IGNORE,SEED,,RED,C,NO_DEPLOY,No standout factor,Health Technology,30.5
TASTYBITE,9927.0,10275.0,10386.0,9900.0,True,False,True,True,False,True,0.7654871236271698,3.802041,0.7503622341036738,False,0.07187253646971879,False,46.46,False,0.979156568104702,25.0,-0.63,0,True,▁▁▄▄▃▇▆▃▅▆▇▃▆▆▆█▅▄▅▅,False,False,False,3,-0.021247227015035786,0.1514237661659803,0.015548264875752116,0.1684650893021522,FLAT,True,82,37.0,IGNORE,NONE,,RED,C,NO_DEPLOY,CMF positive,Consumer Non-Durables,28.4
THEJO,2175.2,2192.6,2250.0,2160.6,True,True,True,True,False,True,1.5251266069341642,3.23604504,1.5728911305050366,False,-0.17457009933372478,False,45.31,False,0.7269256068408979,4.0,-1.7,0,False,▄▁▁▃▅▅▅▄█▄▅▄▄▅▅▄▄▄▂▂,False,False,False,3,0.06034902993077895,0.15493256875862782,0.09714452182156685,0.17197389189479972,FLAT,True,82,37.0,IGNORE,DISTRIBUTION,,RED,C,NO_DEPLOY,No standout factor,Distribution Services,31.7
JKPAPER,402.1,414.25,417.0,400.0,True,False,True,True,False,True,0.4567613803084128,10.31523214,0.4526255252284667,False,-0.021888309160201676,False,47.31,True,1.0733610881081757,52.0,0.11,0,True,▅██▃▅▇▇▅█▇▇▇█▄▁▄█▅▇▇,False,False,False,6,0.04319626410688815,0.11585958096295257,0.07999175599767605,0.13290090409912447,FLAT,True,78,37.0,IGNORE,NONE,,RED,C,NO_DEPLOY,No standout factor,Process Industries,22.6
INOXINDIA,1992.8,2250.0,2265.0,1982.0,True,False,False,True,False,True,1.0915262439606834,105.80731743999999,1.0014182470994253,False,0.21731563795848385,False,45.87,True,1.1979003447195236,43.0,-0.14,0,False,▇▅▇▇▇▇█▁▂▅▃▇▅▃▇▅▆▃▇▇,False,False,False,7,0.017721260405495043,0.10318866253321524,0.054516752296282944,0.12022998566938714,FLAT,True,77,37.0,IGNORE,NONE,,RED,C,NO_DEPLOY,CMF positive,Producer Manufacturing,24.3
JUNIPER,214.84,222.5,223.91,213.0,True,True,True,False,False,False,0.4269472109674387,2.673619348,0.43083952244660595,False,0.23788007740540887,False,52.99,False,0.8932002831810674,32.0,-0.38,0,True,▃█▄▅▆▄▅▅▅▅▇▇▃▄▆▆▆▁▄▄,False,False,False,15,0.08895534492371637,0.08280832619323619,0.12575083681450427,0.0998496493294081,UP,True,74,37.0,IGNORE,NONE,,RED,C,NO_DEPLOY,CMF positive,Consumer Services,29.2
MARSONS,121.11,128.0,129.0,121.0,True,False,True,False,False,False,0.6643338381329867,31.733544975,0.6393012563367491,False,0.08371328305035834,False,37.57,True,1.2751370339572692,82.0,0.8,0,True,▂▂▄▄▆▄▆▃▄█▄▅▂▁▄▃▆▄▅▅,False,False,False,2,0.14905123339658433,0.07443222143364081,0.18584672528737223,0.09147354456981271,UP,True,72,37.0,IGNORE,NONE,,RED,C,NO_DEPLOY,CMF positive,Producer Manufacturing,24.3
KRBL,397.15,423.65,423.65,391.0,True,False,False,True,False,True,0.7094634219814895,27.6861208,0.6576204382957493,False,0.12401285277507029,False,45.19,True,1.1117398149970477,44.0,-0.06,0,False,▄▄▅▆▁▁▁▅▄█▁▂▆▄▄▃▄▅▅▅,False,False,False,5,0.009019308943089221,0.06904441453566612,0.04581480083387712,0.08608573767183803,FLAT,True,71,37.0,IGNORE,NONE,,RED,C,NO_DEPLOY,CMF positive,Process Industries,22.6
CLEANMAX,1322.0,1429.0,1430.0,1292.6,True,False,True,True,False,True,1.517307371107691,53.6225674,1.573979538572097,False,-0.2176151263837135,False,46.96,True,1.0738500588833881,60.0,0.14,0,True,▅▃▅▆█▇▆▄▄▆▄▆▁▅▅▄▄▆▆▆,False,False,True,0,0.07044534412955472,0.04431629670590076,0.10724083602034262,0.061357619842072664,UP,True,67,37.0,IGNORE,DISTRIBUTION,,RED,C,NO_DEPLOY,No standout factor,Utilities,34.3
DRAGARWQ,5155.0,5311.0,5420.0,5105.5,True,False,False,True,False,True,1.4086212463674523,0.8995475,1.3654128607366047,False,-0.12735718649707792,False,82.94,True,1.3447803422752957,95.0,1.46,0,False,▅▂▇▄▄▃▂▄▂▇▄▃▃▇▁▃▁█▇▇,False,True,False,3,-0.04306664191572307,0.030999999999999917,-0.006271150024935168,0.04804132313617182,FLAT,True,64,37.0,IGNORE,SEED,,RED,C,NO_DEPLOY,Delivery P95,Health Services,27.6
ASIANTILES,50.03,50.0,50.44,48.86,True,True,False,False,False,False,0.5175580541788566,11.123360014,0.5433981549961941,False,0.049424821145099655,True,42.85,True,1.0682189287895596,54.0,0.09,0,True,▂▁▅▂█▂▃█▅▆▅▄▅▃▄▃▃▃▄▄,False,False,False,0,0.09211962453612754,0.029635727515949783,0.12891511642691544,0.04667705065212169,UP,True,63,37.0,IGNORE,NONE,,RED,C,NO_DEPLOY,CMF positive,Producer Manufacturing,24.3
BALAMINES,2105.7,2288.0,2288.0,2093.0,True,False,False,True,False,False,0.9859037838545631,54.0638475,0.8728937184034884,False,0.0783399154155085,False,39.12,True,1.1708193041526374,49.0,0.04,0,False,▇▃█▁▂▃▃▃▄▆▃▁▂▃▄▆▆▁▆▆,False,False,False,6,0.0009507058991300443,0.018328658477608784,0.037746197789917946,0.03536998161378069,UP,True,61,37.0,IGNORE,NONE,,RED,C,NO_DEPLOY,CMF positive,Process Industries,22.6
BSOFT,286.45,291.0,302.85,285.1,False,False,False,False,False,False,7.354875356843184,246.200709985,7.23250969631357,True,-0.3847978004174432,False,29.53,False,0.6147088823664106,14.0,-1.14,0,True,▇▄▃▇▅▇▄█▂█▄▃▅▇▆▆▇▅▁▁,False,True,False,0,-0.06251022745868118,0.017042428546067967,-0.025714735567893277,0.03408375168223987,FLAT,True,60,37.0,IGNORE,NONE,,RED,C,NO_DEPLOY,No standout factor,Technology Services,21.0
JSWINFRA,325.85,345.5,349.2,324.55,True,False,False,True,False,True,1.6401008929675756,110.65791054500001,1.5839106177822988,False,-0.002984295132383066,False,55.56,False,0.9057858784786189,54.0,0.11,0,True,▆▃▄▄▆▄▆▅▃▃▁▄▄█▆▆▄▄▃▃,False,False,False,0,-0.008519701810436486,0.010544270429523994,0.028275790080351415,0.0275855935656959,UP,True,59,37.0,IGNORE,DISTRIBUTION,,RED,C,NO_DEPLOY,No standout factor,Industrial Services,34.0
MOBIKWIK,200.86,211.88,215.7,197.7,True,True,True,False,False,False,2.087940216751436,61.67733701800001,2.059871924878838,False,-0.006907853646277096,False,17.16,False,0.48548633508742156,6.0,-1.5,0,True,█▇▅▄▅▄▆▇▅▅▅▆▅▆▇▅▄▂▁▁,False,False,False,0,0.009397457158651257,0.0044506676001401235,0.04619294904943916,0.021491990736312028,UP,True,58,37.0,IGNORE,DISTRIBUTION,,RED,C,NO_DEPLOY,No standout factor,Commercial Services,28.1
KPITTECH,563.0,560.0,580.95,560.0,False,False,False,False,False,False,3.059057313217397,230.2789356,2.939250166315596,True,-0.14649741477669723,False,26.62,False,0.7217808627748705,13.0,-1.06,0,True,▂▄▁▄▇▇▅▇▁▆▁▁▄█▇▄▇▃▁▁,False,True,False,0,-0.056398223414061754,0.001066856330014243,-0.019602731523273853,0.018108179466186147,FLAT,True,56,37.0,IGNORE,NONE,,RED,C,NO_DEPLOY,No standout factor,Technology Services,21.0
UNITDSPR,1395.0,1395.1,1407.2,1384.3,True,False,False,True,False,True,0.9551653501719799,77.1229935,0.8883332356512627,False,0.1334116924970914,False,57.5,False,0.933290050316507,40.0,-0.07,0,True,▄▃▅▃▂▄▄▄▆█▂▅▄▃▂▄▁▆▃▃,False,False,False,6,-0.091796875,0.0012201248833705325,-0.0550013831092121,0.018261448019542437,FLAT,True,56,37.0,IGNORE,NONE,,RED,C,NO_DEPLOY,CMF positive,Consumer Non-Durables,28.4
PIDILITIND,1569.1,1579.0,1585.6,1566.0,True,False,False,True,False,True,0.3189760991106911,38.46052392,0.301796504212361,False,0.13328872105221423,False,58.99,False,0.9396154887625237,43.0,-0.1,0,True,▇▆▄▅▅▁█▇▅█▅▅▅▆▃▄▅▅▄▄,False,False,False,3,-0.07781369379958869,-0.008091535495290625,-0.04101820190880079,0.00894978764088128,FLAT,True,54,37.0,IGNORE,NONE,,RED,C,NO_DEPLOY,CMF positive,Process Industries,22.6
PARKHOSPS,280.0,279.2,286.0,275.0,False,False,False,True,False,True,0.99473766875498,14.798504,0.9857285719057951,False,0.09533327004604819,True,56.65,False,0.993859649122807,75.0,0.79,0,True,▄▅▄▅▆▇▁▄▃▄█▃▁▇▂▃▅▁▄▄,False,False,False,0,0.01449275362318847,-0.02710215427380125,0.05128824551397637,-0.010060831137629345,UP,False,50,37.0,IGNORE,NONE,,RED,C,NO_DEPLOY,CMF positive,Health Services,27.6
RANEHOLDIN,1669.0,1697.7,1699.9,1641.5,True,True,True,True,False,True,0.8440894568690096,2.4252239,0.8625797210208154,False,-0.1455644142254796,True,62.48,True,1.067204140369456,68.0,0.46,0,True,▆█▆▆█▆▇▅███▇▅▁▃▅▅▅▆▆,False,False,False,0,0.06448115313476621,-0.03581744656268049,0.10127664502555411,-0.018776123426508584,UP,False,48,37.0,IGNORE,NONE,,RED,C,NO_DEPLOY,No standout factor,Producer Manufacturing,24.3
UTIAMC,911.1,909.15,915.75,905.9,False,True,True,False,False,False,0.9721737441240479,9.985656,0.9939811185626083,False,0.10576270022506991,True,62.05,False,0.9808028199068988,75.0,0.53,0,True,▄▅▂▁▄▂▂▇▃▅▂█▅▃▁▄▂▂▃▃,False,False,False,0,0.018443997317236782,-0.07352043929225138,0.055239489208024684,-0.05647911615607948,UP,False,37,37.0,IGNORE,NONE,,RED,C,NO_DEPLOY,CMF positive,Finance,28.2
CUMMINSIND,5175.0,5020.0,5182.5,5020.0,False,False,False,True,False,True,0.8252534912783496,188.40105,0.8224883386059806,False,0.0664166802976856,True,51.39,False,0.8331171778743272,21.0,-0.66,0,True,▅▅▅▆▃▄▅▆▅█▆▇▂█▃▆▁▇▂▂,False,False,False,0,-0.03541472506989751,-0.08617340632173764,0.001380766820890389,-0.06913208318556574,UP,False,33,37.0,IGNORE,NONE,,RED,C,NO_DEPLOY,CMF positive,Producer Manufacturing,24.3
WEWORK,673.55,666.15,680.0,666.15,False,False,False,True,False,True,1.1445698194236071,20.531016389999998,1.13898504445958,True,-0.24887669077492405,True,57.35,True,1.0004971956421238,67.0,0.31,0,True,▂▂▄▃▃█▄▅▄▅▄▁▅▃▄▄▄▄▄▄,False,False,False,0,-0.03232526398965596,-0.08609226594301223,0.00447022790113194,-0.06905094280684032,UP,False,33,37.0,IGNORE,NONE,,RED,C,NO_DEPLOY,No standout factor,Finance,28.2
JARO,469.95,457.0,478.2,454.05,False,True,True,False,False,False,2.808725134165576,15.549423629999998,2.9115450897521633,True,-0.1274549038581038,True,18.99,False,0.7115424246398262,16.0,-1.13,0,False,▃█▄▆▄▃▇▂▄▅▁▁▂▄▁▂▁▃▂▂,False,False,False,0,0.054882154882154754,-0.08924418604651163,0.09167764677294266,-0.07220286291033973,UP,False,32,37.0,IGNORE,NONE,,RED,C,NO_DEPLOY,No standout factor,Technology Services,21.0
MASFIN,294.9,296.0,298.95,290.55,True,False,False,False,False,False,0.47948064214588026,4.13482239,0.474019921751889,False,0.05603101216694208,True,72.09,True,1.058194068300416,95.0,1.64,0,True,▅▅▄▂▃▂▃▅▂▃▁▂█▂▄▅▂▂▅▅,False,False,False,0,-0.026572041591021667,-0.08911196911196917,0.010223450299766235,-0.07207064597579727,UP,False,32,37.0,IGNORE,SEED,,RED,C,NO_DEPLOY,"Delivery P95, CMF positive",Finance,28.2
SANOFI,3131.0,3079.2,3159.8,3074.1,False,False,False,False,False,False,1.396073765615705,7.3478308,1.372067002898712,True,-0.22159496814132995,True,63.77,True,1.0271484831157536,79.0,0.76,0,True,▄▄█▅█▅▅▂▆▄▁▃▃▅▆▃▂▂▅▅,False,True,False,0,-0.034267912772585674,-0.09558335018342534,0.002527579118202228,-0.07854202704725344,UP,False,31,37.0,IGNORE,NONE,,RED,C,NO_DEPLOY,No standout factor,Health Technology,30.5
ICEMAKE,695.55,728.0,728.0,691.25,True,False,False,False,False,False,1.6841509953075087,2.299140525,1.6016576991084897,False,0.0863733556602398,True,59.6,True,1.0488064547350269,75.0,0.62,0,False,▁▃▆▇▅▆█▃▆▆▄▆▅▇▇▆▄▁▆▆,False,False,False,0,-0.04490216271884662,-0.09303690181249191,-0.008106670828058715,-0.07599557867632001,UP,False,31,37.0,IGNORE,NONE,,RED,C,NO_DEPLOY,CMF positive,Producer Manufacturing,24.3
CELLO,327.55,335.45,337.0,325.05,True,False,False,False,False,False,1.8774316748053124,12.51581652,1.7568282044017394,False,-0.33894964314275255,True,56.07,True,1.1258810064054938,60.0,0.19,0,True,▇▆▄▆▃█▁▄▅▅▅▅▇█▆▄▆█▇▇,False,False,False,0,-0.09666298952013241,-0.11016028253192067,-0.05986749762934451,-0.09311895939574877,UP,False,25,37.0,IGNORE,NONE,,RED,C,NO_DEPLOY,No standout factor,Consumer Durables,20.7
MARUTI,12611.0,12609.0,12692.0,12537.0,True,False,False,False,False,False,1.6086152392312947,663.7598074,1.5283414539559013,False,-0.1002191150115872,True,61.44,True,1.1128317982992364,79.0,0.77,0,True,▄▃▂▅▄▃▆▅▅█▄▆▂▅▆▅█▁▆▆,False,False,False,0,-0.09109909909909908,-0.12393192080583537,-0.05430360720831118,-0.10689059766966347,UP,False,21,37.0,IGNORE,NONE,,RED,C,NO_DEPLOY,No standout factor,Consumer Durables,20.7
TRITURBINE,546.9,567.1,569.65,535.65,True,False,False,False,False,False,3.532823912554953,99.56199650999999,3.360987339405186,False,-0.26282847461618297,True,60.17,True,1.2422962970609792,87.0,0.91,0,True,█▁▃▄▄▃▃▁▄▃▄▆▅▆▄▄▆▆▆▆,False,False,False,0,-0.060147791716789856,-0.14083732621160938,-0.023352299826001954,-0.12379600307543748,UP,False,17,37.0,IGNORE,SEED,,RED,C,NO_DEPLOY,No standout factor,Producer Manufacturing,24.3
AGIIL,264.15,272.95,274.85,255.8,True,False,False,False,False,False,0.33606769680206655,10.114171424999999,0.31162933598514947,False,-0.38333974041421665,True,58.56,True,1.6420840109920924,92.0,1.66,2,True,▆▄▄▃▅▅▂▃▃▄▄▅▄▆▃█▁▃▇▇,False,False,False,0,-0.09800239030220259,-0.2347914252607185,-0.06120689841141469,-0.2177501021245466,UP,False,4,37.0,IGNORE,SEED,DEL59% ▆▄▄▃▅▅▂▃▃▄▄▅▄▆▃█▁▃▇▇ P92 Z+1.7 2D,RED,C,NO_DEPLOY,"Delivery P92, 2D high delivery",Finance,28.2
BORORENEW,461.3,496.0,499.0,448.55,True,False,False,False,False,False,1.8470414916549136,33.212123840000004,1.6531780255556203,False,-0.4008955329449511,True,50.73,True,1.0385383079993857,76.0,0.67,0,True,▃▅▃▁▆▄▅▄█▅▅▄▂▄▃▅▅▃▅▅,False,False,False,0,-0.1815843165084715,-0.24234212039090086,-0.1447888246176836,-0.22530079725472896,UP,False,3,37.0,IGNORE,NONE,,RED,C,NO_DEPLOY,No standout factor,Process Industries,22.6
MARKSANS,312.85,330.0,331.4,301.1,True,False,True,True,False,True,0.99317199150374,71.813810235,0.945557812801403,False,-0.06114249542750411,True,43.07,True,1.2453555783660308,52.0,0.08,0,False,▁▂▃▄▄▂▇▆▅█▇▁▅▄▆▃▆▄██,False,False,False,6,-0.041807044410413385,0.19774119448698335,-0.005011552519625484,0.21478251762315526,FLAT,True,86,36.0,IGNORE,NONE,,RED,C,NO_DEPLOY,No standout factor,Health Technology,30.5
ROLEXRINGS,166.47,173.64,176.0,164.92,True,False,True,True,False,True,0.7001864664523134,18.352601679,0.6506502032946465,False,-0.16548575315471997,True,42.57,False,0.9580932661145121,40.0,-0.12,0,True,█▆▃▃▄▃▁▄▅▆█▅▅▆▄█▇▂▄▄,False,False,False,3,-0.05981023381904438,0.1795507687947282,-0.023014741928256477,0.1965920919309001,FLAT,True,84,36.0,IGNORE,NONE,,RED,C,NO_DEPLOY,No standout factor,Producer Manufacturing,24.3
APLAPOLLO,2119.3,2157.0,2160.0,2107.7,True,False,True,True,False,True,0.6897686841790711,91.96808315000001,0.6672090230749403,False,0.035265833563782996,False,45.68,False,0.8536642341222751,12.0,-1.12,0,True,▃▆▅▅▃▅█▁▅▆▁█▅▃▄▆▅▄▂▂,False,False,False,10,0.00203309692671394,0.16457852511264992,0.03882858881750184,0.18161984824882182,FLAT,True,83,36.0,IGNORE,NONE,,RED,C,NO_DEPLOY,CMF positive,Non-Energy Minerals,28.3
SHAILY,3181.8,3300.7,3326.5,3152.0,True,False,True,True,False,True,0.8978587421868666,34.5257118,0.8631202281174516,False,0.003710208622357533,False,52.22,True,1.124582750080758,80.0,0.84,0,True,▃▆▄▁▄▂▁▄▃▆▄▄▄▅▅▃█▆▆▆,False,False,False,2,-0.056881169042890534,0.13737265415549604,-0.020085677152102632,0.15441397729166795,FLAT,True,80,36.0,IGNORE,NONE,,RED,C,NO_DEPLOY,CMF positive,Process Industries,22.6
SHANTIGOLD,247.89,260.65,262.04,246.36,True,False,True,True,False,True,0.3799089183427732,22.020440535,0.36778383071274157,False,-0.14683109526433416,True,43.34,True,1.1220857227925283,46.0,-0.12,0,False,▄▂▄▁▃▃▂▂▆▃█▃▄▂▃▅▃▁▅▅,False,False,False,3,-0.023478432144967587,0.13815426997245162,0.013317059745820314,0.15519559310862352,FLAT,True,80,36.0,IGNORE,NONE,,RED,C,NO_DEPLOY,No standout factor,Consumer Durables,20.7
GUFICBIO,425.1,425.0,431.9,418.0,False,True,True,True,False,True,0.46474025239363587,2.5756383900000004,0.45782065125073856,False,-0.0017418350954576877,True,53.01,True,1.0995872140056837,53.0,0.07,0,False,▄▆▆▄▆▆█▆▅▃▅▁▄▆▄▅▅▆▆▆,False,False,False,5,0.008780256288561938,0.11750788643533139,0.04557574817934984,0.1345492095715033,FLAT,True,78,36.0,IGNORE,NONE,,RED,C,NO_DEPLOY,No standout factor,Health Technology,30.5
SIEMENS,3947.7,3932.0,4003.0,3911.8,True,False,True,True,False,True,1.0214734750523806,145.87501563,1.0021088743628288,False,-0.05141480088103468,True,27.0,False,0.5913919614500055,8.0,-1.41,0,True,▃▃▃█▂▄▇▅▆█▅▅▃▅▅▅▆▆▁▁,False,False,False,6,-0.017740731525255127,0.10868649422866294,0.019054760365532775,0.12572781736483485,FLAT,True,77,36.0,IGNORE,NONE,,RED,C,NO_DEPLOY,No standout factor,Producer Manufacturing,24.3
PNGJL,611.6,613.2,617.55,605.45,True,True,True,True,False,False,1.3101121923590155,40.063102640000004,1.3261558214614453,False,-0.02728295138430944,True,56.95,True,1.0228180928348856,80.0,0.67,0,True,▅▇█▅▃▅▆▄▅▇▂▅▄▁▂▇▄▅▅▅,False,False,False,0,0.006169285185489759,0.07354748113041953,0.04296477707627766,0.09058880426659144,FLAT,True,72,36.0,IGNORE,NONE,,RED,C,NO_DEPLOY,No standout factor,Retail Trade,31.1
AJANTPHARM,3510.4,3555.9,3555.9,3477.1,True,False,True,True,False,True,1.19378579768083,27.42254272,1.1718186196571612,False,-0.07984973768274004,True,54.82,True,1.091868744709456,50.0,0.03,0,True,▅▁▃▅▆▇▇█▆▆▅▇▃█▇▇▄▂▆▆,False,False,False,1,-0.05288150226635013,0.05910393724543672,-0.016086010375562232,0.07614526038160863,FLAT,True,70,36.0,IGNORE,NONE,,RED,C,NO_DEPLOY,No standout factor,Health Technology,30.5
PNBHOUSING,1145.0,1178.8,1178.9,1135.9,True,False,True,True,False,True,0.3965248846032774,36.850909,0.38887451307102205,False,0.027442853265684474,False,45.9,False,0.9185051778478162,37.0,-0.25,0,True,█▆▄▆▅▅▂▆▆▆▁▅█▄▆▅▆▆▄▄,False,False,False,12,-0.0006982021295164342,0.03181039920699291,0.03609728976127147,0.048851722343164816,FLAT,True,64,36.0,IGNORE,NONE,,RED,C,NO_DEPLOY,CMF positive,Finance,28.2
MSTCLTD,701.2,741.95,746.0,700.0,True,False,True,True,False,True,0.8820637238990439,27.190923240000004,0.8421442858024151,False,0.026825347329711313,False,32.66,False,0.7001522070015219,11.0,-1.2,0,True,█▅▅▅▆▆▄▇▆▅▇▇▄█▅▃▅█▁▁,False,False,False,8,-0.0004988953032569743,0.029284403669724846,0.03629659658753093,0.04632572680589675,FLAT,True,63,36.0,IGNORE,NONE,,RED,C,NO_DEPLOY,CMF positive,Retail Trade,31.1
BETA,2105.2,2101.0,2214.9,2079.1,True,False,False,True,False,False,1.5718013776384763,7.31620156,1.4802179600917085,False,-0.25217345389509666,True,43.08,False,0.8129298876277279,19.0,-0.94,0,True,▃▂▄▂▂▇▂▇▃▃▄▅▄▄▄▃▇█▁▁,False,True,False,0,-0.10607218683651809,0.017447199265381075,-0.06927669494573019,0.03448852240155298,FLAT,True,61,36.0,IGNORE,NONE,,RED,C,NO_DEPLOY,No standout factor,Health Technology,30.5
JASH,496.1,514.05,523.95,495.0,True,False,True,True,False,True,0.7552979807372276,4.6945943,0.759654228461135,False,0.01133414495835013,False,58.58,True,1.0974558806999137,66.0,0.47,0,True,▇▁▇▇▆▆▆▆█▆▅▆▆▁▃▄▄▄▆▆,False,False,False,0,0.04091481326059587,0.018058690744920947,0.07771030515138377,0.03510001388109285,UP,True,61,36.0,IGNORE,NONE,,RED,C,NO_DEPLOY,CMF positive,Producer Manufacturing,24.3
AARTIIND,468.7,492.7,494.5,466.1,True,False,False,True,False,True,1.0109993344896344,36.99289742,0.9074875068754941,False,-0.08861309562916754,False,55.29,True,1.2356687898089171,90.0,1.36,0,True,▁█▂▁▂▁▂▄▃▅▂▅▃▄▃▂▄▂▆▆,False,False,False,5,-0.11582720241463884,-0.020378304943045267,-0.07903171052385094,-0.0033369818068733625,FLAT,False,51,36.0,IGNORE,SEED,,RED,C,NO_DEPLOY,Delivery P90,Process Industries,22.6
VEEDOL,1382.5,1434.8,1439.7,1378.0,True,False,False,False,False,False,1.9293363370753902,2.11342775,1.7971739856066204,False,-0.4555727950886559,False,71.2,True,1.2019311928154226,96.0,1.73,0,True,▆▁▆█▄▅▄▄▁▄▁▂▃▂▆▄▅▅▇▇,False,False,False,3,-0.08522464103751737,-0.05984359061543698,-0.04842914914672947,-0.04280226747926508,FLAT,False,41,36.0,IGNORE,DISTRIBUTION,,RED,C,NO_DEPLOY,Delivery P96,Energy Minerals,25.9
DATAMATICS,766.25,764.5,857.5,755.5,False,False,False,False,False,False,23.011308466157168,106.77555825,22.539346453936187,True,-0.5140462815325407,False,49.42,True,1.03223919877184,78.0,0.78,0,True,▇▅▆▄██▇█▄▆█▇▁▆▇▄▂▅▆▆,False,False,False,0,-0.081179926854128,-0.10495269244247174,-0.0443844349633401,-0.08791136930629984,UP,False,27,36.0,IGNORE,NONE,,RED,C,NO_DEPLOY,No standout factor,Technology Services,21.0
SASKEN,1722.2,1749.9,1801.6,1714.0,True,False,False,True,False,False,3.3242145154364273,9.532377,3.065330628436107,False,-0.30348166354346207,False,62.44,True,1.0283013430168884,88.0,1.03,0,True,▅▄▄▄▅▆▇▂▃▁▅▆▃▅▇▃▅█▅▅,False,False,False,0,-0.11363870303654144,-0.12369612781763595,-0.07684321114575354,-0.10665480468146404,UP,False,21,36.0,IGNORE,DISTRIBUTION,,RED,C,NO_DEPLOY,No standout factor,Technology Services,21.0
TDPOWERSYS,725.5,814.15,817.55,720.1,True,False,False,False,False,False,3.6315638174520832,418.5737426,2.9266217541461437,False,-0.16880574631452497,False,45.69,True,1.010829526222055,65.0,0.32,0,True,▃▅▆▃▃▄▃▂▄█▁▆▄▆▄▁▂▄▄▄,False,True,False,0,-0.5427328879364679,-0.3526367448915857,-0.50593739604568,-0.3355954217554138,FLAT,False,1,36.0,IGNORE,DISTRIBUTION,,RED,C,NO_DEPLOY,No standout factor,Producer Manufacturing,24.3
TIL,232.5,232.3,237.15,227.05,False,False,True,False,False,False,0.19242702993719493,12.5384925,0.17440533300921804,False,0.37509899246836775,False,36.92,False,0.8683279043240001,9.0,-1.5,0,False,▅▇▇▇▅▇▇█▇█▃▁▂▂▃▄▄▄▆▄,False,False,False,5,0.0817475457125576,0.25533178554073754,0.1185430376033455,0.27237310867690945,FLAT,True,90,35.0,IGNORE,NONE,,RED,C,NO_DEPLOY,"CMF positive, RS leader",Producer Manufacturing,24.3
ASHIKAG,425.1,454.8,461.0,422.4,True,False,True,True,False,True,0.7270617154751092,14.93219013,0.6754530038038408,False,0.1048807162254723,False,0.0,False,0.0,,,0,False,,False,False,False,10,0.06447977964191809,0.21822610689210498,0.10127527153270599,0.23526743002827688,FLAT,True,88,35.0,IGNORE,NONE,,RED,C,NO_DEPLOY,CMF positive,Miscellaneous,33.3
MCX,3173.5,3265.0,3267.6,3156.4,True,False,True,True,False,True,0.7735130728957763,554.3285737,0.7589008118686481,False,0.09974897553814338,False,37.41,False,0.9443273466193786,39.0,-0.21,0,False,▅█▃▆▅▃▆█▄▇▁▇▂▃▃▃▆▇▄▄,False,False,False,8,0.04391447368421053,0.20062802663438273,0.08070996557499843,0.21766934977055463,FLAT,True,87,35.0,IGNORE,NONE,,RED,C,NO_DEPLOY,CMF positive,Finance,28.2
SHAREINDIA,197.2,204.28,207.36,193.06,True,True,True,True,False,True,0.7877793033806566,83.01297675999999,0.8010711745944059,False,-0.1584646604389107,False,10.65,False,0.2246503680891008,4.0,-2.14,0,True,▆▅▅▅▆▄▅▅█▇▆▆▅▇▆▆▁▁▂▂,False,False,False,4,0.10736747529200352,0.1958037717542902,0.14416296718279142,0.2128450948904621,FLAT,True,86,35.0,IGNORE,NONE,,RED,C,NO_DEPLOY,No standout factor,Finance,28.2
HERITGFOOD,393.85,419.5,419.95,391.3,True,True,True,True,False,False,0.6667466081153764,22.55618335,0.6746938288911494,False,0.40168061242412595,False,27.46,False,0.5775155893456155,1.0,-2.28,0,False,▇█▇▆▄▆▅▇▇▇▆▁▃▃▆▅▅▃▁▁,False,False,False,9,0.09524471635150156,0.19095857272452377,0.13204020824228946,0.20799989586069567,FLAT,True,86,35.0,IGNORE,NONE,,RED,C,NO_DEPLOY,CMF positive,Consumer Non-Durables,28.4
KMEW,2730.5,2869.2,2917.6,2699.0,True,False,True,True,False,True,0.8492233426733348,21.40466255,0.7963758627667554,False,0.07537581403010218,False,37.67,False,0.9499073291894141,65.0,0.45,0,False,▇▅█▆▆█▇▁▁▄▃▆▃█▇▃▅▆▄▄,False,False,False,6,0.008979380681398252,0.1952287152549792,0.045774872572186154,0.2122700383911511,FLAT,True,86,35.0,IGNORE,NONE,,RED,C,NO_DEPLOY,CMF positive,Producer Manufacturing,24.3
GIPCL,188.31,199.5,200.5,187.0,True,False,True,True,False,True,0.647018782996439,12.027585672,0.6224101589830499,False,0.2969104579405527,False,51.94,False,0.9654634001263986,39.0,-0.29,0,False,▇▆▇▅▃▂▁▂▂▅▃▃▂██▅▇▆▄▄,False,False,False,8,0.09718580667715448,0.18777595559480265,0.1339812985679424,0.20481727873097455,FLAT,True,85,35.0,IGNORE,NONE,,RED,C,NO_DEPLOY,CMF positive,Utilities,34.3
AKUMS,765.65,780.25,792.0,762.15,True,True,True,True,False,True,0.9890437479021513,26.418523554999997,0.9934437565982722,False,-0.2490471147200003,False,49.15,False,0.912127679317064,33.0,-0.29,0,True,▁▄▇▆▂▄▆▅▇▃▄█▅▄▄▇▄▇▃▃,False,False,False,13,0.028892024457434662,0.17819496806955448,0.06568751634822256,0.1952362912057264,FLAT,True,84,35.0,IGNORE,NONE,,RED,C,NO_DEPLOY,No standout factor,Health Technology,30.5
GLAXO,2818.9,2814.9,2840.8,2775.8,True,False,True,True,False,True,0.21263522356366144,11.22316846,0.20024410822224223,False,0.21043704521055168,False,42.4,False,0.8350072866201897,5.0,-1.79,0,False,▆▁▆▃▄█▂▆▇█▇▃▆▂▄▄▄▂▃▃,False,False,False,5,-0.020330854243414187,0.1713692083939331,0.016464637647373714,0.188410531530105,FLAT,True,83,35.0,IGNORE,NONE,,RED,C,NO_DEPLOY,CMF positive,Health Technology,30.5
CONCORDBIO,1473.0,1513.6,1527.1,1467.0,True,True,True,True,False,True,0.6604685766912383,14.292519,0.6444245477299102,False,-0.09757667049510023,False,45.02,False,0.9769647255406183,40.0,-0.24,0,True,▁▃▁▁▂▄▄▄▃▅▂▄▄▅▂█▅▅▃▃,False,False,False,3,-0.059206744587085636,0.1574728901461575,-0.022411252696297734,0.1745142132823294,FLAT,True,82,35.0,IGNORE,NONE,,RED,C,NO_DEPLOY,No standout factor,Commercial Services,28.1
EIMCOELECO,2242.2,2325.5,2348.8,2233.0,True,True,True,True,False,True,0.7234539089848308,5.93600028,0.7293723906517342,False,-0.023744720980232732,False,57.32,True,1.1693067186177213,76.0,0.63,0,False,▁▄▃▅▇█▃▅▃▁▄▃▄█▅▆▄▅▇▇,False,False,False,12,0.041092074105028464,0.16182185605471777,0.07788756599581637,0.17886317919088968,FLAT,True,82,35.0,IGNORE,NONE,,RED,C,NO_DEPLOY,No standout factor,Producer Manufacturing,24.3
GODREJAGRO,645.3,679.05,683.0,643.0,True,True,True,True,False,True,0.19987162552294274,13.582467989999998,0.20002604605184973,False,-0.04313966625704441,False,55.74,True,1.2761719420754396,77.0,0.65,0,False,▆▆▅▅█▂▄▅▆▅▁▃▄▅▅▆▅▆▆▆,False,False,False,10,0.09614404620349903,0.15026737967914428,0.13293953809428694,0.16730870281531618,FLAT,True,81,35.0,IGNORE,NONE,,RED,C,NO_DEPLOY,No standout factor,Process Industries,22.6
TITAN,4985.5,5010.0,5019.0,4968.0,True,False,True,True,False,True,0.8724519508614924,234.5956938,0.8567143364448362,False,0.09969304967218216,False,52.36,False,0.9318466973366911,28.0,-0.5,0,False,▅▄▅▃▃▄▅▅▇█▁▆▂▄▆▅▆▅▄▄,False,False,False,12,-0.0222592665228476,0.13342881826035558,0.014536225367940303,0.15047014139652748,FLAT,True,80,35.0,IGNORE,NONE,,RED,C,NO_DEPLOY,CMF positive,Consumer Durables,20.7
ACE,1132.1,1135.0,1141.5,1105.0,False,True,True,True,False,True,0.9481255439678516,37.65783477,0.9319645285382997,False,-0.17093797279177686,False,41.04,False,0.9172897039594998,23.0,-0.62,0,True,▁▂▅▄▇▄▆▅▅▆▇▄▄▂█▃▂▅▃▃,False,False,False,3,-0.04448008102633361,0.13414145461831284,-0.007684589135545705,0.15118277775448474,FLAT,True,80,35.0,IGNORE,NONE,,RED,C,NO_DEPLOY,No standout factor,Producer Manufacturing,24.3
ALEMBICLTD,100.51,105.3,106.49,100.0,True,False,True,True,False,True,0.2949957029222585,8.449101773,0.27667351240061194,False,-0.0056090832341057625,False,47.45,True,1.0375440054227802,27.0,-0.48,0,False,▆▇█▆▇▄▆▅▆▅▅▅▁▃▅▄▅▅▅▅,False,False,False,6,0.11839323467230445,0.10706024892609323,0.15518872656309235,0.12410157206226513,UP,True,77,35.0,IGNORE,NONE,,RED,C,NO_DEPLOY,No standout factor,Health Technology,30.5
AJAXENGG,581.6,585.05,598.0,575.3,True,True,True,True,False,True,1.1044949372151938,4.09510376,1.107372350070435,False,0.1555327890689036,False,57.43,True,1.0229873796524729,57.0,0.05,0,False,▇▄█▆▅█▁▅▅▅▅▅▅▃▄▃▆▅▅▅,False,False,False,0,0.04154727793696278,0.1078095238095238,0.07834276982775068,0.1248508469456957,FLAT,True,77,35.0,IGNORE,NONE,,RED,C,NO_DEPLOY,CMF positive,Producer Manufacturing,24.3
DECNGOLD,224.23,237.0,238.4,221.25,True,True,True,True,False,True,1.2640440798935983,52.75997362,1.2141531015367073,False,-0.1574729077504046,False,36.32,False,0.8497198404435763,36.0,-0.52,0,True,▂▆▅▁▅█▄▄▅▄▄▄▇▅▅▄▄▃▃▃,False,False,False,4,-0.076140249680689,0.09273879142300201,-0.0393447577899011,0.10978011455917391,FLAT,True,76,35.0,IGNORE,NONE,,RED,C,NO_DEPLOY,No standout factor,Non-Energy Minerals,28.3
HINDALCO,1020.8,1013.9,1032.4,1010.7,False,True,True,True,False,True,0.9274309909873888,317.74839712,0.9127613047865227,False,-0.027220447314085485,False,56.75,True,1.0559711212831677,62.0,0.42,0,True,█▅▃▆▆▇▅███▁▇▃█▆▅▅▇▇▇,False,False,False,0,-0.053500231803430776,0.08630413961902716,-0.016704739912642874,0.10334546275519907,FLAT,True,75,35.0,IGNORE,NONE,,RED,C,NO_DEPLOY,No standout factor,Non-Energy Minerals,28.3
DIFFNKG,427.25,449.0,459.25,423.25,True,False,True,True,False,True,0.3265355822140394,9.887889475,0.29352617501590456,False,0.24649041044250036,False,42.03,True,1.0260103260139877,25.0,-0.62,0,False,▆▅▆▇▅▆▇▆█▁▂▄▅▂▄▅▄▄▅▅,False,False,False,1,0.04589963280293752,0.07524852145463701,0.08269512469372542,0.09228984459080891,FLAT,True,72,35.0,IGNORE,NONE,,RED,C,NO_DEPLOY,CMF positive,Producer Manufacturing,24.3
AGARWALEYE,502.05,510.0,511.0,494.85,True,False,True,True,False,True,0.44171880191313934,9.828582645000001,0.4364302236240962,False,0.0615760829307883,False,49.84,False,0.8204722983595493,56.0,0.04,0,True,▅▃▂▅▅▁▆▆▂▄▁▃▁▂▄█▆▇▂▂,False,False,False,0,-0.0010943095901313482,0.062427256374986806,0.03570118230065655,0.07946857951115871,FLAT,True,70,35.0,IGNORE,NONE,,RED,C,NO_DEPLOY,CMF positive,Health Services,27.6
AFFLE,1536.4,1585.8,1588.9,1534.4,True,False,False,False,False,False,0.35608497387767973,20.38049964,0.3412401511298867,False,0.132154708913865,False,47.96,True,1.006336816484116,40.0,-0.23,0,True,▅▅▄▄▅▄▅▇▅▇▆▇█▁▂▃▄▄▅▅,False,False,False,4,-0.10220300356454148,0.043253887417668224,-0.06540751167375358,0.06029521055384013,FLAT,True,67,35.0,IGNORE,NONE,,RED,C,NO_DEPLOY,CMF positive,Technology Services,21.0
FINKURVE,72.68,75.0,76.83,70.3,False,True,True,False,False,False,1.885924852760543,2.82885096,1.8354543055640613,True,-0.11007030558622245,False,28.43,False,0.5772647438045057,13.0,-1.15,0,False,▄▄▄▅▇██▇▆▅▅▄▅▅▄▅▆▁▂▂,False,True,False,2,-0.0704693694845887,0.039771101573676804,-0.033673877593800805,0.05681242470984871,FLAT,True,66,35.0,IGNORE,NONE,,RED,C,NO_DEPLOY,No standout factor,Finance,28.2
WELSPLSOL,53.68,55.59,56.0,52.55,True,False,True,True,False,True,0.5014428209234053,4.0021124,0.49388157148358014,False,0.0533426365483262,False,49.32,True,1.0624272974020939,32.0,-0.33,0,False,▇▆█▁▆▆▅▅▆▇▅▆▅▄▆▆▅▅▆▆,False,False,False,1,0.10863279636513834,0.03210920976735254,0.14542828825592624,0.049150532903524446,UP,True,64,35.0,IGNORE,NONE,,RED,C,NO_DEPLOY,CMF positive,Non-Energy Minerals,28.3
DLF,659.0,670.2,672.1,654.7,True,False,False,True,False,False,6.165733685375342,1115.004935,6.0212810621261585,False,-0.028904516702921726,False,46.21,False,0.9382264859651795,45.0,-0.19,0,True,▃▁▄▃█▄▃▂▃▇▅▃▄▅▅▅█▃▃▃,False,False,False,9,-0.004155647903286708,0.015877909665484635,0.032639843987501194,0.03291923280165654,FLAT,True,60,35.0,IGNORE,DISTRIBUTION,,RED,C,NO_DEPLOY,No standout factor,Finance,28.2
ABCAPITAL,398.6,396.85,402.05,393.55,False,False,True,True,False,True,0.6931261964904657,82.63862892,0.6827611961760139,False,0.35873956303166726,False,44.2,False,0.8505970537011557,42.0,-0.26,0,True,▆▅▃▃▁█▄▄▃▆▂▅▄▄▆▆▄▃▂▂,False,False,False,0,-0.030052317800218886,0.013862393488490499,0.006743174090569015,0.030903716624662403,FLAT,True,60,35.0,IGNORE,NONE,,RED,C,NO_DEPLOY,CMF positive,Finance,28.2
CAPLIPOINT,2570.6,2750.2,2760.0,2555.0,True,False,False,True,False,True,0.8899482042467421,55.660173560000004,0.8412721356744666,False,0.3722157023118995,False,39.77,False,0.9969292473522593,21.0,-0.72,0,False,▇▇▇█▆▆█▇▆█▁▃▄▅▆▆▆▂▆▆,False,False,False,5,0.01616792505040121,0.0014804425744117111,0.05296341694118911,0.018521765710583615,UP,True,57,35.0,IGNORE,NONE,,RED,C,NO_DEPLOY,CMF positive,Health Technology,30.5
INDHOTEL,717.0,716.15,723.25,715.0,True,False,False,True,False,True,0.49791874940964476,55.219755,0.4928268572953687,False,0.2575785236866297,False,54.17,False,0.9092740243390683,31.0,-0.46,0,True,█▃▅▃▅▃▂▅▆▇▁▂▃▄▃▆▆▄▂▂,False,False,False,0,-0.00966850828729282,-0.0024347826086956736,0.02712698360349508,0.01460654052747623,UP,True,55,35.0,IGNORE,NONE,,RED,C,NO_DEPLOY,CMF positive,Consumer Services,29.2
AURUM,221.36,224.02,227.18,220.75,True,False,False,True,False,True,1.2387964099670679,2.6949694560000004,1.2014403304091084,False,-0.025726505723077938,False,71.41,True,1.210041599945776,88.0,1.01,0,True,▅▅█▅▄▇▆▃▇▁▄▄▃▇█▆▃▇██,False,True,False,0,-0.023296858453935587,-0.008199292082978538,0.013498633436852314,0.008842031053193367,UP,True,54,35.0,IGNORE,SEED,,RED,C,NO_DEPLOY,No standout factor,Technology Services,21.0
AKCAPIT,1715.0,1702.0,1715.0,1681.3,True,False,False,True,False,True,0.8883870967741936,0.2361555,0.878341609602493,False,-0.00704760812711675,True,98.86,True,1.2446100679210126,92.0,1.33,0,True,▄▅▄▄▇▃▄▄▃▃▁▅▃▅▆▇▆▄██,False,False,False,0,-0.017191977077363862,-0.030525720746184315,0.01960351481342404,-0.01348439761001241,UP,False,49,35.0,IGNORE,SEED,,RED,C,NO_DEPLOY,Delivery P92,Finance,28.2
AEGISLOG,1323.5,1365.3,1385.0,1320.0,True,True,True,True,False,True,0.8016047888603665,92.83942215,0.8005550670964797,False,0.010643416840841045,False,25.88,False,0.6980633327938717,17.0,-1.03,0,True,▁▃▅▄▇▆█▇██▆▆█▆█▅▃▅▃▃,False,False,False,1,-0.03231702858814067,-0.04350654043506541,0.004478463302647229,-0.026465217298893506,UP,False,46,35.0,IGNORE,NONE,,RED,C,NO_DEPLOY,CMF positive,Distribution Services,31.7
NH,1894.9,1899.0,1914.9,1878.9,False,True,False,True,False,True,1.0917375034471628,47.29746196,1.1027261328746667,True,-0.021120196764382048,True,58.75,True,1.0087482078622265,76.0,0.52,0,False,▆▆▆▆▅▅▄▅▆▆▅█▄▄▁▄▄▅▅▅,False,False,False,0,0.05097060454797564,-0.05373283395755302,0.08776609643876354,-0.03669151082138111,UP,False,43,35.0,IGNORE,NONE,,RED,C,NO_DEPLOY,No standout factor,Health Services,27.6
KIRLOSENG,2041.6,2183.6,2212.5,2030.0,True,False,False,True,False,False,1.6125097464288327,130.46558976,1.5212604070128268,False,0.03898376958001041,False,47.12,False,0.8782197040295225,56.0,0.2,0,True,▆█▅▆▅▆▁▆▆▇▆▆▅▄▄▃▆▃▃▃,False,False,False,0,-0.0395634379263301,-0.1005771179347108,-0.0027679460355422014,-0.0835357947985389,UP,False,29,35.0,IGNORE,NONE,,RED,C,NO_DEPLOY,CMF positive,Producer Manufacturing,24.3
XPROINDIA,1268.2,1294.7,1295.0,1259.9,True,True,True,True,False,False,0.325887023987695,6.873263540000001,0.3261432148015351,False,0.27826886083756674,True,46.93,False,0.8641134229423678,21.0,-0.63,0,False,▇▆▆▇▇▆▇▇█▆▅▁▃▅▆▆▄▂▅▅,False,False,False,0,0.16498254638985865,-0.09948164453596531,0.20177803828064655,-0.0824403213997934,UP,False,29,35.0,IGNORE,NONE,,RED,C,NO_DEPLOY,CMF positive,Process Industries,22.6
CMRGREEN,213.0,217.9,224.83,211.39,True,False,False,False,False,False,0.4736762891954862,5.9997414,0.4568643874418738,False,0.1642959193715869,True,51.08,True,1.0116754637010923,75.0,0.74,0,True,▃▂▅▄▃▅▅▆▅▆▂▃▃▃█▁▄▁▄▄,False,False,False,0,-0.011600928074245953,-0.0999366152545954,0.02519456381654195,-0.0828952921184235,UP,False,29,35.0,IGNORE,NONE,,RED,C,NO_DEPLOY,CMF positive,Producer Manufacturing,24.3
RAMCOSYS,567.8,598.0,600.95,564.85,True,False,False,True,False,False,0.36598381942411656,2.65860994,0.3612905758372175,False,0.05842417024933775,True,54.5,True,1.0822510822510822,88.0,0.93,0,True,█▄▂██▅▄▁▅▃▅▂▄▁▆▃▇▇▆▆,False,False,False,0,0.005845881310894585,-0.3548093858303506,0.042641373201682486,-0.3377680626941787,UP,False,1,35.0,IGNORE,SEED,,RED,C,NO_DEPLOY,CMF positive,Technology Services,21.0
63MOONS,864.0,911.7,914.25,858.1,True,True,True,True,False,True,0.7354968406580561,26.840592,0.751843621703872,False,0.010670805139544447,False,22.01,False,0.557144665232249,3.0,-1.96,0,True,▆▃▄▄▄▄▄▇▅▅█▆▄▅▆▆▆▃▁▁,False,False,False,0,0.14036824391209657,0.2123763418227742,0.17716373580288447,0.2294176649589461,FLAT,True,87,34.0,IGNORE,NONE,,RED,C,NO_DEPLOY,CMF positive,Technology Services,21.0
GSPCROP,472.0,471.25,486.45,465.0,False,False,False,True,False,False,0.8554464851171628,18.3615552,0.7196970105601421,False,-0.3008177242656447,True,38.78,True,1.1071933305734394,68.0,0.31,0,True,▁▂▃▂▄▃▂█▆▇▄▅▃▄▄▂▃▆▄▄,False,False,False,6,-0.1945392491467577,0.16557599703667125,-0.15774375725596979,0.18261732017284316,FLAT,True,83,34.0,IGNORE,NONE,,RED,C,NO_DEPLOY,No standout factor,Process Industries,22.6
DYNAMATECH,12071.0,12201.0,12277.0,11925.0,True,True,True,True,False,True,1.3899142762536638,27.3613357,1.4278051911428138,False,0.0031895270751310933,False,34.59,False,0.8682991728691025,41.0,-0.28,0,False,█▃▇▇▁▃▇▂▆█▇▇▃▂▆▃▅▅▃▃,False,False,False,7,0.02557349192863212,0.12131908964235949,0.06236898381942002,0.1383604127785314,FLAT,True,79,34.0,IGNORE,NONE,,RED,C,NO_DEPLOY,CMF positive,Producer Manufacturing,24.3
VISHNU,682.8,713.95,715.5,680.2,True,True,True,True,False,True,0.5543464479559262,7.03051848,0.556127701125701,False,0.0004353359047030204,False,49.83,False,0.9960023985608635,34.0,-0.4,0,False,▃█▇█▄▅▄▄▆▆▄▄▆▂▃▁▄▄▅▅,False,False,False,13,0.07105882352941162,0.12367316711922971,0.10785431542019952,0.14071449025540161,FLAT,True,79,34.0,IGNORE,NONE,,RED,C,NO_DEPLOY,CMF positive,Process Industries,22.6
EDELWEISS,127.4,133.0,133.14,125.1,True,False,True,True,False,True,1.0608059867815183,119.55628776000002,1.0240034057756715,False,0.001912011258284173,False,42.42,False,0.9492268790977646,26.0,-0.48,0,False,▇▇▅▅▆▂▆█▇▇▁▃▃▅▅▃█▅▅▅,False,False,False,6,0.0494233937397035,0.04033970276008492,0.0862188856304914,0.05738102589625682,UP,True,66,34.0,IGNORE,NONE,,RED,C,NO_DEPLOY,CMF positive,Finance,28.2
JSL,723.55,755.0,760.0,721.25,True,False,False,False,False,False,0.6389914520427259,39.611106525,0.6151439707244167,False,0.2853059178805321,True,60.31,True,1.0888935029294142,81.0,0.86,0,False,▄▆▆▇▆▅▅▅▅█▂▂▆▆▇▅▁▃▆▆,False,False,False,7,-0.012083560895685408,0.040405492846358415,0.024711930995102493,0.05744681598253032,FLAT,True,66,34.0,IGNORE,NONE,,RED,C,NO_DEPLOY,CMF positive,Non-Energy Minerals,28.3
VINCOFE,166.54,176.0,179.0,165.81,True,False,True,True,False,True,0.5934844177031394,35.44112759,0.5729741807473742,False,0.04437541789049452,False,34.32,False,0.9380252818585583,73.0,0.63,0,False,▅▄▂▆▇█▂▄▆▂▃▁▂▅▆▄▇▆▃▃,False,False,False,4,0.12405507559395246,0.033382973442541486,0.16085056748474036,0.05042429657871339,UP,True,64,34.0,IGNORE,NONE,,RED,C,NO_DEPLOY,CMF positive,Distribution Services,31.7
SENCO,336.4,348.95,351.0,335.15,True,False,False,False,False,False,0.5375953485899608,16.959168679999998,0.5047557452198124,False,0.12497478677459661,True,49.54,True,1.2320471530359738,78.0,0.69,0,True,▇▆▅▅▂▁▁▆▅▄▁▅▅▂▄▃▃▄██,False,False,False,0,-0.0010393466963624087,0.02796027501909837,0.03575614519442549,0.04500159815527027,FLAT,True,63,34.0,IGNORE,NONE,,RED,C,NO_DEPLOY,CMF positive,Consumer Durables,20.7
BENGALASM,6309.0,6311.0,6349.0,6111.5,False,True,True,True,False,True,0.3926964805504102,0.2340639,0.39534717938059133,False,-0.27967263346060395,True,76.74,False,0.9751634485256276,65.0,0.46,0,True,▆▇▁▃▅█▂▇▆▄▄▂▄▁▂▆▇▅▄▄,False,False,False,2,0.01733451584294121,0.01758064516129032,0.05413000773372911,0.034621968297462224,UP,True,61,34.0,IGNORE,NONE,,RED,C,NO_DEPLOY,No standout factor,Consumer Durables,20.7
HARSHA,424.7,446.0,451.95,423.3,True,False,False,True,False,True,0.6435589333960853,4.37878441,0.6102409579988554,False,0.06480709764957417,False,54.89,True,1.0380989305065673,40.0,-0.2,0,False,█▄▄▁▅█▇█▅▄▂▄▅██▅▇▇▆▆,False,False,False,13,-0.0268102658111824,-0.022554660529344073,0.009985226079605503,-0.0055133373931721685,UP,False,50,34.0,IGNORE,NONE,,RED,C,NO_DEPLOY,CMF positive,Producer Manufacturing,24.3
POWERICA,532.0,572.1,572.1,530.0,True,False,False,True,False,False,0.9943214123265863,8.9315352,0.9795851364469805,False,0.05346540249523602,False,53.71,True,1.0254403131115462,63.0,0.26,0,True,█▇▇▇▄▁▅█▆▅▇█▇▄▄▆▅▄▆▆,False,False,False,0,-0.04915102770330648,-0.032815198618307395,-0.012355535812518581,-0.01577387548213549,UP,False,48,34.0,IGNORE,NONE,,RED,C,NO_DEPLOY,CMF positive,Producer Manufacturing,24.3
APOLLO,386.6,424.35,424.6,384.0,True,False,False,True,False,True,1.6951014757414595,369.62744814,1.6388711868376644,False,-0.04712271499230469,False,29.11,False,0.9713046379713046,46.0,-0.18,0,True,▆▄▄▂▁▁▃▆▇▄▆▄▃▆█▄▄▃▄▄,False,False,False,0,-0.003222895449271679,-0.03675096549146628,0.03357259644151622,-0.019709642355294377,UP,False,47,34.0,IGNORE,DISTRIBUTION,,RED,C,NO_DEPLOY,No standout factor,Electronic Technology,25.8
USHAMART,480.25,493.0,494.4,477.5,True,False,False,True,False,True,0.7514755635150285,29.042878625,0.7219426083423421,False,-0.24363075878655593,False,70.54,True,1.2524969149228953,100.0,2.05,0,True,▄▅▆▇▅▆▃▄▅▆▆█▃▁▅▃▅▇██,False,False,False,2,-0.03718925421010422,-0.053041506457655485,-0.00039376231931631533,-0.03600018332148358,UP,False,43,34.0,IGNORE,SEED,,RED,C,NO_DEPLOY,Delivery P100,Producer Manufacturing,24.3
ZENSARTECH,440.2,430.0,479.9,430.0,False,False,False,False,False,False,59.88972085917641,1849.5919936599998,57.1049163976298,True,-0.5210680150083049,False,36.06,False,0.8908432871771433,24.0,-0.64,0,True,█▅▂▆▄▆▄▆▇▇▃▁▁▆▆▇▆▆▃▃,False,True,False,0,-0.0921839554547329,-0.05879837502672658,-0.055388463563945,-0.041757051890554675,FLAT,False,42,34.0,IGNORE,NONE,,RED,C,NO_DEPLOY,No standout factor,Technology Services,21.0
SGFIN,629.75,665.0,666.0,625.0,True,False,False,True,False,True,1.4651261015773067,17.126492075,1.3490774571092978,False,-0.31873838434496754,False,63.41,True,1.18934633780362,90.0,1.09,0,True,▆▂▆▅▃▂█▆█▄▄▁▁▅▄▅▄▄██,False,False,False,1,-0.057895130525843386,-0.06745150303568781,-0.021099638635055484,-0.050410179899515906,UP,False,39,34.0,IGNORE,SEED,,RED,C,NO_DEPLOY,Delivery P90,Finance,28.2
KIRLOSBROS,1728.0,1789.3,1796.9,1719.9,True,False,False,False,False,False,2.4893929389831824,13.8443904,2.2772073833871644,False,-0.2060084409406449,False,61.21,True,1.2342218816792354,98.0,1.85,0,True,▂▁▂▂▂▄▃▃▅█▃▁▃▃▃▁▅▅▆▆,False,False,False,0,-0.0952879581151832,-0.06906583342312256,-0.0584924662243953,-0.052024510286950654,FLAT,False,39,34.0,IGNORE,DISTRIBUTION,,RED,C,NO_DEPLOY,Delivery P98,Producer Manufacturing,24.3
ARVSMART,564.15,581.0,586.1,554.1,True,False,False,False,False,False,3.3053602662244734,13.134483885,2.827052425421808,False,-0.16955051578569064,False,54.0,True,1.0414155537341498,58.0,0.27,0,True,▁▃▄▇▁▆▄▆▁▃▇▆▇▆▄█▆█▆▆,False,False,False,3,-0.15235519495154382,-0.07097571016879378,-0.11555970306075591,-0.05393438703262188,FLAT,False,38,34.0,IGNORE,DISTRIBUTION,,RED,C,NO_DEPLOY,No standout factor,Finance,28.2
COCKERILL,8250.0,8115.0,8885.0,8115.0,False,False,False,True,False,False,4.589940144912318,28.8486,4.655461477641788,True,-0.20166549495550576,False,46.0,False,0.9190441940382003,50.0,-0.0,0,True,▄▇▄▃▅█▇▄█▁▆▆▆▇▂▄▅▆▄▄,False,False,False,0,-0.018674913762340872,-0.0792410714285714,0.01812057812844703,-0.06219974829239949,UP,False,36,34.0,IGNORE,NONE,,RED,C,NO_DEPLOY,No standout factor,Non-Energy Minerals,28.3
STARHEALTH,540.8,562.7,565.0,537.0,True,False,False,True,False,True,3.1213764981906618,47.226441599999994,2.9591882253877784,False,-0.08779874699948909,False,61.76,True,1.1237774644043124,69.0,0.51,0,False,█▆▅▅▄▃▆█▆▆▁▅▅▅▆▆▇▅▇▇,False,False,False,0,-0.07381400924815895,-0.08300127172530736,-0.03701851735737105,-0.06595994858913545,UP,False,34,34.0,IGNORE,DISTRIBUTION,,RED,C,NO_DEPLOY,No standout factor,Finance,28.2
EQUITASBNK,71.35,73.04,73.55,71.05,True,False,False,True,False,True,1.1437632238964819,12.48321049,1.0946571864547934,False,-0.20604368564735967,False,64.19,True,1.124906900328587,95.0,1.49,0,True,█▆▁▃▄▆▅▇▄▄▃▃▅▅▃▅▃▃▆▆,False,False,False,0,-0.0626642143983186,-0.09957092377587073,-0.025868722507530695,-0.08252960063969883,UP,False,29,34.0,IGNORE,SEED,,RED,C,NO_DEPLOY,Delivery P95,Finance,28.2
VENTIVE,563.15,580.0,582.0,561.0,True,False,False,False,False,False,2.5893752034106603,4.502891085,2.5164906929402724,False,-0.033044284661293874,False,77.03,True,1.2097939439628094,94.0,1.65,0,True,▃▂▄▄▂▁▄▄▁▂▄▃█▂▁▅▄▆▅▅,False,False,False,0,-0.0385009390472939,-0.1007584830339322,-0.0017054471565060014,-0.0837171598977603,UP,False,29,34.0,IGNORE,DISTRIBUTION,,RED,C,NO_DEPLOY,Delivery P94,Consumer Services,29.2
ASTRAMICRO,1593.8,1688.5,1688.5,1581.0,True,False,False,True,False,True,1.5583287361649798,79.19305316,1.4569355678195328,False,-0.2445138011672588,False,51.15,True,1.0687979940448205,76.0,0.67,0,True,▅▆▇▆▆▃▅▅▅▇▃█▄▅▄▁▄▆▆▆,False,False,False,0,-0.0982233789747653,-0.10571204129727307,-0.061427887083977395,-0.08867071816110117,UP,False,27,34.0,IGNORE,DISTRIBUTION,,RED,C,NO_DEPLOY,No standout factor,Electronic Technology,25.8
RAYMONDREL,584.0,600.05,615.0,575.0,False,True,False,False,False,False,7.26803873017943,158.8388896,7.650759401089815,True,-0.1456851238929033,False,37.47,False,0.8363465916700147,23.0,-0.81,0,True,▂▂▃▆▂▇▂▃▄▆█▆▅▅▄▁▄▅▁▁,False,False,False,0,0.01038062283737018,-0.1308877148597366,0.04717611472815808,-0.1138463917235647,UP,False,19,34.0,IGNORE,NONE,,RED,C,NO_DEPLOY,No standout factor,Finance,28.2
SPAL,973.8,1023.0,1027.9,965.3,True,False,False,True,False,False,0.48553760870093765,5.25063222,0.467666744910206,False,0.09013033388605125,False,61.34,True,1.3741962945538455,84.0,0.98,0,True,▄▆█▄▆▄▆▆▁▃▅▅▅▅▆▆▆▄██,False,False,False,0,0.02241587484907326,-0.15432045158488927,0.05921136673986116,-0.13727912844871737,UP,False,14,34.0,IGNORE,NONE,,RED,C,NO_DEPLOY,CMF positive,Consumer Non-Durables,28.4
BAJAJCON,503.8,517.0,529.8,496.8,True,False,False,True,False,False,0.8640126377705206,41.54717688,0.8841093100317343,False,0.07269159465077606,False,58.55,True,1.1897383794767589,90.0,1.18,0,False,▃▂▅▅▇▃▃█▃▃▂▄▁▃▆▅▅▃▆▆,False,False,False,0,0.04080157008573493,-0.18774687625957276,0.07759706197652283,-0.17070555312340085,UP,False,8,34.0,IGNORE,SEED,,RED,C,NO_DEPLOY,"Delivery P90, CMF positive",Consumer Non-Durables,28.4
PRECAM,113.69,117.06,118.17,112.4,True,False,False,False,False,False,2.1694591298355874,2.784756967,1.9759002329512854,False,-0.40533341823783586,False,56.16,True,1.1033398821218074,93.0,1.42,0,True,▃▅█▇▂▃▅▅▂▃▆▃▃▄▁▆▅▆▆▆,False,False,False,0,-0.14621507960348457,-0.22942930730649314,-0.10941958771269666,-0.21238798417032123,UP,False,4,34.0,IGNORE,DISTRIBUTION,,RED,C,NO_DEPLOY,Delivery P93,Producer Manufacturing,24.3
DPABHUSHAN,1337.5,1344.8,1359.9,1330.0,True,False,False,True,False,False,0.6968542240959948,2.52907875,0.642063442998811,False,-0.1598196262707962,False,52.75,True,1.0071887500358006,62.0,0.37,0,True,▅▅▄█▄▅▄▅▆▆▅▆▆▁▂▆▇▇▅▅,False,False,False,3,-0.08214383749656884,0.3952639265595661,-0.04534834560578094,0.412305249695738,FLAT,True,95,33.0,IGNORE,NONE,,RED,C,NO_DEPLOY,RS leader,Retail Trade,31.1
VINDHYATEL,2617.7,2833.0,2842.4,2600.0,True,False,True,True,False,True,1.1180902206492378,26.19427682,1.1021002441030923,False,-0.07331335252243369,False,37.81,False,0.9803718204682761,22.0,-0.87,0,False,▆▇█▆▂▆▆▆▄▃▂▂▂▃▁▁▂▃▄▄,False,False,False,8,0.053103753469847526,0.34303011646400905,0.08989924536063543,0.36007143960018095,FLAT,True,94,33.0,IGNORE,NONE,,RED,C,NO_DEPLOY,RS leader,Industrial Services,34.0
RBA,95.23,98.05,99.46,94.27,True,False,True,True,False,True,0.5782410471090536,26.853707717000002,0.5384438091302431,False,-0.13245448925583608,False,37.23,False,0.9226194163930364,8.0,-1.58,0,False,▂▃▂▁▄▁▅▅▁▄▅▂▃▅▆█▄▅▃▃,False,False,False,3,-0.10447620838818883,0.3088235294117647,-0.06768071649740093,0.3258648525479366,FLAT,True,92,33.0,IGNORE,NONE,,RED,C,NO_DEPLOY,RS leader,Consumer Services,29.2
TATVA,1547.3,1604.0,1618.0,1540.0,True,False,False,True,False,True,0.8509347099615988,6.5521965799999995,0.8026130476011623,False,-0.3253055839631937,False,57.42,True,1.187344913151365,96.0,1.42,0,True,▅▄▅▆▅▆▅▁▆▃█▃▅▆▆▅▅▂▇▇,False,False,False,0,-0.0732510781025395,0.24752076110618404,-0.0364555862117516,0.26456208424235594,FLAT,True,89,33.0,IGNORE,SEED,,RED,C,NO_DEPLOY,Delivery P96,Process Industries,22.6
SGMART,722.1,750.75,753.05,716.15,True,False,False,True,False,True,0.5671732288081179,14.31989289,0.5089622127845458,False,-0.3146497373812829,False,57.69,True,1.1902575899811216,54.0,0.08,0,True,▄▁▂▄▄▂▃▆▇█▃▄▄▃▅▄▇▄▆▆,False,False,False,7,-0.10292564755574884,0.1975124378109454,-0.06613015566496094,0.2145537609471173,FLAT,True,86,33.0,IGNORE,NONE,,RED,C,NO_DEPLOY,No standout factor,Utilities,34.3
JUSTDIAL,661.85,668.0,669.95,646.85,True,False,False,True,False,False,0.5546835223912354,9.903791029999999,0.5284062518495772,False,0.030759802772331136,True,50.49,True,1.1962612393825596,75.0,0.54,0,True,▇▅▃▅█▇▇▆▄▁▃▄▃▄▅▆▆▇▇▇,False,False,False,0,0.0008316951459248489,0.19262996666366328,0.03762718703671275,0.20967128979983518,FLAT,True,86,33.0,IGNORE,NONE,,RED,C,NO_DEPLOY,CMF positive,Technology Services,21.0
SAPPHIRE,222.37,225.95,228.79,221.51,True,False,True,True,False,False,0.3972824495267575,8.888039952,0.3709658089722884,False,-0.22137767010188175,False,50.39,True,1.1704450432035678,55.0,0.15,0,True,▃▁▄▁▂▄▂▂▁▃▂▃▁▄▃▂█▄▄▄,False,False,False,6,-0.04146730462519943,0.17730834392206707,-0.004671812734411529,0.19434966705823897,FLAT,True,84,33.0,IGNORE,NONE,,RED,C,NO_DEPLOY,No standout factor,Consumer Services,29.2
DEVYANI,136.22,138.5,139.95,135.56,True,False,True,True,False,False,0.7825717393603611,28.952008092000003,0.7384639742543047,False,-0.04533440566912186,False,58.49,True,1.423045107294049,88.0,0.99,0,True,▄▄▅▄▇▇▄▁▂▆▃▇▄▃▆▆▅▄██,False,False,False,5,-0.04131184460553172,0.17057660909169026,-0.004516352714743821,0.18761793222786216,FLAT,True,83,33.0,IGNORE,SEED,,RED,C,NO_DEPLOY,No standout factor,Consumer Services,29.2
PERSISTENT,5477.5,5654.0,5759.0,5456.5,True,False,True,True,False,False,1.7560166025337467,444.92472675,1.7079804119034157,False,-0.005096635893099737,False,30.0,False,0.797225654721569,6.0,-1.45,0,False,█▃▄▆▅▄▃▄▄▇▁█▃▂▆▅▄▂▂▂,False,False,False,8,0.006430868167202508,0.12133557156894859,0.04322636005799041,0.1383768947051205,FLAT,True,79,33.0,IGNORE,DISTRIBUTION,,RED,C,NO_DEPLOY,No standout factor,Technology Services,21.0
AYMSYNTEX,269.1,278.65,284.55,268.0,True,False,True,True,False,False,0.3721658317870161,1.9653987600000002,0.34322377189353404,False,0.17762170403933444,False,71.34,True,1.3681606351763422,83.0,1.01,0,False,▆▅▆▆▆▆▃▃▅▂▂▁▄▄▇▄▇███,False,False,False,6,-0.006644518272425071,0.12485892237595642,0.03015097361836283,0.14190024551212832,FLAT,True,79,33.0,IGNORE,NONE,,RED,C,NO_DEPLOY,CMF positive,Process Industries,22.6
JINDALSTEL,1146.4,1139.6,1158.0,1130.6,False,True,True,True,False,True,0.7580340671668104,65.98930608,0.7594197488009682,False,0.0933543341022026,False,25.46,False,0.609929927531892,2.0,-1.82,0,False,▇▅▃▅▅▃▃▇▂█▃█▆▆▂▅▄█▁▁,False,False,False,2,0.03093525179856127,0.11430793157076224,0.06773074368934917,0.13134925470693415,FLAT,True,78,33.0,IGNORE,NONE,,RED,C,NO_DEPLOY,CMF positive,Non-Energy Minerals,28.3
VIMTALABS,616.0,637.9,642.0,613.0,True,False,True,True,False,False,0.44915380701108826,7.4626552,0.43161781097990604,False,-0.08991307171078174,False,46.14,True,1.1870337020838695,87.0,1.07,0,True,▆▆▅▇▇▄▅█▄▁▄▅▅▆▆▆▅▆▆▆,False,False,False,3,-0.00837089504185451,0.11382334327818477,0.028424596848933392,0.13086466641435668,FLAT,True,78,33.0,IGNORE,SEED,,RED,C,NO_DEPLOY,No standout factor,Commercial Services,28.1
APOLLOPIPE,520.2,553.15,554.15,516.45,True,False,False,True,False,False,1.0195744982018426,21.13307298,0.8595407057009062,False,0.1977557130307441,False,48.27,True,1.2174790339870105,64.0,0.39,0,False,▆▅█▅▅▁▄▄▅▄█▅▄▇▇▆▅▆▇▇,False,False,False,5,-0.05641211681480118,0.0997885835095138,-0.01961662492401328,0.11682990664568571,FLAT,True,76,33.0,IGNORE,NONE,,RED,C,NO_DEPLOY,CMF positive,Producer Manufacturing,24.3
EICHERMOT,7770.0,7687.0,7784.5,7664.5,False,False,False,True,False,True,0.7369486009273214,237.627579,0.7245603323869637,False,-0.016795554165274507,False,62.66,True,1.0478961803465112,84.0,0.93,0,True,▆▆▆▆▄▆▆▇▅█▁▃▅█▅▇▅▄▆▆,False,False,False,12,-0.03466269101751773,0.08838772937386197,0.0021328008732701687,0.10542905251003387,FLAT,True,75,33.0,IGNORE,NONE,,RED,C,NO_DEPLOY,No standout factor,Consumer Durables,20.7
GHCLTEXTIL,119.62,131.8,132.08,118.11,True,False,False,True,False,True,1.6958425504703343,15.582119870000001,1.534644061941704,False,-0.10742956072932001,False,50.72,False,0.9773110458114552,19.0,-0.78,0,False,▄▅▄▆▂▅▆▆█▂▁▃▆▄▆█▅▇▅▅,False,False,False,6,-0.06503048303892445,0.08038294797687873,-0.028234991148136546,0.09742427111305063,FLAT,True,73,33.0,IGNORE,DISTRIBUTION,,RED,C,NO_DEPLOY,No standout factor,Process Industries,22.6
GNFC,540.6,564.2,564.3,540.0,True,False,False,True,False,True,0.7943267417769766,26.279214720000002,0.7298143958155567,False,-0.25934239145546395,False,59.57,True,1.1911260410105675,91.0,1.33,0,True,▂▃▅▆▁▁▆▅▃▇▃▂▄▄▇█▁▅▇▇,False,False,False,1,-0.11340713407134062,0.05287759275489323,-0.07661164218055272,0.06991891589106514,FLAT,True,68,33.0,IGNORE,SEED,,RED,C,NO_DEPLOY,Delivery P91,Process Industries,22.6
SUVEN,333.45,356.35,363.95,327.1,True,False,False,True,False,True,1.0157005534704822,29.03089059,0.9102135868801211,False,-0.09586706278335734,False,55.45,True,1.437180068683989,81.0,0.86,0,True,▁▃▁▂▃▄▂▃▄▂▃▄▁▅▃▆▆▅██,False,False,False,6,-0.018976169461606296,0.04415218412400179,0.017819322429181605,0.061193507260173696,FLAT,True,67,33.0,IGNORE,NONE,,RED,C,NO_DEPLOY,No standout factor,Health Technology,30.5
SUPRIYA,874.95,904.5,912.75,866.25,True,True,True,True,False,False,0.5937781772507148,14.542806435,0.6089020355775806,False,0.17407224111306252,False,42.86,False,0.9688831620946503,33.0,-0.39,0,False,▄▇▄▅▆▅█▅▄▆▇▁▅▆▁▅▅▄▅▅,False,False,False,0,0.09143641239942624,0.0386396011396013,0.12823190429021414,0.0556809242757732,UP,True,66,33.0,IGNORE,NONE,,RED,C,NO_DEPLOY,CMF positive,Health Technology,30.5
INDIANB,851.05,858.95,866.7,850.55,True,False,False,True,False,True,1.4690037327724939,122.95400196499999,1.4162649966044352,False,-0.18539783977299268,False,48.98,True,1.0337695230054875,66.0,0.32,0,True,▄▁▅▃▄█▂▄▆█▆▃▂▅▇▆▆▄▅▅,False,False,False,6,-0.0512263099219622,0.03666483951519561,-0.014430818031174297,0.05370616265136752,FLAT,True,65,33.0,IGNORE,NONE,,RED,C,NO_DEPLOY,No standout factor,Finance,28.2
SBFC,94.43,98.0,98.75,94.01,True,False,False,False,False,False,0.21349502286971625,5.9565405270000005,0.20402586318981975,False,0.10657813636273399,False,50.32,True,1.0768703989042974,48.0,-0.04,0,False,▆▁▆▅▅▅▂▃▅▅█▂▄▃▄▄▄▄▅▅,False,False,False,5,0.008113590263691739,0.02097524056654776,0.04490908215447964,0.03801656370271966,UP,True,62,33.0,IGNORE,NONE,,RED,C,NO_DEPLOY,CMF positive,Finance,28.2
CHOLAFIN,1827.9,1828.4,1843.4,1809.0,False,False,True,True,False,True,1.1330836697155846,177.47793981,1.1142048849934088,True,0.061853604818356084,False,53.11,False,0.9065847309350061,25.0,-0.56,0,False,▇▇▆▆▆▄▄▆▇▇▁▇▆▇▆▆██▅▅,False,False,False,1,-0.04677722152690855,0.01364165696223596,-0.009981729636120651,0.030682980098407864,FLAT,True,60,33.0,IGNORE,NONE,,RED,C,NO_DEPLOY,CMF positive,Finance,28.2
FIVESTAR,541.95,558.0,558.0,536.35,True,True,True,True,False,False,0.8875099309507346,27.836882385000003,0.9106211049856575,False,0.21513353739937685,False,29.12,False,0.5951055024779033,10.0,-1.42,0,False,▅▅▅▇▇▅▁▅▇█▇▆▆▆██▇▇▂▂,False,False,False,0,0.012328383300644452,-0.01203171998906194,0.049123875191432353,0.0050096031471099645,UP,True,53,33.0,IGNORE,NONE,,RED,C,NO_DEPLOY,CMF positive,Finance,28.2
SUPRAJIT,480.05,490.45,495.0,475.2,True,False,False,True,False,True,1.6675466863947972,5.44271089,1.6019745691761214,False,-0.10801017409881172,False,50.12,False,0.8412360059752598,43.0,-0.07,0,True,▅▆▅▄▅▄▄▇▅▁▆█▅▅▄▄▆▆▂▂,False,False,False,0,-0.09046987495263348,-0.014675697865352944,-0.053674383061845576,0.0023656252708189607,FLAT,True,52,33.0,IGNORE,DISTRIBUTION,,RED,C,NO_DEPLOY,No standout factor,Producer Manufacturing,24.3
KRISHANA,177.2,180.9,183.0,173.29,True,False,False,False,False,False,0.9081436487241844,12.406835199999998,0.8359741946060667,False,0.032517499922053786,False,51.67,True,1.0644938658206204,48.0,-0.09,0,True,▃▂▁▁▄▁▆▅▃▃▂▅▇█▇█▅▇▆▆,False,False,False,0,-0.06756472321616502,0.36939721792890245,-0.030769231325377122,0.38643854106507436,FLAT,True,94,32.0,IGNORE,NONE,,RED,C,NO_DEPLOY,"CMF positive, RS leader",Process Industries,22.6
AVTNPL,86.24,89.4,90.19,84.54,True,False,True,True,False,True,0.7201027945928314,2.4121845439999996,0.6939949156742444,False,-0.11100935576998316,True,57.07,True,1.087886846043138,40.0,-0.16,0,False,▅▄▄██▆█▅█▆▆▇▁▆▇▆▄▆▇▇,False,False,False,8,-0.013836477987421492,0.22639362912400451,0.02295901390336641,0.24343495226017642,FLAT,True,89,32.0,IGNORE,NONE,,RED,C,NO_DEPLOY,No standout factor,Consumer Non-Durables,28.4
ADOR,1548.2,1604.0,1620.0,1541.3,True,False,True,True,False,True,0.4975961404544771,4.83998284,0.46856126617010085,False,0.01260567240251799,False,55.37,True,1.1247549691743601,51.0,-0.01,0,False,▇▅▄▅▄▆█▆▄▁▄▄▇▆▆▆▃█▇▇,False,False,False,6,-0.00902515521986813,0.1875431464293933,0.02777033667091977,0.2045844695655652,FLAT,True,85,32.0,IGNORE,NONE,,RED,C,NO_DEPLOY,CMF positive,Producer Manufacturing,24.3
PNGSREVA,498.0,517.15,518.0,488.85,True,False,True,True,False,False,1.144400234805274,11.378553,1.045442602343182,False,-0.17004224117389688,True,52.93,True,1.131998802343984,63.0,0.2,0,True,▁▁▄▅▅▆▄▄▄▃▄▆▆█▂▃▃▇▅▅,False,False,False,0,-0.13541666666666663,0.1728685821950069,-0.09862117477587873,0.1899099053311788,FLAT,True,84,32.0,IGNORE,NONE,,RED,C,NO_DEPLOY,No standout factor,Consumer Durables,20.7
HYUNDAI,2177.6,2187.6,2195.5,2170.6,True,False,True,True,False,False,0.6820491881731418,104.43377631999999,0.6727786330006619,False,-0.10206039009398607,True,49.58,False,0.9022830053048708,31.0,-0.44,0,True,▃▅▅▆▇▅▇▅▅▅▁▂▅▃▆█▆▄▃▃,False,False,False,7,-0.00973169622555714,0.0924049362897561,0.02706379566523076,0.109446259425928,FLAT,True,76,32.0,IGNORE,NONE,,RED,C,NO_DEPLOY,No standout factor,Consumer Durables,20.7
STEL,597.9,611.1,611.1,581.5,True,False,True,True,False,True,0.551215157956731,0.17907105,0.5326873307023404,False,0.03594528970795424,False,65.4,True,1.0271148908101486,69.0,0.58,0,False,▅▇█▄▇▅▂▅▆▂▂▂▂▇▁▃▁▃▄▄,False,False,False,6,0.020133083091622428,0.0993840213294106,0.05692857498241033,0.1164253444655825,FLAT,True,76,32.0,IGNORE,NONE,,RED,C,NO_DEPLOY,CMF positive,Finance,28.2
LUMAXIND,5766.5,5879.5,5943.0,5710.5,True,False,False,True,False,True,0.6104177364978008,7.09452495,0.5769222627129366,False,0.004761395130006937,False,46.01,True,1.011331040015826,69.0,0.5,0,False,▅▅▃▇▆█▄▃▆▄▃▁▂▇▅▄▄█▅▅,False,False,False,8,0.007073000349284042,0.07253789640100439,0.043868492240071943,0.08957921953717629,FLAT,True,72,32.0,IGNORE,NONE,,RED,C,NO_DEPLOY,CMF positive,Producer Manufacturing,24.3
POLYPLEX,1093.8,1134.2,1138.3,1091.1,True,False,False,True,False,True,0.8349007409288364,5.034870779999999,0.7791601125442333,False,-0.18361744767081814,True,63.51,True,1.0572577221764425,82.0,0.86,0,True,▇▅▂▄▇▂▅▆▇▅▁▂▇▆▅▆▃█▆▆,False,False,False,0,-0.07461928934010154,0.0670698990293157,-0.037823797449313634,0.08411122216548761,FLAT,True,71,32.0,IGNORE,NONE,,RED,C,NO_DEPLOY,No standout factor,Process Industries,22.6
NELCO,924.3,953.0,960.65,912.5,True,False,False,True,False,True,0.4970426948754158,20.344212719999998,0.4868765089041221,False,-0.11348318039812835,True,45.48,True,1.40102273427392,78.0,0.8,0,True,▃▁▃▃▅▅▆▄▅▄▆▃▃█▅▂▅▆▇▇,False,False,False,0,-0.025822091062394636,0.011213828565177053,0.010973400828393265,0.028255151701348957,FLAT,True,59,32.0,IGNORE,NONE,,RED,C,NO_DEPLOY,No standout factor,Electronic Technology,25.8
HLEGLAS,395.4,415.0,429.8,388.9,True,True,True,True,False,False,2.2372350391218614,29.457655859999996,2.540221499075934,False,-0.029787935651547023,False,35.37,False,0.7892006470686672,17.0,-0.84,0,False,▆▁▅▇▆▃▅█▆▆▅▅▅▃▃▄▅▁▃▃,False,False,False,0,0.29131286740692364,-0.022134289600593604,0.32810835929771154,-0.0050929664644217,UP,False,50,32.0,IGNORE,DISTRIBUTION,,RED,C,NO_DEPLOY,No standout factor,Producer Manufacturing,24.3
LINCOLN,602.6,625.05,630.9,600.0,True,False,False,True,False,False,1.901447318606232,3.7679975399999996,1.8364474804387432,False,-0.20552366589326118,False,57.03,True,1.0730615086458313,53.0,0.12,0,False,▇▅▆▅█▄▄▃▅▃▂▃▄▇▃▂▁▃▅▅,False,False,False,3,-0.026651591019221432,-0.02751553296215603,0.01014390087156647,-0.010474209825984127,UP,False,50,32.0,IGNORE,DISTRIBUTION,,RED,C,NO_DEPLOY,No standout factor,Health Technology,30.5
HOMEFIRST,1175.3,1184.4,1194.9,1170.8,True,False,False,True,False,True,0.7705896475761648,16.12640883,0.7540096601863343,False,0.14043019925336764,False,56.26,False,0.9405746098354079,50.0,-0.05,0,True,▇▄▄▅▁▃▄▆▄▆▃▄▃▄▃█▄▆▄▄,False,False,False,0,-0.0015291818876900232,-0.028436802513019832,0.03526631000309788,-0.011395479376847928,UP,False,49,32.0,IGNORE,NONE,,RED,C,NO_DEPLOY,CMF positive,Finance,28.2
AUBANK,1028.0,1061.4,1065.7,1024.6,True,False,False,True,False,True,0.598590995093618,83.8617728,0.5635593783742364,False,0.24548917901861295,False,47.94,False,0.8748095364093393,24.0,-0.66,0,False,▅▅▆▅▇▅▄▁▅█▅█▄▄▅▆▇▅▄▄,False,False,False,5,-0.04434321836943389,-0.03646077420564264,-0.0075477264786459886,-0.01941945106947074,UP,False,47,32.0,IGNORE,NONE,,RED,C,NO_DEPLOY,CMF positive,Finance,28.2
PDSL,334.25,348.2,349.0,331.1,True,False,False,False,False,False,0.583434464891899,2.361375975,0.5427503545450225,False,0.01886886837859101,True,69.17,True,1.1351812646677497,94.0,1.41,0,True,▂▃▁▃▅▄▆▄▇▃▅▄█▄▄▄▅▆▆▆,False,False,False,0,-0.0792011019283747,-0.07152777777777775,-0.042405610037586805,-0.05448645464160584,UP,False,37,32.0,IGNORE,SEED,,RED,C,NO_DEPLOY,"Delivery P94, CMF positive",Consumer Non-Durables,28.4
UBL,1241.8,1262.3,1268.0,1240.0,True,False,False,False,False,False,0.3921075354583035,6.58079492,0.37526496627895084,False,-0.32268718964843035,False,93.23,True,1.7639156922844061,99.0,2.85,2,True,▂▃▃▃▂▁▁▁▃▄▂▄▂▃▃▄▃▃██,False,False,False,0,-0.08388048690520111,-0.08597085234800528,-0.04708499501441321,-0.06892952921183337,UP,False,33,32.0,IGNORE,SEED,DEL93% ▂▃▃▃▂▁▁▁▃▄▂▄▂▃▃▄▃▃██ P99 Z+2.9 2D,RED,C,NO_DEPLOY,"Delivery P99, 2D high delivery",Consumer Non-Durables,28.4
SIKA,1060.0,1099.9,1106.95,1026.1,True,True,True,True,False,False,0.7316689274429237,4.902818,0.7374664974958455,False,0.19776914310802018,False,15.85,False,0.3124753568330573,5.0,-2.7,0,True,▆▅█▆▇▆▆▇█▇▇▇▆▆█▅▆▅▁▁,False,False,False,0,0.0076045627376426506,-0.0882504730775846,0.04440005462843055,-0.0712091499414127,UP,False,32,32.0,IGNORE,NONE,,RED,C,NO_DEPLOY,CMF positive,Electronic Technology,25.8
SANDUMA,181.98,191.01,191.99,181.2,True,False,False,False,False,False,2.2655979207568246,20.488928022,2.0553231683747377,False,-0.2930219460234194,False,55.0,True,1.1849617580523537,98.0,1.74,0,False,▃▅▃▃▁▃▆▄▇▄▃▆▃▇█▅▁███,False,False,False,0,-0.09010000000000007,-0.10898942420681557,-0.05330450810921217,-0.09194810107064366,UP,False,26,32.0,IGNORE,DISTRIBUTION,,RED,C,NO_DEPLOY,Delivery P98,Non-Energy Minerals,28.3
MAZDOCK,2236.0,2339.0,2346.9,2225.1,True,False,False,False,False,False,1.206891310096287,170.4303796,1.0646523269849397,False,-0.171414657006441,False,38.02,True,1.124652428562977,91.0,1.5,0,True,▂▇▅▁▄▅▇▆██▆▅▅▁▆▁▆▇▇▇,False,False,False,7,-0.1298595166750982,-0.13127938148335216,-0.0930640247843103,-0.11423805834718026,UP,False,19,32.0,IGNORE,SEED,,RED,C,NO_DEPLOY,Delivery P91,Producer Manufacturing,24.3
RALLIS,200.82,204.15,208.5,199.5,True,False,False,False,False,False,1.7747889764605627,22.047646242,1.706012492845465,False,-0.21431961343589265,False,58.18,True,1.0515376343114309,88.0,0.95,0,True,▃▃▄▅▄▂▅▆▂▆▁▄▁▃█▇▆▄▅▅,False,False,False,0,-0.0583767055844705,-0.13023517692407638,-0.0215812136936826,-0.11319385378790447,UP,False,19,32.0,IGNORE,DISTRIBUTION,,RED,C,NO_DEPLOY,No standout factor,Process Industries,22.6
NIITLTD,87.32,91.77,94.29,86.69,True,False,False,False,False,False,0.8675959320776294,3.4142993199999996,0.7580559382981644,False,0.025595677473631236,True,60.1,True,1.2076518104730136,96.0,1.58,0,True,█▁▁▄▃▅▇▂▄▂▂▃▂▂▁▃▃▄▆▆,False,False,False,0,-0.06188225182638596,-0.12915129151291516,-0.025086759935598058,-0.11210996837674325,UP,False,19,32.0,IGNORE,SEED,,RED,C,NO_DEPLOY,"Delivery P96, CMF positive",Commercial Services,28.1
AFCONS,262.25,281.0,304.55,260.25,False,False,False,False,False,False,28.525963690040587,694.92206105,27.06880293892169,True,-0.6906523807923083,False,44.31,False,0.8790184195125823,35.0,-0.26,0,False,▅▅▆▆▄▁▅▅▃▆▇▇▅▆▆▅▆█▅▅,False,True,False,0,-0.06422836752899197,-0.15471394037066877,-0.02743287563820407,-0.13767261723449686,UP,False,14,32.0,IGNORE,NONE,,RED,C,NO_DEPLOY,No standout factor,Industrial Services,34.0
SUNTECK,276.2,289.0,289.95,275.0,True,False,False,False,False,False,1.6615007708773748,6.728425339999999,1.5190061987233858,False,-0.08748060176568025,False,54.85,True,1.0035953781551046,73.0,0.57,0,True,█▇▅▇▁▂▂▃▃▄▄▅▄▄▅▃▅▂▄▄,False,False,False,0,-0.07563587684069617,-0.16226872914771007,-0.03884038494990827,-0.14522740601153816,UP,False,13,32.0,IGNORE,DISTRIBUTION,,RED,C,NO_DEPLOY,No standout factor,Finance,28.2
REPCOHOME,348.75,359.6,361.7,345.0,True,False,False,False,False,False,1.682529094289895,5.56821225,1.6329047416154219,False,-0.06984623414351138,False,65.78,True,1.034675307311779,84.0,0.94,0,True,█▃▃▄▇▆▆▁▆▆▆▅▅▄▆▄▇█▆▆,False,False,False,0,-0.003856041131105492,-0.1776703607639708,0.03293945075968241,-0.1606290376277989,UP,False,10,32.0,IGNORE,DISTRIBUTION,,RED,C,NO_DEPLOY,No standout factor,Finance,28.2
SAKSOFT,142.25,146.5,150.98,141.0,True,False,False,False,False,False,2.0436116990979993,7.188788675,1.850527032143393,False,-0.364850632090478,False,53.65,True,1.244303224983475,87.0,0.93,0,True,▃▅▂▅▆▅▅█▁▆▄▅▂▃▆▅▄▆▇▇,False,False,False,0,-0.14492666506371732,-0.19450736126840318,-0.10813117317292942,-0.17746603813223127,UP,False,7,32.0,IGNORE,DISTRIBUTION,,RED,C,NO_DEPLOY,No standout factor,Technology Services,21.0
INA,86.69,90.0,90.81,84.78,True,False,False,False,False,False,3.149740225289052,15.825727625999999,2.938736854205928,False,-0.24001643264203798,False,58.67,True,1.2034501502517871,86.0,0.91,0,True,▆▆▃▆▁▆▇▃▅▆█▆▆▅▄▂▆▁██,False,False,False,0,-0.12150385083096882,-0.23364568599717117,-0.08470835894018092,-0.21660436286099927,UP,False,4,32.0,IGNORE,DISTRIBUTION,,RED,C,NO_DEPLOY,No standout factor,Electronic Technology,25.8
KALAMANDIR,78.97,82.57,83.04,78.45,True,False,False,False,False,False,2.299539816777679,5.911117719,2.1108017046042575,False,-0.3563845542596469,False,57.26,True,1.0405138968390257,86.0,1.07,0,True,▄▆▃▂▁▃▄▅█▄▄▆▆▄▆▄▇▅▅▅,False,False,False,0,-0.07874475034997663,-0.23322652684726675,-0.04194925845918873,-0.21618520371109484,UP,False,4,32.0,IGNORE,DISTRIBUTION,,RED,C,NO_DEPLOY,No standout factor,Retail Trade,31.1
PANACEABIO,375.75,396.95,396.95,371.0,True,False,False,False,False,False,2.8545224593997234,10.969833375,2.7125891362285093,False,-0.1986981720922136,False,59.04,True,1.1014822622923295,88.0,1.08,0,True,▅▂▅▃▅▄█▆▁▅▇▄▄█▅▅▅▆▆▆,False,False,False,0,-0.07416533201921893,-0.3020988112927191,-0.03736984012843103,-0.2850574881565472,UP,False,2,32.0,IGNORE,DISTRIBUTION,,RED,C,NO_DEPLOY,No standout factor,Health Technology,30.5
SERVOTECH,72.86,76.91,76.91,72.31,True,False,False,False,False,False,2.9582160674190945,6.154644492,2.6875064375201023,False,-0.2907132978031729,False,56.06,True,1.0901524579962665,87.0,0.99,0,True,▄▆▆▄▄▄▅▅▆█▆▅▄▁▄█▄▆▆▆,False,False,False,0,-0.11351745954495684,-0.2704515870631822,-0.07672196765416894,-0.25341026392701027,UP,False,2,32.0,IGNORE,DISTRIBUTION,,RED,C,NO_DEPLOY,No standout factor,Producer Manufacturing,24.3
PNCINFRA,140.32,165.0,165.0,140.32,True,False,False,False,False,False,12.081208203847844,69.216221712,8.795453028861763,False,-0.679510040939248,False,55.69,True,1.016148161664082,69.0,0.55,0,True,▂▅▂▅▆▄▇▄▃▁▁█▄▄▄▃▄▅▄▄,False,False,False,0,-0.3441764815853431,-0.4139659204811227,-0.3073809896945552,-0.3969245973449508,UP,False,1,32.0,IGNORE,DISTRIBUTION,,RED,C,NO_DEPLOY,No standout factor,Industrial Services,34.0
SOLARWORLD,131.42,142.0,143.45,130.15,True,False,False,False,False,False,1.7565234618482766,6.094037394,1.549199923710278,False,-0.34768630825213603,False,55.49,True,1.0354253939523992,79.0,0.73,0,True,▄▃▃▄▂▁▃▄▃▄▅▅▇▃▃█▄▃▄▄,False,False,False,0,-0.16643409869339088,-0.3672604718343765,-0.12963860680260297,-0.3502191486982046,UP,False,1,32.0,IGNORE,DISTRIBUTION,,RED,C,NO_DEPLOY,No standout factor,Industrial Services,34.0
TCPLPACK,3692.1,3879.3,3879.3,3657.5,True,False,True,True,False,False,0.55024826362509,2.07237573,0.5081640388882366,False,-0.25367479467480003,False,46.41,True,1.013861126585182,21.0,-0.68,0,True,▄▃▄▄▄▅█▅▇▁█▄▅▅▃▅▇▅▅▅,False,False,False,0,-0.1281524511192973,0.2690245411425036,-0.0913569592285094,0.28606586427867553,FLAT,True,90,31.0,IGNORE,NONE,,RED,C,NO_DEPLOY,RS leader,Commercial Services,28.1
KRN,1514.0,1593.6,1601.1,1514.0,True,False,True,True,False,True,1.0178200165862172,35.2397126,0.9925873922727098,False,-0.026008530130008103,False,46.21,False,0.915294187555089,83.0,0.9,0,True,▂▁▄█▇▅▅▃▇▃▅▅▃▄▇▂▅▆▄▄,False,False,False,6,-0.005321595164575199,0.22491909385113273,0.0314738967262127,0.24196041698730464,FLAT,True,88,31.0,IGNORE,NONE,,RED,C,NO_DEPLOY,No standout factor,Producer Manufacturing,24.3
NEULANDLAB,22595.0,23430.0,23480.0,22430.0,True,False,True,True,False,True,1.387550514380173,123.4703775,1.3437429277847563,False,-0.051552427513233356,False,45.79,False,0.9840645584174161,82.0,0.9,0,True,▄▄▅▅▄▅▆▅▃▆▄▆▇█▆▁▄▁▄▄,False,False,False,5,-0.03316217372700048,0.1955026455026454,0.0036333181637874246,0.2125439686388173,FLAT,True,86,31.0,IGNORE,NONE,,RED,C,NO_DEPLOY,No standout factor,Health Technology,30.5
SURAKSHA,323.05,323.75,328.85,317.7,True,False,True,True,False,True,0.6239969925292014,2.2735612900000004,0.6102354887184556,False,0.08637719218102943,False,51.62,False,0.98835873477828,20.0,-0.79,0,False,▁▂▇▄▃▆▄▆▅▆▇▅▆▆█▆▅▆▅▅,False,False,False,11,0.014923028589381104,0.19936885093744183,0.051718520480169006,0.21641017407361374,FLAT,True,86,31.0,IGNORE,NONE,,RED,C,NO_DEPLOY,CMF positive,Health Services,27.6
DVL,282.7,286.2,287.9,281.5,True,True,True,True,False,False,0.5811927919713753,0.39283991999999995,0.5720896451686803,False,0.07963572381615948,False,54.75,False,0.9329073482428115,27.0,-0.49,0,False,▇▄▅▆▆▂▁▄▇▅▅█▇▇▅▇██▅▅,False,False,False,5,0.06354162747827385,0.19930425929068374,0.10033711936906176,0.21634558242685564,FLAT,True,86,31.0,IGNORE,NONE,,RED,C,NO_DEPLOY,CMF positive,Consumer Non-Durables,28.4
PRICOLLTD,740.75,760.9,760.9,737.0,True,False,True,True,False,True,1.1462733047081004,29.087252475,1.0878963940660848,False,-0.08250129838250933,False,39.13,False,0.7793811558264369,15.0,-0.94,0,True,▅▄▆▁▅▄▆█▆▅▆▇▄▄▃▅▆▃▂▂,False,False,False,5,-0.07412036747703266,0.18957764573630964,-0.037324875586244755,0.20661896887248155,FLAT,True,85,31.0,IGNORE,NONE,,RED,C,NO_DEPLOY,No standout factor,Producer Manufacturing,24.3
ALIVUS,1347.8,1386.8,1401.7,1344.5,True,False,True,True,False,True,0.44890382895883557,10.691288720000001,0.43148610881520694,False,-0.27070175152769754,False,64.41,True,1.2707525672516349,87.0,1.0,0,True,█▅▆▅▇▅▇▆▇▁▅▇▆▆▅▇▅▅██,False,False,False,2,-0.03639093443912211,0.17742639993011267,0.00040455745166578794,0.19446772306628457,FLAT,True,84,31.0,IGNORE,SEED,,RED,C,NO_DEPLOY,No standout factor,Health Technology,30.5
BLUSPRING,125.27,129.5,132.85,123.61,True,False,True,True,False,True,0.31638732276853193,2.6910501399999998,0.30621999988069104,False,0.2136675240880167,False,43.05,False,0.9330299089726918,20.0,-0.92,0,False,▅▅▄▅▁▂▂▅▄▅▅▃▄▃▆█▁▅▃▃,False,False,False,8,0.12642747954320654,0.17217179751099465,0.16322297143399445,0.18921312064716655,FLAT,True,83,31.0,IGNORE,NONE,,RED,C,NO_DEPLOY,CMF positive,Commercial Services,28.1
FLUOROCHEM,4601.3,4819.9,4830.0,4557.9,True,False,True,True,False,True,0.9406776729922296,60.06905124,0.9264594768771035,False,-0.20942844956955883,False,50.8,False,0.9601481803490931,52.0,-0.01,0,True,▄▂█▃▄▇▄█▇▅▁▆▂▁▄▆▅▄▄▄,False,False,False,11,-0.015722597758192847,0.1617977528089889,0.021072894132595055,0.1788390759451608,FLAT,True,82,31.0,IGNORE,NONE,,RED,C,NO_DEPLOY,No standout factor,Process Industries,22.6
URBANCO,158.22,166.98,167.71,157.55,True,False,True,True,False,False,0.29226469630174357,65.67561891,0.27968792139115006,False,0.22157750991471176,False,33.11,False,0.8958939322194414,27.0,-0.61,0,False,█▄▄▁▁▂▃▃▄▅▃▄▃▃▃▃▄▃▃▃,False,False,False,12,0.09139822032144584,0.13827338129496392,0.12819371221223375,0.15531470443113582,FLAT,True,81,31.0,IGNORE,NONE,,RED,C,NO_DEPLOY,CMF positive,Technology Services,21.0
GNA,532.6,555.0,555.0,527.25,True,False,True,True,False,True,0.6576772363494807,9.7899869,0.630885822773612,False,-0.17465102266631694,False,49.62,True,1.0130975836336351,43.0,-0.08,0,True,▅▇▇▃▅▅▇▁▅▃█▃▄▆▅▆▅▇▅▅,False,False,False,0,-0.08409286328460874,0.13379457158062813,-0.04729737139382084,0.15083589471680003,FLAT,True,80,31.0,IGNORE,NONE,,RED,C,NO_DEPLOY,No standout factor,Producer Manufacturing,24.3
VOLTAMP,10596.0,11250.0,11255.0,10460.0,True,False,True,True,False,False,0.6653269171294064,27.6958248,0.6408311738042082,False,0.0776406221906644,False,40.03,False,0.8612028441422932,16.0,-0.89,0,False,▅█▅▃▂▁▄▃▄▆▄▆▃▆▃▅▃▇▃▃,False,False,False,6,0.04978451478674395,0.09214594928880637,0.08658000667753185,0.10918727242497828,FLAT,True,75,31.0,IGNORE,NONE,,RED,C,NO_DEPLOY,CMF positive,Producer Manufacturing,24.3
VIJAYA,1443.7,1503.0,1515.9,1431.1,True,False,True,True,False,True,0.9085267265302546,16.760057670000002,0.8774046527439219,False,-0.15885527870392052,False,44.89,True,1.0293746703662088,37.0,-0.41,0,False,▅▅▅▅█▇▂▅▆▆▅▄▂▄▃▃▁▄▅▅,False,False,False,12,-0.035797769318105854,0.07787068836792588,0.0009977225726820471,0.09491201150409778,FLAT,True,73,31.0,IGNORE,NONE,,RED,C,NO_DEPLOY,No standout factor,Health Services,27.6
VIDHIING,320.65,331.7,334.45,320.0,True,False,False,False,False,False,0.5137803007123963,0.7592030049999999,0.48160761149093345,False,0.05318112851745523,False,71.86,True,1.0832730342498793,69.0,0.63,0,True,▆▇▂▇▁▁▃█▄▅▁▃▂▂▂▃▃▃▅▅,False,False,False,7,-0.016109235961951573,0.07745295698924726,0.020686255928836328,0.09449428012541916,FLAT,True,73,31.0,IGNORE,NONE,,RED,C,NO_DEPLOY,CMF positive,Consumer Non-Durables,28.4
BEML,1939.3,2033.4,2033.4,1922.0,True,False,True,True,False,True,0.5167446487936485,45.42713285,0.49461073392121124,False,-0.11510786500570783,False,40.89,True,1.205927892059279,73.0,0.59,0,False,▇▆█▅▅▁▅▆█▇▇▇▆▅▅▂▃▇▇▇,False,False,False,11,-0.01332994149071487,0.0582232893157264,0.023465550400073032,0.0752646124518983,FLAT,True,69,31.0,IGNORE,NONE,,RED,C,NO_DEPLOY,No standout factor,Producer Manufacturing,24.3
KPIL,1380.2,1436.7,1438.5,1371.8,True,False,True,True,False,True,0.7717009677089196,15.245551180000001,0.7594474610816149,False,-0.23139686373052168,False,46.54,False,0.9010910287810876,18.0,-0.72,0,True,▄▃█▇▆▇▆█▆▇▁▄▄▄▅▄▄▅▄▄,False,False,False,4,-0.016601353758460946,0.020178875009239317,0.020194138132326955,0.03722019814541122,FLAT,True,61,31.0,IGNORE,NONE,,RED,C,NO_DEPLOY,No standout factor,Industrial Services,34.0
TIMETECHNO,176.3,180.8,181.79,176.0,True,False,False,False,False,False,0.6888008646280677,30.354822730000002,0.6483610886865512,False,-0.20879853281823754,False,61.89,True,1.8059000320971084,99.0,2.45,2,True,▇▄▁▅▄▄▂▃▂▂▂▄▃▂▇▄▄▅██,False,False,False,0,-0.05046588032530819,0.0010788711600704382,-0.013670388434520286,0.018120194296242342,FLAT,True,56,31.0,IGNORE,SEED,DEL62% ▇▄▁▅▄▄▂▃▂▂▂▄▃▂▇▄▄▅██ P99 Z+2.5 2D,RED,C,NO_DEPLOY,"Delivery P99, 2D high delivery",Process Industries,22.6
IDBI,82.95,84.0,88.53,82.69,True,False,False,False,False,False,2.77715361933285,410.41373898,2.6314470356463957,False,-0.1186071228565249,False,27.46,False,0.7858062669909859,19.0,-0.89,0,False,█▆▆▄▁▁▃▂▂▄▃▅▄▄▃▃▂▄▂▂,False,True,False,1,0.022685242263592587,-0.004918426103646789,0.05948073415438049,0.012122897032525115,UP,True,55,31.0,IGNORE,DISTRIBUTION,,RED,C,NO_DEPLOY,No standout factor,Finance,28.2
DCMSHRIRAM,994.1,996.0,1004.0,985.0,True,False,False,False,False,False,0.5252126217241856,5.4029335,0.5003575858111062,False,-0.15640831462172328,True,54.56,True,1.0905565716227426,84.0,0.77,0,True,▁▄▆▄▄▅▅▃▆▆▆▅▆█▇██▅▆▆,False,False,False,3,-0.031469212782541,-0.04688398849472675,0.005326279108246901,-0.029842665358554843,UP,False,45,31.0,IGNORE,NONE,,RED,C,NO_DEPLOY,No standout factor,Producer Manufacturing,24.3
KCP,159.15,162.4,162.94,158.18,True,False,False,False,False,False,0.4750340325192724,1.88573652,0.4494087179186547,False,0.28907302183503614,True,61.09,True,1.1032452639372978,70.0,0.52,0,True,▇█▁▄▁▄▆▅▆▄▄▆▅▅▅▇█▇▇▇,False,False,False,2,0.05244015341885988,-0.05200142959256604,0.08923564530964778,-0.034960106456394135,UP,False,43,31.0,IGNORE,NONE,,RED,C,NO_DEPLOY,CMF positive,Producer Manufacturing,24.3
DALBHARAT,1687.4,1746.6,1754.0,1682.0,True,False,False,False,False,False,0.19771885924479604,9.567051780000002,0.18044764774980307,False,0.05831539512998806,True,44.4,False,0.8752131360818443,27.0,-0.62,0,True,▆█▄█▆▅▁█▅█▄▄▄▆▃▅▂▃▃▃,False,False,False,5,-0.08148712644929501,-0.056686046511627786,-0.04469163455850711,-0.03964472337545588,FLAT,False,42,31.0,IGNORE,NONE,,RED,C,NO_DEPLOY,CMF positive,Non-Energy Minerals,28.3
INDPRUD,6080.0,6260.0,6260.0,6080.0,True,False,False,False,False,True,1.098517872711421,0.038304,1.0684714789399552,False,-0.10467435137616099,True,100.0,True,1.1588224046723719,100.0,0.88,0,True,█▇▄▂▄▅▁█▅▆▇█▇▅██▄███,False,False,False,0,-0.00896495517522411,-0.07083365171544276,0.02783053671556379,-0.053792328579270854,UP,False,38,31.0,IGNORE,SEED,,RED,C,NO_DEPLOY,Delivery P100,Finance,28.2
SANSTAR,110.76,109.59,111.6,109.59,False,True,True,True,False,True,0.6991305914680841,1.4439559680000003,0.7116914696764357,False,-0.13841386514320972,True,49.58,False,0.9835935485150872,38.0,-0.24,0,True,▅█▄▅▄▅▅▄▅▃▅▅▄▁▄▄▃▅▄▄,False,False,False,0,0.032342249976698545,-0.08666611692916626,0.06913774186748645,-0.06962479379299436,UP,False,33,31.0,IGNORE,NONE,,RED,C,NO_DEPLOY,No standout factor,Consumer Non-Durables,28.4
GODFRYPHLP,1915.0,1931.0,1957.0,1900.0,True,False,False,False,False,False,0.8385242418979775,29.4031015,0.7749951231831622,False,-0.2820693501116282,True,45.17,True,1.2822550884264912,98.0,1.78,0,True,▅▁▂█▄▃▄▆▄▅▅▇▄▄▆▅▇▅▇▇,False,False,False,0,-0.08909289825429301,-0.10279235382308849,-0.052297406363505106,-0.08575103068691659,UP,False,28,31.0,IGNORE,SEED,,RED,C,NO_DEPLOY,Delivery P98,Consumer Non-Durables,28.4
IRFC,81.01,80.95,81.09,80.1,True,False,False,False,False,False,1.1017361888932031,64.09426949600001,1.0588945857241674,False,-0.27150721972473374,True,47.94,True,1.1603252977054892,92.0,1.57,0,True,█▄▂▄▂▁▄█▇▇▆▇▂▃▅▆▅▄██,False,False,False,0,-0.07491149937193087,-0.10555371535828628,-0.038116007481142966,-0.08851239222211438,UP,False,27,31.0,IGNORE,SEED,,RED,C,NO_DEPLOY,Delivery P92,Finance,28.2
MOIL,238.54,246.0,247.4,237.26,True,False,False,False,False,False,0.772986677996182,18.019717118,0.7256104110167593,False,-0.3473468573511136,True,57.59,True,1.2225359288428472,98.0,1.87,0,True,▇▅▅▄▃▆▄▇▅▇▁▃▂▄█▂▃▄▇▇,False,False,False,0,-0.07273080660835762,-0.13509789702683106,-0.03593531471756972,-0.11805657389065916,UP,False,18,31.0,IGNORE,SEED,,RED,C,NO_DEPLOY,Delivery P98,Non-Energy Minerals,28.3
CEATLTD,3282.5,3285.9,3322.0,3252.0,False,False,False,False,False,False,1.2660770606268819,19.7783755,1.213985987006179,True,-0.2982725616480117,True,43.88,True,1.0003647638154296,60.0,0.28,0,False,▅▁▃▃▃▃▂▆▄█▆▇█▇▁▅▇▇▅▅,False,True,False,0,-0.08956010428801242,-0.1615581098339719,-0.05276461239722452,-0.1445167866978,UP,False,13,31.0,IGNORE,NONE,,RED,C,NO_DEPLOY,No standout factor,Consumer Durables,20.7
SHARDACROP,753.4,770.2,771.0,748.6,True,False,False,False,False,False,1.2215325912721327,13.52353,1.1826012209384291,False,-0.2019469419048828,True,61.45,True,1.1459207459207459,97.0,1.67,0,True,█▅▆▆▂▅▁▃▆▅▄▄▅▅▄▂▄▂▇▇,False,False,False,0,-0.022954221242381112,-0.17661202185792357,0.01384127064840679,-0.15957069872175167,UP,False,10,31.0,IGNORE,SEED,,RED,C,NO_DEPLOY,Delivery P97,Distribution Services,31.7
PFC,350.1,354.35,355.3,350.1,True,False,False,False,False,False,0.5821491554947896,186.24525273000003,0.5664457850537858,False,-0.08720642777312179,True,72.18,True,1.1360041549611655,99.0,2.16,0,True,▅▃▂▆▄▄▂▁▃▆▃█▃▆▃▄▃▃▇▇,False,False,False,0,-0.07011952191235049,-0.18723157283807312,-0.03332403002156259,-0.17019024970190122,UP,False,8,31.0,IGNORE,SEED,,RED,C,NO_DEPLOY,Delivery P99,Finance,28.2
THERMAX,3559.4,3715.0,3718.0,3508.0,True,False,False,False,False,False,2.0229825154199905,75.43827954,1.8940448501779308,False,-0.3345903021911391,True,45.74,False,0.8808689288603012,23.0,-0.68,0,True,▂▃▅▆▄▃▁▁▆▃▄█▄▄▆▆▄▁▁▁,False,False,False,0,-0.12757665629059534,-0.2441282650244213,-0.09078116439980743,-0.2270869418882494,UP,False,3,31.0,IGNORE,NONE,,RED,C,NO_DEPLOY,No standout factor,Producer Manufacturing,24.3
CAMLINFINE,99.21,101.86,103.9,97.75,True,False,False,False,False,False,0.9589790767486387,6.289834631999999,0.9076722776852119,False,-0.21652847918494353,True,65.56,True,1.3442414549629904,93.0,1.38,0,True,▂▄▅▂▆▂▄▇▅▆▅▃▂▃▅▁▃▄██,False,False,False,0,-0.09479927007299271,-0.2668489506355306,-0.05800377818220481,-0.2498076274993587,UP,False,3,31.0,IGNORE,SEED,,RED,C,NO_DEPLOY,Delivery P93,Process Industries,22.6
SKMEGGPROD,231.9,241.35,242.95,231.0,True,False,False,True,False,False,0.45876107310987224,2.6988522,0.40946758751434026,False,-0.22108298684170327,True,61.77,True,1.3864386236617061,97.0,1.56,0,True,▃▄▁▃▃▄▄▄▇▂▆▄▄▇█▄▅▆██,False,False,False,0,-0.1032482598607889,-0.2532603445499919,-0.06645276797000099,-0.23621902141382,UP,False,3,31.0,IGNORE,SEED,,RED,C,NO_DEPLOY,Delivery P97,Process Industries,22.6
ARTEMISMED,330.55,347.5,347.5,326.45,True,False,True,True,False,True,0.9232369287004579,12.57339479,0.9154958666981399,False,0.03296783139394806,False,41.16,False,0.8436068496941003,12.0,-1.27,0,False,▆▆▃▃▅▅▄▆▆█▂▆▆▂▄▃▄▁▂▂,False,False,False,8,0.05894601954188694,0.21080586080586095,0.09574151143267484,0.22784718394203285,FLAT,True,87,30.0,IGNORE,NONE,,RED,C,NO_DEPLOY,CMF positive,Health Services,27.6
DIVGIITTS,1106.3,1192.9,1199.9,1101.0,True,False,True,True,False,True,0.7120114775818679,12.55916012,0.6441448925849623,False,-0.15217671518628517,True,42.74,False,0.8898882954912187,19.0,-0.74,0,True,▅▇▅▅▇▆▄▅▆▅▁▂▄▄▃▃█▆▃▃,False,False,False,0,-0.12128673550436864,0.14815007005344816,-0.08449124361358074,0.16519139318962006,FLAT,True,81,30.0,IGNORE,NONE,,RED,C,NO_DEPLOY,No standout factor,Producer Manufacturing,24.3
GARFIBRES,785.5,798.4,799.3,780.05,True,False,True,True,False,True,1.146934649848382,5.5439019,1.1277761768275885,False,0.022865580146862022,False,54.49,True,1.1086921136160168,57.0,0.06,0,False,▁▃▂▃▄▃▂▃▄▃▄▁▄▃▂▄▅█▄▄,False,False,False,1,0.012633750161144652,0.0830001378739833,0.049429242051932554,0.10004146101015521,FLAT,True,74,30.0,IGNORE,NONE,,RED,C,NO_DEPLOY,CMF positive,Producer Manufacturing,24.3
AGI,736.65,761.05,762.05,731.1,True,False,True,True,False,False,0.4448706717154225,6.75581715,0.4311826824129384,False,0.0452434743827943,False,41.74,False,0.8609558383696706,15.0,-0.89,0,False,▇▇▇▂▄▄▆█▃▁▃▆▅▆▆▃▄▃▃▃,False,False,False,7,0.03505690599971878,0.03877881971374175,0.07185239789050668,0.055820142849913656,UP,True,66,30.0,IGNORE,NONE,,RED,C,NO_DEPLOY,CMF positive,Process Industries,22.6
RAINBOW,1453.7,1443.1,1460.0,1424.0,False,False,True,True,False,True,0.9236634109423477,10.520863010000001,0.9275195041231349,False,-0.04228173920913122,True,63.44,True,1.1519988378321937,64.0,0.4,0,False,▇▄▄▇▅▃▁▆▅▆▄▄▇▃▆█▇▅▇▇,False,False,False,0,-0.003427709604442275,0.022292545710267175,0.033367782286345626,0.03933386884643908,FLAT,True,62,30.0,IGNORE,NONE,,RED,C,NO_DEPLOY,No standout factor,Health Services,27.6
SIS,414.9,418.45,425.65,412.25,True,False,False,True,False,True,1.5121585492262741,18.70282071,1.4737637701051134,False,-0.2967168762282704,False,51.57,False,0.9774820880245649,25.0,-0.64,0,False,▆▆██▇▆▆▃▃▆▃▅▅▂▃▁▄▄▅▅,False,True,False,1,0.0031431334622822327,-0.030494216614090464,0.039938625353070134,-0.01345289347791856,UP,False,49,30.0,IGNORE,DISTRIBUTION,,RED,C,NO_DEPLOY,No standout factor,Commercial Services,28.1
CLSEL,281.6,297.7,301.5,280.0,True,False,False,False,False,True,0.3040586795765989,2.25446144,0.2772531129007225,False,0.21860266249335944,False,62.44,True,1.4162905164787805,90.0,1.19,0,False,▆▅█▄▁▃▄▅▆▅▅▄▅▆▆▄▆▇██,False,False,False,2,0.00913814728543283,-0.030136042707077704,0.04593363917622073,-0.0130947195709058,UP,False,49,30.0,IGNORE,SEED,,RED,C,NO_DEPLOY,"Delivery P90, CMF positive",Process Industries,22.6
GEOJITFSL,77.27,79.22,79.99,76.6,True,False,False,True,False,True,0.5319818264416257,1.659489155,0.500415262737949,False,-0.12478105431041009,False,59.82,True,1.127806790973021,89.0,1.02,0,True,▇█▆▇▁▆█▇▄▅▇▇▂▆▆▅▆▅██,False,False,False,9,-0.037013958125623136,-0.028294768611670018,-0.00021846623483523508,-0.011253445475498114,UP,False,49,30.0,IGNORE,SEED,,RED,C,NO_DEPLOY,No standout factor,Finance,28.2
TIPSMUSIC,659.15,660.8,668.0,652.2,True,True,True,True,False,True,1.079841508773218,13.861792669999998,1.094262157775462,False,-0.12043379201370988,False,40.98,False,0.7714753666296427,22.0,-0.63,0,True,▆▅▄▇▇▆▅▇▆█▅▇▃▄█▂▂▄▁▁,False,False,False,0,0.005261552539270964,-0.032369348209042914,0.042057044430058865,-0.01532802507287101,UP,False,48,30.0,IGNORE,NONE,,RED,C,NO_DEPLOY,No standout factor,Consumer Services,29.2
GILLETTE,7248.5,7310.0,7321.0,7207.0,True,False,False,False,False,False,0.7492022973835354,8.08425205,0.7312050585109938,False,0.049012852375317564,True,66.04,True,1.1117190064558489,87.0,1.16,0,True,▆▇▃▆▇▄▂▁▇▆▅▄▄▄▄█▂▄▇▇,False,False,False,0,-0.03578317259727304,-0.07785764264359774,0.0010123192935148628,-0.06081631950742583,UP,False,36,30.0,IGNORE,SEED,,RED,C,NO_DEPLOY,CMF positive,Consumer Non-Durables,28.4
ANURAS,1170.4,1224.8,1227.3,1115.8,True,False,False,False,False,True,1.966259290833974,57.72728808000001,1.8544276813185616,False,-0.041843155377260924,False,48.36,False,0.7435252877009294,50.0,0.02,0,True,█▆▇▄▃█▆▇▆▅▃▆▆▅▁▂▇▅▂▂,False,False,False,0,-0.03312680710450222,-0.07929515418502198,0.003668684786285681,-0.06225383104885007,UP,False,35,30.0,IGNORE,DISTRIBUTION,,RED,C,NO_DEPLOY,No standout factor,Health Technology,30.5
360ONE,1052.1,1092.0,1092.9,1052.1,True,False,False,False,False,True,1.1724536220148833,94.29046451999999,1.0639168495653817,False,-0.09668266407879275,False,53.91,True,1.0083892146684996,51.0,0.15,0,True,▇▇▆██▇▇█▇▇▁▇▅▆▆▇██▇▇,False,False,False,8,-0.09582330697834307,-0.08520998174071825,-0.05902781508755517,-0.06816865860454635,UP,False,34,30.0,IGNORE,NONE,,RED,C,NO_DEPLOY,No standout factor,Finance,28.2
BAJEL,168.87,178.67,182.6,168.01,True,False,False,False,False,False,1.282941984834074,5.161579098000001,1.1458987788696011,False,0.15674665687320405,False,48.51,True,1.0073929476263652,47.0,0.07,0,True,▆▇▅▁▅▇▆▅▆▅▇▅▄▆▅▆▅█▅▅,False,False,False,0,-0.07832114397991485,-0.08352328231846295,-0.04152565208912695,-0.06648195918229105,UP,False,34,30.0,IGNORE,NONE,,RED,C,NO_DEPLOY,CMF positive,Industrial Services,34.0
PWL,130.72,137.0,137.7,130.1,True,True,True,True,False,False,0.48177502480430484,104.35461260800001,0.502388258692072,False,0.06610791105027522,False,20.23,False,0.7506354242036326,29.0,-0.61,0,False,▁▂▄▄▂▃▁▃▃▆▄▄█▃▂▃▄▆▂▂,False,False,False,0,0.0627642276422764,-0.10496405340636772,0.0995597195330643,-0.08792273027019581,UP,False,27,30.0,IGNORE,NONE,,RED,C,NO_DEPLOY,CMF positive,Commercial Services,28.1
SIGNPOST,264.65,278.5,278.5,261.9,True,False,False,True,False,False,0.18796648518993236,1.5087696499999999,0.18568884775914135,False,0.08214556999728179,False,58.66,True,1.0882914973748168,52.0,0.14,0,True,▆▇▅▇▇▆▆▆█████▇▁▄▂▄▇▇,False,False,False,0,-0.03200438917337234,-0.11042016806722699,0.004791102717415563,-0.09337884493105508,UP,False,25,30.0,IGNORE,NONE,,RED,C,NO_DEPLOY,CMF positive,Commercial Services,28.1
JNKINDIA,415.05,425.0,432.2,411.0,True,False,False,True,False,False,1.4778583563119534,5.915998185,1.3790058819874684,False,-0.16021263466177102,False,68.46,True,1.3734163883121182,98.0,1.81,0,True,▂▁▃▂▁▃▃▆▂▅▄▅▅▂▄▂▅▂██,False,False,False,0,-0.10539928871645643,-0.15027126625038378,-0.06860379682566853,-0.13322994311421188,UP,False,15,30.0,IGNORE,SEED,,RED,C,NO_DEPLOY,Delivery P98,Producer Manufacturing,24.3
INOXGREEN,173.22,177.92,177.92,169.66,True,False,False,False,False,False,1.323100615296107,26.133424247999997,1.3150168993163645,False,0.233709095430041,False,55.1,True,1.0339165923910494,77.0,0.63,0,True,▄▄▄▄▆▁▅▄▅▄▃▁▂▂▂▅▆█▄▄,False,False,False,0,-0.035845485917844755,-0.15333105234859967,0.0009500059729431465,-0.13628972921242777,UP,False,14,30.0,IGNORE,NONE,,RED,C,NO_DEPLOY,CMF positive,Utilities,34.3
IDEAFORGE,704.25,733.9,740.25,702.3,True,False,False,True,False,False,0.6731715558160356,16.808968575,0.5950372822804963,False,-0.49217811713779497,False,50.57,True,1.0063180936271827,93.0,1.44,0,True,▃▁▅▄█▆▅▇▅▅▅▆▆▆▇▅▆▅▅▅,False,False,False,0,-0.15643528777624727,-0.16205604140638952,-0.11963979588545937,-0.1450147182702176,UP,False,13,30.0,IGNORE,SEED,,RED,C,NO_DEPLOY,Delivery P93,Electronic Technology,25.8
PATANJALI,338.55,341.0,342.4,335.75,True,False,False,False,False,False,1.4162271763639611,86.8963056,1.3844144012186934,False,0.23794020894348475,False,41.91,True,1.0132978723404256,53.0,0.11,0,True,▂▂▃▅▁▆▆▅▆█▂▄▆▅▆▅▆▅▄▄,False,False,False,0,-0.03725295037679499,-0.18323281061519903,-0.0004574584860070896,-0.16619148747902712,UP,False,9,30.0,IGNORE,NONE,,RED,C,NO_DEPLOY,CMF positive,Process Industries,22.6
CEMPRO,1207.1,1246.0,1285.7,1196.0,True,False,False,True,False,False,1.1938194553656782,32.621032529999994,1.1307691042376766,False,-0.11537771726014358,False,66.29,True,1.1242167029873402,98.0,1.68,0,True,▁▃▄▄▅▃▃█▄▆▂▆▂▆▃▂▄▅▆▆,False,False,False,0,-0.0882930513595167,-0.1920348058902276,-0.051497559468728804,-0.17499348275405568,UP,False,7,30.0,IGNORE,SEED,,RED,C,NO_DEPLOY,Delivery P98,Industrial Services,34.0
IXIGO,161.02,159.2,167.29,159.0,False,False,False,False,False,False,2.566944512764853,47.012510238000004,2.512022725019253,True,-0.2827606310214942,False,49.06,False,0.9601534366682323,60.0,0.24,0,True,▃▅▆▃▆▃▄▃▄▅▄█▁▅▅▅▅▆▄▄,False,False,False,0,-0.06525020318123753,-0.24609045790804385,-0.02845471129044963,-0.22904913477187194,UP,False,3,30.0,IGNORE,NONE,,RED,C,NO_DEPLOY,No standout factor,Technology Services,21.0
YASHO,3883.4,4260.0,4286.9,3855.0,True,False,True,True,False,False,1.2444760721191588,27.979897,1.0985833030699153,False,-0.2654411718115909,False,41.66,True,1.0044968473844742,23.0,-0.72,0,False,▁▃▃▂▅▅▃▄▄▅▅▇▇▅█▆▇▇▅▅,False,False,False,0,-0.21001668090646486,0.35735756728416646,-0.17322118901567696,0.37439889042033836,FLAT,True,94,29.0,IGNORE,NONE,,RED,C,NO_DEPLOY,RS leader,Consumer Non-Durables,28.4
SOTL,688.3,715.8,723.0,684.0,True,False,True,True,False,True,0.20449338915063897,16.755149239999998,0.1883330159580755,False,0.09505499719454583,False,28.4,False,0.8476473309555432,8.0,-1.56,0,False,▇█▇▆▇▆▇▇█▆▁▂▄▅▄▆▅▅▅▅,False,False,False,1,-0.04189866369710471,0.23152621220254077,-0.0051031718063168086,0.24856753533871268,FLAT,True,89,29.0,IGNORE,NONE,,RED,C,NO_DEPLOY,CMF positive,Process Industries,22.6
INDNIPPON,1279.0,1358.9,1364.9,1261.6,True,True,True,True,False,True,0.3815997625283577,12.282237,0.3658747439412721,False,-0.1729791590564291,False,26.81,False,0.5828260869565217,4.0,-2.04,0,False,██▆▆▇▆▇█▆▇▆▇▇▇█▅▁▁▃▃,False,False,False,4,0.1416584843345532,0.24343768228660334,0.1784539762253411,0.26047900542277524,FLAT,True,89,29.0,IGNORE,NONE,,RED,C,NO_DEPLOY,No standout factor,Producer Manufacturing,24.3
PRECWIRE,440.05,462.9,465.6,435.35,True,False,True,True,False,True,0.3877612273829775,18.203768375,0.35196409871047657,False,0.2820933069135796,False,33.49,False,0.9610445512590573,39.0,-0.26,0,False,▅▆▅▅█▇▄▆▁▁▄▅▄▄▇▃▆▇▅▅,False,False,False,2,-0.039611523352247824,0.1769189622893823,-0.0028160314614599224,0.1939602854255542,FLAT,True,84,29.0,IGNORE,NONE,,RED,C,NO_DEPLOY,CMF positive,Producer Manufacturing,24.3
SAMBHV,128.96,131.6,132.0,128.32,True,True,True,True,False,True,0.9899848179943,21.132726784,0.9874035257625983,False,-0.008655899159308797,False,41.41,False,0.9548294864995733,21.0,-0.89,0,False,█▆▅▄▅▇▄█▄▁▂▅▅▃▇▆▂▄▄▄,False,False,False,6,0.037156184654978386,0.1423509611125875,0.07395167654576629,0.1593922842487594,FLAT,True,81,29.0,IGNORE,NONE,,RED,C,NO_DEPLOY,No standout factor,Non-Energy Minerals,28.3
TIMEX,604.0,637.25,637.25,600.0,True,False,True,True,False,True,0.7709856516722865,18.9762908,0.7532390417980475,False,-0.02872974286408611,False,41.1,False,0.9657522175879694,20.0,-0.72,0,False,▁▄█▅▂▃▃▂▄▄▄▃▃▄▃▆▄▄▃▃,False,False,False,9,0.1195551436515292,0.12960538619786788,0.1563506355423171,0.14664670933403978,UP,True,79,29.0,IGNORE,NONE,,RED,C,NO_DEPLOY,No standout factor,Consumer Durables,20.7
HNDFDS,598.15,618.4,620.0,595.0,True,False,False,True,False,True,0.5742368626063528,4.038648985,0.5415107521161334,False,-0.33464187816312796,False,67.22,True,1.2162553376275604,92.0,1.33,0,False,▃▁▂▃▄▂▃▃▄▃▂▅▂▆▂█▃▄▅▅,False,False,False,4,-0.05892070484581502,0.11025522041763347,-0.022125212955027118,0.12729654355380537,FLAT,True,77,29.0,IGNORE,SEED,,RED,C,NO_DEPLOY,Delivery P92,Consumer Non-Durables,28.4
BALUFORGE,498.2,533.4,534.9,494.0,True,False,False,False,False,False,0.34341075328179427,43.689997739999995,0.2849813518936897,False,0.07047965234948725,False,36.8,True,1.3480841087259139,39.0,-0.21,0,False,▄█▇▆▁▄▂▃▅▃▇▆▅▆▅▇▆▄██,False,False,False,8,-0.08174361809971431,0.09953652615316688,-0.04494812620892641,0.11657784928933879,FLAT,True,76,29.0,IGNORE,NONE,,RED,C,NO_DEPLOY,CMF positive,Producer Manufacturing,24.3
ASAHIINDIA,958.8,995.0,995.0,952.35,True,True,True,True,False,True,1.0403390836439486,17.445366,1.0376091028739574,False,-0.04773598903903403,False,41.18,False,0.8227361270665802,42.0,-0.2,0,False,▂▄▅▄▄▁▄▃▃▅▆▂▃▄█▇▂▂▁▁,False,False,False,15,-0.004154549231408344,0.10118295624210405,0.03264094265937956,0.11822427937827595,FLAT,True,76,29.0,IGNORE,NONE,,RED,C,NO_DEPLOY,No standout factor,Consumer Durables,20.7
RRKABEL,2381.3,2424.8,2427.9,2370.1,True,False,False,True,False,False,0.32114833982258845,49.58485738,0.29010689712503385,False,-0.22846364383013434,False,49.09,True,1.0661772690745608,71.0,0.41,0,True,▂▄▃▆▅▅▆▆▄▅▅▅▄▁▄▂██▅▅,False,False,False,5,-0.14492441380300902,0.0871034010499887,-0.10812892191222112,0.10414472418616061,FLAT,True,75,29.0,IGNORE,NONE,,RED,C,NO_DEPLOY,No standout factor,Producer Manufacturing,24.3
OMNI,540.5,555.0,565.95,535.5,True,False,False,True,False,False,0.7783402949571877,24.60469505,0.7512663286427779,False,-0.142743640246861,False,46.91,True,1.347504488330341,97.0,1.74,0,True,▂▁▂▃▃▅▄▄▄▇▁▂▇▄▆▃▇▆██,False,False,False,0,-0.0484154929577465,0.08121624324864984,-0.011620001066958596,0.09825756638482175,FLAT,True,74,29.0,IGNORE,SEED,,RED,C,NO_DEPLOY,Delivery P97,Producer Manufacturing,24.3
NEPHROPLUS,729.15,770.0,774.95,725.0,True,True,True,True,False,True,1.4056500731805022,22.272251325,1.4437742203950832,False,-0.07161876266930238,False,38.17,False,0.7132712934932915,9.0,-1.25,0,False,▆▅▆█▆▆▆▆▄▆▁▃█▄▅▂▅▅▂▂,False,False,False,4,0.04913669064748194,0.08625698324022335,0.08593218253826984,0.10329830637639525,FLAT,True,74,29.0,IGNORE,NONE,,RED,C,NO_DEPLOY,No standout factor,Health Services,27.6
PNB,116.0,115.25,117.0,115.25,False,True,True,True,False,True,0.8532875139103246,133.8507412,0.8475336275526592,False,-0.1848704069536932,False,42.3,False,0.9011984021304926,54.0,-0.0,0,False,▃▃▂▁▄▂▁▄▅█▃▂▄▆▆█▅▂▂▂,False,False,False,5,-0.02504622625651376,0.07866840245490048,0.011749265634274142,0.09570972559107238,FLAT,True,73,29.0,IGNORE,NONE,,RED,C,NO_DEPLOY,No standout factor,Finance,28.2
TORNTPHARM,4925.0,4960.0,4992.0,4925.0,True,False,True,True,False,True,0.5106754035624722,75.684445,0.5077817334046271,False,0.35931029287716776,False,58.9,False,0.9790802629719823,58.0,0.21,0,False,▂▅▄▃▃▄▅▄▁█▂▅▂▅▃▇▄▂▃▃,False,False,False,2,0.006539955037809131,0.06123944147560767,0.04333544692859703,0.07828076461177957,FLAT,True,70,29.0,IGNORE,NONE,,RED,C,NO_DEPLOY,CMF positive,Health Technology,30.5
VGUARD,321.9,323.7,326.8,319.6,True,False,False,False,False,False,0.8380887327496992,14.147408429999999,0.8019967013482748,False,0.02678241934337805,True,52.79,False,0.9464135248032414,54.0,0.05,0,True,▂▃▁▃▂▆▆▃█▃▃▃▄▁▂▂▁▁▂▂,False,False,False,3,-0.034493101379724056,0.05644896619625861,0.0023023905110638454,0.07349028933243051,FLAT,True,69,29.0,IGNORE,NONE,,RED,C,NO_DEPLOY,CMF positive,Producer Manufacturing,24.3
PANAMAPET,450.75,475.05,476.9,445.15,True,False,False,True,False,False,1.5272711072940786,20.552351925,1.4101006106504501,False,-0.19197429281768202,False,44.29,True,1.1616896827582588,34.0,-0.34,0,True,▃▆▅▄█▆▃▅▇▄▁▃▅▆▇▄▁▄▇▇,False,False,False,0,-0.10325276037003872,0.04051246537396125,-0.06645726847925082,0.05755378851013315,FLAT,True,66,29.0,IGNORE,DISTRIBUTION,,RED,C,NO_DEPLOY,No standout factor,Process Industries,22.6
TINNARUBR,965.0,1034.0,1043.95,955.05,True,False,False,True,False,False,1.8148595542661217,8.3002545,1.7011478898323187,False,-0.20695342089521415,False,42.79,False,0.9125029322073657,27.0,-0.51,0,True,▄▆▆▇▆▆▇██▆▅▆▄▄▆▄▁▇▅▅,False,False,False,0,-0.09398178574781701,0.03413170444194402,-0.057186293857029113,0.051173027578115926,FLAT,True,65,29.0,IGNORE,DISTRIBUTION,,RED,C,NO_DEPLOY,No standout factor,Process Industries,22.6
THYROCARE,544.45,552.7,556.9,542.05,True,False,False,True,False,False,0.6337341195603198,10.582746875000002,0.5948113904331637,False,-0.22000962954123135,False,67.75,True,1.2503806509361706,98.0,2.05,0,True,▂▄▆▄▄▁▅▄▄█▅▄▆▅▅▅▅▆██,False,False,False,0,-0.10489108096999578,0.023402255639097813,-0.06809558907920787,0.04044357877526972,FLAT,True,62,29.0,IGNORE,SEED,,RED,C,NO_DEPLOY,Delivery P98,Health Services,27.6
SARDAEN,501.35,523.0,525.0,499.5,True,False,False,False,False,False,0.6587856547004153,19.069950220000003,0.6250336197657292,False,0.08725718251374524,False,50.96,True,1.0999827318252462,81.0,0.75,0,True,▄▇▅▄▅▄▄▆▅▆▅█▅▅▆▆▁▃▆▆,False,False,False,1,-0.03242304352021608,0.012521458143996966,0.004372448370571824,0.02956278128016887,FLAT,True,60,29.0,IGNORE,NONE,,RED,C,NO_DEPLOY,CMF positive,Non-Energy Minerals,28.3
GESHIP,1390.4,1415.0,1415.0,1375.0,True,True,True,True,False,False,1.2757836488115668,165.40156688000002,1.319608107410601,False,-0.17615082575760124,False,55.01,True,1.1482184975683065,72.0,0.5,0,False,▂▁▅▄▅▁▄▆▂█▄▇▆▅▆▅▆▆▆▆,False,False,False,0,0.0671578785785556,0.003971405877680745,0.1039533704693435,0.02101272901385265,UP,True,58,29.0,IGNORE,NONE,,RED,C,NO_DEPLOY,No standout factor,Transportation,28.8
MASTEK,1652.1,1661.0,1743.0,1642.1,False,False,False,False,False,False,0.7708694420767197,56.3878251,0.6943040554441113,False,0.30086514378431795,False,43.53,True,1.0009542752681744,37.0,-0.29,0,True,▇▇█▇▇███▁▅▃▄▆▅▇▆▅▅▆▆,False,False,False,1,-0.03807860262008744,0.007378048780487756,-0.0012831107292995414,0.02441937191665966,FLAT,True,58,29.0,IGNORE,NONE,,RED,C,NO_DEPLOY,CMF positive,Technology Services,21.0
INDOCO,241.39,263.02,265.92,238.5,True,False,True,True,False,False,0.2051978439339355,8.554330542,0.18616780466429814,False,0.2051474465214743,False,10.62,False,0.2842688508793062,3.0,-2.52,0,False,▅▆▄█▇▆█▇▇▇▇▁▃▆▅▇█▁▂▂,False,False,False,2,0.09147223729426646,0.003200066494888132,0.12826772918505436,0.020241389631060036,UP,True,57,29.0,IGNORE,NONE,,RED,C,NO_DEPLOY,CMF positive,Health Technology,30.5
DIXON,13180.0,13490.0,13575.0,13093.0,True,False,False,True,False,False,1.1671098724338183,568.767084,1.0681577066185548,False,-0.03117701460379657,False,45.45,True,1.150065157706955,87.0,1.24,0,True,▃▆▅█▃▄▅▇▃▆▂▁▅▄▅▄█▃▇▇,False,False,False,5,-0.06855123674911656,-0.004682072194532538,-0.03175574485832866,0.012359250941639366,FLAT,True,55,29.0,IGNORE,SEED,,RED,C,NO_DEPLOY,No standout factor,Electronic Technology,25.8
TEXINFRA,114.07,115.52,116.07,113.47,True,True,True,True,False,True,1.0460870291025715,2.5804573189999997,1.0310785805136902,False,-0.010087859839905377,False,48.56,False,0.7686706556494761,20.0,-0.86,0,False,▄▆▅▇▁▄█▆▄▇▆▅▄▆▂▇▆▁▃▃,False,False,False,4,0.06557683325548802,-0.009637089772530083,0.10237232514627592,0.007404233363641821,UP,True,54,29.0,IGNORE,NONE,,RED,C,NO_DEPLOY,No standout factor,Utilities,34.3
NIRLON,602.75,610.0,620.45,600.0,True,False,False,True,False,True,0.3285903677184922,0.184501775,0.3129280373388452,False,-0.23349237097062236,True,67.31,False,0.9440458909249014,26.0,-0.58,0,True,▄▂▄▂▄▅▄▃▄▅▄▆▁▆▆▇█▇▄▄,False,False,False,7,-0.0278225806451613,-0.020078036091692453,0.008972911245626602,-0.0030367129555205485,UP,False,51,29.0,IGNORE,NONE,,RED,C,NO_DEPLOY,No standout factor,Finance,28.2
BEL,406.3,411.55,413.85,406.0,True,False,False,False,False,True,1.0390138879998467,423.23271502,1.0297644185878565,False,0.042933210382216425,False,61.42,True,1.0945184973982465,90.0,1.3,0,False,▁▅▆▃▅▃█▂▅▆▅▅▁▁▃▁▅▃▆▆,False,False,False,0,0.0014789253142717396,-0.023903903903903845,0.03827441720505964,-0.006862580767731941,UP,False,50,29.0,IGNORE,SEED,,RED,C,NO_DEPLOY,"Delivery P90, CMF positive",Electronic Technology,25.8
SHRIRAMFIN,1023.0,1018.2,1034.8,1013.0,True,False,False,True,False,True,0.9901173197863781,357.8775222,0.929879843395893,False,-0.06976434456156747,True,57.19,False,0.9721561161351737,58.0,0.23,0,True,▂▄▂▂▅▄▁▂▅▇▃▆▆█▅▃▅▄▄▄,False,False,False,6,-0.0843179377013964,-0.023948096555672094,-0.047522445810608493,-0.0069067734195001895,FLAT,False,50,29.0,IGNORE,NONE,,RED,C,NO_DEPLOY,No standout factor,Finance,28.2
IOC,135.16,133.3,136.14,133.06,False,False,False,False,False,False,0.6561660413547998,66.992135096,0.6433422377589102,False,0.09990344050378462,True,46.42,False,0.8593113661606812,27.0,-0.64,0,True,▇█▆▃▄▄▁▄▄█▅▅▅█▆▃▂▅▂▂,False,False,False,0,-0.03869132290184918,-0.03339769720374752,-0.0018958310110612775,-0.01635637406757562,UP,False,48,29.0,IGNORE,NONE,,RED,C,NO_DEPLOY,CMF positive,Energy Minerals,25.9
HEXT,517.5,497.75,527.2,497.75,False,False,False,False,False,False,1.0275458938042272,22.8220605,0.9796333866731619,True,0.0646419096004622,True,49.34,True,1.211555697430294,50.0,-0.16,0,False,▆▄▅▅▁▃▅▆▅▆▆▆█▅▆▅▅▅▆▆,False,False,False,0,-0.06377204884667576,-0.043438077634011085,-0.026976556955887854,-0.02639675449783918,FLAT,False,46,29.0,IGNORE,NONE,,RED,C,NO_DEPLOY,CMF positive,Technology Services,21.0
JAGSNPHARM,225.83,234.6,234.99,223.16,True,False,False,True,False,True,0.5727982417202346,1.286576093,0.5428789835710492,False,-0.1511925038993657,True,52.24,True,1.0355833085538706,50.0,0.04,0,True,▁▇▅▆▃▅▃▆▅▃▃█▃▄▅▆▄▅▅▅,False,False,False,0,-0.02191519771319661,-0.053996313672922236,0.014880294177591291,-0.03695499053675033,UP,False,43,29.0,IGNORE,NONE,,RED,C,NO_DEPLOY,No standout factor,Health Technology,30.5
UPL,560.8,573.4,575.95,558.0,True,False,False,False,False,False,0.7954602547365928,89.10040871999999,0.7764956668127297,False,0.22984530549981347,True,56.61,True,1.0314575418841727,51.0,0.15,0,False,█▆▇▅▅▅▆▆▅█▁▆▇▇▆▇▆▇▆▆,False,False,False,0,0.001339166145879922,-0.06665557127402855,0.03813465803666782,-0.04961424813785664,UP,False,39,29.0,IGNORE,NONE,,RED,C,NO_DEPLOY,CMF positive,Process Industries,22.6
CARBORUNIV,1031.8,1085.0,1085.0,1021.0,True,False,False,True,False,False,0.9040904619355384,19.401348119999998,0.8327540585863535,False,-0.21539048877982475,True,52.56,True,1.0248410872362828,51.0,-0.03,0,True,▆▄▂▂▃█▂▆▁▃▂▅▁▂▁▂▁▂▃▃,False,False,False,0,-0.08365896980461818,-0.0671729500045204,-0.046863477913830276,-0.05013162686834849,UP,False,39,29.0,IGNORE,NONE,,RED,C,NO_DEPLOY,No standout factor,Process Industries,22.6
BLUESTARCO,1483.0,1559.5,1562.8,1475.3,True,False,False,False,False,False,1.0332721550153838,75.492115,1.0253301785250946,False,0.09584959565220416,True,38.69,False,0.8497133946807809,30.0,-0.6,0,True,▆▅▇▅▃▅▆▁▄▆▄▄▅▄▇▆█▆▄▄,False,False,False,0,-0.0066979236436705,-0.07624268095178777,0.0300975682471174,-0.05920135781561586,UP,False,36,29.0,IGNORE,NONE,,RED,C,NO_DEPLOY,CMF positive,Producer Manufacturing,24.3
IMPAL,1077.8,1113.2,1120.5,1074.9,True,False,False,True,False,True,0.7428325441239776,0.23248146,0.7129580258105254,False,0.042829007523791915,False,72.2,True,1.0488850148906805,66.0,0.48,0,True,▇▅▃▇▄▄█▇▆▃▇▇▇▇▄▁▅▂▆▆,False,False,False,0,-0.028483865152334698,-0.09031060094530718,0.008311626738453204,-0.07326927780913528,UP,False,31,29.0,IGNORE,NONE,,RED,C,NO_DEPLOY,CMF positive,Distribution Services,31.7
SFL,668.25,691.55,695.9,662.9,True,False,False,True,False,False,0.5750433910477152,10.678167225,0.572357416050227,False,0.0036043319645488615,False,49.51,True,1.0321894675395071,44.0,-0.16,0,True,▆▅▇▆▆▇▆██▇▇▆▆▇▇▁▄▆▇▇,False,False,False,0,-0.0008223684210525439,-0.10721442885771548,0.03597312346973536,-0.09017310572154358,UP,False,27,29.0,IGNORE,NONE,,RED,C,NO_DEPLOY,CMF positive,Process Industries,22.6
INOXWIND,74.35,76.88,76.94,73.72,True,False,False,False,False,False,0.7369673010742297,67.16830301499999,0.7411404058277382,False,0.0813455571618703,True,34.59,False,0.8869799346111931,42.0,-0.29,0,True,▃▄▃█▆▇▅▆▅▅▆▄▁▁▅▆▆▃▃▃,False,False,False,0,-0.008005336891260928,-0.13687021128395638,0.028790154999526973,-0.11982888814778447,UP,False,18,29.0,IGNORE,NONE,,RED,C,NO_DEPLOY,CMF positive,Producer Manufacturing,24.3
HDFCAMC,2407.9,2405.0,2424.6,2366.1,True,False,False,False,False,False,0.7679654353297328,152.81954061000002,0.7239177191055853,False,0.1753917216468798,True,55.36,False,0.9109158521736268,31.0,-0.48,0,True,▆▆▆▄▇▅▄▆▄▇▄▄▃█▅▇▁▃▄▄,False,False,False,0,-0.031026156941649896,-0.14009713591886286,0.005769334949138005,-0.12305581278269095,UP,False,17,29.0,IGNORE,NONE,,RED,C,NO_DEPLOY,CMF positive,Finance,28.2
BANDHANBNK,172.45,177.0,179.11,172.24,True,True,False,False,False,False,1.3203025230011745,178.047433835,1.3298623315884333,False,0.009171149008841875,False,57.58,True,1.37319199170075,96.0,1.75,0,False,▇▄▃▄▃▄▄▆▆█▅▇▁▆▃▄▃███,False,False,False,0,0.0114369501466276,-0.15919063871282302,0.0482324420374155,-0.14214931557665111,UP,False,13,29.0,IGNORE,SEED,,RED,C,NO_DEPLOY,"Delivery P96, CMF positive",Finance,28.2
BRIGADE,612.25,642.05,648.95,610.0,True,False,False,False,False,False,0.2422815391147796,12.35655195,0.22022149031132612,False,0.23232582892618406,True,38.82,True,1.0432258844711984,23.0,-0.73,0,False,▆█▄▄▄▄▆▄▅▄▄▂▃▁▃▃▅▄▄▄,False,False,False,1,0.039650195279334444,0.18561192873741295,0.07644568717012235,0.20265325187358485,FLAT,True,84,28.0,IGNORE,NONE,,RED,C,NO_DEPLOY,CMF positive,Finance,28.2
IIFL,581.05,599.0,599.0,573.3,True,False,False,True,False,False,0.6174892355749331,125.046898925,0.5536085229514932,False,-0.07544469351155758,True,53.05,True,1.1114719408332372,83.0,0.95,0,False,▇▇▅▁▃▄▇█▆▇▆▆▇▆▂▄▇▅▇▇,False,False,False,4,-0.06636137221820526,0.10781696854146805,-0.02956588032741736,0.12485829167763995,FLAT,True,77,28.0,IGNORE,NONE,,RED,C,NO_DEPLOY,No standout factor,Finance,28.2
WESTLIFE,556.1,569.95,579.8,550.0,True,False,True,True,False,False,0.8328569687759131,4.67496587,0.8131826706481666,False,0.03214733645224153,False,53.78,True,1.0451241789420498,74.0,0.42,0,True,▅▇▆█▄▄▃▅▄▆▃▄▃▅▃▅▁▅▅▅,False,False,False,2,-0.05384942577626539,0.09511618747538408,-0.01705393388547749,0.11215751061155599,FLAT,True,76,28.0,IGNORE,NONE,,RED,C,NO_DEPLOY,CMF positive,Consumer Services,29.2
ANANTRAJ,585.9,601.05,605.3,583.05,True,False,False,True,False,False,0.6298990319257353,105.05866644,0.5918851313550121,False,0.04261478177469882,False,44.4,True,1.0859064506267195,87.0,1.07,0,False,▆▅▆▆▆▅▆▆▅▆▆▅▁▂▄▆█▆▆▆,False,False,False,6,-0.06562475081731911,0.08883107229139564,-0.02882925892653121,0.10587239542756754,FLAT,True,75,28.0,IGNORE,SEED,,RED,C,NO_DEPLOY,CMF positive,Consumer Durables,20.7
LMW,17103.0,17790.0,17797.0,17022.0,True,False,False,True,False,True,0.47834139703658907,4.3287693,0.4327107043992604,False,-0.3747593633967542,True,55.79,True,1.1072959669736424,53.0,0.07,0,True,▄▂▆▅▂▄▄▃▄▂▂▃▁▄▆▄█▇▅▅,False,False,False,1,-0.13393761393558845,0.08604267208534422,-0.09714212204480055,0.10308399522151612,FLAT,True,74,28.0,IGNORE,NONE,,RED,C,NO_DEPLOY,No standout factor,Producer Manufacturing,24.3
JAYNECOIND,88.63,90.79,90.79,87.5,True,False,False,True,False,False,0.3994930467928762,25.294434768,0.3757923886261414,False,0.01380874716743005,False,49.21,True,1.1208673568166547,81.0,0.84,0,True,▅▇█▂▄▅▃▄▇▅▃▅▂▁▄▆▇▇██,False,False,False,2,-0.017732461487310336,0.016166016968585106,0.019063030403477565,0.03320734010475701,FLAT,True,60,28.0,IGNORE,NONE,,RED,C,NO_DEPLOY,CMF positive,Non-Energy Minerals,28.3
MUNJALAU,103.8,106.64,108.24,103.09,True,False,False,True,False,True,0.37848693850198845,3.10747098,0.3423229254397402,False,-0.28910877701759014,True,46.41,True,1.4006337709370753,60.0,0.41,0,True,▁▄▂▄▇▅▄▇▄▄▃▆▅▆▂█▇▆██,False,False,False,0,-0.12323675986147486,-0.0013469309216855851,-0.08644126797068696,0.01569439221448632,FLAT,True,56,28.0,IGNORE,NONE,,RED,C,NO_DEPLOY,No standout factor,Producer Manufacturing,24.3
PIXTRANS,1734.0,1722.2,1757.0,1710.0,False,False,False,True,False,True,0.8675179088604547,2.248998,0.8344687390139507,False,-0.30435628044634155,True,61.55,True,1.0997060899239763,61.0,0.36,0,True,▄▅▆▇█▃▁▃▅▃▆▅▇▅▇█▅▇▇▇,False,False,False,0,-0.08000848896434631,-0.006588370094528839,-0.04321299707355841,0.010452953041643065,FLAT,True,54,28.0,IGNORE,NONE,,RED,C,NO_DEPLOY,No standout factor,Producer Manufacturing,24.3
MAHSCOOTER,12882.0,13027.0,13230.0,12750.0,True,False,False,False,False,False,1.2997392585874616,5.9076852,1.2437998638958216,False,-0.2350606814276817,True,57.95,True,1.138853678428598,76.0,0.7,0,True,▅▅▆▆▃▃▁▄▃▄▅▇▃█▆▆▃▆▆▆,False,False,False,0,-0.026009375472554108,-0.010751036707111084,0.010786116418233793,0.006290286429060821,UP,True,53,28.0,IGNORE,NONE,,RED,C,NO_DEPLOY,No standout factor,Producer Manufacturing,24.3
IGL,150.03,151.98,152.42,149.0,True,False,False,False,False,False,0.441679015651137,16.037741907,0.4362280534977269,False,-0.1844299948090026,True,63.78,True,1.2611721901447444,91.0,1.1,0,False,▆▁▆▇█▅▆▆█▂▄▆▅▄▅▅▆▅▇▇,False,False,False,0,0.0042840886270836265,-0.014775413711583973,0.04107958051787153,0.0022659094245879308,UP,True,52,28.0,IGNORE,SEED,,RED,C,NO_DEPLOY,Delivery P91,Utilities,34.3
RICOAUTO,128.58,133.97,135.7,128.21,True,False,False,True,False,False,0.6782620427100801,8.274303012,0.6662154224227665,False,0.003552149051501116,True,32.42,False,0.9256509821836455,61.0,0.26,0,True,▄▇▂▃▆▂▁▃▂▁▄▄▄▃▆█▇▃▃▃,False,False,False,0,-0.03555355535553539,-0.01809851088201586,0.001241936535252508,-0.0010571877458439571,UP,False,51,28.0,IGNORE,NONE,,RED,C,NO_DEPLOY,CMF positive,Producer Manufacturing,24.3
MIDHANI,405.85,448.35,450.5,402.15,True,False,False,True,False,True,0.9776700981280102,111.48504692,0.8536668553147682,False,0.3666422658662292,False,37.12,True,1.037712113164295,48.0,-0.04,0,False,▆▇█▆██▄▆█▆▇▆▅▆▆▁▃▃▆▆,False,False,False,1,-0.07234285714285704,-0.022636965683323296,-0.03554736525206914,-0.0055956425471513915,FLAT,False,50,28.0,IGNORE,NONE,,RED,C,NO_DEPLOY,CMF positive,Non-Energy Minerals,28.3
PENIND,167.3,175.54,175.58,166.69,True,False,True,False,False,False,0.6631813056339676,5.658671550000001,0.6592097792487479,False,0.051103668988022946,False,43.22,False,0.8609990537377359,30.0,-0.34,0,False,▅▃▄▆▃██▃▅▄▅▂▅▇▂▄▁▄▃▃,False,False,False,3,0.09712112269657025,-0.03800816514288996,0.13391661458735815,-0.020966842006718056,UP,False,47,28.0,IGNORE,NONE,,RED,C,NO_DEPLOY,CMF positive,Non-Energy Minerals,28.3
NESCO,1087.7,1112.0,1132.3,1081.6,True,True,True,False,False,False,1.4095016104733662,8.40585437,1.4380305274740655,False,-0.11940455310637167,False,63.59,True,1.184778052075085,91.0,1.11,0,False,▇▅█▇▆▆█▇▁▇▅▅▆▇▅▅▇▆██,False,False,False,0,0.051222576592248936,-0.048714360678677626,0.08801806848303684,-0.03167303754250572,UP,False,44,28.0,IGNORE,SEED,,RED,C,NO_DEPLOY,Delivery P91,Producer Manufacturing,24.3
HAWKINCOOK,8295.0,8455.5,8484.0,8250.0,True,False,True,True,False,True,1.4573396926338102,2.0530125,1.4631486657822403,False,-0.02429084291806646,False,80.56,True,1.2396993082859493,88.0,1.11,0,True,████▆▄▅▂▂▆▅▄▁▃▂▄▃▆██,False,False,False,0,-0.008960573476702538,-0.052000000000000046,0.027834918414085363,-0.03495867686382814,UP,False,43,28.0,IGNORE,SEED,,RED,C,NO_DEPLOY,No standout factor,Producer Manufacturing,24.3
INDRAMEDCO,354.55,355.0,360.0,351.35,True,False,False,False,False,False,1.521267461725494,9.190467825,1.4877410909308832,False,-0.11353895628438114,False,63.52,True,1.1266406527137285,88.0,1.11,0,False,█▂▂▆▃▁▅▅▆▆▄▄▄█▄▄▅▃▇▇,False,True,False,0,-0.03902967881826802,-0.06414148079714932,-0.0022341869274801196,-0.047100157660977415,UP,False,40,28.0,IGNORE,DISTRIBUTION,,RED,C,NO_DEPLOY,No standout factor,Health Services,27.6
NTPC,333.0,331.1,337.5,330.9,False,False,False,False,False,False,1.3977196345478295,383.360589,1.3927164403999295,True,0.056666399977910016,False,69.03,True,1.152507283518795,85.0,1.05,0,False,▆▅▅▆▅▃▁▇▅▃▅▅▆▇▆▆▆███,False,False,False,0,-0.01900132567388424,-0.06957250628667222,0.017794166216903662,-0.052531183150500316,UP,False,38,28.0,IGNORE,SEED,,RED,C,NO_DEPLOY,CMF positive,Utilities,34.3
COCHINSHIP,1325.0,1389.0,1389.0,1320.0,True,False,False,False,False,False,1.8870734631029487,263.55946,1.6955213459003509,False,-0.254888164164713,False,40.86,True,1.2228407254444245,87.0,1.19,0,False,▁▆▇▄█▅▆▃▇▄▄▄▂▃▃▄▇▃▇▇,False,False,False,7,-0.10780418827015015,-0.08348896728228539,-0.07100869637936225,-0.06644764414611348,FLAT,False,34,28.0,IGNORE,DISTRIBUTION,,RED,C,NO_DEPLOY,No standout factor,Producer Manufacturing,24.3
BHARATFORG,1877.2,1944.9,1950.0,1869.1,True,False,False,True,False,False,0.3220834148896213,54.85966824,0.2990730067417382,False,0.12403245343239794,False,40.07,False,0.707538007875267,18.0,-0.88,0,True,▅▆▄▂▆▅▄▆▂█▆█▄▄▆▆▂▃▁▁,False,False,False,0,-0.10310559006211173,-0.10982549317147194,-0.06631009817132383,-0.09278417003530004,UP,False,26,28.0,IGNORE,NONE,,RED,C,NO_DEPLOY,CMF positive,Producer Manufacturing,24.3
KICL,4846.5,5065.0,5198.0,4802.0,True,False,False,False,False,False,1.993524220684401,0.7609005,1.8579682489575216,False,-0.276315026557088,False,74.4,True,1.16109398774921,87.0,1.21,0,True,▆▃▃▇▂▂▃▆▄▃▂▁▃▄▃▄█▄▆▆,False,False,False,0,-0.08720218476316033,-0.112281344445462,-0.05040669287237243,-0.0952400213092901,UP,False,24,28.0,IGNORE,DISTRIBUTION,,RED,C,NO_DEPLOY,No standout factor,Finance,28.2
OBEROIRLTY,1668.5,1746.0,1749.5,1668.5,True,False,False,False,False,True,0.8133986004631306,60.4657726,0.7290036307884838,False,0.027757342193876933,True,45.92,False,0.9637745036309449,42.0,-0.12,0,True,▁▂▅▆▆▅▅▆▆█▅▅▆▅▇▅▄▅▅▅,False,False,False,0,-0.10199138858988155,-0.12479018044481749,-0.06519589669909365,-0.10774885730864558,UP,False,21,28.0,IGNORE,NONE,,RED,C,NO_DEPLOY,CMF positive,Finance,28.2
DRREDDY,1145.0,1163.7,1168.5,1141.0,True,False,False,False,False,False,1.6969792044000798,207.34347,1.6609106422976558,False,-0.1910466303783725,False,38.16,False,0.6912354747262501,8.0,-1.62,0,False,▅▄▅▅▆▄▅▄▂▆▁▅▄▅▂▄▅█▁▁,False,True,False,0,-0.02867322701051911,-0.15628914597303067,0.008122264880268792,-0.13924782283685877,UP,False,14,28.0,IGNORE,DISTRIBUTION,,RED,C,NO_DEPLOY,No standout factor,Health Technology,30.5
LUXIND,1056.7,1139.8,1139.8,1052.2,True,False,False,False,False,False,1.9615021223188978,3.6745685800000003,1.7459181692146868,False,-0.372370640467302,False,62.38,True,1.181954260378574,88.0,0.98,0,True,▂▄▇▅▄▄▇▅▁█▄▆▁▅▆▆▆▇██,False,False,False,0,-0.14012531532264627,-0.16340748950993578,-0.10332982343185837,-0.14636616637376387,UP,False,13,28.0,IGNORE,DISTRIBUTION,,RED,C,NO_DEPLOY,No standout factor,Consumer Non-Durables,28.4
ADANIGREEN,1283.9,1292.6,1302.4,1273.2,True,False,False,True,False,False,0.6520047072574678,124.51557497,0.6461310514574262,False,0.0549490435737609,False,37.35,False,0.9953497048594917,82.0,0.72,0,True,▁▁▄▁▂▆▅▁▂█▂▁▂▂▄▂▂▃▃▃,False,False,False,0,-0.04755192878338277,-0.1749775093175684,-0.010756436892594867,-0.1579361861813965,UP,False,10,28.0,IGNORE,NONE,,RED,C,NO_DEPLOY,CMF positive,Utilities,34.3
PSPPROJECT,821.3,850.0,854.85,813.0,True,False,False,False,False,False,1.5796352604170194,4.78941095,1.4603277600959195,False,-0.4394586482761571,False,62.86,True,1.1495661238261567,92.0,1.19,0,True,▄▇█▆▇▆▇▇█▄▁▆▆▃█▆▁▄██,False,False,False,0,-0.12845545710192607,-0.2333613366937366,-0.09165996521113817,-0.2163200135575647,UP,False,4,28.0,IGNORE,DISTRIBUTION,,RED,C,NO_DEPLOY,Delivery P92,Industrial Services,34.0
SPANDANA,226.96,235.37,235.51,226.15,True,False,False,False,False,False,1.85539045366058,4.272158864,1.7516767660876997,False,-0.23758223640253612,False,54.56,True,1.0633819287440553,76.0,0.71,0,True,▆▄▄▁▃▃▁▅▃▆▆▄▆▄▆▅█▄▅▅,False,False,False,0,-0.055710422300811246,-0.23466531782161526,-0.018914930410023345,-0.21762399468544336,UP,False,4,28.0,IGNORE,DISTRIBUTION,,RED,C,NO_DEPLOY,No standout factor,Finance,28.2
ASALCBR,661.9,676.7,690.15,660.3,True,False,False,False,False,False,1.6624854154824538,2.5747248099999998,1.5628414273914655,False,-0.16409145237902845,False,61.07,True,1.043467860438096,81.0,0.84,0,True,▆▆▅▄▄▃▅█▇█▇▆▄▅▃▅▄▁▆▆,False,False,False,0,-0.08311400470979358,-0.23231268847135245,-0.046318512819005675,-0.21527136533518054,UP,False,4,28.0,IGNORE,DISTRIBUTION,,RED,C,NO_DEPLOY,No standout factor,Consumer Non-Durables,28.4
MBAPL,155.82,161.99,163.1,153.98,True,False,False,False,False,False,1.5012062980341379,18.789772848,1.426166195973246,False,-0.1250975897305,False,56.75,False,0.9985132270012052,82.0,0.9,0,True,▄▅▄▅▃▁▅▄▄▂▃█▃▃▃▃▆▄▄▄,False,False,False,0,-0.04093063334769498,0.3807709348692956,-0.004135141456907077,0.3978122580054675,FLAT,True,95,27.0,IGNORE,DISTRIBUTION,,RED,C,NO_DEPLOY,RS leader,Process Industries,22.6
CNL,1068.6,1133.6,1139.2,1050.1,True,False,False,True,False,False,0.5869446284085347,2.1782342399999997,0.5160938498427977,False,-0.23364061589144136,False,45.23,False,0.9500204791060606,17.0,-0.77,0,True,▆▄▅▅▆▃▄▄▁▂▅▆▇█▇▅▆▇▅▅,False,False,False,3,-0.15468892140964297,0.3689469638739429,-0.11789342951885506,0.3859882870101148,FLAT,True,94,27.0,IGNORE,NONE,,RED,C,NO_DEPLOY,RS leader,Distribution Services,31.7
UTLSOLAR,421.9,445.0,447.8,419.05,True,False,True,True,False,True,1.0954483067405145,14.43062541,1.0189345338040656,False,-0.30784206130549036,False,45.45,False,0.980730638931446,24.0,-0.62,0,False,▂▁▁▅▆▆▆▅▇▇▆▄▇██▂▆▄▄▄,False,False,False,2,-0.10614406779661023,0.2564026206075043,-0.06934857590582233,0.2734439437436762,FLAT,True,90,27.0,IGNORE,NONE,,RED,C,NO_DEPLOY,RS leader,Electronic Technology,25.8
FERMENTA,473.0,478.0,479.0,468.0,True,False,True,True,False,True,0.5994078357634602,2.818134,0.58246192782992,False,-0.0001396322126984256,False,60.31,True,1.1775157171306965,68.0,0.39,0,True,▂▇▅▆▅▅█▃▂▃▁▃▃▄▄▅▂▆▇▇,False,False,False,0,0.030501089324618702,0.21204356181934658,0.0672965812154066,0.2290848849555185,FLAT,True,87,27.0,IGNORE,NONE,,RED,C,NO_DEPLOY,No standout factor,Health Technology,30.5
TECHNVISN,4549.0,4700.0,4874.0,4549.0,True,False,False,False,False,False,1.7151431209602954,0.3379907,1.5525170771184995,False,-0.10524989548561922,False,90.07,True,1.3681796087009355,84.0,0.9,0,True,▁▂▅▄▅▆▄▃▆▄▄▄▃▅▅▃▄▄██,False,False,False,0,-0.11190504080278008,0.21306666666666674,-0.07510954891199217,0.23010798980283864,FLAT,True,87,27.0,IGNORE,DISTRIBUTION,,RED,C,NO_DEPLOY,No standout factor,Technology Services,21.0
VRLLOG,283.6,288.3,289.0,282.55,True,False,True,True,False,True,0.8341675185534299,3.11835216,0.8024944746861561,False,-0.06937614239150545,False,68.38,True,1.114897363572628,88.0,1.12,0,True,▁▃▃▇▃▄▇▄▃▃▄▃▅█▅▅▄▇▆▆,False,False,False,1,-0.04672268907563015,0.19521240728253542,-0.009927197184842251,0.21225373041870732,FLAT,True,86,27.0,IGNORE,SEED,,RED,C,NO_DEPLOY,No standout factor,Transportation,28.8
TTKHLTCARE,1074.6,1119.0,1125.9,1067.9,True,False,True,True,False,True,0.6396713725860522,3.6395627399999997,0.5976530771206087,False,-0.16390513763223075,False,49.18,False,0.8961615204497209,8.0,-1.33,0,True,▄▅▅▃▄▄█▄▆▂▂▃▅▄█▃▁▃▃▃,False,False,False,3,-0.03545462705322677,0.15411878423370196,0.0013408648375611287,0.17116010736987386,FLAT,True,82,27.0,IGNORE,NONE,,RED,C,NO_DEPLOY,No standout factor,Health Technology,30.5
SMARTWORKS,518.7,539.0,540.35,517.5,True,False,True,True,False,True,0.3769814559685469,2.04808695,0.36413024045357234,False,-0.05080849368384951,False,64.41,True,1.1093027461313907,73.0,0.6,0,False,▆▆▇▆▅▁▃▅▄▄██▇▅▅▅▅▇▇▇,False,False,False,6,0.020058997050147687,0.11548387096774193,0.05685448894093559,0.13252519410391383,FLAT,True,78,27.0,IGNORE,NONE,,RED,C,NO_DEPLOY,No standout factor,Finance,28.2
LTFOODS,421.05,439.9,440.0,420.1,True,False,False,True,False,True,0.1372034153490727,15.859227195000003,0.1268653198625778,False,-0.014937004907215648,False,41.31,True,1.109752985265081,41.0,-0.07,0,False,█▆▆▆▁▃▄▆▄▅▆▆▆▆▅▅▆▇▆▆,False,False,False,6,-0.012315270935960632,0.10366972477064218,0.02448022095482727,0.12071104790681408,FLAT,True,77,27.0,IGNORE,NONE,,RED,C,NO_DEPLOY,No standout factor,Process Industries,22.6
INDOTECH,3377.2,3522.9,3544.3,3346.8,True,False,False,True,False,True,1.4802204418994371,10.336258319999999,1.3369869223538373,False,-0.2439065962780469,False,60.85,True,1.0080929069025786,63.0,0.42,0,True,▇▆▂▃▂▆▄▄▇▅▅█▄▆▆▁▇█▅▅,False,False,False,2,-0.10863597972972983,0.10760552294119563,-0.07184048783894192,0.12464684607736753,FLAT,True,77,27.0,IGNORE,NONE,,RED,C,NO_DEPLOY,No standout factor,Producer Manufacturing,24.3
AMAGI,569.9,581.25,587.85,567.05,True,False,False,True,False,False,0.38513385691866736,16.6028967,0.3742289251553335,False,0.004110108592838148,True,37.36,False,0.9037689293144322,23.0,-0.73,0,True,▄▆▄▁▃▃▄▅▄█▄▄▂▄▆▄▆▄▃▃,False,False,False,0,-0.019273791085871683,0.08842627960275018,0.017521700804916218,0.10546760273892208,FLAT,True,75,27.0,IGNORE,NONE,,RED,C,NO_DEPLOY,CMF positive,Technology Services,21.0
IMAGICAA,50.43,52.35,52.68,50.05,True,False,False,True,False,False,0.21187693810686695,3.460496514,0.1846051409521536,False,0.34708043458287546,False,57.65,True,1.1954752351032172,63.0,0.37,0,False,█▂▆▄▄▆█▂▁▄▄▅▅▅▄▆▅▅▆▆,False,False,False,1,0.09297789336801032,0.08335123523093446,0.12977338525879822,0.10039255836710637,UP,True,74,27.0,IGNORE,NONE,,RED,C,NO_DEPLOY,CMF positive,Consumer Services,29.2
LANDMARK,470.35,490.0,493.95,470.0,True,False,False,False,False,False,0.7195724286565618,2.887949,0.6645405537279505,False,-0.13550280066215384,False,70.16,True,1.510506372717878,94.0,1.48,2,True,▂▃▃▃▂▁▂▄▄▁▁▃▃▄▅▃▆▂██,False,False,False,0,-0.08367426456263383,0.08500576701268758,-0.046878772671845925,0.10204709014885949,FLAT,True,74,27.0,IGNORE,SEED,DEL70% ▂▃▃▃▂▁▂▄▄▁▁▃▃▄▅▃▆▂██ P94 Z+1.5 2D,RED,C,NO_DEPLOY,"Delivery P94, 2D high delivery",Retail Trade,31.1
STYLAMIND,3281.2,3341.0,3359.7,3252.1,True,False,False,True,False,True,0.8310903958511127,10.384998,0.779987718419926,False,-0.05138924284461216,False,60.68,True,1.1927389949778378,61.0,0.25,0,True,▅▅▆█▆▅▅▄▃▅▄▅▃▁▂▆▂▆▇▇,False,False,False,0,-0.12182849801948403,0.06408094435075884,-0.08503300612869613,0.08112226748693074,FLAT,True,70,27.0,IGNORE,NONE,,RED,C,NO_DEPLOY,No standout factor,Non-Energy Minerals,28.3
SJS,2311.7,2357.1,2369.7,2290.2,True,False,False,True,False,True,1.2279447060807742,35.007922459999996,1.1658609801247977,False,-0.1496319019540024,False,52.27,False,0.9091699714742921,49.0,-0.04,0,True,▁▃▅▇▆▄▅▅▅▃▂▃█▂▂▂▃▆▃▃,False,False,False,5,-0.07539396848252145,0.04682334827695489,-0.038598476591733544,0.0638646714131268,FLAT,True,67,27.0,IGNORE,NONE,,RED,C,NO_DEPLOY,No standout factor,Producer Manufacturing,24.3
UJJIVANSFB,64.07,65.71,66.56,63.85,True,False,False,True,False,True,0.5338125973872003,48.745666922999995,0.5098946509112755,False,-0.2100550090758086,False,49.91,False,0.9997095614377709,50.0,-0.0,0,True,▄▄▁▇▆▇▂▆█▅▆▄█▆▅▂▃▄▅▅,False,False,False,3,-0.11419881100511553,0.03975981824083075,-0.07740331911432763,0.05680114137700265,FLAT,True,66,27.0,IGNORE,NONE,,RED,C,NO_DEPLOY,No standout factor,Finance,28.2
PETRONET,283.95,287.05,288.4,280.5,True,False,False,True,False,True,0.6230982469795471,33.23572281,0.6090636213601351,False,-0.02007048193144335,False,57.9,False,0.9914298678949666,53.0,0.17,0,True,▇▅▆▆▁▃▂▆▆█▂▅▃▆▄▂▃▆▄▄,False,False,False,7,-0.00803493449781667,0.015557939914162988,0.02876055739297123,0.03259926305033489,FLAT,True,60,27.0,IGNORE,NONE,,RED,C,NO_DEPLOY,No standout factor,Utilities,34.3
ATLANTAELE,1660.0,1765.1,1784.2,1652.2,True,False,False,True,False,False,0.7005151682181601,17.605296,0.641730820746526,False,0.011587574148199126,True,54.48,True,1.1217377876151746,77.0,0.72,0,False,▅▅▂▂▄▅▃▇▄▁▃▃▂▄▅█▃▅▆▆,False,False,False,1,-0.06447249774571695,0.0032636286715823637,-0.02767700585492905,0.020304951807754268,FLAT,True,57,27.0,IGNORE,NONE,,RED,C,NO_DEPLOY,CMF positive,Producer Manufacturing,24.3
NSIL,5409.5,5623.0,5623.0,5400.0,True,False,False,False,False,False,0.843961661341853,0.89310845,0.8055909485321304,False,-0.15971195799453028,False,77.9,True,1.153177158506347,96.0,1.67,0,True,▆▅▆▂▁▄▂▄▃▇▃▇▅█▅▆██▇▇,False,False,False,7,-0.026805792929747274,0.0005548876352539089,0.009989698961040627,0.017596210771425813,FLAT,True,56,27.0,IGNORE,SEED,,RED,C,NO_DEPLOY,Delivery P96,Finance,28.2
NPST,1639.5,1698.9,1700.0,1630.0,True,False,True,True,False,False,0.5638682774268718,4.52256075,0.5535026781090387,False,-0.13859736226139682,False,60.0,True,1.2457437089942696,79.0,0.74,0,False,▅▆▇▆█▅▁▅▄▅▆▂▅▅▅▅▄▄▇▇,False,False,False,4,0.03048397234443745,-0.001522533495736944,0.06727946423522535,0.01551878964043496,UP,True,55,27.0,IGNORE,NONE,,RED,C,NO_DEPLOY,No standout factor,Technology Services,21.0
DATAPATTNS,4358.8,4829.0,4829.0,4306.0,True,False,False,True,False,True,1.292370112813517,479.57958528,1.1849118108647787,False,-0.015765536058635506,False,22.32,False,0.893461161259332,41.0,-0.35,0,True,▆▆▄▃█▅▁▄▅█▆▃▃▄▄▅▄▄▄▄,False,False,False,3,-0.0798784091868614,-0.00866519593349846,-0.0430829172960735,0.008376127202673445,FLAT,True,54,27.0,IGNORE,NONE,,RED,C,NO_DEPLOY,No standout factor,Electronic Technology,25.8
GAEL,158.72,163.01,163.4,157.16,True,False,False,True,False,True,0.5821320237421672,9.566276607999999,0.5295995974563754,False,-0.08867698773265506,False,52.89,True,1.126913611812458,73.0,0.53,0,True,▄▅▅▅▄▇▆▅▇▁▅▅▅▆█▄▇▅▇▇,False,False,False,1,-0.10711071107110703,-0.016117034465658264,-0.07031521918031913,0.0009242886705136399,FLAT,True,52,27.0,IGNORE,NONE,,RED,C,NO_DEPLOY,No standout factor,Consumer Non-Durables,28.4
NORTHARC,294.2,305.9,308.2,292.0,True,False,False,True,False,True,0.3834855254648033,30.770142639999996,0.372245450269236,False,0.04452235276271581,False,55.35,True,1.0852834776129645,60.0,0.33,0,False,█▇▇▇█▇▄▇▇▁▆▆▆▆▆▆▆▆▇▇,False,False,False,0,0.017289073305670755,-0.03430165763991466,0.054084565196458656,-0.017260334503742758,UP,False,48,27.0,IGNORE,NONE,,RED,C,NO_DEPLOY,CMF positive,Finance,28.2
JKIL,473.15,483.55,486.95,470.0,True,False,False,False,False,False,1.1523765999767752,2.9111500049999997,1.0976594352806133,False,-0.3455574652214714,True,67.52,True,1.1149825783972125,89.0,1.09,0,True,▂▁▃▃▁▅█▆▃▆▅▆▅▅▄▄▅▅▆▆,False,False,False,5,-0.05915689003778091,-0.06353290450272142,-0.022361398146993006,-0.04649158136654952,UP,False,40,27.0,IGNORE,SEED,,RED,C,NO_DEPLOY,No standout factor,Industrial Services,34.0
TATACOMM,1748.2,1767.9,1819.8,1742.4,True,True,False,True,False,False,1.1504723679390483,49.98995382,1.1770214468169997,False,0.016578510079627476,False,50.14,False,0.8866881825014369,44.0,-0.09,0,True,▅▄▁▃▂▆▃▂▅▃▅█▅▁▄▆▁▃▂▂,False,False,False,0,0.03456030299443724,-0.08322408096911216,0.07135579488522514,-0.06618275783294025,UP,False,34,27.0,IGNORE,NONE,,RED,C,NO_DEPLOY,CMF positive,Communications,33.3
TRUALT,411.65,415.0,428.0,400.0,True,False,False,False,False,False,1.5801766147765133,9.22565281,1.4811502140052695,False,-0.3026640226224981,True,60.43,True,1.0961562879791036,81.0,0.78,0,True,▁▅▆▇▁▂▄██▅▅▂▇▅▃▃▇▃▇▇,False,False,False,0,-0.13245521601685994,-0.09725877192982457,-0.09565972412607204,-0.08021744879365267,FLAT,False,30,27.0,IGNORE,NONE,,RED,C,NO_DEPLOY,No standout factor,Process Industries,22.6
ELCIDIN,102210.0,105035.0,105500.0,102210.0,True,False,False,False,False,False,1.342281879194631,0.10221,1.2659968192155053,False,-0.019748807843555684,True,100.0,True,1.2332661203297755,100.0,1.56,0,True,▅▆█▆█▃██▅▁▂▂█▁▄█▄▃██,False,False,False,0,-0.0675971538040504,-0.0972443031266561,-0.0308016619132625,-0.0802029799904842,UP,False,30,27.0,IGNORE,SEED,,RED,C,NO_DEPLOY,Delivery P100,Finance,28.2
PGEL,518.0,543.75,545.0,515.15,True,False,False,False,False,False,0.819538035459011,43.3715184,0.7367017324872723,False,-0.20112644662364992,True,42.58,True,1.1317244312141186,90.0,1.42,0,True,▃▂▆▆▄▂▃▁▅▆▂█▅▄▃▅▅▅▆▆,False,False,False,0,-0.13232830820770525,-0.10473556861389566,-0.09553281631691735,-0.08769424547772375,FLAT,False,27,27.0,IGNORE,SEED,,RED,C,NO_DEPLOY,Delivery P90,Electronic Technology,25.8
STYRENIX,2034.2,2114.4,2130.1,2018.3,True,False,False,False,False,False,0.5902954534277729,4.51714452,0.5800156774801072,False,-0.22768223509150343,True,75.51,True,1.2960086503557116,98.0,2.0,0,True,▁▅▆▃▃▃▄▇▅▃▂▆▅▅▅▂▆▄██,False,False,False,0,-0.05706206832614846,-0.10498064061950019,-0.02026657643536056,-0.08793931748332828,UP,False,27,27.0,IGNORE,SEED,,RED,C,NO_DEPLOY,Delivery P98,Process Industries,22.6
VSTTILLERS,4030.3,4030.1,4085.0,4009.4,True,False,False,False,False,False,1.138376442753461,2.86997663,1.0762627331855006,False,-0.43019510390126153,True,68.28,True,1.146628378548578,95.0,1.65,0,True,▅▄▄█▅▄▄▆█▅▁▃▃▅▅▆▅▅▇▇,False,False,False,0,-0.09903203451590548,-0.11109395677106304,-0.062236542625117575,-0.09405263363489114,UP,False,25,27.0,IGNORE,SEED,,RED,C,NO_DEPLOY,Delivery P95,Producer Manufacturing,24.3
LAXMIDENTL,197.46,202.14,205.0,196.0,True,False,False,False,False,False,0.8040766841041543,1.29583125,0.8042512592797192,False,-0.1184974893404008,True,59.53,True,1.0851455549681912,91.0,1.21,0,True,▅█▂▃██▄▅▅▂▄▄▃▄▆▅▆▁▇▇,False,False,False,0,-0.004687736277030008,-0.11070077463520078,0.03210775561375789,-0.09365945149902888,UP,False,25,27.0,IGNORE,SEED,,RED,C,NO_DEPLOY,Delivery P91,Health Services,27.6
GATEWAY,52.49,53.5,54.0,52.35,True,False,False,False,False,False,0.5906027187628006,2.840743053,0.5763261907760865,False,-0.22665805687995555,True,69.18,True,1.1209864940410124,94.0,1.46,0,True,▇▅▅▇█▇▃▅█▄▄▄▅▄▅▁▄▄▆▆,False,False,False,0,-0.03705742065676021,-0.1318226926893814,-0.00026192876597230796,-0.1147813695532095,UP,False,19,27.0,IGNORE,SEED,,RED,C,NO_DEPLOY,Delivery P94,Transportation,28.8
BANSALWIRE,303.7,307.9,311.9,298.0,True,False,False,False,False,False,1.3731929601420292,2.51815892,1.3225545759677457,False,-0.24025567515437063,True,64.77,True,1.1212574979875531,91.0,1.05,0,True,▅▄▃▁▆▅▅▂▃▅▃▂▇█▅▆▅▅▇▇,False,False,False,0,-0.05389408099688475,-0.14245376253000142,-0.01709858910609685,-0.1254124393938295,UP,False,16,27.0,IGNORE,SEED,,RED,C,NO_DEPLOY,Delivery P91,Non-Energy Minerals,28.3
IPL,132.68,134.1,134.28,132.01,True,False,False,False,False,False,1.2229821322325203,1.322713456,1.1793624427062852,False,-0.27912955598936834,True,66.25,True,1.245675391095066,96.0,1.7,0,True,▄▄▄▂▅▁▃▅▄▅▃▂█▄▄▇▄▃▆▆,False,False,False,0,-0.03987263912005201,-0.16469403173004282,-0.00307714722926411,-0.14765270859387092,UP,False,13,27.0,IGNORE,SEED,,RED,C,NO_DEPLOY,Delivery P96,Process Industries,22.6
SAGCEM,146.8,148.3,149.38,146.25,False,False,False,False,False,False,0.6318838185598702,0.5166038800000001,0.5967116855652768,False,-0.5526155806639281,True,81.45,True,1.222220554913642,97.0,1.88,0,True,▃▄▄▅▅▄▃▃▅▂▅▅▄█▄█▁▅▇▇,False,False,False,0,-0.12769623863568824,-0.15840165109212867,-0.09090074674490034,-0.14136032795595677,UP,False,13,27.0,IGNORE,SEED,,RED,C,NO_DEPLOY,Delivery P97,Non-Energy Minerals,28.3
NDRAUTO,672.85,692.85,697.15,660.5,True,False,False,False,False,False,2.9336361840805845,2.998152315,2.681267244432458,False,-0.25220188230612917,True,57.31,False,0.9907597092204099,83.0,0.87,0,True,█▆█▆▅▇▁▇▆▆▂▁█▄▅▂▄▇▅▅,False,False,False,0,-0.15284859930752281,-0.22344047550349122,-0.11605310741673491,-0.20639915236731932,UP,False,5,27.0,IGNORE,NONE,,RED,C,NO_DEPLOY,No standout factor,Producer Manufacturing,24.3
SALSTEEL,71.07,75.55,75.55,71.07,True,False,True,True,False,True,0.5387872330228869,2.5008751229999997,0.4949096882316294,False,-0.04245535044459902,True,28.72,False,0.8061301821652118,5.0,-1.77,0,False,▂▅▅▄▄▃▂▁█▇▇▄▂▆▂▃▂▃▃▃,False,False,False,8,-0.013190780338794839,0.22365702479338845,0.023604711551993063,0.24069834792956035,FLAT,True,88,26.0,IGNORE,NONE,,RED,C,NO_DEPLOY,No standout factor,Non-Energy Minerals,28.3
MASTERTR,87.55,89.25,90.38,83.45,True,True,True,False,False,False,1.1910979819798284,11.402879709999999,1.1777039906036844,False,-0.013727526746841015,True,29.19,True,1.1235133366691044,52.0,-0.08,0,False,▄▄▅▂▄▅█▅▇▅▃▅▄▁▃▃▄▅▅▅,False,False,False,0,0.13084474296047532,0.16360978203083465,0.16764023485126323,0.18065110516700655,FLAT,True,83,26.0,IGNORE,NONE,,RED,C,NO_DEPLOY,No standout factor,Finance,28.2
ANDHRSUGAR,94.66,97.6,97.6,94.0,True,False,True,True,False,True,0.5000201319976606,3.4678407019999997,0.47539054692283284,False,-0.2250139860562422,True,50.83,True,1.277440595116925,56.0,0.19,0,False,▅▂▂▃▁▅▂▆▂▂▅▃▁▇▄▁▅█▇▇,False,False,False,2,-0.057734421660362356,0.08667202387785555,-0.020938929769574455,0.10371334701402746,FLAT,True,75,26.0,IGNORE,NONE,,RED,C,NO_DEPLOY,No standout factor,Process Industries,22.6
SAREGAMA,485.5,505.1,505.1,481.15,True,False,False,True,False,True,0.46639162996636446,9.4318085,0.4545521504724321,False,-0.22455306685848678,True,38.5,False,0.8424784183288291,36.0,-0.34,0,True,▆▄▁▅█▃▄▄▄▇▁▅█▆▄▂▃▂▂▂,False,False,False,0,-0.05535557933651136,0.05509073128327735,-0.01856008744572346,0.07213205441944925,FLAT,True,69,26.0,IGNORE,NONE,,RED,C,NO_DEPLOY,No standout factor,Consumer Services,29.2
ORISSAMINE,3877.9,3980.0,4037.4,3832.8,True,False,False,False,False,False,1.1312017889612958,3.88410464,0.9852755949857885,False,-0.41782064613001957,True,58.21,True,1.2267003845951214,91.0,1.28,0,True,▂▄▅▁▇▂▃▄█▃▂▄▁▂▇▄▅▃▇▇,False,False,False,0,-0.18317008952080038,0.006619250337452032,-0.14637459763001248,0.023660573473623936,FLAT,True,58,26.0,IGNORE,SEED,,RED,C,NO_DEPLOY,Delivery P91,Non-Energy Minerals,28.3
INGERRAND,4344.3,4551.6,4611.3,4301.4,True,False,False,True,False,True,1.0945967996722599,13.69670904,0.9976009323795171,False,0.004759566238013535,False,39.68,False,0.7866772402854877,6.0,-1.49,0,False,▅▅▆▂▂█▆▅▂▆▅▄▆▆▆▃█▂▁▁,False,False,False,9,-0.0739074824131315,-0.0014251235490173597,-0.037111990522343596,0.015616199587154544,FLAT,True,56,26.0,IGNORE,NONE,,RED,C,NO_DEPLOY,CMF positive,Producer Manufacturing,24.3
ELPROINTL,172.5,173.5,174.89,171.9,True,False,False,True,False,True,1.052380442595623,0.29675175,1.0392564562621116,False,-0.4366221462247808,True,84.27,True,1.1108401494829392,58.0,0.45,0,False,▅▇▁▃▆▆▃▃▄▇▃▇█▂▃▅▆▇▆▆,False,False,False,0,-0.015860337745321806,-0.006336405529953848,0.020935154145466095,0.010704917606218056,UP,True,55,26.0,IGNORE,NONE,,RED,C,NO_DEPLOY,No standout factor,Electronic Technology,25.8
GENUSPOWER,306.5,323.95,325.3,301.1,True,False,False,False,False,True,0.5140424646520605,50.40089065,0.468369865102704,False,0.004600969622470027,False,54.2,True,1.1920733718961005,72.0,0.56,0,False,▆█▁▄▄▄▅▇▁▆▇▄▄▅▅▅▆▆▇▇,False,False,False,1,-0.025592115720871167,-0.009693053311793265,0.011203376169916734,0.007348269824378639,UP,True,53,26.0,IGNORE,NONE,,RED,C,NO_DEPLOY,CMF positive,Electronic Technology,25.8
HONASA,457.25,471.15,476.2,455.15,True,False,False,True,False,True,0.84399770942145,32.365115225,0.8092479507918678,False,-0.17279875294428293,True,56.52,True,1.2160461288552773,83.0,0.73,0,False,▁▂▇▇▃▃▂▄▇▂▃▆▂▃▄▄▇▂██,False,False,False,0,-0.03655710071639284,-0.016349360008604985,0.00023839117439505841,0.0006919631275669191,FLAT,True,52,26.0,IGNORE,NONE,,RED,C,NO_DEPLOY,No standout factor,Retail Trade,31.1
SKFINDUS,2820.0,2886.0,2910.0,2812.1,True,False,True,True,False,True,0.8600913742746037,15.836274,0.8436536726266833,False,-0.06176090449355252,False,53.95,False,0.9030346651490551,29.0,-0.53,0,False,▆▂▂▆▄▇▁▃▅▅█▂▄▅▃▂▃▅▃▃,False,False,False,4,0.029197080291970767,-0.019130434782608674,0.06599257218275867,-0.00208911164643677,UP,False,51,26.0,IGNORE,NONE,,RED,C,NO_DEPLOY,No standout factor,Producer Manufacturing,24.3
ACUTAAS,3266.2,3384.0,3447.6,3232.2,True,False,True,True,False,True,0.9127268707553492,86.29888315999999,0.9100442501315563,False,-0.09934210262700782,False,40.89,False,0.7840918896633716,19.0,-0.92,0,True,▃▅▅▇▆▄▄▄▄█▃▇▇▇▆▄▆▁▂▂,False,False,False,0,-0.03691690747184062,-0.03680330286051314,-0.00012141558105271955,-0.01976197972434124,UP,False,47,26.0,IGNORE,NONE,,RED,C,NO_DEPLOY,No standout factor,Health Technology,30.5
BLIL,67.24,68.43,69.07,67.0,True,False,False,False,False,True,1.9023239425425607,0.9656403639999999,1.785860611801249,False,-0.1722103229366903,False,65.82,False,0.90837577112574,22.0,-0.65,0,False,▅▅▅▄▄▅▅▃█▅▆█▄▁▁▄▅▆▃▃,False,False,False,15,-0.05028248587570627,-0.04148253741981478,-0.013486993984918372,-0.024441214283642876,UP,False,46,26.0,IGNORE,DISTRIBUTION,,RED,C,NO_DEPLOY,No standout factor,Commercial Services,28.1
AEQUS,221.23,229.0,234.0,220.0,True,False,False,True,False,False,0.8301879972611517,48.475099048999994,0.7393507384582043,False,-0.27701431309680885,False,48.78,True,1.065426072142319,81.0,0.78,0,True,▄▁▃▃▃▃▅▆▅▃█▆▃▇▅▄▄▁▅▅,False,False,False,3,-0.11291551385380327,-0.04518774277082438,-0.07612002196301537,-0.028146419634652475,FLAT,False,45,26.0,IGNORE,NONE,,RED,C,NO_DEPLOY,No standout factor,Electronic Technology,25.8
GSFC,151.55,155.8,156.5,150.85,True,False,False,False,False,False,0.9381793676054119,16.18848007,0.8889404759870534,False,-0.29266296186807306,False,58.86,True,1.0850669640799697,90.0,1.35,0,True,▇▃▅▆▅▁▄▄▅▃▄▆▆▃▅▅█▇▆▆,False,False,False,0,-0.05535124353300502,-0.058871017822765825,-0.018555751642217122,-0.04182969468659392,UP,False,41,26.0,IGNORE,SEED,,RED,C,NO_DEPLOY,Delivery P90,Process Industries,22.6
EFCIL,182.64,185.85,187.78,180.45,True,False,False,False,False,False,0.4254550345777141,3.131107104,0.3931653375163794,False,0.0964471938876743,False,61.58,True,1.0348797149795395,74.0,0.54,0,False,▁▁▄▄▄▅▁▄▃█▃▄▃▄▇▄▃▄▄▄,False,False,False,3,-0.010831889081455826,-0.06179688703960551,0.025963602809332076,-0.044755563903433604,UP,False,41,26.0,IGNORE,NONE,,RED,C,NO_DEPLOY,CMF positive,Distribution Services,31.7
JMFINANCIL,121.21,124.8,125.7,120.1,True,False,False,False,False,False,1.0966521563444576,33.899297661,1.0245751061685033,False,-0.1999440714028003,False,48.72,True,1.0761737516980883,83.0,0.88,0,True,█▆▃▄▄▁▄▄▅▃▃▃▅▂▇▆▆▃▆▆,False,False,False,3,-0.03341307814992034,-0.07579107891727044,0.0033824137408675625,-0.058749755781098534,UP,False,36,26.0,IGNORE,NONE,,RED,C,NO_DEPLOY,No standout factor,Finance,28.2
IEX,112.0,113.88,114.24,111.82,True,False,False,False,False,False,1.6728287117200649,60.8976144,1.5681765274044053,False,-0.39337032530460614,False,48.81,False,0.9925068881726772,81.0,0.9,0,True,▇▇▃▆▆▂▅▃▄▆▅█▃▁█▄▃▄▅▅,False,False,False,0,-0.09967845659163987,-0.08541564592520001,-0.06288296470085197,-0.06837432278902811,UP,False,33,26.0,IGNORE,DISTRIBUTION,,RED,C,NO_DEPLOY,No standout factor,Finance,28.2
CAPITALSFB,269.7,271.35,277.2,267.15,True,False,False,False,False,True,1.6096450672167295,0.85446354,1.5404994926134006,False,-0.37623053981842264,False,65.55,False,0.9227650574000689,46.0,0.01,0,True,▂█▂▇▅▃█▂▄▆▆▅▇▂▁▄▃▄▃▃,False,False,False,0,-0.06272806255430063,-0.08653683319221006,-0.025932570663512733,-0.06949551005603816,UP,False,33,26.0,IGNORE,DISTRIBUTION,,RED,C,NO_DEPLOY,No standout factor,Finance,28.2
ICICIAMC,3040.2,3010.0,3051.0,2992.3,False,False,False,True,False,True,0.20257268928854852,41.22389592,0.19854802389381238,False,0.042021008049928206,True,53.14,False,0.886893536058214,28.0,-0.63,0,False,▆▁▄▅█▆▁▂▄▅▅▅▄▄▃▄▅▄▃▃,False,False,False,0,-0.018625520513896543,-0.08834112990284282,0.01816997137689136,-0.07129980676667091,UP,False,32,26.0,IGNORE,NONE,,RED,C,NO_DEPLOY,CMF positive,Finance,28.2
TVSSCS,127.16,130.8,131.38,126.0,True,False,False,True,False,True,0.16382330192141045,6.7130434359999995,0.1572757845055285,False,0.0780756759335463,False,31.37,False,0.7502630823686981,6.0,-1.66,0,False,▇▆▇█▁▁▃▅▅▇▆▇▅▅▆▇█▇▄▄,False,False,False,0,0.04084472456413191,-0.08701895462377951,0.07764021645491981,-0.0699776314876076,UP,False,32,26.0,IGNORE,NONE,,RED,C,NO_DEPLOY,CMF positive,Transportation,28.8
HDFCLIFE,515.0,533.7,534.6,508.95,True,False,False,False,False,False,3.6286944414192948,459.9642675,3.4390326298822815,False,-0.11062015648681733,False,62.15,True,1.110485737003386,62.0,0.38,0,False,▄▆▃▃▃▄▄▆▅█▁▄▃▅▄▂▃▃▅▅,False,False,False,0,-0.040968342644320255,-0.09641196596192658,-0.004172850753532353,-0.07937064282575468,UP,False,30,26.0,IGNORE,DISTRIBUTION,,RED,C,NO_DEPLOY,No standout factor,Finance,28.2
ADVENZYMES,287.7,293.4,297.0,286.15,True,False,False,False,False,False,1.1919181738369529,7.11073566,1.146744159273661,False,-0.3218856430372334,False,67.37,True,1.1314132168947855,94.0,1.44,0,True,█▅▄▅▁▂▂▄▃▇▅▆▃▄▆▂▄▁▆▆,False,False,False,0,-0.05049504950495054,-0.10107795656928609,-0.013699557614162639,-0.08403663343311418,UP,False,29,26.0,IGNORE,SEED,,RED,C,NO_DEPLOY,Delivery P94,Consumer Non-Durables,28.4
CHAMBLFERT,416.65,420.0,421.0,415.45,True,False,False,False,False,False,0.7435358933359131,18.637129485,0.7350379590350355,False,-0.3431223227434517,False,65.91,True,1.1296307404900034,99.0,1.87,0,True,▇▆▇▅▇▁▄▇▆█▅▆▃▆▆▃▆▄▇▇,False,False,False,0,-0.04086095764272557,-0.1014664653871038,-0.004065465751937669,-0.0844251422509319,UP,False,28,26.0,IGNORE,SEED,,RED,C,NO_DEPLOY,Delivery P99,Process Industries,22.6
SANGHVIMOV,401.5,427.85,438.15,400.0,True,False,False,True,False,False,1.6838714228222869,20.6548463,1.4702328150876758,False,-0.2158839487656214,False,54.42,True,1.0817795094024572,87.0,1.03,0,True,▆▅▁▄▅▄▆█▄▄▆▃▆▆▅▄▃▆▇▇,False,False,False,0,-0.22899663946231397,-0.10668594949382582,-0.19220114757152607,-0.08964462635765391,FLAT,False,27,26.0,IGNORE,DISTRIBUTION,,RED,C,NO_DEPLOY,No standout factor,Finance,28.2
ATULAUTO,438.45,446.5,460.0,435.15,True,False,False,False,False,False,1.4382199912578784,5.813847,1.3326099015631034,False,-0.47124021132184507,False,52.71,True,1.0512355158453162,91.0,1.36,0,True,▅▅▇▇▇█▅▇▆▇▁▆▇▅█▆▇▆▆▆,False,False,False,0,-0.11118994526657211,-0.11082944635976477,-0.07439445337578421,-0.09378812322359287,UP,False,25,26.0,IGNORE,SEED,,RED,C,NO_DEPLOY,Delivery P91,Consumer Durables,20.7
ACC,1225.2,1234.9,1280.3,1219.6,True,False,False,False,False,False,1.8687270251872021,25.225275240000002,1.782591927913775,False,-0.2543332018827824,False,39.43,False,0.7597522086380146,11.0,-1.17,0,True,▆▇▃▃▅▂▅▄▄█▄▆▆▄▄▃▄▅▁▁,False,False,False,0,-0.060285319834330386,-0.11499566599248778,-0.023489827943542485,-0.09795434285631588,UP,False,24,26.0,IGNORE,DISTRIBUTION,,RED,C,NO_DEPLOY,No standout factor,Non-Energy Minerals,28.3
WPIL,429.0,435.25,440.4,421.5,True,False,False,False,False,False,0.5110084307173085,1.3199043,0.4893403630257661,False,0.27201111147810797,False,71.87,True,1.3836320582176618,92.0,1.42,0,False,▆▁▃▅▆▄▅▂▃▅▆▆▅▆▆█▅▁██,False,False,False,0,-0.006369426751592355,-0.11546391752577323,0.030426065139195546,-0.09842259438960133,UP,False,24,26.0,IGNORE,SEED,,RED,C,NO_DEPLOY,"Delivery P92, CMF positive",Producer Manufacturing,24.3
ORIENTCEM,121.98,125.58,125.99,121.2,True,False,False,False,False,False,2.06945113660759,5.291346024,1.9575984138715405,False,-0.17754075124683028,False,51.89,False,0.9764956058638665,51.0,0.05,0,True,▆▇▄▅▄▅▅▅▇▆▁▆▇▇▄▃▆█▅▅,False,False,False,0,-0.06557377049180324,-0.11946870713924784,-0.02877827860101534,-0.10242738400307594,UP,False,22,26.0,IGNORE,DISTRIBUTION,,RED,C,NO_DEPLOY,No standout factor,Non-Energy Minerals,28.3
GRSE,2358.8,2434.5,2437.6,2350.0,True,False,False,False,False,False,0.6996819603956046,63.85460304000001,0.6397874918769165,False,-0.4496991717118025,False,39.49,True,1.0522248867572608,92.0,1.55,0,True,▃▅▇▄▁▁▃▃█▆▄▆▁▃▆▁▇▆▅▅,False,False,False,0,-0.11886440044826296,-0.12484695581196903,-0.08206890855747506,-0.10780563267579713,UP,False,20,26.0,IGNORE,SEED,,RED,C,NO_DEPLOY,Delivery P92,Producer Manufacturing,24.3
BANKBARODA,234.51,236.65,237.15,234.05,True,False,False,False,False,False,1.968684337460551,343.890529416,1.905541098247782,False,-0.14310713510964454,False,52.12,False,0.9652745624594868,64.0,0.34,0,True,▄▄▇▇▄▆▃▅▃▆▁▇▄█▄▇▇▃▄▄,False,False,False,0,-0.06569721115537852,-0.13672004417448924,-0.02890171926459062,-0.11967872103831734,UP,False,18,26.0,IGNORE,DISTRIBUTION,,RED,C,NO_DEPLOY,No standout factor,Finance,28.2
DMART,3718.7,3710.0,3750.0,3705.0,True,False,False,False,False,False,0.4064581379773827,65.03225373,0.3899847376128508,False,-0.058746606758330086,False,64.45,True,1.2013943257652016,90.0,1.23,0,True,▂▃▂▃▁▃▂▃▅▅▃▄▄▅▄█▄▄▅▅,False,False,False,0,-0.07952970297029704,-0.1409000600656103,-0.04273421107950914,-0.12385873692943838,UP,False,17,26.0,IGNORE,SEED,,RED,C,NO_DEPLOY,Delivery P90,Retail Trade,31.1
DBREALTY,96.96,97.8,100.5,95.7,True,False,False,False,False,False,0.9920493694116863,13.347629952,0.9261406171993422,False,-0.3537554675285803,False,63.49,True,1.007010531658419,93.0,1.3,0,True,▆▆▁▅▄▃▂▃▃█▃▃▃▂▃▄▅▃▄▄,False,False,False,0,-0.0894064613072878,-0.14057791171778056,-0.0526109694164999,-0.12353658858160865,UP,False,17,26.0,IGNORE,SEED,,RED,C,NO_DEPLOY,Delivery P93,Finance,28.2
FRACTAL,751.15,765.95,780.0,743.1,True,False,False,False,False,False,1.1282092072052492,30.25842522,1.0317932958888825,False,-0.13616174978624354,False,77.94,True,1.4440419835660092,100.0,3.73,0,True,▃▆▃▂▃▂▃▆▁▄▃▂▃▃▆▃▂▂██,False,False,False,0,-0.08172371638141807,-0.14447608200455586,-0.044928224490630164,-0.12743475886838396,UP,False,16,26.0,IGNORE,SEED,,RED,C,NO_DEPLOY,Delivery P100,Technology Services,21.0
VERANDA,218.28,225.45,228.78,216.65,True,False,False,False,False,False,0.18907612159248752,3.2557989960000002,0.1638401998943182,False,0.11059986418484152,False,61.94,True,1.2019132813940174,81.0,0.76,0,True,▆▇▁▄▅▅▆▅▆▅▇▇▆▆▇█▅▇▇▇,False,False,False,2,-0.09050000000000002,-0.14627659574468088,-0.053704508109212123,-0.12923527260850898,UP,False,16,26.0,IGNORE,NONE,,RED,C,NO_DEPLOY,CMF positive,Commercial Services,28.1
GENESYS,285.51,307.0,314.49,280.19,True,True,True,False,False,False,0.32456798093229705,26.980495143000002,0.358799025387811,False,0.3128900807907488,False,15.58,False,0.49505107795942355,4.0,-2.17,0,False,▆▆██▆▃▁▂▅▆▆▇▇█▇▂▃▂▂▂,False,False,False,0,0.5661546900713108,-0.15291499777481088,0.6029501819620987,-0.13587367463863897,UP,False,15,26.0,IGNORE,NONE,,RED,C,NO_DEPLOY,CMF positive,Technology Services,21.0
HEMIPROP,117.18,122.55,122.97,116.2,True,False,False,False,False,False,2.0416904826056688,6.144555942,1.8764345066237722,False,-0.4148028337313445,False,56.83,False,0.973016470910523,76.0,0.65,0,True,▄▆█▆▆▅▃▁█▄▅▅▃▆█▇▅▆▅▅,False,False,False,0,-0.11448651099523921,-0.15234375,-0.07769101910445131,-0.1353024268638281,UP,False,15,26.0,IGNORE,DISTRIBUTION,,RED,C,NO_DEPLOY,No standout factor,Finance,28.2
ARSSBL,479.65,495.0,499.9,475.05,True,False,False,False,False,False,0.8771254526036638,7.17546807,0.8173207142088214,False,-0.18951279117499872,False,67.01,True,1.3060214194529172,100.0,2.54,0,True,▁▄▄▅▄▃▆▅█▆▄▄▆▂▄▄▇▆██,False,False,False,0,-0.06318359375000004,-0.15998248686514893,-0.026388101859212143,-0.14294116372897703,UP,False,13,26.0,IGNORE,SEED,,RED,C,NO_DEPLOY,Delivery P100,Finance,28.2
DCAL,163.16,174.99,177.57,160.77,True,False,False,False,False,False,3.2602778051032315,14.735501712000001,3.047293976779234,False,-0.16007498644960888,False,56.9,True,1.0922143734643734,74.0,0.58,0,False,▅▅▄▃▄▅▆▇█▇▁▄▄▆▆▅▆▇▆▆,False,False,False,0,-0.03535532694809029,-0.17445861161708154,0.0014401649426976082,-0.15741728848090963,UP,False,11,26.0,IGNORE,DISTRIBUTION,,RED,C,NO_DEPLOY,No standout factor,Health Technology,30.5
ATGL,580.15,595.0,602.9,576.4,True,False,False,False,False,False,0.5484246564121336,30.005183955,0.49459127816162024,False,-0.3875741164240664,False,49.2,True,1.4970788704965923,98.0,1.99,0,True,▅▁▄▆▆▄▁▃▇▆▃▃▆▅▆▅▂▅██,False,False,False,0,-0.10373860651938815,-0.18426602924634428,-0.06694311462860025,-0.16722470611017237,UP,False,9,26.0,IGNORE,SEED,,RED,C,NO_DEPLOY,Delivery P98,Utilities,34.3
DELHIVERY,420.5,439.0,441.85,416.5,True,False,False,False,False,False,3.0522713282882727,195.9770526,2.8180711219175225,False,-0.019439923574541915,False,48.12,False,0.8839657215287536,37.0,-0.32,0,True,▄▅▅▃▆▃▆▁▅█▄▅▆▇▄▆▄▄▃▃,False,False,False,0,-0.06927844178840192,-0.18806719443908082,-0.03248294989761402,-0.17102587130290892,UP,False,8,26.0,IGNORE,DISTRIBUTION,,RED,C,NO_DEPLOY,No standout factor,Transportation,28.8
ELECTHERM,945.35,956.3,988.3,926.5,True,False,False,True,False,False,0.6513636979500547,1.522486175,0.6241933371326486,False,-0.04451766327872035,False,96.89,True,1.3768651413954809,100.0,2.57,0,True,▄▃▄▅▁▃▁▅▅▅▂▄▆▆▆▃▆▃██,False,False,False,0,-0.07689678742310313,-0.1879831644047415,-0.04010129553231523,-0.1709418412685696,UP,False,8,26.0,IGNORE,SEED,,RED,C,NO_DEPLOY,Delivery P100,Non-Energy Minerals,28.3
HUDCO,168.92,173.0,174.75,168.5,True,False,False,False,False,False,0.9727460642636372,24.567522095999998,0.9037223284706069,False,-0.3340078505189063,False,52.65,True,1.0885521119771744,95.0,1.6,0,True,▅▄▇▆▅▆▅▇▆▅▅▆▁▆▆█▆▅▆▆,False,False,False,0,-0.10153715227913407,-0.198253358014144,-0.06474166038834617,-0.1812120348779721,UP,False,7,26.0,IGNORE,SEED,,RED,C,NO_DEPLOY,Delivery P95,Finance,28.2
SURYAROSNI,209.8,214.4,216.76,208.15,True,False,False,False,False,False,0.8779222706813264,7.867646860000001,0.8433085782637558,False,-0.3319588040438198,False,60.47,True,1.0745732893813251,90.0,1.08,0,True,▁▅▅▁▅▆▅▄▃▅▂▄▅▆█▆▆▅▆▆,False,False,False,0,-0.061045470819906855,-0.19400691509796386,-0.024249978929118954,-0.17696559196179196,UP,False,7,26.0,IGNORE,SEED,,RED,C,NO_DEPLOY,Delivery P90,Non-Energy Minerals,28.3
MEDPLUS,656.3,660.45,666.6,654.0,True,False,False,False,False,False,0.3303301290515442,4.04313615,0.32501735493283024,False,0.09314152899980731,False,74.71,True,1.2868166316442176,94.0,1.45,0,False,▆▆▇▂▄▇▆▅▄▄▄▅▆▁▆▃▃▄██,False,False,False,0,-0.012860043618861505,-0.19635094593767222,0.023935448271926396,-0.1793096228015003,UP,False,7,26.0,IGNORE,SEED,,RED,C,NO_DEPLOY,"Delivery P94, CMF positive",Retail Trade,31.1
WAAREERTL,806.55,850.0,864.1,801.7,True,False,False,False,False,False,2.426596293373112,17.246700614999998,2.2673783473258067,False,-0.3098188841565316,False,47.23,False,0.9683437897240332,80.0,0.91,0,True,█▅▇▅█▇▅▆▁▅▆▆█▃▇▆▆▄▅▅,False,False,False,0,-0.09386585776879008,-0.2023044209277025,-0.05707036587800218,-0.1852630977915306,UP,False,6,26.0,IGNORE,DISTRIBUTION,,RED,C,NO_DEPLOY,No standout factor,Utilities,34.3
KRISHNADEF,1027.8,1088.8,1088.8,1021.4,True,False,False,False,False,False,1.2972822508551516,12.454058159999999,1.2701463604855567,False,-0.15291878297310077,False,63.82,True,1.2831622651372734,99.0,2.42,0,True,▃▄▄▃▅▁▁▅█▄▄▃▂▅▃▃▄▃██,False,False,False,0,-0.08640000000000003,-0.19878391019644526,-0.04960450810921213,-0.18174258706027335,UP,False,6,26.0,IGNORE,SEED,,RED,C,NO_DEPLOY,Delivery P99,Electronic Technology,25.8
SHALBY,137.21,144.78,149.0,136.35,True,False,False,False,False,False,6.222499585946424,5.000412635,5.622328168660726,False,-0.34445439614986756,False,52.02,False,0.8697396799919748,54.0,0.12,0,True,▃▅█▆▄▅▅▁▁▃▂▇▄▃▄▃▆▇▁▁,False,False,False,0,-0.10144073346430893,-0.20692445523380143,-0.06464524157352103,-0.18988313209762953,UP,False,6,26.0,IGNORE,DISTRIBUTION,,RED,C,NO_DEPLOY,No standout factor,Health Services,27.6
MBEL,252.65,256.1,263.7,250.05,True,False,False,False,False,False,2.1996955560824145,5.825073135,2.060722292889148,False,-0.2682318739832928,False,52.17,True,1.083590366700938,67.0,0.54,0,False,█▇▇▇▅▆▆▆█▆▅▆▂▇▇▁▇▇▇▇,False,False,False,0,-0.11148232811675762,-0.21341843088418422,-0.07468683622596972,-0.19637710774801231,UP,False,5,26.0,IGNORE,DISTRIBUTION,,RED,C,NO_DEPLOY,No standout factor,Producer Manufacturing,24.3
SWSOLAR,174.3,184.7,187.58,173.01,True,False,False,False,False,False,2.2858223655503576,29.332720410000004,2.097488385975351,False,-0.4319071661562706,False,44.68,False,0.9582944589218115,73.0,0.61,0,True,█▆▅▇▆▄▅▆▄▇▄▆▅▆▅▄▆▁▅▅,False,False,False,0,-0.12670975499774528,-0.27399200266577806,-0.08991426310695738,-0.25695067952960615,UP,False,2,26.0,IGNORE,DISTRIBUTION,,RED,C,NO_DEPLOY,No standout factor,Industrial Services,34.0
PACEDIGITK,153.6,159.51,161.97,152.9,True,False,False,False,False,False,1.0774237950874905,9.65317632,0.9777486120886598,False,-0.3240855721121405,False,53.67,True,1.0941449889912747,91.0,1.18,0,True,▄▅▆▁▄▃▅▅█▇▆▆▅▆▇▃▃▄▆▆,False,False,False,0,-0.1305332276689687,-0.2699272779124483,-0.09373773577818079,-0.2528859547762764,UP,False,2,26.0,IGNORE,SEED,,RED,C,NO_DEPLOY,Delivery P91,Utilities,34.3
VIKRAN,55.54,57.09,57.8,55.2,True,False,False,False,False,False,0.8484931052956658,5.1955059619999995,0.7869166474713076,False,-0.314514536255409,False,57.05,True,1.1690334214462816,99.0,2.14,0,True,▇▅▃▄▅▆█▃▅▁▃▄▄▄▁▆▅▅▇▇,False,False,False,0,-0.09084956621378304,-0.2782326185834958,-0.05405407432299514,-0.2611912954473239,UP,False,2,26.0,IGNORE,SEED,,RED,C,NO_DEPLOY,Delivery P99,Industrial Services,34.0
TIIL,3128.6,3250.2,3255.9,3109.0,True,False,True,True,False,True,0.5136305415398338,7.747039320000001,0.4902931575679093,False,-0.1837128300011382,False,45.59,False,0.9791351223650441,17.0,-0.83,0,False,▁▄▂█▆▂▂▃▆▄▇█▅▆▇▆▇▇▅▅,False,False,False,3,-0.046216694104018075,0.23396702689910853,-0.009421202213230173,0.25100835003528044,FLAT,True,89,25.0,IGNORE,NONE,,RED,C,NO_DEPLOY,No standout factor,Producer Manufacturing,24.3
MMFL,593.8,631.7,633.65,583.5,True,False,True,True,False,True,1.1982114663166925,11.802250039999999,1.0921799044051637,False,-0.18035941863346736,False,52.82,True,1.1261299675933822,51.0,0.12,0,False,▃▃▆▄▅▆▃▄▂▅▄▁▃▄█▃▆▃▆▆,False,False,False,0,-0.12702146427521332,0.20056611403154045,-0.09022597238442542,0.21760743716771236,FLAT,True,87,25.0,IGNORE,NONE,,RED,C,NO_DEPLOY,No standout factor,Producer Manufacturing,24.3
KDDL,3756.5,3898.9,3918.0,3739.5,True,False,True,True,False,True,0.4689439773709437,8.96789245,0.4464628454848393,False,-0.014413046204071843,False,50.98,False,0.9884154912510299,44.0,-0.24,0,True,▁▃▄▃█▄▄▃▃▃▄▄▃▅▄▄▅▅▄▄,False,False,False,0,-0.08232563820691341,0.20108070085688712,-0.04553014631612551,0.21812202399305902,FLAT,True,87,25.0,IGNORE,NONE,,RED,C,NO_DEPLOY,No standout factor,Consumer Durables,20.7
SMCGLOBAL,81.94,86.47,87.29,81.16,True,False,True,True,False,True,0.49159728570442673,10.252316411999999,0.4738537047829918,False,-0.3039656346238949,False,25.41,False,0.43306348530038347,2.0,-2.08,0,False,▅▅▄▆▅▅▇▇▆▆▇▆█▄▄▄▄▁▃▃,False,False,False,9,0.015491386788945238,0.15116605788142712,0.05228687867973314,0.16820738101759902,FLAT,True,82,25.0,IGNORE,NONE,,RED,C,NO_DEPLOY,No standout factor,Finance,28.2
AXISCADES,1717.7,1876.2,1876.2,1699.9,True,False,True,True,False,False,1.044872313435025,30.284253390000003,1.048701523407457,False,0.08619285903172859,False,41.78,False,0.8616742632045703,4.0,-1.27,0,False,▇▃▅▃▆▆▃▅▂▂▅▁█▇▄▅▄▁▁▁,False,False,False,0,0.06881961296745698,0.1161143599740091,0.10561510485824488,0.133155683110181,FLAT,True,78,25.0,IGNORE,NONE,,RED,C,NO_DEPLOY,CMF positive,Commercial Services,28.1
RADICO,4360.0,4370.1,4431.0,4298.8,True,False,True,True,False,True,1.0597967677257314,105.618384,1.0113880391503514,False,-0.07252061203271849,False,44.29,False,0.7729763691577367,13.0,-1.11,0,True,▃▂▅▃▅▆█▆██▄▃▄▄▆▅▅▃▁▁,False,False,False,2,-0.07878890320944865,0.06377787537207813,-0.041993411318660745,0.08081919850825003,FLAT,True,70,25.0,IGNORE,NONE,,RED,C,NO_DEPLOY,No standout factor,Consumer Non-Durables,28.4
RPTECH,797.35,815.0,815.0,788.3,True,False,True,True,False,True,0.6674491095617479,30.056506925,0.6640650003973028,False,-0.10624249671200038,False,45.14,True,1.0032671748938724,34.0,-0.38,0,False,██▅▅▆▁▁▃▅▄▄▅▅▇▅▄▅▃▅▅,False,False,False,0,-0.07403321333178492,0.05953092817752981,-0.03723772144099702,0.07657225131370171,FLAT,True,70,25.0,IGNORE,NONE,,RED,C,NO_DEPLOY,No standout factor,Distribution Services,31.7
LGEINDIA,1638.5,1647.8,1661.0,1632.4,True,False,True,True,False,True,0.3194704727139116,58.6805836,0.30924130523335286,False,-0.16262736698500094,False,58.64,False,0.9777407253022092,56.0,0.17,0,True,▃▄▄▄▂▃▄▄▄▁▃▂▁▃▃▅▅█▃▃,False,False,False,0,-0.0527259062265133,0.05880452342487885,-0.015930414335725396,0.07584584656105076,FLAT,True,69,25.0,IGNORE,NONE,,RED,C,NO_DEPLOY,No standout factor,Consumer Durables,20.7
SEDEMAC,2942.8,2944.0,2995.0,2911.0,False,False,True,True,False,True,0.7066090911110946,28.074312,0.6833575949421536,False,-0.26942743942861014,False,38.6,False,0.8212067058122713,23.0,-0.79,0,False,▄▄▃▄▃▄▃▃▁█▄▅▁▇▄▃▃▇▂▂,False,False,False,4,-0.09591397849462358,0.05367181066275206,-0.059118486603835674,0.07071313379892397,FLAT,True,69,25.0,IGNORE,NONE,,RED,C,NO_DEPLOY,No standout factor,Producer Manufacturing,24.3
INFY,1032.8,1059.0,1059.0,1026.5,True,False,False,False,False,False,1.7127155705621655,1347.28677376,1.5617141779604429,False,-0.11081253266447622,False,56.59,False,0.9922586640716095,63.0,0.27,0,True,▆▇▃▇▄█▅▄▇█▁▄▄█▃▅▆▆▅▅,False,False,False,0,-0.1218433806649094,0.048208667410940764,-0.0850478887741215,0.06524999054711267,FLAT,True,68,25.0,IGNORE,DISTRIBUTION,,RED,C,NO_DEPLOY,No standout factor,Technology Services,21.0
SENORES,1416.1,1470.0,1475.6,1400.0,True,False,True,True,False,True,0.7825861008921969,22.94577635,0.7460700635659222,False,-0.1494430602639278,False,39.64,False,0.905219168541122,21.0,-0.75,0,True,▄▂▄▃▃▃▁▅▃▆█▄▄▃▆▄▄▅▃▃,False,False,False,1,-0.07895934959349604,0.04216956137768624,-0.04216385770270814,0.05921088451385814,FLAT,True,67,25.0,IGNORE,NONE,,RED,C,NO_DEPLOY,No standout factor,Health Technology,30.5
UDS,197.04,209.02,210.0,194.15,True,False,False,False,False,False,0.20358318402685674,1.8721755599999998,0.17952106518839778,False,0.2946287108023769,False,54.79,True,1.1294345612335346,63.0,0.34,0,False,▄█▄▄▅▄▁▄▆▅▃▆▇▆▄▁▁▄▆▆,False,False,False,12,-0.0652307984249727,0.0401182432432432,-0.0284353065341848,0.057159566379415105,FLAT,True,66,25.0,IGNORE,NONE,,RED,C,NO_DEPLOY,CMF positive,Commercial Services,28.1
FEDERALBNK,343.0,344.45,344.5,339.45,True,False,False,True,False,True,0.6360448658728334,105.9765728,0.6250686361071873,False,0.08466241264288275,False,56.28,False,0.9385944431473267,58.0,0.18,0,False,▄▂▂▅▆▃▃▄▅█▃▆▁▅▄▄▆▄▃▃,False,False,False,0,-0.0413638904415875,0.0345347609711959,-0.004568398550799602,0.0515760841073678,FLAT,True,65,25.0,IGNORE,NONE,,RED,C,NO_DEPLOY,CMF positive,Finance,28.2
ZYDUSLIFE,1127.1,1150.0,1158.0,1126.5,True,False,True,True,False,True,0.7003213463875236,119.77793138999999,0.6824323943939178,False,-0.1448426297312759,False,48.46,False,0.9089459715462024,35.0,-0.25,0,True,▆▆▄▄▄▃▄▃▅█▂▇▆▃▁▄▇▇▃▃,False,False,False,2,-0.06464730290456444,0.016137756941940085,-0.02785181101377654,0.03317908007811199,FLAT,True,60,25.0,IGNORE,NONE,,RED,C,NO_DEPLOY,No standout factor,Health Technology,30.5
JYOTHYLAB,192.22,196.25,197.09,191.0,True,False,False,False,False,False,0.32455787599570796,7.759210186,0.30595541178441377,False,-0.12025097219698021,False,56.07,True,1.0890762178540905,70.0,0.37,0,True,▁▄▅▃▄▅▂▃▃▃▃▄█▃▆▃▅▆▅▅,False,False,False,3,-0.0876210366432505,0.012110362257792717,-0.05082554475246259,0.02915168539396462,FLAT,True,59,25.0,IGNORE,NONE,,RED,C,NO_DEPLOY,No standout factor,Consumer Non-Durables,28.4
AFSL,201.03,201.95,202.5,201.0,False,False,False,False,False,True,0.7974082465799048,0.158833803,0.7862434810056191,False,-0.6608552033044509,False,99.12,True,1.4301792052636133,100.0,1.82,0,True,▁▂▂▃▇▃▃▆▄▂▄▁▂▆▂▅▃▅██,False,False,False,2,-0.021989783507662453,0.00014925373134322406,0.014805708383125449,0.017190576867515128,FLAT,True,56,25.0,IGNORE,SEED,,RED,C,NO_DEPLOY,Delivery P100,Finance,28.2
CARERATING,1635.7,1660.0,1668.3,1626.0,True,False,False,False,False,True,0.42047668344317124,4.61071116,0.40389150563936044,False,-0.1481264811578148,False,59.73,True,1.0422901416069728,56.0,0.04,0,True,▄▄▄▄▄▅▃▃▅▁▄▆▄█▃▄▃▃▄▄,False,False,False,4,-0.05182308271984226,-0.007824821060293474,-0.01502759082905436,0.00921650207587843,FLAT,True,54,25.0,IGNORE,NONE,,RED,C,NO_DEPLOY,No standout factor,Commercial Services,28.1
FEDFINA,153.51,158.6,160.04,152.82,True,False,False,True,False,True,0.7213723146381518,9.188586665999999,0.6987244552093564,False,-0.07684219808932849,False,56.0,True,1.0909268007597526,83.0,0.75,0,False,█▅▃▁▃▂▄▅▂▅▄▄▅▃▁▅▅▃▆▆,False,False,False,2,0.01756595519024251,-0.01671790930053818,0.05436144708103041,0.0003234138356337235,UP,True,52,25.0,IGNORE,NONE,,RED,C,NO_DEPLOY,No standout factor,Finance,28.2
INDIGOPNTS,1061.9,1083.0,1090.9,1047.2,True,False,False,True,False,False,0.8273128486968108,6.593868050000001,0.7620171800847838,False,0.025181447160354656,False,38.25,False,0.7435630765043788,14.0,-0.93,0,True,▃▄▇▇▆█▄▅▇▆▇▇▇▆▄▅▂▇▁▁,False,False,False,9,-0.07725060827250596,-0.029785290086797533,-0.04045511638171806,-0.01274396695062563,FLAT,False,49,25.0,IGNORE,NONE,,RED,C,NO_DEPLOY,CMF positive,Process Industries,22.6
JUBLCPL,2082.0,2106.0,2151.9,2079.0,True,False,True,True,False,False,0.4625785910043528,0.9558462,0.4322518662033552,False,-0.13518827529684935,True,64.98,True,1.1731994872442992,78.0,0.74,0,True,▇▃█▆█▃▃▅▄▁▃▁▆▅▅▅▅▅▆▆,False,False,False,0,-0.05324905643217681,-0.027829660067239415,-0.01645356454138891,-0.01078833693106751,FLAT,False,49,25.0,IGNORE,NONE,,RED,C,NO_DEPLOY,No standout factor,Process Industries,22.6
TIMKEN,3151.2,3311.2,3312.3,3120.1,True,False,False,False,False,False,1.827429019735151,19.1577204,1.8120855039308925,False,0.024184654513941105,False,49.72,False,0.9019337517686754,30.0,-0.66,0,False,▆▃▅▂▅▃▂▄█▆▅▇█▃▂▃▃▁▃▃,False,False,False,0,-0.04494620397029858,-0.033641019350486134,-0.00815071207951068,-0.01659969621431423,UP,False,48,25.0,IGNORE,NONE,,RED,C,NO_DEPLOY,CMF positive,Producer Manufacturing,24.3
AEROENTER,116.93,137.77,137.77,113.85,True,False,False,True,False,False,1.8030878206700105,22.384705024000002,1.4748237820195114,False,0.01823517307141648,False,45.23,False,0.9905717195387698,54.0,0.06,0,False,▂▄▆▅▆█▆▁▆▆▂▅▅▆▄▃▅▃▄▄,False,False,False,4,-0.10665444266177693,-0.0377715602369979,-0.06985895077098903,-0.020730237100826,FLAT,False,47,25.0,IGNORE,NONE,,RED,C,NO_DEPLOY,CMF positive,Producer Manufacturing,24.3
GVT&D,4656.0,4774.0,4825.0,4638.8,True,True,True,True,False,False,1.0529312637846273,503.0724192,1.1211395270057836,False,0.011359174676528338,False,42.74,False,0.8849777409669738,7.0,-1.33,0,False,▇▅█▆▆▅▆▄▆█▅█▅▆▆▁▃▄▄▄,False,False,False,0,0.05662090094179062,-0.04896133341503761,0.09341639283257852,-0.03192001027886571,UP,False,44,25.0,IGNORE,NONE,,RED,C,NO_DEPLOY,CMF positive,Producer Manufacturing,24.3
SHILCTECH,4078.3,4208.9,4279.0,4062.2,True,False,False,False,False,False,0.8284422260381755,6.11908132,0.84092943501951,False,0.0017851542214784638,False,53.61,True,1.0026933004152172,70.0,0.47,0,True,▃▄▆▁▄▁▇▃▃▄▃▃█▆▃▅▅▅▄▄,False,False,False,0,0.034051724137931005,-0.05507414272474509,0.0708472160287189,-0.038032819588573186,UP,False,42,25.0,IGNORE,NONE,,RED,C,NO_DEPLOY,CMF positive,Producer Manufacturing,24.3
GRAUWEIL,73.08,75.6,77.0,72.8,True,True,True,True,False,True,1.0302619349706814,3.037431348,1.0578354125840457,False,0.030210215049591718,False,52.44,False,0.9513960703205792,23.0,-0.52,0,False,█▇▆▁▃▇▆▅▅▇▅▇▄▆▆▅▇▃▅▅,False,False,False,0,0.1001053740779767,-0.06127167630057795,0.1369008659687646,-0.044230353164406044,UP,False,41,25.0,IGNORE,NONE,,RED,C,NO_DEPLOY,CMF positive,Process Industries,22.6
COROMANDEL,1939.1,1928.0,1950.0,1918.9,False,False,False,False,False,False,0.7428285527646512,18.180613779999998,0.7432424409831725,False,-0.08176435868696884,True,60.76,True,1.0627394049638814,72.0,0.52,0,True,▃▃▃▁▇▇▃█▃▇▃▅▅█▅▅▄▃▆▆,False,False,False,0,-0.05992146216124494,-0.0652236791361358,-0.02312597027045704,-0.0481823559999639,UP,False,40,25.0,IGNORE,NONE,,RED,C,NO_DEPLOY,No standout factor,Process Industries,22.6
PURVA,205.56,213.78,214.33,203.39,True,False,False,False,False,False,0.16594847079278557,3.873325968,0.14968613414715426,False,0.33634464316326423,True,46.21,True,1.4896360529963575,66.0,0.42,0,False,▃▅▇▂▆▄▇█▆▇▆█▆▁▄▇▆▇██,False,False,False,0,-0.08379390265644504,-0.06419011199125924,-0.04699841076565714,-0.04714878885508733,UP,False,40,25.0,IGNORE,NONE,,RED,C,NO_DEPLOY,CMF positive,Finance,28.2
PLATIND,218.88,221.2,221.9,216.0,True,False,False,False,False,False,0.5430695592731906,0.8546607359999999,0.5302755659852587,False,0.10251624899937144,True,54.48,False,0.9423078586192284,66.0,0.37,0,True,▃▅▃▄▅▁█▃▃▂▂▁▅▆▂▃▄▂▃▃,False,False,False,0,0.043826601173160284,-0.07754551584625757,0.08062209306394819,-0.06050419271008567,UP,False,36,25.0,IGNORE,NONE,,RED,C,NO_DEPLOY,CMF positive,Process Industries,22.6
CAMPUS,212.9,214.5,215.39,207.92,True,False,False,False,False,False,0.959940942706272,9.19955803,0.9164655513574178,False,-0.15193515175802022,True,53.51,True,1.0472034130494343,85.0,0.92,0,True,▅▆▆▁▂▅▃▂▃▂▆▃▅▅▇▇▅█▅▅,False,False,False,0,-0.017218298481281424,-0.0799481417458946,0.019577193409506477,-0.06290681860972269,UP,False,35,25.0,IGNORE,SEED,,RED,C,NO_DEPLOY,No standout factor,Consumer Non-Durables,28.4
IRCTC,458.55,464.0,466.55,457.0,True,False,False,False,False,False,1.0160751869707783,30.258155430000002,0.9699523620776287,False,-0.550203830614741,True,57.37,True,1.0613460613460615,84.0,1.0,0,True,█▆█▄▃▄▂▄▆▇▂▅▅▃▄▇▄▁▆▆,False,False,False,0,-0.06997261940979616,-0.08418214499700416,-0.033177127519008254,-0.06714082186083226,UP,False,34,25.0,IGNORE,NONE,,RED,C,NO_DEPLOY,No standout factor,Consumer Services,29.2
EMBDL,55.01,55.32,56.38,53.9,True,False,False,False,False,False,1.1218220153513143,16.671754176999997,1.0132947596413568,False,-0.1230697739494382,True,52.41,True,1.0343500527931004,81.0,0.76,0,True,▁▄██▄▂▂▄▂▇▄▃▄▄▁▃▃▄▄▄,False,False,False,0,-0.12737944162436554,-0.11059013742926438,-0.09058394973357764,-0.09354881429309247,UP,False,25,25.0,IGNORE,NONE,,RED,C,NO_DEPLOY,No standout factor,Finance,28.2
TRENT,2835.0,2793.6,2841.8,2782.0,False,False,False,False,False,False,0.8526584812786419,165.2654745,0.8313484532711316,False,-0.1380420800050763,True,54.2,True,1.0707336105650984,79.0,0.8,0,True,▃▃▃▅▅▅▆▆▅█▅█▄▁▅▅▄▇▆▆,False,False,False,0,-0.05088717777033813,-0.13837643983831271,-0.014091685879550231,-0.12133511670214081,UP,False,18,25.0,IGNORE,NONE,,RED,C,NO_DEPLOY,No standout factor,Retail Trade,31.1
CANFINHOME,784.8,776.2,788.75,766.85,False,False,False,False,False,False,0.8543437318328019,15.979391279999998,0.8329162703495112,False,-0.09012313923245914,True,68.36,True,1.1245178111711536,90.0,1.32,0,False,█▆▅▃▅▅▄▄▆▅▁▆▆█▇█▅▆██,False,False,False,0,-0.047746162713098395,-0.13739283358979992,-0.010950670822310493,-0.12035151045362802,UP,False,18,25.0,IGNORE,SEED,,RED,C,NO_DEPLOY,Delivery P90,Finance,28.2
CESC,141.7,146.0,146.76,141.1,True,False,False,False,False,False,0.9491883457161375,24.36717127,0.887568708882774,False,-0.35985735097696797,True,59.42,True,1.093807525219056,88.0,1.06,0,True,▇▃▃▄▄▄▄▄▇▆▅▃▄█▅▅▁▅▆▆,False,False,False,0,-0.1564471960947732,-0.14997000599880028,-0.1196517042039853,-0.13292868286262838,UP,False,15,25.0,IGNORE,SEED,,RED,C,NO_DEPLOY,No standout factor,Utilities,34.3
KSB,787.95,810.05,812.0,780.4,True,False,False,False,False,False,1.1658443021091056,14.33927169,1.136924072791284,False,0.03207511055089826,False,60.73,True,1.1171509248273135,82.0,0.88,0,True,▃▂▆█▅▃▂▁▆█▂▃▁▅▃▄▄▅▆▆,False,False,False,0,-0.008244178728760154,-0.14954128440366965,0.028551313162027747,-0.13249996126749775,UP,False,15,25.0,IGNORE,NONE,,RED,C,NO_DEPLOY,CMF positive,Producer Manufacturing,24.3
ASTRAZEN,6695.5,6767.5,6778.5,6600.0,True,False,False,False,False,False,1.343537568905745,9.93813065,1.240668642371175,False,-0.5759254591989098,True,61.01,True,1.0834569041297804,89.0,1.06,0,True,▁█▃▄▅▅▃▃▃▆▃▃▃▂▁▃▁▁▄▄,False,False,False,0,-0.12419882275997385,-0.18387372013651881,-0.08740333086918595,-0.1668323970003469,UP,False,9,25.0,IGNORE,SEED,,RED,C,NO_DEPLOY,No standout factor,Health Technology,30.5
APARINDS,16550.0,17598.0,17688.0,16490.0,True,False,True,True,False,True,0.7999793422492715,166.63533,0.7643363019962653,False,0.03729950854844227,False,37.6,False,0.9654641160611118,40.0,-0.28,0,False,▄▄▅▃▆▆▄▁▄▃▄▅▄▃▃█▃▃▄▄,False,False,False,2,-0.03857325432787262,0.1692807686872968,-0.0017777624370847178,0.1863220918234687,FLAT,True,83,24.0,IGNORE,NONE,,RED,C,NO_DEPLOY,CMF positive,Electronic Technology,25.8
UNICHEMLAB,519.05,544.1,548.95,515.0,True,False,False,True,False,False,0.3690247967861149,3.0004204299999997,0.35244622433549844,False,-0.18789114043587093,True,41.34,True,1.0768429278457932,29.0,-0.51,0,True,▇▇▆██▁▅▆▅▅▃▅▆▇▂▆▆▆▆▆,False,False,False,0,-0.01992069486404846,0.0875851231011,0.01687479702673944,0.10462644623727191,FLAT,True,75,24.0,IGNORE,NONE,,RED,C,NO_DEPLOY,No standout factor,Health Technology,30.5
MEDANTA,1418.1,1454.0,1464.6,1410.0,True,False,True,True,False,True,0.2263090145658337,9.28954767,0.2193520278468566,False,0.011870805231871607,False,41.42,False,0.7675700718091267,4.0,-1.54,0,False,▇▄▄█▇▅▃▁▃▄▄▃▅▄▄▄▅▆▂▂,False,False,False,2,-0.01705136202952806,0.07082987238541105,0.01974412986125984,0.08787119552158296,FLAT,True,71,24.0,IGNORE,NONE,,RED,C,NO_DEPLOY,CMF positive,Health Services,27.6
CHALET,845.15,872.0,881.9,839.1,True,False,False,True,False,False,0.22664210150436062,4.37179192,0.21439512511639813,False,0.033867628565494315,False,58.34,True,1.3121464637945188,68.0,0.35,0,False,▅▄██▄▁▄▄▄▆▆▆▇▇▆▅▇▅██,False,False,False,8,0.012822817424650967,0.03344338469063346,0.04961830931543887,0.050484707826805364,FLAT,True,65,24.0,IGNORE,NONE,,RED,C,NO_DEPLOY,CMF positive,Consumer Services,29.2
ETHOSLTD,2574.1,2646.0,2660.0,2567.5,True,False,False,False,False,False,0.3332475334635226,6.81518716,0.3001013747277621,False,-0.2227075232774843,True,57.95,True,1.2142101348307544,78.0,0.52,0,True,▁▄▄▅▄▄▃▅▄▅▃▄▅█▅▄▄▆▆▆,False,False,False,0,-0.10998547818269822,0.028816946442845603,-0.07318998629191031,0.04585826957901751,FLAT,True,63,24.0,IGNORE,NONE,,RED,C,NO_DEPLOY,No standout factor,Retail Trade,31.1
KFINTECH,884.8,901.8,903.85,880.0,True,False,False,False,False,False,0.8338258942129272,67.36460192,0.7737217486829083,False,0.038999428240377464,False,44.27,True,1.1633468229358281,62.0,0.3,0,False,▅▄▁▄█▇▆▆█▆▅▆▅▄▅▅▆▅▇▇,False,False,False,6,-0.07602339181286555,0.02100161550888524,-0.03922789992207765,0.038042938645057145,FLAT,True,62,24.0,IGNORE,NONE,,RED,C,NO_DEPLOY,CMF positive,Technology Services,21.0
TARSONS,303.15,311.75,312.45,301.0,True,False,False,True,False,False,0.519432345445601,2.9800251299999996,0.46876207799967945,False,-0.023667083459964117,True,43.95,True,1.156898616723042,27.0,-0.42,0,True,▁▁▄▅▄▄▅▂▆▇▅▅▅▆█▆▇▂▆▆,False,False,False,0,-0.09950987672657063,0.022773279352226616,-0.06271438483578273,0.03981460248839852,FLAT,True,62,24.0,IGNORE,NONE,,RED,C,NO_DEPLOY,No standout factor,Process Industries,22.6
SUNDROP,653.4,662.05,666.05,653.0,True,False,False,False,False,False,0.34780531424826727,0.35198658,0.34496601374409397,False,-0.03182469480741375,True,67.12,True,1.0029961371498592,45.0,-0.07,0,True,▃▃▃▅▁▆▅▅▄▅▁▁▃▄▄▄█▄▄▄,False,False,False,0,0.00592718035563089,0.020220157701615893,0.04272267224641879,0.0372614808377878,UP,True,61,24.0,IGNORE,NONE,,RED,C,NO_DEPLOY,No standout factor,Process Industries,22.6
SUNFLAG,331.55,337.2,339.5,328.5,True,False,False,True,False,False,0.6879490575075371,3.44042804,0.6574887580978556,False,-0.14270979598836456,True,57.5,True,1.076184504814756,75.0,0.68,0,True,▅▆█▇▆▇▆▇▆▆▅▁▄▇█▇█▆▇▇,False,False,False,0,-0.0723279238947957,-0.0037560096153845812,-0.0355324320040078,0.013285313520787323,FLAT,True,55,24.0,IGNORE,NONE,,RED,C,NO_DEPLOY,No standout factor,Non-Energy Minerals,28.3
BLUEDART,4843.5,4842.0,4889.4,4791.0,False,False,False,False,False,False,1.027821461160619,3.84622335,0.9916666105760417,True,-0.11969918884196146,True,57.78,True,1.0955527535764735,87.0,0.88,0,True,▇▅▅▅▄▅▄▅▄▆▁▂▄▆█▅▃▃▆▆,False,False,False,0,-0.04758627470258581,-0.011227926916402953,-0.010790782811797905,0.0058133962197689515,FLAT,True,53,24.0,IGNORE,SEED,,RED,C,NO_DEPLOY,No standout factor,Transportation,28.8
TATAPOWER,367.95,364.1,373.7,363.15,False,True,False,False,False,False,0.9927366415881391,203.275191735,0.9971899260661167,False,-0.07712663348912248,False,53.5,True,1.0739198072966327,82.0,0.84,0,True,▄▄▄▄▆█▅▁▃▆▃▁▂▆▄▅▁▂▅▅,False,False,False,0,-0.030307023323230986,-0.019976028765481435,0.006488468567556915,-0.002934705629309531,UP,False,51,24.0,IGNORE,NONE,,RED,C,NO_DEPLOY,No standout factor,Utilities,34.3
RAIN,196.74,216.0,216.48,195.3,True,False,False,True,False,False,1.2803300099816248,103.742221788,1.200307843405198,False,-0.14212875887413673,False,47.5,True,1.0992189759907434,60.0,0.37,0,True,▇▇█▄▃█▄▆▆▇▂▂▅▂▇▅▁▄▆▆,False,False,False,0,-0.034357514479238294,-0.020755562192026233,0.002437977411549608,-0.0037142390558543292,UP,False,51,24.0,IGNORE,NONE,,RED,C,NO_DEPLOY,No standout factor,Process Industries,22.6
THOMASCOOK,103.37,108.6,109.6,102.83,True,False,False,False,False,False,0.3959002748984539,10.208779852000001,0.3663257644846207,False,0.14505879565523982,False,40.25,True,1.0191421481744063,31.0,-0.52,0,False,▆██▁▃▅▄▆▅▇▅▄▅▄▅▆▅▅▅▅,False,False,False,0,0.009472656250000044,-0.029116182962336756,0.046268148140787946,-0.012074859826164852,UP,False,49,24.0,IGNORE,NONE,,RED,C,NO_DEPLOY,CMF positive,Consumer Services,29.2
DEEDEV,607.4,639.35,644.0,607.4,True,False,False,True,False,False,0.9047803154291025,13.7169142,0.8565648155445081,False,-0.12472812480318082,False,60.09,True,1.061613886312442,86.0,1.05,0,True,▂▇▅▆▆█▆▄▆▅▄▄▃▁▃▃▃▅▆▆,False,False,False,0,-0.07584632940281477,-0.06135064132282497,-0.03905083751202687,-0.04430931818665307,UP,False,41,24.0,IGNORE,SEED,,RED,C,NO_DEPLOY,No standout factor,Producer Manufacturing,24.3
WHIRLPOOL,751.95,770.95,771.2,750.0,True,False,False,False,False,False,0.2986787517814221,11.33880444,0.2744989665433337,False,0.23560226505033297,False,57.14,True,1.168722259720603,69.0,0.45,0,False,▇█▇▅▇▆▆▁▂▆▆▅▅▇▇▇▇▅▇▇,False,False,False,1,-0.02217165149544853,-0.06264023934181007,0.014623840395339371,-0.04559891620563816,UP,False,40,24.0,IGNORE,NONE,,RED,C,NO_DEPLOY,CMF positive,Consumer Durables,20.7
MMTC,60.77,62.42,62.99,60.34,True,False,False,False,False,False,0.2692363339709458,5.918864306000001,0.25090064903716947,False,0.1135578586843413,False,39.88,True,1.1091179619818392,82.0,0.92,0,False,▅█▁▃▆▆▄▆▆▆▅▆▅▂▆▆▆▆▆▆,False,False,False,0,-0.043594586087503884,-0.06837344780009202,-0.006799094196715982,-0.05133212466392012,UP,False,39,24.0,IGNORE,NONE,,RED,C,NO_DEPLOY,CMF positive,Distribution Services,31.7
DBCORP,184.73,191.74,191.74,184.0,True,False,False,False,False,False,1.8515162927383408,2.216002607,1.7099114466985919,False,-0.4260611710212123,False,65.49,True,1.057612338003149,85.0,0.96,0,True,▇▆▅▁▁▆▆▄▇█▄▅▅▄▂▆▆█▆▆,False,False,False,0,-0.1197045508696688,-0.0706344015696535,-0.0829090589788809,-0.0535930784334816,FLAT,False,38,24.0,IGNORE,DISTRIBUTION,,RED,C,NO_DEPLOY,No standout factor,Consumer Services,29.2
NCC,137.33,141.33,142.23,136.6,True,False,False,False,False,False,0.47365533087546713,19.405182189,0.4405644028122087,False,0.09580416483013843,False,47.37,True,1.055904774642236,63.0,0.34,0,False,▅▅█▁▄▅▄▃▅▄▂▅▄▆▄▄▅▄▅▅,False,False,False,0,-0.021726741701096897,-0.07490737622094967,0.015068750189691005,-0.05786605308477777,UP,False,36,24.0,IGNORE,NONE,,RED,C,NO_DEPLOY,CMF positive,Consumer Durables,20.7
INDIGO,4961.0,4950.0,5009.0,4950.0,True,False,False,False,False,False,0.8392711190105647,212.9861481,0.8131515973532953,False,0.09059199993676569,False,53.12,False,0.9734107859485807,46.0,-0.02,0,True,▄▄▃▆▅▁▅▆▁▇▅▅▅▆▃▇▆█▄▄,False,False,False,1,-0.069754359647478,-0.08112613446934613,-0.0329588677566901,-0.06408481133317423,UP,False,35,24.0,IGNORE,NONE,,RED,C,NO_DEPLOY,CMF positive,Transportation,28.8
JAYKAY,158.9,169.4,169.5,156.25,True,False,False,False,False,False,0.8692177986249285,8.1723859,0.8555876419157985,False,0.2518938385639229,False,51.83,True,1.222333588821414,64.0,0.38,0,False,▇▆█▅▆▇▄▇▄▆▁▄▆▇▅▆▄▇▇▇,False,False,False,0,0.05581395348837215,-0.08256351039260956,0.09260944537916005,-0.06552218725643766,UP,False,35,24.0,IGNORE,NONE,,RED,C,NO_DEPLOY,CMF positive,Commercial Services,28.1
ASIANPAINT,2482.0,2459.1,2483.0,2457.4,False,False,False,False,False,False,0.6508841809808097,91.7039432,0.6155102585844764,False,0.08536490094741958,False,54.05,False,0.9698633578266448,46.0,-0.1,0,True,▄▆▄▅▆▃▄▅▄█▁▂▅▆▄▆▆█▄▄,False,False,False,0,-0.09416058394160587,-0.0862906788396407,-0.05736509205081797,-0.0692493557034688,UP,False,33,24.0,IGNORE,NONE,,RED,C,NO_DEPLOY,CMF positive,Process Industries,22.6
EPACKPEB,221.26,244.05,245.65,215.46,True,False,False,False,False,False,1.4383197903164098,15.604671263999998,1.3600545892429463,False,0.23422036843089697,False,31.67,False,0.7713196702346595,29.0,-0.52,0,True,▄▅▂▄▄▂▄▄▃▄▃█▂▃▆▁▃▄▁▁,False,False,False,0,-0.011570247933884281,-0.10034967878344314,0.02522524395690362,-0.08330835564727124,UP,False,29,24.0,IGNORE,NONE,,RED,C,NO_DEPLOY,CMF positive,Industrial Services,34.0
SANDHAR,610.35,618.1,628.0,607.3,True,False,False,True,False,False,0.7406501007329108,7.277874435000001,0.6956093264958041,False,-0.21837892888816426,False,52.28,True,1.0751781509321434,77.0,0.59,0,True,▄▇▅▇▄▅█▆█▃▂▅▅▆▆▂▁▃▆▆,False,False,False,0,-0.033950617283950546,-0.10070723441874174,0.0028448746068373554,-0.08366591128256984,UP,False,29,24.0,IGNORE,NONE,,RED,C,NO_DEPLOY,No standout factor,Consumer Durables,20.7
ZAGGLE,179.41,188.52,188.54,178.42,True,False,False,False,False,False,0.2029002622062603,21.136937976,0.19523559887841596,False,0.08633336887157045,False,34.76,True,1.0858936911325971,15.0,-0.91,0,False,▄▁▂▂▅▄▅▄▄▆▆▆▆▇▅▇█▅▅▅,False,False,False,0,0.08156498673740065,-0.12674616695059626,0.11836047862818855,-0.10970484381442436,UP,False,20,24.0,IGNORE,NONE,,RED,C,NO_DEPLOY,CMF positive,Technology Services,21.0
FACT,754.55,780.15,785.15,751.4,True,False,False,False,False,False,0.06069590758592358,8.924213759999999,0.05262022749968707,False,0.19009748978473975,False,39.4,True,1.355022870309867,84.0,0.99,0,False,▇▅█▃▅▁▂▄▅▅▄▇▅▅█▄▄▄▆▆,False,False,False,0,-0.05070139019940878,-0.12667824074074074,-0.013905898308620879,-0.10963691760456884,UP,False,20,24.0,IGNORE,NONE,,RED,C,NO_DEPLOY,CMF positive,Process Industries,22.6
APTUS,244.83,249.01,249.66,240.4,True,False,False,False,False,False,0.848096518303138,25.51936539,0.8129523522433125,False,0.02426515568932112,True,56.9,False,0.9389593887687915,53.0,0.06,0,True,▃▆▄▇▅▄▇█▁▃▃▁▇▅▂▆▂▆▃▃,False,False,False,0,-0.04735408560311283,-0.14245183887915935,-0.010558593712324926,-0.12541051574298745,UP,False,16,24.0,IGNORE,NONE,,RED,C,NO_DEPLOY,CMF positive,Finance,28.2
ADFFOODS,261.3,269.55,270.9,260.1,True,False,False,True,False,False,0.5608939961570069,1.71389283,0.5386546773918305,False,0.21108784929007987,False,58.57,True,1.4017159473010325,89.0,1.08,0,False,▇▄▆▅▁▂▃▃▂▃▅▃▇▆▇▂▁▃██,False,False,False,0,-0.030786350148367947,-0.15818298969072153,0.0060091417424199545,-0.14114166655454963,UP,False,14,24.0,IGNORE,SEED,,RED,C,NO_DEPLOY,CMF positive,Consumer Non-Durables,28.4
PAGEIND,34580.0,35465.0,35510.0,34580.0,True,False,False,False,False,False,0.5863743563584126,44.321186,0.5673567705036568,False,0.006849077481155625,True,48.0,False,0.9605090698069977,38.0,-0.25,0,True,▆▆▆▃▁▆▅▄▄█▅▆█▅▄▄▄▃▄▄,False,False,False,0,-0.050652024708304766,-0.17233125897558643,-0.013856532817516864,-0.15528993583941453,UP,False,11,24.0,IGNORE,NONE,,RED,C,NO_DEPLOY,CMF positive,Consumer Non-Durables,28.4
GODREJCP,857.0,867.0,877.0,856.6,True,False,False,False,False,False,0.7739730308131874,100.8228791,0.7383664293513831,False,0.06655475649473935,False,54.54,False,0.9631107736318848,33.0,-0.47,0,True,▃▄▇▅▆▁▅▇▅▇▁▄▂▁█▆▇▄▄▄,False,False,False,0,-0.07948442534908695,-0.17880413951705632,-0.04268893345829905,-0.1617628163808844,UP,False,10,24.0,IGNORE,NONE,,RED,C,NO_DEPLOY,CMF positive,Consumer Non-Durables,28.4
KEC,406.9,427.1,429.6,403.45,False,False,False,False,False,False,4.964991847470843,203.83378808,4.8320618867666765,True,-0.15778751148814604,False,48.46,False,0.9624340883588374,58.0,0.3,0,False,▆▄▅█▅▆▆█▆▆▄▅▅▅▅▃▄▁▅▅,False,False,False,0,-0.0506299580027999,-0.1835874799357946,-0.013834466112012,-0.1665461567996227,UP,False,9,24.0,IGNORE,NONE,,RED,C,NO_DEPLOY,No standout factor,Industrial Services,34.0
NINSYS,710.75,725.0,725.0,700.05,False,False,False,True,False,False,1.1412442878050237,0.271577575,1.1352643033530558,True,-0.21038139628035296,False,71.7,True,1.0849170802566277,76.0,0.73,0,True,▅▄▇▄▅▆▂▆▆▂▁▅▆▄▅▄█▇▆▆,False,False,False,0,-0.02503429355281206,-0.2109791296625222,0.011761198337975842,-0.1939378065263503,UP,False,6,24.0,IGNORE,NONE,,RED,C,NO_DEPLOY,No standout factor,Technology Services,21.0
BBOX,745.8,815.0,834.35,727.1,True,False,False,True,False,False,3.8009500525262165,112.63176012000001,3.696170104266302,False,-0.03921883617669663,False,26.46,False,0.6100710135571337,6.0,-1.6,0,False,▆▅▇▁▇▇▅▇▅▆▇▆▅█▂▄▅▆▁▁,False,False,False,0,-0.04064831489580656,-0.2192211055276383,-0.0038528230050186574,-0.2021797823914664,UP,False,5,24.0,IGNORE,DISTRIBUTION,,RED,C,NO_DEPLOY,No standout factor,Technology Services,21.0
APCOTEXIND,576.7,602.05,610.0,575.0,True,False,False,True,False,False,0.7639567213801476,6.81526759,0.6994365268778184,False,-0.050695188997385954,False,53.84,True,1.0647786490522009,46.0,-0.04,0,True,▁▅▃▅▃▆▆▃▄▂▁▃▄▃▂▅▃█▅▅,False,False,False,0,-0.08829341554027337,0.13545973616853724,-0.051497923649485466,0.15250105930470914,FLAT,True,80,23.0,IGNORE,NONE,,RED,C,NO_DEPLOY,No standout factor,Process Industries,22.6
HUHTAMAKI,242.15,258.0,258.0,239.45,True,False,False,True,False,False,1.1744658750137684,5.848140435,1.080931098873625,False,-0.10769919631067719,False,52.02,True,1.0241871179232747,34.0,-0.24,0,True,▇▆▇▇▅▆▆█▆▅▆▄▆█▅▅▁▂▆▆,False,False,False,0,-0.1226449275362319,0.13562819490690803,-0.085849435645444,0.15266951804307993,FLAT,True,80,23.0,IGNORE,NONE,,RED,C,NO_DEPLOY,No standout factor,Process Industries,22.6
ARMANFIN,1918.1,2024.9,2025.0,1900.4,True,False,False,True,False,True,1.3784446127881902,7.277079589999999,1.333474847238938,False,-0.002642009104075753,False,51.87,False,0.9679947746570868,34.0,-0.39,0,False,▅▃▂▃▃▅▇▆█▄▃▆▆▇▆▆▄▁▄▄,False,True,False,2,-0.009655101197852178,0.11161982034192985,0.027140390692935723,0.12866114347810176,FLAT,True,78,23.0,IGNORE,NONE,,RED,C,NO_DEPLOY,No standout factor,Finance,28.2
LXCHEM,167.83,175.56,176.01,167.01,True,False,False,True,False,False,1.0355097876172472,15.122355716,0.9935416560631835,False,-0.13241745467448843,False,46.71,True,1.0395130690226886,58.0,0.09,0,True,▅▄▄▇▃▃▄█▃▅▅▃▁▆▄▁▃▄▅▅,False,False,False,0,-0.03651185487111763,0.07804470709146982,0.00028363701967026866,0.09508603022764173,FLAT,True,73,23.0,IGNORE,NONE,,RED,C,NO_DEPLOY,No standout factor,Process Industries,22.6
UTTAMSUGAR,256.65,278.9,280.7,255.5,True,False,False,True,False,False,0.4373227828191871,6.17982402,0.3566948458348616,False,-0.1185793623461386,False,28.75,True,1.0587953670797503,13.0,-1.15,0,False,█▄▂▃▁▅▁▄▃▁▇▆▃▇▄▄▄▆▅▅,False,False,False,3,-0.11597547533755859,0.07066872470902319,-0.07917998344677069,0.0877100478451951,FLAT,True,71,23.0,IGNORE,NONE,,RED,C,NO_DEPLOY,No standout factor,Process Industries,22.6
STYL,360.2,387.4,391.95,357.25,True,False,False,True,False,False,1.3703488211010446,5.611879979999999,1.2644589004257554,False,-0.16096816804867098,False,60.19,True,1.2807745504840942,76.0,0.54,0,True,▅▂▂▃▅▅▄▃▂▆▆▄█▂▇▂▁▅▇▇,False,False,False,0,-0.08567077040233528,0.03209169054441263,-0.04887527851154738,0.049133013680584536,FLAT,True,64,23.0,IGNORE,NONE,,RED,C,NO_DEPLOY,No standout factor,Technology Services,21.0
M&MFIN,342.3,356.15,358.75,341.0,True,False,False,True,False,False,0.7659669382783888,47.089766010000005,0.700081944752026,False,-0.2110400746757436,False,60.47,True,1.1018786785473496,87.0,1.05,0,True,▄▂▁▁▂▆▇▇▇▆▇▇▅▄▃█▅▄▇▇,False,False,False,0,-0.11367167270844114,0.030403371462974116,-0.07687618081765324,0.04744469459914602,FLAT,True,63,23.0,IGNORE,SEED,,RED,C,NO_DEPLOY,No standout factor,Finance,28.2
JUBLFOOD,466.0,468.95,472.95,461.6,True,False,False,False,False,False,0.44041727883890225,21.9599704,0.41362619609919754,False,0.02857889266013263,True,33.96,False,0.8370614116168152,10.0,-1.36,0,False,▄▄▄▂▂▂▁▂▄▃▆▄▂▃▁█▄▂▂▂,False,False,False,4,-0.06902407351912898,0.024288383338828545,-0.03222858162834108,0.04132970647500045,FLAT,True,63,23.0,IGNORE,NONE,,RED,C,NO_DEPLOY,CMF positive,Consumer Services,29.2
STEELCAS,312.75,325.35,330.0,311.0,True,False,False,True,False,True,0.6162941696603316,1.56293685,0.570777835085415,False,-0.2377384781366261,False,51.07,False,0.9287565355762674,58.0,0.16,0,True,▆▄██▁▂▂▃▅▁▂▄▅▂▄▂▅▁▃▃,False,False,False,3,-0.12578616352201255,0.0012806146950534725,-0.08899067163122465,0.018321937831225377,FLAT,True,57,23.0,IGNORE,NONE,,RED,C,NO_DEPLOY,No standout factor,Non-Energy Minerals,28.3
NUVOCO,313.75,330.15,330.95,312.05,True,False,False,False,False,False,0.882108982385126,10.085023125,0.8273406296971261,False,0.1654708113816163,False,45.18,False,0.9081589579690044,34.0,-0.24,0,True,▃▅▂▃▃▄▄▃▄▅▃▃▁▂█▃▅▄▃▃,False,False,False,0,-0.03890335426558433,-0.00507372760424929,-0.002107862374796432,0.011967595531922615,FLAT,True,55,23.0,IGNORE,NONE,,RED,C,NO_DEPLOY,CMF positive,Non-Energy Minerals,28.3
HINDCOPPER,492.1,513.95,513.95,490.55,True,False,False,True,False,False,0.47706564425981923,343.56079604,0.4333123574182263,False,-0.13057497200457066,False,42.44,True,1.213681079844429,90.0,1.34,0,False,▁▄▂▄▄▇▄▇▆▇▇▇▅▄█▃▃▄▇▇,False,False,False,2,-0.1311026750242783,-0.0067615299222928416,-0.0943071831334904,0.010279793213879063,FLAT,True,54,23.0,IGNORE,SEED,,RED,C,NO_DEPLOY,Delivery P90,Non-Energy Minerals,28.3
MAHLOG,387.25,398.4,398.4,381.8,True,False,False,True,False,True,1.3553372240407995,5.703998875,1.312456620933749,False,-0.13207781805347882,False,45.91,False,0.8856693642510586,20.0,-0.66,0,False,▄▁▄█▃▆▄▆▅▅▄▃▇█▆▆▃▆▃▃,False,True,False,0,-0.04276356445433205,-0.01211734693877553,-0.005968072563544147,0.004923976197396374,FLAT,True,53,23.0,IGNORE,NONE,,RED,C,NO_DEPLOY,No standout factor,Transportation,28.8
FMGOETZE,445.65,466.25,466.4,441.0,True,False,False,False,False,False,0.07102362266232522,12.236791395,0.055952084316521086,False,0.08602043675556086,False,29.44,False,0.7995980281651888,3.0,-2.26,0,False,▇▇▆█▇▁▁▂▂▃▅▇█▅▄▅▅▅▄▄,False,False,False,6,-0.03674483951150975,-0.01568194367752629,5.065237927814881e-05,0.0013593794586456154,FLAT,True,52,23.0,IGNORE,NONE,,RED,C,NO_DEPLOY,CMF positive,Producer Manufacturing,24.3
TCIEXP,494.3,519.0,519.5,490.35,True,False,False,False,False,False,0.805533262134818,1.26016842,0.7288164133366969,False,-0.11703183453059524,True,73.95,True,1.4238541295620613,98.0,1.6,0,True,▃▃▁▂▃▅▁▆▂▄▆▂█▄▃▆▃▅▇▇,False,False,False,0,-0.1096902017291067,-0.017784401390958715,-0.0728947098383188,-0.0007430782547868109,FLAT,False,51,23.0,IGNORE,SEED,,RED,C,NO_DEPLOY,Delivery P98,Transportation,28.8
ORKLAINDIA,582.3,588.3,591.2,579.9,True,True,True,False,False,False,0.3218002434654462,2.00648934,0.3198672441188461,False,-0.011162470203771441,True,61.4,True,1.0773819968415512,65.0,0.37,0,False,▄▃▆▄▃█▆▄▁▆▃▁▄▂▂▄▄▃▅▅,False,False,False,0,0.07375991148810623,-0.037520661157024904,0.11055540337889413,-0.020479338020853,UP,False,47,23.0,IGNORE,NONE,,RED,C,NO_DEPLOY,No standout factor,Consumer Non-Durables,28.4
TORNTPOWER,1300.9,1325.0,1326.9,1291.5,False,True,False,False,False,False,0.9622282177432153,56.78896824000001,0.9886767659501982,False,-0.19080870720173132,True,56.63,True,1.0702575005905977,73.0,0.57,0,False,▅▇▆▆▆█▄▆▆▇▅▃▁▃▆▅▃▄▆▆,False,False,False,0,0.029111620916066894,-0.07058655426162741,0.0659071128068548,-0.053545231125455506,UP,False,38,23.0,IGNORE,NONE,,RED,C,NO_DEPLOY,No standout factor,Utilities,34.3
CANTABIL,240.3,238.6,245.79,238.0,False,True,True,False,False,False,0.8554319340796086,4.762409580000001,0.8548357429283759,False,-0.003949343820513654,True,38.44,False,0.6734348858191502,10.0,-1.32,0,True,▆█▁▄▄▅▅▅▇▅█▆▅▃▇▇▆▆▂▂,False,False,False,0,0.05127307725960284,-0.08547724158928294,0.08806856915039074,-0.06843591845311103,UP,False,33,23.0,IGNORE,NONE,,RED,C,NO_DEPLOY,No standout factor,Consumer Non-Durables,28.4
HINDPETRO,345.3,352.65,355.2,344.2,True,False,False,False,False,False,0.6276040713448522,86.08415325,0.5989242387040885,False,0.15459833117675123,True,39.72,False,0.7578055690696277,15.0,-1.12,0,False,▅▄▃▆▄▇▁▇▄█▃▇▅█▄▄▇▆▂▂,False,False,False,0,-0.05655737704918029,-0.14940263579258528,-0.01976188515839239,-0.13236131265641338,UP,False,16,23.0,IGNORE,NONE,,RED,C,NO_DEPLOY,CMF positive,Energy Minerals,25.9
ZOTA,1113.1,1088.0,1124.0,1088.0,False,True,False,False,False,False,0.780569111178278,5.921691999999999,0.7967149486585479,False,-0.1539696650109667,True,52.43,False,0.884707867538494,41.0,-0.25,0,True,▁▄▆▂▁▅▄▃▆█▅▁▄▂▄▂▅▃▂▂,False,False,False,0,0.025520545421042762,-0.20589284440322475,0.06231603731183066,-0.18885152126705285,UP,False,6,23.0,IGNORE,NONE,,RED,C,NO_DEPLOY,No standout factor,Health Technology,30.5
MRPL,166.81,175.5,176.07,166.0,True,False,False,True,False,False,0.6758708388052003,145.663412895,0.6346852542891241,False,-0.11032673163478406,True,26.28,True,1.1382043397288752,54.0,0.1,0,False,▁▂▃▄▄▇▄▇█▂▁▂▅▅▆▂▁▂▅▅,False,False,False,1,-0.05990757439134353,0.13871254010512657,-0.02311208250055563,0.15575386324129847,FLAT,True,81,22.0,IGNORE,NONE,,RED,C,NO_DEPLOY,No standout factor,Energy Minerals,25.9
DHAMPURSUG,156.61,164.11,165.0,155.0,True,False,False,True,False,False,0.32077528801279803,8.288411979000001,0.2796510700532604,False,-0.04619651464333547,True,39.09,True,1.142431283152865,42.0,-0.21,0,False,▅▃▁▁▂▃▄▆▃▁▅▅▃█▃▃▇▆▅▅,False,False,False,2,-0.07139045360213458,0.09433303053595132,-0.03459496171134668,0.11137435367212323,FLAT,True,76,22.0,IGNORE,NONE,,RED,C,NO_DEPLOY,No standout factor,Process Industries,22.6
DALMIASUG,398.2,415.0,416.55,396.0,True,False,False,True,False,False,0.3473087073658555,7.61959682,0.28854251038739,False,-0.004404942623937004,True,34.77,True,1.0733137829912025,26.0,-0.62,0,False,▃▂▁▂▂▂▄▇▄▂▆▄▃▆▄▂█▆▄▄,False,False,False,2,-0.12038877844046836,0.09999999999999987,-0.08359328654968046,0.11704132313617177,FLAT,True,76,22.0,IGNORE,NONE,,RED,C,NO_DEPLOY,No standout factor,Process Industries,22.6
WONDERLA,514.2,528.0,530.15,510.0,True,False,True,False,False,False,0.5256513631116242,3.8046686400000005,0.5254722306512587,False,0.027084219449561353,False,50.76,False,0.8571790433571158,21.0,-0.67,0,False,▅▅█▄▁▄▃▃▁▂▃▁▄▂▂▄▅▆▂▂,False,False,False,8,0.0802521008403363,0.0501378535688759,0.1170475927311242,0.0671791767050478,UP,True,68,22.0,IGNORE,NONE,,RED,C,NO_DEPLOY,CMF positive,Consumer Services,29.2
SAIL,173.0,179.53,180.0,172.92,True,False,False,True,False,False,0.4179807038698768,176.6185372,0.38336665852159785,False,0.04423391262201133,False,40.33,False,0.9855816226783968,55.0,0.1,0,False,▆▇▄▃▆▄▂▄▄█▄▁▃▃▃▄▄▆▄▄,False,False,False,3,0.016451233842538215,0.044307618012797256,0.05324672573332612,0.06134894114896916,FLAT,True,67,22.0,IGNORE,NONE,,RED,C,NO_DEPLOY,CMF positive,Non-Energy Minerals,28.3
AIIL,529.85,539.0,539.0,524.2,True,False,False,True,False,False,0.40524238566536075,14.80877765,0.39550914306801666,False,0.04237452243891828,False,8.53,False,0.2011958534312974,2.0,-2.66,0,True,▅▆█▅▇▄▅▆▆▅▅▇▆▇▆▆▅▆▁▁,False,False,False,0,-0.04229552643470402,0.0232715334105833,-0.005500034543916121,0.040312856546755205,FLAT,True,62,22.0,IGNORE,NONE,,RED,C,NO_DEPLOY,CMF positive,Finance,28.2
POWERINDIA,31400.0,31060.0,31515.0,30700.0,False,False,False,True,False,False,0.5789481361298959,162.01772,0.5507392631875457,False,-0.12410523202051067,True,33.03,False,0.9070936204102932,48.0,-0.12,0,True,▅▃▂▁▃▂▄▂▄▇▃▆▅██▄▆█▃▃,False,False,False,0,-0.1204481792717087,0.011597938144329856,-0.0836526873809208,0.02863926128050176,FLAT,True,59,22.0,IGNORE,NONE,,RED,C,NO_DEPLOY,No standout factor,Electronic Technology,25.8
COSMOFIRST,861.35,875.05,884.6,858.0,True,False,False,True,False,True,0.6602717825739408,4.660161905000001,0.6085692734682772,False,-0.3399956236150151,True,50.07,False,0.985484426511834,34.0,-0.26,0,True,▆▆▄▆▆▅▂▆▅▅▁▁▅█▃▆▄▇▅▅,False,False,False,1,-0.10388056595921769,0.00984817398440696,-0.06708507406842978,0.026889497120578865,FLAT,True,59,22.0,IGNORE,NONE,,RED,C,NO_DEPLOY,No standout factor,Process Industries,22.6
TARC,126.61,132.0,132.4,126.1,True,False,False,False,False,False,0.7293443377495537,5.992679197999999,0.7370373021962677,False,0.026972119027895525,False,50.08,False,0.8593736593736594,50.0,0.09,0,True,▆▇█▅▅▆▇▇▆▃▁█▄▅▃▃▂▇▃▃,False,False,False,0,0.048009270755732025,-0.007058269939612671,0.08480476264651993,0.009983053196559233,UP,True,54,22.0,IGNORE,NONE,,RED,C,NO_DEPLOY,CMF positive,Finance,28.2
EXIDEIND,409.2,412.65,417.95,405.1,True,False,False,True,False,False,0.7316806549924902,62.91298596,0.6839594655158315,False,-0.26866686589372,True,49.78,True,1.0469310283184536,77.0,0.69,0,False,▇▄▇█▆▄▆▅▃▇▄▆▆▄▄▆▇▁▆▆,False,False,False,0,-0.1204728640515852,-0.012786489746682728,-0.08367737216079729,0.0042548333894891766,FLAT,True,53,22.0,IGNORE,NONE,,RED,C,NO_DEPLOY,No standout factor,Producer Manufacturing,24.3
CARRARO,521.0,538.0,539.0,519.0,True,False,False,False,False,True,0.7011730097444383,4.9673182,0.6707747304036187,False,0.030980133794666735,False,57.18,True,1.0293336693639121,71.0,0.5,0,False,▄▄▅▂▄▃▃▂█▇▃▁▄▂▇▄▃▃▄▄,False,False,False,0,0.015990639625585112,-0.0135378206948783,0.052786131516373014,0.0035035024412936044,UP,True,53,22.0,IGNORE,NONE,,RED,C,NO_DEPLOY,CMF positive,Producer Manufacturing,24.3
ASTEC,673.7,700.0,708.7,663.05,True,True,True,False,False,False,0.12026630505761897,3.1670637000000004,0.11127705302254608,False,0.524107377085794,False,20.01,False,0.4459847995185771,21.0,-0.98,0,False,▄▅▄▄▇▅▇██▇▆▇▇█▇▂▁▂▃▃,False,False,False,0,0.1505422252583044,-0.01957360110601747,0.1873377171490923,-0.0025322779698455644,UP,False,51,22.0,IGNORE,NONE,,RED,C,NO_DEPLOY,CMF positive,Process Industries,22.6
EPL,235.9,240.65,240.8,234.5,True,False,False,True,False,True,0.1907392458610358,46.27350707,0.18437182615194359,False,-0.32701653745302706,False,54.37,True,1.0825393981025198,61.0,0.26,0,False,▇▅▂▆▃▅▅▃▄▇█▁▄▄▆▅▇▄▆▆,False,False,False,2,-0.03773200081582706,-0.03749642988290014,-0.000936508925039159,-0.020455106746728235,UP,False,47,22.0,IGNORE,NONE,,RED,C,NO_DEPLOY,No standout factor,Process Industries,22.6
ASHOKLEY,156.65,164.5,165.36,156.65,True,False,False,False,False,False,1.575383740426003,280.55933542,1.43760333641861,False,-0.043533138835247905,False,48.72,True,1.0125529969241,61.0,0.19,0,True,▃▂▁▃▅▆▁▂▃█▁▃▃▄▁▃▁▃▃▃,False,False,False,2,-0.11170966827332007,-0.04574805068226118,-0.07491417638253217,-0.028706727546089272,FLAT,False,45,22.0,IGNORE,DISTRIBUTION,,RED,C,NO_DEPLOY,No standout factor,Producer Manufacturing,24.3
MANAPPURAM,318.85,327.1,330.45,317.7,True,False,False,True,False,True,0.7256835470833733,118.79190386000002,0.671638874685233,False,-0.02881498746596763,False,38.32,False,0.8952120638702971,40.0,-0.2,0,True,▂▅▄▄▃▃▃▁▁▆▄▃█▃▂▁▁▅▂▂,False,False,False,1,-0.08006347374495093,-0.06796258403975441,-0.04326798185416303,-0.05092126090358251,UP,False,39,22.0,IGNORE,NONE,,RED,C,NO_DEPLOY,No standout factor,Finance,28.2
PRAKASH,119.49,123.57,124.01,117.99,True,False,False,False,False,False,2.1007305723190117,8.566178355,1.9665595414297241,False,-0.3438803100666075,False,61.13,True,1.170198510691246,84.0,0.95,0,False,▄▂▃▁▃▁▃▃▃▃▂▆▃▁█▅▇▇▆▆,False,False,False,0,-0.1146921538119583,-0.07040609926871011,-0.0778966619211704,-0.053364776132538205,FLAT,False,38,22.0,IGNORE,DISTRIBUTION,,RED,C,NO_DEPLOY,No standout factor,Non-Energy Minerals,28.3
POONAWALLA,434.6,446.0,447.65,431.0,True,False,False,False,False,False,1.1271478989261712,37.32253534,1.0437872277661266,False,-0.1857337045274877,False,63.64,True,1.1692296386117695,96.0,1.82,0,True,▄▃▂▄▆▄█▇▃▃▅▁▄▅▅▅▄▄▆▆,False,False,False,0,-0.12713396264310095,-0.07874933757286695,-0.09033847075231305,-0.06170801443669505,FLAT,False,36,22.0,IGNORE,SEED,,RED,C,NO_DEPLOY,Delivery P96,Finance,28.2
JUBLINGREA,630.5,658.05,658.3,627.0,True,False,False,False,False,False,0.6267742498497806,10.38137165,0.5702482469300942,False,-0.06832592459492837,False,66.56,True,1.1816293561043159,96.0,1.5,0,True,▂▄▁▂▃▂▃▃▂▅█▄▂▂▄▃▄▂▆▆,False,False,False,0,-0.13237924865831852,-0.0767991800278206,-0.09558375676753061,-0.0597578568916487,FLAT,False,36,22.0,IGNORE,SEED,,RED,C,NO_DEPLOY,Delivery P96,Process Industries,22.6
AUTOAXLES,1661.6,1685.0,1715.9,1655.1,True,False,False,False,False,False,0.6949821050325031,0.63240496,0.6732239563835458,False,-0.34672818659185695,False,74.74,True,1.196979524507331,97.0,1.7,0,True,▄▅▅▆▆▅▂▂▃▅▄▄▁▇▆█▆▆▇▇,False,False,False,0,-0.07121296813862499,-0.07822034838566516,-0.03441747624783709,-0.06117902524949326,UP,False,36,22.0,IGNORE,SEED,,RED,C,NO_DEPLOY,Delivery P97,Producer Manufacturing,24.3
CENTURYPLY,711.05,717.05,726.9,706.65,True,False,False,False,False,False,0.7375080528564261,2.649585615,0.6998682870369572,False,-0.2504215939615818,False,76.08,True,1.3307562466656753,97.0,2.25,0,True,▃▂▁▂▅▄▄▃█▁▄▄▄▃▃▃▆▄██,False,False,False,0,-0.049716004009355275,-0.0792489478795727,-0.012920512118567373,-0.0622076247434008,UP,False,35,22.0,IGNORE,SEED,,RED,C,NO_DEPLOY,Delivery P97,Producer Manufacturing,24.3
SUNCLAY,1250.2,1318.9,1318.9,1239.0,True,False,False,False,False,False,1.2152982870643827,0.82313168,1.1786687186445342,False,-0.037040891140875026,False,75.45,True,1.0967446525521662,92.0,1.38,0,True,▂█▆█▅▆▅▄▅▁▅▄▅▆▄▄▆▄▆▆,False,False,False,0,-0.03242783066326127,-0.08490704142878058,0.004367661227526631,-0.06786571829260868,UP,False,34,22.0,IGNORE,SEED,,RED,C,NO_DEPLOY,Delivery P92,Producer Manufacturing,24.3
AXISBANK,1243.0,1236.0,1257.4,1234.7,True,False,False,False,False,True,1.41484558617825,799.4649091,1.409108803085044,False,0.07055126860155365,False,57.75,False,0.9202673954440789,26.0,-0.6,0,False,▅▅▆▅▇▂▅▇▇█▅▆▁▅▅▅█▆▄▄,False,False,False,0,0.010569105691056846,-0.09183897128662233,0.04736459758184475,-0.07479764815045042,UP,False,31,22.0,IGNORE,NONE,,RED,C,NO_DEPLOY,CMF positive,Finance,28.2
SUMMITSEC,1393.6,1423.3,1426.5,1390.0,True,False,False,False,False,False,1.374167776298269,0.64718784,1.3458472836688733,False,-0.3395167842987452,False,80.62,True,1.1947597735558257,98.0,2.03,0,True,▃▄▃▄▇▄▄▅▃▂▁▅▆▅█▅▃▃▆▆,False,False,False,0,-0.024636058230683155,-0.09223553934340811,0.012159433660104746,-0.07519421620723621,UP,False,31,22.0,IGNORE,SEED,,RED,C,NO_DEPLOY,Delivery P98,Miscellaneous,33.3
IMFA,1220.8,1245.0,1271.0,1215.0,True,False,False,False,False,False,1.4241145623315898,17.37552432,1.2937116107610926,False,-0.4132712345836971,False,58.33,True,1.1378577141408033,98.0,2.0,0,True,▅▄▄▅▁▂▄▇▄█▄▅▆▆▆▇▄▇▇▇,False,False,False,0,-0.13931190073322064,-0.10215488710745024,-0.10251640884243274,-0.08511356397127834,FLAT,False,28,22.0,IGNORE,SEED,,RED,C,NO_DEPLOY,Delivery P98,Non-Energy Minerals,28.3
CREDITACC,1409.6,1413.3,1431.7,1400.0,True,False,False,True,False,True,0.7694461228641329,26.55742784,0.7620701573991263,False,-0.07279449654240752,False,50.0,False,0.9268785511034491,56.0,0.15,0,True,▄▂▁▄▆▇▅█▂█▄█▂▅▃▂▄▄▃▃,False,False,False,0,-0.07542962088416638,-0.10908861079509558,-0.03863412899337848,-0.09204728765892367,UP,False,26,22.0,IGNORE,NONE,,RED,C,NO_DEPLOY,No standout factor,Finance,28.2
PFIZER,4041.6,4075.0,4091.1,4026.2,True,False,False,False,False,False,0.47278600804731,14.5982592,0.4218968330437151,False,-0.4201345478725695,False,73.5,True,1.190620823715223,97.0,1.66,0,True,▆▆█▁▂▄▃▃▅▄▅▅▄▇▄▂▁▇▆▆,False,False,False,1,-0.1578771904236035,-0.10952475378412319,-0.12108169853281558,-0.09248343064795128,FLAT,False,26,22.0,IGNORE,SEED,,RED,C,NO_DEPLOY,Delivery P97,Health Technology,30.5
LTF,296.8,310.6,311.3,296.6,True,False,False,True,False,True,0.8619959235940405,114.4702692,0.8101095149362705,False,-0.11165057841641743,False,38.25,False,0.8423718548697903,34.0,-0.49,0,True,▂▁▂▅▁▅▃▆▅▇▅▄▄▄▅▃▄█▂▂,False,False,False,0,-0.08705013841894804,-0.11190903650508666,-0.05025464652816014,-0.09486771336891475,UP,False,25,22.0,IGNORE,NONE,,RED,C,NO_DEPLOY,No standout factor,Finance,28.2
JPOLYINVST,967.05,989.5,1030.0,965.0,True,False,False,False,False,False,1.597699498731442,2.2593189149999997,1.5802286635695462,False,-0.318319072200163,False,59.35,True,1.1470150551765457,79.0,0.77,0,False,▄█▃▅▆▅▃▁▂▃▂▃▃▁▃▃▃▂▄▄,False,False,False,0,-0.03737806091976914,-0.11051324503311266,-0.0005825690289812391,-0.09347192189694076,UP,False,25,22.0,IGNORE,DISTRIBUTION,,RED,C,NO_DEPLOY,No standout factor,Finance,28.2
ANGELONE,297.5,306.45,310.0,297.3,True,True,False,True,False,False,0.8388282121149464,164.682196,0.8458496521834535,False,-0.11124295544953365,False,36.56,False,0.9458515509792255,70.0,0.54,0,True,▅▅▅▇█▅▇▆▄█▆▇▇▁▅▄▅▅▅▅,False,False,False,0,0.019708654670094194,-0.11405598570577724,0.056504146560882096,-0.09701466256960534,UP,False,24,22.0,IGNORE,NONE,,RED,C,NO_DEPLOY,No standout factor,Finance,28.2
PHOENIXLTD,1833.6,1890.0,1890.0,1833.6,True,False,False,True,False,True,1.0235641367103285,67.26726624,0.9816370620218029,False,-0.05360223941061594,False,60.08,True,1.0632875548633725,71.0,0.51,0,False,▇▆▇▆▆▅▆▇▆█▁▇▆▆▇▆▆▇▇▇,False,False,False,0,-0.05484536082474234,-0.1163799334971809,-0.018049868933954438,-0.099338610361009,UP,False,23,22.0,IGNORE,NONE,,RED,C,NO_DEPLOY,No standout factor,Finance,28.2
KIOCL,340.8,358.15,358.35,339.35,True,False,False,False,False,False,1.2174912045168718,3.12765792,1.0942781710737755,False,-0.4263142077501608,False,62.34,True,1.4658233205577371,98.0,2.39,0,True,▃▄▂▁▅▅▃▅▃▄▂▆▃▅▆▄▅▄██,False,False,False,0,-0.11249999999999993,-0.1166407465007776,-0.07570450810921203,-0.0995994233646057,UP,False,23,22.0,IGNORE,SEED,,RED,C,NO_DEPLOY,Delivery P98,Non-Energy Minerals,28.3
MADRASFERT,60.52,62.99,62.99,60.01,True,False,False,False,False,False,0.2965598384575132,0.223627452,0.26369160872228753,False,-0.16472185965849998,False,68.6,True,1.2508205090803002,97.0,1.86,0,True,█▃▇▄▅▁▂▆▄▆▄▅▄▆▆▂▅▂▆▆,False,False,False,0,-0.05966438781852079,-0.11778425655976665,-0.02286889592773289,-0.10074293342359475,UP,False,23,22.0,IGNORE,SEED,,RED,C,NO_DEPLOY,Delivery P97,Process Industries,22.6
ZENTEC,1638.9,1730.0,1732.8,1630.0,True,False,False,False,False,False,1.0954939190395419,86.84268876,0.9535878492920303,False,-0.3507914977039146,False,47.73,True,1.2915358805065482,92.0,1.32,0,True,▂▂▄▂▃▅▂▆▆█▆▄▃▃▁▂▇▅▇▇,False,False,False,0,-0.17327481840193704,-0.12047869485886009,-0.13647932651114913,-0.10343737172268819,FLAT,False,22,22.0,IGNORE,SEED,,RED,C,NO_DEPLOY,Delivery P92,Technology Services,21.0
PNBGILTS,76.29,80.2,80.8,76.01,True,False,False,False,False,False,1.524503245454549,4.342525977,1.4442791101166377,False,-0.17943423580737491,False,55.73,True,1.166778326773302,87.0,0.97,0,True,▇▆▇▆▇▇▅█▅▆▇▅▅▁▆▂█▄██,False,False,False,0,-0.04037735849056601,-0.12290181650954235,-0.003581866599778105,-0.10586049337337045,UP,False,21,22.0,IGNORE,DISTRIBUTION,,RED,C,NO_DEPLOY,No standout factor,Finance,28.2
GREENLAM,226.57,236.35,236.94,225.0,True,False,False,False,False,False,1.2529873591703284,1.704010313,1.1505161088421905,False,-0.21871579506203212,False,73.88,True,1.2182071512783095,94.0,1.58,0,True,▄▄▇▄▆▄▃▆▁▆▄▆▃▄▆▇▅▅██,False,False,False,0,-0.11374926657539608,-0.12538120054043622,-0.07695377468460818,-0.10833987740426432,UP,False,20,22.0,IGNORE,SEED,,RED,C,NO_DEPLOY,Delivery P94,Non-Energy Minerals,28.3
PARKHOTELS,106.83,111.58,111.85,105.6,True,False,False,False,False,False,1.0798596368630085,1.6112100599999999,1.0134687714864625,False,-0.33761341894474206,False,72.4,True,1.1577516590709203,90.0,1.34,0,True,▅▆▅▄▁▆▅▆▅▄▃▂██▅▅▅▄▆▆,False,False,False,0,-0.08221649484536087,-0.14130696889317573,-0.045421002954572964,-0.12426564575700383,UP,False,17,22.0,IGNORE,SEED,,RED,C,NO_DEPLOY,Delivery P90,Consumer Services,29.2
KALPATARU,255.45,266.0,268.95,253.0,True,False,False,False,False,False,1.7324262066748808,2.0652621599999996,1.5915200571604209,False,-0.19402775429296196,False,54.68,False,0.9655148058552434,60.0,0.16,0,True,▁▇▄█▅▅▄█▇▄▃▁▁▆▄▆▃▃▄▄,False,False,False,0,-0.08979155531801175,-0.14192139737991272,-0.05299606342722385,-0.12488007424374081,UP,False,16,22.0,IGNORE,DISTRIBUTION,,RED,C,NO_DEPLOY,No standout factor,Finance,28.2
GODAVARIB,226.63,233.65,236.89,225.02,True,False,False,False,False,False,0.7201440746986016,1.493922297,0.6729135318265054,False,-0.27231016363720595,False,66.97,True,1.2785414280259642,90.0,1.26,0,True,▁▁▃▅▅▃▅█▃▆▁▁▂▅▁▄▇▄▇▇,False,False,False,0,-0.09456652017578915,-0.14398489140698778,-0.05777102828500125,-0.12694356827081588,UP,False,16,22.0,IGNORE,SEED,,RED,C,NO_DEPLOY,Delivery P90,Process Industries,22.6
EKC,98.8,101.8,102.39,98.1,True,False,False,False,False,False,1.669779974030838,2.13196568,1.5229055593220957,False,-0.14072233483835256,False,57.4,True,1.1012096039290544,88.0,0.95,0,False,█▁▅▄▄▆▇▆▆▆▆▅▄█▅▆▅▆▇▇,False,False,False,0,-0.09015563127359805,-0.15468856947296372,-0.053360139382810146,-0.13764724633679182,UP,False,14,22.0,IGNORE,DISTRIBUTION,,RED,C,NO_DEPLOY,No standout factor,Producer Manufacturing,24.3
BHARATRAS,1128.9,1158.0,1170.0,1125.1,True,False,False,False,False,False,0.9733193477638982,1.44036351,0.9094956639724977,False,-0.4980426379479,False,67.25,True,1.1824383725428138,96.0,1.52,0,True,▅▃▄▂▇▇▇█▇▆▇█▇█▆▇▃▁██,False,False,False,0,-0.11652840820159638,-0.15634108063672358,-0.07973291631080848,-0.13929975750055168,UP,False,14,22.0,IGNORE,SEED,,RED,C,NO_DEPLOY,Delivery P96,Process Industries,22.6
NAVNETEDUL,124.1,127.2,127.8,123.81,True,False,False,False,False,False,0.9179789249648227,1.1261826799999999,0.858716852894846,False,-0.1620388397776771,False,78.44,True,1.2059621637826994,96.0,1.65,0,True,▅▁▄▄▇█▆█▄▃▇▂▆▄▅▇▅▅██,False,False,False,0,-0.07450220001491548,-0.17205951030755884,-0.037706708124127575,-0.15501818717138693,UP,False,11,22.0,IGNORE,SEED,,RED,C,NO_DEPLOY,Delivery P96,Producer Manufacturing,24.3
SURYODAY,144.81,148.05,150.36,143.43,True,False,False,False,False,False,0.9056728829636578,4.6698328799999995,0.8539837334704696,False,-0.20617273213409382,False,65.53,True,1.383847022923332,97.0,1.57,0,True,▆▄▃▄▂▅▁▄▄▂▄▂▅▂▄▅▅▆██,False,False,False,0,-0.04680094786729849,-0.18079990948690394,-0.010005455976510591,-0.16375858635073204,UP,False,9,22.0,IGNORE,SEED,,RED,C,NO_DEPLOY,Delivery P97,Finance,28.2
GREENPANEL,151.24,155.85,155.85,150.25,True,False,False,False,False,False,0.8303999844707016,4.722968092,0.7859572120344619,False,-0.31566886214774686,False,67.7,True,1.1280325246600906,91.0,1.11,0,True,▅▄█▄▅▄▅▆▅▅█▃▄▂▁▂▆▄▆▆,False,False,False,0,-0.08973818838399039,-0.22891811971041087,-0.05294269649320249,-0.21187679657423897,UP,False,4,22.0,IGNORE,SEED,,RED,C,NO_DEPLOY,Delivery P91,Non-Energy Minerals,28.3
KSCL,697.9,721.1,728.95,694.25,True,False,False,False,False,False,0.5876381682833296,4.61779493,0.5357677590145362,False,-0.004408267552878813,False,61.62,True,1.0840384919867003,92.0,1.27,0,True,▃█▆▅▂▂▄▃▃█▅▄▁▄▅▃▂▃▅▅,False,False,False,0,-0.0968618570042058,-0.22994593401743346,-0.0600663651134179,-0.21290461088126156,UP,False,4,22.0,IGNORE,SEED,,RED,C,NO_DEPLOY,Delivery P92,Process Industries,22.6
BOROSCI,120.02,124.66,126.89,118.61,True,False,False,False,False,False,1.153961448703953,0.74154357,1.0801239431407288,False,-0.33618889778080313,False,74.87,True,1.3298283318975854,98.0,1.55,0,True,▆▇▆▅▇▂▅▆▆▅▃▅▄▇▃▄▇▁██,False,False,False,0,-0.08002452859113918,-0.2573938868951863,-0.043229036700351275,-0.24035256375901437,UP,False,3,22.0,IGNORE,SEED,,RED,C,NO_DEPLOY,Delivery P98,Process Industries,22.6
MIDWESTLTD,974.3,1030.0,1033.0,967.6,True,False,False,False,False,False,1.9974831664390382,4.89468834,1.7900778288759713,False,-0.30705749716300546,False,53.89,True,1.025938793965066,82.0,0.83,0,False,▁▃▄▃▃▄▅▆▂▃▃▄▁▅▄▂▃█▄▄,False,False,False,0,-0.1596515439020184,-0.2782962962962964,-0.12285605201123051,-0.26125497316012447,UP,False,2,22.0,IGNORE,DISTRIBUTION,,RED,C,NO_DEPLOY,No standout factor,Non-Energy Minerals,28.3
ANUP,1616.1,1670.0,1679.0,1611.1,True,False,False,False,False,False,1.143001123444861,3.9954840299999996,1.0391160228925396,False,-0.18035695504128718,False,64.34,True,1.2791379635980478,98.0,1.84,0,True,▆█▄▃▅▅▁▃▆▅▄▃▅▅▅▇▅▅██,False,False,False,0,-0.11456278763971084,-0.2817014089515091,-0.07776729574892294,-0.2646600858153372,UP,False,2,22.0,IGNORE,SEED,,RED,C,NO_DEPLOY,Delivery P98,Producer Manufacturing,24.3
JAYBARMARU,112.34,116.65,119.13,110.8,True,False,False,False,False,False,1.6331233961354419,4.303543188,1.5002142108699825,False,-0.3597386919875231,False,58.76,False,0.9701732806089175,76.0,0.7,0,True,▄▅▆▅▄█▅▂▇▃▇▁▅▂▇▆▂▁▄▄,False,False,False,0,-0.13862904462505743,-0.40117270788912573,-0.10183355273426953,-0.38413138475295383,UP,False,1,22.0,IGNORE,DISTRIBUTION,,RED,C,NO_DEPLOY,No standout factor,Distribution Services,31.7
HIRECT,1204.9,1252.7,1255.0,1191.0,True,False,False,True,False,True,1.0239675892534774,7.193132510000001,0.9838579633195625,False,-0.12467346918409279,False,42.18,False,0.9465039044969034,45.0,-0.13,0,True,█▂▆▂▅▂▆▄▄▆▂▃▁█▆▁▂▂▃▃,False,False,False,0,-0.04448850118953207,0.13927760968229963,-0.007693009298744169,0.15631893281847153,FLAT,True,81,21.0,IGNORE,NONE,,RED,C,NO_DEPLOY,No standout factor,Producer Manufacturing,24.3
MATRIMONY,497.8,515.9,516.55,492.0,True,False,True,True,False,True,0.8051751059558332,0.67382208,0.7585618352220176,False,-0.14726231129034828,False,63.8,True,1.0305365089364313,50.0,0.02,0,False,▆██▄▂▁▂▄▅▃▂▂▄▄▅▄▆▄▄▄,False,False,False,2,-0.07549447488160466,0.12104492737304362,-0.038698982990816755,0.13808625050921552,FLAT,True,79,21.0,IGNORE,NONE,,RED,C,NO_DEPLOY,No standout factor,Technology Services,21.0
JINDRILL,598.65,640.0,643.8,596.0,True,False,False,True,False,True,0.2101329786543221,19.129800884999998,0.194177357014067,False,-0.3387151026146794,False,18.91,False,0.662195997408646,21.0,-1.01,0,False,▁▂▃▃▇█▆▅█▅▆▄▅▇▆▇▅▅▃▃,False,False,False,7,-0.08062658373646625,0.10820066641984427,-0.04383109184567835,0.12524198955601618,FLAT,True,77,21.0,IGNORE,NONE,,RED,C,NO_DEPLOY,No standout factor,Industrial Services,34.0
KARURVYSYA,324.45,333.8,339.9,322.75,True,False,False,True,False,True,1.3160964443277072,64.07738253,1.241520541732968,False,-0.16378790184091732,False,48.49,False,0.9730499869564345,36.0,-0.23,0,False,██▃▆▅▃▁▆▆▇▁▆▄▆▇▃▅▇▅▅,False,False,False,3,-0.028301886792452824,0.06604238541153262,0.008493605098335077,0.08308370854770453,FLAT,True,71,21.0,IGNORE,NONE,,RED,C,NO_DEPLOY,No standout factor,Finance,28.2
CENTENKA,550.4,568.9,570.1,546.55,True,False,False,True,False,True,0.0672862972486216,2.31068928,0.06147899674937348,False,0.14040138663166682,False,44.53,False,0.9790040672749258,10.0,-1.1,0,False,▆▆▆▆▇▇▇█▇▆▅▁▂▄▄▅▆▅▅▅,False,False,False,1,-0.045355996877981086,0.04808150052365989,-0.008560504987193185,0.0651228236598318,FLAT,True,68,21.0,IGNORE,NONE,,RED,C,NO_DEPLOY,CMF positive,Process Industries,22.6
TATATECH,759.3,772.7,789.95,752.25,True,False,False,True,False,True,1.2239882187615825,93.7796244,1.147624502916202,False,-0.11013520385679772,False,42.12,True,1.105787532324333,54.0,0.15,0,False,▂▃▁▅▅▆▄█▁▄▁▂▃▂▅▃▅▂▅▅,False,False,False,0,-0.0915290739411343,0.04507604431904211,-0.0547335820503464,0.06211736745521401,FLAT,True,67,21.0,IGNORE,NONE,,RED,C,NO_DEPLOY,No standout factor,Technology Services,21.0
PARAS,1339.2,1437.0,1443.7,1306.0,True,False,False,True,False,True,0.8301960086276281,170.92383696000002,0.7505156784549069,False,-0.2362818932603975,False,34.91,True,1.3102387028974627,73.0,0.55,0,False,▄▂▁▂▂▄▂█▇▅▆▂▂▂▆▂▅▂▇▇,False,False,False,1,-0.12315851502651731,0.03453070683661652,-0.08636302313572941,0.051572029972788425,FLAT,True,65,21.0,IGNORE,NONE,,RED,C,NO_DEPLOY,No standout factor,Electronic Technology,25.8
TEGA,1671.1,1748.0,1748.0,1659.2,True,True,True,False,False,False,0.44276832192176496,23.2149212,0.43918250738190784,False,-0.18354732642600452,False,51.86,True,1.0056624263108904,29.0,-0.43,0,False,█▇▂▇▇▇█▇▇██▇▇█▅▄▇▁▇▇,False,False,False,0,-0.036218928427245056,0.03237165626737504,0.0005765634635428452,0.04941297940354694,FLAT,True,64,21.0,IGNORE,NONE,,RED,C,NO_DEPLOY,No standout factor,Distribution Services,31.7
IFBIND,1272.0,1310.7,1310.7,1255.0,True,False,False,False,False,False,1.3863748612919573,5.4986016,1.3167475328184557,False,-0.18601931142273806,False,42.26,False,0.8013577191834722,25.0,-0.56,0,True,▅▄▇▂▅▆▃▇▃▂▄▂▃█▃▆▄▂▁▁,False,True,False,0,-0.10194860208980516,0.019802773991822287,-0.06515311019901726,0.03684409712799419,FLAT,True,61,21.0,IGNORE,NONE,,RED,C,NO_DEPLOY,No standout factor,Consumer Durables,20.7
MONTECARLO,552.35,555.45,560.9,548.0,True,True,True,False,False,False,0.9486105892246857,3.5139402300000007,0.9542053318367242,False,-0.15458138390865114,False,60.36,False,0.988843564161793,75.0,0.57,0,False,▄▃▅█▃▇▄█▅▄▆█▁▂▃▂▆▃▄▄,False,False,False,3,0.015255950739821778,0.014323753557983876,0.05205144263060968,0.03136507669415578,UP,True,60,21.0,IGNORE,NONE,,RED,C,NO_DEPLOY,No standout factor,Consumer Non-Durables,28.4
CARYSIL,1126.8,1162.0,1164.5,1123.0,True,False,False,True,False,True,0.8932386516414481,8.23499244,0.8723138511307397,False,-0.10282199197168206,False,51.56,False,0.9679993241277024,64.0,0.41,0,True,▁▁█▂▆▂▆▄▃▄▃▅▅▃▆▂▄▁▃▃,False,False,False,0,-0.045974091948183915,0.0076008226772779075,-0.009178600057396014,0.02464214581344981,FLAT,True,58,21.0,IGNORE,NONE,,RED,C,NO_DEPLOY,No standout factor,Consumer Durables,20.7
IRMENERGY,266.5,279.05,283.4,265.05,True,False,False,False,False,False,1.134860003268042,2.1007662,1.06556268781729,False,-0.3255853667514511,False,56.49,True,1.207180254300673,92.0,1.27,0,True,▅▄▆▆▅█▁▅▂▃▃▄▅▅▄▄▄▃▆▆,False,False,False,0,-0.08182601205857021,0.009087466868610283,-0.045030520167782306,0.026128790004782187,FLAT,True,58,21.0,IGNORE,SEED,,RED,C,NO_DEPLOY,Delivery P92,Energy Minerals,25.9
SUNPHARMA,1868.0,1892.6,1898.6,1865.0,True,False,False,True,False,True,0.8178089298911217,226.9915144,0.7974770835827747,False,-0.12277934965038462,False,71.97,True,1.119807063948965,87.0,1.08,0,False,▃▆▃▇█▃▆▅▄▇▁▁▅▅▆▇▄▆▇▇,False,False,False,1,-0.039094650205761305,0.0009645268459972378,-0.002299158314973404,0.018005849982169142,FLAT,True,56,21.0,IGNORE,SEED,,RED,C,NO_DEPLOY,No standout factor,Health Technology,30.5
BELRISE,226.66,228.59,232.56,226.0,True,False,False,True,False,True,0.9387009597261858,60.310531442,0.9176910237060432,False,-0.25450654861590105,False,46.43,False,0.9154992063570309,68.0,0.47,0,True,▁▅▃██▄▅▅▃▅▄▄▃▃▄▅▃▅▃▃,False,False,False,0,-0.04253791238964222,-0.014393181719354664,-0.005742420498854317,0.00264814141681724,FLAT,True,53,21.0,IGNORE,NONE,,RED,C,NO_DEPLOY,No standout factor,Producer Manufacturing,24.3
MINDACORP,678.95,702.3,704.6,675.0,True,False,False,True,False,True,0.540566100354848,12.496346330000002,0.5094281259239181,False,-0.24932089779921984,False,47.56,False,0.999117684130919,59.0,0.23,0,True,▁▅▆▆▆▆▄█▄▆▄█▅▆▇▄▅▅▅▅,False,False,False,2,-0.08896343508889626,-0.010637522768670249,-0.05216794319810836,0.006403800367501655,FLAT,True,53,21.0,IGNORE,NONE,,RED,C,NO_DEPLOY,No standout factor,Producer Manufacturing,24.3
ENRIN,3178.3,3167.0,3191.0,3124.0,True,False,False,False,False,False,0.5162485955139382,66.47350884000001,0.4982041305655424,False,-0.3608565391777336,True,50.35,True,1.000278130959949,55.0,0.08,0,True,▆▁▄▅▃▆▅█▇▃▃▇▃█▃▄▅▃▅▅,False,False,False,0,-0.10123575488504932,-0.03144903245467001,-0.06444026299426142,-0.014407709318498108,FLAT,False,49,21.0,IGNORE,NONE,,RED,C,NO_DEPLOY,No standout factor,Producer Manufacturing,24.3
KIMS,766.85,770.0,772.15,755.0,True,False,False,True,False,True,1.043994685758368,37.822038905,1.0430158932207816,False,-0.2946769975437132,True,48.68,False,0.7824794052642154,28.0,-0.55,0,False,▂▂▂▂▅▇▄▃▄▅▇▅▄▃▃█▂▂▁▁,False,False,False,0,-0.047982619490999356,-0.048159870911686165,-0.011187127600211455,-0.03111854777551426,UP,False,44,21.0,IGNORE,NONE,,RED,C,NO_DEPLOY,No standout factor,Health Services,27.6
VHL,3403.0,3465.1,3470.0,3382.1,True,False,False,False,False,False,0.7293694773101692,0.1657261,0.7092065829425447,False,-0.25039693631535576,True,75.9,True,1.0858446770005508,82.0,0.89,0,True,▂▅▄▃▃▃▃▅▄▃▁▂▆▅█▇▄▂▅▅,False,False,False,1,-0.010612007559238301,-0.04723241033681436,0.0261834843315496,-0.030191087200642452,UP,False,44,21.0,IGNORE,NONE,,RED,C,NO_DEPLOY,No standout factor,Finance,28.2
GRWRHITECH,6603.5,6921.0,6930.0,6566.0,True,False,False,True,False,True,0.5404715042954374,21.0981825,0.50562674524567,False,0.0017823315691937755,False,40.6,False,0.8090792240013551,29.0,-0.45,0,False,▂▃▂▂▂▂▂▅█▄▃▂▃▅▂▂▃▁▁▁,False,False,False,0,-0.07006055485142937,-0.05183430253428101,-0.03326506296064147,-0.0347929793981091,UP,False,43,21.0,IGNORE,NONE,,RED,C,NO_DEPLOY,CMF positive,Process Industries,22.6
DODLA,1080.3,1078.1,1094.5,1067.1,True,False,False,False,False,False,0.7855150027497216,2.53060275,0.7703561448630853,False,-0.0977774572750094,True,50.47,False,0.9242997243766425,37.0,-0.32,0,True,█▅▃▄▃▄▅▃█▁▂▅▄▄▅▅▃▂▃▃,False,False,False,3,-0.013154288846259354,-0.05790529345077189,0.023641203044528547,-0.040863970314599984,UP,False,42,21.0,IGNORE,NONE,,RED,C,NO_DEPLOY,No standout factor,Consumer Non-Durables,28.4
SHRINGARMS,211.05,218.0,218.01,209.55,True,False,False,False,False,False,0.48576504465090353,3.333175965,0.4629660316981382,False,-0.283065010068629,True,38.47,True,1.1023396421049616,62.0,0.27,0,True,▄▄▆▃▆▆█▇▄▆▂▆▁▃▃▃▆▆▅▅,False,False,False,1,-0.061708086960387654,-0.07149142102947648,-0.024912595069599752,-0.05445009789330457,UP,False,38,21.0,IGNORE,NONE,,RED,C,NO_DEPLOY,No standout factor,Consumer Durables,20.7
SIMPLEXINF,242.85,255.35,256.0,238.9,True,False,False,False,False,False,0.9025841731695354,2.6837839199999998,0.8346740728927902,False,0.0400263435852229,False,75.78,True,1.1408784673868042,89.0,1.33,0,True,▂▂▅▅▇▃█▅▅▁▅▄▇▅▄▄▆▆▇▇,False,False,False,0,-0.06470248411322932,-0.0704306220095694,-0.027906992222441418,-0.053389298873397495,UP,False,38,21.0,IGNORE,SEED,,RED,C,NO_DEPLOY,CMF positive,Industrial Services,34.0
RATEGAIN,878.65,879.0,897.0,868.65,False,False,False,True,False,True,0.6857341573964784,23.07826944,0.6608573392376494,False,-0.12780630621722847,True,48.6,False,0.9851517762124361,44.0,-0.19,0,False,▂▆▄▁▃▃▅▅▄▄▃▅▅▆▃█▆▂▄▄,False,False,False,1,-0.061221219082216005,-0.07364259356879288,-0.024425727191428104,-0.056601270432620976,UP,False,37,21.0,IGNORE,NONE,,RED,C,NO_DEPLOY,No standout factor,Technology Services,21.0
HBLENGINE,720.15,725.0,725.2,706.0,True,True,True,False,False,False,0.5728841056991532,78.870323895,0.5871268605563501,False,-0.07377709149128003,True,40.12,False,0.9992154714020647,69.0,0.44,0,False,██▃▆▆▅▇█▆█▆▆▆▁▅▆▄▅▆▆,False,False,False,0,0.07477053951197665,-0.0789742933879013,0.11156603140276455,-0.06193297025172939,UP,False,36,21.0,IGNORE,NONE,,RED,C,NO_DEPLOY,No standout factor,Producer Manufacturing,24.3
NUCLEUS,696.4,691.4,707.55,691.4,True,False,False,False,False,False,0.9080318355526038,1.451994,0.8642485369643299,False,0.024052585603599783,False,61.3,True,1.0331083415493254,71.0,0.55,0,True,▂▂▃▂▂▃▁▄▄▃▃▂▄█▃▄▄▃▄▄,False,False,False,0,-0.021704010676406593,-0.08277905828119858,0.015091481214381308,-0.06573773514502668,UP,False,34,21.0,IGNORE,NONE,,RED,C,NO_DEPLOY,CMF positive,Technology Services,21.0
SAATVIKGL,389.55,392.0,399.0,384.7,True,False,False,False,False,False,0.9256099758199052,4.092573345,0.8668488848223852,False,-0.13046783701325068,True,60.29,True,1.2514919718938442,94.0,1.44,0,False,▃█▇▁▄▄█▇▆▆▄▄▂▅▅▅▅▇▇▇,False,False,False,0,-0.02964254577157799,-0.08534867339751107,0.007152946119209913,-0.06830735026133916,UP,False,33,21.0,IGNORE,SEED,,RED,C,NO_DEPLOY,Delivery P94,Producer Manufacturing,24.3
APEX,358.95,366.65,369.7,355.0,True,False,False,False,False,False,0.37322326594288696,2.9390108099999996,0.34311698380451705,False,-0.3347526026512133,True,57.9,True,1.4839495098353304,99.0,2.24,0,False,▃▂▄▃▄▄▇▃▄▄▇▅▂▅▇▁▅▅██,False,False,False,0,-0.09924717691342533,-0.08861241589437607,-0.062451685022637426,-0.07157109275820417,UP,False,32,21.0,IGNORE,SEED,,RED,C,NO_DEPLOY,Delivery P99,Consumer Non-Durables,28.4
NFL,67.18,68.42,68.86,67.1,True,False,False,False,False,False,0.5272371810618365,3.1642518980000003,0.496179039773154,False,-0.49026722887735635,True,51.62,True,1.228258024603231,92.0,1.31,0,False,█▅▅▄▅▁▅▆▆▅▄▆▄▆▆▄▆▄▇▇,False,False,False,0,-0.04342873415919124,-0.09728567589357695,-0.006633242268403339,-0.08024435275740505,UP,False,30,21.0,IGNORE,SEED,,RED,C,NO_DEPLOY,Delivery P92,Process Industries,22.6
GPTINFRA,111.72,113.0,113.24,109.25,True,False,False,False,False,False,0.7334376262791396,1.466056872,0.7348512412645883,False,-0.2663580374023205,True,66.01,True,1.2627330202484912,95.0,1.38,0,False,▆█▇▆█▄▆▅█▇▇▁▂▅▆▅▃▄▇▇,False,False,False,0,-0.02953439888811682,-0.10459245010819906,0.007261093002671082,-0.08755112697202716,UP,False,28,21.0,IGNORE,SEED,,RED,C,NO_DEPLOY,Delivery P95,Industrial Services,34.0
GULPOLY,170.03,175.98,176.0,169.2,True,False,False,False,False,False,0.7089759265338753,2.564851541,0.6406054905177833,False,-0.2843731156166265,True,54.86,True,1.0774714968919092,60.0,0.29,0,True,▃▆▂▄▂▁▄▄▁▃▃▃▅▂▅▅█▆▅▅,False,False,False,0,-0.0943808255659121,-0.10927759442610918,-0.057585333675124195,-0.09223627128993728,UP,False,26,21.0,IGNORE,NONE,,RED,C,NO_DEPLOY,No standout factor,Consumer Non-Durables,28.4
PICCADIL,585.65,602.15,605.4,582.3,True,False,False,False,False,False,0.6250236365393584,6.96888361,0.5613004402010323,False,-0.39726657719393244,True,49.17,True,1.042333538252814,49.0,0.06,0,True,▁▃▃▄▆▇▅▇▇▇▄█▅▇▃█▆▂▆▆,False,False,False,0,-0.15472324456953168,-0.11191144135264242,-0.11792775267874378,-0.09487011821647051,FLAT,False,25,21.0,IGNORE,NONE,,RED,C,NO_DEPLOY,No standout factor,Process Industries,22.6
BHARATSE,208.62,217.5,219.72,206.6,True,False,False,True,False,False,0.7112729185556378,2.67982821,0.6576092340292982,False,-0.077813119591603,True,55.41,True,1.2455044056824311,88.0,1.14,0,True,▂▆▄▄▆▆▄█▆▆▅▅▅▆▁▂▆▅▇▇,False,False,False,0,-0.13403345647752274,-0.11153698735147566,-0.09723796458673484,-0.09449566421530375,FLAT,False,25,21.0,IGNORE,SEED,,RED,C,NO_DEPLOY,No standout factor,Producer Manufacturing,24.3
KEI,4500.0,4570.0,4574.5,4449.0,True,False,False,False,False,False,0.5996082025652661,167.0535,0.537938396313789,False,-0.18891624477364685,True,49.83,True,1.075463757324614,66.0,0.42,0,True,▅▆█▄▅▄▃▁▇▅▂█▅▄▅▆▇█▆▆,False,False,False,0,-0.2227979274611399,-0.11868390129259698,-0.186002435570352,-0.10164257815642508,FLAT,False,23,21.0,IGNORE,NONE,,RED,C,NO_DEPLOY,No standout factor,Producer Manufacturing,24.3
VAIBHAVGBL,209.3,213.52,217.98,208.9,True,False,False,False,False,False,0.7445052717235652,3.3243119,0.7091443413408766,False,-0.4378236778976476,True,55.8,True,1.0790010538630364,88.0,1.11,0,True,█▆▆▇▆▅▆▆▅▆▄▆▄▁▆▅▆▃▆▆,False,False,False,0,-0.06353467561521253,-0.11695215593620789,-0.02673918372442463,-0.09991083280003599,UP,False,23,21.0,IGNORE,SEED,,RED,C,NO_DEPLOY,No standout factor,Consumer Durables,20.7
BHAGCHEM,250.0,258.75,258.75,246.1,True,False,False,False,False,False,0.8696588250491596,1.363275,0.786698611878717,False,-0.2636358181070161,True,67.7,True,1.090906161122167,85.0,0.89,0,True,▆▃▄▆▃▄▂▃▃▁█▄▃▃▇▆▂▅▆▆,False,False,False,0,-0.1299808595789108,-0.12249912249912243,-0.09318536768812291,-0.10545779936295052,UP,False,22,21.0,IGNORE,SEED,,RED,C,NO_DEPLOY,No standout factor,Process Industries,22.6
BRIGHOTEL,56.14,56.51,56.98,55.75,True,False,False,False,False,False,0.5143556549403875,0.40566764,0.4915984013264647,False,-0.558474465718127,True,74.71,True,1.141176919845725,89.0,1.18,0,True,▆█▇█▇▁▃▆▆▇▆▆▅▄▆▅▇▅▇▇,False,False,False,0,-0.07527590182836441,-0.12294953913451034,-0.03848040993757651,-0.10590821599833844,UP,False,21,21.0,IGNORE,SEED,,RED,C,NO_DEPLOY,No standout factor,Consumer Services,29.2
UGROCAP,83.28,85.31,86.42,82.8,True,False,False,False,False,False,0.8955106126813611,1.578622368,0.8582351881229842,False,-0.21023536324087364,True,59.25,True,1.0250687704364976,62.0,0.34,0,True,█▅▅▇▆▄▅▆▅▅▅▅▅▁▆▆▆▅▅▅,False,False,False,0,-0.0828193832599119,-0.13186698634420935,-0.04602389136912399,-0.11482566320803744,UP,False,19,21.0,IGNORE,NONE,,RED,C,NO_DEPLOY,No standout factor,Finance,28.2
NAVKARCORP,91.58,93.58,93.9,90.6,True,False,False,False,False,False,1.3415577372258274,2.3922436019999997,1.2759382434681696,False,-0.2619729033468122,True,59.89,True,1.0434979570857328,85.0,0.94,0,True,▆▃▆▄▁▄▁▇▇▄▁▅▃▂▃█▃▁▅▅,False,False,False,0,-0.06474673202614378,-0.14009389671361505,-0.02795124013535588,-0.12305257357744315,UP,False,17,21.0,IGNORE,SEED,,RED,C,NO_DEPLOY,No standout factor,Transportation,28.8
GKENERGY,123.57,127.71,127.85,122.28,True,False,False,False,False,False,0.3499845366956108,2.726868618,0.3219111096005524,False,-0.25628688282071627,True,58.11,True,1.2179964158081722,94.0,1.42,0,False,█▇▆▇▆▇▅▁▄▇▆▆▇▇▆▅█▅██,False,False,False,0,-0.001212415130940836,-0.16506756756756757,0.035583076759847065,-0.14802624443139567,UP,False,12,21.0,IGNORE,SEED,,RED,C,NO_DEPLOY,Delivery P94,Industrial Services,34.0
CHEMPLASTS,165.12,173.5,174.45,164.29,True,False,False,False,False,False,0.20980618539762172,3.972308352,0.18861080027103033,False,0.04154509869819882,False,57.06,True,1.1855268488796087,77.0,0.65,0,True,█▆▇▆▆▇▆▆▅▇▆▅▆▅▁▃▅▅▇▇,False,False,False,0,-0.07074117845686301,-0.1929618768328445,-0.033945686566075106,-0.1759205536966726,UP,False,7,21.0,IGNORE,NONE,,RED,C,NO_DEPLOY,CMF positive,Process Industries,22.6
SHK,135.89,141.2,141.88,135.0,True,False,False,False,False,False,0.936479985414326,4.055324503,0.8406165779623157,False,-0.19480776601101252,True,57.58,True,1.0786710502899,62.0,0.27,0,True,▆▃▁▁▅▄▂▅▄▆▄█▅▂▂▁▂▆▅▅,False,False,False,0,-0.14791823426134942,0.01524094135225984,-0.11112274237056152,0.032282264488431744,FLAT,True,60,20.0,IGNORE,NONE,,RED,C,NO_DEPLOY,No standout factor,Process Industries,22.6
NIACL,185.41,200.0,200.3,184.0,True,False,False,True,False,False,0.3027860464682024,64.548748646,0.2661095320961381,False,0.041699058243075876,False,15.01,False,0.6552439157481175,9.0,-1.51,0,False,▆▅▇▇▆▆▇█▅▁▇▁▃▂▂▁▁▅▂▂,False,False,False,2,0.007225119513255107,0.00221621621621626,0.04402061140404301,0.019257539352388164,UP,True,57,20.0,IGNORE,NONE,,RED,C,NO_DEPLOY,CMF positive,Finance,28.2
LLOYDSME,1801.0,1803.0,1821.0,1780.0,True,False,False,True,False,True,0.9582850896976456,77.7489899,0.9169850439471282,False,-0.2388881747264709,True,47.88,False,0.9119218352712626,32.0,-0.41,0,False,█▄▇▇▅▃▄█▅▄▅▅▂▃▅▂▁▄▃▃,False,False,False,0,-0.09324337931728932,0.0004999722237652993,-0.05644788742650142,0.017541295359937203,FLAT,True,56,20.0,IGNORE,NONE,,RED,C,NO_DEPLOY,No standout factor,Non-Energy Minerals,28.3
ENDURANCE,2614.6,2692.6,2710.0,2609.8,True,False,False,False,False,True,0.44082716594020316,11.90061336,0.3978259335964242,False,-0.3807997163658036,False,54.98,False,0.9614745641187065,50.0,0.03,0,True,▄▇▅▅▅▅▅▃▇▇▂▄█▇▃▁▄▄▄▄,False,False,False,6,-0.13375078686677944,-0.020014992503748164,-0.09695529497599154,-0.0029736693675762593,FLAT,False,51,20.0,IGNORE,NONE,,RED,C,NO_DEPLOY,No standout factor,Producer Manufacturing,24.3
BANARISUG,3411.1,3542.6,3542.6,3400.0,True,False,False,False,False,False,0.13935734049643528,0.35304885,0.11687877505541203,False,0.15280640265962342,False,49.64,True,1.2192066805845512,16.0,-0.96,0,False,█▅▁▂▂▄▄▅▂▂▆▃▃▆▃▅▅▅▅▅,False,False,False,2,-0.03747284065577472,-0.018557946829324434,-0.0006773487649868182,-0.00151662369315253,UP,False,51,20.0,IGNORE,NONE,,RED,C,NO_DEPLOY,CMF positive,Process Industries,22.6
YATRA,107.96,114.28,115.67,107.5,True,False,False,False,False,False,0.6638288280299778,10.466462896,0.6290981235061206,False,0.052531315571937964,False,43.43,False,0.9936509752330837,83.0,0.92,0,True,▁▆▂▁▆▆█▇▃▄▁▄▆▆▃█▆▆▄▄,False,False,False,0,-0.06528138528138538,-0.04400956344638285,-0.028485893390597483,-0.026968240310210945,FLAT,False,46,20.0,IGNORE,NONE,,RED,C,NO_DEPLOY,CMF positive,Consumer Services,29.2
DISAQ,11614.0,11775.0,11919.0,11500.0,True,False,False,False,False,True,0.7657127923690057,0.3402902,0.7500359489821566,False,-0.05174789930198345,False,50.77,True,1.3206050280274162,68.0,0.58,0,True,▅█▃▄▂▄▃▆▄▃▂▂▆▅▄▁▅▃▅▅,False,False,False,0,-0.01567929485549624,-0.04056175134242046,0.02111619703529166,-0.023520428206248556,UP,False,46,20.0,IGNORE,NONE,,RED,C,NO_DEPLOY,No standout factor,Producer Manufacturing,24.3
TITAGARH,811.45,847.7,848.4,809.0,True,False,False,False,False,False,0.7805253623707967,38.64660457000001,0.7373943394636231,False,-0.22281936890551152,False,38.29,True,1.0064397424103035,74.0,0.67,0,True,▄▄▃▂▅▆▇▁▇█▃▆▇▁▄▅▃▃▅▅,False,False,False,0,-0.03559543617779881,-0.04686674105831912,0.0012000557129890899,-0.029825417922147213,UP,False,45,20.0,IGNORE,NONE,,RED,C,NO_DEPLOY,No standout factor,Producer Manufacturing,24.3
BLUEJET,550.65,572.0,572.0,548.1,True,False,False,True,False,False,0.7913890788454603,20.09244759,0.7414047114374102,False,-0.302847821282507,False,51.44,True,1.0160586248444505,63.0,0.38,0,True,▆▆▆▅▁▅▅▇▇▄▂▆▅█▆▃▅▅▅▅,False,False,False,0,-0.09320708110333475,-0.049210049210049234,-0.05641158921254685,-0.03216872607387733,FLAT,False,44,20.0,IGNORE,NONE,,RED,C,NO_DEPLOY,No standout factor,Health Technology,30.5
GPIL,237.16,244.95,245.51,235.2,True,False,False,False,False,False,1.2517940843305948,43.337812056,1.2062750169623968,False,-0.0382745264202317,False,55.75,True,1.1336946243556243,89.0,1.14,0,True,▄▅▅▅█▇▅█▄▁▆▇▆▆▇▅▄▅▇▇,False,False,False,0,-0.07076247942951175,-0.05230769230769228,-0.03396698753872385,-0.03526636917152037,UP,False,43,20.0,IGNORE,SEED,,RED,C,NO_DEPLOY,No standout factor,Non-Energy Minerals,28.3
INFOBEAN,153.13,154.22,161.75,152.15,True,False,False,False,False,False,0.555851766015655,6.381677437,0.5226578144121663,False,-0.3287622456167707,False,56.7,True,1.1952317210704386,88.0,1.36,0,True,▆▆▄▅█▅▇▆▁▂▆▅▆▃▅▆▇▅▇▇,False,False,False,0,-0.031006770866291222,-0.06576779940211097,0.005788721024496679,-0.04872647626593907,UP,False,40,20.0,IGNORE,SEED,,RED,C,NO_DEPLOY,No standout factor,Technology Services,21.0
JSWHL,10967.0,11449.0,11543.0,10787.0,True,False,False,False,False,False,13.305187656758935,64.2863606,12.571994997247826,False,-0.2809065690686286,False,35.71,False,0.7920155253673413,17.0,-1.01,0,False,▆▆▅▇▇▇▅▇▇█▆▆▁▅▇▆▇▇▅▅,False,False,False,0,-0.04543476368700494,-0.06814512702863451,-0.00863927179621704,-0.05110380389246261,UP,False,39,20.0,IGNORE,DISTRIBUTION,,RED,C,NO_DEPLOY,No standout factor,Finance,28.2
POWERGRID,266.25,265.0,269.25,264.5,False,False,False,False,False,False,1.4122650433560369,305.172634875,1.4091329346405874,True,-0.1271622984033931,False,54.86,False,0.9506975132137596,12.0,-1.13,0,False,█▆▆▁▃▅▅▅▅▇▅▆▅▅▅▆█▇▅▅,False,True,False,0,-0.011876043792911406,-0.07407407407407407,0.024919448097876495,-0.057032750937902166,UP,False,37,20.0,IGNORE,NONE,,RED,C,NO_DEPLOY,No standout factor,Utilities,34.3
NTPCGREEN,85.86,86.94,87.02,85.75,True,False,False,False,False,False,1.2523345297718143,17.790466752,1.1990367806632907,False,-0.4604462621268186,False,61.37,True,1.1343598085063122,85.0,1.03,0,True,▅█▆▂▁▄▄▆▆▅▄█▅▄█▆▄▅▇▇,False,False,False,0,-0.06846045350981889,-0.07348656523146657,-0.031664961619030985,-0.05644524209529467,UP,False,37,20.0,IGNORE,SEED,,RED,C,NO_DEPLOY,No standout factor,Utilities,34.3
BBTC,1416.4,1429.0,1447.1,1410.4,True,False,False,False,False,False,0.04372349636196753,4.937287120000001,0.03861759751917763,False,0.6118349835699065,False,45.21,True,1.0337731232707568,39.0,-0.07,0,False,▆██▇██▇▁▂▅▄▅▅▇▅▅▅▆▆▆,False,False,False,1,-0.03855552538691276,-0.07394573389996728,-0.0017600334961248576,-0.05690441076379538,UP,False,37,20.0,IGNORE,NONE,,RED,C,NO_DEPLOY,CMF positive,Consumer Non-Durables,28.4
PREMIERENE,945.0,967.1,972.8,940.5,True,False,False,False,False,False,0.5506173369261943,53.839863,0.5140736043917129,False,-0.005043380223880137,False,49.6,True,1.1176205497972058,85.0,1.17,0,True,▃▅▃▂▃▃▂▂▁█▃▅▄▆▃▃▆▆▅▅,False,False,False,0,-0.06869025327683065,-0.07759882869692536,-0.03189476138604275,-0.060557505560753455,UP,False,36,20.0,IGNORE,SEED,,RED,C,NO_DEPLOY,No standout factor,Electronic Technology,25.8
RAMCOCEM,859.55,869.4,870.1,855.35,True,False,False,False,False,False,0.7447496519221402,16.12429845,0.7173434608009097,False,-0.19286494941710522,False,60.73,True,1.1368614163499877,65.0,0.34,0,True,▅▃▇▅▄▁▃▃▂▅▃▃▃▂▄▅▄█▅▅,False,False,False,1,-0.05523191910309955,-0.08260846363199759,-0.018436427212311646,-0.06556714049582568,UP,False,34,20.0,IGNORE,NONE,,RED,C,NO_DEPLOY,No standout factor,Non-Energy Minerals,28.3
ASHIANA,341.9,344.2,346.4,340.5,True,False,False,False,False,True,0.9620958608144002,0.8959831399999999,0.9115330492854392,False,-0.06801355493627435,False,65.88,True,1.1588492422976455,82.0,0.95,0,True,▅▆▂▂▁▄▄▅▄▄▂▁▅█▅▅▆▄▆▆,False,False,False,0,-0.0652084757347916,-0.09860268916424997,-0.028412983844003703,-0.08156136602807806,UP,False,30,20.0,IGNORE,NONE,,RED,C,NO_DEPLOY,No standout factor,Finance,28.2
RAYMONDLSL,672.65,700.0,717.55,670.0,True,False,False,False,False,False,2.288456464391125,45.41826971,2.2564197330182623,False,-0.43557733393952375,False,25.01,False,0.49234221819756685,2.0,-2.15,0,False,▇▅▅▇█▆▇▆▇▅▇▅▆▄▆▂▂▂▁▁,False,False,False,0,-0.10121592731159812,-0.10355167588458725,-0.06442043542081022,-0.08651035274841534,UP,False,28,20.0,IGNORE,DISTRIBUTION,,RED,C,NO_DEPLOY,No standout factor,Consumer Non-Durables,28.4
3MINDIA,31590.0,32710.0,32895.0,31500.0,True,False,False,False,False,False,0.9139890495822699,6.618105,0.8624486922517954,False,-0.2686117708862797,False,49.65,True,1.074140579365251,60.0,0.16,0,True,▅▃▄▄▆▄▅▆▃▇▅█▅▇▅▅▄▁▆▆,False,False,False,0,-0.09600801259121472,-0.10408394781622232,-0.05921252070042682,-0.08704262468005042,UP,False,28,20.0,IGNORE,NONE,,RED,C,NO_DEPLOY,No standout factor,Producer Manufacturing,24.3
JSWENERGY,505.0,526.45,526.45,505.0,True,False,False,False,False,False,0.49700407281661807,45.302338,0.4678004867971697,False,-0.07863607059281176,False,51.97,True,1.008900925036157,79.0,0.66,0,True,▅▅▅▅▄▄▇▄▇█▄▁▃▇▆▆▂▆▅▅,False,False,False,0,-0.09619686800894856,-0.11317938361576962,-0.059401376118160654,-0.09613806047959772,UP,False,24,20.0,IGNORE,NONE,,RED,C,NO_DEPLOY,No standout factor,Utilities,34.3
PTC,152.41,154.0,155.55,152.05,True,False,False,False,False,False,1.031505606739973,24.537263191,1.0179814331525288,False,-0.40173942356836234,False,62.9,True,1.0295694304631424,84.0,0.84,0,True,▆█▆▇▇▆▇▆▆█▁▆▆▆█▆▇▆▇▇,False,False,False,0,-0.040782931587890925,-0.11886454298433258,-0.0039874396971030235,-0.10182321984816067,UP,False,23,20.0,IGNORE,NONE,,RED,C,NO_DEPLOY,No standout factor,Utilities,34.3
TATACONSUM,986.1,990.1,1009.3,986.0,True,False,False,False,False,False,1.537437039657629,154.5721611,1.4667415932285153,False,-0.17974102771771017,False,58.13,False,0.9357318201939716,52.0,0.15,0,True,▄▃▆▁▃▁▄▄▇█▄▅▃▆▅▂▆▄▃▃,False,False,False,0,-0.07111906556141667,-0.12346666666666661,-0.03432357367062877,-0.10642534353049471,UP,False,21,20.0,IGNORE,DISTRIBUTION,,RED,C,NO_DEPLOY,No standout factor,Consumer Non-Durables,28.4
ABREL,1232.5,1276.2,1281.7,1227.0,True,False,False,False,False,False,1.0324903863082013,24.35900675,0.9140475101923321,False,-0.2502274582488557,False,57.66,True,1.2027785310498758,85.0,1.02,0,True,▆▆█▆▁▅▆▄▅█▆▇▄▃▇▆▆▄▇▇,False,False,False,1,-0.113819384526891,-0.1257625195063129,-0.0770238926361031,-0.108721196370141,UP,False,20,20.0,IGNORE,SEED,,RED,C,NO_DEPLOY,No standout factor,Process Industries,22.6
GREENPLY,280.1,295.0,295.0,277.5,True,False,False,True,False,False,0.9707026163554086,3.74286426,0.9232806745783072,False,-0.10797588283557416,False,62.57,True,1.2102046342501258,90.0,1.13,0,False,█▄▄▃▄▃▂▄▃▄▃▄▁▅▃▃▄▂▅▅,False,False,False,0,-0.02590853764562684,-0.12537080405932854,0.010886954245161062,-0.10832948092315664,UP,False,20,20.0,IGNORE,SEED,,RED,C,NO_DEPLOY,Delivery P90,Producer Manufacturing,24.3
ROUTE,481.9,496.45,505.9,480.0,True,False,False,False,False,False,1.307823407623993,10.415256509999999,1.2431470871108306,False,-0.20173550145784797,False,50.59,True,1.170265675059855,80.0,0.77,0,True,▅▄▄▅▄▁▁▁▆▆▃▇▅▄▅█▅▆▇▇,False,False,False,0,-0.0351386525177696,-0.1317117117117117,0.001656839373018304,-0.1146703885755398,UP,False,19,20.0,IGNORE,NONE,,RED,C,NO_DEPLOY,No standout factor,Communications,33.3
BANCOINDIA,587.65,617.55,622.85,585.15,True,False,False,False,False,False,1.5285455975050897,8.48237516,1.4382978542455171,False,-0.1706790948932028,False,47.93,False,0.9896656032871847,80.0,0.81,0,True,▁▇▅█▇▅▃▅▆▅▄▄▄▆▇▆▄█▅▅,False,False,False,0,-0.06507040012727705,-0.1359994118944351,-0.02827490823648915,-0.11895808875826319,UP,False,18,20.0,IGNORE,DISTRIBUTION,,RED,C,NO_DEPLOY,No standout factor,Producer Manufacturing,24.3
PGHL,5408.0,5405.0,5459.5,5363.5,True,False,False,False,False,False,1.0526209402335676,5.632432,0.9956323498783372,False,-0.22422365518179663,False,57.08,True,1.0009820426487093,37.0,-0.31,0,True,█▃▅▁▇▂█▄█▄▆▆▅█▃▆▆▃▅▅,False,False,False,0,-0.07365536142514562,-0.134789216862651,-0.036859869534357714,-0.11774789372647909,UP,False,18,20.0,IGNORE,NONE,,RED,C,NO_DEPLOY,No standout factor,Health Technology,30.5
JSWCEMENT,116.88,118.7,119.33,116.2,True,False,False,False,False,False,0.9078290957873791,10.846966583999999,0.8568839327793606,False,-0.1920866925711731,False,61.95,True,1.0657056106518954,87.0,0.95,0,True,▃▆▁▇▄▄█▃▃▄▂▄▅▃▅▃▆▃▅▅,False,False,False,0,-0.08192600738355205,-0.14134587129003828,-0.045130515492764145,-0.12430454815386638,UP,False,17,20.0,IGNORE,SEED,,RED,C,NO_DEPLOY,No standout factor,Non-Energy Minerals,28.3
TTKPRESTIG,540.0,537.35,550.2,534.3,False,False,False,False,False,False,1.1251108956417262,3.537162,1.0552834282566257,True,-0.2287940259004514,False,54.63,True,1.026841096199391,60.0,0.37,0,True,▂▃▁▁▁▃▁▃▂▄▂▂▁▁▃█▂▂▃▃,False,False,False,0,-0.09182643794147327,-0.15141038736544354,-0.05503094605068537,-0.13436906422927164,UP,False,15,20.0,IGNORE,NONE,,RED,C,NO_DEPLOY,No standout factor,Consumer Durables,20.7
AAVAS,1270.3,1270.1,1290.6,1262.1,True,False,False,False,False,False,0.8922344502802388,14.56297326,0.8792340974321025,False,-0.32288733008880854,False,61.5,True,1.1072004032729923,71.0,0.33,0,True,▆▆▆▇▆▇█▇▅▁▅▃▇▅▅▆▅▅▇▇,False,False,False,0,-0.08499603832024782,-0.15661930686495817,-0.04820054642945992,-0.13957798372878627,UP,False,14,20.0,IGNORE,NONE,,RED,C,NO_DEPLOY,No standout factor,Finance,28.2
GREAVESCOT,187.13,192.25,194.08,185.1,True,False,False,False,False,False,0.996260889483171,13.905574160999999,0.958493278242142,False,-0.16660028624181053,False,44.12,True,1.0271811885222046,69.0,0.46,0,True,▁██▆▃▅▄▇▃▂▂▅▄▄▂▁▃▁▄▄,False,False,False,0,-0.057706833173875816,-0.1568821806713223,-0.020911341283087914,-0.1398408575351504,UP,False,14,20.0,IGNORE,NONE,,RED,C,NO_DEPLOY,No standout factor,Producer Manufacturing,24.3
BIKAJI,541.6,555.0,570.0,535.35,True,False,False,False,False,False,0.6092614590732633,6.032015840000001,0.5538514978958958,False,-0.46292849296541816,False,58.81,True,1.0339038175856825,67.0,0.38,0,True,▅▄▄▄▅▆▃▁▃▄▃▆▄▄▃▂▄█▄▄,False,False,False,0,-0.11016183356608877,-0.15743621655258233,-0.07336634167530087,-0.14039489341641043,UP,False,14,20.0,IGNORE,NONE,,RED,C,NO_DEPLOY,No standout factor,Consumer Non-Durables,28.4
EIHOTEL,283.8,286.55,287.9,280.3,True,False,False,False,False,False,0.8943869479939046,5.765907840000001,0.8658667062304297,False,-0.128211489133205,False,58.08,True,1.0492656224594874,71.0,0.46,0,True,▂█▂▃▄▅▃▅▄▆▁▄▇▄▄▆▄▅▅▅,False,False,False,0,-0.04347826086956519,-0.15773853687490724,-0.006682768978777287,-0.14069721373873534,UP,False,14,20.0,IGNORE,NONE,,RED,C,NO_DEPLOY,No standout factor,Consumer Services,29.2
FRONTSP,1232.9,1240.0,1247.0,1195.4,True,False,False,False,False,False,1.1446625023161452,2.24683696,1.1059496129744681,False,0.04963862196635694,True,55.12,False,0.949469024262103,42.0,-0.12,0,True,▁▅▆▆▄▆▅▄▅▇█▆▇█▇▇▅▄▅▅,False,False,False,0,-0.04277950310558998,-0.15785519125683056,-0.005984011214802076,-0.14081386812065866,UP,False,14,20.0,IGNORE,NONE,,RED,C,NO_DEPLOY,CMF positive,Producer Manufacturing,24.3
CSBBANK,296.35,303.25,307.15,295.0,True,False,False,False,False,False,0.9271305130009866,14.695166720000001,0.8407258360909999,False,-0.16531131311579528,False,53.96,True,1.0080611263158878,76.0,0.67,0,True,▆▅█▃▄▂▄▆▁▂█▄█▃▃▄▅▂▄▄,False,False,False,0,-0.06646716018270582,-0.16166902404526162,-0.02967166829191792,-0.14462770090908972,UP,False,13,20.0,IGNORE,NONE,,RED,C,NO_DEPLOY,No standout factor,Finance,28.2
OLECTRA,1179.2,1216.7,1249.0,1166.1,True,False,False,False,False,False,1.0850208183357697,45.01041776,1.0017605310991242,False,-0.4242370018773846,False,44.51,True,1.0784943240329048,84.0,0.95,0,True,▆█▇▁█▆▄▆▇▇▇▆▃█▇▅▅▆▇▇,False,False,False,0,-0.10943282229438855,-0.16711399915242264,-0.07263733040360065,-0.15007267601625074,UP,False,12,20.0,IGNORE,NONE,,RED,C,NO_DEPLOY,No standout factor,Consumer Durables,20.7
JKTYRE,345.25,353.95,355.0,343.1,True,False,False,False,False,False,1.2134618602604892,15.121984525,1.1265010277068794,False,-0.21966494503981127,False,47.83,True,1.0039460979807733,78.0,0.7,0,True,▆█▆█▃▆▃▆▁▅▄▁▃▅▃▇▇▆▅▅,False,False,False,0,-0.09891687328722432,-0.1658613191592172,-0.062121381396436415,-0.1488199960230453,UP,False,12,20.0,IGNORE,NONE,,RED,C,NO_DEPLOY,No standout factor,Consumer Durables,20.7
WALCHANNAG,200.03,212.4,212.4,199.0,True,False,False,False,False,False,1.0594880076232425,13.366444666,0.9700509043264262,False,-0.2235870409416915,False,49.42,True,1.1087678363097908,76.0,0.7,0,True,▆▁▃▂▅▇▅▂▇█▅█▅▅▄▂▄▅▆▆,False,False,False,0,-0.10139263252470798,-0.1665416666666667,-0.06459714063392008,-0.1495003435304948,UP,False,12,20.0,IGNORE,NONE,,RED,C,NO_DEPLOY,No standout factor,Producer Manufacturing,24.3
RCF,108.59,112.36,112.57,108.2,True,False,False,False,False,False,0.5067268089102661,11.596575857000001,0.4608165031575695,False,-0.3499784022069258,False,42.87,True,1.0259539792511756,79.0,0.78,0,True,▇▆▅▄▄▁▅▆▇█▅▅▅▅▅▅▆▃▅▅,False,False,False,0,-0.1039689743378166,-0.17043544690603518,-0.0671734824470287,-0.15339412376986328,UP,False,11,20.0,IGNORE,NONE,,RED,C,NO_DEPLOY,No standout factor,Process Industries,22.6
PROTEAN,488.85,492.4,501.9,485.2,True,False,False,False,False,False,1.0776204795970685,11.471696295000001,1.0081429654120129,False,-0.3273524744961948,False,56.55,True,1.0200676437429537,77.0,0.79,0,True,▅▇▆▁▇▃▆█▄▇▃▆▇▇▄▇▆▆▆▆,False,False,False,0,-0.11400090620752146,-0.17122997372213278,-0.07720541431673356,-0.15418865058596087,UP,False,11,20.0,IGNORE,NONE,,RED,C,NO_DEPLOY,No standout factor,Technology Services,21.0
IRCON,109.42,113.26,113.95,109.0,True,False,False,False,False,False,1.4782334693108938,20.442927658000002,1.343205752643937,False,-0.497471357567247,False,46.51,True,1.2619725953059284,95.0,1.61,0,False,▇▃▂▅▆▃▃▁▅█▃▄▃▃▃▅▄▂▆▆,False,False,False,0,-0.1148681443132179,-0.1780965973108991,-0.07807265242243,-0.1610552741747272,UP,False,10,20.0,IGNORE,SEED,,RED,C,NO_DEPLOY,Delivery P95,Industrial Services,34.0
DEEPAKFERT,1284.8,1321.8,1353.0,1277.9,True,False,False,False,False,False,0.9803626864693161,29.87622528,0.8963414838480769,False,-0.34558561377027924,False,50.13,True,1.120774458951887,83.0,0.91,0,True,▆▇▆▅▃▁▆▆▆█▃▇▄▇▇▇▆▆▇▇,False,False,False,0,-0.12717391304347825,-0.18487501586093136,-0.09037842115269035,-0.16783369272475945,UP,False,9,20.0,IGNORE,NONE,,RED,C,NO_DEPLOY,No standout factor,Process Industries,22.6
SHREECEM,21905.0,22620.0,22660.0,21905.0,True,False,False,False,False,False,0.5097115851921369,26.649623,0.4632789263324055,False,-0.013771466413805016,False,54.13,True,1.0441240295124659,54.0,0.08,0,True,▄▂▂▁▃█▁▂▂▅▁▃▂▃▄▂▁▂▃▃,False,False,False,0,-0.11405460060667338,-0.17989517034818425,-0.07725910871588548,-0.16285384721201235,UP,False,9,20.0,IGNORE,NONE,,RED,C,NO_DEPLOY,No standout factor,Non-Energy Minerals,28.3
ITCHOTELS,152.22,153.6,155.25,152.0,True,False,False,False,False,False,0.9145251010899209,17.36860644,0.8681817700370335,False,-0.32773400804203084,False,56.73,True,1.0024650780608053,54.0,0.14,0,True,██▃▃▅▆▆▆▇▇▇▁▅▃▇▇▆▅▆▆,False,False,False,0,-0.07425652253238468,-0.18507414743829964,-0.03746103064159678,-0.16803282430212774,UP,False,9,20.0,IGNORE,NONE,,RED,C,NO_DEPLOY,No standout factor,Consumer Services,29.2
GALAPREC,992.1,1038.6,1051.0,985.0,True,False,False,True,False,False,0.7304007941782884,2.56209825,0.688983329080844,False,-0.020657219597100714,False,56.8,True,1.1589826254629298,58.0,0.25,0,True,▅▆▆▁▅▆▆▅▇▄█▅▅▇▇▆▇▇██,False,False,False,0,-0.06370328425821059,-0.18021814576103123,-0.02690779236742269,-0.16317682262485933,UP,False,9,20.0,IGNORE,NONE,,RED,C,NO_DEPLOY,No standout factor,Producer Manufacturing,24.3
BDL,1135.0,1191.0,1194.6,1123.0,True,False,False,False,False,False,0.9997944599435984,146.773206,0.8696773558140861,False,-0.3310841916288568,False,33.34,True,1.055881933777771,68.0,0.43,0,True,▂▅▄▃▅▆▁▆█▄▅▃▃▃▅▂▄▄▅▅,False,False,False,0,-0.18521177315147164,-0.18678799168875837,-0.14841628126068374,-0.16974666855258647,UP,False,8,20.0,IGNORE,NONE,,RED,C,NO_DEPLOY,No standout factor,Electronic Technology,25.8
RAILTEL,252.4,259.95,261.3,251.05,True,False,False,False,False,False,0.36470529720194905,10.51218236,0.3256670265250648,False,-0.40028619628408085,False,44.9,True,1.3232347047035247,95.0,1.54,0,False,█▁▄▂▅▄▄▇▅▆▄▇▆▄▆█▆▅▇▇,False,False,False,0,-0.08930182211798654,-0.18646253021756642,-0.05250633022719864,-0.16942120708139452,UP,False,8,20.0,IGNORE,SEED,,RED,C,NO_DEPLOY,Delivery P95,Communications,33.3
JAINREC,274.7,286.9,286.9,273.15,True,False,False,False,False,False,0.5893633168061267,19.05489514,0.5616854059799372,False,-0.29638172832158416,False,42.04,True,1.1139965021993745,80.0,0.84,0,True,▆▇▁▂▅██▇▅▆▁▃▁▄▂▃▃▄▆▆,False,False,False,0,-0.07258609047940578,-0.20029112081513833,-0.03579059858861788,-0.18324979767896643,UP,False,6,20.0,IGNORE,NONE,,RED,C,NO_DEPLOY,No standout factor,Non-Energy Minerals,28.3
DLINKINDIA,417.05,436.0,436.0,414.3,True,False,False,False,False,False,0.5254445077252451,4.576831815,0.4927439665157939,False,0.21316322043613825,False,58.17,True,1.2187814280925242,79.0,0.73,0,False,▆▁▄▆▄▆▇▇▆▆▆▂▇▆▆▆█▆▇▇,False,False,False,0,-0.004297481198519804,-0.2179090482887951,0.0324980106922681,-0.2008677251526232,UP,False,5,20.0,IGNORE,NONE,,RED,C,NO_DEPLOY,CMF positive,Electronic Technology,25.8
CMPDI,202.61,216.7,217.9,202.0,True,False,False,False,False,False,0.8530151586834683,33.308577475,0.7421646266942755,False,-0.15959183599912222,False,46.59,True,1.0054491502562721,79.0,0.64,0,True,▅▃▃▄▇▇▇▅▅▁▇▄▂▅▅▁█▆▅▅,False,False,False,0,-0.1414830508474576,-0.2479213066072753,-0.1046875589566697,-0.2308799834711034,UP,False,3,20.0,IGNORE,NONE,,RED,C,NO_DEPLOY,No standout factor,Commercial Services,28.1
EPACK,177.7,185.49,186.79,176.72,True,False,False,False,False,False,1.0936637615492704,7.49838913,1.0042853753358665,False,-0.49695920982889047,False,52.91,True,1.1228777589134125,89.0,1.14,0,True,▆▆██▅▇▅▆▅▄▃▁▃▄▅▆▁▅▇▇,False,False,False,0,-0.15207329293314886,-0.24633132581219785,-0.11527780104236096,-0.22929000267602595,UP,False,3,20.0,IGNORE,SEED,,RED,C,NO_DEPLOY,No standout factor,Producer Manufacturing,24.3
KPIGREEN,277.15,281.75,286.95,275.8,True,False,False,False,False,False,0.7331100358484405,19.016286954999998,0.6642818330037513,False,-0.2914431914557147,False,53.6,True,1.1480097238137055,90.0,1.16,0,False,▁▂▄▂▂▃▂▅▄▆▅██▃▄▆▂▄▅▅,False,False,False,0,-0.10278407251537713,-0.308852867830424,-0.06598858062458923,-0.2918115446942521,UP,False,1,20.0,IGNORE,SEED,,RED,C,NO_DEPLOY,Delivery P90,Utilities,34.3
NACLIND,149.92,158.29,158.68,149.46,True,False,False,False,False,False,1.4137100100712983,7.213985488,1.2433768990471064,False,-0.2862946322272017,False,57.51,True,1.2922579122990325,77.0,0.51,0,True,▄▃▅▅▃▂▄▄▇▄▅▇▅▅▆█▁▃▇▇,False,False,False,0,-0.13039443155452446,-0.3186383674953416,-0.09359893966373656,-0.3015970443591697,UP,False,1,20.0,IGNORE,NONE,,RED,C,NO_DEPLOY,No standout factor,Process Industries,22.6
KPEL,210.24,215.9,219.94,208.15,True,False,False,False,False,False,0.9398705562291935,6.819113376000001,0.8019723202103254,False,-0.4436332499249699,False,64.27,True,1.3173051302547705,98.0,1.71,0,False,▂▁▄▂▄▅▆▇▄▅▇▅▅▅▅▇▃▇██,False,False,False,0,-0.19847502859321386,-0.34687791239515375,-0.16167953670242596,-0.32983658925898185,UP,False,1,20.0,IGNORE,SEED,,RED,C,NO_DEPLOY,Delivery P98,Utilities,34.3
MOL,58.86,62.86,63.15,58.58,True,False,True,False,False,False,0.4778768138614797,4.87519722,0.4384439429990392,False,-0.062357205183440984,False,37.53,False,0.9231223327717036,13.0,-1.17,0,True,▆▂▅▇▃▄▅█▅▁▁▁▄▇▄▁▆▅▃▃,False,False,False,6,-0.04972554084597991,0.2355163727959697,-0.012930048955192008,0.2525576959321416,FLAT,True,89,19.0,IGNORE,NONE,,RED,C,NO_DEPLOY,No standout factor,Process Industries,22.6
AZAD,2704.9,2865.0,2904.2,2692.9,True,False,True,True,False,True,1.13031343100726,115.54386085,1.0816652120412837,False,-0.2721262693516919,False,30.77,False,0.8147432248156434,4.0,-1.66,0,False,▃▇▇▂█▁▅▆▃▃▇▆▅▃▅█▅▅▁▁,False,False,False,2,-0.05386687187379757,0.18881026677800716,-0.01707137998300967,0.20585158991417907,FLAT,True,85,19.0,IGNORE,NONE,,RED,C,NO_DEPLOY,No standout factor,Producer Manufacturing,24.3
AARTIDRUGS,426.35,428.0,439.9,424.0,True,True,True,True,False,False,0.9937024804487528,6.119998440000001,1.0010621835981914,False,-0.19053197493808552,False,47.53,False,0.9546764685205829,33.0,-0.36,0,False,█▅▂▄▃▅▆▄▇▆▁▇▄▄▆▅▆▄▄▄,False,False,False,1,0.03282461240310086,0.09615631829283977,0.06962010429388876,0.11319764142901168,FLAT,True,76,19.0,IGNORE,NONE,,RED,C,NO_DEPLOY,No standout factor,Health Technology,30.5
EXCELINDUS,965.7,990.6,1002.9,959.8,True,False,False,False,False,False,0.18116100271839397,1.1616405300000001,0.15625890876575482,False,0.5731059974250344,False,59.77,True,1.069345546928114,51.0,0.08,0,False,▇▁▂▅▆▅▇▆▆▆▇▆█▆█▇█▆▆▆,False,False,False,1,-0.01979293544457983,0.05952054418783259,0.017002556446208072,0.0765618673240045,FLAT,True,70,19.0,IGNORE,NONE,,RED,C,NO_DEPLOY,CMF positive,Process Industries,22.6
SIRCA,418.15,429.9,434.0,414.0,True,False,False,False,False,False,0.5161846105479964,8.40356055,0.490218089758847,False,-0.09334283766708837,False,47.41,True,1.2942412950602622,90.0,1.34,0,False,▇▆▁▃██▂▅▅▆▃▄▁█▆▇█▄██,False,False,False,2,-0.0554551615089226,0.043548789618168104,-0.0186596696181347,0.06059011275434001,FLAT,True,67,19.0,IGNORE,SEED,,RED,C,NO_DEPLOY,Delivery P90,Process Industries,22.6
BOROLTD,248.33,256.01,263.4,247.14,True,False,True,False,False,False,0.1042357616852468,3.3589612460000002,0.10006710239224652,False,-0.4216507609559449,False,59.43,True,1.3495163268086654,83.0,0.74,0,False,▇▆▇█▇▁▂█▇▄▅▅▅▆▇▇█▅██,False,False,False,6,-0.008029080450587145,0.0454239286014988,0.028766411440200756,0.0624652517376707,FLAT,True,67,19.0,IGNORE,NONE,,RED,C,NO_DEPLOY,No standout factor,Producer Manufacturing,24.3
NEWGEN,499.35,512.0,528.6,498.0,True,False,False,False,False,False,1.331968361371844,84.571663725,1.228401014796102,False,-0.10679244859697086,False,43.94,True,1.2787195343761368,87.0,1.09,0,True,█▆▃▆▃▆▅▅▁▇▄▇▆▂▇█▇▅██,False,False,False,0,-0.05506670451319906,0.04031249999999997,-0.01827121262241116,0.05735382313617188,FLAT,True,66,19.0,IGNORE,SEED,,RED,C,NO_DEPLOY,No standout factor,Technology Services,21.0
SUPREMEIND,3300.0,3369.0,3413.9,3300.0,True,False,False,False,False,False,0.8452189827896224,52.12053,0.7812847056064641,False,-0.25023043042210275,False,39.45,False,0.7911281346822954,16.0,-0.99,0,True,▄▅▄▃▄▅▅▃▃█▂▄▅▅▁▄▃▄▃▃,False,False,False,7,-0.0843507214206437,0.037279185264349035,-0.0475552295298558,0.05432050840052094,FLAT,True,65,19.0,IGNORE,NONE,,RED,C,NO_DEPLOY,No standout factor,Producer Manufacturing,24.3
BAJAJHLDNG,11057.0,11049.0,11133.0,11001.0,False,False,False,False,False,False,0.37304849957538755,18.918527,0.3651133104561253,False,-0.09247102631512975,False,48.4,False,0.8664285778219346,46.0,-0.19,0,True,▁▄▄▅▅▄▅▃▁█▅▅▆▄▅▃▃▃▃▃,False,False,False,3,-0.04508161326539428,0.03153279223808192,-0.008286121374606381,0.04857411537425382,FLAT,True,64,19.0,IGNORE,NONE,,RED,C,NO_DEPLOY,No standout factor,Finance,28.2
UNOMINDA,1159.7,1212.3,1213.9,1159.7,True,False,False,False,False,False,0.6599161848181174,48.36343298,0.6089465658511941,False,-0.08166443960428958,False,50.67,False,0.8921167304898984,44.0,-0.13,0,True,▁▃▄▅█▄▆▄▄▄▂▅▃▄▃▄▄▅▃▃,False,False,False,6,-0.08900235663786327,0.02701027275947565,-0.052206864747075366,0.044051595895647555,FLAT,True,63,19.0,IGNORE,NONE,,RED,C,NO_DEPLOY,No standout factor,Producer Manufacturing,24.3
KAYNES,3392.0,3505.0,3527.8,3387.0,True,False,False,False,False,False,0.661011255352977,233.8366784,0.5977343761354321,False,-0.20200625492161384,False,26.48,False,0.9897585407789489,62.0,0.13,0,True,▃▂▂▆▅▁▃▃▄▆▂▁▅▃▂▆▇█▄▄,False,False,False,5,-0.0691803188716007,0.023969087725653537,-0.0323848269808128,0.04101041086182544,FLAT,True,62,19.0,IGNORE,NONE,,RED,C,NO_DEPLOY,No standout factor,Electronic Technology,25.8
ASTRAL,1379.6,1410.0,1414.1,1372.8,True,False,False,False,False,False,0.5504858564203052,83.84284468,0.502928850685653,False,-0.526151877043462,False,60.09,True,1.0907506738911428,89.0,1.22,0,True,▂▁▂▃▁▃▄▃▅█▁▄▅▅▆▅▅▅▅▅,False,False,False,0,-0.09236842105263166,0.01478484737035668,-0.055572929161843754,0.031826170506528584,FLAT,True,60,19.0,IGNORE,SEED,,RED,C,NO_DEPLOY,No standout factor,Producer Manufacturing,24.3
SANATHAN,461.4,474.5,480.2,453.0,True,False,True,True,False,True,0.5783072095341334,2.69166918,0.5744760989280899,False,-0.11511236979930509,False,49.23,False,0.9294905077929556,18.0,-0.86,0,False,▄▄▅▁█▅▄▄▅▄▇█▇▂▄▄▅▅▄▄,False,False,False,0,0.014958205015398018,0.010733844468784115,0.05175369690618592,0.02777516760495602,UP,True,59,19.0,IGNORE,NONE,,RED,C,NO_DEPLOY,No standout factor,Process Industries,22.6
ACCELYA,1112.2,1120.0,1126.0,1108.0,True,False,False,False,False,False,1.11688195392778,0.55487658,1.0991121660158865,False,-0.11320421840755751,False,71.05,True,1.0473789728167935,87.0,1.01,0,True,▅▆█▄▅▅▇▁▃▄▆▅▅▅▅▇▅▅▆▆,False,False,False,0,-0.01644853201273422,0.003156850365292785,0.020346959878053683,0.02019817350146469,UP,True,57,19.0,IGNORE,SEED,,RED,C,NO_DEPLOY,No standout factor,Technology Services,21.0
IIFLCAPS,336.5,340.0,340.4,335.45,True,False,False,True,False,True,0.9961852637099117,10.27862805,0.9924864922122768,False,-0.2565391576732707,False,61.4,False,0.9413784908813541,70.0,0.51,0,False,█▆▄▄▄▅▄▂▇▆▆▁▅▅▂▃▆▄▄▄,False,False,False,1,0.0043277122817488856,-0.0072282047499631075,0.04112320417253679,0.009813118386208797,UP,True,54,19.0,IGNORE,NONE,,RED,C,NO_DEPLOY,No standout factor,Finance,28.2
ALKYLAMINE,1775.7,1867.0,1867.0,1768.1,True,False,False,False,False,False,0.8290897825623947,15.2070948,0.7309900172649509,False,-0.03511184563856257,False,53.69,True,1.4059758556576847,84.0,0.93,0,False,▇▃▅▂▂▃▄▄▅▇▃▁▄▂▂▆▅▆██,False,False,False,5,-0.06275731025018472,-0.011082646469146695,-0.025961818359396815,0.005958676667025209,FLAT,True,53,19.0,IGNORE,NONE,,RED,C,NO_DEPLOY,No standout factor,Process Industries,22.6
BANKINDIA,137.61,140.0,140.41,137.0,True,False,False,False,False,False,0.8610683761390833,61.58955726,0.8291732075702082,False,0.012905899221960542,False,36.27,False,0.7630969913738692,21.0,-0.81,0,True,▅▇▇▅▇▆▄▇██▁▃▃▄▅▅▅▄▂▂,False,False,False,1,-0.03159746657283591,-0.03370549820939528,0.005198025317951993,-0.016664175073223375,UP,False,48,19.0,IGNORE,NONE,,RED,C,NO_DEPLOY,CMF positive,Finance,28.2
NMDC,80.5,82.8,82.89,80.5,True,False,False,False,False,False,0.682125606453957,84.01064525,0.6432666537380642,False,0.02426235453034971,False,48.7,True,1.0155565750510906,66.0,0.42,0,False,▄▆▄▄▄▃▅▅▄█▁▅▄▅▃▅▅▆▅▅,False,False,False,0,-0.04382943342439716,-0.0456431535269709,-0.007033941533609256,-0.028601830390799,UP,False,45,19.0,IGNORE,NONE,,RED,C,NO_DEPLOY,CMF positive,Non-Energy Minerals,28.3
BAJAJHFL,84.0,84.26,84.53,83.08,True,False,False,False,False,False,1.479916318014892,33.5426112,1.4767374406605653,False,-0.04010464423311612,True,54.36,False,0.9716251843245899,53.0,0.1,0,True,▄█▂▅█▅▇▇█▄▆▄▄▄▁▂▄▆▄▄,False,False,False,0,-0.004267425320056861,-0.05116909522195867,0.03252806657073104,-0.03412777208578677,UP,False,43,19.0,IGNORE,NONE,,RED,C,NO_DEPLOY,No standout factor,Finance,28.2
ICICIPRULI,457.6,471.6,472.2,457.6,True,False,False,False,False,False,0.7485138445962705,43.064324160000005,0.6909775358127026,False,-0.0243499317827956,True,56.47,True,1.0179084837724082,55.0,0.07,0,False,▂▄▄▃▁▇▃▄▆█▅▃▁▂▁▁▁▅▄▄,False,False,False,0,-0.08149337615415486,-0.06200676437429542,-0.04469788426336696,-0.044965441238123516,UP,False,41,19.0,IGNORE,NONE,,RED,C,NO_DEPLOY,No standout factor,Finance,28.2
ADANIENSOL,1424.4,1406.0,1446.0,1396.5,False,False,False,True,False,False,0.4126279677541038,269.3818158,0.39687631149268476,False,-0.41945339867298154,True,44.53,False,0.8545548753574238,71.0,0.5,0,True,▃▃▅▅▅▃▄▄▃█▂▃▂▂▃▁▁▂▂▂,False,False,False,0,-0.10919324577861156,-0.06375706586039176,-0.07239775388782366,-0.046715742724219855,FLAT,False,40,19.0,IGNORE,NONE,,RED,C,NO_DEPLOY,No standout factor,Utilities,34.3
V2RETAIL,212.12,218.09,219.59,210.0,True,False,False,False,False,False,0.9605582848675007,19.627739356,0.9242881753109388,False,0.0007173022392099485,False,48.69,False,0.9130630461688481,29.0,-0.55,0,True,▃▆▁▁▄▂▅█▅▂▃▆▄▅▇▆█▆▂▂,False,False,False,0,-0.033973950268694764,-0.07480263444846691,0.0028215416220931377,-0.057761311312295005,UP,False,37,19.0,IGNORE,NONE,,RED,C,NO_DEPLOY,CMF positive,Retail Trade,31.1
AMBER,7000.0,7280.5,7290.5,6937.0,True,False,False,False,False,False,0.7114776577339214,102.1335,0.6693434116470254,False,0.005986569937205099,False,36.22,False,0.9519804452387837,68.0,0.39,0,True,▇▂▅▄█▅▅▃▂▄▅▁▆▆█▃▅▃▄▄,False,False,False,0,-0.04761904761904767,-0.08196721311475408,-0.01082355572825977,-0.06492588997858217,UP,False,35,19.0,IGNORE,NONE,,RED,C,NO_DEPLOY,CMF positive,Producer Manufacturing,24.3
ARVINDFASN,428.5,446.9,448.05,426.55,True,False,False,False,False,False,1.0315827776297686,9.3660673,0.9944589906081872,False,0.02738870847491106,False,58.36,True,1.06014641501208,74.0,0.49,0,False,▄▄█▁▂▃▄▅▅▅▃▄▂▄▃▄▄▅▄▄,False,False,False,0,-0.02180116425065637,-0.0813592024868689,0.014994327640131533,-0.064317879350697,UP,False,35,19.0,IGNORE,NONE,,RED,C,NO_DEPLOY,CMF positive,Retail Trade,31.1
ITC,262.6,263.65,264.5,260.2,True,False,False,False,False,False,0.6967351250362922,249.26118048,0.6832041298064349,False,-0.14780819682257332,True,58.39,False,0.9828477166759244,41.0,-0.22,0,True,▄▅▆▆▄▄▅▄▅█▁▃▆▃▄▃▄▄▄▄,False,False,False,0,-0.04906753575955081,-0.09541853255253185,-0.012272043868762905,-0.07837720941635995,UP,False,31,19.0,IGNORE,NONE,,RED,C,NO_DEPLOY,No standout factor,Consumer Non-Durables,28.4
RAMCOIND,318.4,322.95,325.25,312.0,True,False,False,True,False,False,0.6331174946528653,2.64886512,0.5999553994023609,False,-0.02129034499191697,True,42.08,False,0.8947290085262911,22.0,-0.72,0,True,▂▂▂▁▆▃▆▂▅▅▃▄█▆▆▇▅▅▃▃,False,False,False,0,-0.0764321972443801,-0.10524097231979779,-0.039636705353592205,-0.08819964918362588,UP,False,27,19.0,IGNORE,NONE,,RED,C,NO_DEPLOY,No standout factor,Non-Energy Minerals,28.3
AMBUJACEM,381.75,392.6,393.85,380.1,True,False,False,False,False,False,0.6861735287006374,52.1817129,0.6385097065001765,False,-0.07353899567537144,True,38.73,False,0.7836036054263487,14.0,-1.1,0,True,█▅▇▇▆▁▄▃▆▇▃▃█▃▅▄▄▅▂▂,False,False,False,0,-0.08977110157367663,-0.11003613474763951,-0.052975609682888725,-0.09299481161146761,UP,False,26,19.0,IGNORE,NONE,,RED,C,NO_DEPLOY,No standout factor,Non-Energy Minerals,28.3
VIKRAMSOLR,163.46,167.06,168.62,162.84,True,False,False,False,False,False,0.6897699071165817,34.828242394,0.6531451890875241,False,-0.4822004310957728,True,37.53,True,1.019158440712026,33.0,-0.37,0,False,▁▃▃▃▃▅▅▄▅▆▄▆▆▆▇▆▆█▅▅,False,False,False,0,-0.077070746993394,-0.1090155892292598,-0.0402752551026061,-0.0919742660930879,UP,False,26,19.0,IGNORE,NONE,,RED,C,NO_DEPLOY,No standout factor,Electronic Technology,25.8
ICRA,4643.3,4787.0,4787.0,4600.2,True,False,False,False,False,False,0.5435524572289882,8.17127934,0.5139742096353435,False,-0.2481727149658715,True,60.59,False,0.9658701439479684,56.0,0.0,0,True,▇▅▅▃█▃▅▇▃▅▄▇▅▁▄▆▇▆▄▄,False,False,False,0,-0.06678591526650057,-0.12233248275210284,-0.02999042337571267,-0.10529115961593094,UP,False,22,19.0,IGNORE,NONE,,RED,C,NO_DEPLOY,No standout factor,Commercial Services,28.1
RITES,206.53,209.6,211.19,205.55,True,False,False,False,False,False,0.9480453813476695,5.427092075,0.908130338242618,False,-0.3169881799319041,True,42.08,False,0.9744575411620313,59.0,0.28,0,True,▇▁▁▆▅▂▅█▄▃▂▄▆▁▃█▄▂▄▄,False,False,False,0,-0.054739347338551014,-0.1227541095017628,-0.017943855447763113,-0.1057127863655909,UP,False,22,19.0,IGNORE,NONE,,RED,C,NO_DEPLOY,No standout factor,Commercial Services,28.1
JSLL,500.25,514.8,515.0,497.0,True,False,False,False,False,False,0.6651397612525297,15.287489925,0.652074158017468,False,-0.30176981138103953,True,55.41,True,1.1826602919832665,78.0,0.55,0,False,▇▇▄▆▁▁▄█▅▄▇▃▇▃▃█▄▅██,False,False,False,0,-0.015158972339797239,-0.12298387096774188,0.021636519550990663,-0.10594254783156998,UP,False,21,19.0,IGNORE,NONE,,RED,C,NO_DEPLOY,No standout factor,Health Services,27.6
IREDA,109.0,111.71,112.08,108.27,True,False,False,False,False,False,1.0420702131248785,43.3960065,0.9832597233107047,False,-0.0955125049985904,True,33.34,False,0.9423136711794466,50.0,0.05,0,True,█▅▅▅▁▆▁▂▄▅▃▆▄▅▅█▅▁▄▄,False,False,False,0,-0.054394031404528476,-0.12911473314157873,-0.017598539513740574,-0.11207341000540683,UP,False,20,19.0,IGNORE,NONE,,RED,C,NO_DEPLOY,No standout factor,Finance,28.2
RECLTD,308.5,313.0,314.8,308.5,True,False,False,False,False,False,0.9763289642506203,143.8534883,0.9352439961783818,False,-0.17378657091446034,True,54.99,True,1.0245661105055757,60.0,0.28,0,False,█▆▄▆▅▃▆▅▅▆▂▄▅▆▄▆▅▁▅▅,False,False,False,0,-0.08862629246676512,-0.13403508771929828,-0.05183080057597722,-0.11699376458312638,UP,False,19,19.0,IGNORE,NONE,,RED,C,NO_DEPLOY,No standout factor,Finance,28.2
NLCINDIA,261.05,264.45,266.4,256.3,True,False,False,False,False,False,0.9826228081814632,34.885077385,0.9455650533344789,False,-0.32375586783568633,True,54.86,True,1.1150293188077358,86.0,1.14,0,False,▃█▄▄▃▄▃▅▅▄▂▁▃▅▂▅▁▃▅▅,False,False,False,0,-0.05638893909271636,-0.13631100082712977,-0.01959344720192846,-0.11926967769095786,UP,False,18,19.0,IGNORE,SEED,,RED,C,NO_DEPLOY,No standout factor,Utilities,34.3
FIEMIND,1938.1,2013.9,2020.0,1931.0,True,False,False,False,False,False,0.8983056708414846,11.83171288,0.824500780171089,False,-0.3791326165122777,True,50.55,False,0.9635178408051235,51.0,0.04,0,True,▆▃▆▁▇▆██▃▅▁▅▅▅▅█▆▇▅▅,False,False,False,0,-0.12662791221666447,-0.13442901165646914,-0.08983242032587657,-0.11738768852029724,UP,False,18,19.0,IGNORE,NONE,,RED,C,NO_DEPLOY,No standout factor,Producer Manufacturing,24.3
GMRAIRPORT,96.99,96.79,96.99,95.28,True,False,False,False,False,False,0.3747250677124619,44.84382114899999,0.3736476839255396,False,-0.40311067400887574,True,56.83,False,0.9603717786227292,65.0,0.36,0,True,▄▄▃▅▄▃▄▄██▁▄▄▄▄▅▃▅▄▄,False,False,False,0,-0.04865129965669457,-0.13939662821650411,-0.011855807765906667,-0.12235530508033221,UP,False,17,19.0,IGNORE,NONE,,RED,C,NO_DEPLOY,No standout factor,Transportation,28.8
VMM,100.1,102.25,102.29,100.1,True,False,False,False,False,False,0.4478114472414641,76.79065394,0.40880870029093597,False,0.02850421759389144,False,57.43,True,1.195325264592938,72.0,0.59,0,False,▆▅▇▆▁▃▅▅▄▇▄▅▅█▇▅▆▅▇▇,False,False,False,0,-0.0348086009063735,-0.146487039563438,0.0019868909844144023,-0.1294457164272661,UP,False,16,19.0,IGNORE,NONE,,RED,C,NO_DEPLOY,CMF positive,Retail Trade,31.1
GUJENERGY,243.56,241.98,246.8,241.98,False,False,False,False,False,False,0.8008173390192198,32.853589195999994,0.7534462591396582,False,-0.46739503308261915,True,63.33,True,1.0970603010722886,,,0,False,▆▂▃▆█▆▆▄▃█▂▁▃▇▆▄▅▄▇▇,False,False,False,0,-0.09591685226429092,-0.14883802201642493,-0.05912136037350302,-0.13179669888025303,UP,False,16,19.0,IGNORE,NONE,,RED,C,NO_DEPLOY,No standout factor,Utilities,34.3
LINDEINDIA,6080.0,6250.0,6267.0,6065.0,True,False,False,False,False,False,0.7039055194999608,9.291456,0.6634710259438479,False,-0.41292955019525784,True,51.12,False,0.9295813065418013,55.0,0.07,0,True,▄▆▅▆▄▅▁▃▆▃▂▃▃▅▅██▄▄▄,False,False,False,0,-0.09597799420117459,-0.1485786304439154,-0.059182502310386687,-0.1315373073077435,UP,False,16,19.0,IGNORE,NONE,,RED,C,NO_DEPLOY,No standout factor,Process Industries,22.6
BSE,3284.0,3301.0,3319.9,3268.2,True,False,False,False,False,False,0.8929537621904288,1403.1487688,0.8790554968699271,False,-0.14423697719483355,True,29.36,False,0.706321044084922,42.0,-0.33,0,True,▂▁▄█▅▆▆▄▆▄▅▄▆▂▆▄▄▂▁▁,False,False,False,0,-0.06889707967110859,-0.1673639106513526,-0.032101587780320684,-0.15032258751518068,UP,False,12,19.0,IGNORE,NONE,,RED,C,NO_DEPLOY,No standout factor,Finance,28.2
FUSION,188.18,189.9,193.68,187.45,True,False,False,False,False,False,0.840078301712759,9.327875602,0.7991248834471127,False,-0.12543492037264303,True,53.15,False,0.9747375177662647,45.0,-0.1,0,True,▄▃▁▄▄▄▃▆▃▃▆▂██▄▅▅█▄▄,False,False,False,0,-0.008900826881550472,-0.16741881249446955,0.02789466500923743,-0.15037748935829764,UP,False,12,19.0,IGNORE,NONE,,RED,C,NO_DEPLOY,No standout factor,Finance,28.2
PGHH,7507.0,7619.5,7619.5,7475.0,True,False,False,False,False,False,0.9623173963653233,8.4093414,0.9148445175407461,False,-0.5248225119881603,True,67.58,True,1.141428728264633,80.0,0.83,0,False,▁▇▇█▅▄▂▂█▃▂▆▄▆▅▁▄▅▇▇,False,False,False,0,-0.09739088613682823,-0.16588888888888886,-0.060595394246040324,-0.14884756575271696,UP,False,12,19.0,IGNORE,NONE,,RED,C,NO_DEPLOY,No standout factor,Consumer Non-Durables,28.4
NGLFINE,2581.8,2657.2,2690.9,2541.5,True,False,False,True,False,False,0.4729011040064553,1.9972804800000001,0.4187494840605752,False,-0.05495697559287211,True,59.42,True,1.2739181236399497,56.0,0.11,0,False,▁▃▅▇▇▇▆▅▇█▆▆▂▅▆▆▆█▇▇,False,False,False,0,-0.14608896973705965,-0.16508747534197843,-0.10929347784627175,-0.14804615220580652,UP,False,12,19.0,IGNORE,NONE,,RED,C,NO_DEPLOY,No standout factor,Health Technology,30.5
HUBTOWN,173.18,182.28,182.28,172.2,True,False,False,False,False,False,0.5157477802018621,5.359418778,0.4648352284789677,False,0.028664406991386216,False,60.09,True,1.0926845234848073,67.0,0.43,0,False,▇▇▁▄▇▇██▇█▇▆▅▇▇█▆█▇▇,False,False,False,0,-0.0406603146465766,-0.1745471877979028,-0.0038648227557886994,-0.1575058646617309,UP,False,11,19.0,IGNORE,NONE,,RED,C,NO_DEPLOY,CMF positive,Finance,28.2
ASHAPURMIN,518.4,542.8,546.8,515.65,True,False,False,False,False,False,0.8575070068688265,15.489429119999999,0.7820351045009535,False,-0.3895725747272799,True,45.45,False,0.9720261773386374,70.0,0.54,0,True,█▆▁▁▆▇▂▄▅▆▅▄▅▄▇▃▃▇▄▄,False,False,False,0,-0.13063894013080657,-0.17890235210263727,-0.09384344824001867,-0.16186102896646537,UP,False,10,19.0,IGNORE,NONE,,RED,C,NO_DEPLOY,No standout factor,Non-Energy Minerals,28.3
NBCC,80.69,83.25,83.49,80.13,True,False,False,False,False,False,1.2989100748208509,47.129568511,1.2083764048002865,False,-0.20121941215664715,True,39.34,False,0.975682345209013,83.0,0.86,0,True,█▃▂▁▂▂▂▄▅▄▃▃▂▃▃▃▅▁▃▃,False,False,False,0,-0.08306818181818187,-0.18114471280698197,-0.04627268992739397,-0.16410338967081006,UP,False,9,19.0,IGNORE,NONE,,RED,C,NO_DEPLOY,No standout factor,Commercial Services,28.1
TRIVENI,246.45,257.0,257.8,243.7,True,False,False,False,False,False,0.5696896814335122,16.300720544999997,0.4858729466304288,False,-0.10829531017217339,True,58.56,True,1.4374079528718706,82.0,0.84,0,False,▄▄▁▂▂▃▃▆▃▂▅▄▃▅▂▄▅▅██,False,False,False,0,-0.10874439461883412,-0.4631888477455892,-0.07194890272804622,-0.4461475246094173,UP,False,1,19.0,IGNORE,NONE,,RED,C,NO_DEPLOY,No standout factor,Process Industries,22.6
TEMBO,55.52,56.6,56.98,55.1,True,False,False,False,False,False,0.5504378673170474,5.369827776,0.5275669643388228,False,-0.234435283681523,True,30.99,False,0.7963919512759232,15.0,-1.12,0,True,▃▁▅▁▅▅▄▅▃▁▄▁▇▁▃▇█▅▂▂,False,False,False,0,-0.07079497907949783,-0.9037865003032666,-0.03399948718870993,-0.8867451771670947,UP,False,0,19.0,IGNORE,NONE,,RED,C,NO_DEPLOY,No standout factor,Producer Manufacturing,24.3
HEROMOTOCO,5238.0,5218.0,5243.0,5186.0,True,False,False,False,False,False,0.4370692335044267,124.9388712,0.4169727485780772,False,-0.07249966550432915,True,52.46,False,0.9471109145235108,51.0,-0.01,0,True,▇▅▅█▄▄▄▄▄█▁▁▆▇▅▇▄█▄▄,False,False,False,0,-0.09533678756476682,0.07942134113671018,-0.05854129567397892,0.09646266427288208,FLAT,True,73,18.0,IGNORE,NONE,,RED,C,NO_DEPLOY,No standout factor,Consumer Durables,20.7
ANANDRATHI,2183.9,2212.4,2222.0,2175.0,True,False,False,False,False,False,0.663292761888567,27.685518690000002,0.6587219959390334,False,0.04237569097999391,False,51.26,False,0.9260647667223703,35.0,-0.27,0,False,█▅▄▇▇▄▅▆▄▆▂▅▅▆▁▄▅▅▄▄,False,False,False,13,-0.004966283943867333,0.06427875243664727,0.03182920794692057,0.08132007557281917,FLAT,True,70,18.0,IGNORE,NONE,,RED,C,NO_DEPLOY,CMF positive,Finance,28.2
EXPLEOSOL,862.6,891.0,914.0,860.0,True,False,True,False,False,False,0.5041193206678268,2.8573625,0.48788503505710806,False,-0.28965080553868117,True,59.07,True,1.2626516325549084,45.0,0.1,0,False,▁▃▄▅▅▆▇▇▅█▆▁▄▅▅▇▆▅▆▆,False,False,False,0,-0.03909992202294754,0.047798360157910835,-0.0023044301321596405,0.06483968329408274,FLAT,True,68,18.0,IGNORE,NONE,,RED,C,NO_DEPLOY,No standout factor,Technology Services,21.0
MUKANDLTD,135.62,139.59,143.48,135.2,True,False,False,False,False,True,0.6586006499760154,0.728048846,0.6471666079200887,False,0.036876153889700225,False,58.01,False,0.9596836898439954,66.0,0.36,0,True,▄▅▆▆▄▅▅▆▄▇▃▃▆▄▆▅█▁▄▄,False,False,False,0,-0.0005158817893727852,0.03337397135019815,0.036279610101415116,0.050415294486370055,FLAT,True,64,18.0,IGNORE,NONE,,RED,C,NO_DEPLOY,CMF positive,Non-Energy Minerals,28.3
M&M,3141.0,3135.3,3151.3,3118.0,True,False,False,False,False,False,0.5678101045439463,306.8201043,0.5380505911824959,False,-0.17307309812367264,True,52.96,False,0.877925866984948,23.0,-0.63,0,True,▄▄▄▆▃▄▂▄▃█▁▄▄▅▅▄▅▄▃▃,False,False,False,0,-0.07715360206839816,0.003514376996805124,-0.04035811017761026,0.02055570013297703,FLAT,True,57,18.0,IGNORE,NONE,,RED,C,NO_DEPLOY,No standout factor,Consumer Durables,20.7
BASF,3539.4,3662.0,3674.1,3528.0,True,False,False,False,False,False,1.0081287786231148,6.23536098,0.9308716221362471,False,-0.27031792713127933,True,49.91,False,0.9399954798854903,43.0,-0.07,0,True,▆▅▆▄▃▂▁▇▃▃▂▂▅▅▆█▂▇▃▃,False,False,False,0,-0.11065882707673758,0.0009049261919575891,-0.07386333518594967,0.017946249328129493,FLAT,True,56,18.0,IGNORE,NONE,,RED,C,NO_DEPLOY,No standout factor,Process Industries,22.6
AWL,183.14,185.5,185.94,181.05,True,False,False,False,False,False,0.3537099439244482,21.134429255999997,0.3333265299740596,False,-0.03308156838411892,True,48.16,False,0.9542869597955099,37.0,-0.28,0,False,█▅▇▇▅▁▂▄▅▅▆▆▃▅▄▄▅▅▄▄,False,False,False,3,-0.036308145653546675,-0.012029994065922311,0.0004873462372412263,0.005011329070249593,FLAT,True,53,18.0,IGNORE,NONE,,RED,C,NO_DEPLOY,No standout factor,Process Industries,22.6
HIKAL,212.22,227.87,227.87,210.15,True,False,False,False,False,False,0.24963868147275234,18.077026932,0.22130272624799574,False,0.3117937717550718,False,35.38,False,0.9027467690698238,19.0,-0.64,0,False,▇▇█▅▆▇▅▇▇▆▇▅▂▃▁▂▄▅▅▅,False,False,False,2,-0.022838198729164816,-0.023827046918123318,0.013957293161623086,-0.006785723781951414,UP,False,50,18.0,IGNORE,NONE,,RED,C,NO_DEPLOY,CMF positive,Health Technology,30.5
PRSMJOHNSN,112.14,112.8,113.69,111.56,True,True,True,False,False,False,0.10329645736140947,2.81981637,0.10489910969754229,False,-0.33297736988968396,False,46.27,True,1.0403831452084364,37.0,-0.15,0,False,▅▁▂█▃▃▃▄▄▅▅▅▅▆▅▄▆▄▄▄,False,False,False,0,0.06810172397371184,-0.02622438346648137,0.10489721586449974,-0.009183060330309467,UP,False,50,18.0,IGNORE,NONE,,RED,C,NO_DEPLOY,No standout factor,Non-Energy Minerals,28.3
MUTHOOTFIN,2823.0,2854.1,2865.3,2795.6,True,False,False,False,False,False,1.047351687900911,277.2911511,0.9836336423072748,False,0.01709178590013774,True,26.11,False,0.6065674693057347,1.0,-2.2,0,False,▆▇▁▂▃▄▇▄▅▅▆▇▃▆▄█▇▅▁▁,False,False,False,1,-0.018530751312450078,-0.0315276681875879,0.018264740578337824,-0.014486345051415994,UP,False,49,18.0,IGNORE,NONE,,RED,C,NO_DEPLOY,CMF positive,Finance,28.2
NESTLEIND,1396.0,1400.5,1405.9,1389.2,True,False,False,True,False,True,0.6368854353796078,130.346614,0.6071216861968404,False,-0.11249081116163301,False,56.15,False,0.9102035192374716,35.0,-0.22,0,True,▄▄▆▆▆▅▄▂▄█▁▃▃▃▆▄▆▆▃▃,False,False,False,0,-0.07365627073656267,-0.03975787591140456,-0.036860778845774766,-0.022716552775232657,FLAT,False,47,18.0,IGNORE,NONE,,RED,C,NO_DEPLOY,No standout factor,Consumer Non-Durables,28.4
CDSL,1311.0,1360.0,1361.3,1302.5,True,False,False,False,False,False,0.9208737050529827,165.7919442,0.8665014552312038,False,0.055240124271667024,False,35.43,False,0.9415735413317035,44.0,-0.16,0,False,▄▆▇▃▄▃▇▅▄█▆▃▄▁▄▇▄▅▃▃,False,False,False,1,-0.022079665821273964,-0.036029411764705865,0.014715826069513938,-0.01898808862853396,UP,False,47,18.0,IGNORE,NONE,,RED,C,NO_DEPLOY,CMF positive,Finance,28.2
NHPC,76.04,76.55,77.07,75.56,True,False,False,False,False,True,0.941009815167509,65.03974944000001,0.9380366567070917,False,-0.012632649944744027,False,49.45,False,0.9580919535775871,55.0,0.06,0,True,▅▃▂▂▃▂▃▁▄█▂▆▄▄▂▂▂▄▃▃,False,False,False,0,-0.00899257135409881,-0.03612625174293316,0.02780292053668909,-0.019084928606761253,UP,False,47,18.0,IGNORE,NONE,,RED,C,NO_DEPLOY,No standout factor,Utilities,34.3
MAHABANK,79.56,84.2,84.61,79.56,True,False,False,True,False,False,0.9032887391065026,115.910399124,0.8553962552227369,False,-0.06453581064051955,False,54.08,True,1.1613000204000559,89.0,1.28,0,False,▅█▅▆▃▃▂▇▅▅▄▂▁▅▃▃▄▂▆▆,False,False,False,0,-0.011554230339172467,-0.04363505228993869,0.025241261551615435,-0.026593729153766787,UP,False,46,18.0,IGNORE,SEED,,RED,C,NO_DEPLOY,No standout factor,Finance,28.2
TEJASNET,521.25,554.0,558.3,516.75,True,False,False,True,False,False,0.4968071117716096,141.39563025,0.4562486283949054,False,-0.08033992948230319,False,27.41,True,1.0529550736607571,51.0,0.06,0,False,▆█▆▆▅▇█▆▁▄▅▅▅▂▄▃▅▆▆▆,False,False,False,0,0.0037550548815714624,-0.04698784166742853,0.040550546772359364,-0.029946518531256627,UP,False,44,18.0,IGNORE,NONE,,RED,C,NO_DEPLOY,No standout factor,Electronic Technology,25.8
SCHAEFFLER,3916.4,3950.5,3961.6,3895.0,True,False,False,False,False,True,1.0146836627861238,19.699492,0.9913251472575545,False,-0.129353441721416,False,56.46,False,0.9005071932119046,43.0,-0.19,0,True,▄▂▃▅▅▄▄▆▅▃▅▃█▂▃▆▇▁▃▃,False,False,False,0,-0.038519136817813604,-0.04719735305566353,-0.0017236449270257026,-0.030156029919491623,UP,False,44,18.0,IGNORE,NONE,,RED,C,NO_DEPLOY,No standout factor,Producer Manufacturing,24.3
ASTERDM,741.25,762.95,762.95,738.0,True,False,False,True,False,True,0.17694546813696113,76.398043125,0.16662639336106325,False,-0.06663018645924122,False,47.95,False,0.810226255048073,34.0,-0.36,0,True,▃█▁▁▆▂▄▃▄▄▃▃▄▃▂▂▆▂▁▁,False,False,False,0,-0.09382640586797064,-0.06069821960337074,-0.05703091397718274,-0.043656896467198836,FLAT,False,41,18.0,IGNORE,NONE,,RED,C,NO_DEPLOY,No standout factor,Health Services,27.6
ITDC,653.45,688.2,689.85,645.4,True,False,False,True,False,False,0.2924002063710404,12.202721335000001,0.28457977362915915,False,-0.38051047278208,False,7.87,False,0.29145989185986226,6.0,-1.8,0,True,▇▄▆▆▇▄▄▇▅█▄▅▆▅▆██▁▂▂,False,False,False,0,-0.05700266974529189,-0.07021912350597592,-0.020207177854503988,-0.05317780036980402,UP,False,38,18.0,IGNORE,NONE,,RED,C,NO_DEPLOY,No standout factor,Consumer Services,29.2
ADVAIT,2015.0,2070.0,2083.9,2000.0,True,False,False,True,False,False,0.5905897244039044,7.013812,0.5573097080403739,False,-0.09867644030789535,False,48.32,True,1.0293773034234464,64.0,0.47,0,False,▄▇▅▇▇▇▁▆▇▆▇▆▇▇█▅▇▆▆▆,False,False,False,0,-0.032645223235717724,-0.0778032036613272,0.004150268655070177,-0.0607618805251553,UP,False,36,18.0,IGNORE,NONE,,RED,C,NO_DEPLOY,No standout factor,Producer Manufacturing,24.3
EVEREADY,336.75,362.95,362.95,329.6,True,False,False,False,False,False,1.486334609638298,6.8962359,1.4306617975849987,False,0.24185390593788925,False,42.31,False,0.7896308461796872,23.0,-0.7,0,False,▅▃▅█▃▄▃▄▇▅▅▅▆▇▅▁▄▅▂▂,False,False,False,0,-0.04953429297205758,-0.08054607508532419,-0.01273880108126968,-0.06350475194915228,UP,False,35,18.0,IGNORE,NONE,,RED,C,NO_DEPLOY,CMF positive,Producer Manufacturing,24.3
GRAVITA,1639.0,1678.1,1690.8,1625.0,True,False,False,False,False,True,0.7600765498128536,20.7720304,0.7102721556403317,False,-0.1435338326372356,False,53.81,True,1.0736875710836642,81.0,0.79,0,False,▅▇▃▆▇▇▇█▅▅▅▆▆▆▅▄▁▄▇▇,False,False,False,1,-0.09652169119673659,-0.08302562381112233,-0.05972619930594869,-0.06598430067495042,UP,False,34,18.0,IGNORE,NONE,,RED,C,NO_DEPLOY,No standout factor,Non-Energy Minerals,28.3
CRIZAC,179.89,190.0,192.0,178.12,True,True,False,False,False,False,1.0100011381985694,5.810482978,1.0556887606569418,False,-0.2744674045872645,False,43.16,False,0.8354302969300452,17.0,-0.84,0,True,▇▅▆▅▇▇▅▇▆▇█▂▆█▅▁▅▅▄▄,False,False,False,0,0.030415855195325747,-0.09879264565903523,0.06721134708611365,-0.08175132252286332,UP,False,30,18.0,IGNORE,NONE,,RED,C,NO_DEPLOY,No standout factor,Technology Services,21.0
JBMA,603.9,620.95,626.0,600.0,True,False,False,False,False,False,0.24655964735536626,13.70526894,0.2249765436087771,False,0.2576290694808302,False,29.33,False,0.789863463765384,45.0,-0.04,0,False,▇▇▅▁▄▅▄▆▅▇▄▅▃▆█▆▅▇▄▄,False,False,False,0,-0.025732031943212164,-0.10180709451922365,0.011063459947575738,-0.08476577138305175,UP,False,28,18.0,IGNORE,NONE,,RED,C,NO_DEPLOY,CMF positive,Producer Manufacturing,24.3
PARACABLES,61.31,65.0,65.29,61.0,True,False,False,True,False,False,0.9687603636658517,11.521203532000001,0.917854482662905,False,-0.1858290258824486,False,48.05,False,0.9268367957101248,45.0,-0.12,0,True,▃▇▄▅▅▇█▇▄▅▄▂▄▃▃▁▂▃▃▃,False,False,False,0,-0.03661219358893775,-0.103785996199386,0.0001832983018501544,-0.0867446730632141,UP,False,28,18.0,IGNORE,NONE,,RED,C,NO_DEPLOY,No standout factor,Producer Manufacturing,24.3
CCL,1060.9,1076.0,1086.0,1056.0,True,False,False,False,False,True,0.7741723674765268,12.608584320000002,0.7474170756368698,False,-0.054646084834282606,False,49.26,False,0.8952294411631077,59.0,0.19,0,True,▆▇▅█▇▃▄▄█▅▁▂▂▄▃▁▄▄▃▃,False,False,False,0,-0.06289197067396857,-0.11013252809931218,-0.026096478783180665,-0.09309120496314027,UP,False,26,18.0,IGNORE,NONE,,RED,C,NO_DEPLOY,No standout factor,Consumer Non-Durables,28.4
CHOLAHLDNG,1510.8,1530.0,1543.2,1500.3,True,False,False,False,False,False,0.7893937870614713,11.98079508,0.7860580015512171,False,0.11331547310540968,False,47.85,False,0.8534584240002855,24.0,-0.62,0,False,▆▆▆▁▄▅▇▅▆▄▆▃▃▃▄█▄▂▃▃,False,False,False,0,-0.033582805603530996,-0.11092802918848943,0.003212686287256905,-0.09388670605231753,UP,False,25,18.0,IGNORE,NONE,,RED,C,NO_DEPLOY,CMF positive,Finance,28.2
SWANCORP,292.6,296.0,307.3,288.0,True,False,False,False,False,False,0.7747348158425338,82.15131232,0.7632052607244473,False,0.12349664835868458,False,16.06,False,0.4832255152700466,3.0,-2.22,0,False,▇▄▄▃▄▅▃▅▄██▆▄▄▄▄▃▁▂▂,False,False,False,0,-0.03923822032506974,-0.11400454201362598,-0.002442728434281838,-0.09696321887745407,UP,False,24,18.0,IGNORE,NONE,,RED,C,NO_DEPLOY,CMF positive,Utilities,34.3
VIDYAWIRES,85.9,88.5,89.9,84.0,True,False,False,True,False,False,0.7787561111801944,6.0601075600000005,0.7511859182314115,False,-0.09375957326102889,False,57.74,True,1.082388227575218,88.0,1.24,0,False,█▄▄▆▂▆▃█▆▆▁▇▃▃▅▂▃▂▆▆,False,False,False,0,-0.03914988814317677,-0.13624937154348915,-0.0023543962523888684,-0.11920804840731725,UP,False,18,18.0,IGNORE,SEED,,RED,C,NO_DEPLOY,No standout factor,Non-Energy Minerals,28.3
PRESTIGE,1417.0,1498.2,1514.9,1417.0,True,False,False,False,False,False,0.8911992008117978,58.0859474,0.7954250255935076,False,0.05829108580010919,False,37.94,False,0.836115610503234,11.0,-1.16,0,False,▅▃▄▂▃▂▃▄▆▇▁▅▆▁▅▇█▄▃▃,False,False,False,0,-0.10880503144654086,-0.1531703818801171,-0.07200953955575295,-0.1361290587439452,UP,False,15,18.0,IGNORE,NONE,,RED,C,NO_DEPLOY,CMF positive,Finance,28.2
SCHNEIDER,1193.1,1227.0,1228.9,1185.0,True,False,False,True,False,False,0.6731275764898695,27.8529195,0.6606393964808651,False,-0.03788775869676794,False,36.46,False,0.7565414064283195,13.0,-0.99,0,True,▁▄▇▄▇▄▇▅▅█▆▄▄▅▃▂▆▃▁▁,False,False,False,0,-0.06379472693032029,-0.20065657242395818,-0.026999235039532388,-0.18361524928778628,UP,False,6,18.0,IGNORE,NONE,,RED,C,NO_DEPLOY,No standout factor,Producer Manufacturing,24.3
THANGAMAYL,4912.0,5142.0,5148.5,4870.0,True,False,False,True,False,False,1.1223577345094664,49.1990832,1.0250043996138878,False,-0.23580856570765113,False,48.48,False,0.9669601986576646,81.0,0.91,0,True,▇▆█▁▁▆▃▃▂▄▄▅▇▇█▇▆▁▄▄,False,False,False,0,-0.10389491927392136,-0.22924839165228306,-0.06709942738313346,-0.21220706851611115,UP,False,4,18.0,IGNORE,NONE,,RED,C,NO_DEPLOY,No standout factor,Consumer Durables,20.7
SPARC,188.0,197.26,198.09,186.99,True,False,False,True,False,False,0.7332610891708403,11.7822232,0.6887311004755355,False,-0.1515542690484412,False,45.97,True,1.0793360099551548,73.0,0.53,0,False,█▆▃▇█▅▇▃▄▄▄▁▃▆▄▄▆▅▆▆,False,False,False,0,-0.02555330949048884,-0.2941353157618082,0.011242182400299061,-0.2770939926256363,UP,False,2,18.0,IGNORE,NONE,,RED,C,NO_DEPLOY,No standout factor,Health Technology,30.5
TCC,55.0,56.0,57.3,52.36,True,False,False,False,False,False,0.620681011874937,20.2055425,0.5266840413984977,False,0.09657780349542512,False,7.45,False,0.17000787284780303,2.0,-2.9,0,False,▆▇▆█▇▄▂▄▅█▅▄▆▆▄▂▁▁▁▁,False,False,False,0,-0.7843137254901961,-0.8414985590778098,-0.7475182335994082,-0.8244572359416379,UP,False,0,18.0,IGNORE,NONE,,RED,C,NO_DEPLOY,CMF positive,Distribution Services,31.7
AARTIPHARM,789.45,831.95,832.0,785.15,True,False,False,True,False,False,0.94079674065957,30.472848945,0.8786604351160634,False,-0.303888723417139,False,47.24,True,1.1222368718003541,42.0,-0.07,0,False,▁▃▃▇▃▆▁▇▄▅▂▁▂█▇▅▅▃▆▆,False,False,False,0,-0.09730718655308435,0.12859185132237316,-0.060511694662296445,0.14563317445854507,FLAT,True,79,17.0,IGNORE,NONE,,RED,C,NO_DEPLOY,No standout factor,Health Technology,30.5
NETWEB,4614.0,4962.0,4977.5,4570.0,True,False,False,True,False,False,0.9997494223667615,879.4823838,0.8735840235997114,False,-0.23322868937455835,False,23.38,True,1.2342615811006994,81.0,0.74,0,False,▃▅▂▁▃▃▂▂▁▆▃▃▄▄▄▇█▄▅▅,False,False,False,2,-0.13829489214679247,0.09057388673536915,-0.10149940025600457,0.10761520987154105,FLAT,True,75,17.0,IGNORE,NONE,,RED,C,NO_DEPLOY,No standout factor,Electronic Technology,25.8
SYSTMTXC,67.0,67.97,68.0,66.0,True,True,False,False,False,False,1.0726899976028712,0.4287397,1.0863407862299266,False,0.066873775041837,False,7.96,False,0.40374324769851133,4.0,-0.95,0,False,▃▄▃▃▂▂▁▂▁▁▁▁▁▂▂▂█▃▂▁,False,False,False,0,-0.014705882352941124,0.06535220225791072,0.022089609537846777,0.08239352539408262,FLAT,True,71,17.0,IGNORE,NONE,,RED,C,NO_DEPLOY,CMF positive,Finance,28.2
MONARCH,366.5,370.95,374.0,365.55,True,False,False,True,False,True,0.7055459826350935,2.70869155,0.6807521184177563,False,-0.11166021289766148,False,50.55,False,0.8982594557134098,36.0,-0.33,0,True,▂▅▄▆█▆▅▃▄▅▃▄▁▆▄▇▄▁▃▃,False,False,False,1,-0.05321622319814012,0.05406960023008334,-0.01642073130735222,0.07111092336625524,FLAT,True,69,17.0,IGNORE,NONE,,RED,C,NO_DEPLOY,No standout factor,Finance,28.2
HCG,678.3,693.9,699.8,675.45,True,False,False,True,False,True,0.5068611067078115,4.73894295,0.481644210592847,False,-0.14845875859543126,False,62.65,True,1.1276808294258995,71.0,0.38,0,False,▅▇▅▅▂▁▃▃▃▃▅▂█▃▄▄▄▂▅▅,False,False,False,1,-0.04953408533594905,0.047324944028410476,-0.01273859344516115,0.06436626716458238,FLAT,True,68,17.0,IGNORE,NONE,,RED,C,NO_DEPLOY,No standout factor,Health Services,27.6
IFCI,76.95,83.0,83.98,76.34,True,False,False,True,False,False,0.6943415079474844,624.60085689,0.570822557165791,False,-0.1924966092149944,False,16.51,False,0.7558312541488316,14.0,-1.21,0,False,▆▅▆█▆▅▆▇▅▅█▁▃▁▂▄▃▃▃▃,False,False,False,5,-0.05420353982300885,0.03344077356970199,-0.01740804793222095,0.05048209670587389,FLAT,True,64,17.0,IGNORE,NONE,,RED,C,NO_DEPLOY,No standout factor,Finance,28.2
GABRIEL,1300.5,1347.1,1383.5,1292.0,True,False,False,True,False,False,0.7817650746425288,27.6109155,0.731671092304635,False,-0.06067586333268431,False,33.96,False,0.7912026466613858,22.0,-0.66,0,True,▅█▃█▇▇▅▂▅▅▁▆▆▃▃▄▄▃▂▂,False,False,False,0,-0.11385936222403914,0.026926721415034605,-0.07706387033325124,0.04396804455120651,FLAT,True,63,17.0,IGNORE,NONE,,RED,C,NO_DEPLOY,No standout factor,Producer Manufacturing,24.3
CONCOR,483.7,499.95,501.5,483.7,True,False,False,False,False,True,0.5111869489803649,27.36953569,0.4831148671574421,False,-0.1555602450107417,False,38.94,False,0.8355416322458131,10.0,-1.21,0,True,▆▃▅▄▆▃▆▄▁█▆▅▄▇▅▃▄▇▃▃,False,False,False,0,-0.06666666666666665,0.023162347964040153,-0.02987117477587875,0.04020367110021206,FLAT,True,62,17.0,IGNORE,NONE,,RED,C,NO_DEPLOY,No standout factor,Transportation,28.8
POLYMED,1704.6,1738.5,1738.5,1695.5,True,False,False,True,False,False,0.309578652145276,8.380495439999999,0.3013518149065405,False,-0.1103185025428238,False,48.83,True,1.0452409748161784,64.0,0.21,0,False,▆▄█▆▃▄▆▃▅▄▅▁▄▅▂▃▄▄▅▅,False,False,False,0,-0.0448814926878468,0.020901958435647128,-0.008086000797058901,0.03794328157181903,FLAT,True,62,17.0,IGNORE,NONE,,RED,C,NO_DEPLOY,No standout factor,Health Technology,30.5
CLEAN,820.3,843.45,850.8,815.5,True,False,True,False,False,False,0.8454703096793009,23.091116879999998,0.8241818449152364,False,-0.02480398124055202,False,41.5,False,0.9686303799831948,17.0,-0.74,0,False,▄█▅▄▅▇▄▆▆▄▄▄▅▅▃▆▆▁▅▅,False,False,False,7,-0.013943983651881209,0.020400547331757668,0.022851508238906693,0.03744187046792957,FLAT,True,61,17.0,IGNORE,NONE,,RED,C,NO_DEPLOY,No standout factor,Process Industries,22.6
MAITHANALL,1006.05,1045.85,1051.7,1002.0,True,False,False,False,False,False,0.5619492073847643,8.05906413,0.5305375849979024,False,-0.2289941795420809,False,51.15,True,1.0238805372620454,37.0,-0.15,0,False,▇▃█▇█▇▆▇▆▆█▁▅▃▁▆▂▅▅▅,False,False,False,0,0.0186300815066065,0.002041832669322563,0.0554255733973944,0.019083155805494467,UP,True,57,17.0,IGNORE,NONE,,RED,C,NO_DEPLOY,No standout factor,Non-Energy Minerals,28.3
BPCL,303.55,300.15,306.5,298.65,True,False,False,False,False,False,0.8340499370360424,130.754739245,0.8016490070391442,False,0.20351269488734647,False,37.63,False,0.7070450851629511,1.0,-2.25,0,False,▆▅▅▇▇▇▂▇▆█▆▇▇▅▆▃▅▇▁▁,False,False,False,0,-0.04242902208201893,-0.002136752136752018,-0.005633530191231029,0.014904570999419886,FLAT,True,55,17.0,IGNORE,NONE,,RED,C,NO_DEPLOY,CMF positive,Energy Minerals,25.9
HSCL,637.25,665.0,667.4,632.5,True,False,False,True,False,False,1.007957218381978,478.2336938,0.9304323250746817,False,-0.17998906216180624,False,38.01,True,1.184444236701879,71.0,0.64,0,False,▂▃▆▇▄▆▁▆▇█▂▂▆▇▆▄█▆▇▇,False,False,False,0,-0.1848938347403427,-0.009789449149250173,-0.1480983428495548,0.007251873986921731,FLAT,True,53,17.0,IGNORE,NONE,,RED,C,NO_DEPLOY,No standout factor,Process Industries,22.6
HESTERBIO,2171.8,2271.0,2299.0,2151.5,True,False,False,True,False,True,0.5264717034790027,0.96493074,0.48328162287458226,False,-0.004581248720733299,False,44.75,False,0.8753741123999923,21.0,-0.85,0,True,▄▇▇█▇▆▆█▆▇█▆▅▁▃▆▅▅▅▅,False,False,False,0,-0.11398498694516956,-0.01532462821907854,-0.07718949505438166,0.0017166949170933643,FLAT,True,52,17.0,IGNORE,NONE,,RED,C,NO_DEPLOY,No standout factor,Health Technology,30.5
GRINDWELL,1825.9,1876.4,1885.8,1813.6,True,False,False,False,False,False,1.1863606091960115,4.7000491900000005,1.0804338429334337,False,-0.3092475729152783,True,58.73,True,1.039717454613049,56.0,0.06,0,True,▃▃▃▂▄▇█▁▆▄▃▃▃▃▅▃▄▁▄▄,False,False,False,0,-0.13106172369485558,-0.10213414634146334,-0.09426623180406768,-0.08509282320529143,FLAT,False,28,17.0,IGNORE,NONE,,RED,C,NO_DEPLOY,No standout factor,Process Industries,22.6
GOODLUCK,519.15,520.0,528.7,513.35,False,False,False,False,False,False,1.1598534131065543,36.798597959999995,1.0416108684925842,True,0.023415476661292848,False,42.45,False,0.9006046462289169,17.0,-0.89,0,False,█▇▅▁▅▅▆▆▃▄▅▅▄▇▇▆▃▄▄▄,False,False,False,0,-0.6096616541353383,-0.6497199919033803,-0.5728661622445504,-0.6326786687672084,UP,False,0,17.0,IGNORE,NONE,,RED,C,NO_DEPLOY,CMF positive,Non-Energy Minerals,28.3
SPIC,67.38,69.0,69.17,67.0,True,False,False,False,False,False,0.7224644254944144,2.817164538,0.6962427425783227,False,-0.2229540039990337,False,53.0,True,1.0676873489121677,69.0,0.47,0,False,▅▃▇█▅▁▃▇▅▆▅▂▃▆▄▃▇▆▆▆,False,False,False,4,0.009740746291023505,-0.017067833698030666,0.04653623818181141,-2.6510561858761328e-05,UP,False,52,16.0,IGNORE,NONE,,RED,C,NO_DEPLOY,No standout factor,Process Industries,22.6
DEEPAKNTR,1561.3,1588.9,1597.9,1556.1,True,False,False,False,False,False,0.6193038146375566,32.6139957,0.5604896936619358,False,-0.3353338776355544,False,59.27,True,1.0958068333086821,87.0,0.95,0,True,▄▃▃▇▆▂▂▄▃▃▃▃▄▃▃▁▂█▄▄,False,False,False,2,-0.11840767927724449,-0.03211208232595619,-0.08161218738645659,-0.015070759189784289,FLAT,False,49,16.0,IGNORE,SEED,,RED,C,NO_DEPLOY,No standout factor,Process Industries,22.6
VIPIND,291.05,300.6,303.2,290.05,True,False,False,False,False,False,0.5715930059052522,6.408542635,0.5421785058683904,False,-0.16479152598524727,False,57.17,True,1.0124945762381674,75.0,0.5,0,True,▃▄▅▃█▇▄▄▅▅▄▅▅▁▂▃▂▄▄▄,False,False,False,1,-0.059308338720103326,-0.038804491413474196,-0.022512846829315425,-0.02176316827730229,FLAT,False,47,16.0,IGNORE,NONE,,RED,C,NO_DEPLOY,No standout factor,Consumer Durables,20.7
PRINCEPIPE,259.05,270.0,272.4,258.0,True,False,False,False,False,False,1.0994123343948425,5.40803142,0.9901106328043344,False,-0.1995909160885149,False,56.93,True,1.0534106784349642,86.0,0.95,0,False,▄▄▇▅▄▄▄▄▄▁▂▃▄▁▁▃█▂▅▅,False,False,False,3,-0.10595340811043996,-0.04197485207100582,-0.06915791621965206,-0.024933528934833915,FLAT,False,46,16.0,IGNORE,SEED,,RED,C,NO_DEPLOY,No standout factor,Producer Manufacturing,24.3
SUMICHEM,451.95,478.2,479.55,450.25,True,False,False,False,False,False,1.359466168146113,11.927005695,1.20447250154835,False,-0.2824581701078406,False,59.42,True,1.2165634437221682,74.0,0.49,0,True,▂▃▂▅▃▃▂▁▆▄▄▅▆▅▅▃▂█▇▇,False,False,False,0,-0.19738945125199792,-0.04520967571564394,-0.16059395936121001,-0.028168352579472034,FLAT,False,45,16.0,IGNORE,NONE,,RED,C,NO_DEPLOY,No standout factor,Process Industries,22.6
ULTRACEMCO,10878.0,10975.0,10998.0,10860.0,True,False,False,False,False,False,1.270262710128732,343.070364,1.2005316658669258,False,-0.20032595598616262,False,64.97,True,1.0470503863788365,71.0,0.56,0,True,▅▄▂▃▄▅▄▄▃█▂▅▁▄▅▃▇▄▅▅,False,False,False,0,-0.08519048019510556,-0.05045391061452509,-0.048394988304317654,-0.033412587478353184,FLAT,False,44,16.0,IGNORE,NONE,,RED,C,NO_DEPLOY,No standout factor,Non-Energy Minerals,28.3
ARE&M,799.55,817.95,824.0,794.6,True,False,False,False,False,False,1.0969032982923925,32.629075815,0.9932715616929211,False,-0.4738514369244099,False,48.97,True,1.0347268443683773,50.0,0.08,0,True,▅▅▆█▅█▆▆▁▇▆▇▇▇▇█▅▇▇▇,False,False,False,0,-0.14559734986108142,-0.05109185853311182,-0.10880185797029351,-0.03405053539693992,FLAT,False,44,16.0,IGNORE,NONE,,RED,C,NO_DEPLOY,No standout factor,Producer Manufacturing,24.3
GOPAL,249.3,256.25,259.95,248.1,True,False,False,False,False,False,0.5741784394945294,2.4727319100000003,0.5132109042695625,False,-0.08579237914306612,False,65.25,True,1.5927065026362037,89.0,1.4,2,False,▄▁▂▁▁▂▂▃▃▃▂▆▆▆▅▃▇▅██,False,False,False,1,-0.090643808134233,-0.08328736900165468,-0.053848316243445105,-0.06624604586548277,UP,False,34,16.0,IGNORE,SEED,DEL65% ▄▁▂▁▁▂▂▃▃▃▂▆▆▆▅▃▇▅██ P89 Z+1.4 2D,RED,C,NO_DEPLOY,2D high delivery,Consumer Non-Durables,28.4
HEIDELBERG,145.97,153.5,154.0,145.1,True,False,False,False,False,False,1.4589735802906068,4.133987176,1.3416600978244413,False,-0.26284945069910765,False,42.59,False,0.647500608124544,7.0,-1.55,0,True,▇█▅▇▅▅▆▅██▇▆▆▅▅▅▇█▁▁,False,False,False,10,-0.08802948894164686,-0.08683140444166404,-0.05123399705085896,-0.06979008130549214,UP,False,33,16.0,IGNORE,NONE,,RED,C,NO_DEPLOY,No standout factor,Non-Energy Minerals,28.3
LLOYDSENT,67.64,70.0,70.33,67.28,True,False,False,False,False,False,0.7530783479005145,12.763769459999999,0.6842616805576961,False,-0.20280577673241695,False,46.42,True,1.0119021668047259,52.0,-0.07,0,True,▃█▄▁▇▄▅▆▅▅▅▅▅▆▅▅▅▆▅▅,False,False,False,0,-0.14412248513222825,-0.09317602895830546,-0.10732699324144035,-0.07613470582213355,FLAT,False,31,16.0,IGNORE,NONE,,RED,C,NO_DEPLOY,No standout factor,Distribution Services,31.7
TAJGVK,325.85,334.55,335.4,325.1,True,False,False,False,False,False,0.8165781146764106,1.8907772100000002,0.7842079211880105,False,-0.09571938482354021,False,59.81,True,1.1362405843631562,89.0,1.11,0,True,▅▅▇▆▅▇▆▇█▇▆▅█▄█▁█▄▇▇,False,False,False,0,-0.05591771693466596,-0.09973753280839881,-0.01912222504387806,-0.0826962096722269,UP,False,29,16.0,IGNORE,SEED,,RED,C,NO_DEPLOY,No standout factor,Consumer Services,29.2
TANLA,490.55,508.05,516.0,488.0,True,False,False,False,False,False,0.9154334994612994,22.232363715,0.8333741322748138,False,-0.48418985839770884,False,43.42,True,1.0100963104266505,62.0,0.25,0,True,▄▅▄▅▆█▅▃▁▇▄▆▅▃▅▇▃▆▅▅,False,False,False,0,-0.1494581707845687,-0.10328123571885561,-0.11266267889378079,-0.08623991258268371,FLAT,False,28,16.0,IGNORE,NONE,,RED,C,NO_DEPLOY,No standout factor,Technology Services,21.0
IFGLEXPOR,200.33,202.99,206.6,198.2,True,False,False,False,False,False,0.4634566960790537,0.526527339,0.43574960493869963,False,-0.014644894735162188,False,61.22,True,1.2587383830907146,83.0,0.87,0,True,▆▆▇▅▆▇▅▆▅▇█▆▆▇▇▆▁▅██,False,False,False,0,-0.10097383655701653,-0.10650729227063915,-0.06417834466622863,-0.08946596913446725,UP,False,27,16.0,IGNORE,NONE,,RED,C,NO_DEPLOY,No standout factor,Producer Manufacturing,24.3
STUDDS,410.7,420.0,422.05,410.0,True,False,False,False,False,False,0.5177201595581467,0.83154429,0.48866367431847274,False,-0.09434263713527091,False,66.73,True,1.0361559901555089,76.0,0.71,0,True,▇█▄▅▄▅▃█▁▆▇▆▆▆▆▅▆▅▆▆,False,False,False,0,-0.08377021751254887,-0.10911062906724511,-0.04697472562176097,-0.09206930593107321,UP,False,26,16.0,IGNORE,NONE,,RED,C,NO_DEPLOY,No standout factor,Consumer Durables,20.7
HONDAPOWER,1926.6,1966.9,1979.9,1904.5,True,False,False,False,False,False,0.9271809438535283,0.57855798,0.8787533073459087,False,-0.4122012919368981,False,67.16,True,1.2210132082503842,98.0,1.95,0,False,▅▃▄▂▁▂▆▃▅▅▆▂▂▄▄▂▇▄██,False,False,False,0,-0.08743842364532017,-0.10949849780448351,-0.05064293175453227,-0.0924571746683116,UP,False,26,16.0,IGNORE,SEED,,RED,C,NO_DEPLOY,Delivery P98,Producer Manufacturing,24.3
SULA,134.14,138.0,138.89,134.0,True,False,False,False,False,False,1.2339091441207302,4.7478048159999995,1.1498763605489022,False,-0.3783243913425203,False,52.8,True,1.0141169691731489,60.0,0.32,0,True,▂▇▆█▅▅▆▅▆▁▂▂▇▂▆▄▃▆▅▅,False,False,False,0,-0.0865509022812394,-0.11230229634041444,-0.049755410390451504,-0.09526097320424254,UP,False,24,16.0,IGNORE,NONE,,RED,C,NO_DEPLOY,No standout factor,Process Industries,22.6
GANESHHOU,745.1,755.4,764.0,741.3,True,False,False,False,False,False,0.9392467896838244,1.94560512,0.8825264731923008,False,-0.2601536141898193,False,58.17,True,1.0804335107123952,73.0,0.53,0,True,▅▂▄▇▃▁▂▄▂█▃▆▆▆▆▅▄▆▆▆,False,False,False,0,-0.12030696576151123,-0.11843350686228116,-0.08351147387072333,-0.10139218372610925,UP,False,23,16.0,IGNORE,NONE,,RED,C,NO_DEPLOY,No standout factor,Consumer Durables,20.7
ITI,255.4,263.0,267.95,255.0,True,False,False,False,False,False,0.7526486802507955,4.10335856,0.6977259690762313,False,-0.47067799027443513,False,46.65,True,1.3011644934105013,98.0,1.77,0,False,▇▁▅▅▆▆▆█▃▆▅▅▅▃▄▅▇▆▇▇,False,False,False,0,-0.08899589798466212,-0.12579154543898674,-0.05220040609387422,-0.10875022230281484,UP,False,20,16.0,IGNORE,SEED,,RED,C,NO_DEPLOY,Delivery P98,Communications,33.3
CERA,5572.0,5588.0,5620.0,5558.0,True,False,False,False,False,False,0.7222393652193079,2.2822912,0.700544018513415,False,-0.23332209655929523,False,54.93,True,1.083902285015194,71.0,0.42,0,True,▆▇▃▅▄▅█▆▆▅▄█▄▁▆▄▇▅▆▆,False,False,False,0,-0.03798342541436461,-0.12630341042728344,-0.001187933523576712,-0.10926208729111153,UP,False,20,16.0,IGNORE,NONE,,RED,C,NO_DEPLOY,No standout factor,Consumer Durables,20.7
VESUVIUS,400.8,413.05,413.4,400.0,True,False,False,False,False,False,0.7971302490168408,2.3352612,0.7544914800107247,False,-0.4026644039080196,False,63.39,True,1.0535062863030886,80.0,0.7,0,True,▆▇▅▁▅██▅▅█▆▆▆▆▆▇▂▅▆▆,False,False,False,0,-0.0784088296160036,-0.13227971422385787,-0.04161333772521569,-0.11523839108768597,UP,False,19,16.0,IGNORE,NONE,,RED,C,NO_DEPLOY,No standout factor,Non-Energy Minerals,28.3
ROTO,63.01,63.8,64.68,62.57,True,False,False,False,False,False,0.8751987870462309,1.826943445,0.8451595166397633,False,-0.1022161862956622,False,50.03,True,1.1687204345032998,74.0,0.65,0,True,▅█▇▆▇▆▄▆▆▆▃▄▆▅▆▁▂▃▆▆,False,False,False,0,-0.05019596020500461,-0.12933535995578282,-0.013400468314216707,-0.11229403681961092,UP,False,19,16.0,IGNORE,NONE,,RED,C,NO_DEPLOY,No standout factor,Producer Manufacturing,24.3
EUREKAFORB,394.3,394.25,405.4,389.55,False,False,False,False,False,False,0.695464247313266,3.8446615800000004,0.6573165133067521,False,-0.2758886563906495,False,58.06,True,1.010899467214542,60.0,0.15,0,True,▄█▃▆▃▅▅▁▂▂▁▃▂▁▃▂▄▄▄▄,False,False,False,0,-0.08716286607246204,-0.14067778141004683,-0.05036737418167414,-0.12363645827387493,UP,False,17,16.0,IGNORE,NONE,,RED,C,NO_DEPLOY,No standout factor,Producer Manufacturing,24.3
SRM,419.9,444.6,444.6,417.0,True,False,False,False,False,False,0.709116600289292,2.67094191,0.6442252522832768,False,-0.25632635561309985,False,56.43,True,1.0569592987319487,81.0,0.89,0,True,▂▅▆▂▄▄▃▅▁▂█▃▃▃▂▅▆▃▅▅,False,False,False,0,-0.13502935420743645,-0.1415721148931821,-0.09823386231664855,-0.1245307917570102,UP,False,17,16.0,IGNORE,NONE,,RED,C,NO_DEPLOY,No standout factor,Industrial Services,34.0
ROSSARI,435.4,443.95,448.6,433.3,True,False,False,False,False,False,0.7155281263302751,2.59441798,0.6464657264572533,False,-0.4536998353056686,False,58.1,True,1.098018464097064,76.0,0.63,0,True,▆▁▂▅▃▄▆▄▆▅▅▄▃▅▅█▅▃▆▆,False,False,False,0,-0.12200040330711837,-0.1569367799399749,-0.08520491141633046,-0.139895456803803,UP,False,14,16.0,IGNORE,NONE,,RED,C,NO_DEPLOY,No standout factor,Process Industries,22.6
JAICORPLTD,92.64,97.4,97.4,92.3,True,False,False,False,False,False,1.1170125028865505,3.121106448,1.0353890648716804,False,-0.26074966916592396,False,59.07,True,1.3400939222759136,100.0,2.59,0,False,▆▆▅▁▅▄▃▆▅▆▃▄▃▅▆▄▅▄██,False,False,False,0,-0.07434052757793763,-0.17048710601719197,-0.03754503568714973,-0.15344578288102007,UP,False,11,16.0,IGNORE,SEED,,RED,C,NO_DEPLOY,Delivery P100,Process Industries,22.6
MHRIL,192.4,198.04,199.86,191.1,True,False,False,False,False,False,1.053510435224995,2.54791472,0.9748634584539022,False,-0.4686907324044712,False,65.33,True,1.1012406445957792,85.0,0.92,0,True,▃▃▅▄▂▁▅▄▄▇▅▂▇█▃▁▄▂▅▅,False,False,False,0,-0.1309453904873752,-0.17456776352481873,-0.09414989859658729,-0.15752644038864683,UP,False,11,16.0,IGNORE,SEED,,RED,C,NO_DEPLOY,No standout factor,Consumer Services,29.2
SIYSIL,520.95,535.65,539.6,516.4,True,False,False,False,False,False,0.5075489266332562,1.3815073050000002,0.4511805532463167,False,-0.3280734092487192,False,68.67,True,1.3412109374999999,98.0,2.06,0,False,▅▅▇▂▄▄▄▄▁▃▁▂▃▅▄▅▇▃██,False,False,False,1,-0.190757281553398,-0.17348881485007128,-0.1539617896626101,-0.15644749171389938,UP,False,11,16.0,IGNORE,SEED,,RED,C,NO_DEPLOY,Delivery P98,Process Industries,22.6
NIBE,1224.4,1295.0,1295.0,1218.0,True,False,False,False,False,False,0.6791045100588269,4.781037120000001,0.5848326078558794,False,-0.2357332330324212,False,52.89,True,1.039402574432544,61.0,0.35,0,True,▄▆▁▃█▆▆▅▄▆▅▅▃▅▇▂▆▅▅▅,False,False,False,0,-0.15231237884242588,-0.19700944386149,-0.11551688695163798,-0.1799681207253181,UP,False,7,16.0,IGNORE,NONE,,RED,C,NO_DEPLOY,No standout factor,Process Industries,22.6
RELAXO,317.15,324.95,327.5,315.0,True,False,False,False,False,False,0.6289345676085598,3.479167215,0.5632202556641338,False,-0.3756088970770618,False,48.12,True,1.1893815808987098,67.0,0.46,0,True,█▇▅▄▅▇▆▇▅▆█▅▆▅▅██▁██,False,False,False,0,-0.17398098710769638,-0.19187157599694227,-0.13718549521690848,-0.17483025286077036,UP,False,7,16.0,IGNORE,NONE,,RED,C,NO_DEPLOY,No standout factor,Consumer Non-Durables,28.4
GODIGIT,251.5,257.4,257.4,251.0,True,False,False,False,False,False,0.4928434011595991,2.24662435,0.4796831072060285,False,-0.047044448377445404,False,57.47,True,1.134716765060122,67.0,0.3,0,True,▃▆▂▄█▄▅▇▄▃▂▄▃▇▆▁▅▇▆▆,False,False,False,0,-0.016617790811339184,-0.19170817933472595,0.020177701079448718,-0.17466685619855404,UP,False,7,16.0,IGNORE,NONE,,RED,C,NO_DEPLOY,No standout factor,Finance,28.2
BHARATWIRE,168.08,173.74,179.7,166.1,True,False,False,False,False,False,1.3635937051273221,2.8451069680000005,1.2693238921538696,False,-0.23612086144202396,False,55.16,True,1.1877435886393488,81.0,0.74,0,True,▅▆▄▅▆▆▅▃▅▆▅▁▄▅▅▇█▄▇▇,False,False,False,0,-0.11190954242840523,-0.2158253242511896,-0.07511405053761733,-0.1987840011150177,UP,False,5,16.0,IGNORE,NONE,,RED,C,NO_DEPLOY,No standout factor,Producer Manufacturing,24.3
REFEX,265.85,273.3,274.15,265.0,True,False,False,False,False,False,0.833647306292605,4.908760740000001,0.7768060972742944,False,-0.3503268699512119,False,50.11,True,1.018526987611411,81.0,0.94,0,True,▅▇▇█▇▁▃▅▆▇▇▅▆▄█▆█▇▆▆,False,False,False,0,-0.11220571046919336,-0.23386167146974057,-0.07541021857840546,-0.21682034833356867,UP,False,4,16.0,IGNORE,NONE,,RED,C,NO_DEPLOY,No standout factor,Energy Minerals,25.9
SHRIRAMPPS,70.41,72.22,72.6,70.2,True,False,False,False,False,False,0.7293620959671371,2.027491155,0.6752723706715335,False,-0.36102498228689855,False,58.55,True,1.0170757552069762,72.0,0.5,0,True,▃▅▅▄▅▄▁▃▅▃▄▃█▄▄▃▅▄▄▄,False,False,False,0,-0.09707617337778929,-0.22353330392589332,-0.060280681487001386,-0.20649198078972142,UP,False,4,16.0,IGNORE,NONE,,RED,C,NO_DEPLOY,No standout factor,Finance,28.2
VSTIND,203.4,206.0,206.49,202.1,True,False,False,False,False,False,0.9627851881393069,2.0623743,0.9350398026519283,False,-0.21127795019994045,False,64.77,True,1.04013104013104,81.0,0.84,0,True,▆▅▆▄▅▆▄▅█▄▅▄▆▁▅▅▅▅▆▆,False,False,False,0,-0.05342516753536852,-0.23962616822429905,-0.01662967564458062,-0.22258484508812715,UP,False,3,16.0,IGNORE,NONE,,RED,C,NO_DEPLOY,No standout factor,Consumer Non-Durables,28.4
BNAGROCHEM,200.0,204.95,204.95,200.0,True,False,False,False,False,False,0.07171623360667685,0.01722,0.06267748822619353,False,-0.20356580692414908,False,97.21,True,1.2621560913540812,,,0,True,▇▆▆▄█▁▆▆▂▆█▃▃▇▂▅▅▆██,False,False,False,0,-0.1835068381302306,-0.30951147937165535,-0.1467113462394427,-0.29247015623548345,UP,False,1,16.0,IGNORE,NONE,,RED,C,NO_DEPLOY,No standout factor,Process Industries,22.6
BAJAJFINSV,1924.2,1939.1,1951.9,1924.2,True,False,False,True,False,True,0.8329546727554449,101.86791768,0.8012864962740682,False,-0.048652471645436894,False,52.03,False,0.9330810684791478,34.0,-0.47,0,False,▃▇▃▆▃▁▆▅▂█▁▅▃▄▇▄▇▃▃▃,False,False,False,0,-0.047661469933184875,0.07042723631508685,-0.010865978042396973,0.08746855945125875,FLAT,True,71,15.0,IGNORE,NONE,,RED,C,NO_DEPLOY,No standout factor,Finance,28.2
ZSARACOM,10310.0,10600.0,11000.0,10300.0,True,False,False,False,False,False,0.5817174515235457,0.043302,0.5256848945048922,False,-0.1734391777650784,False,84.85,True,1.1199472034317768,64.0,0.48,0,True,▄▁▄▅▇▄▄█▃▁▄▅▂▂▄▃▆▄▅▅,False,False,False,0,-0.2029993815708101,0.0477642276422765,-0.1662038896800222,0.0648055507784484,FLAT,True,68,15.0,IGNORE,NONE,,RED,C,NO_DEPLOY,No standout factor,Finance,28.2
MANAKCOAT,124.19,130.05,130.5,123.36,True,True,True,True,False,False,0.2978257708618282,1.845488238,0.296727315154236,False,-0.20548968105032284,False,37.12,False,0.6872292368645166,23.0,-0.65,0,False,▂▅▅▂▄▅▄▅▅▇▅█▄▅▅▆▂▁▂▂,False,False,False,2,-0.009333120612635581,0.035866210693135336,0.02746237127815232,0.05290753382930724,FLAT,True,65,15.0,IGNORE,NONE,,RED,C,NO_DEPLOY,No standout factor,Non-Energy Minerals,28.3
BIRLANU,1395.5,1448.4,1459.0,1385.9,True,False,False,False,False,False,0.9373792915407511,1.15142705,0.887279268059947,False,-0.3946309857551195,False,65.17,True,1.2196582636198603,72.0,0.62,0,True,▅▆█▇▅▂▅▅▅▆▃▃▅▄▂▇▇▁▇▇,False,False,False,0,-0.12166414904330314,0.03824120229149619,-0.08486865715251524,0.055282525427668094,FLAT,True,65,15.0,IGNORE,NONE,,RED,C,NO_DEPLOY,No standout factor,Non-Energy Minerals,28.3
FINOPB,137.73,141.0,141.96,137.03,True,False,False,False,False,False,0.592172682113454,1.878292875,0.5717230459663024,False,-0.21674034311971985,False,42.01,True,1.1630353533955318,54.0,0.27,0,True,▂▄▅▃▂█▇▄▆▆▇▁██▇▄▅▁▆▆,False,False,False,0,-0.09232898378805865,0.018110585452394856,-0.05553349189727075,0.03515190858856676,FLAT,True,61,15.0,IGNORE,NONE,,RED,C,NO_DEPLOY,No standout factor,Finance,28.2
INDIANHUME,354.0,371.3,372.45,351.7,True,False,False,False,False,False,0.5923331841247033,1.1148876,0.5426114634870545,False,-0.23699168410751995,False,63.06,True,1.1945783646059276,83.0,0.77,0,True,▆▆▆▃▃▆▄█▆▆█▁▄▆▆▇▆▇▇▇,False,False,False,0,-0.01707621824239891,0.02076124567474036,0.01971927364838899,0.03780256881091226,FLAT,True,61,15.0,IGNORE,NONE,,RED,C,NO_DEPLOY,No standout factor,Producer Manufacturing,24.3
SDBL,68.13,70.0,71.96,67.75,True,False,False,False,False,False,1.1317721824931863,3.648075354,1.0550770367763715,False,-0.3600774865319528,False,56.36,True,1.1476044063448105,77.0,0.72,0,True,▄▇▆▆▇▄▇▆▆▄▅▆▁█▄▆▆▅▆▆,False,False,False,0,-0.07932432432432435,0.010530999703352029,-0.042528832433536445,0.027572322839523933,FLAT,True,59,15.0,IGNORE,NONE,,RED,C,NO_DEPLOY,No standout factor,Consumer Non-Durables,28.4
ESABINDIA,5751.0,5860.0,5886.5,5736.5,True,False,False,False,False,False,1.276249646992375,3.2487399,1.2062391986896253,False,-0.18800089602927011,False,54.87,True,1.0092797822148238,57.0,0.22,0,True,▁▃▃▂▃▂▃▄▃▂▁▆▂▆█▆▅▆▄▄,False,False,False,2,-0.06904087414002424,0.009921854420932519,-0.03224538224923634,0.026963177557104423,FLAT,True,59,15.0,IGNORE,NONE,,RED,C,NO_DEPLOY,No standout factor,Producer Manufacturing,24.3
CUB,225.78,227.32,231.0,223.25,True,False,True,False,False,False,0.5036702294453497,28.462978278,0.49838961398730364,False,-0.032172319387193254,False,28.6,False,0.6448121928123732,2.0,-2.66,0,False,▆█▇▅▇▂▅▄▅▅▄▆▃▄▁▄▃▇▁▁,False,False,False,2,0.016203078584931196,-0.009606527174628177,0.0529985704757191,0.007434795961543728,UP,True,54,15.0,IGNORE,NONE,,RED,C,NO_DEPLOY,No standout factor,Finance,28.2
GHCL,423.15,422.15,430.0,422.0,False,False,False,False,False,False,0.8077253645567752,4.263024675,0.7821252730721012,False,-0.3813873605886902,False,73.71,True,1.2318362231042406,96.0,1.67,0,False,▄▁▄▄▁▆▅▅▂█▂▂▄▅▆▅▆▆██,False,False,False,0,-0.03731088613354572,-0.007854630715123156,-0.0005153942427578162,0.009186692421048748,FLAT,True,54,15.0,IGNORE,SEED,,RED,C,NO_DEPLOY,Delivery P96,Process Industries,22.6
JAGRAN,61.72,62.08,62.93,61.32,True,False,False,False,False,False,1.0607674654904333,1.171408568,1.0616008052883028,False,-0.15930009956683627,True,66.57,False,0.9806506735804723,49.0,-0.07,0,True,▄▆▄▃▅▇▆▇█▄▆▇▇▇▃▁▃█▅▅,False,False,False,0,0.002599090318388564,-0.035474292858259204,0.039394582209176465,-0.0184329697220873,UP,False,48,15.0,IGNORE,NONE,,RED,C,NO_DEPLOY,No standout factor,Consumer Services,29.2
ESCORTS,2835.8,2895.0,2899.6,2822.2,True,False,False,False,False,False,0.8737807176915884,14.1634031,0.822228680741545,False,-0.248403952291696,True,61.64,True,1.1806732749126083,89.0,1.15,0,False,▇▆▆▆▆▄▄▇▃█▁▇▅▆▆▇▆▆██,False,False,False,2,-0.07390353025701313,-0.048037866326496315,-0.03710803836622523,-0.03099654319032441,FLAT,False,44,15.0,IGNORE,SEED,,RED,C,NO_DEPLOY,No standout factor,Producer Manufacturing,24.3
SWARAJENG,3569.2,3579.0,3599.0,3549.0,True,False,False,False,False,False,1.033603835714581,2.67761384,1.0292604933619125,False,-0.17989416082503554,True,60.56,False,0.9974306607813428,74.0,0.6,0,True,▄▃▃▅▅▇▇▆▅▁█▃▅▄▃▅▅▇▅▅,False,False,False,0,-0.006900389538119112,-0.053965224766751585,0.02989510235266879,-0.03692390163057968,UP,False,43,15.0,IGNORE,NONE,,RED,C,NO_DEPLOY,No standout factor,Producer Manufacturing,24.3
AMRUTANJAN,489.6,489.0,494.85,485.0,True,False,False,False,False,False,0.17454992876570394,1.3196678400000001,0.1644403679433802,False,-0.015703251622454503,True,58.6,True,1.0680469867769953,51.0,-0.03,0,False,▆▅▁▂▂▅▆▃▃▄▄▄█▃▃▅▅▄▅▅,False,False,False,0,0.0027649769585254003,-0.09004739336492884,0.0395604688493133,-0.07300607022875694,UP,False,32,15.0,IGNORE,NONE,,RED,C,NO_DEPLOY,No standout factor,Health Technology,30.5
DHANUKA,956.5,977.8,980.0,953.0,True,False,False,False,False,False,0.5368577374900864,0.9647259,0.5177195650742572,False,-0.021697822020322645,True,49.53,False,0.893841642228739,31.0,-0.31,0,True,▃▄▅▆▆▁▇▅▇▇▄▄▅▄▃█▆▄▄▄,False,False,False,0,-0.04004415897230029,-0.10865716149473481,-0.003248667081512391,-0.0916158383585629,UP,False,26,15.0,IGNORE,NONE,,RED,C,NO_DEPLOY,No standout factor,Process Industries,22.6
AJMERA,114.37,117.61,117.61,111.83,True,False,False,False,False,False,1.3912494995380733,4.820775559,1.357087272538963,False,-0.07519965510029074,True,49.14,True,1.0173281162660706,56.0,0.21,0,False,▆▁▆▄█▄▃▄▅▆▆▅▄▅▄▆▅▁▅▅,False,False,False,0,-0.018956939440727294,-0.1175835197901397,0.017838552450060607,-0.1005421966539678,UP,False,23,15.0,IGNORE,NONE,,RED,C,NO_DEPLOY,No standout factor,Finance,28.2
SPMLINFRA,168.47,171.05,171.89,167.0,True,False,False,False,False,False,0.8650112331036558,2.750626537,0.8013670873403486,False,-0.2933258283938575,True,57.56,True,1.0785186295543334,87.0,0.95,0,False,▆▆▅▅▇▅▇█▆▄▆▆▇▁▅█▆█▇▇,False,False,False,0,-0.13369671414614082,-0.11601427222163929,-0.09690122225535291,-0.09897294908546739,UP,False,23,15.0,IGNORE,SEED,,RED,C,NO_DEPLOY,No standout factor,Industrial Services,34.0
KANSAINER,183.03,189.24,190.02,182.2,True,False,False,False,False,False,0.5008192844963606,2.535294954,0.46839261851105896,False,-0.08619012926189458,True,52.33,False,0.9155484017705617,38.0,-0.28,0,True,▃▄▃▄▂▂▂▃▃▄▁▂▃█▂▄▂▂▂▂,False,False,False,0,-0.08962944541158924,-0.11937066974595845,-0.052833953520801336,-0.10232934660978654,UP,False,22,15.0,IGNORE,NONE,,RED,C,NO_DEPLOY,No standout factor,Process Industries,22.6
TEAMLEASE,1229.6,1230.1,1241.3,1213.1,True,False,False,False,False,False,0.8344493068430628,1.773698,0.8162835130378812,False,-0.04229438414780232,True,69.06,True,1.1533162434556068,81.0,0.92,0,False,▃▅▄▅▄▃▇▂▄▂▂█▄▃▁▂▂▅▆▆,False,False,False,0,-0.013557962294424408,-0.12321734169994303,0.023237529596363493,-0.10617601856377112,UP,False,21,15.0,IGNORE,NONE,,RED,C,NO_DEPLOY,No standout factor,Commercial Services,28.1
SUBROS,682.55,702.75,705.0,679.4,True,False,False,False,False,False,0.835482149219596,2.024648065,0.7883354711765893,False,-0.3209421821288231,True,52.93,False,0.9937573339591644,78.0,0.73,0,True,▆▇▆▆▇▄▅▅▆▄▄▆▄▆██▁▄▅▅,False,False,False,0,-0.08536013400335019,-0.17426808613597877,-0.048564642112562284,-0.15722676299980687,UP,False,11,15.0,IGNORE,NONE,,RED,C,NO_DEPLOY,No standout factor,Producer Manufacturing,24.3
RELTD,148.9,156.78,157.5,147.55,True,False,False,False,False,False,0.6652356965148896,1.58678263,0.6234682795116095,False,-0.11517131693316938,True,52.44,False,0.9070781152701861,48.0,0.03,0,True,▄▇▁▅▆▆▆▃▃▅██▄▆█▆▅▄▄▄,False,False,False,0,-0.06263770853005979,-0.18669434127157525,-0.025842216639271887,-0.16965301813540334,UP,False,8,15.0,IGNORE,NONE,,RED,C,NO_DEPLOY,No standout factor,Utilities,34.3
JTEKTINDIA,117.36,121.25,121.74,117.0,True,False,False,False,False,False,0.6200388811344393,1.098970776,0.5879178335209847,False,-0.21434529134454808,True,44.11,False,0.8132974408142193,22.0,-0.55,0,True,▄▅▅▇▄▆▅▇▄█▅▁▅▅█▅▆▇▄▄,False,False,False,0,-0.09750845893571203,-0.18916678181566948,-0.06071296704492413,-0.17212545867949758,UP,False,8,15.0,IGNORE,NONE,,RED,C,NO_DEPLOY,No standout factor,Consumer Durables,20.7
KITEX,119.13,124.72,125.79,118.5,True,False,False,False,False,False,0.7975473219716631,4.472843067,0.7475420163135111,False,-0.1883618515070176,True,49.06,True,1.1375440549063254,85.0,0.83,0,False,▅▇▆▆▆▅▅▁▅▆█▆▇▅▆▄▄▆▆▆,False,False,False,0,-0.07636842921383158,-0.23849399130657123,-0.03957293732304368,-0.22145266817039932,UP,False,3,15.0,IGNORE,SEED,,RED,C,NO_DEPLOY,No standout factor,Process Industries,22.6
AWHCL,354.1,367.75,367.75,351.75,True,False,False,False,False,False,1.2172927048106477,2.9233079600000003,1.1414455243549508,False,-0.09692194391832237,True,55.91,True,1.133962072812088,87.0,0.94,0,False,█▄▅▆▂▅▃▁▄▆▆▇▇▇▆▆▁▂▇▇,False,False,False,0,-0.06421775898520077,-0.2347920043219881,-0.027422267094412867,-0.2177506811858162,UP,False,3,15.0,IGNORE,SEED,,RED,C,NO_DEPLOY,No standout factor,Transportation,28.8
PGIL,1141.4,1181.1,1192.5,1131.0,True,False,False,False,False,False,1.0159712340219837,9.40410874,0.5109392898248345,False,0.045350350220035,False,42.44,False,0.9719232354692439,37.0,-0.28,0,True,▆▇▃▁▃▅▇▅▃▃▆▆▄█▇▄▄▃▄▄,False,False,False,1,-0.5165198237885462,-0.42081493885421417,-0.4797243318977583,-0.40377361571804227,FLAT,False,1,15.0,IGNORE,NONE,,RED,C,NO_DEPLOY,CMF positive,Consumer Non-Durables,28.4
AHLUCONT,585.85,601.0,604.65,580.3,True,False,False,False,False,False,0.5002461475725757,3.866551415,0.45244216379498736,False,-0.3445947518256254,True,58.72,True,1.160887272152149,69.0,0.51,0,False,▁▁▂▄▄▃▂██▆▅▅▅▇▆▅▅▅▆▆,False,False,False,0,-0.17217747633177904,-0.313067948642786,-0.13538198444099114,-0.29602662550661407,UP,False,1,15.0,IGNORE,NONE,,RED,C,NO_DEPLOY,No standout factor,Industrial Services,34.0
BAJAJELEC,328.4,335.95,340.4,326.4,True,False,False,False,False,False,0.8488571356063733,4.1741610399999995,0.8197660161274649,False,-0.24551729980238432,True,37.24,False,0.8420576596947428,28.0,-0.4,0,True,▂▄▂▆▁█▁▇▄▅▃▅▆▆▁▂▅▄▁▁,False,False,False,0,-0.07636056813387715,-0.006954944058058743,-0.03956507624308925,0.010086379078113161,FLAT,True,54,14.0,IGNORE,NONE,,RED,C,NO_DEPLOY,No standout factor,Consumer Durables,20.7
GARUDA,176.05,182.9,184.17,175.0,True,False,False,False,False,False,0.3486752456203905,6.763612135000001,0.33709596014783794,False,-0.5150861701531381,False,34.51,False,0.8111506775258847,45.0,-0.04,0,True,▆▆▆▆▅▅▅█▆▇▅▅█▆▇▁▃▄▄▄,False,False,False,0,-0.03734689413823267,-0.01900144879081689,-0.0005514022474447655,-0.001960125654644984,UP,False,51,14.0,IGNORE,NONE,,RED,C,NO_DEPLOY,No standout factor,Industrial Services,34.0
ELECTCAST,75.23,77.5,78.2,74.66,True,False,False,False,False,False,0.5438960946352787,10.259686848000001,0.5094310421909668,False,-0.1039280319317881,False,46.07,False,0.9543834935366257,40.0,-0.19,0,False,▄▆▄█▇▃▃▃▂▁▁▃▃▃▇▆▇▆▄▄,False,False,False,3,0.055859649122807165,-0.027784957353321205,0.09265514101359507,-0.0107436342171493,UP,False,50,14.0,IGNORE,NONE,,RED,C,NO_DEPLOY,No standout factor,Non-Energy Minerals,28.3
ORIENTTECH,242.28,249.64,256.0,240.25,True,False,False,False,False,False,0.6446809444928718,8.358926508,0.6304706680707336,False,-0.27043979041002836,False,8.66,False,0.20277468828660072,6.0,-2.07,0,True,█▇▆▄▇▆▆▆▃█▆█▅▆█▆█▃▁▁,False,False,False,0,-0.029326923076923084,-0.04384545562176878,0.007468568813864818,-0.026804132485596877,UP,False,46,14.0,IGNORE,NONE,,RED,C,NO_DEPLOY,No standout factor,Technology Services,21.0
CHOICEIN,740.4,760.5,764.7,737.1,True,False,False,False,False,True,0.5390782844122963,13.362369,0.511934308003202,False,-0.2849455106017927,False,26.98,False,0.8846336705083857,29.0,-0.59,0,True,▃▁▂▁▄▂▂▄▂▂▂▄▂▃▃▂█▂▂▂,False,False,False,0,-0.07864609258337485,-0.04851249759043885,-0.04185060069258695,-0.03147117445426695,FLAT,False,44,14.0,IGNORE,NONE,,RED,C,NO_DEPLOY,No standout factor,Commercial Services,28.1
KNRCON,121.22,126.05,126.45,120.62,True,False,False,False,False,False,0.5863351712111865,11.596887081999999,0.5750917557009844,False,-0.22450117617038104,False,40.4,False,0.8068059272277031,23.0,-0.51,0,True,▄▆█▅▄▇▅▆▇▇▄▄▃▂▃▄▁▄▂▂,False,False,False,0,-0.07011353175820811,-0.05096688326939647,-0.03331803986742021,-0.033925560133224564,UP,False,44,14.0,IGNORE,NONE,,RED,C,NO_DEPLOY,No standout factor,Industrial Services,34.0
ATUL,6081.5,6250.0,6250.0,6060.5,True,False,False,False,False,True,1.3119000253674948,20.91488665,1.23730323830026,False,-0.20971664995984116,False,50.52,False,0.8801547065279883,40.0,-0.2,0,True,▅▄▆█▅▅█▄▆▆▂▆▂▄▄▄▁▆▃▃,False,False,False,0,-0.07974578194749182,-0.05456665371162073,-0.04295029005670392,-0.03752533057544882,FLAT,False,43,14.0,IGNORE,NONE,,RED,C,NO_DEPLOY,No standout factor,Process Industries,22.6
GMDCLTD,553.45,577.0,580.0,552.0,True,False,False,False,False,False,0.9386764795763765,52.44458993000001,0.9097126678018296,False,-0.3883580911520751,False,35.05,False,0.9635076627035942,79.0,0.81,0,True,▆█▅▂▅▅▅▇▇▆▅▆▅▄▇▃▄▁▅▅,False,False,False,0,-0.030226038198703398,-0.05602933651714126,0.006569453692084504,-0.038988013380969355,UP,False,42,14.0,IGNORE,NONE,,RED,C,NO_DEPLOY,No standout factor,Distribution Services,31.7
MGL,1071.7,1081.0,1092.2,1069.1,True,False,False,False,False,False,0.2711255580270722,7.12969859,0.26228872222114735,False,-0.44960958015275204,False,57.8,True,1.0608424336973479,75.0,0.65,0,False,▅▁▄▅▅▆▄▆▆▆▃▆▆▅▆▆█▆▆▆,False,False,False,0,-0.03572071261472021,-0.05468818911528628,0.0010747792760676944,-0.037646865979114374,UP,False,42,14.0,IGNORE,NONE,,RED,C,NO_DEPLOY,No standout factor,Utilities,34.3
CIPLA,1370.2,1380.0,1388.7,1368.0,True,False,False,False,False,False,1.043877862467218,100.49622284,1.0078862980793617,False,-0.10778973241150244,False,62.08,True,1.1343992690726359,74.0,0.62,0,False,▄▅▂▅▅▃▄▄▆█▁▅▅▅▇█▇▆▆▆,False,False,False,1,-0.06343130553656862,-0.05938079220155146,-0.026635813645780715,-0.042339469065379554,UP,False,41,14.0,IGNORE,NONE,,RED,C,NO_DEPLOY,No standout factor,Health Technology,30.5
BIOCON,382.0,391.95,392.05,381.0,True,False,False,False,False,True,0.9213550494726728,97.1430966,0.8732663416155283,False,-0.23325382654298585,False,44.08,False,0.8462926698153055,29.0,-0.48,0,True,▃▄▇▆▆▄█▃▅█▅▇▇▆▆▃▁▇▃▃,False,False,False,0,-0.0850299401197605,-0.06119439665765536,-0.048234448228972604,-0.044153073521483455,FLAT,False,41,14.0,IGNORE,NONE,,RED,C,NO_DEPLOY,No standout factor,Health Technology,30.5
RHIM,361.6,375.65,375.65,360.8,True,False,False,False,False,False,0.7110230471941502,5.6470348800000005,0.6881735446339932,False,-0.1233210507966512,False,47.33,False,0.9092655562599659,55.0,0.22,0,True,▅▅▄▅▅▅▄▄▆▄▄█▅▆▄▆▁▅▄▄,False,False,False,0,-0.04842105263157892,-0.05882352941176461,-0.011625560740791019,-0.041782206275592704,UP,False,41,14.0,IGNORE,NONE,,RED,C,NO_DEPLOY,No standout factor,Producer Manufacturing,24.3
LLOYDSENGG,79.71,83.09,83.19,79.35,True,False,False,True,False,False,0.8561691458881464,37.096651392,0.787349661441034,False,-0.3206116256155615,False,40.67,False,0.9115053173011196,57.0,0.2,0,True,▁▆▇▇▇▆▅▂▅▅▅▄▄▃▅▆█▅▃▃,False,False,False,0,-0.14894298526585525,-0.06869961444093953,-0.11214749337506735,-0.05165829130476762,FLAT,False,39,14.0,IGNORE,NONE,,RED,C,NO_DEPLOY,No standout factor,Industrial Services,34.0
CRAMC,232.4,240.35,241.0,231.1,True,False,False,False,False,False,0.9495165973307409,7.9262344,0.8793289171239621,False,-0.08936851731428845,False,53.7,False,0.9344086863466708,65.0,0.34,0,True,▃▅▂▁▄▆▂▅▄▃▅▅█▅▇▃▅▄▃▃,False,False,False,2,-0.08647798742138368,-0.06778981147212193,-0.04968249553059578,-0.050748488335950026,UP,False,39,14.0,IGNORE,NONE,,RED,C,NO_DEPLOY,No standout factor,Finance,28.2
VINATIORGA,1261.4,1300.6,1316.0,1250.1,True,False,False,False,False,False,1.0204746479479252,5.235440700000001,0.971502236560193,False,-0.21538677565492076,False,68.49,True,1.2239536795453732,83.0,0.85,0,False,▃▃▁▁▂▆▂▆▇▂▄▃▂▂█▃▄▅██,False,False,False,0,-0.0576017930519237,-0.06894006495423666,-0.0208063011611358,-0.05189874181806475,UP,False,39,14.0,IGNORE,NONE,,RED,C,NO_DEPLOY,No standout factor,Process Industries,22.6
DBL,399.6,405.0,409.0,395.6,True,False,False,False,False,False,0.5586583773744297,8.9028882,0.5480294284316374,False,-0.6829984344200527,False,38.88,False,0.7817668171353314,33.0,-0.29,0,True,▆▆█▆▆▆▆▆▆▆▆▆▆▅▆▄▅▁▄▄,False,False,False,0,-0.05128205128205121,-0.06907396622015138,-0.01448655939126331,-0.05203264308397948,UP,False,38,14.0,IGNORE,NONE,,RED,C,NO_DEPLOY,No standout factor,Industrial Services,34.0
EMSLIMITED,373.95,387.0,387.0,371.05,True,False,False,False,False,False,0.23556837493275987,7.50846726,0.2261172148686473,False,-0.3623013075761239,False,46.06,True,1.4208594256100195,62.0,0.33,0,False,▆▁▂▆▆██▆▆▆▆▁▅▇▅█▃▅██,False,False,False,0,-0.004790419161676662,-0.07104707489752826,0.03200507272911124,-0.05400575176135636,UP,False,38,14.0,IGNORE,NONE,,RED,C,NO_DEPLOY,No standout factor,Industrial Services,34.0
SCI,269.05,281.0,281.85,268.0,True,False,False,False,False,False,0.9916504993080641,52.903920315,0.9151215856285919,False,-0.4348793294909896,False,38.24,False,0.967831743058895,78.0,0.85,0,True,▂▁█▇▇▆▇▂▂█▆▅▄▇██▅▆▅▅,False,False,False,0,-0.0902789518174133,-0.07399759077611423,-0.0534834599266254,-0.056956267639942326,UP,False,37,14.0,IGNORE,NONE,,RED,C,NO_DEPLOY,No standout factor,Transportation,28.8
INTERARCH,1684.3,1751.0,1751.0,1668.5,True,False,False,False,False,False,0.9939270867643933,8.309830909999999,0.9788537538749607,False,-0.2484752230645228,False,52.52,False,0.9236234458259326,57.0,0.12,0,True,█▁▇█▅▅▆▃▃▄▂▂▅▅▇▇▁▅▃▃,False,False,False,0,-0.0236508028520086,-0.07658991228070178,0.0131446890387793,-0.05954858914452987,UP,False,36,14.0,IGNORE,NONE,,RED,C,NO_DEPLOY,No standout factor,Producer Manufacturing,24.3
FORCEMOT,17245.0,17710.0,17785.0,17200.0,True,False,False,False,False,False,1.0018013453383745,117.293592,0.9741554429904397,False,-0.20165785566257285,False,37.77,False,0.9975306033515127,89.0,1.33,0,True,▆▇▁▄▅█▆▆▇▆▁▃▆▅▅█▅▂▅▅,False,False,False,0,-0.05247252747252751,-0.0816869907875819,-0.015677035581739607,-0.06464566765141,UP,False,35,14.0,IGNORE,SEED,,RED,C,NO_DEPLOY,No standout factor,Consumer Durables,20.7
TRAVELFOOD,1227.4,1259.3,1259.9,1224.4,True,False,False,False,False,True,0.2808341587762372,2.2845596200000005,0.26226454704775626,False,-0.24696507703412338,False,58.12,True,1.1567550354271157,62.0,0.14,0,False,▇▅▆▆▅▅▆▁▅▄▆▄▄█▅▄▅▅▆▆,False,False,False,0,-0.08838383838383834,-0.08355110878817285,-0.05158834649305044,-0.06650978565200094,UP,False,34,14.0,IGNORE,NONE,,RED,C,NO_DEPLOY,No standout factor,Consumer Services,29.2
GANECOS,1007.0,1005.0,1024.8,993.0,True,False,False,False,False,False,1.019766391449093,8.1278998,0.9959466168245379,False,-0.020326514923516743,False,49.3,True,1.083707025411061,55.0,0.11,0,False,▂▇▃▃▄▇▄▇█▄█▅▁▂▄▄▄▂▆▆,False,False,False,0,-0.08595806480893164,-0.08587509077705147,-0.04916257291814374,-0.06883376764087956,UP,False,33,14.0,IGNORE,NONE,,RED,C,NO_DEPLOY,No standout factor,Process Industries,22.6
JWL,231.17,241.0,242.82,230.4,True,False,False,False,False,False,1.0629355532918217,14.569258079999997,1.0054003587810048,False,-0.5596739885876665,False,47.21,True,1.354643405403079,85.0,1.18,0,False,▇▃▅▇▅▄▅▅▆█▁▄▅▂▃▄▄▁██,False,False,False,0,-0.0779018747506981,-0.08988188976377953,-0.041106382859910195,-0.07284056662760763,UP,False,32,14.0,IGNORE,SEED,,RED,C,NO_DEPLOY,No standout factor,Producer Manufacturing,24.3
MRF,125795.0,128800.0,129600.0,125500.0,True,False,False,False,False,False,0.7969334024500041,36.7447195,0.7600569643100765,False,-0.21130931240805176,False,41.38,False,0.7878903274942879,55.0,0.01,0,True,▅▃▇▃▂▇▄▆▆█▁▃▃█▃▆▃▂▁▁,False,False,False,0,-0.057750646043219334,-0.09271547060944829,-0.020955154152431432,-0.07567414747327639,UP,False,31,14.0,IGNORE,NONE,,RED,C,NO_DEPLOY,No standout factor,Consumer Durables,20.7
HDBFS,664.7,670.05,675.0,662.4,True,False,False,False,False,False,0.2892067644834272,14.6639467,0.28035394889491266,False,-0.15686013946557412,False,62.83,False,0.9707297854753608,54.0,0.03,0,True,▅▃▁▆▃▃██▅▃█▅▃▂▇▅▇▄▄▄,False,False,False,0,-0.04791233975506681,-0.09871186440677959,-0.011116847864278911,-0.08167054127060769,UP,False,30,14.0,IGNORE,NONE,,RED,C,NO_DEPLOY,No standout factor,Finance,28.2
GLOBUSSPR,820.55,839.9,843.55,810.25,True,False,False,False,False,False,1.149543009904738,9.569007935,1.055445482386829,False,-0.18559991006582097,False,49.64,False,0.8755390544389865,57.0,0.3,0,True,▇▂▄▂▃▂█▁▃▃▇▅▃▄▅▃▄▄▂▂,False,False,False,0,-0.08777098387993332,-0.09903925336261332,-0.050975491989145416,-0.08199793022644142,UP,False,30,14.0,IGNORE,NONE,,RED,C,NO_DEPLOY,No standout factor,Consumer Non-Durables,28.4
GMRP&UI,90.35,93.55,94.38,90.0,True,False,False,False,False,False,0.4944977000336616,7.352384844999999,0.477901248798641,False,-0.18044457033267566,False,56.98,True,1.1542240183120132,84.0,0.78,0,False,▆▅▃▆▄▆▇▅▁▇▇▄█▂▄▃▅▆██,False,False,False,0,-0.06178608515057116,-0.09740259740259738,-0.024990593259783256,-0.08036127426642548,UP,False,30,14.0,IGNORE,NONE,,RED,C,NO_DEPLOY,No standout factor,Industrial Services,34.0
STARCEMENT,184.93,195.14,195.91,184.0,True,False,False,False,False,False,0.7426408678094678,5.040156192,0.7242089118605767,False,-0.11515477823958604,False,66.26,True,1.1512566350155071,86.0,0.95,0,False,▃▆▅▃▃▃█▇▁▇▁▇▅█▇▇▇▆██,False,False,False,0,-0.07079690483368506,-0.09913289166017147,-0.03400141294289716,-0.08209156852399957,UP,False,30,14.0,IGNORE,SEED,,RED,C,NO_DEPLOY,No standout factor,Non-Energy Minerals,28.3
MOSCHIP,203.02,210.35,211.7,202.0,True,False,False,False,False,False,0.5594323471522947,23.269218508,0.5276143992610195,False,-0.020341953356752967,False,34.43,False,0.9045767432084494,45.0,-0.18,0,True,▇█▇█▆██▁▄▇▄▄█▆▄▄▆█▅▅,False,False,False,0,-0.028612440191387534,-0.10128375387339528,0.008183051699400368,-0.08424243073722337,UP,False,29,14.0,IGNORE,NONE,,RED,C,NO_DEPLOY,No standout factor,Electronic Technology,25.8
SJVN,64.58,66.17,66.77,64.38,True,False,False,False,False,False,0.9776321374820786,11.031587889999999,0.9590208213756569,False,-0.21827084731779048,False,54.31,True,1.0857005777342423,88.0,1.23,0,False,▆▆▆▆▆▅▆▆█▇▄▅▂▆▃▅▁▃▆▆,False,False,False,0,-0.02579574596470069,-0.10055710306406684,0.010999745926087212,-0.08351577992789494,UP,False,29,14.0,IGNORE,SEED,,RED,C,NO_DEPLOY,No standout factor,Utilities,34.3
APOLLOTYRE,406.2,415.0,417.75,405.05,True,False,False,False,False,False,0.4031328305484593,13.396760339999998,0.37485183944214623,False,-0.42038733663760414,False,42.36,False,0.833398913984418,29.0,-0.55,0,True,▄██▇▁▃▃▃▃▄▄▅▅▅▄▄▄▃▃▃,False,False,False,0,-0.06834862385321105,-0.10597556949488285,-0.03155313196242315,-0.08893424635871094,UP,False,27,14.0,IGNORE,NONE,,RED,C,NO_DEPLOY,No standout factor,Consumer Durables,20.7
HINDUNILVR,1942.0,1973.0,1979.6,1936.0,True,False,False,False,False,False,1.1532580268424735,266.835655,1.114428683003522,False,-0.26587884878138046,False,60.65,False,0.9908026072893013,58.0,0.18,0,True,▃▃▃▂▄▄▄▄▂█▁▅▅▅▁▃▃▄▄▄,False,False,False,0,-0.05865244789142021,-0.1099908340971586,-0.02185695600063231,-0.09294951096098669,UP,False,26,14.0,IGNORE,NONE,,RED,C,NO_DEPLOY,No standout factor,Consumer Non-Durables,28.4
NAVA,536.95,552.1,561.85,533.9,True,False,False,False,False,False,1.138509556728605,14.019818195000001,1.0898463972268997,False,-0.2440017840493555,False,57.7,True,1.1092420819916375,89.0,1.08,0,False,▇▇▇▆▅▆▇█▁▇▇▇▆█▇▇▅▆██,False,False,False,0,-0.039273573089998126,-0.11056816299486494,-0.0024780811992102247,-0.09352683985869303,UP,False,25,14.0,IGNORE,SEED,,RED,C,NO_DEPLOY,No standout factor,Utilities,34.3
MFSL,1425.9,1478.4,1482.0,1425.9,True,False,False,False,False,False,1.1447536362050799,79.45699419,1.0570188272172794,False,-0.16482337191527677,False,64.67,True,1.158483062536947,81.0,0.8,0,False,▆▃▅▄▄▁▅▆▅▇▃▅▅▅█▅▅▄▆▆,False,False,False,0,-0.10009466708740922,-0.1137423084094723,-0.06329917519662132,-0.0967009852733004,UP,False,24,14.0,IGNORE,NONE,,RED,C,NO_DEPLOY,No standout factor,Finance,28.2
FINPIPE,151.33,153.67,154.43,150.51,True,False,False,False,False,False,0.9505019931714405,6.477090463000001,0.9017590196410006,False,-0.03997381844209712,False,52.18,True,1.0625343623368426,62.0,0.31,0,False,▄▆▆▅▄▅▅▅▅▅▇▆▆▁▅▆█▇▆▆,False,False,False,0,-0.044271820133889084,-0.11373352855051233,-0.007476328243101182,-0.09669220541434043,UP,False,24,14.0,IGNORE,NONE,,RED,C,NO_DEPLOY,No standout factor,Producer Manufacturing,24.3
VOLTAS,1137.0,1168.0,1179.0,1137.0,True,False,False,False,False,False,0.6242047970346889,54.2251218,0.5937125544971189,False,-0.19144784015065922,False,46.42,False,0.9951016645765673,63.0,0.31,0,True,▁▃▄▃▄▂▃▄▄█▄▃▁▃▄▃▅▂▃▃,False,False,False,0,-0.0925053875009978,-0.11723602484472051,-0.05570989561020989,-0.1001947017085486,UP,False,23,14.0,IGNORE,NONE,,RED,C,NO_DEPLOY,No standout factor,Producer Manufacturing,24.3
GOKEX,743.3,784.25,785.3,738.55,True,False,False,False,False,False,1.0637513121481057,16.57120453,1.0029767300720869,False,-0.23217059202851587,False,47.43,False,0.967939429807555,71.0,0.44,0,True,▃▆▃▄▅▅█▅▄▁▃▄▃▅▄▂▂▅▄▄,False,False,False,0,-0.08505662235352052,-0.12113508720070953,-0.048261130462732615,-0.10409376406453763,UP,False,22,14.0,IGNORE,NONE,,RED,C,NO_DEPLOY,No standout factor,Consumer Non-Durables,28.4
HONAUT,33595.0,34590.0,34870.0,33500.0,True,False,False,False,False,False,0.9922521241157316,8.9060345,0.9343940416736659,False,-0.25846931826619945,False,49.02,True,1.0170018983205569,43.0,-0.23,0,False,▂▃▃▂▁▄▂▂▄▅▄▅█▄▆▇▅▃▄▄,False,False,False,0,-0.07706043956043951,-0.1191662296801258,-0.04026494766965161,-0.1021249065439539,UP,False,22,14.0,IGNORE,NONE,,RED,C,NO_DEPLOY,No standout factor,Electronic Technology,25.8
JKLAKSHMI,504.9,506.0,516.0,500.25,True,False,False,False,False,False,0.9968819053180636,6.98145426,0.9513159169920524,False,-0.32123494112897455,False,43.31,False,0.8008135718578098,7.0,-1.19,0,True,▃▂▂▃▁▃▃▁▂▃▄▃▂█▅▃▄▂▁▁,False,False,False,0,-0.09190647482014391,-0.11923244657653731,-0.05511098292935601,-0.1021911234403654,UP,False,22,14.0,IGNORE,NONE,,RED,C,NO_DEPLOY,No standout factor,Non-Energy Minerals,28.3
MUTHOOTMF,187.61,196.48,199.31,183.6,True,False,False,False,False,False,1.1945290006324545,6.254148199,1.0974495952749819,False,-0.29293427086042106,False,50.9,False,0.967781802279706,54.0,0.26,0,True,▄▅▄▄▄▂▃▅▃▅▅▁▁▅█▄▆▅▃▃,False,False,False,0,-0.10785106281801315,-0.12089405369945172,-0.07105557092722525,-0.10385273056327982,UP,False,22,14.0,IGNORE,NONE,,RED,C,NO_DEPLOY,No standout factor,Finance,28.2
TECHNOE,950.6,972.25,982.95,943.55,True,False,False,False,False,False,0.8279070244017399,12.2893568,0.7950642558897256,False,-0.2368636040592472,False,57.31,True,1.0874865985445783,82.0,0.8,0,False,▁▆▆▆▃█▃█▃█▅▅█▆▆▇▄▃▇▇,False,False,False,0,-0.05172327796897602,-0.12411314843821974,-0.014927786078188121,-0.10707182530204784,UP,False,21,14.0,IGNORE,NONE,,RED,C,NO_DEPLOY,No standout factor,Industrial Services,34.0
GOCOLORS,304.9,325.05,328.05,301.25,True,False,False,False,False,False,1.2577344330419562,5.6882144,1.1292414674043367,False,-0.1479422121508235,False,39.9,False,0.8583229359377016,34.0,-0.28,0,True,▄▅▅▁▃▅▃▄▃▆▄▅▃▆▅▅▅█▃▃,False,False,False,0,-0.12094565374081023,-0.12410226946279812,-0.08415016185002233,-0.10706094632662622,UP,False,21,14.0,IGNORE,NONE,,RED,C,NO_DEPLOY,No standout factor,Consumer Non-Durables,28.4
TMPV,303.75,306.45,306.45,300.8,True,False,False,False,False,False,0.6911222464663431,204.0445485,0.6494016164496598,False,-0.17157289324005148,False,42.5,False,0.8353151594960592,26.0,-0.69,0,True,▄▄██▅▅▅▃▅█▁▄▄▄▄▃▄▃▃▃,False,False,False,0,-0.11443148688046645,-0.12665324899367458,-0.07763599498967855,-0.10961192585750268,UP,False,20,14.0,IGNORE,NONE,,RED,C,NO_DEPLOY,No standout factor,Consumer Durables,20.7
SRF,2455.2,2482.4,2490.7,2450.0,True,False,False,False,False,False,0.7235010150398714,36.7985376,0.6918759830356985,False,-0.18932715536709527,False,53.12,False,0.9691662105455208,43.0,-0.06,0,True,▃▃▂▆▆▆▅▅▆█▃▅▂▁▄▇▄▁▄▄,False,False,False,0,-0.0664638783269963,-0.1264498683555113,-0.029668386436208394,-0.1094085452193394,UP,False,20,14.0,IGNORE,NONE,,RED,C,NO_DEPLOY,No standout factor,Process Industries,22.6
JKCEMENT,4712.0,4843.5,4849.5,4701.0,True,False,False,False,False,False,0.7678051528312251,11.6249752,0.7149069455870409,False,-0.3518059952447058,False,49.4,False,0.95820927368125,32.0,-0.51,0,True,▃▄▅▆▄▅▃▃▅▅▁▆▆▄▆█▅▅▄▄,False,False,False,0,-0.1234303785694354,-0.12659870250231697,-0.0866348866786475,-0.10955737936614507,UP,False,20,14.0,IGNORE,NONE,,RED,C,NO_DEPLOY,No standout factor,Non-Energy Minerals,28.3
ABLBL,82.95,83.5,85.35,82.71,True,False,False,False,False,False,1.1303504425303177,5.18979993,1.097418413783475,False,-0.23231268524639598,False,64.91,True,1.1238853778893603,83.0,0.74,0,False,▅▅▄▃▃▅▄██▄▃▆▄▁▁▆▃▅▆▆,False,False,False,0,-0.06503606853020738,-0.12757677745056795,-0.02824057663941948,-0.11053545431439604,UP,False,20,14.0,IGNORE,NONE,,RED,C,NO_DEPLOY,No standout factor,Retail Trade,31.1
RVNL,199.0,205.0,207.0,198.29,True,False,False,False,False,False,0.9232980398431715,78.8530336,0.8580944869333844,False,-0.44059345900229696,False,35.51,True,1.0884124381235536,77.0,0.77,0,False,▇▂▄▅█▆▄▆▇▇▅▅▂▁▂▅▃▃▅▅,False,False,False,0,-0.11555555555555552,-0.14467463251096013,-0.07876006366476762,-0.12763330937478823,UP,False,16,14.0,IGNORE,NONE,,RED,C,NO_DEPLOY,No standout factor,Industrial Services,34.0
BOMDYEING,107.58,111.8,112.1,107.0,True,False,False,False,False,False,0.6958771422353595,8.114931528,0.647878316261369,False,-0.06308066790270513,False,49.62,True,1.1698002003889902,80.0,0.83,0,False,▆▇█▇█▇▆▁▄▆▆▄▆▅▇▄▇▅▇▇,False,False,False,0,-0.06313681093790824,-0.14524074368345785,-0.026341319047120337,-0.12819942054728595,UP,False,16,14.0,IGNORE,NONE,,RED,C,NO_DEPLOY,No standout factor,Process Industries,22.6
INTELLECT,662.85,684.15,696.6,659.5,True,False,False,False,False,False,1.379944896136995,26.876247525,1.3333298086442502,False,-0.3227344843679561,False,46.25,False,0.9478333043006015,58.0,0.3,0,True,▇▇▃▆▅▆▅█▇▆▁▇▇▂▅▄▇▆▅▅,False,False,False,0,-0.04756088799482727,-0.1501378293480351,-0.01076539610403937,-0.1330965062118632,UP,False,15,14.0,IGNORE,NONE,,RED,C,NO_DEPLOY,No standout factor,Technology Services,21.0
LEMONTREE,102.58,104.75,105.13,102.3,True,False,False,False,False,False,0.7730678353833329,22.044636902,0.7398113024635642,False,-0.1267015474852272,False,55.83,False,0.9555922600963637,75.0,0.68,0,True,▆██▁▅▇█▆▅▇▆▄▇▇▅▇▇▅▅▅,False,False,False,0,-0.05907172995780585,-0.14956060354833367,-0.02227623806701795,-0.13251928041216177,UP,False,15,14.0,IGNORE,NONE,,RED,C,NO_DEPLOY,No standout factor,Consumer Services,29.2
VTL,547.0,566.25,570.25,545.2,True,False,False,False,False,False,0.1051811669401024,8.909536,0.09583776803979754,False,-0.11977291164052,False,46.66,True,1.0632576793364323,58.0,0.23,0,False,▅▅▆▆▆▅▅▅▆█▁▃▄▄▅▆▅▆▅▅,False,False,False,0,-0.08665887460343957,-0.15200372064181067,-0.04986338271265167,-0.13496239750563876,UP,False,15,14.0,IGNORE,NONE,,RED,C,NO_DEPLOY,No standout factor,Process Industries,22.6
CROMPTON,226.15,231.0,231.6,226.11,True,False,False,False,False,False,0.36929878747392414,33.73556441,0.34893947349829146,False,-0.17930968875615574,False,42.16,False,0.8956206783009547,30.0,-0.58,0,True,▂▄▃▆▅▄▆█▁▆▂▃▄▂▃▂▅▅▂▂,False,False,False,0,-0.07618464052287588,-0.15772811918063312,-0.03938914863208798,-0.14068679604446122,UP,False,14,14.0,IGNORE,NONE,,RED,C,NO_DEPLOY,No standout factor,Producer Manufacturing,24.3
SAMMAANCAP,141.96,148.0,148.3,141.21,True,False,False,False,False,False,0.7126478877208474,73.30831435200001,0.6683467128568265,False,-0.20305848697891912,False,48.99,True,1.0572886879390533,75.0,0.61,0,False,▁▁▆▅▄▆▅▆▆▅▃▄▅▅▅▅█▃▅▅,False,False,False,0,-0.05504892498169467,-0.1597514057413435,-0.018253433090906768,-0.1427100826051716,UP,False,13,14.0,IGNORE,NONE,,RED,C,NO_DEPLOY,No standout factor,Finance,28.2
TARIL,277.95,289.85,290.65,276.6,True,False,False,False,False,False,0.660049243167425,32.44221282,0.6028259011821033,False,-0.3636945717152027,False,47.75,True,1.1323484075979986,83.0,0.89,0,False,▆▇█▃▃▄▆▄▅▁▄▆▅▅▆▇▆█▆▆,False,False,False,0,-0.06571428571428573,-0.16756513926325245,-0.028918793823497824,-0.15052381612708055,UP,False,12,14.0,IGNORE,NONE,,RED,C,NO_DEPLOY,No standout factor,Producer Manufacturing,24.3
CMSINFO,222.91,224.98,236.9,220.99,True,False,False,False,False,False,1.4625808662552313,31.423132298000002,1.345687313100542,False,-0.1803769043323933,False,55.37,False,0.8945650769031924,28.0,-0.53,0,True,▃▃▃▅▄▁▃█▆▅▃▁▃▃▅▅▂▄▂▂,False,False,False,0,-0.10657314629258519,-0.16481828400149867,-0.06977765440179728,-0.14777696086532677,UP,False,12,14.0,IGNORE,NONE,,RED,C,NO_DEPLOY,No standout factor,Finance,28.2
INDIASHLTR,647.25,653.0,663.0,640.5,True,False,False,False,False,False,1.126464764077114,6.412111575,1.1008738322469682,False,-0.015029344473133293,False,59.94,False,0.9710578114748122,56.0,0.12,0,True,▄▅▅▂▇▆▄█▃▆▄▁▂▅▅▆▆▅▄▄,False,False,False,0,-0.03258351393767278,-0.16800565589048144,0.00421197795311512,-0.15096433275430954,UP,False,12,14.0,IGNORE,NONE,,RED,C,NO_DEPLOY,No standout factor,Finance,28.2
LUPIN,2063.2,2095.0,2099.5,2049.5,True,False,False,False,False,False,0.8423006605843074,123.69936231999998,0.8040499687576359,False,-0.1552368501430165,False,59.84,True,1.0348465196714225,58.0,0.29,0,False,▆▆▄▅▅▄▅▂▄█▁▅▅▅▃▄▄▄▅▅,False,False,False,0,-0.0866755201416557,-0.1719377107079788,-0.04988002825086779,-0.1548963875718069,UP,False,11,14.0,IGNORE,NONE,,RED,C,NO_DEPLOY,No standout factor,Health Technology,30.5
DELTACORP,53.79,54.14,54.53,52.82,True,False,False,False,False,False,1.1424688436948858,5.287793676,1.055831424036199,False,-0.2490492728698459,False,48.14,True,1.0189761554499561,61.0,0.39,0,False,▅▅▅▇▆▃▄▆▅▆▁▇▇▅▅▆▇█▆▆,False,False,False,0,-0.11398451655410968,-0.16926640926640923,-0.07718902466332178,-0.15222508613023733,UP,False,11,14.0,IGNORE,NONE,,RED,C,NO_DEPLOY,No standout factor,Consumer Services,29.2
SAIPARENT,503.0,520.3,520.85,503.0,True,False,False,True,False,False,0.6940450790906091,3.7551968,0.6598064025537004,False,-0.3712367816171036,False,55.46,False,0.992261931386143,51.0,-0.02,0,True,▆▆▇██▆▁▃▄▅▅▆▆▆▆▅▅▄▅▅,False,False,False,0,-0.08295350957155878,-0.1752746351860961,-0.04615801768077088,-0.1582333120499242,UP,False,10,14.0,IGNORE,NONE,,RED,C,NO_DEPLOY,No standout factor,Health Technology,30.5
AIAENG,3899.3,4113.5,4140.0,3886.0,True,False,False,False,False,False,1.1473285759581624,17.14327245,1.0495817623627566,False,-0.22463834773264374,False,48.96,False,0.9112312602946241,31.0,-0.43,0,True,▃▄▁▂▄▃▅▄▃▃▄▅▃█▂▄▃▃▃▃,False,False,False,0,-0.12327997122043355,-0.18021654577945967,-0.08648447932964565,-0.16317522264328777,UP,False,9,14.0,IGNORE,NONE,,RED,C,NO_DEPLOY,No standout factor,Producer Manufacturing,24.3
SOBHA,1192.7,1226.6,1240.9,1181.2,True,False,False,False,False,False,1.4237954035741123,13.209033230000001,1.3466876424611633,False,-0.2437527820798379,False,39.59,False,0.816878159496544,43.0,-0.16,0,True,▃▄▂▃▂▂▂▃▃▃▃▃▂▃▁▁▄█▁▁,False,False,False,0,-0.08835893908125036,-0.17982395819007013,-0.051563447190462464,-0.16278263505389823,UP,False,9,14.0,IGNORE,NONE,,RED,C,NO_DEPLOY,No standout factor,Finance,28.2
SATIN,214.88,217.15,217.63,212.0,True,False,False,True,False,False,0.7892830615904889,3.412552256,0.7654689890481426,False,-0.12679503233033323,False,53.62,False,0.9856074113559914,46.0,-0.14,0,True,▆▆▅▄▄▇▂▁▄▄▅▄▄▅▆▄▆█▅▅,False,False,False,0,-0.06079811180558592,-0.18386569941889175,-0.024002619914798018,-0.16682437628271984,UP,False,9,14.0,IGNORE,NONE,,RED,C,NO_DEPLOY,No standout factor,Finance,28.2
GODREJPROP,1659.3,1754.0,1759.7,1657.4,True,False,False,False,False,False,1.63501270166639,177.68199225,1.399798792171349,False,-0.12656211083347182,False,29.45,False,0.6932184638561307,9.0,-1.5,0,False,▁▁▅▇▆▆▅█▅▆▃▆▆▃▃▃▆█▁▁,False,False,False,0,-0.16927005106638637,-0.18785179384269002,-0.13247455917559847,-0.1708104707065181,UP,False,8,14.0,IGNORE,DISTRIBUTION,,RED,C,NO_DEPLOY,No standout factor,Finance,28.2
AVANTIFEED,771.95,798.5,805.7,769.35,True,False,False,False,False,False,1.0017778834698658,21.820170285000003,0.9346506241789921,False,-0.2527440982894399,False,44.57,True,1.0710852638661923,88.0,1.11,0,False,▅▆▅▅▆▇▇▆▆▆▃▇▅▆█▁▇▅▆▆,False,False,False,0,-0.10875714368181022,-0.19014897188417956,-0.07196165179102232,-0.17310764874800766,UP,False,8,14.0,IGNORE,SEED,,RED,C,NO_DEPLOY,No standout factor,Process Industries,22.6
CIEINDIA,375.0,382.75,382.75,368.0,True,False,False,False,False,False,0.904168307138054,7.7851875,0.8642770264171591,False,-0.36024491483075993,False,56.87,False,0.9418759678367659,63.0,0.36,0,True,▁▇█▅▃▄▄▅▄▂▃▄▁▅▄▅▅▄▃▃,False,False,False,0,-0.08469611911154495,-0.1963998714239794,-0.04790062722075705,-0.1793585482878075,UP,False,7,14.0,IGNORE,NONE,,RED,C,NO_DEPLOY,No standout factor,Producer Manufacturing,24.3
BBL,2180.1,2246.5,2275.5,2166.6,True,False,False,False,False,False,1.360474675121248,6.29591079,1.2795089107420503,False,-0.23906891173244146,False,57.54,False,0.9994441742513721,73.0,0.51,0,True,▄▄▆▆▁▂▂▂▆▄▄▆██▅▄▃▁▄▄,False,False,False,0,-0.06825369689717076,-0.19473275957596137,-0.031458205006382856,-0.17769143643978946,UP,False,7,14.0,IGNORE,NONE,,RED,C,NO_DEPLOY,No standout factor,Producer Manufacturing,24.3
ICICIGI,1427.7,1460.0,1463.0,1423.1,True,False,False,False,False,False,1.064422988530428,135.8856306,0.9686542608952258,False,-0.27210737206534397,False,59.04,False,0.9427168576104746,41.0,-0.11,0,True,▆▃▂▇▃▆▅▄▄█▂▁▃▇▁▂▅▃▂▂,False,False,False,0,-0.12076610420002454,-0.2043136599230897,-0.08397061230923664,-0.1872723367869178,UP,False,6,14.0,IGNORE,NONE,,RED,C,NO_DEPLOY,No standout factor,Finance,28.2
TRANSRAILL,404.9,415.5,418.5,402.0,True,False,False,False,False,False,0.9204100402548423,14.903316259999999,0.8491769887054702,False,-0.5349765619877109,False,50.1,False,0.9338826029414505,79.0,0.78,0,True,█▄▄▆▃▅▆▆▆█▃▄▄▃▁▃▂▅▃▃,False,False,False,0,-0.11786492374727675,-0.20003951397806974,-0.08106943185648885,-0.18299819084189783,UP,False,6,14.0,IGNORE,NONE,,RED,C,NO_DEPLOY,No standout factor,Industrial Services,34.0
DCXINDIA,161.62,167.6,168.7,160.0,True,False,False,False,False,False,1.060728871711049,6.953183316,0.9853620898037234,False,-0.24829140856360818,False,48.38,True,1.1289758009940962,83.0,0.87,0,False,▁▅▇▄▆▇▄▂▇▆▅▆▇█▆▅▆█▇▇,False,False,False,0,-0.09769986601161229,-0.20301790029094136,-0.06090437412082439,-0.18597657715476945,UP,False,6,14.0,IGNORE,NONE,,RED,C,NO_DEPLOY,No standout factor,Producer Manufacturing,24.3
CAPACITE,189.57,191.0,196.53,187.75,True,False,False,False,False,False,0.7374345099980787,6.053747337,0.6570886356558536,False,-0.25985479231268876,False,55.42,True,1.0741767294012754,72.0,0.53,0,False,▇▆▄▅▃▂▄▁▂▃▆▄█▃▆▅▄▇▆▆,False,False,False,0,-0.09344364210224299,-0.2116032439176544,-0.056648150211455084,-0.1945619207814825,UP,False,5,14.0,IGNORE,NONE,,RED,C,NO_DEPLOY,No standout factor,Industrial Services,34.0
EUROPRATIK,240.5,249.4,250.05,238.0,True,False,False,False,False,False,1.2631186576099949,5.56620415,1.1678604285138352,False,-0.25266008836342085,False,25.71,True,1.1032204080756935,31.0,-0.61,0,False,██▆▆▃▆▄▂▁▅▂▃▄▄▃▁▂▄▄▄,False,False,False,0,-0.12322274881516593,-0.21405228758169936,-0.08642725692437803,-0.19701096444552746,UP,False,5,14.0,IGNORE,NONE,,RED,C,NO_DEPLOY,No standout factor,Producer Manufacturing,24.3
POKARNA,758.25,804.15,808.9,750.1,True,False,False,False,False,False,0.7745427384215797,7.792004475,0.727044374795503,False,-0.5101046131749072,False,42.66,False,0.838888561146835,48.0,-0.01,0,True,▆▅▆▅▅▄▄▇▄▄▇▅▅█▇█▇▁▄▄,False,False,False,0,-0.1791165962974992,-0.23393614871691248,-0.1423211044067113,-0.21689482558074058,UP,False,4,14.0,IGNORE,NONE,,RED,C,NO_DEPLOY,No standout factor,Producer Manufacturing,24.3
POCL,435.3,455.0,459.55,432.1,True,False,False,False,False,False,1.3068410844109692,19.28518296,1.1663400478141974,False,-0.2962936118606719,False,51.23,True,1.0201318226169378,84.0,0.91,0,False,▄▄▂▃▃▁▄▃▁▄▅▁▅▂▄▁█▂▃▃,False,False,False,0,-0.13087750823599886,-0.6953600671845476,-0.09408201634521096,-0.6783187440483757,UP,False,0,14.0,IGNORE,NONE,,RED,C,NO_DEPLOY,No standout factor,Non-Energy Minerals,28.3
ARIS,120.63,125.25,127.26,119.15,True,False,False,False,False,False,0.6618263201681671,15.960470859,0.5775312964730859,False,-0.09220198878420234,False,33.9,False,0.8356751959769264,15.0,-1.02,0,False,▆▅▅▅▇▅▅▇▆█▅▅▆▆▆▄▆▁▄▄,False,False,False,7,-0.11281900419210122,0.07666904676901098,-0.07602351230131332,0.09371036990518289,FLAT,True,73,13.0,IGNORE,NONE,,RED,C,NO_DEPLOY,No standout factor,Technology Services,21.0
ALICON,697.2,739.45,739.95,690.0,True,False,True,False,False,False,0.33385175124385114,0.8268792000000001,0.3217265788874974,False,-0.002374871866639316,False,57.01,True,1.030912921221327,62.0,0.23,0,False,▁▆▇▅▆▇▅▇▅▇▆▃█▄▆▅▃▄▅▅,False,False,False,0,-0.07893520047559288,0.07096774193548394,-0.04213970858480498,0.08800906507165585,FLAT,True,71,13.0,IGNORE,NONE,,RED,C,NO_DEPLOY,No standout factor,Producer Manufacturing,24.3
ZFCVINDIA,2511.5,2560.0,2560.0,2495.5,True,False,False,False,False,False,0.8326662524632217,19.6062759,0.8092397568733699,False,-0.18333643149982057,False,58.39,False,0.991223453918889,59.0,0.19,0,True,▅▃▂▅▅█▄▄▄▃▂▂▅▃▄▁▆▃▄▄,False,False,False,0,-0.060313540614359895,0.055385132579736984,-0.023518048723571994,0.07242645571590889,FLAT,True,69,13.0,IGNORE,NONE,,RED,C,NO_DEPLOY,No standout factor,Producer Manufacturing,24.3
GALAXYSURF,2127.3,2187.2,2198.9,2100.0,True,False,False,True,False,False,0.5084734361476473,4.824078210000001,0.4704329025408021,False,-0.2199811377101735,False,53.38,True,1.172709997034173,39.0,-0.25,0,False,▃▁▂▆▆▄▇▇▅▇▆█▅▆█▄▇▃▇▇,False,False,False,0,-0.1275836614173228,0.05332739156268573,-0.0907881695265349,0.07036871469885764,FLAT,True,69,13.0,IGNORE,NONE,,RED,C,NO_DEPLOY,No standout factor,Consumer Non-Durables,28.4
SWIGGY,275.0,278.2,282.0,275.0,True,False,False,False,False,False,0.5392329750709295,363.9245775,0.5357590856426343,False,-0.08668971515806054,False,45.42,False,0.9668767029972752,49.0,0.01,0,True,▂▃▂▂▃▁▃▃▃▅▃▂▅█▄▅▃▃▃▃,False,False,False,0,0.0036496350364962904,0.0327862695759944,0.04044512692728419,0.0498275927121663,FLAT,True,64,13.0,IGNORE,NONE,,RED,C,NO_DEPLOY,No standout factor,Transportation,28.8
NATIONALUM,350.55,359.6,360.35,350.25,True,False,False,False,False,False,0.7494321213078541,127.55715246000001,0.6889622064914924,False,-0.1437734931087223,False,36.71,False,0.8351913363971425,33.0,-0.45,0,True,▃▂▃▂▃▁▃▄▃█▆▅▄▆▅▂▃▄▂▂,False,False,False,0,-0.09652061855670102,0.02335425485330611,-0.05972512666591312,0.040395577989478015,FLAT,True,62,13.0,IGNORE,NONE,,RED,C,NO_DEPLOY,No standout factor,Non-Energy Minerals,28.3
ALLDIGI,799.5,795.0,806.95,795.0,False,False,False,False,False,False,0.5110122885035392,0.23289435,0.5068108858686108,False,-0.16285179235082878,False,74.72,True,1.0687645270874309,79.0,0.86,0,False,▇▇▃▅▇▆▆▄▁▆▆▇▆▄▆█▇▆▇▇,False,False,False,0,-0.018717397974838956,-0.016484192397588804,0.018078093915948945,0.0005571307385831004,UP,True,52,13.0,IGNORE,NONE,,RED,C,NO_DEPLOY,No standout factor,Commercial Services,28.1
PRAJIND,318.0,321.05,322.8,316.25,True,False,False,False,False,False,0.5858513994905624,16.0494282,0.5404253445627721,False,-0.061895647412795025,True,39.12,False,0.9730012063026202,46.0,0.02,0,False,▁▆▂▄▂▄▄█▅▃▄▄▄▇▂▅▆▆▄▄,False,False,False,0,-0.054977711738484425,-0.11911357340720219,-0.018182219847696524,-0.10207225027103028,UP,False,22,13.0,IGNORE,NONE,,RED,C,NO_DEPLOY,No standout factor,Industrial Services,34.0
POLYCAB,8264.0,8319.0,8319.0,8118.0,True,False,False,False,False,False,0.9880919882696778,319.6118528,0.9318514730680811,False,-0.03369987060722443,True,47.89,False,0.9495578379664511,41.0,-0.24,0,False,▂▁▅▅▃▃▂▁█▇▅▂▃▂▄▃▂▇▂▂,False,False,False,0,-0.10562770562770563,-0.13452374718542182,-0.06883221373691772,-0.11748242404924991,UP,False,18,13.0,IGNORE,NONE,,RED,C,NO_DEPLOY,No standout factor,Producer Manufacturing,24.3
GRMOVER,82.7,84.5,85.9,82.0,True,False,False,False,False,False,0.9053683729630283,8.47646055,0.8564593811324243,False,-0.05717518751376778,True,21.08,False,0.86949348292361,25.0,-0.73,0,False,▅▇█▄▆▄▃▅▄▆█▆▁▃▃▅▄▃▄▄,False,False,False,0,-0.054965146840361134,-0.17250350210126075,-0.018169654949573233,-0.15546217896508885,UP,False,11,13.0,IGNORE,NONE,,RED,C,NO_DEPLOY,No standout factor,Process Industries,22.6
ELECON,413.5,422.6,423.45,412.2,True,False,False,False,False,False,0.2566744651939873,7.0710981,0.24474990449042883,False,-0.11607499094906129,True,40.54,False,0.9598446822615777,35.0,-0.25,0,False,▆▇▅▆▆▆▆▆▆█▅▆▁▄▆▆▅▅▅▅,False,False,False,0,-0.047125244843876035,-0.1880216003927344,-0.010329752953088134,-0.1709802772565625,UP,False,8,13.0,IGNORE,NONE,,RED,C,NO_DEPLOY,No standout factor,Producer Manufacturing,24.3
TECHM,1503.0,1531.0,1531.0,1498.0,True,False,False,False,False,False,0.5904137465487498,188.2662309,0.5516555220553094,False,-0.05866386398282758,True,43.57,False,0.7659043366674284,18.0,-0.94,0,False,█▆▅▆▇▆▇▅▄█▇▄▆▆▆▆▃▁▃▃,False,False,False,0,-0.07507692307692304,0.13203283874369198,-0.03828143118613514,0.1490741618798639,FLAT,True,80,12.0,IGNORE,NONE,,RED,C,NO_DEPLOY,No standout factor,Technology Services,21.0
BHARTIHEXA,1505.5,1546.1,1546.1,1502.0,True,False,False,False,False,False,0.7023638232271325,7.2020109,0.6777288475772593,False,-0.09577736821239476,True,47.71,False,0.9005030057661636,26.0,-0.65,0,False,▂▁▃▅▅▄█▅▃▂▂▄▂▄▄▅▂█▃▃,False,False,False,0,-0.05929767558110477,0.0034659734719721946,-0.022502183690316868,0.0205072966081441,FLAT,True,57,12.0,IGNORE,NONE,,RED,C,NO_DEPLOY,No standout factor,Communications,33.3
PUNJABCHEM,1041.2,1069.0,1079.9,1030.0,True,False,False,False,False,False,1.063758799782021,0.9959078,0.9892478299526593,False,-0.39365692172057254,False,61.34,True,1.0747168224544683,77.0,0.64,0,True,▆█▇▇██▁▇▆▇▇▇▅▇▇▆▅▆▇▇,False,False,False,0,-0.0815102328863796,-0.024088480644859023,-0.044714740995591695,-0.0070471575086871185,FLAT,False,50,12.0,IGNORE,NONE,,RED,C,NO_DEPLOY,No standout factor,Process Industries,22.6
ORIENTELEC,169.17,174.0,174.95,168.54,True,False,False,False,False,False,1.1047974450530114,2.3499235529999996,1.0381035702244579,False,-0.08423171214289839,False,59.87,True,1.1014119486731362,84.0,0.75,0,True,▅▄▁▁▃▃▂▃▃▃▅▃▆▅▆▅██▆▆,False,False,False,0,-0.08169579850179143,-0.03314853974967147,-0.044900306611003526,-0.016107216613499564,FLAT,False,48,12.0,IGNORE,NONE,,RED,C,NO_DEPLOY,No standout factor,Consumer Durables,20.7
IZMO,896.05,912.15,940.0,891.05,True,False,False,True,False,False,1.2524505608461178,16.35775117,1.2342993258515211,False,-0.046922237756883985,False,36.11,False,0.8167465846376548,18.0,-0.77,0,False,██▇█▅▄▆█▄▆▃▁▄▅▃▄▅▅▄▄,False,False,False,0,-0.008684589003208343,-0.06622551062942905,0.02811090288757956,-0.04918418749325715,UP,False,40,12.0,IGNORE,NONE,,RED,C,NO_DEPLOY,No standout factor,Technology Services,21.0
DIAMONDYD,1107.4,1114.5,1150.0,1076.3,True,False,False,True,False,True,0.7827267997863195,1.24128466,0.7500733131248046,False,-0.060863828276700734,False,55.06,False,0.9296985149476137,36.0,-0.43,0,False,▃▃▆▅▅▅▁█▃▁▁▂▇▅▃▁▅▄▃▃,False,False,False,0,-0.07237393198190645,-0.09607378989470228,-0.035578440091118546,-0.07903246675853037,UP,False,30,12.0,IGNORE,NONE,,RED,C,NO_DEPLOY,No standout factor,Consumer Non-Durables,28.4
VIYASH,246.9,258.45,258.45,245.4,True,False,False,True,False,False,0.34515310644918956,81.17284389,0.32202559420146104,False,-0.1386275298754733,False,51.3,False,0.9836254170341681,40.0,-0.13,0,False,▇▁▆▆▂▃▃▇▆▄▆▆▅▆██▆▆▅▅,False,False,False,0,-0.031574818591880716,-0.11473646468268184,0.005220673298907186,-0.09769514154650993,UP,False,24,12.0,IGNORE,NONE,,RED,C,NO_DEPLOY,No standout factor,Health Technology,30.5
KERNEX,1656.3,1738.0,1750.0,1650.0,True,False,False,True,False,False,0.385380472308747,20.65190781,0.35025272979367356,False,-0.16723622250670925,False,39.14,False,0.9387554414956768,27.0,-0.57,0,False,▁▅▅▃▄▆▅▇▅██▃▆▁▅▆▇▄▄▄,False,False,False,0,-0.12908823220107268,-0.2437676924481782,-0.09229274031028478,-0.2267263693120063,UP,False,3,12.0,IGNORE,NONE,,RED,C,NO_DEPLOY,No standout factor,Electronic Technology,25.8
JSFB,488.65,517.5,527.7,486.95,True,False,False,True,False,False,0.3485047148348663,16.82539226,0.30344197302074827,False,-0.15658629105640964,False,35.04,False,0.7486379660292704,4.0,-1.9,0,False,▆▅▄▅▃▂▅▇▅▄█▃▅▄▆▃▅▆▁▁,False,False,False,2,-0.15017391304347827,0.083240966526269,-0.11337842115269037,0.1002822896624409,FLAT,True,74,11.0,IGNORE,NONE,,RED,C,NO_DEPLOY,No standout factor,Finance,28.2
ONGC,235.62,237.8,239.27,235.41,True,False,False,False,False,False,1.0822148613701157,276.538640994,1.0788627827386759,False,-0.1988415976416958,False,35.06,False,0.6227685311828339,3.0,-2.03,0,False,▄▅▄▇▆█▄▆▆▆▆▃▄▆▅▃▆▃▁▁,False,False,False,0,-0.014348462664714567,0.002680965147453085,0.022447029226073334,0.01972228828362499,UP,True,57,11.0,IGNORE,NONE,,RED,C,NO_DEPLOY,No standout factor,Energy Minerals,25.9
SKFINDIA,1508.5,1518.6,1528.5,1502.1,True,False,False,False,False,False,0.5022184683480697,3.54301395,0.479153938347865,False,-0.34674474115103937,True,52.87,False,0.9025572740619345,42.0,-0.2,0,True,▃▃▃▁▃▅▃▃█▄▄▃▃▇▄▅▃▄▃▃,False,False,False,0,-0.06963118292833359,-0.04627931971928945,-0.03283569103754569,-0.029237996583117543,FLAT,False,45,11.0,IGNORE,NONE,,RED,C,NO_DEPLOY,No standout factor,Producer Manufacturing,24.3
WIPRO,167.2,168.7,169.15,166.37,True,False,False,False,False,False,1.407724594273854,189.67537511999998,1.3110536730886302,False,-0.2357877537550856,False,45.78,True,1.0069727030772277,35.0,-0.41,0,False,▃▂▃▄▁▆▆▄▂█▃▅▄▄▅▅▅▃▄▄,False,False,False,0,-0.09100793737088186,-0.017222124257920468,-0.05421244548009396,-0.0001808011217485639,FLAT,False,52,10.0,IGNORE,NONE,,RED,C,NO_DEPLOY,No standout factor,Technology Services,21.0
CANBK,124.1,124.42,125.38,124.04,True,False,False,False,False,False,0.7514699989448523,112.56496705,0.7262360190878837,False,-0.08983367712566982,False,44.87,False,0.9520374279924889,44.0,-0.14,0,True,▄▅▆▇▆▄▆▅▆█▂▅▅██▇▆▁▅▅,False,False,False,0,-0.05984848484848493,-0.01726322458029783,-0.023052992957697027,-0.00022190144412592705,FLAT,False,51,10.0,IGNORE,NONE,,RED,C,NO_DEPLOY,No standout factor,Finance,28.2
BRITANNIA,5075.5,5064.0,5113.0,5023.0,False,False,False,False,False,False,0.6640165892670052,92.96438065,0.632641342593206,False,-0.2529416912162562,False,51.29,False,0.9318000145338274,17.0,-0.99,0,True,▇▄▃▂▃▇▂▃▇█▁▄▃▇▃▇▂▃▃▃,False,False,False,1,-0.10096537064918965,-0.03544279741543144,-0.06416987875840174,-0.018401474279259533,FLAT,False,48,10.0,IGNORE,NONE,,RED,C,NO_DEPLOY,No standout factor,Consumer Non-Durables,28.4
BAJAJHCARE,320.9,334.05,334.1,318.6,True,False,False,False,False,False,0.8472144494309128,3.0507962999999996,0.8299114862071567,False,-0.1833930550106416,False,48.26,False,0.983182406209573,68.0,0.59,0,True,▄▇█▄▅▅▅▃▄▁▆▃▅▄▂▆█▄▄▄,False,False,False,0,-0.004189294026377133,-0.032121851907706334,0.03260619786441077,-0.01508052877153443,UP,False,48,10.0,IGNORE,NONE,,RED,C,NO_DEPLOY,No standout factor,Health Technology,30.5
SIGNATURE,751.15,764.9,777.85,748.55,True,False,False,False,False,False,0.9035209076112916,13.456176215000001,0.8649781759442082,False,-0.1672763177032784,False,9.67,True,1.1815016189138006,34.0,-0.51,0,False,▂▃▁▄▄▃█▃▁▃▁▁▆▄▂▃▂▃▄▄,False,False,False,0,-0.06217616580310892,-0.039634341238892756,-0.025380673912321017,-0.022593018102720852,FLAT,False,47,10.0,IGNORE,NONE,,RED,C,NO_DEPLOY,No standout factor,Finance,28.2
COHANCE,423.6,440.1,443.15,421.35,True,False,False,False,False,False,0.3290428913477337,16.26043668,0.3031747560714162,False,-0.05440976192208123,False,45.33,True,1.0419132773263764,48.0,0.02,0,False,▂▅▁▄▄▅▃▄▅▅▂▄▆▅▃███▅▅,False,False,False,1,-0.06942003514938477,-0.04238724991522547,-0.03262454325859687,-0.025345926779053563,FLAT,False,46,10.0,IGNORE,NONE,,RED,C,NO_DEPLOY,No standout factor,Health Technology,30.5
BAYERCROP,3941.1,3998.9,3999.0,3930.0,True,False,False,False,False,False,0.6208001911379678,3.68650494,0.6084228536051126,False,-0.09310961310945433,False,59.87,False,0.9951298971128435,67.0,0.31,0,True,▃▃▃▃▅▁▃▄▅▅▂▆▂█▄█▃▃▄▄,False,False,False,0,-0.040090605743234975,-0.04395604395604402,-0.0032951138524470736,-0.026914720819872118,UP,False,46,10.0,IGNORE,NONE,,RED,C,NO_DEPLOY,No standout factor,Process Industries,22.6
DREDGECORP,994.0,1047.0,1047.0,985.1,True,False,False,False,False,False,0.6922432361100088,7.4562922,0.6214014258251436,False,-0.22988850907360084,False,45.13,True,1.0951756940399924,85.0,1.06,0,False,▃▅▇▄▇▅▃▆▆▁▄▅▆▁▆▇▆█▆▆,False,False,False,0,-0.14369400413507927,-0.054414003044140125,-0.10689851224429137,-0.03737267990796822,FLAT,False,43,10.0,IGNORE,SEED,,RED,C,NO_DEPLOY,No standout factor,Transportation,28.8
BALKRISIND,2129.0,2164.6,2176.3,2117.1,True,False,False,False,False,False,0.2186388320369691,35.347787,0.2034741520522842,False,-0.3161795753852368,False,48.29,False,0.8594285307491747,27.0,-0.66,0,True,▄▃▄▄▃▅▆▆█▆▅▁▃▃▄▄▅▅▃▃,False,False,False,0,-0.10422013716497658,-0.05587583148558761,-0.06742464527418868,-0.03883450834941571,FLAT,False,42,10.0,IGNORE,NONE,,RED,C,NO_DEPLOY,No standout factor,Consumer Durables,20.7
BLKASHYAP,51.5,54.08,54.79,51.0,True,False,False,False,False,False,0.7423155372021342,3.49722595,0.6777311358967947,False,-0.18771910191006225,False,64.67,True,1.1652462206526244,76.0,0.74,0,False,▅▄▅▃█▄▁▃▁▁▃▃▄▂▃▃▃▃▅▅,False,False,False,0,-0.016424751718869368,-0.0571219333577444,0.020370740171918533,-0.0400806102215725,UP,False,42,10.0,IGNORE,NONE,,RED,C,NO_DEPLOY,No standout factor,Industrial Services,34.0
MOLDTKPAC,652.1,670.7,677.45,650.25,True,False,False,False,False,False,0.6582729093380137,3.46799822,0.6115167448676683,False,-0.162343848350804,False,51.7,False,0.9806432033080111,35.0,-0.34,0,True,▆▇▇▂██▁▆▇▅█▇▆▇▇▅▇▇▆▆,False,False,False,0,-0.039121785898474815,-0.061861602647101166,-0.002326294007686913,-0.04482027951092926,UP,False,41,10.0,IGNORE,NONE,,RED,C,NO_DEPLOY,No standout factor,Producer Manufacturing,24.3
DOLATALGO,68.25,69.82,69.82,68.01,True,False,False,False,False,False,0.6686439022114126,0.8606598,0.6220573555088593,False,-0.1965343689970351,False,59.45,True,1.0372231381888288,83.0,0.88,0,False,█▅▄▂▁▄▇█▆▃▄▁▇▁▆▅▃▁▅▅,False,False,False,1,-0.04062412145066063,-0.061855670103092786,-0.0038286295598727316,-0.04481434696692088,UP,False,41,10.0,IGNORE,NONE,,RED,C,NO_DEPLOY,No standout factor,Finance,28.2
SBILIFE,1678.0,1703.6,1703.6,1676.0,True,False,False,False,False,False,1.113330816783552,165.2725964,1.0566995098022527,False,-0.2712416508817208,False,56.15,False,0.9182338511856092,31.0,-0.49,0,True,▅▄▅▆▁▆▆▅▅█▃▆▄▂▃▁▆▆▃▃,False,False,False,0,-0.08306010928961749,-0.0630409291417724,-0.04626461739882959,-0.04599960600560049,FLAT,False,40,10.0,IGNORE,NONE,,RED,C,NO_DEPLOY,No standout factor,Finance,28.2
EIDPARRY,702.75,721.0,721.0,700.05,True,False,False,False,False,False,0.4040362013240977,23.88492645,0.3539435292402883,False,-0.13976585419244697,False,50.21,True,1.1874748716978454,38.0,-0.28,0,False,█▅▅▆▁▅▅▅▃▇▇▇▇▇▆▇▆▇██,False,False,False,1,-0.0997309761721753,-0.06349946695095943,-0.0629354842813874,-0.04645814381478752,FLAT,False,40,10.0,IGNORE,NONE,,RED,C,NO_DEPLOY,No standout factor,Process Industries,22.6
BATAINDIA,640.15,649.9,656.9,637.5,True,False,False,False,False,False,0.8718644772521241,11.168184929999999,0.7964172536676575,False,-0.3295964212641348,False,46.85,True,1.035507863007946,49.0,-0.01,0,False,█▁▃▆▆▃▅▄▇▅▂▄▁▇▇▇▇▅▅▅,False,False,False,0,-0.14998008232638438,-0.06588355464759954,-0.11318459043559648,-0.048842231511427636,FLAT,False,40,10.0,IGNORE,NONE,,RED,C,NO_DEPLOY,No standout factor,Consumer Non-Durables,28.4
GRINFRA,838.15,855.8,857.5,832.0,True,False,False,False,False,False,0.5860992907801419,0.9523898449999999,0.5598351959516558,False,-0.1400114509589175,False,55.76,True,1.1364748084135008,65.0,0.35,0,False,▆▆▆▆▆█▅▇█▂▇▄▂▆▅▇▃▁▇▇,False,False,False,0,-0.035278545119705296,-0.06524284838008143,0.0015169467710826057,-0.048201525243909527,UP,False,40,10.0,IGNORE,NONE,,RED,C,NO_DEPLOY,No standout factor,Industrial Services,34.0
HAPPSTMNDS,325.6,336.05,343.7,324.1,True,False,False,False,False,False,0.40487908621875673,38.01601408,0.33710061325255386,False,-0.3293263130652067,False,31.48,False,0.8723362983900018,21.0,-0.67,0,False,█▅▅▄▆█▅▅▃▄▂▁▃▅▇▄▆█▃▃,False,False,False,3,-0.22466960352422904,-0.06838340486409145,-0.18787411163344114,-0.05134208172791954,FLAT,False,39,10.0,IGNORE,NONE,,RED,C,NO_DEPLOY,No standout factor,Technology Services,21.0
MAPMYINDIA,887.8,927.0,944.6,885.1,True,False,False,False,False,False,0.9480793239002315,15.7664402,0.8518332212863409,False,-0.14211380576153235,False,39.21,False,0.9753973979452226,35.0,-0.24,0,True,▅███▆█▁▆█▃▇▆▇▇▇▆▇▆▆▆,False,False,False,0,-0.12324708670748574,-0.07109599790740262,-0.08645159481669784,-0.054054674771230715,FLAT,False,38,10.0,IGNORE,NONE,,RED,C,NO_DEPLOY,No standout factor,Commercial Services,28.1
PILANIINVS,4081.8,4200.0,4235.0,4059.9,True,False,False,False,False,False,1.1762737787974382,1.0045309800000002,1.1348937812542348,False,-0.315738216846448,False,66.85,True,1.0783997418938538,76.0,0.66,0,False,▆██▁▇▇▇▇▂▄▄▂▇▆▇▃▁▃▇▇,False,False,False,0,-0.06929338532047324,-0.06929338532047324,-0.03249789342968534,-0.05225206218430134,UP,False,38,10.0,IGNORE,NONE,,RED,C,NO_DEPLOY,No standout factor,Finance,28.2
RPSGVENT,829.35,831.8,869.9,826.05,True,False,False,False,False,False,1.437630095765325,3.2133995100000003,1.3989616101380755,False,-0.2377022972306844,False,55.49,False,0.8618266251465758,46.0,0.12,0,True,██▅▆▇▄▅▇▅▇▆▆█▄▅▃▁▇▄▄,False,False,False,0,-0.052442159383033427,-0.07153652392947096,-0.015646667492245525,-0.05449520079329906,UP,False,37,10.0,IGNORE,NONE,,RED,C,NO_DEPLOY,No standout factor,Finance,28.2
HGS,381.6,381.45,391.5,380.05,False,False,False,False,False,False,0.5982041361185563,0.32832864000000006,0.5756821729737095,False,-0.39109467282850335,False,61.59,False,0.9833238869951864,57.0,0.18,0,True,▆▆▇▅▅▆█▇▆▆▇▆▁▇▆▅▆▆▆▆,False,False,False,0,-0.0622926649465535,-0.07221006564551424,-0.0254971730557656,-0.05516874250934234,UP,False,37,10.0,IGNORE,NONE,,RED,C,NO_DEPLOY,No standout factor,Commercial Services,28.1
BLS,228.51,231.59,242.15,227.49,True,False,False,False,False,False,0.44648759953698963,28.609634808,0.4195179107878311,False,-0.3181384892695977,False,50.16,True,1.1852972104398785,88.0,1.06,0,False,▇▅▆█▁▁▆▆▆▆▆▇▇█▆▇▇▇██,False,False,False,0,-0.1465227459475611,-0.08173598553345396,-0.1097272540567732,-0.06469466239728205,FLAT,False,35,10.0,IGNORE,SEED,,RED,C,NO_DEPLOY,No standout factor,Technology Services,21.0
DAMCAPITAL,138.93,142.98,144.09,138.05,True,False,False,False,False,False,0.8190271076621771,2.996192166,0.776512682166779,False,-0.3058477192518534,False,50.64,True,1.0681966798152172,78.0,0.68,0,False,▄▅▆▆▅▁▃▃▆▅▆▃▄▄█▃▇▄▅▅,False,False,False,0,-0.055219313158789585,-0.08017743644067787,-0.018423821268001683,-0.06313611330450597,UP,False,35,10.0,IGNORE,NONE,,RED,C,NO_DEPLOY,No standout factor,Finance,28.2
JAIBALAJI,62.25,65.38,65.89,62.0,True,False,False,False,False,False,0.6842718281861727,4.1872338,0.6168275796279052,False,-0.032425444831445785,False,58.57,False,0.918104225285879,83.0,1.01,0,True,▇▄▇██▁▆▃▄▇▃▃▆▇▄▃▅█▄▄,False,False,False,1,-0.08212916543792381,-0.08670774647887325,-0.04533367354713591,-0.06966642334270134,UP,False,33,10.0,IGNORE,NONE,,RED,C,NO_DEPLOY,No standout factor,Non-Energy Minerals,28.3
HARIOMPIPE,351.6,355.95,358.95,348.5,True,False,False,False,False,False,0.747092743452657,2.2514706,0.7406838776565466,False,-0.07040739496319708,False,47.77,False,0.9869630792752218,63.0,0.31,0,True,▁▄▅▂▂▆▅▆▇▆▆▄▅▂▂▅▃█▄▄,False,False,False,0,-0.00382490437739047,-0.08663462787374976,0.03297058751339743,-0.06959330473757785,UP,False,33,10.0,IGNORE,NONE,,RED,C,NO_DEPLOY,No standout factor,Non-Energy Minerals,28.3
INDOSTAR,233.07,243.16,246.19,230.15,True,False,False,False,False,False,0.6472286281134259,2.200810089,0.5968932721383323,False,-0.15185553728913279,False,58.68,False,0.9195546396922282,65.0,0.4,0,True,▃▄█▄▅▇▇▄▆▆▃▅▆▅▃▃▆▁▄▄,False,False,False,0,-0.07291169451073987,-0.09364184328213099,-0.036116202619951965,-0.07660052014595908,UP,False,31,10.0,IGNORE,NONE,,RED,C,NO_DEPLOY,No standout factor,Finance,28.2
INSECTICID,594.8,609.7,618.0,591.05,True,False,False,False,False,False,0.28332462924521123,0.64214608,0.2822101423424086,False,-0.12051460159581356,False,52.47,False,0.9521044466017655,30.0,-0.45,0,True,▇▂█▆▇▆▆▅▃▄▃▄▁▇▆▅▄▆▅▅,False,False,False,0,-0.039870863599677286,-0.0926010678871092,-0.003075371708889385,-0.0755597447509373,UP,False,31,10.0,IGNORE,NONE,,RED,C,NO_DEPLOY,No standout factor,Process Industries,22.6
GOODYEAR,712.95,722.5,726.95,709.8,True,False,False,False,False,False,0.6436749348021846,0.19620384000000002,0.6154151312321754,False,-0.1401581921835701,False,65.54,False,0.9925565828430373,44.0,0.05,0,True,▃▂▄▆▃▅▅▁▁▅▄▄▅▄█▄▆▅▄▄,False,False,False,0,-0.06620825147347731,-0.09872953669173867,-0.029412759582689407,-0.08168821355556677,UP,False,30,10.0,IGNORE,NONE,,RED,C,NO_DEPLOY,No standout factor,Consumer Durables,20.7
DDEVPLSTIK,250.65,256.7,257.7,250.0,True,False,False,False,False,False,0.8371905706829699,1.933087995,0.7746547988559329,False,-0.24811313026084167,False,48.4,False,0.8149108480797401,24.0,-0.73,0,True,▄▁▃▃▅▂▇▅▅▅▄▅▇▇▅█▇▆▂▂,False,False,False,0,-0.08102658111824013,-0.10112963959117816,-0.044231089227452225,-0.08408831645500625,UP,False,29,10.0,IGNORE,NONE,,RED,C,NO_DEPLOY,No standout factor,Process Industries,22.6
ARKADE,116.42,122.99,122.99,115.21,True,False,False,False,False,False,0.6694982146472627,2.257826196,0.6141617416409879,False,-0.11498539053407916,False,46.57,True,1.2793253117960552,64.0,0.37,0,False,▇▅▄▇▃█▁▃██▆▇▇▅▆▇█▄██,False,False,False,0,-0.1045992924165513,-0.1117045627956661,-0.0678038005257634,-0.09466323965949419,UP,False,25,10.0,IGNORE,NONE,,RED,C,NO_DEPLOY,No standout factor,Consumer Durables,20.7
HAVELLS,1087.0,1117.0,1117.0,1081.1,True,False,False,False,False,False,1.2221266912453,110.3825673,1.1072961643366332,False,-0.1792580806740163,False,61.47,True,1.0701881142439305,69.0,0.53,0,False,▇▆▄▄▄▁▇▆▅▇▇▄▅▄▅█▆▇▆▆,False,False,False,1,-0.16365315072709086,-0.11265306122448981,-0.12685765883630296,-0.09561173808831791,FLAT,False,24,10.0,IGNORE,NONE,,RED,C,NO_DEPLOY,No standout factor,Producer Manufacturing,24.3
TCI,845.4,858.85,867.4,833.6,True,False,False,False,False,False,1.0090590875789327,1.4671071599999999,0.9694760459867602,False,-0.41031021038969856,False,58.53,True,1.0043413353467063,62.0,0.2,0,False,▂▂▁▂▃▂▁▄▄▄▃▃▂▃█▃▄▃▃▃,False,False,False,0,-0.07129517741403935,-0.11439346323067257,-0.034499685523251444,-0.09735214009450066,UP,False,24,10.0,IGNORE,NONE,,RED,C,NO_DEPLOY,No standout factor,Transportation,28.8
INDIACEM,336.0,346.0,347.5,333.0,True,False,False,False,False,False,0.6999900678242027,2.060184,0.6432728859054072,False,-0.16244661757235868,False,37.57,False,0.8343789906168453,36.0,-0.19,0,True,▄▅▃▃▄▃▃▃█▁▄▃▂▃▄▅▅▃▂▂,False,False,False,0,-0.10280373831775702,-0.11695137976346914,-0.06600824642696912,-0.09991005662729724,UP,False,23,10.0,IGNORE,NONE,,RED,C,NO_DEPLOY,No standout factor,Non-Energy Minerals,28.3
BERGEPAINT,447.1,458.05,460.95,445.55,True,False,False,False,False,False,0.8777838382034698,9.868301780000001,0.7885836665455576,False,-0.46257523347115337,False,48.2,False,0.9528422176315348,45.0,-0.1,0,True,▄▁▅▅▅▄█▃▆▄▄▃▄▅▅▅▃▅▄▄,False,False,False,0,-0.17387287509238736,-0.12109298211126396,-0.13707738320159946,-0.10405165897509205,FLAT,False,22,10.0,IGNORE,NONE,,RED,C,NO_DEPLOY,No standout factor,Process Industries,22.6
MEDIASSIST,309.9,316.4,321.4,308.0,True,False,False,False,False,False,0.7055226346804259,4.64512209,0.6378186249356524,False,-0.4389756656231952,False,54.15,False,0.8940143141350019,38.0,-0.32,0,True,▅▄▃▃▅▆▅▅▁▃▁▂▆█▂▄▄▃▂▂,False,False,False,0,-0.10640138408304511,-0.13217586110333257,-0.06960589219225721,-0.11513453796716067,UP,False,19,10.0,IGNORE,NONE,,RED,C,NO_DEPLOY,No standout factor,Finance,28.2
SHREDIGCEM,65.87,69.5,70.0,65.46,True,False,False,False,False,False,1.1135562161363015,0.860795747,0.9978963770933241,False,-0.022697188194203948,False,67.9,True,1.1617462123480449,77.0,0.58,0,False,▁▆█▄▅▆▆▆▃▅▅▄▁▆▄▃▇▇██,False,False,False,2,-0.06301564722617348,-0.12973972783723076,-0.026220155335385575,-0.11269840470105885,UP,False,19,10.0,IGNORE,NONE,,RED,C,NO_DEPLOY,No standout factor,Non-Energy Minerals,28.3
EIHAHOTELS,281.3,289.4,292.05,280.1,True,False,False,False,False,False,1.472125372919737,0.57604614,1.3890764497616228,False,-0.15813831401158804,False,46.5,False,0.7739873665287915,20.0,-0.69,0,True,▃▄▄▁▅▂▆▃▇█▆▄▅▆▄▂▅▄▁▁,False,False,False,0,-0.04156729131175463,-0.1379098988660742,-0.004771799420966727,-0.12086857572990228,UP,False,18,10.0,IGNORE,NONE,,RED,C,NO_DEPLOY,No standout factor,Consumer Services,29.2
BIRLACORPN,810.25,825.0,829.7,805.05,True,False,False,False,False,False,0.7443933752033468,2.675040375,0.6941137263645297,False,-0.37869781934244273,False,58.6,True,1.0901311505906428,74.0,0.61,0,False,▁▄▅▅▇▇▁▅▇▆▃▅▅▅▆▇█▅▆▆,False,False,False,0,-0.09524872983083021,-0.16300810908527452,-0.05845323794004231,-0.14596678594910262,UP,False,13,10.0,IGNORE,NONE,,RED,C,NO_DEPLOY,No standout factor,Non-Energy Minerals,28.3
HGINFRA,471.8,484.0,484.0,471.0,True,False,False,False,False,False,0.15693091147698662,2.17999908,0.143982565750596,False,-0.6524398577273102,False,56.67,True,1.1432317934234417,84.0,0.95,0,False,▇▁▄▆▇█▇▆█▇▇▇▆▇▆▇▇▅▇▇,False,False,False,0,-0.07071104983257825,-0.15975066785396252,-0.03391555794179035,-0.14270934471779062,UP,False,13,10.0,IGNORE,NONE,,RED,C,NO_DEPLOY,No standout factor,Industrial Services,34.0
SILVERTUC,149.66,155.98,157.9,146.12,True,False,False,False,False,False,0.8045254778066252,6.158778387999999,0.7089764230535501,False,-0.24223571200036198,False,39.91,True,1.0855876072735184,53.0,-0.08,0,False,▆▅▇█▄▄▁▄▂▂▅▂▃▂▃▅▆▅▅▅,False,False,False,0,-0.23435821353660413,-0.17465394584459282,-0.19756272164581623,-0.1576126227084209,FLAT,False,11,10.0,IGNORE,NONE,,RED,C,NO_DEPLOY,No standout factor,Technology Services,21.0
SYMPHONY,573.7,590.05,596.4,571.0,True,False,False,False,False,False,0.2639014119058885,4.67806454,0.24802508390778805,False,-0.19708725829947948,False,55.12,True,1.1176333424576983,63.0,0.38,0,False,▇▇▇▇█▇▇██▇▇▇▇▆▆▁▄▄▇▇,False,False,False,0,-0.06813936489888728,-0.17654657671881724,-0.03134387300809938,-0.15950525358264533,UP,False,10,10.0,IGNORE,NONE,,RED,C,NO_DEPLOY,No standout factor,Producer Manufacturing,24.3
HITECH,73.61,76.77,77.0,73.23,True,False,False,False,False,False,0.6313148182048285,4.073121018,0.5974417576849368,False,-0.16677398652499256,False,57.45,True,1.0649933264125762,81.0,0.86,0,False,▇▇▆▄▇▆▅▅▃▇▃█▇▄▆▅▅▁▆▆,False,False,False,0,-0.05604001025904082,-0.17845982142857142,-0.019244518368252916,-0.16141849829239951,UP,False,10,10.0,IGNORE,NONE,,RED,C,NO_DEPLOY,No standout factor,Non-Energy Minerals,28.3
HPL,283.2,292.0,294.0,282.0,True,False,False,False,False,False,0.9734158022178642,2.1562848,0.9016730418171454,False,-0.2660639126747778,False,42.93,False,0.8370052641840515,40.0,-0.16,0,True,▄█▁▃▄█▃▆▆▆▅▃▃▃▃▅▄▄▂▂,False,False,False,0,-0.09923664122137399,-0.1774615161196631,-0.06244114933058609,-0.1604201929834912,UP,False,10,10.0,IGNORE,NONE,,RED,C,NO_DEPLOY,No standout factor,Electronic Technology,25.8
RUSTOMJEE,339.45,345.0,348.55,334.55,True,False,False,False,False,False,1.0762040837237368,2.56705668,1.0152513316477523,False,-0.07275871827629962,False,52.29,False,0.9304767158389238,42.0,-0.16,0,True,▇▇▇▂▆▅▇▅█▅▆▄▁▆▆▅▅▅▅▅,False,False,False,0,-0.08725463834364078,-0.18752991862134993,-0.05045914645285288,-0.17048859548517803,UP,False,8,10.0,IGNORE,NONE,,RED,C,NO_DEPLOY,No standout factor,Finance,28.2
GALLANTT,534.65,546.9,548.75,531.0,True,False,False,False,False,False,1.2865591360963795,4.01040965,1.2085099291615184,False,-0.37959507840931167,False,53.04,True,1.0938901778808972,85.0,0.91,0,False,█▆▅▃▆▅▆▄▇▆█▅▅▁▆▆▆▅▆▆,False,False,False,0,-0.07227138643067843,-0.19474358008886217,-0.03547589453989053,-0.17770225695269026,UP,False,7,10.0,IGNORE,SEED,,RED,C,NO_DEPLOY,No standout factor,Non-Energy Minerals,28.3
IVALUE,225.7,228.0,233.78,223.35,False,False,False,False,False,False,0.5305884509190666,2.5318800299999995,0.4541426586729859,False,-0.4325525956946489,False,65.95,True,1.1033594325102054,88.0,1.06,0,False,▅▂▂▄▄▄▅█▃▃▃▁▃▃▄▅▃▅▅▅,False,False,False,0,-0.19479129504102755,-0.19593872461702888,-0.15799580315023964,-0.17889740148085698,UP,False,7,10.0,IGNORE,SEED,,RED,C,NO_DEPLOY,No standout factor,Technology Services,21.0
RAMKY,314.8,332.8,334.95,312.65,True,False,False,False,False,False,1.1571123842844977,1.49504816,1.0075994721006627,False,-0.3317227346435842,False,60.73,True,1.0026167421972378,66.0,0.44,0,False,▇▄█▄▁▅▅▃▅▄▂▃▂▅▄▅▃▄▄▄,False,False,False,0,-0.19611848825331968,-0.20874701520673622,-0.15932299636253178,-0.19170569207056432,UP,False,6,10.0,IGNORE,NONE,,RED,C,NO_DEPLOY,No standout factor,Industrial Services,34.0
RUPA,133.49,137.48,137.8,133.0,True,False,False,False,False,False,1.0997537697531592,1.310778357,0.996871762021706,False,-0.26016497136156264,False,49.33,False,0.9011033172585124,33.0,-0.21,0,True,▅▅▁▅▆▇▆█▃▄▅▆▁▅▇▄▃▃▃▃,False,False,False,0,-0.10988864439554569,-0.2105387663374534,-0.07309315250475779,-0.19349744320128148,UP,False,6,10.0,IGNORE,NONE,,RED,C,NO_DEPLOY,No standout factor,Consumer Non-Durables,28.4
NITCO,88.24,93.32,94.03,87.15,True,False,False,False,False,False,0.2905314148540742,4.0923241280000004,0.26903535005098267,False,-0.5735428179779174,False,52.01,True,1.0097950704293717,51.0,0.01,0,False,██▇▅▅▁▃▃▆▄▄▄▅▅▅▅▆▆▅▅,False,False,False,0,-0.03888465308789901,-0.21710584686363232,-0.0020891611971111113,-0.20006452372746042,UP,False,5,10.0,IGNORE,NONE,,RED,C,NO_DEPLOY,No standout factor,Producer Manufacturing,24.3
DSSL,1034.4,1075.0,1104.7,1027.6,True,False,False,False,False,False,1.3173179755837545,4.0198852800000004,1.2825819417081128,False,-0.3273539733671905,False,58.41,False,0.9413831450352151,81.0,0.87,0,True,▄▂▃▄▄▄▆▄▇▇▆▅█▂▄▁▄▂▃▃,False,False,False,0,-0.09832635983263593,-0.21949747227042926,-0.06153086794184803,-0.20245614913425736,UP,False,5,10.0,IGNORE,NONE,,RED,C,NO_DEPLOY,No standout factor,Technology Services,21.0
DIGITIDE,85.06,89.4,89.66,84.1,True,False,False,False,False,False,0.9408882496116047,1.8617337379999999,0.8273673729254389,False,-0.2328631827410526,False,46.49,False,0.9508032436522789,33.0,-0.3,0,True,▂▅▅▃▃▃▂▄▅▆▁▆▅▄█▆▄▇▄▄,False,False,False,0,-0.1327487765089722,-0.21603686635944697,-0.09595328461818431,-0.19899554322327506,UP,False,5,10.0,IGNORE,NONE,,RED,C,NO_DEPLOY,No standout factor,Commercial Services,28.1
KOTIC,126.9,133.9,133.9,125.15,True,False,False,False,False,False,0.3636235938214652,0.26937063000000006,0.31793911076144565,False,-0.17674492440177425,False,33.56,False,0.5506333267703617,8.0,-1.67,0,True,▆▇██▃▆█▆▇▆█▇▆▆▆▆█▁▃▃,False,False,False,0,-0.10828473051788345,-0.22147239263803675,-0.07148923862709555,-0.20443106950186485,UP,False,5,10.0,IGNORE,NONE,,RED,C,NO_DEPLOY,No standout factor,Process Industries,22.6
ZEEL,77.41,80.0,80.29,77.11,True,False,False,False,False,False,0.5276951671504203,107.60907308499999,0.4251118411305068,False,-0.3633010450833228,False,31.86,True,1.0751345605480285,29.0,-0.63,0,False,▄█▆▆▅▃▄▃▆▁▁▆▄▄▅▃▅▅▅▅,False,False,False,0,-0.26500189897455373,-0.24382143206017393,-0.22820640708376583,-0.22678010892400202,FLAT,False,3,10.0,IGNORE,NONE,,RED,C,NO_DEPLOY,No standout factor,Consumer Services,29.2
HINDWAREAP,174.42,178.96,181.29,174.0,True,False,False,False,False,False,0.7244859791681775,1.324318734,0.6660094347064563,False,-0.45817955104512437,False,61.55,False,0.9591634785454375,73.0,0.55,0,True,▄▇▇▄▇▅▆▃▁▄▄▂▂█▅▇▆▄▄▄,False,False,False,0,-0.12742008104457447,-0.3000802568218299,-0.09062458915378657,-0.283038933685658,UP,False,2,10.0,IGNORE,NONE,,RED,C,NO_DEPLOY,No standout factor,Producer Manufacturing,24.3
JLHL,275.55,278.0,283.0,270.65,True,False,False,False,False,False,0.4894585957437767,1.7138658900000001,0.45130109049162914,False,-0.26067547759039333,False,56.72,True,1.0883413922787628,56.0,0.04,0,False,▅▆▄▄▃▆▃▂▂▄▂▁▃█▃▂▁▃▄▄,False,False,False,0,-0.13403519798868624,-0.8113963039014374,-0.09723970609789834,-0.7943549807652655,UP,False,0,10.0,IGNORE,NONE,,RED,C,NO_DEPLOY,No standout factor,Health Services,27.6
MAMATA,396.65,411.9,413.55,392.25,True,False,False,False,False,False,0.9099044535293181,1.859217545,0.8768136754297117,False,-0.16244554479228537,False,49.8,False,0.9033685852667477,66.0,0.46,0,True,▁▄▅▃▃▄▇▆█▄▄▄▄▃▄▄▂▄▃▃,False,False,False,1,-0.03526693420892624,0.03267378286904443,0.0015285576818616642,0.049715106005216336,FLAT,True,64,9.0,IGNORE,NONE,,RED,C,NO_DEPLOY,No standout factor,Producer Manufacturing,24.3
GULFOILLUB,1057.3,1060.7,1079.0,1051.1,True,False,False,False,False,False,0.6401273955983756,4.57736889,0.6053445662099318,False,-0.05329059679850104,False,57.27,False,0.9935205183585314,52.0,-0.02,0,True,▃▄▃▅▄▃▂▆▆▅▂▆█▃▂▂▃▁▄▄,False,False,False,0,-0.09878963518581663,-0.014631873252562988,-0.061994143295028725,0.002409449883608916,FLAT,True,52,9.0,IGNORE,NONE,,RED,C,NO_DEPLOY,No standout factor,Energy Minerals,25.9
KRSNAA,541.65,552.45,552.6,540.0,True,False,False,False,False,False,0.705151827663356,2.1091851,0.6875230026996558,False,-0.02926815291248009,True,54.61,False,0.9438544034152284,40.0,-0.29,0,False,▄▁▄▁▄▂█▅▅▂▅▄▃▃▄▃█▆▃▃,False,False,False,0,0.0026841910403552216,-0.01723668692733371,0.03947968293114312,-0.0001953637911618067,UP,False,52,9.0,IGNORE,NONE,,RED,C,NO_DEPLOY,No standout factor,Health Services,27.6
BFUTILITIE,528.2,547.15,550.05,521.0,True,False,False,False,False,False,0.1324981173342277,2.1221491400000003,0.129207328136155,False,-0.029624885627988456,True,23.88,False,0.5714901102056934,8.0,-1.49,0,False,█▇█▇▇▆▇▇▇▇▇▅▁▃▆▇▅▃▃▃,False,False,False,0,-0.00937734433608406,-0.0567014912045718,0.027418147554703842,-0.03966016806839989,UP,False,42,9.0,IGNORE,NONE,,RED,C,NO_DEPLOY,No standout factor,Industrial Services,34.0
DOMS,2120.4,2125.1,2143.8,2103.0,True,False,False,False,False,False,0.5026902184431571,4.1305392,0.4833800757176966,False,0.03843961174011248,False,47.62,False,0.8617054964940057,59.0,0.15,0,False,▅▆▁▃▃▄▅▂▅▄▄█▃▄▄▅█▄▃▃,False,False,False,0,-0.04426214730009903,-0.08096393897364762,-0.007466655409311129,-0.06392261583747572,UP,False,35,9.0,IGNORE,NONE,,RED,C,NO_DEPLOY,CMF positive,Producer Manufacturing,24.3
ISGEC,773.85,801.8,801.8,770.0,True,False,False,False,False,False,0.5927960960030257,2.619869175,0.5865084788667696,False,0.004444593911689859,False,48.15,False,0.9111466444635777,33.0,-0.37,0,False,▂▄▃▆▅▅▄▄▇▄▅▆▅▆▅█▆▁▄▄,False,False,False,0,-0.010675019176681233,-0.1660649819494585,0.02612047271410667,-0.1490236588132866,UP,False,12,9.0,IGNORE,NONE,,RED,C,NO_DEPLOY,CMF positive,Industrial Services,34.0
WAAREEINDO,249.4,252.1,259.5,245.1,True,False,False,False,False,False,1.1696191130332834,2.31884638,1.0755602330790788,False,-0.40263885318906206,True,45.71,False,0.788144214355915,15.0,-1.2,0,False,▆▅▆▆▅█▆▆▅▅▃▄▁▄▅▆▄▆▂▂,False,False,False,0,-0.16182154259788273,-0.3505208333333333,-0.12502605070709483,-0.3334795101971614,UP,False,1,9.0,IGNORE,NONE,,RED,C,NO_DEPLOY,No standout factor,Electronic Technology,25.8
TEXRAIL,110.71,118.0,119.01,110.27,True,False,False,False,False,False,0.8627583890548619,23.797203067999998,0.8412985636383998,False,-0.11840826417280119,False,27.13,False,0.6451229371760118,8.0,-1.41,0,False,█▅▄▇▆▂▆▃▂▅▂▂▄▅▂▄▄▁▁▁,False,False,False,1,0.05720015278838808,-0.06786225477814267,0.09399564467917598,-0.05082093164197077,UP,False,39,8.0,IGNORE,NONE,,RED,C,NO_DEPLOY,No standout factor,Producer Manufacturing,24.3
GICRE,338.2,350.0,350.2,337.1,True,False,False,False,False,False,0.30777253824322925,12.48468682,0.29375881197501913,False,-0.10296164117850576,False,49.94,False,0.8894588264629139,33.0,-0.37,0,False,▇▅▅█▆██▇▆▅▆▅▆▁▄▅▅▆▄▄,False,False,False,0,-0.0602945262572937,-0.06716314991035721,-0.0234990343665058,-0.05012182677418531,UP,False,39,8.0,IGNORE,NONE,,RED,C,NO_DEPLOY,No standout factor,Finance,28.2
SUNTV,464.25,476.0,476.0,461.15,True,False,False,False,False,False,0.6477448146173062,14.999871075,0.6400027467088893,False,-0.0038496954876557775,False,17.63,False,0.342290218615307,2.0,-2.31,0,False,▇▇▆▆▆▅▇█▅▇▆▇▇▅▆▇▆▅▁▁,False,False,False,0,-0.03842170671085343,-0.08513154005320722,-0.0016262148200655302,-0.06809021691703532,UP,False,34,8.0,IGNORE,NONE,,RED,C,NO_DEPLOY,No standout factor,Consumer Services,29.2
ERIS,1310.1,1355.5,1359.9,1300.6,True,False,False,False,False,False,0.7071002105408042,5.78815281,0.7019618203596946,False,-0.15487157289870418,False,48.19,False,0.8627696714707725,21.0,-0.64,0,False,█▆▆▅▆▅▇▆▇▆▆▇▁▆▃▅▆▃▄▄,False,False,False,0,-0.029627435004814462,-0.08710194411539263,0.0071680568859734395,-0.07006062097922072,UP,False,32,8.0,IGNORE,NONE,,RED,C,NO_DEPLOY,No standout factor,Health Technology,30.5
GODREJIND,1104.0,1126.7,1137.8,1100.1,True,False,False,False,False,False,0.4623113492456225,5.6573376,0.43643819519884985,False,-0.19298143555343872,False,35.84,False,0.8657736765185464,25.0,-0.54,0,False,▅▅▆▆▄▂▄▃▅▆▁▅▄▃▅▄▆█▄▄,False,False,False,0,-0.10236604602000166,-0.08970976253298146,-0.06557055412921375,-0.07266843939680956,UP,False,32,8.0,IGNORE,NONE,,RED,C,NO_DEPLOY,No standout factor,Process Industries,22.6
FORTIS,880.1,894.0,896.55,875.2,True,False,False,False,False,False,0.8727647207845622,74.14763291,0.8417016698119131,False,-0.0734031114583911,False,45.2,False,0.8420346687282856,13.0,-1.24,0,False,▂▆▆▄▅▇▃▅▁█▄▇▆▄▄▇▂▅▃▃,False,False,False,0,-0.03992582087924079,-0.0944541619508179,-0.0031303289884528906,-0.077412838814646,UP,False,31,8.0,IGNORE,NONE,,RED,C,NO_DEPLOY,No standout factor,Health Services,27.6
POWERMECH,2336.4,2421.3,2421.5,2320.3,True,False,False,False,False,False,0.7319078561872502,9.119903760000001,0.7003487396857025,False,-0.10045380399032756,False,43.89,False,0.9076245424654135,40.0,-0.3,0,False,▅▆▆█▆▅▅▇█▅▅▆▆▆▄▅▁▄▅▅,False,False,False,0,-0.04394794991406825,-0.09888923171860542,-0.00715245802328035,-0.08184790858243352,UP,False,30,8.0,IGNORE,NONE,,RED,C,NO_DEPLOY,No standout factor,Industrial Services,34.0
IGIL,313.1,320.0,323.6,312.25,True,False,False,False,False,False,1.0567724764379,15.77100355,0.9915289883871929,False,-0.1334458092460465,False,45.52,False,0.8163850927221206,25.0,-0.59,0,False,▂▃▃▃▃▄█▂▃▂▂▄▂▃▃▂▃▁▁▁,False,False,False,0,-0.10466113811838706,-0.10466113811838706,-0.06786564622759916,-0.08761981498221516,UP,False,28,8.0,IGNORE,NONE,,RED,C,NO_DEPLOY,No standout factor,Commercial Services,28.1
SYNGENE,378.85,382.95,383.8,377.25,True,False,False,False,False,False,0.6744715714221917,12.788119635000001,0.640627009872005,False,-0.21414547185222715,False,54.0,False,0.9753102028283996,60.0,0.2,0,False,▇▂█▃▅▄▁▄▆▇█▇▃▇▆█▂▅▅▅,False,False,False,0,-0.06248453353130412,-0.10373787556186409,-0.02568904164051622,-0.08669655242569219,UP,False,28,8.0,IGNORE,NONE,,RED,C,NO_DEPLOY,No standout factor,Commercial Services,28.1
TIRUMALCHM,154.48,158.0,162.5,153.1,True,False,False,False,False,False,1.037403869310428,9.981678855999998,1.0170262419361604,False,-0.2156563153852618,False,26.86,False,0.6007335838253712,2.0,-2.21,0,False,██▃▄▃▃▅▅▃▅▅▁▄▆▅▅▆▅▁▁,False,False,False,0,0.02074798467027872,-0.11811383227721639,0.05754347656106662,-0.10107250914104449,UP,False,23,8.0,IGNORE,NONE,,RED,C,NO_DEPLOY,No standout factor,Process Industries,22.6
TVSHLTD,12488.0,12991.0,13009.0,12402.0,True,False,False,False,False,False,1.1489838982567533,7.5477472,1.062200198095995,False,-0.35014129015198936,False,43.5,False,0.8455467869222096,15.0,-0.88,0,False,▆▇▁▆█▆▇▇▇▇█▆▆▅▄▄▅▄▄▄,False,False,False,0,-0.11407491486946653,-0.12012964137250759,-0.07727942297867862,-0.10308831823633569,UP,False,22,8.0,IGNORE,NONE,,RED,C,NO_DEPLOY,No standout factor,Producer Manufacturing,24.3
SAMHI,152.73,157.0,158.99,152.25,True,False,False,False,False,False,0.3410638990419405,7.154331389999999,0.3292222281958282,False,-0.19170787060546707,False,37.99,False,0.6607128881622999,3.0,-1.94,0,False,▆▆▆▇█▆██▆▆█▇▆▆▆▆▇▁▄▄,False,False,False,0,-0.04561644691620326,-0.12097841726618708,-0.008820955025415356,-0.10393709413001517,UP,False,22,8.0,IGNORE,NONE,,RED,C,NO_DEPLOY,No standout factor,Consumer Services,29.2
INDIAMART,1659.5,1713.8,1713.8,1652.0,True,False,False,False,False,False,0.8331667366496602,9.3021613,0.8032827189266144,False,-0.34326141931143817,False,57.79,False,0.9303411304473815,25.0,-0.59,0,False,▂▅▆▅▁▁▁█▇▄▄▃▆▅█▆▅▂▃▃,False,False,False,0,-0.053391135702469894,-0.13724980504289053,-0.016595643811681993,-0.12020848190671862,UP,False,18,8.0,IGNORE,NONE,,RED,C,NO_DEPLOY,No standout factor,Retail Trade,31.1
ASHOKA,111.37,114.32,114.32,110.9,True,False,False,False,False,False,0.09103532057848872,6.036899946,0.08455704908434171,False,-0.3978147744668324,False,40.37,False,0.9541705074570422,29.0,-0.38,0,False,▇▇█▇▆▇▆██▁▂▄▄▇▆▇▆▆▆▆,False,False,False,0,-0.004113386390056317,-0.13445247532447335,0.032682105500731584,-0.11741115218830145,UP,False,18,8.0,IGNORE,NONE,,RED,C,NO_DEPLOY,No standout factor,Industrial Services,34.0
ACI,455.25,476.7,478.0,453.05,True,False,False,False,False,False,0.6194858757718558,13.471803525,0.5683330758749308,False,-0.14400796005660751,False,52.28,False,0.9394007456987558,72.0,0.55,0,False,▄▄▆▇▁▂▇██▄▇█▅▂▃▆▄▆▄▄,False,False,False,0,-0.11240007798791185,-0.1402266288951841,-0.07560458609712395,-0.12318530575901221,UP,False,17,8.0,IGNORE,NONE,,RED,C,NO_DEPLOY,No standout factor,Process Industries,22.6
ALLTIME,213.38,221.5,223.5,212.0,True,True,False,False,False,False,0.7381099075822319,2.377351932,0.7578486407568176,False,-0.10913048356647069,False,32.8,False,0.5890698802104847,4.0,-1.8,0,False,█▃▅▅▇▅▃▃▅▅▁▄▄▄▄▅▅▄▁▁,False,False,False,0,-0.0028506004953503528,-0.1404632426988922,0.03394489139543755,-0.1234219195627203,UP,False,17,8.0,IGNORE,NONE,,RED,C,NO_DEPLOY,No standout factor,Producer Manufacturing,24.3
EIEL,196.91,207.11,208.25,196.0,True,False,False,False,False,False,0.5682320116567671,17.234390222,0.5483262309484226,False,-0.37767359398977635,False,39.09,False,0.9901090411722243,50.0,0.14,0,False,█▇▆█▅▆▆▅▇▇█▅▆▆▅█▁▂▆▆,False,False,False,0,-0.0013693072319708177,-0.1493801028122166,0.035426184658817084,-0.13233877967604468,UP,False,16,8.0,IGNORE,NONE,,RED,C,NO_DEPLOY,No standout factor,Industrial Services,34.0
PIIND,2255.0,2260.0,2288.3,2240.5,True,False,False,False,False,False,1.183879483781919,64.5626795,1.1092693780495344,False,-0.20695516013455656,False,31.78,False,0.6787480110632936,3.0,-1.81,0,False,▇▇▂▃▄▄▄▄▅█▂▃▃▂▃▂▃▇▁▁,False,False,False,0,-0.1033797216699801,-0.14979451796553944,-0.0665842297791922,-0.13275319482936754,UP,False,15,8.0,IGNORE,NONE,,RED,C,NO_DEPLOY,No standout factor,Process Industries,22.6
TIINDIA,2525.0,2606.1,2613.2,2521.5,True,False,False,False,False,False,0.4774151097441476,49.3372375,0.4190093181969139,False,-0.0044021161401717745,False,45.21,False,0.9928517310669698,29.0,-0.56,0,False,▁▃▅▅▄▄▅▇▆█▅▆▆▇▆▇▅▇▅▅,False,False,False,0,-0.14667117269347751,-0.15234322545991674,-0.10987568080268961,-0.13530190232374484,UP,False,15,8.0,IGNORE,NONE,,RED,C,NO_DEPLOY,No standout factor,Non-Energy Minerals,28.3
AADHARHFC,448.35,457.0,460.2,444.5,True,False,False,False,False,False,0.7178018759180707,10.380557880000001,0.682373496963464,False,-0.11022724416746234,False,53.63,False,0.9760492119535543,39.0,-0.29,0,False,▃█▂▇▃▃▃▅▃▂▃▅█▃▃▁▃█▄▄,False,False,False,0,-0.08011899876897821,-0.17854525467204097,-0.04332350687819031,-0.16150393153586906,UP,False,10,8.0,IGNORE,NONE,,RED,C,NO_DEPLOY,No standout factor,Finance,28.2
SEIL,191.26,193.5,195.0,188.3,True,False,False,False,False,False,1.4359468699883506,7.310683987999999,1.3431175623711087,False,-0.008184665946738539,False,61.25,False,0.8739138499293735,54.0,0.18,0,False,▂▁▆█▅▅▄█▃▄█▄▃▇▆▂▂▂▂▂,False,False,False,0,-0.09731923730413439,-0.1860930252351165,-0.060523745413346486,-0.1690517020989446,UP,False,9,8.0,IGNORE,NONE,,RED,C,NO_DEPLOY,No standout factor,Commercial Services,28.1
SHAKTIPUMP,474.2,492.9,493.75,473.15,True,False,False,False,False,False,0.5938908216110943,28.891678239999997,0.5652892787834927,False,-0.3516983540305253,False,25.22,False,0.5791709725571248,15.0,-1.05,0,False,█▇▄▆▇▆▆▅▆▆▆▆▆▅▆▅▅▁▃▃,False,False,False,0,-0.04845991772850411,-0.2043624161073826,-0.011664425837716208,-0.1873210929712107,UP,False,6,8.0,IGNORE,NONE,,RED,C,NO_DEPLOY,No standout factor,Producer Manufacturing,24.3
RESPONIND,160.82,172.3,172.96,160.0,True,False,False,False,False,False,0.31237766898237246,15.400428757999999,0.31595289768703116,False,-0.30302147047948635,False,15.6,False,0.5468120158435276,15.0,-1.16,0,False,▅▄▅▂▇▅▃▄▆█▄▆▅▁▃▅▁▂▃▃,False,False,False,0,0.017268644443038772,-0.24152242607178231,0.05406413633382667,-0.2244811029356104,UP,False,3,8.0,IGNORE,NONE,,RED,C,NO_DEPLOY,No standout factor,Non-Energy Minerals,28.3
GVPIL,620.05,648.0,656.95,620.05,True,False,False,False,False,False,0.998538298651347,13.122428174999998,0.936810411926349,False,-0.43810970828247064,False,41.19,False,0.794721153011316,22.0,-0.52,0,False,▄▆▆▆█▅▄▅▆▇▅▄▇▄▂▁▂▂▂▂,False,False,False,0,-0.12055882561520459,-0.29814930103571236,-0.08376333372441669,-0.28110797789954045,UP,False,2,8.0,IGNORE,NONE,,RED,C,NO_DEPLOY,No standout factor,Industrial Services,34.0
WEBELSOLAR,72.75,75.33,75.8,72.1,True,False,False,False,False,False,0.8064065690010903,12.747960675,0.7478385988837104,False,-0.2552657932366903,False,48.97,False,0.9124448005366226,67.0,0.59,0,False,▂▅▁▇▆█▃▃▇▂▅▁▂▂▄▂▃▅▁▁,False,False,False,0,-0.16311975152421498,-0.2844496901740927,-0.12632425963342708,-0.2674083670379208,UP,False,2,8.0,IGNORE,NONE,,RED,C,NO_DEPLOY,No standout factor,Electronic Technology,25.8
OSWALPUMPS,275.45,282.45,289.2,274.3,True,False,False,False,False,False,0.6635114436186069,9.571804864999999,0.6318061704865238,False,-0.2359338404616524,False,47.11,False,0.9619488090497922,54.0,0.07,0,False,▇▇▁▇▆▄█▄▆▅▆█▅▄▆▄▂▁▄▄,False,False,False,0,-0.07551602617888908,-0.3508131039358945,-0.03872053428810118,-0.3337717807997226,UP,False,1,8.0,IGNORE,NONE,,RED,C,NO_DEPLOY,No standout factor,Producer Manufacturing,24.3
KIRLPNU,698.15,718.45,718.45,694.3,True,False,False,False,False,False,1.1649629395796897,12.019140955,1.058568947358254,False,-0.0443054334475313,False,49.86,False,0.9636644762272903,37.0,-0.36,0,False,▄▂▃▂▂▆▃▅▃▅▁▅▃▆▆█▆▆▄▄,False,False,False,0,-0.544971648308675,-0.6223358217029102,-0.508176156417887,-0.6052944985667383,UP,False,0,8.0,IGNORE,NONE,,RED,C,NO_DEPLOY,No standout factor,Producer Manufacturing,24.3
HCLTECH,1225.1,1248.8,1264.8,1222.7,True,False,False,False,False,False,1.027509178011914,239.90814773999998,0.9565682360487214,False,-0.15228475298812036,False,49.59,False,0.9539014936570072,29.0,-0.63,0,False,▇▁▅█▅▃▅▆▄█▃▅▆▇▄▅▃▃▄▄,False,False,False,2,-0.10275377178848699,0.1845871204795977,-0.06595827989769909,0.2016284436157696,FLAT,True,84,7.0,IGNORE,NONE,,RED,C,NO_DEPLOY,No standout factor,Technology Services,21.0
KOLTEPATIL,420.8,436.8,437.2,418.5,True,False,False,True,False,False,0.4104179418662885,2.91744848,0.3796981128647637,False,-0.4881710608443303,False,35.37,False,0.8544819838863589,12.0,-1.23,0,False,▆▇▂▄▆▅▆▆▅▅▇▇▆█▇▇▇▁▅▅,False,False,False,0,-0.11214263107922773,0.14612556175949898,-0.07534713918843983,0.16316688489567088,FLAT,True,81,7.0,IGNORE,NONE,,RED,C,NO_DEPLOY,No standout factor,Finance,28.2
LTTS,3312.2,3402.0,3441.0,3300.5,True,False,False,False,False,False,0.6947748626818563,19.9990636,0.6482843221362012,False,-0.15657140856139423,False,43.47,False,0.9748931923434889,38.0,-0.22,0,False,▅▁▂▅▅▆▅▇▃█▃▄▄▅▅▄▆▄▄▄,False,False,False,2,-0.056326391065272596,0.0282184211343246,-0.019530899174484695,0.045259744270496505,FLAT,True,63,7.0,IGNORE,NONE,,RED,C,NO_DEPLOY,No standout factor,Commercial Services,28.1
PCBL,314.05,334.8,335.0,311.3,True,False,False,False,False,False,0.5665009295496027,30.232494325,0.5433246531776289,False,-0.14746779465757665,False,39.35,False,0.9968081872530146,52.0,0.1,0,False,▁▄▅▄▄▆▅▆▅▇▄▇▆█▃▁▂▃▄▄,False,False,False,0,-0.03827897718572959,-0.002382465057179206,-0.0014834852949416888,0.014658858078992698,FLAT,True,55,7.0,IGNORE,NONE,,RED,C,NO_DEPLOY,No standout factor,Process Industries,22.6
BFINVEST,435.5,453.0,453.7,434.7,True,False,False,False,False,False,0.9042552257389265,1.1212383,0.8607979260250765,False,-0.14518181602555835,False,35.23,False,0.7272990018476656,10.0,-1.36,0,True,▄▆▆▇▆█▆▅█▅▆▇▁▅▇▇▇▁▃▃,False,False,False,0,-0.05469937052311702,-0.01770610127438821,-0.017903878632329118,-0.0006647781382163043,FLAT,False,51,6.0,IGNORE,NONE,,RED,C,NO_DEPLOY,No standout factor,Finance,28.2
5PAISA,313.2,325.1,327.9,311.3,True,False,False,False,False,False,0.528974732265203,1.2779812799999999,0.4443996477474056,False,-0.2747210424144068,False,59.08,True,1.2130295968545,88.0,1.07,0,False,▂▂▅▅▆▇▆▇▇██▇▇▁▄▆▄▅▇▇,False,False,False,1,-0.19340715941282516,-0.1448464163822526,-0.15661166752203726,-0.1278050932460807,FLAT,False,16,6.0,IGNORE,SEED,,RED,C,NO_DEPLOY,No standout factor,Finance,28.2
DOLLAR,262.95,276.9,276.9,261.05,True,False,False,False,False,False,0.6457520558127476,1.23128967,0.6301425679902132,False,-0.014950168818211191,False,55.17,False,0.9693232131562303,41.0,-0.12,0,False,▄▅▅▇▁▄█▇▇▁▅▅▆▅▇▄▅▇▅▅,False,False,False,0,-0.02085272761124568,-0.0346916299559471,0.01594276427954222,-0.017650306819775197,UP,False,48,4.0,IGNORE,NONE,,RED,C,NO_DEPLOY,No standout factor,Consumer Non-Durables,28.4
BALMLAWRIE,164.24,168.7,169.0,163.25,True,False,False,False,False,False,1.284959668446379,3.34302308,1.2045105508340663,False,-0.3001446089669798,False,55.54,False,0.9978619809913939,52.0,0.07,0,False,▆▅█▆▄█▇▁▇▇▁▅▆▆▅██▃▆▆,False,False,False,0,-0.05998168498168488,-0.08902324033501574,-0.023186193090896978,-0.07198191719884384,UP,False,32,4.0,IGNORE,NONE,,RED,C,NO_DEPLOY,No standout factor,Producer Manufacturing,24.3
PASHUPATI,80.04,82.0,82.49,79.95,True,False,False,False,False,False,0.8951131927765735,0.53858916,0.8724149637369862,False,-0.7735132867792102,False,12.09,False,0.251927484892686,1.0,-2.08,0,False,▄▃▂▄█▃▅▇▆▆▆▆▅▅▂▁▅▂▁▁,False,False,False,0,-0.061884669479606025,-0.0870309113721911,-0.025089177588818123,-0.0699895882360192,UP,False,32,4.0,IGNORE,NONE,,RED,C,NO_DEPLOY,No standout factor,Process Industries,22.6
FLAIR,233.73,238.2,244.65,232.02,True,False,False,False,False,False,0.7519742448631759,1.624166397,0.7232776015440483,False,-0.4560630129180379,False,47.44,False,0.8850250918791859,44.0,-0.27,0,False,▆▅▆█▅▅▄▆▄▃▇▁▄▇▇█▄▄▄▄,False,False,False,0,-0.07268399127157321,-0.10602409638554222,-0.03588849938078531,-0.08898277324937032,UP,False,27,4.0,IGNORE,NONE,,RED,C,NO_DEPLOY,No standout factor,Producer Manufacturing,24.3
RIIL,697.25,715.0,719.7,694.7,True,False,False,False,False,False,0.3715026629004101,2.573619475,0.33610357736937346,False,-0.0005929555419380035,False,32.78,False,0.9747684255913882,48.0,-0.01,0,False,▇▅▆▁▅▆▅▇▄▆▃▆▅▅▇▇▆█▅▅,False,False,False,0,-0.05604819603330402,-0.1392506635392876,-0.01925270414251612,-0.12220934040311571,UP,False,17,4.0,IGNORE,NONE,,RED,C,NO_DEPLOY,No standout factor,Industrial Services,34.0
FAZE3Q,467.85,489.45,491.45,465.0,True,False,False,False,False,False,0.8094598041716539,0.771999285,0.7701888279235259,False,-0.15908199910844767,False,48.63,False,0.8144364428069001,52.0,0.08,0,False,▆▅█▇▆▅▆▇▆▄▄▂▆▃▅▅▅▁▃▃,False,False,False,0,-0.0327682447798221,-0.22245304969253787,0.004027247110965804,-0.20541172655636597,UP,False,5,4.0,IGNORE,NONE,,RED,C,NO_DEPLOY,No standout factor,Process Industries,22.6
CEINSYS,675.05,700.0,715.2,671.3,True,False,False,False,False,False,0.7734292926917227,3.3298191349999997,0.727778332129044,False,-0.23292908143747726,False,40.4,False,0.7902509633628698,16.0,-0.95,0,False,▇▆▅▆▁▇▁▄▆▇▇▆▇▅▂▄█▂▁▁,False,False,False,0,-0.1417037507946599,-0.27717100331941324,-0.10490825890387201,-0.26012968018324134,UP,False,2,4.0,IGNORE,NONE,,RED,C,NO_DEPLOY,No standout factor,Industrial Services,34.0
MAHLIFE,345.9,353.1,363.45,345.05,True,False,False,False,False,False,0.9240120971278091,3.18899046,0.8648103488363642,False,-0.19452266659830209,False,51.32,False,0.9559467262736332,42.0,-0.21,0,False,▂█▂▅▃▂▂▃▅▅▆▃▃▂▃▄▁▄▃▃,False,False,False,0,-0.09957048028114024,-0.06740361283364793,-0.06277498839035234,-0.050362289697476026,FLAT,False,39,0.0,IGNORE,NONE,,RED,C,NO_DEPLOY,No standout factor,Finance,28.2
