symbol,close,open,high,low,price_down,close_gt_ema20,close_gt_ema50,close_gt_ema200,breakout20,within_15pct_52w_high,volume_ratio,turnover_cr,turnover_ratio,up_day_volume_above_avg,cmf20,cmf_rising,latest_delivery_pct,latest_delivery_above_avg20,delivery_ratio,delivery_percentile,delivery_zscore,consecutive_high_delivery_days,delivery_slope_positive,delivery_sparkline,absorption_day,failed_breakdown_reclaim,failed_breakout,resistance_touches,stock_return_20d,stock_return_50d,rs_raw_20,rs_raw_50,rs_trend,outperform_benchmark_50d,rs_percentile,ics,rating,stage,delivery_tag,regime,action_rank,action,reason,sector,sector_score
VENUSREM,1797.5,1749.9,1800.8,1706.8,False,True,True,True,True,True,1.7646673076254629,44.25894375,2.1710958540240632,True,0.4306109637173773,True,44.1,False,0.6447886891489814,16.0,-0.95,0,True,▃▅▃▄▃▅▃████▅█▄▄▂▁▂▃▂,False,False,False,14,0.9713753016012285,1.0834540712836858,0.9346349157395684,1.0227904152081115,FLAT,True,100,78.0,BUILDING,NONE,,GREEN,B,WATCH_FOR_ENTRY,"CMF positive, RS leader",Health Technology,31.5
WELCORP,2311.9,2175.0,2348.9,2133.0,False,True,True,True,True,True,26.68614231729095,4615.22215743,34.429654092367386,True,0.5054753949009773,True,10.33,False,0.19228442458932476,0.0,-4.2,0,True,▅▆▆▆▇▆▆▇▅▆▆▇██▇▅▇▆▆▁,False,False,False,16,0.4477425010958733,0.6486486486486487,0.41100211523421315,0.5879849925730745,FLAT,True,98,78.0,BUILDING,NONE,,GREEN,B,WATCH_FOR_ENTRY,"CMF positive, RS leader",Producer Manufacturing,33.3
DPABHUSHAN,1482.4,1461.1,1487.0,1444.9,False,True,True,True,False,True,0.8078219342244117,4.6866076,0.8430451590059411,False,0.15783868452847682,True,71.18,True,1.6829412460101667,98.0,1.75,1,True,▁▂▃▄▄▂▃▃▄▄▄▆▃▅▄▄▅▅▄█,True,False,False,4,0.11622303377131904,0.6518832181858705,0.07948264790965887,0.5912195621102962,FLAT,True,98,78.0,BUILDING,BUILDING,DEL71% ▁▂▃▄▄▂▃▃▄▄▄▆▃▅▄▄▅▅▄█ P98 Z+1.8,GREEN,B,WATCH_FOR_ENTRY,"Delivery P98, CMF positive, RS leader",Retail Trade,32.3
BLUSPRING,128.98,118.0,129.75,117.72,False,True,True,True,True,True,6.027450928005359,32.88080691,6.76528878116237,True,0.2323991850857474,True,50.24,True,1.027276816750501,29.0,-0.42,0,True,▄▆▁▅█▄▆▇▅▂▇█▄▃▆█▆▅▄▆,False,False,False,1,0.1896329090573694,0.45971027614305116,0.15289252319570923,0.39904662006747693,FLAT,True,94,78.0,BUILDING,NONE,,GREEN,B,WATCH_FOR_ENTRY,"CMF positive, RS leader",Commercial Services,25.4
KENNAMET,4044.7,3715.0,4155.1,3681.0,False,True,True,True,True,True,4.5477374542333076,87.64217748,5.299122923502657,True,0.22699050127956585,True,27.06,False,0.4424460431654676,0.0,-3.65,0,False,▇▆▇▆█▇▅▆▅▅▅▅▄▂▄▅▆▆▆▁,False,False,False,8,0.453411908440835,0.4450518042157914,0.41667152257917484,0.38438814814021716,UP,True,94,76.0,BUILDING,NONE,,GREEN,B,WATCH_FOR_ENTRY,"CMF positive, RS leader",Producer Manufacturing,33.3
THELEELA,561.7,539.5,564.0,532.45,False,True,True,True,True,True,1.5349097975729347,58.94350609000001,1.6954493893284148,True,0.06371167323698787,True,57.89,True,1.0611115184397681,52.0,-0.03,0,True,▅▅▆▃▁▅▆█▄▅▄▆▅▆▆█▆▄▇▆,False,False,False,10,0.18327364651358757,0.3068869241507679,0.1465332606519274,0.24622326807519368,FLAT,True,88,76.0,BUILDING,NONE,,GREEN,B,WATCH_FOR_ENTRY,CMF positive,Consumer Services,29.9
EIMCOELECO,2182.9,2190.8,2229.9,2149.0,False,True,True,True,False,True,1.6465917649650577,15.5815402,1.7755066927876013,True,0.32178949422284653,False,52.06,True,1.0173333593887401,52.0,0.11,0,True,▄▅▅▅▄█▂▃▆█▅▄▅▃▅▂▁▃▃▅,False,False,False,5,0.22004247708473068,0.417007465108731,0.1833020912230705,0.35634380903315677,FLAT,True,93,75.0,BUILDING,BUILDING,,GREEN,B,WATCH_FOR_ENTRY,"CMF positive, RS leader",Producer Manufacturing,33.3
TBZ,279.5,252.5,291.0,250.2,False,True,True,True,False,True,4.373321447267572,199.23215585,4.539762119834728,True,0.08543935903994344,True,17.77,False,0.5341389001608127,6.0,-1.83,0,True,▂▁▂▁▂▂▃▂▃▃▃▄▃▂▄▅▅▆█▁,False,False,False,3,0.07960910039012714,0.5209228927463676,0.04286871452846697,0.4602592366707934,FLAT,True,96,74.0,BUILDING,BUILDING,,GREEN,B,WATCH_FOR_ENTRY,"CMF positive, RS leader",Consumer Durables,32.2
PAYTM,1583.5,1551.1,1604.9,1546.3,False,True,True,True,False,True,1.2400443520208977,893.4794239,1.3361899032534768,True,0.1630464938400918,True,57.18,True,1.4192459480255155,97.0,1.79,0,True,▅▆█▅▆▂▁▃▄▇▃▃▃▃▅▄▁▄▇█,False,False,False,9,0.24980268350434098,0.4850417330957517,0.2130622976426808,0.4243780770201775,FLAT,True,95,74.0,BUILDING,BUILDING,,GREEN,B,WATCH_FOR_ENTRY,"Delivery P97, CMF positive, RS leader",Finance,30.6
DIXON,14850.0,14864.0,14924.0,14620.0,False,True,True,True,True,False,1.6523246586551052,865.305045,1.7324030053052355,False,0.19903878594361618,True,48.48,True,1.3716419810720197,91.0,1.5,0,True,▁▃▅▄▅▁▁▃▃▃▆▂█▇▄▆▄▆▅█,False,False,False,3,0.07251191679907554,0.28615970899012644,0.03577153093741536,0.22549605291455221,FLAT,True,87,74.0,BUILDING,BREAKOUT,,GREEN,B,WATCH_FOR_ENTRY,"Delivery P91, CMF positive",Electronic Technology,34.8
SHANTIGOLD,269.58,258.4,274.7,257.29,False,True,True,True,True,True,2.2021390606470903,123.762937932,2.492474550529796,True,0.18579091658850522,True,33.26,False,0.7099859112837809,15.0,-1.04,0,True,▁▆▃▇▆▇▇▇█▆▆▆▅▄▂▂▄▃▄▂,False,False,False,7,0.27587675706375125,0.19515871608441215,0.23913637120209108,0.13449506000883793,UP,True,78,74.0,BUILDING,NONE,,GREEN,B,WATCH_FOR_ENTRY,CMF positive,Consumer Durables,32.2
JTLIND,79.52,75.0,80.45,74.31,False,True,True,True,True,True,3.1806379655675805,53.315758496,3.3154510500133134,True,0.08321184500781247,True,40.48,False,0.8436848686952896,38.0,-0.23,0,True,▆█▆▅▅▇▆▁▄▆▄▆▇▄▆▆▇█▇▄,False,True,False,0,0.09471365638766516,0.060408054407254275,0.05797327052600498,-0.0002556016683199491,UP,False,51,73.0,BUILDING,NONE,,GREEN,B,WATCH_FOR_ENTRY,CMF positive,Non-Energy Minerals,34.4
AVADHSUGAR,834.8,790.0,853.5,761.35,False,True,True,True,True,True,2.43142174836711,109.78855503999999,3.0212298101678123,True,0.3447263205594865,True,23.7,False,0.6251731096427017,5.0,-1.9,0,False,▅▅█▆▇▂▁▂▄▄▄▅▆▄▄▂▃▂▂▃,False,False,False,12,0.5890358808413436,0.836541634583654,0.5522954949796834,0.7758779785080798,FLAT,True,99,72.0,BUILDING,NONE,,GREEN,B,WATCH_FOR_ENTRY,"CMF positive, RS leader",Process Industries,34.8
RUBYMILLS,336.2,283.9,340.8,281.6,False,True,True,True,True,True,14.940569566628453,46.50886578,18.90604946609948,True,0.4456975572180055,True,20.45,False,0.3764346393498449,1.0,-2.52,0,False,▅▇▅▆▇▆█▅▄▄█▃▃▄▄▆▇▁▃▂,False,False,False,12,0.475920804249528,0.7608547635258993,0.4391804183878678,0.7001911074503251,FLAT,True,99,72.0,BUILDING,NONE,,GREEN,B,WATCH_FOR_ENTRY,"CMF positive, RS leader",Process Industries,34.8
JYOTICNC,988.8,948.0,992.0,947.95,False,True,True,True,True,True,1.137770540602968,160.02492,1.3194477561674383,True,0.16955178859814768,True,47.37,True,1.0780487249803712,65.0,0.39,0,True,▅▅▆▅▄▅▅▆▅▂▄▆▄▄█▅▁▁▃▅,False,False,False,13,0.24369536507137912,0.45049141851254193,0.20695497920971895,0.3898277624369677,FLAT,True,94,72.0,BUILDING,NONE,,GREEN,B,WATCH_FOR_ENTRY,"CMF positive, RS leader",Producer Manufacturing,33.3
RPEL,1689.8,1614.7,1700.0,1596.0,False,True,True,True,True,True,1.393931762964184,20.858722219999997,1.6475269411452977,True,0.33763986242964716,True,45.58,False,0.8470544508455676,17.0,-0.87,0,True,▆▆▅▇▇▃▆▇█▆▆▅▅▅▁▅▅▂▂▃,False,False,False,10,0.29665438919582554,0.4211345191539464,0.25991400333416537,0.3604708630783722,FLAT,True,93,72.0,BUILDING,NONE,,GREEN,B,WATCH_FOR_ENTRY,"CMF positive, RS leader",Process Industries,34.8
MANGLMCEM,1027.95,1004.95,1036.65,980.05,False,True,True,True,True,True,3.8251637798360067,64.14120174,4.041720135998198,True,0.3407366383748958,True,26.33,False,0.4120017212377263,0.0,-3.08,0,False,▅▆▆▅▅▇▇▅██▆▅▄▇▇▇▆▇▁▃,False,True,False,3,0.04461155429094066,0.21881669433246387,0.007871168429280484,0.15815303825688964,FLAT,True,81,72.0,BUILDING,NONE,,GREEN,B,WATCH_FOR_ENTRY,CMF positive,Non-Energy Minerals,34.4
ADANIENSOL,1615.0,1588.0,1624.0,1575.0,False,False,True,True,False,True,3.482146771215834,1135.3138305,3.369336672820912,True,-0.08261259749067222,True,63.81,True,1.406559978838778,98.0,2.37,0,True,▅▄▄▃▂▂▃▃▅▄▅▁▁▂█▇▅▅▇▇,False,True,False,3,-0.062463717636131344,0.0625,-0.09920410349779152,0.0018363439244257762,FLAT,True,51,72.0,BUILDING,SEED,,GREEN,B,WATCH_FOR_ENTRY,Delivery P98,Utilities,29.3
MODISONLTD,284.6,276.0,300.95,270.26,False,True,True,True,True,True,6.470987498313406,40.33317048,7.593963778845035,True,0.557024424629084,False,39.87,False,0.756431661227897,10.0,-1.35,0,False,▃▃▄▃▃▄▄▄▄▃▅▃▂▄▅█▃▁▁▂,False,False,False,4,1.276253699112213,0.9483809132607657,1.239513313250553,0.8877172571851915,UP,True,99,71.0,BUILDING,NONE,,GREEN,B,WATCH_FOR_ENTRY,"CMF positive, RS leader",Industrial Services,37.0
IIFL,679.8,645.35,687.1,645.1,False,True,True,True,True,True,6.733898655421962,778.56800604,7.519680080146955,True,0.1761279739152126,True,30.27,False,0.5878754333323623,7.0,-1.51,0,True,▄▅▄▂▃▅█▅▅▆▅▄▅▇▅▅▅▅▄▁,False,False,False,18,0.22145359805947362,0.3100790132973599,0.18471321219781345,0.24941535722178565,FLAT,True,89,70.0,BUILDING,NONE,,GREEN,B,WATCH_FOR_ENTRY,CMF positive,Finance,30.6
CARTRADE,3072.9,2893.0,3165.0,2890.0,False,True,True,True,True,True,3.4138074451086218,654.27449304,3.646430987967674,True,0.19847078895167075,True,23.63,False,0.6233101647300879,8.0,-1.5,0,True,▁▁▁▃▅▅▄▅▆▅█▆▆▆▆▇▇█▅▂,False,False,False,3,0.15679114591176035,0.3102374962691339,0.12005076005010018,0.24957384019355966,FLAT,True,89,70.0,BUILDING,NONE,,GREEN,B,WATCH_FOR_ENTRY,CMF positive,Technology Services,35.4
AEROENTER,140.07,130.65,141.35,130.65,False,True,True,True,True,True,5.099728192976829,38.282615742,5.5866065818136015,True,0.15130987342760754,True,49.04,True,1.0354620411524371,63.0,0.28,0,True,▄▁▅▇▃▆▃▅▅█▇▇▃▆▅▄▂▄▅▅,False,False,False,0,0.10031421838177534,0.2759154672982327,0.06357383252011517,0.21525181122265846,FLAT,True,86,70.0,BUILDING,NONE,,GREEN,B,WATCH_FOR_ENTRY,CMF positive,Producer Manufacturing,33.3
GUFICBIO,431.5,418.35,437.7,413.2,False,True,True,True,False,True,2.1541126474614956,9.13826385,2.2392077359361933,True,0.20015816657370797,True,45.39,False,0.8337695974430331,18.0,-0.72,0,True,▅▄▇▃█▅▇▆▆▅▇▆▃▄▆▁▃▄▅▃,False,False,False,4,0.13897320839382332,0.16228956228956237,0.10223282253216315,0.10162590621398815,UP,True,72,70.0,BUILDING,BUILDING,,GREEN,B,WATCH_FOR_ENTRY,CMF positive,Health Technology,31.5
INVPRECQ,960.0,942.8,999.0,889.0,False,True,True,True,True,True,2.31796391669096,2.748,2.5249461237151496,True,0.2792263726426544,False,55.27,False,0.784695108965713,23.0,-0.74,0,True,▁▇██▄▇▅▅▆▆▅█▇▅▇▇▄▂▂▃,False,False,False,4,0.1578122173310017,0.5192277259059979,0.12107183146934153,0.45856406983042364,FLAT,True,96,69.0,WATCH,NONE,,GREEN,C,WATCHLIST,"CMF positive, RS leader",Producer Manufacturing,33.3
ALKYLAMINE,2052.7,1929.0,2072.5,1915.0,False,True,True,True,True,True,3.1260396963114108,94.83391891999999,3.3553978259708264,True,0.024120422391060624,True,27.68,False,0.676847085865193,14.0,-1.12,0,True,▅▄▅▆█▆▁▂▅▆▆▅▇▆▇▆▇▄▆▃,False,False,False,4,0.14708018999720585,0.12059176766022484,0.11033980413554567,0.05992811158465061,UP,True,64,69.0,WATCH,NONE,,GREEN,C,WATCHLIST,CMF positive,Process Industries,34.8
JBMA,673.95,644.35,685.0,644.35,False,True,True,True,False,True,58.393259243117605,888.5329842,60.413210705235095,True,0.2887033999959125,True,6.95,False,0.16885530679430022,4.0,-2.03,0,True,▆▇▇▄▅▇▇▆▇█▇▆█▆████▆▁,False,True,False,0,0.027284505754134658,-0.014404796724188262,-0.009455880107525516,-0.07506845279976249,UP,False,33,69.0,WATCH,NONE,,GREEN,C,WATCHLIST,CMF positive,Producer Manufacturing,33.3
PFOCUS,296.95,282.65,305.0,282.25,False,True,True,True,False,False,5.100155878368552,128.82249266,5.24044113550205,True,0.13515964835777675,True,51.44,True,1.0831640012212969,91.0,1.49,0,True,▇▇▅▆▆▆▇▆█▅▇▅▇▇▇▆▁█▇▇,False,False,False,0,0.02647862006982593,-0.1503576537911302,-0.010261765791834243,-0.21102130986670442,UP,False,5,69.0,WATCH,SEED,,GREEN,C,WATCHLIST,"Delivery P91, CMF positive",Consumer Services,29.9
UFBL,811.05,809.0,828.9,783.0,False,True,True,True,True,True,0.6606451474355552,8.982297645,0.7336182503286376,False,0.3020118661306201,True,62.37,True,1.0503271220834771,64.0,0.47,0,True,▁▂▃▁▃▄▂▂▃▆▅▃▃▂▂█▃▄▁▃,False,False,False,5,0.09608757348469488,0.6647167487684729,0.0593471876230347,0.6040530926928986,FLAT,True,98,68.0,WATCH,NONE,,GREEN,C,WATCHLIST,"CMF positive, RS leader",Consumer Services,29.9
SUDARSCHEM,1215.1,1193.5,1220.9,1185.0,False,True,True,True,True,False,1.4468303227970256,93.90669480999999,1.5954928704389213,True,0.2972553045379274,True,44.09,False,0.8807607023712021,32.0,-0.44,0,True,▃▂▃█▄▂▃▃▅▃▃▄▃▁▄▃▂▃▃▂,False,False,False,10,0.16718697468901578,0.3774301422660544,0.1304465888273556,0.3167664861904802,FLAT,True,92,68.0,WATCH,NONE,,GREEN,C,WATCHLIST,"CMF positive, RS leader",Process Industries,34.8
NETWEB,5601.0,5400.0,5674.8,5360.0,False,True,True,True,True,True,2.400962961047831,2390.0335155,2.7460842646767176,True,0.29833476431769257,True,9.59,False,0.43270315390515723,6.0,-1.46,0,False,▄▅▄█▃▃▅▃▅▄▅▅▅▄▄▄▃▅▂▁,False,False,False,5,0.3476900866217516,0.2209530452979902,0.31094970076009143,0.16028938922241598,UP,True,81,68.0,WATCH,NONE,,GREEN,C,WATCHLIST,CMF positive,Electronic Technology,34.8
QUADFUTURE,405.35,340.0,405.35,339.0,False,True,True,True,True,False,22.600543005953305,302.280236775,25.641571539037912,True,0.48731636445449256,True,12.61,False,0.2923685095234231,8.0,-1.64,0,True,▆▅▄▅▅▄▅▅▄▅▆▅▅▄▆█▆▆▇▁,False,True,False,0,0.12269768730092778,0.18436815193571965,0.08595730143926761,0.12370449586014542,FLAT,True,76,68.0,WATCH,NONE,,GREEN,C,WATCHLIST,CMF positive,Producer Manufacturing,33.3
VMART,838.85,810.7,860.0,801.7,False,True,True,True,True,True,3.917661205413564,51.407831744999996,4.325279089678166,True,0.3258813130993098,True,15.1,False,0.3241038849538528,3.0,-2.12,0,False,▃▅▅▃▅▅▆▇▆▇▇█▇█▇▇▇▇▇▁,False,False,False,10,0.1575933209135445,0.16547412295936081,0.12085293505188432,0.10481046688378659,UP,True,73,68.0,WATCH,NONE,,GREEN,C,WATCHLIST,CMF positive,Retail Trade,32.3
DCBBANK,203.59,188.99,205.0,187.6,False,True,True,True,True,True,6.256645952229139,206.68578954,6.724630340458797,True,-0.040825108229219774,True,42.12,False,0.7907260524710189,19.0,-0.79,0,True,▁▅▅▇█▅▆▅█▇█▆▅▆█▇▇▆▅▄,False,True,False,5,0.09315936426116833,0.13193595018347604,0.05641897839950816,0.07127229410790181,FLAT,True,66,68.0,WATCH,NONE,,GREEN,C,WATCHLIST,No standout factor,Finance,30.6
AEROFLEX,503.0,475.3,504.9,472.3,False,True,True,True,True,True,1.9142892251885733,154.1712605,2.1516791894205873,True,0.11521440818461627,True,35.25,False,0.8697797791622973,44.0,-0.15,0,True,▅▁▃▄▂▆▅▆▇█▅▆▃▄▅▅▄▅▃▃,False,False,False,0,0.19520019009148148,0.12251729524659671,0.1584598042298213,0.06185363917102249,UP,True,65,68.0,WATCH,NONE,,GREEN,C,WATCHLIST,CMF positive,Producer Manufacturing,33.3
JAYNECOIND,99.89,94.3,101.45,93.78,False,True,True,True,True,True,4.763075498085037,169.962944879,5.271468707624116,True,0.17339465685063934,True,36.65,False,0.8065758489403375,19.0,-0.83,0,True,▅▁▄▅█▄▃▇▄▆▆▅▅▄▅▅▄▆▆▂,False,False,False,1,0.15133702166897178,0.09938366718027747,0.11459663580731161,0.038720011104703245,UP,True,60,68.0,WATCH,NONE,,GREEN,C,WATCHLIST,CMF positive,Non-Energy Minerals,34.4
STYLEBAAZA,417.65,437.85,447.1,417.65,True,True,True,True,False,True,1.7282616451955513,112.43171412000001,1.7930395280739622,False,0.2947189053553708,False,64.63,True,1.1035789905061129,95.0,1.54,0,True,▂▃▄▃▃▂▃▁▃▃▂▅▄▄▅█▄▄▃▄,False,False,True,9,0.08171458171458168,0.5552038726494133,0.044974195852921506,0.49454021657383906,FLAT,True,96,67.0,WATCH,SEED,,GREEN,C,WATCHLIST,"Delivery P95, CMF positive, RS leader",Retail Trade,32.3
KRN,1482.1,1528.0,1541.0,1474.0,True,True,True,True,False,True,0.30141523722108327,25.425425499999996,0.34593530284397783,False,-0.0671479165138736,True,62.57,True,1.5418165689221823,98.0,2.49,1,True,▂▂▁▂▂▂▃▂▂▁▃▅▄█▄▅▃▂▃▅,False,False,False,7,0.1498506536328017,0.6543140975555306,0.11311026777114153,0.5936504414799564,FLAT,True,98,66.0,WATCH,SEED,DEL63% ▂▂▁▂▂▂▃▂▂▁▃▅▄█▄▅▃▂▃▅ P98 Z+2.5,GREEN,C,WATCHLIST,"Delivery P98, RS leader",Producer Manufacturing,33.3
DOLPHIN,645.1,623.15,655.0,621.2,False,True,True,True,True,True,0.7385895773023449,6.21734478,0.8968823254275748,False,0.26603059910874327,True,35.24,False,0.599937010018812,25.0,-0.79,0,True,▅▇█▃▅▆▇▆▇▇█▅█▇▄▃▁▃▃▃,False,False,False,10,0.7113675553786976,0.6558008213552362,0.6746271695170374,0.595137165279662,UP,True,98,66.0,WATCH,NONE,,GREEN,C,WATCHLIST,"CMF positive, RS leader",Industrial Services,37.0
CYIENTDLM,721.15,728.05,728.05,702.5,True,True,True,True,False,True,1.1330427823036957,45.379878165,1.1704454195399943,False,-0.032283834613839754,True,65.62,True,1.5592068527164937,96.0,1.58,1,True,▂▃▄▁▂▃▂▃▃▄▂▅▃▄▃▄▃▃▃█,False,False,False,6,0.07562085166679089,0.6036246386479875,0.038880465805130715,0.5429609825724133,FLAT,True,97,66.0,WATCH,SEED,DEL66% ▂▃▄▁▂▃▂▃▃▄▂▅▃▄▃▄▃▃▃█ P96 Z+1.6,GREEN,C,WATCHLIST,"Delivery P96, RS leader",Electronic Technology,34.8
INDOBORAX,511.85,494.05,524.6,481.65,False,True,True,True,True,True,1.8197319856682832,103.52775351500001,2.1160626427449984,True,0.4445377088784465,True,16.13,False,0.5409937784038503,2.0,-2.34,0,False,▂▃▅▄▆▂▆▅▇█▁▄▅▄▅▆▅▅▁▂,False,False,False,2,0.23011295361691908,0.3705984736912573,0.1933725677552589,0.3099348176156831,FLAT,True,91,66.0,WATCH,NONE,,GREEN,C,WATCHLIST,"CMF positive, RS leader",Process Industries,34.8
HAPPSTMNDS,444.55,417.6,448.7,412.5,False,True,True,True,True,False,3.6783549989380493,312.27552560500004,4.046316440450021,True,0.08588425434704612,True,34.97,False,0.9598572702943801,27.0,-0.4,0,True,▃▁▄▄▅▅▆▂▃▄▆█▇▄▁▃▆▄▄▄,False,False,False,6,0.19326264930881765,0.27032433204743533,0.15652226344715747,0.2096606759718611,FLAT,True,86,66.0,WATCH,NONE,,GREEN,C,WATCHLIST,CMF positive,Technology Services,35.4
BLISSGVS,527.1,523.55,532.8,523.55,False,True,True,True,False,True,0.35569503174414324,20.72968338,0.3979034185775732,False,0.20976216365175146,False,53.68,True,1.2372084447312621,93.0,1.41,0,True,▆▄▄▆▅▄▆▇▅▄▅▇▆█▃▃▁▃▆▇,False,False,False,8,0.15541429197720302,0.9266055045871562,0.11867390611554285,0.865941848511582,FLAT,True,99,65.0,WATCH,SEED,,GREEN,C,WATCHLIST,"Delivery P93, CMF positive, RS leader",Health Technology,31.5
DIACABS,322.85,322.0,329.0,316.5,True,True,True,True,False,True,0.3035503607574197,101.369766685,0.3698383485409561,False,0.181608737827822,False,55.18,True,1.444578250170166,91.0,1.5,0,True,▁▂▃▄▄▃▃▄▅▆▂▂▂▂▃▄▅▇█▇,False,False,False,11,0.4757507884993373,0.6422503687878327,0.4390104026376771,0.5815867127122585,FLAT,True,98,65.0,WATCH,SEED,,GREEN,C,WATCHLIST,"Delivery P91, CMF positive, RS leader",Producer Manufacturing,33.3
ENDURANCE,3029.5,3001.7,3072.0,2971.0,False,True,True,True,True,True,1.625059468813176,82.16397835,1.7126528352819899,True,0.09308282168472856,False,59.71,True,1.0677753934191703,69.0,0.5,0,False,▄▆▆▃▅▆▅▂▄▅▆█▅▄▄▁▅▇▆▆,False,False,False,16,0.15015186028853456,0.210541037321186,0.11341147442687438,0.14987738124561178,FLAT,True,80,65.0,WATCH,NONE,,GREEN,C,WATCHLIST,CMF positive,Producer Manufacturing,33.3
UNIONBANK,186.7,187.33,189.34,186.39,False,True,True,True,False,True,1.1829524927825992,317.85518171999996,1.2513725002548,True,0.1306248110531755,False,56.25,True,1.1839488113153935,95.0,1.67,0,True,▇▂█▄▂▃▅▁▆▅▄▆▄▄█▅▄▅▄█,False,False,False,11,0.10827496141517257,0.12105199951963486,0.07153457555351239,0.06038834344406063,UP,True,64,65.0,WATCH,SEED,,GREEN,C,WATCHLIST,"Delivery P95, CMF positive",Finance,30.6
WONDERLA,519.2,490.95,524.95,490.2,False,True,True,True,True,False,2.7961955396282514,26.640307760000002,2.948461563527174,True,0.03964756244728519,True,60.84,False,0.970876885023538,70.0,0.4,0,True,▆▅▆▄▄▅▁▄▄▃▅▄▆▄▅█▅▅█▅,False,False,False,3,0.10762666666666676,0.08562467328802947,0.07088628080500659,0.02496101721245525,UP,True,57,65.0,WATCH,NONE,,GREEN,C,WATCHLIST,CMF positive,Consumer Services,29.9
BHAGYANGR,394.5,392.0,401.9,384.1,False,True,True,True,False,True,0.269914089951779,5.49144,0.4233601793621713,False,0.15195487701342333,True,60.45,True,1.2808153146949457,78.0,0.75,0,True,▁▃▂▅▄▆▆▅▆▁▂▇▇█▇█▄▅▆▇,False,False,False,13,1.1653219166803885,1.579442918791683,1.1285815308187284,1.5187792627161087,FLAT,True,100,64.0,WATCH,NONE,,GREEN,C,WATCHLIST,"CMF positive, RS leader",Producer Manufacturing,33.3
SETL,297.75,305.2,305.55,293.0,True,True,True,True,False,True,0.573604389668515,12.394349925,0.5841740845294229,False,0.17882510043213118,True,59.07,True,1.046032884426382,73.0,0.59,0,True,▅█▄▃▃▆▆▆▁▅▆▆▄▇▆▆▇▇▇▆,False,False,False,7,0.09185918591859199,0.8738200125865323,0.055118800056931816,0.8131563565109581,FLAT,True,99,64.0,WATCH,NONE,,GREEN,C,WATCHLIST,"CMF positive, RS leader",Health Technology,31.5
TARSONS,344.95,340.0,347.7,333.1,False,True,True,True,False,True,0.18720654332700767,5.618373125,0.18560126085879608,False,0.3368032887899945,True,42.97,True,1.1308787535858094,21.0,-0.57,0,True,▇▆▇▇▆██▇█▆▅▆▂▅▁▂▃▃▅▆,False,False,False,8,0.1029576338928857,0.6798149500852204,0.06621724803122553,0.6191512940096462,FLAT,True,98,64.0,WATCH,NONE,,GREEN,C,WATCHLIST,"CMF positive, RS leader",Process Industries,34.8
FILATEX,83.06,81.26,85.0,81.26,False,True,True,True,False,True,0.4323354200693925,18.381983681999998,0.4601998760467232,False,0.16404388299793796,True,41.81,True,1.036427411658259,29.0,-0.43,0,True,▄▅▇▇▁▂▄▃▅▅▆▅▆▆▅▇▅▇█▅,False,False,False,8,0.1250169307869431,0.599768875192604,0.08827654492528292,0.5391052191170298,FLAT,True,97,64.0,WATCH,NONE,,GREEN,C,WATCHLIST,"CMF positive, RS leader",Process Industries,34.8
KDDL,4005.4,3934.2,4078.9,3510.0,False,True,True,True,False,True,6.0789995582335195,141.37499894,6.572199867138792,True,-0.023062546308535235,True,47.34,True,1.0365553256478472,25.0,-0.57,0,False,▇█▇▆▆▆▃▁▅▅▄▄▅▇▆▆▄▆▆▆,False,False,False,12,0.2775580505230928,0.3959502317638448,0.24081766466143262,0.3352865756882706,FLAT,True,93,64.0,WATCH,NONE,,GREEN,C,WATCHLIST,RS leader,Consumer Durables,32.2
WESTLIFE,588.15,594.5,599.5,581.65,True,True,True,True,False,False,0.8578828461975557,10.14499935,0.9223137395253361,False,0.24521892107635856,True,75.24,True,1.589135416556662,94.0,1.81,1,True,▄▄▄▁▄▄▅▂▄▃▄▃▂█▂▇▄▆▅▆,False,False,False,12,0.28095393662201906,0.3191656386677133,0.2442135507603589,0.2585019825921391,FLAT,True,89,64.0,WATCH,SEED,DEL75% ▄▄▄▁▄▄▅▂▄▃▄▃▂█▂▇▄▆▅▆ P94 Z+1.8,GREEN,C,WATCHLIST,"Delivery P94, CMF positive",Consumer Services,29.9
ACMESOLAR,401.6,400.0,411.3,392.9,False,True,True,True,True,True,2.0879019491994475,182.31001472,2.2346377678685707,True,0.12932945218545944,True,40.2,False,0.8397831604675211,31.0,-0.48,0,True,▃▃▂▂▂▅▂▄▄▅▄▅▅▄▆█▃▂▁▂,False,False,False,2,0.0977176438431051,0.19612807148175726,0.06097725798144493,0.13546441540618304,FLAT,True,78,64.0,WATCH,NONE,,GREEN,C,WATCHLIST,CMF positive,Industrial Services,37.0
KIRIINDUS,477.9,463.95,479.95,458.55,False,True,True,True,True,False,2.503297124663653,82.49146595999999,2.708029986344168,True,0.2064447180429004,True,33.36,False,0.7380939211239559,15.0,-0.89,0,False,▇█▇▅▆▆▆▆▄▇▇▆▁▆▅▅▆▂▁▄,False,False,False,7,0.17839970410553563,0.1934074166562616,0.14165931824387545,0.13274376058068738,UP,True,77,64.0,WATCH,NONE,,GREEN,C,WATCHLIST,CMF positive,Process Industries,34.8
KRBL,406.95,401.85,409.35,398.8,False,True,True,True,True,True,1.5712354934214448,37.30144395,1.6755046408044405,True,-0.1753781686512773,True,47.4,True,1.0198154005034532,54.0,0.21,0,False,▆█▇▃▅▅▄▄▅█▆▆▆▇▁▅▅▅▅▅,False,False,False,5,0.16022808267997135,0.10946019629225723,0.12348769681831118,0.048796540216683004,UP,True,62,64.0,WATCH,NONE,,GREEN,C,WATCHLIST,No standout factor,Process Industries,34.8
VIYASH,275.95,266.0,278.8,265.85,False,True,True,True,False,True,2.644420575887386,169.34935600999998,2.7604599152577185,True,0.12120424454932642,True,54.58,False,0.9997618742329603,64.0,0.37,0,True,▅█▄▇▆▄▆▆▆▅▇▁▄▂█▅▅▂▅▅,False,False,False,0,0.09984057393383816,0.10402080416083215,0.06310018807217799,0.043357148085257924,UP,True,61,64.0,WATCH,NONE,,GREEN,C,WATCHLIST,CMF positive,Health Technology,31.5
STEL,611.05,587.25,618.0,580.15,False,True,True,True,True,True,3.0514382344313495,0.54029041,3.2882226528732943,True,0.21894848120741506,True,62.7,False,0.8646963908924165,61.0,0.44,0,True,██▆▇▃▃▁▅▄▅▄▆▆▆▇▅▄▇█▃,False,False,False,0,0.09990099900999017,0.10277928171810125,0.06316061314832999,0.04211562564252702,UP,True,61,64.0,WATCH,NONE,,GREEN,C,WATCHLIST,CMF positive,Finance,30.6
HATSUN,984.7,959.0,994.75,947.15,False,True,True,True,False,True,1.565222519650469,7.056163260000001,1.6491048854222374,True,0.1021920020156326,True,51.86,False,0.8900635882297415,39.0,-0.17,0,False,▇▆▂▂▄▄▆▄▇▆▅▅█▃▃▁▂▆▁▃,False,False,False,9,0.11033432936798793,0.077175518240989,0.07359394350632775,0.01651186216541478,UP,True,56,64.0,WATCH,NONE,,GREEN,C,WATCHLIST,CMF positive,Consumer Non-Durables,34.2
ALEMBICLTD,92.73,92.0,93.2,90.42,False,True,True,False,True,True,1.9615988731473115,5.906761905000001,2.0540394078438506,True,0.21383951219112615,True,52.29,False,0.8818321331601935,47.0,-0.02,0,True,▂▅▃▆▃▄▃▄▄▅▃▄▃▄▁▆▁▄█▁,False,False,False,1,0.054468956106436206,0.06512749827705022,0.017728570244776032,0.004463842201475998,UP,True,52,64.0,WATCH,NONE,,GREEN,C,WATCHLIST,CMF positive,Health Technology,31.5
SALSTEEL,78.93,79.5,80.96,75.57,True,True,True,True,False,True,3.474195474324564,8.921820978,4.981883488178376,False,0.4413767286305326,False,36.9,False,0.6888376564585531,8.0,-1.45,0,False,▆▄▇▇▇▄▅▆█▂▇▆▂▄▂▃▁▄▄▃,False,False,False,11,1.1448369565217393,0.6793617021276597,1.1080965706600792,0.6186980460520854,UP,True,98,63.0,WATCH,NONE,,GREEN,C,WATCHLIST,"CMF positive, RS leader",Non-Energy Minerals,34.4
YUKEN,964.6,952.35,982.85,936.1,False,True,True,True,True,True,1.8773991116665083,3.33307884,2.13025411177205,True,0.2765186737309095,False,69.77,False,0.975633630484181,46.0,0.07,0,False,▆▅▅▄██▇█▁▃▇▇▂▂▅▂▄▃▁▄,False,False,False,11,0.3619484645252382,0.4081751824817519,0.32520807866357804,0.34751152640617766,FLAT,True,93,63.0,WATCH,NONE,,GREEN,C,WATCHLIST,"CMF positive, RS leader",Producer Manufacturing,33.3
SHANTIGEAR,464.25,395.0,464.25,395.0,False,True,True,True,True,False,60.35643400721988,91.553117625,68.05133210123758,True,0.812166283546973,True,15.08,False,0.2444123891797274,1.0,-2.91,0,False,▇█▁▄▄▅▆▄▅▅▇▆▆▅▅▆▅▅▄▁,False,True,False,1,0.10535714285714293,0.05212464589235122,0.06861675699548275,-0.008539010183223006,UP,False,49,63.0,WATCH,NONE,,GREEN,C,WATCHLIST,CMF positive,Producer Manufacturing,33.3
METROPOLIS,556.95,544.85,560.95,539.05,False,False,True,True,False,True,1.7221138579518573,26.43496341,1.6856211475637775,True,-0.1694841653370868,True,67.03,True,1.1977449587677684,85.0,0.98,0,True,▅▆▆▁▄▂▆▁▄▄▆█▂▂▄▄▃▄▇▇,False,True,False,5,-0.02332310390179737,0.049462973431317225,-0.060063489763457545,-0.011200682644256998,FLAT,False,49,63.0,WATCH,SEED,,GREEN,C,WATCHLIST,No standout factor,Health Services,31.0
SIGMAADV,688.2,664.95,697.65,657.5,False,True,True,True,False,True,1.191013461558501,46.80110982000001,1.6186348850590713,True,0.1450161831386454,True,46.58,False,0.7450296700308696,5.0,-1.56,0,False,▄▄▂▁▃▂▂▁▁▅▂▂▂▂▂▄▄█▃▁,False,False,False,14,0.7859089139743092,2.8354790168868083,0.749168528112649,2.774815360811234,FLAT,True,100,62.0,WATCH,NONE,,GREEN,C,WATCHLIST,"CMF positive, RS leader",Technology Services,35.4
AMAGI,602.8,606.0,627.6,586.15,False,False,True,True,False,True,4.4557004034257455,336.19162675999996,4.21141648364401,True,-0.3554024441206832,True,28.71,False,0.7051888240712313,7.0,-1.34,0,False,▃▃▆▇▆██▇▆▆▄▇▆▁▃▄▆▇▅▄,False,True,False,5,-0.01647903410017948,0.4151895762413429,-0.053219419961839654,0.35452592016576867,FLAT,True,93,62.0,WATCH,NONE,,GREEN,C,WATCHLIST,RS leader,Technology Services,35.4
SMLMAH,5324.0,5199.0,5356.0,5154.0,False,True,True,True,False,True,0.25565037479035024,43.6679804,0.25131881235856324,False,0.30198934857881277,True,38.76,True,1.0897895491544007,26.0,-0.55,0,False,▆█▅▂▁▄▄▄▄▅▆▃▃▃▄▃▄▆▆▅,False,False,False,4,0.38487150140464044,0.3708223904423502,0.34813111554298026,0.310158734366776,UP,True,92,62.0,WATCH,NONE,,GREEN,C,WATCHLIST,"CMF positive, RS leader",Consumer Durables,32.2
PTCIL,20629.0,19670.0,20789.0,19501.0,False,True,True,True,True,True,1.459382589896209,99.287377,1.5321259863974919,True,0.3795531045270555,True,41.13,False,0.964349773156235,52.0,0.03,0,False,▄▇▄▇██▆▆▄▃▅▇▄▇▇▁▃▄▅▅,False,False,False,4,0.16337694563501004,0.10896677776583163,0.12663655977334987,0.04830312169025741,UP,True,62,62.0,WATCH,NONE,,GREEN,C,WATCHLIST,CMF positive,Producer Manufacturing,33.3
AUROPHARMA,1621.3,1609.1,1624.0,1600.0,False,True,True,True,False,True,0.7605894911556249,121.60674140999998,0.7664177062071966,False,0.14807737628252074,True,61.43,True,1.2282806470317718,91.0,1.42,0,True,▅▅▂▅▅▇▇▄▁▃▅▄█▅▃▃▆▇▇▇,False,False,False,7,0.05828981723237603,0.1008283541553503,0.021549431370715855,0.04016469807977607,FLAT,True,60,62.0,WATCH,SEED,,GREEN,C,WATCHLIST,"Delivery P91, CMF positive",Health Technology,31.5
AUBANK,1108.2,1088.0,1108.2,1083.9,False,True,True,True,True,True,1.2098217422557562,234.21795918,1.2589307764868296,True,0.3287221642469849,True,55.14,False,0.9993837677166781,53.0,0.07,0,True,▁▅█▁█▆▆▄▂▄▇▅▅▇▇▆▄▅▇▅,False,False,False,8,0.10378486055776892,0.09128508124076817,0.06704447469610875,0.03062142516519395,UP,True,58,62.0,WATCH,NONE,,GREEN,C,WATCHLIST,CMF positive,Finance,30.6
COMSYN,286.17,291.21,293.4,286.0,True,True,True,True,False,True,0.08109390942978785,3.4931054880000003,0.09929982151803045,False,0.17929700103375407,False,73.17,True,1.9526579846285226,90.0,1.28,1,False,▅▃▃▂▁█▄▆▂▄▂▂▄▃▄▆▄█▄█,False,False,False,11,0.5119670312252338,0.8701476931120116,0.4752266453635736,0.8094840370364373,FLAT,True,99,61.0,WATCH,SEED,DEL73% ▅▃▃▂▁█▄▆▂▄▂▂▄▃▄▆▄█▄█ P90 Z+1.3,GREEN,C,WATCHLIST,"Delivery P90, CMF positive, RS leader",Process Industries,34.8
TIMEX,598.15,594.6,609.8,594.0,False,True,True,True,True,True,1.5493379390462425,30.058772134999998,1.6753344935130485,True,-0.08367448869312079,False,47.2,True,1.0517285559900622,47.0,-0.32,0,True,▅▄▂▅▂▆▆▄▃▃▅▆▄▇▆▄▁▄█▅,False,False,False,3,0.03459309867681393,0.3217324052590873,-0.002147287184846247,0.2610687491835131,FLAT,True,89,61.0,WATCH,NONE,,GREEN,C,WATCHLIST,No standout factor,Consumer Durables,32.2
SOLARINDS,19970.0,20290.0,20314.0,19480.0,True,True,True,True,False,True,4.23996475829685,964.888493,4.4215670517158285,False,0.4063112835343604,False,31.5,False,0.8891272439878062,17.0,-0.91,0,True,▄▇▇█▇▆▆▆▅▅▅▅▇▂▁▃▅▆▄▄,False,False,False,5,0.08138842259164991,0.09167441097687634,0.04464803672998974,0.031010754901302118,UP,True,58,61.0,WATCH,NONE,,GREEN,C,WATCHLIST,CMF positive,Process Industries,34.8
SIEMENS,3936.0,3968.1,4052.0,3924.0,True,True,True,True,False,True,0.7320314217881887,116.8161504,0.7445791564211665,False,0.13151183853028045,False,61.8,True,1.7789035851527752,96.0,1.83,1,False,▅▃▃▄▄▅▂▅▅▄▅▁▂▄▄▆▄▄▄█,False,False,False,7,0.07576254509675295,0.067563535761751,0.03902215923509278,0.00689987968617678,UP,True,53,61.0,WATCH,SEED,DEL62% ▅▃▃▄▄▅▂▅▅▄▅▁▂▄▄▆▄▄▄█ P96 Z+1.8,GREEN,C,WATCHLIST,"Delivery P96, CMF positive",Producer Manufacturing,33.3
ADANIENT,3040.0,2965.0,3048.0,2950.0,False,True,True,True,False,True,1.562513100793839,502.508352,1.559502136441201,True,-0.06606980883427199,True,51.36,True,1.377774797129636,94.0,1.93,0,False,▂▅▁▄▄▄▃▃▆▆▄▂▄▅▅▆▆▇█▇,False,True,False,2,-0.03818774322143825,0.022604951560817987,-0.07492812908309843,-0.038058704514756236,FLAT,False,43,61.0,WATCH,SEED,,GREEN,C,WATCHLIST,Delivery P94,Distribution Services,31.7
KABRAEXTRU,566.2,530.05,574.95,521.55,False,True,True,True,True,True,1.1288810451670606,32.01589224000001,1.372216371243142,True,0.3686498850562312,True,38.66,False,0.9813801769327426,14.0,-1.17,0,False,▃▅▄▄▅▃██▄▆▁▂▆▆▅▆▆▄▄▅,False,False,False,12,0.5026539278131636,1.3864115316530392,0.4659135419515035,1.325747875577465,FLAT,True,100,60.0,WATCH,NONE,,GREEN,C,WATCHLIST,"CMF positive, RS leader",Producer Manufacturing,33.3
DHAMPURSUG,185.23,184.0,187.59,179.25,True,True,True,True,False,True,3.297284053424279,64.512700889,3.603293466577752,False,0.21845945001059952,True,23.49,False,0.5884047443107098,5.0,-1.78,0,False,▆▆█▇▁▃▃▄▄▅▄▅▅▃▄▅▄▃▂▂,False,False,False,12,0.3033352096819588,0.3111771784526083,0.26659482382029864,0.25051352237703406,UP,True,89,60.0,WATCH,NONE,,GREEN,C,WATCHLIST,CMF positive,Process Industries,34.8
URBANCO,158.6,151.94,160.0,151.0,False,True,True,True,True,False,5.892328948519275,1040.99661874,6.498350111418438,True,0.12288615190861633,True,13.72,False,0.3180085064957641,1.0,-2.36,0,False,▅▅▅▅▅▁▁▂▃▄▄▄▄▃▄▅█▄▄▁,False,False,False,6,0.22225647348951916,0.2896405919661733,0.18551608762785898,0.2289769358905991,FLAT,True,88,60.0,WATCH,NONE,,GREEN,C,WATCHLIST,CMF positive,Technology Services,35.4
BOSCHLTD,47250.0,46810.0,47315.0,46480.0,False,True,True,True,True,True,0.8220574755557098,156.57705,0.8941355616693287,False,0.32599659347372645,True,58.3,True,1.4926901707760452,90.0,1.37,0,False,▆▆▄▅▇▅▃▁▄▅▄▁▃▃▆▄▄▅▇█,False,False,False,9,0.15652918859380738,0.277027027027027,0.1197888027321472,0.21636337095145275,FLAT,True,86,60.0,WATCH,NONE,,GREEN,C,WATCHLIST,"Delivery P90, CMF positive",Producer Manufacturing,33.3
RATEGAIN,990.05,943.0,1003.0,932.4,False,True,True,True,True,True,1.5533991917297545,94.84679,1.6376056045872946,True,-0.17913042656070813,True,40.22,False,0.8064402939436774,13.0,-0.96,0,True,▇▇▇██▇▇█▁▅▄▅█▇▆▆▅▇▆▄,False,False,False,4,0.09956685917370045,0.2643509354447353,0.06282647331204028,0.2036872793691611,FLAT,True,85,60.0,WATCH,NONE,,GREEN,C,WATCHLIST,No standout factor,Technology Services,35.4
BIL,831.1,834.55,844.85,827.4,True,True,True,True,False,True,2.5384734799482533,2.03852208,2.5684486400766455,False,0.03151570179570816,False,93.75,True,1.209427731049074,97.0,1.67,0,True,▆▆▇▅▅▅▆▄▄▆▃▆▅▁▆█▆███,False,False,False,10,0.13864913001781076,0.19746415964267716,0.10190874415615059,0.13680050356710294,FLAT,True,78,60.0,WATCH,SEED,,GREEN,C,WATCHLIST,"Delivery P97, CMF positive",Consumer Non-Durables,34.2
KFINTECH,980.0,963.0,992.4,953.05,False,True,True,True,True,False,1.8361720652033122,265.55256,1.893590922602988,True,0.43568155742913833,True,29.13,False,0.7992865962409109,10.0,-1.19,0,False,▁▃▄▅▄▄▄▅▇▅▆▅▆█▇▅▄▃▁▃,False,False,False,5,0.14252404546779363,0.18543607112616423,0.10578365960613345,0.12477241505059,FLAT,True,76,60.0,WATCH,NONE,,GREEN,C,WATCHLIST,CMF positive,Technology Services,35.4
MOTHERSON,168.6,167.42,169.28,166.71,False,True,True,True,False,True,0.46183654215313275,173.65872498,0.4943170085165027,False,0.24287976528970218,True,62.31,True,1.3073445023761316,97.0,1.72,0,False,▆▅▆▆▆█▇▅▃▁▁▆▆▆▆▆▄▅▇█,False,False,False,10,0.169452729416661,0.16831820386667595,0.13271234355500083,0.10765454779110173,UP,True,73,60.0,WATCH,SEED,,GREEN,C,WATCHLIST,"Delivery P97, CMF positive",Producer Manufacturing,33.3
INDIAGLYCO,1146.5,1107.0,1169.8,1105.0,False,True,True,True,False,True,2.3197110566356063,61.6988975,2.363745740097412,True,0.06487877337490479,True,35.81,False,0.7368919252613385,8.0,-1.4,0,True,▇▇▇▇▅▇▆▇▆█▇▇█▆▇▅▁▆▆▄,False,False,False,1,-0.009759889445500103,0.16201287183905144,-0.04650027530716028,0.10134921576347722,FLAT,True,72,60.0,WATCH,NONE,,GREEN,C,WATCHLIST,CMF positive,Process Industries,34.8
GARFIBRES,802.6,763.3,809.7,745.0,False,True,True,True,False,True,2.3703151777065794,14.04277116,2.388867115839108,True,0.265530786104315,True,48.99,True,1.0016458970138726,28.0,-0.4,0,False,▇▅▅▇▇▄▆▄▁▃▄▆█▆▅▆▃▄▄▅,False,False,False,2,0.07234952234618208,0.1590728572460105,0.03560913648452191,0.09840920117043628,FLAT,True,71,60.0,WATCH,NONE,,GREEN,C,WATCHLIST,CMF positive,Producer Manufacturing,33.3
FEDERALBNK,361.0,356.3,361.0,355.15,False,True,True,True,False,True,1.033387827028257,158.7609771,1.0443426159795302,True,0.17673809347337882,True,64.65,True,1.0641537385292787,88.0,1.15,0,True,▇▆▆▄▅▆▁▆▅▃▅█▇▇▃▄▄▂▂▆,False,False,False,6,0.018910527801298205,0.14349065568577757,-0.01782985806036197,0.08282699961020334,FLAT,True,69,60.0,WATCH,SEED,,GREEN,C,WATCHLIST,CMF positive,Finance,30.6
BALAJITELE,97.8,91.47,100.2,89.46,False,True,True,True,True,False,6.713149265370216,18.472092359999998,7.243212138744171,True,-0.13589168334255822,True,56.76,True,1.0352657930015594,75.0,0.71,0,False,▄▅▁▅▆▇▆▄▄█▂▄█▁▁▃▆▆▃▅,False,False,False,5,0.16373155640171344,0.1069609507640068,0.12699117054005327,0.04629729468843258,UP,True,62,60.0,WATCH,NONE,,GREEN,C,WATCHLIST,No standout factor,Consumer Services,29.9
ORCHPHARMA,1002.05,988.45,1026.0,974.25,False,False,True,True,False,True,1.4292679220008055,10.648685144999998,1.4029930102364696,True,0.021108058251359578,False,72.29,True,1.6132199683113522,96.0,1.85,1,True,▂▃▁▃▃▃▃▁▃▂▃▂▃▃▃▂▃▂▅█,False,True,False,0,0.013605098118551373,0.09262893904699587,-0.0231352877431088,0.03196528297142165,FLAT,True,59,60.0,WATCH,SEED,DEL72% ▂▃▁▃▃▃▃▁▃▂▃▂▃▃▃▂▃▂▅█ P96 Z+1.9,GREEN,C,WATCHLIST,"Delivery P96, CMF positive",Health Technology,31.5
GENUSPOWER,337.95,335.0,346.0,334.0,False,True,True,True,True,True,2.0841613593376285,157.894329195,2.1942145763404954,True,0.06800357791945234,False,40.55,False,0.7949733375156838,15.0,-1.01,0,True,▅▇▅█▅▆▅█▆▇▆▆▅▇▅▄▅▇▁▃,False,False,False,0,0.07081749049429642,0.06006900878293586,0.034077104632636246,-0.0005946472926383617,UP,False,51,60.0,WATCH,NONE,,GREEN,C,WATCHLIST,CMF positive,Electronic Technology,34.8
WHEELS,1512.8,1490.0,1526.9,1462.8,False,True,True,True,True,True,1.5594241151904862,20.93215976,1.656532818431403,True,0.009289326683104457,True,40.42,False,0.8028203982322856,23.0,-0.68,0,True,▂▁▃▂▅▂▅▃█▅▂▅▄▄▂▄▃▂▃▂,False,False,False,0,0.049316778802802164,-0.07457025753960977,0.01257639294114199,-0.135233913615184,UP,False,17,60.0,WATCH,NONE,,GREEN,C,WATCHLIST,CMF positive,Producer Manufacturing,33.3
DEEDEV,646.1,629.9,653.35,625.0,False,True,True,True,False,True,0.4785861180583736,11.909819740000001,0.622393883719804,False,0.11765696947292445,False,60.89,True,1.172427072301916,89.0,1.18,0,True,▇▂▁▅▃▄▁▂▃▄▄▅▅█▇▄▃▆▅▆,False,False,False,16,0.5277843461811305,1.0848660858341401,0.4910439603194703,1.024202429758566,FLAT,True,100,59.0,WATCH,SEED,,GREEN,C,WATCHLIST,"CMF positive, RS leader",Producer Manufacturing,33.3
CUPID,284.58,281.99,288.0,281.9,False,True,True,True,False,True,0.4722455759912618,474.048127728,0.5122908237489766,False,0.5467662698304723,False,31.55,True,1.1351779224984708,45.0,-0.11,0,True,▇█▂▅▄▆▅▄▄▃▄▄▂▁▄▄▁▂▆▆,False,False,False,14,0.33336456917959034,0.7789585547290117,0.29662418331793017,0.7182948986534374,FLAT,True,99,59.0,WATCH,NONE,,GREEN,C,WATCHLIST,"CMF positive, RS leader",Consumer Non-Durables,34.2
IDEAFORGE,812.5,814.95,846.0,790.0,False,True,True,True,False,True,0.30514671524634984,66.64360625,0.31474325360339866,False,0.341297584537063,False,42.63,True,1.2108731466227347,85.0,0.93,0,True,▃▁▁▃▁▃▅▂▃▃▄█▅▅▅▆▄▃▆▅,False,False,False,6,0.34186622625928975,0.9066056552856976,0.3051258403976296,0.8459419992101234,FLAT,True,99,59.0,WATCH,SEED,,GREEN,C,WATCHLIST,"CMF positive, RS leader",Electronic Technology,34.8
HAPPYFORGE,2211.8,2318.1,2318.1,2211.8,True,True,True,True,False,True,0.63698690973332,20.14485322,0.7276115948938938,False,0.37090787885132526,False,59.25,True,1.1883392332454195,81.0,0.65,0,True,▄▃▆▇▅▅▁▃▄▄▆█▃▆▄▅▄▄▅▆,False,False,False,18,0.3691117301145157,0.6606351828215331,0.3323713442528555,0.5999715267459589,FLAT,True,98,59.0,WATCH,NONE,,GREEN,C,WATCHLIST,"CMF positive, RS leader",Producer Manufacturing,33.3
IRISDOREME,57.0,60.0,60.2,56.26,True,True,True,True,False,True,1.1466134607925664,9.6468681,1.1844271642269288,False,0.08504477560143715,False,45.47,True,1.1301106002236858,82.0,0.95,0,True,▁▄▃▅▅▇▄▅▇▆█▂▂▄▂▅▄▂▂▅,False,False,False,19,0.19172067739912202,0.5806988352745424,0.15498029153746185,0.5200351791989681,FLAT,True,97,59.0,WATCH,NONE,,GREEN,C,WATCHLIST,"CMF positive, RS leader",Consumer Non-Durables,34.2
MARINE,375.65,373.25,377.4,369.05,False,True,True,True,False,True,0.2773272899885987,14.570411679999998,0.3204540654396227,False,0.2682179797647855,False,46.6,True,1.0608871839819696,54.0,0.12,0,True,▃▃▅▄▅█▃▄▆▃▂▅▆▃▂▃▅▄▁▄,False,False,False,13,0.47429356357927777,0.5392337635730382,0.4375531777176176,0.478570107497464,FLAT,True,96,59.0,WATCH,NONE,,GREEN,C,WATCHLIST,"CMF positive, RS leader",Distribution Services,31.7
BECTORFOOD,254.83,258.02,262.99,254.0,True,True,True,True,False,True,0.35439604927552626,29.465712587,0.3971626949865419,False,0.23472782650866825,False,54.25,True,1.7452147337944346,53.0,0.08,1,False,▂▁▅▂▅▄▄▃▆▂▂▃▄▄▃▃▄▄▄█,False,False,False,13,0.23326719256642314,0.4028626479493531,0.19652680670476297,0.3421989918737789,FLAT,True,93,59.0,WATCH,NONE,DEL54% ▂▁▅▂▅▄▄▃▆▂▂▃▄▄▃▃▄▄▄█ P53 Z+0.1,GREEN,C,WATCHLIST,"CMF positive, RS leader",Consumer Non-Durables,34.2
BLSE,320.9,320.0,323.95,315.5,True,True,True,True,False,True,0.433817272447292,12.511858909999999,0.4640347593696463,False,0.16337097927634864,False,61.01,True,1.3858192597303773,89.0,1.22,0,True,▁▅▅▅▆█▅▆▆▅▆▇▃▆█▆▇▆▃█,False,False,False,14,0.13665344290167192,0.4049912434325742,0.09991305704001174,0.344327587357,FLAT,True,93,59.0,WATCH,SEED,,GREEN,C,WATCHLIST,"CMF positive, RS leader",Technology Services,35.4
NAUKRI,1350.1,1367.8,1367.8,1345.2,True,True,True,True,False,True,0.27169250422694646,80.99884447,0.28301394715484307,False,0.14795396795510302,False,53.63,True,1.0055970673991919,35.0,-0.32,0,True,▅▃▆▇▇▅▆▅▇▄▁▁▅▄█▇█▁▅▅,False,False,False,14,0.15838695838695838,0.3887060275663443,0.1216465725252982,0.3280423714907701,FLAT,True,92,59.0,WATCH,NONE,,GREEN,C,WATCHLIST,"CMF positive, RS leader",Technology Services,35.4
INDORAMA,62.69,61.76,65.82,61.01,False,True,True,True,False,False,1.5138078134940838,5.463903675,1.6013933859644978,True,0.18815611960487105,False,40.33,False,0.8264852347480377,8.0,-1.42,0,False,▇█▆▄▄▂▃▆█▇█▅▆█▆▇▁▆▂▄,False,False,False,5,0.2944455915754698,0.382359426681367,0.2577052057138096,0.3216957706057928,FLAT,True,92,59.0,WATCH,NONE,,GREEN,C,WATCHLIST,"CMF positive, RS leader",Process Industries,34.8
PARAS,1499.6,1505.4,1585.0,1482.2,True,True,True,True,False,True,1.6849339258337919,350.70800291999996,1.8398778849869777,False,0.23508079531679882,False,22.65,False,0.7838726423256619,19.0,-0.84,0,True,▄▅▄▄▅▄▄▆▃▄▅▅▄█▄▄▃▂▁▂,False,False,False,2,0.25468540829986597,0.3668140181379025,0.2179450224382058,0.30615036206232826,FLAT,True,91,59.0,WATCH,NONE,,GREEN,C,WATCHLIST,"CMF positive, RS leader",Electronic Technology,34.8
WSTCSTPAPR,637.25,637.0,655.0,633.75,False,True,True,True,True,True,1.21504553218753,26.05549565,1.276674427945814,True,0.16636189548266384,False,59.49,True,1.1645297053929726,65.0,0.42,0,True,▅▅▇▆▅▇▇▇█▇▆▆▁▄▆▆▅▆▇▇,False,False,False,9,0.15120585312979862,0.28906645089511485,0.11446546726813844,0.22840279481954062,FLAT,True,88,59.0,WATCH,NONE,,GREEN,C,WATCHLIST,CMF positive,Producer Manufacturing,33.3
BALUFORGE,555.4,552.4,563.0,543.7,False,True,True,True,True,False,1.5078492623117314,124.0996868,1.693105498847122,True,0.17674688916197392,False,29.57,False,0.6844273678363114,20.0,-0.89,0,False,▅▅▆▆▄▅█▅▄▃▅▄▂▅▁▁▂▃▃▂,False,False,False,5,0.28090405904059024,0.23752228163992872,0.24416367317893006,0.1768586255643545,UP,True,83,59.0,WATCH,NONE,,GREEN,C,WATCHLIST,CMF positive,Producer Manufacturing,33.3
HAL,5015.8,4940.0,5047.0,4924.2,False,True,True,True,True,True,1.4994755143320588,760.26537078,1.5687739248851051,True,0.3482969078140083,False,39.09,False,0.8375740564167945,17.0,-0.91,0,True,▄▂▃▆▄▃▄▇▄▃▄▅▁▁▇▃▅█▅▂,False,False,False,8,0.11444886351012062,0.1968026723932237,0.07770847764846045,0.13613901631764946,FLAT,True,78,59.0,WATCH,NONE,,GREEN,C,WATCHLIST,CMF positive,Electronic Technology,34.8
RACLGEAR,1512.0,1449.9,1534.0,1415.4,False,True,True,True,True,True,1.3091066603489678,10.4644008,1.4044069629239468,True,0.03741512353040844,True,58.4,True,1.1242768724311523,86.0,1.02,0,True,▃▇█▇▆▆▄█▅▅▄▃▆▅▇▇▅▁▄▆,False,False,False,3,0.1493728620296466,0.18365429779239073,0.11263247616798644,0.1229906417168165,FLAT,True,76,59.0,WATCH,NONE,,GREEN,C,WATCHLIST,CMF positive,Producer Manufacturing,33.3
THOMASCOOK,113.17,101.99,115.7,101.99,False,True,True,False,True,False,17.564865627107277,289.33067097400004,18.948903625781792,True,0.21732951789406343,True,11.72,False,0.2594211720436058,1.0,-2.86,0,False,▆▇▆▅▂▅▂▅▄▆▆▄▆▄█▅▆▇▇▁,False,True,False,0,0.15656617271333673,0.030879941701585034,0.11982578685167655,-0.02978371437398919,UP,False,45,59.0,WATCH,NONE,,GREEN,C,WATCHLIST,CMF positive,Consumer Services,29.9
ARSSBL,511.7,498.5,514.0,497.0,False,True,False,False,False,False,2.098864617382367,13.44824355,2.121663560670822,True,-0.04588657439401722,True,55.23,True,1.1245495082768309,96.0,1.53,0,True,▆▇▄▆▆▆▆▅▇▃▇▃▇▆█▁▂▅▅▆,False,True,False,0,0.00688705234159781,0.0020562028786841324,-0.029853333520062364,-0.05860745319689009,UP,False,37,59.0,WATCH,SEED,,GREEN,C,WATCHLIST,Delivery P96,Finance,30.6
REDINGTON,350.55,348.45,357.75,340.5,False,True,True,True,False,True,0.4253043475940783,176.85671665499999,0.45005777774881667,False,0.050711151107231046,True,32.21,True,1.00359874744894,27.0,-0.39,0,False,▃██▁▂▁▃▅▅▆▆▄▆▄▅▄▇█▅▅,False,False,False,11,0.3532136653155762,0.4845635878541483,0.316473279453916,0.4238999317785741,FLAT,True,95,58.0,WATCH,NONE,,GREEN,C,WATCHLIST,"CMF positive, RS leader",Distribution Services,31.7
ATHERENERG,1462.0,1457.0,1471.3,1433.3,False,True,True,True,False,True,0.3503132740158708,227.9819408,0.36012755046523715,False,0.15030127674964203,True,33.25,False,0.9932488947305532,69.0,0.47,0,True,▄▆▆▇▆▅▁▃▃▁▄▃▂▅▇▇█▅▅▅,False,False,False,7,0.209563994374121,0.4212112374842032,0.1728236085124608,0.36054758140862897,FLAT,True,93,58.0,WATCH,NONE,,GREEN,C,WATCHLIST,"CMF positive, RS leader",Consumer Durables,32.2
SONACOMS,817.6,820.05,822.05,802.2,True,True,True,True,False,True,0.6742893100556855,161.4490192,0.7098393303815486,False,0.22114618709404912,True,40.96,False,0.9011704655460706,17.0,-0.93,0,True,▆▅█▁▆▇▅▄▅▄▂▅▇▆▆▅▅▆▅▄,False,False,False,11,0.13879796643220277,0.37863586544136263,0.1020575805705426,0.3179722093657884,FLAT,True,92,58.0,WATCH,NONE,,GREEN,C,WATCHLIST,"CMF positive, RS leader",Producer Manufacturing,33.3
HFCL,228.01,225.0,228.8,223.03,False,True,True,True,False,True,0.5002347462399422,284.39290562599996,0.5520221327462919,False,0.21615807095224437,True,38.16,False,0.95045953822013,72.0,0.44,0,True,▄▁▂▄▄▂▂▂▄▂▆▃▄▄▃▂█▂▃▃,False,False,False,3,0.15829311658623313,0.3267194227859884,0.12155273072457295,0.2660557667104142,FLAT,True,90,58.0,WATCH,NONE,,GREEN,C,WATCHLIST,"CMF positive, RS leader",Electronic Technology,34.8
MANINDS,715.4,684.0,735.0,681.3,False,True,True,True,True,True,2.8471812489708004,199.02170456,3.3860386902994812,True,-0.032320048503624806,True,26.57,False,0.6004587622459011,8.0,-1.49,0,False,▆▅▅▅▆▆▆▆▇█▇▇▁▄▃▆▅▆▃▃,False,False,False,7,0.35659429221579586,0.31037640809597944,0.3198539063541357,0.24971275202040522,UP,True,89,58.0,WATCH,NONE,,GREEN,C,WATCHLIST,No standout factor,Producer Manufacturing,33.3
INDIANHUME,392.55,366.1,412.0,366.1,False,True,True,True,False,True,3.3126414706084093,6.824952810000001,3.327840933225265,True,0.044563849123891525,False,37.29,False,0.7344816379590511,9.0,-1.36,0,True,▄█▁▆▅▆▆▆██▇▇█▇▇▇▇▇▇▄,False,True,False,1,0.013948082138705908,0.31573655103066867,-0.022792303722954266,0.25507289495509444,FLAT,True,89,58.0,WATCH,NONE,,GREEN,C,WATCHLIST,CMF positive,Producer Manufacturing,33.3
SHRIPISTON,4600.1,4550.0,4645.8,4453.0,False,True,True,True,True,True,1.4790902869640967,40.06779102,1.5398494772806068,True,0.21276980743603136,True,49.22,False,0.9435806989628664,50.0,0.09,0,False,▃▂▂▂▂▆▄▁▃▄▄▃▂▄▅▃▂▃█▃,False,False,False,7,0.10581985143873673,0.3052150720690048,0.06907946557707656,0.24455141599343055,FLAT,True,88,58.0,WATCH,NONE,,GREEN,C,WATCHLIST,CMF positive,Producer Manufacturing,33.3
JINDALSAW,291.65,272.0,298.4,271.2,False,True,True,True,True,True,16.47672596597876,489.99684857999995,18.070348535343843,True,0.27652377720184235,True,17.15,False,0.37045037261043307,4.0,-2.07,0,False,▆▅▅▆▆▆█▇▆▆▆▅▆█▆▄▆▄▆▁,False,False,False,2,0.14215782259643617,0.22285115303983227,0.105417436734776,0.16218749696425805,FLAT,True,81,58.0,WATCH,NONE,,GREEN,C,WATCHLIST,CMF positive,Non-Energy Minerals,34.4
MANAPPURAM,357.5,354.5,358.5,351.35,False,True,True,True,False,True,1.3783487292945638,353.3533575,1.375336403655814,True,-0.17272207585595223,True,46.39,True,1.1030137312013315,70.0,0.62,0,True,▆▁▅▄▆█▅▇▂▅▃▃▃▄▆▅▄▆▅▆,False,True,False,7,0.012891344383057168,0.1713630406290958,-0.023849041478603006,0.11069938455352157,FLAT,True,74,58.0,WATCH,NONE,,GREEN,C,WATCHLIST,No standout factor,Finance,30.6
WELENT,631.45,586.0,653.7,582.7,False,True,True,True,True,True,17.12588208589379,357.07240914500005,18.49809322301633,True,0.16389279363569534,True,19.69,False,0.35488667597891227,0.0,-3.79,0,False,▇███▇▇▆▆██▇▇▆▇▇▆▇▅█▁,False,False,False,1,0.054525718102872656,0.14341330918967876,0.01778533224121248,0.08274965311410454,FLAT,True,69,58.0,WATCH,NONE,,GREEN,C,WATCHLIST,CMF positive,Industrial Services,37.0
CANHLIFE,155.24,151.25,155.7,150.28,False,True,True,True,True,True,1.3117387049414244,12.333942192,1.365366645047903,True,0.06319012097470558,True,56.27,True,1.1594770299090262,70.0,0.38,0,True,▄▄▁▄▂█▃▆▆▄▃█▃▆▂▅▅▄▄▆,False,False,False,1,0.05497791369351002,0.11418933467307824,0.018237527831849842,0.05352567859750401,FLAT,True,63,58.0,WATCH,NONE,,GREEN,C,WATCHLIST,CMF positive,Finance,30.6
ASAHIINDIA,965.75,954.0,968.0,936.45,False,True,True,True,True,True,0.9513412014938704,22.1160613,0.9916359176205924,False,0.33909785343372123,True,53.55,True,1.0891783872837661,81.0,0.93,0,False,▇▇█▆▇▆▅▁▂▆▅▅▇▆▂▅▄▆▆▆,False,False,False,8,0.0871890127209276,0.09297193300135809,0.05044862685926743,0.03230827692578386,UP,True,59,58.0,WATCH,NONE,,GREEN,C,WATCHLIST,CMF positive,Consumer Durables,32.2
KSL,881.15,856.65,914.9,849.0,False,True,True,True,False,True,3.993516186155475,14.675112675,4.0805244867092405,True,-0.1188581384490193,True,48.22,False,0.9435568296333982,32.0,-0.49,0,True,▃▆▅▇▆▆▆█▆▃▅█▅▅▆▇█▁▆▅,False,True,False,0,-0.013214625678929504,0.09120743034055723,-0.04995501154058968,0.030543774264983004,FLAT,True,58,58.0,WATCH,NONE,,GREEN,C,WATCHLIST,No standout factor,Non-Energy Minerals,34.4
APOLLOHOSP,8919.0,8615.0,8925.0,8588.5,False,True,True,True,False,True,4.040754876960265,1128.931344,4.088688736727571,True,-0.00036515107885798246,True,55.85,False,0.9540892590219945,23.0,-0.61,0,False,▄▅▅▆▆▅▅▂▆▇█▄▅▁▃▅▅▅▆▅,False,True,False,13,0.0105370496261048,0.08122196629894529,-0.026203336235555375,0.020558310223371068,FLAT,True,57,58.0,WATCH,NONE,,GREEN,C,WATCHLIST,No standout factor,Health Services,31.0
STLTECH,405.15,398.3,414.0,396.1,False,True,True,True,True,True,0.8374995805746792,255.440146935,1.1466837399167924,False,0.45204278519638547,False,47.91,False,0.9142519106548227,73.0,0.58,0,True,▂▃▃▃▄▃▂▂▁▁▁▁▃▃▃█▅▇▂▂,False,False,False,17,0.7522273159761266,1.41736276849642,0.7154869301144664,1.3566991124208458,FLAT,True,100,57.0,WATCH,NONE,,GREEN,C,WATCHLIST,"CMF positive, RS leader",Technology Services,35.4
SGMART,820.35,807.8,822.0,790.0,False,True,True,True,True,True,0.2990428743763501,9.920820690000001,0.33146419830357593,False,0.23356269280650152,False,45.15,False,0.9912075608390687,12.0,-1.0,0,True,▅▆▅▁▅▆▆▆█▅▅▃█▃▄▅▅▂▃▅,False,False,False,14,0.14967416438932113,0.41488444291134896,0.11293377852766096,0.35422078683577474,FLAT,True,93,57.0,WATCH,NONE,,GREEN,C,WATCHLIST,"CMF positive, RS leader",Utilities,29.3
COFORGE,1891.7,1890.0,1891.7,1851.0,False,True,True,True,True,True,0.5789619968678524,376.43524727000005,0.6339696999948051,False,0.3394231300795429,False,52.58,True,1.1142899527412211,75.0,0.63,0,False,█▂▁▆▄▅▅▇▅▆▅▄▆▆▇█▇▂▆▇,False,False,False,19,0.2741294537617027,0.3836307782328847,0.23738906790004255,0.3229671221573105,FLAT,True,92,57.0,WATCH,NONE,,GREEN,C,WATCHLIST,"CMF positive, RS leader",Technology Services,35.4
DEEPINDS,688.05,654.95,704.35,652.35,False,True,True,True,False,True,0.5449590693666523,40.03288195499999,0.621195315603025,False,0.25586295833068207,False,44.7,True,1.1720900962320058,47.0,0.02,0,False,▁▁▂▃▃▁▄▅▆▃▇▄▅▆▅▆▅█▄▅,False,False,False,9,0.43463302752293553,0.3888776746063787,0.39789264166127536,0.32821401853080445,UP,True,92,57.0,WATCH,NONE,,GREEN,C,WATCHLIST,"CMF positive, RS leader",Industrial Services,37.0
TI,575.65,581.8,584.0,572.7,True,True,True,True,False,True,0.33807096383410684,29.590942859999995,0.37630924649324204,False,0.21321244504205206,False,50.57,True,1.0277828587687743,71.0,0.51,0,False,█▃▃▄▆▇█▆▃▃▅▇▇▁▃▅▅▅▆▆,False,False,False,15,0.30296514259846075,0.32363761784318235,0.26622475673680057,0.2629739617676081,UP,True,90,57.0,WATCH,NONE,,GREEN,C,WATCHLIST,"CMF positive, RS leader",Consumer Non-Durables,34.2
PPLPHARMA,213.67,217.31,220.36,212.92,True,True,True,True,False,True,0.6244345965240099,97.697957992,0.6612467160613636,False,0.09550161099363132,False,49.13,True,1.2870521972624271,90.0,1.21,0,True,▆▆▇▃▄▅▅█▆▇▅▆▅▅▁▅▄▄██,False,False,False,15,0.17873889777679697,0.30405859017393966,0.1419985119151368,0.24339493409836543,FLAT,True,88,57.0,WATCH,SEED,,GREEN,C,WATCHLIST,"Delivery P90, CMF positive",Health Technology,31.5
TVSMOTOR,4314.5,4307.4,4340.0,4297.1,True,True,True,True,False,True,0.3670231367280183,235.6683448,0.3836601935455252,False,0.421429571365494,False,76.04,True,1.2520376072316532,98.0,2.3,0,True,▁▅▃▄▅▂▅▃▃▂▂▂▄▄▄▁▃▁▄█,False,False,False,16,0.19244375656403734,0.28312267657992574,0.15570337070237716,0.2224590205043515,FLAT,True,87,57.0,WATCH,SEED,,GREEN,C,WATCHLIST,"Delivery P98, CMF positive",Consumer Durables,32.2
DIVISLAB,8475.0,8499.5,8574.5,8465.5,True,True,True,True,False,True,0.6011217505437716,283.266705,0.6337131467200401,False,0.40748682711505396,False,68.7,True,1.1913432525231507,92.0,1.32,0,True,▅▅▆▅▅▁▆▆▇▆█▅▇▅▇█▆▆▆█,False,False,False,14,0.16936874784408418,0.2847722276965057,0.132628361982424,0.22410857162093145,FLAT,True,87,57.0,WATCH,SEED,,GREEN,C,WATCHLIST,"Delivery P92, CMF positive",Health Technology,31.5
UNOMINDA,1265.0,1261.0,1267.0,1252.0,False,True,True,True,False,True,0.5281690344385633,57.791525,0.5447719499136959,False,0.1403683764255146,False,63.76,True,1.3097646901736835,92.0,1.27,0,True,▅█▂▃▄▃▁▃▆▃▆▆▇▄▃▄▃▅▆▇,False,False,False,15,0.12244897959183665,0.19599130188144076,0.08570859373017647,0.13532764580586654,FLAT,True,78,57.0,WATCH,SEED,,GREEN,C,WATCHLIST,"Delivery P92, CMF positive",Producer Manufacturing,33.3
HEROMOTOCO,5727.0,5745.0,5778.0,5694.5,True,True,True,True,False,True,0.5515053196418891,266.6846274,0.5773005475404412,False,0.20963610216458486,False,68.13,True,1.2704539733154316,97.0,1.74,0,True,▆▆▅▄▆▅▃▄▅▁▃▅█▇▅▆▇▅▅█,False,False,False,10,0.1376412864265708,0.17951147176339743,0.10090090056491063,0.11884781568782321,FLAT,True,75,57.0,WATCH,SEED,,GREEN,C,WATCHLIST,"Delivery P97, CMF positive",Consumer Durables,32.2
PRESTIGE,1631.0,1592.0,1651.3,1590.0,False,True,True,True,False,True,1.623066170313988,156.8323932,1.6455097927961664,True,0.01824989075812297,True,36.59,False,0.7586957648644447,8.0,-1.32,0,False,▇▂▆▁▆▆▃▂█▆▄▆▁▅▅█▅▂▃▂,False,True,False,0,0.023982923154193925,0.175664960715058,-0.01275746270746625,0.11500130463948377,FLAT,True,75,57.0,WATCH,NONE,,GREEN,C,WATCHLIST,CMF positive,Finance,30.6
BLACKBUCK,634.3,631.8,641.9,624.0,False,True,True,True,True,True,1.3398510790217024,53.19855071,1.473554868284088,True,0.16520901203905236,False,50.86,True,1.259378482109694,55.0,0.08,0,False,▃▆▄▁▄▂▅█▄▇▇▇▆▇▆▅▅▂▅▇,False,False,False,7,0.1760452396403076,0.1608711566617862,0.13930485377864743,0.10020750058621197,UP,True,72,57.0,WATCH,NONE,,GREEN,C,WATCHLIST,CMF positive,Technology Services,35.4
M&M,3422.4,3425.0,3430.0,3378.3,True,True,True,True,False,True,0.3764451950341989,329.67568512,0.38610199991400174,False,0.1732039714479019,False,70.65,True,1.1726822305030167,96.0,1.54,0,True,▆▅▇▁▄▅▆▅▆▇█▇▆▇▅▆▆▆▅█,False,False,False,7,0.07649723200805236,0.13471038758661846,0.03975684614639219,0.07404673151104424,FLAT,True,67,57.0,WATCH,SEED,,GREEN,C,WATCHLIST,"Delivery P96, CMF positive",Consumer Durables,32.2
VOLTAMP,10869.5,10345.0,10989.0,10344.5,False,True,True,True,True,True,1.904579651067617,134.68288755,2.0890887534116773,True,0.03290124318931149,True,41.54,False,0.7901168817582668,17.0,-0.79,0,False,▆▇██▁▅▃▅▇▆▄▆▅▅▄▅▅▇▅▄,False,False,False,1,0.18404139433551192,0.11831884356191158,0.14730100847385175,0.057655187486337356,UP,True,64,57.0,WATCH,NONE,,GREEN,C,WATCHLIST,CMF positive,Producer Manufacturing,33.3
DATAPATTNS,4829.9,4730.1,5000.0,4730.1,False,True,True,True,True,True,2.7675223755995204,1118.23825059,2.964694800240603,True,0.0972512601692449,False,17.94,False,0.7574733997635534,17.0,-0.93,0,False,▁▅▁▃▂▂▃▇▃▃▆█▅▆▇▅██▄▁,False,False,False,1,0.05352819282364485,0.06252062388631008,0.016787806961984675,0.0018569678107358545,UP,True,51,57.0,WATCH,NONE,,GREEN,C,WATCHLIST,CMF positive,Electronic Technology,34.8
VINCOFE,161.55,152.4,167.67,150.0,False,True,True,True,False,True,3.493931411045242,130.08009231000003,3.7151727158918217,True,-0.06667960378516202,True,39.32,True,1.0257881898699504,87.0,1.11,0,True,▅▃▁▆▁▄▂▂▄▄▄▇▁█▃▃▄▃▁▄,False,False,False,1,0.03438340376488669,0.013170272812794037,-0.0023569820967734856,-0.04749338326278019,UP,False,40,57.0,WATCH,SEED,,GREEN,C,WATCHLIST,No standout factor,Distribution Services,31.7
RIIL,786.1,741.95,814.0,738.5,False,True,True,False,True,False,30.435963783794318,98.19686065,32.27046861990053,True,0.12365501106855444,True,13.13,False,0.35329889140027987,1.0,-2.33,0,True,▆▇▅▇▅▆▅▆▅▆▅█▇▃▆▆▇▄▆▁,False,False,False,0,0.07751353574121045,-0.002221235006663713,0.040773149879550274,-0.06288489108223794,UP,False,36,57.0,WATCH,NONE,,GREEN,C,WATCHLIST,CMF positive,Industrial Services,37.0
NCC,149.56,140.0,151.42,140.0,False,True,True,False,True,False,13.13450453346784,311.407909424,13.76079407388222,True,0.13107107853074748,True,22.78,False,0.4259536275243082,2.0,-2.47,0,True,▅▇▇▆▅▅▇▅▆▃▆▇▇▆▆█▅▅█▁,False,False,False,0,0.09096214165876426,-0.014041795767684051,0.05422175579710409,-0.07470545184325827,UP,False,33,57.0,WATCH,NONE,,GREEN,C,WATCHLIST,CMF positive,Consumer Durables,32.2
GUJTHEM,381.2,369.25,384.0,369.25,False,True,True,True,True,False,1.933331116329414,6.87010076,2.0433302887548845,True,-0.07638198540044229,True,58.42,True,1.0427394668499166,68.0,0.43,0,True,▅▅▅▇▅▆█▅▄▁▄▄▆▆▄▆▄▄▄▅,False,False,False,0,0.057420249653259425,-0.015750064549444942,0.02067986379159925,-0.07641372062501917,UP,False,32,57.0,WATCH,NONE,,GREEN,C,WATCHLIST,No standout factor,Health Technology,31.5
POWERMECH,2502.4,2456.2,2515.4,2435.5,False,False,False,False,False,False,1.7219687791953706,32.3322592,1.6899342491852982,True,0.09453197089692962,True,64.4,True,1.2533572068039391,95.0,1.71,0,True,▃▆▃▂▄▅▃▅▂▅▁▆▆▃▄▄▁▄▄█,False,False,False,0,-0.03516347933374453,-0.10292167055027779,-0.0719038651954047,-0.163585326625852,UP,False,11,57.0,WATCH,SEED,,GREEN,C,WATCHLIST,"Delivery P95, CMF positive",Industrial Services,37.0
NILKAMAL,2053.6,2011.0,2064.4,2005.0,False,True,True,True,True,True,0.20741492786934843,7.5182296,0.22149396312371708,False,0.3496455651985069,True,33.39,False,0.8541608042771995,4.0,-1.99,0,False,▅▄▃▆▅█▅▇▆▇▇▆▇▆▇▇▇▁▂▅,False,False,False,6,0.22522522522522515,0.6167532672020153,0.18848483936356497,0.5560896111264411,FLAT,True,97,56.0,WATCH,NONE,,GREEN,C,WATCHLIST,"CMF positive, RS leader",Consumer Durables,32.2
AEGISLOG,1417.9,1336.5,1449.0,1330.0,False,True,True,True,True,True,1.2652684769153737,202.97437006,1.333654031374926,True,0.007164632111291288,False,28.96,False,0.8276887021635372,21.0,-0.8,0,True,▅▅▄█▆▄▅▄▂▂▆▇▇█▅▆▁▃▅▄,False,False,False,4,0.05060758743331362,0.5013765353663704,0.013867201571653442,0.44071287929079617,FLAT,True,95,56.0,WATCH,NONE,,GREEN,C,WATCHLIST,"CMF positive, RS leader",Distribution Services,31.7
GABRIEL,1420.6,1429.1,1435.0,1406.1,True,False,True,True,False,True,0.5935584717118659,29.140625739999997,0.5685401111242463,False,0.043055940460208976,False,56.16,True,1.4322876817138483,92.0,1.42,0,True,▁▃▂▂▄▂▁▂▅▄▅▆█▅▃▅▅█▃█,False,False,False,3,0.04187752108544185,0.3651739381126273,0.005137135223781675,0.3045102820370531,FLAT,True,91,56.0,WATCH,SEED,,GREEN,C,WATCHLIST,"Delivery P92, CMF positive, RS leader",Producer Manufacturing,33.3
PRABHA,217.66,212.0,218.7,201.63,False,True,True,True,True,False,0.9377769766733587,13.136042192,1.0453414450041019,False,0.5290297306927939,True,35.65,False,0.6615266141527728,5.0,-1.65,0,False,▇▆██▄▄▇█▆▅▅▅▅▇▇▇▁▁▂▄,False,False,False,5,0.5562705562705561,0.3543650052890299,0.5195301704088959,0.2937013492134557,UP,True,91,56.0,WATCH,NONE,,GREEN,C,WATCHLIST,"CMF positive, RS leader",Energy Minerals,40.7
NYKAA,334.0,331.0,335.15,328.0,False,True,True,True,False,True,0.9748084104652721,215.597167,0.9805933786229823,False,0.14750290958675946,True,65.91,True,1.1313856083493548,92.0,1.42,0,False,▅▆▆█▆▅▅▁▆▅▇▇▇█▅▆█▇▆▇,False,False,False,7,0.03469640644361838,0.22120658135283366,-0.002043979418041797,0.16054292527725944,FLAT,True,81,56.0,WATCH,SEED,,GREEN,C,WATCHLIST,"Delivery P92, CMF positive",Retail Trade,32.3
JSFB,582.35,562.0,606.95,562.0,False,True,True,True,False,True,7.815668101297039,310.065094595,8.065496523313158,True,0.02926555286349226,False,47.94,False,0.9845762050481608,21.0,-0.79,0,True,▃▄▄▃▄▄▆▆█▆▆█▄▁█▄▆▄▃▅,False,False,False,5,0.08455163423037515,0.21386138613861383,0.047811248368714976,0.1531977300630396,FLAT,True,80,56.0,WATCH,NONE,,GREEN,C,WATCHLIST,CMF positive,Finance,30.6
CHALET,861.95,852.6,867.2,846.05,False,True,True,True,False,False,1.0061284941091768,9.02185826,1.0411778541072731,True,0.2532273519165268,True,57.49,True,1.0361265555865946,65.0,0.27,0,True,▅▅▃▁▃▄█▆▅▅▆▆▇▄▇▃▂▁▅▅,False,False,False,3,0.058386542239685646,0.1796222800054741,0.021646156378025472,0.11895862392989986,FLAT,True,75,56.0,WATCH,NONE,,GREEN,C,WATCHLIST,CMF positive,Consumer Services,29.9
OFSS,11828.0,11449.0,11850.0,11318.0,False,True,True,True,False,True,0.5838772527182796,305.8105744,0.6176335584906721,False,0.10150830639940751,True,39.56,True,1.0173588787450172,54.0,0.12,0,True,▁▂▂▃▃▄▃▅█▄▄▇█▅▅▅▇█▅▅,False,False,False,10,0.012584538994949046,0.17132105367399486,-0.024155846866711128,0.11065739759842064,FLAT,True,74,56.0,WATCH,NONE,,GREEN,C,WATCHLIST,CMF positive,Technology Services,35.4
MCX,3185.0,3145.1,3211.4,3132.0,False,True,True,True,True,True,1.384517319625715,1106.2571975,1.5539578037664026,True,0.16262683580126405,True,43.15,False,0.9670442957833283,70.0,0.54,0,False,▆█▅▄▅▆▅▃▅▃▅▃▄▄▆▂▃▆▁▄,False,False,False,2,0.16666666666666674,0.11636873466526465,0.12992628080500657,0.05570507858969043,UP,True,63,56.0,WATCH,NONE,,GREEN,C,WATCHLIST,CMF positive,Finance,30.6
MOTILALOFS,990.0,974.0,1004.0,968.55,False,True,True,True,True,True,1.019966653589211,183.358296,1.1283881377549476,True,0.2186367544407923,True,30.53,False,0.7744112014407649,6.0,-1.47,0,True,▂▃▅▆▅▅▅█▆▇▆▆▇▆▇▁▃▄▂▂,False,False,False,2,0.1353862033373472,0.11430018571669764,0.09864581747568701,0.05363652964112342,UP,True,63,56.0,WATCH,NONE,,GREEN,C,WATCHLIST,CMF positive,Technology Services,35.4
DECNGOLD,245.2,243.85,250.8,236.1,False,True,True,True,True,True,1.0502028735799465,80.41912672,1.1515236452911533,True,0.14565150919800798,False,29.3,False,0.7786961490419115,8.0,-1.19,0,False,▆▃▅▅█▄▇█▁▄▅▄▄▇▄▆▅█▇▄,False,False,False,7,0.25743589743589745,0.5958346892287665,0.22069551157423728,0.5351710331531923,FLAT,True,97,55.0,WATCH,NONE,,GREEN,C,WATCHLIST,"CMF positive, RS leader",Non-Energy Minerals,34.4
MPSLTD,2897.9,2929.0,2939.0,2873.4,True,True,True,True,False,True,0.22584283423571733,4.59577961,0.23525443981153946,False,0.1461748769655963,False,54.15,True,1.24804093297686,63.0,0.25,0,True,▂▃▁▃▆▆▆▄▄▂▆▄▅█▅█▇▄▄▇,False,False,False,6,0.046286601436978936,0.5967270924017851,0.009546215575318762,0.5360634363262109,FLAT,True,97,55.0,WATCH,NONE,,GREEN,C,WATCHLIST,"CMF positive, RS leader",Consumer Services,29.9
NEULANDLAB,23301.0,23669.0,23669.0,23180.0,True,True,True,True,False,True,0.259581436376685,68.0552307,0.27682239459445396,False,-0.013675231185588865,False,48.21,True,1.1403903015966883,90.0,1.25,0,True,▅█▇▇▇▅▆▆▁▂▄▄▇▆▅▆▆▆▆▇,False,False,False,11,0.25638951795535436,0.35486684498197474,0.2196491320936942,0.2942031889064005,FLAT,True,91,55.0,WATCH,SEED,,GREEN,C,WATCHLIST,"Delivery P90, RS leader",Health Technology,31.5
KTKBANK,328.3,335.05,338.25,326.7,True,True,True,True,False,True,0.9025307057474307,112.6423564,0.97868220082231,False,0.21059937902066955,False,54.66,True,1.0043363222107893,70.0,0.51,0,True,▅▅▆▁▂▄▅▆▃▆▅▅▄▄█▃▆▅▆▅,False,False,False,13,0.17375759742581343,0.19078708741385575,0.13701721156415325,0.13012343133828153,UP,True,77,55.0,WATCH,NONE,,GREEN,C,WATCHLIST,CMF positive,Finance,30.6
HERITGFOOD,380.85,381.8,387.05,372.55,False,True,True,True,True,False,1.4428490732881634,18.58060512,1.5646995870677467,True,0.1840100670099789,False,52.53,False,0.9678400014739615,62.0,0.27,0,True,▇▆█▄██▅▅▁▁▁▄▆▅▅▇▆▆▅▅,False,False,False,14,0.13584849388607223,0.19015625000000003,0.09910810802441206,0.1294925939244258,FLAT,True,77,55.0,WATCH,NONE,,GREEN,C,WATCHLIST,CMF positive,Consumer Non-Durables,34.2
EICHERMOT,8101.0,8100.0,8143.0,8030.0,False,True,True,True,True,True,0.556810597614058,231.818216,0.5734987056386269,False,0.27452882369633375,False,61.47,True,1.052757773229776,79.0,0.8,0,True,▄▆▇▁█▆█▇▅▇▇▄▆█▅▇▇█▇▇,False,False,False,20,0.07106498314272502,0.13938115330520384,0.03432459728106485,0.07871749722962962,FLAT,True,68,55.0,WATCH,NONE,,GREEN,C,WATCHLIST,CMF positive,Consumer Durables,32.2
RAYMOND,643.15,654.9,654.9,640.1,True,True,True,True,False,True,0.47671346631289085,17.449045390000002,0.49341604592811744,False,0.18789871653943113,False,45.33,True,1.0066845810477691,72.0,0.57,0,True,▆▁▂▂█▆▅▄▆▂▅▆▅▅▇▅▆▄█▅,False,False,False,8,0.09304894629503746,0.1075426209746857,0.056308560433377286,0.046878964899111475,UP,True,62,55.0,WATCH,NONE,,GREEN,C,WATCHLIST,CMF positive,Process Industries,34.8
LUMAXIND,5880.0,5800.0,5920.0,5732.0,False,True,True,True,False,True,0.579406965554752,8.550108,0.5928171997052587,False,0.11669704985119746,False,52.6,True,1.140515400210323,90.0,1.19,0,True,▄▄▄▂█▂▃▃▃▄▄▁▁▄▄▅▃▃▂▄,False,False,False,2,0.14352392065344222,0.10703191188929684,0.10678353479178204,0.046368255813722614,UP,True,62,55.0,WATCH,SEED,,GREEN,C,WATCHLIST,"Delivery P90, CMF positive",Producer Manufacturing,33.3
SAKAR,912.6,892.95,928.0,880.15,False,True,True,True,False,True,0.5661363516947864,7.473098879999999,0.5873425493928517,False,0.017960626798594313,True,54.95,True,1.1985386335132777,54.0,0.05,0,True,▄▁▅▅▅▅▇▅▄▄▄▃▅▇▄▆██▆█,False,False,False,5,0.137621540762902,0.10738987986894788,0.10088115490124183,0.046726223793373656,UP,True,62,55.0,WATCH,NONE,,GREEN,C,WATCHLIST,CMF positive,Health Technology,31.5
SBICARD,649.0,638.0,649.0,636.4,False,True,True,False,False,False,1.291424776362822,133.4051301,1.2999689515922541,True,0.01050870820148279,True,57.06,True,1.1402080190234496,81.0,0.92,0,True,▁▂▃▅▅▃▄▅▄▆▇▆▅█▅▃▆▆▄▅,False,True,False,11,0.04888888888888898,0.10102638052421731,0.012148503027228807,0.040362724448643084,FLAT,True,61,55.0,WATCH,NONE,,GREEN,C,WATCHLIST,CMF positive,Finance,30.6
TATATECH,820.75,823.9,824.7,813.0,True,True,True,True,False,True,0.2599207454483723,50.22481135,0.2562134303872073,False,0.4412411031046705,False,42.17,True,1.173867052666741,53.0,0.13,0,True,▅▃▆▄▅▆▇█▂▁▂▃▇▄▆▆▃▅▃▆,False,False,False,5,0.15436005625879035,0.07851511169513792,0.11761967039713017,0.017851455619563694,UP,True,56,55.0,WATCH,NONE,,GREEN,C,WATCHLIST,CMF positive,Technology Services,35.4
SANDHAR,667.75,649.1,671.85,646.0,False,True,True,True,True,True,0.8560985936946905,17.20724975,0.9069766178689708,False,0.07180598367112595,True,54.62,True,1.1618680932983056,85.0,0.81,0,True,▇▇▇▅▃▅▆▅▅▇▇▁▄█▄▄▆▇▆▇,False,False,False,0,0.12425288323932993,-0.0621488764044944,0.08751249737766975,-0.12281253248006863,UP,False,20,55.0,WATCH,NONE,,GREEN,C,WATCHLIST,CMF positive,Consumer Durables,32.2
KEC,435.95,425.1,437.5,423.55,False,False,False,False,False,False,3.4069959418299716,159.993955165,3.2620493443627927,True,-0.25314389158490186,True,67.32,True,1.2739504385591416,99.0,2.08,0,True,▆▃▂▄▅▁▃▂▃▄▅▂▂▃▃▂▅▁▂█,False,True,False,0,-0.07224941476909974,-0.135791456041233,-0.10898980063075991,-0.19645511211680722,UP,False,7,55.0,WATCH,SEED,,GREEN,C,WATCHLIST,Delivery P99,Industrial Services,37.0
MTARTECH,7777.0,8122.0,8297.5,7732.0,True,True,True,True,False,True,0.5773861021911433,944.1099129,0.5949148041307928,False,0.0410156816841065,False,21.68,True,1.2187306762606107,19.0,-0.9,0,True,▄▅▆▂▄▆▅▇▃█▅▃▂▂▁▁▂▃█▆,False,False,False,4,-0.014259458774320333,0.8632900474387848,-0.05099984463598051,0.8026263913632106,FLAT,True,99,54.0,IGNORE,NONE,,GREEN,C,WATCHLIST,"CMF positive, RS leader",Electronic Technology,34.8
SPECTRUM,2530.2,2440.8,2565.0,2440.8,False,True,True,True,False,True,0.2844750627151808,4.32967824,0.3125229861542668,False,0.2963370852181603,True,52.66,True,1.351157181710884,48.0,0.02,0,False,▆██▇▇▄▃▁▃▇▁▅▄▅▃▅▆▆█▇,False,False,False,11,0.2616305160807777,0.7447248655357881,0.22489013021911752,0.6840612094602139,FLAT,True,98,54.0,IGNORE,NONE,,GREEN,C,WATCHLIST,"CMF positive, RS leader",Electronic Technology,34.8
SKYGOLD,803.5,780.8,809.95,778.55,False,True,True,True,False,True,0.5776534008992547,62.45388555,0.6214660959981441,False,-0.09380339897679218,True,47.25,True,1.0664590175034703,59.0,0.26,0,True,▅▅▅▇▅▄▆▆▄▅▂▁▃▃▃▃▇█▇▅,False,False,False,8,0.22915710570598136,0.5787405442577858,0.19241671984432118,0.5180768881822115,FLAT,True,97,54.0,IGNORE,NONE,,GREEN,C,WATCHLIST,RS leader,Consumer Durables,32.2
DIVGIITTS,1217.9,1274.3,1274.3,1210.0,True,True,True,True,False,True,0.3372120358599923,11.23317886,0.33851684434954393,False,0.04189864668153101,False,49.21,True,1.0924994727319146,35.0,-0.35,0,True,▅▅▇▆▆▇▆█▆▅▆▇▁▄▄▆▆█▇▆,False,False,False,7,0.28796531302876494,0.4870573870573871,0.25122492716710476,0.4263937309818129,FLAT,True,95,54.0,IGNORE,NONE,,GREEN,C,WATCHLIST,"CMF positive, RS leader",Producer Manufacturing,33.3
AETHER,1626.6,1634.8,1641.3,1584.2,True,True,True,True,False,True,0.8595502483120362,53.870714760000006,0.9004096735730096,False,-0.042322091643943675,True,47.59,True,1.0996222142634333,50.0,-0.05,0,True,▆▆█▆▁▆▅▆▅▅▅▄▆▇▅▅▃▇▆▆,False,False,False,16,0.1394746059544658,0.42322162918890527,0.10273422009280564,0.36255797311333104,FLAT,True,93,54.0,IGNORE,NONE,,GREEN,C,WATCHLIST,RS leader,Process Industries,34.8
GMMPFAUDLR,1022.35,1018.3,1030.5,1002.15,False,True,True,True,False,False,0.2889453169595777,14.166601715,0.3021588867066755,False,0.39993397004475073,True,61.62,True,1.2080813229686411,65.0,0.36,0,False,▇▇█▇▇▇▇▇▁▂▄▅▅▅▆▇▆▇▇▇,False,False,False,8,0.26520636099251305,0.3450203920536772,0.22846597513085287,0.28435673597810296,FLAT,True,90,54.0,IGNORE,NONE,,GREEN,C,WATCHLIST,"CMF positive, RS leader",Producer Manufacturing,33.3
LMW,19849.0,19571.0,20030.0,19500.0,False,True,True,True,False,True,0.9391030465846062,16.097539,1.0470553464872538,False,0.3542573233900701,True,57.57,True,1.1450108395155034,60.0,0.25,0,False,▆█▆▇▃▆▅▅▇▆▄▅▆▁▆▄▅▃▇▆,False,False,False,9,0.25921461650701016,0.2595342344057363,0.22247423064535,0.19887057833016208,UP,True,85,54.0,IGNORE,NONE,,GREEN,C,WATCHLIST,CMF positive,Producer Manufacturing,33.3
LENSKART,628.0,609.85,640.0,606.85,False,True,True,True,True,True,1.7203858473757923,681.4927888,1.8494945480749843,True,-0.12061884389450944,True,57.3,False,0.9727362238142125,67.0,0.59,0,False,▆▇▆▆█▇▇▆▆▇▆▆▆▁▃▅▄▅▆▅,False,False,False,16,0.14588085028738274,0.25211843285813984,0.10914046442572256,0.19145477678256562,FLAT,True,84,54.0,IGNORE,NONE,,GREEN,C,WATCHLIST,No standout factor,Health Technology,31.5
ARTEMISMED,326.1,324.9,333.0,323.0,False,True,True,True,True,True,1.8945022671238878,31.759498590000003,1.9989871719202543,True,0.044699615764736814,False,44.05,False,0.8747542546219989,14.0,-1.01,0,False,▇█▁▄▇▆▅▃▆▆▁▄▅▂▅▇▆▅▄▄,False,False,False,9,0.18259292837715324,0.24181264280274184,0.14585254251549307,0.18114898672716762,FLAT,True,83,54.0,IGNORE,NONE,,GREEN,C,WATCHLIST,CMF positive,Health Services,31.0
EDELWEISS,128.68,127.0,132.4,126.5,False,True,True,True,True,True,2.9704395054892583,142.48403118800002,3.160677899095697,True,0.006266916782345998,False,43.61,False,0.9088635558426943,32.0,-0.34,0,True,▅▅▅▄▄▅▅▃▁▅▄▅▅▄▅█▅▅▄▄,False,False,False,1,0.09964108699367635,0.17056308559992717,0.06290070113201618,0.10989942952435294,FLAT,True,74,54.0,IGNORE,NONE,,GREEN,C,WATCHLIST,CMF positive,Finance,30.6
VIJAYA,1504.4,1505.0,1510.0,1470.6,False,True,True,True,False,True,0.43154994504857386,14.641121680000001,0.45285013166743526,False,0.15481999059979704,True,44.15,False,0.943497029533701,29.0,-0.52,0,True,▃▅▅▄█▅▄▅▃▁▂▄▃▃▃▄▃▄▄▃,False,False,False,8,0.14498820305959348,0.16873834679925426,0.1082478171979333,0.10807469072368003,UP,True,73,54.0,IGNORE,NONE,,GREEN,C,WATCHLIST,CMF positive,Health Services,31.0
PIRAMALFIN,2179.0,2143.7,2218.0,2143.5,False,True,True,True,True,True,2.218898275350193,89.5704098,2.3446005790716886,True,-0.17648960457468046,True,43.34,False,0.773852568051352,10.0,-1.08,0,True,▆▄▄▃▄█▄▅▂█▃▅▁▃▃▅▆▃▆▁,False,False,False,1,0.05062680810028919,0.11732130037944821,0.013886422238629015,0.05665764430387399,FLAT,True,64,54.0,IGNORE,NONE,,GREEN,C,WATCHLIST,No standout factor,Finance,30.6
APARINDS,16856.0,16700.0,17049.0,16621.0,False,True,True,True,False,True,0.43864544048351806,156.8804776,0.4708840287623677,False,0.14657395279714336,True,36.0,False,0.924000924000924,32.0,-0.48,0,True,▁▆▇▆▆█▆▅▅▆▅▄▅▄▇▆▆▅▆▄,False,False,False,4,0.21362229102167185,0.10741738387753763,0.17688190516001168,0.04675372780196341,UP,True,62,54.0,IGNORE,NONE,,GREEN,C,WATCHLIST,CMF positive,Electronic Technology,34.8
CARBORUNIV,1169.8,1137.9,1207.0,1126.6,False,True,True,True,False,True,3.6605974369818592,87.93667352,3.8288616327736626,True,0.03754953749667817,False,45.6,False,0.9550338241146041,28.0,-0.59,0,True,▄▃▆▅▅▅▃▅▆▁▃▃▄▃▅▆█▆▄▄,False,False,False,0,0.09912618622568825,0.11081568701927647,0.06238580036402808,0.05015203094370224,UP,True,62,54.0,IGNORE,NONE,,GREEN,C,WATCHLIST,CMF positive,Process Industries,34.8
APOLLOTYRE,439.7,428.75,442.9,427.75,False,True,True,False,False,False,2.273131715308724,75.99225175,2.2911237044872306,True,-0.06396638003333913,True,72.15,True,1.4310507264342738,99.0,2.53,0,True,▃▃▃▄▃▃▂▃▄▁▃▄▄▄▃▃▄██▇,False,False,False,0,0.047777910163231185,0.10951299520565216,0.011037524301571011,0.04884933913007794,FLAT,True,62,54.0,IGNORE,SEED,,GREEN,C,WATCHLIST,Delivery P99,Consumer Durables,32.2
EMBDL,64.87,63.12,65.2,63.0,False,True,True,False,False,False,2.1454324173821964,31.760760681,2.2150349105930798,True,-0.02664628794251983,True,62.59,True,1.2836736158823592,96.0,1.95,0,True,▄▁▅▃▄▅▂▅▁▆▄▃▅▅▅▅▂▄██,False,False,False,0,0.05979415128247023,0.0983745343718252,0.023053765420810057,0.03771087829625097,FLAT,True,60,54.0,IGNORE,SEED,,GREEN,C,WATCHLIST,Delivery P96,Finance,30.6
LGBBROSLTD,1609.0,1599.6,1612.0,1555.6,False,True,True,False,True,False,1.118719419497426,4.2270039,1.1522808371005226,True,0.03420358268939812,True,67.42,True,1.1629952907488226,97.0,1.67,0,True,▅█▆▂▂▃▅▆▅▁▆▇▁▆▆▄▅▂██,False,False,False,8,0.044533887301999364,0.055497244817633185,0.00779350144033919,-0.005166411257941039,UP,False,50,54.0,IGNORE,NONE,,GREEN,C,WATCHLIST,"Delivery P97, CMF positive",Producer Manufacturing,33.3
GAIL,173.8,175.4,175.4,173.45,True,False,True,True,False,True,0.35131076950174356,77.09648078000001,0.3478024928272116,False,0.21359629211715112,False,69.14,True,1.175590430687093,96.0,1.49,0,True,▇▆▇▆▁▂▄▆▅▃▄█▇▇▆▄█▅▆▇,False,False,False,3,0.015186915887850594,0.037302297821545816,-0.02155346997380958,-0.023361358254028408,UP,False,47,54.0,IGNORE,SEED,,GREEN,C,WATCHLIST,"Delivery P96, CMF positive",Utilities,29.3
ATLANTAELE,1846.9,1712.9,1857.4,1700.0,False,True,True,True,True,True,2.9399667705073105,74.36505912,3.2597534589826522,True,0.016171050967468795,True,40.92,False,0.8270258799276454,39.0,-0.35,0,False,▅█▅▅▅▄▁▆▇▄▇▆▅▂▄▅▆▆▃▃,False,False,False,0,0.16171845515159156,0.011889108042954177,0.12497806928993138,-0.048774548032620046,UP,False,40,54.0,IGNORE,NONE,,GREEN,C,WATCHLIST,CMF positive,Producer Manufacturing,33.3
MACPOWER,1874.8,1953.7,1955.6,1828.5,True,True,True,True,False,True,0.8788169473611653,11.473401039999999,0.9940432588645173,False,0.33649815362580926,False,50.96,True,1.1123237438337625,42.0,-0.06,0,False,▆█▃▁▃▆▆▆▇▃▅▅▄▅▆▇▂▆▇▆,False,False,False,7,0.39442171811082183,0.8839370949103151,0.35768133224916165,0.8232734388347409,FLAT,True,99,53.0,IGNORE,NONE,,GREEN,C,WATCHLIST,"CMF positive, RS leader",Producer Manufacturing,33.3
TFCILTD,130.99,132.5,134.9,130.2,True,True,True,True,False,True,0.4277197291537484,116.53191325500002,0.5101493918463215,False,0.28986288145415573,False,43.8,True,1.076510924865436,28.0,-0.65,0,False,▄▄▃▄▅▄▃▃▄▄▄▅█▅▄▁▄▃▄▄,False,False,False,16,0.5009739887704825,0.7540171397964648,0.4642336029088223,0.6933534837208906,FLAT,True,98,53.0,IGNORE,NONE,,GREEN,C,WATCHLIST,"CMF positive, RS leader",Finance,30.6
DALMIASUG,497.95,498.0,508.9,475.05,True,True,True,True,False,True,1.3154093856153406,78.55101496,1.5342745298674891,False,0.4362651028327295,False,25.3,False,0.753021013155545,9.0,-1.37,0,False,▅█▇▇▇▁▁▃▅▅▅▅▆▄▄▄▄▃▃▃,False,False,False,8,0.3757425058709767,0.5197619410956815,0.3390021200093165,0.4590982850201073,FLAT,True,96,53.0,IGNORE,NONE,,GREEN,C,WATCHLIST,"CMF positive, RS leader",Process Industries,34.8
PNGSREVA,556.9,558.95,574.65,543.0,False,True,True,True,False,True,0.24620945921332962,12.101437,0.2652391283487852,False,0.315753633582262,False,49.81,True,1.4983605571097673,54.0,0.01,0,False,▆▆▂▃▆█▁▂▄▄▆▂▂▃▅▃▄▄▆▇,False,False,False,5,0.36847278535446604,0.5276368125085722,0.33173239949280586,0.46697315643299797,FLAT,True,96,53.0,IGNORE,NONE,,GREEN,C,WATCHLIST,"CMF positive, RS leader",Consumer Durables,32.2
PGIL,2386.1,2410.0,2431.6,2355.4,False,True,True,True,False,True,0.15613154245059027,7.90419486,0.15837870755812777,False,0.39271250940758756,False,30.28,False,0.7070883977255479,8.0,-1.27,0,True,▇█▆▆▆▇██▃▁▄▅▇▇█▇▇▇▆▄,False,False,False,11,0.2084578374271968,0.46305720767674274,0.17171745156553664,0.4023935516011685,FLAT,True,95,53.0,IGNORE,NONE,,GREEN,C,WATCHLIST,"CMF positive, RS leader",Consumer Non-Durables,34.2
ASKAUTOLTD,621.15,645.0,649.95,617.5,True,True,True,True,False,True,0.3319458081411965,37.027745339999996,0.32179162904782277,False,0.5394836499444311,False,44.89,True,1.0593510324483777,30.0,-0.37,0,False,▇▇███▆▅▁▁▃▃▄▆▆▇▆▆▆▆▆,False,False,False,7,0.21961515806008247,0.44672178875043667,0.1828747721984223,0.38605813267486244,FLAT,True,94,53.0,IGNORE,NONE,,GREEN,C,WATCHLIST,"CMF positive, RS leader",Producer Manufacturing,33.3
VARROC,814.95,820.0,825.35,810.15,True,True,True,True,False,True,0.14924319918252016,14.193739665,0.15204634550560248,False,0.3938440025237504,False,52.06,True,1.2724095369612243,69.0,0.35,0,False,▇▇▆▇▇▇▇▆▅▁▃▃▅▆▆▇▇▇██,False,False,False,17,0.26791131855309236,0.4288594722538792,0.23117093269143218,0.368195816178305,FLAT,True,94,53.0,IGNORE,NONE,,GREEN,C,WATCHLIST,"CMF positive, RS leader",Producer Manufacturing,33.3
DYCL,458.8,455.0,462.8,451.55,False,True,True,True,False,True,0.404102232127389,10.7285792,0.4330051213872749,False,0.02892333957675368,True,33.97,False,0.934924107941488,16.0,-0.86,0,True,▁▅▂▆▁▃▅▃▆▇▂▅▂▄▄▆▇█▅▃,False,False,False,6,0.1401590457256463,0.44299418147507486,0.10341865986398613,0.38233052539950063,FLAT,True,94,53.0,IGNORE,NONE,,GREEN,C,WATCHLIST,"CMF positive, RS leader",Producer Manufacturing,33.3
UTTAMSUGAR,323.3,333.31,337.2,318.15,True,True,True,True,False,True,2.483711911878801,29.859082760000003,2.7829058163459264,False,0.3119512493464703,False,22.77,False,0.5456244608453944,4.0,-1.73,0,False,▇███▅▂▂▅▆▄▅▅▆▃▄▄▄▂▁▁,False,False,True,11,0.4151273745951152,0.40029452529452536,0.378386988733455,0.33963086921895114,UP,True,93,53.0,IGNORE,NONE,,GREEN,C,WATCHLIST,"CMF positive, RS leader",Process Industries,34.8
LODHA,1235.8,1254.0,1262.0,1232.2,True,True,True,True,False,True,0.6091361930391358,178.4810329,0.5975480145396613,False,0.14421537399416895,False,46.95,True,1.1629779170433858,44.0,-0.13,0,False,▁▂▃▆██▄▅▆▆▄▄▆▄▅▃▅▆▂▆,False,False,False,3,0.08015033650904635,0.37417991771377745,0.043409950647386175,0.31351626163820323,FLAT,True,92,53.0,IGNORE,NONE,,GREEN,C,WATCHLIST,"CMF positive, RS leader",Finance,30.6
QUESS,335.85,338.0,344.0,333.1,True,True,True,True,False,True,0.21723313034754574,10.752136995,0.22152164637373475,False,0.09030421050985467,False,43.4,True,1.0255319651697208,20.0,-0.7,0,False,▆▅█▃▁▅▆▇█▆▆▆█▇▇█▇█▇▆,False,False,False,7,0.1369329722410293,0.3763216129825424,0.10019258637936912,0.3156579569069682,FLAT,True,92,53.0,IGNORE,NONE,,GREEN,C,WATCHLIST,"CMF positive, RS leader",Commercial Services,25.4
ADOR,1617.6,1683.9,1696.9,1612.5,True,True,True,True,False,True,0.8941367121177914,7.01520768,0.941812968933922,False,0.2131399707708574,False,47.89,False,0.90798778984889,21.0,-0.72,0,True,▅▁▅▄▂█▇█▅▁▄▆▆▃▃▂▅▃▂▃,False,False,False,12,0.08280340049534751,0.38766406451059443,0.04606301463368734,0.3270004084350202,FLAT,True,92,53.0,IGNORE,NONE,,GREEN,C,WATCHLIST,"CMF positive, RS leader",Producer Manufacturing,33.3
RUBICON,1724.7,1774.7,1776.0,1701.0,True,True,True,True,False,True,0.6793183505860041,47.39630823,0.685936719875715,False,0.4193939486629201,False,49.08,True,1.1309928448802296,65.0,0.41,0,False,▅▅▄▅▅▆▅▄▄▂▄▆█▆▆▁▄▃▆▆,False,False,False,9,0.13392504930966465,0.3547246877700103,0.09718466344800447,0.2940610316944361,FLAT,True,91,53.0,IGNORE,NONE,,GREEN,C,WATCHLIST,"CMF positive, RS leader",Health Technology,31.5
GLAXO,2902.2,2985.0,2989.4,2880.0,True,True,True,True,False,True,0.5217813781777225,25.121733419999998,0.5283935067959263,False,0.483662883666693,False,40.91,False,0.723328264790127,2.0,-2.12,0,True,▅▇▄▆▅▄▄▅▅▆▅▄▆▆█▇▅▁▅▂,False,False,False,13,0.15427753251401954,0.36799434362479366,0.11753714665235937,0.30733068754921944,FLAT,True,91,53.0,IGNORE,NONE,,GREEN,C,WATCHLIST,"CMF positive, RS leader",Health Technology,31.5
UNIVCABLES,1592.5,1652.7,1665.3,1580.0,True,True,True,True,False,True,0.49138040832158575,21.62662775,0.49660513608931683,False,0.3754730445149883,False,47.08,False,0.9648826175617653,56.0,0.1,0,True,▅▅▅▅▅▄▄▇▅█▂▁▃▆▄▆▄▄▄▅,False,False,False,14,0.28968253968253976,0.3534761176270611,0.2529421538208796,0.2928124615514869,FLAT,True,91,53.0,IGNORE,NONE,,GREEN,C,WATCHLIST,"CMF positive, RS leader",Electronic Technology,34.8
OMAXE,102.55,102.03,105.0,101.13,True,True,True,True,False,True,0.4361291214190109,11.119814405,0.45568233395173297,False,0.21513429571689277,False,36.34,False,0.8662590433963839,21.0,-0.66,0,True,▅▆▆▅▅▅▅▇▇▄▆██▂▁▂▂▄▅▄,False,False,False,6,0.16986082591832075,0.3500526592943656,0.13312044005666057,0.28938900321879135,FLAT,True,91,53.0,IGNORE,NONE,,GREEN,C,WATCHLIST,"CMF positive, RS leader",Finance,30.6
RRKABEL,2919.3,2890.0,2931.4,2850.0,False,True,True,True,True,True,0.38215987694594494,78.89816952000001,0.4214022441793174,False,-0.11977547753214285,False,52.47,True,1.2394000236211171,79.0,0.7,0,True,▄▁▆▅▇▇█▄▆▆▅▇▇▇▇█▄▆▆█,False,False,False,17,0.1707170356111647,0.3464163822525599,0.13397664974950452,0.28575272617698566,FLAT,True,90,53.0,IGNORE,NONE,,GREEN,C,WATCHLIST,RS leader,Producer Manufacturing,33.3
SANSERA,3876.9,3897.0,3929.5,3860.0,True,True,True,True,False,True,0.3337326651049717,35.94816756,0.34989184763559406,False,0.20191875981394192,False,49.86,True,1.0265384694570834,51.0,-0.07,0,False,▇█▆▄▇▆▇▃▅▆▄▆▄▃▁▃▆▆▅▆,False,False,False,11,0.21735171287719424,0.3303479514103358,0.18061132701553406,0.26968429533476157,FLAT,True,90,53.0,IGNORE,NONE,,GREEN,C,WATCHLIST,"CMF positive, RS leader",Producer Manufacturing,33.3
MANYAVAR,544.15,547.0,554.0,537.1,True,True,True,True,False,False,0.13820385331375862,21.945297425,0.15281555444543668,False,0.5450769020582661,False,46.25,True,1.147329513036144,28.0,-0.49,0,False,▇▅█▅▆▆▁▁▂▂▄▇▄▆▄▅▆▆▅▅,False,False,False,14,0.35259756400695985,0.3356651939126165,0.3158571781452997,0.2750015378370423,UP,True,90,53.0,IGNORE,NONE,,GREEN,C,WATCHLIST,"CMF positive, RS leader",Retail Trade,32.3
LLOYDSENGG,90.05,92.29,92.99,89.5,True,False,True,True,False,True,0.5811827843921182,66.5060673,0.562217015008167,False,0.1033976437092425,False,50.07,True,1.238574662032628,92.0,1.31,0,True,▇▃▅▆▅▆▄▆▄▁▅▆▆█▅▇▄▇▇█,False,False,False,7,0.01843474327075323,0.2693825768254863,-0.018305642590906945,0.20871892074991205,FLAT,True,85,53.0,IGNORE,SEED,,GREEN,C,WATCHLIST,"Delivery P92, CMF positive",Industrial Services,37.0
STEELCAS,356.05,359.4,363.65,355.0,True,True,True,True,False,True,0.32950651606944786,1.7314355449999999,0.3463591683322531,False,0.2854119366173259,False,68.94,True,1.2584195827172662,95.0,1.55,0,True,▄▆▄▂▁▄▇▆▅▆▆█▆▂▅▇▇▆██,False,False,False,12,0.16109571172346326,0.2471103327495623,0.12435532586180309,0.18644667667398807,FLAT,True,84,53.0,IGNORE,SEED,,GREEN,C,WATCHLIST,"Delivery P95, CMF positive",Non-Energy Minerals,34.4
AGARWALEYE,500.2,501.1,502.5,495.05,True,False,True,True,False,True,0.16956127626749382,22.668463759999998,0.16586483811697061,False,0.46346642586487496,False,69.15,True,1.2709060834405441,93.0,1.45,0,True,▆▅▆▅▆▄▂▁▂▄▄▃█▅▆▅▆▅▄▆,False,False,False,6,0.044476926289413354,0.13746446844798177,0.00773654042775318,0.07680081237240755,FLAT,True,68,53.0,IGNORE,SEED,,GREEN,C,WATCHLIST,"Delivery P93, CMF positive",Health Services,31.0
MEDANTA,1409.7,1408.2,1414.7,1401.0,False,False,True,True,False,True,0.4564668461656506,16.605138240000002,0.4507501111895783,False,0.17035928137387296,False,75.09,True,1.3621892262061335,95.0,1.87,0,True,▃▁▄▃▂▃▅▅▇█▃▂▄▄▇▃▇▃▃█,False,False,False,9,0.02822757111597385,0.14136507165411727,-0.008512814745686326,0.08070141557854305,FLAT,True,68,53.0,IGNORE,SEED,,GREEN,C,WATCHLIST,"Delivery P95, CMF positive",Health Services,31.0
NRBBEARING,486.1,483.2,494.0,482.0,False,True,True,True,True,True,0.5453520739656756,16.2041435,0.5772132298474957,False,0.1929677767292185,False,40.65,False,0.8700304992241424,11.0,-1.06,0,True,▆▇▇▆▆██▆▃▃▁▅▂▃▄▄▃▁▄▃,False,False,False,8,0.22243178674713948,0.14148174239755784,0.1856914008854793,0.08081808632198362,UP,True,68,53.0,IGNORE,NONE,,GREEN,C,WATCHLIST,CMF positive,Producer Manufacturing,33.3
VIMTALABS,629.65,640.1,647.95,627.2,True,True,True,True,False,False,0.38845518344979185,5.705825335,0.39166537693256676,False,0.09442634221145624,False,47.94,True,1.1538183831139137,92.0,1.28,0,True,▁▂▅▅▃█▃▁▄▁▆▄▆▃▇▄▅▄▂▆,False,False,False,8,0.10377771934437718,0.13481121023700093,0.06703733348271701,0.07414755416142671,FLAT,True,67,53.0,IGNORE,SEED,,GREEN,C,WATCHLIST,"Delivery P92, CMF positive",Commercial Services,25.4
STYLAMIND,3601.7,3617.3,3641.8,3484.8,True,True,True,True,False,True,2.2433877602666574,45.65767039,2.298426895122754,False,-0.10173781568721295,False,62.61,True,1.3923389114360372,60.0,0.35,0,True,▁▃▅▄▃▅▄▅▄▅▆▇▅▆▆▇▆▆▇█,False,False,False,4,0.05411496136736127,0.1326456806817824,0.017374575505701095,0.07198202460620817,FLAT,True,66,53.0,IGNORE,DISTRIBUTION,,GREEN,C,WATCHLIST,No standout factor,Non-Energy Minerals,34.4
FINEORG,5159.9,5070.0,5184.0,4985.5,False,True,True,True,False,True,1.029268094113816,20.87489144,1.0413007999036,True,0.0022487051127962547,True,59.67,True,1.0830580462482302,74.0,0.54,0,True,▃▃▃▅▄▄▃▃▃▃▁█▄▅▂▁▃▅▂▄,False,False,False,0,0.06863415139277196,0.09211166846572261,0.031893765531111784,0.03144801239014838,UP,True,59,53.0,IGNORE,NONE,,GREEN,C,WATCHLIST,CMF positive,Process Industries,34.8
PETRONET,293.0,289.95,293.5,289.75,False,True,True,True,True,True,0.8804808886603523,49.814395,0.914017242455858,False,0.27782312077537363,False,63.58,True,1.1477466581220495,77.0,0.72,0,False,▆▆▆▅▆▅▄▅▇▅▅▃▅▁█▃▇▆▇▇,False,False,False,3,0.06661812886785579,0.06642402183803453,0.029877743006195612,0.005760365762460307,UP,True,53,53.0,IGNORE,NONE,,GREEN,C,WATCHLIST,CMF positive,Utilities,29.3
MAZDOCK,2582.9,2571.0,2603.7,2554.0,False,True,True,True,True,True,1.2790727435687774,282.03589115,1.3495137540682476,True,0.22987219024215919,True,24.4,False,0.806424959513501,42.0,-0.36,0,False,▄▆▄▁▁▃▆▃▂▄█▆▂▄▅▅▃▇▆▂,False,False,False,5,0.10248420693187632,0.0563144119090464,0.06574382107021615,-0.004349244166527821,UP,False,50,53.0,IGNORE,NONE,,GREEN,C,WATCHLIST,CMF positive,Producer Manufacturing,33.3
DEEPAKNTR,1747.1,1760.0,1760.0,1725.1,True,True,True,True,False,True,0.5768659960136742,51.47515672,0.5758825252454208,False,-0.3141930796326715,True,74.37,True,1.5284385757591328,98.0,2.22,1,True,▂▅▄▆▅▄▄▁▃▂▄▄▅▄▃▄▅▅▅█,False,False,False,2,0.059105237633365615,0.04623031319240667,0.02236485177170544,-0.014433342883167555,UP,False,48,53.0,IGNORE,SEED,DEL74% ▂▅▄▆▅▄▄▁▃▂▄▄▅▄▃▄▅▅▅█ P98 Z+2.2,GREEN,C,WATCHLIST,Delivery P98,Process Industries,34.8
CLSEL,288.35,279.0,294.8,279.0,False,True,True,True,False,True,3.514189697998269,6.761836335000001,3.5544374434524846,True,-0.1293254173480528,True,32.97,False,0.6831673936241853,12.0,-1.17,0,False,▄▆█▂▁▇▆▆▃▇▆▇▆▅▄▇▆▄▇▂,False,True,False,0,0.030557541100786345,-0.038993501083152804,-0.006182844760873829,-0.09965715715872703,UP,False,26,53.0,IGNORE,NONE,,GREEN,C,WATCHLIST,No standout factor,Process Industries,34.8
INDOTECH,3902.5,3800.0,3914.1,3771.0,False,True,True,True,True,True,0.8415259283945045,23.3549015,1.1505339782627326,False,-0.05328329980783639,True,50.8,False,0.9811211433537733,35.0,-0.31,0,True,▄▄▄▅█▁▂▃▄▃▄▆▇▆▅▆▇▇▄▄,False,False,False,6,0.5162994910051677,1.8373564054093352,0.4795591051435075,1.776692749333761,FLAT,True,100,52.0,IGNORE,NONE,,GREEN,C,WATCHLIST,RS leader,Producer Manufacturing,33.3
YASHO,4400.0,4325.8,4478.8,4240.6,False,True,True,True,False,True,0.7420870262810213,36.0206,0.7818272182195091,False,0.11697675271426888,True,26.38,False,0.6628557070167724,4.0,-1.89,0,False,▅▅▅▆▃▁▁▃▃▇▆▇▇██▆▂▃▄▂,False,False,False,8,0.43229166666666674,0.5328874024526198,0.39555128080500657,0.47222374637704556,FLAT,True,96,52.0,IGNORE,NONE,,GREEN,C,WATCHLIST,"CMF positive, RS leader",Consumer Non-Durables,34.2
WEL,141.27,131.81,142.28,127.75,False,True,True,True,False,False,1.075227811380886,25.699004907000003,1.1330849624507542,True,0.21659830771259375,True,23.05,False,0.6375328446964459,10.0,-1.41,0,False,▅▅▄▃▅▂▆█▆▄▁▂▂▆▄▅▂▄▅▂,False,False,False,15,0.3173256247668781,0.5246060867688325,0.2805852389052179,0.46394243069325825,FLAT,True,96,52.0,IGNORE,NONE,,GREEN,C,WATCHLIST,"CMF positive, RS leader",Electronic Technology,34.8
SUNDRMFAST,1228.0,1240.3,1240.3,1212.1,True,True,True,True,False,True,0.5745658240943096,16.9689952,0.6233158515081707,False,0.1521646573569055,True,55.84,False,0.9445915199905272,44.0,-0.23,0,False,▇▂▇▄▆█▅██▅▆▁▅▄▅▆▇▄▅▅,False,False,False,19,0.3055496491601106,0.46051379638439593,0.26880926329845045,0.3998501403088217,FLAT,True,95,52.0,IGNORE,NONE,,GREEN,C,WATCHLIST,"CMF positive, RS leader",Producer Manufacturing,33.3
GSPCROP,592.25,585.4,600.0,585.4,False,True,True,True,False,True,0.43868893153082833,7.4123641,0.4451113289860838,False,0.18967364209759138,True,23.24,False,0.9605885878438423,31.0,-0.63,0,False,▅██▃▆▅▆▆▇▃▄▄▅▄▁▇▁▄▅▅,False,False,False,16,0.11745283018867925,0.3636886944508404,0.08071244432701907,0.3030250383752662,FLAT,True,91,52.0,IGNORE,NONE,,GREEN,C,WATCHLIST,"CMF positive, RS leader",Process Industries,34.8
TIIL,3318.8,3205.0,3325.0,3177.0,False,True,True,True,True,True,0.6637294752903874,16.666681720000003,0.7243706659989608,False,-0.2586802930509841,True,59.7,True,1.2844648600966038,64.0,0.32,0,False,▅▇█▇▇▆▇▅▅▄▅▇▂▃▁▂▃▅▄▆,False,False,False,12,0.2931229300603937,0.323074469781534,0.2563825441987335,0.26241081370595976,FLAT,True,90,52.0,IGNORE,NONE,,GREEN,C,WATCHLIST,RS leader,Producer Manufacturing,33.3
SURAKSHA,325.8,309.0,329.0,305.0,False,True,True,True,True,True,0.5357304004926607,5.93777016,0.5948417333754915,False,0.3258919426938492,True,47.97,False,0.8616539732720218,10.0,-1.13,0,False,██▇▆█▆█▄▇▇▅█▇▁▂▃▃▄▆▅,False,False,False,4,0.28800158134018594,0.2154448796866255,0.25126119547852577,0.1547812236110513,UP,True,80,52.0,IGNORE,NONE,,GREEN,C,WATCHLIST,CMF positive,Health Services,31.0
GRPLTD,2039.4,2012.0,2052.9,2001.1,False,True,True,True,False,True,0.19885952470547372,0.14010678000000001,0.2011799475818489,False,0.05526896114689832,True,70.74,True,1.0739742665199075,69.0,0.57,0,True,▂▄▅▇▃▃▄▂▂▁▂▆▂▁▆▇▃▃█▄,False,False,False,4,0.0158904109589042,0.2036118980169972,-0.020849974902755974,0.14294824194142297,FLAT,True,79,52.0,IGNORE,NONE,,GREEN,C,WATCHLIST,CMF positive,Producer Manufacturing,33.3
HCLTECH,1361.3,1372.8,1374.9,1346.5,True,True,True,True,False,False,0.323387450990633,130.8168461,0.33747758934980676,False,0.27313490205195257,True,66.69,True,1.2838332114118507,87.0,1.15,0,True,▅▅▃▆▄▆▆▇█▃▆▃▆▅▆▅▇▁▅█,False,False,False,17,0.1307417559597972,0.16519729521527005,0.09400137009813703,0.10453363913969582,FLAT,True,73,52.0,IGNORE,SEED,,GREEN,C,WATCHLIST,CMF positive,Technology Services,35.4
CRISIL,4514.5,4479.5,4534.3,4469.6,False,True,True,True,False,False,0.44594169240061593,9.4660036,0.4492712466512705,False,0.30078646876280657,True,55.73,True,1.0476548547795843,47.0,-0.16,0,True,▂▄▁▁▃▆▆▅▃▄▄▅▃▅▃▃▆▅█▄,False,False,False,7,0.03848454177401561,0.159377487865636,0.0017441559123554384,0.09871383179006177,FLAT,True,71,52.0,IGNORE,NONE,,GREEN,C,WATCHLIST,CMF positive,Technology Services,35.4
BAJAJHLDNG,11417.0,11540.0,11541.0,11387.0,True,True,True,True,False,False,0.5910930159241288,34.9988135,0.6182283846613346,False,0.22674829450222772,True,58.48,True,1.1296117442534286,79.0,0.72,0,True,▅▅▅▄▂▁▃▃▅▄▃▃▄▄▄█▁▄▄▅,False,False,False,10,0.09799961531063661,0.12738224548237387,0.06125922944897644,0.06671858940679964,FLAT,True,66,52.0,IGNORE,NONE,,GREEN,C,WATCHLIST,CMF positive,Finance,30.6
HINDCOPPER,572.7,562.95,581.5,561.2,False,True,True,True,True,False,1.25905432949006,783.0206960700001,1.3326378342591745,True,0.05968676680776238,True,30.91,False,0.8747948151921663,54.0,0.05,0,False,▆█▇▆▄▆▅▃▂▄▂▃▁▃▃▃▁▃▂▃,False,False,False,4,0.1853461657870228,0.12294117647058833,0.1486057799253626,0.06227752039501411,UP,True,65,52.0,IGNORE,NONE,,GREEN,C,WATCHLIST,CMF positive,Non-Energy Minerals,34.4
SUNPHARMA,1918.0,1932.0,1937.0,1914.7,True,False,True,True,False,True,0.3381631753401965,159.451971,0.33050727048790735,False,0.11243028707625079,True,70.03,True,1.0640189010354548,81.0,0.83,0,True,█▆▄▃▁▄▄▄▃▃▅▅▅▃▅▄▂▄▂▅,False,False,False,10,-0.007554589671944445,0.07746755800235938,-0.04429497553360462,0.01680390192678516,FLAT,True,56,52.0,IGNORE,NONE,,GREEN,C,WATCHLIST,CMF positive,Health Technology,31.5
RBLBANK,392.5,392.3,392.75,387.7,False,True,True,True,True,True,0.564026230344135,77.9898285,0.5844914091939378,False,0.3868710180890756,True,42.94,False,0.8971907940786242,56.0,0.11,0,False,▇▃█▆▆▆▁▃▆▄▆▃▆▆▅▅▃▃▁▃,False,False,False,13,0.11221309152734493,0.07284406177395097,0.07547270566568476,0.01218040569837675,UP,True,54,52.0,IGNORE,NONE,,GREEN,C,WATCHLIST,CMF positive,Finance,30.6
RBA,104.24,105.3,107.18,102.33,True,True,True,True,False,True,0.24527572098811687,59.441807176,0.28640730222423966,False,0.16521567217060562,False,31.83,False,0.8392991338053236,4.0,-2.11,0,False,▅██▆▇█▃▁▂▂▄▄▃▂▃▃▄▅▄▃,False,False,False,10,0.5997544505831798,0.5140159767610748,0.5630140647215196,0.4533523206855006,UP,True,95,51.0,IGNORE,NONE,,GREEN,C,WATCHLIST,"CMF positive, RS leader",Consumer Services,29.9
ETERNAL,318.2,318.0,321.2,315.55,False,True,True,True,False,True,0.5373376998800551,561.7883049,0.5642306550761816,False,0.11568291862776302,False,68.56,True,1.386128605076676,98.0,1.89,0,False,▁▃▃▂▄▁▄▂▂▂▃▁▄▄▃▅▅▅▇█,False,False,False,15,0.1102581995812979,0.2815142972211033,0.07351781371963773,0.2208506411455291,FLAT,True,87,51.0,IGNORE,SEED,,GREEN,C,WATCHLIST,"Delivery P98, CMF positive",Technology Services,35.4
LAURUSLABS,1802.0,1825.0,1836.4,1790.3,True,True,True,True,False,True,0.6272961757957178,252.6101264,0.6435931820536968,False,0.19972917245278027,False,61.55,True,1.2007764565876877,89.0,1.3,0,True,▁▂▅▄▄▃▆▆██▄▆▄▅▄▅▇▆▆▇,False,False,False,14,0.1310569922169218,0.2650940746981185,0.09431660635526162,0.2044304186225443,FLAT,True,85,51.0,IGNORE,SEED,,GREEN,C,WATCHLIST,CMF positive,Health Technology,31.5
RAMRAT,477.35,488.5,493.55,475.0,True,True,True,True,False,True,0.49133370644215885,7.7381299100000005,0.5132493231672339,False,0.29264353490827677,False,61.59,True,1.172272026494604,82.0,0.83,0,True,▇▆▇▅▁▄▁▅▁▃▅▅█▅▃▅▅▅█▆,False,False,False,7,0.15274088384448192,0.2588343881856541,0.11600049798282175,0.19817073211007985,FLAT,True,85,51.0,IGNORE,NONE,,GREEN,C,WATCHLIST,CMF positive,Producer Manufacturing,33.3
NAZARA,354.35,358.95,359.0,353.0,True,True,True,True,False,True,0.17659438709435682,20.08264451,0.1836064060944297,False,0.2934850082623643,False,59.44,True,1.3493603931850944,90.0,1.35,0,False,▅▁▄▆▃▅▄▅▄▆▅▇▇▆▅█▆▆▅█,False,False,False,16,0.172179953688389,0.2396361728179115,0.13543956782672883,0.17897251674233727,FLAT,True,83,51.0,IGNORE,SEED,,GREEN,C,WATCHLIST,"Delivery P90, CMF positive",Technology Services,35.4
UNITDSPR,1515.3,1534.2,1534.2,1512.0,True,True,True,True,False,True,0.28967595885568825,38.5143801,0.2942587317078267,False,0.10578036553685274,False,58.1,True,1.0095393650848812,42.0,-0.03,0,True,▂▄▄▆▆▅▁▃█▆▆▆▆▅▄▇▆▄▆▅,False,False,False,18,0.07911978350662285,0.20271450115088485,0.04237939764496268,0.14205084507531063,FLAT,True,79,51.0,IGNORE,NONE,,GREEN,C,WATCHLIST,CMF positive,Consumer Non-Durables,34.2
PERSISTENT,5667.5,5685.0,5722.0,5602.0,True,True,True,True,False,True,0.5730838390150835,201.26482675,0.5911879290730696,False,0.10040182257041678,False,41.7,True,1.048660882685779,42.0,-0.31,0,True,▃▂▃▂▄▁▁▅▅▄▇▅▅▅▄█▆▂▃▄,False,False,False,14,0.08979905778290553,0.17802951569320302,0.05305867192124536,0.1173658596176288,FLAT,True,75,51.0,IGNORE,NONE,,GREEN,C,WATCHLIST,CMF positive,Technology Services,35.4
SPAL,930.45,929.6,935.65,908.25,False,False,False,True,False,False,1.6616957068616844,14.056029015,1.55437090636787,True,0.0077914160720660396,True,37.79,False,0.8422108312903945,18.0,-0.84,0,True,▃▄▆▆▅▆▁▃▆▄▄▄▄▄▆▅▂▆█▃,False,True,False,0,-0.0721479856402073,0.1688336159788959,-0.10888837150186748,0.10816995990332168,FLAT,True,73,51.0,IGNORE,NONE,,GREEN,C,WATCHLIST,CMF positive,Consumer Non-Durables,34.2
HONASA,481.9,484.3,493.5,479.1,True,True,True,True,False,True,0.5271768475392972,53.73609071999999,0.5221632678003368,False,0.12613446744261306,False,54.01,True,1.111557023636794,70.0,0.47,0,True,█▇▇▇▆▆▆▆▅▄▅▇▇▆▁▄▄▅▇▇,False,False,False,4,0.07423094070441372,0.16499456061888074,0.03749055484275354,0.10433090454330651,FLAT,True,72,51.0,IGNORE,NONE,,GREEN,C,WATCHLIST,CMF positive,Retail Trade,32.3
NESTLEIND,1500.2,1506.9,1515.8,1496.1,True,True,True,True,False,True,0.558789050180266,217.82348926,0.5612452472804514,False,0.11755430292594764,False,67.05,True,1.0935333931338171,89.0,1.11,0,True,▄▄▅▇█▃▁▄▆▃▆▃▃▁▂▅▃▄▆▆,False,False,False,11,0.05114910313901344,0.08482175139200221,0.014408717277353267,0.024158095316427985,FLAT,True,57,51.0,IGNORE,SEED,,GREEN,C,WATCHLIST,CMF positive,Consumer Non-Durables,34.2
BPCL,318.2,314.85,319.25,314.05,False,True,True,True,False,False,1.32036654161469,250.47052541999997,1.3230669862950615,True,0.23111929123416664,False,56.06,True,1.0231420645349687,64.0,0.34,0,True,▃▄▆▅▆▂▂▁▆▅▇▂▇▅█▃▅▂▂▅,False,False,False,10,0.008398035176675478,0.07809588344909368,-0.028342350684984696,0.01743222737351946,FLAT,True,56,51.0,IGNORE,NONE,,GREEN,C,WATCHLIST,CMF positive,Energy Minerals,40.7
HOMEFIRST,1193.7,1187.7,1227.9,1178.1,False,True,True,True,False,True,1.5636243698506058,27.8705076,1.5802841341417466,True,-0.10396909427785357,False,65.01,True,1.1138620222909474,77.0,0.71,0,True,▃▁▃▄▆▄▅▄▄▇▄▂▇█▃▄█▅▄▆,False,False,False,0,0.016780238500851752,0.07608401694762468,-0.019960147360808422,0.015420360872050454,FLAT,True,55,51.0,IGNORE,NONE,,GREEN,C,WATCHLIST,No standout factor,Finance,30.6
KRISHIVAL,405.65,398.2,410.0,396.5,False,True,True,True,False,False,2.0137508283631544,3.1556324799999995,2.1220058846586323,True,-0.21110425912834452,True,73.25,False,0.9776769328305916,37.0,0.11,0,False,▄▆▂▃██▃▅▁▄▆▆▁▇▃▄▃▃▄▄,False,True,False,6,0.04670365114178798,0.002719070572240634,0.009963265280127809,-0.05794458550333359,UP,False,37,51.0,IGNORE,NONE,,GREEN,C,WATCHLIST,No standout factor,Process Industries,34.8
PARAGMILK,225.5,208.55,229.9,208.55,False,True,True,False,False,False,6.650875168965985,81.41120515,6.900078324588034,True,-0.027446480832886696,True,24.82,False,0.4682577115366475,2.0,-2.27,0,True,▄▅▅▅▃▅▄▅▃▃▅▅▆▄▇▅▃▅█▁,False,True,False,0,0.05275443510737632,-0.03426124197002145,0.016014049245716144,-0.09492489804559567,UP,False,28,51.0,IGNORE,NONE,,GREEN,C,WATCHLIST,No standout factor,Consumer Non-Durables,34.2
GRAUWEIL,70.07,66.32,71.45,66.32,False,True,False,True,False,False,3.7465566895999345,7.708912211,3.7170637785609637,True,-0.28900596045730315,True,33.61,False,0.5288624186683242,2.0,-2.01,0,True,▄▆▄▃█▄▁▆▆▇▆▇▆▆▆▄▆▅▅▁,False,True,False,0,-0.05272407732864681,-0.04000548020276751,-0.08946446319030699,-0.10066913627834173,UP,False,25,51.0,IGNORE,NONE,,GREEN,C,WATCHLIST,No standout factor,Process Industries,34.8
BRIGADE,639.3,625.75,642.5,619.15,False,True,True,False,True,False,2.4536162908317674,76.65954980999999,2.6542770338263537,True,0.4017854208636189,True,36.26,False,0.7950621073750452,12.0,-1.04,0,False,▅▁▂▆▅▆█▄▄▄▁▂▂▃▃▂▆█▂▂,False,False,False,0,0.21667142449329124,-0.0579133510167994,0.17993103863163107,-0.11857700709237362,UP,False,21,51.0,IGNORE,NONE,,GREEN,C,WATCHLIST,CMF positive,Finance,30.6
NEPHROPLUS,691.0,681.25,695.85,673.0,False,True,True,True,False,True,1.0059854917937918,10.7507853,1.0034606243633712,True,-0.05028681584197186,True,70.17,True,1.2923484939176557,96.0,1.69,0,True,▃▁▄▂▃▄▅▂▄▃▂▃▄▂▂▄▅▂▄█,False,False,False,0,0.022189349112426093,-0.08959156785243738,-0.01455103674923408,-0.1502552239280116,UP,False,13,51.0,IGNORE,SEED,,GREEN,C,WATCHLIST,Delivery P96,Health Services,31.0
MMP,401.9,407.0,429.95,400.0,True,True,True,True,False,True,1.9080736665188307,7.971003269999999,2.2007146164832188,False,0.025485038106414133,False,44.32,False,0.8102302538368022,6.0,-1.54,0,True,▄▆█▅▁▄▆▂▄▃▁▂▄▅▄▆▅▃▃▂,False,False,True,10,0.41364755539922604,0.5463639861485188,0.37690716953756587,0.48570033007294455,FLAT,True,96,50.0,IGNORE,NONE,,GREEN,C,WATCHLIST,"CMF positive, RS leader",Non-Energy Minerals,34.4
FERMENTA,478.25,465.15,481.0,456.55,False,True,True,True,False,True,0.39488127849365595,4.392200175,0.38564731618415343,False,0.008191255164838119,False,57.05,True,1.2751167832636732,57.0,0.14,0,True,▅█▅▂▂▄▃▃▅▇▅▁▄▆▆▅▄█▆▇,False,False,False,9,0.1045034642032332,0.4485839769801607,0.06776307834157302,0.3879203209045865,FLAT,True,94,50.0,IGNORE,NONE,,GREEN,C,WATCHLIST,"CMF positive, RS leader",Health Technology,31.5
TMCV,468.8,467.0,474.9,463.5,True,True,True,True,False,True,0.7557516318693847,297.7766032,0.7951164593035092,False,0.10156715200105652,True,49.85,True,1.0047465962571427,51.0,-0.07,0,False,▄▇▂▅▄▆▄▄▇▇▄█▅▁▄▂▅▇▅▅,False,False,False,11,0.138554948391014,0.2914600550964188,0.10181456252935384,0.2307963990208446,FLAT,True,88,50.0,IGNORE,NONE,,GREEN,C,WATCHLIST,CMF positive,Consumer Durables,32.2
KISSHT,311.5,303.0,315.5,302.55,False,True,True,True,False,True,1.039138359577676,50.50358845,1.0336814816226052,True,-0.171051389134056,True,48.84,True,1.1262019507920769,97.0,1.65,0,True,▅▂▃▂▁▄▄▅▄▅▄▄▅▄▆▇▄█▃▆,False,False,False,0,-0.08543746330005875,0.19946091644204866,-0.12217784916171892,0.13879726036647444,FLAT,True,79,50.0,IGNORE,SEED,,GREEN,C,WATCHLIST,Delivery P97,Finance,30.6
AFFLE,1718.7,1729.5,1732.0,1705.0,True,True,True,True,False,False,0.146274513600019,12.596008560000001,0.15363718128187373,False,0.4655079135671723,True,43.91,True,1.029760090054173,24.0,-0.6,0,False,▆▁▄▅▇▅▇██▇▅▅▇█▇██▇▆▇,False,False,False,14,0.18916487926382075,0.1883426674963702,0.15242449340216058,0.12767901142079596,UP,True,77,50.0,IGNORE,NONE,,GREEN,C,WATCHLIST,CMF positive,Technology Services,35.4
ELLEN,328.5,323.1,331.8,320.4,False,True,True,True,False,False,0.3316769282279964,9.07261155,0.35606754705543203,False,0.1363745534621259,True,45.78,True,1.0006557377049181,23.0,-0.68,0,False,▆▆▇█▄▆▆▇█▁▃▅▂▃▄▄▅▃▃▅,False,False,False,6,0.16820768136557618,0.19086460032626418,0.131467295503916,0.13020094425068995,UP,True,77,50.0,IGNORE,NONE,,GREEN,C,WATCHLIST,CMF positive,Process Industries,34.8
INDIGO,5315.0,5370.0,5370.0,5313.5,True,True,True,True,False,True,0.20255679396876378,92.6526745,0.20675584080800444,False,0.20831740708207425,True,58.48,True,1.2057234753206054,64.0,0.39,0,False,▃▆█▅▅▁▄▄█▃▇▃▄▄▅▆▆▆▅▇,False,False,False,3,0.012670286748594828,0.17880589070262598,-0.024070099113065346,0.11814223462705176,FLAT,True,75,50.0,IGNORE,NONE,,GREEN,C,WATCHLIST,CMF positive,Transportation,24.2
GALAPREC,1089.3,1029.7,1122.0,1029.7,False,True,True,True,False,True,2.927737462156307,16.33307313,3.027051005189269,True,-0.10155146779229202,True,25.46,False,0.524899751569442,2.0,-2.34,0,True,▄▅▅▇▆█▇▄▄▄▅▆▇▆█▆▅▆▆▁,False,False,False,0,-0.04972520282648518,0.17267736031865644,-0.08646558868814536,0.11201370424308221,FLAT,True,74,50.0,IGNORE,NONE,,GREEN,C,WATCHLIST,No standout factor,Producer Manufacturing,33.3
AGI,753.6,711.75,758.75,710.1,False,True,True,True,True,False,5.126968691793601,51.21556032,5.448856039011789,True,-0.12028613246057993,True,38.16,False,0.7082799710451584,11.0,-1.22,0,True,▃▆▁▅▄▇▂▅█▅▄▇▆▅▆▄▅▆▅▂,False,False,False,1,0.12001188972282084,0.16701509872241593,0.08327150386116067,0.10635144264684171,FLAT,True,73,50.0,IGNORE,NONE,,GREEN,C,WATCHLIST,No standout factor,Process Industries,34.8
LTM,4711.9,4725.0,4801.2,4686.1,True,True,True,True,False,False,0.4112136093132285,87.31103580999999,0.43209393148246444,False,0.2735774200314293,True,46.85,True,1.251586188472584,80.0,0.73,0,False,▅▄▅▄▃▄▂▄▄▁▂▄▆▆▄▅▇▂█▇,False,False,False,7,0.15612425164392962,0.15836959461120537,0.11938386578226945,0.09770593853563114,UP,True,71,50.0,IGNORE,NONE,,GREEN,C,WATCHLIST,CMF positive,Technology Services,35.4
PIDILITIND,1699.1,1690.1,1707.5,1684.4,False,True,True,True,False,True,0.4927596298611348,111.69084823,0.5145541582412095,False,0.32916727888939773,True,62.56,True,1.0446253391776248,65.0,0.35,0,False,▅▅▄▆▆▆▁▂▅▅▄▇▇▆▅█▇▆▅▆,False,False,False,16,0.08492433433369517,0.15498606484943234,0.048183948472035,0.09432240877385811,FLAT,True,71,50.0,IGNORE,NONE,,GREEN,C,WATCHLIST,CMF positive,Process Industries,34.8
GNFC,582.8,591.5,594.35,581.85,True,True,True,True,False,True,0.7332039589921407,27.38769524,0.7622319626978189,False,0.012266951527541871,False,55.79,True,1.1302788723548658,82.0,0.86,0,True,▇▆▆▆█▆▆▆▁▅█▇▄▇▆▄▄▅▆▇,False,False,False,3,0.15853294901103254,0.15669346035526432,0.12179256314937237,0.0960298042796901,UP,True,71,50.0,IGNORE,NONE,,GREEN,C,WATCHLIST,CMF positive,Process Industries,34.8
SHRINGARMS,230.52,224.8,233.5,224.1,False,True,True,True,False,True,2.029199429184712,22.661867952,2.0534435343706012,True,-0.27255827506489855,True,24.83,False,0.7515588110660452,12.0,-1.15,0,False,▂█▆▅▄▃▃▃▁▅▂▄▆▄▂▆▃▃▆▂,False,False,False,8,0.0494400437039062,0.14555483774785083,0.012699657842246026,0.0848911816722766,FLAT,True,69,50.0,IGNORE,NONE,,GREEN,C,WATCHLIST,No standout factor,Consumer Durables,32.2
CDSL,1388.9,1345.9,1401.8,1345.9,False,True,True,True,True,False,3.777153446606384,519.65304608,3.923634980524588,True,-0.032724061282259055,True,34.19,False,0.8849717865092923,44.0,-0.26,0,True,▅▃▅▃▅▇▁▅▆▆▄▅▄█▇▃▄▅▆▃,False,False,False,0,0.04185732503188078,0.13111816923202224,0.005116939170220602,0.07045451315644802,FLAT,True,66,50.0,IGNORE,NONE,,GREEN,C,WATCHLIST,No standout factor,Finance,30.6
INDGN,567.8,565.55,570.55,557.25,False,True,True,True,False,True,0.46782225955886025,20.70777956,0.4829325581661783,False,-0.06240514275670327,True,59.88,True,1.0625876173406918,65.0,0.23,0,True,▃▅▅▄▂▁▁▅▄▃▄▅▅▅▄▅▅▃█▅,False,False,False,13,0.15254237288135597,0.11256980503575953,0.1158019870196958,0.051906148960185305,UP,True,63,50.0,IGNORE,NONE,,GREEN,C,WATCHLIST,No standout factor,Health Technology,31.5
FEDFINA,156.84,155.0,159.58,154.01,False,True,True,True,True,True,1.7761553610992995,24.894883836,1.834683218493705,True,-0.03735804892576672,False,45.17,False,0.8543678302234748,23.0,-0.6,0,True,▁▃▂▁▃▆▅▄▅▆▄▅█▄▄▄▇▄▂▁,False,False,False,0,0.04191855444097525,0.026506970351462877,0.005178168579315079,-0.034156685724111346,UP,False,44,50.0,IGNORE,NONE,,GREEN,C,WATCHLIST,No standout factor,Finance,30.6
WELSPLSOL,51.26,49.59,54.2,49.01,False,True,True,True,False,False,30.64180338079523,47.661819678,31.39739121472089,True,-0.17268565591374768,False,13.47,False,0.2340187110728898,1.0,-2.95,0,True,▄▅▄▅▆▆▆▆█▇▆▆▇▇▇▆▆▅▆▁,False,True,False,0,0.00019512195121951237,-0.031001890359168227,-0.03654526391044066,-0.09166554643474245,UP,False,28,50.0,IGNORE,NONE,,GREEN,C,WATCHLIST,No standout factor,Non-Energy Minerals,34.4
TATAPOWER,383.0,382.5,390.4,379.6,False,True,False,False,False,False,2.5110225595497897,311.0266017,2.539529595856385,True,0.12861330399965465,False,48.27,True,1.0160928734567578,58.0,0.23,0,True,▄▁▃▃█▆▅▅▆▇▇▆▆█▄▆▆▆▆▆,False,False,False,0,0.015241882041086896,-0.06767283349561837,-0.021498503820573278,-0.1283364895711926,UP,False,18,50.0,IGNORE,NONE,,GREEN,C,WATCHLIST,CMF positive,Utilities,29.3
RPTECH,876.9,856.2,888.4,856.2,False,True,True,True,False,True,0.43143727804403237,22.19758353,0.44167403400080707,False,-0.04747737009912981,False,46.79,True,1.0081987524106055,35.0,-0.3,0,True,▇▃▆▁▅▅▄▁▄▄▇█▇▇▇▅██▅▅,False,False,False,8,0.1244470090401999,0.5703796561604584,0.08770662317853972,0.5097160000848842,FLAT,True,97,49.0,IGNORE,NONE,,GREEN,C,WATCHLIST,RS leader,Distribution Services,31.7
QPOWER,1305.6,1338.0,1350.0,1300.9,True,True,True,True,False,True,0.2149012021765973,21.77649408,0.23071164005238126,False,-0.2579629859287155,False,52.72,True,1.1538377360968242,96.0,1.98,0,True,▁▂▂▁▁▁▂▁▁▁▂█▄▅▅▄▄▅▄▄,False,False,False,0,-0.06348181622552185,0.5915158164198207,-0.10022220208718202,0.5308521603442464,FLAT,True,97,49.0,IGNORE,SEED,,GREEN,C,WATCHLIST,"Delivery P96, RS leader",Producer Manufacturing,33.3
STALLION,254.0,255.55,257.95,244.05,True,True,True,True,False,False,0.3758244830377899,41.9856412,0.391712847302216,False,0.3306195603569056,False,33.91,True,1.2179878596314786,34.0,-0.42,0,False,▇▅▆▇▆▁▂▄▅▄▅▆▅▄▅▅▅▅█▆,False,False,False,13,0.21021536115875739,0.43746462931522356,0.1734749752970972,0.37680097323964934,FLAT,True,94,49.0,IGNORE,NONE,,GREEN,C,WATCHLIST,"CMF positive, RS leader",Distribution Services,31.7
KMEW,2725.6,2710.0,2758.7,2680.1,False,True,True,True,False,True,0.44068932683764367,14.9989768,0.45395176288736894,False,-0.006327799086415432,False,42.13,True,1.0090292913084091,79.0,0.82,0,True,▃▇▃▆▇▆▅▆▄██▇█▅▄▁▇▅▇▆,False,False,False,8,0.12150763280253463,0.4176635805679809,0.08476724694087445,0.3569999244924067,FLAT,True,93,49.0,IGNORE,NONE,,GREEN,C,WATCHLIST,RS leader,Producer Manufacturing,33.3
SUVEN,373.15,377.0,389.9,361.4,True,True,True,True,False,True,2.3075464976222446,69.16085239499999,2.593008022008627,False,0.1528387089654161,False,31.76,False,0.8423286036334704,13.0,-1.16,0,True,█▇▅█▃▆▄▅▃▇▄▄▆▆▅▁▂▅▂▂,False,False,True,2,0.1808544303797468,0.3910531220876048,0.14411404451808663,0.33038946601203056,FLAT,True,92,49.0,IGNORE,NONE,,GREEN,C,WATCHLIST,"CMF positive, RS leader",Health Technology,31.5
MATRIMONY,537.05,551.8,560.85,532.0,True,True,True,True,False,True,0.23910174189528063,1.44863867,0.24529161010695685,False,0.5033435332474445,False,60.6,False,0.8528544588385136,38.0,-0.23,0,True,▇▇▆▆▄▇▇▆▇▇█▁▃▅▇▆▆▇▇▅,False,False,False,11,0.2605328013143995,0.3770512820512819,0.2237924154527393,0.3163876259757077,FLAT,True,92,49.0,IGNORE,NONE,,GREEN,C,WATCHLIST,"CMF positive, RS leader",Technology Services,35.4
BALRAMCHIN,729.35,747.35,765.0,714.0,True,True,True,True,False,True,8.19329797768222,1458.13942159,8.219372136933538,False,0.27849265222750724,False,10.41,False,0.2777110844337735,1.0,-2.64,0,False,▄▆▅▆█▃▄▅▅█▅▅▅▄▅▅▄▅▁▁,False,False,True,7,0.19536179627960348,0.3507732197425686,0.1586214104179433,0.29010956366699436,FLAT,True,91,49.0,IGNORE,NONE,,GREEN,C,WATCHLIST,"CMF positive, RS leader",Process Industries,34.8
UEL,181.23,181.23,181.23,181.23,True,False,True,True,False,False,0.20590660063498004,0.159554892,0.1842837110791612,False,0.7543612229182307,False,99.91,True,1.3376981576692373,91.0,1.79,0,True,▂▅▄▄▁▁▃▅██▄▆███▇████,False,False,False,7,0.5105017502917151,0.2945,0.4737613644300549,0.23383634392442576,UP,True,88,49.0,IGNORE,SEED,,GREEN,C,WATCHLIST,"Delivery P91, CMF positive",Utilities,29.3
IOLCP,169.52,164.49,175.7,162.3,False,True,True,True,True,True,2.6929770618854927,124.09738723200002,2.827993507922565,True,-0.017524955390762983,False,31.84,False,0.737891077636153,18.0,-0.87,0,True,▅▇▅█▇█▆▅▇▆▁▄▆▆▄▆█▇▆▃,False,False,False,0,0.13604074520841714,0.26281287246722296,0.09930035934675696,0.20214921639164873,FLAT,True,85,49.0,IGNORE,NONE,,GREEN,C,WATCHLIST,No standout factor,Process Industries,34.8
RKFORGE,737.05,745.6,748.7,734.1,True,True,True,True,False,True,0.22498940848481594,37.37064615,0.24758209320299784,False,0.22689595992244868,False,53.61,True,1.18142251115641,67.0,0.29,0,False,▁▃▇█▆▆▄▇▆▆▆▇▇█▇▇▇▅▇█,False,False,False,16,0.2692440158429479,0.24459642012833482,0.2325036299812877,0.1839327640527606,UP,True,83,49.0,IGNORE,NONE,,GREEN,C,WATCHLIST,CMF positive,Producer Manufacturing,33.3
SEDEMAC,3250.0,3283.9,3368.9,3232.5,True,True,True,True,False,True,0.42798413718923817,25.074725,0.4746365019041874,False,0.056529975392707446,False,45.36,False,0.946656649135988,49.0,-0.09,0,True,█▇▆▅▂▃▅▄▄▃▇▁▆▁▄▆▅▅▄▄,False,False,False,8,0.20907738095238093,0.22989593188268675,0.17233699509072076,0.16923227580711253,UP,True,82,49.0,IGNORE,NONE,,GREEN,C,WATCHLIST,CMF positive,Producer Manufacturing,33.3
GKSL,153.0,156.41,157.55,151.11,True,True,True,True,False,True,0.5310354227611876,5.6688948,0.5555913010451261,False,0.18718479421709436,False,48.3,False,0.957004160887656,56.0,0.09,0,True,█▆▅█▄▅▃▂▁▃▁▄▃▅▅▂▃▂▃▄,False,False,False,4,0.2009419152276295,0.21669980119284293,0.16420152936596932,0.1560361451172687,UP,True,80,49.0,IGNORE,NONE,,GREEN,C,WATCHLIST,CMF positive,Health Services,31.0
SAILIFE,1457.4,1483.0,1485.0,1448.4,True,True,True,True,False,True,0.5762908308048053,47.18944608,0.6020212050360986,False,0.11302520105607419,False,58.04,True,1.1389436709543852,73.0,0.38,0,False,▅▇▆█▅▅▆▅▆▅▁▄▆▄▃▇▄▆▆▆,False,False,False,16,0.18209100494768427,0.1964534931450621,0.1453506190860241,0.13578983706948788,UP,True,78,49.0,IGNORE,NONE,,GREEN,C,WATCHLIST,CMF positive,Commercial Services,25.4
APLAPOLLO,2139.0,2140.9,2162.2,2126.3,True,True,True,True,False,True,0.3325685322678767,50.7137649,0.3616643801239434,False,0.3050487397515435,False,56.32,True,1.1182812779222842,52.0,-0.02,0,False,▅▅█▆▆▄▃▃▁▄▅▅█▂▃▂▄▆▆▆,False,False,False,15,0.17346938775510212,0.17682658450704225,0.13672900189344195,0.11616292843146803,UP,True,75,49.0,IGNORE,NONE,,GREEN,C,WATCHLIST,CMF positive,Non-Energy Minerals,34.4
MUNJALAU,115.35,115.71,118.67,114.09,False,True,True,True,False,True,0.1974027940956645,9.640168619999999,0.19169681338633235,False,0.3007368907496455,False,29.44,False,0.8731759402064302,12.0,-1.11,0,True,▃▆▆▆▆▇▆▇██▆▆▇▁▁▂▃▅▃▄,False,False,False,3,0.15615916608198854,0.17776189503777817,0.11941878022032837,0.11709823896220395,UP,True,75,49.0,IGNORE,NONE,,GREEN,C,WATCHLIST,CMF positive,Producer Manufacturing,33.3
VINDHYATEL,2453.9,2446.7,2490.0,2386.1,False,True,True,True,False,True,0.3772900033122148,9.182248410000001,0.38940890428276115,False,0.28955453334691006,False,46.39,True,1.0469419995486346,34.0,-0.35,0,False,▅▅▇▆▇▁▃▃▇█▂▅▃▆▇▅▅▆▇▆,False,False,False,5,0.3011134676564158,0.17535204521505876,0.2643730817947556,0.11468838913948454,UP,True,74,49.0,IGNORE,NONE,,GREEN,C,WATCHLIST,CMF positive,Industrial Services,37.0
GAEL,177.46,184.5,184.99,176.2,True,True,True,True,False,True,0.6021367283385148,26.997841607999998,0.6320229049220393,False,0.2907626634947587,False,46.46,True,1.072719086595629,35.0,-0.3,0,False,▁▄▂▄▆▂▆▄█▅▆▆▆▆▂▅▄▅▅▅,False,False,False,4,0.17027169612239534,0.1243743268073243,0.13353131026073517,0.06371067073175007,UP,True,65,49.0,IGNORE,NONE,,GREEN,C,WATCHLIST,CMF positive,Consumer Non-Durables,34.2
PFIZER,4978.2,4980.0,5030.0,4930.0,False,True,True,True,False,True,1.040276314248917,31.846541039999998,1.0623061625904318,True,0.10027697233142671,False,40.88,False,0.6804260985352863,8.0,-1.17,0,True,▅▁▄▆▆▆▅▅▅▃▇▆▂▅▄▆▆▆█▃,False,False,False,9,0.0766934855956396,0.10400958041337716,0.039953099733979425,0.04334592433780293,FLAT,True,61,49.0,IGNORE,NONE,,GREEN,C,WATCHLIST,CMF positive,Health Technology,31.5
360ONE,1199.0,1208.0,1214.0,1190.1,True,True,True,True,False,True,0.504382080356353,58.1074967,0.5195270057644557,False,0.1497595143316313,False,61.83,True,1.1839610899412136,78.0,0.77,0,False,▇▄█▇▇▁▃▅▆▇▄▄▆▄▁▅▇▆▅█,False,False,False,11,0.0877256645196407,0.09318016046681254,0.050985278657980526,0.03251650439123832,UP,True,59,49.0,IGNORE,NONE,,GREEN,C,WATCHLIST,CMF positive,Finance,30.6
AMRUTANJAN,536.35,526.0,548.0,522.5,False,True,True,False,True,False,4.5113255756803134,33.32911081,4.7295842685867315,True,-0.05552010519043272,True,42.71,False,0.7115368596418159,6.0,-1.6,0,False,▄▄▃▄█▃▄▃▅▃▃▄▃▃▃▃▄▄▁▂,False,True,False,0,0.05373280943025538,-0.03828223058992297,0.016992423568595205,-0.0989458866654972,UP,False,26,49.0,IGNORE,NONE,,GREEN,C,WATCHLIST,No standout factor,Health Technology,31.5
KALYANKJIL,603.55,596.0,607.9,591.5,False,True,True,True,False,True,0.36675205962291696,418.57870368999994,0.3662417262271777,False,-0.1036550302718185,True,22.34,True,1.2193657551443697,21.0,-0.87,0,False,▂▃▄▂▂▂▂▃▃▁▁▂▃▄▃▄█▂▃▄,False,False,False,3,0.05230581466306328,0.7506889050036256,0.015565428801403103,0.6900252489280514,FLAT,True,98,48.0,IGNORE,NONE,,GREEN,C,WATCHLIST,RS leader,Retail Trade,32.3
GANDHAR,250.43,257.06,257.25,249.5,True,True,True,True,False,True,0.12024292848634086,16.368956262,0.1189976446686552,False,-0.2600394697170534,True,50.77,True,1.5477478850697355,68.0,0.46,1,False,▁▁▅▄▁▃▂▄▁▃▅▅▇▇▇▆▆▆▇█,False,False,False,0,-0.11339658712738077,0.5702909455731127,-0.15013697298904094,0.5096272894975384,FLAT,True,96,48.0,IGNORE,NONE,DEL51% ▁▁▅▄▁▃▂▄▁▃▅▅▇▇▇▆▆▆▇█ P68 Z+0.5,GREEN,C,WATCHLIST,RS leader,Process Industries,34.8
GALAXYSURF,2333.0,2320.0,2372.5,2308.0,False,True,True,True,False,True,0.3540518204604798,7.5810835,0.34500912618319246,False,0.0124418294979427,False,48.55,True,1.000938057293653,15.0,-0.74,0,False,▆▇█▇▆▆▇▇█▂▅▆▆▅▃▁▄▂▃▅,False,False,False,4,0.1994858611825192,0.36905111202394236,0.16274547532085903,0.30838745594836814,FLAT,True,91,48.0,IGNORE,NONE,,GREEN,C,WATCHLIST,"CMF positive, RS leader",Consumer Non-Durables,34.2
POLYPLEX,1194.1,1171.0,1205.0,1170.9,False,True,True,True,False,True,0.5244463940144756,8.0804747,0.5308092554266912,False,-0.019766503288379395,True,57.6,True,1.0548581160893333,59.0,0.28,0,False,▆▅▇▇▅▆▃▅▃▆▅▄▁▆▅▃█▆▄▆,False,False,False,3,0.05770849018999935,0.3292146713419044,0.020968104328339177,0.2685510152663302,FLAT,True,90,48.0,IGNORE,NONE,,GREEN,C,WATCHLIST,RS leader,Process Industries,34.8
TDPOWERSYS,1534.8,1511.0,1540.8,1490.0,False,True,True,True,False,True,0.6915596311256996,211.4632092,0.7990720959406123,False,0.3210863981192325,True,44.34,False,0.9900194252796571,60.0,0.12,0,False,▅▆█▅▅▆▅▇▄▇▆▆▁▃▅▃▅▇▇▅,False,False,False,5,0.3782327586206897,0.2867203219315895,0.34149237275902955,0.22605666585601525,UP,True,87,48.0,IGNORE,NONE,,GREEN,C,WATCHLIST,CMF positive,Producer Manufacturing,33.3
PGEL,600.55,603.0,610.0,600.1,True,False,True,True,False,True,0.49299891549465497,64.496367525,0.482537038320664,False,0.008589495810852533,False,43.19,True,1.380622063101365,92.0,1.48,0,True,▃▃▄▃▆▃▄▇▅▁▂▁▇█▅▆▅▄█▇,False,False,False,7,0.049087256528954404,0.2426029381336643,0.01234687066729423,0.18193928205809007,FLAT,True,83,48.0,IGNORE,SEED,,GREEN,C,WATCHLIST,"Delivery P92, CMF positive",Electronic Technology,34.8
ARIS,143.41,140.0,144.53,139.11,False,True,True,True,True,False,1.177389673478987,22.701731295,1.2811537626945328,True,0.10398045398599332,True,39.47,False,0.9014296807198647,27.0,-0.59,0,False,▂▄▂▄▆▃▅▅▁▇▂▄▁▁▄█▃▃▃▃,False,False,False,9,0.16536648789208508,0.19379006076750183,0.1286261020304249,0.1331264046919276,FLAT,True,78,48.0,IGNORE,NONE,,GREEN,C,WATCHLIST,CMF positive,Technology Services,35.4
SMARTWORKS,523.25,514.0,529.7,512.15,False,True,True,True,True,True,1.068392641998252,5.679407825,1.151109565936252,True,-0.09240988802786368,True,59.35,False,0.9230888871607434,60.0,0.23,0,True,▃█▃▅▃▂▃▁▅▆▁█▃▅▅▅▃▃▅▃,False,False,False,6,0.0843435913376851,0.1722863223927411,0.047603205476024923,0.11162266631716689,FLAT,True,74,48.0,IGNORE,NONE,,GREEN,C,WATCHLIST,No standout factor,Finance,30.6
ANANTRAJ,625.0,637.05,642.95,623.0,True,True,True,True,False,False,0.5299728967168507,75.1581875,0.5350430706174424,False,0.012073746502604754,False,46.49,True,1.0704828570770684,94.0,1.36,0,True,▃▁▁█▆▂▁▃▄▃▁▄▁▃▃▃▄▃▄▄,False,False,False,15,0.06555280879720415,0.16877045348293596,0.02881242293554398,0.10810679740736173,FLAT,True,73,48.0,IGNORE,SEED,,GREEN,C,WATCHLIST,"Delivery P94, CMF positive",Consumer Durables,32.2
CONCORDBIO,1571.3,1578.0,1589.0,1550.0,True,True,True,True,False,True,0.42668464149104063,14.80038896,0.4629677822616949,False,0.13196649091647955,True,33.99,False,0.7638974727781461,10.0,-1.04,0,False,▇▇▇▆▄▄▅▇▆▆▁▃▅▆█▃▂▅▂▂,False,False,False,13,0.2585502603123748,0.16065888609838974,0.22180987445071465,0.09999523002281552,UP,True,72,48.0,IGNORE,NONE,,GREEN,C,WATCHLIST,CMF positive,Commercial Services,25.4
CRAMC,264.7,263.05,267.5,259.45,False,True,True,True,False,False,1.2553352497729633,11.192760089999998,1.2766119606873996,True,-0.010810603582027551,True,45.39,False,0.885304414819438,28.0,-0.4,0,True,▁▂▃▄▆▆▃▃▅▆▅█▃▆▄▆▅▇▄▃,False,True,False,7,0.018782233854206742,0.09975487141135897,-0.017958152007453432,0.039091215335784746,FLAT,True,60,48.0,IGNORE,NONE,,GREEN,C,WATCHLIST,No standout factor,Finance,30.6
ZENTEC,1926.3,1900.0,1960.6,1885.6,False,True,True,True,False,True,0.9596067603011568,111.67666460999999,1.0206825294543231,False,0.1148840192688084,True,28.36,False,0.7797099457007354,13.0,-0.91,0,True,▁▅▆█▆▇▄▇▅▅▇▇▆▆▇▅▄▄▆▄,False,False,False,1,0.08910499236727532,0.07386553684914698,0.05236460650561514,0.01320188077357276,UP,True,55,48.0,IGNORE,NONE,,GREEN,C,WATCHLIST,CMF positive,Technology Services,35.4
JINDRILL,642.75,631.0,650.0,623.05,False,True,True,True,False,True,0.6233657849202557,50.52516345,0.6239325995131609,False,0.29845514653508637,True,16.36,False,0.47283920287865433,13.0,-1.21,0,True,▅▆▆▂▃▅▆▆▆▇▇▆▅▅█▇▁▂▃▂,False,False,False,2,0.062221120475954406,0.07196464309539685,0.02548073461429423,0.011300987019822628,UP,True,54,48.0,IGNORE,NONE,,GREEN,C,WATCHLIST,CMF positive,Industrial Services,37.0
DOLATALGO,76.51,75.74,78.82,74.71,False,True,True,False,True,False,2.188881400208525,2.843861398,2.3396576083015725,True,0.10951122726072207,False,45.73,False,0.7465695837788862,28.0,-0.37,0,True,▅▅▇▂▁▇▆▆▅▁▆▄▃█▅▄█▄▃▁,False,False,False,1,0.11271087841768468,0.024916275954454115,0.0759704925560245,-0.03574738012112011,UP,False,44,48.0,IGNORE,NONE,,GREEN,C,WATCHLIST,CMF positive,Finance,30.6
MOREPENLAB,96.01,95.3,97.48,92.18,True,True,True,True,False,True,0.8136807000021735,245.35466871600002,0.9825957529703757,False,0.39547677695571065,False,23.83,False,0.8312404074229105,7.0,-1.46,0,False,▅▇▆▆▆▇▅▂▁▂▅▅█▂▃▄▄▄▄▃,False,False,False,10,0.7845724907063198,0.9156025538707104,0.7478321048446597,0.8549388977951362,FLAT,True,99,47.0,IGNORE,NONE,,GREEN,C,WATCHLIST,"CMF positive, RS leader",Health Technology,31.5
EMIL,186.71,191.58,191.58,185.2,True,True,True,True,False,True,0.14778706874150974,41.255329574,0.15822650974478292,False,0.19026393613114428,False,32.08,False,0.8156519749303974,15.0,-0.97,0,False,█▆▆▇▇▇▇▃▃▃▁▁▁▂▄▄▅▅▆▄,False,False,False,11,0.4402190681888307,0.7697630331753555,0.40347868232717055,0.7090993770997813,FLAT,True,99,47.0,IGNORE,NONE,,GREEN,C,WATCHLIST,"CMF positive, RS leader",Retail Trade,32.3
INDSWFTLAB,329.59,335.17,337.6,325.21,True,True,True,True,False,True,0.20687690686958068,12.061840434999999,0.2312163175878565,False,0.2638670015960011,False,40.81,False,0.9665806115440185,23.0,-0.72,0,False,▇▅█▆▇▇▅▇▇▆▆▂▁▃▄▄▂▅▄▅,False,False,False,6,0.44881093674447214,1.021652456603079,0.41207055088281197,0.9609888005275047,FLAT,True,99,47.0,IGNORE,NONE,,GREEN,C,WATCHLIST,"CMF positive, RS leader",Health Technology,31.5
RATNAVEER,267.04,272.7,282.98,262.2,True,True,True,True,False,True,0.8572426896477858,296.17649406400005,1.0733779014378273,False,0.17710715857916787,False,16.46,False,0.8091235314358748,5.0,-1.82,0,False,▁▂▃▅█▁▁▂▄▅▇▅▅▅▂▃▃▄▃▃,False,False,False,12,0.495101058171435,0.6252206195605867,0.45836067230977484,0.5645569634850125,FLAT,True,97,47.0,IGNORE,NONE,,GREEN,C,WATCHLIST,"CMF positive, RS leader",Non-Energy Minerals,34.4
SUDEEPPHRM,1108.0,1117.8,1163.15,1102.5,False,True,True,True,False,True,0.41718916460181227,19.3082296,0.46415106535344824,False,0.20493778349873198,False,34.06,False,0.7867231801540647,20.0,-0.86,0,False,▆▃▂▇▄▅▆▁▁▅▄▄▂▅▄▅██▅▂,False,False,False,12,0.35064301822392885,0.5182241710057551,0.3139026323622687,0.4575605149301809,FLAT,True,96,47.0,IGNORE,NONE,,GREEN,C,WATCHLIST,"CMF positive, RS leader",Health Technology,31.5
UTLSOLAR,473.9,483.0,488.95,468.1,True,True,True,True,False,True,0.6809507974131749,15.18688374,0.7614956718096246,False,0.20439792750565547,False,47.31,False,0.9963460991712911,29.0,-0.47,0,False,▇█▆▄▅▅▆▅▅▄▃▅▅▂▂▁▂▁▁▄,False,False,False,8,0.23620712142950295,0.556833114323259,0.19946673556784278,0.49616945824768477,FLAT,True,96,47.0,IGNORE,NONE,,GREEN,C,WATCHLIST,"CMF positive, RS leader",Electronic Technology,34.8
UFLEX,614.6,611.05,634.0,607.4,False,True,True,True,False,True,0.40570731342911925,16.27202668,0.42235196222821875,False,0.3842031189039728,False,37.02,False,0.8289111305165581,10.0,-1.31,0,False,▆▄▅▇█▅█▇▇▅▇▆▆▇▇▂▁▂▅▄,False,False,False,10,0.284430512016719,0.4724484906564448,0.2476901261550588,0.41178483458087056,FLAT,True,95,47.0,IGNORE,NONE,,GREEN,C,WATCHLIST,"CMF positive, RS leader",Process Industries,34.8
PRICOLLTD,797.2,805.0,809.75,767.1,True,True,True,True,False,True,0.7612519681707194,47.18020928,0.8327685903754517,False,0.1871521901856746,False,37.29,False,0.8040970350404313,9.0,-1.14,0,False,▄▄▇▁▃▅▃▆▆██▇▃▆▅▆▆▆▇▄,False,False,False,16,0.2680133609034516,0.4481380563124433,0.23127297504179145,0.3874744002368691,FLAT,True,94,47.0,IGNORE,NONE,,GREEN,C,WATCHLIST,"CMF positive, RS leader",Producer Manufacturing,33.3
SAPPHIRE,242.34,242.5,250.0,241.0,False,True,True,True,True,False,0.352292259317852,34.008590028,0.3992696694355763,False,0.3513080625620921,False,35.14,False,0.959532521435203,15.0,-0.95,0,False,▁▄▃▄▃▃▄▇█▁▂▁▂▁▃▃▄▃▅▃,False,False,False,12,0.3529477445288074,0.43184638109305773,0.3162073586671472,0.3711827250174835,FLAT,True,94,47.0,IGNORE,NONE,,GREEN,C,WATCHLIST,"CMF positive, RS leader",Consumer Services,29.9
SBCL,993.25,1038.2,1039.75,986.5,True,True,True,True,False,True,0.2706787496966836,31.2945264,0.2665136941448012,False,0.6341370011079864,False,45.12,True,1.0157701009691689,17.0,-0.81,0,False,▇▇▇▇▇▇▇▇▇▂▁▃▅▅▅▇▇█▇▆,False,False,False,2,0.31434431652772266,0.4281092739036665,0.2776039306660625,0.36744561782809226,FLAT,True,94,47.0,IGNORE,NONE,,GREEN,C,WATCHLIST,"CMF positive, RS leader",Non-Energy Minerals,34.4
MMFL,652.6,638.0,664.0,633.2,False,True,True,True,False,True,0.6951456854189048,10.6967666,0.7219541543562398,False,0.2606505470033427,False,47.3,False,0.8669116501562456,26.0,-0.44,0,False,▆▄█▇▆▆▅▆▅▄▅█▄▇▇▁▁▂▅▃,False,False,False,9,0.182567726737338,0.45669642857142856,0.14582734087567784,0.39603277249585433,FLAT,True,94,47.0,IGNORE,NONE,,GREEN,C,WATCHLIST,"CMF positive, RS leader",Producer Manufacturing,33.3
JGCHEM,621.85,618.95,625.25,606.05,False,True,True,True,False,True,0.16191397064369048,10.046048935000002,0.1666674917567349,False,0.262320173192227,False,36.81,False,0.9643446595583035,14.0,-0.9,0,False,▇▆▇▇▆██▄▅▆▁▂▅▅▄▅▄▅▆▅,False,False,False,11,0.23053329375680232,0.44885834109972045,0.19379290789514214,0.3881946850241462,FLAT,True,94,47.0,IGNORE,NONE,,GREEN,C,WATCHLIST,"CMF positive, RS leader",Process Industries,34.8
KPL,3350.0,3604.1,3634.5,3327.0,True,True,True,True,False,True,1.4222095804706656,38.022835,1.4884783886427013,False,0.3116077845893119,False,43.96,False,0.9806042895860984,25.0,-0.5,0,False,▆▇▅▇▄▆▆▇▇█▂▁▂▄▄▄▆▆▅▅,False,False,False,7,0.2007168458781361,0.41649048625792817,0.16397646001647592,0.35582683018235395,FLAT,True,93,47.0,IGNORE,NONE,,GREEN,C,WATCHLIST,"CMF positive, RS leader",Health Technology,31.5
EBGNG,606.2,627.8,627.8,602.5,True,True,True,True,False,True,0.7897910402087437,32.79275272,0.8584526767044006,False,0.12954143037408686,False,52.42,True,1.0796560424282995,65.0,0.29,0,False,▃▃▄▅▅▅█▂▅▂▃▃▅▂▄▄▆▅▁▅,False,False,False,0,0.0591421333100377,0.40161849710982667,0.02240174744837753,0.34095484103425244,FLAT,True,93,47.0,IGNORE,NONE,,GREEN,C,WATCHLIST,"CMF positive, RS leader",Technology Services,35.4
HEG,710.75,712.0,722.0,705.0,True,True,True,True,False,True,0.4207703979416521,65.883184475,0.4390485565955434,False,0.1257982576553029,False,31.02,False,0.8715686549970498,35.0,-0.35,0,False,▆▄▅▅▆▅▆▄▄▆▆▅▅▆▃▅▁█▄▄,False,False,False,13,0.10510767317111092,0.35046551396541914,0.06836728730945074,0.2898018578898449,FLAT,True,91,47.0,IGNORE,NONE,,GREEN,C,WATCHLIST,"CMF positive, RS leader",Electronic Technology,34.8
VSSL,348.7,358.95,358.95,346.25,True,True,True,True,False,True,0.4183056411723909,3.66999776,0.43404669984579275,False,0.09216427676040537,False,62.2,True,1.2876647103271952,90.0,1.13,0,False,▄▇██▇▆█▃▂▃▄▄▅█▁▄▅▆▆█,False,False,False,11,0.1770464135021097,0.2627195364837951,0.14030602764044953,0.20205588040822087,FLAT,True,85,47.0,IGNORE,SEED,,GREEN,C,WATCHLIST,"Delivery P90, CMF positive",Non-Energy Minerals,34.4
VRLLOG,288.75,295.0,296.2,288.0,True,True,True,True,False,True,0.14452462212686099,3.280748625,0.14899640762699254,False,0.23562412059884769,False,70.53,True,1.3682658544629172,94.0,1.41,0,False,▂▅▆▅▅▇▁▄▄▆▆▅▆▅▆▆▅▆▆█,False,False,False,10,0.18773394759573847,0.25603549523685243,0.1509935617340783,0.1953718391612782,FLAT,True,84,47.0,IGNORE,SEED,,GREEN,C,WATCHLIST,"Delivery P94, CMF positive",Transportation,24.2
POLICYBZR,1795.2,1782.0,1799.0,1757.0,False,True,True,True,True,True,0.4517458037346571,95.86224383999999,0.4855927734600321,False,0.1652230260207242,False,50.19,False,0.9561548060162122,29.0,-0.55,0,False,▅▅▃▇█▃▃▂▂▂▅▁▄▇█▆█▄▇▄,False,False,False,3,0.16783762685402026,0.1598397725804368,0.1310972409923601,0.09917611650486258,UP,True,71,47.0,IGNORE,NONE,,GREEN,C,WATCHLIST,CMF positive,Technology Services,35.4
SUMICHEM,534.65,553.4,556.7,531.1,True,False,True,True,False,True,0.3420401282716167,11.832125289999999,0.3409786566442634,False,0.15707455497044728,False,53.23,True,1.2259609848223127,53.0,-0.04,0,True,▁▇▄█▇▆▅▆▅▆▃▇▇▅▅▅▅▆▆▇,False,False,False,7,0.027284081083677414,0.15762693515210557,-0.00945630477798276,0.09696327907653135,FLAT,True,71,47.0,IGNORE,NONE,,GREEN,C,WATCHLIST,CMF positive,Process Industries,34.8
HYUNDAI,2186.0,2179.1,2221.9,2179.0,True,True,True,True,False,False,0.5296840496177254,101.7733834,0.5406083841239907,False,0.08728289933544402,False,58.02,True,1.1789807364057547,67.0,0.44,0,True,▅▆▅▅▁▅▅▆▆█▄▆▇▄▅█▅▆▇▇,False,False,False,12,0.11610333911977944,0.15374465614609178,0.07936295325811926,0.09308100007051756,FLAT,True,70,47.0,IGNORE,NONE,,GREEN,C,WATCHLIST,CMF positive,Consumer Durables,32.2
SMCGLOBAL,81.13,81.1,82.49,80.56,False,True,True,True,False,True,0.5777575766704381,3.174227476,0.585169121589289,False,0.1734498976295746,False,65.98,True,1.1094669581301495,81.0,0.89,0,True,▁▃▆▃▃█▅▆▅▃▆▆▄▅█▅▄▄▂▆,False,False,False,7,0.07513914656771803,0.12306201550387597,0.038398760706057855,0.06239835942830174,FLAT,True,65,47.0,IGNORE,NONE,,GREEN,C,WATCHLIST,CMF positive,Finance,30.6
SAREGAMA,506.55,519.0,522.0,504.1,True,False,True,True,False,True,0.32320561415516086,14.888466945000001,0.306542295740584,False,0.24356453369689476,False,47.19,True,1.24828060522696,58.0,0.19,0,True,▃▄▄▃▄▅▁▂▄▄▃▄▅▄▇█▆▅▄▆,False,False,False,6,0.020241691842900256,0.11122079631457704,-0.01649869401875992,0.05055714023900282,FLAT,True,63,47.0,IGNORE,NONE,,GREEN,C,WATCHLIST,CMF positive,Consumer Services,29.9
GNRL,101.6,104.39,104.7,101.22,True,False,True,True,False,True,0.6129169905001879,0.84570824,0.5896929700184147,False,0.20943289357924835,False,75.52,True,1.5165876777251184,79.0,0.96,1,True,▁▄▃▂▃▆▄▆▅▇▁▆▅▆▇▄▄▅▇█,False,False,False,2,0.08200212992545253,0.08954423592493299,0.04526174406379235,0.028880579849358767,UP,True,58,47.0,IGNORE,NONE,DEL76% ▁▄▃▂▃▆▄▆▅▇▁▆▅▆▇▄▄▅▇█ P79 Z+1.0,GREEN,C,WATCHLIST,CMF positive,Energy Minerals,40.7
MARSONS,119.51,112.47,120.33,111.6,False,True,True,False,True,False,1.841401567159887,47.71333971400001,2.0416677402586916,True,-0.07186393463125929,True,29.11,False,0.9824999578108914,56.0,0.08,0,True,▁▁▃▃▆▁▆▂▁▅▅▇▆█▄▄▁▁▄▃,False,False,False,0,0.08507354276375523,0.05481023830538412,0.048333156902095054,-0.005853417770190106,UP,False,50,47.0,IGNORE,NONE,,GREEN,C,WATCHLIST,No standout factor,Producer Manufacturing,33.3
KIRLFER,441.2,443.0,444.7,437.1,True,False,False,False,False,False,4.435560424729229,26.418879519999997,4.3334865052177545,False,-0.055103012055720296,True,86.28,True,1.3506469110291874,97.0,1.71,0,True,▅▄▅▆▇▇▅▁▄▅▅▅▇▆▅█▅▆▇█,False,True,False,0,-0.06257303728885577,0.033255269320842995,-0.09931342315051594,-0.02740838675473123,FLAT,False,46,47.0,IGNORE,SEED,,GREEN,C,WATCHLIST,Delivery P97,Non-Energy Minerals,34.4
CASTROLIND,187.77,188.57,189.11,187.2,True,True,True,True,False,True,0.2961605749856145,17.99869335,0.2926273671775924,False,-0.04038449407390753,True,65.68,True,1.0086924470927912,76.0,0.74,0,True,▇█▇▆▇▅▅▁▅▆█▇▅▆▆▆▆▄▆▆,False,False,False,8,0.016126413766978764,0.027862929713159623,-0.02061397209468141,-0.0328007263624146,UP,False,45,47.0,IGNORE,NONE,,GREEN,C,WATCHLIST,No standout factor,Energy Minerals,40.7
ELECTHERM,1052.2,1024.7,1059.9,1016.2,False,True,True,True,True,True,0.9851633181431697,2.7125716,1.0227673010989338,False,-0.16879713299740448,True,74.3,True,1.2205238560668905,90.0,1.18,0,True,▁▄▃▄▃▂▃▇▆▆█▇▅█▄▇▇▅▆█,False,False,False,0,0.04364213449712362,-0.11587261574657581,0.006901748635463445,-0.17653627182215004,UP,False,9,47.0,IGNORE,NONE,,GREEN,C,WATCHLIST,Delivery P90,Non-Energy Minerals,34.4
WELSPUNLIV,189.22,189.0,190.35,185.68,False,True,True,True,True,True,0.5065676251284659,93.537671338,0.5587864470120517,False,-0.10911917688036345,True,26.02,False,0.6848179389664566,11.0,-1.14,0,False,▅█▇▆██▅▄▅▃▅█▄▆▁▃▁▃▃▃,False,False,False,4,0.16802469135802478,0.36581492709686736,0.1312843054963646,0.30515127102129314,FLAT,True,91,46.0,IGNORE,NONE,,GREEN,C,WATCHLIST,RS leader,Consumer Non-Durables,34.2
M&MFIN,381.6,384.9,386.85,379.4,True,False,True,True,False,True,0.37424934450192693,50.14311768,0.36578201451625875,False,0.096133592984058,True,45.9,False,0.923810769741675,35.0,-0.33,0,True,▁▃█▆█▄▄▇▄▂▁▅▇▁▄▂▅▃▃▃,False,False,False,6,0.07040673211781212,0.3111149287064079,0.03366634625615195,0.25045127263083367,FLAT,True,89,46.0,IGNORE,NONE,,GREEN,C,WATCHLIST,CMF positive,Finance,30.6
PDSL,369.7,369.6,373.2,358.85,True,True,True,True,False,True,0.39201271621925093,1.98125927,0.3972283431565488,False,0.08989622538271494,True,53.58,True,1.050196985436798,58.0,0.19,0,True,▂▄█▄▁▂▅▃█▅▂▆▄▄▆▄▄▅▃▅,False,False,False,2,0.05028409090909092,0.20896010464355785,0.013543705047430743,0.14829644856798363,FLAT,True,80,46.0,IGNORE,NONE,,GREEN,C,WATCHLIST,CMF positive,Consumer Non-Durables,34.2
AJANTPHARM,3639.8,3695.0,3717.5,3625.0,True,True,True,True,False,True,0.47210042152311815,18.845792460000002,0.4883636993553319,False,-0.016641927495355733,True,48.12,True,1.0258815503347118,23.0,-0.63,0,True,▇▇█▁▄▇▆▆▇▇▆▆▇▅▇▇▆▃▄▆,False,False,False,7,0.08021961715388048,0.16250399233471735,0.04347923129222031,0.10184033625914313,FLAT,True,72,46.0,IGNORE,NONE,,GREEN,C,WATCHLIST,No standout factor,Health Technology,31.5
SKFINDUS,2758.0,2760.0,2777.2,2725.6,True,True,True,True,False,True,0.3628384968181272,4.622408,0.36590381521785076,False,0.051519830057096185,True,65.64,True,1.119945401808565,72.0,0.41,0,True,▅▃▃▄▄▃▃▂▃▃▁▂▅▁▂█▅▂▂▄,False,False,False,0,0.012779083431257332,0.15687919463087252,-0.023961302430402842,0.0962155385552983,FLAT,True,71,46.0,IGNORE,NONE,,GREEN,C,WATCHLIST,CMF positive,Producer Manufacturing,33.3
NAHARSPING,299.8,293.0,301.35,293.0,False,True,True,True,False,True,0.4322303406536922,0.81554594,0.41721645805815155,False,0.050826992023791276,True,56.81,False,0.9037112450885258,37.0,-0.31,0,True,▂▁▁▃▁▄▄█▃▅▄▃▅▆▇▆▂▂▅▂,False,False,False,7,0.08800580656868084,0.15618974161203236,0.05126542070702067,0.09552608553645814,FLAT,True,71,46.0,IGNORE,NONE,,GREEN,C,WATCHLIST,CMF positive,Process Industries,34.8
MONARCH,385.45,394.0,396.85,341.85,True,True,True,True,False,True,0.23204422481521145,4.0035149699999995,0.22760902159428933,False,0.36267428223620124,True,68.79,True,1.4273412941310732,89.0,1.11,0,False,▁▄▆▅▅▅▇▆▆▆▆▅▄▅▃▆▅▇▆█,False,False,False,5,0.07742837176799444,0.1338432122370936,0.04068798590633427,0.07317955616151939,FLAT,True,67,46.0,IGNORE,SEED,,GREEN,C,WATCHLIST,CMF positive,Finance,30.6
TORNTPHARM,4847.0,4888.0,4915.5,4835.5,True,False,True,True,False,True,0.267933376635198,78.826761,0.261888996870366,False,0.07297192777215945,True,55.23,False,0.8941305984345025,41.0,-0.18,0,True,▁▃▅▅▁▄▇▅█▆▆▄▅▆▃▃▂▅▄▂,False,False,False,7,0.017635943732941417,0.11684601027673458,-0.019104442128718757,0.056182354201160356,FLAT,True,63,46.0,IGNORE,NONE,,GREEN,C,WATCHLIST,CMF positive,Health Technology,31.5
DRAGARWQ,5400.0,5306.0,5405.0,5262.5,False,True,True,True,False,True,0.8177940709929853,0.6264,0.8399240604865599,False,0.13158714746373867,True,60.02,False,0.904344681588404,43.0,0.03,0,True,▄▄█▆▄▇▁▅▆▆▃▆▃▄▆▆▅▁█▄,False,False,False,9,0.08000000000000007,0.10633066994468354,0.0432596141383399,0.04566701386910932,FLAT,True,61,46.0,IGNORE,NONE,,GREEN,C,WATCHLIST,CMF positive,Health Services,31.0
BHEL,423.35,419.95,430.0,416.55,False,True,True,True,True,True,1.0916931237440248,476.093779445,1.1143002247942464,True,0.12170692636268246,True,37.54,False,0.929265424840646,43.0,-0.16,0,False,▆▃▂▅▆▆▇▇▅▂▃▅▄█▂▄▄▁▅▄,False,False,False,0,0.003199052132701441,0.08774409044193221,-0.03354133372895873,0.027080434366357986,FLAT,True,58,46.0,IGNORE,NONE,,GREEN,C,WATCHLIST,CMF positive,Producer Manufacturing,33.3
INDHOTEL,720.05,717.9,723.65,715.1,True,False,True,True,False,True,0.6681985001282007,95.13840637499999,0.6563728755244073,False,0.12002633444445654,True,54.97,False,0.9400678928421791,35.0,-0.36,0,True,▁▃▂▁▂▂▂▂▃▅▄▄▄▆▆▅█▃▅▂,False,False,False,4,-0.010784448413243664,0.08842869019726396,-0.04752483427490384,0.027765034121689736,FLAT,True,58,46.0,IGNORE,NONE,,GREEN,C,WATCHLIST,CMF positive,Consumer Services,29.9
SEAMECLTD,1674.3,1700.0,1717.4,1656.6,True,True,True,True,False,True,0.6774427549037406,14.807341769999999,0.7244471251787612,False,0.14460851842817257,False,50.34,False,0.8421087849310372,34.0,-0.28,0,True,▄▄▄▃▄▃▃▄▄▃▅▅▃█▃▆▃▅▁▃,False,False,False,3,0.19909761512568935,0.057341332491316566,0.16235722926402918,-0.003322323584257658,UP,False,50,46.0,IGNORE,NONE,,GREEN,C,WATCHLIST,CMF positive,Industrial Services,37.0
GRASIM,3232.8,3264.8,3264.8,3221.0,True,True,True,True,False,True,0.6484594468307897,148.94996688,0.6455189872518982,False,0.10516828939531145,False,59.41,True,1.09130318977948,61.0,0.28,0,False,█▅▅▅▅▅▃▃▅▃▇▅▁▁▅▆▆▇▇▆,False,False,False,7,0.039585812136219145,0.04166263895601752,0.002845426274558971,-0.019001017119556707,UP,False,47,46.0,IGNORE,NONE,,GREEN,C,WATCHLIST,CMF positive,Non-Energy Minerals,34.4
KEI,5527.6,5700.0,5744.0,5492.6,True,True,True,True,False,True,0.5564350800439876,160.0682408,0.5614418967487286,False,0.5069567837842658,False,43.06,False,0.9354565401577198,38.0,-0.32,0,True,▄▇▆▆▄▄▁▅▅▇▇▇█▇▅▄▅▆▇▅,False,False,False,9,0.13549712407559578,0.02944408231678941,0.0987567382139356,-0.031219573758784813,UP,False,45,46.0,IGNORE,NONE,,GREEN,C,WATCHLIST,CMF positive,Producer Manufacturing,33.3
BELRISE,231.77,234.99,234.99,230.95,True,False,False,True,False,True,0.7425407439929688,88.761675387,0.7095700298770841,False,-0.12427578242671557,False,69.83,True,1.5281759492285807,100.0,3.25,1,True,▅▄▅▃▂▃▅▄▄▃▃▂▁▃▄▄▁▅▄█,False,False,False,5,0.015377201436957977,0.015510669061911342,-0.021363184424702197,-0.04515298701366288,UP,False,40,46.0,IGNORE,SEED,DEL70% ▅▄▅▃▂▃▅▄▄▃▃▂▁▃▄▄▁▅▄█ P100 Z+3.2,GREEN,C,WATCHLIST,Delivery P100,Producer Manufacturing,33.3
IFCI,80.91,81.7,82.31,80.57,True,True,True,True,False,True,0.5718232006379287,103.916256858,0.5992019125860235,False,0.10833020705594704,False,32.05,True,1.1302323941178545,63.0,0.38,0,True,██▃▁▂▅▆▆▆▇▃▃▇▁▃▄▃▂▃▆,False,False,False,0,0.15387906446092403,-0.04327775807023759,0.11713867859926386,-0.10394141414581182,UP,False,25,46.0,IGNORE,NONE,,GREEN,C,WATCHLIST,CMF positive,Finance,30.6
ARROWGREEN,573.05,584.0,587.95,565.1,True,True,True,True,False,False,0.22762832254471824,2.1538657299999997,0.2235035663049628,False,0.27892936623983877,False,51.27,True,1.1591417783907214,36.0,-0.09,0,False,▇▆▇█▆█▇▇██▃▅▆▇▆▅▅▁▃▇,False,False,False,3,0.054078911064103785,0.4797934151065202,0.01733852520244361,0.41912975903094596,FLAT,True,95,45.0,IGNORE,NONE,,GREEN,C,WATCHLIST,"CMF positive, RS leader",Process Industries,34.8
RADICO,4639.8,4705.0,4724.0,4615.0,True,True,True,True,False,True,0.35429060987434996,80.778918,0.37004849786003197,False,0.25010477011921517,False,50.99,False,0.9578554857373646,37.0,-0.33,0,True,▆▁▄▄▇▇█▅▇▇▇██▄▇▇▅▅▇▆,False,False,False,18,0.13406496712536353,0.31004884659909093,0.09732458126370336,0.2493851905235167,FLAT,True,88,45.0,IGNORE,NONE,,GREEN,C,WATCHLIST,CMF positive,Consumer Non-Durables,34.2
ACE,1182.2,1155.0,1189.0,1145.1,False,True,True,True,False,True,0.7712851865260923,49.992400720000006,0.8272474183704889,False,0.34060700682738965,False,44.22,True,1.006109006518549,40.0,-0.15,0,False,▃▅▄▆█▅▃▇▅▆▂▇▃▃▇█▁▃▆▅,False,False,False,9,0.1373869540119299,0.2697492078835724,0.10064656815026973,0.20908555180799815,FLAT,True,86,45.0,IGNORE,NONE,,GREEN,C,WATCHLIST,CMF positive,Producer Manufacturing,33.3
TNPETRO,115.21,117.0,118.58,114.55,False,True,True,True,True,True,0.7805663292054444,5.585968370999999,0.8359682682544903,False,-0.390734688337016,False,45.55,True,1.0287043519501342,32.0,-0.29,0,True,▄▃█▅▃▇▇▇▆▆▅▁▁▄▆▇▆▅▃▅,False,False,False,15,0.2127368421052631,0.2730386740331492,0.17599645624360294,0.21237501795757496,FLAT,True,86,45.0,IGNORE,NONE,,GREEN,C,WATCHLIST,No standout factor,Process Industries,34.8
CHOLAFIN,1885.3,1900.1,1913.7,1885.0,True,True,True,True,False,True,0.3673632101059398,113.22301121,0.3788933545117033,False,0.14125794769644498,False,57.34,False,0.9657181834258238,44.0,-0.07,0,True,▅▁▂▆▄▃▇▄▅▆▇▆▅▆▆█▆▆▄▅,False,False,False,9,0.04454540417751662,0.268707940780619,0.007805018315856449,0.20804428470504477,FLAT,True,85,45.0,IGNORE,NONE,,GREEN,C,WATCHLIST,CMF positive,Finance,30.6
GLAND,2819.3,2844.8,2877.9,2792.0,True,True,True,True,False,True,0.26712441058437086,68.97332871,0.2680798357086568,False,0.14326129344935154,False,46.28,False,0.8758599154041957,25.0,-0.57,0,True,▇▆▇▅▇▇▇▇▆▇▇▁▃▅▅▄█▆█▅,False,False,False,12,0.18467938482225388,0.24626469808151374,0.1479389989605937,0.18560104200593952,FLAT,True,84,45.0,IGNORE,NONE,,GREEN,C,WATCHLIST,CMF positive,Health Technology,31.5
AVTNPL,87.53,88.1,89.37,87.1,True,True,True,True,False,True,0.4911822322241209,1.7442365690000001,0.5085643922960131,False,0.28685796140805564,False,62.45,True,1.0108203912174358,57.0,0.22,0,False,▅▅▅▆▃▄▅█▅▅▆▆▆▄▁▂▃▃▂▅,False,False,False,5,0.2500714081690947,0.2502499642908156,0.2133310223074345,0.18958630821524136,UP,True,84,45.0,IGNORE,NONE,,GREEN,C,WATCHLIST,CMF positive,Consumer Non-Durables,34.2
MSTCLTD,701.45,694.0,708.2,689.25,False,True,True,True,False,True,0.6880685522204322,15.751129895000002,0.7463561911414545,False,0.14217891438547167,False,46.67,True,1.0056239091555519,54.0,0.18,0,True,▃▂▄▃▁▅▃▄▄█▆▆▂▂▂▄▆▃▃▄,False,False,False,0,0.1552206851119895,0.23375252836162175,0.11848029925032932,0.17308887228604752,FLAT,True,82,45.0,IGNORE,NONE,,GREEN,C,WATCHLIST,CMF positive,Retail Trade,32.3
UNIPARTS,815.3,815.0,822.35,806.45,False,True,True,True,False,True,0.332445951339776,6.45448551,0.3461858674484032,False,0.2541630302997412,False,56.0,True,1.1068396762493948,70.0,0.49,0,False,▆▅▆▄▅█▅▁▄▄▄▇▆▇▆▄▅▆▅▆,False,False,False,15,0.18245105148658447,0.23586478702440483,0.1457106656249243,0.1752011309488306,FLAT,True,82,45.0,IGNORE,NONE,,GREEN,C,WATCHLIST,CMF positive,Producer Manufacturing,33.3
ELANTAS,11500.5,11744.5,11744.5,11453.5,True,True,True,True,False,True,0.4363331609636062,2.81417235,0.42307216201412223,False,0.13900002370270984,False,32.88,False,0.7261804850037545,25.0,-0.93,0,True,▅▄▇▆▁█▇▂▁▄▃▂▃▂▃▄▂▂▁▂,False,False,False,3,0.23794402583423047,0.23376066083784797,0.2012036399725703,0.17309700476227374,UP,True,82,45.0,IGNORE,NONE,,GREEN,C,WATCHLIST,CMF positive,Process Industries,34.8
MEESHO,205.8,210.99,210.99,204.33,True,True,True,True,False,True,1.1564712266292307,288.18252204000004,1.2410525698496815,False,0.172191721387019,False,40.16,False,0.885439633124614,52.0,0.12,0,True,▃▁▅▃▃▄▃▄▆▆▇▇▆▅▆▆█▄▂▄,False,False,False,3,0.10913500404203713,0.22252584056076996,0.07239461818037696,0.16186218448519574,FLAT,True,81,45.0,IGNORE,NONE,,GREEN,C,WATCHLIST,CMF positive,Retail Trade,32.3
NIACL,184.13,183.0,186.3,182.11,False,True,True,True,False,True,0.22164198336451763,11.556385473,0.22538091403272137,False,0.10334062177543037,False,33.75,True,1.2049053033683796,50.0,-0.07,0,True,▅▆▆▅▄▆█▁▄▅▄▄▄▄▅▅▅▄▅▆,False,False,False,0,0.06310623556581985,0.20503926701570663,0.026365849704159672,0.1443756109401324,FLAT,True,79,45.0,IGNORE,NONE,,GREEN,C,WATCHLIST,CMF positive,Finance,30.6
CRAFTSMAN,10644.5,10740.0,10748.0,10510.0,True,True,True,True,False,True,0.3729527132984833,25.73307875,0.3917255294794413,False,0.28676032446041905,False,49.67,True,1.0724966261808369,59.0,0.15,0,False,▆▇▁▂▇▃▆▅▄▁▇█▇▇▆▇▁▆▆▆,False,False,False,10,0.14654243860404992,0.1936641435379871,0.10980205274238974,0.1330004874624129,FLAT,True,78,45.0,IGNORE,NONE,,GREEN,C,WATCHLIST,CMF positive,Producer Manufacturing,33.3
PNBHOUSING,1170.3,1178.5,1189.0,1166.0,True,True,True,True,False,True,0.5368947488084651,74.46443355,0.5602660051392215,False,0.13241670878936607,False,54.34,True,1.1624648361874406,76.0,0.66,0,False,▅▆▆▅▄▅▄▁▂▆▄▅▅▅▅▄█▆▅▆,False,False,False,12,0.10614366729678637,0.18224063036670368,0.0694032814351262,0.12157697429112946,FLAT,True,76,45.0,IGNORE,NONE,,GREEN,C,WATCHLIST,CMF positive,Finance,30.6
APCOTEXIND,625.05,614.85,627.55,613.35,False,True,True,True,False,True,0.1730200818071571,7.2344537099999995,0.16729909293230302,False,0.03662898203717788,True,52.82,True,1.2148114075436982,39.0,-0.16,0,False,▇▆▁▃▅▅▄▇▆▇▆▇▇▆▇▇▅█▇█,False,False,False,3,0.11407182960520457,0.18089930096353668,0.07733144374354439,0.12023564488796246,FLAT,True,75,45.0,IGNORE,NONE,,GREEN,C,WATCHLIST,CMF positive,Process Industries,34.8
BAJAJFINSV,2006.6,2033.5,2033.6,2006.6,True,True,True,True,False,True,0.6261783789135523,188.33285421999997,0.6297898384166806,False,0.261761618958787,False,60.51,True,1.0573680255823301,68.0,0.5,0,False,▄▅▆▄▁▅█▇█▆▅▅▅▆█▆▅▆▅▆,False,False,False,11,0.08230852211434736,0.1735875540998948,0.045568136252687186,0.11292389802432057,FLAT,True,74,45.0,IGNORE,NONE,,GREEN,C,WATCHLIST,CMF positive,Finance,30.6
BALKRISIND,2350.8,2379.0,2379.1,2342.0,True,False,True,True,False,True,0.1484892564910063,19.47825864,0.14636617529671642,False,0.38369039486181145,False,55.89,True,1.1312047766027424,51.0,-0.05,0,False,▇▆▅▁▂▃▄▂▄▃█▅▇▇█▆▅▅▆▆,False,False,False,10,0.16751924509560467,0.1677512294471215,0.1307788592339445,0.10708757337154728,UP,True,73,45.0,IGNORE,NONE,,GREEN,C,WATCHLIST,CMF positive,Consumer Durables,32.2
HCG,725.95,732.0,734.8,718.35,True,True,True,True,False,True,0.5192737631276583,6.9898821700000004,0.5323037596229898,False,0.3016127094789433,False,64.07,True,1.0760381240290549,75.0,0.49,0,False,▄▅▄▅▄▅▇▃▄▄▁▃▃▂▄▇▅█▄▅,False,False,False,7,0.08911559522916535,0.15138778747026183,0.05237520936750517,0.0907241313946876,FLAT,True,70,45.0,IGNORE,NONE,,GREEN,C,WATCHLIST,CMF positive,Health Services,31.0
PNB,117.42,117.88,118.9,117.4,True,True,True,True,False,True,0.5427324284705027,128.47350783,0.5642891605943544,False,0.3385622528368634,False,39.62,False,0.8513564329841525,39.0,-0.28,0,True,▅▇▅▇▇▄▆▂█▄▇█▁▄▆▃▄▄▃▃,False,False,False,16,0.11014465349342917,0.14355278535255156,0.073404267631769,0.08288912927697734,FLAT,True,69,45.0,IGNORE,NONE,,GREEN,C,WATCHLIST,CMF positive,Finance,30.6
MAXESTATES,494.85,498.1,502.9,490.55,True,True,True,True,False,True,0.6464268654798585,4.58062851,0.7013716997882532,False,0.14039113352952326,False,55.85,False,0.9985250078219282,58.0,0.17,0,True,▅▅▆█▅█▇▇▅▅▆▆▄▄▆▁▂▂▄▅,False,False,False,5,0.2781867493219683,0.1461493920092647,0.24144636346030812,0.08548573593369047,UP,True,69,45.0,IGNORE,NONE,,GREEN,C,WATCHLIST,CMF positive,Finance,30.6
IDFCFIRSTB,86.75,85.6,86.75,85.59,False,True,True,True,True,True,0.5548632753468429,109.20955765,0.5659461182912594,False,-0.2432027344430735,False,61.14,True,1.1734223859972364,85.0,1.17,0,True,▁▃▄▃▂▃▅▅▆▇█▅█▇▅▄█▅▅▇,False,False,False,16,0.07377150637455121,0.13398692810457513,0.037031120512891036,0.07332327202900091,FLAT,True,67,45.0,IGNORE,NONE,,GREEN,C,WATCHLIST,No standout factor,Finance,30.6
TEXINFRA,108.03,107.95,108.8,107.5,True,False,False,True,False,True,0.6045726855106895,0.852756411,0.5821198459255014,False,0.2478990873676225,False,79.93,True,1.1207156427675071,92.0,1.52,0,True,▆▇▇▆▆▇▇▁█▃▆▆▃█▇▆▃▅▄▇,False,False,False,3,-0.039049991104785575,0.09286798179059197,-0.07579037696644575,0.032204325715017745,FLAT,True,59,45.0,IGNORE,SEED,,GREEN,C,WATCHLIST,"Delivery P92, CMF positive",Utilities,29.3
MAHASTEEL,1021.4,1002.9,1040.9,1002.9,True,True,True,True,False,True,0.2324515753160124,0.36269914,0.24380660333450233,False,0.43021949857080166,False,59.7,True,1.0421303448456443,47.0,0.11,0,False,█▆▂▄▅▇▄▄▄▅█▄▃▅▄▂▇▅▁▅,False,False,False,5,0.15850961265808428,0.07335014712063881,0.1217692267964241,0.012686491045064585,UP,True,55,45.0,IGNORE,NONE,,GREEN,C,WATCHLIST,CMF positive,Non-Energy Minerals,34.4
ELGIEQUIP,634.35,632.55,641.0,622.05,False,True,True,True,False,True,0.9800074973892148,44.518619565,1.022080218372636,False,0.26344561878447814,True,43.42,False,0.889307622197872,17.0,-0.86,0,False,▆▇▆▇▇▇█▇▇▆▁▆█▆▂▄▅▅▅▅,False,False,False,4,0.09882210289277693,0.05050923242527117,0.06208171703111676,-0.010154423650303057,UP,False,49,45.0,IGNORE,NONE,,GREEN,C,WATCHLIST,CMF positive,Producer Manufacturing,33.3
TENNIND,574.55,571.1,578.9,563.2,False,True,True,True,False,True,0.3093027148908644,75.40853839999998,0.326301026053251,False,0.16090442314909553,True,53.94,False,0.9000650770077926,68.0,0.47,0,True,█▄█▅▇▇▅▁▁▃▆▂▅▂▅▄▄▄▅▃,False,False,False,0,0.06398148148148142,0.023150209242275954,0.027241095619821243,-0.03751344683329827,UP,False,43,45.0,IGNORE,NONE,,GREEN,C,WATCHLIST,CMF positive,Producer Manufacturing,33.3
SOLARA,616.9,625.9,638.5,609.0,True,True,True,True,False,True,1.368189463721325,45.17700587,1.4167078402098419,False,0.4963569783480044,True,24.92,False,0.4857226391189943,4.0,-1.9,0,True,▅▇▆▆█▇██▇█▇█▆▆▇▆▄▆▁▃,False,False,False,1,0.2539892265474133,0.013721140415742461,0.21724884068575312,-0.04694251565983176,UP,False,40,45.0,IGNORE,NONE,,GREEN,C,WATCHLIST,CMF positive,Health Technology,31.5
POWERINDIA,35265.0,35580.0,35580.0,35200.0,True,True,True,True,False,True,0.33090308698935555,162.945459,0.3470236001037085,False,0.11667104315709162,True,26.98,False,0.7454789107939709,19.0,-0.89,0,True,█▅▄▆▇▆▇▆▃▆▁▅▇█▅▄▆▄▄▃,False,False,False,0,0.09569675314587545,0.007283633247643584,0.05895636728421527,-0.05338002282793064,UP,False,38,45.0,IGNORE,NONE,,GREEN,C,WATCHLIST,CMF positive,Electronic Technology,34.8
BAJEL,191.78,180.53,192.7,180.53,False,True,True,True,False,True,3.6225875963584655,19.679562234,3.661689280731156,True,-0.017473514605639485,True,15.59,False,0.3295460550652645,4.0,-2.3,0,False,██▇▇█▆▆█▃▄▂▇▂▄█▆▇█▆▁,False,False,False,0,0.07199552822806043,-0.03380522948259357,0.03525514236640026,-0.09446888555816779,UP,False,28,45.0,IGNORE,NONE,,GREEN,C,WATCHLIST,No standout factor,Industrial Services,37.0
CGPOWER,890.15,886.55,892.55,878.2,False,True,True,True,False,True,0.39418783372478255,133.378740775,0.4036438255198423,False,0.08864595613169816,True,43.74,False,0.9337574450825097,31.0,-0.45,0,True,▇▇█▇▃█▁▄▆▆█▅▆▅▇▅▆▅▇▅,False,False,False,0,-0.016408839779005535,-0.050911611045953764,-0.05314922564066571,-0.11157526712152799,UP,False,22,45.0,IGNORE,NONE,,GREEN,C,WATCHLIST,CMF positive,Producer Manufacturing,33.3
HINDALCO,1036.05,1035.8,1036.8,1021.35,True,True,True,True,False,True,0.6279268276733444,339.99130765499996,0.6474078401849831,False,0.1948828050293813,True,55.47,True,1.0453808752025933,53.0,0.23,0,False,██▅▆▇█▄▂▄▂▃▆▁▄▄▁█▄▁▆,False,False,False,0,0.0973362283535455,-0.07955756929637525,0.06059584249188532,-0.14022122537194948,UP,False,16,45.0,IGNORE,NONE,,GREEN,C,WATCHLIST,CMF positive,Non-Energy Minerals,34.4
RAMKY,392.2,389.2,398.0,380.0,False,True,False,False,False,False,3.3502661643825062,4.2640768399999995,3.3760079525628073,True,0.17326343277531817,True,59.14,False,0.949323402411031,60.0,0.31,0,True,▃▅▆▃▃▅▄▅▆▄▆▁▃▅▅▃▇▄█▄,False,False,False,0,0.05685798976017242,-0.10528116801642529,0.02011760389851225,-0.1659448240919995,UP,False,10,45.0,IGNORE,NONE,,GREEN,C,WATCHLIST,CMF positive,Industrial Services,37.0
KAPSTON,528.2,529.55,534.0,525.05,False,True,True,True,False,True,0.30662063760499797,1.4484828600000001,0.3036984563877583,False,0.010665931200174892,False,63.51,True,1.163900928225193,46.0,0.06,0,False,▇▆▄▅▇▁▃▆▄▇▄▆█▇▇▅▄▅▆▇,False,False,False,13,0.14651617104406345,0.5571933962264153,0.10977578518240327,0.49652974015084106,FLAT,True,96,44.0,IGNORE,NONE,,GREEN,C,WATCHLIST,"CMF positive, RS leader",Commercial Services,25.4
ICIL,443.55,436.0,447.8,425.1,False,True,True,True,False,True,0.41922277592688495,34.99210305,0.43192141383476446,False,0.21738319292528666,True,25.59,False,0.661539455826278,10.0,-1.45,0,False,▆█▇▆███▅▆▆▇▇▃▆▆▆▁▃▄▄,False,False,False,3,0.09939273763787337,0.2877050370155321,0.0626523517762132,0.22704138093995785,FLAT,True,87,44.0,IGNORE,NONE,,GREEN,C,WATCHLIST,CMF positive,Process Industries,34.8
CHENNPETRO,1393.5,1394.1,1408.0,1380.0,False,True,True,True,False,True,0.3120404667001412,122.99630205,0.32022742340525623,False,0.10659511186172692,True,24.61,False,0.8360652953066875,28.0,-0.55,0,False,▇▅▅▃▅▅▅██▆▇▂▃▃▅▄▂▁▄▄,False,False,False,4,0.14710240368784988,0.22483958864375486,0.1103620178261897,0.16417593256818064,FLAT,True,82,44.0,IGNORE,NONE,,GREEN,C,WATCHLIST,CMF positive,Energy Minerals,40.7
ARIHANT,1007.2,1006.9,1058.1,990.0,True,False,True,True,False,True,0.7442373006800931,0.455758,0.6753625361273207,False,0.004289350508629507,False,85.44,True,1.6104801847226804,99.0,1.85,1,False,▅▃▂▄▅▄▃▁▆▄▆▅▆▅▃▇▅▃▄█,False,False,False,7,-0.014192032886365835,0.22025684516598032,-0.05093241874802601,0.1595931890904061,FLAT,True,81,44.0,IGNORE,SEED,DEL85% ▅▃▂▄▅▄▃▁▆▄▆▅▆▅▃▇▅▃▄█ P99 Z+1.9,GREEN,C,WATCHLIST,"Delivery P99, CMF positive",Finance,30.6
FINCABLES,1260.5,1293.0,1297.85,1255.15,True,True,True,True,False,True,0.27725371295675644,69.1525426,0.28078640499152235,False,0.04014121268951676,False,42.97,True,1.1130394239237424,31.0,-0.42,0,False,▆███▅▇█▇▇▆▅▂▁▃▄▄▅▄▅▆,False,False,False,5,0.26188807688457305,0.21693377099826217,0.22514769102291288,0.15627011492268794,UP,True,80,44.0,IGNORE,NONE,,GREEN,C,WATCHLIST,CMF positive,Producer Manufacturing,33.3
IPCALAB,1911.2,1900.1,1922.0,1889.1,False,True,True,True,True,True,0.2896267231833302,37.0285444,0.30010951980017175,False,-0.04600704099161812,True,49.48,True,1.075114616604741,55.0,0.05,0,False,▆▆▆▇▇▇█▆▆▆▇▅▆▁▆▁▃▅▇▆,False,False,False,5,0.08424575934645717,0.20732785849652569,0.047505373484797,0.14666420242095146,FLAT,True,80,44.0,IGNORE,NONE,,GREEN,C,WATCHLIST,No standout factor,Health Technology,31.5
SYRMA,1439.3,1445.0,1449.0,1421.1,True,True,True,True,False,True,0.3430961945439889,86.77165482,0.34830493571754456,False,-0.17729379851997992,True,39.77,True,1.0522555893636725,66.0,0.46,0,False,█▇▆▁▅▇▇▆█▆▆▆▇▆▆▅▄▅▆▆,False,False,False,5,0.11720872467592947,0.13625957211652318,0.08046833881426929,0.07559591604094895,UP,True,67,44.0,IGNORE,NONE,,GREEN,C,WATCHLIST,No standout factor,Electronic Technology,34.8
DALBHARAT,1880.0,1897.0,1912.5,1871.9,True,True,True,False,False,False,1.5496307960361437,63.7555,1.5865185081049185,False,0.13044218273567867,True,64.27,True,1.3711079584848904,86.0,1.05,0,False,▂▃▄▆▇▁▇▄▇▅▂▃▅▃▄▆▆█▄█,False,False,True,10,0.038215153523304624,0.133076181292189,0.0014747676616444494,0.07241252521661479,FLAT,True,67,44.0,IGNORE,SEED,,GREEN,C,WATCHLIST,CMF positive,Producer Manufacturing,33.3
INGERRAND,4660.6,4700.0,4700.0,4615.6,True,True,True,True,False,True,0.4991342642288103,7.812563780000001,0.514708653931052,False,0.0573867859226124,True,43.06,False,0.8462634501056355,8.0,-1.21,0,False,▅▆▇▆▆▇▅▄▆▅▆▆█▁▅▅▆▅▆▄,False,False,False,3,0.07034425740073025,0.12436370654507733,0.033603871539070074,0.06370005046950311,FLAT,True,65,44.0,IGNORE,NONE,,GREEN,C,WATCHLIST,CMF positive,Producer Manufacturing,33.3
NEOGEN,2230.1,2259.2,2283.9,2190.1,True,True,True,True,False,True,0.6490937745305722,35.97753427,0.6652129770924784,False,-0.21736732432788614,True,43.6,True,1.077807304863729,48.0,-0.04,0,True,▂▃▃▄▅▅▆█▅▆▄▃▆▅▇▆▁▆▅▆,False,False,False,2,0.081103354663564,0.09657274917637793,0.044362968801903824,0.0359090931008037,UP,True,59,44.0,IGNORE,NONE,,GREEN,C,WATCHLIST,No standout factor,Process Industries,34.8
SIRCA,451.2,451.0,453.75,445.65,False,True,True,True,False,False,0.8582221443139039,19.494727679999997,0.8920504210184267,False,0.21910793741925264,True,27.41,False,0.7342718225532086,35.0,-0.43,0,False,█▆▄▄▅▇▄▄▃▄▄█▆▁▇▆▇▆▁▃,False,False,False,8,0.14677849790316433,0.07903862250388616,0.11003811204150415,0.018374966428311934,UP,True,56,44.0,IGNORE,NONE,,GREEN,C,WATCHLIST,CMF positive,Process Industries,34.8
GIPCL,172.64,173.0,174.5,169.5,False,True,True,True,False,True,0.5866973586796973,7.295472911999999,0.5923478177026537,False,-0.2500180838732888,True,53.87,False,0.9556416920197619,45.0,-0.05,0,True,▆▆▅▅▆▇▆▆▇█▆▇▁▆▇█▇▆▇▆,False,False,False,4,0.09800928575971501,0.07503580546733901,0.06126889989805484,0.014372149391764788,UP,True,55,44.0,IGNORE,NONE,,GREEN,C,WATCHLIST,No standout factor,Utilities,29.3
ENGINERSIN,244.91,236.2,246.49,236.2,False,True,True,True,False,True,1.155575965324838,62.288327665,1.1842765948157616,True,0.03076213934739421,True,43.4,False,0.9933054872117639,58.0,0.3,0,True,▇▅▆▆█▆▇▄▆▆▇▇▇▅▁█▃▆▅▆,False,False,False,0,0.08747391323653475,0.04359127322311229,0.050733527374874576,-0.01707238285246193,UP,False,47,44.0,IGNORE,NONE,,GREEN,C,WATCHLIST,CMF positive,Industrial Services,37.0
AIIL,552.25,532.2,565.4,532.2,False,False,True,True,False,False,1.3815539353788726,37.166590675,1.3321139624993732,True,0.047254955037015656,True,34.32,False,0.8742389892248517,20.0,-0.73,0,False,▅▃▅▅▅▅▅▅▂▁▃▇▆▅▆█▄▅█▄,False,True,False,3,0.03982300884955747,0.04168631519381316,0.003082622987897299,-0.018977340881761062,UP,False,47,44.0,IGNORE,NONE,,GREEN,C,WATCHLIST,CMF positive,Finance,30.6
MAHSEAMLES,634.15,613.0,658.9,612.95,False,True,True,True,True,True,8.35692172616734,63.740001875,8.866682314674978,True,-0.08794818147974956,False,39.52,False,0.6923919232622312,3.0,-1.77,0,False,▅▆▅▆▇▅▅▆▆▄▁▅▆▄▄▆▅▆█▂,False,False,False,0,0.10952672557081633,0.027629233511586415,0.07278633970915616,-0.03303442256398781,UP,False,44,44.0,IGNORE,NONE,,GREEN,C,WATCHLIST,No standout factor,Non-Energy Minerals,34.4
PREMIERENE,1053.0,1050.0,1072.4,1045.7,False,True,True,True,True,True,3.078497516565695,285.3674226,3.158217743369716,True,-0.09737766639805696,False,34.09,False,0.8500292984577791,42.0,-0.32,0,False,▄▄▅▅▇▆▅▇▇▁▇▄▅▆▆▆▆█▅▄,False,False,False,0,0.033061905229078814,0.01778465107287852,-0.00367848063258136,-0.0428790050026957,UP,False,42,44.0,IGNORE,NONE,,GREEN,C,WATCHLIST,No standout factor,Electronic Technology,34.8
GOCLCORP,400.6,397.0,402.15,397.0,False,False,True,True,False,True,0.14213945141657422,0.90367348,0.13326110452575293,False,0.19933086181279375,False,63.69,True,1.1622474862679975,93.0,1.23,0,True,████▇█▇▇█▁▇▇▆▆▇▆▇▇▇█,False,False,False,0,0.010213087882990912,-0.004349446998881623,-0.026527297978669262,-0.06501310307445585,UP,False,35,44.0,IGNORE,SEED,,GREEN,C,WATCHLIST,"Delivery P93, CMF positive",Process Industries,34.8
CAMPUS,228.15,231.0,233.28,227.01,False,True,True,False,True,False,2.1837920091347987,38.49807663,2.2578284084950107,True,-0.26435893421877227,False,37.81,False,0.8396810944058274,25.0,-0.66,0,False,▂▇▂▄▁▅▅▄▁▄▄█▅▅▄▃▆▇▇▃,False,True,False,0,0.05356730547217725,-0.042994966442952975,0.016826919610517077,-0.1036586225185272,UP,False,25,44.0,IGNORE,NONE,,GREEN,C,WATCHLIST,No standout factor,Consumer Non-Durables,34.2
BLUESTONE,846.4,825.6,850.0,816.0,False,True,True,True,False,True,0.12133646080558674,80.35662352,0.12629636517028434,False,-0.054903520594335946,False,18.87,True,1.4687682428488034,17.0,-1.16,0,False,▁▅▁▂▄▂▂▂▃▂▃▄▅▅▆▅▆█▇▇,False,False,False,5,0.09580528223718288,0.6261287223823246,0.0590648963755227,0.5654650663067504,FLAT,True,97,43.0,IGNORE,NONE,,GREEN,C,WATCHLIST,RS leader,Retail Trade,32.3
AEQUS,259.0,261.4,265.0,257.5,True,True,True,True,False,True,0.6943321898481837,60.3709834,0.7365238110845921,False,-0.026991307011194975,False,42.17,False,0.9747697144111971,62.0,0.33,0,True,▄▅▆▁▄▄▇▇▆▄▅▃▇▅▄█▅▃▄▄,False,False,False,3,0.13100436681222716,0.4703377803008799,0.09426398095056698,0.4096741242253057,FLAT,True,95,43.0,IGNORE,NONE,,GREEN,C,WATCHLIST,RS leader,Electronic Technology,34.8
SHILPAMED,814.95,825.0,825.0,810.3,True,True,True,True,False,True,0.22426017205420462,57.84629193000001,0.24482201137957058,False,-0.0014390571624784642,False,48.63,True,1.2258015728977616,53.0,-0.03,0,False,▆▇▇██▇▆▁▁▁▃▅▆▅▇▆█▇▆▇,False,False,False,10,0.344358297591554,0.4905349794238685,0.30761791172989383,0.42987132334829425,FLAT,True,95,43.0,IGNORE,NONE,,GREEN,C,WATCHLIST,RS leader,Health Technology,31.5
ZSARACOM,12500.0,12292.0,12900.0,12200.0,False,True,True,True,False,True,0.2217504128332154,0.05875,0.2160521587053698,False,0.3038369171262096,False,81.25,True,1.2200157663575961,53.0,0.34,0,False,██▅▆▇▇▆██▆▃▆▆▁▃▆▇▅▇▇,False,False,False,0,-0.03164581477321149,0.3440137627009301,-0.06838620063487166,0.28335010662535587,FLAT,True,90,43.0,IGNORE,NONE,,GREEN,C,WATCHLIST,"CMF positive, RS leader",Finance,30.6
ROLEXRINGS,183.37,187.5,189.4,182.0,True,True,True,True,False,True,0.3494935721164573,47.675668227,0.3856522858231625,False,0.2567982433489166,False,39.83,False,0.9941469380623745,32.0,-0.35,0,False,██▇▇▆██▁▃▅▇▁▂▃▆▆▇▇▅▅,False,False,False,8,0.313162417645374,0.31514021372731826,0.27642203178371383,0.25447655765174404,UP,True,89,43.0,IGNORE,NONE,,GREEN,C,WATCHLIST,CMF positive,Producer Manufacturing,33.3
ASIANENE,470.3,483.1,491.0,465.1,True,True,True,True,False,True,0.5623962326098685,21.54157417,0.622384779253889,False,0.3874871684572254,False,35.32,False,0.8510843373493976,16.0,-0.99,0,False,▃▄▆▄▅▅█▇▆▄▇▅▇▇▅▂▁▂▃▃,False,False,False,11,0.32218161371942666,0.2842708902239215,0.2854412278577665,0.22360723414834727,UP,True,87,43.0,IGNORE,NONE,,GREEN,C,WATCHLIST,CMF positive,Energy Minerals,40.7
MARKSANS,321.3,320.85,327.0,313.85,False,True,True,True,False,True,0.4593670280788563,83.41564896,0.4717924837939506,False,0.2813907152882417,False,33.67,False,0.8838894285039246,14.0,-0.96,0,False,▆▇▆█▇█▆▆▇▇▇▇▁▂▂▂▄▄▅▅,False,False,False,5,0.30450669914738127,0.27313072076712763,0.2677663132857211,0.2124670646915534,UP,True,86,43.0,IGNORE,NONE,,GREEN,C,WATCHLIST,CMF positive,Health Technology,31.5
LUMAXTECH,1988.8,2053.8,2065.6,1980.1,True,True,True,True,False,True,0.22750248338183626,21.8837608,0.22904981516293513,False,0.5492208728650855,False,44.2,True,1.0086603302107462,60.0,0.21,0,False,▆▇▇▇█▆▆▇▇▇▇▁▂▆▅▆█▅▆▆,False,False,False,2,0.35680174648656027,0.2171358629130966,0.3200613606249001,0.1564722068375224,UP,True,81,43.0,IGNORE,NONE,,GREEN,C,WATCHLIST,CMF positive,Producer Manufacturing,33.3
TVSSRICHAK,4879.1,4925.0,5011.0,4839.1,True,True,True,True,False,True,0.43905869164841643,14.638275820000002,0.47100154819308926,False,0.3856235154753045,False,36.09,False,0.7747128904153698,10.0,-1.16,0,False,▅█▇▆▇▇█▆█▇▆▆▇▁▁▂▃▃▃▄,False,False,False,5,0.23079057565208627,0.22424348873387867,0.1940501897904261,0.16357983265830445,UP,True,81,43.0,IGNORE,NONE,,GREEN,C,WATCHLIST,CMF positive,Consumer Durables,32.2
WINDLAS,993.6,990.0,1009.8,954.05,False,True,True,True,True,True,0.8599069235136597,17.2007064,0.9121880139630697,False,0.4523628582185754,False,39.63,False,0.7886331751291007,5.0,-1.78,0,False,▇█▆▆██▆██▆▇▁▄▄▇▆▆▄▄▅,False,False,False,9,0.1581094469374671,0.20538638845080692,0.12136906107580692,0.1447227323752327,FLAT,True,80,43.0,IGNORE,NONE,,GREEN,C,WATCHLIST,CMF positive,Health Technology,31.5
EPL,265.61,270.9,274.03,262.4,True,True,True,True,False,True,2.0277495950825752,104.960120943,2.173266692590508,False,-0.11078381847249825,False,57.38,True,1.0837457031692668,71.0,0.58,0,True,▄▄▅▅▇▄▅▇▆█▅▆▁▃▅▅▆▅▂▆,False,False,True,6,0.13966360593838512,0.18153914590747333,0.10292322007672494,0.12087548983189911,FLAT,True,75,43.0,IGNORE,DISTRIBUTION,,GREEN,C,WATCHLIST,No standout factor,Process Industries,34.8
VERANDA,259.25,258.0,264.95,256.05,False,True,True,True,True,True,0.9513229479387687,26.189253525,0.9753591452748109,False,0.16726830074927726,False,39.04,False,0.8763974318681812,9.0,-1.25,0,False,▄█▅▇▂▄▅▅▅▆█▅▇▂▄▄▇▇▁▄,False,False,False,7,0.10894858413893393,0.14247311827957,0.07220819827727376,0.08180946220399576,FLAT,True,68,43.0,IGNORE,NONE,,GREEN,C,WATCHLIST,CMF positive,Commercial Services,25.4
KINGFA,5813.5,5857.5,5898.0,5764.0,True,True,True,True,False,True,0.3778912733880077,5.3681859,0.3797234570044865,False,0.22683016077847148,False,49.48,False,0.9121325799821185,32.0,-0.37,0,False,▁▆▆█▆▅▄▅▅▆▄▆▅▅▅▂▅▄▂▄,False,False,False,6,0.11540675364543351,0.13811667971808927,0.07866636778377334,0.07745302364251505,UP,True,68,43.0,IGNORE,NONE,,GREEN,C,WATCHLIST,CMF positive,Process Industries,34.8
GRAVITA,1821.7,1792.8,1842.4,1789.1,False,True,True,True,True,True,1.339843967950109,61.462518470000006,1.4348399774587666,True,-0.09969677632069308,False,50.69,True,1.0007107039917873,64.0,0.41,0,True,▅▄▃▆█▄▃▇▇█▇▄▆▅▅▇▅▆▁▅,False,False,False,0,0.025905276792250964,0.13650258905733348,-0.01083510906940921,0.07583893298175926,FLAT,True,67,43.0,IGNORE,NONE,,GREEN,C,WATCHLIST,No standout factor,Non-Energy Minerals,34.4
LTFOODS,427.6,433.0,436.35,426.15,True,True,True,True,False,True,0.5286015437466427,19.482182920000003,0.5560859338485927,False,0.280321404542896,False,38.3,False,0.8771929824561403,23.0,-0.49,0,False,██▅▁▄▇▅▆▇▇▆▇▆▆▆██▆▆▅,False,False,False,12,0.13844515441959526,0.12260435809923886,0.10170476855793509,0.06194070202366464,UP,True,65,43.0,IGNORE,NONE,,GREEN,C,WATCHLIST,CMF positive,Process Industries,34.8
SHAILY,3321.0,3348.9,3385.1,3301.0,True,True,True,True,False,True,0.5223968741036068,35.986356,0.5314018598368206,False,0.14565852302041146,False,37.58,False,0.8228055963041622,22.0,-0.74,0,False,▄▆▃▄▆▅█▅▂▄▁▁▃▃▃▃▄▅▄▂,False,False,False,6,0.11829477725022741,0.11742934051144016,0.08155439138856724,0.05676568443586594,UP,True,64,43.0,IGNORE,NONE,,GREEN,C,WATCHLIST,CMF positive,Process Industries,34.8
POLYMED,1719.4,1771.0,1783.8,1710.0,True,False,True,True,False,False,0.5048610772258812,16.633647540000002,0.486495875696651,False,0.059861819596966896,False,56.28,True,1.2034898639979472,84.0,0.78,0,True,▂▅▅▇▇▆▆▅▆▁▄▄▄▆▆▅▆▅█▇,False,False,False,7,0.03329326923076925,0.1220308013573479,-0.003447116630890923,0.06136714528177367,FLAT,True,64,43.0,IGNORE,NONE,,GREEN,C,WATCHLIST,CMF positive,Health Technology,31.5
ANTHEM,871.45,893.0,894.9,868.9,True,True,True,True,False,True,1.30332976750487,68.078284015,1.3428181669946075,False,0.0905286271301645,False,55.02,False,0.9485798025947159,61.0,0.11,0,False,▇▇█▄▃▆▅▇█▆▅▁▅▆▅▅▆▅▇▅,False,False,False,12,0.131900246785297,0.10491948776467597,0.09515986092363682,0.04425583168910174,UP,True,61,43.0,IGNORE,NONE,,GREEN,C,WATCHLIST,CMF positive,Health Technology,31.5
INDIANB,893.0,890.0,902.8,885.3,True,True,True,True,False,True,0.3914861245588527,63.9609464,0.40772224744287033,False,0.13631445789143334,False,40.16,False,0.905054875712708,29.0,-0.59,0,False,▅▇▄▆█▃▄▄▄▄▆▅▃▃▂▁▄▁▆▃,False,False,False,6,0.07280153772224884,0.08929007074896322,0.03606115186058867,0.028626414673389,UP,True,58,43.0,IGNORE,NONE,,GREEN,C,WATCHLIST,CMF positive,Finance,30.6
BEML,1935.4,1950.0,1969.7,1930.2,True,True,True,True,False,True,0.5083134425808385,45.95626654,0.5301064796421278,False,0.17823945828099855,False,32.04,False,0.796687926597292,35.0,-0.39,0,False,▅▆█▇▃▇▇▇▄▁▁▃▂▄▅▃▄▄▅▃,False,False,False,8,0.12969880924585575,0.08993636312440167,0.09295842338419558,0.02927270704882745,UP,True,58,43.0,IGNORE,NONE,,GREEN,C,WATCHLIST,CMF positive,Producer Manufacturing,33.3
INFY,1169.2,1170.4,1174.1,1158.9,True,True,True,False,False,False,0.41718161876243004,660.177088,0.43461946440003174,False,0.17242287772744988,True,62.17,True,1.1344579984124523,82.0,0.91,0,True,▃▆▅▄▁▁▄▂▂▄▃▄▆▃▆▁▆█▁▇,False,False,False,0,0.06630186958504347,-0.005697763415256407,0.029561483723383297,-0.06636141949083063,UP,False,35,43.0,IGNORE,NONE,,GREEN,C,WATCHLIST,CMF positive,Technology Services,35.4
JSWENERGY,544.95,542.4,552.0,540.2,False,False,False,True,False,True,0.6143581992765855,53.043089715,0.5999995935511013,False,0.06574200485584647,True,50.15,True,1.003662417195349,75.0,0.56,0,True,▂▄▃▃▂▅▄▂▅█▁▂▂▂▃▄▃▃▅▃,False,False,False,0,-0.02224813851260421,-0.02800321055917232,-0.058988524374264384,-0.08866686663474654,UP,False,29,43.0,IGNORE,NONE,,GREEN,C,WATCHLIST,CMF positive,Utilities,29.3
GOCOLORS,344.8,331.0,354.0,328.85,False,True,True,False,False,False,2.0816689518913916,22.9414404,2.1626364578876216,True,-0.05614952558155804,True,34.26,False,0.9268226700933315,24.0,-0.61,0,True,▄█▆▁▃▅▇▃▄▇▆█▅▅▇▇▇██▅,False,False,False,0,0.06370507481104437,-0.03861703610762568,0.026964688949384197,-0.0992806921831999,UP,False,26,43.0,IGNORE,NONE,,GREEN,C,WATCHLIST,No standout factor,Consumer Non-Durables,34.2
ZAGGLE,200.12,198.52,203.95,194.37,False,True,False,False,False,False,1.7582925066032329,186.407517444,1.9156304395724142,True,0.0746064767106673,True,16.77,False,0.3689566030471371,2.0,-2.86,0,False,▆▄▆▇▆▇▇▆█▆▆▆▇██▅▃▁▁▂,False,False,False,0,0.0007501125168776213,-0.04157088122605368,-0.03599027334478255,-0.1022345373016279,UP,False,25,43.0,IGNORE,NONE,,GREEN,C,WATCHLIST,CMF positive,Technology Services,35.4
TARIL,298.65,286.0,304.0,286.0,False,False,False,False,False,False,3.2607497357440045,106.15995076499999,3.293304245020554,True,-0.214645723898443,True,29.2,False,0.6340589544541556,27.0,-0.62,0,True,▄▆▄▆▄▇▆▆▅▅▇██▇▁▆▆▇█▂,False,True,False,0,0.012372881355932064,-0.052205649000317544,-0.02436750450572811,-0.11286930507589177,UP,False,22,43.0,IGNORE,NONE,,GREEN,C,WATCHLIST,No standout factor,Producer Manufacturing,33.3
CUMMINSIND,5410.0,5348.0,5426.0,5339.5,False,False,False,True,False,True,0.9111539629595458,219.852121,0.9039581371077566,False,0.12236415811102366,True,65.49,True,1.1482523735633694,87.0,1.03,0,True,▇▄▄▃▄▃▂▁▂▁▄▇▆█▂▅▅▅▅▆,False,False,False,0,-0.006975036710719529,-0.06522678185745145,-0.0437154225723797,-0.12589043793302568,UP,False,19,43.0,IGNORE,SEED,,GREEN,C,WATCHLIST,CMF positive,Producer Manufacturing,33.3
JAYKAY,154.9,145.69,159.5,144.8,False,False,False,False,False,False,4.365341638985383,14.233234340000001,4.382242428046647,True,-0.06235981131242475,True,33.89,False,0.6440272129527574,8.0,-1.43,0,True,▅▅▅▄▂▃▇█▄▆▄▆▅▂▃▅▄▃▅▁,False,True,False,0,-0.057785888077858893,-0.09202813599062132,-0.09452627393951907,-0.15269179206619554,UP,False,13,43.0,IGNORE,NONE,,GREEN,C,WATCHLIST,No standout factor,Commercial Services,25.4
HITECH,81.37,77.59,81.75,77.59,False,False,False,False,False,False,3.021803766291074,13.100317753,3.024859403405059,True,-0.3030141594740612,True,46.83,False,0.814703989144239,35.0,-0.33,0,True,▃█▄▄▁▄▃▄▅▇▅▆▁▂▅▃▇▆▄▁,False,True,False,0,-0.04033494515862723,-0.09235917456776355,-0.07707533102028741,-0.15302283064333777,UP,False,13,43.0,IGNORE,NONE,,GREEN,C,WATCHLIST,No standout factor,Non-Energy Minerals,34.4
E2E,602.8,572.0,604.2,551.35,False,True,False,False,False,False,1.476683766252969,203.63036099999997,1.7777679230008192,True,0.23633150084733284,True,35.63,False,0.6499927028604788,13.0,-0.91,0,True,▂▂▂▂▃▂██▁▆▂▁▁█▄▂▁▁▃▁,False,False,False,0,0.5578240082698023,-0.8536360325361175,0.5210836224081421,-0.9142996886116918,UP,False,0,43.0,IGNORE,NONE,,GREEN,C,WATCHLIST,CMF positive,Technology Services,35.4
KAYNES,3890.0,3822.0,3913.3,3798.0,False,True,True,False,False,False,0.6227216172898118,385.408363,0.6536009934051838,False,0.18309058283579122,True,32.38,True,1.4201131529318891,79.0,0.75,0,False,▆▇▄▂▂▃▄▂▅▃▅▁▅▅▇▃▅▄▄█,False,False,False,3,0.22473395881871427,0.2642594819461146,0.1879935729570541,0.20359582587054037,FLAT,True,85,42.0,IGNORE,NONE,,GREEN,C,WATCHLIST,CMF positive,Electronic Technology,34.8
63MOONS,795.5,774.9,803.9,767.0,False,False,True,True,False,False,0.27720367346258407,36.6445484,0.2510399313691772,False,0.32744719596136634,True,34.97,True,1.0645033636723387,15.0,-0.98,0,False,▇▆█▁▁▂▄▃▄▆▇▇▇▅▅▇█▅▆▆,False,False,False,4,0.12311167584356908,0.2043906131718396,0.0863712899819089,0.14372695709626537,FLAT,True,79,42.0,IGNORE,NONE,,GREEN,C,WATCHLIST,CMF positive,Technology Services,35.4
EXIDEIND,459.6,464.05,466.5,456.4,True,False,True,True,False,True,0.3949341411497544,110.79195732000001,0.3973249451762075,False,0.0166491428511201,False,54.15,True,1.1119438997094366,89.0,1.13,0,True,▇█▄▁▃▅▅▃▆▃▄▃▆▆▄▇▅▃▅▆,False,False,False,10,0.037471783295711214,0.17259854573287425,0.0007313974340510399,0.11193488965730003,FLAT,True,74,42.0,IGNORE,SEED,,GREEN,C,WATCHLIST,CMF positive,Producer Manufacturing,33.3
INNOVACAP,1088.5,1084.2,1099.85,1073.75,False,True,True,True,True,True,0.9740185126870228,8.5349285,1.045568556465996,False,-0.11068520000674839,True,39.06,False,0.7358773161013198,11.0,-1.02,0,False,▇▇███▇▅▇▅▇█▄▁▃▅▅▆▅▆▄,False,False,False,9,0.14524698826871485,0.15496843333863852,0.10850660240705468,0.0943047772630643,UP,True,70,42.0,IGNORE,NONE,,GREEN,C,WATCHLIST,No standout factor,Health Technology,31.5
AYMSYNTEX,258.2,264.0,268.0,252.2,True,True,True,True,False,True,1.145489326075264,1.4324936,1.157643905551065,False,0.029187371104619133,False,61.34,True,1.03607864333491,60.0,0.34,0,True,▄▅▅▅▆▁██▅▅▅▆▅▅▃▄▆▃▆▆,False,False,False,3,0.10111305386157188,0.1525242155068518,0.0643726679999117,0.09186055943127758,FLAT,True,70,42.0,IGNORE,NONE,,GREEN,C,WATCHLIST,CMF positive,Process Industries,34.8
PIXTRANS,1809.1,1817.6,1833.7,1790.0,True,False,True,True,False,True,0.1360175889380414,2.32234167,0.12548016106341556,False,0.08203252211117386,True,60.45,True,1.2576195726798012,55.0,0.26,0,True,▇█▇▇█▇▇▇▆▆▁▂▄▅▆▆▇▇██,False,False,False,2,0.024347432195232388,0.12772721605784798,-0.012392953666427786,0.06706355998227376,FLAT,True,66,42.0,IGNORE,NONE,,GREEN,C,WATCHLIST,CMF positive,Producer Manufacturing,33.3
SHOPERSTOP,421.3,418.15,425.2,414.8,False,True,True,True,False,False,0.3691512166887552,0.81146593,0.3799823114179041,False,0.0374437356845396,False,61.65,True,1.2057972148333593,85.0,0.96,0,True,▆▇█▇▅▄▃▄▅▁▇█▅▃▆▁▃▅▂▆,False,False,False,12,0.11528788881535412,0.12451621513412525,0.07854750295369395,0.06385255905855103,UP,True,65,42.0,IGNORE,SEED,,GREEN,C,WATCHLIST,CMF positive,Retail Trade,32.3
GLENMARK,2317.9,2334.6,2348.6,2303.0,True,True,True,True,False,True,0.4659406440197806,54.984760220000005,0.47872401043764795,False,0.0591323610065247,True,33.29,False,0.7189366044336942,8.0,-1.41,0,False,▆▇▄▅▂▁▅▂▃▃▂▃▁▄▅▅█▃▃▂,False,False,False,2,0.05743613138686143,0.06628944705124651,0.02069574552520126,0.005625790975672285,UP,True,53,42.0,IGNORE,NONE,,GREEN,C,WATCHLIST,CMF positive,Health Technology,31.5
KRSNAA,561.65,546.8,575.5,541.85,False,True,True,False,False,False,1.0520777845011413,5.38554952,1.0642616388361785,True,0.05034446319920043,False,46.1,False,0.7901683178499195,10.0,-1.14,0,True,▅▅▅▅▂▃▁▄▄▄▃▄█▃▁▂▃▁▃▁,False,False,False,4,0.03092878120411169,0.05118847089650025,-0.005811604657548486,-0.009475185179073975,UP,False,49,42.0,IGNORE,NONE,,GREEN,C,WATCHLIST,CMF positive,Health Services,31.0
NITINSPIN,588.45,589.0,596.55,581.1,False,True,True,True,False,True,0.18293751761209057,3.396121485,0.18324074785341937,False,0.39477737977332145,False,51.36,True,1.0368112401966225,43.0,-0.06,0,False,▇▅█▇▆▆▇▆▇▆▄▆█▆▆▆▁▄▅▆,False,False,False,6,0.0994955156950672,0.05202467149369805,0.06275512983340703,-0.008638984581876175,UP,False,49,42.0,IGNORE,NONE,,GREEN,C,WATCHLIST,CMF positive,Process Industries,34.8
DIAMONDYD,1179.3,1179.3,1192.6,1165.9,False,True,True,True,False,True,0.23483721556411669,2.08795065,0.23322598597079225,False,0.31068617213932015,False,65.45,True,1.0744480013133055,69.0,0.48,0,True,▃▃▁▄▄▁▂█▅▆▃▁▂▄▅▁▂▃▅▄,False,False,False,1,0.06109411552996202,0.044182751903665496,0.02435372966830185,-0.016480904171908728,UP,False,48,42.0,IGNORE,NONE,,GREEN,C,WATCHLIST,CMF positive,Consumer Non-Durables,34.2
KOTAKBANK,392.6,393.1,394.35,389.85,False,True,True,False,False,True,0.7281043998538889,357.14731702,0.7355071563128722,False,0.3700112376158952,False,69.3,True,1.0500875072922742,67.0,0.45,0,True,█▄▇▆█▇▂▇▅▇▅▃▄▄█▁▂▁▃▆,False,False,False,0,0.006795743043980007,0.02909567496723464,-0.029944642817680167,-0.03156798110833958,UP,False,45,42.0,IGNORE,NONE,,GREEN,C,WATCHLIST,CMF positive,Finance,30.6
ASIANPAINT,2704.5,2751.0,2751.0,2690.3,True,False,True,True,False,True,0.6373128753550822,175.35518235,0.6292374144417763,False,0.1286223296975057,False,58.49,True,1.0776402093006119,61.0,0.32,0,False,▃▅▁▄▅▇▅▆▆▇███▇▆▆▆▇▅▇,False,False,False,6,0.005764224618817426,0.016118124436429238,-0.030976161242842748,-0.044545531639144986,UP,False,41,42.0,IGNORE,NONE,,GREEN,C,WATCHLIST,CMF positive,Process Industries,34.8
CAMS,753.0,752.9,759.5,747.0,False,False,False,False,False,True,1.264800301952987,122.833878,1.2112344438979465,True,-0.18126865611812906,False,60.01,True,1.2997195239487564,96.0,1.8,0,True,▅▄▅▅▇▁▁▅▆▄▁▆▇▇▇▅▇▇██,False,True,False,0,-0.011097248670300153,-0.006006204210943111,-0.04783763453196033,-0.06666986028651734,UP,False,35,42.0,IGNORE,SEED,,GREEN,C,WATCHLIST,Delivery P96,Technology Services,35.4
ANURAS,1243.7,1240.0,1251.0,1233.5,False,True,False,False,True,True,1.7024132661741591,54.25914864,1.7415470249478857,True,-0.09516804432885208,False,60.36,False,0.9614756644392587,76.0,0.79,0,True,▆▅▅▅▆▄▅▁▃▆█▂▆▇▃▃█▆▇▅,False,False,False,0,-0.004721510883482605,-0.005278733104054911,-0.04146189674514278,-0.06594238917962914,UP,False,35,42.0,IGNORE,NONE,,GREEN,C,WATCHLIST,No standout factor,Health Technology,31.5
JSWSTEEL,1267.0,1267.3,1276.7,1260.3,True,False,True,True,False,True,0.5153529692736658,119.0933121,0.5128249551824953,False,0.05433785627375594,False,61.31,True,1.1131890478611373,88.0,1.23,0,True,▄▄▂▃▆▆▄▄▄▂▅▆▄█▄▃▄▁▄▅,False,False,False,2,0.024003879414854934,-0.02620859272922904,-0.01273650644680524,-0.08687224880480326,UP,False,30,42.0,IGNORE,SEED,,GREEN,C,WATCHLIST,CMF positive,Non-Energy Minerals,34.4
WINDMACHIN,314.6,323.15,326.0,311.3,True,True,True,True,False,True,0.3692029556258622,3.1558155200000004,0.38163839228057234,False,0.35361004650603123,False,56.83,True,1.0225728963302174,55.0,0.09,0,True,▆▆▇▅▄▄▅▆▇▁▂▃▅▇▅▇▄▄█▅,False,False,False,0,0.07665982203969901,-0.03065783392389454,0.039919436178038836,-0.09132148999946876,UP,False,28,42.0,IGNORE,NONE,,GREEN,C,WATCHLIST,CMF positive,Producer Manufacturing,33.3
CCL,1082.3,1114.0,1118.6,1075.1,True,False,False,True,False,True,2.3460625437549916,41.20197047,2.2051638181037974,False,-0.3465143021408666,False,65.22,True,1.203276631858603,96.0,1.56,0,True,▄▁█▇▆█▅▅▆█▇▄▆▇▆▆▇▇▆█,False,False,False,0,-0.08558634673876309,-0.04161870185070393,-0.12232673260042326,-0.10228235792627816,FLAT,False,25,42.0,IGNORE,DISTRIBUTION,,GREEN,C,WATCHLIST,Delivery P96,Consumer Non-Durables,34.2
TMPV,334.05,329.0,337.75,329.0,True,False,False,False,False,False,4.032521789793809,1047.77247789,3.9751144567066197,False,0.13693148339586828,False,67.1,True,1.4103008711918195,99.0,2.31,0,False,▅▅▅▃▄▃▅▃▅▂▃▂▃▁▃▃▄▄██,False,False,False,0,-0.004618593563766371,-0.16424818613960468,-0.041358979425426545,-0.2249118422151789,UP,False,4,42.0,IGNORE,SEED,,GREEN,C,WATCHLIST,"Delivery P99, CMF positive",Consumer Durables,32.2
UJJIVANSFB,72.07,71.86,72.67,71.81,False,True,True,True,False,True,0.3988475614090027,55.927646088,0.4042422555845274,False,-0.20615485226468686,False,56.46,True,1.1894078240535928,79.0,0.83,0,True,▃▅▂▁▅▆▄▆▄█▄▆▅▂█▄▄▄▁▇,False,False,False,11,0.019089366515836925,0.3161066471877283,-0.01765101934582325,0.25544299111215407,FLAT,True,89,41.0,IGNORE,NONE,,GREEN,C,WATCHLIST,No standout factor,Finance,30.6
DEVYANI,144.4,147.1,149.0,143.5,True,True,True,True,False,False,0.34549191734542684,42.854800960000006,0.38333483059714735,False,0.31892428231762593,False,37.23,True,1.0246036988110965,23.0,-0.67,0,False,▇▇▁▄▆▆▆▇█▃▅▄▄▃▃▄▅▆▆▅,False,False,False,13,0.28584149599287634,0.31968561506123194,0.24910111013121616,0.2590219589856577,FLAT,True,89,41.0,IGNORE,NONE,,GREEN,C,WATCHLIST,CMF positive,Consumer Services,29.9
TAALTECH,4240.0,4285.1,4285.7,4190.0,True,True,True,True,False,True,0.25786212641882744,0.839944,0.2538496282877397,False,0.03492834188786639,True,66.09,False,0.9938570042933299,37.0,-0.28,0,True,▄▆▄▄▄▅▄█▁▁▆▆▆▆▇▅▆▆▇▅,False,False,False,3,0.10135591459296589,0.26152930675394237,0.06461552873130572,0.20086565067836815,FLAT,True,85,41.0,IGNORE,NONE,,GREEN,C,WATCHLIST,CMF positive,Transportation,24.2
POONAWALLA,490.05,495.0,499.55,488.75,True,True,True,True,False,True,0.5715614183324287,36.66799125,0.5786817787308618,False,-0.001977331365649499,False,50.89,True,1.0354755679448182,71.0,0.53,0,True,▃▄▆▁▅▅▄▆█▁▃▃▅█▄▅▅▃▂▅,False,False,False,9,0.06602131825103341,0.25044654248532794,0.029280932389373238,0.18978288640975371,FLAT,True,84,41.0,IGNORE,NONE,,GREEN,C,WATCHLIST,No standout factor,Finance,30.6
ASHOKLEY,173.3,175.0,176.1,173.25,True,True,True,True,False,False,0.481931230259933,171.40522445,0.4908825415187953,False,0.19391317137313774,False,47.51,True,1.0497591586017943,56.0,0.06,0,False,▇▆▃▇▅▅▄▇█▄▇▆▇▂▁▅▆▅▄▆,False,False,False,11,0.1364679651124665,0.22438886533842028,0.09972757925080633,0.16372520926284606,FLAT,True,81,41.0,IGNORE,NONE,,GREEN,C,WATCHLIST,CMF positive,Producer Manufacturing,33.3
BUILDPRO,1255.0,1263.0,1267.9,1253.1,True,True,True,True,False,True,0.19470110629505502,2.291881,0.18793870513698382,False,0.08217502402010483,False,72.6,True,1.330559806464028,88.0,1.27,0,False,▄▁▂▆▆▂▅▃▁▃▆▃▇▃▆▄▅███,False,False,False,4,0.0161943319838056,0.22046095497422935,-0.020546053877854575,0.15979729889865513,FLAT,True,81,41.0,IGNORE,SEED,,GREEN,C,WATCHLIST,CMF positive,Distribution Services,31.7
AKUMS,750.0,755.0,763.9,747.7,True,True,True,True,False,True,0.6757753507278617,19.17465,0.6963673434342598,False,-0.04923059591261179,False,58.12,True,1.1327116282242424,77.0,0.66,0,True,▄▄▇█▄▅▅▆▆▅▁▂▄▆▄▅▄▄▆▅,False,False,False,8,0.09122653862941954,0.20404559319312887,0.054486152767759366,0.14338193711755465,FLAT,True,79,41.0,IGNORE,NONE,,GREEN,C,WATCHLIST,No standout factor,Health Technology,31.5
SJS,2497.4,2497.1,2527.0,2485.1,True,True,True,True,False,True,0.824030609319531,40.01933656,0.8406073989805497,False,-0.02456839102623218,False,68.47,True,1.2890654416748248,97.0,1.86,0,False,▅▆▅▆▇▆▅▄▁▄▄▆▇▅▅▇▄▅▇█,False,False,False,10,0.069275560883713,0.18069213313161891,0.03253517502205283,0.12002847705604469,FLAT,True,75,41.0,IGNORE,SEED,,GREEN,C,WATCHLIST,Delivery P97,Producer Manufacturing,33.3
ARVSMART,667.0,660.0,670.2,653.55,False,True,True,True,False,True,0.15705354417490858,4.8749696,0.16087328119136488,False,0.038108276249319284,True,55.89,True,1.125,65.0,0.37,0,False,▇▇▇▇▇▇▇█▇▁▂▅▄▅▅▆▅▅▆▆,False,False,False,9,0.09559789750328518,0.16222338386478485,0.058857511641625004,0.10155972778921063,FLAT,True,72,41.0,IGNORE,NONE,,GREEN,C,WATCHLIST,CMF positive,Finance,30.6
CREDITACC,1496.1,1534.0,1534.0,1478.1,True,False,True,True,False,True,0.7750863448202803,49.03946502,0.7372701687016872,False,0.08717649959169571,False,53.17,True,1.0527462083712826,67.0,0.42,0,False,▁▃▆▅▅▅▅▆▆▇█▇▆▆▆▄▆▅▄▆,False,False,False,5,-0.01416710595677384,0.14171245421245415,-0.050907491818434014,0.08104879813687993,FLAT,True,68,41.0,IGNORE,NONE,,GREEN,C,WATCHLIST,CMF positive,Finance,30.6
ABCAPITAL,401.5,405.6,408.2,401.0,True,False,True,True,False,True,0.3068209583091586,49.6624183,0.30169306173932126,False,0.14713300464581205,False,48.33,True,1.030237788175607,61.0,0.22,0,False,▄▄▅▄▂▁▅▄▅▅▅▇█▄▆▅▇▇▄▅,False,False,False,6,-0.00012451749470798745,0.13530326594090214,-0.03686490335636816,0.07463960986532792,FLAT,True,67,41.0,IGNORE,NONE,,GREEN,C,WATCHLIST,CMF positive,Finance,30.6
MANALIPETC,74.02,78.5,78.5,73.57,True,True,True,True,False,True,1.0055210708991644,10.707089225999999,1.0429086147653006,False,-0.24090597635701533,False,49.11,True,1.0777299859550562,55.0,0.19,0,True,▄▆▇▄▄▄▆█▆█▇▆▃▆▃▆▃▁▅▆,False,False,False,6,0.10858169836753029,0.1352760736196319,0.07184131250587011,0.07461241754405767,FLAT,True,67,41.0,IGNORE,NONE,,GREEN,C,WATCHLIST,No standout factor,Process Industries,34.8
SGFIN,687.15,685.0,695.3,681.0,False,True,True,True,False,True,0.4945772767388753,12.603499155,0.4964942761696128,False,-0.179878454869404,False,55.9,True,1.1515444910235149,67.0,0.31,0,True,▅▅▁▅▂▄▁▂▄▆▇▇▆▅▇▇▇▄█▇,False,False,False,4,-0.012786437755908264,0.12325296281160592,-0.04952682361756844,0.06258930673603169,FLAT,True,65,41.0,IGNORE,NONE,,GREEN,C,WATCHLIST,No standout factor,Finance,30.6
GRAPHITE,710.75,715.0,728.85,706.1,True,True,True,True,False,True,0.42199492520596577,47.59167785,0.4274930146533902,False,-0.01957086325491442,False,47.39,True,1.3269120385277688,94.0,1.7,0,True,▂▅▃▁█▆▁▁▂▅▅▃▄▅▅▅▃▅▅▆,False,False,False,1,0.05648457822370867,0.10287842346186671,0.019744192362048496,0.042214767386292484,FLAT,True,61,41.0,IGNORE,SEED,,GREEN,C,WATCHLIST,Delivery P94,Process Industries,34.8
TECHM,1635.0,1635.0,1652.0,1614.4,True,True,True,True,False,True,1.010950915831186,547.605318,1.0208904682699596,False,-0.2570423587141146,False,60.38,True,1.0049180737128542,74.0,0.73,0,True,▁▃▁▄▃█▄▇▆▅▄▆▆▆▆▅▆▅▃▄,False,False,False,13,0.03948121304596608,0.09930746991192096,0.002740827184305905,0.03864381383634674,FLAT,True,60,41.0,IGNORE,NONE,,GREEN,C,WATCHLIST,No standout factor,Technology Services,35.4
HDBFS,695.85,692.4,699.95,690.45,False,True,True,False,False,True,1.4911267678970275,51.711744825,1.5157327230975626,True,-0.16259551015217868,False,74.59,True,1.273084144051886,89.0,1.19,0,True,▅▄▆▄▅▅▅▆▆▇▄▅▅█▄▄▆▄▁█,False,False,False,0,0.00629067245119308,0.08556942277691104,-0.030449713410467094,0.024905766701336818,FLAT,True,57,41.0,IGNORE,SEED,,GREEN,C,WATCHLIST,No standout factor,Finance,30.6
ARVIND,536.95,540.95,540.95,528.15,True,False,True,True,False,True,0.8289725339147046,33.13862098,0.8193920389620686,False,0.07911183101336731,False,68.27,True,1.4032455319979857,96.0,2.23,0,False,▂▂▂▅▂▃▃▁▃▂▃▃▂▁▃▃▃▅▃█,False,False,False,0,0.018493930197268638,0.08584428715874637,-0.018246455664391537,0.025180631083172145,FLAT,True,57,41.0,IGNORE,SEED,,GREEN,C,WATCHLIST,"Delivery P96, CMF positive",Process Industries,34.8
CLEAN,825.5,834.7,840.4,820.2,True,True,True,False,False,False,0.45421038294292576,21.07311635,0.4762657005436093,False,0.08611107437118855,False,39.48,False,0.8297691232568647,11.0,-1.03,0,True,▆▅▇▇▇▁▆▅▆▆▅▆█▅▆▆▄█▅▄,False,False,False,5,0.14493758668515944,0.07263513513513509,0.10819720082349926,0.011971479059560863,UP,True,54,41.0,IGNORE,NONE,,GREEN,C,WATCHLIST,CMF positive,Process Industries,34.8
BHARATFORG,2063.0,2054.0,2072.0,2021.3,False,False,False,True,False,True,1.0773853054466063,181.0934408,1.0346730318637851,True,0.21889848977834558,False,46.26,False,0.8834819808636197,42.0,-0.19,0,True,▆▆▆▄▆▅▇▅▅▅▁▄▇▇▇▇▇█▆▄,False,False,False,8,-0.06609325486645545,0.06902269665250294,-0.10283364072811563,0.008359040576928711,FLAT,True,53,41.0,IGNORE,NONE,,GREEN,C,WATCHLIST,CMF positive,Producer Manufacturing,33.3
CONFIPET,74.8,72.46,76.2,71.21,False,False,True,True,False,True,1.0589966003603628,28.5415856,1.0104140267960753,True,-0.0969990708917009,False,48.84,True,1.0827587735828144,55.0,0.25,0,True,▂▃▂▂▂▄▃▃▄▃▃▁▃▂▄▃▃▆█▄,False,False,False,3,-0.04469987228607919,0.062198239136608935,-0.08144025814773936,0.001534583061034711,FLAT,True,51,41.0,IGNORE,NONE,,GREEN,C,WATCHLIST,No standout factor,Retail Trade,32.3
MOLDTKPAC,708.95,689.0,720.0,676.0,False,True,True,True,True,False,2.9097265315661716,24.316914105000002,3.0251747531081437,True,-0.2851720843444226,True,25.61,False,0.5088770329746753,1.0,-2.8,0,False,▁▄▅▄▅▇▅▅▄▇▆▅▅█▆▇▆▇▆▂,False,False,False,0,-0.025431301120351968,0.04858748705812754,-0.06217168698201214,-0.01207616901744668,FLAT,False,48,41.0,IGNORE,NONE,,GREEN,C,WATCHLIST,No standout factor,Producer Manufacturing,33.3
WPIL,455.35,462.9,462.95,442.5,True,True,True,True,False,True,0.7088682521847618,2.7592843950000003,0.7263894850699436,False,0.14084566248275826,True,52.15,True,1.0171441945739306,34.0,-0.23,0,False,▃▅▄▅▅▄▆▅▆▆▅█▆▇▄▅▆▁▃▅,False,False,False,0,0.028574655522927594,0.048227440147329714,-0.00816573033873258,-0.01243621592824451,UP,False,48,41.0,IGNORE,NONE,,GREEN,C,WATCHLIST,CMF positive,Producer Manufacturing,33.3
GOKULAGRO,242.8,245.6,246.93,240.1,True,True,True,True,False,True,0.9462503347484399,17.7288918,0.9880273195574418,False,-0.35019470603191133,True,35.5,False,0.8593352860013072,48.0,-0.07,0,True,▄█▆▁▄▄▃▃▆▄▅▅▅▄▆▄▆▆▂▄,False,False,False,6,0.1565760015243176,0.041747114600763746,0.11983561566265744,-0.018916541474810478,UP,False,47,41.0,IGNORE,NONE,,GREEN,C,WATCHLIST,No standout factor,Process Industries,34.8
SENCO,345.4,338.5,348.2,336.0,False,False,False,True,False,False,0.4512826992191259,39.72459215999999,0.3983962657013159,False,0.06515181550397581,True,43.14,True,1.1869909751265684,53.0,0.04,0,True,▁▅▅▆▆▇▅▅▆▅▅▆▅▅▇▆██▇▇,False,False,False,3,-0.09781898916024567,0.020836411999408666,-0.13455937502190585,-0.03982724407616556,FLAT,False,42,41.0,IGNORE,NONE,,GREEN,C,WATCHLIST,CMF positive,Consumer Durables,32.2
YATHARTH,855.15,848.0,858.0,846.0,False,True,True,True,False,True,0.5676230310578175,14.689937729999999,0.5637807273262934,False,-0.12727953467213057,True,51.97,True,1.0033399617738479,74.0,0.66,0,False,▂▆▆▇█▅▂▆▇▃▁▁▆▆▂▆▄▅▇▅,False,False,False,4,0.019492131616595243,0.018338791306936608,-0.01724825424506493,-0.042324864768637616,UP,False,42,41.0,IGNORE,NONE,,GREEN,C,WATCHLIST,No standout factor,Health Services,31.0
SOMANYCERA,520.15,514.85,525.25,509.0,False,True,True,True,False,True,0.6333799342693057,8.527183055,0.6424403099335817,False,-0.307768329187917,True,74.79,True,1.246323437513019,94.0,1.36,0,False,▆▇▇█▇▆▆▇▆▇▆▆▁▂▆▇▆▇▇█,False,False,False,0,0.04721159653714513,0.011669746183020413,0.010471210675484954,-0.04899390989255381,UP,False,39,41.0,IGNORE,SEED,,GREEN,C,WATCHLIST,Delivery P94,Producer Manufacturing,33.3
ZEEL,107.58,108.5,109.43,106.52,True,True,True,True,False,True,0.6415592123808259,250.68577762799998,0.676824026941428,False,0.013838977177442202,False,34.45,True,1.0970988185089647,29.0,-0.49,0,True,▅▄▆█▇▄▃▅▅▂▃▁▄▂▂▂▃▇▅▅,False,False,False,1,0.020102408496112334,-0.044582593250444,-0.01663797736554784,-0.10524624932601823,UP,False,24,41.0,IGNORE,NONE,,GREEN,C,WATCHLIST,CMF positive,Consumer Services,29.9
PTC,156.56,157.05,157.79,156.15,True,False,False,False,False,False,0.3642746844402415,19.62424804,0.3051599879649977,False,0.2918657066059205,True,66.12,True,1.165798312660337,92.0,1.31,0,True,▅▇▆▅▄▅▆▁▅▅▂▅▅▅▆▅▆█▆▇,False,False,False,0,-0.04768856447688563,-0.17251585623678645,-0.0844289503385458,-0.23317951231236067,UP,False,3,41.0,IGNORE,SEED,,GREEN,C,WATCHLIST,"Delivery P92, CMF positive",Utilities,29.3
PVRINOX,1216.8,1219.6,1238.7,1207.3,True,True,True,True,False,True,0.7082768639944194,41.70959208,0.7591416182758509,False,0.015057090227941211,False,56.05,True,1.2053374622324011,66.0,0.36,0,False,▂▁▄▄▅█▄▄▄▄▃▃▅▄▁▃▃▃▅▆,False,False,False,15,0.14366276610742967,0.2896661367249602,0.1069223802457695,0.229002480649386,FLAT,True,88,40.0,IGNORE,NONE,,GREEN,C,WATCHLIST,CMF positive,Consumer Services,29.9
UNIMECH,1491.4,1503.7,1523.8,1476.2,True,True,True,True,False,True,0.5117508526295498,19.61817388,0.5461962373059996,False,0.019996220843983174,False,46.05,False,0.9761629694008415,37.0,-0.22,0,True,▇▆▆█▅▅▁▆▇▂▅▆▆▆▄▇▅▇▇▅,False,False,False,9,0.20526911265556813,0.28618860764951926,0.16852872679390796,0.22552495157394503,FLAT,True,87,40.0,IGNORE,NONE,,GREEN,C,WATCHLIST,CMF positive,Producer Manufacturing,33.3
RSL,165.0,166.47,167.02,161.91,True,True,True,True,False,True,0.6443819016194299,8.612406,0.689289802354972,False,0.013022612208554796,False,39.5,False,0.7944808721187497,26.0,-0.6,0,True,▅▆▆▃▃█▅▄▃▅▄▆▅▂▁▇█▃▄▃,False,False,False,19,0.2314351817299798,0.2873527346492941,0.19469479586831961,0.2266890785737199,FLAT,True,87,40.0,IGNORE,NONE,,GREEN,C,WATCHLIST,CMF positive,Non-Energy Minerals,34.4
AARTIPHARM,816.8,829.25,836.95,806.4,True,True,True,True,False,True,0.4020178139488819,41.742727359999996,0.38049117318488485,False,0.03668192608685688,False,49.98,True,1.2109464910899246,53.0,0.18,0,False,▇▇██▆▆▇█▇▇▃▁▁▃▅▅▄▅▅▇,False,False,False,3,0.2122291481151677,0.27396085159479067,0.1754887622535075,0.21329719551921644,FLAT,True,86,40.0,IGNORE,NONE,,GREEN,C,WATCHLIST,CMF positive,Health Technology,31.5
TBOTEK,1696.5,1714.0,1714.0,1684.1,True,True,True,True,False,True,0.4331464343829501,26.70681195,0.46194413665177103,False,0.008954533703033203,False,53.19,True,1.1645320197044335,73.0,0.48,0,False,▃▄▇▆▄▁█▄▄▅▅▄▅▅▄▄▅▆▃▆,False,False,False,11,0.1871938418474457,0.25406564163217027,0.15045345598578552,0.19340198555659605,FLAT,True,84,40.0,IGNORE,NONE,,GREEN,C,WATCHLIST,CMF positive,Technology Services,35.4
ENTERO,1423.6,1407.7,1430.0,1394.1,False,True,True,True,False,True,0.5357229370923235,14.7186004,0.5699377678034636,False,-0.22160708939087936,True,58.18,True,1.1835667714340932,64.0,0.4,0,False,█▄▅▆▄█▂▆▄▅▁▄▅▅▄▅▅▅▇▆,False,False,False,3,0.15777488614183466,0.25239729040204084,0.12103450028017448,0.19173363432646662,FLAT,True,84,40.0,IGNORE,NONE,,GREEN,C,WATCHLIST,No standout factor,Distribution Services,31.7
TASTYBITE,10135.5,10111.5,10219.0,9955.0,False,True,True,True,False,True,0.16725947101906946,3.05990745,0.17081744041747832,False,0.22697197077730258,True,43.39,False,0.9567384018345388,16.0,-0.91,0,False,▆▆▅▇▅▅▆▇▆▄▅▇█▇▁▅▃▃▅▅,False,False,False,11,0.12629181020113345,0.23921017239271314,0.08955142433947327,0.17854651631713891,FLAT,True,83,40.0,IGNORE,NONE,,GREEN,C,WATCHLIST,CMF positive,Consumer Non-Durables,34.2
GULFOILLUB,1139.9,1151.3,1154.9,1129.0,True,True,True,True,False,True,0.6542636943730836,8.27954966,0.6493685557234044,False,-0.177570105329179,True,64.99,True,1.2381641867819924,86.0,0.96,0,False,▆▇▆▆▇▇▁▅▄▅▆▄▅▇▇▅▆▇▆█,False,False,False,6,0.12228020084670677,0.2134986959067442,0.08553981498504659,0.15283503983116997,FLAT,True,80,40.0,IGNORE,SEED,,GREEN,C,WATCHLIST,No standout factor,Energy Minerals,40.7
PAISALO,69.79,70.0,70.98,69.0,True,True,True,True,False,True,0.5232726523578047,36.150305751000005,0.523600331446064,False,-0.12966265845936867,True,44.23,True,1.0085164114783443,35.0,-0.41,0,True,▅▆▄▅▅▄▆▁▁▄▂█▇▂▃▅▅▄▄▄,False,False,False,0,-0.005415419695026347,0.17689713322091083,-0.04215580555668652,0.1162334771453366,FLAT,True,75,40.0,IGNORE,NONE,,GREEN,C,WATCHLIST,No standout factor,Finance,30.6
UDS,215.67,214.1,218.39,210.82,False,True,True,True,False,False,0.7193116854072724,5.559821630999999,0.7432613518445489,False,0.294819091210064,True,45.04,False,0.8912722991223817,18.0,-0.77,0,False,▃▆▄▆▃▄▅▂▃▅█▇▁▄▇▆▄█▄▄,False,False,False,15,0.07197176798051586,0.1814297452752669,0.03523138211885568,0.12076608919969267,FLAT,True,75,40.0,IGNORE,NONE,,GREEN,C,WATCHLIST,CMF positive,Commercial Services,25.4
SENORES,1513.3,1519.8,1537.2,1495.7,False,True,True,True,False,True,0.3278015436135102,14.1599481,0.35386545624946975,False,0.020021289541149637,False,38.6,False,0.90647566488581,15.0,-0.93,0,True,▃▃▃▄▄▇▆▇▇▄█▅▇▄▅▇▅▁▅▄,False,False,False,7,0.09066666666666667,0.17310077519379852,0.0539262808050065,0.1124371191182243,FLAT,True,74,40.0,IGNORE,NONE,,GREEN,C,WATCHLIST,CMF positive,Health Technology,31.5
OBEROIRLTY,1886.0,1904.8,1918.1,1883.4,True,True,True,True,False,True,0.7016886688185952,61.0486884,0.7136469012886573,False,0.019423096574277824,False,54.67,True,1.2676366587444208,75.0,0.61,0,True,▄▄▅▂█▆▄▅▇▆▆▅▅▆▃▂▁▂▅▆,False,False,False,1,0.035580935646826184,0.16218880946512204,-0.0011594502148339902,0.10152515338954782,FLAT,True,72,40.0,IGNORE,NONE,,GREEN,C,WATCHLIST,CMF positive,Finance,30.6
TATACAP,363.6,357.5,363.9,355.1,False,True,True,True,False,True,0.38461014996141213,30.979229040000003,0.38235716397905334,False,-0.1346291688624791,True,56.45,True,1.119417783770921,46.0,-0.16,0,False,▅▆▁▃▅▆█▅▃▄▅▆▆█▇▆▅▃▆▆,False,False,False,3,0.03722721437740706,0.16333386658134708,0.00048682851574688435,0.10267021050577285,FLAT,True,72,40.0,IGNORE,NONE,,GREEN,C,WATCHLIST,No standout factor,Finance,30.6
INDIGOPNTS,1151.8,1125.1,1161.4,1120.8,False,True,True,True,False,True,0.6195528064868975,13.53388036,0.6261840329531555,False,-0.47322337810131465,True,56.94,True,1.1464121768543125,81.0,0.68,0,False,▅▆▅▃▇█▇▄█▆▆▆▇▅▃▁▄▅██,False,False,False,12,0.09810277433501757,0.15735530546623777,0.0613623884733574,0.09669164939066355,FLAT,True,71,40.0,IGNORE,NONE,,GREEN,C,WATCHLIST,No standout factor,Process Industries,34.8
LTF,317.15,315.0,319.95,314.15,False,True,True,True,False,True,0.6404811152765321,107.87267350999998,0.6463984674194639,False,0.0304049694944235,False,50.92,True,1.1533670071802307,84.0,1.0,0,True,▁▂▆▅▅▄▅▇▅▂▄█▇▅█▃▂▁▂▆,False,False,False,0,0.04877645502645511,0.14930240985685805,0.012036069164794938,0.08863875378128383,FLAT,True,70,40.0,IGNORE,NONE,,GREEN,C,WATCHLIST,CMF positive,Finance,30.6
EXPLEOSOL,898.75,882.75,903.6,875.2,False,True,True,True,False,False,0.09695753818709667,3.9821815,0.0953183333047771,False,0.33465953336036636,True,51.46,True,1.083402633767382,21.0,-0.55,0,False,▆▆▂▅▄▅▅▇▅▇▆▇▇██▁▂▄▅▆,False,False,False,1,0.12126504896762524,0.1451232719627955,0.08452466310596507,0.08445961588722128,UP,True,69,40.0,IGNORE,NONE,,GREEN,C,WATCHLIST,CMF positive,Technology Services,35.4
SWIGGY,282.5,280.75,285.35,276.3,False,True,True,False,False,False,0.5161466591278222,344.31729975,0.5202198272547556,False,0.1018772770486103,True,40.74,True,1.1912803193122505,32.0,-0.47,0,False,▇▂▅▄▃▁▃▂▂█▃▄▄▄▄▃▄▇▅▆,False,False,False,2,0.12361785060854347,0.1304521808723489,0.08687746474688329,0.06978852479677466,UP,True,66,40.0,IGNORE,NONE,,GREEN,C,WATCHLIST,CMF positive,Transportation,24.2
BDL,1359.0,1317.0,1364.7,1317.0,False,True,True,False,False,False,1.2878776404781038,297.565281,1.3003194567113785,True,0.23398995047042767,True,28.23,False,0.8994312841508292,39.0,-0.3,0,True,▄▇▃▃▄▅▅█▄▄▇█▆█▁▂▃▆▅▄,False,False,False,2,0.0933226065969428,0.13231128145309112,0.05658222073528263,0.0716476253775169,FLAT,True,66,40.0,IGNORE,NONE,,GREEN,C,WATCHLIST,CMF positive,Electronic Technology,34.8
STARHEALTH,578.5,575.5,579.7,571.1,False,False,True,True,False,True,0.3817959972178971,11.75436795,0.37334238685203475,False,0.10999719949561713,True,53.29,False,0.9275488446977938,40.0,-0.24,0,True,▆▆█▁▅▅▆▆▇▆▄▄▅▇▇█▇▆▄▅,False,False,False,2,-0.003960055096418613,0.1133564280215551,-0.04070044095807879,0.052692771945980876,FLAT,True,63,40.0,IGNORE,NONE,,GREEN,C,WATCHLIST,CMF positive,Finance,30.6
ICICIPRULI,515.0,502.0,520.6,501.05,False,True,True,False,False,False,1.1185504705889713,82.8784865,1.131997096554948,True,0.23896990572968346,True,54.46,False,0.9185592484208573,46.0,-0.14,0,True,▅▃▃▇▄▆▆▄▆▃▅▅▄▅▃█▁▄▄▃,False,False,False,0,0.02886824493057638,0.10007476236249069,-0.007872140931083793,0.039411106286916464,FLAT,True,60,40.0,IGNORE,NONE,,GREEN,C,WATCHLIST,CMF positive,Finance,30.6
INDUSINDBK,1005.6,1007.8,1007.8,997.0,True,False,True,True,False,True,0.8521597553376838,104.9127396,0.8463001423586497,False,0.23452214688244025,True,48.14,False,0.983090998202908,51.0,0.0,0,True,▄▃▅▁█▄▃▄▃▆▃▄▄▄▅▅▂▅▃▄,False,False,False,0,0.009587872094774408,0.09620101378972046,-0.027152513766885766,0.035537357714146234,FLAT,True,59,40.0,IGNORE,NONE,,GREEN,C,WATCHLIST,CMF positive,Finance,30.6
CGCL,224.03,225.11,227.53,217.0,True,False,False,True,False,True,1.244699579503898,108.07048138700002,1.2115657133202513,False,-0.17258917867008286,True,42.78,True,1.1883498381921973,46.0,-0.08,0,True,▆▂▅▃▇▅▂▄█▆▃▁▅▁▂▄▃▃▆▅,False,True,False,0,-0.05960626285522386,0.07458749040675361,-0.09634664871688403,0.013923834331179386,FLAT,True,55,40.0,IGNORE,NONE,,GREEN,C,WATCHLIST,No standout factor,Finance,30.6
GEOJITFSL,80.72,81.2,81.64,80.1,True,True,True,True,False,True,0.9796182744491706,2.583233728,1.0151741341849156,False,-0.07533699532424812,True,57.15,True,1.074066417335413,79.0,0.72,0,True,▅▃▆▄▃▅▇▅▁█▂▅█▄▃▄▆█▅▆,False,False,False,0,0.06001313197636238,0.07597973873633701,0.023272746114702203,0.015316082660762786,UP,True,55,40.0,IGNORE,NONE,,GREEN,C,WATCHLIST,No standout factor,Finance,30.6
CAPLIPOINT,2560.8,2542.0,2569.7,2524.9,False,True,True,True,False,True,0.46725712893782967,12.74715024,0.4691927250638494,False,-0.022770294014999776,True,54.08,True,1.1579803862789602,71.0,0.66,0,True,▂▄█▇▆▆██▇▇▇█▁▃▆▅▆▇▆█,False,False,False,0,0.037979814356937425,0.06354348367804641,0.0012394284952772505,0.0028798276024721847,FLAT,True,52,40.0,IGNORE,NONE,,GREEN,C,WATCHLIST,No standout factor,Health Technology,31.5
TRENT,2992.0,2947.7,3020.6,2945.0,False,False,False,False,False,False,1.5016816516954987,486.226928,1.4935747608887562,True,0.041048488063358736,True,50.73,True,1.084646468965812,63.0,0.41,0,True,▅█▆▅█▇▆▆▁▄▇▄▅▆█▇▅▅▅▆,False,False,False,0,0.05263157894736836,0.054412179306456254,0.01589119308570819,-0.00625147676911797,UP,False,49,40.0,IGNORE,NONE,,GREEN,C,WATCHLIST,CMF positive,Retail Trade,32.3
RAINBOW,1433.2,1458.0,1469.9,1424.6,True,False,False,True,False,True,0.8369507014773193,12.38800752,0.7893436080691787,False,0.19005350994326883,False,64.29,True,1.1422124703520447,63.0,0.38,0,True,▅▆█▃▁▅▆▆▃▃█▆▅▄▇▄▆▃▃▇,False,False,False,7,-0.01687474276306755,0.04996336996336992,-0.053615128624727726,-0.010700286112204305,FLAT,False,49,40.0,IGNORE,NONE,,GREEN,C,WATCHLIST,CMF positive,Health Services,31.0
DREDGECORP,1116.5,1124.0,1139.9,1105.3,True,True,True,True,False,True,0.37547375106724146,9.66297255,0.37312880508139595,False,0.23093656867276668,False,38.59,False,0.8986539984164688,67.0,0.48,0,True,▅▆▇▇▇▅▄▃▆█▅▅▆▁▁▅▃▅▆▄,False,False,False,0,0.11282766869331207,0.029981549815498054,0.07608728283165189,-0.03068210626007617,UP,False,45,40.0,IGNORE,NONE,,GREEN,C,WATCHLIST,CMF positive,Transportation,24.2
ELECTCAST,73.87,71.98,74.5,71.86,False,True,False,False,False,False,1.566149725462276,12.942917827,1.596878707312886,True,-0.1242110838059543,False,59.57,True,1.1585324348240418,92.0,1.37,0,False,▄▅▆▆▅▄▅▃▆▁▂▂▄▄█▅▃▅▃▇,False,False,False,0,0.024549237170596427,0.02782802281897867,-0.012191148691063747,-0.03283563325659555,UP,False,44,40.0,IGNORE,SEED,,GREEN,C,WATCHLIST,Delivery P92,Non-Energy Minerals,34.4
ENRIN,3584.0,3600.0,3639.0,3580.0,True,True,True,True,False,True,0.23129227694661783,65.0685952,0.23638682887176335,False,0.15472375155967938,False,50.18,True,1.1505611794513166,51.0,0.01,0,False,▆▇▇█▇▇▇▆▇▁▄▄▆▆▅▇█▆▇▇,False,False,False,0,0.062429596253038344,0.02370751213938882,0.02568921039137817,-0.036956143936185404,UP,False,43,40.0,IGNORE,NONE,,GREEN,C,WATCHLIST,CMF positive,Producer Manufacturing,33.3
ASTRAL,1528.5,1532.0,1546.0,1521.0,True,True,True,True,False,True,0.4515379933835854,69.01743045,0.44554379196790533,False,0.4309300100941705,False,49.22,True,1.1874404410079493,58.0,0.23,0,False,▄▄▄▅▆▇▅▇▅▆██▅▁▃▇▆▅▆▇,False,False,False,1,0.041141611606838824,0.013191038048521841,0.00440122574517865,-0.04747261802705238,UP,False,40,40.0,IGNORE,NONE,,GREEN,C,WATCHLIST,CMF positive,Producer Manufacturing,33.3
ACUTAAS,3169.0,3212.6,3259.0,3160.0,True,False,False,True,False,True,0.5599728601347961,69.9363441,0.5478138929723476,False,0.012560797000489564,True,62.99,True,1.255618789431194,94.0,1.56,0,True,▁▃▂▃▆▅▅▄▆▆█▇▆▆▄▄▃▅▅▇,False,False,False,0,-0.0277649946310784,0.007535052300257528,-0.06450538049273857,-0.053128603775316696,FLAT,False,38,40.0,IGNORE,SEED,,GREEN,C,WATCHLIST,"Delivery P94, CMF positive",Health Technology,31.5
BEL,410.5,410.45,412.5,408.25,False,True,True,False,True,True,0.5635578472257836,294.75324435,0.5835008573509636,False,0.16818358371227593,False,54.11,False,0.9226231073523393,66.0,0.39,0,True,▅▃▆▆█▇▆▇▁▆▄▅▇▂▅▃▁▅▆▃,False,False,False,0,0.002564415679570109,0.0014637716516223698,-0.034175970182090065,-0.059199884423951854,UP,False,37,40.0,IGNORE,NONE,,GREEN,C,WATCHLIST,CMF positive,Electronic Technology,34.8
MIDHANI,423.95,421.1,431.45,419.55,False,True,True,True,False,True,0.3932719504885524,29.578525155,0.38588941801140564,False,0.19859572722367694,False,38.54,False,0.9294249574958098,55.0,0.09,0,True,▆███▆▇█▇▄▆▆▇▄▁▄▄▅▆▇▅,False,False,False,1,0.07957728545963838,-0.025626292806251505,0.042836899597978206,-0.08628994888182573,UP,False,30,40.0,IGNORE,NONE,,GREEN,C,WATCHLIST,CMF positive,Non-Energy Minerals,34.4
MMTC,65.38,66.6,67.49,64.61,True,True,True,True,False,True,1.1978582220937153,26.786473671999996,1.2031790827757147,False,0.16645501327506687,False,21.61,False,0.5332839780368931,22.0,-0.77,0,True,▆▇▇█▅▆▆▅▅▅▄▇▄▆▆▅▅▇▁▃,False,False,False,0,0.06274382314694393,-0.039377020276226915,0.02600343728528376,-0.10004067635180114,UP,False,26,40.0,IGNORE,NONE,,GREEN,C,WATCHLIST,CMF positive,Distribution Services,31.7
JAIBALAJI,63.57,65.5,65.96,63.11,True,False,False,False,False,False,0.26521051066395324,3.8876742060000002,0.21057631959690096,False,0.03273821201320867,True,73.49,True,1.5024328413133252,98.0,2.25,1,True,▁▂▂▂▂▂▂▂▁▃▂██▇▅▆▇▅▇▇,False,False,False,6,-0.20962327489742638,-0.044921875,-0.24636366075908656,-0.10558553107557422,FLAT,False,24,40.0,IGNORE,SEED,DEL73% ▁▂▂▂▂▂▂▂▁▃▂██▇▅▆▇▅▇▇ P98 Z+2.2,GREEN,C,WATCHLIST,"Delivery P98, CMF positive",Non-Energy Minerals,34.4
CNL,1247.7,1248.15,1265.35,1224.0,True,True,True,True,False,True,0.03991642957298883,2.50513206,0.048872562196378595,False,-0.06692159554232865,False,45.6,True,1.306159861363734,17.0,-0.81,0,False,▁▁▅▄▅▇▄▅▆▆▇▆▄▆▇▇█▆▇▇,False,False,False,13,0.26413373860182365,0.7696617261187151,0.22739335274016348,0.7089980700431409,FLAT,True,99,39.0,IGNORE,NONE,,GREEN,C,WATCHLIST,RS leader,Distribution Services,31.7
PAUSHAKLTD,765.4,787.0,787.0,752.3,True,True,True,True,False,True,0.21623951759640303,2.64154848,0.23524395259513423,False,-0.15865992163897957,False,46.6,True,1.0902242446219894,12.0,-1.12,0,False,█▄▆▄▂▆▁▅▅▄▆▅▆▃▅▇▆▂▅▅,False,False,False,12,0.3619217081850534,0.6926138876603274,0.32518132232339325,0.6319502315847532,FLAT,True,98,39.0,IGNORE,NONE,,GREEN,C,WATCHLIST,RS leader,Process Industries,34.8
HUHTAMAKI,273.85,273.0,276.6,271.9,True,False,True,True,False,True,0.06932082881436352,2.117490355,0.062343105583241576,False,0.1356396318399637,False,55.94,True,1.2446600213599144,49.0,0.06,0,False,▁▁▂▃▆▄▆▅▅▇▆█▅▇▆▆▇▆▆▆,False,False,False,0,-0.14067403037529802,0.5743029606208683,-0.1774144162369582,0.513639304545294,FLAT,True,97,39.0,IGNORE,NONE,,GREEN,C,WATCHLIST,"CMF positive, RS leader",Process Industries,34.8
AEROPLANE,175.6,181.4,182.3,174.0,True,False,True,True,False,True,0.4489227699144401,4.27977588,0.41488973912028676,False,0.07459447239852765,False,59.81,False,0.9896664984404604,,,0,False,▆▅▄▇▅▆▅▅▅▄▅▇▆▁▄▇▆▃█▅,False,False,False,5,-0.05844504021447727,0.49510429970200076,-0.09518542607613745,0.43444064362642654,FLAT,True,95,39.0,IGNORE,NONE,,GREEN,C,WATCHLIST,"CMF positive, RS leader",Process Industries,34.8
MENONBE,161.7,170.69,174.57,159.65,True,True,True,True,False,True,0.7306672049386455,3.5119461299999997,0.716646782132681,False,-0.5029716769931594,False,50.79,True,1.1761300481659875,25.0,-0.42,0,False,▇▆▇██▃▂▁▃▄▇▅▄▆▅▄▃▃▆▆,False,False,False,11,0.08691268400887253,0.3803995219395595,0.05017229814721236,0.3197358658639853,FLAT,True,92,39.0,IGNORE,NONE,,GREEN,C,WATCHLIST,RS leader,Producer Manufacturing,33.3
TATVA,1616.4,1650.0,1659.8,1609.3,True,False,True,True,False,True,0.46229067501223325,6.696260280000001,0.42990052384768124,False,-0.10877027456778206,False,53.95,True,1.288358208955224,88.0,1.11,0,False,▄▂▁▅▃▃▄▃▆▅▅▆▅▇▆▅▆▅▇█,False,False,False,4,-0.06154203437064565,0.33763654419066524,-0.09828242023230582,0.276972888115091,FLAT,True,90,39.0,IGNORE,SEED,,GREEN,C,WATCHLIST,RS leader,Process Industries,34.8
GHCLTEXTIL,122.49,123.5,124.68,122.1,True,True,True,True,False,True,0.1476467095122663,2.587025547,0.15434883098135407,False,-0.16844992234278558,False,55.25,True,1.0767566724808277,36.0,-0.41,0,False,▇▇▆▁▄▇▆▆▇▆█▇▇▇▆█▆▆▆▇,False,False,False,9,0.05758936280435156,0.3359144944923109,0.02084897694269139,0.2752508384167367,FLAT,True,90,39.0,IGNORE,NONE,,GREEN,C,WATCHLIST,RS leader,Process Industries,34.8
THEJO,2057.8,2101.2,2118.0,2021.2,True,False,True,True,False,True,0.8457323046779329,2.2738690000000004,0.8238041589912569,False,0.16206769313844982,False,53.12,False,0.9180305203670739,12.0,-1.03,0,False,▅▆▄▄▁▄▄▄▄▄▅▄▄█▇▆▄▂▂▄,False,False,False,6,0.08373709711396682,0.3332037576935538,0.046996711252306644,0.2725401016179796,FLAT,True,90,39.0,IGNORE,NONE,,GREEN,C,WATCHLIST,"CMF positive, RS leader",Distribution Services,31.7
AZAD,2837.8,2765.1,2851.5,2721.0,False,True,True,True,False,True,0.6704891439952827,130.89522768,0.7290367972837296,False,0.22175943981578453,False,32.87,False,0.8463360626190843,5.0,-1.47,0,False,▃▃▄▇▅▅▄▇▆▅▃█▅▂▃▁▃▆▆▃,False,False,False,8,0.16350963509635097,0.3198455885772755,0.1267692492346908,0.2591819325017013,FLAT,True,89,39.0,IGNORE,NONE,,GREEN,C,WATCHLIST,CMF positive,Producer Manufacturing,33.3
AVALON,2183.8,2235.1,2235.1,2154.0,True,True,True,True,False,True,0.7610079532446139,97.05025580000002,0.8486352653031264,False,0.2315944223689615,False,38.35,False,0.9824264781227585,33.0,-0.42,0,False,▅▇▆▁▅▆▄▅▄▁▅▄▅▅█▄▅▄▂▅,False,False,False,11,0.25397645707723226,0.29448725548310617,0.2172360712155721,0.23382359940753195,FLAT,True,88,39.0,IGNORE,NONE,,GREEN,C,WATCHLIST,CMF positive,Electronic Technology,34.8
ALIVUS,1350.9,1365.6,1384.7,1331.1,True,True,True,True,False,True,0.40079066760196436,9.366330060000001,0.41047626121963143,False,0.35670553676185457,False,45.08,False,0.9053390502776466,21.0,-0.61,0,False,▅▇▆▅▁▆▁▃▃▇█▆▆▇▇█▇▅▆▄,False,False,False,12,0.2267526334907375,0.29186191068183986,0.1900122476290773,0.23119825460626564,FLAT,True,88,39.0,IGNORE,NONE,,GREEN,C,WATCHLIST,CMF positive,Health Technology,31.5
ORIENTHOT,138.67,136.61,139.9,132.55,False,True,True,True,False,True,0.36110448959731173,15.270742542999997,0.3616033507700628,False,0.5687229267893873,False,30.96,False,0.6298764050658664,6.0,-1.63,0,True,▅▆▆▆▆▅▅▇▆▇▇▅▇█▆▇▆▁▂▄,False,False,False,0,0.0284040344111538,0.28018833087149186,-0.008336351450506374,0.21952467479591764,FLAT,True,87,39.0,IGNORE,NONE,,GREEN,C,WATCHLIST,CMF positive,Consumer Services,29.9
RGL,131.26,130.51,132.7,128.5,False,True,True,True,True,True,0.3659597886380519,4.742226909999999,0.40072517815536174,False,0.03276504265246562,True,45.94,False,0.8825450493718062,53.0,0.12,0,False,██▃▅█▆▅▄▅▅▄▅▄▅▁▃▃▄▆▄,False,False,False,8,0.11133688934044517,0.25427615862398456,0.07459650347878499,0.19361250254841034,FLAT,True,84,39.0,IGNORE,NONE,,GREEN,C,WATCHLIST,CMF positive,Consumer Durables,32.2
SHRIRAMFIN,1124.9,1130.0,1134.9,1118.0,True,True,True,True,False,True,0.4116174045772057,268.18650908,0.43249192559253335,False,0.13219212911388234,False,53.05,False,0.9358901982922869,36.0,-0.26,0,False,▃▇▇█▆▁▄▅█▃▄██▂▇▃▃▅▂▃,False,False,False,10,0.08696492414726054,0.22832496178204864,0.05022453828560036,0.16766130570647442,FLAT,True,82,39.0,IGNORE,NONE,,GREEN,C,WATCHLIST,CMF positive,Finance,30.6
SHADOWFAX,255.1,258.0,259.79,244.6,True,True,True,True,False,True,0.9572976638303786,446.57122332,1.0630408190066456,False,0.10438038573650658,False,45.86,False,0.9252776740948481,38.0,-0.29,0,False,▇█▇▇▁▃▅▅▆▅▅▆▆▆▇▆▇▇▆▅,False,False,False,11,0.18596001859600197,0.21481975332158676,0.1492196327343418,0.15415609724601254,FLAT,True,80,39.0,IGNORE,NONE,,GREEN,C,WATCHLIST,CMF positive,Technology Services,35.4
JUBLFOOD,506.75,512.15,512.15,500.5,True,True,True,True,False,False,0.24214459985877337,47.501680825,0.2548341120013397,False,0.19477103327252168,False,32.94,False,0.7666705457930874,6.0,-1.57,0,False,▄▇▇▃█▃▄▆▆█▅█▇▁▁▆▅▆▅▃,False,False,False,10,0.21159593544530786,0.20841778943603195,0.17485554958364768,0.14775413336045773,UP,True,80,39.0,IGNORE,NONE,,GREEN,C,WATCHLIST,CMF positive,Consumer Services,29.9
APOLLOPIPE,601.55,603.25,616.15,597.1,True,True,True,True,False,True,0.5801220171749255,17.531392735,0.654508772005227,False,-0.06719385696073456,False,37.51,False,0.7730673316708229,33.0,-0.41,0,True,▄▅▅▁▂▅█▇█▆▇▂▃▅▅▅▄▂▅▃,False,False,False,5,0.22690189679787864,0.21525252525252525,0.19016151093621847,0.15458886917695103,UP,True,80,39.0,IGNORE,NONE,,GREEN,C,WATCHLIST,No standout factor,Producer Manufacturing,33.3
TITAN,5068.4,5064.0,5090.5,5046.4,False,True,True,True,False,True,0.5770721845922561,284.70875372,0.5928419496869878,False,0.5377344104184077,False,46.49,False,0.793730739352757,10.0,-1.17,0,False,▆▄▆▇█▆▆▇▄▄▁▄▄▄▅▅▅▄▅▃,False,False,False,19,0.09277505875250625,0.19792011344835725,0.05603467289084607,0.13725645737278303,FLAT,True,79,39.0,IGNORE,NONE,,GREEN,C,WATCHLIST,CMF positive,Consumer Durables,32.2
JSWINFRA,335.7,331.15,337.7,331.0,False,True,True,True,False,True,0.47686208400189917,48.77130168,0.48373128112736546,False,0.07389537730178304,False,60.31,False,0.996414823136782,79.0,0.72,0,True,▅▅▃▄▇▃▂▅▃▃▆▅▁▂▅█▅▃▄▄,False,False,False,1,0.040285094515029485,0.1536082474226803,0.0035447086533693106,0.09294459134710609,FLAT,True,70,39.0,IGNORE,NONE,,GREEN,C,WATCHLIST,CMF positive,Industrial Services,37.0
CONCOR,515.05,523.0,523.0,512.15,True,True,True,True,False,True,0.20975729238701307,26.106957409999996,0.20879205589265454,False,0.13295736891560014,False,43.81,False,0.9459036391704722,23.0,-0.72,0,False,▁▄▄▄▇▅▇▅▅▆█▅▄▄▁▃▅▃▅▄,False,False,False,4,0.07852580881583071,0.14404709018214112,0.04178542295417054,0.0833834341065669,FLAT,True,69,39.0,IGNORE,NONE,,GREEN,C,WATCHLIST,CMF positive,Transportation,24.2
TMB,878.55,875.0,894.9,868.5,False,True,True,True,False,True,0.4052251175885322,24.204491775,0.40350422272965597,False,0.27166164338212195,False,35.17,False,0.7544296194602943,6.0,-1.4,0,False,▁▂▅▆▅▆▇▇▆▇█▇▇█▇██▇▇▅,False,False,False,3,0.09204474829086373,0.14536210155791673,0.05530436242920356,0.08469844548234251,FLAT,True,69,39.0,IGNORE,NONE,,GREEN,C,WATCHLIST,CMF positive,Finance,30.6
BANARISUG,4019.7,4114.9,4199.0,3950.0,True,True,True,True,False,True,5.446253760565399,9.1689357,5.292829620112977,False,0.3995092344553267,False,19.33,False,0.31257074480126773,0.0,-3.13,0,False,█▄▆▄▇▅▅▇▇▅▇▅▇▇▅▄▇▄▁▂,False,False,True,2,0.14789536809640746,0.1117656820444739,0.11115498223474729,0.05110202596889968,UP,True,63,39.0,IGNORE,NONE,,GREEN,C,WATCHLIST,CMF positive,Process Industries,34.8
VGUARD,332.0,337.05,343.1,331.0,True,True,True,True,False,True,0.11655322864073839,12.0673368,0.12196510399270853,False,-0.13183218338586356,False,55.31,True,1.0416097776857094,65.0,0.23,0,False,▅▆▃▁▄▅▅▆▆▆█▇▆▆▆▆▆▆▅▆,False,False,False,7,0.141678129298487,0.1098111315393615,0.10493774343682682,0.04914747546378728,UP,True,62,39.0,IGNORE,NONE,,GREEN,C,WATCHLIST,No standout factor,Producer Manufacturing,33.3
NUVAMA,1743.6,1720.0,1753.2,1702.1,False,True,True,True,False,True,0.4513829400010958,41.8716822,0.43395020225146314,False,0.04991586333167663,True,49.09,False,0.9907664362480448,69.0,0.52,0,True,▂▁▄▃▂▄▅▇▅▆▇▆▇▆▆██▇▅▅,False,False,False,0,-0.11943841220140394,0.09791574837856554,-0.15617879806306412,0.03725209230299131,FLAT,True,59,39.0,IGNORE,NONE,,GREEN,C,WATCHLIST,CMF positive,Finance,30.6
LGEINDIA,1648.0,1651.0,1675.0,1640.1,True,True,True,True,False,True,0.9677021512392207,133.1228032,0.9551996990873586,False,0.39246257580514876,False,65.36,True,1.1238350699817738,85.0,1.04,0,False,▃▅▅▅▅▄▂▄▄▄▄▄▆█▁▄▄▆▅▆,False,False,False,1,0.05404541093700033,0.08428186064872678,0.017305025075340152,0.023618204573152557,FLAT,True,57,39.0,IGNORE,SEED,,GREEN,C,WATCHLIST,CMF positive,Consumer Durables,32.2
EMCURE,1863.0,1881.0,1897.9,1846.1,True,False,False,True,False,True,0.7888404819916341,23.2671933,0.7585674681739464,False,-0.1792709206629126,False,69.44,True,1.2329217084062036,93.0,1.48,0,True,▇█▅▅▄▅▇▄▁▅▃▅█▆▆█▆▆▆█,False,False,False,12,-0.009569377990430672,0.07303306070729176,-0.046309763852090846,0.01236940463171754,FLAT,True,54,39.0,IGNORE,SEED,,GREEN,C,WATCHLIST,Delivery P93,Health Technology,31.5
NATIONALUM,394.45,388.0,397.5,384.6,False,True,True,True,False,True,0.7458804691155322,252.10289569499997,0.7676104992699633,False,0.17215291805894398,True,33.43,False,0.8116934357965788,21.0,-0.81,0,False,▅▅▃█▄▂▂▆▇▄▂▅▁▄▂▃▄▃▄▁,False,False,False,0,0.14699040418726383,0.04670293220114097,0.11025001832560366,-0.013960723874433256,UP,False,48,39.0,IGNORE,NONE,,GREEN,C,WATCHLIST,CMF positive,Non-Energy Minerals,34.4
BLIL,71.93,71.85,71.99,71.41,False,True,True,False,True,True,1.0536716809812572,0.33020905100000003,1.070945463526284,True,0.08188672130152483,True,69.74,False,0.9545578976183957,38.0,-0.24,0,False,█▆▆▆▁▄▄▅▇▇█▄▆▆▆▄▆▆▆▅,False,False,False,2,0.024789856104858288,0.026984580239862943,-0.011950529756801886,-0.03367907583571128,UP,False,44,39.0,IGNORE,NONE,,GREEN,C,WATCHLIST,CMF positive,Commercial Services,25.4
MONTECARLO,547.85,542.1,550.0,538.6,False,True,True,False,True,False,0.41381963311134085,1.8859188400000002,0.44077390886612294,False,-0.26910045433545593,True,72.04,True,1.1681246604995825,96.0,1.56,0,True,▆▅█▆▇▅▆▁▅▇▅▅█▆▆▅▅▅▆▇,False,False,False,0,0.02001489480543661,0.023540401681457324,-0.016725491056223563,-0.0371232543941169,UP,False,43,39.0,IGNORE,NONE,,GREEN,C,WATCHLIST,Delivery P96,Consumer Non-Durables,34.2
SIS,417.75,413.05,421.1,413.0,False,False,False,True,False,True,1.1693577610971975,6.976132575,1.1405548868113713,True,-0.186554059889065,True,75.18,True,1.1593174861407745,89.0,1.19,0,True,▆▇█▅▆▄▆▅▁▃▆▄▆▅█▄▄▄█▇,False,False,False,5,-0.04525197120329105,-0.008073133087973305,-0.08199235706495123,-0.06873678916354753,FLAT,False,34,39.0,IGNORE,SEED,,GREEN,C,WATCHLIST,No standout factor,Commercial Services,25.4
CARYSIL,1155.4,1167.4,1175.5,1120.2,True,False,True,True,False,True,1.4648059648667244,18.31447648,1.4147618752745057,False,-0.008256731004000187,True,46.59,False,0.8786835777264369,38.0,-0.1,0,True,▄▇▅█▆▆▅▅▆▆▁▅▅▅▂▅▃▃█▄,False,True,False,1,0.026383583548014622,-0.019933836627364476,-0.010356802313645552,-0.0805974927029387,UP,False,31,39.0,IGNORE,NONE,,GREEN,C,WATCHLIST,No standout factor,Consumer Durables,32.2
GVT&D,4356.0,4325.3,4367.7,4272.0,False,False,False,True,False,False,0.724632233276876,337.1430744,0.7340620708851837,False,0.08230872092132811,True,53.01,True,1.008178014454165,42.0,-0.26,0,True,▄▄█▁▅▅▆▅▂▆▂▄▅▇▇▆▅▃█▅,False,False,False,0,-0.007156858275972011,-0.14361545266882925,-0.043897244137632185,-0.20427910874440347,UP,False,6,39.0,IGNORE,NONE,,GREEN,C,WATCHLIST,CMF positive,Producer Manufacturing,33.3
BASF,3902.7,3861.2,3919.9,3855.0,False,False,True,True,False,False,0.24518189209130087,8.14454463,0.23977097921891777,False,-0.02786092061397549,True,52.0,True,1.0707299495521467,55.0,0.14,0,True,▆▅▆▆█▆▁▂▃▂▅▆▅▅▇▇▇▆▆▆,False,False,False,6,0.06334804642798764,0.1627290332191269,0.026607660566327462,0.10206537714355268,FLAT,True,72,38.0,IGNORE,NONE,,GREEN,C,WATCHLIST,No standout factor,Process Industries,34.8
BOROLTD,254.18,258.0,258.3,249.0,True,True,True,False,False,False,1.0185735454943459,2.1673420240000003,1.0625727348660623,False,0.10131832340439746,True,57.98,True,1.15847627801033,75.0,0.6,0,True,▄█▆▄▁▇▃█▄▁▆█▅▇▆▂▆▄▇█,False,False,False,2,0.0940001721614876,0.15081269525059993,0.05725978629982742,0.0901490391750257,FLAT,True,70,38.0,IGNORE,NONE,,GREEN,C,WATCHLIST,CMF positive,Producer Manufacturing,33.3
TALBROAUTO,413.4,412.0,416.0,405.9,False,False,True,True,False,True,0.4441359208645923,4.1234583,0.43735209357460353,False,-0.14166601048835153,True,53.53,True,1.1374719775607993,69.0,0.5,0,True,▆▇▅▆▆█▅▅▅▆▁▅▂▅▅▆▆▇▃▇,False,False,False,3,0.055264837268666156,0.14913134120917304,0.018524451407005982,0.08846768513359882,FLAT,True,69,38.0,IGNORE,NONE,,GREEN,C,WATCHLIST,No standout factor,Producer Manufacturing,33.3
FSL,276.05,272.2,276.45,270.0,False,False,True,False,False,False,0.15768982199037718,28.567558745,0.1476445130642044,False,0.2863948392907138,True,37.16,True,1.2121805222553863,45.0,-0.09,0,False,▇▆▁▄▅▄▅▆▃▄▄▆▇▇▇▅█▃▅▆,False,False,False,6,0.0886110892026184,0.11512825691779427,0.051870703340958224,0.054464600842220046,FLAT,True,63,38.0,IGNORE,NONE,,GREEN,C,WATCHLIST,CMF positive,Commercial Services,25.4
TANLA,570.45,574.45,581.8,568.15,True,False,True,True,False,False,0.2728476443335634,15.112760715,0.25898507556636646,False,-0.24499792328883882,True,41.57,True,1.0848545741613058,54.0,0.08,0,True,▃▁▄▃▃▄▄▄▅▄▅▇█▇▇▇▅▆▅▅,False,False,False,6,-0.048853689037098746,0.11047303873856329,-0.08559407489875892,0.049809382662989066,FLAT,True,62,38.0,IGNORE,NONE,,GREEN,C,WATCHLIST,No standout factor,Technology Services,35.4
RAJRATAN,501.75,503.1,512.0,494.2,True,False,True,True,False,True,0.3796742057748934,4.379274,0.3738320723047168,False,-0.11265493728571445,True,58.5,True,1.2853894070729377,88.0,1.12,0,True,▃▅▃▅▆▆▁▄▅▃▅▇▅▆▇▇▆▇▅█,False,False,False,4,0.027544542289576146,0.0926611498257841,-0.009195843572084028,0.03199749375020988,FLAT,True,59,38.0,IGNORE,SEED,,GREEN,C,WATCHLIST,No standout factor,Producer Manufacturing,33.3
JUNIPER,210.08,204.61,211.0,202.5,False,True,True,False,True,False,1.2620384373197278,9.035708864,1.3453889736280031,True,-0.2614438101659394,True,60.71,True,1.067851017985137,68.0,0.32,0,False,▆▅▆▅▆▇▇▅▁▆▆▆▅▂▅▃▄█▅▆,False,False,False,2,0.08810276065675682,0.07595390524968004,0.051362374795096644,0.015290249174105819,UP,True,55,38.0,IGNORE,NONE,,GREEN,C,WATCHLIST,No standout factor,Consumer Services,29.9
MARUTI,13870.0,13905.0,13943.0,13760.0,True,False,True,False,False,False,0.5165780526375032,293.121645,0.514323724640572,False,0.13954055177635485,True,56.18,True,1.0564320502453977,57.0,0.13,0,True,▄▇█▄▁▂▅▄▄▄▇▆▇▃▂▂▄▃▃▅,False,False,False,0,0.00485401724262835,0.06169626454378441,-0.031886368619031824,0.0010326084682101833,FLAT,True,51,38.0,IGNORE,NONE,,GREEN,C,WATCHLIST,CMF positive,Consumer Durables,32.2
SBFC,93.93,94.25,94.5,93.11,True,True,True,False,False,False,0.4270152916248355,6.551692644,0.43330974779130094,False,0.12479122361898252,False,55.32,False,0.9560761473518661,71.0,0.32,0,True,▄▇▅▅▄▅▄▄▅▆▅▆█▆▅▅▅▁▅▅,False,False,False,7,0.018984595356910328,0.036869411634838256,-0.017755790504749847,-0.023794244440735968,UP,False,46,38.0,IGNORE,NONE,,GREEN,C,WATCHLIST,CMF positive,Finance,30.6
DBREALTY,106.08,105.54,108.8,104.14,False,False,False,False,False,False,0.43177177071778605,18.191627376,0.3583666917484126,False,0.15231227303260406,False,68.28,True,1.3617326791910973,97.0,1.91,0,True,▂▂▁▂▃▃▃▃▃▅▄▇█▇▇▆▇▇▄▆,False,False,False,3,-0.00037693177534869893,0.024630541871921263,-0.03711731763700887,-0.03603311420365296,FLAT,False,44,38.0,IGNORE,SEED,,GREEN,C,WATCHLIST,"Delivery P97, CMF positive",Finance,30.6
IEX,123.7,123.35,124.41,123.34,False,False,False,False,False,False,0.28595698353208515,19.100776770000003,0.2754283256307099,False,0.054370845858842866,False,52.81,True,1.2114469232092677,93.0,1.41,0,True,▅▅▆▇▆▁▁▇▅▄▅▇▆▇▇▆██▅▇,False,False,False,3,-0.0045066795428939654,0.023667659715326028,-0.04124706540455414,-0.036995996360248196,FLAT,False,43,38.0,IGNORE,SEED,,GREEN,C,WATCHLIST,"Delivery P93, CMF positive",Finance,30.6
PRINCEPIPE,283.3,285.0,288.75,282.1,False,True,True,True,False,False,0.4362727072148268,3.27704442,0.4479668108122374,False,0.07915842520332386,False,57.18,True,1.0486836434328892,87.0,1.01,0,True,▅█▇▇▇▇▁▄▆▆▆▇▅▄▅▇▆▆▇▆,False,False,False,1,0.08460949464012257,0.023113037197544317,0.0478691087784624,-0.03755061887802991,UP,False,43,38.0,IGNORE,SEED,,GREEN,C,WATCHLIST,CMF positive,Producer Manufacturing,33.3
OLECTRA,1318.4,1297.9,1353.0,1297.6,False,False,False,True,False,False,2.807041542135353,113.899872,2.7348221818634144,True,-0.18332948139954355,False,18.4,False,0.44572563649136404,5.0,-1.74,0,True,▅▅▆▅▇▅▆▆▆▆▆█▅▅▆▆▆█▇▁,False,True,False,0,-0.013395195689590578,0.01728395061728394,-0.05013558155125075,-0.043379705458290285,FLAT,False,41,38.0,IGNORE,NONE,,GREEN,C,WATCHLIST,No standout factor,Consumer Durables,32.2
GODREJAGRO,574.55,581.1,585.7,573.0,True,True,True,False,False,False,0.5158267799014963,5.969861774999999,0.5195692335816375,False,0.11912566929878772,False,48.46,False,0.9064382177995586,42.0,-0.05,0,True,▇▆▄▃▅█▇▆▁▆▄▅▅▄▁▄▄▄▂▃,False,False,False,3,0.0016562064156204759,0.01699265421718721,-0.0350841794460397,-0.043671001858387015,UP,False,41,38.0,IGNORE,NONE,,GREEN,C,WATCHLIST,CMF positive,Process Industries,34.8
POLYCAB,9146.0,9349.5,9349.5,9049.0,True,False,False,True,False,True,0.9127921586489484,226.9095162,0.9158852829980576,False,0.05659051045749622,False,53.26,True,1.0374886774259526,62.0,0.31,0,True,▄▇▃█▅▅▂▁▅██▄▅▆▅▄▃▃▆▅,False,False,False,0,0.027236480035940813,-0.036756187467087975,-0.009503905825719361,-0.0974198435426622,UP,False,27,38.0,IGNORE,NONE,,GREEN,C,WATCHLIST,CMF positive,Producer Manufacturing,33.3
GATEWAY,53.6,55.12,55.19,53.5,True,False,False,False,False,False,1.754970150835118,13.60573824,1.6587222637842738,False,-0.30948140679699737,False,71.52,True,1.1525817056662153,96.0,1.72,0,True,▃▄▅▇▄▆▃▂▁▆▆▄▆▆█▅▇▅▄▇,False,False,False,0,-0.04930826534232002,-0.07729385436391811,-0.0860486512039802,-0.13795751043949234,UP,False,16,38.0,IGNORE,DISTRIBUTION,,GREEN,C,WATCHLIST,Delivery P96,Transportation,24.2
SAATVIKGL,418.95,420.55,433.55,410.1,False,False,False,False,False,False,11.17435596210481,46.465116075,11.188910054391759,True,-0.11061481680365125,False,10.66,False,0.20801014683643104,0.0,-3.59,0,True,▆▆▆▆▆▅▆▆▆▇█▅▃▃▄▄▃█▇▁,False,True,False,0,-0.04902962206332995,-0.09494491250810111,-0.08577000792499012,-0.15560856858367533,UP,False,12,38.0,IGNORE,NONE,,GREEN,C,WATCHLIST,No standout factor,Producer Manufacturing,33.3
JAICORPLTD,102.22,101.0,105.6,100.0,False,False,False,False,False,False,4.5590131443658395,15.772842438,4.55038686575964,True,-0.24264913617865982,False,27.19,False,0.6038666118841127,22.0,-0.66,0,True,▄▅▅▆▆▆▆▅▄▅▅▄▅▄█▇▆▇▆▁,False,True,False,0,0.018837835144024817,-0.09347286271727573,-0.017902550717635357,-0.15413651879284995,UP,False,12,38.0,IGNORE,NONE,,GREEN,C,WATCHLIST,No standout factor,Process Industries,34.8
TIMKEN,3134.1,3176.3,3176.5,3069.5,True,False,False,False,False,False,2.797581359601897,33.996522930000005,2.719336512356662,False,0.13473769591313348,False,45.32,False,0.8127981634922342,12.0,-1.09,0,False,▁▃▅▄▆▅▅▁▄▅▅▂█▅▁▄▅▃▄▂,False,True,False,0,0.002270546850015931,-0.11220327460200552,-0.03446983901164424,-0.17286693067757974,UP,False,9,38.0,IGNORE,NONE,,GREEN,C,WATCHLIST,CMF positive,Producer Manufacturing,33.3
CSBBANK,322.9,321.25,328.2,320.1,False,False,False,False,False,False,1.5648387928810936,19.58995552,1.5495294889414624,True,-0.259620484967384,False,47.97,False,0.8747743311997374,53.0,0.06,0,True,▃▂▃▃▃▄▂▅▇█▁▂▄▂▅▄▆▄▇▁,False,True,False,0,-0.052801408037547626,-0.11860242937082033,-0.0895417938992078,-0.17926608544639455,UP,False,8,38.0,IGNORE,NONE,,GREEN,C,WATCHLIST,No standout factor,Finance,30.6
VMM,103.43,102.6,105.99,102.34,False,False,False,False,False,False,2.0296165281665157,183.490518993,1.9434596016596273,True,-0.14626933337154985,False,49.01,False,0.9494382022471909,32.0,-0.45,0,True,▃▂▇▂▇▃▄▁▅▅▂█▂█▆▇▃▂▅▃,False,True,False,0,-0.04266938171047763,-0.13642815396176,-0.0794097675721378,-0.19709181003733423,UP,False,7,38.0,IGNORE,NONE,,GREEN,C,WATCHLIST,No standout factor,Retail Trade,32.3
FACT,783.3,776.5,812.2,771.2,False,False,False,False,False,False,4.584883603966496,31.597303709999995,4.410375557252751,True,-0.30887866381728213,False,16.96,False,0.46016306485965847,13.0,-1.1,0,True,▄▄▄▆▅▆▅▅▆▇███▆▁▆▆▅█▂,False,True,False,0,-0.032126529099221535,-0.13193328531057802,-0.06886691496088171,-0.19259694138615224,UP,False,7,38.0,IGNORE,NONE,,GREEN,C,WATCHLIST,No standout factor,Process Industries,34.8
CEIGALL,314.35,315.05,321.8,312.25,False,False,False,False,False,False,1.8918330849302871,20.198087725,1.8455313960387003,True,-0.09287422179215622,False,34.9,False,0.6504155950650415,24.0,-0.79,0,True,▅▆▅▅▅▅▅▅▇▇▆▃█▃▃▇▁▂▁▂,False,True,False,0,-0.0674873924651439,-0.16184508732169045,-0.10422777832680408,-0.22250874339726467,UP,False,4,38.0,IGNORE,NONE,,GREEN,C,WATCHLIST,No standout factor,Industrial Services,37.0
MBAPL,169.52,164.95,172.0,162.93,False,False,False,False,True,False,1.0022679604330893,18.479680336,1.043456029084753,True,0.15199148514383795,False,58.62,True,1.0511498632716187,88.0,1.13,0,True,▁▃▄▆▅▄▄█▄▅▆▇▅▆▆█▅▆▅▆,False,False,False,0,0.14347386172006749,-0.6990591159240191,0.10673347585840731,-0.7597227719995934,UP,False,0,38.0,IGNORE,NONE,,GREEN,C,WATCHLIST,CMF positive,Process Industries,34.8
TCPLPACK,4101.3,4100.9,4209.9,4062.5,False,True,True,True,False,True,0.11095765815064779,1.8336912300000001,0.10763298247918421,False,0.5606821865777751,False,39.83,False,0.9255042290175666,8.0,-1.28,0,False,▆▅▆▆▆▆▅█▇█▅▃▁▁▅▄▅▄▅▅,False,False,False,2,0.2711297071129708,0.6278875922838771,0.23438932125131062,0.5672239362083029,FLAT,True,97,37.0,IGNORE,NONE,,GREEN,C,WATCHLIST,"CMF positive, RS leader",Commercial Services,25.4
GNA,562.85,562.0,575.0,552.25,True,True,True,True,False,True,1.0133400577832914,27.843120085000002,1.0575956223729979,False,-0.14568741519722425,False,43.97,False,0.9506718701015102,24.0,-0.62,0,True,▃▄▆▁▂▅▂▄▅▄▄▂▇█▇▇▅▇▇▄,False,False,False,0,0.11015779092702171,0.5160942760942762,0.07341740506536154,0.45543062001870194,FLAT,True,96,37.0,IGNORE,NONE,,GREEN,C,WATCHLIST,RS leader,Producer Manufacturing,33.3
KOLTEPATIL,468.55,465.0,482.65,465.0,False,True,True,True,False,True,0.19125528999407942,7.692044785000001,0.18030504599806038,False,-0.12457581263950934,False,31.88,False,0.7726986281448447,8.0,-1.56,0,False,█▇█▆▇▄▇▆▃▆▆▁▂▄▆▅▆▆▂▄,False,False,False,9,0.19757188498402556,0.33452007974935904,0.16083149912236538,0.2738564236737848,FLAT,True,90,37.0,IGNORE,NONE,,GREEN,C,WATCHLIST,RS leader,Finance,30.6
SHREEJISPG,620.55,617.4,627.45,611.9,False,False,True,True,False,True,0.9260463923129033,55.74599225999999,0.9052918881868199,False,-0.12276343881984982,False,50.71,True,1.3396029534137288,83.0,0.94,0,True,▁▃▄▂▃▅█▇▅▆▂▃▂▇▃▇▂▂▄▇,False,False,False,9,-0.008389261744966459,0.2845166632167251,-0.04512964760662663,0.22385300714115086,FLAT,True,87,37.0,IGNORE,NONE,,GREEN,C,WATCHLIST,No standout factor,Transportation,24.2
SSWL,295.0,304.8,304.8,293.2,True,False,True,True,False,True,1.283378262747284,28.34596,1.231286568744768,False,-0.11586149816611489,False,59.53,True,1.2362548932061015,80.0,0.77,0,True,▂▁▃▁▃▂▃▅▅▂▂▅▅▄▁▅▄█▄▇,False,False,False,10,0.023204189934445507,0.2735828692311013,-0.013536195927214667,0.2129192131555271,FLAT,True,86,37.0,IGNORE,NONE,,GREEN,C,WATCHLIST,No standout factor,Producer Manufacturing,33.3
COSMOFIRST,922.95,938.45,946.75,920.05,True,True,True,True,False,True,0.23008801807574275,3.14855163,0.232921357309002,False,-0.14668015544939678,False,58.42,True,1.1372839121632146,74.0,0.58,0,True,▅▅▆▆▂▇▇▇▅▁▆█▇█▇▅██▄█,False,False,False,9,0.04761634506242918,0.2696196437168994,0.010875959200769003,0.20895598764132517,FLAT,True,86,37.0,IGNORE,NONE,,GREEN,C,WATCHLIST,No standout factor,Process Industries,34.8
CORONA,2147.2,2166.0,2179.9,2121.1,True,True,True,True,False,True,0.265123321040701,2.69215936,0.2693208138070974,False,-0.42513503819532744,False,53.1,True,1.0274668395236115,75.0,0.56,0,True,▄▅▅▂▅▁▁▂▄▄▆▆▃▃▄▄▆█▂▄,False,False,False,11,0.019853709508881767,0.2756653992395435,-0.016886676352778407,0.21500174316396925,FLAT,True,86,37.0,IGNORE,NONE,,GREEN,C,WATCHLIST,No standout factor,Health Technology,31.5
STOVEKRAFT,775.45,776.0,783.3,766.95,True,True,True,True,False,True,0.16310310917470605,4.556156475,0.16042192655883752,False,-0.2897896896387629,False,61.77,True,1.2553474713192632,92.0,1.13,0,False,▇▅▇▇▇▆▃▅▁▃▅▆▆▆▆▅▆█▄▇,False,False,False,8,0.0026506335660718694,0.1821785197042458,-0.034089752295588305,0.12151486362867159,FLAT,True,76,37.0,IGNORE,SEED,,GREEN,C,WATCHLIST,Delivery P92,Consumer Durables,32.2
PRECWIRE,438.5,435.7,446.9,434.55,False,True,True,True,False,True,0.4352245315246029,15.4472149,0.43338234179338453,False,0.28335254711750973,False,35.91,False,0.9297929909506363,43.0,-0.1,0,False,▆▇█▆▅▆▆▄▄▅▆▅▄▁▃▄▄▅▄▅,False,False,False,1,0.1771812080536912,0.11933631142310142,0.14044082219203102,0.05867265534752719,UP,True,64,37.0,IGNORE,NONE,,GREEN,C,WATCHLIST,CMF positive,Producer Manufacturing,33.3
IRMENERGY,286.15,285.6,290.0,284.45,False,True,True,True,False,False,0.25333126089357905,1.33151318,0.25026125743276495,False,-0.19899249795692198,False,53.27,True,1.114924967035727,85.0,0.97,0,True,▃▆▄▃█▇▆█▆▁▅▄▆▅▂▅▅▄▇▆,False,False,False,4,0.12414064034570793,0.12039937353171482,0.08740025448404776,0.05973571745614059,UP,True,64,37.0,IGNORE,SEED,,GREEN,C,WATCHLIST,No standout factor,Energy Minerals,40.7
BIRLANU,1514.2,1533.9,1546.5,1502.0,True,True,True,False,False,False,0.20078628659098158,1.3633856800000002,0.19559183930452034,False,0.22493848967938218,False,66.59,True,1.3009924976555174,77.0,0.71,0,False,▇█▆▅▆▇▇▆▁▅▅▂▄▆▇▆▆▆██,False,False,False,4,0.12005325837709879,0.11011730205278591,0.08331287251543862,0.04945364597721169,UP,True,62,37.0,IGNORE,NONE,,GREEN,C,WATCHLIST,CMF positive,Non-Energy Minerals,34.4
KIRLOSBROS,1906.2,1915.0,1934.2,1901.2,True,False,True,True,False,True,0.29434284085367435,4.76321256,0.2941820942982998,False,0.17118291357134735,False,46.71,True,1.116729424421732,73.0,0.55,0,True,▄▆▆▅▁▄▄▆▇▇█▇▇▆▇▇▆▆▆▇,False,False,False,0,0.03817874843418112,0.10223198797270716,0.001438362572520946,0.04156833189713294,FLAT,True,61,37.0,IGNORE,NONE,,GREEN,C,WATCHLIST,CMF positive,Producer Manufacturing,33.3
EIDPARRY,797.3,810.0,810.0,786.75,True,True,True,False,False,False,1.52554753538276,62.05991847999999,1.5358098240547418,False,0.08871469668260251,False,43.68,False,0.8543013328900145,10.0,-1.02,0,False,▅▄▄▄▅▅▃▄▃▄▆█▁▃▂▃▄▂▁▂,False,False,False,2,0.051846965699208436,0.092865465012679,0.015106579837548262,0.03220180893710478,FLAT,True,59,37.0,IGNORE,NONE,,GREEN,C,WATCHLIST,CMF positive,Process Industries,34.8
KPIL,1404.5,1390.0,1412.0,1386.9,False,True,True,True,True,True,0.4438590193478436,21.2736806,0.4552135220974951,False,-0.06058243528685743,False,58.55,True,1.1814201255069714,69.0,0.42,0,False,▅▅▆▅▅▆▅▆█▄▆▄▁▄▂▄▅▄▆▆,False,False,False,0,0.08046772828679116,0.07905654578979715,0.04372734242513099,0.018392889714222926,UP,True,56,37.0,IGNORE,NONE,,GREEN,C,WATCHLIST,No standout factor,Industrial Services,37.0
PINELABS,156.76,161.0,162.39,156.22,True,False,True,False,False,False,0.9450747820182582,342.851034404,0.9519984750929293,False,0.05356926674147331,False,42.01,True,1.0993784756297023,45.0,-0.13,0,False,▄▃▄▄█▁▁▃▁▃▃▂▃▄▄▃▄▄▄▄,False,False,False,3,0.07450819110288576,0.07377217617645027,0.03776780524122558,0.013108520100876042,UP,True,55,37.0,IGNORE,NONE,,GREEN,C,WATCHLIST,CMF positive,Technology Services,35.4
LTTS,3604.6,3579.1,3629.7,3574.3,False,True,True,False,False,False,0.5050707134032785,19.747080179999998,0.5118296426604889,False,-0.07484169910785746,False,46.55,True,1.0451631734342197,51.0,0.04,0,True,▄▅▃▃▅██▄▅▃▃▃▅▄▅▄▅▁▂▅,False,False,False,8,0.05456247622948429,0.07564680254244882,0.017822090367824117,0.014983146466874597,UP,True,55,37.0,IGNORE,NONE,,GREEN,C,WATCHLIST,No standout factor,Commercial Services,25.4
SANOFI,3352.8,3321.0,3372.0,3310.0,False,True,True,False,False,False,0.6633292776936722,5.9864244,0.6630248285803787,False,0.035690145809647106,True,64.09,True,1.060311525448966,77.0,0.75,0,True,▅▂█▄▁▄▁▂▅▆▅▅▆▃▅▄▄▄█▅,False,False,False,0,-0.010652424090412782,0.07430548880130727,-0.047392809952072956,0.01364183272573305,FLAT,True,55,37.0,IGNORE,NONE,,GREEN,C,WATCHLIST,CMF positive,Health Technology,31.5
MPHASIS,2430.0,2432.0,2436.7,2386.4,False,False,True,False,False,False,0.37549534937523166,58.687416,0.37912308599043026,False,0.058429957322176804,False,39.93,False,0.8797867183713038,24.0,-0.7,0,True,▃▅▅▅▁▂▆▄▂▂▆▇█▆▄▃▇▇▄▂,False,False,False,10,0.06201652025698179,0.07029598308668072,0.025276134395321614,0.0096323270111065,UP,True,54,37.0,IGNORE,NONE,,GREEN,C,WATCHLIST,CMF positive,Technology Services,35.4
THYROCARE,565.55,566.85,575.95,563.1,True,False,True,True,False,True,0.20324713093604974,18.71303151,0.19554748922978507,False,-0.2972478862947374,False,52.71,True,1.1195717972408958,73.0,0.57,0,True,▁▁▄▄▆▆▆█▄▄▅▄▅▃█▄▄▅▇▅,False,False,False,12,0.0023039432875497923,0.06929476271506907,-0.03443644257411038,0.008631106639494845,FLAT,True,54,37.0,IGNORE,NONE,,GREEN,C,WATCHLIST,No standout factor,Health Services,31.0
DODLA,1138.4,1138.0,1145.4,1130.0,False,True,True,True,True,False,0.3256047839086708,1.3636893600000002,0.345761376745963,False,0.02636540579576244,False,56.14,True,1.0537182326663914,61.0,0.14,0,True,▂▃▁▄█▂▃▄▅▅▄▄▄▂▄▄▆▄▃▄,False,False,False,2,0.07274783264229168,0.04941002949852513,0.0360074467806315,-0.011253626577049092,UP,False,49,37.0,IGNORE,NONE,,GREEN,C,WATCHLIST,CMF positive,Consumer Non-Durables,34.2
CIPLA,1450.0,1457.5,1474.3,1449.2,True,False,True,True,False,True,0.5477684680256564,107.111935,0.5522264521398562,False,0.028406209902867973,False,51.34,False,0.9235474006116209,26.0,-0.5,0,True,▃▃▄▅▆▃▄▅▄▄▄█▆▇▆▅▃▄▁▄,False,False,False,12,0.022062451540142414,0.03667691427754338,-0.01467793432151776,-0.02398674179803084,UP,False,46,37.0,IGNORE,NONE,,GREEN,C,WATCHLIST,CMF positive,Health Technology,31.5
CANBK,131.13,131.8,131.8,127.77,True,True,True,False,False,False,0.43626197774226566,129.455010945,0.4477212764182652,False,0.07768409018679619,True,54.13,True,1.1850473427836463,86.0,1.06,0,False,▁▅▅▄▇▇▆▆█▅▄▄▅▅▁▄▄▅▆▇,False,False,False,0,0.048956083513318926,0.01753705284395113,0.012215697651658752,-0.043126603231623095,UP,False,41,37.0,IGNORE,SEED,,GREEN,C,WATCHLIST,CMF positive,Finance,30.6
WOCKPHARMA,1886.3,1831.1,1898.8,1830.0,False,False,True,True,False,True,0.8757229251709481,105.34513925,0.8534421447275361,False,-0.0791111230480633,True,45.16,True,1.044246355196374,73.0,0.75,0,True,▄▄▃▄▆▆▃▅▄▆▂▁▇▃▃▆█▇▅▅,False,False,False,0,0.020062729829115167,-0.02667698658410733,-0.016677656032545007,-0.08734064265968156,UP,False,30,37.0,IGNORE,NONE,,GREEN,C,WATCHLIST,No standout factor,Health Technology,31.5
VESUVIUS,439.4,431.0,449.5,423.8,False,False,False,False,False,False,2.7977210732663123,6.863691639999999,2.7427318621520334,True,-0.18109954407298942,True,38.82,False,0.6989997569166223,10.0,-1.24,0,False,▅▅▆██▄▄▄▇▅▃▄▄▆▅▃▇█▆▁,False,True,False,0,-0.028520893212469645,-0.028520893212469645,-0.06526127907412982,-0.08918454928804387,UP,False,29,37.0,IGNORE,NONE,,GREEN,C,WATCHLIST,No standout factor,Non-Energy Minerals,34.4
NPST,1588.5,1607.4,1615.0,1581.0,True,True,True,True,False,False,0.2004635075501217,1.3616622,0.20265969380885343,False,0.08771537013478356,True,52.53,False,0.9771477998828092,50.0,0.05,0,True,▅▁▄▇▅▅▆▄▇██▆▄▃▇▅▄▆▇▅,False,False,False,0,0.045616113744075815,-0.035811836115326234,0.00887572788241564,-0.09647549219090046,UP,False,27,37.0,IGNORE,NONE,,GREEN,C,WATCHLIST,CMF positive,Technology Services,35.4
NH,1815.8,1809.0,1825.0,1803.4,False,False,False,False,False,True,0.5754713023755693,39.73188295999999,0.5488221123551105,False,-0.22542113290015026,True,65.58,True,1.0510204899313262,93.0,1.29,0,True,▂▁▂▄▃▃▆▃█▂▅▅▃▅▃▃▄▄▄▄,False,False,False,4,-0.07427988784093809,-0.04123765774328114,-0.11102027370259826,-0.10190131381885537,FLAT,False,25,37.0,IGNORE,SEED,,GREEN,C,WATCHLIST,Delivery P93,Health Services,31.0
ECLERX,1815.7,1812.1,1831.7,1785.2,False,False,True,True,False,False,0.3246689173914075,14.15919174,0.3174737832448617,False,0.07260393051585164,True,42.89,False,0.9858976863930488,52.0,0.08,0,True,▄▁▄▃▅▄▄▅▇▆▆▄▆▅▄▇▄▄█▅,False,False,False,1,-0.024603814128391077,0.30064469914040126,-0.06134419999005125,0.23998104306482704,FLAT,True,88,36.0,IGNORE,NONE,,GREEN,C,WATCHLIST,CMF positive,Commercial Services,25.4
ARMANFIN,1966.7,1968.0,1995.0,1957.0,True,True,True,True,False,True,0.42437896961491794,4.873285930000001,0.4186696799701403,False,-0.2931424293071285,True,49.79,False,0.931951970500978,24.0,-0.65,0,True,▇██▆▇▆█▄▇▆▅▆▆▁▇▄▆▅▄▅,False,False,False,6,0.025765399259375155,0.1941830105045843,-0.01097498660228502,0.13351935442901008,FLAT,True,78,36.0,IGNORE,NONE,,GREEN,C,WATCHLIST,No standout factor,Finance,30.6
AARTIDRUGS,417.4,413.45,420.0,410.1,False,True,True,True,False,False,0.7847140669726,7.159620459999999,0.7735691968679028,False,-0.07514884142725009,True,47.67,False,0.9489022035551486,35.0,-0.29,0,True,▆▅▅▄▆▄▆▆▆▅█▁▄▄▇▆▇▅▃▅,False,False,False,3,0.03189122373300357,0.12294861447403815,-0.004849162128656603,0.06228495839846393,FLAT,True,65,36.0,IGNORE,NONE,,GREEN,C,WATCHLIST,No standout factor,Health Technology,31.5
ESCORTS,3086.6,3108.0,3112.9,3052.0,True,True,True,False,False,False,0.3724049055261487,14.654868140000001,0.3730130540203029,False,0.33385274168676593,True,52.15,False,0.9830904669444077,63.0,0.3,0,False,▅█▇▆▄▁▄▅▅▅▅▃▆▆▅▆▆▅▅▅,False,False,False,10,0.062476334721696336,0.11776635040196992,0.025735948860036162,0.0571026943263957,FLAT,True,64,36.0,IGNORE,NONE,,GREEN,C,WATCHLIST,CMF positive,Producer Manufacturing,33.3
JAGSNPHARM,236.54,233.15,238.9,232.8,False,True,True,True,False,True,0.11403889952972533,2.192512914,0.11453566464153526,False,-0.6539463220631448,True,53.95,True,1.1958991410362982,56.0,0.2,0,True,▅█▆▁▂▆▆▇▅▆▆▆█▆▆▇▅▇▆▇,False,False,False,0,0.06737060601958378,0.11897440749325905,0.030630220157923604,0.058310751417684825,FLAT,True,64,36.0,IGNORE,NONE,,GREEN,C,WATCHLIST,No standout factor,Health Technology,31.5
ARE&M,919.75,930.85,934.7,918.05,True,False,True,True,False,True,0.23028306965937637,29.304430675,0.22444943118562344,False,0.02376958594114965,False,51.33,True,1.1979975027131737,60.0,0.29,0,False,▅▃▄▃█▅▃▃▅▄▃▁▁▄▃▄▄▄▄▅,False,False,False,9,0.05367166914881438,0.11667577247617311,0.01693128328715421,0.05601211640059889,FLAT,True,63,36.0,IGNORE,NONE,,GREEN,C,WATCHLIST,CMF positive,Producer Manufacturing,33.3
GARUDA,183.95,182.25,186.95,182.25,False,True,True,True,False,False,0.33183396906340107,6.379845874999999,0.32250376348618154,False,0.015935879340332856,False,45.69,True,1.1168964505720151,87.0,1.16,0,True,█▆▆▆▆▇▅█▇▆▁▃▆▅▄▅▇▇▇▇,False,False,False,1,0.05300818592936052,0.0973572749507845,0.016267800067700344,0.03669361887521028,FLAT,True,59,36.0,IGNORE,SEED,,GREEN,C,WATCHLIST,CMF positive,Industrial Services,37.0
GUJALKALI,684.25,679.7,687.95,673.3,False,True,True,True,False,True,0.3833000831171986,3.930126725,0.383567022716039,False,-0.04078490576920758,True,44.62,True,1.0708585828283432,41.0,0.04,0,True,▁▄▃▃▄▂▅▅▁▁▆▄▇▆█▄▅▇▃▅,False,False,False,2,0.014004149377593533,0.07976960706959124,-0.02273623648406664,0.019105950994017018,FLAT,True,56,36.0,IGNORE,NONE,,GREEN,C,WATCHLIST,No standout factor,Process Industries,34.8
GRINDWELL,2059.8,2055.0,2089.3,2050.6,False,False,True,True,False,True,0.4752896609470011,4.10394552,0.46779619296685737,False,0.15928594740732796,True,50.53,False,0.930485222355216,30.0,-0.52,0,True,▁▂██▆▃▂▄▅▅▅▃▄▅▄▄▄▄▄▃,False,False,False,0,0.02396102604891648,0.07225403435710587,-0.012779359812743696,0.011590378281531644,FLAT,True,54,36.0,IGNORE,NONE,,GREEN,C,WATCHLIST,CMF positive,Process Industries,34.8
KICL,5382.5,5240.5,5430.0,5201.0,False,True,True,True,False,True,0.8225018912041814,0.643747,0.8163755256654618,False,-0.2662975569233556,True,76.76,True,1.2478155911924638,92.0,1.45,0,False,▇█▅▄▅▆▄▇▆▆▃▄▄▁▆▇▇▅▅█,False,False,False,1,0.015949414873537293,0.07029230463312786,-0.02079097098812288,0.009628648557553632,FLAT,True,54,36.0,IGNORE,SEED,,GREEN,C,WATCHLIST,Delivery P92,Finance,30.6
IKS,1786.2,1788.2,1806.8,1769.6,True,False,True,True,False,True,0.5511698890924849,16.10777298,0.5499611710221571,False,-0.24744765402203397,True,53.76,True,1.0137084456847623,49.0,0.01,0,True,▄▃▃▅▃▄▅▄▂▁█▄▃▅▁▆▆▆▃▄,False,False,False,0,0.015001704739175059,0.064291247095275,-0.021738681122485115,0.003627591019700782,FLAT,True,52,36.0,IGNORE,NONE,,GREEN,C,WATCHLIST,No standout factor,Commercial Services,25.4
GANESHHOU,809.65,826.8,829.6,805.0,True,True,True,True,False,True,0.27089359599938834,1.21204605,0.27611652801617004,False,0.002471229047310776,False,60.99,True,1.1884139866135366,79.0,0.74,0,True,▂▅▂▆▆▁▆▅▅█▆█▅▂▅▄▆▄▅▇,False,False,False,0,0.01282211658744048,0.061488036709275606,-0.023918269274219695,0.0008243806337013826,FLAT,True,51,36.0,IGNORE,NONE,,GREEN,C,WATCHLIST,CMF positive,Consumer Durables,32.2
MARICO,861.9,864.45,867.05,857.65,True,True,True,True,False,True,0.5468424989766667,89.61096728999999,0.545215999990968,False,0.268454992021908,False,49.82,False,0.8564331330634417,10.0,-1.17,0,False,▅▅▃▆█▆▃▁▇▆▆▆▇█▅▅▄▅▆▄,False,False,False,11,0.021208530805687076,0.05515088449531724,-0.015531855055973098,-0.005512771580256981,FLAT,False,50,36.0,IGNORE,NONE,,GREEN,C,WATCHLIST,CMF positive,Consumer Non-Durables,34.2
ORIENTELEC,185.08,185.95,186.99,183.66,True,True,True,True,False,True,0.1679941009327766,2.264935008,0.17186350405800532,False,0.02513390492837017,True,41.71,False,0.8249441268962244,27.0,-0.49,0,True,▂█▄▅▆▆▅▄▆▁▅▅▆▅▃▅▆▅▄▄,False,False,False,2,0.08398734918589668,0.052487915837361454,0.0472469633242365,-0.00817574023821277,UP,False,49,36.0,IGNORE,NONE,,GREEN,C,WATCHLIST,CMF positive,Consumer Durables,32.2
GROWW,193.68,198.11,198.25,190.86,True,False,False,True,False,True,2.8114602816085594,1103.135758056,2.7795307024278535,False,-0.2319253127737041,False,49.45,True,1.0005969182828989,88.0,1.26,0,True,▄▇▆▆▁▅▅▃▆▂▂█▄▅▇█▅▅█▅,False,False,False,0,-0.06144601666989724,0.020120088486252907,-0.09818640253155742,-0.04054356758932132,FLAT,False,42,36.0,IGNORE,DISTRIBUTION,,GREEN,C,WATCHLIST,No standout factor,Miscellaneous,11.1
SBILIFE,1794.0,1812.8,1820.9,1789.4,True,False,False,False,False,True,0.5921354068550366,97.921005,0.5709518802865081,False,0.10628185023115673,False,65.82,True,1.0751827500306286,75.0,0.68,0,True,▅▁▇█▆▅▄▃▃▁▄▁▅▆▃▁▄▃▄▅,False,False,False,6,-0.019350606756313615,0.01648818629950699,-0.05609099261797379,-0.04417546977606723,FLAT,False,41,36.0,IGNORE,NONE,,GREEN,C,WATCHLIST,CMF positive,Finance,30.6
KNRCON,127.0,127.15,131.1,126.53,True,False,False,False,False,False,0.6032622477053929,11.2695736,0.5727557201401541,False,0.09215040663571115,False,52.46,True,1.0423206834889729,77.0,0.54,0,True,▅▆▅▅▄▅▆▂▁▃▅▅▄▅▂▁▄▅█▅,False,False,False,3,0.047681900676455946,0.014620116641367753,0.010941514814795772,-0.04604353943420647,UP,False,40,36.0,IGNORE,NONE,,GREEN,C,WATCHLIST,CMF positive,Industrial Services,37.0
SUNFLAG,353.85,359.9,361.8,348.1,True,False,False,True,False,True,1.3597782490635382,10.7301474,1.2966311691071635,False,-0.029952572230066987,False,57.07,True,1.0585376711058352,75.0,0.64,0,True,▅▄▄▅█▄▃▇▆▂▅▆▁▃▂▄▃▄▆▅,False,True,False,0,0.014769142529394985,0.003972194637537285,-0.02197124333226519,-0.05669146143803694,UP,False,38,36.0,IGNORE,NONE,,GREEN,C,WATCHLIST,No standout factor,Non-Energy Minerals,34.4
TEGA,1743.2,1776.5,1789.7,1736.7,True,True,True,True,False,False,0.5569438628625736,23.04632424,0.5863347625239523,False,0.19135064890428685,False,54.93,True,1.0416725928032997,42.0,-0.18,0,False,▆▇█▆▆▃▄▆▆▆▅▆▇▁▄▇▇▆▁▆,False,False,False,0,0.11722104723450633,-0.0075718758895531035,0.08048066137284615,-0.06823553196512733,UP,False,34,36.0,IGNORE,NONE,,GREEN,C,WATCHLIST,CMF positive,Distribution Services,31.7
CENTUM,3439.0,3450.0,3550.0,3400.1,True,False,False,True,False,True,1.28824965803922,24.5021872,1.249437464546154,False,-0.33438753344990235,False,48.74,False,0.972631032796863,65.0,0.43,0,True,█▆▄▇▂▃▅▄▆█▁▅▆▇▃▄▄▁▁▄,False,True,False,5,-0.043074183315710446,-0.0401362063190801,-0.07981456917737062,-0.10079986239465433,UP,False,25,36.0,IGNORE,NONE,,GREEN,C,WATCHLIST,No standout factor,Electronic Technology,34.8
APEX,399.6,396.0,402.75,394.8,False,True,True,True,False,False,0.33349603143606005,8.99092008,0.3189925417589609,False,0.037861014253608695,True,35.07,False,0.8465595693577783,67.0,0.46,0,True,▇█▇██▇▆▆▇▆▆▆▇▆▁▃▅▄▅▅,False,False,False,0,0.04881889763779523,-0.04664201359895015,0.012078511776135059,-0.10730566967452437,UP,False,23,36.0,IGNORE,NONE,,GREEN,C,WATCHLIST,CMF positive,Consumer Non-Durables,34.2
DCAL,173.54,174.0,181.57,172.21,False,False,False,False,False,False,1.3735143604133084,8.71353017,1.3057545710090528,True,0.09992834125953808,False,33.37,False,0.6367591497156815,4.0,-1.75,0,True,▅▅▆▆▅▆▅▅▇▆▆▆▇▂█▄▆▅▃▁,False,True,False,1,-0.05469005338272148,-0.06011698440207969,-0.09143043924438166,-0.12078064047765391,UP,False,20,36.0,IGNORE,NONE,,GREEN,C,WATCHLIST,CMF positive,Health Technology,31.5
JNKINDIA,454.35,450.35,459.45,446.2,False,True,True,True,False,False,0.3562852561578034,5.72371956,0.3709635090967415,False,0.07512001981755469,False,43.34,False,0.9295242997469224,35.0,-0.2,0,True,▃▃▆▇█▆▃▇▅█▆▆▄▅▁▅▅▄▅▄,False,False,False,0,-0.03514546612868963,-0.09860132923321097,-0.0718858519903498,-0.1592649853087852,UP,False,11,36.0,IGNORE,NONE,,GREEN,C,WATCHLIST,CMF positive,Producer Manufacturing,33.3
COALINDIA,406.1,409.8,410.4,405.6,True,False,False,False,False,False,0.7003436566307774,196.38943207,0.6814716295996767,False,0.11254801081441813,False,74.79,True,1.166406737367436,99.0,2.16,0,True,▄▁▅▆▆▅▅▅▅▅▆▇▇▆▇▇▄▄▄█,False,False,False,0,-0.05039167543551959,-0.15685663863801502,-0.08713206129717976,-0.21752029471358925,UP,False,4,36.0,IGNORE,SEED,,GREEN,C,WATCHLIST,"Delivery P99, CMF positive",Energy Minerals,40.7
GVPIL,667.35,666.0,682.3,665.0,False,False,False,True,False,False,1.2070147715970834,20.288040615,1.0774961534076422,True,-0.3149338660848416,False,56.92,True,1.0415942320712939,89.0,1.01,0,True,▅▅▄▄▁▆▂▇█▇▄▆▄▄█▄▄▅▅▅,False,True,False,0,-0.16654177594604724,-0.2820719703082136,-0.20328216180770742,-0.34273562638378785,UP,False,1,36.0,IGNORE,SEED,,GREEN,C,WATCHLIST,No standout factor,Industrial Services,37.0
PANAMAPET,485.2,486.1,493.7,483.1,True,True,True,True,False,True,0.17772865253302245,10.7476652,0.1773298628082393,False,-0.4416729862461546,False,36.31,False,0.9402594712173394,14.0,-0.98,0,True,▇▅▆█▆▇▇█▆▄▆▆▁▁▃▄▄▆▅▅,False,False,False,4,-0.02619167084796792,0.2861497680583167,-0.06293205670962809,0.2254861119827425,FLAT,True,87,35.0,IGNORE,NONE,,GREEN,C,WATCHLIST,No standout factor,Process Industries,34.8
WABAG,2003.3,2070.0,2070.0,1986.1,True,True,True,True,False,True,0.741258605052289,82.33903561,0.7592216261069912,False,-0.007562689349589531,False,48.23,True,1.054299829493289,47.0,0.03,0,True,▅▄▄▇▄▆█▄▃▇▅▇▆▁▁█▅▅▄▆,False,False,False,0,-0.01856750930825013,0.2696793002915452,-0.055307895169910304,0.20901564421597096,FLAT,True,86,35.0,IGNORE,NONE,,GREEN,C,WATCHLIST,No standout factor,Industrial Services,37.0
FLUOROCHEM,4621.9,4695.0,4713.8,4602.5,True,True,True,True,False,True,0.3675357422043916,40.46196136,0.3669715090177833,False,-0.2480080186243185,False,48.23,True,1.0248509896834923,39.0,-0.23,0,False,▇▆▆▅▄█▇▆▅▄▇▆▁▁▄▇▆▅█▆,False,False,False,11,0.010538513676017214,0.26443793943041594,-0.02620187218564296,0.2037742833548417,FLAT,True,85,35.0,IGNORE,NONE,,GREEN,C,WATCHLIST,No standout factor,Process Industries,34.8
VADILALIND,7417.5,7407.0,7551.0,7355.0,False,True,True,True,False,True,0.9179245527596129,27.57603975,0.9050731779459229,False,-0.30286862806867804,False,54.94,True,1.319515329098267,63.0,0.46,0,False,▆▆▆▃▃▃▆▄▄█▃▅▇▁▃▃▃▄▇▇,False,False,False,12,0.10535727591088584,0.234336777994109,0.06861689004922567,0.1736731219185348,FLAT,True,82,35.0,IGNORE,NONE,,GREEN,C,WATCHLIST,No standout factor,Consumer Non-Durables,34.2
KSHINTL,1010.0,1017.85,1017.85,982.0,True,True,True,True,False,True,0.33978756075962263,14.534708,0.354080654963643,False,-0.03219765015634038,False,46.33,False,0.9998381440517939,65.0,0.34,0,True,▄▄▄▄▅▅▅▄▅█▆▁▁▃▄▄▄▄▄▄,False,False,False,5,0.13101903695408734,0.2341907496792326,0.09427865109242717,0.17352709360365837,FLAT,True,82,35.0,IGNORE,NONE,,GREEN,C,WATCHLIST,No standout factor,Producer Manufacturing,33.3
PICCADIL,709.8,705.5,715.95,698.2,False,False,True,True,False,True,0.34111830526248876,11.40804756,0.339484923991946,False,0.05493496100795963,False,45.68,False,0.9783365280618527,34.0,-0.2,0,False,▅▅▃▇▅█▄▅▆▇▇▁▁▅▅▂▂▃▃▄,False,False,False,4,-0.03716766142159533,0.22179189258972354,-0.0739080472832555,0.16112823651414931,FLAT,True,81,35.0,IGNORE,NONE,,GREEN,C,WATCHLIST,CMF positive,Process Industries,34.8
ASHIKAG,425.1,454.8,461.0,422.4,True,False,True,True,False,True,0.7270617154751092,14.93219013,0.6754530038038408,False,0.1048807162254723,False,0.0,False,0.0,,,0,False,,False,False,False,10,0.06447977964191809,0.21822610689210498,0.027739393780257915,0.15756245081653075,FLAT,True,81,35.0,IGNORE,NONE,,GREEN,C,WATCHLIST,CMF positive,Miscellaneous,11.1
GODREJPROP,2035.0,2020.0,2039.8,2013.2,False,False,True,True,False,True,0.4372935256734308,56.4104035,0.430003380416637,False,0.02249461484814393,True,49.35,True,1.165536950001181,75.0,0.66,0,False,▇▅▆▅▇▅▁▂▄▆▅█▅▆█▇▃▂▆▆,False,False,False,2,0.0031054369793463987,0.203145323400733,-0.033634948882313775,0.14248166732515877,FLAT,True,79,35.0,IGNORE,NONE,,GREEN,C,WATCHLIST,CMF positive,Finance,30.6
RISHABH,669.3,679.5,691.0,657.05,True,True,True,True,False,True,1.2131701041090128,27.800513309999996,1.207839574524823,False,-0.013194649120588537,False,44.67,False,0.8995076569909687,32.0,-0.33,0,True,▂▇▅▅▅▅▇█▇▅▇▇█▅█▅▆▆▁▅,False,False,False,5,0.07552627350152652,0.2028034863869168,0.038785887639866345,0.14213983031134259,FLAT,True,79,35.0,IGNORE,NONE,,GREEN,C,WATCHLIST,No standout factor,Producer Manufacturing,33.3
ANDHRSUGAR,98.84,102.61,102.61,96.99,True,True,True,True,False,True,0.9021391276194414,13.178297664,0.9033379095541765,False,-0.16920953548161383,False,37.77,False,0.8914431371623456,13.0,-0.99,0,True,▇▇▇▆▇▇▆█▇▄▁▃▅▄▅▅▆▄▄▅,False,False,False,7,0.1449090698482567,0.19357565511411656,0.10816868398659651,0.13291199903854234,FLAT,True,78,35.0,IGNORE,NONE,,GREEN,C,WATCHLIST,No standout factor,Process Industries,34.8
SAMBHV,129.35,132.0,133.8,128.56,True,True,True,True,False,True,0.9624535724686437,25.155574079999997,1.0135642821975814,False,-0.10164192786166343,False,40.03,False,0.8531633968818935,13.0,-1.13,0,True,▅▃█▄▆▇▁▆▇▆▆▆▇▆▅▄▇▆▅▄,False,False,False,4,0.11585576259489305,0.1928255256362965,0.07911537673323288,0.1321618695607223,FLAT,True,77,35.0,IGNORE,NONE,,GREEN,C,WATCHLIST,No standout factor,Non-Energy Minerals,34.4
SOTL,677.3,688.85,688.85,666.95,True,True,True,True,False,True,0.2510935285126864,12.143785809999999,0.23458186722925178,False,-0.1697304750035516,False,36.81,False,0.9463454765148982,11.0,-1.13,0,True,▄▇▅▅▆▅▆▄▁▁▅▆▄█▆▅▆▇▅▄,False,False,False,4,0.04885791715060006,0.18751643727535705,0.012117531288939887,0.12685278119978283,FLAT,True,77,35.0,IGNORE,NONE,,GREEN,C,WATCHLIST,No standout factor,Process Industries,34.8
EXCELINDUS,1089.0,1120.0,1126.55,1073.85,True,True,True,True,False,False,0.3601196082124694,2.6650008,0.3522222343408442,False,0.6248763076829588,False,46.85,False,0.7849609195017132,17.0,-1.0,0,False,▆▇▇█▇█▇▆▇██▇██▇▇▇▁▂▅,False,False,False,6,0.16826690983210857,0.18698566679383077,0.1315265239704484,0.12632201071825655,UP,True,76,35.0,IGNORE,NONE,,GREEN,C,WATCHLIST,CMF positive,Process Industries,34.8
JUBLCPL,2227.8,2284.0,2291.6,2220.1,True,True,True,True,False,False,0.12465035277839075,0.9312204,0.12364845647440274,False,0.3809769175663256,False,62.68,True,1.114023940495339,71.0,0.56,0,False,▆▇▆▇▇▇██▇▆▆▆▃▁▁▃▇▄█▇,False,False,False,2,0.20324061571698637,0.1846219291715412,0.1665002298553262,0.12395827309596696,UP,True,76,35.0,IGNORE,NONE,,GREEN,C,WATCHLIST,CMF positive,Process Industries,34.8
PARADEEP,148.48,148.45,150.8,147.71,True,True,True,True,False,False,0.1543825061383012,30.045655552,0.14924619868740804,False,0.35234160063447073,False,39.13,True,1.1114898451924444,57.0,0.18,0,False,█▅▁▂▄▆▆▆█▆▆███▇▇▆▆█▇,False,False,False,1,0.09120305724994493,0.176079207920792,0.054462671388284756,0.11541555184521779,FLAT,True,75,35.0,IGNORE,NONE,,GREEN,C,WATCHLIST,CMF positive,Process Industries,34.8
KARURVYSYA,335.5,336.9,336.9,333.15,False,True,True,True,False,True,0.42884543430415656,26.35013645,0.4251120602020516,False,-0.1407982384079167,False,51.46,False,0.9325335701212328,45.0,0.02,0,True,▅▆▇▄▆▄▇▄▂▃▅▄▅▇█▃▆▆▁▄,False,False,False,6,-0.010032457952198204,0.16110053642498712,-0.04677284381385838,0.1004368803494129,FLAT,True,72,35.0,IGNORE,NONE,,GREEN,C,WATCHLIST,No standout factor,Finance,30.6
GRWRHITECH,7123.5,7110.0,7171.5,7060.0,False,True,True,True,False,True,0.24691599286708846,14.4008676,0.2451255907180776,False,-0.16066191803373045,False,43.53,False,0.8683596321490554,43.0,-0.08,0,True,▇▇▅▅█▆▅▆▁▄▅▆▅▅▆▅▅▅▅▄,False,False,False,7,0.03194263363754879,0.16178749082606214,-0.004797752224111385,0.10112383475048792,FLAT,True,72,35.0,IGNORE,NONE,,GREEN,C,WATCHLIST,No standout factor,Process Industries,34.8
PRUDENT,3353.5,3389.2,3389.2,3320.0,True,True,True,True,False,True,0.2178651629009798,4.65901755,0.22661623422422758,False,-0.011135793442557655,False,59.43,True,1.16100295964914,62.0,0.1,0,False,▃▁▂▃▃▄▅▄▄▅▃▁▃██▄▄▄▄▅,False,False,False,14,0.1730036027842876,0.15276202261867944,0.13626321692262744,0.09209836654310521,UP,True,70,35.0,IGNORE,NONE,,GREEN,C,WATCHLIST,No standout factor,Finance,30.6
EMUDHRA,540.85,549.7,549.7,538.2,True,True,True,True,False,False,0.3454926896177804,4.6182099800000005,0.36564102143307264,False,0.1620637979529865,False,45.42,False,0.9424800796812749,26.0,-0.46,0,False,▆▆▇▁▄█▅▆▆▆▆▆▄▅▅▆▂▃▄▅,False,False,False,6,0.18672517827756452,0.15467549103330502,0.14998479241590434,0.0940118349577308,UP,True,70,35.0,IGNORE,NONE,,GREEN,C,WATCHLIST,CMF positive,Technology Services,35.4
ALICON,741.1,746.75,750.35,734.55,True,True,True,True,False,False,0.2818664255670427,1.3284958599999999,0.2834736559508948,False,0.15423361058050275,False,52.77,False,0.898029338688268,44.0,-0.18,0,False,▅▇▆▄▅▄▅▅█▅▄▇▂▅▃▃▁▅▅▄,False,False,False,5,0.16461067022864784,0.15337327834409775,0.12787028436698766,0.09270962226852353,UP,True,70,35.0,IGNORE,NONE,,GREEN,C,WATCHLIST,CMF positive,Producer Manufacturing,33.3
MINDACORP,727.85,740.95,747.95,725.35,True,True,True,True,False,True,0.2765630191317742,15.482970770000001,0.278797896651035,False,-0.44947573290482945,False,52.71,True,1.217124252430323,79.0,0.68,0,False,▆▅█▇▅▅▆▇▆▇▆█▇▁▁▇▂▆▇█,False,False,False,12,0.07598492128021284,0.14226302573760186,0.03924453541855266,0.08159936966202763,FLAT,True,68,35.0,IGNORE,NONE,,GREEN,C,WATCHLIST,No standout factor,Producer Manufacturing,33.3
DYNAMATECH,11588.0,11768.0,11850.0,11550.0,True,True,True,True,False,True,0.6276410457934902,14.9913956,0.6579480065605687,False,-0.17551886909366765,False,44.97,True,1.0777582054139556,78.0,0.56,0,False,▇▄▃▅▅▃▃█▄▄▁▅▆▆▃▃▆▂▆▅,False,False,False,5,0.10805125262956583,0.13931766787926447,0.07131086676790566,0.07865401180369025,FLAT,True,68,35.0,IGNORE,NONE,,GREEN,C,WATCHLIST,No standout factor,Producer Manufacturing,33.3
KROSS,206.84,209.74,210.01,206.0,True,True,True,True,False,True,0.6400577094459018,5.9443954439999995,0.6568236010364583,False,-0.06759402681823626,False,55.53,True,1.4256922425191594,93.0,1.52,0,False,▃▁▄▂▁▅▃▃▄▄▆▆▂▄▅▅▅█▄▇,False,False,False,2,0.0034444282734196197,0.13343196887500675,-0.033295957588240555,0.07276831279943252,FLAT,True,67,35.0,IGNORE,SEED,,GREEN,C,WATCHLIST,Delivery P93,Producer Manufacturing,33.3
EXICOM,159.87,158.0,162.15,155.92,False,True,True,True,False,True,0.7368174595380501,16.846589016,0.7498884625142929,False,-0.07420174234714416,False,39.98,True,1.0766268564273114,53.0,0.19,0,True,▃▅▅▆▆▅▅▄▅▇▂█▅▄▄▆▁▂▄▅,False,False,False,0,-0.0026824703680599082,0.12767158072935025,-0.03942285622972008,0.06700792465377603,FLAT,True,66,35.0,IGNORE,NONE,,GREEN,C,WATCHLIST,No standout factor,Producer Manufacturing,33.3
HIRECT,1273.7,1275.0,1329.5,1265.0,True,True,True,True,False,True,0.8808862267404665,13.529750880000002,0.8751640122001291,False,-0.22288979166217712,False,38.2,False,0.9743655146027294,29.0,-0.5,0,True,▂▃▄▂▂▄▂▄▇▅▆▁▂▁▄▃█▃▇▃,False,False,False,6,-0.02166064981949467,0.12666961521450681,-0.058401035681154845,0.06600595913893259,FLAT,True,66,35.0,IGNORE,NONE,,GREEN,C,WATCHLIST,No standout factor,Producer Manufacturing,33.3
VENUSPIPES,1556.6,1545.1,1597.0,1538.8,False,False,False,True,False,False,1.4890134921686613,23.96276738,1.4449805123568382,True,-0.4135405671847036,False,55.82,True,1.050057375044677,69.0,0.38,0,True,▅▆▄▅▆▅▆▆▇▆▁▅▆▅▇▄▅██▆,False,True,False,0,-0.08440679960002351,0.10061514530156268,-0.12114718546168368,0.03995148922598846,FLAT,True,60,35.0,IGNORE,NONE,,GREEN,C,WATCHLIST,No standout factor,Non-Energy Minerals,34.4
FOSECOIND,5346.0,5506.0,5524.0,5300.0,True,False,True,True,False,False,0.6181335980501825,2.2303512,0.6036040455990345,False,-0.10730262724867268,False,65.87,True,1.1618615890710577,94.0,1.29,0,True,▇█▆▆▁▆▃▆▄▅▆▄▆▅▄▅▄▅▅▆,False,False,False,9,0.059033280507131636,0.08354615103976637,0.02229289464547146,0.022882494964192146,FLAT,True,57,35.0,IGNORE,SEED,,GREEN,C,WATCHLIST,Delivery P94,Process Industries,34.8
ELPROINTL,177.0,175.42,177.0,175.08,False,True,True,True,False,True,0.1993483454581171,0.3215205,0.1982102949937798,False,0.2871592577940906,False,66.72,False,0.8304239867072419,17.0,-1.13,0,False,▂▇▇██▇▇█▇▇▃▄▅▃▂▂▅▇▁▃,False,False,False,10,0.0028328611898016387,0.06626506024096379,-0.033907524671858535,0.005601404165389567,FLAT,True,52,35.0,IGNORE,NONE,,GREEN,C,WATCHLIST,CMF positive,Electronic Technology,34.8
ULTRACEMCO,11648.0,11657.0,11698.0,11587.0,True,False,False,False,False,True,0.6561074183405947,225.8558848,0.6400691170890275,False,0.2588883959323245,True,57.77,True,1.0333416806782816,34.0,-0.36,0,False,▅▇█▆▆▄▃▄▅▅▄▄▆▁▆▆▇▇▅▆,False,False,False,8,-0.006736590773428808,0.05919796308084013,-0.04347697663508898,-0.0014656929947340913,FLAT,False,50,35.0,IGNORE,NONE,,GREEN,C,WATCHLIST,CMF positive,Non-Energy Minerals,34.4
PITTIENG,1052.2,1062.65,1062.65,1038.6,False,True,True,True,False,True,0.5445670554654592,6.449880780000001,0.5540107925956524,False,0.03878497077103267,False,52.99,False,0.9966427489961163,42.0,-0.12,0,False,▁▆▄▃▇██▇▇▆█▅▃▄▄▅▇▃▅▅,False,False,False,5,0.1428881768315864,0.059617321248741195,0.10614779096992621,-0.0010463348268330286,UP,False,50,35.0,IGNORE,NONE,,GREEN,C,WATCHLIST,CMF positive,Producer Manufacturing,33.3
SKIPPER,554.0,556.0,563.9,551.0,True,True,True,True,False,True,1.0733279831994853,37.6696732,1.111049387797144,False,0.044488286120395897,False,42.36,False,0.9507990662596516,31.0,-0.43,0,True,▆▆▅▅▆█▇▄▆▇▆▁▄▆▇▅▆▅▅▅,False,False,False,0,0.047952331410195725,0.01716698797392824,0.011211945548535551,-0.043496668101645986,UP,False,41,35.0,IGNORE,NONE,,GREEN,C,WATCHLIST,CMF positive,Producer Manufacturing,33.3
ADANIPORTS,1697.1,1658.0,1700.0,1657.2,False,False,False,True,False,True,0.8609081095126834,326.23098735,0.8496584501103092,False,-0.08218659279876825,True,62.17,True,1.1214632958429915,90.0,1.41,0,True,▆▆▁▃▆▄▂▇▅█▆▃▃▅▃▆▄▆▇▆,False,False,False,0,-0.07635789702840978,-0.05237590038528128,-0.11309828289006996,-0.1130395564608555,FLAT,False,22,35.0,IGNORE,SEED,,GREEN,C,WATCHLIST,Delivery P90,Transportation,24.2
BSE,3446.1,3501.0,3502.0,3435.0,True,False,False,True,False,False,0.924930351926052,1021.9419888299999,0.8961497492980178,False,-0.09760072904618605,True,56.35,True,1.4116438699333635,100.0,3.63,0,True,▃▅▃▅▃█▂▃▅▂▃▃▅▅▄▃▂▁▄█,False,False,False,0,-0.037885979116645374,-0.14560916348490116,-0.07462636497830555,-0.20627281956047538,UP,False,6,35.0,IGNORE,SEED,,GREEN,C,WATCHLIST,Delivery P100,Finance,30.6
BBL,2389.7,2355.0,2400.9,2331.0,False,False,False,False,False,False,1.0436071555605446,9.21994054,1.043273888287448,True,-0.317848439944819,True,62.93,True,1.0864142116030349,90.0,1.21,0,True,▅▇▃▅▂▄▁█▅▆▅▃▅▅█▃▅▅▆▆,False,False,False,0,-0.05148051123283337,-0.1399625710789607,-0.08822089709449354,-0.20062622715453493,UP,False,6,35.0,IGNORE,SEED,,GREEN,C,WATCHLIST,Delivery P90,Producer Manufacturing,33.3
ZFCVINDIA,2662.0,2646.0,2674.0,2595.9,False,False,False,False,False,False,0.8131175347827685,24.1435414,0.8686845380644157,False,0.2662330043990851,True,65.33,True,1.1791035347838248,79.0,0.66,0,True,▂▁▃▄▆▆▇▄▆▆▂▂▅▅▇█▇▃▂▇,False,False,False,0,0.1471171248814962,-0.8190838657061302,0.11037673901983602,-0.8797475217817045,UP,False,0,35.0,IGNORE,NONE,,GREEN,C,WATCHLIST,CMF positive,Producer Manufacturing,33.3
HNDFDS,644.8,658.0,658.05,641.05,True,True,True,True,False,True,0.6516877195062191,5.03350224,0.6961886889868785,False,0.03737024546511096,False,54.2,False,0.9570898816881512,48.0,-0.11,0,False,▂▅▇▄▅▅▄▄▅▄▄▅█▅▅▆▄▁▂▄,False,False,False,15,0.11711711711711703,0.21729280724938627,0.08037673125545686,0.15662915117381204,FLAT,True,81,34.0,IGNORE,NONE,,GREEN,C,WATCHLIST,CMF positive,Consumer Non-Durables,34.2
AARTIIND,527.2,519.0,533.7,516.4,False,True,True,True,False,True,0.5657422791044638,52.49325128000001,0.5866883336003558,False,-0.015962352000823497,True,35.98,False,0.8799432610237472,14.0,-0.86,0,False,▅▆▆▅▁▄▅▅▄▅▅▅▄▃▄▅▄█▄▄,False,False,False,7,0.1033905399748849,0.19655015887426242,0.06665015411322472,0.1358865027986882,FLAT,True,78,34.0,IGNORE,NONE,,GREEN,C,WATCHLIST,No standout factor,Process Industries,34.8
SONATSOFTW,304.0,308.0,308.9,302.25,True,False,True,False,False,False,0.3092044906049418,18.9271312,0.29124632569018877,False,0.04816623700810043,False,33.49,True,1.0959486877413445,39.0,-0.2,0,True,▂▁▁▂▃▃▃▃▃▂▃▃▄▂▂▃█▃▃▃,False,False,False,4,0.05518917042693494,0.19661483959850412,0.018448784565274767,0.1359511835229299,FLAT,True,78,34.0,IGNORE,NONE,,GREEN,C,WATCHLIST,CMF positive,Technology Services,35.4
OIL,475.0,480.9,482.0,475.0,True,True,True,True,False,True,0.3501944758007455,55.252855,0.3620846897251579,False,-0.0895086705610849,True,56.85,True,1.3268759481853192,88.0,1.16,0,False,▄▂▃▁▅█▃▇▇▇▁▁▄▅▇▆▄▅▁█,False,False,False,0,0.05614230127848807,0.13690761129727136,0.019401915416827897,0.07624395522169714,FLAT,True,67,34.0,IGNORE,SEED,,GREEN,C,WATCHLIST,No standout factor,Energy Minerals,40.7
GRANULES,858.15,843.6,864.8,843.6,False,True,True,True,False,True,0.6340205996480482,34.855564365,0.6429992819315251,False,-0.14050991141893115,True,58.61,True,1.1150110816235292,87.0,1.13,0,False,▃▇▆▄▅▅█▅▅▁▅▃▇▄▅▃▇▅▄▇,False,False,False,0,0.02951232679503324,0.11964250766520967,-0.007228059066626935,0.05897885158963545,FLAT,True,64,34.0,IGNORE,SEED,,GREEN,C,WATCHLIST,No standout factor,Health Technology,31.5
HARSHA,437.6,437.0,441.45,431.85,True,True,True,True,False,True,0.40755800141944926,3.6261286399999997,0.4270207453786722,False,-0.08071629333336908,True,43.62,False,0.7986085682900036,10.0,-1.19,0,False,▅▆▅█▆▇▇▆▅▁▃▂▃▃▅▂▅▃▃▂,False,False,False,5,0.07876247997041785,0.08720496894409946,0.04202209410875768,0.026541312868525235,UP,True,58,34.0,IGNORE,NONE,,GREEN,C,WATCHLIST,No standout factor,Producer Manufacturing,33.3
ABB,7650.0,7710.0,7825.0,7639.0,True,True,True,True,False,True,0.4733860536291518,123.508485,0.4820124442108006,False,-0.04042949282342035,True,35.38,False,0.9386482722026929,18.0,-0.96,0,False,▇▆▃▄▂▆▁▄▅▄▄▆▆▃▅▄▄██▄,False,False,False,8,0.01918465227817756,0.06903297931805485,-0.017555733583482613,0.00836932324248063,FLAT,True,54,34.0,IGNORE,NONE,,GREEN,C,WATCHLIST,No standout factor,Producer Manufacturing,33.3
VEEDOL,1502.5,1512.0,1512.0,1500.4,True,True,True,True,False,False,0.3112130587858743,0.8765585,0.313817972301359,False,-0.1219061771195703,False,73.55,True,1.2901471697451279,98.0,2.01,0,False,▆▆▆▆▆▆▁▅▃▅▆▃▄▅▅▃▆▄▇█,False,False,False,10,0.07413497283385762,0.058993515647025596,0.03739458697219744,-0.0016701404285486277,UP,False,50,34.0,IGNORE,SEED,,GREEN,C,WATCHLIST,Delivery P98,Energy Minerals,40.7
INDOSTAR,253.15,254.0,258.1,251.1,False,True,True,True,False,True,0.41368010659823323,2.12200456,0.4108785205651507,False,-0.07035478101702053,False,61.54,True,1.0182588336518494,75.0,0.65,0,True,▄▇▁▅▅▆▇▇▇▇▆▆▆▆▆▇▅▆█▆,False,False,False,3,-0.028214971209213013,0.044132810888843244,-0.06495535707087319,-0.01653084518673098,FLAT,False,48,34.0,IGNORE,NONE,,GREEN,C,WATCHLIST,No standout factor,Finance,30.6
BHAGCHEM,280.2,284.5,284.65,279.75,True,False,True,True,False,True,0.16874573945177956,0.8434300199999999,0.16338003744565938,False,-0.16174464387596732,False,71.81,True,1.3718466725888567,91.0,1.2,0,True,▆▅▃▄▃▁▄▅▅▂▄▆▇▅▆█▆▅▆▇,False,False,False,1,0.06357942683621176,0.03762405569545235,0.026839040974551587,-0.023039600380121872,UP,False,47,34.0,IGNORE,SEED,,GREEN,C,WATCHLIST,Delivery P91,Process Industries,34.8
SPIC,68.16,68.0,68.61,67.61,False,True,True,False,False,False,1.3183188916009576,2.198132736,1.3337116292196516,True,-0.00038715169843734346,False,65.69,True,1.1816448409843143,97.0,1.91,0,True,▂▃▂▄▅▃▂▄▄▅█▅▅▆▅▄▃▁▄▆,False,False,False,0,0.04958423159839853,-0.01059660328059231,0.012843845736738357,-0.07126025935616653,UP,False,34,34.0,IGNORE,SEED,,GREEN,C,WATCHLIST,Delivery P97,Process Industries,34.8
USHAMART,481.3,495.65,499.6,477.8,True,False,False,True,False,True,0.8913636918635228,25.36840853,0.8454692534534519,False,-0.22278281911245698,False,65.55,True,1.2735574120847093,97.0,1.7,0,False,▅▁▄▅▆▆▇▇▆▅▇▆▇▆▇▅▆▇▇█,False,False,False,5,-0.029049828525317678,-0.010688591983555984,-0.06579021438697785,-0.07135224805913021,UP,False,33,34.0,IGNORE,SEED,,GREEN,C,WATCHLIST,Delivery P97,Producer Manufacturing,33.3
CROMPTON,252.0,256.0,259.0,247.85,False,False,False,False,False,False,3.8722200283419497,337.2439392,3.855306935445796,False,-0.23217957268552866,False,55.43,True,1.2951539791579045,78.0,0.74,0,False,▆▄▁▄█▂▃▄▅▂▂▃▂▄▂▃▃▅▃▆,False,True,False,0,0.007395562662402488,-0.016393442622950727,-0.029344823199257686,-0.07705709869852495,UP,False,32,34.0,IGNORE,NONE,,GREEN,C,WATCHLIST,No standout factor,Producer Manufacturing,33.3
BBOX,775.65,756.0,805.9,756.0,False,False,False,True,False,False,2.5410750858489144,85.900212465,2.5316255632525957,True,-0.14274392864579935,False,25.83,False,0.566478425352267,4.0,-1.68,0,True,▆█▆▇▂▆▆▆▅▇▇▇▆▁▆▅▆▅▇▁,False,False,False,0,-0.0035968912582696744,-0.23851364618103288,-0.04033727711992985,-0.2991773022566071,UP,False,1,34.0,IGNORE,NONE,,GREEN,C,WATCHLIST,No standout factor,Technology Services,35.4
STYL,392.55,403.95,404.85,386.7,True,True,True,True,False,True,0.48190541060799,3.832661925,0.484645852820981,False,-0.09325469759328998,False,42.83,False,0.9415049130597261,12.0,-1.06,0,False,▅▆▅▁▄▇█▆▇▆▅▆▅▅██▆▃▃▅,False,False,False,5,0.0210690596956693,0.5071990785179499,-0.015671326165990873,0.44653542244237565,FLAT,True,95,33.0,IGNORE,NONE,,GREEN,C,WATCHLIST,RS leader,Technology Services,35.4
BETA,2327.7,2285.0,2354.1,2258.3,False,False,True,True,False,True,0.40335040169506486,4.25387175,0.38942046192803537,False,-0.165130922684125,False,47.45,True,1.0088232167534814,28.0,-0.57,0,True,█▅▃▁▃▃▆▅▃▂▃▅█▅▅▅▅▄▆▄,False,False,False,3,0.0052254275349801205,0.3141937669376693,-0.031514958326680054,0.2535301108620951,FLAT,True,89,33.0,IGNORE,NONE,,GREEN,C,WATCHLIST,No standout factor,Health Technology,31.5
BEPL,125.82,124.0,128.65,123.23,False,True,True,True,False,True,1.3728638403337248,35.158662684,1.439293919597222,True,-0.055599362788071864,False,38.17,True,1.024464216219118,10.0,-1.32,0,False,▄▁▂▄▄▅▅▄▅▄▄▆▇▅▆▆▇▇█▅,False,False,False,1,0.032920121500697785,0.2951106536284096,-0.0038202643609623887,0.23444699755283538,FLAT,True,88,33.0,IGNORE,NONE,,GREEN,C,WATCHLIST,No standout factor,Process Industries,34.8
ANANDRATHI,2188.0,2171.1,2198.0,2167.0,False,True,False,False,False,False,0.5849338232418511,27.4893756,0.6049709643304143,False,0.12319795902025647,False,62.0,True,1.1102754199348162,79.0,0.76,0,True,▄▅▄▃▅▅▆▆█▆▇▅▁▅▅▆▇▅▄▇,False,False,False,0,0.07144606042799073,0.23944938537359084,0.03470567456633056,0.17878572929801662,FLAT,True,83,33.0,IGNORE,NONE,,GREEN,C,WATCHLIST,CMF positive,Finance,30.6
MANORAMA,1927.3,1968.2,1988.7,1920.2,True,True,True,True,False,True,0.21752718200400142,40.65716442,0.2290408534258235,False,-0.0918438386328674,False,37.99,False,0.8283997863038193,5.0,-1.53,0,False,▇▇▇▇▇▆▇▇▆▆▇▇▇█▁▁▂▂▃▅,False,False,False,10,0.21557868180384743,0.23197391971362813,0.17883829594218725,0.1713102636380539,UP,True,82,33.0,IGNORE,NONE,,GREEN,C,WATCHLIST,No standout factor,Consumer Non-Durables,34.2
MAHLOG,401.15,405.5,407.55,399.7,True,False,True,True,False,True,0.3433500566724715,4.30417904,0.3342639422215351,False,-0.27007948495327766,False,61.51,True,1.1217185947059842,85.0,0.83,0,True,▅▃▃▆▁▇▆▆▆█▆▃▆▆▆▄▃▂▄▆,False,False,False,3,-0.03650774588687411,0.18788865857269754,-0.07324813174853428,0.12722500249712332,FLAT,True,77,33.0,IGNORE,SEED,,GREEN,C,WATCHLIST,No standout factor,Transportation,24.2
UNICHEMLAB,526.15,516.55,533.7,513.5,False,False,True,True,False,False,0.23976955491827548,3.448650175,0.22665214576450596,False,0.09508898750364572,False,50.38,True,1.258037531369783,44.0,0.0,0,True,▃▇▄██▆▇█▅█▆▁▂▃▅▄▆▆▆▇,False,False,False,0,-0.020843025960733286,0.1754915102770329,-0.05758341182239346,0.11482785420145869,FLAT,True,74,33.0,IGNORE,NONE,,GREEN,C,WATCHLIST,CMF positive,Health Technology,31.5
MAHLIFE,379.8,378.3,382.5,374.5,False,False,True,True,False,True,0.4431530161781869,3.120057,0.44041664747482373,False,-0.006628952902747469,False,61.63,True,1.1043615381858582,86.0,0.84,0,True,▄▆▄▅▃▄▂▅▂▁▁▅▄▆▅▃▁█▁▅,False,False,False,7,0.013746163085546659,0.1563403866646369,-0.022994222776113515,0.09567673058906268,FLAT,True,71,33.0,IGNORE,SEED,,GREEN,C,WATCHLIST,No standout factor,Finance,30.6
ASTRAMICRO,1662.2,1680.0,1694.0,1658.3,True,False,False,True,False,True,0.5833507117261281,62.142842980000005,0.5418434310028561,False,-0.4237725413471603,False,52.8,True,1.1306694076834125,83.0,0.87,0,True,▅▇▇▇▁▅▇▅▅▅▃▅▆▆▆█▆▆▇▇,False,False,False,4,-0.08337928752619395,0.15126748857182437,-0.12011967338785412,0.09060383249625015,FLAT,True,70,33.0,IGNORE,NONE,,GREEN,C,WATCHLIST,No standout factor,Electronic Technology,34.8
VIDHIING,328.55,322.25,333.0,319.9,False,True,True,True,False,False,0.2420811906957939,0.6295018,0.25425926054528697,False,-0.026883204472763954,False,82.63,True,1.29780583957656,94.0,1.52,0,False,▇▇▁█▄▄▄▄▄▄▄▄▅▄█▇▇█▄█,False,False,False,4,0.05796168088874576,0.14417551802193995,0.021221295027085585,0.08351186194636573,FLAT,True,69,33.0,IGNORE,SEED,,GREEN,C,WATCHLIST,Delivery P94,Consumer Non-Durables,34.2
MUFIN,139.49,139.98,141.5,138.41,True,True,True,True,False,True,1.1876207987196024,21.225998014,1.238431344256022,False,-0.02113673244054056,False,31.23,False,0.9341489313970357,18.0,-0.95,0,False,▅█▅▁▄▅▁▄▂▅█▇▇▄▆▄▆▆▆▄,False,False,False,10,0.12202380952380976,0.13906581740976653,0.08528342366214958,0.07840216133419231,UP,True,68,33.0,IGNORE,NONE,,GREEN,C,WATCHLIST,No standout factor,Finance,30.6
CEMPRO,1276.4,1284.7,1292.3,1263.4,False,False,False,True,False,False,0.13018575570410437,10.070030160000002,0.12659853732127485,False,0.023915252605276615,True,59.36,True,1.1337006655907713,90.0,1.12,0,False,▆▁▃▄▃▆▄▅▇▆▅▅▅▇█▇▄▅▇▇,False,False,False,0,-0.11422623178348368,0.13720598717034926,-0.15096661764514385,0.07654233109477504,FLAT,True,67,33.0,IGNORE,SEED,,GREEN,C,WATCHLIST,"Delivery P90, CMF positive",Industrial Services,37.0
NAVINFLUOR,8206.5,8301.5,8425.0,8140.5,True,True,True,True,False,True,0.38778753156619883,111.14965665,0.38095603754918556,False,0.24230416588174675,False,48.59,False,0.9390460729746444,37.0,-0.22,0,False,▆███▆▆▅▆▁▃▆▅▄▆▆▆▆▇▅▅,False,False,False,1,0.09128989361702122,0.12371628098041909,0.05454950775536105,0.06305262490484487,FLAT,True,65,33.0,IGNORE,NONE,,GREEN,C,WATCHLIST,CMF positive,Process Industries,34.8
ULTRAMAR,418.55,418.0,428.9,415.6,False,True,True,True,True,True,0.324022526326699,1.936672705,0.34510372618381674,False,-0.4896649192754928,False,60.36,False,0.9771417470698698,33.0,-0.4,0,False,▆▇▆▄▄█▅▇█▁▅▄▅▆▅▅▆▅▆▅,False,False,False,3,0.10144736842105262,0.11881849772788011,0.06470698255939245,0.05815484165230589,UP,True,64,33.0,IGNORE,NONE,,GREEN,C,WATCHLIST,No standout factor,Process Industries,34.8
KIRLOSENG,2100.8,2168.0,2168.0,2076.1,True,False,False,True,False,False,0.9708773833252075,94.69124912000001,0.9441005181783197,False,0.10720885009421156,False,56.26,True,1.0451421140627903,87.0,1.03,0,True,▂▃▃▂▁▆▂▅▂▂▅▆█▆▅▄▅▇▃▅,False,False,False,0,-0.03743413516609384,0.1112404125892621,-0.07417452102775401,0.05057675651368787,FLAT,True,63,33.0,IGNORE,SEED,,GREEN,C,WATCHLIST,CMF positive,Producer Manufacturing,33.3
HAVELLS,1268.0,1275.0,1279.5,1259.1,True,False,True,False,False,False,0.5463731521505216,63.1309304,0.5436002335721267,False,0.22303461581946846,False,50.02,False,0.842768567192344,22.0,-0.71,0,True,▃▄▅▁▆▇▄▇▇▅▂▄▂█▂▂▆▅▁▁,False,False,False,12,0.03349906267829472,0.09869162117667463,-0.003241323183365452,0.0380279651011004,FLAT,True,60,33.0,IGNORE,NONE,,GREEN,C,WATCHLIST,CMF positive,Producer Manufacturing,33.3
SUPRAJIT,505.4,514.2,514.2,500.0,True,False,True,True,False,True,0.5438504489294036,4.66741954,0.5288403887987783,False,-0.27951306020178274,False,57.73,True,1.0619843452506874,71.0,0.58,0,True,▆▇▇▅▆▄▆▆▃▃▁▇██▇▇▇█▇▆,False,False,False,12,0.04324491691609045,0.09797957853573758,0.006504531054430274,0.03731592246016335,FLAT,True,59,33.0,IGNORE,NONE,,GREEN,C,WATCHLIST,No standout factor,Producer Manufacturing,33.3
KPRMILL,1151.6,1158.0,1167.5,1137.7,True,True,True,True,False,True,0.78350371740635,25.499993959999998,0.8307716106054176,False,-0.11421352531750438,False,37.57,False,0.8430098841057744,26.0,-0.56,0,True,▆▇▇▆▇▅▇▆▆▅▁▁▅█▆▇▅▄▆▄,False,False,False,0,0.08487988695242565,0.08050290861324827,0.04813950109076548,0.019839252537674046,UP,True,56,33.0,IGNORE,NONE,,GREEN,C,WATCHLIST,No standout factor,Consumer Non-Durables,34.2
ROSSTECH,1074.2,1073.75,1090.0,1058.0,True,True,True,True,False,True,0.3304038265914428,12.815206,0.3427225776770109,False,-0.08537089620959276,False,37.92,False,0.9500782962730974,38.0,-0.21,0,False,█▁▇▅▆▁▄▆▅█▇▆▆▄▆▄▄▇▇▅,False,False,False,7,0.09244381165463245,0.07916415511352226,0.05570342579297227,0.018500499037948037,UP,True,56,33.0,IGNORE,NONE,,GREEN,C,WATCHLIST,No standout factor,Electronic Technology,34.8
SEIL,205.74,210.57,211.5,205.0,True,False,False,True,False,True,1.3576624849734682,6.774462701999999,1.3537904737134308,False,-0.1698834646150386,False,84.55,True,1.2195825580221271,100.0,1.95,0,True,▅▇▅▄▇▇▆▆▅▇▅▆▁▆▆▄▄▃▆█,False,False,False,0,0.013447613418058335,0.07604602510460268,-0.02329277244360184,0.015382369029028453,FLAT,True,55,33.0,IGNORE,SEED,,GREEN,C,WATCHLIST,Delivery P100,Commercial Services,25.4
WEWORK,682.9,691.0,697.0,676.5,True,False,False,True,False,True,0.5290796391259882,8.96818425,0.4960087141283754,False,-0.27695123504396457,False,55.38,True,1.0997150431406815,61.0,0.17,0,True,█▅▄▄▄▄█▅▂▁▆▃▄▆▆▆▅▅▆▆,False,False,False,5,-0.04422673198040594,0.06886836750665215,-0.08096711784206612,0.008204711431077927,FLAT,True,53,33.0,IGNORE,NONE,,GREEN,C,WATCHLIST,No standout factor,Finance,30.6
SUPREMEIND,3642.0,3658.7,3674.8,3606.0,True,True,True,False,False,False,0.761008148367104,56.1181212,0.794515175052433,False,0.0395951687602861,False,46.88,True,1.0730266997791233,38.0,-0.34,0,False,▅▁▄▄▆▅▇▆▅█▅▄▅▅▅▃▆▇▆▅,False,False,False,5,0.05293590447830243,0.04505021520803454,0.016195518616642257,-0.015613440867539685,UP,False,48,33.0,IGNORE,NONE,,GREEN,C,WATCHLIST,CMF positive,Producer Manufacturing,33.3
NOCIL,167.02,162.0,170.0,161.55,False,True,False,False,False,True,0.6432063784334582,11.658196424000002,0.6276560101617331,False,-0.23963993296771796,True,50.68,True,1.0474861778535627,50.0,0.13,0,True,▆▆▅▆▆▁▃▄▄▆▅▆▇▅▆▆▆█▇▆,False,False,False,0,0.04315782899256759,0.03385948622717416,0.006417443130907419,-0.02680416984840006,UP,False,46,33.0,IGNORE,NONE,,GREEN,C,WATCHLIST,No standout factor,Process Industries,34.8
ARVINDFASN,448.35,438.0,451.2,436.35,False,False,False,False,False,False,1.5476469323928959,15.819177885,1.5486097087994668,True,-0.08472424504386787,True,34.74,False,0.600632791023358,2.0,-1.81,0,False,▃▅▅▂▄▅▄▅▅▄▅▅▂▄▄▃▄▄█▁,False,True,False,0,-0.03090889441262279,-0.004109284762327747,-0.06764928027428296,-0.06477294083790197,FLAT,False,36,33.0,IGNORE,NONE,,GREEN,C,WATCHLIST,No standout factor,Retail Trade,32.3
MANINFRA,108.67,110.92,111.0,107.65,True,True,True,False,False,False,0.25781018379154735,6.217488848,0.2568143261984016,False,0.019532874162063965,False,41.18,True,1.0389675921837747,33.0,-0.31,0,True,▃▇▄▆▄▃▁▃▆▅▃▆▁▄▂█▄▄▄▄,False,False,False,0,0.1240173769135291,-0.020814561182195046,0.08727699105186892,-0.08147821725776927,UP,False,31,33.0,IGNORE,NONE,,GREEN,C,WATCHLIST,CMF positive,Finance,30.6
ASTERDM,761.55,765.95,766.35,751.6,True,False,False,True,False,True,0.7071961976721342,266.05152871499996,0.67176461500754,False,-0.0722374607149885,True,49.1,False,0.8739609476513412,37.0,-0.25,0,True,▅▄▅▂▄▄▅▃▁▃▃▄▂▁▃▄▄█▂▃,False,False,False,10,-0.030675237064850758,-0.06552549236149463,-0.06741562292651093,-0.12618914843706885,UP,False,19,33.0,IGNORE,NONE,,GREEN,C,WATCHLIST,No standout factor,Health Services,31.0
DEEPAKFERT,1449.2,1464.2,1465.0,1437.0,True,False,False,True,False,True,0.5177298673328561,36.37028256,0.48258969143963437,False,-0.3673499969965044,True,43.62,True,1.0469344405909107,58.0,0.22,0,True,▅▅▅▁▂▄▂▃▆▇▆▇█▅▅▄▆▇▆▅,False,False,False,1,-0.07882023900330537,-0.06779879068570682,-0.11556062486496554,-0.12846244676128105,UP,False,18,33.0,IGNORE,NONE,,GREEN,C,WATCHLIST,No standout factor,Process Industries,34.8
KIRLPNU,748.8,743.0,752.0,729.7,False,False,False,False,False,False,1.0936408061184535,15.88406976,0.5863632097288382,True,0.09670028301991947,True,45.23,False,0.8494455034603212,17.0,-0.78,0,True,▁▃▃▇▄▆▃▅▂▇▅▅▆█▃▃▄▁▂▁,False,False,False,0,-0.5065893516078017,-0.5245412407136962,-0.5433297374694619,-0.5852048967892705,UP,False,1,33.0,IGNORE,NONE,,GREEN,C,WATCHLIST,CMF positive,Producer Manufacturing,33.3
CEATLTD,3563.4,3589.9,3599.7,3547.6,True,False,False,False,False,False,0.31012326760463577,9.980727060000001,0.30797858733458355,False,0.06253763254442252,True,39.77,False,0.8585645974331575,45.0,-0.1,0,True,▄▅▆▁█▅▄▁▆▄▇▅▇▅▃▂▄▁▂▂,False,False,False,0,0.07054016703719279,0.06871007407851715,0.03379978117553262,0.008046418002942923,UP,True,53,32.0,IGNORE,NONE,,GREEN,C,WATCHLIST,CMF positive,Consumer Durables,32.2
GANDHITUBE,892.35,893.2,900.0,882.6,True,True,True,True,False,True,0.72201790170055,0.8662933800000001,0.7109183533911361,False,0.016963974408590706,True,65.5,False,0.909564311751432,67.0,0.51,0,True,▅▆▇▅▅▅▅▃▆█▆▂▆▁▅▇▇▆▆▄,False,False,False,1,0.028052995391705027,0.0546002481829464,-0.008687390469955147,-0.006063407892627826,FLAT,False,50,32.0,IGNORE,NONE,,GREEN,C,WATCHLIST,CMF positive,Non-Energy Minerals,34.4
ZYDUSLIFE,1136.8,1168.9,1173.3,1135.9,True,False,True,True,False,True,0.5255909429596983,90.24361751999999,0.5168089443362947,False,0.2701046948779764,False,51.65,False,0.9871847554973671,46.0,0.06,0,False,▆▇▆▆▇▁▆▇█▆▆▁▅▅▄▆▆▇▆▅,False,False,False,4,-0.006033050625164016,0.048128342245989275,-0.04277343648682419,-0.012535313829584949,FLAT,False,48,32.0,IGNORE,NONE,,GREEN,C,WATCHLIST,CMF positive,Health Technology,31.5
COCHINSHIP,1480.5,1485.0,1496.6,1461.7,True,True,True,False,False,False,0.7749573228012403,120.9669174,0.7827317904406662,False,0.16255605196473993,False,32.24,False,0.8380229520554178,60.0,0.22,0,True,▅▇█▅███▆▃▅▅▇▄▄▄▂▁▅▆▄,False,False,False,1,0.06327204826199351,0.039457979358281214,0.026531662400333333,-0.02120567671729301,UP,False,47,32.0,IGNORE,NONE,,GREEN,C,WATCHLIST,CMF positive,Producer Manufacturing,33.3
BLS,271.29,275.0,275.92,270.0,True,True,True,False,False,False,0.353881508075552,18.024046407000004,0.3693453987570038,False,0.0915944682295708,False,49.48,True,1.1092180774748923,85.0,0.95,0,False,▄▇▅█▇▇▇▃▆▆▁▅▆▅▄▅▆▄▅▆,False,False,False,2,0.1613441780821918,0.03506295307134688,0.12460379222053164,-0.025600703004227343,UP,False,46,32.0,IGNORE,SEED,,GREEN,C,WATCHLIST,CMF positive,Technology Services,35.4
CPPLUS,3475.5,3490.0,3566.0,3410.0,False,False,True,True,False,True,1.0380148258206991,88.7218689,1.0231041502738203,True,-0.2151446335310193,False,48.25,False,0.8894173164482294,58.0,0.18,0,True,▂▃▁▄▂▁▃▃▃▂▃▂▁▂█▂▁▃▂▂,False,False,False,3,-0.019162386408534182,0.02950324357948997,-0.055902772270194356,-0.031160412496084255,FLAT,False,45,32.0,IGNORE,NONE,,GREEN,C,WATCHLIST,No standout factor,Consumer Durables,32.2
BERGEPAINT,524.4,530.2,530.2,522.0,True,False,True,True,False,True,0.30030375971426965,8.25683532,0.29178258730619194,False,-0.056136912837104674,False,51.56,True,1.0807298489786936,58.0,0.15,0,True,▅▅▃▄▅▅▄▁▃▇▅█▃▄▆▇▅▂▆▅,False,False,False,2,0.053117782909930744,0.017955935164515102,0.01637739704827057,-0.04270772091105912,UP,False,42,32.0,IGNORE,NONE,,GREEN,C,WATCHLIST,No standout factor,Process Industries,34.8
SIMPLEXINF,255.71,257.5,259.48,253.98,True,True,True,True,False,False,0.24205101360538017,0.577009615,0.24459867819058687,False,0.29051212892492445,False,66.28,True,1.135602367837164,73.0,0.56,0,False,▅▅▃▂▅▇▃▄▅▆▁▆▄▂█▆▄▄▆▆,False,False,False,0,0.06879832810867303,-0.006758593901728394,0.03205794224701286,-0.06742224997730262,UP,False,35,32.0,IGNORE,NONE,,GREEN,C,WATCHLIST,CMF positive,Industrial Services,37.0
AWL,188.12,192.0,192.69,187.33,True,False,False,False,False,False,2.497744590134121,116.42154222,2.4543607307972017,False,-0.34082762314517057,False,57.81,True,1.1003464159275191,71.0,0.65,0,True,▄▅▆▅▁▄▄▄▄▃▅▅▅▆█▄▆▄▅▅,False,False,False,0,-0.0002125850340135571,-0.014149460224295085,-0.03695297089567373,-0.07481311629986931,UP,False,33,32.0,IGNORE,DISTRIBUTION,,GREEN,C,WATCHLIST,No standout factor,Process Industries,34.8
JSWDULUX,3118.8,3107.4,3141.8,3072.9,False,True,True,True,False,True,0.9161502277309042,4.592121120000001,0.9299121913629474,False,-0.08510676935575764,False,58.96,True,1.1820487374572721,66.0,0.41,0,True,▂▆▄▇█▆▃▂▅▇▅▃▃▄▅▆▁▅▇▆,False,False,False,0,0.059410985427494234,-0.015654589067036984,0.02267059956583406,-0.07631824514261121,UP,False,33,32.0,IGNORE,NONE,,GREEN,C,WATCHLIST,No standout factor,Process Industries,34.8
BANKINDIA,142.79,142.8,143.9,141.93,True,True,True,True,False,False,0.7381857699458665,76.163157912,0.7487061185112432,False,-0.012466723771453499,False,47.33,True,1.0508086986445833,75.0,0.6,0,True,▂▁▃▄▃▃▅▂▇▄▄▄▂▂▅▁▄██▄,False,False,False,0,0.0011919786846164016,-0.019838001098297697,-0.03554840717704377,-0.08050165717387192,UP,False,31,32.0,IGNORE,NONE,,GREEN,C,WATCHLIST,No standout factor,Finance,30.6
VIPIND,308.35,304.3,316.85,302.4,False,True,True,False,False,False,2.0165964462573567,15.687768775,2.027889328420239,True,-0.12085512089907587,False,48.4,False,0.9120373859953268,38.0,-0.23,0,False,▅█▅▅▆▃▅▆▄▆▆█▅▁▆▃▄▆█▄,False,False,False,0,0.043838862559241853,-0.02095570725511975,0.007098476697581679,-0.08161936333069397,UP,False,31,32.0,IGNORE,NONE,,GREEN,C,WATCHLIST,No standout factor,Consumer Durables,32.2
HSCL,654.4,705.1,711.0,650.0,True,False,False,True,False,False,2.804040075764843,1127.87842464,2.4292261728101834,False,-0.15663338750363698,False,37.79,True,1.1707483309323543,67.0,0.57,0,True,▃▂▃▅▇▃▄▃▄▃▅▄█▆▄█▁▂▅▅,False,False,False,1,-0.17117345323285416,-0.03835415135929465,-0.20791383909451433,-0.09901780743486888,FLAT,False,26,32.0,IGNORE,DISTRIBUTION,,GREEN,C,WATCHLIST,No standout factor,Process Industries,34.8
KANSAINER,205.85,202.51,207.19,200.1,False,True,True,False,False,False,0.7443698764804689,6.11465074,0.7454530929258572,False,0.011425964207680866,True,63.81,True,1.1886887353067195,79.0,0.74,0,False,▂▅▃▆█▃▂▁▆▅▅▄▇▅▅▅▆▆▅▇,False,False,False,1,0.0655313422019772,-0.04919168591224021,0.02879095634031703,-0.10985534198781444,UP,False,23,32.0,IGNORE,NONE,,GREEN,C,WATCHLIST,CMF positive,Process Industries,34.8
GODFRYPHLP,2117.0,2113.6,2120.8,2099.8,False,False,False,False,False,False,0.2788269406862637,39.0870178,0.2704450632679863,False,-0.04208450547573352,False,49.42,True,1.6566658844825852,100.0,2.38,1,False,▃▂▂▆▃▃▂▂▃▄▅▅▄▆▆▅▅▁▂█,True,False,False,0,-0.005916604057099928,-0.07996523250760534,-0.0426569899187601,-0.14062888858317957,UP,False,16,32.0,IGNORE,SEED,DEL49% ▃▂▂▆▃▃▂▂▃▄▅▅▄▆▆▅▅▁▂█ P100 Z+2.4,GREEN,C,WATCHLIST,Delivery P100,Consumer Non-Durables,34.2
JINDALSTEL,1099.0,1098.9,1105.6,1086.0,True,True,False,False,False,True,0.5129235830107579,53.1766536,0.5224791415906572,False,0.047788100675985316,True,45.2,True,1.0458121240166591,60.0,0.12,0,False,▅▄▂▃▃▅▂▃█▂▃▅▄▁▃▂▅▃▁▄,False,False,False,0,0.07219512195121958,-0.08202472435683261,0.0354547360895594,-0.14268838043240684,UP,False,15,32.0,IGNORE,NONE,,GREEN,C,WATCHLIST,CMF positive,Non-Energy Minerals,34.4
IGL,147.87,150.55,151.31,147.66,True,False,False,False,False,False,1.5584478781888818,41.958082925999996,1.5135538476499708,False,-0.28777672817394384,False,63.31,True,1.2446183183596438,90.0,1.09,0,False,▇▇▇▆▆▇▇▇██▇▇▆▃▅▄▇▁▇█,False,False,False,0,-0.009777003950981134,-0.09570694716242667,-0.04651738981264131,-0.1563706032380009,UP,False,12,32.0,IGNORE,DISTRIBUTION,,GREEN,C,WATCHLIST,Delivery P90,Utilities,29.3
BANCOINDIA,623.7,626.95,630.15,619.5,True,False,False,False,False,False,0.6897498868504506,7.047997110000001,0.6755905529694524,False,-0.15710786137471422,False,57.49,True,1.2159861247713022,99.0,1.73,0,True,▃▇▇▅▁▅▅▆▅▅▅▄▇▆█▅▂▇▅█,False,False,False,3,0.025063686416303632,-0.09549706330215346,-0.011676699445356542,-0.15616071937772769,UP,False,12,32.0,IGNORE,SEED,,GREEN,C,WATCHLIST,Delivery P99,Producer Manufacturing,33.3
KALPATARU,283.45,288.9,289.7,280.35,True,False,False,False,False,False,0.9496781939443143,2.97747218,0.9333873364996195,False,0.00701813053155949,True,79.32,True,1.74971874793197,97.0,1.96,1,False,▅▃▄▂▄▄▄▅▅▄▆▂▁▆▁▃▃▇▅█,False,False,False,0,0.06420123897127827,-0.09772401718924073,0.0274608531096181,-0.15838767326481495,UP,False,11,32.0,IGNORE,SEED,DEL79% ▅▃▄▂▄▄▄▅▅▄▆▂▁▆▁▃▃▇▅█ P97 Z+2.0,GREEN,C,WATCHLIST,"Delivery P97, CMF positive",Finance,30.6
OMNI,581.0,574.45,583.95,573.0,False,False,True,True,False,False,0.15105435606839537,21.7765191,0.14094132280291694,False,0.026894934881866516,True,29.85,True,1.0314800096755243,43.0,-0.16,0,False,▅█▅▇█▄▆▂▂▃▂▁▃▃▃▅▄▃▄▄,False,False,False,2,-0.04597701149425293,0.2825607064017661,-0.0827173973559131,0.2218970503261919,FLAT,True,87,31.0,IGNORE,NONE,,GREEN,C,WATCHLIST,CMF positive,Producer Manufacturing,33.3
LOTUSDEV,176.54,176.54,186.3,176.54,True,False,True,True,False,False,1.1333134525205972,107.95029081199999,1.1149154892872097,False,0.3366873668543312,False,44.79,False,0.9765829408686552,41.0,-0.25,0,False,▆▅▅▅▅▁▃▁▂▃▃▃▅▅▂▃▄▃█▄,False,False,False,9,0.22206839263463918,0.27364548012408907,0.185328006772979,0.21298182404851485,FLAT,True,86,31.0,IGNORE,NONE,,GREEN,C,WATCHLIST,CMF positive,Finance,30.6
BHARATSE,228.19,231.0,238.14,226.67,True,False,True,True,False,True,0.469090647816425,5.236595396,0.4630807740093691,False,-0.018595373974475457,False,38.3,True,1.048453326033397,34.0,-0.31,0,True,▇▅▅▄▃▆▁▆▆▅▅▄▃▃▄▇▃█▆▅,False,False,False,0,0.0460713303383149,0.26638548199123147,0.009330944476654723,0.20572182591565724,FLAT,True,85,31.0,IGNORE,NONE,,GREEN,C,WATCHLIST,No standout factor,Producer Manufacturing,33.3
MOL,60.26,61.75,61.75,59.67,True,True,True,True,False,False,0.36152602109368825,6.211733372,0.371547340123845,False,-0.13557498738082813,False,51.86,True,1.204002507371207,50.0,0.07,0,False,▄▄▂▄▆▅▅▆█▆▂▃▄▄▁▄▅▃▄▅,False,False,False,4,0.10650018362100622,0.25882598704825566,0.06975979775934604,0.19816233097268143,FLAT,True,84,31.0,IGNORE,NONE,,GREEN,C,WATCHLIST,No standout factor,Process Industries,34.8
5PAISA,384.25,389.0,391.9,382.05,True,True,True,True,False,True,0.609789951550953,1.827377725,0.6102044909941557,False,-0.10927312344344203,False,44.88,False,0.8710672903363547,46.0,0.04,0,True,▆▆▃▆█▇▇▄▇▆▅▅▅█▂▄▁▁▄▄,False,False,False,4,0.02988474939694452,0.24071682273167583,-0.006855636464715653,0.1800531666561016,FLAT,True,83,31.0,IGNORE,NONE,,GREEN,C,WATCHLIST,No standout factor,Finance,30.6
SANGHVIMOV,479.35,489.65,494.6,477.1,True,False,True,True,False,True,0.40651474917266167,11.944011885,0.4176763221813082,False,-0.026445898520577462,False,48.53,True,1.0713733801355498,65.0,0.42,0,False,▅█▆█▁▁▄▅▆▅▄▅▇▅▅▅▆▆▅▆,False,False,False,6,0.051898178626289315,0.2355973707952057,0.015157792764629141,0.17493371471963148,FLAT,True,82,31.0,IGNORE,NONE,,GREEN,C,WATCHLIST,No standout factor,Finance,30.6
RELTD,167.63,165.01,170.0,164.51,False,True,True,True,False,True,0.6301069440193097,2.1687634140000003,0.6298540590111831,False,-0.10540231238321511,False,56.97,True,1.0610124036205162,69.0,0.42,0,True,▁▅▂▆▆▅▂█▇▆▃▄▆▅█▃▅▇▂▅,False,False,False,0,-0.022280548264800193,0.23257352941176457,-0.05902093412646037,0.17190987333619034,FLAT,True,82,31.0,IGNORE,NONE,,GREEN,C,WATCHLIST,No standout factor,Utilities,29.3
AYE,168.1,170.01,173.7,168.03,True,False,True,True,False,True,0.8536208072973537,8.49932091,0.8351144042465971,False,-0.06369472622847015,False,45.91,True,1.0435158141173528,87.0,0.9,0,True,▄▃▁▃▁▃▄▃▃▃▃▂▂█▄▄▄▂▅▃,False,False,False,0,-0.024376088218224123,0.1987449190615418,-0.0611164740798843,0.13808126298596757,FLAT,True,79,31.0,IGNORE,SEED,,GREEN,C,WATCHLIST,No standout factor,Finance,30.6
ITDC,684.3,687.4,692.0,681.35,True,False,True,True,False,True,0.21712567732089894,5.043291,0.20767630635510934,False,-0.1815216734501497,False,27.98,True,1.1756796504054792,33.0,-0.4,0,True,▅▄▄▆▆▄▇▇▅▆█▇▁▅▅▅█▅▇▆,False,False,False,0,-0.0720097640358015,0.16954366774910268,-0.10875014989746168,0.10888001167352845,FLAT,True,73,31.0,IGNORE,NONE,,GREEN,C,WATCHLIST,No standout factor,Consumer Services,29.9
SPORTKING,213.07,211.6,214.19,206.86,False,True,True,True,False,True,0.1961938010026005,4.749138536999999,0.18937589079637604,False,-0.16506561412939616,False,46.13,False,0.9965220021170421,23.0,-0.67,0,True,▇▇▇▇▄▁▄▆▆▆▇▅▇█▇▇▆▇▅▆,False,False,False,4,-0.0031346495742491376,0.16673967801993195,-0.03987503543590931,0.10607602194435772,FLAT,True,73,31.0,IGNORE,NONE,,GREEN,C,WATCHLIST,No standout factor,Process Industries,34.8
LLOYDSENT,77.59,78.5,79.44,77.17,True,False,True,True,False,True,0.6719270860770987,21.35160415,0.65066339571036,False,-0.10147365738929391,False,22.26,False,0.48977436495451,0.0,-2.18,0,True,▅▅▅▆▅▅▅▅▅▅▇▂▆▇▄▅▃█▄▁,False,False,False,6,-0.005766273705791969,0.15927088002390555,-0.04250665956745214,0.09860722394833132,FLAT,True,71,31.0,IGNORE,NONE,,GREEN,C,WATCHLIST,No standout factor,Distribution Services,31.7
AVL,601.35,617.85,617.85,595.45,True,False,False,True,False,True,0.9714026114726833,9.958776945,0.9375459296603713,False,0.158202310052274,False,64.94,True,1.3026558613495949,87.0,1.14,0,False,▄▅▃█▁▂▃▄▄▄▅▃▆▅▃▄▇▆▇▇,False,False,False,0,-0.015874314704197534,0.12004097597317953,-0.05261470056585771,0.05937731989760531,FLAT,True,64,31.0,IGNORE,SEED,,GREEN,C,WATCHLIST,CMF positive,Retail Trade,32.3
DIFFNKG,401.45,404.05,405.5,400.05,True,True,True,True,False,True,0.11799151512737267,1.1890949,0.11827722804811726,False,-0.14863641705593678,False,59.68,True,1.3630394317623815,83.0,0.87,0,False,▅▅▇▆▆▅▅▇▂▅▅▃▆▁▄▃▇▄▇█,False,False,False,4,0.015429366384216436,0.10974429854872136,-0.021311019477443738,0.04908064247314714,FLAT,True,62,31.0,IGNORE,NONE,,GREEN,C,WATCHLIST,No standout factor,Producer Manufacturing,33.3
ESTER,95.14,96.0,97.68,94.7,True,True,True,False,False,False,0.19062392233581857,0.556407262,0.18198062679594926,False,0.19829741694355904,False,56.25,True,1.0272846811308352,60.0,0.31,0,False,▅▃▇▅▆▆█▇▆▇▁▂▅▂▆▇▇▆▆▆,False,False,False,2,0.07466395572122453,0.07490679019319835,0.037923569859564354,0.014243134117624123,UP,True,55,31.0,IGNORE,NONE,,GREEN,C,WATCHLIST,CMF positive,Process Industries,34.8
VISHNU,629.25,626.0,634.4,625.0,False,True,True,True,False,True,0.3365270530599747,2.489753475,0.34403066853248604,False,-0.21180929816202118,False,61.78,True,1.0563482632150398,85.0,0.96,0,True,▃▄▅▄▅▄▆▆▅▅▆▅▇█▅▅▁▆▅▆,False,False,False,2,-0.0049810246679315995,0.0666158148995677,-0.041721410529591774,0.00595215882399347,FLAT,True,53,31.0,IGNORE,SEED,,GREEN,C,WATCHLIST,No standout factor,Process Industries,34.8
WENDT,8182.5,8137.0,8270.0,8100.0,False,True,True,True,False,False,0.7811098830055682,6.12951075,0.7827572527279171,False,-0.28813580422071294,False,49.39,False,0.975238922675934,27.0,-0.47,0,True,▂▁▇▄▆█▇▆▅▆▄▆▆▇▆▆▆▄▇▅,False,False,False,6,0.01337544120378964,0.06522163639914069,-0.023364944657870534,0.004557980323566468,FLAT,True,52,31.0,IGNORE,NONE,,GREEN,C,WATCHLIST,No standout factor,Producer Manufacturing,33.3
AJAXENGG,565.65,568.7,568.75,560.85,True,False,False,True,False,False,0.4316649906908671,1.839324105,0.4246782557599589,False,0.08903508813936789,True,59.57,True,1.0020774982547334,63.0,0.2,0,True,▂▅▃▂▅▃▅▁█▁▃▇▇█▃▂▅▂▆▄,False,False,False,1,-0.003435517970401758,0.03164326098851,-0.04017590383206193,-0.02902039508706422,FLAT,False,45,31.0,IGNORE,NONE,,GREEN,C,WATCHLIST,CMF positive,Producer Manufacturing,33.3
VIDYAWIRES,86.63,87.4,87.9,85.2,True,False,False,True,False,False,0.6868280458591078,5.367837364,0.6476725018289409,False,-0.1610152848402689,True,59.15,True,1.0592195978009777,92.0,1.42,0,True,▂▆▂▃▄▇▄▆▆▇▅▃▆█▁▆█▃▄▆,False,False,False,0,-0.01556818181818187,0.021098538425271096,-0.052308567679842044,-0.03956511765030313,FLAT,False,43,31.0,IGNORE,SEED,,GREEN,C,WATCHLIST,Delivery P92,Non-Energy Minerals,34.4
GREENPLY,293.5,285.15,297.5,284.8,False,True,True,True,False,True,0.8920696417417691,6.24365485,0.8987490784275435,False,-0.18196376819421267,True,47.88,False,0.8688314869756933,41.0,-0.13,0,True,▁▃▃▂▂▁▅█▇▃▅▅▃▃▅▂█▃▃▃,False,False,False,0,-0.01559617642126443,0.008660389030173743,-0.052336562282924604,-0.05200326704540048,FLAT,False,39,31.0,IGNORE,NONE,,GREEN,C,WATCHLIST,No standout factor,Producer Manufacturing,33.3
CARRARO,531.4,528.9,538.4,524.0,False,True,False,True,False,True,0.7187459088712241,5.82031792,0.732606662376536,False,-0.14789442464532332,True,46.72,False,0.7756674193119936,33.0,-0.34,0,True,▃▅▄▂█▅▄▅▄▃▄▂▆▁▂▂▃▃▄▁,False,False,False,0,-0.004868913857677959,0.010458262027001286,-0.04160929971933813,-0.05020539404857294,UP,False,39,31.0,IGNORE,NONE,,GREEN,C,WATCHLIST,No standout factor,Producer Manufacturing,33.3
BENGALASM,6287.0,6187.0,6287.0,6127.0,False,True,True,True,False,True,0.6656465187452181,0.1093938,0.6725067412785718,False,-0.29528922789569884,True,72.91,True,1.2304239233157825,63.0,0.36,0,False,▆▅▇▅▆▆▁▁▃▄▃▃▇▅▇▅██▅▆,False,False,False,0,0.013705256368913288,-0.017809717231682565,-0.023035129492746886,-0.07847337330725679,UP,False,32,31.0,IGNORE,NONE,,GREEN,C,WATCHLIST,No standout factor,Consumer Durables,32.2
APTUS,257.75,254.0,258.8,253.6,False,False,False,False,False,False,0.7722365163411457,20.573630775,0.7628878573204457,False,-0.2898644708189514,True,70.08,True,1.2146527892123302,96.0,1.54,0,True,▄▄▄▆▁▄▆▅▇▆▇▆█▇▆▅▅▇▆█,False,False,False,0,-0.06999819592278544,-0.05134339344865657,-0.10673858178444562,-0.1120070495242308,UP,False,22,31.0,IGNORE,SEED,,GREEN,C,WATCHLIST,Delivery P96,Finance,30.6
J&KBANK,149.01,148.19,149.5,147.25,False,False,False,True,False,False,0.19111332955899415,15.301479275999998,0.18170616246279953,False,-0.22794571854485587,True,56.38,True,1.3036139563920552,91.0,1.3,0,True,▆▆▃▁▅▆▇▄▄█▆▃▅▄▆█▅▇▇█,False,False,False,0,-0.1365243089760677,-0.05330368487928849,-0.17326469483772788,-0.11396734095486272,FLAT,False,22,31.0,IGNORE,SEED,,GREEN,C,WATCHLIST,Delivery P91,Finance,30.6
RALLIS,212.18,213.4,213.4,211.3,True,False,False,False,False,False,0.7059713521482425,11.890482328000001,0.6971825821008513,False,-0.16903574823893086,True,59.68,True,1.1239277206000056,92.0,1.15,0,True,▂▅▁▂▃▇▆▇▇▅▄█▇▃▃▂▃▃▄▆,False,False,False,0,-0.029901243599122163,-0.07251824977051191,-0.06664162946078234,-0.13318190584608613,UP,False,17,31.0,IGNORE,SEED,,GREEN,C,WATCHLIST,Delivery P92,Process Industries,34.8
TIINDIA,2885.8,2949.0,2949.0,2843.9,True,True,False,True,False,False,0.406833425814574,65.1988794,0.4114163323164611,False,0.2970951318245741,True,41.1,False,0.875576527731916,17.0,-0.94,0,False,▆▅▇▇▇▅▆▅█▆▇▆▇▅▄▃▁▃▅▅,False,False,False,0,0.042934586194434576,-0.08148195302056149,0.006194200332774402,-0.14214560909613572,UP,False,15,31.0,IGNORE,NONE,,GREEN,C,WATCHLIST,CMF positive,Non-Energy Minerals,34.4
PRSMJOHNSN,107.97,109.1,109.38,106.36,True,False,False,False,False,False,0.1822482715148234,9.554124939,0.17772621126918198,False,-0.5025595775086162,True,91.03,True,2.1869331763744913,100.0,2.85,1,False,▅▅▅▄▅▅▆▄▅▁▃▂▃▃▆▅▅▁▂█,False,False,False,0,-0.00046287724495464033,-0.08414623801849186,-0.037203263106614815,-0.14480989409406608,UP,False,14,31.0,IGNORE,SEED,DEL91% ▅▅▅▄▅▅▆▄▅▁▃▂▃▃▆▅▅▁▂█ P100 Z+2.9,GREEN,C,WATCHLIST,Delivery P100,Non-Energy Minerals,34.4
FAZE3Q,498.9,493.3,505.85,490.0,False,False,False,False,False,False,1.1222790123255606,2.4050971199999998,1.0627607452762988,True,-0.4234719510047603,True,76.05,True,1.1842750694914859,98.0,1.84,0,True,▇▆▆▆▇▆▇█▆▅▅▁▅▆▆▅▆▅▇▇,False,False,False,0,-0.08785080903190434,-0.08509077571978729,-0.12459119489356452,-0.14575443179536152,UP,False,14,31.0,IGNORE,SEED,,GREEN,C,WATCHLIST,Delivery P98,Process Industries,34.8
TEMBO,58.3,58.2,59.75,57.55,False,False,False,False,False,False,1.569408965700666,10.69890118,0.8754306792816324,True,-0.49559694392861575,True,24.57,False,0.6689263690938049,5.0,-1.66,0,False,▃▃█▇██▇▁▄▅▅▄▄▇▅▂▅▃▇▃,False,True,False,0,-0.8891845656719255,-0.8931451612903226,-0.9259249515335857,-0.9538088173658968,UP,False,0,31.0,IGNORE,NONE,,GREEN,C,WATCHLIST,No standout factor,Producer Manufacturing,33.3
AEGISVOPAK,276.3,268.7,277.85,266.75,False,False,True,True,False,True,0.7400551956806772,23.48486451,0.706981690270598,False,0.02101638606446538,False,35.51,False,0.9360255159870311,23.0,-0.67,0,True,▅▂▄▅▆▅▆▆▁▄█▄▇▅▆▅▃▇▆▄,False,False,False,2,-0.055836522689994394,0.26830387881569906,-0.09257690855165457,0.20764022274012484,FLAT,True,85,30.0,IGNORE,NONE,,GREEN,C,WATCHLIST,CMF positive,Transportation,24.2
AURUM,227.82,229.95,232.0,226.2,True,True,True,True,False,True,0.3402204802183902,1.880175678,0.3492610458414324,False,-0.12757552307679196,True,58.52,True,1.1733686226152165,49.0,0.13,0,False,▅▁▆▆▇▇▁▅▃▇▇▆▅▆▂▆▆▆█▆,False,False,False,0,0.029694915254237175,0.2422705709144446,-0.007045470607422999,0.18160691483887037,FLAT,True,83,30.0,IGNORE,NONE,,GREEN,C,WATCHLIST,No standout factor,Technology Services,35.4
BLUEJET,596.15,595.4,601.45,591.0,False,True,True,True,False,False,0.33428177337248277,23.680031839999998,0.33535276894350013,False,-0.1278062558083213,True,48.88,False,0.9770430854412985,50.0,0.06,0,True,▅▆▇▆█▁▃▅▃▅▇▆▅▆▇▆▆▆▆▅,False,False,False,1,0.051596401481742715,0.16321951219512187,0.014856015620082541,0.10255585611954765,FLAT,True,72,30.0,IGNORE,NONE,,GREEN,C,WATCHLIST,No standout factor,Health Technology,31.5
JUBLINGREA,718.35,724.6,724.6,705.4,True,False,True,True,False,True,0.9817338557671437,20.681224665000002,0.9607260881040239,False,-0.11862682212811954,True,52.67,False,0.988467565614766,64.0,0.28,0,True,▃▃▅▅▅▃▄▆▄▂▆▁▇▇█▆▄▆▂▄,False,False,False,2,-0.009923506305561158,0.1523099133782484,-0.04666389216722133,0.09164625730267417,FLAT,True,70,30.0,IGNORE,NONE,,GREEN,C,WATCHLIST,No standout factor,Process Industries,34.8
COHANCE,463.0,477.9,481.05,457.0,True,True,True,False,False,False,1.2720741239885904,75.8494471,1.3034983662069455,False,0.047720896078822704,False,38.18,False,0.8241770102536427,29.0,-0.46,0,True,▄▅▅▆▇▅▅▅▁█▅▂▅▄▅▂▂▄▁▃,False,False,False,2,0.11004555262526972,0.08443611664129302,0.07330516676360954,0.0237724605657188,UP,True,57,30.0,IGNORE,NONE,,GREEN,C,WATCHLIST,CMF positive,Health Technology,31.5
LLOYDSME,1864.5,1891.4,1899.9,1849.5,True,False,False,True,False,True,0.5333694478731761,64.2517887,0.4987695533794758,False,-0.10575539494208827,False,59.68,True,1.1200045040395605,86.0,0.92,0,True,▅▅▆▅▂▇▆█▄▆▅▁▆▆▇▅█▅▇▇,False,False,False,9,-0.03916516361762434,0.05823258981781021,-0.07590554947928452,-0.002431066257764014,FLAT,False,50,30.0,IGNORE,SEED,,GREEN,C,WATCHLIST,No standout factor,Non-Energy Minerals,34.4
TRAVELFOOD,1307.2,1316.0,1323.7,1302.5,True,False,False,True,False,True,0.3145712778076847,4.63284752,0.2940538328762173,False,0.052657159174979803,False,56.96,True,1.0790228932437937,57.0,0.02,0,False,▇▅█▆█▇▆▆▅▁▅▆▆▅▅▆▇▆▆▆,False,False,False,4,0.01624815361890697,0.05275026173793984,-0.020492232242753206,-0.007913394337634383,FLAT,False,49,30.0,IGNORE,NONE,,GREEN,C,WATCHLIST,CMF positive,Consumer Services,29.9
MANKIND,2384.0,2385.0,2407.2,2365.6,True,False,False,True,False,True,0.7858324388790188,81.8334224,0.7571804722838987,False,-0.2548131957971978,False,67.44,True,1.2484727313117852,85.0,1.05,0,True,▄▃▃▂▃▅▅▃▆▄▄▅█▄▂█▅▁▆▇,False,False,False,4,-0.07578988176003099,0.0112836175447526,-0.11253026762169116,-0.049380038530821624,FLAT,False,39,30.0,IGNORE,SEED,,GREEN,C,WATCHLIST,No standout factor,Health Technology,31.5
MFSL,1585.0,1572.5,1590.0,1561.3,False,True,True,False,True,False,0.5132907680455108,72.098797,0.5327942293430226,False,0.10148019397734268,False,51.52,False,0.8794735449509651,19.0,-0.78,0,False,▅▇▆█▇▅▆▅▇▆▅▅▄▆▁▅▇▃▆▅,False,False,False,0,0.045859452325965,0.0037998733375554927,0.009119066464304826,-0.05686378273801873,UP,False,38,30.0,IGNORE,NONE,,GREEN,C,WATCHLIST,CMF positive,Finance,30.6
PASHUPATI,87.26,86.5,88.29,86.5,False,True,True,True,True,True,0.209535561535611,0.19218142400000002,0.21546668048740603,False,-0.5150129099284766,False,42.89,False,0.7118849431936065,28.0,-0.73,0,True,▄▅▅▇▅▇████▆▅▆▁▃▅▄▃▃▄,False,False,False,0,0.0019520036743598812,-0.012560823808984933,-0.03478838218730029,-0.07322447988455916,UP,False,33,30.0,IGNORE,NONE,,GREEN,C,WATCHLIST,No standout factor,Process Industries,34.8
TITAGARH,843.55,853.1,864.5,840.0,True,True,True,True,False,True,0.9677179816875531,30.286228714999996,0.9701392709389199,False,-0.08615779186562507,False,31.24,False,0.8451466291526891,45.0,-0.12,0,True,▄▅▂▁▆▂▆▄▄▅▅▆█▃▆▆▄▄▃▃,False,False,False,0,0.029409970101897498,-0.017585745064927494,-0.007330415759762676,-0.07824940114050172,UP,False,32,30.0,IGNORE,NONE,,GREEN,C,WATCHLIST,No standout factor,Producer Manufacturing,33.3
SIYSIL,606.35,635.0,645.5,599.95,True,False,False,False,False,False,3.4645607493261315,12.044960845,3.3390814307735885,False,-0.11015800935734965,False,43.55,False,0.7760433372536442,26.0,-0.6,0,True,▃▄▄▂▁▆▄▄▄▆▅▁▆█▅▁▄▄▆▁,False,True,True,3,-0.005086553449831888,-0.01877174528683556,-0.04182693931149206,-0.07943540136240979,UP,False,32,30.0,IGNORE,DISTRIBUTION,,GREEN,C,WATCHLIST,No standout factor,Process Industries,34.8
SCI,290.55,292.45,294.7,290.0,True,False,False,True,False,False,0.3460782787524317,30.852690960000004,0.33862612656997554,False,-0.22224922919457157,False,41.57,True,1.1162428506216266,90.0,1.28,0,True,▄▂▄▃▅█▁▄▇▁▆▃▅▃▆█▃▂▆▆,False,False,False,0,0.05616139585605229,-0.021881838074398252,0.019421009994392113,-0.08254549414997248,UP,False,31,30.0,IGNORE,SEED,,GREEN,C,WATCHLIST,Delivery P90,Transportation,24.2
SAIPARENT,540.1,546.15,546.2,539.0,True,False,False,True,False,True,0.4517138250195196,3.1418697200000003,0.44103513348702494,False,-0.006875372512749561,False,78.55,True,1.3904377533499725,90.0,1.54,0,True,▂▄▁▅▃▂▄▄▂▂▃▄▁▃▅▃▅▅▆█,False,False,False,0,0.0018549434242256524,-0.03268559147488137,-0.03488544243743452,-0.0933492475504556,UP,False,28,30.0,IGNORE,SEED,,GREEN,C,WATCHLIST,Delivery P90,Health Technology,31.5
BANKBARODA,248.49,248.0,250.79,247.5,False,True,False,False,False,False,0.8545396710810497,190.68521254200002,0.8610952176700051,False,-0.013625804778903051,False,61.28,True,1.2025117739403455,97.0,1.7,0,True,▁▃▇▄█▆▄▆▅▄▆█▅▇▄▄▅▅▇▇,False,False,False,0,0.006847649918962695,-0.05445205479452053,-0.02989273594269748,-0.11511571087009476,UP,False,22,30.0,IGNORE,SEED,,GREEN,C,WATCHLIST,Delivery P97,Finance,30.6
SAIL,173.46,174.9,177.0,173.02,True,True,True,True,False,False,0.8530133965138995,254.70075422400004,0.8650707400809062,False,0.09620741686534905,False,38.54,False,0.9209850286164912,48.0,-0.09,0,False,▄▅▄▄▇▆▂▇▂█▂▃▆▆▁▆▆▆▄▄,False,False,False,0,0.07438835552802736,-0.057743495029605074,0.03764796966636719,-0.1184071511051793,UP,False,21,30.0,IGNORE,NONE,,GREEN,C,WATCHLIST,CMF positive,Non-Energy Minerals,34.4
GICRE,355.75,361.75,362.0,355.35,True,False,False,False,False,True,1.1940292889573978,21.442013025,1.1914346040087107,False,-0.3041760707675441,False,67.95,True,1.2068307151293414,96.0,1.64,0,True,▄▆▄▇▇▄█▁▂▇█▄▅▁▅▆▆▄▄█,False,False,False,0,-0.004895104895104918,-0.06196440342781806,-0.04163549075676509,-0.12262805950339228,UP,False,20,30.0,IGNORE,SEED,,GREEN,C,WATCHLIST,Delivery P96,Finance,30.6
ADVAIT,2090.0,2131.4,2131.4,2075.0,True,False,False,True,False,True,0.3914029306151899,4.376251,0.370791922252054,False,-0.19639385722990915,False,55.24,True,1.1603457511054165,93.0,1.33,0,True,▆▇▄▇▆█▆▇▅▂▅▃▇▅▃▃▁▇▃▇,False,False,False,0,-0.07111111111111112,-0.06487695749440714,-0.1078514969727713,-0.12554061356998136,UP,False,19,30.0,IGNORE,SEED,,GREEN,C,WATCHLIST,Delivery P93,Producer Manufacturing,33.3
NMDC,84.61,84.19,85.43,83.49,False,False,False,True,False,True,1.0303126116880983,159.62357610499998,1.0272183700983437,True,0.10092987086588807,False,45.68,False,0.8923530733241519,52.0,0.04,0,False,▆▅▅▆▇▆▅▆▄▅▁▆█▇▂▁▄▅▄▃,False,False,False,0,0.012565820966969898,-0.06950401407676243,-0.024174564894690276,-0.13016767015233666,UP,False,18,30.0,IGNORE,NONE,,GREEN,C,WATCHLIST,CMF positive,Non-Energy Minerals,34.4
TATASTEEL,183.49,184.0,184.19,180.0,True,False,False,False,False,False,0.7359502768539402,284.404123743,0.7196472670711396,False,0.05963268718630407,False,63.21,True,1.2186352287953421,97.0,2.04,0,False,▆▅▄▁▅▅▇▇▅▃▅▇▇▇▂▄▆▅▆█,False,False,False,0,-0.012910861262036555,-0.12860331481217635,-0.04965124712369673,-0.18926697088775057,UP,False,7,30.0,IGNORE,SEED,,GREEN,C,WATCHLIST,"Delivery P97, CMF positive",Non-Energy Minerals,34.4
WALCHANNAG,227.09,226.8,231.76,226.5,False,False,False,True,False,False,1.3199687587302917,19.69415316,1.309968056958648,True,-0.32055442852004606,False,37.1,False,0.8525795702631277,41.0,-0.3,0,True,▆▇▆▁▃▅▄▅▅▆▅▆▄█▅▅▆▂▄▃,False,True,False,0,-0.04221847321805139,-0.14450932378979087,-0.07895885907971156,-0.2051729798653651,UP,False,6,30.0,IGNORE,NONE,,GREEN,C,WATCHLIST,No standout factor,Producer Manufacturing,33.3
IVALUE,286.8,278.35,292.0,278.0,False,True,True,True,False,True,0.8560862200608393,7.1757646799999995,0.8803881813430398,False,-0.06587500467010907,False,59.03,False,0.9770347995200067,68.0,0.48,0,True,▃▂▅▁▁▅▇▇▇█▄▄▆▆▅█▅▃▂▄,False,False,False,0,-0.0031282586027110426,0.24571081092820224,-0.03986864446437122,0.18504715485262802,FLAT,True,83,29.0,IGNORE,NONE,,GREEN,C,WATCHLIST,No standout factor,Technology Services,35.4
RAMCOIND,347.0,359.8,360.05,346.0,True,False,True,True,False,True,0.12797087192144033,6.1028972,0.11923415428717771,False,0.2099805908783676,False,35.03,False,0.8655045894227087,10.0,-1.22,0,False,▄▅▇▇▅▇█▇▅█▁▂▄▄▄▅▅▅▅▅,False,False,False,1,0.05423059395412433,0.18998628257887518,0.017490208092464155,0.12932262650330095,FLAT,True,77,29.0,IGNORE,NONE,,GREEN,C,WATCHLIST,CMF positive,Non-Energy Minerals,34.4
ETHOSLTD,2840.5,2857.6,2884.0,2822.5,True,True,True,True,False,True,0.10631008717701335,5.28645455,0.10405189971337668,False,-0.05067383851131079,False,49.2,True,1.2232415902140674,46.0,-0.15,0,False,▇███▇▁▂▃▅▆▇▆█▇▇▇▄▇▇▇,False,False,False,1,0.10835804588731057,0.18759929760013372,0.0716176600256504,0.1269356415245595,FLAT,True,77,29.0,IGNORE,NONE,,GREEN,C,WATCHLIST,No standout factor,Retail Trade,32.3
LALPATHLAB,1894.2,1894.0,1914.8,1880.0,False,True,True,True,False,True,0.19653998010195825,18.88555284,0.19967094875940514,False,-0.0805583671256792,False,48.04,False,0.8448450208837107,18.0,-0.79,0,False,▁█▅▇▆█▆▆▆▇▅█▇█▆▄▆█▆▅,False,False,False,14,0.07673942701227832,0.1827661567280674,0.03999904115061814,0.12210250065249317,FLAT,True,76,29.0,IGNORE,NONE,,GREEN,C,WATCHLIST,No standout factor,Health Services,31.0
ABREL,1406.3,1459.9,1465.0,1386.5,True,True,True,False,False,False,2.514058013138342,56.13682402999999,2.51447285434319,False,-0.18187613203151956,False,51.52,True,1.095703955763505,67.0,0.45,0,True,▂▂▄▄▁▃▃▁▄█▂▅▄▁▃▃▄▃▅▄,False,False,True,1,0.023359045262698164,0.17348130841121479,-0.01338134059896201,0.11281765233564056,FLAT,True,74,29.0,IGNORE,DISTRIBUTION,,GREEN,C,WATCHLIST,No standout factor,Process Industries,34.8
ORISSAMINE,4617.5,4630.2,4780.0,4574.9,True,True,True,True,False,False,0.24381733891159318,6.9696545,0.24182013147935488,False,-0.14487510420561558,False,37.33,False,0.8714123977263444,29.0,-0.56,0,False,▆▄▂▆█▇▅▆▅▆▅▇▁▁▃▅▅▆▆▄,False,False,False,7,0.2323191886842808,0.14920358387257338,0.19557880282262063,0.08853992779699915,UP,True,70,29.0,IGNORE,NONE,,GREEN,C,WATCHLIST,No standout factor,Non-Energy Minerals,34.4
YATRA,116.93,114.76,119.7,113.6,False,True,True,False,False,False,1.431964889363663,38.650533306,1.4608919832651595,True,0.28948872897876515,False,30.65,False,0.7540624654029252,39.0,-0.3,0,False,▆▄▅▆▅█▇▇██▃▁▃▂▄▂▃▇▃▃,False,False,False,1,0.08600352930249833,0.13370176459181704,0.04926314344083815,0.07303810851624282,FLAT,True,67,29.0,IGNORE,NONE,,GREEN,C,WATCHLIST,CMF positive,Consumer Services,29.9
MUTHOOTMF,210.87,214.0,216.69,210.0,True,False,False,True,False,False,0.3491300387746805,5.501260908,0.33005845806697953,False,-0.4829911573171562,False,52.86,True,1.0848862983334702,67.0,0.44,0,True,▅▆▃▆▆█▇▅▃▁▅▄█▆▅▄▆▇▇▆,False,False,False,3,-0.1568909679740914,0.12404051172707886,-0.19363135383575159,0.06337685565150464,FLAT,True,65,29.0,IGNORE,NONE,,GREEN,C,WATCHLIST,No standout factor,Finance,30.6
LXCHEM,173.21,174.51,174.99,172.99,True,False,True,True,False,False,0.1122410354648193,3.843062233,0.10464746726860542,False,-0.2222699634165454,False,53.09,True,1.3391517108300017,79.0,0.73,0,True,▃▃▇▁▂▃▂▅▅▅▃▅▆▃▂▄▆▅▅█,False,False,False,3,-0.04975861312266838,0.12561736417988056,-0.08649899898432856,0.06495370810430634,FLAT,True,65,29.0,IGNORE,NONE,,GREEN,C,WATCHLIST,No standout factor,Process Industries,34.8
MASTEK,1705.2,1710.4,1722.9,1670.0,False,False,False,False,False,False,0.8725317810493207,16.347922920000002,0.8102114703457186,False,0.16571020154841348,False,48.04,True,1.0925755353142519,56.0,0.05,0,False,▇▁▃▄▅▄▆▅▄▂▅▇▃▆▆▆▇▇█▆,False,False,False,3,0.008457034715240397,0.08101939901103083,-0.028283351146419777,0.02035574293545661,FLAT,True,57,29.0,IGNORE,NONE,,GREEN,C,WATCHLIST,CMF positive,Technology Services,35.4
HEIDELBERG,158.98,160.9,161.45,158.52,True,True,True,False,False,False,1.4572180288756176,1.786156198,1.4773886447578555,False,-0.1474129899742802,False,69.08,True,1.1141396384045934,89.0,1.0,0,True,▇█▁▇▇▆▄▆▅▅▅▅▆▇▇▆▇█▆▇,False,False,False,3,0.01643117447733511,0.06676508085620347,-0.020309211384325065,0.00610142478062925,FLAT,True,53,29.0,IGNORE,SEED,,GREEN,C,WATCHLIST,No standout factor,Non-Energy Minerals,34.4
GPPL,163.54,164.79,165.24,163.0,True,True,True,True,False,False,0.46315069529452413,15.409049525999999,0.4883958789203039,False,-0.30956188837693316,False,54.44,False,0.9649060616802552,62.0,0.27,0,False,▇▇▅▅▅▆▆▅▇▆▇██▁▅▅▅▅▆▅,False,False,False,6,0.09589224686725184,0.06277618923836759,0.059151861005591666,0.002112533162793362,UP,True,52,29.0,IGNORE,NONE,,GREEN,C,WATCHLIST,No standout factor,Transportation,24.2
MAHSCOOTER,13131.0,13138.0,13258.0,13102.0,True,False,True,False,False,False,0.3881267439938553,2.6209476,0.38231428890274693,False,0.07859571784235732,False,62.47,True,1.2791269093738482,88.0,1.13,0,False,▆▇▁▇▆▄▅▆▅▅▆▆▇▇▇▆▆▆▇█,False,False,False,6,0.03622159090909083,0.06453182002432101,-0.0005187949525693458,0.0038681639487467834,FLAT,True,52,29.0,IGNORE,SEED,,GREEN,C,WATCHLIST,CMF positive,Producer Manufacturing,33.3
DISAQ,11848.0,11730.0,11848.0,11659.0,False,False,False,False,False,True,0.6010928961748634,0.4300824,0.5938248196733862,False,0.12805954198958058,False,38.42,True,1.014751132416835,60.0,0.06,0,True,▃▂▂▁▂▄▅▅▆▂▃▆▅▆▇▂▅█▄▄,False,False,False,1,-0.024855967078189267,0.0629822357796519,-0.06159635293984944,0.0023185797040776723,FLAT,True,52,29.0,IGNORE,NONE,,GREEN,C,WATCHLIST,CMF positive,Producer Manufacturing,33.3
PARKHOSPS,275.0,273.8,275.5,269.25,False,False,False,True,False,True,0.7342689656886257,12.43198,0.7093943646236684,False,-0.1673081250004781,True,59.61,True,1.1382579554893593,88.0,1.21,0,True,█▇▅▇▃▁▂▆▆▅▆▃█▇██▇█▆▇,False,False,False,0,-0.027925061859314204,0.006404391582799596,-0.06466544772097438,-0.05425926449277463,FLAT,False,38,29.0,IGNORE,SEED,,GREEN,C,WATCHLIST,No standout factor,Health Services,31.0
AMBER,7350.0,7275.0,7385.0,7261.0,False,True,False,False,False,False,0.5261747014277054,125.225625,0.5331389168257322,False,-0.13159784611062708,True,35.51,True,1.0522416807419919,67.0,0.34,0,True,▄▆▁▁▃▅▃▇▆▂▇▃▆▆▁▅█▄▆▅,False,False,False,0,0.012187564552778252,-0.009433962264150941,-0.024552821308881922,-0.07009761833972517,UP,False,34,29.0,IGNORE,NONE,,GREEN,C,WATCHLIST,No standout factor,Producer Manufacturing,33.3
NUCLEUS,740.4,733.3,742.9,730.65,False,True,True,False,False,False,0.7172915694488866,2.53224204,0.7454526673246066,False,-0.25365185440645144,True,56.04,True,1.064731252256189,54.0,0.18,0,True,█▆▆▃▃▆▅▇▂▆▃█▅▁█▅▅▆▆▆,False,False,False,0,0.02187564695328148,-0.013851891315929676,-0.014864738908378694,-0.0745155473915039,UP,False,33,29.0,IGNORE,NONE,,GREEN,C,WATCHLIST,No standout factor,Technology Services,35.4
HINDOILEXP,156.2,159.85,160.7,155.55,True,False,False,False,False,True,0.9037056159865442,7.152038739999999,0.8876978180441639,False,-0.11600162803049745,True,54.02,True,1.1300664191203391,70.0,0.66,0,True,▆▅▅▃▁▄▅▆▆▆▆▅▆▃▆▆▄█▄▆,False,False,False,0,-0.03604048383115277,-0.056364405243762516,-0.07278086969281294,-0.11702806131933674,UP,False,21,29.0,IGNORE,NONE,,GREEN,C,WATCHLIST,No standout factor,Energy Minerals,40.7
HDFCLIFE,538.0,539.5,540.0,535.6,True,False,False,False,False,False,0.22371972783622468,41.4968008,0.22015811299215238,False,0.14108505821583148,True,50.61,False,0.8640057361376673,16.0,-0.96,0,True,▃▃▁██▆▄▇▆▄▄▇▇▅▄▄▅▇▂▃,False,False,False,0,-0.04550696354120465,-0.06230936819172117,-0.08224734940286482,-0.1229730242672954,UP,False,20,29.0,IGNORE,NONE,,GREEN,C,WATCHLIST,CMF positive,Finance,30.6
SUNCLAY,1284.1,1286.0,1289.6,1268.1,False,True,False,False,False,False,1.0614932335576666,1.68306987,1.0629135024870056,True,-0.39617728514264144,True,87.85,True,1.4964781234828677,99.0,2.41,0,False,▆▁▃▅▄▅▅▅▅▅▅▄▆▄▄▆▄█▇█,False,False,False,0,-0.058025234741784115,-0.06016248261728763,-0.09476562060344429,-0.12082613869286185,UP,False,20,29.0,IGNORE,SEED,,GREEN,C,WATCHLIST,Delivery P99,Producer Manufacturing,33.3
LANDMARK,504.95,508.4,514.65,498.05,True,False,True,True,False,False,0.3018558147812884,4.47476591,0.2819417552401117,False,0.011288796998562806,False,44.39,True,1.257008551849125,36.0,-0.32,0,False,▂▄▆▂▂▁▃▄▂▂█▄▁▄▃▅▆█▇▇,False,False,False,10,-0.015308112324492917,0.19387634472159831,-0.05204849818615309,0.1332126886460241,FLAT,True,78,28.0,IGNORE,NONE,,GREEN,C,WATCHLIST,CMF positive,Retail Trade,32.3
KIRLOSIND,3685.0,3740.0,3740.0,3675.0,True,False,False,True,False,True,0.20352269665123343,0.7653745,0.19722180329445058,False,0.009414337122957217,False,51.04,True,1.079001331839418,58.0,0.17,0,True,▅▄▆▆▄▅▆▆▆▄▅▇▁▃▅▇█▅▆▆,False,False,False,0,-0.027114079784565814,0.17757965040104806,-0.06385446564622599,0.11691599432547384,FLAT,True,75,28.0,IGNORE,NONE,,GREEN,C,WATCHLIST,CMF positive,Non-Energy Minerals,34.4
MRPL,176.81,174.5,177.18,173.75,False,True,True,True,False,True,0.4891978774151844,115.55207146100001,0.4965029380383458,False,-0.038804528389985396,True,23.38,False,0.9093914700791536,35.0,-0.33,0,False,▅▄▃▁▃▆▅▅▅▆█▁▂▄▆▃▂▂▃▃,False,False,False,2,0.04159057437407965,0.09813055089745992,0.004850188512419473,0.0374668948218857,FLAT,True,60,28.0,IGNORE,NONE,,GREEN,C,WATCHLIST,No standout factor,Energy Minerals,40.7
ESABINDIA,6210.0,6154.5,6239.0,6100.0,False,True,True,True,False,True,0.43859076467772123,2.503251,0.4514891572568486,False,-0.21087050264607726,True,50.11,False,0.949817561484149,36.0,-0.24,0,False,▆▄▇▇█▇▆▆█▆▆▅▁▅▄▄▅▆▆▅,False,False,False,1,0.09921231967430755,0.0841480446927374,0.06247193381264737,0.023484388617163177,UP,True,57,28.0,IGNORE,NONE,,GREEN,C,WATCHLIST,No standout factor,Producer Manufacturing,33.3
RAIN,208.61,204.92,212.6,204.4,False,False,True,True,False,True,0.5745850946693505,70.842036788,0.5442235973846771,False,-0.2280834965780849,False,39.39,False,0.9577183982105083,34.0,-0.45,0,True,▅▅▄▆▇▄▆▅▆▁▄▃▄▄▄▇▇▇█▄,False,False,False,7,-0.07379123562580459,0.0596332605272516,-0.11053162148746476,-0.0010303955483226268,FLAT,False,51,28.0,IGNORE,NONE,,GREEN,C,WATCHLIST,No standout factor,Process Industries,34.8
IMPAL,1092.4,1103.1,1110.0,1085.0,True,False,False,True,False,True,0.5920700125022326,0.14485224000000002,0.5890941161593766,False,0.05193393349428233,False,78.73,True,1.2393838500712335,84.0,1.08,0,False,▅▇▅▁▃▅▅▆▆▅▆▄▆▅▅▅█▆▄█,False,False,False,0,0.015147291143945862,0.02515015015015032,-0.021593094717714312,-0.035513505925423905,UP,False,44,28.0,IGNORE,NONE,,GREEN,C,WATCHLIST,CMF positive,Distribution Services,31.7
ARFIN,85.62,82.71,86.3,82.03,False,True,False,True,False,True,0.8791927761135766,11.141970336,0.8707972180689256,False,-0.09173891271100527,False,14.89,True,1.1284577491474046,26.0,-0.79,0,True,▄▂▂▂▂▅█▂▂▁▁▄▇▄▁▄▁▂▂▃,False,False,False,0,-0.06924665724535262,0.009431737797689355,-0.10598704310701279,-0.05123191827788487,FLAT,False,39,28.0,IGNORE,NONE,,GREEN,C,WATCHLIST,No standout factor,Non-Energy Minerals,34.4
GREENLAM,253.0,256.0,256.65,250.85,True,False,True,True,False,True,0.5423623332241476,3.642441,0.5413967029594324,False,-0.18115106273995404,False,55.79,True,1.095715534257068,68.0,0.37,0,False,▄▆▅▅▆▆█▁▂▆▃▆▅▃▄▇▆▅▇▅,False,False,False,3,-0.01171875,0.0024168944886882038,-0.048459135861660174,-0.05824676158688602,UP,False,37,28.0,IGNORE,NONE,,GREEN,C,WATCHLIST,No standout factor,Non-Energy Minerals,34.4
JAMNAAUTO,121.41,121.43,122.44,120.2,True,False,False,False,False,False,0.39571290546240284,12.98504232,0.3599354441166312,False,-0.08516606364919535,False,54.1,True,1.1518480667688638,93.0,1.46,0,True,▆▇▆▅▆▄▃▅▅▁▁▆▅▄▇▄▆█▆▇,False,False,False,5,-0.08487223939097,-0.0032019704433497997,-0.12161262525263017,-0.06386562651892402,FLAT,False,36,28.0,IGNORE,SEED,,GREEN,C,WATCHLIST,Delivery P93,Producer Manufacturing,33.3
JSWCEMENT,126.04,125.99,126.9,124.81,False,False,False,False,False,False,1.2148488692337343,18.096520704000003,1.1687194232753286,True,-0.28350015377692506,False,72.8,True,1.3465895953757225,98.0,1.95,0,False,▂▅▅▆▅▄▅▅▃▁▄▄▇▁▃▅▄▆▂█,False,True,False,0,-0.04601877081441108,-0.010442019313810169,-0.08275915667607125,-0.07110567538938439,FLAT,False,34,28.0,IGNORE,SEED,,GREEN,C,WATCHLIST,Delivery P98,Non-Energy Minerals,34.4
AADHARHFC,462.55,473.85,473.85,459.75,True,False,False,False,False,False,3.48778793371358,52.388921805,3.2542229070961173,False,-0.21794002858614311,False,65.01,True,1.1625328588544555,79.0,0.75,0,True,▄▅▄█▂▁▃▅▄▅▄▁▄▆▆▄▂▇▂▆,False,False,False,0,-0.06555555555555548,-0.023435025862978964,-0.10229594141721565,-0.08409868193855319,FLAT,False,31,28.0,IGNORE,DISTRIBUTION,,GREEN,C,WATCHLIST,No standout factor,Finance,30.6
ONEPOINT,56.17,57.0,57.0,55.86,True,False,False,True,False,True,0.2378240191477387,1.694918516,0.2288871060651461,False,0.12873662415866446,False,51.04,True,1.1347896170307377,51.0,0.02,0,False,█▁▆▂▄▆▆▄▂▃▅▇▇▄▂▅▄▁▂▅,False,False,False,0,0.040570581696924846,-0.027864312911041855,0.0038301958352646714,-0.08852796898661608,UP,False,29,28.0,IGNORE,NONE,,GREEN,C,WATCHLIST,CMF positive,Commercial Services,25.4
SILVERTUC,185.94,194.0,196.8,184.1,True,False,False,True,False,True,0.7667865772802797,8.499521934,0.7083886600051993,False,-0.20963155631166713,False,47.05,True,1.1501136669192598,70.0,0.27,0,True,▄▅▆█▆▆▄▆▅▂█▇▄▁▅▅▅▅▆█,False,False,False,2,-0.07095033476566404,-0.0645940235436161,-0.10769072062732421,-0.12525767961919032,UP,False,19,28.0,IGNORE,NONE,,GREEN,C,WATCHLIST,No standout factor,Technology Services,35.4
DRREDDY,1174.7,1179.0,1185.1,1174.0,True,False,False,False,False,True,0.5916526411756067,146.37737001000002,0.5921295252996361,False,0.27207535479128514,False,56.59,False,0.9970751990978929,53.0,0.17,0,True,▂▆▁▄▄▄▅▆▆▇█▅▇▄▇▅▅▄▆▅,False,False,False,0,-0.030135402906208753,-0.07321499013806698,-0.06687578876786893,-0.1338786462136412,UP,False,17,28.0,IGNORE,NONE,,GREEN,C,WATCHLIST,CMF positive,Health Technology,31.5
IGIL,340.6,338.0,342.75,334.15,False,False,False,False,False,True,0.5074599705600968,13.430437020000001,0.49495560341695216,False,0.04951291382847794,True,59.24,True,1.0345068454875666,81.0,0.83,0,False,▅▅▆▂▆▆█▇▇▆▇▆▆▄▆▁▃▆▅▆,False,False,False,0,0.0072453053378680465,-0.07130197682344919,-0.029495080523792128,-0.1319656328990234,UP,False,17,28.0,IGNORE,NONE,,GREEN,C,WATCHLIST,CMF positive,Commercial Services,25.4
MAHABANK,80.26,80.36,81.37,79.85,True,False,False,True,False,True,0.7293180771209807,62.53030916800001,0.7305258886941093,False,-0.09886329957668455,False,51.96,True,1.0018703121685981,83.0,0.99,0,True,▃▅█▃▄▅▆▁▄▂▆▃▂▂▃▂▂▇▂▃,False,False,False,0,-0.009502653338269718,-0.08064146620847645,-0.04624303919992989,-0.14130512228405068,UP,False,15,28.0,IGNORE,NONE,,GREEN,C,WATCHLIST,No standout factor,Finance,30.6
VENTIVE,564.15,570.0,577.6,556.6,True,False,False,False,False,False,3.1637791814385503,3.73557564,2.958677110762011,False,-0.2445587645981126,False,67.49,True,1.1150672030796935,79.0,0.81,0,True,▃▁▅▄▅▄█▃▃▇▄▆▅▄█▇▅▃▆▆,False,False,False,0,-0.08676649129906921,-0.08934624697336568,-0.12350687716072939,-0.1500099030489399,UP,False,14,28.0,IGNORE,DISTRIBUTION,,GREEN,C,WATCHLIST,No standout factor,Consumer Services,29.9
GPIL,245.09,248.0,251.89,244.2,True,True,False,False,False,False,0.6897620083630615,33.911779814,0.6941597563490643,False,0.20101860226958293,False,48.45,True,1.018424122673337,59.0,0.3,0,False,▆▆▇▆██▆▆▇▇▅█▇▁▆▅▅▆▆▆,False,False,False,0,0.020570476785342517,-0.11567743099404648,-0.016169909076317657,-0.1763410870696207,UP,False,9,28.0,IGNORE,NONE,,GREEN,C,WATCHLIST,CMF positive,Non-Energy Minerals,34.4
THERMAX,3967.8,4045.0,4063.4,3955.1,True,False,False,True,False,False,0.24698239124236118,37.9599426,0.2328639937989589,False,0.15847743148378574,False,58.25,True,1.2024937552899402,69.0,0.59,0,False,▆▇▄▇▁▅▄▆▆▅▆▇█▆▅▆▅▆▇█,False,False,False,0,-0.12100132919805051,-0.16048494594079932,-0.15774171505971069,-0.22114860201637354,UP,False,4,28.0,IGNORE,NONE,,GREEN,C,WATCHLIST,CMF positive,Producer Manufacturing,33.3
EMSLIMITED,394.35,400.0,401.9,392.1,True,True,True,False,False,False,0.45504191880258466,8.678026665,0.4527885181631363,False,-0.08655112304931174,False,36.39,True,1.0646421205073067,29.0,-0.46,0,True,▆▆▅▆▂▅▆▅▅▅▇▆█▆▇▃▆▁▂▅,False,False,False,0,-0.02219191668732945,0.2963510848126234,-0.058932302548989624,0.23568742873704918,FLAT,True,88,27.0,IGNORE,NONE,,GREEN,C,WATCHLIST,No standout factor,Industrial Services,37.0
JUSTDIAL,674.05,685.0,685.0,667.0,True,False,True,True,False,False,0.5164026106782773,11.207968589999998,0.4866965482446192,False,-0.19887196798056198,False,41.68,True,1.1772182288062587,33.0,-0.25,0,True,▃▂▁▃▅▅▄▅▅▃▄▅▆█▅▇█▆▄▆,False,False,False,0,-0.07531380753138084,0.25241545893719786,-0.11205419339304101,0.19175180286162363,FLAT,True,84,27.0,IGNORE,NONE,,GREEN,C,WATCHLIST,No standout factor,Technology Services,35.4
TIL,232.5,232.3,237.15,227.05,False,False,True,False,False,False,0.19242702993719493,12.5384925,0.17440533300921804,False,0.37509899246836775,False,36.92,False,0.8683279043240001,9.0,-1.5,0,False,▅▇▇▇▅▇▇█▇█▃▁▂▂▃▄▄▄▆▄,False,False,False,5,0.0817475457125576,0.25533178554073754,0.04500715985089743,0.19466812946516332,FLAT,True,84,27.0,IGNORE,NONE,,GREEN,C,WATCHLIST,CMF positive,Producer Manufacturing,33.3
INDIQUBE,189.1,191.08,193.48,187.23,True,True,True,True,False,False,0.8813477435605731,1.2349742799999999,0.9039208042218138,False,-0.14691559008772187,False,55.72,True,1.014511224805637,45.0,-0.15,0,False,▂▄▄▂▄▁▄▅▆█▃▇▄▆▇▅▅▄▄▅,False,False,False,9,0.04296508741933702,0.2415468452498193,0.006224701557676848,0.18088318917424506,FLAT,True,83,27.0,IGNORE,NONE,,GREEN,C,WATCHLIST,No standout factor,Finance,30.6
TINNARUBR,1034.9,1059.0,1059.0,1026.1,True,False,True,True,False,True,0.3355622476136694,2.9763724000000003,0.31561513507290684,False,-0.17669789616851087,False,51.9,True,1.2546839115194006,51.0,0.22,0,True,▁▄▂▄▃▄▅▃▅▅▄█▆▄█▇▅▆▆▇,False,False,False,0,-0.058197206170086724,0.21232355180694684,-0.0949375920317469,0.15165989573137262,FLAT,True,80,27.0,IGNORE,NONE,,GREEN,C,WATCHLIST,No standout factor,Process Industries,34.8
HESTERBIO,2367.8,2413.0,2419.7,2355.0,True,False,True,True,False,True,0.18085209539602895,1.30276356,0.17280456211838402,False,-0.20969775841660404,False,69.41,True,1.4962921445201345,73.0,0.69,0,True,▄▇▇▁▄▆▅▆▆▄▅▅▅▆▇▆▄▇▇█,False,False,False,2,0.00016896173016811566,0.21245327461723584,-0.03657142413149206,0.15178961854166162,FLAT,True,80,27.0,IGNORE,NONE,,GREEN,C,WATCHLIST,No standout factor,Health Technology,31.5
GOKEX,797.6,795.5,806.0,792.15,True,False,True,True,False,False,0.5149053501592813,11.8985968,0.5138724637401991,False,-0.00010632252015404236,False,48.87,True,1.03310502283105,79.0,0.63,0,True,▂▅▁▆▃▄▄▃▆▃▆▄▂▄▃▃▃█▂▄,False,False,False,0,-0.03961468994581574,0.18250555967383253,-0.07635507580747591,0.1218419035982583,FLAT,True,76,27.0,IGNORE,NONE,,GREEN,C,WATCHLIST,No standout factor,Consumer Non-Durables,34.2
SHARDAMOTR,913.1,922.4,925.95,910.65,True,True,True,True,False,False,0.19498110602852228,1.9022612300000001,0.1976982376850217,False,-0.040942457890588355,False,56.28,True,1.1063712673730564,65.0,0.28,0,False,▄██▁▄▅▆█▂▇▇▅▃▅▄▇█▅▅▇,False,False,False,6,0.10484602819287314,0.1670501022494888,0.06810564233121297,0.10638644617391457,FLAT,True,73,27.0,IGNORE,NONE,,GREEN,C,WATCHLIST,No standout factor,Producer Manufacturing,33.3
MANAKCOAT,125.37,127.95,129.48,124.0,True,True,True,True,False,False,1.9297228338159385,12.080878866,2.0011838568641798,False,-0.11701051856270707,False,39.37,False,0.6740284197911316,25.0,-0.53,0,True,▆█▄▅▆▅▅▅▆▄▆▅▁▇█▅▃▅▅▃,False,False,True,0,-0.005157911442628116,0.16223231667748217,-0.04189829730428829,0.10156866060190795,FLAT,True,72,27.0,IGNORE,DISTRIBUTION,,GREEN,C,WATCHLIST,No standout factor,Non-Energy Minerals,34.4
PUNJABCHEM,1148.0,1167.2,1170.0,1140.0,True,True,True,True,False,False,0.16754797145957928,0.4164944,0.16820337067347257,False,-0.38397237803043566,False,63.15,True,1.2327964860907759,84.0,0.85,0,False,▇▆▇▆▁▅▆▆▆▆▅▆▇█▆▇▆█▇█,False,False,False,4,0.023537803138373725,0.1420612813370472,-0.013202582723286449,0.08139762526147298,FLAT,True,68,27.0,IGNORE,NONE,,GREEN,C,WATCHLIST,No standout factor,Process Industries,34.8
JKPAPER,391.8,391.3,404.9,388.4,False,True,True,True,False,True,1.027863287509488,22.92006492,1.0193959729246889,True,-0.20872167170181558,False,31.48,False,0.7476369163539638,5.0,-1.65,0,False,▃▁▄▄▂▆▇▆▆▅▇█▇▇██▅██▃,False,False,False,1,-0.024037862747540162,0.10881562190462701,-0.060778248609200336,0.04815196582905279,FLAT,True,62,27.0,IGNORE,NONE,,GREEN,C,WATCHLIST,No standout factor,Process Industries,34.8
APLLTD,821.75,815.0,826.8,815.0,False,True,True,True,False,False,0.30200756696029574,2.922553875,0.3020368446116025,False,-0.0510090593941549,False,54.75,True,1.0512269114089319,76.0,0.54,0,True,▅▄▄▆▆▄▁▄▆▆▄▇▇▅▅█▅▇▃▅,False,False,False,2,0.03027833500501509,0.10546848725364888,-0.006462050856645085,0.044804831178074656,FLAT,True,61,27.0,IGNORE,NONE,,GREEN,C,WATCHLIST,No standout factor,Health Technology,31.5
VENKEYS,1507.4,1515.0,1530.8,1502.1,True,False,True,True,False,True,0.20683290278263583,2.95932768,0.20296113228927207,False,-0.3422779702439391,False,54.04,True,1.100700668078866,84.0,0.88,0,True,▇▆██▇█▆██▆▆▁▆▆▆█▇▆▇▇,False,False,False,1,0.001461599787403678,0.08196956646569054,-0.035278786074256496,0.02130591039011631,FLAT,True,57,27.0,IGNORE,NONE,,GREEN,C,WATCHLIST,No standout factor,Process Industries,34.8
BHARTIHEXA,1591.2,1615.0,1615.0,1584.0,True,True,True,False,False,False,0.26629310604898,8.0761356,0.2689178371323273,False,-0.044216741099848536,False,58.21,True,1.1146216299019607,63.0,0.2,0,False,█▅▅▃▆▆▅▅▅▅▄▆█▁▃▅▄▄▅▆,False,False,False,4,-0.01020154267230644,0.07702720996344925,-0.046941928533966615,0.016363553887875026,FLAT,True,56,27.0,IGNORE,NONE,,GREEN,C,WATCHLIST,No standout factor,Communications,26.7
3MINDIA,33640.0,33550.0,33885.0,33290.0,False,False,False,True,False,True,0.3909770712623186,5.311756,0.3728887165891969,False,-0.4746931772765735,False,42.82,False,0.9708099529558465,28.0,-0.51,0,True,▅▅▄▅▅▄▄▄▆█▅▃▅▅▁▄▅▄▄▄,False,False,False,4,-0.05239436619718307,0.06624405705229797,-0.08913475205884325,0.005580400976723743,FLAT,True,52,27.0,IGNORE,NONE,,GREEN,C,WATCHLIST,No standout factor,Producer Manufacturing,33.3
PURVA,219.36,216.4,227.34,214.71,False,True,True,False,False,False,0.4302083286986983,12.726258144,0.4190104120476596,False,-0.6742547115885322,True,11.64,False,0.279575832542723,4.0,-2.12,0,True,▇▆█▆██▇▆▇█▆▇▇█▇▁▂▄▆▂,False,False,False,0,0.028169674244199694,0.04866622047996949,-0.00857071161746048,-0.011997435595604733,UP,False,48,27.0,IGNORE,NONE,,GREEN,C,WATCHLIST,No standout factor,Finance,30.6
GOODYEAR,760.05,762.9,766.95,758.15,True,False,False,False,False,False,0.13464523620363014,0.20931777,0.12300889501035149,False,0.1625897441022444,True,72.85,True,1.2707909954384098,73.0,0.71,0,False,▆█▇▇▇▄▆▃▂▁▃▆▂▄▆▇▆▅▆█,False,False,False,7,-0.07632010694537283,0.03534940743767878,-0.11306049280703301,-0.025314248637895442,FLAT,False,46,27.0,IGNORE,NONE,,GREEN,C,WATCHLIST,CMF positive,Consumer Durables,32.2
PENIND,158.8,164.9,165.9,158.43,True,False,False,False,False,False,1.199342524763122,7.066965240000001,1.1866101657049941,False,0.012734876707169935,False,57.23,True,1.0704399221906329,96.0,1.53,0,True,▃▅▄▅▆▆▆▆█▇▄█▇▁▇▅▅▃▄▆,False,False,False,0,-0.024809629083763163,0.024119695601702684,-0.06155001494542334,-0.03654396047387154,FLAT,False,43,27.0,IGNORE,SEED,,GREEN,C,WATCHLIST,"Delivery P96, CMF positive",Non-Energy Minerals,34.4
CYIENT,892.65,898.5,918.45,888.9,True,True,True,False,False,False,0.840679547486685,53.084288730000004,0.8718680365040644,False,0.015777565224143933,False,47.42,False,0.8603672254880615,49.0,-0.06,0,True,▃▂▄▄▃▅▄▄▅▆▅▆▅▂▁▂█▂▁▂,False,False,False,0,0.06261532051663599,0.016743550316077105,0.025874934654975812,-0.04392010575949712,UP,False,41,27.0,IGNORE,NONE,,GREEN,C,WATCHLIST,CMF positive,Technology Services,35.4
IIFLCAPS,335.65,332.9,336.95,332.9,False,True,False,True,False,False,0.7054128018933912,6.991891584999999,0.704824035941972,False,-0.3701581785515208,True,63.3,False,0.8861016427176583,76.0,0.72,0,True,▇▄▄▅▅▂▅▁▆▃▄▄█▃▂▄▇▅▁▂,False,False,False,0,-0.013374485596707841,-0.018567251461988343,-0.050114871458368015,-0.07923090753756257,UP,False,32,27.0,IGNORE,NONE,,GREEN,C,WATCHLIST,No standout factor,Finance,30.6
BALAMINES,2078.2,2066.0,2120.0,2060.0,True,False,False,True,False,True,0.5148249888055108,23.332159219999998,0.4981588245731913,False,-0.2929328110007048,True,26.56,False,0.7247820332646573,16.0,-0.97,0,True,▂▁▂▂█▇▄▆▅▅▄▃▅▅▆▅▆▃▆▂,False,False,False,0,-0.044286042768452605,-0.02569151429910932,-0.08102642863011278,-0.08635517037468354,UP,False,30,27.0,IGNORE,NONE,,GREEN,C,WATCHLIST,No standout factor,Process Industries,34.8
CAPACITE,214.54,204.0,218.45,204.0,False,True,False,False,False,False,1.0920042553147835,9.134812843999999,1.0887647907800098,True,-0.22110655902901696,True,51.79,False,0.9877084743823246,55.0,0.18,0,True,▂▄▂▄▇▅▄▄▄▁▅▃▄▆▇█▇▆▃▄,False,False,False,0,0.008413631022326618,-0.02905503258508335,-0.028326754839333557,-0.08971868866065758,UP,False,29,27.0,IGNORE,NONE,,GREEN,C,WATCHLIST,No standout factor,Industrial Services,37.0
RAMCOSYS,543.65,552.35,555.0,537.15,True,False,False,False,False,False,0.3171692528101195,5.830048235,0.28222475208069686,False,-0.301639465496806,True,57.4,True,1.1921822751157911,91.0,1.07,0,True,▂█▂▁▃▃▅▄▂▃▃▄▄▄▃▃▄▄▃▄,False,False,False,0,-0.2353189394472186,-0.03290936582762605,-0.2720593253088788,-0.09357302190320027,FLAT,False,28,27.0,IGNORE,SEED,,GREEN,C,WATCHLIST,Delivery P91,Technology Services,35.4
VTL,602.9,599.35,608.0,589.35,False,False,False,True,False,True,0.9230467176861796,18.820849879999997,0.9264943472065972,False,-0.3758537944491299,True,54.22,True,1.1404892619002547,84.0,0.92,0,False,▇▇█▁▇▅▆▆▇▆█▇▇██▇▅▅▇█,False,False,False,0,-0.019036771884152315,-0.03973879111252698,-0.05577715774581249,-0.10040244718810121,UP,False,26,27.0,IGNORE,NONE,,GREEN,C,WATCHLIST,No standout factor,Process Industries,34.8
MADRASFERT,65.52,65.98,66.29,65.01,False,False,False,False,False,False,1.3665199934124612,0.38599797599999996,1.3523468895938586,True,-0.1995757032544612,True,53.44,False,0.9700842288701713,73.0,0.66,0,True,▆▃▂▆▅▅▄▆█▆▄▁▆▅▅▅█▄▇▅,False,True,False,0,-0.012509419743782946,-0.04168494953927171,-0.04924980560544312,-0.10234860561484593,UP,False,25,27.0,IGNORE,NONE,,GREEN,C,WATCHLIST,No standout factor,Process Industries,34.8
UGROCAP,88.74,87.66,89.1,86.01,False,False,False,False,False,False,0.8440810834238717,4.169324664,0.7797717691585787,False,-0.4428978026180288,True,73.41,True,1.2710697867698622,94.0,1.53,0,True,▄▄▇▅▆▁▃▄▆▇▅▅▆▆▅▄█▅▅▇,False,False,False,0,-0.043440767489490106,-0.0687375380417673,-0.08018115335115028,-0.12940119411734152,UP,False,18,27.0,IGNORE,SEED,,GREEN,C,WATCHLIST,Delivery P94,Finance,30.6
SMSPHARMA,356.6,357.0,358.75,351.0,False,False,False,False,False,False,0.6978071108306149,4.644643680000001,0.6703368148766278,False,-0.14505062953698278,True,57.17,True,1.026161094906888,90.0,1.31,0,True,▃▇▂▆▃▅▃▄█▁▂▃▂▅█▇▆▇▆▅,False,False,False,0,-0.06428758855943317,-0.07002216716651444,-0.10102797442109335,-0.13068582324208866,UP,False,17,27.0,IGNORE,SEED,,GREEN,C,WATCHLIST,Delivery P90,Health Technology,31.5
SASKEN,1949.0,1874.1,1960.0,1865.0,False,True,True,True,False,False,0.7611130603762382,4.122135,0.7911291651229314,False,-0.2149540067906929,True,57.22,False,0.9689929044385361,76.0,0.71,0,True,▄▄▃▂▃█▂▃▁▁▂▃▃▂▃▃▃▃▃▃,False,False,False,0,0.07029104887424498,-0.08092049419975478,0.0335506630125848,-0.141584150275329,UP,False,15,27.0,IGNORE,NONE,,GREEN,C,WATCHLIST,No standout factor,Technology Services,35.4
FRACTAL,847.0,854.95,861.9,838.0,True,True,False,False,False,False,0.6244455653495921,21.2702028,0.6524303525254644,False,0.21258769814566006,True,47.32,False,0.9890270665691295,66.0,0.41,0,False,▄▃▃▆▁▄▄▅▂▄▄▃▄▆▄▄▅█▅▄,False,False,False,0,0.08063281449349335,-0.1000849978750532,0.04389242863183318,-0.16074865395062743,UP,False,11,27.0,IGNORE,NONE,,GREEN,C,WATCHLIST,CMF positive,Technology Services,35.4
SALZERELEC,569.55,569.9,574.0,566.0,False,False,False,False,False,False,0.4205105676770635,1.5701354399999998,0.41320774045041236,False,-0.24274735334747763,True,62.31,True,1.1067102411992469,96.0,1.52,0,True,▅▆▆▅▅▆▄▃▄▄▁▃█▆▆▅▅▄▆▆,False,False,False,0,-0.011112075701015911,-0.10292959521184442,-0.047852461562676085,-0.16359325128741864,UP,False,11,27.0,IGNORE,SEED,,GREEN,C,WATCHLIST,Delivery P96,Producer Manufacturing,33.3
COCKERILL,8232.0,7835.0,8244.5,7835.0,False,False,False,True,False,False,1.0568252745647468,13.1020512,0.9737858566704951,True,-0.15589331243233373,True,40.84,False,0.9292271987804464,38.0,-0.34,0,True,▅▆▇█▄▃▇▅▁▁▃▃▃▁▁▄▅█▅▃,False,False,False,0,-0.0793491024995806,-0.15569230769230769,-0.11608948836124078,-0.2163559637678819,UP,False,5,27.0,IGNORE,NONE,,GREEN,C,WATCHLIST,No standout factor,Non-Energy Minerals,34.4
NELCAST,117.81,116.64,118.36,115.0,False,False,False,False,False,False,0.6995565421021447,2.110742865,0.6972330472820372,False,-0.44629673583715584,True,70.81,True,1.4424820224490214,98.0,2.06,0,True,▁▄▃▅▄▆▅▄▅▅▅▆█▅▆▅▅▅▆▇,False,False,False,0,-0.12389380530973448,-0.15451413807951775,-0.16063419117139466,-0.21517779415509197,UP,False,5,27.0,IGNORE,SEED,,GREEN,C,WATCHLIST,Delivery P98,Non-Energy Minerals,34.4
TRIVENI,295.28,300.0,306.7,286.33,True,False,False,False,False,False,1.9398905716730959,75.03188817599998,1.8118849116439903,False,0.015045525657769239,False,33.57,False,0.6917655786350149,15.0,-1.05,0,False,▂▅▄▃▃▅▅▆▇▆▆▆█▅▃▂▃▃▁▂,False,False,False,6,-0.3614186851211073,-0.2157237715803454,-0.3981590709827675,-0.2763874276559196,FLAT,False,2,27.0,IGNORE,NONE,,GREEN,C,WATCHLIST,CMF positive,Process Industries,34.8
FINKURVE,76.32,75.92,77.59,75.11,False,True,True,False,False,False,0.2198060980525986,0.33623539199999997,0.2373465502406912,False,-0.02477268998601955,True,48.96,False,0.771515691110078,48.0,-0.08,0,False,▆█▇▆▆▇▇▅▄█▅▇▄▂▅▁▃▃▃▄,False,False,False,3,0.2303724004513943,0.19623824451410643,0.1936320145897341,0.1355745884385322,UP,True,78,26.0,IGNORE,NONE,,GREEN,C,WATCHLIST,No standout factor,Finance,30.6
PCBL,317.55,320.8,322.95,316.65,True,False,True,True,False,False,0.17327963367234278,19.595153115000002,0.16200164981100892,False,0.011950627208891012,False,38.56,False,0.9231505865453676,45.0,-0.02,0,True,▅▇▁▃▅▄▄▅▅▆▆▇█▆▆▅▂▄▅▄,False,False,False,1,-0.001100975149417982,0.0940568475452197,-0.037841361011078156,0.03339319146964548,FLAT,True,59,26.0,IGNORE,NONE,,GREEN,C,WATCHLIST,CMF positive,Process Industries,34.8
FMGOETZE,472.1,479.8,480.45,468.9,True,False,True,True,False,False,0.7228995022655681,1.6061786200000001,0.7146605443781229,False,-0.04093001259275387,False,62.64,True,1.0389179596473916,81.0,0.91,0,True,▅▄▆█▁█▅▄▆▅▅▄▅▂▄▂▄▄▁▅,False,False,False,8,-0.014096272319097825,0.059708193041526414,-0.050836658180758,-0.0009554630340478099,FLAT,False,51,26.0,IGNORE,NONE,,GREEN,C,WATCHLIST,No standout factor,Producer Manufacturing,33.3
RITES,218.08,218.0,220.22,217.05,True,False,False,False,False,False,0.3763285740541435,6.0573246560000005,0.3655584868891035,False,0.2628676447618769,False,49.34,True,1.1958458052084975,84.0,0.99,0,True,▅▇▄▄█▄▁▃▅▆▄▆▇▅▇▅█▃▃▇,False,False,False,2,0.020496022461394592,0.0583325245074251,-0.016244363400265582,-0.002331131568149125,FLAT,False,50,26.0,IGNORE,NONE,,GREEN,C,WATCHLIST,CMF positive,Commercial Services,25.4
COROMANDEL,1996.1,2004.7,2028.8,1992.0,True,False,False,False,False,False,0.33640505211647986,7.05880843,0.32525244914869106,False,0.18942359311042378,False,43.52,False,0.7998235683305154,5.0,-1.61,0,True,▅▅▁▆█▇▄▃▃▇▆▃▃▅▆▆▄▃▄▂,False,False,False,10,0.00772415185783526,0.04142536651536477,-0.029016234003824914,-0.019238289560209454,FLAT,False,47,26.0,IGNORE,NONE,,GREEN,C,WATCHLIST,CMF positive,Process Industries,34.8
KOVAI,6034.5,6090.0,6090.0,5975.0,True,True,True,True,False,True,0.36047331713815534,1.2491415,0.3655791155157646,False,-0.10715323600804377,False,59.66,False,0.9474127184519979,28.0,-0.49,0,True,▁▃▄█▅▆▅▄█▆▄▂▆▆▆▃▅▁▆▄,False,False,False,1,0.03242087254063297,0.0440311418685122,-0.004319513321027202,-0.01663251420706202,UP,False,47,26.0,IGNORE,NONE,,GREEN,C,WATCHLIST,No standout factor,Health Services,31.0
CARERATING,1674.4,1691.0,1734.9,1665.0,True,False,False,True,False,True,1.2941651188988557,11.0895512,1.266751320553426,False,-0.29191223905355795,False,53.68,False,0.9638640750549893,34.0,-0.49,0,False,▆▃█▁▆▃▃▃▆▁▁▄▁▄▂▃▄▄▅▃,False,True,False,4,-0.0033333333333332993,0.02976629766297667,-0.04007371919499347,-0.030897358412597553,FLAT,False,45,26.0,IGNORE,NONE,,GREEN,C,WATCHLIST,No standout factor,Commercial Services,25.4
VINATIORGA,1329.4,1335.1,1340.0,1308.0,True,True,True,False,False,False,0.702522349301742,6.11045416,0.7044539785258782,False,0.0398773254966626,True,47.16,False,0.8561625183813516,10.0,-1.11,0,False,▄▅▁▅▄▄▄▄▃▄▄▄█▅▃▄▄▄▃▃,False,False,False,0,0.02253672794400452,0.020104358502148534,-0.014203657917655654,-0.04055929757342569,UP,False,42,26.0,IGNORE,NONE,,GREEN,C,WATCHLIST,CMF positive,Process Industries,34.8
EQUITASBNK,76.6,77.0,78.15,76.3,True,True,True,True,False,True,0.3465370817579613,8.51786638,0.35351669160854204,False,-0.027423174334510678,False,48.43,False,0.9236901832885126,38.0,-0.26,0,True,▄▁▃▅▅▇▅▅▅▅▅▅▅▅▂▅█▇▃▄,False,False,False,0,-0.022210875670155894,0.014032300767804928,-0.05895126153181607,-0.046631355307769295,FLAT,False,40,26.0,IGNORE,NONE,,GREEN,C,WATCHLIST,No standout factor,Finance,30.6
EMMVEE,325.0,326.1,328.95,322.6,True,True,True,True,False,True,0.8325740247221372,53.9542575,0.8377157315352726,False,-0.3219599844485087,False,43.52,False,0.991129482230497,68.0,0.46,0,True,▅▅▆▅▅▇▅▆▅▆▄█▆▆▆▆▇█▁▅,False,False,False,0,-0.017830160169235332,0.009316770186335477,-0.054570546030895506,-0.05134688588923875,FLAT,False,39,26.0,IGNORE,NONE,,GREEN,C,WATCHLIST,No standout factor,Electronic Technology,34.8
TATAINVEST,647.95,648.0,651.4,645.45,True,False,False,False,False,False,0.3003953160209239,8.330628355000002,0.28605261624490186,False,-0.07903165277971276,False,48.14,True,1.1571698135884523,92.0,1.26,0,False,▆▇▃▆▇▇▆▅█▁▅▅▃▆▇▇▇▆▆▇,False,False,False,3,0.027269124058660443,-0.02695599939930915,-0.00947126180299973,-0.08761965547488337,UP,False,29,26.0,IGNORE,SEED,,GREEN,C,WATCHLIST,Delivery P92,Finance,30.6
MEDIASSIST,360.75,358.0,369.8,357.85,False,True,True,False,False,False,1.4358433191955098,8.0597322,1.470396538196376,True,-0.19141837703898243,False,58.39,True,1.002110971905195,60.0,0.15,0,False,▂▁▃▃▂▄▂▁▃█▁▂▁▄▅▃▄▃▃▃,False,False,False,0,0.06087340097044547,-0.032841823056300234,0.024133015108785294,-0.09350547913187446,UP,False,28,26.0,IGNORE,NONE,,GREEN,C,WATCHLIST,No standout factor,Finance,30.6
NGLFINE,2947.7,3051.0,3051.0,2911.0,True,False,False,True,False,True,0.39199730005078176,1.8317007799999998,0.3690897869959324,False,-0.35506766220891056,False,55.24,True,1.1286022208374622,42.0,-0.24,0,True,▆██▇▇▆█▇▆▅▆▆▇▅▆▅▁▃▅▇,False,False,False,15,-0.08042427078458902,-0.033160587772238403,-0.1171646566462492,-0.09382424384781263,FLAT,False,28,26.0,IGNORE,NONE,,GREEN,C,WATCHLIST,No standout factor,Health Technology,31.5
GSFC,158.23,160.9,160.98,158.06,True,False,False,False,False,False,1.3413508108263246,14.383518398,1.3247545894198378,False,-0.3187827473083614,False,59.99,True,1.1651258545680547,95.0,1.59,0,True,▃▂▂▁▅▄▃▅▂▅▄▆▄▄▄▇█▁▅▇,False,False,False,0,0.02374482401656297,-0.03717901910673005,-0.012995561845097203,-0.09784267518230427,UP,False,27,26.0,IGNORE,SEED,,GREEN,C,WATCHLIST,Delivery P95,Process Industries,34.8
TRANSRAILL,460.0,463.7,466.05,458.5,False,False,False,False,False,False,0.7047099574170141,10.24121,0.6750644635795499,False,-0.22857591206545896,False,57.6,True,1.101917834425367,96.0,1.79,0,True,▅▇▄▅▁▃▃▄▄▅▃▇▇▂▆▆█▅▄▆,False,False,False,0,-0.047027139009736874,-0.03785818866345958,-0.08376752487139705,-0.0985218447390338,UP,False,27,26.0,IGNORE,SEED,,GREEN,C,WATCHLIST,Delivery P96,Industrial Services,37.0
AVANTEL,160.22,162.3,163.5,159.49,True,False,False,False,False,False,0.8362814150162802,9.79456904,0.826296859842699,False,-0.16616745051684018,False,50.45,True,1.1750046580957705,97.0,1.8,0,True,▁▇▃▅▁▅▆▂▃▃▄█▇▁▇▅▁▂▄▆,False,False,False,0,-0.020001223316410854,-0.03789107067795594,-0.05674160917807103,-0.09855472675353016,UP,False,26,26.0,IGNORE,SEED,,GREEN,C,WATCHLIST,Delivery P97,Electronic Technology,34.8
NIBE,1490.8,1529.5,1544.8,1472.0,True,True,True,True,False,False,1.1533795968794522,13.806149719999999,1.1904051278676833,False,-0.08415051878619198,False,41.62,False,0.8108318721994935,27.0,-0.65,0,True,▇█▇▆▃▅▄▅▁▄▆▆▆▇▄▃▄▆▁▃,False,False,False,0,-0.008974273748587391,-0.05561890282528825,-0.045714659610247566,-0.11628255890086248,UP,False,21,26.0,IGNORE,NONE,,GREEN,C,WATCHLIST,No standout factor,Process Industries,34.8
GODREJCP,933.0,944.4,945.8,928.0,True,False,False,False,False,False,1.468799314802484,150.527421,1.3963057451048098,False,0.24500141955144586,False,58.21,True,1.1029739178217166,41.0,-0.13,0,True,▅▄▅██▅▅▆▄▁▄▄▅▅▅▄▅▆▇▆,False,False,False,1,-0.12377911344853487,-0.0651302605210421,-0.16051949931019505,-0.12579391659661632,FLAT,False,19,26.0,IGNORE,NONE,,GREEN,C,WATCHLIST,CMF positive,Consumer Non-Durables,34.2
INTERARCH,1676.3,1690.1,1713.1,1670.0,True,False,False,False,False,False,1.131320764222113,11.29340073,1.080291689148513,False,-0.19600877471873893,False,68.01,True,1.2229594864325404,95.0,1.79,0,True,▁▃▆▃▄▅█▂▄▄▇▇▄▂▃▅▇▂▆▇,False,False,False,0,-0.06835991774578998,-0.06487783108334266,-0.10510030360745015,-0.1255414871589169,UP,False,19,26.0,IGNORE,SEED,,GREEN,C,WATCHLIST,Delivery P95,Producer Manufacturing,33.3
FINPIPE,160.44,158.61,161.38,157.78,False,False,False,False,False,False,1.270824193876531,9.811258967999999,1.2451991398343711,True,-0.04190697778443078,False,49.79,False,0.9511528836418515,53.0,0.07,0,True,▄██▆▇▆▆▇▇▅▇▄▄▆█▆▁▅▆▄,False,True,False,0,-0.019734832284474813,-0.07270835741532777,-0.05647521814613499,-0.133372013490902,UP,False,17,26.0,IGNORE,NONE,,GREEN,C,WATCHLIST,No standout factor,Producer Manufacturing,33.3
INFOBEAN,157.5,155.1,158.7,155.1,False,False,False,False,False,False,0.3028064226821134,2.3687685,0.28607981438777713,False,0.03230086828753831,True,42.66,True,1.0366824218417758,67.0,0.43,0,True,▅▁▅▄▅▆▇▇▆▆▇▆▇▇▇▇█▇▅▆,False,False,False,0,0.0010805313671899963,-0.07024793388429751,-0.03565985449447018,-0.13091158995987173,UP,False,17,26.0,IGNORE,NONE,,GREEN,C,WATCHLIST,CMF positive,Technology Services,35.4
SWSOLAR,192.17,197.27,197.63,191.4,True,False,False,False,False,False,1.0511648882762377,13.769038150999998,0.9856974190530127,False,-0.37276328958364363,False,55.24,True,1.1939524277825209,98.0,1.86,0,True,▁▁▄▅▅▃▆▄▅▆▄▅▅▂▅▄█▆▄▇,False,False,False,0,-0.07579473861395669,-0.07712625462229272,-0.11253512447561687,-0.13778991069786695,UP,False,16,26.0,IGNORE,SEED,,GREEN,C,WATCHLIST,Delivery P98,Industrial Services,37.0
ACI,497.85,499.95,505.0,497.0,True,False,False,False,False,False,0.5363344788921087,5.86756053,0.5048901486735659,False,-0.34512338039232693,False,63.36,True,1.1045639970712318,95.0,1.73,0,True,▂▅▄▇▄▅▂█▅█▁▄▅▂▇▁▃▂▄▆,False,False,False,0,-0.10273046769397132,-0.08314917127071819,-0.1394708535556315,-0.14381282734629242,UP,False,15,26.0,IGNORE,SEED,,GREEN,C,WATCHLIST,Delivery P95,Process Industries,34.8
HUDCO,186.09,186.0,188.2,185.67,False,False,False,False,False,False,0.40837742051502396,16.283693796,0.388471565809354,False,-0.2475177620561039,False,49.33,True,1.0241132690451227,93.0,1.44,0,True,▁▂▃▁▃▃▅▂▂▄▃▅▄▂█▃▃▂▅▃,False,False,False,0,-0.0483277078858545,-0.09524504084014007,-0.08506809374751467,-0.1559086969157143,UP,False,12,26.0,IGNORE,SEED,,GREEN,C,WATCHLIST,Delivery P93,Finance,30.6
VIKRAN,63.04,62.6,63.4,62.01,False,False,False,False,False,False,0.6071957821330198,6.144723136,0.5626682162307429,False,-0.2916322297011376,False,47.73,True,1.091183429923528,91.0,1.32,0,True,▆▆▃▄▁▅▅▄▆▆▅▄▄▄▆▅█▆▅▆,False,False,False,0,-0.11745765084698312,-0.09542258573683449,-0.1541980367086433,-0.1560862418124087,UP,False,12,26.0,IGNORE,SEED,,GREEN,C,WATCHLIST,Delivery P91,Industrial Services,37.0
DHANUKA,980.3,995.0,1000.0,972.5,True,False,False,False,False,False,0.5342391287270579,2.5000590899999997,0.5141584285317323,False,0.15910177867832392,False,58.91,True,1.1019556860801165,75.0,0.61,0,True,▇▆█▆▇▁▄▆▆▅▅▅▅▆▆▇▄▅▆▆,False,False,False,0,-0.03256686075199844,-0.09332223455419908,-0.06930724661365861,-0.1539858906297733,UP,False,12,26.0,IGNORE,NONE,,GREEN,C,WATCHLIST,CMF positive,Process Industries,34.8
PFC,377.05,376.95,379.8,374.95,True,False,False,False,False,False,0.7269076409024255,213.66944646500002,0.6786824713358462,False,-0.11060169880027053,False,68.54,True,1.1207678911609122,97.0,1.83,0,True,▃▄▅▆▆▅▆▄▃▃▁▃██▅█▇▅▃█,False,False,False,0,-0.06866740768185753,-0.11167393096948985,-0.1054077935435177,-0.17233758704506408,UP,False,10,26.0,IGNORE,SEED,,GREEN,C,WATCHLIST,Delivery P97,Finance,30.6
KSCL,760.1,773.4,773.45,760.0,True,False,False,False,False,False,0.7063140949261683,7.91887382,0.6867798984853182,False,-0.0520726877469839,False,61.52,True,1.1539399396019732,94.0,1.33,0,True,▄▄▅▅▅▄▃▃▆▅▂▁▄▁▅▅▄█▆▆,False,False,False,0,-0.09024536205864753,-0.13511975877567273,-0.1269857479203077,-0.19578341485124695,UP,False,7,26.0,IGNORE,SEED,,GREEN,C,WATCHLIST,Delivery P94,Process Industries,34.8
ANGELONE,287.8,289.5,292.35,287.15,True,False,False,False,False,False,0.7513424599258737,104.01843158000001,0.7315493202899527,False,-0.1485051517933159,False,46.41,True,1.2403784477228992,97.0,1.88,0,True,▇▅▃█▃▇▅▃▆▆▃▁▇▆▆▃▄▄▄▇,False,False,False,0,-0.06543270011365476,-0.15228276877761415,-0.10217308597531494,-0.21294642485318838,UP,False,5,26.0,IGNORE,SEED,,GREEN,C,WATCHLIST,Delivery P97,Finance,30.6
SHARDACROP,760.9,767.25,770.95,757.0,True,False,False,False,False,False,1.0900451347032603,17.75164482,1.0178405794390026,False,-0.4114166461877005,False,60.1,True,1.1041603512736426,95.0,1.57,0,True,▄▆▁▅█▅▇▆▅█▅▆▄▃▆▅█▆▆▇,False,False,False,0,-0.12835786700269214,-0.1759354524286566,-0.1650982528643523,-0.23659910850423083,UP,False,3,26.0,IGNORE,SEED,,GREEN,C,WATCHLIST,Delivery P95,Distribution Services,31.7
AGIIL,291.25,309.0,310.2,289.5,True,False,False,False,False,False,1.7104785046897086,66.466657625,1.6325045003131495,False,-0.2095213914221155,False,27.07,False,0.9006670991998136,32.0,-0.57,0,True,▂▁▁▃▁▄▃█▆▂▂▃▄▃▃▅▇▄▄▃,False,False,False,0,-0.06575781876503606,-0.21812080536912748,-0.10249820462669623,-0.2787844614447017,UP,False,2,26.0,IGNORE,DISTRIBUTION,,GREEN,C,WATCHLIST,No standout factor,Finance,30.6
WEBELSOLAR,82.8,82.2,84.29,82.2,True,False,False,False,False,False,0.6350062619520981,11.4543036,0.5834553711771039,False,-0.2016358213254839,False,61.09,True,1.0811336949500492,95.0,1.55,0,True,▅▆██▄▄▆█▄▃▆▃▄▁▇▂▂▅▁▆,False,False,False,0,-0.1700912097824997,-0.20100357039467331,-0.20683159564415987,-0.26166722647024754,UP,False,2,26.0,IGNORE,SEED,,GREEN,C,WATCHLIST,Delivery P95,Electronic Technology,34.8
KPIGREEN,312.6,307.1,322.5,307.05,False,False,False,False,False,False,1.4607436933131221,68.27249646,1.3362085325183521,True,-0.34707786185480516,False,39.6,False,0.8208274604095847,43.0,-0.04,0,True,▆█▇██▇▆▇██▇▁▅▇▇▇▃▄▆▄,False,True,False,0,-0.19887237314197836,-0.22122571001494762,-0.23561275900363854,-0.28188936609052184,UP,False,1,26.0,IGNORE,NONE,,GREEN,C,WATCHLIST,No standout factor,Utilities,29.3
OSWALPUMPS,299.6,307.9,308.3,299.0,True,False,False,False,False,False,0.6238726921042358,13.971067040000001,0.5871844986515387,False,-0.205153726448054,False,58.05,True,1.1092851273623663,92.0,1.37,0,True,▅▅▆█▇▇▇▄▆▅▃▄▆▄▆▄▆▆▁▆,False,False,False,0,-0.1658081581511902,-0.2476142641888498,-0.20254854401285038,-0.308277920264424,UP,False,1,26.0,IGNORE,SEED,,GREEN,C,WATCHLIST,Delivery P92,Producer Manufacturing,33.3
KRISHANA,198.41,197.8,200.99,194.4,False,True,False,False,True,False,0.36128222760818407,10.732413561,0.40227610764414046,False,0.05297741441194974,False,40.82,False,0.9146519079522283,10.0,-1.37,0,False,▇▅▃▁▁▄▂▆▃▇▅▇▆▆█▆▅▄▃▃,False,False,False,0,0.22437519284171548,-0.7054483372921616,0.1876348069800553,-0.7661119933677358,UP,False,0,26.0,IGNORE,NONE,,GREEN,C,WATCHLIST,CMF positive,Process Industries,34.8
WAKEFIT,140.55,136.36,143.56,135.51,False,True,True,False,True,False,0.7339566691902322,25.859246355,0.7973551050427723,False,-0.17007431138411555,False,33.74,True,1.2838172063467905,34.0,-0.43,0,False,▃▂▁▁▃▅▃▅▄▃▅█▇▅▆▃▁▅▇▆,False,False,False,1,0.07085714285714295,0.2359303552585299,0.03411675699548278,0.17526669918295568,FLAT,True,83,25.0,IGNORE,NONE,,GREEN,C,WATCHLIST,No standout factor,Retail Trade,32.3
TTKHLTCARE,1102.5,1082.1,1145.6,1080.3,False,True,True,True,False,True,0.8736833972856738,3.7403415,0.8884366999030592,False,-0.2879053058726063,False,49.49,False,0.9744715623246335,8.0,-1.43,0,False,▂▆▄▆█▅▆▅▁▅▅▄▅█▆▅▅▆▆▅,False,False,False,7,0.052807486631015976,0.23730430391111623,0.016067100769355802,0.176640647835542,FLAT,True,83,25.0,IGNORE,NONE,,GREEN,C,WATCHLIST,No standout factor,Health Technology,31.5
CHOICEIN,808.6,809.95,815.8,806.95,True,False,True,True,False,True,0.48447125679919384,19.3024949,0.47934483195029126,False,-0.1305867828908865,False,19.22,False,0.648010788941335,9.0,-1.35,0,False,▅▂▇█▂▆▅▄▄▄▅█▇▇█▇▇▂▄▁,False,False,False,7,0.014363670576428511,0.20059391239792124,-0.022376715285231663,0.139930256322347,FLAT,True,79,25.0,IGNORE,NONE,,GREEN,C,WATCHLIST,No standout factor,Commercial Services,25.4
ALGOQUANT,65.3,65.05,66.34,64.56,False,False,True,True,False,True,0.8384645810085554,7.047260889999999,0.8130587942523629,False,-0.17140076603076115,False,18.51,False,0.8382013313408505,38.0,-0.28,0,False,▄▃▃▂▇▆▂▅█▄▁▅▁▄▃▁▃▁▃▂,False,False,False,3,-0.048798252002913434,0.20501937626868427,-0.08553863786457361,0.14435572019311005,FLAT,True,79,25.0,IGNORE,NONE,,GREEN,C,WATCHLIST,No standout factor,Finance,30.6
KKCL,516.45,518.6,523.8,515.0,True,True,True,True,False,True,0.18871792855427658,0.6940571550000001,0.18457957590240687,False,-0.1292008400102396,False,48.52,False,0.8271041977413169,21.0,-0.76,0,False,▆█▅▅▅▆▁▅▄▅▃▅▃▆▇▆▂▆▆▄,False,False,False,5,0.028170416086004346,0.18942883463841564,-0.008569969775655828,0.12876517856284142,FLAT,True,77,25.0,IGNORE,NONE,,GREEN,C,WATCHLIST,No standout factor,Consumer Non-Durables,34.2
MAPMYINDIA,983.9,1004.1,1009.8,978.7,True,False,False,False,False,False,0.3825177077944326,11.028633489999999,0.3473095544208376,False,-0.33122494305501043,False,45.9,True,1.2624456790802574,60.0,0.16,0,True,▂▂▁▃▂▅▇▃▄▇▆▅▅▆██▄██▇,False,False,False,3,-0.1192373108942798,0.1682498218950368,-0.15597769675593998,0.10758616581946256,FLAT,True,73,25.0,IGNORE,NONE,,GREEN,C,WATCHLIST,No standout factor,Commercial Services,25.4
DLF,665.4,664.0,669.85,659.6,False,True,True,True,False,False,0.41876338530958035,99.81279468,0.42441995605699434,False,-0.021965781970719803,False,43.29,True,1.0276191945687394,34.0,-0.46,0,False,▅█▇▄▅▁▇▁▇▄▁▇▅▅▃▂▅▂▆▅,False,False,False,0,-0.003593890386343168,0.1516095534787123,-0.04033427624800334,0.09094589740313808,FLAT,True,70,25.0,IGNORE,NONE,,GREEN,C,WATCHLIST,No standout factor,Finance,30.6
GCSL,488.9,487.95,503.4,485.15,False,False,True,True,False,True,0.7687412780304701,23.926228209999998,0.7343811468493657,False,-0.10573272847342693,False,25.31,False,0.7306265606281482,19.0,-0.8,0,False,▅▁▅▆▃▄▆█▇▃▆▅▃▃▄▄▄▃▂▃,False,False,False,3,-0.07928436911487768,0.14108997549305635,-0.11602475497653786,0.08042631941748213,FLAT,True,68,25.0,IGNORE,NONE,,GREEN,C,WATCHLIST,No standout factor,Finance,30.6
SHREEPUSHK,401.15,403.3,409.0,399.0,True,True,True,True,False,True,0.5928451789905927,0.9903591199999999,0.6067097959283694,False,-0.1059283288660783,False,51.26,False,0.9180292637498432,67.0,0.49,0,True,▃▅▁▄█▃▅▄▆▅▄▅▆▃▂▆▅▃▂▃,False,False,False,0,0.036965232002067916,0.12162728924926602,0.00022484614040774176,0.0609636331736918,FLAT,True,64,25.0,IGNORE,NONE,,GREEN,C,WATCHLIST,No standout factor,Process Industries,34.8
KAJARIACER,1208.5,1200.0,1224.4,1200.0,True,False,True,True,False,True,0.27206616522726723,9.8212378,0.27031367817312973,False,-0.010475061211179169,False,54.95,False,0.9398946360153257,40.0,-0.24,0,False,▄█▆▆▁▇▄▇▆▇▅█▄▅▆▇▄▃▇▅,False,False,False,5,-0.0052679232858672265,0.11660352952046571,-0.0420083091475274,0.055939873444891486,FLAT,True,63,25.0,IGNORE,NONE,,GREEN,C,WATCHLIST,No standout factor,Producer Manufacturing,33.3
TIMETECHNO,187.48,191.8,192.4,186.7,True,False,False,False,False,False,0.36466148105019935,25.169414976,0.3340804898858242,False,-0.047396314913788866,False,42.55,True,1.5047831237953777,79.0,0.86,1,True,▂▂▃▂▂▃▁▃▄▆▄▃▄▅▇▄█▅▂▆,False,False,False,2,-0.0684686475206201,0.10620722209110212,-0.10520903338228027,0.04554356601552789,FLAT,True,61,25.0,IGNORE,NONE,DEL43% ▂▂▃▂▂▃▁▃▄▆▄▃▄▅▇▄█▅▂▆ P79 Z+0.9,GREEN,C,WATCHLIST,No standout factor,Process Industries,34.8
BRITANNIA,5557.0,5614.5,5630.0,5550.0,True,True,True,False,False,True,0.7408781054536692,134.8728356,0.7493438308886123,False,-0.115237577389383,False,48.76,False,0.903013130359094,8.0,-1.33,0,False,▅▄▄▆▆▇▅█▅▁▃▇▇▄▅▃█▅▄▄,False,False,False,7,0.026697459584295702,0.09174852652259324,-0.010042926277364472,0.03108487044701902,FLAT,True,59,25.0,IGNORE,NONE,,GREEN,C,WATCHLIST,No standout factor,Consumer Non-Durables,34.2
IGPL,475.2,471.85,480.0,469.2,False,True,True,True,False,True,0.30707800015825915,1.31853744,0.3002727483366863,False,-0.08736257628036853,False,51.95,False,0.9185423554997615,23.0,-0.79,0,False,▄▆▄▆█▆▂▆▁▆▃▄▅▆▆▁▇▂▂▄,False,False,False,6,0.052375152253349544,0.09040844424047734,0.01563476639168937,0.029744788164903113,FLAT,True,58,25.0,IGNORE,NONE,,GREEN,C,WATCHLIST,No standout factor,Process Industries,34.8
IFBIND,1393.2,1405.2,1420.0,1383.7,True,True,True,True,False,False,0.39068669770399955,4.14226224,0.3936742855898627,False,-0.003931025808039474,False,47.39,False,0.9490812597005959,44.0,-0.08,0,True,▁▅▆▅▅▇▇▄▂▁▄▄▅▄▄▅▆▆█▄,False,False,False,2,0.06832298136645965,0.08184500698866293,0.03158259550479947,0.021181350913088703,UP,True,57,25.0,IGNORE,NONE,,GREEN,C,WATCHLIST,No standout factor,Consumer Durables,32.2
INOXINDIA,1930.2,1923.6,1958.8,1900.0,False,False,True,True,False,True,0.7111144472866647,21.21135384,0.7105438955957685,False,-0.1154584607717078,False,46.52,False,0.9967218734600305,44.0,-0.17,0,True,▄▃█▇▆▅▁▆█▇▆▅▆▅▇▅▆▂▅▅,False,False,False,0,-0.03682634730538925,0.06747041256498165,-0.07356673316704943,0.006806756489407428,FLAT,True,53,25.0,IGNORE,NONE,,GREEN,C,WATCHLIST,No standout factor,Producer Manufacturing,33.3
BANSALWIRE,322.3,324.0,331.0,320.15,True,True,True,True,False,True,0.3708140889524172,1.88042712,0.3704014350931229,False,-0.304347827918202,False,47.08,False,0.891573794396417,32.0,-0.33,0,True,▆█▅█▅▅▅▇▆▆▆▇▁▆▇▅▇▆▆▄,False,False,False,0,-0.00524691358024687,0.06072075037024849,-0.041987299441907044,5.7094294674264745e-05,FLAT,True,51,25.0,IGNORE,NONE,,GREEN,C,WATCHLIST,No standout factor,Non-Energy Minerals,34.4
INOXGREEN,178.34,174.88,179.22,173.11,False,False,False,False,False,False,1.1253501637420937,27.828387608,1.0612265490046127,True,-0.03147851312659807,True,56.78,True,1.1589174184594033,85.0,0.89,0,True,▅▇▄▅▅▄▆▄▄▂▁█▅▇▇▄▆▇▆▇,False,False,False,0,-0.06949806949806947,0.0343947566846472,-0.10623845535972964,-0.026268899390927025,FLAT,False,46,25.0,IGNORE,SEED,,GREEN,C,WATCHLIST,No standout factor,Utilities,29.3
ALKEM,5400.0,5400.0,5454.0,5340.0,False,False,False,False,False,True,0.5710334968473644,41.50062,0.5569765840642252,False,0.024555788204083138,False,55.4,True,1.0933275443547592,47.0,0.01,0,False,▅▄▅▂▆▆▅▄▆▂▅▄▆▄▂▂▁▇█▅,False,False,False,4,-0.04144847785568473,0.01925254813137034,-0.0781888637173449,-0.041411107944203884,FLAT,False,42,25.0,IGNORE,NONE,,GREEN,C,WATCHLIST,CMF positive,Health Technology,31.5
AFSL,201.34,202.95,203.19,201.0,True,False,False,False,False,True,0.31826756749317714,0.151327144,0.30817782231665264,False,-0.4555949790621419,True,67.71,True,1.0623926192661628,50.0,-0.01,0,False,▅▅█▇▆▅▄▄▅▅▅▁▂▅▅▃▄▄▅▅,False,False,False,11,0.0016915422885572795,0.001641709367693256,-0.035048843573102895,-0.05902194670788097,UP,False,37,25.0,IGNORE,NONE,,GREEN,C,WATCHLIST,No standout factor,Finance,30.6
CLEANMAX,1272.0,1220.6,1275.0,1209.1,False,False,False,True,False,False,0.5692765013087299,12.5197872,0.54670973364544,False,-0.14874909477293474,True,48.16,True,1.1294691541880182,64.0,0.24,0,True,▅▄▄▆▅▁▅▄▄▅▆▄▄█▅▅▅▃▅▆,False,False,False,0,-0.1148225469728601,-0.006249999999999978,-0.15156293283452027,-0.0669136560755742,FLAT,False,35,25.0,IGNORE,NONE,,GREEN,C,WATCHLIST,No standout factor,Utilities,29.3
ALLDIGI,814.8,806.9,819.9,802.9,False,False,False,False,False,True,0.18837518412662052,0.28811327999999997,0.1817873966000106,False,-0.10795437126994901,True,64.88,False,0.9070129942752492,49.0,-0.02,0,True,▂▆▇▇▁▄▄▃▆█▆█▇▇▇▇▆▆▂▄,False,False,False,3,-0.00966271649954431,-0.008336883101077164,-0.046403102361204485,-0.06900053917665139,UP,False,34,25.0,IGNORE,NONE,,GREEN,C,WATCHLIST,No standout factor,Commercial Services,25.4
DOMS,2206.3,2210.4,2227.4,2192.3,True,False,False,False,False,False,0.2242078649193449,2.5092249900000003,0.21984509484610526,False,0.2931207000297099,True,48.63,False,0.8639650363316574,65.0,0.3,0,True,█▃▅▄▄▃▁▃▄▆▇█▃▅▃▄▅▆▁▃,False,False,False,0,-0.006618640252138541,-0.03697075512876469,-0.043359026113798715,-0.09763441120433891,UP,False,27,25.0,IGNORE,NONE,,GREEN,C,WATCHLIST,CMF positive,Producer Manufacturing,33.3
BAYERCROP,4071.5,4078.5,4101.9,4046.2,False,False,False,False,False,False,0.9171369731650187,8.31359585,0.8916066880677103,False,-0.12896266197074985,True,59.05,True,1.0140211390350913,64.0,0.27,0,True,▁▃▇▃▆▅▄▃▄▆█▇▄▇▇▃▄▅▄▅,False,False,False,0,-0.03461766449318315,-0.041458706092852515,-0.07135805035484333,-0.10212236216842674,UP,False,25,25.0,IGNORE,NONE,,GREEN,C,WATCHLIST,No standout factor,Process Industries,34.8
DABUR,400.5,400.05,400.75,397.65,False,False,False,False,False,False,0.318112775952455,26.9339454,0.3059977610567249,False,-0.035410009309476034,True,52.38,True,1.0019127773527163,46.0,-0.09,0,True,▅▄▃▁▅▅▅▅▆▄▅▆▆▅█▅▄▅▅▅,False,False,False,0,-0.053638941398865714,-0.06074108818011248,-0.09037932726052589,-0.1214047442556867,UP,False,20,25.0,IGNORE,NONE,,GREEN,C,WATCHLIST,No standout factor,Consumer Non-Durables,34.2
IRCON,124.72,126.25,127.05,124.39,True,False,False,False,False,False,0.6834691917498267,11.345953008,0.6662518088553228,False,0.04550821286235912,False,40.1,True,1.0140602872749345,80.0,0.93,0,True,▃▆▁▆▅▃▃▃▄▄▄█▆▃▆▄▇▃▁▄,False,False,False,0,-0.010708336638375449,-0.07853712596970819,-0.04744872250003562,-0.1392007820452824,UP,False,16,25.0,IGNORE,NONE,,GREEN,C,WATCHLIST,CMF positive,Industrial Services,37.0
ABFRL,54.35,54.8,55.09,54.25,True,False,False,False,False,False,0.39255915006767056,16.480479845,0.3571919992189447,False,0.02492224256382684,False,66.41,True,1.3528626867799993,98.0,2.12,0,False,▃▅▅▁▃▅▅▄▃▄▁▃▅▆▆▅▇▆▄█,False,False,False,0,-0.033777777777777795,-0.09265442404006674,-0.07051816363943797,-0.15331808011564096,UP,False,13,25.0,IGNORE,SEED,,GREEN,C,WATCHLIST,"Delivery P98, CMF positive",Retail Trade,32.3
JUBLPHARMA,880.35,868.0,891.0,867.2,False,False,False,False,False,False,0.8562387689456912,20.176917720000002,0.8246898664596387,False,-0.04151627913565031,True,54.98,True,1.004191742541164,59.0,0.27,0,True,▅▅▆▅▆▅▅▄▆▄▅▁▂▂▅▃▅█▄▄,False,False,False,0,-0.08805096597089135,-0.0986946506270796,-0.12479135183255152,-0.15935830670265383,UP,False,11,25.0,IGNORE,NONE,,GREEN,C,WATCHLIST,No standout factor,Health Technology,31.5
LICHSGFIN,497.0,500.0,500.8,491.0,True,False,False,False,False,False,1.8875188318860583,155.0811962,1.827010289948154,False,-0.21305881679318445,True,39.43,False,0.7778347668271127,10.0,-1.3,0,False,▄▂▇▂▁▅▁▂█▄▆▇▆▆▅█▅▄▄▂,False,False,False,0,-0.07783653400129886,-0.1117068811438785,-0.11457691986295904,-0.17237053721945272,UP,False,10,25.0,IGNORE,NONE,,GREEN,C,WATCHLIST,No standout factor,Finance,30.6
ARKADE,130.98,131.1,132.68,128.96,True,False,True,False,False,False,0.8354681122078095,4.854786797999999,0.8107079663450869,False,-0.01825872164861673,True,39.94,False,0.9905876808988207,42.0,-0.22,0,True,▁▃▅▅▅▄▄▂▃▃▇▄█▅▃▃▄▂▁▄,False,False,False,7,-0.03414202492441576,0.1459317585301836,-0.07088241078607593,0.08526810245460936,FLAT,True,69,24.0,IGNORE,NONE,,GREEN,C,WATCHLIST,No standout factor,Consumer Durables,32.2
SANATHAN,465.6,472.0,473.75,457.65,False,False,True,True,False,True,1.1560587597569838,3.4034428800000005,1.1189742838441414,True,-0.024162193984206368,True,20.16,False,0.3746863674379705,0.0,-3.37,0,False,▆▆▆▅▇▄▅█▇▃▄▂▇▄▅▅▅▄▅▁,False,False,False,2,-0.03602484472049683,0.14299742236406043,-0.072765230582157,0.08233376628848621,FLAT,True,69,24.0,IGNORE,NONE,,GREEN,C,WATCHLIST,No standout factor,Process Industries,34.8
PWL,120.5,122.89,123.14,120.06,True,False,False,False,False,False,0.40631211868562134,66.48494715,0.40201837001108415,False,-0.13971696317427293,True,28.86,True,1.028821988128977,57.0,0.2,0,True,█▂▄▄▅▅▆▇▆▃▆█▇▆▆▁▂▃▅▅,False,False,False,0,-0.051181102362204745,0.1373289287399717,-0.08792148822386492,0.07666527266439749,FLAT,True,68,24.0,IGNORE,NONE,,GREEN,C,WATCHLIST,No standout factor,Commercial Services,25.4
OAL,339.85,332.15,343.9,332.15,False,False,False,True,False,True,0.1643266533335123,0.166424545,0.1478131361305694,False,0.08481818887790174,False,47.97,False,0.8123692833978272,18.0,-0.91,0,True,▂▁▆▁▃▄▄▁▅▇██▅▅▂▄▃▁▃▁,False,False,False,2,-0.08887399463806966,0.03929663608562706,-0.12561438049972984,-0.021367019989947167,FLAT,False,47,24.0,IGNORE,NONE,,GREEN,C,WATCHLIST,CMF positive,Process Industries,34.8
TIPSMUSIC,650.95,651.05,658.0,648.0,True,False,False,True,False,True,0.3988141913495855,10.802840725000001,0.37937445278596416,False,-0.12772504596422515,False,57.49,True,1.2732829837655868,83.0,0.75,0,True,▂▄▁▅▄▃▆▂▅▆▄▆▆▆▅█▆▆▅▆,False,False,False,1,-0.06934019586818219,0.016712221788363957,-0.10608058172984236,-0.04395143428721027,FLAT,False,41,24.0,IGNORE,NONE,,GREEN,C,WATCHLIST,No standout factor,Consumer Services,29.9
NSIL,5587.0,5638.0,5640.0,5540.5,True,True,True,False,False,False,1.1131404877085596,1.2598685,1.113724462328758,False,-0.13926443833759053,False,51.84,False,0.7651491110897914,21.0,-0.72,0,True,▅▅▂▆█▅▃▇▂▆▃▁▇▂▃▄▆▅▅▁,False,False,False,3,0.024667583677212335,0.0061228164955879905,-0.01207280218444784,-0.05454083957998623,UP,False,38,24.0,IGNORE,NONE,,GREEN,C,WATCHLIST,No standout factor,Finance,30.6
ATUL,6509.5,6501.5,6559.5,6460.0,True,False,False,False,False,True,0.33249433188054334,18.37176185,0.3235871248472524,False,-0.15273733898212166,False,68.38,True,1.291577734544699,91.0,1.19,0,False,▁▃▇▄▆▅▆▅█▅▅▇▆▆▆▆▆▆▇█,False,False,False,0,0.015918845103394474,-0.0012274645186037825,-0.0208215407582657,-0.061891120594178006,UP,False,37,24.0,IGNORE,SEED,,GREEN,C,WATCHLIST,Delivery P91,Process Industries,34.8
SHYAMMETL,984.9,995.7,996.8,983.1,True,False,False,True,False,True,0.15382648572660426,6.2038851,0.15047545733649176,False,-0.06678686626605355,False,62.09,True,1.7553680222778227,83.0,0.89,2,False,▇▇▄▂▁▂▁▃▃▆▂▅▁▇▅▁▁▅█▇,False,False,False,0,-0.04141320745535071,0.001168996188055882,-0.07815359331701088,-0.05949465988751834,FLAT,False,37,24.0,IGNORE,NONE,DEL62% ▇▇▄▂▁▂▁▃▃▆▂▅▁▇▅▁▁▅█▇ P83 Z+0.9 2D,GREEN,C,WATCHLIST,2D high delivery,Producer Manufacturing,33.3
BIOCON,415.55,412.5,416.0,411.0,False,False,False,True,False,True,0.6268987853977023,92.385076,0.6111878581277141,False,-0.02424587280119309,False,56.87,True,1.1296842565279142,85.0,1.01,0,True,█▆▆▆▅▇▅▆▁▅▆▆▅▆▇▅▄▅▇▇,False,False,False,2,-0.04173872939006107,-0.008233890214797146,-0.07847911525172124,-0.06889754629037137,FLAT,False,34,24.0,IGNORE,SEED,,GREEN,C,WATCHLIST,No standout factor,Health Technology,31.5
SCHAEFFLER,4017.9,4050.5,4080.5,3990.0,True,False,False,False,False,True,1.04719863389344,29.037765090000004,1.0292556690873897,False,-0.12618859990617995,False,65.59,True,1.0818879844289944,81.0,0.72,0,True,▅▄▁▄▆▃▂▄▄▃▄▃▃▄█▆▄▂▄▅,False,False,False,0,-0.021861382282055586,-0.009320215992307035,-0.05860176814371576,-0.06998387206788126,UP,False,34,24.0,IGNORE,NONE,,GREEN,C,WATCHLIST,No standout factor,Producer Manufacturing,33.3
IMFA,1383.8,1420.0,1442.9,1377.1,True,False,False,True,False,False,0.6269347204765033,19.58160028,0.595297516135678,False,-0.2870661542525805,False,50.42,True,1.0770512464486361,87.0,1.13,0,True,▇▅█▅▇█▁▄▄▇▆▃▅▆█▇▇▅▆▇,False,False,False,0,0.03260950675322749,-0.010794195439273846,-0.0041308791084326835,-0.07145785151484807,UP,False,33,24.0,IGNORE,SEED,,GREEN,C,WATCHLIST,No standout factor,Non-Energy Minerals,34.4
VAIBHAVGBL,226.05,227.4,228.35,224.95,True,False,False,False,False,False,0.3193217388643389,4.05719061,0.28757296042916825,False,-0.3165370534802051,False,57.65,True,1.2481191612812437,92.0,1.31,0,True,▅▁▅▄▄▆▄▄▅▃▅▆▆▅▆▆█▆▆▇,False,False,False,3,-0.10276256251488447,-0.0191356417599583,-0.13950294837654464,-0.07979929783553252,FLAT,False,32,24.0,IGNORE,SEED,,GREEN,C,WATCHLIST,Delivery P92,Consumer Durables,32.2
LINDEINDIA,6672.0,6702.0,6729.0,6656.0,True,False,False,False,False,True,0.37838450209584235,6.7967664,0.36777646808694375,False,-0.15414008568040294,False,60.93,True,1.1501000415266716,82.0,0.86,0,True,▄▆▄█▆▄▂▅▄▆▅▃▁█▆▅▅█▇▇,False,False,False,0,-0.008765413757242602,-0.03528050896471946,-0.045505799618902776,-0.09594416504029368,UP,False,27,24.0,IGNORE,NONE,,GREEN,C,WATCHLIST,No standout factor,Process Industries,34.8
CELLO,361.45,364.0,364.05,359.45,True,False,False,False,False,False,0.0717894273207386,5.885381915,0.06623493926431769,False,0.395135685115348,False,50.81,True,1.1424652606016998,36.0,-0.31,0,False,▅▅▇█▅▇▇▁▂▄▄▄▄▆▄▇▆▆▅▆,False,False,False,1,0.049811211153064194,-0.042009011396766605,0.01307082529140402,-0.10267266747234083,UP,False,25,24.0,IGNORE,NONE,,GREEN,C,WATCHLIST,CMF positive,Consumer Durables,32.2
ANTELOPUS,800.1,796.0,816.4,788.9,False,False,False,True,False,True,0.574358217111316,8.838384660000001,0.5552035545415177,False,-0.3558818919272197,False,52.31,True,1.0363751634504894,64.0,0.41,0,True,▅▁▆▇▂▇▅▂▄▆▅▅▆█▇▄▃▆▆▅,False,False,False,0,-0.10548381687070274,-0.04357181280258193,-0.14222420273236291,-0.10423546887815616,FLAT,False,24,24.0,IGNORE,NONE,,GREEN,C,WATCHLIST,No standout factor,Energy Minerals,40.7
CREST,361.8,360.1,365.0,357.8,True,False,False,False,False,True,0.24439110136654885,0.04678074,0.23698994780837435,False,0.14657514631981253,False,74.94,True,1.204368124583156,75.0,0.68,0,False,▇▅▁▄▂▅▄▂▇▄▆▂▆▆▇▆█▄▅▆,False,False,False,0,-0.04209690230341534,-0.045004619242444255,-0.07883728816507551,-0.10566827531801848,UP,False,24,24.0,IGNORE,NONE,,GREEN,C,WATCHLIST,CMF positive,Finance,30.6
RAILTEL,287.25,285.0,291.75,284.9,False,False,False,False,False,False,2.1897007098762944,69.812062275,2.1890323836806824,True,-0.2892601756720137,False,13.99,False,0.38665634846056046,5.0,-1.96,0,False,▅▆▄▆▅▆▆▅▄▆▆▆▇▆▇▇█▁▄▂,False,False,False,0,0.008779631255487308,-0.06963562753036434,-0.027960754606172866,-0.13029928360593857,UP,False,18,24.0,IGNORE,NONE,,GREEN,C,WATCHLIST,No standout factor,Communications,26.7
GULPOLY,190.71,192.95,192.95,187.5,True,False,False,True,False,True,0.32917104548045806,4.013282169000001,0.31331028558302404,False,-0.34107578144703915,False,51.5,True,1.0290429900192821,44.0,-0.07,0,True,▄▄▄▆▇▇▇█▆▁▅▅▆▅▇▃▅▇▄▆,False,False,False,0,-0.022601476014760147,-0.07601744186046511,-0.05934186187642032,-0.13668109793603933,UP,False,16,24.0,IGNORE,NONE,,GREEN,C,WATCHLIST,No standout factor,Consumer Non-Durables,34.2
TECHNVISN,4915.0,4950.0,5082.9,4915.0,True,False,True,False,False,False,0.08842460260338482,0.1056725,0.08334072632553638,False,0.12117382421176903,False,65.28,True,1.1451124851993157,26.0,-0.53,0,False,▁▅▆▄▄▅▇▇▅▄▇▄▇█▅█▃▄▇▆,False,False,False,1,-0.07539787049926638,-0.08447424792772651,-0.11213825636092656,-0.14513790400330073,UP,False,14,24.0,IGNORE,NONE,,GREEN,C,WATCHLIST,CMF positive,Technology Services,35.4
ADANIPOWER,205.28,205.91,208.14,205.0,True,False,False,True,False,False,0.7069244409755183,280.26796288,0.6827388213387762,False,-0.14214319554979035,False,44.18,True,1.152847543871094,85.0,1.0,0,True,▄▄▁▄▅▃▇▇▇▅█▃▄▃▇▆▄▄█▇,False,False,False,0,-0.04276055024481229,-0.10759466156588271,-0.07950093610647246,-0.16825831764145693,UP,False,10,24.0,IGNORE,SEED,,GREEN,C,WATCHLIST,No standout factor,Utilities,29.3
WAAREEENER,2678.2,2672.9,2727.0,2672.8,False,False,False,False,False,False,0.5655179952312266,120.26939175999999,0.5662647377069774,False,0.11253684736674553,False,36.64,False,0.8807163031067845,72.0,0.51,0,True,▆▄▂▁▃▅▆▆█▅▄▅▇▆▅▇█▅▆▄,False,False,False,0,-0.00880829015544049,-0.11651382199643734,-0.045548676017100664,-0.17717747807201156,UP,False,9,24.0,IGNORE,NONE,,GREEN,C,WATCHLIST,CMF positive,Electronic Technology,34.8
ATGL,646.1,658.0,659.8,644.0,True,False,False,True,False,False,0.7523786100259637,49.9260853,0.7360402741003531,False,-0.3353833209770062,False,40.15,True,1.2805996332030938,86.0,1.12,0,True,▄▆▄▄▃▂▃▆▅▆▄▃█▄▄▅▅▁▅▆,False,False,False,0,-0.01033928161139619,-0.11310912834591624,-0.047079667473056364,-0.17377278442149047,UP,False,9,24.0,IGNORE,SEED,,GREEN,C,WATCHLIST,No standout factor,Utilities,29.3
SPARC,196.71,199.59,200.77,196.1,True,False,False,True,False,False,0.29728568802728367,5.354485542,0.28075070421872267,False,-0.37179066893836,False,51.29,True,1.1129917757090468,82.0,0.85,0,True,▅▄▄▅▇▄▆▅▆▅▁▅▇▅█▆█▅▁▆,False,False,False,0,-0.09027424501688008,-0.12088845191276365,-0.12701463087854026,-0.18155210798833787,UP,False,8,24.0,IGNORE,NONE,,GREEN,C,WATCHLIST,No standout factor,Health Technology,31.5
AFCONS,278.9,281.0,281.6,277.5,True,True,False,False,False,False,0.2606506590123585,7.640409719999999,0.2665547430387795,False,-0.295624120479002,False,57.29,True,1.1214532499437218,71.0,0.51,0,True,▆█▅▇█▅▅▆▃▄▆▅▁▅▇▆▅▅▆▆,False,False,False,0,-0.024654659905577914,-0.14447852760736202,-0.06139504576723809,-0.20514218368293624,UP,False,6,24.0,IGNORE,NONE,,GREEN,C,WATCHLIST,No standout factor,Industrial Services,37.0
VEDL,267.95,270.0,271.1,266.55,True,False,False,False,False,False,0.8700200258641849,280.42564482,0.8659629694437303,False,0.044286666959199375,True,50.02,True,1.0360719574966082,74.0,0.71,0,False,▅▅▂▁▄▄▆█▃▆▁▄▅▃▄▁▆▇▃▅,False,False,False,0,0.05888164394388462,-0.1818320610687023,0.022141258082224446,-0.24249571714427653,UP,False,3,24.0,IGNORE,NONE,,GREEN,C,WATCHLIST,CMF positive,Non-Energy Minerals,34.4
PATANJALI,348.0,352.3,352.45,345.4,True,False,False,False,False,False,0.3244891936905767,56.4684636,0.31962388424146326,False,0.2117653973561152,False,43.03,True,1.465150328577752,56.0,0.19,0,False,▆▂▅▂▂▃▁▄▄▁▅█▄▁▅▂▄▃▄▆,False,False,False,0,0.02067751869775636,-0.18223475502291153,-0.016062867163903816,-0.24289841109848576,UP,False,3,24.0,IGNORE,NONE,,GREEN,C,WATCHLIST,CMF positive,Process Industries,34.8
OPTIEMUS,540.2,551.75,558.85,537.4,True,False,False,True,False,False,0.4582189839020429,5.13389874,0.4163792938887205,False,-0.1378672931310408,False,50.83,False,0.9900565830095149,52.0,0.04,0,True,▁█▃▃▃▃▄▁▂▄▂▃▃▄▃▄▃▅▁▃,False,False,False,6,-0.09959163263605297,0.2761634774391686,-0.13633201849771315,0.21549982136359436,FLAT,True,86,23.0,IGNORE,NONE,,GREEN,C,WATCHLIST,No standout factor,Distribution Services,31.7
SHK,157.47,158.54,160.07,156.2,True,False,True,False,False,False,0.12685898616666075,3.1141424669999997,0.12140263253115575,False,0.22922562778796937,False,43.89,False,0.948778088824998,6.0,-1.26,0,False,▇▆▁▂▅▆▅▆▆▆▇▆▆▆▆█▇▇▆▅,False,False,False,8,0.1195876288659794,0.23013827044762136,0.08284724300431923,0.16947461437204714,FLAT,True,82,23.0,IGNORE,NONE,,GREEN,C,WATCHLIST,CMF positive,Process Industries,34.8
FIVESTAR,520.95,527.95,529.9,518.6,True,False,False,True,False,False,0.29831935393986125,9.84126645,0.28185708758931094,False,-0.02484317692693403,False,53.5,True,1.1004494358911068,70.0,0.44,0,True,▆▃▄▇▃▄▅▄▇▇▇▄█▁▄▃▄▄▄▆,False,False,False,1,-0.0266255605381166,0.18626892861209177,-0.06336594639977677,0.12560527253651754,FLAT,True,76,23.0,IGNORE,NONE,,GREEN,C,WATCHLIST,No standout factor,Finance,30.6
GODREJIND,1230.0,1223.4,1234.3,1220.1,False,False,False,True,False,True,0.28084901045436533,3.90156,0.2719578931992897,False,-0.11428870950763548,False,54.97,True,1.2276666071109523,83.0,0.83,0,True,▄▇▅▄▅▄▅█▅▄▆▆▅▁▄▃▅▅▆▆,False,False,False,0,-0.0767152079267378,0.18508526833028216,-0.11345559378839798,0.12442161225470794,FLAT,True,76,23.0,IGNORE,NONE,,GREEN,C,WATCHLIST,No standout factor,Process Industries,34.8
POWERICA,517.95,535.0,538.7,512.25,True,False,False,True,False,False,0.9525088326931646,9.644798745000001,0.9098058686827808,False,-0.16686470562218447,False,59.45,True,1.1109034850042045,85.0,1.03,0,True,▄▄▅▅▄▄▅█▂▄▃▇▅▃▃▁▆▅▅▆,False,False,False,0,-0.09764808362369326,0.1587248322147652,-0.13438846948535343,0.09806117613919096,FLAT,True,71,23.0,IGNORE,SEED,,GREEN,C,WATCHLIST,No standout factor,Producer Manufacturing,33.3
FUSION,200.12,204.69,205.0,198.55,True,False,False,True,False,False,0.4982701574671355,8.927073032000001,0.48204766974600044,False,-0.3155835992695128,False,53.09,True,1.077903884027369,48.0,-0.07,0,True,▄██▇▅▆▁▆▅▆▄▄▆▅▇▆▆▅▄▆,False,False,False,0,-0.07557280118255727,0.14511329823758312,-0.11231318704421744,0.0844496421620089,FLAT,True,69,23.0,IGNORE,NONE,,GREEN,C,WATCHLIST,No standout factor,Finance,30.6
NEWGEN,522.7,527.0,529.7,520.85,True,False,True,False,False,False,0.21231608803465024,19.05983734,0.20399415512326471,False,-0.1366164402084304,False,36.26,True,1.2458126470941917,66.0,0.45,0,True,▅▁▂▃▃▄▄▄▆▃▅▅█▆▆▆▇▆▄▆,False,False,False,0,0.03361676883527798,0.12590199246095857,-0.003123617026382197,0.06523833638538434,FLAT,True,65,23.0,IGNORE,NONE,,GREEN,C,WATCHLIST,No standout factor,Technology Services,35.4
RANEHOLDIN,1615.6,1589.8,1630.0,1586.5,False,False,False,True,False,True,0.3034539506532828,1.2273713199999998,0.27945234494828763,False,-0.04852136937281997,False,56.35,True,1.0012704674076247,42.0,-0.07,0,True,▆█▇▆▅▅▆▅▆▅▆▇▆▁▇█▆█▆▆,False,False,False,2,-0.0706396686608377,0.114206896551724,-0.10738005452249788,0.05354324047614978,FLAT,True,63,23.0,IGNORE,NONE,,GREEN,C,WATCHLIST,No standout factor,Producer Manufacturing,33.3
PNGJL,602.9,610.0,618.0,602.0,True,False,False,True,False,False,1.0180989576475175,46.61508249,0.9356283542015048,False,-0.1572373383435257,False,55.55,True,1.0554215036194021,74.0,0.52,0,True,▁▄▂▆▅▆▃▅▆▆▆▆▇▆█▆▆██▆,False,False,False,0,-0.06816074188562604,0.10108665875262535,-0.10490112774728622,0.04042300267705112,FLAT,True,61,23.0,IGNORE,NONE,,GREEN,C,WATCHLIST,No standout factor,Retail Trade,32.3
DOLLAR,273.2,272.65,275.9,270.6,False,True,True,False,False,False,0.3926325404188876,2.08569076,0.39233908722436794,False,-0.007954993301499009,False,62.59,True,1.0903516336111911,69.0,0.48,0,False,▆▄█▁▃▅▂▃▆▆█▃▄▆▂▅▄▄▄▆,False,False,False,4,0.058914728682170514,0.0996176293016704,0.02217434282051034,0.03895397322609617,FLAT,True,60,23.0,IGNORE,NONE,,GREEN,C,WATCHLIST,No standout factor,Consumer Non-Durables,34.2
DDEVPLSTIK,277.85,276.5,279.6,275.3,False,False,True,True,False,False,0.16113527929769905,1.0160418800000002,0.15528053726820992,False,-0.20718779117546013,False,53.33,True,1.0073668303740084,42.0,-0.11,0,True,▆▆▄▃▅▃▅▅▁▂▅▂▂▇█▅▅▁▄▄,False,False,False,1,0.007981135497914238,0.08798652987704614,-0.028759250363745936,0.027322873801471914,FLAT,True,58,23.0,IGNORE,NONE,,GREEN,C,WATCHLIST,No standout factor,Process Industries,34.8
JIOFIN,246.35,248.9,248.9,245.8,True,False,True,False,False,False,0.4443269800357627,215.360278575,0.4336052324117598,False,-0.016031201821308627,False,47.35,True,1.116600440980533,52.0,-0.0,0,False,▅█▃▁▆▂▄▂▂▆▄▄▂▃█▁▆▅▅▆,False,False,False,6,0.026330042078073657,0.07642226688805365,-0.010410343783586518,0.015758610812479423,FLAT,True,56,23.0,IGNORE,NONE,,GREEN,C,WATCHLIST,No standout factor,Finance,30.6
TCIEXP,550.95,544.65,557.0,542.45,False,False,True,False,False,False,0.15132216718004843,1.046639715,0.145781304804052,False,0.08236011208131819,False,38.62,False,0.8240163864470427,13.0,-1.04,0,True,▆▇▅▆▅▄▆▄▁▃▄█▆▇▇▅▅▅▄▄,False,False,False,0,-0.018176958032611434,0.07334891876095861,-0.05491734389427161,0.01268526268538439,FLAT,True,54,23.0,IGNORE,NONE,,GREEN,C,WATCHLIST,CMF positive,Transportation,24.2
HEALTHX,300.85,308.55,308.55,297.05,True,False,False,True,False,True,0.22265426375138336,0.05598818500000001,0.21735465176802277,False,-0.33488009204476266,False,69.1,True,1.0107954711681928,56.0,0.12,0,True,▄▆▄█▃▇▄▃▇█▆▇▅▅▄▁▆▂▆▅,False,False,False,0,-0.03835704011507113,0.07102171591313655,-0.0750974259767313,0.010358059837562328,FLAT,True,54,23.0,IGNORE,NONE,,GREEN,C,WATCHLIST,No standout factor,Retail Trade,32.3
TAJGVK,350.4,345.55,352.0,345.55,False,False,True,False,False,False,0.3544850676812115,1.42199328,0.3456620912417576,False,0.07291620151758309,False,52.75,True,1.018870840013134,65.0,0.44,0,False,▆▅▇▅▁▅▆█▄▇▇▆▇▇█▇▅▅▇▆,False,False,False,2,-0.026396221172547918,0.06117504542701391,-0.06313660703420809,0.0005113893514396839,FLAT,True,51,23.0,IGNORE,NONE,,GREEN,C,WATCHLIST,CMF positive,Consumer Services,29.9
AUTOAXLES,1744.8,1762.0,1776.4,1740.0,True,False,False,False,False,False,0.3051044426279558,0.81080856,0.28509960357420616,False,0.038474159580199896,False,70.37,True,1.1538997614147857,92.0,1.35,0,False,▄▅█▄█▄▂▁▂▂▂▆▄▇▄▅▄▅▅▇,False,False,False,3,-0.03007393407082115,0.033037300177619855,-0.06681431993248133,-0.02762635589795437,FLAT,False,46,23.0,IGNORE,SEED,,GREEN,C,WATCHLIST,"Delivery P92, CMF positive",Producer Manufacturing,33.3
GMRAIRPORT,101.95,103.07,103.47,101.64,True,False,False,True,False,True,0.6583325306442294,82.54561182,0.624036687225205,False,-0.0959315312787825,True,61.74,True,1.1382218739917962,79.0,0.87,0,False,▆▆▅▅█▆▅▇▇▆▅▇▇▁▃▆▆▆▄▇,False,False,False,0,-0.0777094264519631,-0.0003921953132659528,-0.11444981231362328,-0.06105585138884018,FLAT,False,37,23.0,IGNORE,NONE,,GREEN,C,WATCHLIST,No standout factor,Transportation,24.2
KCP,163.83,165.08,165.8,160.73,True,True,True,False,False,False,0.9253600344994638,3.390658446,0.9662673982740052,False,-0.008105456540684142,True,46.74,False,0.8359340767435414,12.0,-0.92,0,True,▅▆▆▅▇▁▆█▇▇▅▇▅▆▃▇▇▇▃▄,False,False,False,0,0.00731677324151514,-0.015385539996393804,-0.029423612620145034,-0.07604919607196803,UP,False,33,23.0,IGNORE,NONE,,GREEN,C,WATCHLIST,No standout factor,Producer Manufacturing,33.3
NIVABUPA,82.62,80.08,83.1,80.08,True,False,False,True,False,True,1.2836226189110755,17.595895356,1.2275768035658445,False,-0.16997174941009166,True,37.36,False,0.7229451889120024,10.0,-1.19,0,False,▅▆▇▄▁▃▅▄▆▅▄▇▄█▆▃▅▄▆▃,False,False,False,3,-0.04639889196675895,-0.015959980943306196,-0.08313927782841912,-0.07662363701888042,FLAT,False,32,23.0,IGNORE,NONE,,GREEN,C,WATCHLIST,No standout factor,Finance,30.6
ICRA,4964.8,4881.3,5015.0,4858.1,False,False,False,False,False,False,0.6731318623631671,15.119801920000002,0.664501552020972,False,0.1379529385238327,True,56.61,False,0.8983504058525283,33.0,-0.29,0,False,▅▇▇▃▁▆▆▇▆▇█▅▅█▅▆█▆▆▄,False,False,False,0,0.03347210657785182,-0.03539926170584806,-0.0032682792838083508,-0.09606291778142229,UP,False,27,23.0,IGNORE,NONE,,GREEN,C,WATCHLIST,CMF positive,Commercial Services,25.4
NDRAUTO,756.1,775.0,780.05,750.0,True,False,False,False,False,False,0.6819513509617946,1.6455760400000001,0.6235197741871769,False,-0.05050423258125759,True,61.12,True,1.1746504588478353,92.0,1.39,0,True,▆█▆▆▆▇▆▆▅▇▁▆█▅▅▆█▇█▇,False,False,False,0,-0.0697016302676099,-0.04054311274665301,-0.10644201612927007,-0.10120676882222723,FLAT,False,25,23.0,IGNORE,SEED,,GREEN,C,WATCHLIST,Delivery P92,Producer Manufacturing,33.3
CERA,5865.5,5899.5,5899.5,5815.5,False,False,False,True,False,True,0.2720928409001804,2.0353285,0.2640547110067457,False,-0.2150020252660755,True,48.33,False,0.9945672305222867,42.0,-0.17,0,True,▄▂▄▃▃▄▄▄▃▁▄▄▄▄█▄▅▅▃▄,False,False,False,0,-0.025178660462024216,-0.04532877604166663,-0.06191904632368439,-0.10599243211724085,UP,False,24,23.0,IGNORE,NONE,,GREEN,C,WATCHLIST,No standout factor,Consumer Durables,32.2
ASHOKA,114.22,112.15,114.9,111.87,False,False,False,False,False,False,1.0685433261261958,7.908113076,1.0364625182144727,True,-0.32701805534721134,True,50.34,False,0.9210080958697342,74.0,0.6,0,True,▁▄▅▃██▄▄▆▇█▅▆▇▅▃▅▄▆▄,False,False,False,0,-0.05501778770579968,-0.07183487729562821,-0.09175817356745986,-0.13249853337120243,UP,False,17,23.0,IGNORE,NONE,,GREEN,C,WATCHLIST,No standout factor,Industrial Services,37.0
ABDL,595.0,590.8,599.9,584.3,True,False,False,True,False,False,0.8298863583251541,17.7487905,0.7994825487152237,False,0.03332820366344763,False,43.33,False,0.9086429073217787,24.0,-0.61,0,True,▂▁▄▆▃▂█▄▄▁▅▃▇▂▄▁▂▃█▂,False,False,False,0,-0.04148207813129279,-0.07673209713709372,-0.07822246399295296,-0.13739575321266795,UP,False,16,23.0,IGNORE,NONE,,GREEN,C,WATCHLIST,CMF positive,Consumer Non-Durables,34.2
ELECON,451.55,454.0,455.0,443.2,True,True,False,False,False,False,0.8907630780940526,19.595057405000002,0.9293524750970504,False,-0.035471811830936215,True,46.59,False,0.971657385972596,61.0,0.3,0,True,▇▅█▂▆▅▅▄▃▅▃▆▃▁█▅▄▆▁▄,False,False,False,0,0.07091189375074114,-0.15888982024774145,0.034171507889080965,-0.21955347632331568,UP,False,4,23.0,IGNORE,NONE,,GREEN,C,WATCHLIST,No standout factor,Producer Manufacturing,33.3
MEDPLUS,689.55,663.1,693.1,654.9,False,False,False,False,False,False,1.1860747726818668,19.813391789999997,1.1971281237385805,True,-0.11662304383904597,True,44.22,False,0.693668820982619,9.0,-1.21,0,True,▆▅▄▆▇▆█▃▄▅▅▇▇▇▆▆▆▇█▁,False,False,False,0,-0.04302269099993061,-0.21815295651680944,-0.07976307686159079,-0.27881661259238366,UP,False,1,23.0,IGNORE,NONE,,GREEN,C,WATCHLIST,No standout factor,Retail Trade,32.3
RML,1101.0,1092.4,1129.0,1080.5,False,False,True,True,False,False,0.5610913843072516,3.8431506,0.5570355567501718,False,-0.5068894654229769,True,30.12,False,0.6658192870958829,6.0,-1.8,0,True,▆▇▅▄▅▄█▁▇▄▄▄▆▆▆▃▆▆▇▃,False,False,False,0,-0.026008492569002173,0.19323723853907016,-0.06274887843066235,0.13257358246349593,FLAT,True,77,22.0,IGNORE,NONE,,GREEN,C,WATCHLIST,No standout factor,Producer Manufacturing,33.3
TTKPRESTIG,591.65,598.4,598.4,585.0,True,False,False,True,False,False,0.1147613772805815,5.18474728,0.09826040519181588,False,0.025771507240662673,False,47.03,True,1.15423789130088,38.0,-0.13,0,False,▆▁▂▅▅▆▇▆▅▆█▇▇▅▆█▇█▇▇,False,False,False,1,-0.08036061241936743,0.10156395457084333,-0.1171009982810276,0.040900298495269105,FLAT,True,61,22.0,IGNORE,NONE,,GREEN,C,WATCHLIST,CMF positive,Consumer Durables,32.2
JKIL,506.3,502.0,509.95,500.1,False,True,True,False,False,False,0.7046773948724584,3.58445211,0.7198124744308059,False,-0.04901561608195309,True,53.49,False,0.9725277722223233,35.0,-0.27,0,False,▆▇▇▆▇▇▆▆▁▃▆▄▇▆█▇▅▄▅▅,False,False,False,5,0.04252033357356133,0.10329047722815443,0.005779947711901157,0.04262682115258021,FLAT,True,61,22.0,IGNORE,NONE,,GREEN,C,WATCHLIST,No standout factor,Industrial Services,37.0
ATULAUTO,483.05,487.0,491.35,481.6,True,False,False,True,False,False,0.16308254368991926,3.5886750600000004,0.14702134570838396,False,-0.07021452727835235,False,54.61,True,1.3380376591078933,96.0,1.64,0,False,▆▅▇▁▂▁▁▁▄▃▃▅▂▅█▄▅▅█▇,False,False,False,7,0.020384452893958738,0.06001755540926057,-0.016355932967701436,-0.0006461006663136537,FLAT,False,51,22.0,IGNORE,SEED,,GREEN,C,WATCHLIST,Delivery P96,Consumer Durables,32.2
EIEL,194.73,199.01,200.34,193.91,True,False,False,False,False,False,1.4349920202293263,25.986893757,1.3194148286034666,False,-0.42983735116764815,False,51.42,True,1.202975856260528,95.0,1.36,0,True,▅▆▅▆▁▅▄▇▇▇▄▅▆▇▇▄█▆▅▇,False,False,False,0,-0.11550690406976749,0.049531098415436015,-0.15224728993142767,-0.01113255766013821,FLAT,False,49,22.0,IGNORE,SEED,,GREEN,C,WATCHLIST,Delivery P95,Industrial Services,37.0
TVSHLTD,13899.0,13970.0,14052.0,13875.0,True,False,False,False,False,True,0.3589474041167893,2.9424183,0.34084609370952984,False,-0.3107883692646465,False,55.5,True,1.013420980553273,66.0,0.32,0,True,▄▆▆▅▆▇▅▇▅▅█▄▅▇█▅▅▆▁▆,False,False,False,9,-0.05016059591334654,0.044252441773102946,-0.08690098177500671,-0.016411214302471278,FLAT,False,48,22.0,IGNORE,NONE,,GREEN,C,WATCHLIST,No standout factor,Producer Manufacturing,33.3
DELHIVERY,450.7,450.1,454.2,448.35,False,False,False,True,False,True,0.34873731001500774,58.27591562999999,0.3334444007999657,False,0.06055426982232886,False,46.63,False,0.8945288520564764,30.0,-0.48,0,False,▆▆▆▄▃▁▃▄▆▂▁▄█▆▅▄▄▅▅▃,False,False,False,0,-0.02561885201599834,0.023155505107832042,-0.06235923787765851,-0.03750815096774218,FLAT,False,43,22.0,IGNORE,NONE,,GREEN,C,WATCHLIST,CMF positive,Transportation,24.2
RAMCOCEM,899.05,907.0,913.5,895.0,True,False,False,False,False,False,0.9103423246123545,21.55867957,0.8811026349749658,False,-0.13475882838507422,False,63.04,True,1.154494176250824,68.0,0.49,0,True,▅▆▅█▅▃▅▄▄▃▁▅▅▅▄▅▅▄▆▅,False,False,False,5,-0.017216878006121594,0.020951623892800253,-0.05395726386778177,-0.03971203218277397,FLAT,False,43,22.0,IGNORE,NONE,,GREEN,C,WATCHLIST,No standout factor,Non-Energy Minerals,34.4
JYOTHYLAB,204.95,207.6,208.14,202.56,True,True,False,False,False,False,0.8110385147801709,16.1012819,0.8056311558161331,False,0.24788936695258257,False,46.52,False,0.9361385291838974,25.0,-0.59,0,False,▆▆▅██▇▇█▇█▇▇▁▄▆▇▄▇▇▆,False,False,False,1,0.03212972755199672,0.01985469745222912,-0.004610658309663451,-0.040808958623345104,UP,False,42,22.0,IGNORE,NONE,,GREEN,C,WATCHLIST,CMF positive,Consumer Non-Durables,34.2
JSL,701.35,718.4,720.0,700.0,True,False,False,False,False,False,0.8675097266786005,23.727722525,0.829883947669632,False,-0.030775794762180918,False,61.93,True,1.0963002301292266,88.0,1.08,0,True,▄▆▄▇▂▁▄▅▆▅▄▄▄▅█▇▃▅▅▆,False,False,False,5,-0.018060903045152177,0.009790511842200145,-0.05480128890681235,-0.05087314423337408,FLAT,False,39,22.0,IGNORE,SEED,,GREEN,C,WATCHLIST,No standout factor,Non-Energy Minerals,34.4
EVEREADY,348.95,355.05,355.05,346.35,True,False,False,True,False,False,0.6989734641049269,2.425795715,0.689675101530263,False,-0.0855915374611095,False,69.68,True,1.2997211419191779,96.0,1.72,0,True,▄▃▅▃▅▇▆▅▆▅▃▁▃▆▇▇▅▃▅█,False,False,False,0,-0.022549019607843168,0.00969328703703698,-0.05928940546950334,-0.050970369038537244,FLAT,False,39,22.0,IGNORE,SEED,,GREEN,C,WATCHLIST,Delivery P96,Producer Manufacturing,33.3
KIMS,782.5,794.6,794.6,775.0,True,False,False,True,False,True,0.4810076483649144,23.67054675,0.4674070536319448,False,-0.11459282109995665,False,55.56,False,0.8939014874224714,60.0,0.13,0,True,▁▅▃▆▂▃▂▃▂█▂▇▅▄▁▅▂▂▂▂,False,False,False,0,-0.019239205364416923,-0.003311680040759213,-0.0559795912260771,-0.06397533611633344,UP,False,36,22.0,IGNORE,NONE,,GREEN,C,WATCHLIST,No standout factor,Health Services,31.0
NORTHARC,288.35,292.6,297.9,286.5,True,True,False,True,False,True,1.0805759578434913,21.92976721,1.0856560112090652,False,-0.16156037441396945,False,55.23,False,0.9821373000560153,61.0,0.35,0,True,█▁▄▄▅▇▅▄▆▆▅▆▄▇▆▅█▅▅▅,False,False,False,0,-0.036907147628590375,-0.003800310934530926,-0.07364753349025055,-0.06446396701010515,FLAT,False,36,22.0,IGNORE,NONE,,GREEN,C,WATCHLIST,No standout factor,Finance,30.6
JKTYRE,374.7,374.0,378.0,371.7,False,False,False,False,False,False,0.48530646921159915,15.80922999,0.4590738818690234,False,-0.22945442829627552,False,58.31,True,1.219848957134788,95.0,1.8,0,True,▃▃▅▃▄▄▄▃▅▁▅▃▆▅█▃▅▆▅▆,False,False,False,1,-0.04070660522273439,-0.009385327164573742,-0.07744699108439457,-0.07004898324014797,FLAT,False,34,22.0,IGNORE,SEED,,GREEN,C,WATCHLIST,Delivery P95,Consumer Durables,32.2
TARC,124.07,121.63,125.0,121.03,False,False,False,False,False,False,0.8277285191167794,6.340857897,0.7902902613263738,False,-0.09009305719664407,False,56.83,True,1.1022430830997798,78.0,0.7,0,True,▄▄▁▅▆▅▃▆▄▆▄▃▇▄▅▅▇▇█▆,False,False,False,4,-0.056143020159756585,-0.010053458868586995,-0.09288340602141676,-0.07071711494416122,FLAT,False,34,22.0,IGNORE,NONE,,GREEN,C,WATCHLIST,No standout factor,Finance,30.6
ARIHANTSUP,254.15,246.9,256.2,246.9,False,False,False,False,False,False,0.3571996501550449,0.09134151,0.3476215145095907,False,-0.19919682262569052,False,81.39,True,1.165344635033361,94.0,1.59,0,True,▅▇▇█▆▆▅█▆▄▇▅▆▅▁▅▆▆▇▇,False,False,False,1,-0.03217821782178221,-0.010319314641744515,-0.06891860368344238,-0.07098297071731874,UP,False,34,22.0,IGNORE,SEED,,GREEN,C,WATCHLIST,Delivery P94,Finance,30.6
TEXRAIL,104.57,105.48,105.98,104.3,True,False,False,False,False,False,0.48255593906421207,6.412253313999999,0.46507653106598784,False,-0.3211719254924191,False,57.83,True,1.239245266845957,97.0,1.86,0,True,▄▆▃▄▅▅▅▇▃▁▆▄▅▅█▃█▄▄▇,False,False,False,0,-0.05005450581395354,-0.012185905913470685,-0.08679489167561372,-0.07284956198904491,FLAT,False,33,22.0,IGNORE,SEED,,GREEN,C,WATCHLIST,Delivery P97,Producer Manufacturing,33.3
SARDAEN,510.6,509.35,521.9,508.5,False,True,False,False,False,False,0.25987966718064803,20.47460046,0.25457966042951763,False,0.132184067261506,False,41.63,False,0.9096471102370808,35.0,-0.28,0,False,▅▆▄▅▅▅▅▆▆█▅▆▆▁▃▄▅▇▅▅,False,False,False,0,0.01662518666002999,-0.018925929484100323,-0.020115199201630185,-0.07958958555967455,UP,False,32,22.0,IGNORE,NONE,,GREEN,C,WATCHLIST,CMF positive,Non-Energy Minerals,34.4
V2RETAIL,219.73,220.07,222.23,219.0,True,False,False,True,False,True,0.6498760333022142,13.884716726999999,0.6524340810878414,False,-0.08988788253502855,False,45.63,False,0.8905412921923944,15.0,-0.9,0,True,▄▅▅▇▅▄▅▆▇▆▄▆█▁▅▅▅▆▄▄,False,False,False,0,0.002006475443476763,-0.016780025058170778,-0.03473391041818341,-0.077443681133745,UP,False,32,22.0,IGNORE,NONE,,GREEN,C,WATCHLIST,No standout factor,Retail Trade,32.3
ANDHRAPAP,59.96,60.65,63.33,59.62,True,False,False,False,False,False,2.1709471442406922,2.870237232,2.125954652309162,False,-0.37725033814610337,False,63.72,False,0.9010308403682178,54.0,0.06,0,True,▂▅▄▆▅▇▆▃▄█▅▅▅▅▅▇▂▂▁▃,False,False,False,0,-0.02233817055274734,-0.018979057591622994,-0.05907855641440751,-0.07964271366719722,UP,False,32,22.0,IGNORE,DISTRIBUTION,,GREEN,C,WATCHLIST,No standout factor,Process Industries,34.8
SHREDIGCEM,72.39,70.21,73.0,70.21,False,True,False,False,False,False,1.3612645688051666,0.77797533,1.3525459766239891,True,-0.11879642617631347,False,56.32,False,0.9364504007183001,50.0,-0.14,0,True,▃▆▂▄▃▃▄▄▄▄▂▂▄█▃▄▁▄▅▃,False,True,False,0,-0.04950105042016806,-0.01710794297352347,-0.08624143628182823,-0.0777715990490977,FLAT,False,32,22.0,IGNORE,NONE,,GREEN,C,WATCHLIST,No standout factor,Non-Energy Minerals,34.4
VSTTILLERS,4410.2,4435.2,4449.1,4401.0,True,False,False,False,False,False,0.2969652024632378,1.5982564799999999,0.290357226234312,False,-0.23173362615790752,False,74.05,True,1.2878148885661862,99.0,2.41,0,True,▆█▇▄█▆▅▃▂▆▅▇▇▁▃▃▆▅▅█,False,False,False,0,-0.0014716870061357579,-0.019323564074625987,-0.03821207286779593,-0.07998722015020021,UP,False,31,22.0,IGNORE,SEED,,GREEN,C,WATCHLIST,Delivery P99,Producer Manufacturing,33.3
MOSCHIP,204.89,207.75,207.9,204.5,True,False,False,False,False,False,0.35836431161749055,15.113690360999998,0.35041181083586137,False,-0.35222832463938364,False,47.41,True,1.2298313878080416,93.0,1.51,0,True,▂▃▁▄▃▆▅▄▄▇█▃▆▄▆▃▅▆▆▆,False,False,False,0,-0.11605332412960012,-0.02456557962389916,-0.1527937099912603,-0.08522923569947338,FLAT,False,30,22.0,IGNORE,SEED,,GREEN,C,WATCHLIST,Delivery P93,Electronic Technology,34.8
SRM,467.85,483.2,486.15,462.1,True,False,False,False,False,False,1.8814923036664708,7.585532760000001,1.7456647305261839,False,-0.19265255909329346,False,46.19,False,0.8694260921941762,38.0,-0.12,0,True,▄▂▃▂▄▂█▅▁▃▆▇▄▃▄▅▂▅▇▁,False,False,False,1,-0.07830969267139476,-0.026731849386311568,-0.11505007853305493,-0.08739550546188579,FLAT,False,30,22.0,IGNORE,DISTRIBUTION,,GREEN,C,WATCHLIST,No standout factor,Industrial Services,37.0
SAMHI,159.56,160.39,160.91,158.4,True,False,False,False,False,False,0.48252910201570515,7.549389928,0.4443429153005583,False,-0.11658500010006674,False,66.88,True,1.1642643269967272,92.0,1.44,0,True,▃▄█▄▆▅▄▁▆▄█▇█▅▅▄▄▄▄█,False,False,False,2,-0.10187999549701676,-0.024038167472016703,-0.13862038135867694,-0.08470182354759093,FLAT,False,30,22.0,IGNORE,SEED,,GREEN,C,WATCHLIST,Delivery P92,Consumer Services,29.9
CANFINHOME,830.45,852.0,852.35,823.0,True,True,False,False,False,True,1.0203840608607626,16.574204145000003,1.0341063051001789,False,-0.051545674905067146,False,52.81,False,0.8452237097974568,39.0,-0.2,0,True,▂▁▇▃▅█▇▇▂▆█▃▃▅▄▃▆▄▃▁,False,False,False,0,0.02033419338985132,-0.036936101124898424,-0.016406192471808856,-0.09759975720047265,UP,False,27,22.0,IGNORE,NONE,,GREEN,C,WATCHLIST,No standout factor,Finance,30.6
PREMEXPLN,665.15,663.55,671.55,663.2,False,True,False,True,False,False,0.37284412199775135,7.16965185,0.3774081933609851,False,-0.3153239858494922,False,50.52,False,0.778458338148619,87.0,0.92,0,True,▁▃▄▇▃▃▄▄▁█▅▄▆▅▃▅▆▆▅▂,False,False,False,0,0.004606554901072313,-0.03970259149642674,-0.03213383096058786,-0.10036624757200097,UP,False,26,22.0,IGNORE,SEED,,GREEN,C,WATCHLIST,No standout factor,Process Industries,34.8
ICICIAMC,3092.0,3148.9,3148.9,3088.0,True,False,False,True,False,True,0.9448024824358341,66.4232716,0.9421130880343054,False,-0.11398458349886875,False,61.77,False,0.998722695597342,62.0,0.35,0,True,▅▄▄▅▄▆▇▅▅▅▄▆▅▅▄█▇▁▄▅,False,False,False,0,-0.018412698412698436,-0.04376063089531468,-0.05515308427435861,-0.1044242869708889,UP,False,24,22.0,IGNORE,NONE,,GREEN,C,WATCHLIST,No standout factor,Finance,30.6
REFEX,293.95,294.95,296.3,293.05,False,False,False,False,False,False,0.23153332884158156,3.924379475,0.22110084384128553,False,-0.3856734969613244,False,58.41,True,1.2593247380449313,96.0,1.55,0,True,▆█▁▆▅▅▅▇▇▆▃▅██▄▆▅▇▇█,False,False,False,0,-0.06977848101265827,-0.054823151125401925,-0.10651886687431844,-0.11548680720097615,UP,False,22,22.0,IGNORE,SEED,,GREEN,C,WATCHLIST,Delivery P96,Energy Minerals,40.7
APOLLO,384.55,387.3,394.5,380.3,True,False,False,True,False,True,1.216276876809622,214.584399065,1.1987595649074334,False,-0.12703011129683295,False,23.39,False,0.7593416225692303,25.0,-0.69,0,True,▂▃▁▂▁▂▃▁▃▅▆▂█▃▂▄▄▂▂▁,False,False,False,0,-0.024727364950545283,-0.06069858329262323,-0.06146775081220546,-0.12136223936819746,UP,False,20,22.0,IGNORE,NONE,,GREEN,C,WATCHLIST,No standout factor,Electronic Technology,34.8
HEMIPROP,130.58,131.0,131.5,130.38,True,False,False,False,False,False,0.48251147592088184,2.271752492,0.46237550625557206,False,-0.35383846129678226,False,63.45,True,1.1419572553430821,92.0,1.38,0,True,▅▄▂▄▇▂▅▄▅▅▇▁▇█▆▄▅▆▇▆,False,False,False,0,-0.020919247207017988,-0.06974424734629903,-0.05765963306867816,-0.13040790342187325,UP,False,18,22.0,IGNORE,SEED,,GREEN,C,WATCHLIST,Delivery P92,Finance,30.6
FLAIR,248.8,253.95,254.25,247.7,True,False,False,False,False,False,0.6179499100213324,2.4190824,0.6088222982013602,False,-0.11606956205559202,False,68.11,True,1.1254223845206914,90.0,1.38,0,True,▁▆▁▃▂▃▄▇▄▆▆▂▆█▁▇▃▂▄▅,False,False,False,0,-0.014653465346534555,-0.080051765575892,-0.05139385120819473,-0.14071542165146622,UP,False,16,22.0,IGNORE,SEED,,GREEN,C,WATCHLIST,Delivery P90,Producer Manufacturing,33.3
SHALBY,152.96,153.7,155.75,151.83,True,False,False,False,False,False,0.8464716809114213,0.852813184,0.8120262965975542,False,-0.3514810750950793,False,64.19,True,1.0698689956331877,92.0,1.26,0,True,▇▅▅▅▃▅▄▇▁▃▃▅█▆▅▅▄▅▇▆,False,False,False,0,-0.062170447578172805,-0.0945361984253833,-0.09891083343983298,-0.15519985450095752,UP,False,12,22.0,IGNORE,SEED,,GREEN,C,WATCHLIST,Delivery P92,Health Services,31.0
EPACK,202.8,203.8,205.35,202.1,True,False,False,False,False,False,0.6954168456683811,5.4921282,0.6356505466800528,False,-0.40072650477331806,False,58.01,True,1.218940754982612,97.0,1.53,0,True,▃▄▆▂▅▅▁█▆▁▄▃▆▄▇▇▆▆██,False,False,False,0,-0.13543931449034396,-0.10829705843556259,-0.17217970035200414,-0.1689607145111368,FLAT,False,10,22.0,IGNORE,SEED,,GREEN,C,WATCHLIST,Delivery P97,Producer Manufacturing,33.3
SYNGENE,407.25,395.7,411.75,395.7,False,True,False,False,False,False,0.5515911702070085,38.829373425,0.5610263999298111,False,0.24856999330155077,False,49.88,False,0.8983502629493553,40.0,-0.17,0,False,▇██▁▄▅▅▅▄██▆█▆▇█▇▄▇▅,False,False,False,0,0.0014754703061601315,-0.11187438665358196,-0.03526491555550004,-0.17253804272915618,UP,False,9,22.0,IGNORE,NONE,,GREEN,C,WATCHLIST,CMF positive,Commercial Services,25.4
RESPONIND,155.06,156.0,159.39,154.15,True,False,False,False,False,False,1.6523430166653053,2.6817627,1.5236862038593373,False,-0.47962229132453116,False,12.28,False,0.3332067075487057,8.0,-1.43,0,True,▅▅▄▄▃▅▄▅▄▅▄█▃▅▇▅▄▃▄▁,False,False,False,0,-0.11907737757073067,-0.11257368511417609,-0.15581776343239084,-0.17323734118975032,UP,False,9,22.0,IGNORE,DISTRIBUTION,,GREEN,C,WATCHLIST,No standout factor,Non-Energy Minerals,34.4
DSSL,1097.1,1093.7,1103.9,1082.1,False,False,False,False,False,False,0.8530122736700925,3.00034908,0.7785137760472567,False,-0.21354944733756429,False,62.29,True,1.0399692800854814,92.0,1.22,0,True,▃▄▁▆▄▆▆▇▅▄▇▆▇█▇▅▆▄▅▆,False,False,False,0,-0.11566983717556023,-0.14562728759442412,-0.1524102230372204,-0.20629094366999834,UP,False,6,22.0,IGNORE,SEED,,GREEN,C,WATCHLIST,Delivery P92,Technology Services,35.4
SHAREINDIA,174.13,175.0,176.77,173.2,True,True,True,True,False,False,0.4699225095265309,4.913269493,0.45811152709326036,False,-0.24602782054956027,False,42.78,False,0.8948199587939384,45.0,0.02,0,True,▂▃▅▅▃▁▅▃▇▆▄█▅▄▄▄▇▅▅▃,False,False,False,0,-0.0910372187712063,0.27680011731925513,-0.12777760463286647,0.2161364612436809,FLAT,True,86,21.0,IGNORE,NONE,,GREEN,C,WATCHLIST,No standout factor,Finance,30.6
INDNIPPON,1105.7,1105.0,1123.2,1095.3,False,False,True,True,False,True,0.2816398377509631,1.09862352,0.2713915857048524,False,-0.0867754434606935,False,45.45,False,0.9354931664745597,32.0,-0.27,0,True,▅▄▅▅▃▁▅▇▆▄▃▃▃▅▆▅█▇▄▄,False,False,False,0,-0.07704507512520864,0.2420106711597867,-0.11378546098686881,0.18134701508421247,FLAT,True,83,21.0,IGNORE,NONE,,GREEN,C,WATCHLIST,No standout factor,Producer Manufacturing,33.3
RPGLIFE,2636.6,2654.8,2672.9,2612.2,True,False,True,True,False,True,0.2804540404545107,1.25792186,0.2652062546336814,False,-0.152656781662813,False,47.23,False,0.986517112092824,26.0,-0.49,0,True,▃▄▁▇▃▃▃▄▇▄██▆▂▄▃▃▇▆▄,False,False,False,0,-0.10228123935989109,0.18942572292145998,-0.13902162522155126,0.12876206684588576,FLAT,True,77,21.0,IGNORE,NONE,,GREEN,C,WATCHLIST,No standout factor,Health Technology,31.5
CENTENKA,569.15,573.1,580.0,558.5,False,False,True,True,False,True,0.1663052768959047,3.17984105,0.15653954399107076,False,-0.5168330059529727,False,47.3,False,0.9429166625135805,12.0,-1.1,0,False,▇▁▁▄▅█▇██▆▇▇▇▇▇█▆▇▆▆,False,False,False,8,-0.008794845001741658,0.13399083482765484,-0.04553523086340183,0.07332717875208061,FLAT,True,67,21.0,IGNORE,NONE,,GREEN,C,WATCHLIST,No standout factor,Process Industries,34.8
CANTABIL,244.81,249.29,250.28,241.0,True,True,True,False,False,False,1.2566153282411623,8.93262728,1.2898754900364227,False,-0.10902675458089679,False,52.2,False,0.9822739076436718,48.0,0.01,0,True,▅▅▄▅▄▄█▁▅▄▅▆▆▄▅▅▅▇▂▅,False,False,False,0,0.020764708335070603,0.12794876520457055,-0.01597567752658957,0.06728510912899632,FLAT,True,66,21.0,IGNORE,NONE,,GREEN,C,WATCHLIST,No standout factor,Consumer Non-Durables,34.2
GLOBUSSPR,906.4,909.7,909.7,898.4,False,True,True,False,True,False,0.3716608816922904,3.52063888,0.37817846565062146,False,-0.30948343021917885,False,50.28,False,0.9511918274687855,63.0,0.41,0,True,▄▅▅▅▄▆▄▆▃▁▃▇▆▄▄▇█▄▅▄,False,False,False,0,0.029473564654437956,0.0632881693940992,-0.007266821207222218,0.002624513318524979,FLAT,True,52,21.0,IGNORE,NONE,,GREEN,C,WATCHLIST,No standout factor,Consumer Non-Durables,34.2
NINSYS,715.2,716.0,726.0,705.0,True,False,False,True,False,False,1.2087735745475123,0.51179712,1.1393497069522855,False,-0.07975961166414908,True,63.72,True,1.0616284300494827,60.0,0.25,0,True,▃▃▃▃▅▅█▁▄▅▃▃▆█▇▅▅▅▇▅,False,False,False,0,-0.174705746595892,0.036671981446586566,-0.21144613245755217,-0.023991674628987658,FLAT,False,46,21.0,IGNORE,NONE,,GREEN,C,WATCHLIST,No standout factor,Technology Services,35.4
AKCAPIT,1748.0,1765.0,1779.0,1745.0,True,True,True,True,False,True,0.6065886802246899,0.2859728,0.6141550043931723,False,-0.241931342382583,True,74.03,False,0.9443806607985713,22.0,-0.78,0,False,▆▅▇▂▁▅▃█▃▄▇▁▆▂▅▄▄▆▄▃,False,False,False,0,-0.00062889486021378,0.03425832790959116,-0.037369280721873954,-0.026405328165983066,FLAT,False,46,21.0,IGNORE,NONE,,GREEN,C,WATCHLIST,No standout factor,Finance,30.6
UBL,1348.9,1339.0,1355.0,1325.4,False,False,False,False,False,False,0.6152794162546136,9.18803235,0.5887045740900269,False,-0.27804308509185444,True,51.21,False,0.9748529439759381,42.0,-0.38,0,True,▃▅▃▂▆▃█▂▄▁▃▄▅▂▅▅▃▄▄▃,False,False,False,6,-0.035535535535535456,-0.0032513116086602123,-0.07227592139719563,-0.06391496768423444,FLAT,False,36,21.0,IGNORE,NONE,,GREEN,C,WATCHLIST,No standout factor,Consumer Non-Durables,34.2
KSB,801.85,806.5,808.9,790.0,True,False,False,False,False,False,0.5841781523155627,8.551249140000001,0.5739698542465763,False,-0.28479548081401007,True,65.47,True,1.2479508977926879,92.0,1.28,0,False,▃▇▇▇▅▅▁▄▇█▆▆█▇▇▆▆▅▇█,False,False,False,0,-0.07412966918769115,-0.03947053186391947,-0.11087005504935132,-0.10013418793949369,FLAT,False,26,21.0,IGNORE,SEED,,GREEN,C,WATCHLIST,Delivery P92,Producer Manufacturing,33.3
XPROINDIA,1142.0,1121.1,1153.7,1101.0,False,False,False,False,False,False,0.56583548565763,7.3092568,0.5491320426689129,False,-0.2070774770346118,True,63.6,True,1.1301342478654501,79.0,0.66,0,True,█▆▄▇▆▂▄▆▁▃▆▂▆▇▄▇█▅▅▇,False,False,False,1,-0.17616505554754003,-0.053930908789661114,-0.2129054414092002,-0.11459456486523534,FLAT,False,22,21.0,IGNORE,NONE,,GREEN,C,WATCHLIST,No standout factor,Process Industries,34.8
MHRIL,221.79,221.05,224.36,220.0,False,False,False,False,False,False,0.5167329611144742,1.323354393,0.5104367330205715,False,0.04849690781631125,False,58.92,True,1.0346099141336986,61.0,0.32,0,True,█▅▇▅▃▄▂▅▆▄▁▄▄▅▄▂▄▄▆▅,False,False,False,0,0.013433858807402332,-0.05809657281182323,-0.023306527054257842,-0.11876022888739746,UP,False,21,21.0,IGNORE,NONE,,GREEN,C,WATCHLIST,CMF positive,Consumer Services,29.9
REDTAPE,122.88,123.98,124.49,122.31,True,False,False,False,False,False,0.23639581021849496,1.571131392,0.2204109891286494,False,-0.31525407711270026,True,52.19,True,1.0140084322601952,70.0,0.57,0,True,▅▆▅▅▄█▇▆▆▆▁▅▅▆▇▅▅▆▅▅,False,False,False,0,-0.030685493413268095,-0.08209456935833281,-0.06742587927492827,-0.14275822543390704,UP,False,15,21.0,IGNORE,NONE,,GREEN,C,WATCHLIST,No standout factor,Retail Trade,32.3
WIPRO,184.0,183.55,185.84,183.1,False,True,True,False,False,False,0.4949032297195029,131.701128,0.499199774606676,False,0.016535923639239388,False,43.84,False,0.9279092409939468,26.0,-0.63,0,False,▂▅▅▄▂▅█▇▅▃▄▂▆▆▁▂▃▁▂▃,False,False,False,0,0.045454545454545414,-0.09945184025058729,0.00871415959288524,-0.1601154963261615,UP,False,11,21.0,IGNORE,NONE,,GREEN,C,WATCHLIST,CMF positive,Technology Services,35.4
AWHCL,383.85,380.7,386.0,376.55,False,False,False,False,False,False,0.45201058225946156,2.5820054100000003,0.43105500680051556,False,-0.2676257380787635,True,52.39,True,1.010707051220218,71.0,0.68,0,True,▅▆▃█▅▇▅▆▇▆▅▁▅▆▆▆▆▄▅▅,False,False,False,0,-0.11432856483617893,-0.1372218476062036,-0.1510689506978391,-0.19788550368177782,UP,False,6,21.0,IGNORE,NONE,,GREEN,C,WATCHLIST,No standout factor,Transportation,24.2
AXISCADES,1597.5,1604.9,1621.7,1570.0,True,True,False,True,False,False,0.5607173364551257,14.49204075,0.5763811939217204,False,0.00091468830871312,False,45.01,False,0.8183338787680449,7.0,-1.0,0,False,▅▄█▄▅▆▄▄▃▄▄▄▁▃▁▂▄▂▃▂,False,False,False,0,-0.006529850746268662,-0.17975970425138632,-0.043270236607928836,-0.24042336032696054,UP,False,3,21.0,IGNORE,NONE,,GREEN,C,WATCHLIST,CMF positive,Commercial Services,25.4
INA,94.44,94.17,94.93,93.21,False,False,False,False,False,False,0.5619982342961062,3.34194828,0.510052952042007,False,-0.07633060613667414,True,50.44,True,1.0583409393720034,55.0,0.2,0,True,▃▅▃▆▅▅▂█▆▆▇▂▃▃▁▅▆▆▃▅,False,False,False,0,-0.1637297440892589,-0.17656290871043678,-0.20047012995091906,-0.237226564786011,UP,False,3,21.0,IGNORE,NONE,,GREEN,C,WATCHLIST,No standout factor,Electronic Technology,34.8
HINDWAREAP,198.63,199.55,199.99,196.1,False,False,False,False,False,False,0.3063900874243272,1.198553283,0.29574690293817757,False,0.02570951809369908,False,60.75,True,1.0200312305858252,72.0,0.53,0,True,▄▂▂▄▅▄▄▄▄▃██▆▃▁█▅▇▇▅,False,False,False,0,-0.06262387918829637,-0.2111283212200643,-0.09936426504995655,-0.27179197729563853,UP,False,2,21.0,IGNORE,NONE,,GREEN,C,WATCHLIST,CMF positive,Producer Manufacturing,33.3
TCC,252.7,253.85,256.05,249.6,False,False,False,False,False,False,0.39005757764934407,0.45314163999999996,0.36011210286382117,False,-0.3179962167840751,True,75.9,True,1.1853448275862069,82.0,0.92,0,True,▃▇█▃█▁▇▃▄▃▁▅▅▃▂▄▄▄▄▆,False,False,False,0,-0.07249036520462471,-0.2886699507389163,-0.10923075106628488,-0.34933360681449055,UP,False,1,21.0,IGNORE,NONE,,GREEN,C,WATCHLIST,No standout factor,Distribution Services,31.7
GOODLUCK,490.9,493.2,494.4,469.8,True,False,False,False,False,False,1.9488319919911468,31.726719730000003,0.6775637865631123,False,-0.07772528029117735,True,30.78,False,0.6029501067601716,2.0,-2.2,0,True,▇▄▆▇▇▆█▇▁▄▆▄▅▆▅▆▇▆▅▂,False,False,False,0,-0.6752447737496692,-0.6261803228754188,-0.7119851596113294,-0.686843978950993,FLAT,False,0,21.0,IGNORE,NONE,,GREEN,C,WATCHLIST,No standout factor,Non-Energy Minerals,34.4
MRF,132665.0,134100.0,134195.0,132420.0,True,False,True,False,False,False,0.6673804425410421,37.2125325,0.6668106328305885,False,-0.07769969259139714,False,47.39,True,1.007783259612113,81.0,0.85,0,True,▆▇▄▄▆▅▄▅▄▅▆▁▄▄▇▅▆▅█▅,False,False,False,0,0.014607471989598775,0.05696530295183844,-0.0221329138720614,-0.003698353123735787,FLAT,False,50,20.0,IGNORE,NONE,,GREEN,C,WATCHLIST,No standout factor,Consumer Durables,32.2
DCMSHRIRAM,1082.1,1085.0,1099.9,1074.7,False,True,True,False,True,False,0.8913919177108751,22.715876039999998,0.924100891313962,False,-0.4169694445848271,False,38.83,False,0.8867220059145249,28.0,-0.42,0,False,▇▄▁▃▄▅▅▅▆▅█▅▇▂▆▇▂▅▆▄,False,False,False,2,0.07586001193080127,0.05283129013426735,0.0391196260691411,-0.007832365941306874,UP,False,49,20.0,IGNORE,NONE,,GREEN,C,WATCHLIST,No standout factor,Producer Manufacturing,33.3
HAWKINCOOK,7980.0,8087.5,8144.0,7980.0,True,False,False,True,False,True,0.5944442944685905,0.878598,0.5629603982600832,False,-0.42981105392511176,False,79.04,True,1.241303494307028,83.0,0.91,0,True,▆▇▁▆▆▅▅▆▆▆▆▅▅▇▆█████,False,False,False,0,-0.0921501706484642,0.03987490226739632,-0.12889055651012438,-0.020788753808177907,FLAT,False,47,20.0,IGNORE,NONE,,GREEN,C,WATCHLIST,No standout factor,Producer Manufacturing,33.3
EPACKPEB,234.35,235.0,235.0,230.35,False,False,False,True,False,False,0.1987153317530017,8.693892864999999,0.18402121882778352,False,-0.02946909776063678,False,42.85,True,1.1971447329822453,60.0,0.31,0,True,▅▅▅▇▆▆▁▄▅▅▆▄█▆▇█▇▇▅▇,False,False,False,0,-0.06911618669314801,0.03115237382848579,-0.10585657255480818,-0.029511282247088433,FLAT,False,45,20.0,IGNORE,NONE,,GREEN,C,WATCHLIST,No standout factor,Industrial Services,37.0
MUKANDLTD,137.21,137.6,139.67,135.61,False,False,False,True,False,True,0.6135350616879806,1.4195197760000002,0.6114249591124291,False,-0.42079678145658633,False,64.59,True,1.1739154141146109,86.0,1.05,0,True,▇▇▆▆▇█▇▆▆▅▆▆▁▇▆▆▇▇█▇,False,False,False,0,-0.008598265895953694,0.02227685888839237,-0.04533865175761387,-0.038386797187181854,FLAT,False,43,20.0,IGNORE,SEED,,GREEN,C,WATCHLIST,No standout factor,Non-Energy Minerals,34.4
EFCIL,191.61,188.4,192.3,188.13,False,True,True,False,False,False,0.43233837505019407,2.692216305,0.44267669600021625,False,-0.1413139751570973,False,63.65,True,1.1135019768377594,81.0,0.79,0,True,▄▇▄▃▄▄█▄▅▄▄▅▂▅▄▅▁▁▆▅,False,False,False,0,-0.018894009216589902,0.01920212765957463,-0.055634395078250076,-0.04146152841599959,FLAT,False,42,20.0,IGNORE,NONE,,GREEN,C,WATCHLIST,No standout factor,Distribution Services,31.7
ACCELYA,1138.6,1135.5,1149.0,1131.1,True,True,True,False,False,False,0.8572864710203766,0.63112598,0.8506112975227901,False,-0.29907772756605705,False,63.32,False,0.9415263373108806,59.0,0.24,0,True,▂▄▄▁▃▄▃▅▄▇▁▄▆▄▃▅▄▆█▃,False,False,False,3,-0.01751661057899745,0.018972614999104964,-0.05425699644065762,-0.04169104107646926,FLAT,False,42,20.0,IGNORE,NONE,,GREEN,C,WATCHLIST,No standout factor,Technology Services,35.4
MGL,1114.2,1137.8,1145.4,1110.6,True,False,False,False,False,False,0.3545376975386563,17.07377796,0.35205362395049766,False,-0.23965870562973646,False,54.43,True,1.0285433535842174,67.0,0.38,0,True,▅▅▆▁▃▄▅▄▅█▆▆▆▅▃▅▅▁▄▅,False,False,False,0,0.034540389972144814,0.01762718056443502,-0.0021999958895153604,-0.043036475511139205,UP,False,41,20.0,IGNORE,NONE,,GREEN,C,WATCHLIST,No standout factor,Utilities,29.3
GPTHEALTH,150.64,151.5,152.85,149.93,True,False,False,True,False,True,0.3453921249317191,1.3187326879999999,0.3190087463560638,False,-0.10214193466415551,False,62.05,True,1.149957837968068,72.0,0.41,0,False,▆▆▆▃▂▆▁▅▄█▇▅▅▆▆█▆▅▅▆,False,False,False,5,-0.056376847907792516,0.016670041168927563,-0.09311723376945269,-0.04399361490664666,FLAT,False,41,20.0,IGNORE,NONE,,GREEN,C,WATCHLIST,No standout factor,Health Services,31.0
JASH,472.5,483.45,484.5,468.8,True,False,False,True,False,False,1.0954103207056265,5.38012125,1.0390897732025053,False,-0.014396391982999157,False,63.06,True,1.2001712899081698,80.0,0.83,0,True,▆▅▇▅▃▇▇▇▇▆▄▃▄▆▇▆█▁██,False,False,False,0,-0.06988188976377951,0.01275318829707417,-0.10662227562543969,-0.047910467778500054,FLAT,False,40,20.0,IGNORE,NONE,,GREEN,C,WATCHLIST,No standout factor,Producer Manufacturing,33.3
NIRLON,626.65,631.0,632.0,623.0,False,True,True,True,False,True,0.3985240700721872,0.217259555,0.39796728186877073,False,-0.3909127598748303,False,55.65,False,0.8603031544448997,7.0,-1.39,0,False,▇▇▇▇▆▆▇▇█▇▁▄▆▆▆▇▇▆▇▆,False,False,False,2,0.0026399999999999757,0.012195121951219523,-0.0341003858616602,-0.0484685341243547,UP,False,40,20.0,IGNORE,NONE,,GREEN,C,WATCHLIST,No standout factor,Finance,30.6
CAPITALSFB,284.7,285.0,286.05,283.5,True,False,False,True,False,True,0.49149455195966824,0.43021017,0.4772468460020738,False,-0.19013853936891048,False,82.4,True,1.3448121098372028,96.0,1.69,0,False,▃▄▁▃▃▂▂▅▅▅▃▂▄▁▅▅▃█▃▇,False,False,False,0,-0.025000000000000022,0.010649627263045858,-0.061740385861660196,-0.050014028812528366,FLAT,False,39,20.0,IGNORE,SEED,,GREEN,C,WATCHLIST,Delivery P96,Finance,30.6
BAJAJHFL,84.85,85.99,85.99,84.8,True,False,False,False,False,False,0.5772202494489561,15.522450514999997,0.5705157969654637,False,-0.2191084909354549,False,56.03,True,1.0519102600206516,63.0,0.32,0,True,▆▃▃▂▂▄▁▅▇▆▆▃▆▆▇▅▄█▃▅,False,False,False,0,0.007839410856396167,0.003073649367537401,-0.028900975005264007,-0.05759000670803682,UP,False,37,20.0,IGNORE,NONE,,GREEN,C,WATCHLIST,No standout factor,Finance,30.6
LUPIN,2233.9,2255.0,2263.1,2230.1,True,False,False,False,False,True,0.4814604301948647,128.45639848,0.45258045485791704,False,-0.04120043515404441,False,62.6,True,1.0264482594651319,74.0,0.61,0,True,▆▆▆▆▇▆▆█▆▁▄▄▅▆▅▅▆▇▄▆,False,False,False,2,-0.08566633922724287,-0.007067294870655161,-0.12240672508890305,-0.06773095094622938,FLAT,False,35,20.0,IGNORE,NONE,,GREEN,C,WATCHLIST,No standout factor,Health Technology,31.5
FORCEMOT,17770.0,17885.0,18011.0,17730.0,True,False,False,False,False,False,0.42728369501610436,72.595781,0.4178974801252711,False,-0.09890670843359119,False,36.38,True,1.1981885549608893,90.0,1.23,0,False,▆▂▂▁▄▄▁▄▆▄▄▄▄▅▆▃▇█▄▆,False,False,False,0,0.008513053348467636,-0.006818689917281517,-0.028227332513192538,-0.06748234599285574,UP,False,35,20.0,IGNORE,SEED,,GREEN,C,WATCHLIST,Delivery P90,Consumer Durables,32.2
PARACABLES,62.5,63.05,63.75,62.2,True,False,False,True,False,False,0.3990075211017914,4.2726875,0.38007158437172145,False,-0.15287099850011265,False,53.71,True,1.0970515845052442,68.0,0.52,0,True,▅▆▆▇▆▂▇▅▄▆▄▅▅▅▁▆▄█▅▆,False,False,False,0,0.0139519792342635,-0.02526512788521529,-0.022788406627396673,-0.08592878396078951,UP,False,30,20.0,IGNORE,NONE,,GREEN,C,WATCHLIST,No standout factor,Producer Manufacturing,33.3
GILLETTE,7498.5,7515.0,7555.0,7490.0,True,False,False,False,False,False,0.7457663887194088,10.31118735,0.7281980809742316,False,-0.3643046069072912,False,63.51,True,1.158159636741616,85.0,0.99,0,True,▄▅▄▁▇▅▆▅▅▇▆▆▇▅▅▇▇█▅▇,False,False,False,0,-0.04215366928530373,-0.0294460264043489,-0.0788940551469639,-0.09010968247992313,UP,False,29,20.0,IGNORE,SEED,,GREEN,C,WATCHLIST,No standout factor,Consumer Non-Durables,34.2
ZYDUSWELL,490.8,501.3,504.3,490.05,True,False,False,True,False,False,0.313900808209282,5.27394048,0.28474359438202534,False,-0.09775266843158906,False,47.84,True,1.1624205756217274,71.0,0.63,0,True,▅▆▃▅▆▆▁▇▄▇▆▆▅▇▇▆█▇██,False,False,False,0,-0.1283189770002663,-0.030039525691699542,-0.16505936286192646,-0.09070318176727377,FLAT,False,28,20.0,IGNORE,NONE,,GREEN,C,WATCHLIST,No standout factor,Consumer Non-Durables,34.2
UTIAMC,893.05,896.0,900.0,892.2,True,False,False,False,False,False,0.2221376302503935,3.476018515,0.22068850397768838,False,0.04309548984357421,True,51.0,False,0.828540793449654,35.0,-0.41,0,True,▁▄▂▁▂▆▄█▄▅▃▅▄▅▄▂▅▆▂▂,False,False,False,0,0.013217608350351684,-0.033024741486654796,-0.02352277751130849,-0.09368839756222902,UP,False,28,20.0,IGNORE,NONE,,GREEN,C,WATCHLIST,CMF positive,Finance,30.6
AAVAS,1355.3,1364.8,1374.6,1351.0,True,False,False,False,False,False,0.7965272005172255,7.305067,0.774614339104105,False,-0.06390887671501601,False,61.71,True,1.1767510154268608,69.0,0.28,0,True,▃▂▂▅▆▁▄▂▂▃▃▆▃▂▅█▅▄▅▆,False,False,False,0,-0.017186366932559816,-0.03585402290673689,-0.05392675279421999,-0.09651767898231112,UP,False,27,20.0,IGNORE,NONE,,GREEN,C,WATCHLIST,No standout factor,Finance,30.6
DBL,414.6,415.0,417.85,413.5,True,False,False,False,False,False,0.047235140093538644,2.8083760200000003,0.04567124823035192,False,0.2114098469288225,False,51.86,True,1.3349464579901154,82.0,0.87,0,False,▁▁▃▅▃▂▃▄▅▆▂▄▅▄▅▄▆▆█▅,False,False,False,0,-0.013444378346222474,-0.03693379790940765,-0.05018476420788265,-0.09759745398498187,UP,False,27,20.0,IGNORE,NONE,,GREEN,C,WATCHLIST,CMF positive,Industrial Services,37.0
BSOFT,303.75,310.4,311.25,302.2,True,False,False,False,False,False,0.39761226004576655,22.782677625,0.38960708840619335,False,-0.19011681841305952,False,53.38,True,1.2523460960960962,93.0,1.5,0,False,▇▂▁▃▄▆▅▆▄▃▆▇█▆▇▇█▅▅▇,False,False,False,0,0.07560198300283294,-0.03876582278481011,0.038861597141172766,-0.09942947886038433,UP,False,26,20.0,IGNORE,SEED,,GREEN,C,WATCHLIST,Delivery P93,Technology Services,35.4
ICICIGI,1617.0,1627.3,1634.8,1613.5,True,False,False,False,False,False,1.148479266610775,148.2129264,1.121433066809127,False,-0.15708210179469417,False,70.92,True,1.207272232057742,88.0,1.16,0,True,▂▁▄▄▇▅▅▂█▃▅▅█▇▆▄▇▅▄█,False,False,False,0,-0.02695871946082562,-0.04641151147018929,-0.0636991053224858,-0.10707516754576352,UP,False,24,20.0,IGNORE,SEED,,GREEN,C,WATCHLIST,No standout factor,Finance,30.6
ONESOURCE,1535.0,1539.5,1548.7,1525.9,False,False,False,False,False,False,0.21898217879152274,7.703858,0.2081435331918102,False,-0.02940813979448648,False,56.53,True,1.0895039124233896,73.0,0.51,0,True,▁▂▂▁▂▃▁▃█▄▁▄▅▂▄▄▇▁▁▄,False,False,False,0,-0.07189068262893772,-0.04806201550387601,-0.10863106849059789,-0.10872567157945023,UP,False,23,20.0,IGNORE,NONE,,GREEN,C,WATCHLIST,No standout factor,Health Technology,31.5
EUREKAFORB,415.0,418.0,418.95,409.55,True,False,False,False,False,False,0.9826935896687616,7.790795,0.9127283324284794,False,-0.2045051050848702,False,67.85,True,1.2434141201264488,90.0,1.22,0,False,▇▅▅▄▆▆▄▆▅▅▅▇▁▅▅▇▆█▅▇,False,False,False,0,-0.03968529445794278,-0.05305191100969764,-0.07642568031960295,-0.11371556708527186,UP,False,22,20.0,IGNORE,SEED,,GREEN,C,WATCHLIST,Delivery P90,Producer Manufacturing,33.3
ELCIDIN,109000.0,109000.0,109100.0,109000.0,False,False,False,False,False,False,0.44871794871794873,0.0763,0.43862649545478327,False,0.15051335846977543,False,87.5,True,1.238973139062345,88.0,0.93,0,False,▅▆▆▆█▅▃▅▁▆▅▅▅▇▁▃▆▇█▇,False,False,False,0,-0.004566210045662156,-0.05192658954509877,-0.04130659590732233,-0.11259024562067299,UP,False,22,20.0,IGNORE,SEED,,GREEN,C,WATCHLIST,CMF positive,Finance,30.6
IREDA,115.0,115.04,115.75,114.71,False,False,False,False,False,False,0.46753564129619235,26.889921,0.4498038038067887,False,-0.029701108954422385,False,37.62,True,1.0433046299762887,76.0,0.69,0,True,▄▇▃▂█▃▁▄▅▄▅▆▆▆▄▃█▅▅▅,False,False,False,0,-0.04548472775564416,-0.058380414312617646,-0.08222511361730434,-0.11904407038819187,UP,False,21,20.0,IGNORE,NONE,,GREEN,C,WATCHLIST,No standout factor,Finance,30.6
SRF,2571.9,2576.4,2589.3,2568.2,True,False,False,False,False,False,0.46398911229568757,44.832332040000004,0.4545499815795683,False,-0.22460863881822166,False,61.93,True,1.1552272494100748,79.0,0.79,0,True,█▃▂▇▄▃▄▄▆▆▅▄▂▁▄▂▃▃▁▆,False,False,False,0,-0.034825683941907104,-0.062376959533357645,-0.07156606980356728,-0.12304061560893187,UP,False,19,20.0,IGNORE,NONE,,GREEN,C,WATCHLIST,No standout factor,Process Industries,34.8
HINDPETRO,363.25,364.0,367.0,362.25,False,False,False,False,False,False,0.5964653326106732,136.117076325,0.558958061102821,False,-0.04922487830799989,False,56.82,True,1.0419761236727734,80.0,0.8,0,True,▁▃▅▆█▄▆▅▄█▇▅██▅▃▄▄▂▆,False,False,False,0,-0.04683810023615853,-0.06595525842118788,-0.0835784860978187,-0.1266189144967621,UP,False,18,20.0,IGNORE,NONE,,GREEN,C,WATCHLIST,No standout factor,Energy Minerals,40.7
INTELLECT,691.25,688.0,694.9,678.0,False,False,False,False,False,False,0.43740988848331364,16.22018125,0.41889205138558644,False,-0.1022663568701034,False,51.92,True,1.0632045624417665,81.0,0.88,0,True,▆▆▆▆▁▅▅▅▇▆▇▆█▆█▆▇▇▄▆,False,False,False,0,-0.05592734225621421,-0.06971267074894016,-0.09266772811787438,-0.1303763268245144,UP,False,18,20.0,IGNORE,NONE,,GREEN,C,WATCHLIST,No standout factor,Technology Services,35.4
LATENTVIEW,278.1,281.4,281.8,277.35,True,False,False,False,False,False,0.2839704529577404,7.165886130000001,0.2610911948231983,False,-0.12682068416869588,False,44.03,True,1.0260174537150315,59.0,0.33,0,True,▁▄▅▆▆▃▆▇▅▄▆██▇▇▆▇▇▄▆,False,False,False,0,-0.06063165005911164,-0.07684647302904557,-0.09737203592077182,-0.1375101291046198,UP,False,16,20.0,IGNORE,NONE,,GREEN,C,WATCHLIST,No standout factor,Commercial Services,25.4
SUNTV,472.05,478.0,478.6,470.7,True,False,False,False,False,False,0.6248823431587923,14.110188165,0.6000162658711022,False,-0.47707741706897105,False,54.5,True,1.0296909982334659,78.0,0.79,0,True,▅█▄▄▄▄▅▅▅▄▄▄▅▁▄▃▅▅▄▅,False,False,False,0,-0.030499075785582197,-0.08286380415776184,-0.06723946164724237,-0.14352746023333607,UP,False,15,20.0,IGNORE,NONE,,GREEN,C,WATCHLIST,No standout factor,Consumer Services,29.9
TVSSCS,121.44,123.1,124.2,121.2,True,False,False,False,False,True,0.38771213726412745,2.546329632,0.3657030710800644,False,-0.5080438372809937,False,58.77,True,1.09999532076178,79.0,0.74,0,True,▇▇███▇█▅█▇▆▅▁▅▇▆▆▅▆▇,False,False,False,0,-0.08780890858559298,-0.08180855889913796,-0.12454929444725316,-0.14247221497471219,UP,False,15,20.0,IGNORE,NONE,,GREEN,C,WATCHLIST,No standout factor,Transportation,24.2
GMRP&UI,96.58,98.58,98.58,96.0,True,False,False,False,False,False,1.06787555355832,7.784879190000001,1.0554644708320424,False,-0.036955798594027374,False,52.15,True,1.0081190798376185,65.0,0.27,0,True,▄▃▃▆▇▆▄▇▅▁█▅▃▃▄▄▄▃▂▄,False,False,False,0,-0.01034942104723846,-0.08515676802121808,-0.047089806908898635,-0.1458204240967923,UP,False,14,20.0,IGNORE,NONE,,GREEN,C,WATCHLIST,No standout factor,Industrial Services,37.0
RAYMONDLSL,726.95,731.0,736.4,723.75,True,False,False,False,False,False,0.4034754077724626,5.731928055,0.4011097829027409,False,-0.2038945248496304,False,64.75,True,1.3033807381462805,100.0,2.19,0,False,▇▃▅▃▄▄▁▅▅▆▆▃▆▅▂▆▇▄▅█,False,False,False,0,0.01678439051681946,-0.085309845863479,-0.019955995344840716,-0.14597350193905323,UP,False,14,20.0,IGNORE,SEED,,GREEN,C,WATCHLIST,Delivery P100,Consumer Non-Durables,34.2
METROBRAND,912.5,914.3,922.3,903.6,True,False,False,False,False,False,1.048370407957886,5.06191125,0.9817636416295219,False,-0.42891149082757535,False,67.46,True,1.1099684911108734,86.0,0.97,0,True,▃▂▄▄▃▅▃▁▂█▃▅▇▂▃▅▅▃▄▅,False,False,False,0,-0.10705548488110384,-0.08795602198900554,-0.143795870742764,-0.14861967806457976,UP,False,14,20.0,IGNORE,SEED,,GREEN,C,WATCHLIST,No standout factor,Retail Trade,32.3
SANSTAR,105.75,105.57,106.88,104.99,False,False,False,True,False,False,0.34933401010146287,1.269306675,0.32546020421823185,False,-0.1948842650044258,False,54.56,True,1.148486506967541,54.0,0.14,0,True,▂▅▄▅▄▁▃▃▄▄▅▅▆▄▄▇▅█▅▅,False,False,False,0,-0.02954941727080851,-0.09211881868131866,-0.06628980313246868,-0.15278247475689288,UP,False,13,20.0,IGNORE,NONE,,GREEN,C,WATCHLIST,No standout factor,Consumer Non-Durables,34.2
DELTACORP,58.62,59.81,60.14,58.21,True,False,False,False,False,False,1.0715887780428488,5.2807064939999995,1.0103236364643753,False,-0.4052863584329935,False,57.05,True,1.2020395693306083,88.0,1.19,0,True,█▆██▁▆▇▆▆▆▅▄▇▆▇▅▅▆▆█,False,False,False,0,-0.06937609144308632,-0.09327146171693745,-0.10611647730474649,-0.15393511779251168,UP,False,12,20.0,IGNORE,SEED,,GREEN,C,WATCHLIST,No standout factor,Consumer Services,29.9
CIEINDIA,401.05,404.15,405.5,400.0,True,False,False,False,False,False,0.5182019077956683,10.464798175,0.5043108524534143,False,-0.28277421006952524,False,62.16,True,1.0048415386231924,83.0,0.81,0,True,▁▅▄▃█▅▆██▇▆▆▂▅▃▄▃▇▇▅,False,False,False,0,-0.03069486404833832,-0.11016197026847119,-0.0674352499099985,-0.1708256263440454,UP,False,10,20.0,IGNORE,NONE,,GREEN,C,WATCHLIST,No standout factor,Producer Manufacturing,33.3
STUDDS,448.0,448.0,453.25,444.15,False,True,False,False,False,False,0.4640270380822133,1.2578496,0.47262109263428526,False,-0.005742252984546929,False,63.48,True,1.0623556581986142,69.0,0.52,0,True,▃▇▁▂▅▃▄▅▁▇▄▃▃▃▄▃▆█▃▅,False,False,False,0,-0.007422177910712313,-0.1123439667128987,-0.04416256377237249,-0.17300762278847293,UP,False,9,20.0,IGNORE,NONE,,GREEN,C,WATCHLIST,No standout factor,Consumer Durables,32.2
ONGC,235.4,239.49,239.6,235.25,True,False,False,False,False,False,1.0361513708067756,276.53207758,1.0064513400368111,False,-0.3242290628898088,False,65.3,True,1.1607650739476678,87.0,1.14,0,True,▃▂▆▂▇▅▇▂▆▁█▄▆▅██▃▅▃█,False,False,False,0,-0.048081200210279396,-0.1201644552420108,-0.08482158607193957,-0.18082811131758503,UP,False,8,20.0,IGNORE,SEED,,GREEN,C,WATCHLIST,No standout factor,Energy Minerals,40.7
GODAVARIB,244.25,247.0,247.9,243.0,True,False,False,False,False,False,0.17063609039123787,2.47215195,0.1546559289338323,False,0.4500692966255347,False,58.52,True,1.1612839212184354,74.0,0.61,0,False,▇█▇▇█▇▇▇▇▇█▁▄▇▇▆▅▅▆▇,False,False,False,0,-0.1242380781642165,-0.12156087034705987,-0.16097846402587668,-0.1822245264226341,UP,False,8,20.0,IGNORE,NONE,,GREEN,C,WATCHLIST,CMF positive,Process Industries,34.8
DLINKINDIA,435.75,436.85,444.65,434.35,True,False,False,False,False,False,0.3906172792277554,3.737471325,0.38430597562202934,False,0.1319034266143677,False,47.67,False,0.9542588329496547,33.0,-0.31,0,True,▆▅▆▅▆▆▆▆▇▆▇▇███▆▆▁▄▆,False,False,False,0,-0.03637770897832815,-0.1313664905810824,-0.07311809483998832,-0.19203014665665663,UP,False,7,20.0,IGNORE,NONE,,GREEN,C,WATCHLIST,CMF positive,Electronic Technology,34.8
INSECTICID,609.75,606.6,612.9,603.0,False,False,False,False,False,False,0.8385038539034766,1.27888965,0.8060057970146772,False,0.0914048081371227,False,57.68,True,1.0848222681963513,51.0,0.04,0,False,▆▇▆█▇▄▆▆▇▇▆▁▇▆▃██▅█▇,False,False,False,0,-0.01030676838175626,-0.15194714881780247,-0.047047154243416434,-0.2126108048933767,UP,False,5,20.0,IGNORE,NONE,,GREEN,C,WATCHLIST,CMF positive,Process Industries,34.8
TATACOMM,1655.4,1677.1,1683.6,1650.0,True,False,False,False,False,False,0.611422759067295,25.195188,0.582245197053094,False,-0.17064967316548255,False,55.15,True,1.0037675409060298,67.0,0.34,0,True,▃▄▁▃▇█▄▅▆▃▅▂▂▂▆▂▇▆▁▄,False,False,False,0,-0.06753788092153434,-0.15824265229329804,-0.10427826678319452,-0.21890630836887226,UP,False,4,20.0,IGNORE,NONE,,GREEN,C,WATCHLIST,No standout factor,Communications,26.7
CMSINFO,247.0,249.6,251.5,245.35,True,False,False,False,False,False,0.8570734538356862,15.808988,0.8038318500977206,False,-0.2066456054861741,False,66.43,True,1.0961141819981852,75.0,0.58,0,True,▅▆▆▇█▇▆▇▇▆▁▅▇▅█▅▆▆▆▇,False,False,False,0,-0.09821102592186925,-0.1676495366470092,-0.13495141178352943,-0.22831319272258344,UP,False,4,20.0,IGNORE,NONE,,GREEN,C,WATCHLIST,No standout factor,Finance,30.6
JSLL,505.35,510.0,514.15,504.05,True,False,False,False,False,False,0.4265261841184682,15.453249255000001,0.39336730320014435,False,-0.10562871777600616,False,49.11,True,1.0092893254963213,44.0,-0.07,0,True,▅▆▆▆▅▅▇▄▅▇▁█▇▂▄▂▇▆▄▅,False,False,False,0,-0.08913121845710159,-0.17453446586082977,-0.12587160431876177,-0.235198121936404,UP,False,3,20.0,IGNORE,NONE,,GREEN,C,WATCHLIST,No standout factor,Health Services,31.0
ADVENZYMES,300.0,303.0,308.05,299.05,True,False,False,False,False,False,1.3045029647924302,13.72068,1.2567263763032448,False,-0.3750100625000887,False,62.2,True,1.0807617458993606,86.0,0.94,0,True,▅▇▆▆▆▁▅▆▆▆▆▆▄▆▅▆█▆▆▆,False,False,False,0,-0.054671498345675196,-0.18688169128608212,-0.09141188420733537,-0.24754534736165634,UP,False,3,20.0,IGNORE,SEED,,GREEN,C,WATCHLIST,No standout factor,Consumer Non-Durables,34.2
GOLDIAM,360.35,362.8,366.5,359.1,True,False,False,False,False,False,0.32021966812290287,15.30507348,0.31199327738015614,False,-0.1823053990786896,False,50.12,True,1.1540808455277065,82.0,0.87,0,True,▃▃▄▃▄▅▃▅▄▁▄▃▅▅█▄▆▅▄▅,False,False,False,0,0.03104434907010023,-0.24738930659983294,-0.005696036791559944,-0.30805296267540716,UP,False,1,20.0,IGNORE,NONE,,GREEN,C,WATCHLIST,No standout factor,Consumer Durables,32.2
GENESYS,179.35,183.55,185.0,178.1,True,False,False,False,False,False,0.5874665454179134,6.191735919999999,0.44084601400681056,False,-0.010799389499663805,False,46.51,True,1.0382391678014151,64.0,0.41,0,True,▄█▆▅▄▅▁▆▃▄▆█▆▃▄▄▃▂▄▅,False,False,False,0,-0.3975478669801814,-0.4354737173434057,-0.4342882528418416,-0.4961373734189799,UP,False,1,20.0,IGNORE,NONE,,GREEN,C,WATCHLIST,No standout factor,Technology Services,35.4
JLHL,309.75,315.0,318.3,307.5,True,False,False,False,False,False,0.4094526350923477,2.7738732,0.39584741344180824,False,0.14792366754850828,False,57.49,True,1.0797866346117728,55.0,0.05,0,False,▁▃▃▁▂▄▃▆▃█▃▇▃▄▃▄▆█▅▅,False,False,False,0,-0.0416150990099009,-0.7645739910313901,-0.07835548487156108,-0.8252376471069643,UP,False,0,20.0,IGNORE,NONE,,GREEN,C,WATCHLIST,CMF positive,Health Services,31.0
IKIO,191.66,195.45,197.44,188.56,True,False,False,True,False,False,0.9702335345623088,3.942657026,0.9088415030422426,False,-0.011700664828730415,False,48.58,True,1.2016721498008756,50.0,0.23,0,True,▂▂▄▄▁▂▇▃▆▆▅▃▅▄▇▅▇█▇▆,False,False,False,0,-0.06425153793574845,0.23095696852922298,-0.10099192379740862,0.17029331245364876,FLAT,True,82,19.0,IGNORE,NONE,,GREEN,C,WATCHLIST,No standout factor,Producer Manufacturing,33.3
IGARASHI,444.1,447.2,453.0,442.05,True,False,False,True,False,False,0.08802607798570325,1.89750607,0.08030727948891117,False,-0.1134990594514553,False,54.98,True,1.2110132158590308,76.0,0.7,0,True,▇█▆▇▇██▇▁▄▅▅▇▆▆▇▆▇▇█,False,False,False,1,-0.02631001973251479,0.1706867009358113,-0.06305040559417496,0.11002304486023706,FLAT,True,74,19.0,IGNORE,NONE,,GREEN,C,WATCHLIST,No standout factor,Producer Manufacturing,33.3
NOVARTIND,1418.9,1485.0,1510.0,1402.0,True,False,False,True,False,False,1.5123108316673743,4.143188,1.34625344967926,False,-0.45127246330486204,False,57.44,False,0.9732129242134155,43.0,-0.08,0,True,▂▃█▃▃▅▄▅▁▄▃▄▃▃▄▄▂▆▅▃,False,False,False,0,-0.1354496709724592,0.08569898232458484,-0.17219005683411936,0.025035326249010614,FLAT,True,57,19.0,IGNORE,DISTRIBUTION,,GREEN,C,WATCHLIST,No standout factor,Health Technology,31.5
NIITLTD,93.62,92.45,94.0,92.4,False,False,False,True,False,False,0.45744419609297476,1.7090799100000003,0.4468053372678179,False,-0.1337628545505005,False,53.03,True,1.2768467687566216,87.0,1.02,0,True,▁▂▁▃▂▅▄▄▄▅▄▅▅▄▅▂█▄▄▆,False,False,False,0,-0.010568590150073942,0.07276269050074502,-0.047308976011734116,0.012099034425170796,FLAT,True,54,19.0,IGNORE,SEED,,GREEN,C,WATCHLIST,No standout factor,Commercial Services,25.4
ZENSARTECH,483.55,486.6,487.4,480.5,True,False,False,False,False,False,0.2902061079316176,21.83025159,0.2731831978184653,False,-0.3105351772569622,False,43.19,True,1.3237299823768292,41.0,-0.14,0,True,▁▁▂▃▄▄▆▇▅▄▄▅▆▄█▆█▆▄▇,False,False,False,1,-0.044178691440996176,0.06791077738515905,-0.08091907730265635,0.007247121309584825,FLAT,True,53,19.0,IGNORE,NONE,,GREEN,C,WATCHLIST,No standout factor,Technology Services,35.4
JMFINANCIL,128.24,129.3,131.19,128.0,True,True,True,False,False,False,0.591687920695975,27.404041616000004,0.6040501612100975,False,-0.15835085512738198,False,44.69,False,0.9951788716555509,65.0,0.47,0,False,▇▇███▁▁▁▆▃▅█▆▄▇▇█▆▅▅,False,False,False,0,0.05071691929537092,0.06308546795987735,0.013976533433710747,0.0024218118843031267,UP,True,52,19.0,IGNORE,NONE,,GREEN,C,WATCHLIST,No standout factor,Finance,30.6
HDFCAMC,2511.7,2525.9,2536.9,2491.3,True,False,False,False,False,True,0.9100905516343358,164.11171513,0.9011025533923832,False,-0.06037334020322144,True,58.37,False,0.9698752139308441,43.0,-0.11,0,True,▄▃▂▃▃▁▆▅▅▃▁▅▇▇█▄▆▅▆▄,False,False,False,0,-0.026887761032118096,0.023929881777415396,-0.06362814689377827,-0.03673377429815883,FLAT,False,43,19.0,IGNORE,NONE,,GREEN,C,WATCHLIST,No standout factor,Finance,30.6
EPIGRAL,1126.0,1129.5,1135.0,1108.6,False,True,True,False,False,False,0.2705633856620692,3.2697914,0.2688231918906952,False,-0.12113213401362903,True,51.18,False,0.9471025287526486,41.0,-0.18,0,True,▁▃▆▅▅▅▇▆█▅▆▇▇▅▇▆█▇▅▅,False,False,False,0,-0.0315644620280382,0.009593831256164309,-0.06830484788969837,-0.051069824819409915,FLAT,False,39,19.0,IGNORE,NONE,,GREEN,C,WATCHLIST,No standout factor,Process Industries,34.8
PACEDIGITK,180.69,175.45,181.9,174.41,False,False,False,False,False,False,1.1198951267281605,21.713914818,1.0680559691859863,True,-0.26088399764932657,True,31.35,False,0.6873266610394309,21.0,-0.8,0,True,▇▆▅▂▇█▇▄▆▁▆▄▃▇▃█▅▆▇▁,False,False,False,0,-0.07764165390505362,-0.01995986331832733,-0.1143820397667138,-0.08062351939390155,FLAT,False,31,19.0,IGNORE,NONE,,GREEN,C,WATCHLIST,No standout factor,Utilities,29.3
ORIENTCEM,131.52,130.84,133.35,130.0,False,False,False,False,False,False,1.1603443627193426,4.247885568,1.1294481186000467,True,0.018752615039446422,False,52.08,False,0.9925388067808237,52.0,0.07,0,True,█▃▁▅▄▆▅▅█▆▆▆█▅▄▃▇█▄▅,False,False,False,0,-0.01704035874439458,-0.02411515916005047,-0.05378074460605475,-0.0847788152356247,UP,False,30,19.0,IGNORE,NONE,,GREEN,C,WATCHLIST,CMF positive,Non-Energy Minerals,34.4
AXISBANK,1217.7,1216.0,1218.7,1208.6,True,False,False,False,False,True,0.6751705946227208,655.53223428,0.6586966746251929,False,0.024923999243459134,False,63.2,False,0.9803389304688409,48.0,0.05,0,True,▅▂▃▄█▃▂▁▃▄▄▃▇▇▇▄▃▃▅▄,False,False,False,0,-0.08340233345878811,-0.02840501077156299,-0.12014271932044829,-0.08906866684713721,FLAT,False,29,19.0,IGNORE,NONE,,GREEN,C,WATCHLIST,CMF positive,Finance,30.6
KERNEX,1934.5,1835.0,1970.0,1811.0,False,False,False,True,False,False,0.9251976154057203,92.3391016,0.8547273427459257,False,-0.22413990698113972,True,31.77,False,0.701913304758959,10.0,-1.29,0,True,▇▅▄▅▆█▇▅▄▅▇██▁▄▄▁▅▅▃,False,False,False,2,-0.12275530564121162,-0.029498821050519264,-0.1594956915028718,-0.09016247712609349,FLAT,False,29,19.0,IGNORE,NONE,,GREEN,C,WATCHLIST,No standout factor,Electronic Technology,34.8
FIEMIND,2198.8,2199.0,2231.8,2171.1,False,False,False,False,False,False,0.6360105554006878,19.36439184,0.5785759361642967,False,0.04915164926300773,False,38.3,False,0.7652500549461527,7.0,-1.49,0,False,▅▄▇▆▅█▆▁▇▄▄▄▆▂▆▅▇▄▆▂,False,False,False,7,-0.0570779192932801,-0.04760254688785881,-0.09381830515494027,-0.10826620296343303,UP,False,23,19.0,IGNORE,NONE,,GREEN,C,WATCHLIST,CMF positive,Producer Manufacturing,33.3
JKLAKSHMI,559.45,556.9,563.85,555.75,False,False,False,False,False,False,0.4480821972539796,7.5604073,0.44232030941531403,False,-0.6427482275595722,True,53.44,True,1.0310829844295666,40.0,-0.33,0,False,▅▅▇▄▇▆▇▆▁▆▆█▅▆▇▇▆▅▅▆,False,False,False,0,-0.022794759825327415,-0.04992782542243357,-0.05953514568698759,-0.1105914814980078,UP,False,23,19.0,IGNORE,NONE,,GREEN,C,WATCHLIST,No standout factor,Non-Energy Minerals,34.4
SURYODAY,158.84,154.5,160.0,153.41,False,False,False,True,False,False,0.07060008209229247,5.997178924,0.06015567290911213,False,-0.6065121207245779,True,47.86,True,1.2423908105652541,37.0,-0.11,0,False,▁▃▃▃▄▄▆▇▇▅▆▇▆▇█▇█▇▆▇,False,False,False,0,-0.17742102537545312,-0.06371942234011196,-0.2141614112371133,-0.12438307841568619,FLAT,False,19,19.0,IGNORE,NONE,,GREEN,C,WATCHLIST,No standout factor,Finance,30.6
INDOCO,226.29,222.3,229.9,221.0,False,True,False,False,False,False,0.2574745727482377,2.005630899,0.2569200629294831,False,-0.7229360165052656,True,52.73,True,1.367638858269248,54.0,0.21,0,False,▅▁▄▆▄▆▅▇▄▅▄█▅█▆▆▅▆▄▇,False,False,False,0,-0.07037219620409163,-0.09047427652733131,-0.1071125820657518,-0.15113793260290553,UP,False,13,19.0,IGNORE,NONE,,GREEN,C,WATCHLIST,No standout factor,Health Technology,31.5
MUTHOOTFIN,2845.4,2875.7,2883.0,2841.3,True,False,False,False,False,False,0.40345948797776565,143.26418276,0.39110568759320224,False,0.02640307725093809,False,29.49,False,0.5705386163132642,3.0,-1.88,0,True,▅▅▅▇▅▃▃▄▅▆▆▅▆█▇▅▅▅▁▁,False,False,False,0,-0.048202040474995766,-0.10231252168974969,-0.08494242633665594,-0.16297617776532392,UP,False,11,19.0,IGNORE,NONE,,GREEN,C,WATCHLIST,CMF positive,Finance,30.6
TRUALT,446.15,465.0,465.4,444.3,True,False,False,False,False,False,0.5276782024688116,10.684890965,0.5213443463758475,False,-0.1877030763746184,True,61.6,True,1.2458538953159128,84.0,0.89,0,False,▄▄▁▄▅▆▅▅▅▅▆▆▅█▆▅▅▆▆▆,False,False,False,0,0.04448086152405484,-0.10528426752231024,0.0077404756623946636,-0.16594792359788446,UP,False,10,19.0,IGNORE,NONE,,GREEN,C,WATCHLIST,No standout factor,Process Industries,34.8
INDUSTOWER,375.75,369.7,377.75,369.55,False,False,False,False,False,False,0.9204542828801633,156.191947875,0.8928720593791056,False,-0.06395220323492211,True,61.17,True,1.0913470115967887,67.0,0.56,0,False,▄▅▅▅▁▂▇▅█▇▆▇▄▆▅▄▆▆▇▆,False,False,False,0,-0.07370886231973373,-0.1245340167753961,-0.1104492481813939,-0.18519767285097033,UP,False,8,19.0,IGNORE,NONE,,GREEN,C,WATCHLIST,No standout factor,Finance,30.6
GODIGIT,262.9,256.7,263.7,255.8,False,False,False,False,False,False,0.3197799015904808,9.636546919999999,0.3169708502236737,False,-0.10359265664965864,True,48.66,True,1.0777050596325704,40.0,-0.33,0,False,▆▅▃▅▅▅▅▁▄▄▅▅▅█▅▇▅▆▃▅,False,False,False,0,0.026151444184230987,-0.12672313569174565,-0.010588941677429187,-0.18738679176731987,UP,False,8,19.0,IGNORE,NONE,,GREEN,C,WATCHLIST,No standout factor,Finance,30.6
INDIAMART,1742.2,1762.0,1767.1,1740.0,True,False,False,False,False,False,0.2843209845401439,6.67663306,0.27963087133965686,False,-0.2688081762290806,True,63.24,False,0.9810050492906949,48.0,-0.11,0,True,▃▅▂▄▁▃▄▅▂▄▂▄▃▆▅█▁▄▄▃,False,False,False,0,-0.010057389624410495,-0.1359849236262647,-0.04679777548607067,-0.1966485797018389,UP,False,7,19.0,IGNORE,NONE,,GREEN,C,WATCHLIST,No standout factor,Retail Trade,32.3
BANDHANBNK,175.1,174.78,177.09,174.16,False,False,False,False,False,False,0.6871069177528236,116.73104536,0.6995645947628079,False,0.028919412360236915,False,38.67,False,0.8663604794443821,35.0,-0.38,0,True,▂▂▅▄▅▅▆█▇▆█▄▇▆▃▄▆▃▁▃,False,False,False,0,0.05526426806484652,-0.14418377321603126,0.018523882203186348,-0.2048474292916055,UP,False,6,19.0,IGNORE,NONE,,GREEN,C,WATCHLIST,CMF positive,Finance,30.6
TEJASNET,510.45,510.0,514.5,504.25,False,False,False,False,False,False,0.39642340612444044,30.666866145,0.389514613239123,False,-0.07781067584288076,True,27.95,False,0.991961386261601,50.0,0.03,0,True,▄▆▁▅▂▅▄▅▇▇▄▃▆█▅▇▆█▅▅,False,False,False,0,0.03037949132014539,-0.14761626450697174,-0.006360894541514783,-0.20827992058254596,UP,False,5,19.0,IGNORE,NONE,,GREEN,C,WATCHLIST,No standout factor,Electronic Technology,34.8
NITTAGELA,1590.0,1565.0,1590.0,1554.2,False,False,False,True,False,False,0.25835391647503053,0.361725,0.23892185515660305,False,-0.3560057248245471,True,57.47,False,0.9843028782338383,52.0,-0.01,0,True,▄▆▅▅▁▄▆▅▄▄▇▇▆█▅▇▇▇▆▅,False,False,False,0,-0.16227608008429928,0.20363361090083276,-0.19901646594595945,0.14296995482525854,FLAT,True,79,18.0,IGNORE,NONE,,GREEN,C,WATCHLIST,No standout factor,Consumer Non-Durables,34.2
TSFINV,417.15,425.0,426.0,415.5,True,False,False,False,False,False,0.9292151730061711,2.373708645,0.8859148814353914,False,-0.1847269216128127,False,72.77,True,1.2564315066127976,97.0,1.98,0,True,▃▆▄▄▃▄▁▄▅▅▄▇▆▇▅▅█▅▅█,False,False,False,0,-0.036159889094269926,0.05821917808219168,-0.0729002749559301,-0.0024444779933825433,FLAT,False,50,18.0,IGNORE,SEED,,GREEN,C,WATCHLIST,Delivery P97,Finance,30.6
EUROPRATIK,263.15,265.75,268.0,261.85,True,False,False,False,False,False,0.7876755778927379,4.05161529,0.6907440158431731,False,-0.1505035605125582,False,36.21,True,1.1560564459485345,48.0,-0.04,0,True,▆▂▂▁▂▆█▆▅▄▅▆▄▅▁▁▇▇▅▅,False,False,False,5,-0.12763136084866566,0.0386816656798894,-0.16437174671032584,-0.021981990395684825,FLAT,False,47,18.0,IGNORE,NONE,,GREEN,C,WATCHLIST,No standout factor,Producer Manufacturing,33.3
SUNTECK,296.35,294.0,298.7,294.0,False,False,False,False,False,False,0.905670174600586,4.517589035,0.8867180166432265,False,-0.22859354363701634,False,63.92,True,1.1567241831721242,94.0,1.36,0,True,▄▂▃▃▅▄▃▅▄▆▄▄▁▂▅▄█▇▅▆,False,False,False,0,-0.032326530612244775,0.03132068905515917,-0.06906691647390495,-0.029342967020415056,FLAT,False,45,18.0,IGNORE,SEED,,GREEN,C,WATCHLIST,Delivery P94,Finance,30.6
GHCL,442.4,445.9,445.9,438.8,True,True,True,False,False,False,0.4825002511134817,3.35768328,0.48733548439362695,False,-0.1895852348080941,False,57.26,False,0.9229529335912314,43.0,-0.08,0,True,█▆▇▁▆▃▄▄▄▅██▇▆█▃▅▃▄▄,False,False,False,0,0.01421366345712971,0.027761644790335716,-0.022526722404530464,-0.03290201128523851,UP,False,44,18.0,IGNORE,NONE,,GREEN,C,WATCHLIST,No standout factor,Process Industries,34.8
PRIVISCL,3479.7,3455.0,3497.5,3442.1,False,False,False,True,False,True,0.5671731643901526,16.6538442,0.5524621598636869,False,-0.17890482858441004,False,60.68,False,0.9698558322411535,79.0,0.64,0,True,▆█▆▁▅▆▆▇▅▅▇▇▇▇█▇█▇▇▆,False,False,False,1,-0.032126168224299034,0.010277850361466667,-0.06886655408595921,-0.05038580571410756,FLAT,False,39,18.0,IGNORE,NONE,,GREEN,C,WATCHLIST,No standout factor,Process Industries,34.8
JTEKTINDIA,126.1,129.27,130.05,125.64,True,False,False,False,False,False,1.0965371479943193,3.70520891,1.0090289690510459,False,-0.0994140151278118,False,62.82,True,1.3094456429978427,95.0,1.34,0,True,▅▅▆▅▂▆▆▆▇▇▆▅▆▁▆▇▆▆▆█,False,False,False,0,-0.04193891505850178,0.005983246908655815,-0.07867930092016195,-0.05468040916691841,FLAT,False,38,18.0,IGNORE,SEED,,GREEN,C,WATCHLIST,Delivery P95,Consumer Durables,32.2
DMART,4052.5,4074.8,4098.9,4038.0,True,True,False,False,False,False,0.6398643479342039,142.23423975,0.6570315718982493,False,-0.08183730254086147,False,50.26,False,0.9801856619081052,36.0,-0.27,0,True,▄▁▄▅▅▄▇▅▄█▃▇██▆▆▃▄▃▅,False,False,False,0,0.025456109719375508,-0.02096972918126261,-0.011284276142284666,-0.08163338525683683,UP,False,31,18.0,IGNORE,NONE,,GREEN,C,WATCHLIST,No standout factor,Retail Trade,32.3
DAMCAPITAL,144.47,145.0,147.1,144.1,True,False,False,False,False,False,0.7953592624749183,3.052535524,0.7598356709462543,False,-0.2903497879148638,False,56.05,True,1.0553270007437183,90.0,1.3,0,True,▃▅▅█▂▄▄▄▄▅▃▄▂▁▅▂▂▃▄▄,False,False,False,0,-0.0849379275399037,-0.019145902641048207,-0.12167831340156388,-0.07980955871662243,FLAT,False,31,18.0,IGNORE,SEED,,GREEN,C,WATCHLIST,Delivery P90,Finance,30.6
MAYURUNIQ,757.1,768.9,768.9,752.95,True,False,False,True,False,True,0.45762154802056515,4.42744509,0.4497088411654665,False,-0.0902963066686131,False,52.22,False,0.9429567164448618,27.0,-0.41,0,True,▅▆▅▇▆▄▅▅▁▄▅▆▆█▆▆▅▅▅▅,False,False,False,0,-0.040005071958409855,-0.04551185073121533,-0.07674545782007003,-0.10617550680678955,UP,False,24,18.0,IGNORE,NONE,,GREEN,C,WATCHLIST,No standout factor,Process Industries,34.8
SDBL,73.74,73.57,74.39,73.02,False,True,True,False,False,False,0.6339505942645876,3.5100092519999997,0.6393038200218742,False,-0.049335990407230905,False,49.67,True,1.137081635456252,45.0,0.0,0,False,▂▅▃▄▃▅▆▁▄▅▁▄▂▂▃▅▃█▆▅,False,False,False,0,0.011661407600493723,-0.04345570112855113,-0.02507897826116645,-0.10411935720412535,UP,False,24,18.0,IGNORE,NONE,,GREEN,C,WATCHLIST,No standout factor,Consumer Non-Durables,34.2
ERIS,1328.2,1330.1,1336.8,1304.0,False,False,False,False,False,False,0.5413864211239204,7.57034154,0.5205448968523312,False,0.015933922045205034,True,52.93,False,0.8725684141114407,35.0,-0.34,0,False,▅▆▁▄▆▅▇▆▅▆▆█▆▄▅▅▇▅▅▄,False,False,False,0,-0.05169213194345268,-0.05439270966823284,-0.08843251780511285,-0.11505636574380707,UP,False,22,18.0,IGNORE,NONE,,GREEN,C,WATCHLIST,CMF positive,Health Technology,31.5
TATACONSUM,1083.1,1090.5,1093.4,1081.8,True,False,False,False,False,True,0.6631196161562156,109.59033251,0.6581190300262058,False,-0.09464787691761012,False,50.54,False,0.8703513953348202,23.0,-0.7,0,True,▁▄▃▆▆█▄▆▅▆▂▂▅▃▆▅▅▅█▂,False,False,False,0,-0.005052360830424374,-0.05760027843034898,-0.04179274669208455,-0.11826393450592321,UP,False,21,18.0,IGNORE,NONE,,GREEN,C,WATCHLIST,No standout factor,Consumer Non-Durables,34.2
GMDCLTD,570.0,562.05,586.55,562.05,False,False,False,False,False,False,1.441827677995574,115.396842,1.413224786113889,True,-0.09471722036078412,False,23.37,False,0.6466966447595988,33.0,-0.47,0,True,▅▆▃▆▁▆▅▆▂▅▄▅▅▆▇▇▆█▆▃,False,False,False,0,0.013243267265132141,-0.06908378245957858,-0.023497118596528033,-0.1297474385351528,UP,False,18,18.0,IGNORE,NONE,,GREEN,C,WATCHLIST,No standout factor,Distribution Services,31.7
NTPC,339.95,343.65,343.65,337.5,True,False,False,False,False,False,0.7543201702376889,242.53015455499997,0.7420868718257717,False,0.2249171245929616,False,60.24,False,0.9904555207536933,39.0,-0.25,0,False,▇██▆█▆▆▂█▇▇██▁▇▇▇▅▅▆,False,False,False,0,-0.005557993271902983,-0.0721888646288209,-0.04229837913356316,-0.13285252070439513,UP,False,17,18.0,IGNORE,NONE,,GREEN,C,WATCHLIST,CMF positive,Utilities,29.3
TATAELXSI,3708.0,3665.1,3734.0,3636.6,False,True,False,False,False,False,0.4403154671196976,54.8661636,0.4465243414687349,False,-0.09058261316472807,False,29.28,False,0.7747261470074616,26.0,-0.63,0,True,▇▇▆▆▂▇▄▅▅▃▃▆▅▅▅██▂▁▂,False,False,False,0,0.04804974561899389,-0.08780043789515124,0.011309359757333715,-0.14846409397072546,UP,False,14,18.0,IGNORE,NONE,,GREEN,C,WATCHLIST,No standout factor,Technology Services,35.4
ABSLAMC,1008.4,995.4,1016.5,992.7,False,False,False,True,False,False,0.7288866227321806,15.626065559999999,0.726625350047925,False,-0.02541983678265633,False,51.12,False,0.9152596995685103,42.0,-0.16,0,True,▂▁▂▃▅█▅▂▅▄▇▅▇▃▃▃▂▃▄▂,False,False,False,0,-0.008456243854473966,-0.08427170359607705,-0.04519662971613414,-0.14493535967165128,UP,False,14,18.0,IGNORE,NONE,,GREEN,C,WATCHLIST,No standout factor,Technology Services,35.4
FDC,348.6,351.0,353.0,347.0,True,False,False,False,False,False,0.32768032602970576,3.3702299399999998,0.3002096275137643,False,-0.49172283689023266,False,68.43,True,1.2302575396647042,93.0,1.32,0,True,▆▆▇█▇▄▆▁▆▆▇▅▅▄▆▆▆▆▇█,False,False,False,0,-0.15583000363240096,-0.10119891710712903,-0.19257038949406113,-0.16186257318270325,FLAT,False,11,18.0,IGNORE,SEED,,GREEN,C,WATCHLIST,Delivery P93,Health Technology,31.5
KITEX,124.95,125.1,126.59,124.0,False,False,False,False,False,False,1.0105632271297456,6.836751704999999,0.9275039307861663,True,-0.41095016321526406,False,47.36,False,0.922927019390042,79.0,0.64,0,True,▃▄▆▆▄▅▂▅▆▂▆▄▂▃█▂▁▄▂▃,False,False,False,0,-0.15023122959738844,-0.138394704178734,-0.1869716154590486,-0.19905836025430823,UP,False,6,18.0,IGNORE,NONE,,GREEN,C,WATCHLIST,No standout factor,Process Industries,34.8
HLEGLAS,319.0,311.8,322.0,311.35,False,False,False,False,False,False,0.22881744618284133,3.3954041,0.1917271328068493,False,-0.2263228409530218,False,56.05,True,1.180012421183381,87.0,1.05,0,True,▄▂▄▃▃▃▃▃▃▂▃█▂▁▃▃▄▁▃▄,False,False,False,3,-0.2385726220312686,-0.16360776088096485,-0.2753130078929288,-0.22427141695653907,FLAT,False,4,18.0,IGNORE,SEED,,GREEN,C,WATCHLIST,No standout factor,Producer Manufacturing,33.3
SUPRIYA,805.45,817.95,817.95,799.3,True,False,False,True,False,False,0.3547432108431609,10.203521145,0.3417672166820915,False,-0.13927926467521046,False,45.29,False,0.9841480242071295,40.0,-0.21,0,True,▆▅▇▅▆▇▆█▄▅▇▃▅▄▁▇▄▇▃▅,False,False,False,0,-0.04170136823319448,-0.17571508980197503,-0.07844175409485465,-0.23637874587754926,UP,False,3,18.0,IGNORE,NONE,,GREEN,C,WATCHLIST,No standout factor,Health Technology,31.5
VIKRAMSOLR,173.23,172.9,178.15,171.5,False,False,False,False,False,False,0.5064289721231475,61.16366729399999,0.4956049773371939,False,0.14160980150045888,False,24.51,False,0.5637982195845698,6.0,-1.67,0,False,▇▇▇▆▅▆▅▆█▅▇▅▆▄▅▁▁▃▃▃,False,False,False,0,-0.052352297592997976,-0.19255150554675116,-0.08909268345465815,-0.2532151616223254,UP,False,2,18.0,IGNORE,NONE,,GREEN,C,WATCHLIST,CMF positive,Electronic Technology,34.8
BAJAJCON,478.35,486.95,490.75,477.0,True,False,False,True,False,False,0.9504483132670126,25.93986813,0.8796172370664757,False,-0.2944859168413266,False,52.12,False,0.9523809523809523,74.0,0.58,0,True,▃▄▃▅▇▆▃█▄▄▅▅▅▇▅▄▂▁▄▄,False,False,False,0,-0.12995634776282272,-0.19149835206625532,-0.1666967336244829,-0.25216200814182954,UP,False,2,18.0,IGNORE,NONE,,GREEN,C,WATCHLIST,No standout factor,Consumer Non-Durables,34.2
NELCO,906.7,909.9,915.0,895.6,True,False,False,True,False,False,0.20881044549518907,12.75409555,0.19215296266876059,False,-0.07245009637368922,False,26.48,False,0.9358213175007069,15.0,-1.04,0,False,▄▇▆▆▃▃▅▄█▅▄▄█▆▅▃▄▁▃▄,False,False,False,7,-0.027980274442538478,0.25486125527645154,-0.06472066030419865,0.1941975992008773,FLAT,True,84,17.0,IGNORE,NONE,,GREEN,C,WATCHLIST,No standout factor,Electronic Technology,34.8
GANECOS,1082.1,1093.6,1101.6,1076.3,True,False,True,True,False,False,0.33485073711727176,4.84586022,0.32104934399509694,False,-0.21287192816680883,False,40.59,False,0.8784478374254705,19.0,-0.56,0,True,▇▅▆█▅▆▁▂▆▄▆█▇▄▅▇▂▇▃▃,False,False,False,0,-0.10525880601951398,0.1851486775094464,-0.14199919188117416,0.12448502143387219,FLAT,True,76,17.0,IGNORE,NONE,,GREEN,C,WATCHLIST,No standout factor,Process Industries,34.8
BAJAJELEC,351.65,354.35,355.15,350.2,True,True,True,False,False,False,0.1122269546393753,3.7155339,0.10555426349518533,False,-0.004374895442584708,False,48.43,True,1.1773285847990178,70.0,0.49,0,False,▆▆█▇█▇▃▆▁▃▆▅▆▆▄▆▅▆▅▇,False,False,False,0,0.06916996047430835,0.1308892104840007,0.03242957461264817,0.07022555440842648,FLAT,True,66,17.0,IGNORE,NONE,,GREEN,C,WATCHLIST,No standout factor,Consumer Durables,32.2
IFGLEXPOR,211.77,216.79,220.49,206.6,True,False,True,True,False,False,0.9973992684273058,1.354671513,0.9761405726568372,False,-0.14761783879436827,False,37.93,False,0.8093287244484274,17.0,-0.86,0,True,▂▅▄▄▅▃▁▅▃▆▆█▅▁▆▅▄▅▇▂,False,False,False,0,0.07133100622249211,0.12829665938515644,0.034590620360831936,0.06763300330958222,FLAT,True,66,17.0,IGNORE,NONE,,GREEN,C,WATCHLIST,No standout factor,Producer Manufacturing,33.3
RELAXO,376.6,372.6,379.0,372.5,False,False,False,True,False,False,0.3668437083695811,5.06911132,0.33913916187143966,False,-0.248767702267207,False,33.03,False,0.9136423987607878,18.0,-0.75,0,True,▁▅▁▂█▃▄▅▅▆▅▆▅▄▆▅█▇▅▄,False,False,False,0,-0.06539272862638035,0.09908069458631275,-0.10213311448804052,0.03841703851073852,FLAT,True,60,17.0,IGNORE,NONE,,GREEN,C,WATCHLIST,No standout factor,Consumer Non-Durables,34.2
SUNDARMFIN,4534.5,4485.8,4558.4,4485.8,False,False,False,False,False,False,0.4739539944226194,13.0666152,0.4631002845273749,False,0.15687655449792678,False,56.43,False,0.9502799646360458,50.0,0.01,0,False,▅▆▄▇▇▁▄▆▆▅▆▆▆█▆█▇▆▃▅,False,False,False,2,0.019492782948873577,0.09028612647270973,-0.017247602912786597,0.029622470397135503,FLAT,True,58,17.0,IGNORE,NONE,,GREEN,C,WATCHLIST,CMF positive,Finance,30.6
SKMEGGPROD,259.05,255.01,264.0,253.5,False,False,False,True,False,False,0.325187691681032,6.10917615,0.32109887752460875,False,-0.389697951402771,False,38.18,False,0.9563289791726676,23.0,-0.65,0,True,█▃▁▆▄▇▅▇▃▆▇▆█▆▇▆▅▆▃▅,False,False,False,0,-0.20230946882217082,0.07659379935167476,-0.239049854683831,0.01593014327610054,FLAT,True,56,17.0,IGNORE,NONE,,GREEN,C,WATCHLIST,No standout factor,Process Industries,34.8
SANGAMIND,577.65,575.55,587.15,573.05,True,False,False,True,False,True,0.5072689299316107,0.715535055,0.48804811891006483,False,-0.27411936646605967,False,54.11,False,0.9750427966483466,47.0,-0.09,0,True,▅▆▄▄▁▅▅▅▄▁█▇▂▄▅▆▄▇▆▄,False,False,False,0,-0.06202809125598774,0.06528354080221299,-0.09876847711764791,0.004619884726638768,FLAT,True,52,17.0,IGNORE,NONE,,GREEN,C,WATCHLIST,No standout factor,Process Industries,34.8
HUBTOWN,194.54,198.0,200.59,193.5,True,True,True,False,False,False,0.8276181089277834,10.730651314,0.8465202520388388,False,0.005498506981145803,False,40.55,False,0.7013265535550597,6.0,-1.6,0,False,▆▆█▅▆▇▅▆▇▆▇▆█▆▆▇▆▆▁▄,False,False,False,0,-0.0022566417068417,0.04630775022858047,-0.038997027568501874,-0.014355905846993755,FLAT,False,48,17.0,IGNORE,NONE,,GREEN,C,WATCHLIST,CMF positive,Finance,30.6
HONAUT,36700.0,36715.0,37000.0,36440.0,True,False,False,True,False,True,0.3616642037750796,8.71258,0.34142772731137505,False,-0.026637483543889597,True,41.28,False,0.814900358295579,17.0,-0.79,0,False,▄▄▁▄▃▃▄▅▄▅▅▄▅▃█▅▃▃▄▃,False,False,False,2,-0.017271388405408983,0.014933628318584136,-0.05401177426706916,-0.04573002775699009,FLAT,False,40,17.0,IGNORE,NONE,,GREEN,C,WATCHLIST,No standout factor,Electronic Technology,34.8
SAGCEM,162.95,164.45,164.73,162.0,False,False,False,False,False,False,0.37069061079702914,0.28607501999999996,0.3476494601357288,False,0.039037766868149436,False,67.09,True,1.131442255801403,81.0,0.81,0,True,▁▁▆▅▇▆▇▅▇▇▇█▆▄▄█▅▆▆▇,False,False,False,0,-0.08217866396305062,-0.026931804610056287,-0.1189190498247108,-0.08759546068563051,FLAT,False,29,17.0,IGNORE,NONE,,GREEN,C,WATCHLIST,CMF positive,Non-Energy Minerals,34.4
HINDZINC,560.0,575.0,575.0,557.8,True,False,False,True,False,False,1.0302091706125627,261.561664,1.0189387782451835,False,0.03184689912683819,False,31.11,False,0.7198389559905595,22.0,-0.86,0,False,▄▆▇██▅▄▅▁▄▅▄▄▃▃▂▆▅▄▂,False,False,False,0,0.08035111411208629,-0.07261737186387351,0.04361072825042611,-0.13328102793944774,UP,False,17,17.0,IGNORE,NONE,,GREEN,C,WATCHLIST,CMF positive,Non-Energy Minerals,34.4
SCHNEIDER,1217.3,1246.0,1262.9,1212.0,True,False,False,True,False,False,0.500713626718713,29.518185969999998,0.4666123690018328,False,0.04298844789556728,False,45.55,False,0.9640415670172913,38.0,-0.22,0,False,▅█▇▅▄▆▅▆▆▅▂▃▅▆▇▁▂▅█▅,False,False,False,0,-0.10002957267484847,0.10093153658316001,-0.13676995853650864,0.040267880507585785,FLAT,True,60,16.0,IGNORE,NONE,,GREEN,C,WATCHLIST,CMF positive,Producer Manufacturing,33.3
BATAINDIA,701.05,714.9,715.55,699.0,True,False,False,False,False,False,0.42299534009043266,21.445540129999998,0.40845596373852766,False,-0.1973466365468515,False,49.21,True,1.0790720112270853,58.0,0.17,0,True,▅▇██▆▇▄▅▆▇▆▆▁▆▃▅▇▃▄▆,False,False,False,0,0.016088122327704735,0.04775070990883257,-0.02065226353395544,-0.012912946166741657,FLAT,False,48,16.0,IGNORE,NONE,,GREEN,C,WATCHLIST,No standout factor,Consumer Non-Durables,34.2
GREAVESCOT,192.48,191.2,194.9,191.2,False,False,False,False,False,False,0.31638853020354196,12.59030928,0.29589334985653165,False,-0.46246365863749117,False,49.85,True,1.1778187316888764,89.0,1.23,0,True,▄▃▂▂▅▆▁▃▁▅▅▄▆▂▇▂▁██▆,False,False,False,0,-0.2185774602143553,0.04020752269779515,-0.2553178460760155,-0.020456133377779073,FLAT,False,47,16.0,IGNORE,SEED,,GREEN,C,WATCHLIST,No standout factor,Producer Manufacturing,33.3
PRAJIND,344.35,358.0,358.0,341.15,True,True,True,False,False,False,1.3119424657353582,57.205074880000005,1.3698393592545173,False,-0.1441212735188646,False,38.41,False,0.9129587374025481,42.0,-0.09,0,False,▇█▆▇▇▇▃▆▄▄▇▅▇▆▁▅▂▆▃▅,False,False,False,0,0.06445131375579605,0.03688647997591077,0.027710927894135873,-0.023777176099663455,UP,False,46,16.0,IGNORE,NONE,,GREEN,C,WATCHLIST,No standout factor,Industrial Services,37.0
BFINVEST,451.55,453.7,455.0,449.55,False,False,False,True,False,False,0.3455511725830179,0.78596793,0.3346986320341866,False,-0.19880828741242032,False,55.3,True,1.1583456394465914,53.0,0.19,0,True,▆▆▅▇▆▅▆▅▇▅▅▆█▅▁▄▄▆▆▆,False,False,False,0,-0.018476252581241193,0.03258632517722382,-0.05521663844290137,-0.028077330898350406,FLAT,False,46,16.0,IGNORE,NONE,,GREEN,C,WATCHLIST,No standout factor,Finance,30.6
NACLIND,169.97,171.25,173.0,168.1,True,False,False,False,False,False,0.5488801828152667,6.078042215,0.5152463476919209,False,-0.23796843746131766,False,47.24,True,1.1975106784795366,47.0,-0.09,0,True,▁▃▁▁▃▃▂▂▃▃█▄▅▄▅▁▄▃▄▄,False,False,False,0,-0.13633130081300815,0.03162175285263413,-0.17307168667466832,-0.02904190322294009,FLAT,False,45,16.0,IGNORE,NONE,,GREEN,C,WATCHLIST,No standout factor,Process Industries,34.8
PNCINFRA,206.76,209.9,210.85,206.5,True,False,False,False,False,False,0.37273395006741633,5.868324348,0.3394412757410269,False,-0.1986525451640984,False,58.78,True,1.1565288394376727,83.0,0.89,0,False,▃▆▅▆█▆▇▇▅▅▄▁▇▅▇▆▅▇▅▇,False,False,False,4,-0.13202636329289286,0.02549350262870731,-0.16876674915455303,-0.035170153446866914,FLAT,False,44,16.0,IGNORE,NONE,,GREEN,C,WATCHLIST,No standout factor,Industrial Services,37.0
RHIM,375.25,374.2,376.15,372.0,False,False,False,False,False,False,0.22613107251512418,6.6618883,0.2136085546965921,False,-0.3929108098368415,False,55.65,True,1.1685898176243923,88.0,0.94,0,True,▅▅▆▆▃▁▅█▃▆▃▄▄▂▅▅▆▆▅▆,False,False,False,1,-0.05940594059405935,0.02025557368134856,-0.09614632645571952,-0.040408082394225664,FLAT,False,42,16.0,IGNORE,SEED,,GREEN,C,WATCHLIST,No standout factor,Producer Manufacturing,33.3
SIGNPOST,264.65,267.0,270.6,263.5,True,False,False,True,False,False,0.27043786395174796,0.7559991899999999,0.25363263867679997,False,-0.3412684447877522,False,60.76,True,1.1278062905456199,62.0,0.33,0,True,█▅▇▄▄▄▄▃▅▇▁▄▆▁█▆▅▇▂▆,False,False,False,0,-0.1446347769877182,0.015151515151515138,-0.18137516284937838,-0.045512140924059086,FLAT,False,40,16.0,IGNORE,NONE,,GREEN,C,WATCHLIST,No standout factor,Commercial Services,25.4
SHILCTECH,3885.0,3880.8,3939.9,3853.0,False,False,False,False,False,False,0.5989373062797906,8.9335575,0.5645027307079397,False,-0.21412643419675165,False,44.65,False,0.8604740797841588,34.0,-0.33,0,True,▅▇▅█▅▆▅▅▄▅▄▅▁▃▅▇▅▆▇▃,False,False,False,3,-0.08049513620979398,0.008043591074208711,-0.11723552207145416,-0.05262006500136551,FLAT,False,38,16.0,IGNORE,NONE,,GREEN,C,WATCHLIST,No standout factor,Producer Manufacturing,33.3
SKFINDIA,1596.5,1624.5,1624.5,1571.1,True,True,True,False,False,False,0.3926638482872902,8.4930607,0.3936595275457158,False,-0.22462422918132427,False,36.6,False,0.669557104439932,4.0,-1.6,0,False,▅▆▆▆▆█▇▇▇▆▆▆▅▁▄█▅▅▆▄,False,False,False,0,0.07522898706896552,0.004530296356886732,0.03848860120730535,-0.05613335971868749,UP,False,38,16.0,IGNORE,NONE,,GREEN,C,WATCHLIST,No standout factor,Producer Manufacturing,33.3
ROSSARI,501.75,511.8,515.45,499.25,True,False,False,False,False,False,0.9648240740311677,4.1787747,0.9460153555108408,False,-0.16931843150957646,False,53.88,True,1.0475662748986556,60.0,0.21,0,True,▃▄▅▄▇▅▆▄▂▅▅▃▇█▄▅▆▁▂▅,False,False,False,0,0.024397713352388717,-0.004365512451632081,-0.012342672509271457,-0.0650291685272063,UP,False,35,16.0,IGNORE,NONE,,GREEN,C,WATCHLIST,No standout factor,Process Industries,34.8
PSPPROJECT,911.95,921.9,936.0,910.0,True,False,False,True,False,False,0.2283676525952983,2.2846171400000004,0.21701051825049825,False,-0.3196036739244051,False,55.86,True,1.1517763252850575,77.0,0.6,0,True,▄▆▆▁▄▇▅▅▇▆▃▄▇▁▃▅▅██▇,False,False,False,0,-0.11564197051978276,-0.005723942433493279,-0.15238235638144293,-0.0663875985090675,FLAT,False,35,16.0,IGNORE,NONE,,GREEN,C,WATCHLIST,No standout factor,Industrial Services,37.0
RPSGVENT,866.25,879.95,879.95,865.0,True,False,False,True,False,False,0.3949490196078431,1.090522125,0.37573023080994583,False,-0.17857728554645516,False,66.74,True,1.0497176740747731,82.0,0.81,0,True,█▆▅▅▄▅█▆▄▅▄▅▇▁▆▆██▅▆,False,False,False,2,-0.030986073046591067,-0.007049518569463564,-0.06772645890825124,-0.06771317464503779,FLAT,False,35,16.0,IGNORE,NONE,,GREEN,C,WATCHLIST,No standout factor,Finance,30.6
SATIN,224.16,227.0,227.99,223.1,True,False,False,True,False,False,0.24899214878938444,3.3420014399999998,0.23035315121799074,False,-0.5060055785422329,False,51.3,True,1.0013566137359582,35.0,-0.38,0,True,▃▂▃▅▁▃▃▅▆▅█▅▆▅▇▇▇█▅▅,False,False,False,0,-0.16628854093056122,-0.009544008483563071,-0.2030289267922214,-0.0702076645591373,FLAT,False,34,16.0,IGNORE,NONE,,GREEN,C,WATCHLIST,No standout factor,Finance,30.6
GMBREW,887.25,886.0,889.0,880.0,False,False,False,False,False,False,0.36808668824375285,0.7335783,0.365255914289789,False,-0.33540831593975895,False,57.05,True,1.0207641864750983,88.0,1.18,0,True,▂▄▂▂▄▃▄▅▅▄▁▄▃▅█▂▁▄▃▄,False,False,False,0,-0.01901708220465481,-0.01312496524108775,-0.055757468066314986,-0.07378862131666197,UP,False,33,16.0,IGNORE,SEED,,GREEN,C,WATCHLIST,No standout factor,Consumer Non-Durables,34.2
AMBUJACEM,417.5,419.6,419.85,416.0,True,False,False,False,False,False,0.5824679636615381,65.40584225,0.5619545724566771,False,-0.15401310346679584,False,59.92,True,1.1667234581122523,82.0,0.92,0,True,▂▁▃▅▆▇█▅▇▆▆▅█▇▆▆▇▅▆▇,False,False,False,0,-0.04789053591790193,-0.02075759352644546,-0.08463092177956211,-0.08142124960201969,FLAT,False,31,16.0,IGNORE,NONE,,GREEN,C,WATCHLIST,No standout factor,Non-Energy Minerals,34.4
KIOCL,388.1,384.8,392.3,384.75,False,True,True,True,False,False,0.21228361126854356,2.71689405,0.21376687485571785,False,-0.10306507681154845,False,26.55,False,0.7553557711456941,39.0,-0.32,0,False,▆█▆▄▂▁▄▄▃▇▅▆▄▂▄▇▅▆▄▃,False,False,False,0,0.11283154121863803,-0.026464317070111543,0.07609115535697786,-0.08712797314568577,UP,False,30,16.0,IGNORE,NONE,,GREEN,C,WATCHLIST,No standout factor,Non-Energy Minerals,34.4
RELIGARE,231.6,231.0,233.5,230.55,True,False,False,False,False,False,0.2118346749149567,5.42474364,0.20490425788722108,False,-0.2662474687003319,False,58.58,True,1.0378795932107296,66.0,0.25,0,True,▁▅▃▄▃▂▅▂▄▁▄▅▅▂█▂▁▃▃▄,False,False,False,0,-0.10249951559775239,-0.03427570678008507,-0.13923990145941256,-0.09493936285565929,FLAT,False,28,16.0,IGNORE,NONE,,GREEN,C,WATCHLIST,No standout factor,Finance,30.6
LINCOLN,614.05,627.1,629.0,610.0,True,True,True,True,False,False,0.29063628920191426,1.4756235549999999,0.2908738247429276,False,-0.04896849827955711,False,55.03,False,0.9867312175004482,42.0,-0.09,0,False,▆▆▆▇██▆▇▆▅▇▆▇▁▄▆▇▆▆▆,False,False,False,0,0.05870689655172412,-0.03466436094953629,0.021966510690063945,-0.09532801702511051,UP,False,28,16.0,IGNORE,NONE,,GREEN,C,WATCHLIST,No standout factor,Health Technology,31.5
SWARAJENG,3569.8,3595.0,3596.0,3558.6,True,False,False,False,False,False,0.6894892727737435,1.6371102800000001,0.6831216989128887,False,-0.14048339513260472,False,62.58,True,1.037578651545674,87.0,0.88,0,True,▃▆▅▁▃▃▄▄▄▄▂██▆▄▄▃▁▁▄,False,False,False,0,0.00022415242364814958,-0.036074958146568026,-0.036516233438012025,-0.09673861422214225,UP,False,27,16.0,IGNORE,SEED,,GREEN,C,WATCHLIST,No standout factor,Producer Manufacturing,33.3
PLATIND,215.2,212.2,217.0,211.31,False,False,False,False,False,False,0.5070018114270195,0.8275946399999999,0.48541109104459007,False,-0.13411667373403843,False,61.48,True,1.1138589196583053,88.0,1.11,0,True,▄▄█▄▂▅▁▂▆▇▂▃▅▁▁▅▄▇▅▆,False,False,False,0,-0.055394609779650605,-0.043002623738159884,-0.09213499564131078,-0.10366627981373411,UP,False,25,16.0,IGNORE,SEED,,GREEN,C,WATCHLIST,No standout factor,Process Industries,34.8
RSYSTEMS,239.25,241.6,241.6,237.25,True,False,False,False,False,False,0.3394893471926178,2.796569325,0.3176895275759126,False,-0.1770502550332955,False,54.37,True,1.1164041806123077,69.0,0.52,0,True,▂▄▁▄▂▅▅▂▃▅▃▆▇▄▆█▇▇▅▆,False,False,False,0,-0.025497943057309236,-0.04832935560859186,-0.06223832891896941,-0.10899301168416609,UP,False,23,16.0,IGNORE,NONE,,GREEN,C,WATCHLIST,No standout factor,Technology Services,35.4
NAVKARCORP,97.04,96.94,97.78,96.7,False,False,False,False,False,False,0.7309006769933989,2.0755400400000004,0.7014467684816276,False,-0.3576100409467342,False,58.52,True,1.0462704712865623,80.0,0.86,0,True,▃▄▄▃▂▁▄▅▅▇▂▂▄█▃▄▆▄▆▅,False,False,False,0,-0.05002447381302011,-0.049000392003135995,-0.08676485967468028,-0.10966404807871022,UP,False,23,16.0,IGNORE,NONE,,GREEN,C,WATCHLIST,No standout factor,Transportation,24.2
LUXIND,1203.4,1210.0,1210.0,1193.1,False,False,False,False,False,False,0.4861471088636564,1.35996234,0.4734590174707059,False,-0.20083715849581452,False,54.39,True,1.0547954503582893,61.0,0.37,0,True,▇▇▄▃▆▇▂▇▇▄▆▅██▆▁▃▅▇▆,False,False,False,0,-0.018914071416924694,-0.04982234504540062,-0.05565445727858487,-0.11048600112097484,UP,False,23,16.0,IGNORE,NONE,,GREEN,C,WATCHLIST,No standout factor,Consumer Non-Durables,34.2
JINDALPHOT,1044.9,1046.0,1063.9,1040.2,True,False,False,False,False,False,0.3904463254190932,0.08651772,0.38407586598538496,False,-0.44840862610723126,False,66.67,True,1.1143332302626632,89.0,1.18,0,True,▃▁▅▂▆▃▆▅▄▆▄▇▅▆▅▆▄█▆▆,False,False,False,0,-0.028993587956509415,-0.04922656960873517,-0.06573397381816959,-0.1098902256843094,UP,False,23,16.0,IGNORE,SEED,,GREEN,C,WATCHLIST,No standout factor,Finance,30.6
BRIGHOTEL,59.13,59.99,59.99,59.02,True,False,False,False,False,False,1.0072157998551847,0.703664739,0.9838439168225088,False,-0.21655200764911975,False,81.97,True,1.2383578199947125,98.0,1.92,0,False,▇▂█▁▇▃▂▂▃▄▁▅▇▅▄▄▅▇▆█,False,False,False,0,-0.01712101063829774,-0.05103514684641308,-0.053861396499957914,-0.1116988029219873,UP,False,22,16.0,IGNORE,SEED,,GREEN,C,WATCHLIST,Delivery P98,Consumer Services,29.9
SUMMITSEC,1420.2,1430.0,1436.3,1416.0,True,False,False,False,False,False,0.39439377896186995,0.24597864,0.3716377876562711,False,-0.543189123400607,False,62.98,True,1.0037853129856158,78.0,0.68,0,True,▇▅▅▆▆█▁▆█▇▅▅▅▆▅▄▅▆▆▆,False,False,False,0,-0.04221742649042348,-0.05149268683630526,-0.07895781235208366,-0.11215634291187948,UP,False,22,16.0,IGNORE,NONE,,GREEN,C,WATCHLIST,No standout factor,Miscellaneous,11.1
RECLTD,326.65,328.5,330.45,325.3,True,False,False,False,False,False,0.7001757309766486,141.34655074,0.6495628609500028,False,-0.08930788629628297,False,57.26,True,1.0222079405884033,72.0,0.59,0,False,▅▁▃▅▆▆▇▃▄▅▅███▄▄█▅▃▅,False,False,False,5,-0.09665376106194701,-0.06148541876167224,-0.13339414692360718,-0.12214907483724646,FLAT,False,20,16.0,IGNORE,NONE,,GREEN,C,WATCHLIST,No standout factor,Finance,30.6
GKENERGY,123.3,124.5,124.79,122.43,True,False,False,False,False,False,0.6192627529273312,3.86887041,0.5774874259126308,False,-0.2593507594273798,False,52.81,True,1.058496938356233,82.0,0.88,0,True,▅██▅▅▇▆█▇▁▇▆▆▆▆▇▇▇▆▆,False,False,False,0,-0.09431467606875266,-0.0827257848534444,-0.13105506193041283,-0.14338944092901862,UP,False,15,16.0,IGNORE,NONE,,GREEN,C,WATCHLIST,No standout factor,Industrial Services,37.0
SULA,144.55,146.41,146.41,143.84,True,False,False,False,False,False,0.355745766210557,3.6370803700000005,0.3169201524887376,False,-0.06393908920396324,False,62.69,True,1.2868594184602435,92.0,1.35,0,False,▆▄▁▄▄▆▅▄▄▄▅▇█▆▇▅▄▆▆▇,False,False,False,2,-0.03498230856532469,-0.0801781737193763,-0.07172269442698487,-0.14084182979495052,UP,False,15,16.0,IGNORE,SEED,,GREEN,C,WATCHLIST,Delivery P92,Process Industries,34.8
PRECAM,130.58,130.48,132.19,129.7,True,False,False,False,False,False,0.7917907608947774,1.281525178,0.7410329443754707,False,-0.39065473931754874,False,61.29,True,1.33282592149614,99.0,1.92,0,False,▁▆▄▂▄▄▄▂▅▆▇▇▆▄▅▆▅▆█▇,False,False,False,0,-0.058204111071042175,-0.09338332291883622,-0.09494449693270235,-0.15404697899441044,UP,False,12,16.0,IGNORE,SEED,,GREEN,C,WATCHLIST,Delivery P99,Producer Manufacturing,33.3
AURIONPRO,695.55,695.0,701.95,688.8,False,False,False,False,False,False,0.3661410247022879,6.12139644,0.34783700971924725,False,-0.4912218194078066,False,57.75,True,1.0469163554620935,84.0,0.96,0,True,▄▁▅▃▄▇▆▇█▇▇▆▃▁▅▆▆▆▄▅,False,False,False,0,-0.15736870797746694,-0.10511418462528155,-0.1941090938391271,-0.16577784070085577,FLAT,False,10,16.0,IGNORE,NONE,,GREEN,C,WATCHLIST,No standout factor,Technology Services,35.4
BOMDYEING,111.65,113.2,113.2,111.19,True,False,False,False,False,False,0.8226166144965712,4.052950825,0.7772504571206306,False,-0.522131381845158,False,50.14,True,1.0305527865415645,85.0,0.95,0,True,▆▇██▇█▆▆▅█▇▇▆▁▆▇▅▇█▇,False,False,False,0,-0.08265549256429205,-0.12190326386158079,-0.11939587842595223,-0.18256691993715501,UP,False,8,16.0,IGNORE,SEED,,GREEN,C,WATCHLIST,No standout factor,Process Industries,34.8
KOTIC,142.61,143.76,144.92,142.32,True,False,False,False,False,False,0.3552206673842842,0.052238043000000005,0.3314930412266796,False,-0.35161379621402356,False,81.32,True,1.325206961736523,84.0,1.13,0,True,▃▄▂▃▁▃▂▄▃▄▄▂▄▅█▃▃▆▇▇,False,False,False,0,-0.1377871825876662,-0.11931081331439508,-0.17452756844932638,-0.1799744693899693,UP,False,8,16.0,IGNORE,NONE,,GREEN,C,WATCHLIST,No standout factor,Process Industries,34.8
IZMO,854.7,870.95,878.3,850.15,True,False,False,True,False,False,0.4330425532531042,3.8342696700000003,0.37415552117454476,False,-0.4098945208874224,False,57.87,True,1.1326737324212441,79.0,0.7,0,True,▄▁▅█▃▄▇▆▁█▄▇▃▂▃▅▇▇▆▇,False,False,False,0,-0.22616568583069263,-0.1307398932112891,-0.2629060716923528,-0.19140354928686332,FLAT,False,7,16.0,IGNORE,NONE,,GREEN,C,WATCHLIST,No standout factor,Technology Services,35.4
JAYBARMARU,125.54,126.1,129.85,125.0,True,False,False,True,False,False,0.49095387301145466,3.602571164,0.4232527210401244,False,-0.31723030143400527,False,63.28,True,1.0990022490643372,88.0,1.08,0,True,▃▂▃▁▃▃▃██▃▅▂▁▂▃▂▃▄▄▄,False,False,False,0,-0.22198810114030743,-0.13217198949260334,-0.2587284870019676,-0.19283564556817756,FLAT,False,7,16.0,IGNORE,SEED,,GREEN,C,WATCHLIST,No standout factor,Distribution Services,31.7
CHEMPLASTS,176.89,175.15,179.78,175.15,False,False,False,False,False,False,0.27868491952469476,1.7967071079999999,0.2618683381601034,False,-0.41164380693722713,False,54.06,True,1.0916139975364982,68.0,0.4,0,True,▃▄▆▅█▆▆▄▆█▄▄▁▃▃▅█▅▆▆,False,False,False,0,-0.12556231153294783,-0.12836306297427813,-0.162302697394608,-0.18902671904985235,UP,False,7,16.0,IGNORE,NONE,,GREEN,C,WATCHLIST,No standout factor,Process Industries,34.8
ALLTIME,203.02,209.25,210.42,202.0,True,False,False,False,False,False,1.2029972046006725,1.6023556520000002,1.1194432674980317,False,-0.2221484372626016,False,62.39,True,1.0137544988504068,73.0,0.62,0,True,▂▁▅▆▅▅▆▆▂▅▅▆▆▃▄▄█▂▄▅,False,False,False,0,-0.08081677004572818,-0.13320809495346253,-0.11755715590738836,-0.19387175102903675,UP,False,7,16.0,IGNORE,NONE,,GREEN,C,WATCHLIST,No standout factor,Producer Manufacturing,33.3
BNAGROCHEM,239.95,230.0,240.0,230.0,False,False,False,False,False,False,0.001180720430931046,0.0008878149999999999,0.0011155942037396089,False,-0.696615737272775,False,97.87,True,1.593610577392777,,,1,False,█▆▄▃▄▇▇▄▇▆▅▁▁▇▇▇▇▇▆█,False,False,False,0,-0.12713714077846483,-0.1521201413427562,-0.163877526640125,-0.21278379741833042,UP,False,5,16.0,IGNORE,NONE,DEL98% █▆▄▃▄▇▇▄▇▆▅▁▁▇▇▇▇▇▆█,GREEN,C,WATCHLIST,No standout factor,Process Industries,34.8
BFUTILITIE,523.85,528.45,529.0,520.15,True,False,False,False,False,False,0.5773839231328474,1.9241534350000002,0.5493935801404567,False,-0.4160492488447211,False,49.44,True,1.0165832193858142,64.0,0.46,0,True,▆█▅▆▆▅█▇▇▆▅▇▇▇▁▅▇▆▇▆,False,False,False,0,-0.09743280496209505,-0.15759427514673952,-0.13417319082375523,-0.21825793122231374,UP,False,4,16.0,IGNORE,NONE,,GREEN,C,WATCHLIST,No standout factor,Industrial Services,37.0
VSTIND,212.69,215.0,215.0,212.0,True,False,False,False,False,False,0.4766139633433686,2.50314861,0.45854261870965163,False,-0.1707002564047917,False,58.83,True,1.0212211951568806,56.0,0.27,0,True,▃▆▁▅▆▄▅▆▆▇▆██▇▇█▇▆▇▆,False,False,False,0,-0.0754618561182352,-0.18117420596727618,-0.11220224197989537,-0.2418378620428504,UP,False,3,16.0,IGNORE,NONE,,GREEN,C,WATCHLIST,No standout factor,Consumer Non-Durables,34.2
SAKSOFT,163.52,164.99,165.81,163.02,True,False,False,False,False,False,0.2335983228255004,2.484866272,0.22699600000202264,False,-0.0692338024494632,False,45.97,True,1.3957583762201877,56.0,0.34,0,True,▅▂▂▂▁▃▄▄▇▂▄▆▇▆█▇▅▇▄█,False,False,False,0,-0.028401663695781343,0.18621690243017786,-0.06514204955744152,0.12555324635460363,FLAT,True,76,15.0,IGNORE,NONE,,GREEN,C,WATCHLIST,No standout factor,Technology Services,35.4
DIGITIDE,97.01,96.57,99.3,94.91,False,False,False,False,False,False,0.6931651967410617,2.515867041,0.6661435533715554,False,-0.11938759156406206,False,44.0,True,1.0741138560687433,25.0,-0.52,0,True,▃▄▄▂▄▅█▁▅▁▄▄▅▅▆▇▄▆▇▅,False,False,False,0,-0.041592570638213755,0.16682703872985338,-0.07833295649987393,0.10616338265427916,FLAT,True,73,15.0,IGNORE,NONE,,GREEN,C,WATCHLIST,No standout factor,Commercial Services,25.4
SIKA,1000.1,990.1,1038.0,990.1,True,False,False,False,False,False,0.8220359984947085,2.2392239,0.7618488367519357,False,-0.2674136558863689,False,50.31,True,1.0237678564161004,60.0,0.25,0,True,▃▄▆▄▁▆▃█▅▅▅▄▅▄▄▂▅▃█▅,False,False,False,0,-0.1266264955025761,0.1262387387387387,-0.16336688136423627,0.06557508266316447,FLAT,True,66,15.0,IGNORE,NONE,,GREEN,C,WATCHLIST,No standout factor,Electronic Technology,34.8
PHOENIXLTD,1930.0,1925.2,1943.8,1914.1,False,False,False,True,False,True,0.4137486351310079,44.918241,0.41286247778313295,False,-0.1406761450699874,False,54.1,False,0.9671508379888268,38.0,-0.15,0,False,▃▅▁▁█▃█▄▅▆▆▅▆▆▆▆▇▄▆▄,False,False,False,0,-0.04013527627194513,0.09808830223031406,-0.0768756621336053,0.03742464615473984,FLAT,True,60,15.0,IGNORE,NONE,,GREEN,C,WATCHLIST,No standout factor,Finance,30.6
NIITMTS,228.8,231.7,234.65,228.0,True,False,False,False,False,False,0.6789591196175082,2.3078598400000003,0.6434280841942339,False,-0.1729405739512289,False,55.1,True,1.0533660877295277,54.0,-0.0,0,True,▂▃▅▃▂▁▃▄█▄▅▄▃▃▂▃▅▃▃▄,False,False,False,0,-0.005995308019810519,0.07453153618560093,-0.04273569388147069,0.013867880110026709,FLAT,True,55,15.0,IGNORE,NONE,,GREEN,C,WATCHLIST,No standout factor,Commercial Services,25.4
IONEXCHANG,368.65,372.25,373.75,367.6,True,False,False,False,False,False,0.25522566644688194,4.042652765,0.2378766701782295,False,-0.31453515996461573,False,54.72,True,1.1828410233131221,77.0,0.69,0,True,▂▄▄▃▂▆▅▇▁▅▃▇▇▄▅▄█▅▇▆,False,False,False,0,-0.13279228416843103,0.06669560185185164,-0.1695326700300912,0.006031945776277414,FLAT,True,53,15.0,IGNORE,NONE,,GREEN,C,WATCHLIST,No standout factor,Producer Manufacturing,33.3
EKC,111.38,112.8,113.98,110.9,True,False,False,False,False,False,0.4872106324307539,1.226783872,0.4898918464258866,False,0.01238979266900625,False,46.61,False,0.8906085793446068,42.0,-0.03,0,True,▅▅▅█▄▅▅▅▄▅▄▅▆▅▅▄▇▁▄▄,False,False,False,0,0.02408973887458621,0.022022389429253053,-0.012650646987073966,-0.03864126664632117,UP,False,43,15.0,IGNORE,NONE,,GREEN,C,WATCHLIST,CMF positive,Producer Manufacturing,33.3
SHREECEM,24280.0,24295.0,24355.0,24070.0,True,False,False,False,False,False,0.6135510223533687,37.510172,0.5781025503764406,False,-0.09211052495633032,True,39.69,False,0.8740461797641463,14.0,-1.1,0,False,▂▂▄▅▄▁▂▁▆▄▄▃▅▅▇▇█▃▄▂,False,False,False,5,-0.09199700822737467,0.004343329886246083,-0.12873739408903484,-0.05632032618932814,FLAT,False,38,15.0,IGNORE,NONE,,GREEN,C,WATCHLIST,No standout factor,Non-Energy Minerals,34.4
MAXHEALTH,1000.0,1000.0,1003.6,986.5,False,False,False,False,False,False,0.7076587274157983,123.6731,0.6705028935165361,False,-0.010917952780246794,True,49.9,False,0.8968609865470851,14.0,-1.19,0,True,▄▃▇▄▅▄▇▆▇▆█▅▅▁▅▄▃▇▆▄,False,False,False,0,-0.07493061979648474,-0.003090419698933311,-0.11167100565814492,-0.06375407577450753,FLAT,False,36,15.0,IGNORE,NONE,,GREEN,C,WATCHLIST,No standout factor,Health Services,31.0
GPTINFRA,112.41,112.82,114.2,111.3,True,False,False,False,False,False,0.5217924842178946,0.7466047379999999,0.5015547444260808,False,0.027210031820247185,False,52.1,False,0.8888813061948715,54.0,0.25,0,True,▃▁▃▅▆▇▃▃▅▆▆▅▅▅▅▅▄█▆▃,False,False,False,0,-0.034361309165879206,-0.015329362298528326,-0.07110169502753938,-0.07599301837410255,UP,False,33,15.0,IGNORE,NONE,,GREEN,C,WATCHLIST,CMF positive,Industrial Services,37.0
SAFARI,1496.8,1501.0,1507.6,1469.3,False,False,False,False,False,False,0.7094413360635342,4.65175504,0.6970225295653619,False,-0.1768421333645115,True,65.09,True,1.1473545976150397,88.0,0.91,0,False,▅▄▅▆█▆▁▄█▄▄▅▆▆▄▅▅▆▅▆,False,False,False,0,-0.027357203197088897,-0.02494951468959672,-0.06409758905874907,-0.08561317076517094,UP,False,30,15.0,IGNORE,SEED,,GREEN,C,WATCHLIST,No standout factor,Consumer Durables,32.2
VOLTAS,1235.0,1223.6,1236.3,1220.0,False,False,False,False,False,False,0.6203917246467642,68.8706395,0.5969660624257666,False,-0.2795231046411101,True,45.16,True,1.1235228262221668,58.0,0.15,0,False,▇▁▃▃█▄▂▄▃▄▆▆█▇▁▃▃▆▇▆,False,False,False,0,-0.06953966699314396,-0.03920958456511603,-0.10628005285480413,-0.09987324064069025,FLAT,False,26,15.0,IGNORE,NONE,,GREEN,C,WATCHLIST,No standout factor,Producer Manufacturing,33.3
GESHIP,1311.3,1298.9,1329.8,1291.5,False,False,False,False,False,False,0.5817274211058242,83.96476821,0.5553290266423352,False,-0.5874156588609281,True,46.03,False,0.973654429884401,33.0,-0.3,0,True,▇▇▇▆█▆▁▄▅▅▅▇▇▆▆▆▃▂▆▅,False,False,False,0,-0.08804506572084303,-0.05600748686199697,-0.1247854515825032,-0.11667114293757119,FLAT,False,21,15.0,IGNORE,NONE,,GREEN,C,WATCHLIST,No standout factor,Transportation,24.2
HGS,402.25,407.45,411.0,396.5,True,False,False,False,False,False,1.1107187570222463,0.90466025,1.0671798809650626,False,-0.37087196241736425,True,54.66,False,0.9106054043247926,31.0,-0.34,0,True,▆▅█▅▇▆█▇▅▁▆▅▇▆▅▄▆▆█▅,False,False,False,0,-0.04804165187551768,-0.059284377923292886,-0.08478203773717785,-0.11994803399886711,UP,False,20,15.0,IGNORE,NONE,,GREEN,C,WATCHLIST,No standout factor,Commercial Services,25.4
FRONTSP,1272.1,1293.9,1293.9,1272.1,True,False,False,False,False,False,0.29078315509366665,1.3233656299999998,0.26969589672101685,False,0.04809763609472774,False,59.07,True,1.0920990598740954,60.0,0.41,0,False,▂▆▆▆▄▄▇▅█▄▆▃▄▁▂▃▁▅▆▅,False,False,False,0,-0.0435338345864662,-0.09394586894586898,-0.08027422044812638,-0.1546095250214432,UP,False,12,15.0,IGNORE,NONE,,GREEN,C,WATCHLIST,CMF positive,Producer Manufacturing,33.3
GALLANTT,584.4,584.2,599.0,582.0,False,False,False,False,False,False,0.3923154336490252,3.427506,0.39556013497674686,False,-0.165232565686771,True,36.92,False,0.742812305092248,44.0,-0.09,0,True,▃▃█▃▅▁▂▃▃▃▃▃▄▇▃▅▆▄▃▂,False,False,False,0,0.12125863392171898,-0.10689997707648813,0.08451824806005881,-0.16756363315206235,UP,False,10,15.0,IGNORE,NONE,,GREEN,C,WATCHLIST,No standout factor,Non-Energy Minerals,34.4
AWFIS,268.2,264.65,270.6,263.0,False,False,False,False,False,False,0.5978436256216333,3.6817155,0.5845879699720385,False,-0.28939178877685034,True,45.36,False,0.8515671200473094,40.0,-0.27,0,True,▁▅▅▇▆▇▇▄▇▆▆█▆▆▅▅▆▅▇▄,False,False,False,0,-0.013426521979032713,-0.11499752516086459,-0.05016690784069289,-0.1756611812364388,UP,False,9,15.0,IGNORE,NONE,,GREEN,C,WATCHLIST,No standout factor,Finance,30.6
TEAMLEASE,1245.2,1240.9,1253.9,1231.2,False,False,False,False,False,False,0.2212062095613989,0.9142258400000001,0.21794825925547426,False,-0.27432399558018533,True,63.16,True,1.0170610542588223,68.0,0.46,0,False,█▇█▆▁█▅▅▂▅█▅▄▆▅▆▄▆▅▆,False,False,False,0,-0.05214280277080008,-0.1137997295566151,-0.08888318863246025,-0.17446338563218933,UP,False,9,15.0,IGNORE,NONE,,GREEN,C,WATCHLIST,No standout factor,Commercial Services,25.4
CEINSYS,765.0,767.1,769.4,753.95,False,False,False,False,False,False,0.32646288294641407,1.7955315,0.3088076849846589,False,-0.1572162267890004,True,55.41,True,1.07566124727008,65.0,0.45,0,False,█▇▅▇▇▆▅▃▆▇▆▃▅▁▅▅▆▆▆▆,False,False,False,0,-0.12270642201834858,-0.1556291390728477,-0.15944680788000876,-0.21629279514842192,UP,False,5,15.0,IGNORE,NONE,,GREEN,C,WATCHLIST,No standout factor,Industrial Services,37.0
CRIZAC,172.84,172.65,175.0,171.0,False,False,False,False,False,False,0.4148377260438306,2.736800412,0.3805992246373881,False,-0.13953433068230509,True,50.57,True,1.00495821782375,52.0,0.08,0,False,▆▇▇▆▆▁▇█▇▆▄███▇██▆█▇,False,False,False,0,-0.06289308176100628,-0.16080792386871234,-0.09963346762266645,-0.22147157994428657,UP,False,4,15.0,IGNORE,NONE,,GREEN,C,WATCHLIST,No standout factor,Technology Services,35.4
SPANDANA,241.3,244.05,245.6,240.05,True,False,False,False,False,False,0.2779927781140042,1.99895333,0.26021951996803483,False,-0.24647423743018176,True,37.24,False,0.7483246089079565,15.0,-0.94,0,True,▂▂▂▄▁▄▅▃▄█▅▅▇▂▆▄▆▄▄▁,False,False,False,0,-0.07724665391969399,0.06534216335540854,-0.11398703978135416,0.004678507279834321,FLAT,True,52,14.0,IGNORE,NONE,,GREEN,C,WATCHLIST,No standout factor,Finance,30.6
CENTURYPLY,762.4,774.95,778.85,760.2,True,False,False,False,False,True,0.9485731140319766,7.08589808,0.9234359468405148,False,-0.3944403659252625,False,49.58,False,0.9835350128942669,53.0,0.04,0,False,█▅█▆▁▄▄▅▄▅▅▆▆▄█▇▆▅▄▅,False,False,False,4,-0.0376167634435749,0.05216671266905881,-0.07435714930523507,-0.008496943406515411,FLAT,False,49,14.0,IGNORE,NONE,,GREEN,C,WATCHLIST,No standout factor,Producer Manufacturing,33.3
CMPDI,233.15,235.5,239.0,232.95,True,False,False,True,False,False,0.8052066949787217,29.653532475,0.7690137862526215,False,-0.07111586184616768,False,41.13,False,0.9239997304158337,60.0,0.16,0,True,▂▅▅▇▄▅█▇▂▂▆▆██▅▅▅▁▃▄,False,False,False,0,-0.06440609951845899,0.045515695067264605,-0.10114648538011917,-0.015147961008309618,FLAT,False,48,14.0,IGNORE,NONE,,GREEN,C,WATCHLIST,No standout factor,Commercial Services,25.4
NHPC,76.15,76.3,77.1,75.95,True,False,False,False,False,True,0.8408584109374002,57.83334351500001,0.8190480413472988,False,-0.1862625546190849,False,46.43,True,1.0262928128557376,43.0,-0.26,0,False,▁▄▇▄▅▄▃▂▃▄▄▅▅▇▆▅█▅▄▅,False,False,False,1,-0.040811185287819574,0.03198265347608076,-0.07755157114947975,-0.028681002599493466,FLAT,False,45,14.0,IGNORE,NONE,,GREEN,C,WATCHLIST,No standout factor,Utilities,29.3
SIGNATURE,795.3,798.0,809.4,792.3,True,False,False,False,False,False,0.9691011736846422,17.288867639999996,0.9546431972442136,False,-0.07667732501387357,False,10.48,True,1.0977845283611796,37.0,-0.46,0,False,██▆▃▂█▃▃▃▄▃▂▂▁▂▁▂▃▁▄,False,False,False,0,0.035075161059412885,0.024343122102009174,-0.0016652248022472893,-0.03632053397356505,UP,False,44,14.0,IGNORE,NONE,,GREEN,C,WATCHLIST,No standout factor,Finance,30.6
CHOLAHLDNG,1561.8,1580.0,1580.0,1551.1,True,False,False,False,False,False,0.3360722990938834,11.588399820000001,0.33621981011916,False,-0.12003007096901669,False,38.39,False,0.6241870447450573,7.0,-1.38,0,True,▄█▆▇▅▅▅▅▄▅▅▇▄▃▁▁▅▅▅▂,False,False,False,0,0.029735610206369056,0.024668678651095677,-0.007004775655291118,-0.03599497742447855,UP,False,44,14.0,IGNORE,NONE,,GREEN,C,WATCHLIST,No standout factor,Finance,30.6
LEMONTREE,108.33,108.3,110.5,108.01,False,False,False,False,False,False,0.8873031979829265,28.048933595999998,0.8721778897524026,False,-0.22498253717179437,False,42.77,False,0.7289553968605662,20.0,-0.81,0,True,▆▅▇▆▆▄▄▄▆▇▄▄▅▄▆█▅▇▇▁,False,False,False,0,-0.009418434528163822,0.010258323230439181,-0.046158820389823996,-0.05040533284513504,UP,False,39,14.0,IGNORE,NONE,,GREEN,C,WATCHLIST,No standout factor,Consumer Services,29.9
BORORENEW,549.4,543.0,552.95,543.0,False,False,False,True,False,False,0.855996545935406,19.18136702,0.8353436967802406,False,-0.26763091938728767,False,36.33,False,0.7382195761282587,13.0,-1.02,0,True,▅▆▆▃▆█▅▂█▆▃▂▄▇▅▅▃▆▃▁,False,False,False,0,-0.05381899595281148,0.008813808299669379,-0.09055938181447165,-0.051849847775904845,FLAT,False,39,14.0,IGNORE,NONE,,GREEN,C,WATCHLIST,No standout factor,Process Industries,34.8
ASHIANA,361.8,363.8,369.5,359.0,True,False,False,True,False,True,0.7615520850104653,1.4888431800000002,0.7301018345883206,False,-0.24134092640615873,False,46.7,False,0.9472616632860041,25.0,-0.56,0,True,▂▁▆▁▁▆▂▅██▂▅▃▆▃▅▇█▄▃,False,False,False,1,-0.06439100077579518,0.0051396027226005,-0.10113138663745536,-0.05552405335297372,FLAT,False,38,14.0,IGNORE,NONE,,GREEN,C,WATCHLIST,No standout factor,Finance,30.6
THANGAMAYL,5487.5,5473.0,5575.0,5420.0,False,False,False,True,False,False,0.31711551802969695,51.64670375,0.3134541048941297,False,-0.31368713257425485,False,38.84,False,0.8656599988856077,67.0,0.25,0,True,▁▂▁▃▃▄▄▃▃▅▅▅█▆▅▆▆▅▆▃,False,False,False,1,-0.20545862593209296,0.0016062204537572455,-0.24219901179375314,-0.05905743562181698,FLAT,False,37,14.0,IGNORE,NONE,,GREEN,C,WATCHLIST,No standout factor,Consumer Durables,32.2
CAPILLARY,497.0,507.8,510.7,497.0,True,False,False,False,False,False,0.08436110106864653,6.9902553,0.07749906434123065,False,-0.002557372562770875,False,54.72,True,1.4963493669501489,85.0,0.9,0,False,▁▃▄▇▃▇▂▂▄▅█▅█▆▇▇▇▆▇█,False,False,False,2,0.050295857988165604,-0.002008032128514081,0.01355547212650543,-0.0626716882040883,UP,False,36,14.0,IGNORE,SEED,,GREEN,C,WATCHLIST,No standout factor,Technology Services,35.4
ITC,277.2,278.35,278.35,275.95,True,False,False,False,False,False,0.4478962554657583,196.54095384,0.4377678632716333,False,-0.05648068758186544,False,65.7,True,1.1528136021477076,75.0,0.64,0,False,▇▄▅▅▅▁▂▆▅▆▆█▆▇▅▆▆▇██,False,False,False,0,-0.012468827930174564,-0.011059579022476007,-0.04920921379183474,-0.07172323509805023,UP,False,33,14.0,IGNORE,NONE,,GREEN,C,WATCHLIST,No standout factor,Consumer Non-Durables,34.2
GRSE,2601.5,2614.0,2659.9,2592.9,True,False,False,False,False,False,0.6944660453065312,94.6155144,0.692398326349984,False,-0.04662427047296574,False,35.2,False,0.9852354628787348,87.0,1.1,0,True,▄▆▁▃▂█▇▇▁▄▄▆▄▄▄▅▄▆▇▄,False,False,False,0,0.013913789071634541,-0.017820062672254222,-0.022826596790025633,-0.07848371874782845,UP,False,32,14.0,IGNORE,SEED,,GREEN,C,WATCHLIST,No standout factor,Producer Manufacturing,33.3
ACC,1307.4,1304.6,1322.7,1299.0,False,False,False,False,False,False,0.5978573633698009,15.558452220000001,0.576561061139598,False,-0.15685802896027912,False,45.9,False,0.9886275523391057,36.0,-0.48,0,True,▂▃▄▁▄▃▆▃▄▅▇▆▇▇▇▇▇█▅▅,False,False,False,0,-0.024983220225221814,-0.021846476133472903,-0.06172360608688199,-0.08251013220904713,UP,False,31,14.0,IGNORE,NONE,,GREEN,C,WATCHLIST,No standout factor,Non-Energy Minerals,34.4
RICOAUTO,129.95,132.2,133.5,129.6,True,False,False,True,False,False,0.22891382345242753,8.92205512,0.21122117096819787,False,-0.1954719125433476,False,32.79,False,0.9921781623976881,67.0,0.34,0,True,▆▃▄▄▁▅▅▄▅▄▆▄▂▃▆▄▅█▂▄,False,False,False,2,-0.06557848565470625,-0.024326150611907904,-0.10231887151636643,-0.08498980668748213,FLAT,False,30,14.0,IGNORE,NONE,,GREEN,C,WATCHLIST,No standout factor,Producer Manufacturing,33.3
SOBHA,1294.6,1314.3,1314.3,1288.0,True,False,False,False,False,False,0.4430345499310083,5.935740999999999,0.42767896112817,False,-0.38123225711617165,False,46.95,False,0.9764467321790674,75.0,0.48,0,True,▂▂▃▄▃▃▃▁▃▆▂█▃▃▃▅▄▅▂▃,False,False,False,0,-0.04969536812743158,-0.028734338660064696,-0.08643575398909176,-0.08939799473563892,UP,False,29,14.0,IGNORE,NONE,,GREEN,C,WATCHLIST,No standout factor,Finance,30.6
RVNL,225.3,227.9,231.38,225.3,True,False,False,False,False,False,0.5857384774678441,58.946725980000004,0.578250265500576,False,-0.1594054372892486,False,34.95,True,1.0576006536244384,77.0,0.77,0,False,▄▆█▇█▅▅▇▅▃▇▂▁▆▆▅█▂▄▆,False,False,False,0,0.003429385828174425,-0.03412501071765406,-0.03331100003348575,-0.09478866679322828,UP,False,28,14.0,IGNORE,NONE,,GREEN,C,WATCHLIST,No standout factor,Industrial Services,37.0
INDRAMEDCO,369.7,375.95,378.1,369.0,True,False,False,False,False,False,0.2333141223881231,5.3003889,0.22793835699287676,False,-0.48839023290869715,False,60.62,True,1.0746226323113603,82.0,0.84,0,False,▅▇█▆▇▆▅▇▇▁▅▆▇▇▆▇▇▅▅▇,False,False,False,0,0.013987931980252277,-0.03849154746423933,-0.022752453881407897,-0.09915520353981355,UP,False,26,14.0,IGNORE,NONE,,GREEN,C,WATCHLIST,No standout factor,Health Services,31.0
TECHNOE,987.45,990.0,1003.2,986.4,False,False,False,False,False,False,0.428143723330075,10.592079915000001,0.420411950879088,False,-0.05847114075717306,False,55.31,True,1.049137415946661,71.0,0.5,0,False,▇███▆▆▆▇▇▁▅▇▄▇▆▆▃▆▆▇,False,False,False,0,-0.004385964912280604,-0.04934052180610382,-0.04112635077394078,-0.11000417788167804,UP,False,23,14.0,IGNORE,NONE,,GREEN,C,WATCHLIST,No standout factor,Industrial Services,37.0
DCXINDIA,175.49,173.9,178.5,173.9,False,False,False,False,False,False,0.6587342970519043,5.638967523000001,0.6511873224780327,False,-0.14091731156884837,False,36.16,False,0.799345668368813,44.0,-0.16,0,True,▅▇▇▆▄█▆▆▄▆▆▇▅▅▄▆▁▄▆▄,False,False,False,0,-0.028724817356652665,-0.04759578855964386,-0.06546520321831284,-0.10825944463521808,UP,False,23,14.0,IGNORE,NONE,,GREEN,C,WATCHLIST,No standout factor,Producer Manufacturing,33.3
SFL,664.95,665.9,676.0,661.05,True,False,False,True,False,False,0.24656924510014228,5.30058243,0.22684008746124895,False,-0.5029877541822266,False,47.89,True,1.0530019019558263,36.0,-0.34,0,False,▆▅▅▅▄█▃▁▃▄▄▄▂▃▅▇▅▄▆▅,False,False,False,0,-0.12730494126911218,-0.054864615165943986,-0.16404532713077236,-0.11552827124151821,FLAT,False,21,14.0,IGNORE,NONE,,GREEN,C,WATCHLIST,No standout factor,Process Industries,34.8
KAMAHOLD,2421.0,2437.9,2450.0,2418.0,True,False,False,False,False,True,0.5187287908348668,0.6790905,0.5092623316672189,False,-0.6315219006232521,False,58.63,False,0.8547519426180515,21.0,-0.74,0,True,▁▄▆▇▄▆▆▆▅▅▅▇██▁▄▇▅▆▄,False,False,False,0,-0.04042806183115344,-0.060243769893641774,-0.07716844769281361,-0.120907425969216,UP,False,20,14.0,IGNORE,NONE,,GREEN,C,WATCHLIST,No standout factor,Process Industries,34.8
UPL,569.0,571.0,573.7,566.0,True,False,False,False,False,False,0.44784603184646826,50.4010527,0.4381688108465452,False,-0.28108177848454247,False,48.22,False,0.849534447370971,21.0,-0.77,0,True,▆█▄▅▅▃▁▆▆▄▄▃▅▄▅▅▇▄▅▃,False,False,False,0,-0.055523279940244086,-0.06736600557285699,-0.09226366580190426,-0.12802966164843121,UP,False,18,14.0,IGNORE,NONE,,GREEN,C,WATCHLIST,No standout factor,Process Industries,34.8
NTPCGREEN,91.43,91.8,92.58,91.21,True,False,False,False,False,False,0.39778038454153003,13.547823110000003,0.39229001640856287,False,-0.31954838012506726,False,42.24,False,0.7984197941573968,27.0,-0.5,0,True,▁▃▆▅▆▇▄▄▂▄▅█▂▃▄▃▄█▅▁,False,False,False,0,-0.05076827242524906,-0.07017187023288918,-0.08750865828690924,-0.1308355263084634,UP,False,17,14.0,IGNORE,NONE,,GREEN,C,WATCHLIST,No standout factor,Utilities,29.3
RCF,118.16,118.6,119.5,117.55,True,False,False,False,False,False,1.4568761301864401,11.852972264,1.380022611294359,False,-0.4085900978844656,False,31.87,False,0.775029790131563,31.0,-0.4,0,True,▁▁▂▅▃▃▄▃▃▄▅██▄▂▅█▅▅▂,False,False,False,0,-0.04878441474802775,-0.07216332940714565,-0.08552480060968792,-0.13282698548271987,UP,False,17,14.0,IGNORE,NONE,,GREEN,C,WATCHLIST,No standout factor,Process Industries,34.8
CESC,155.09,156.49,156.61,154.7,True,False,False,False,False,False,1.0378086554410344,24.901762197,0.978178253926536,False,-0.14194798933622726,False,50.38,True,1.0081242245967903,56.0,0.18,0,False,▅▇▆▅▅▄▅▇▆▆▆▆▆▁▂▆█▄▄▅,False,False,False,0,-0.0495771540629979,-0.07766874814154034,-0.08631753992465807,-0.13833240421711457,UP,False,16,14.0,IGNORE,NONE,,GREEN,C,WATCHLIST,No standout factor,Utilities,29.3
CHAMBLFERT,431.15,438.0,438.0,429.6,True,False,False,False,False,False,1.0967081974370614,19.75391332,1.0594988686015339,False,-0.13650189568811766,False,53.89,False,0.9928150331613855,71.0,0.59,0,True,▂▃▃▂▂▃▁▁▃▅▅▅▆▃█▆█▅▆▄,False,False,False,0,0.00034802784222742744,-0.0830497660569971,-0.03639235801943275,-0.14371342213257132,UP,False,15,14.0,IGNORE,NONE,,GREEN,C,WATCHLIST,No standout factor,Process Industries,34.8
WAAREERTL,875.3,879.3,886.45,871.4,True,False,False,False,False,False,0.8095952139305511,9.21305768,0.777239226184711,False,-0.37326223269575803,False,45.81,False,0.9518763246477996,81.0,0.85,0,True,▁▄▅▅▅▆▆▆▆▅▁▇█▆▇▄▇▅▆▄,False,False,False,0,-0.06083690987124468,-0.08263899806110153,-0.09757729573290486,-0.14330265413667576,UP,False,15,14.0,IGNORE,NONE,,GREEN,C,WATCHLIST,No standout factor,Utilities,29.3
COLPAL,1889.0,1907.9,1907.9,1880.1,True,False,False,False,False,False,0.890175499555896,72.3007194,0.8232144683236835,False,-0.14083846690453966,False,53.95,True,1.1079507531806094,61.0,0.22,0,False,▃▄▁▃▄▅▅▅▆▄▆▅█▄▄▃▂▅▅▅,False,False,False,1,-0.09448252720387318,-0.09139009139009135,-0.13122291306553335,-0.15205374746566558,UP,False,13,14.0,IGNORE,NONE,,GREEN,C,WATCHLIST,No standout factor,Consumer Non-Durables,34.2
IRFC,86.12,86.76,87.56,86.05,True,False,False,False,False,False,0.7519273342671883,46.7926561,0.7314389602727362,False,-0.10934089633700772,False,39.3,True,1.009595005972795,74.0,0.62,0,False,▄▅▄▁▁▄▅▅▄▅▆▇▆▇█▃▇▅▄▅,False,False,False,0,-0.02479900351036124,-0.09060190073917629,-0.061539389372021414,-0.1512655568147505,UP,False,13,14.0,IGNORE,NONE,,GREEN,C,WATCHLIST,No standout factor,Finance,30.6
SJVN,66.06,66.03,66.65,65.92,False,False,False,False,False,False,0.6890619240196046,7.63931052,0.6701088426930519,False,-0.2524890010907673,False,51.3,False,0.9925318268002941,83.0,1.0,0,True,▅▇▅▅▁▆▆▄▇▅▇▆▅▇▆█▆▆▆▆,False,False,False,0,-0.02249186149748439,-0.09020796033604184,-0.05923224735914456,-0.15087161641161606,UP,False,13,14.0,IGNORE,NONE,,GREEN,C,WATCHLIST,No standout factor,Utilities,29.3
PGHH,8189.0,8249.0,8267.0,8177.5,True,False,False,False,False,False,0.4001403646957545,6.4897825,0.3832940262865451,False,-0.4714217899654921,False,71.51,True,1.1853435772479013,87.0,1.13,0,False,▆▇▁▇▃▄▄▅▃▅▄▅▆▄▆█▂▇▆▇,False,False,False,0,-0.08752576745222573,-0.0894534941902485,-0.12426615331388591,-0.15011715026582273,UP,False,13,14.0,IGNORE,SEED,,GREEN,C,WATCHLIST,No standout factor,Consumer Non-Durables,34.2
PRAKASH,128.6,129.1,133.9,128.01,True,False,False,False,False,False,0.5756953458759313,4.284154679999999,0.564032430433984,False,0.058722048593920474,False,42.59,False,0.8106667681824239,10.0,-1.17,0,False,▆▅▅▆██▇▇▄▆▆▅▄▇▁▅▆▃▅▃,False,False,False,0,0.03902399612183882,-0.08987968860580342,0.002283610260178648,-0.15054334468137764,UP,False,13,14.0,IGNORE,NONE,,GREEN,C,WATCHLIST,CMF positive,Non-Energy Minerals,34.4
FIRSTCRY,196.33,198.0,201.7,195.9,True,False,False,False,False,False,1.1295288044211906,18.785168528,1.0719105945209044,False,-0.5074771037065264,False,34.6,False,0.7783501675927383,31.0,-0.4,0,True,▅▅█▇▅▇▇▄▆▅▅▅▇▄▁▂▄▅▂▃,False,False,False,0,-0.05746519443110898,-0.09425170695700302,-0.09420558029276915,-0.15491536303257725,UP,False,12,14.0,IGNORE,NONE,,GREEN,C,WATCHLIST,No standout factor,Retail Trade,32.3
ASTRAZEN,7415.5,7500.0,7580.0,7371.5,True,False,False,False,False,False,1.0728355551075608,14.2066149,1.0004046419728754,False,-0.26453798302296133,False,58.22,True,1.0722112746091088,84.0,0.88,0,False,▄▂▅▄█▂▂▁▂▂▁▃▄▅▃▅▂▇▃▄,False,False,False,0,-0.07369933170944976,-0.10109703618401111,-0.11043971757110993,-0.16176069225958534,UP,False,11,14.0,IGNORE,NONE,,GREEN,C,WATCHLIST,No standout factor,Health Technology,31.5
TIRUMALCHM,154.09,157.2,162.84,153.3,True,False,False,False,False,False,0.9701483215869361,9.514626048,0.895775043562706,False,-0.06788999626130446,False,42.5,False,0.7605379239998926,21.0,-0.76,0,True,▇▂▄█▄▇▄▄▅▅▄▆▆▇▅▆▆▆▁▂,False,False,False,0,-0.08137593895314177,-0.10282387190684128,-0.11811632481480194,-0.1634875279824155,UP,False,11,14.0,IGNORE,NONE,,GREEN,C,WATCHLIST,No standout factor,Process Industries,34.8
PROTEAN,551.05,548.25,562.0,548.0,False,False,False,False,False,False,0.6966973473500584,12.438796544999999,0.6482917089840352,False,-0.36746454633855613,False,42.83,False,0.8428281874175965,25.0,-0.61,0,True,▂▁▃▆▆▄▁▅▆▃▃███▇▅▆▇▇▂,False,False,False,0,-0.07215019363529218,-0.10746679624230648,-0.10889057949695236,-0.1681304523178807,UP,False,10,14.0,IGNORE,NONE,,GREEN,C,WATCHLIST,No standout factor,Technology Services,35.4
JWL,247.0,248.8,250.75,246.5,True,False,False,False,False,False,0.3504556031817081,11.7560638,0.33481306657911847,False,-0.12334497039847979,False,45.01,True,1.2224666612346884,82.0,0.99,0,False,▇█▁▅▅▅▆▅▆▇▆▃▇▆▆▅▇▄▅▇,False,False,False,0,0.0018251875887242974,-0.10377358490566047,-0.03491519827293588,-0.1644372409812347,UP,False,10,14.0,IGNORE,NONE,,GREEN,C,WATCHLIST,No standout factor,Producer Manufacturing,33.3
ADANIGREEN,1315.0,1327.6,1336.4,1313.2,True,False,False,True,False,False,0.402680899968214,117.854508,0.38098003578681805,False,-0.38271397462579854,False,30.87,False,0.9497730943773557,69.0,0.15,0,True,▂▃▁▁▃▅▄▄▅▇▂▂▃█▂▃▃▃▇▃,False,False,False,0,-0.14715610610286012,-0.11774572291177454,-0.1838964919645203,-0.17840937898734877,FLAT,False,8,14.0,IGNORE,NONE,,GREEN,C,WATCHLIST,No standout factor,Utilities,29.3
MOIL,252.85,252.5,258.7,251.45,False,False,False,False,False,False,0.42419383241180236,26.939928534999996,0.3786022864830517,False,-0.3039761028358814,False,43.62,True,1.0677437121351203,67.0,0.4,0,False,▇▇▅▁▅▄▅█▅▇▅█▄▇▇▇█▇▇▆,False,False,False,0,-0.05951273944578772,-0.13377869133264808,-0.0962531253074479,-0.1944423474082223,UP,False,7,14.0,IGNORE,NONE,,GREEN,C,WATCHLIST,No standout factor,Non-Energy Minerals,34.4
NLCINDIA,269.8,272.8,274.8,269.0,True,False,False,False,False,False,0.45783380989757744,27.409548580000003,0.4281202836764789,False,-0.0857772510446586,False,50.21,False,0.9501102248966345,75.0,0.67,0,True,▄▅▄▄▄▂▂▃▃▄▁▁▅▃▃▁▁█▃▂,False,False,False,0,-0.07855191256830596,-0.1470123300663927,-0.11529229842996613,-0.20767598614196692,UP,False,6,14.0,IGNORE,NONE,,GREEN,C,WATCHLIST,No standout factor,Utilities,29.3
TRITURBINE,574.85,581.2,585.9,573.2,True,False,False,False,False,False,0.38922312685092353,18.60387055,0.3682913746630286,False,-0.027892119805775824,False,45.78,False,0.9882672941379645,43.0,-0.08,0,True,█▄▇▂▄▃▁▂▂▂▃▂▂▂▄▂▇▁▃▃,False,False,False,0,-0.06039555410264785,-0.14354886769964248,-0.09713593996430803,-0.2042125237752167,UP,False,6,14.0,IGNORE,NONE,,GREEN,C,WATCHLIST,No standout factor,Producer Manufacturing,33.3
NBCC,88.88,88.79,89.63,88.42,False,False,False,False,False,False,0.9055250696305543,47.720774112,0.8676468148126901,False,-0.30717678715346547,False,34.57,False,0.938611495750862,60.0,0.19,0,True,▂▂▄▂▁▄▄▃▁▅▃▄▃▃▇▃█▄▃▃,False,False,False,0,-0.052855924978687185,-0.15481171548117156,-0.08959631084034736,-0.2154753715567458,UP,False,5,14.0,IGNORE,NONE,,GREEN,C,WATCHLIST,No standout factor,Commercial Services,25.4
ASHAPURMIN,590.25,605.0,610.0,586.15,True,False,False,False,False,False,0.7036015270441259,26.85153495,0.6120110565926051,False,-0.20001217749398123,False,35.65,False,0.7706275264261472,29.0,-0.63,0,True,▅▄█▁▃▄▄▆▅▅▃▁▃▆▅▄▇▅▁▁,False,False,False,2,-0.15321712933075093,-0.14709919803482396,-0.1899575151924111,-0.2077628541103982,UP,False,5,14.0,IGNORE,NONE,,GREEN,C,WATCHLIST,No standout factor,Non-Energy Minerals,34.4
INOXWIND,73.6,74.24,74.82,73.45,True,False,False,False,False,False,0.4356613795601714,44.85045632,0.4222652641983335,False,-0.24444444818232697,False,48.39,True,1.3921574268534769,88.0,1.35,0,False,▁▅▂▃▄▃▃▄▅▄▄▂▄█▄▃▄▅▄█,False,False,False,0,-0.043783292191763135,-0.16392139043507903,-0.08052367805342331,-0.22458504651065325,UP,False,4,14.0,IGNORE,SEED,,GREEN,C,WATCHLIST,No standout factor,Producer Manufacturing,33.3
KPITTECH,589.3,592.9,594.85,586.05,True,False,False,False,False,False,0.1830525739786818,53.26888955,0.17632433657541602,False,-0.019577400662713122,False,35.72,True,1.2252388220968324,48.0,-0.21,0,False,▂▆▁▂▁▃▃▆▃▅▆█▆▄▄▃▄▆▃▆,False,False,False,0,0.010459533607681593,-0.21321762349799744,-0.02628085225397858,-0.27388127957357167,UP,False,2,14.0,IGNORE,NONE,,GREEN,C,WATCHLIST,No standout factor,Technology Services,35.4
AVANTIFEED,847.5,856.8,867.4,844.3,True,False,False,False,False,False,0.47708609721893924,18.431091,0.45213355088210533,False,-0.24309004100893872,False,39.01,False,0.9059451927542962,75.0,0.63,0,True,▄▆▇▇▅▅▄█▅▅▅▄▃▅▁▃▄▅▄▄,False,False,False,0,-0.13259300956962283,-0.20054711819639648,-0.169333395431283,-0.2612107742719707,UP,False,2,14.0,IGNORE,NONE,,GREEN,C,WATCHLIST,No standout factor,Process Industries,34.8
CAMLINFINE,109.45,108.51,110.0,108.1,False,False,False,False,False,False,0.3136683689310142,5.72830654,0.30146141192288517,False,-0.11590428515573922,False,44.15,False,0.9382537641720946,34.0,-0.38,0,True,▇▇██▇█▅▆▇▇█▆▇▆▅▁▆▇█▆,False,False,False,0,-0.12067164778661521,-0.19951729686242947,-0.15741203364827538,-0.2601809529380037,UP,False,2,14.0,IGNORE,NONE,,GREEN,C,WATCHLIST,No standout factor,Process Industries,34.8
GUJENERGY,263.35,267.95,268.6,263.0,True,False,False,False,False,False,0.8298395047739442,41.61098544,0.7920393962065029,False,-0.38628075397100486,False,62.62,True,1.0905892700087951,,,0,False,▆▆▅▇▅▆▆█▆▇▅▄▁█▄▅▆▃▄▇,False,False,False,0,-0.00791109436805415,-0.301088110403397,-0.044651480229714324,-0.3617517664789712,UP,False,1,14.0,IGNORE,NONE,,GREEN,C,WATCHLIST,No standout factor,Utilities,29.3
PANACEABIO,411.1,413.65,420.4,403.55,True,False,False,False,False,False,0.7389895790683929,5.21994225,0.7330486353338478,False,-0.24515247388187777,False,46.11,False,0.9455261296176678,52.0,0.15,0,True,▁▃▃▃▄▆▄▁▃▅█▆█▅▁▂▅▂▅▃,False,False,False,0,-0.06822302810516767,-0.23302238805970144,-0.10496341396682785,-0.29368604413527566,UP,False,1,14.0,IGNORE,NONE,,GREEN,C,WATCHLIST,No standout factor,Health Technology,31.5
IDBI,82.24,81.75,82.8,81.27,False,False,False,False,False,False,0.7720972486176493,26.811432479999997,0.7562985587706308,False,-0.3225753895209736,False,36.03,False,0.8336900561115289,49.0,0.03,0,True,▃▁▆▄▅▅▆▄▄▆█▆▆▆▇▆█▆▅▄,False,False,False,0,-0.03167314258801379,0.09086085687756995,-0.06841352844967397,0.030197200801995727,FLAT,True,58,13.0,IGNORE,NONE,,GREEN,C,WATCHLIST,No standout factor,Finance,30.6
JKCEMENT,5250.0,5266.0,5293.0,5230.0,True,False,False,False,False,False,0.38965621900445396,7.0434,0.3729138647070593,False,-0.1739937325976186,False,61.78,True,1.2353776320262353,77.0,0.61,0,False,▅▄▅▅▄▄▄▃▅▄▄▅█▄▄▃▁▃▆▇,False,False,False,1,-0.07063197026022305,0.08058042605742521,-0.10737235612188323,0.01991676998185099,FLAT,True,57,13.0,IGNORE,NONE,,GREEN,C,WATCHLIST,No standout factor,Non-Energy Minerals,34.4
ITCHOTELS,164.98,166.12,166.35,164.0,True,False,False,False,False,False,0.5701659590031574,17.730829548,0.5679372097597153,False,-0.04276947830938149,False,50.34,False,0.8919364269388189,20.0,-0.7,0,True,▄▇▄▅▂▁▄▅▄▇▄█▄▅▆▅▇▇▂▃,False,False,False,0,0.03164082041020522,0.0709509899383316,-0.005099565451454957,0.010287333862757375,FLAT,True,54,13.0,IGNORE,NONE,,GREEN,C,WATCHLIST,No standout factor,Consumer Services,29.9
HEXT,532.45,545.0,549.85,530.2,True,False,False,False,False,False,0.2552536219330359,12.650266570000001,0.23234927432602928,False,-0.005746001490665355,False,40.06,False,0.9804809398519244,15.0,-0.94,0,False,▆▁▄▄▅▆▇▆▇▆█▅▇▅▅▆▇▄▅▅,False,False,False,3,-0.03515448038416236,0.06778301413817323,-0.07189486624582253,0.007119358062599002,FLAT,True,53,13.0,IGNORE,NONE,,GREEN,C,WATCHLIST,No standout factor,Technology Services,35.4
BLUEDART,5083.0,5077.0,5100.0,5061.0,False,False,True,False,False,False,0.07984354767288998,2.0575984,0.07635559949292324,False,-0.36121500091126657,False,54.21,True,1.177134791813691,74.0,0.56,0,False,▅▄▅▆█▁▆▃▆▆▆▇▆▅▃▅█▆▇▆,False,False,False,2,0.03491804947572019,0.06817131088975747,-0.0018223363859399822,0.007507654814183251,FLAT,True,53,13.0,IGNORE,NONE,,GREEN,C,WATCHLIST,No standout factor,Transportation,24.2
POKARNA,897.7,886.1,991.5,873.0,False,False,False,False,False,False,0.9516417111573526,8.81029711,0.8923725265601586,False,-0.49686458096008423,False,49.11,False,0.9734486962209734,71.0,0.53,0,True,▄▇▇▄▅█▆▅█▄▁▄▃▅▇▅▆▅▆▅,False,False,False,0,-0.031084727468969175,0.06092300419547381,-0.06782511333062935,0.00025934811989958284,FLAT,True,51,13.0,IGNORE,NONE,,GREEN,C,WATCHLIST,No standout factor,Producer Manufacturing,33.3
STAR,986.2,998.0,1003.0,970.6,True,False,False,False,False,False,0.640429197671392,33.63050482,0.6311686054403378,False,-0.3338679408001196,True,33.77,False,0.7247869851694461,12.0,-1.08,0,False,▇▆▅▅▂▅█▇▆▅▆▆▅▇▆▆▆▆▁▃,False,False,False,0,-0.03313725490196073,-0.06565608716248217,-0.06987764076362091,-0.1263197432380564,UP,False,19,13.0,IGNORE,NONE,,GREEN,C,WATCHLIST,No standout factor,Health Technology,31.5
RATNAMANI,2354.4,2289.6,2360.0,2278.6,False,False,False,False,False,False,0.7505316402713074,10.21644792,0.7734565380679634,False,-0.3685391365131003,True,49.94,False,0.8956883564100725,39.0,-0.24,0,False,▅▅▃█▆▄▆▆▇▂▁█▄▃▅▄▃▇▄▄,False,False,False,0,-0.01674671121319682,-0.0876186785506684,-0.05348709707485699,-0.14828233462624263,UP,False,14,13.0,IGNORE,NONE,,GREEN,C,WATCHLIST,No standout factor,Non-Energy Minerals,34.4
ZOTA,1087.4,1080.0,1096.8,1064.6,False,False,False,False,False,False,0.654291837034337,6.22677862,0.6033012963558821,False,-0.31840491212775207,True,53.77,False,0.933831191385898,49.0,-0.05,0,False,▄▁▅▆▅▅▄▄▆▃▅▅█▇▄▅▄▅▆▅,False,False,False,0,-0.13588684043229493,-0.1124714332353901,-0.1726272262939551,-0.17313508931096433,UP,False,9,13.0,IGNORE,NONE,,GREEN,C,WATCHLIST,No standout factor,Health Technology,31.5
PIIND,2496.8,2500.0,2511.0,2482.5,False,False,False,False,False,False,0.36745816261045566,27.877770720000004,0.3548070123515041,False,-0.27359454053766896,True,41.79,False,0.8641796600355681,17.0,-0.92,0,False,▄▃█▄▆▄▃▆▇▃▅▅▁▁▆▄██▂▃,False,False,False,0,-0.0858230814294082,-0.12137101031072939,-0.12256346729106837,-0.1820346663863036,UP,False,8,13.0,IGNORE,NONE,,GREEN,C,WATCHLIST,No standout factor,Process Industries,34.8
BAJAJHCARE,322.0,323.65,327.65,319.55,True,False,False,False,False,False,0.5008179540004243,2.2426334,0.4923718298757445,False,-0.09821554141625577,False,47.5,True,1.0037508584711288,63.0,0.53,0,True,▂▅▆▆▁▆▅▅▆▅▄▅▆▂██▅▇█▅,False,False,False,0,-0.004175042523581363,0.05990783410138234,-0.04091542838524154,-0.0007558219741918837,FLAT,False,51,12.0,IGNORE,NONE,,GREEN,C,WATCHLIST,No standout factor,Health Technology,31.5
BUTTERFLY,647.4,652.95,656.95,645.7,False,False,False,False,False,False,0.28274452469795824,0.6291433200000001,0.26025965818372304,False,-0.38305646753577444,False,68.03,True,1.2601531892823072,84.0,0.94,0,True,▃▄▅▄▄▁▄▂▂▃▃▅▄▂▅▆█▇▆▇,False,False,False,0,-0.15028218926368286,0.032371232658268134,-0.18702257512534304,-0.02829242341730609,FLAT,False,46,12.0,IGNORE,NONE,,GREEN,C,WATCHLIST,No standout factor,Consumer Durables,32.2
RUPA,153.53,154.55,155.98,153.0,True,False,False,False,False,False,0.5553718138562956,0.907485124,0.5360511740737279,False,-0.2273952225285066,False,56.18,True,1.0820909896375055,73.0,0.51,0,True,▄▆▇▃▅▄▁▄▃▅▅▄▅▅█▇▆▆▃▆,False,False,False,0,-0.05919480360316198,0.026887833589726462,-0.09593518946482216,-0.03377582248584776,FLAT,False,44,12.0,IGNORE,NONE,,GREEN,C,WATCHLIST,No standout factor,Consumer Non-Durables,34.2
SUBROS,733.15,740.85,743.5,730.35,True,False,False,False,False,False,0.5219392299691205,2.3563441,0.4822712001090982,False,-0.20690197836883897,False,54.07,True,1.0868341708542713,83.0,0.9,0,True,▅█▅█▁▅▆▅▆▆▇▇▆▇▇▇▇█▇▇,False,False,False,0,-0.06240808235820716,0.01607650197491517,-0.09914846821986734,-0.044587154100659054,FLAT,False,41,12.0,IGNORE,NONE,,GREEN,C,WATCHLIST,No standout factor,Producer Manufacturing,33.3
ROTO,65.58,65.3,65.95,65.25,False,False,False,False,False,False,0.38477672364728355,1.303245108,0.3737677432125993,False,-0.28893550853371064,False,48.64,True,1.1504665491916695,65.0,0.5,0,True,▆▅▁▃▅▅▆▇▄▂▃▂▆▅▅▆▅█▇▆,False,False,False,0,-0.0367215041128085,0.01642901425914456,-0.07346188997446867,-0.044234641816429665,FLAT,False,41,12.0,IGNORE,NONE,,GREEN,C,WATCHLIST,No standout factor,Producer Manufacturing,33.3
AIAENG,4348.9,4357.6,4425.5,4315.0,True,False,False,True,False,True,0.34251437637918186,9.284901499999998,0.32556118001242806,False,-0.09235063203321056,False,40.66,False,0.7922682722472281,12.0,-1.11,0,False,▇█▇█▆▄▅▇▄▆▇▄▁▅▁▅▅▆▂▃,False,False,False,0,-0.051080078551167474,0.003507395528070667,-0.08782046441282765,-0.05715626054750356,FLAT,False,37,12.0,IGNORE,NONE,,GREEN,C,WATCHLIST,No standout factor,Producer Manufacturing,33.3
ASIANHOTNR,298.2,300.2,300.2,292.0,True,False,False,False,False,False,0.09727188562795872,0.19910814,0.09445137960094675,False,-0.1867567680127338,False,63.07,True,1.3121950712063999,74.0,0.71,0,True,▃▆▁▄▆▃▅▄█▅▅▂▆▃▅▇▄▇▅█,False,False,False,0,-0.027555845426381786,0.001679543164259334,-0.06429623128804196,-0.05898411291131489,FLAT,False,37,12.0,IGNORE,NONE,,GREEN,C,WATCHLIST,No standout factor,Consumer Services,29.9
GOPAL,282.3,281.4,288.0,280.0,True,True,True,False,False,False,0.6837564718964886,4.46536494,0.6979378123734704,False,-0.0868694850362345,False,26.64,False,0.6551088159350793,3.0,-1.62,0,False,▅▄▇▃▆█▄▄▃▅▇▅▆▂▄▃▅▁▂▁,False,False,False,0,0.09312681510164578,-0.003353927625772246,0.0563864292399856,-0.06401758370134647,UP,False,36,12.0,IGNORE,NONE,,GREEN,C,WATCHLIST,No standout factor,Consumer Non-Durables,34.2
LAOPALA,173.12,178.01,179.4,172.6,True,False,False,False,False,False,0.325089055413419,3.498685952,0.2900311108432653,False,-0.40221440823547927,False,63.19,True,1.2489623275487212,79.0,0.69,0,False,▅▇▆█▇▇█▁▅▆▆█▆▆▇▇▆█▆█,False,False,False,7,-0.06091673447247081,-0.015356614719599482,-0.09765712033413099,-0.0760202707951737,FLAT,False,33,12.0,IGNORE,NONE,,GREEN,C,WATCHLIST,No standout factor,Consumer Durables,32.2
RAYMONDREL,576.9,580.0,582.0,573.4,True,False,False,False,False,False,0.24108100578115205,4.9919157,0.22230983473940014,False,-0.2816532925793749,False,52.11,True,1.2422819271938397,65.0,0.42,0,True,▅▂▅▆▅▆▇▇█▂▄▃▆▂▄▁▄▃▄█,False,False,False,0,-0.11863112061721792,-0.02780586450960565,-0.1553715064788781,-0.08846952058517987,FLAT,False,29,12.0,IGNORE,NONE,,GREEN,C,WATCHLIST,No standout factor,Finance,30.6
ICEMAKE,721.7,725.0,733.0,709.1,True,False,False,False,False,False,0.6920632401372151,2.07698043,0.6313854871475969,False,-0.45532125392870665,False,63.45,True,1.112689393939394,87.0,1.02,0,True,▅▅▇▁▂▇▆▆▅▅▅█▄▅█▇▁▃▆▆,False,False,False,0,-0.1663393785375996,-0.06967450854012236,-0.2030797643992598,-0.13033816461569658,FLAT,False,18,12.0,IGNORE,SEED,,GREEN,C,WATCHLIST,No standout factor,Producer Manufacturing,33.3
CUB,217.3,219.35,220.94,216.5,True,True,False,False,False,False,0.17230143197460301,15.81220391,0.16976444353821882,False,-0.006873832725434948,False,46.0,False,0.868703082951702,12.0,-0.96,0,False,▄▁▃▄▄▄█▅▄▄▆▄▃▅▄▅▄▅▄▃,False,False,False,0,-0.0111490329920364,0.07734258800198335,-0.047889418853696575,0.016678931926409124,FLAT,True,56,11.0,IGNORE,NONE,,GREEN,C,WATCHLIST,No standout factor,Finance,30.6
ROUTE,502.3,503.5,505.1,498.55,True,False,False,False,False,False,0.18254631754468836,4.71785275,0.16686922138618582,False,-0.3280192231507319,True,46.52,True,1.3102748986029742,64.0,0.37,0,False,▃▁▃▂▅▃▅▄▆▇▄▄█▇▇▅▇▆▆▇,False,False,False,0,-0.11652449212910021,-0.037555087181452285,-0.15326487799076038,-0.09821874325702651,FLAT,False,27,11.0,IGNORE,NONE,,GREEN,C,WATCHLIST,No standout factor,Communications,26.7
RUSTOMJEE,371.45,371.0,373.85,365.65,False,False,False,False,False,False,0.041822670288397805,0.74275142,0.03837720265813692,False,-0.22956441106445988,True,40.76,False,0.724493423391397,8.0,-1.15,0,True,██▇▇▇█▁▅█▆▇▆██▇▇███▅,False,False,False,0,-0.07079424640400256,-0.04388674388674396,-0.10753463226566273,-0.10455039996231819,FLAT,False,24,11.0,IGNORE,NONE,,GREEN,C,WATCHLIST,No standout factor,Finance,30.6
DATAMATICS,819.25,824.75,828.95,816.75,True,False,False,True,False,False,0.4065174905026461,3.791570925,0.38973700826967567,False,-0.2130414673538347,False,39.8,False,0.8383536251421829,49.0,-0.04,0,True,▃▂▃▃▃▄▄▂▂▅▂▂█▂▁▅▄▃▃▂,False,False,False,0,-0.002738892270237381,0.05247944501541624,-0.039479278131897555,-0.008184211060157986,FLAT,False,49,10.0,IGNORE,NONE,,GREEN,C,WATCHLIST,No standout factor,Technology Services,35.4
NUVOCO,322.05,320.2,324.9,319.3,False,False,False,False,False,False,0.5679464904527164,5.27157204,0.5337358213486258,False,-0.31256664043113547,False,45.94,False,0.9789360409985403,36.0,-0.2,0,True,▂▂▂▃▅▄▂▂▁▄▅▆▅▅▃▃▃█▁▃,False,False,False,0,-0.09549220615082155,0.03703107390114324,-0.13223259201248172,-0.023632582174430983,FLAT,False,46,10.0,IGNORE,NONE,,GREEN,C,WATCHLIST,No standout factor,Non-Energy Minerals,34.4
NATCOPHARM,882.4,879.3,900.0,879.0,False,False,False,False,False,False,0.8229222719700361,32.089711359999995,0.7952085252514666,False,-0.22735711766347097,False,34.89,False,0.7479821204617809,27.0,-0.51,0,True,▆▆▆▅█▆▆▅▅▅▅▄▆▄▁▄▄▅▅▃,False,False,False,0,-0.04237885940637043,0.02141451556893159,-0.0791192452680306,-0.03924914050664263,FLAT,False,43,10.0,IGNORE,NONE,,GREEN,C,WATCHLIST,No standout factor,Health Technology,31.5
GRINFRA,870.35,884.0,895.0,867.4,True,False,False,False,False,False,0.39668066308860145,1.595960795,0.3941713485971992,False,-0.3526916454929052,False,53.13,False,0.9645969498910676,53.0,0.08,0,True,▆█▇▆▅▅▇▇▆▁▄▆▅█▅▆▅▆▅▅,False,False,False,0,0.0005748117491521931,0.014689594870300304,-0.03616557411250798,-0.04597406120527392,UP,False,40,10.0,IGNORE,NONE,,GREEN,C,WATCHLIST,No standout factor,Industrial Services,37.0
MASFIN,302.5,301.0,304.8,300.0,False,False,False,False,False,True,0.6500565197278682,3.14778475,0.6324011104378827,False,-0.2694510711574588,False,59.2,False,0.9312275844711508,66.0,0.34,0,True,▅▇▁▇▇▆▆▆▆▇▆▆▅▆▆█▇▇▇▆,False,False,False,0,-0.03524158826343493,0.006990679094540653,-0.0719819741250951,-0.05367297698103357,FLAT,False,38,10.0,IGNORE,NONE,,GREEN,C,WATCHLIST,No standout factor,Finance,30.6
ABBOTINDIA,26230.0,26120.0,26315.0,25905.0,False,False,False,False,False,False,0.9744699744699745,23.027317,0.9287966263418374,False,-0.19791452833272116,False,57.52,True,1.0056119862235355,53.0,-0.06,0,False,▃▆▅▄▆▂▂▁▆▄▄▃▃▄█▄▃▅▅▄,False,False,False,0,-0.06338153901089094,-0.0019025875190258335,-0.10012192487255112,-0.06256624359460006,FLAT,False,36,10.0,IGNORE,NONE,,GREEN,C,WATCHLIST,No standout factor,Health Technology,31.5
BALMLAWRIE,174.64,174.5,175.67,174.02,False,False,False,False,False,False,0.704204665751184,1.532326288,0.7047940137728057,False,-0.14271984187886494,False,55.55,False,0.9471279262075668,52.0,0.08,0,True,▅▇▆▆█▄▆▆▅▆▆▄▁▂▆▆▅▅▆▅,False,False,False,0,0.00022909507445589838,-0.0018289894833105613,-0.036511290787204276,-0.062492645558884785,UP,False,36,10.0,IGNORE,NONE,,GREEN,C,WATCHLIST,No standout factor,Producer Manufacturing,33.3
STYRENIX,2081.6,2108.5,2124.9,2066.3,True,False,False,False,False,False,0.5164706198543312,9.6003392,0.45085434552784037,False,-0.5953152992050011,False,51.21,False,0.9256213285133303,16.0,-0.95,0,False,▆▇▇▆▅▆▁▆▄▅▅▆▇▇▇▅▃▇█▅,False,False,False,8,-0.15209775967413441,-0.02409751523675574,-0.1888381455357946,-0.08476117131232996,FLAT,False,30,10.0,IGNORE,NONE,,GREEN,C,WATCHLIST,No standout factor,Process Industries,34.8
AJMERA,117.96,118.23,121.34,117.32,True,False,False,False,False,False,0.7396249400891128,3.070899864,0.7116309822589288,False,-0.3425821257502514,False,46.95,False,0.9576355885532462,46.0,0.01,0,True,▅▃▅█▆▆▁▄▆▅▄▆█▆▅▅▆▂▅▅,False,False,False,0,-0.03761116096924211,-0.02383316782522349,-0.07435154683090228,-0.08449682390079771,UP,False,30,10.0,IGNORE,NONE,,GREEN,C,WATCHLIST,No standout factor,Finance,30.6
JAINREC,295.85,300.65,303.75,294.4,True,False,False,False,False,False,0.5772952031233756,31.172087325,0.5293328595589345,False,-0.06091508457708893,False,31.02,False,0.8315350694956372,30.0,-0.37,0,True,▃▄▃▅▅▁▃▄█▆█▆▃▆▆▅▆▇▃▃,False,False,False,0,-0.12612612612612606,-0.03079443079443067,-0.16286651198778623,-0.0914580868700049,FLAT,False,28,10.0,IGNORE,NONE,,GREEN,C,WATCHLIST,No standout factor,Non-Energy Minerals,34.4
ORIENTTECH,243.65,242.4,245.9,240.05,False,False,False,False,False,False,0.2442186555434906,3.528271285,0.21815594036059127,False,-0.08352318863036315,False,29.29,False,0.7419979987080267,29.0,-0.38,0,True,▁▂▄▄▆▆▇▆▇▆▆▅▆▇▆▆█▇▆▄,False,False,False,0,-0.058466651209521436,-0.038286954805604845,-0.09520703707118161,-0.09895061088117907,UP,False,26,10.0,IGNORE,NONE,,GREEN,C,WATCHLIST,No standout factor,Technology Services,35.4
BLUESTARCO,1511.9,1525.2,1525.2,1504.1,False,False,False,False,False,False,0.3197372987272497,30.10933731,0.31036675716183487,False,-0.2640626321203713,False,44.92,False,0.9935525253530628,54.0,-0.04,0,True,▄▆▃▆▂▆█▁▄▁▇▆▄▂▄▃▆▄▇▄,False,False,False,1,-0.07653310530173463,-0.04539714610430601,-0.1132734911633948,-0.10606080217988023,FLAT,False,24,10.0,IGNORE,NONE,,GREEN,C,WATCHLIST,No standout factor,Producer Manufacturing,33.3
NESCO,1035.8,1040.0,1043.9,1030.3,False,False,False,False,False,False,0.4111872195088716,1.6878361,0.40946421640079445,False,-0.20031808027452966,False,60.04,True,1.108710505419829,80.0,0.7,0,False,▁▂▄▄▂▄▅▄▆▂▄▄▅█▅▃▅▃▆▆,False,False,False,0,-0.019035893550525707,-0.04955037621581937,-0.05577627941218588,-0.1102140322913936,UP,False,23,10.0,IGNORE,NONE,,GREEN,C,WATCHLIST,No standout factor,Producer Manufacturing,33.3
ADFFOODS,267.6,266.15,272.1,264.35,False,False,False,True,False,False,0.49891691940145116,2.78526108,0.4923859180234615,False,-0.26183833072039725,False,44.39,False,0.9635128388791214,37.0,-0.23,0,True,▄█▄▁▃▄▄▅▅▃▅▂▇▇▂▃▆▃▅▄,False,False,False,0,-0.1284807034684904,-0.05508474576271172,-0.16522108933015056,-0.11574840183828594,FLAT,False,21,10.0,IGNORE,NONE,,GREEN,C,WATCHLIST,No standout factor,Consumer Non-Durables,34.2
MIDWESTLTD,1141.0,1147.9,1158.7,1130.1,True,False,False,False,False,False,0.9047895829004711,1.9626341,0.892447380782474,False,-0.20296505532547687,False,47.31,False,0.8705012143961139,67.0,0.46,0,True,▄▅▅▆▅▆▇▅▄▅▅█▁▄▂▃▁▃▅▃,False,False,False,0,-0.07296067598310041,-0.058347775852108597,-0.10970106184476058,-0.11901143192768282,UP,False,21,10.0,IGNORE,NONE,,GREEN,C,WATCHLIST,No standout factor,Non-Energy Minerals,34.4
HONDAPOWER,2068.3,2086.2,2110.7,2060.6,True,False,False,False,False,False,0.43585887796414113,0.38966772,0.42754628204885586,False,-0.27992688803667437,False,47.56,False,0.8223038685973634,44.0,-0.08,0,True,▂▅▄▃▁▃▆▆▃▄▃▆▄█▁▆▄▂▃▁,False,False,False,0,-0.010003829216924998,-0.057034740585392485,-0.04674421507858517,-0.11769839666096671,UP,False,21,10.0,IGNORE,NONE,,GREEN,C,WATCHLIST,No standout factor,Producer Manufacturing,33.3
BBTC,1427.4,1436.0,1448.2,1425.0,True,False,False,False,False,False,0.6752601719948029,3.3495368400000003,0.6468930143011986,False,-0.19253679823435457,False,52.35,False,0.9371727280050841,73.0,0.54,0,True,▅▄▆▆█▄▆▆▅▄▄▇▆▁▅▇▄▆▆▅,False,False,False,0,-0.021121931147990658,-0.060179088754279575,-0.05786231700965083,-0.1208427448298538,UP,False,20,10.0,IGNORE,NONE,,GREEN,C,WATCHLIST,No standout factor,Consumer Non-Durables,34.2
REPCOHOME,359.05,364.65,364.65,357.8,True,False,False,False,False,False,0.541086365419761,2.201012405,0.522287322070392,False,-0.23636263876895736,False,57.14,False,0.9341867556056929,56.0,0.03,0,True,▅▆▄▅▆▄█▅▁▇▆▆▅▅███▄▄▅,False,False,False,0,-0.07556642636457256,-0.05921655967509487,-0.11230681222623273,-0.1198802157506691,UP,False,20,10.0,IGNORE,NONE,,GREEN,C,WATCHLIST,No standout factor,Finance,30.6
SUNDROP,646.5,665.0,665.0,645.1,True,False,False,False,False,False,0.405856904699577,0.76177095,0.3898424471142765,False,-0.4250808755225168,False,71.24,True,1.070497456742075,61.0,0.32,0,False,▅█▅▆█▅▇▇▆▁▅▅█▆▄▆▅▅▅▆,False,False,False,0,-0.05902044974892651,-0.05854084753167332,-0.09576083561058668,-0.11920450360724755,UP,False,20,10.0,IGNORE,NONE,,GREEN,C,WATCHLIST,No standout factor,Process Industries,34.8
SHAKTIPUMP,503.55,506.0,515.5,502.0,True,False,False,False,False,False,0.6048665350719635,12.33647145,0.5880673231450473,False,-0.3023920572061219,False,46.9,False,0.955086497439187,73.0,0.63,0,True,▃▃▄▃▆▅▅▅▆▄▇▆▅█▆▅█▆▁▄,False,False,False,0,-0.08942133815551534,-0.06255235967606809,-0.12616172401717551,-0.12321601575164232,FLAT,False,19,10.0,IGNORE,NONE,,GREEN,C,WATCHLIST,No standout factor,Producer Manufacturing,33.3
ITI,279.25,279.4,281.25,278.0,True,False,False,False,False,False,0.4501542059799887,4.297015225,0.44609250811866075,False,-0.23319346798282697,False,34.8,False,0.9608481970291014,71.0,0.64,0,True,▆▆▅█▅▆▇▇▅█▁▆▇▆▆▆▇▁▆▅,False,False,False,0,0.014900963111030396,-0.06683375104427736,-0.021839422750629778,-0.12749740711985158,UP,False,18,10.0,IGNORE,NONE,,GREEN,C,WATCHLIST,No standout factor,Communications,26.7
JSWHL,11289.0,11537.0,11537.0,11201.0,True,False,False,False,False,False,0.773325447286707,2.9520735,0.742321396864418,False,-0.09601830712420821,False,55.24,True,1.1655606781520673,71.0,0.56,0,False,▄▁▇▆█▅▃▅▁▄▄▃▇▇▄▄▄▄▁▆,False,False,False,0,0.039024390243902474,-0.07890013054830292,0.0022840043822422995,-0.13956378662387714,UP,False,16,10.0,IGNORE,NONE,,GREEN,C,WATCHLIST,No standout factor,Finance,30.6
SYMPHONY,612.5,616.15,617.95,610.0,True,False,False,False,False,False,0.3387329552719072,2.085195,0.3159438187158959,False,-0.5708934217983253,False,49.79,False,0.9009400247898741,38.0,-0.19,0,True,▆▅▆█▅█▁▇▅▆▆▆▅▇▇▅▅▅▅▅,False,False,False,0,-0.0950727635369728,-0.08561618272747629,-0.13181314939863298,-0.1462798388030505,UP,False,14,10.0,IGNORE,NONE,,GREEN,C,WATCHLIST,No standout factor,Producer Manufacturing,33.3
SANOFICONR,4222.1,4203.3,4260.0,4200.0,False,False,False,False,False,False,0.28339678334307955,1.50391202,0.25689166324543267,False,-0.264953071085829,False,60.64,True,1.0157368866257401,68.0,0.35,0,False,▃█▆▂▁▂▂▁▂▄▄▁▄▂▅▄▃▄▅▃,False,False,False,0,-0.09681904721158563,-0.08551192358508941,-0.1335594330732458,-0.14617557966066363,UP,False,14,10.0,IGNORE,NONE,,GREEN,C,WATCHLIST,No standout factor,Health Technology,31.5
BHARATWIRE,188.79,187.65,191.8,187.6,False,False,False,False,False,False,0.806085955065662,2.118846807,0.7757171187151962,False,-0.26346167288978994,False,45.72,True,1.0271272114574557,49.0,-0.04,0,False,▆▅▃█▁▄▄▁▄▂▇▂▆▃▅▂▅▇▃▄,False,False,False,0,-0.023382132326315253,-0.09665534236087858,-0.06012251818797543,-0.1573189984364528,UP,False,12,10.0,IGNORE,NONE,,GREEN,C,WATCHLIST,No standout factor,Producer Manufacturing,33.3
SHRIRAMPPS,77.91,77.6,78.4,77.51,False,False,False,False,False,False,0.3591346590851706,1.385200845,0.3419529541454149,False,-0.2826753671313157,False,57.07,False,0.9907986111111111,66.0,0.42,0,True,▁▃▄▆▅▅▅▃▆█▃▆▇▄▆▅▄▆▆▅,False,False,False,0,-0.08362738179251938,-0.09375363498894962,-0.12036776765417956,-0.15441729106452384,UP,False,12,10.0,IGNORE,NONE,,GREEN,C,WATCHLIST,No standout factor,Finance,30.6
TORNTPOWER,1247.7,1256.4,1256.4,1241.0,True,False,False,False,False,False,0.5460525294245521,21.061300770000003,0.5022594098770792,False,-0.36046133314970435,False,62.39,True,1.0559006211180124,88.0,1.11,0,False,▄█▄▇▅▆▃▂▄▂▁▄▂▁▁▂▁▆▄▅,False,False,False,0,-0.1299769890523672,-0.1036637931034482,-0.16671737491402738,-0.16432744917902242,FLAT,False,11,10.0,IGNORE,SEED,,GREEN,C,WATCHLIST,No standout factor,Utilities,29.3
BIKAJI,605.75,607.05,610.7,603.4,True,False,False,False,False,False,0.4188325022000587,2.59466955,0.40504062479108,False,-0.3408415696182981,False,57.8,True,1.0566341267229717,64.0,0.33,0,False,▅▄▅▁▅▄▄▃▆▂▄▄▄▄█▅▅▄▄▅,False,False,False,0,-0.03955921991438094,-0.10099436034431575,-0.07629960577604111,-0.16165801641988997,UP,False,11,10.0,IGNORE,NONE,,GREEN,C,WATCHLIST,No standout factor,Consumer Non-Durables,34.2
STARCEMENT,194.62,196.0,196.0,192.31,False,False,False,False,False,False,0.724121644899621,2.812317386,0.7045135808405725,False,-0.11391332820182515,False,48.17,False,0.8004320372216684,23.0,-0.59,0,True,▇▆▆██▆▇▆▇▁▅▆▆▆▇▅▄▆▅▄,False,False,False,0,-0.05007809449433809,-0.1095758795809122,-0.08681848035599826,-0.17023953565648642,UP,False,10,10.0,IGNORE,NONE,,GREEN,C,WATCHLIST,No standout factor,Non-Energy Minerals,34.4
JPOLYINVST,964.0,955.0,977.9,955.0,False,False,False,False,False,False,0.1722315340367986,0.3486788,0.16110603296562875,False,-0.25728358727599093,False,64.03,False,0.9622421760528986,89.0,1.01,0,True,▁▄▄▃▃▆▄▂██▁█▄█▅▃▃▇▃▄,False,False,False,0,-0.06325915848799912,-0.10458851941296665,-0.0999995443496593,-0.16525217548854088,UP,False,10,10.0,IGNORE,SEED,,GREEN,C,WATCHLIST,No standout factor,Finance,30.6
HPL,317.45,314.35,320.0,312.05,False,False,False,False,False,False,0.5840279350912653,1.79644955,0.563106962371163,False,-0.28404980266878493,False,46.48,False,0.9044913209309566,60.0,0.3,0,True,▅▇▃▅▂▄▅▁▇▄▄▅▅▆▅▇▄█▁▃,False,False,False,0,-0.04812593703148427,-0.1145048814504882,-0.08486632289314444,-0.17516853752606243,UP,False,9,10.0,IGNORE,NONE,,GREEN,C,WATCHLIST,No standout factor,Electronic Technology,34.8
PNBGILTS,79.65,79.2,79.99,78.45,False,False,False,False,False,False,0.6263495647447691,1.267605855,0.6079862251386284,False,-0.37008027291993295,False,47.55,False,0.9638480951077867,58.0,0.33,0,True,▃▃▃▂▁▅▃▂▃▃▄▆▂█▃▃▄▃▄▃,False,False,False,0,-0.06852999649163838,-0.11332516976511176,-0.10527038235329855,-0.17398882584068598,UP,False,9,10.0,IGNORE,NONE,,GREEN,C,WATCHLIST,No standout factor,Finance,30.6
ASALCBR,726.45,723.4,729.5,720.1,False,False,False,False,False,False,0.3053352033383052,0.8967298800000001,0.2948269111003915,False,-0.2657347693732786,False,55.51,False,0.9501801593618677,64.0,0.31,0,True,▃█▃▁▂▅▅▆▄█▄▇▅▄▆▄▅▅▄▄,False,False,False,0,-0.11564915697851363,-0.11397731430662272,-0.1523895428401738,-0.17464097038219695,UP,False,9,10.0,IGNORE,NONE,,GREEN,C,WATCHLIST,No standout factor,Consumer Non-Durables,34.2
ABLBL,86.12,86.5,87.1,86.0,True,False,False,False,False,False,0.479149739684422,4.573643736,0.4480093380251955,False,-0.17433043704429696,False,50.7,False,0.831324708544444,34.0,-0.44,0,True,▂▂▆▃▃▁▄▅▁▃▄▄▂█▃▇▃▃▂▂,False,False,False,0,-0.0839272417827891,-0.12426276184665441,-0.12066762764444927,-0.18492641792222864,UP,False,8,10.0,IGNORE,NONE,,GREEN,C,WATCHLIST,No standout factor,Retail Trade,32.3
MARATHON,352.35,356.0,363.85,350.2,True,False,False,False,False,False,1.5148325082854388,4.071369015000001,1.421898099747231,False,-0.34074138586824443,False,49.4,False,0.7407685098406748,20.0,-0.93,0,False,▂▄▆▄▆▄▅▅▇█▆▆▅▆▆▅▅▁▃▂,False,False,False,0,-0.07942521227955579,-0.12535683256795338,-0.11616559814121596,-0.1860204886435276,UP,False,8,10.0,IGNORE,DISTRIBUTION,,GREEN,C,WATCHLIST,No standout factor,Finance,30.6
LAXMIDENTL,198.14,199.69,201.0,197.52,True,False,False,False,False,False,0.37690853771775595,1.07570206,0.3585840801750392,False,-0.43950425610407234,False,51.73,False,0.959945071768559,73.0,0.59,0,True,█▆▄▄▂▁▃▃▄▄▃▇▅▂█▂▄▇▃▃,False,False,False,0,-0.08454999075956393,-0.12613566199170867,-0.1212903766212241,-0.1867993180672829,UP,False,8,10.0,IGNORE,NONE,,GREEN,C,WATCHLIST,No standout factor,Health Services,31.0
IPL,140.27,138.15,143.64,138.15,False,False,False,False,False,False,0.946789415711985,2.144966759,0.9054836702556002,False,-0.14217305808768815,False,44.83,False,0.858787582732297,31.0,-0.33,0,True,▆▆▅▄▅▁▆▄▅▅▅▇█▇▆▄▆▅▅▄,False,False,False,0,-0.06474196559541257,-0.12821628340584212,-0.10148235145707274,-0.18887993948141635,UP,False,7,10.0,IGNORE,NONE,,GREEN,C,WATCHLIST,No standout factor,Process Industries,34.8
HARIOMPIPE,348.5,347.65,350.75,344.3,False,False,False,False,False,False,0.5168065656831412,2.36174965,0.47425911708175844,False,-0.11939556299292026,False,40.1,False,0.8483540661758484,30.0,-0.38,0,True,▂▄▂▃▂▃▆▃█▃▅▇▅▂▆▄▁▄▄▂,False,False,False,0,-0.1105155691679428,-0.14625183733463987,-0.14725595502960298,-0.2069154934102141,UP,False,6,10.0,IGNORE,NONE,,GREEN,C,WATCHLIST,No standout factor,Non-Energy Minerals,34.4
KRISHNADEF,1026.8,1043.9,1050.0,1021.1,True,False,False,False,False,False,1.0779790126128679,13.757682479999998,0.964517886564834,False,-0.3477775796766862,False,47.47,False,0.9947715294586071,73.0,0.64,0,True,▂▄▁▇▃▅▅█▂▃▅▇▆▅▂▃▄▅▅▄,False,False,False,0,-0.2202308626974484,-0.15175547294506408,-0.2569712485591086,-0.2124191290206383,FLAT,False,5,10.0,IGNORE,NONE,,GREEN,C,WATCHLIST,No standout factor,Electronic Technology,34.8
JINDALPOLY,637.6,634.6,641.6,634.5,False,False,False,False,False,False,0.2740832681361044,0.44561864,0.26758744358277897,False,-0.2088776584462614,False,56.55,True,1.0692305510649762,77.0,0.7,0,False,▅▄▅▆▆▆▇█▆█▆▇▁▃▅▁▄█▅▆,False,False,False,0,0.00039224915666435933,-0.1520712813351952,-0.036348136704995815,-0.21273493741076943,UP,False,5,10.0,IGNORE,NONE,,GREEN,C,WATCHLIST,No standout factor,Process Industries,34.8
BOROSCI,128.4,129.5,130.4,127.5,False,False,False,False,False,False,0.47007442563603136,0.58970268,0.41619563449875874,False,-0.43913609088009564,False,54.67,False,0.9587275421536735,45.0,-0.01,0,True,▅▅▆▁▄▃▂▆▆▅▆▆█▆▆▆▇█▇▅,False,False,False,0,-0.15576303504503908,-0.16067459798666484,-0.19250342090669925,-0.22133825406223906,UP,False,4,10.0,IGNORE,NONE,,GREEN,C,WATCHLIST,No standout factor,Process Industries,34.8
GREENPANEL,160.97,161.07,164.75,159.86,False,False,False,False,False,False,0.984638640025472,4.208834299,0.8984025738928187,False,-0.35836603130616523,False,57.12,False,0.9126350099060522,66.0,0.34,0,True,▂▁▄█▁▃▄▂▄▃▁▅▅▆▅▃▄▂▇▃,False,False,False,1,-0.17128294892915985,-0.1689297330786308,-0.20802333479082002,-0.22959338915420502,UP,False,3,10.0,IGNORE,NONE,,GREEN,C,WATCHLIST,No standout factor,Non-Energy Minerals,34.4
ISGEC,755.1,762.7,763.1,750.25,True,False,False,False,False,False,0.3291534218758744,2.02079862,0.3214866557026019,False,-0.2488356378260264,False,55.74,False,0.9809839758537852,63.0,0.27,0,True,▄▅▃▆▂▇▆▆▇▇▆▃▅▆▆█▁▃▂▅,False,False,False,0,-0.11746143057503511,-0.17021978021978024,-0.15420181643669528,-0.23088343629535446,UP,False,3,10.0,IGNORE,NONE,,GREEN,C,WATCHLIST,No standout factor,Industrial Services,37.0
SERVOTECH,82.45,82.56,83.24,82.11,True,False,False,False,False,False,0.29887881295098917,1.754560735,0.2882252796969813,False,-0.30473722298596345,False,47.54,False,0.962533280691631,62.0,0.29,0,True,▆▆▆▅▁▆▅▆▆▆▅▇▅█▇▇▅▇▇▅,False,False,False,0,-0.13791300710999577,-0.1958451185019019,-0.17465339297165594,-0.2565087745774761,UP,False,2,10.0,IGNORE,NONE,,GREEN,C,WATCHLIST,No standout factor,Producer Manufacturing,33.3
KALAMANDIR,86.29,86.9,87.12,86.0,True,False,False,False,False,False,0.3882602482368061,1.564662054,0.38276486573150614,False,-0.3801972660653849,False,44.72,False,0.8157829929677026,46.0,-0.13,0,True,█▁▃▆▅▅▅▅▅▆███▆▅▆▅▇▄▃,False,False,False,0,-0.024199932149722936,-0.1876294483148182,-0.06094031801138311,-0.24829310439039243,UP,False,2,10.0,IGNORE,NONE,,GREEN,C,WATCHLIST,No standout factor,Retail Trade,32.3
ASTEC,601.85,601.8,619.4,601.0,False,False,False,False,False,False,0.5484527935206573,1.328222765,0.5352875405582125,False,-0.2340901633820002,False,31.45,False,0.6683454995590408,36.0,-0.37,0,True,▅▄▅▅▁▇▆▅▅▅▄▃▆▅▅█▂▃▃▃,False,False,False,0,-0.08686087088453953,-0.21797037422037424,-0.1236012567461997,-0.27863403029594846,UP,False,2,10.0,IGNORE,NONE,,GREEN,C,WATCHLIST,No standout factor,Process Industries,34.8
WAAREEINDO,283.9,290.3,293.9,282.5,True,False,False,False,False,False,1.0210986989211566,3.5010831899999997,0.9164457935362387,False,-0.25953126497508977,False,65.22,True,1.0608845584527546,62.0,0.21,0,False,▆▄▅▇▂▅▅▃▁█▄▄▅▆▅▁▅▄▅▅,False,False,False,0,-0.19495250248121365,-0.24494680851063833,-0.23169288834287383,-0.30561046458621255,UP,False,1,10.0,IGNORE,NONE,,GREEN,C,WATCHLIST,No standout factor,Electronic Technology,34.8
HIKAL,215.61,212.7,218.35,212.7,False,False,False,False,False,False,0.42121993441675337,3.7581901050000006,0.40936310693267836,False,-0.18773384029698328,False,35.62,False,0.775013326660937,18.0,-0.72,0,True,▃▅▅▆▅▄▆▆▁▄▅▆█▂▄▆▆▅▇▃,False,False,False,0,-0.008233670653173819,0.1718571661503343,-0.04497405651483399,0.11119351007476008,FLAT,True,74,9.0,IGNORE,NONE,,GREEN,C,WATCHLIST,No standout factor,Health Technology,31.5
FINOPB,145.93,146.06,146.99,145.2,True,False,False,False,False,False,0.2489267320903504,1.8411404380000003,0.22833329672083788,False,-0.2401457283304696,False,28.37,True,1.0016947955652848,18.0,-0.87,0,False,▃▃▁▃▅▄▇▅▇█▅▄▄▄▅▅▃▅▆▄,False,False,False,0,-0.12648150365138267,0.07136039938330518,-0.16322188951304284,0.01069674330773096,FLAT,True,54,9.0,IGNORE,NONE,,GREEN,C,WATCHLIST,No standout factor,Finance,30.6
EMAMILTD,402.6,407.4,407.9,401.2,True,False,False,False,False,False,0.7108695823017364,18.39072774,0.7074674084127034,False,-0.06824444777659273,True,50.81,False,0.886156529321997,26.0,-0.56,0,False,▄▃▄▃▄▄▁▄█▄▂▄▄▄▂▃▂▃▄▃,False,False,False,0,-0.012993380730571102,0.0301944728761514,-0.04973376659223128,-0.030469183199422822,FLAT,False,45,9.0,IGNORE,NONE,,GREEN,C,WATCHLIST,No standout factor,Consumer Non-Durables,34.2
INDPRUD,6289.5,6156.0,6300.0,6156.0,False,False,False,False,False,True,0.1517362124306974,0.0163527,0.14936026817934964,False,-0.13562046215713439,True,67.74,False,0.8247849459092541,25.0,-0.55,0,False,▆█▄█▆▆▅▄▇▇▆▇▁▇▇▄█▇▅▄,False,False,False,0,-0.04269406392694064,-0.0016666666666667052,-0.07943444978860081,-0.06233032274224093,FLAT,False,36,9.0,IGNORE,NONE,,GREEN,C,WATCHLIST,No standout factor,Finance,30.6
TCI,908.35,905.65,913.0,903.3,False,False,False,False,False,False,0.2876063594494028,1.003999255,0.2821456683807216,False,-0.10411838131858096,True,55.72,False,0.9676298971936649,47.0,-0.04,0,False,▅▅▁▁█▆▄▃▃▄▇▃▆▂▆▇▄▃▃▄,False,False,False,0,-0.010242440751838666,-0.027097948910191128,-0.04698282661349884,-0.08776160498576535,UP,False,29,9.0,IGNORE,NONE,,GREEN,C,WATCHLIST,No standout factor,Transportation,24.2
MAITHANALL,977.1,982.0,984.45,972.1,True,False,False,False,False,False,0.5631351389839359,2.08649934,0.562761882384283,False,-0.07225990547588,True,57.68,False,0.9904101238871194,68.0,0.47,0,False,▇▇▆▅▆▇▆▅▅▆▇▄█▅▆▅▇▁▇▆,False,False,False,0,0.01855519649744619,-0.03686545096106453,-0.018185189364213983,-0.09752910703663875,UP,False,27,9.0,IGNORE,NONE,,GREEN,C,WATCHLIST,No standout factor,Non-Energy Minerals,34.4
ORKLAINDIA,551.35,546.65,560.0,546.65,False,False,False,False,False,False,0.6024275783776437,3.323703205,0.5926346147054317,False,-0.2245228595843428,True,54.96,False,0.8814826101251815,40.0,-0.2,0,False,▂▂▅▄▇▆▆▅▃▆▁▅▄▄█▆▃▂▅▃,False,False,False,0,-0.006666066120169178,-0.08792390405293626,-0.04340645198182935,-0.1485875601285105,UP,False,14,9.0,IGNORE,NONE,,GREEN,C,WATCHLIST,No standout factor,Consumer Non-Durables,34.2
INDIASHLTR,675.25,675.0,688.7,668.55,True,False,False,False,False,False,0.29416667372983113,3.5153515,0.2869869981970121,False,-0.11444899911602308,True,51.52,False,0.9185974984621693,16.0,-0.84,0,False,▅▄█▇▅▅▅▄▁▃▅▃▃▄▅▅▅▆▆▄,False,False,False,0,-0.0672054151125846,-0.1489160574741618,-0.10394580097424477,-0.20957971354973604,UP,False,5,9.0,IGNORE,NONE,,GREEN,C,WATCHLIST,No standout factor,Finance,30.6
IOC,139.4,140.85,140.85,138.82,True,False,False,False,False,False,0.9092015866217217,119.16878042,0.89532297236612,False,-0.0049393111081364825,False,50.32,False,0.9206337590105749,41.0,-0.15,0,False,▅▃▇▄▆▁▆▃▅▃▄▅▆▇█▄▇█▆▄,False,False,False,0,-0.016162043898651945,0.0032385750269883218,-0.05290242976031212,-0.0574250810485859,UP,False,37,8.0,IGNORE,NONE,,GREEN,C,WATCHLIST,No standout factor,Energy Minerals,40.7
WHIRLPOOL,768.5,775.05,787.7,764.05,True,False,False,False,False,False,0.6201956389361769,17.42704395,0.5953303640328499,False,-0.05502577031337708,False,45.22,False,0.8407157796885893,25.0,-0.59,0,False,▆▅█▄▅▄▅▁▄▅▅▅▆█▅▅▅▆▅▄,False,False,False,0,-0.0038239678527448584,-0.0018832391713747842,-0.04056435371440503,-0.06254689524694901,UP,False,36,8.0,IGNORE,NONE,,GREEN,C,WATCHLIST,No standout factor,Consumer Durables,32.2
JAGRAN,61.96,62.2,62.2,61.45,False,False,False,False,False,False,1.047728769085463,1.34784686,1.0346395937191224,True,-0.21241356095077776,False,61.62,False,0.9786466977423786,26.0,-0.58,0,False,▄▆▄▆▄▂▅▆▅▁▅▆▆▅█▆▆▇▆▅,False,False,False,0,-0.0141607000795545,-0.008481357017122715,-0.050901085941214674,-0.06914501309269694,UP,False,34,8.0,IGNORE,NONE,,GREEN,C,WATCHLIST,No standout factor,Consumer Services,29.9
SWANCORP,303.85,307.0,307.25,303.0,True,False,False,False,False,False,0.665337711419608,16.92353345,0.6562967997262206,False,-0.14241061924251366,False,23.86,False,0.6247054511179766,6.0,-1.64,0,False,▁▃▂▃▃▄▄▄▃▅▁▅██▇▇▇▂▃▁,False,False,False,0,-0.02078633580406053,-0.04012004422682036,-0.057526721665720704,-0.10078370030239459,UP,False,25,8.0,IGNORE,NONE,,GREEN,C,WATCHLIST,No standout factor,Utilities,29.3
NAVA,558.95,556.8,566.0,553.0,False,False,False,False,False,False,0.5373654964003837,10.067527925000002,0.526419416230894,False,-0.11151410468300212,False,50.16,False,0.9872169574587429,61.0,0.36,0,False,▆▆▆▆█▄▆▆▅▇▇▇▃▆▁▇▆▆▇▆,False,False,False,0,0.007480173035328219,-0.043303380402225033,-0.029260212826331955,-0.10396703647779926,UP,False,25,8.0,IGNORE,NONE,,GREEN,C,WATCHLIST,No standout factor,Utilities,29.3
POWERGRID,266.65,267.0,268.2,265.75,False,False,False,False,False,False,0.7290267521978328,174.36702137999998,0.6924027921200845,False,-0.019433284878373723,False,37.43,False,0.5990381460705626,0.0,-3.55,0,False,█▄▆▆▇█▂▇▃▆▆▆▆▆▅▆▇▆▆▁,False,False,False,0,-0.059601481220243446,-0.06307097680955742,-0.09634186708190362,-0.12373463288513165,UP,False,19,8.0,IGNORE,NONE,,GREEN,C,WATCHLIST,No standout factor,Utilities,29.3
GRMOVER,86.71,87.21,87.25,86.4,False,False,False,False,False,False,0.8422840903175705,8.705970143,0.8045482870950653,False,-0.18473102875352437,False,20.0,False,0.5939476732099902,19.0,-0.88,0,False,▇█▆▃▁▄▅▂▄▁▂▂▂▂▁▂▂▃▄▁,False,False,False,0,-0.038691796008869295,-0.06993457041724782,-0.07543218187052947,-0.13059822649282204,UP,False,18,8.0,IGNORE,NONE,,GREEN,C,WATCHLIST,No standout factor,Process Industries,34.8
IRCTC,484.2,488.0,491.1,483.05,True,False,False,False,False,False,1.1562865067001087,53.537703480000005,1.1088860555507245,False,-0.10035531834244522,False,51.53,False,0.9865977407620142,60.0,0.26,0,False,▆█▄▄▆▁▃▄▃▅▄▃▁▃▅▂█▆█▄,False,False,False,0,-0.021916978083021954,-0.07125731274575631,-0.05865736394468213,-0.13192096882133053,UP,False,17,8.0,IGNORE,NONE,,GREEN,C,WATCHLIST,No standout factor,Consumer Services,29.9
SANDUMA,198.93,197.35,201.62,196.6,False,False,False,False,False,False,0.551355577636715,8.516511588,0.529713660488822,False,-0.21970869612767766,False,42.73,False,0.929115025005436,70.0,0.51,0,False,▇▅▂▃▅▆▆▆▆▆▁▆▃██▆▄▅▄▄,False,False,False,0,0.019944626743232163,-0.07838776928422508,-0.01679575911842801,-0.1390514253597993,UP,False,16,8.0,IGNORE,NONE,,GREEN,C,WATCHLIST,No standout factor,Non-Energy Minerals,34.4
FORTIS,907.1,915.15,919.7,904.45,True,False,False,False,False,False,0.5291147977335008,73.71756783000001,0.5167634514542846,False,-0.12086479828570353,False,51.49,False,0.9172285411452442,27.0,-0.55,0,False,█▇█▄▆▄▅▇▇▂▃▅▃▄▆▇▁▆▆▄,False,False,False,0,-0.04384947823337204,-0.08406119048821126,-0.08058986409503222,-0.14472484656378548,UP,False,14,8.0,IGNORE,NONE,,GREEN,C,WATCHLIST,No standout factor,Health Services,31.0
HBLENGINE,702.55,712.95,722.0,700.0,True,False,False,False,False,False,1.0213975105665867,71.531041565,1.0160644901150884,False,-0.0954853084947049,False,40.74,False,0.8977622054011173,71.0,0.53,0,False,▅▇▄▄▂▅▄▅▅▇▅▅▅▇█▆▇▆▁▄,False,False,False,0,0.0056541654738047065,-0.09266434198631024,-0.031086220387855468,-0.15332799806188446,UP,False,13,8.0,IGNORE,NONE,,GREEN,C,WATCHLIST,No standout factor,Producer Manufacturing,33.3
SAMMAANCAP,150.52,150.05,152.15,149.8,False,False,False,False,False,False,0.5028758705444769,64.99108909200001,0.48095471012906243,False,-0.19371194132822123,False,46.67,False,0.924753554267598,63.0,0.39,0,False,█▆█▇▅▅█▇▆▅▆▇▆▇▆▄▁▁▆▅,False,False,False,0,-0.06299800796812738,-0.13702557046210284,-0.09973839382978755,-0.19768922653767707,UP,False,6,8.0,IGNORE,NONE,,GREEN,C,WATCHLIST,No standout factor,Finance,30.6
TATACHEM,626.75,635.0,637.2,624.0,True,False,False,False,False,False,0.7666214458842785,32.079258625,0.7168920167771291,False,-0.542265249535516,False,41.46,False,0.9944353832869616,34.0,-0.2,0,False,▇▃▃▇▅█▇▇▇▁▇▅▂▆▇▆█▇▆▆,False,False,False,0,-0.08550375720434822,-0.15979623299148737,-0.12224414306600839,-0.2204598890670616,UP,False,4,8.0,IGNORE,NONE,,GREEN,C,WATCHLIST,No standout factor,Process Industries,34.8
SURYAROSNI,219.8,217.0,222.69,216.91,False,False,False,False,False,False,0.5095925285569519,9.554288380000001,0.4764529148983308,False,-0.33796992771792084,False,42.08,False,0.8169208219683365,12.0,-1.01,0,False,▅▆▆▆█▇▆▄▆▆▇▁▆▇▇▇▄▇▇▄,False,False,False,0,-0.07627652868249624,-0.16429033116611524,-0.11301691454415641,-0.22495398724168947,UP,False,4,8.0,IGNORE,NONE,,GREEN,C,WATCHLIST,No standout factor,Non-Energy Minerals,34.4
VBL,434.0,440.05,440.35,431.85,True,False,False,False,False,False,0.25370408403559497,76.174378,0.24844003166517292,False,-0.2761700148640063,False,52.47,False,0.9499841578780609,33.0,-0.34,0,False,▆▁▂▅▇▆▃▄▃▄▆█▄▆▃▆▅█▅▄,False,False,False,0,-0.06334304521420098,-0.17865253595760788,-0.10008343107586115,-0.2393161920331821,UP,False,3,8.0,IGNORE,NONE,,GREEN,C,WATCHLIST,No standout factor,Consumer Non-Durables,34.2
POCL,502.45,503.0,506.9,497.05,True,False,False,False,False,False,0.584708182005511,15.782708175,0.5800005750747906,False,-0.21305595384626067,False,49.39,False,0.979445331323808,81.0,0.82,0,False,▄█▁▄▃▅▄▃█▄▄▃▃▄▃▅▄▅▂▄,False,False,False,0,-0.0451349296845307,-0.602366255144033,-0.08187531554619087,-0.6630299112196072,UP,False,1,8.0,IGNORE,NONE,,GREEN,C,WATCHLIST,No standout factor,Non-Energy Minerals,34.4
KPEL,259.3,257.9,265.5,257.0,False,False,False,False,False,False,0.738197891338316,8.172150660000002,0.6984210313790762,False,-0.2838460219094071,False,34.98,False,0.6699480972171681,9.0,-1.41,0,False,▅▅▇█▇▆▆▆▇▅█▁▇▆▇▆▂▁▄▂,False,False,False,0,-0.14365918097754293,-0.24665891923300398,-0.1803995668392031,-0.3073225753085782,UP,False,1,8.0,IGNORE,NONE,,GREEN,C,WATCHLIST,No standout factor,Utilities,29.3
EIHOTEL,302.75,303.5,303.65,299.0,False,False,False,False,False,False,0.31807695822135656,1.9233102,0.3096253150597504,False,-0.3059785847339437,False,50.02,False,0.923176302311632,46.0,-0.09,0,True,▅▄▁▃▅▅▄▄▄█▃▃▆▄▅▄▃█▂▄,False,False,False,1,-0.07245710784313719,0.024708072431883554,-0.10919749370479737,-0.03595558364369067,FLAT,False,44,6.0,IGNORE,NONE,,GREEN,C,WATCHLIST,No standout factor,Consumer Services,29.9
SPMLINFRA,192.94,191.05,195.06,190.6,False,False,False,False,False,False,0.8422628945932203,2.79000887,0.8431849721208395,False,-0.14474483277428882,False,51.45,False,0.9587343588405745,71.0,0.48,0,True,▆▅▃▆▆▆▄▄▄█▇▆▁▂▂▃▄▄▄▄,False,False,False,0,-0.03234866342344145,0.01917489831493313,-0.06908904928510162,-0.04148875776064109,FLAT,False,42,6.0,IGNORE,NONE,,GREEN,C,WATCHLIST,No standout factor,Industrial Services,37.0
DBCORP,205.86,206.31,208.0,204.53,True,False,False,False,False,False,1.1176750985761554,2.307237708,1.0961513224903716,False,-0.20511221954181982,False,47.31,False,0.8184554702096741,27.0,-0.48,0,True,▃▂▅▄▄▂▄▅▄▃▄▄▁▆▅█▆▅▅▂,False,False,False,0,-0.0138443113772454,0.01589024871693656,-0.050584697238905574,-0.04477340735863766,FLAT,False,41,6.0,IGNORE,NONE,,GREEN,C,WATCHLIST,No standout factor,Consumer Services,29.9
PARKHOTELS,115.61,116.8,117.6,115.0,True,False,False,False,False,False,0.7283430342269237,0.992847119,0.7001994360529068,False,-0.27086592444623486,False,56.25,False,0.9152443092142729,41.0,-0.21,0,True,▅▆▅█▅▂▅▆▇▄▄▆▇▁▅▇▆▆▅▄,False,False,False,0,-0.055396682735517566,-0.005334251053944805,-0.09213706859717774,-0.06599790712951903,FLAT,False,35,6.0,IGNORE,NONE,,GREEN,C,WATCHLIST,No standout factor,Consumer Services,29.9
MBEL,273.75,278.1,284.95,271.3,True,False,False,False,False,False,0.3354001331868561,2.70579975,0.3322599449265945,False,-0.37212515302924704,False,52.42,True,1.0406265198963742,70.0,0.6,0,False,▅▅▅▃█▆▆▆█▃▂▁▂▃▄▃▆▅▅▅,False,False,False,0,-0.07610529868376648,-0.0463333913952273,-0.11284568454542665,-0.10699704747080152,FLAT,False,24,6.0,IGNORE,NONE,,GREEN,C,WATCHLIST,No standout factor,Producer Manufacturing,33.3
ANUP,1808.9,1818.0,1846.4,1790.3,True,False,False,False,False,False,0.33967044305284555,3.6087555,0.31018663631953713,False,-0.451273016884044,False,41.05,False,0.8446241371151095,19.0,-0.71,0,True,█▅▇▅▆▆▇▇▁▆▅▅▆▇▇▆▇█▅▅,False,False,False,0,-0.14658426118135492,-0.04849823786229013,-0.1833246470430151,-0.10916189393786435,FLAT,False,23,6.0,IGNORE,NONE,,GREEN,C,WATCHLIST,No standout factor,Producer Manufacturing,33.3
NITCO,93.36,89.99,95.0,89.99,False,False,False,False,False,False,0.7262361516344569,4.4057144159999995,0.6896459997120398,False,-0.1799365108478562,False,50.85,False,0.8396146193664501,43.0,-0.15,0,True,▃▄▅▅▁▅▄▅▆▅▃▄▂▄▄█▇▇▆▃,False,False,False,0,-0.10325617135721832,-0.051315923178538725,-0.1399965572188785,-0.11197957925411295,FLAT,False,22,6.0,IGNORE,NONE,,GREEN,C,WATCHLIST,No standout factor,Producer Manufacturing,33.3
INDIACEM,370.9,370.65,372.85,369.9,False,False,False,False,False,False,0.26597504475163625,1.5684248299999999,0.25306160739995853,False,-0.19976163087698978,False,38.56,False,0.8639347567943003,41.0,-0.12,0,True,▄▄▂▂▅▅▁▂▄▆▄█▆▅▇▄▅▇▄▃,False,False,False,0,-0.08869778869778877,-0.056474179598066776,-0.12543817455944895,-0.117137835673641,FLAT,False,21,6.0,IGNORE,NONE,,GREEN,C,WATCHLIST,No standout factor,Non-Energy Minerals,34.4
SOLARWORLD,149.96,150.0,151.19,149.4,False,False,False,False,False,False,0.3824090406704272,2.3184865720000003,0.34289474009050136,False,-0.4306510501885292,False,52.41,False,0.9897830069309361,71.0,0.54,0,True,▁▂▄▄▃▃▂▂▂▂▃▂█▃▂▄▃▂▃▃,False,False,False,0,-0.2573664141038974,-0.19549356223175962,-0.29410679996555755,-0.25615721830733384,FLAT,False,2,6.0,IGNORE,NONE,,GREEN,C,WATCHLIST,No standout factor,Industrial Services,37.0
SPLPETRO,697.8,700.7,704.25,694.1,True,False,False,False,False,False,0.18530576580342223,2.4624664199999997,0.1765260371479879,False,-0.29279611123101645,True,44.88,False,0.9733246584255043,35.0,-0.21,0,False,▅▁▂▅▄▅▅▇█▆▇█▂▅▆▆▇▅▅▅,False,False,False,0,-0.059061488673139206,-0.006124483691781868,-0.09580187453479938,-0.06678813976735609,FLAT,False,35,5.0,IGNORE,NONE,,GREEN,C,WATCHLIST,No standout factor,Process Industries,34.8
PILANIINVS,4356.9,4310.9,4403.0,4304.1,False,False,False,False,False,False,0.7392170164343392,0.7358804099999999,0.7274899709849771,False,-0.43654017383837046,False,50.15,False,0.7609899698031897,23.0,-0.66,0,False,▄▇▇▅█▅██▆█▂█▃▁▄▂▆▇▆▃,False,False,False,0,0.01055341652363495,0.016068097014925398,-0.026186969338025223,-0.044595559060648826,UP,False,41,4.0,IGNORE,NONE,,GREEN,C,WATCHLIST,No standout factor,Finance,30.6
MOBIKWIK,196.81,196.5,198.9,195.8,False,False,False,False,False,False,0.26050433904014847,10.068425661,0.24531346196542156,False,-0.11237569340332755,False,32.18,False,0.9274710705690775,65.0,0.41,0,False,▄▆▅▆▄▁▅▅▄▇▃▄▆█▅▅█▇▅▅,False,False,False,0,-0.020943189732364975,0.013857407788996579,-0.05768357559402515,-0.046806248286577645,FLAT,False,40,4.0,IGNORE,NONE,,GREEN,C,WATCHLIST,No standout factor,Commercial Services,25.4
SESHAPAPER,228.84,231.09,235.12,227.1,True,False,False,False,False,False,0.08810331136086774,0.525805668,0.08528412946355694,False,-0.5880056937424383,False,38.15,False,0.7357691825536881,6.0,-1.7,0,False,▁▄▄▆▃▆▇▇▇▇█▆▆█▆▆▅▅▆▄,False,False,False,0,-0.006037440820049422,0.004521311619331891,-0.042777826681709596,-0.05614234445624233,UP,False,38,4.0,IGNORE,NONE,,GREEN,C,WATCHLIST,No standout factor,Process Industries,34.8
AMNPLST,191.03,187.0,196.0,187.0,False,False,False,False,False,False,0.7798675093276479,0.195652926,0.7598238603407015,False,-0.23457984988099204,False,44.39,False,0.8352934535122218,19.0,-0.78,0,False,▃▇▁▇▄▅▅▆▅▆▅▅▆▄▆▆▇█▆▄,False,False,False,0,-0.016677819529520854,0.004469449994741748,-0.05341820539118103,-0.056194206080832476,UP,False,38,4.0,IGNORE,NONE,,GREEN,C,WATCHLIST,No standout factor,Process Industries,34.8
HINDUNILVR,2072.1,2089.0,2090.9,2066.4,True,False,False,False,False,False,0.6132835473673889,229.64296901999998,0.6084876377827271,False,-0.07953098255754665,False,56.51,False,0.9593087408966675,37.0,-0.28,0,False,▂▁▁▃█▂▂▂▂▂▃▁▃▃▄▃▃▃▃▂,False,False,False,0,-0.03344528407500713,-0.0035106280657882794,-0.0701856699366673,-0.0641742841413625,FLAT,False,36,4.0,IGNORE,NONE,,GREEN,C,WATCHLIST,No standout factor,Consumer Non-Durables,34.2
BLKASHYAP,52.52,53.95,54.5,52.35,True,False,False,False,False,False,0.5672476222696018,1.2720449040000001,0.5504166859013633,False,-0.12094952193567228,False,54.14,False,0.9152381918382527,40.0,-0.18,0,False,▇▄█▆▇▇▇▇▄▄▆▇▁▆▇▆▇▆█▅,False,False,False,0,-0.03739002932551316,-0.0228837209302325,-0.07413041518717334,-0.08354737700580672,UP,False,31,4.0,IGNORE,NONE,,GREEN,C,WATCHLIST,No standout factor,Industrial Services,37.0
IXIGO,170.3,170.46,173.79,169.37,True,False,False,False,False,False,0.3411805970623288,5.863309790000001,0.32104602604054844,False,-0.2413000183828936,False,40.52,False,0.9369436030244873,30.0,-0.43,0,False,▁▄▄▅▅▅▅▅▄▂▁▄▃▅▃▄▄▇█▄,False,False,False,0,-0.07746478873239426,-0.04443945685108286,-0.11420517459405444,-0.10510311292665708,FLAT,False,24,4.0,IGNORE,NONE,,GREEN,C,WATCHLIST,No standout factor,Technology Services,35.4
NAVNETEDUL,133.62,133.79,134.55,133.0,True,False,False,False,False,False,0.15688540862128578,0.544461414,0.15680736280177116,False,-0.14699536654490986,False,59.18,False,0.9514698907529924,52.0,0.07,0,False,▄▁▅█▇▆▇▆▅▅▅▆▆▅▆▆▅▃▅▅,False,False,False,0,-0.07188997707855804,-0.05894781322628362,-0.10863036294021822,-0.11961146930185784,UP,False,20,4.0,IGNORE,NONE,,GREEN,C,WATCHLIST,No standout factor,Producer Manufacturing,33.3
NFL,70.3,70.3,71.1,70.01,False,False,False,False,False,False,0.9358282674425568,3.24648915,0.9195494829287417,False,-0.4107960084301606,False,36.79,False,0.8413854615727665,41.0,-0.18,0,False,▃▂▂▅▁▅▃▄▃▆▄▇▅▁▃▅█▃▃▂,False,False,False,0,-0.00014222727919221967,-0.06316631130063977,-0.036882613140852394,-0.12382996737621399,UP,False,19,4.0,IGNORE,NONE,,GREEN,C,WATCHLIST,No standout factor,Process Industries,34.8
BIRLACORPN,889.25,895.0,895.0,887.0,True,False,False,False,False,False,0.2178428427820488,1.99352065,0.21477210439557434,False,-0.22492792230794223,False,51.24,False,0.9404595844651641,42.0,-0.16,0,False,▅▅▅▆▆▄█▅▆▅▇▅▆▅█▆▁▄▅▅,False,False,False,0,-0.07040560317792188,-0.06502996530333305,-0.10714598903958206,-0.12569362137890727,UP,False,19,4.0,IGNORE,NONE,,GREEN,C,WATCHLIST,No standout factor,Non-Energy Minerals,34.4
PGHL,5828.5,5820.0,5866.0,5809.5,True,False,False,True,False,False,0.38865613922010955,4.2175026,0.36863022401954104,False,-0.3811087274292703,False,48.84,False,0.8571428571428572,8.0,-1.16,0,False,▄▅▁▆▆▅▅▂▁▄▄▅▅▅█▄▅▄▄▄,False,False,False,0,-0.1318885910038725,-0.07292826467313507,-0.1686289768655327,-0.1335919207487093,FLAT,False,17,4.0,IGNORE,NONE,,GREEN,C,WATCHLIST,No standout factor,Health Technology,31.5
BHARATRAS,1295.0,1300.0,1321.8,1286.1,True,False,False,False,False,False,0.4698400793743799,0.778813,0.45804938172833365,False,-0.2225258433093355,False,40.24,False,0.7252802710789085,17.0,-0.82,0,False,▇▅▇█▇▇▂▆▃▇▂▃▄▁▅▄▄▂▃▁,False,False,False,0,0.0268812941083183,-0.0783574122838232,-0.009859091753341875,-0.13902106835939743,UP,False,16,4.0,IGNORE,NONE,,GREEN,C,WATCHLIST,No standout factor,Process Industries,34.8
PAGEIND,35480.0,35600.0,35750.0,35210.0,True,False,False,False,False,False,0.5500358795148389,66.901088,0.5166595354909364,False,-0.41790107258591225,False,42.46,False,0.9352319908371053,23.0,-0.77,0,False,▅▃█▃▄▁▆▄▇▇▅▄▄▃▂▅▇▇▇▄,False,False,False,0,-0.11905648665425206,-0.08142394822006471,-0.15579687251591223,-0.14208760429563894,FLAT,False,15,4.0,IGNORE,NONE,,GREEN,C,WATCHLIST,No standout factor,Consumer Non-Durables,34.2
HGINFRA,511.9,513.0,515.35,510.35,True,False,False,False,False,False,0.19304779307525355,3.0444740599999998,0.18925949703637326,False,-0.6549736823778973,False,46.95,False,0.9826904158904913,54.0,0.17,0,False,▆██▆▅▇▇█▄▇▆▇▃▆▇▇▇▁▄▆,False,False,False,0,-0.046474806743038166,-0.090602238408243,-0.08321519260469834,-0.15126589448381722,UP,False,13,4.0,IGNORE,NONE,,GREEN,C,WATCHLIST,No standout factor,Industrial Services,37.0
VHL,3453.8,3407.0,3555.4,3407.0,True,False,False,False,False,False,0.17453747568942304,0.0604415,0.17197257635270194,False,-0.05201993290725618,False,63.38,False,0.9921805900171418,45.0,-0.13,0,False,▄▅█▇▄█▄▂▁▅▆▄▂▅▆█▅▇▆▅,False,False,False,0,-0.014129535009847816,0.01839948104027833,-0.05086992087150799,-0.04226417503529589,FLAT,False,42,0.0,IGNORE,NONE,,GREEN,C,WATCHLIST,No standout factor,Finance,30.6
EIHAHOTELS,294.7,293.0,300.0,293.0,False,False,False,False,False,False,0.7477115025518196,0.44664732,0.7223773435949772,False,-0.22191592630655205,False,44.45,False,0.788686911700778,21.0,-0.64,0,False,▅▇▂▃█▅▁▃▂▇▇▆▆▆▅▅▄▆▅▃,False,False,False,0,-0.0521067867481505,-0.026911012052171168,-0.08884717260981068,-0.08757466812774539,FLAT,False,29,0.0,IGNORE,NONE,,GREEN,C,WATCHLIST,No standout factor,Consumer Services,29.9
AHLUCONT,696.2,693.5,704.95,688.35,False,False,False,False,False,False,0.7049802181917382,3.1305329200000003,0.6492359399526365,False,-0.4916430242967804,False,46.58,False,0.9568218232611642,21.0,-0.54,0,False,▅▆█▄▆▆▇▇▇▅▆▅▇▇▅▃▁▁▂▄,False,False,False,0,-0.15887398815996134,-0.12767823581004878,-0.19561437402162152,-0.188341891885623,FLAT,False,7,0.0,IGNORE,NONE,,GREEN,C,WATCHLIST,No standout factor,Industrial Services,37.0
